Symbol,Series,Date,Prev Close,Open Price,High Price,Low Price,Last Price,Close Price,Average Price,Total Traded Quantity,Turnover ₹,No. of Trades,Deliverable Qty,% Dly Qt to Traded Qty
AXISBANK,EQ,2014-01-01,"1,299.55","1,301.50","1,305.00","1,288.20","1,293.25","1,292.20","1,293.87","5,69,885","73,73,56,261.65","17,853","81,391",14.28
AXISBANK,EQ,2014-01-02,"1,292.20","1,292.00","1,325.00","1,263.35","1,264.95","1,272.30","1,301.48","25,94,412","3,37,65,82,782.90","71,619","7,77,058",29.95
AXISBANK,EQ,2014-01-03,"1,272.30","1,258.00","1,269.50","1,245.60","1,264.15","1,260.90","1,256.26","24,03,748","3,01,97,22,129.55","87,664","10,30,566",42.87
AXISBANK,EQ,2014-01-06,"1,260.90","1,257.55","1,262.00","1,241.60","1,257.00","1,256.30","1,251.92","18,36,289","2,29,88,78,957.95","52,814","9,43,112",51.36
AXISBANK,EQ,2014-01-07,"1,256.30","1,257.50","1,265.80","1,215.50","1,235.00","1,234.25","1,231.23","30,20,062","3,71,83,77,715.15","1,12,267","13,05,619",43.23
AXISBANK,EQ,2014-01-08,"1,234.25","1,240.00","1,245.00","1,207.15","1,208.10","1,211.75","1,218.72","27,80,369","3,38,84,89,952.60","82,520","12,65,801",45.53
AXISBANK,EQ,2014-01-09,"1,211.75","1,205.00","1,210.55","1,176.20","1,185.60","1,184.85","1,188.06","51,10,747","6,07,18,66,432.15","1,72,403","31,82,598",62.27
AXISBANK,EQ,2014-01-10,"1,184.85","1,193.95","1,196.55","1,158.90","1,166.00","1,164.05","1,171.74","39,75,548","4,65,82,90,475.75","1,22,576","20,67,106",52.0
AXISBANK,EQ,2014-01-13,"1,164.05","1,165.00","1,200.00","1,165.00","1,194.90","1,184.90","1,177.55","16,94,072","1,99,48,48,809.10","68,887","6,58,717",38.88
AXISBANK,EQ,2014-01-14,"1,184.90","1,185.00","1,193.55","1,169.25","1,176.90","1,177.05","1,179.67","24,20,113","2,85,49,27,294.40","1,10,464","14,16,160",58.52
AXISBANK,EQ,2014-01-15,"1,177.05","1,185.00","1,188.00","1,166.40","1,183.00","1,178.30","1,176.45","28,40,552","3,34,17,81,288.85","86,131","13,29,088",46.79
AXISBANK,EQ,2014-01-16,"1,178.30","1,185.00","1,197.50","1,168.70","1,173.75","1,176.15","1,182.93","37,95,978","4,49,03,80,747.90","1,17,326","12,63,193",33.28
AXISBANK,EQ,2014-01-17,"1,176.15","1,178.00","1,188.00","1,145.00","1,149.75","1,152.95","1,160.37","37,86,564","4,39,38,00,490.65","90,114","22,67,782",59.89
AXISBANK,EQ,2014-01-20,"1,152.95","1,142.70","1,168.00","1,132.30","1,160.55","1,163.20","1,150.92","19,75,048","2,27,31,28,265.30","67,315","6,51,939",33.01
AXISBANK,EQ,2014-01-21,"1,163.20","1,164.90","1,192.20","1,158.50","1,188.80","1,188.55","1,174.92","21,95,982","2,58,01,06,572.20","1,00,972","8,56,281",38.99
AXISBANK,EQ,2014-01-22,"1,188.55","1,186.00","1,202.40","1,173.10","1,183.00","1,188.85","1,188.42","23,67,932","2,81,40,98,415.95","1,04,981","9,30,271",39.29
AXISBANK,EQ,2014-01-23,"1,188.85","1,183.25","1,220.20","1,181.35","1,214.90","1,216.00","1,203.25","30,05,432","3,61,62,76,205.85","1,14,967","14,78,984",49.21
AXISBANK,EQ,2014-01-24,"1,216.00","1,203.00","1,228.80","1,195.00","1,201.00","1,204.60","1,211.36","28,12,868","3,40,73,95,813.05","90,440","9,93,310",35.31
AXISBANK,EQ,2014-01-27,"1,204.60","1,176.00","1,183.60","1,155.00","1,156.95","1,161.10","1,169.77","21,75,910","2,54,53,08,509.30","78,378","9,20,622",42.31
AXISBANK,EQ,2014-01-28,"1,161.10","1,157.00","1,179.00","1,115.30","1,119.50","1,121.75","1,140.87","25,30,271","2,88,66,98,031.15","68,716","7,00,181",27.67
AXISBANK,EQ,2014-01-29,"1,121.75","1,130.30","1,149.95","1,121.20","1,143.55","1,140.25","1,136.23","21,85,105","2,48,27,79,272.50","80,526","8,50,398",38.92
AXISBANK,EQ,2014-01-30,"1,140.25","1,123.00","1,128.70","1,105.00","1,112.65","1,108.80","1,115.40","22,95,500","2,56,03,94,283.95","75,517","12,05,075",52.5
AXISBANK,EQ,2014-01-31,"1,108.80","1,113.20","1,127.00","1,110.35","1,123.00","1,122.95","1,119.55","11,44,558","1,28,13,84,452.65","49,438","2,62,691",22.95
AXISBANK,EQ,2014-02-03,"1,122.95","1,112.10","1,133.90","1,110.70","1,124.00","1,123.90","1,124.64","13,86,338","1,55,91,30,088.50","53,421","4,77,010",34.41
AXISBANK,EQ,2014-02-04,"1,123.90","1,106.75","1,127.35","1,101.00","1,126.00","1,121.80","1,114.60","17,09,081","1,90,49,35,841.60","57,903","4,96,452",29.05
AXISBANK,EQ,2014-02-05,"1,121.80","1,125.00","1,130.00","1,111.50","1,121.00","1,123.70","1,121.57","14,61,310","1,63,89,58,712.45","65,402","4,38,504",30.01
AXISBANK,EQ,2014-02-06,"1,123.70","1,125.10","1,136.00","1,098.55","1,108.00","1,102.95","1,111.79","20,64,960","2,29,57,91,663.95","68,579","7,27,256",35.22
AXISBANK,EQ,2014-02-07,"1,102.95","1,120.05","1,129.40","1,110.70","1,126.00","1,125.45","1,119.63","12,52,519","1,40,23,52,407.45","42,590","3,89,500",31.1
AXISBANK,EQ,2014-02-10,"1,125.45","1,131.95","1,139.40","1,112.05","1,120.00","1,118.95","1,127.22","8,79,377","99,12,49,508.00","26,023","2,41,207",27.43
AXISBANK,EQ,2014-02-11,"1,118.95","1,123.35","1,131.80","1,116.40","1,121.00","1,120.95","1,123.88","9,14,443","1,02,77,26,067.65","37,319","3,53,858",38.7
AXISBANK,EQ,2014-02-12,"1,120.95","1,130.00","1,133.00","1,114.35","1,119.40","1,119.60","1,126.05","14,76,819","1,66,29,69,602.50","47,459","7,36,559",49.87
AXISBANK,EQ,2014-02-13,"1,119.60","1,120.20","1,124.80","1,096.50","1,098.00","1,101.50","1,113.17","11,79,872","1,31,33,99,369.70","50,633","5,74,491",48.69
AXISBANK,EQ,2014-02-14,"1,101.50","1,109.00","1,111.00","1,082.60","1,106.05","1,103.05","1,098.32","17,55,687","1,92,82,98,814.70","92,033","6,53,380",37.22
AXISBANK,EQ,2014-02-17,"1,103.05","1,111.00","1,120.00","1,105.00","1,116.60","1,115.25","1,112.88","7,88,239","87,72,18,144.35","30,791","2,03,176",25.78
AXISBANK,EQ,2014-02-18,"1,115.25","1,115.00","1,176.50","1,108.55","1,163.00","1,165.40","1,150.48","21,36,977","2,45,85,49,772.70","76,297","6,40,970",29.99
AXISBANK,EQ,2014-02-19,"1,165.40","1,164.50","1,178.00","1,158.00","1,162.95","1,166.15","1,167.72","14,01,475","1,63,65,30,581.80","52,174","4,76,245",33.98
AXISBANK,EQ,2014-02-20,"1,166.15","1,154.00","1,171.90","1,146.45","1,156.00","1,157.85","1,157.27","19,54,784","2,26,22,10,046.25","50,875","9,15,868",46.85
AXISBANK,EQ,2014-02-21,"1,157.85","1,160.00","1,198.00","1,160.00","1,193.95","1,193.35","1,184.94","18,61,962","2,20,63,04,196.95","84,378","7,46,005",40.07
AXISBANK,EQ,2014-02-24,"1,193.35","1,185.00","1,244.90","1,182.95","1,236.50","1,238.20","1,224.72","25,62,362","3,13,81,70,428.75","1,02,601","9,54,999",37.27
AXISBANK,EQ,2014-02-25,"1,238.20","1,241.00","1,251.00","1,225.15","1,232.70","1,236.75","1,238.02","19,01,309","2,35,38,51,746.00","67,929","5,07,848",26.71
AXISBANK,EQ,2014-02-26,"1,236.75","1,232.00","1,247.00","1,228.20","1,238.95","1,239.25","1,237.76","18,76,039","2,32,20,80,372.15","81,586","8,63,169",46.01
AXISBANK,EQ,2014-02-28,"1,239.25","1,240.50","1,271.60","1,238.10","1,268.80","1,267.05","1,259.58","18,73,251","2,35,95,16,568.20","67,432","7,96,169",42.5
AXISBANK,EQ,2014-03-03,"1,267.05","1,260.00","1,285.70","1,247.60","1,253.60","1,255.50","1,264.64","19,31,195","2,44,22,62,976.55","66,455","6,76,408",35.03
AXISBANK,EQ,2014-03-04,"1,255.50","1,255.00","1,304.90","1,255.00","1,297.90","1,293.55","1,287.48","23,89,455","3,07,63,69,220.30","81,319","8,33,432",34.88
AXISBANK,EQ,2014-03-05,"1,293.55","1,300.00","1,314.20","1,294.05","1,300.50","1,307.65","1,304.42","26,42,792","3,44,73,16,567.20","85,414","11,25,896",42.6
AXISBANK,EQ,2014-03-06,"1,307.65","1,307.90","1,335.00","1,307.00","1,333.50","1,329.50","1,322.26","19,88,376","2,62,91,59,197.50","80,799","8,66,815",43.59
AXISBANK,EQ,2014-03-07,"1,329.50","1,334.00","1,423.65","1,329.30","1,409.05","1,406.80","1,393.92","47,16,790","6,57,48,10,376.70","1,55,180","21,03,595",44.6
AXISBANK,EQ,2014-03-10,"1,406.80","1,392.00","1,441.80","1,392.00","1,429.50","1,426.55","1,423.14","33,82,373","4,81,35,74,654.35","1,09,821","14,25,431",42.14
AXISBANK,EQ,2014-03-11,"1,426.55","1,426.00","1,453.00","1,410.05","1,424.50","1,417.50","1,432.19","39,66,087","5,68,02,02,785.75","1,39,997","16,98,075",42.81
AXISBANK,EQ,2014-03-12,"1,417.50","1,417.50","1,424.90","1,392.05","1,396.40","1,397.90","1,404.84","21,49,409","3,01,95,69,774.40","61,717","8,07,247",37.56
AXISBANK,EQ,2014-03-13,"1,397.90","1,409.90","1,425.00","1,375.05","1,384.85","1,381.15","1,404.15","21,06,791","2,95,82,45,349.15","63,274","9,06,142",43.01
AXISBANK,EQ,2014-03-14,"1,381.15","1,371.00","1,371.00","1,331.00","1,348.85","1,354.90","1,348.92","27,42,319","3,69,91,80,176.80","83,162","13,59,503",49.57
AXISBANK,EQ,2014-03-18,"1,354.90","1,365.00","1,383.00","1,342.90","1,344.40","1,349.10","1,364.46","18,94,702","2,58,52,46,107.45","74,856","7,99,799",42.21
AXISBANK,EQ,2014-03-19,"1,349.10","1,358.00","1,398.95","1,351.35","1,368.30","1,385.55","1,379.15","40,37,831","5,56,87,66,252.45","1,01,530","19,80,487",49.05
AXISBANK,EQ,2014-03-20,"1,385.55","1,361.50","1,383.40","1,345.75","1,355.45","1,357.35","1,365.84","25,82,976","3,52,79,35,191.35","1,00,618","9,63,775",37.31
AXISBANK,EQ,2014-03-21,"1,357.35","1,335.00","1,411.95","1,322.10","1,392.40","1,394.25","1,367.70","1,29,70,884","17,74,03,14,969.90","2,29,045","36,83,957",28.4
AXISBANK,EQ,2014-03-22,"1,394.25","1,393.10","1,396.00","1,378.90","1,391.20","1,389.20","1,388.52","3,46,269","48,08,01,551.05","10,631","25,976",7.5
AXISBANK,EQ,2014-03-24,"1,389.20","1,401.90","1,425.00","1,394.25","1,409.30","1,410.70","1,412.96","31,18,889","4,40,68,80,420.90","1,02,593","12,95,498",41.54
AXISBANK,EQ,2014-03-25,"1,410.70","1,411.40","1,420.95","1,396.15","1,398.75","1,400.90","1,407.46","16,82,522","2,36,80,80,663.25","60,225","7,18,478",42.7
AXISBANK,EQ,2014-03-26,"1,400.90","1,411.55","1,437.60","1,405.85","1,425.45","1,430.10","1,421.23","27,71,396","3,93,87,82,124.50","94,764","15,84,618",57.18
AXISBANK,EQ,2014-03-27,"1,430.10","1,430.00","1,468.90","1,416.00","1,430.00","1,429.95","1,441.58","42,90,428","6,18,49,80,294.45","1,10,726","23,66,004",55.15
AXISBANK,EQ,2014-03-28,"1,429.95","1,434.80","1,469.90","1,430.05","1,466.00","1,461.95","1,452.80","20,91,296","3,03,82,42,813.10","87,528","9,36,081",44.76
AXISBANK,EQ,2014-03-31,"1,461.95","1,471.00","1,475.00","1,450.10","1,460.00","1,460.50","1,459.43","21,08,678","3,07,74,62,876.40","99,832","9,61,828",45.61
AXISBANK,EQ,2014-04-01,"1,460.50","1,470.00","1,478.90","1,453.55","1,469.40","1,468.50","1,465.34","22,21,240","3,25,48,70,503.10","81,981","9,33,304",42.02
AXISBANK,EQ,2014-04-02,"1,468.50","1,458.00","1,474.65","1,437.40","1,467.20","1,467.15","1,455.46","13,83,806","2,01,40,68,017.95","39,521","2,98,940",21.6
AXISBANK,EQ,2014-04-03,"1,467.15","1,468.90","1,468.90","1,428.10","1,432.50","1,434.85","1,444.37","11,14,461","1,60,96,96,728.60","35,638","3,48,567",31.28
AXISBANK,EQ,2014-04-04,"1,434.85","1,430.00","1,450.50","1,418.00","1,428.00","1,428.15","1,435.68","16,41,960","2,35,73,30,398.10","36,046","6,34,296",38.63
AXISBANK,EQ,2014-04-07,"1,428.15","1,427.90","1,439.55","1,410.10","1,418.00","1,422.05","1,421.90","10,78,777","1,53,39,16,326.10","25,230","2,75,527",25.54
AXISBANK,EQ,2014-04-09,"1,422.05","1,428.50","1,490.00","1,421.15","1,486.65","1,483.95","1,455.83","16,72,182","2,43,44,18,782.15","46,632","4,89,708",29.29
AXISBANK,EQ,2014-04-10,"1,483.95","1,484.45","1,517.60","1,475.75","1,492.35","1,503.70","1,502.98","20,73,998","3,11,71,70,898.75","58,079","7,34,585",35.42
AXISBANK,EQ,2014-04-11,"1,503.70","1,485.00","1,506.65","1,480.00","1,494.00","1,495.75","1,496.05","10,82,389","1,61,93,12,888.65","26,374","3,36,616",31.1
AXISBANK,EQ,2014-04-15,"1,495.75","1,494.00","1,495.35","1,434.30","1,445.00","1,445.20","1,467.78","9,38,060","1,37,68,61,934.70","25,720","2,37,382",25.31
AXISBANK,EQ,2014-04-16,"1,445.20","1,447.00","1,464.70","1,427.00","1,431.10","1,431.95","1,447.19","8,34,976","1,20,83,69,314.65","22,067","1,50,564",18.03
AXISBANK,EQ,2014-04-17,"1,431.95","1,437.00","1,472.65","1,437.00","1,468.75","1,464.65","1,458.33","12,63,648","1,84,28,12,666.05","39,707","3,88,583",30.75
AXISBANK,EQ,2014-04-21,"1,464.65","1,470.00","1,510.00","1,469.00","1,505.55","1,503.80","1,494.33","11,32,035","1,69,16,35,412.55","35,193","3,94,161",34.82
AXISBANK,EQ,2014-04-22,"1,503.80","1,506.00","1,511.80","1,488.10","1,502.00","1,500.10","1,500.04","9,94,573","1,49,18,94,644.80","33,416","2,00,132",20.12
AXISBANK,EQ,2014-04-23,"1,500.10","1,492.00","1,533.85","1,492.00","1,518.30","1,519.80","1,520.70","16,33,806","2,48,45,23,525.65","40,120","5,16,486",31.61
AXISBANK,EQ,2014-04-25,"1,519.80","1,522.00","1,548.00","1,501.15","1,543.60","1,532.70","1,526.74","24,57,432","3,75,18,67,240.65","64,909","6,36,561",25.9
AXISBANK,EQ,2014-04-28,"1,532.70","1,550.00","1,554.80","1,525.00","1,535.00","1,529.55","1,537.85","17,73,777","2,72,78,00,741.45","49,066","4,96,541",27.99
AXISBANK,EQ,2014-04-29,"1,529.55","1,536.00","1,544.95","1,507.70","1,525.95","1,528.40","1,527.62","11,96,919","1,82,84,39,693.20","35,688","2,62,733",21.95
AXISBANK,EQ,2014-04-30,"1,528.40","1,537.90","1,548.50","1,497.15","1,520.10","1,517.20","1,530.50","13,34,637","2,04,26,58,087.25","39,399","2,96,189",22.19
AXISBANK,EQ,2014-05-02,"1,517.20","1,525.35","1,538.70","1,518.50","1,530.15","1,530.15","1,528.79","9,05,612","1,38,44,92,739.05","25,093","2,30,880",25.49
AXISBANK,EQ,2014-05-05,"1,530.15","1,535.95","1,564.90","1,521.50","1,553.00","1,551.55","1,549.35","14,45,455","2,23,95,10,831.55","54,120","3,40,398",23.55
AXISBANK,EQ,2014-05-06,"1,551.55","1,555.00","1,563.25","1,528.50","1,531.80","1,536.95","1,549.89","10,67,582","1,65,46,34,897.90","47,787","4,08,651",38.28
AXISBANK,EQ,2014-05-07,"1,536.95","1,533.70","1,556.00","1,516.70","1,539.00","1,537.70","1,540.99","12,06,946","1,85,98,93,664.45","44,880","2,78,565",23.08
AXISBANK,EQ,2014-05-08,"1,537.70","1,542.00","1,559.40","1,533.00","1,555.00","1,553.75","1,549.79","12,97,102","2,01,02,40,030.40","40,766","4,61,385",35.57
AXISBANK,EQ,2014-05-09,"1,553.75","1,555.90","1,650.00","1,547.75","1,650.00","1,629.00","1,593.08","22,65,473","3,60,90,76,959.80","63,776","5,57,093",24.59
AXISBANK,EQ,2014-05-12,"1,629.00","1,653.00","1,691.75","1,639.10","1,644.00","1,646.55","1,669.05","19,55,495","3,26,38,27,797.90","56,452","4,54,271",23.23
AXISBANK,EQ,2014-05-13,"1,646.55","1,675.00","1,682.00","1,640.00","1,642.05","1,648.75","1,661.27","18,68,632","3,10,43,10,482.70","52,946","4,43,146",23.71
AXISBANK,EQ,2014-05-14,"1,648.75","1,652.00","1,670.00","1,630.35","1,632.00","1,636.50","1,644.95","13,42,412","2,20,81,94,056.30","40,745","4,57,964",34.12
AXISBANK,EQ,2014-05-15,"1,636.50","1,640.00","1,674.90","1,639.05","1,660.00","1,664.05","1,663.47","15,77,798","2,62,46,21,748.20","42,146","3,97,847",25.22
AXISBANK,EQ,2014-05-16,"1,664.05","1,750.00","1,849.05","1,684.00","1,759.75","1,755.00","1,773.38","38,55,077","6,83,65,29,853.25","95,668","9,73,546",25.25
AXISBANK,EQ,2014-05-19,"1,755.00","1,777.00","1,899.40","1,777.00","1,861.00","1,859.60","1,824.42","23,09,376","4,21,32,67,910.30","74,832","9,02,760",39.09
AXISBANK,EQ,2014-05-20,"1,859.60","1,870.00","1,892.80","1,841.05","1,850.00","1,856.95","1,867.27","12,41,464","2,31,81,46,532.20","49,481","2,07,499",16.71
AXISBANK,EQ,2014-05-21,"1,856.95","1,858.00","1,867.20","1,810.05","1,814.00","1,815.15","1,833.45","10,68,753","1,95,95,07,950.45","34,186","2,31,411",21.65
AXISBANK,EQ,2014-05-22,"1,815.15","1,829.00","1,858.00","1,805.10","1,840.00","1,841.65","1,838.49","8,89,382","1,63,51,15,471.20","31,584","1,53,082",17.21
AXISBANK,EQ,2014-05-23,"1,841.65","1,846.25","1,873.45","1,840.00","1,869.00","1,864.50","1,854.16","11,70,628","2,17,05,36,066.60","30,678","4,66,542",39.85
AXISBANK,EQ,2014-05-26,"1,864.50","1,877.00","1,928.80","1,848.00","1,870.00","1,872.95","1,897.82","17,43,052","3,30,80,00,066.15","57,675","4,29,095",24.62
AXISBANK,EQ,2014-05-27,"1,872.95","1,859.10","1,872.30","1,830.05","1,849.00","1,849.05","1,845.22","9,33,085","1,72,17,49,461.20","37,945","2,20,270",23.61
AXISBANK,EQ,2014-05-28,"1,849.05","1,849.05","1,875.00","1,825.25","1,870.30","1,859.90","1,847.73","11,90,020","2,19,88,34,737.60","37,624","4,45,438",37.43
AXISBANK,EQ,2014-05-29,"1,859.90","1,859.00","1,893.40","1,850.50","1,861.00","1,865.70","1,869.04","21,11,082","3,94,56,92,505.20","45,607","7,69,507",36.45
AXISBANK,EQ,2014-05-30,"1,865.70","1,869.00","1,869.00","1,824.00","1,828.00","1,836.15","1,841.91","7,78,118","1,43,32,26,984.85","29,141","1,95,848",25.17
AXISBANK,EQ,2014-06-02,"1,836.15","1,832.25","1,907.00","1,822.55","1,901.35","1,900.85","1,880.15","11,90,952","2,23,91,71,800.85","36,065","2,90,180",24.37
AXISBANK,EQ,2014-06-03,"1,900.85","1,909.90","1,924.90","1,888.00","1,898.00","1,899.65","1,905.94","12,00,037","2,28,72,00,383.60","43,950","2,11,145",17.59
AXISBANK,EQ,2014-06-04,"1,899.65","1,892.00","1,933.00","1,881.10","1,932.80","1,924.70","1,912.53","8,21,940","1,57,19,86,040.75","28,237","1,40,161",17.05
AXISBANK,EQ,2014-06-05,"1,924.70","1,925.00","1,950.00","1,917.00","1,947.60","1,946.35","1,936.86","10,84,577","2,10,06,78,290.30","31,589","3,60,799",33.27
AXISBANK,EQ,2014-06-06,"1,946.35","1,955.40","1,983.50","1,945.10","1,974.00","1,973.60","1,969.15","8,09,562","1,59,41,52,010.95","23,410","1,27,052",15.69
AXISBANK,EQ,2014-06-09,"1,973.60","1,985.00","1,989.60","1,960.90","1,966.00","1,967.25","1,972.69","7,88,492","1,55,54,53,311.70","29,573","2,29,159",29.06
AXISBANK,EQ,2014-06-10,"1,967.25","1,968.00","1,969.35","1,925.30","1,939.00","1,932.50","1,938.69","8,43,749","1,63,57,66,840.95","29,283","2,77,228",32.86
AXISBANK,EQ,2014-06-11,"1,932.50","1,936.05","1,968.50","1,928.00","1,933.10","1,940.80","1,946.98","9,74,072","1,89,64,95,714.10","31,668","2,61,845",26.88
AXISBANK,EQ,2014-06-12,"1,940.80","1,924.00","1,928.00","1,892.45","1,904.75","1,902.75","1,908.42","8,38,530","1,60,02,64,543.35","33,036","1,87,052",22.31
AXISBANK,EQ,2014-06-13,"1,902.75","1,899.00","1,907.90","1,810.70","1,814.90","1,818.00","1,855.45","12,55,370","2,32,92,76,836.30","43,720","3,40,251",27.1
AXISBANK,EQ,2014-06-16,"1,818.00","1,812.00","1,822.00","1,750.00","1,771.90","1,773.10","1,776.82","13,70,397","2,43,49,44,301.55","46,333","3,45,480",25.21
AXISBANK,EQ,2014-06-17,"1,773.10","1,770.00","1,848.00","1,760.55","1,843.80","1,839.60","1,808.83","15,98,198","2,89,08,66,032.20","50,155","3,58,809",22.45
AXISBANK,EQ,2014-06-18,"1,839.60","1,845.00","1,875.90","1,823.05","1,846.35","1,848.50","1,853.26","19,38,025","3,59,16,66,520.65","62,187","5,68,821",29.35
AXISBANK,EQ,2014-06-19,"1,848.50","1,852.10","1,867.00","1,826.30","1,841.00","1,841.80","1,844.49","10,28,349","1,89,67,79,084.15","40,936","2,75,095",26.75
AXISBANK,EQ,2014-06-20,"1,841.80","1,830.00","1,883.70","1,828.00","1,865.05","1,866.35","1,865.99","11,67,714","2,17,89,42,761.80","44,582","2,47,386",21.19
AXISBANK,EQ,2014-06-23,"1,866.35","1,862.00","1,889.95","1,855.05","1,885.30","1,882.95","1,874.82","10,69,662","2,00,54,23,147.80","34,125","3,39,389",31.73
AXISBANK,EQ,2014-06-24,"1,882.95","1,881.00","1,930.00","1,881.00","1,927.95","1,925.00","1,915.64","10,80,274","2,06,94,10,888.85","35,007","2,65,039",24.53
AXISBANK,EQ,2014-06-25,"1,925.00","1,934.00","1,934.00","1,905.00","1,912.75","1,912.70","1,913.91","8,29,983","1,58,85,14,412.40","22,081","2,44,734",29.49
AXISBANK,EQ,2014-06-26,"1,912.70","1,915.25","1,939.00","1,907.70","1,925.00","1,927.60","1,925.13","11,88,827","2,28,86,41,005.55","36,148","4,44,226",37.37
AXISBANK,EQ,2014-06-27,"1,927.60","1,928.45","1,936.70","1,900.20","1,914.85","1,909.20","1,916.78","9,01,060","1,72,71,35,212.05","31,321","2,08,453",23.13
AXISBANK,EQ,2014-06-30,"1,909.20","1,932.00","1,950.00","1,911.00","1,917.20","1,918.85","1,930.52","9,77,483","1,88,70,51,450.80","25,539","3,33,750",34.14
AXISBANK,EQ,2014-07-01,"1,918.85","1,928.00","1,935.40","1,916.40","1,925.00","1,920.05","1,925.77","8,27,371","1,59,33,27,562.40","23,580","3,40,593",41.17
AXISBANK,EQ,2014-07-02,"1,920.05","1,940.00","1,941.50","1,923.25","1,925.00","1,926.85","1,931.02","7,59,564","1,46,67,34,192.70","20,572","3,75,702",49.46
AXISBANK,EQ,2014-07-03,"1,926.85","1,937.00","1,947.70","1,912.90","1,925.00","1,925.70","1,931.67","9,23,628","1,78,41,45,503.30","23,866","3,45,101",37.36
AXISBANK,EQ,2014-07-04,"1,925.70","1,925.00","1,948.00","1,917.20","1,934.10","1,935.90","1,933.25","8,65,455","1,67,31,43,450.60","26,391","2,39,373",27.66
AXISBANK,EQ,2014-07-07,"1,935.90","1,937.50","1,942.15","1,915.05","1,915.05","1,923.00","1,928.42","6,35,941","1,22,63,62,710.65","29,643","2,26,185",35.57
AXISBANK,EQ,2014-07-08,"1,923.00","1,923.80","1,927.00","1,852.00","1,865.00","1,888.25","1,906.58","9,06,279","1,72,78,90,039.65","35,789","2,77,236",30.59
AXISBANK,EQ,2014-07-09,"1,888.25","1,879.90","1,911.90","1,864.30","1,880.00","1,873.60","1,881.42","11,90,125","2,23,91,22,066.65","47,266","4,46,155",37.49
AXISBANK,EQ,2014-07-10,"1,873.60","1,875.10","1,938.60","1,825.05","1,855.50","1,862.05","1,877.53","17,71,452","3,32,59,48,324.55","47,685","5,52,885",31.21
AXISBANK,EQ,2014-07-11,"1,862.05","1,860.10","1,875.20","1,807.60","1,823.00","1,816.65","1,844.08","10,21,170","1,88,31,22,432.75","41,037","2,84,666",27.88
AXISBANK,EQ,2014-07-14,"1,816.65","1,817.80","1,860.85","1,807.30","1,845.20","1,846.60","1,838.71","6,59,397","1,21,24,37,796.30","24,874","1,55,404",23.57
AXISBANK,EQ,2014-07-15,"1,846.60","1,854.85","1,903.45","1,852.00","1,899.60","1,898.90","1,878.54","7,11,517","1,33,66,11,684.20","23,747","1,26,521",17.78
AXISBANK,EQ,2014-07-16,"1,898.90","1,932.40","1,975.00","1,906.05","1,975.00","1,963.80","1,939.92","12,24,032","2,37,45,25,513.65","38,764","3,16,271",25.84
AXISBANK,EQ,2014-07-17,"1,963.80","1,970.00","1,971.00","1,946.20","1,954.00","1,954.20","1,957.02","7,22,632","1,41,42,04,838.25","25,194","1,56,534",21.66
AXISBANK,EQ,2014-07-18,"1,954.20","1,945.00","2,009.85","1,932.50","1,998.95","1,995.80","1,975.17","13,00,062","2,56,78,43,113.80","45,910","2,24,764",17.29
AXISBANK,EQ,2014-07-21,"1,995.80","2,014.00","2,038.00","2,002.60","2,017.35","2,023.35","2,020.31","11,50,188","2,32,37,36,564.40","39,647","2,61,492",22.73
AXISBANK,EQ,2014-07-22,"2,023.35","2,034.40","2,035.65","2,002.20","2,022.55","2,016.30","2,020.25","11,04,627","2,23,16,20,858.05","38,602","1,77,454",16.06
AXISBANK,EQ,2014-07-23,"2,016.30","2,018.80","2,043.05","1,984.00","2,002.25","2,000.05","2,008.17","17,39,747","3,49,36,99,096.45","55,741","3,12,580",17.97
AXISBANK,EQ,2014-07-24,"2,000.05","2,000.00","2,010.90","1,982.50","1,998.30","1,996.70","1,994.55","9,65,779","1,92,62,90,713.40","31,958","3,40,001",35.2
AXISBANK,EQ,2014-07-25,"1,996.70","1,999.00","2,009.00","1,971.35","1,986.75","1,985.75","1,988.58","8,55,596","1,70,14,25,330.70","29,526","3,10,772",36.32
AXISBANK,EQ,2014-07-28,"1,985.75",403.45,407.35,393.60,396.20,395.35,401.25,"58,38,272","2,34,26,11,551.50","80,259","21,14,320",36.21
AXISBANK,EQ,2014-07-30,395.35,399.90,403.70,392.15,401.50,401.70,398.03,"39,45,078","1,57,02,55,794.65","47,254","15,94,447",40.42
AXISBANK,EQ,2014-07-31,401.70,402.00,403.35,390.05,391.90,391.65,395.92,"58,99,359","2,33,56,46,166.90","50,465","24,91,740",42.24
AXISBANK,EQ,2014-08-01,391.65,388.00,397.00,384.90,387.50,387.00,390.21,"45,56,225","1,77,78,82,669.85","62,211","14,51,414",31.86
AXISBANK,EQ,2014-08-04,387.00,391.70,394.25,387.20,391.20,390.85,391.41,"31,89,855","1,24,85,47,339.60","42,762","10,83,255",33.96
AXISBANK,EQ,2014-08-05,390.85,392.50,395.50,386.85,392.45,392.95,391.53,"45,65,734","1,78,76,00,796.85","62,539","13,35,688",29.25
AXISBANK,EQ,2014-08-06,392.95,392.00,392.05,382.20,383.70,383.20,386.54,"33,28,178","1,28,64,73,004.50","46,938","11,96,086",35.94
AXISBANK,EQ,2014-08-07,383.20,380.05,386.55,380.05,381.15,381.10,382.92,"36,29,281","1,38,97,40,183.45","44,462","10,20,101",28.11
AXISBANK,EQ,2014-08-08,381.10,375.00,377.30,369.05,371.60,371.00,372.19,"40,82,447","1,51,94,37,356.65","60,942","13,90,105",34.05
AXISBANK,EQ,2014-08-11,371.00,374.00,377.90,372.60,376.65,376.75,375.65,"22,45,416","84,34,90,206.20","30,288","6,35,330",28.29
AXISBANK,EQ,2014-08-12,376.75,377.00,383.15,374.55,382.00,381.85,378.69,"28,49,902","1,07,92,20,802.95","36,250","8,59,107",30.15
AXISBANK,EQ,2014-08-13,381.85,378.15,380.65,372.00,372.30,373.90,376.00,"24,22,893","91,09,96,832.85","40,532","7,18,946",29.67
AXISBANK,EQ,2014-08-14,373.90,373.50,379.45,371.00,377.90,377.80,376.38,"26,95,108","1,01,43,83,543.75","37,984","7,61,873",28.27
AXISBANK,EQ,2014-08-18,377.80,377.80,396.50,375.85,395.85,394.70,388.12,"56,28,495","2,18,45,45,404.40","78,410","22,83,716",40.57
AXISBANK,EQ,2014-08-19,394.70,397.30,401.90,395.25,397.40,397.85,399.00,"43,98,164","1,75,48,48,756.35","62,001","14,83,769",33.74
AXISBANK,EQ,2014-08-20,397.85,398.40,398.90,392.35,393.75,394.20,394.37,"25,93,423","1,02,27,74,130.45","34,068","9,89,668",38.16
AXISBANK,EQ,2014-08-21,394.20,394.80,402.15,393.10,398.20,398.65,399.11,"40,41,960","1,61,31,99,708.05","59,058","10,82,108",26.77
AXISBANK,EQ,2014-08-22,398.65,400.00,405.00,400.00,403.00,402.80,403.07,"38,05,460","1,53,38,57,249.15","61,223","13,60,558",35.75
AXISBANK,EQ,2014-08-25,402.80,402.50,407.35,397.70,399.95,398.75,403.40,"31,88,868","1,28,63,90,918.45","44,127","10,52,489",33.01
AXISBANK,EQ,2014-08-26,398.75,391.00,400.25,390.00,398.20,397.60,395.63,"29,60,035","1,17,10,83,793.10","47,695","10,09,356",34.1
AXISBANK,EQ,2014-08-27,397.60,399.05,402.55,396.65,399.90,398.75,399.84,"21,17,053","84,64,83,617.15","25,899","7,10,278",33.55
AXISBANK,EQ,2014-08-28,398.75,399.50,401.90,392.15,397.15,397.25,396.66,"35,24,112","1,39,78,66,358.30","46,769","10,38,189",29.46
AXISBANK,EQ,2014-09-01,397.25,398.95,406.90,397.50,406.00,405.40,402.88,"38,27,810","1,54,21,44,021.70","47,148","13,93,987",36.42
AXISBANK,EQ,2014-09-02,405.40,407.00,411.80,406.30,409.00,409.25,409.10,"38,27,990","1,56,60,49,289.60","48,231","13,16,009",34.38
AXISBANK,EQ,2014-09-03,409.25,411.00,414.90,408.10,413.70,413.70,412.18,"39,13,893","1,61,32,31,866.15","53,310","12,84,059",32.81
AXISBANK,EQ,2014-09-04,413.70,411.40,417.35,409.00,416.50,416.40,413.03,"35,77,070","1,47,74,22,584.85","48,892","9,50,969",26.59
AXISBANK,EQ,2014-09-05,416.40,416.00,419.25,413.70,415.75,415.95,416.31,"32,36,260","1,34,72,88,695.25","49,206","12,06,835",37.29
AXISBANK,EQ,2014-09-08,415.95,417.65,423.45,414.75,419.70,420.75,418.78,"26,44,489","1,10,74,59,599.30","36,712","10,03,025",37.93
AXISBANK,EQ,2014-09-09,420.75,420.70,422.00,415.75,418.60,418.70,418.50,"20,14,481","84,30,53,883.20","28,895","7,16,809",35.58
AXISBANK,EQ,2014-09-10,418.70,419.00,419.00,414.55,417.95,416.50,416.22,"15,54,785","64,71,30,069.20","22,209","4,98,258",32.05
AXISBANK,EQ,2014-09-11,416.50,418.40,423.80,416.15,418.70,418.50,419.56,"29,20,679","1,22,53,93,962.55","32,373","11,77,758",40.32
AXISBANK,EQ,2014-09-12,418.50,418.00,419.75,414.15,416.45,416.95,417.08,"23,14,502","96,53,37,169.05","34,638","9,00,411",38.9
AXISBANK,EQ,2014-09-15,416.95,414.90,414.90,409.70,410.85,411.65,412.22,"16,65,845","68,67,00,842.70","25,499","4,78,519",28.73
AXISBANK,EQ,2014-09-16,411.65,411.00,414.00,397.35,397.90,399.15,402.74,"38,11,175","1,53,49,06,961.05","64,219","16,55,089",43.43
AXISBANK,EQ,2014-09-17,399.15,401.00,402.70,395.65,397.20,397.95,399.10,"23,28,500","92,93,06,581.10","36,800","7,78,271",33.42
AXISBANK,EQ,2014-09-18,397.95,395.60,406.40,393.80,405.30,405.30,402.24,"34,58,236","1,39,10,53,437.90","49,144","9,55,054",27.62
AXISBANK,EQ,2014-09-19,405.30,407.70,410.90,398.20,410.00,407.65,403.71,"47,01,389","1,89,79,96,985.55","44,173","10,91,035",23.21
AXISBANK,EQ,2014-09-22,407.65,403.80,412.00,402.05,408.00,408.20,407.84,"24,07,552","98,18,89,810.45","31,312","6,33,101",26.3
AXISBANK,EQ,2014-09-23,408.20,407.00,409.65,398.10,399.55,399.10,402.64,"22,35,528","90,01,17,328.20","30,569","8,38,831",37.52
AXISBANK,EQ,2014-09-24,399.10,399.00,400.90,393.15,396.35,397.00,396.81,"30,07,551","1,19,34,38,501.25","38,360","13,59,446",45.2
AXISBANK,EQ,2014-09-25,397.00,394.50,395.35,375.25,380.40,377.85,382.21,"66,47,739","2,54,08,01,781.80","88,947","29,72,768",44.72
AXISBANK,EQ,2014-09-26,377.85,375.00,391.80,370.25,390.90,389.55,384.05,"60,00,406","2,30,44,61,225.65","64,890","19,86,275",33.1
AXISBANK,EQ,2014-09-29,389.55,391.70,391.70,384.50,385.30,386.05,387.14,"32,09,235","1,24,24,35,363.55","38,016","13,82,018",43.06
AXISBANK,EQ,2014-09-30,386.05,385.00,385.65,376.45,378.70,377.70,380.92,"46,60,370","1,77,52,25,455.20","65,302","16,65,539",35.74
AXISBANK,EQ,2014-10-01,377.70,375.60,381.50,374.00,379.20,379.95,378.56,"30,24,329","1,14,48,82,236.00","41,492","7,77,805",25.72
AXISBANK,EQ,2014-10-07,379.95,377.50,384.95,372.30,373.00,373.60,379.10,"33,48,273","1,26,93,18,294.70","46,933","12,78,927",38.2
AXISBANK,EQ,2014-10-08,373.60,372.75,380.25,372.35,379.00,379.00,376.91,"31,82,969","1,19,97,07,967.25","42,151","11,76,318",36.96
AXISBANK,EQ,2014-10-09,379.00,381.00,389.80,381.00,386.40,387.40,386.10,"30,69,354","1,18,50,76,886.75","44,493","11,86,741",38.66
AXISBANK,EQ,2014-10-10,387.40,384.00,384.25,377.55,379.40,379.20,380.86,"25,60,762","97,52,92,526.30","35,867","10,26,848",40.1
AXISBANK,EQ,2014-10-13,379.20,375.95,389.00,373.00,386.10,386.90,383.69,"26,66,892","1,02,32,47,365.35","35,553","7,41,488",27.8
AXISBANK,EQ,2014-10-14,386.90,389.20,400.70,387.55,397.75,397.10,395.07,"49,35,617","1,94,99,32,156.60","68,623","13,37,980",27.11
AXISBANK,EQ,2014-10-16,397.10,395.00,402.45,390.25,392.05,393.65,397.93,"43,82,823","1,74,40,55,657.95","54,351","15,25,331",34.8
AXISBANK,EQ,2014-10-17,393.65,395.90,405.00,394.55,402.55,401.60,400.19,"48,16,107","1,92,73,47,911.50","58,435","12,03,144",24.98
AXISBANK,EQ,2014-10-20,401.60,413.85,419.40,410.00,417.15,417.85,415.81,"64,84,171","2,69,61,55,354.65","93,199","23,75,570",36.64
AXISBANK,EQ,2014-10-21,417.85,419.00,424.80,418.00,423.55,423.05,422.57,"39,70,498","1,67,78,13,859.95","44,973","13,69,136",34.48
AXISBANK,EQ,2014-10-22,423.05,427.00,427.90,419.75,424.60,424.45,423.90,"25,26,798","1,07,11,13,761.75","31,378","7,32,855",29.0
AXISBANK,EQ,2014-10-23,424.45,427.00,427.00,423.00,423.30,423.75,424.42,"6,29,020","26,69,68,212.80","12,315","2,89,006",45.95
AXISBANK,EQ,2014-10-27,423.75,424.60,428.95,420.35,426.05,426.80,425.76,"28,76,993","1,22,49,06,529.10","39,194","10,53,314",36.61
AXISBANK,EQ,2014-10-28,426.80,427.20,430.60,422.60,424.35,424.20,425.98,"19,95,946","85,02,29,415.10","33,742","5,44,325",27.27
AXISBANK,EQ,2014-10-29,424.20,426.95,429.00,422.50,426.00,425.55,425.25,"19,31,522","82,13,70,125.45","27,956","7,19,255",37.24
AXISBANK,EQ,2014-10-30,425.55,425.00,431.30,422.00,429.55,430.20,427.73,"42,58,888","1,82,16,70,535.60","43,809","12,32,402",28.94
AXISBANK,EQ,2014-10-31,430.20,432.00,440.40,431.75,439.85,439.40,437.31,"39,41,516","1,72,36,55,208.55","52,616","14,39,588",36.52
AXISBANK,EQ,2014-11-03,439.40,442.00,447.00,437.40,444.60,445.25,443.45,"38,17,449","1,69,28,35,213.30","65,501","16,80,886",44.03
AXISBANK,EQ,2014-11-05,445.25,445.25,460.75,443.65,460.55,457.95,454.39,"47,13,467","2,14,17,68,247.70","54,255","17,56,876",37.27
AXISBANK,EQ,2014-11-07,457.95,461.90,472.40,460.35,470.00,469.05,467.32,"62,20,448","2,90,69,38,137.00","71,724","18,90,126",30.39
AXISBANK,EQ,2014-11-10,469.05,471.00,475.40,458.65,460.10,460.50,464.18,"42,80,640","1,98,70,06,647.55","46,975","13,89,680",32.46
AXISBANK,EQ,2014-11-11,460.50,461.00,468.70,461.00,468.30,466.70,465.57,"34,72,821","1,61,68,44,356.75","51,424","11,68,413",33.64
AXISBANK,EQ,2014-11-12,466.70,469.00,482.70,466.35,481.60,481.15,476.39,"54,16,022","2,58,01,39,103.35","61,424","17,95,616",33.15
AXISBANK,EQ,2014-11-13,481.15,483.95,485.90,470.05,473.95,473.60,476.53,"52,37,971","2,49,60,31,533.00","54,719","18,91,540",36.11
AXISBANK,EQ,2014-11-14,473.60,475.00,479.75,470.55,476.00,476.90,477.29,"27,53,729","1,31,43,34,355.80","42,449","7,79,492",28.31
AXISBANK,EQ,2014-11-17,476.90,477.90,477.90,471.00,474.30,475.90,474.49,"21,41,989","1,01,63,55,468.45","29,039","7,64,011",35.67
AXISBANK,EQ,2014-11-18,475.90,475.85,479.90,471.20,472.80,474.00,475.28,"27,73,087","1,31,79,99,660.80","33,962","8,79,978",31.73
AXISBANK,EQ,2014-11-19,474.00,475.90,475.90,467.00,471.00,470.20,470.45,"26,67,750","1,25,50,40,168.25","32,966","10,15,504",38.07
AXISBANK,EQ,2014-11-20,470.20,471.00,471.70,462.90,467.50,466.65,465.48,"25,10,781","1,16,87,19,373.95","33,673","9,61,613",38.3
AXISBANK,EQ,2014-11-21,466.65,467.50,482.50,466.10,476.20,476.95,477.60,"47,41,296","2,26,44,55,177.90","47,012","18,03,248",38.03
AXISBANK,EQ,2014-11-24,476.95,479.00,482.55,475.30,478.45,478.15,479.13,"35,62,884","1,70,70,98,255.00","32,727","16,09,540",45.18
AXISBANK,EQ,2014-11-25,478.15,479.00,479.90,466.65,470.00,470.75,471.28,"34,74,162","1,63,72,88,750.55","41,591","14,98,027",43.12
AXISBANK,EQ,2014-11-26,470.75,470.90,473.75,464.00,470.60,470.30,468.73,"37,26,653","1,74,67,77,648.70","36,621","15,41,811",41.37
AXISBANK,EQ,2014-11-27,470.30,470.25,472.50,462.65,468.00,469.40,467.92,"72,83,496","3,40,81,29,105.05","42,579","26,11,906",35.86
AXISBANK,EQ,2014-11-28,469.40,471.80,485.80,471.05,482.95,481.20,482.02,"52,27,699","2,51,98,76,821.65","47,920","22,37,179",42.79
AXISBANK,EQ,2014-12-01,481.20,484.40,493.20,481.15,489.60,489.15,489.25,"46,34,567","2,26,74,75,271.75","53,177","14,10,939",30.44
AXISBANK,EQ,2014-12-02,489.15,489.00,494.80,484.50,492.45,493.00,489.41,"41,91,689","2,05,14,72,258.75","49,770","9,95,254",23.74
AXISBANK,EQ,2014-12-03,493.00,494.00,500.70,490.65,498.15,499.05,497.81,"34,24,250","1,70,46,32,342.80","43,337","10,00,365",29.21
AXISBANK,EQ,2014-12-04,499.05,501.40,502.70,491.20,499.55,499.95,496.69,"27,09,507","1,34,57,94,554.30","36,218","6,57,300",24.26
AXISBANK,EQ,2014-12-05,499.95,502.00,506.40,496.50,496.50,498.55,501.71,"27,98,293","1,40,39,42,945.60","34,749","6,87,290",24.56
AXISBANK,EQ,2014-12-08,498.55,499.95,503.00,495.50,496.05,496.60,498.68,"21,50,646","1,07,24,92,443.05","34,936","6,99,260",32.51
AXISBANK,EQ,2014-12-09,496.60,495.95,496.00,487.00,491.00,488.80,490.74,"27,22,580","1,33,60,66,946.50","37,530","8,49,443",31.2
AXISBANK,EQ,2014-12-10,488.80,488.55,496.15,486.50,489.25,489.25,491.53,"33,17,262","1,63,05,46,870.05","40,226","12,84,663",38.73
AXISBANK,EQ,2014-12-11,489.25,488.80,494.70,480.10,490.50,490.50,487.46,"35,83,840","1,74,69,80,709.30","54,688","9,78,113",27.29
AXISBANK,EQ,2014-12-12,490.50,491.20,493.55,481.55,482.55,483.40,487.19,"29,15,819","1,42,05,70,330.85","48,528","8,97,429",30.78
AXISBANK,EQ,2014-12-15,483.40,480.00,487.40,475.30,477.50,476.75,481.03,"29,29,634","1,40,92,54,564.80","47,634","9,42,658",32.18
AXISBANK,EQ,2014-12-16,476.75,475.00,476.50,465.25,471.90,472.00,471.12,"57,02,983","2,68,67,88,829.10","68,012","26,77,720",46.95
AXISBANK,EQ,2014-12-17,472.00,468.35,480.50,464.20,474.60,474.85,474.27,"58,52,857","2,77,58,43,616.25","73,694","26,19,164",44.75
AXISBANK,EQ,2014-12-18,474.85,483.00,490.00,480.00,490.00,487.95,484.65,"37,82,348","1,83,31,29,220.55","51,043","15,83,222",41.86
AXISBANK,EQ,2014-12-19,487.95,496.90,496.90,488.30,489.50,490.25,491.91,"31,89,647","1,56,90,29,243.15","37,517","11,91,958",37.37
AXISBANK,EQ,2014-12-22,490.25,491.40,500.75,486.50,500.60,498.30,492.51,"28,13,921","1,38,58,96,645.45","49,617","9,89,035",35.15
AXISBANK,EQ,2014-12-23,498.30,501.00,506.00,492.55,493.00,493.80,500.19,"37,53,789","1,87,75,96,551.15","43,556","10,21,912",27.22
AXISBANK,EQ,2014-12-24,493.80,494.00,497.70,491.20,496.00,494.30,493.94,"31,81,539","1,57,15,02,518.20","28,777","9,44,202",29.68
AXISBANK,EQ,2014-12-26,494.30,495.75,500.00,488.00,493.90,494.45,494.99,"21,33,879","1,05,62,48,614.55","33,301","4,09,961",19.21
AXISBANK,EQ,2014-12-29,494.45,495.00,499.60,491.20,493.50,494.10,494.55,"22,30,958","1,10,33,24,170.85","23,689","8,51,554",38.17
AXISBANK,EQ,2014-12-30,494.10,495.05,499.95,490.00,499.00,498.80,495.75,"19,96,949","98,99,96,822.60","23,073","6,26,485",31.37
AXISBANK,EQ,2014-12-31,498.80,500.05,505.00,499.00,501.80,502.40,503.06,"23,56,002","1,18,52,20,549.95","31,174","8,36,731",35.51
AXISBANK,EQ,2015-01-01,502.4,502.65,504.0,499.05,503.0,503.05,501.48,"13,51,985","67,79,90,172.30","17,713","3,88,429",28.73
AXISBANK,EQ,2015-01-02,503.05,503.2,516.9,501.7,514.55,514.3,512.32,"38,52,825","1,97,38,86,873.35","45,686","10,13,697",26.31
AXISBANK,EQ,2015-01-05,514.3,516.9,520.4,515.1,516.5,517.55,517.76,"25,61,430","1,32,62,08,706.75","38,963","8,53,805",33.33
AXISBANK,EQ,2015-01-06,517.55,513.55,513.55,496.75,498.5,499.05,503.07,"52,84,530","2,65,84,93,011.95","62,148","23,84,347",45.12
AXISBANK,EQ,2015-01-07,499.05,498.8,505.35,494.5,501.0,498.65,499.69,"42,45,189","2,12,12,71,321.45","58,735","12,22,776",28.8
AXISBANK,EQ,2015-01-08,498.65,506.0,507.0,494.65,499.35,501.95,500.94,"56,37,844","2,82,42,43,595.50","1,04,685","27,80,250",49.31
AXISBANK,EQ,2015-01-09,501.95,504.9,505.9,487.0,493.95,494.95,496.11,"50,78,463","2,51,94,66,988.10","1,02,193","18,79,242",37.0
AXISBANK,EQ,2015-01-12,494.95,495.0,503.8,492.15,501.55,501.55,500.02,"22,90,147","1,14,51,09,187.60","33,498","6,63,562",28.97
AXISBANK,EQ,2015-01-13,501.55,504.0,511.7,500.3,503.8,504.5,506.84,"40,69,260","2,06,24,62,510.85","64,523","17,81,686",43.78
AXISBANK,EQ,2015-01-14,504.5,504.5,505.75,494.2,500.0,499.6,499.46,"29,73,231","1,48,50,14,113.85","44,695","11,02,570",37.08
AXISBANK,EQ,2015-01-15,499.6,523.45,523.95,511.1,512.95,514.05,516.26,"66,70,800","3,44,38,49,431.05","98,924","35,74,210",53.58
AXISBANK,EQ,2015-01-16,514.05,516.6,521.5,512.6,514.3,514.8,517.43,"69,20,742","3,58,10,11,781.00","85,483","21,01,800",30.37
AXISBANK,EQ,2015-01-19,514.8,519.45,531.8,516.85,529.7,528.95,526.79,"61,13,156","3,22,03,41,528.10","85,055","26,17,790",42.82
AXISBANK,EQ,2015-01-20,528.95,532.55,554.7,531.1,552.15,551.4,543.43,"69,34,581","3,76,84,48,314.70","98,125","22,83,414",32.93
AXISBANK,EQ,2015-01-21,551.4,553.0,556.8,545.55,546.4,547.25,550.41,"44,59,351","2,45,44,68,749.45","67,173","15,75,052",35.32
AXISBANK,EQ,2015-01-22,547.25,549.7,567.15,547.8,567.0,564.75,558.53,"55,46,866","3,09,81,09,438.90","76,912","17,20,884",31.02
AXISBANK,EQ,2015-01-23,564.75,571.0,577.4,560.3,566.0,565.15,567.41,"49,75,114","2,82,29,42,833.55","68,377","14,28,580",28.71
AXISBANK,EQ,2015-01-27,565.15,570.9,597.8,567.0,593.25,592.1,582.53,"53,76,830","3,13,21,44,716.20","78,521","15,42,298",28.68
AXISBANK,EQ,2015-01-28,592.1,590.0,599.8,583.45,589.8,590.6,590.58,"63,70,073","3,76,20,46,817.80","77,085","20,40,063",32.03
AXISBANK,EQ,2015-01-29,590.6,588.95,602.0,582.1,599.75,599.5,593.21,"54,24,486","3,21,78,81,557.00","68,557","16,28,961",30.03
AXISBANK,EQ,2015-01-30,599.5,602.75,604.05,583.7,587.75,588.1,593.42,"44,97,194","2,66,87,30,898.55","79,181","11,62,035",25.84
AXISBANK,EQ,2015-02-02,588.1,586.0,621.0,584.4,620.9,617.3,605.94,"63,07,718","3,82,20,99,940.60","80,559","17,88,100",28.35
AXISBANK,EQ,2015-02-03,617.3,623.0,625.6,584.5,585.65,586.6,600.51,"92,90,016","5,57,87,09,734.20","1,38,875","31,57,393",33.99
AXISBANK,EQ,2015-02-04,586.6,591.0,592.0,553.25,560.5,558.6,563.49,"1,07,73,056","6,07,05,38,730.10","1,64,074","39,71,280",36.86
AXISBANK,EQ,2015-02-05,558.6,562.4,578.5,558.6,568.0,565.9,570.73,"68,65,785","3,91,85,12,268.45","1,04,966","17,28,327",25.17
AXISBANK,EQ,2015-02-06,565.9,568.0,571.5,545.75,564.35,563.15,559.83,"77,06,020","4,31,40,99,614.25","1,00,281","17,96,592",23.31
AXISBANK,EQ,2015-02-09,563.15,555.0,569.6,550.0,550.8,553.6,560.97,"43,34,546","2,43,15,33,980.20","67,866","9,72,811",22.44
AXISBANK,EQ,2015-02-10,553.6,546.9,569.8,540.5,556.3,554.1,556.96,"98,09,275","5,46,34,00,653.45","1,35,706","33,81,137",34.47
AXISBANK,EQ,2015-02-11,554.1,559.35,572.65,555.5,569.5,569.25,566.22,"62,00,994","3,51,11,00,776.95","81,287","21,67,843",34.96
AXISBANK,EQ,2015-02-12,569.25,573.0,581.5,564.0,581.5,578.75,571.47,"58,49,894","3,34,30,25,524.70","74,334","16,98,909",29.04
AXISBANK,EQ,2015-02-13,578.75,582.15,588.75,576.5,578.8,581.1,583.24,"46,33,409","2,70,23,90,318.20","67,507","13,77,340",29.73
AXISBANK,EQ,2015-02-16,581.1,583.0,584.0,566.1,570.5,570.3,574.58,"42,84,303","2,46,16,67,610.55","65,058","11,24,359",26.24
AXISBANK,EQ,2015-02-18,570.3,572.0,574.0,564.0,570.4,569.5,569.71,"46,95,905","2,67,53,19,166.15","62,540","20,12,389",42.85
AXISBANK,EQ,2015-02-19,569.5,574.0,575.6,553.25,566.2,565.25,562.55,"53,49,212","3,00,91,79,530.45","84,537","18,68,302",34.93
AXISBANK,EQ,2015-02-20,565.25,566.45,570.8,554.0,560.75,561.5,563.25,"60,25,707","3,39,39,82,507.75","88,037","17,42,898",28.92
AXISBANK,EQ,2015-02-23,561.5,563.5,567.0,546.05,548.25,549.05,555.71,"60,89,272","3,38,38,96,854.35","1,02,616","28,01,037",46.0
AXISBANK,EQ,2015-02-24,549.05,549.9,555.7,542.0,551.5,551.8,549.39,"61,55,111","3,38,15,83,493.80","90,901","22,67,939",36.85
AXISBANK,EQ,2015-02-25,551.8,554.2,558.6,550.1,551.0,553.0,554.58,"41,85,156","2,32,10,10,895.45","55,191","14,35,583",34.3
AXISBANK,EQ,2015-02-26,553.0,552.65,557.65,543.8,553.0,552.3,550.21,"55,79,001","3,06,96,02,590.40","80,525","23,39,929",41.94
AXISBANK,EQ,2015-02-27,552.3,555.6,570.35,550.35,569.05,567.15,560.85,"57,91,546","3,24,82,11,124.80","74,820","23,45,883",40.51
AXISBANK,EQ,2015-02-28,567.15,574.0,618.9,562.8,618.1,612.6,592.58,"1,63,52,608","9,69,01,86,988.90","2,13,125","46,96,805",28.72
AXISBANK,EQ,2015-03-02,612.6,630.0,650.0,628.7,650.0,647.55,638.27,"1,32,05,219","8,42,84,62,190.40","1,79,078","35,37,827",26.79
AXISBANK,EQ,2015-03-03,647.55,649.0,649.0,628.55,632.6,631.4,633.89,"68,17,671","4,32,16,71,583.75","84,404","27,09,173",39.74
AXISBANK,EQ,2015-03-04,631.4,650.9,654.9,608.15,610.0,612.75,630.18,"1,00,97,232","6,36,30,80,379.05","1,29,329","27,49,360",27.23
AXISBANK,EQ,2015-03-05,612.75,613.0,622.0,603.5,616.8,616.8,613.52,"69,14,112","4,24,19,57,047.85","1,06,273","14,31,745",20.71
AXISBANK,EQ,2015-03-09,616.8,610.0,610.0,589.15,590.0,591.6,596.97,"60,43,383","3,60,77,14,400.00","1,12,416","22,45,649",37.16
AXISBANK,EQ,2015-03-10,591.6,591.9,594.8,580.0,587.0,585.45,587.77,"57,91,801","3,40,42,73,382.55","1,08,287","16,27,015",28.09
AXISBANK,EQ,2015-03-11,585.45,585.25,592.7,580.0,583.55,583.85,585.97,"58,16,344","3,40,82,29,682.50","80,481","18,58,704",31.96
AXISBANK,EQ,2015-03-12,583.85,587.5,593.5,582.7,583.6,584.1,587.15,"45,12,080","2,64,92,60,137.35","77,853","16,28,072",36.08
AXISBANK,EQ,2015-03-13,584.1,589.5,590.95,564.1,571.5,570.0,572.94,"67,49,149","3,86,68,76,695.65","96,978","25,23,523",37.39
AXISBANK,EQ,2015-03-16,570.0,569.5,573.8,559.1,570.9,568.6,567.76,"64,45,254","3,65,93,81,592.70","1,13,959","24,86,475",38.58
AXISBANK,EQ,2015-03-17,568.6,574.9,585.8,567.05,582.95,580.1,575.09,"56,27,580","3,23,63,59,341.50","92,137","15,68,374",27.87
AXISBANK,EQ,2015-03-18,580.1,584.25,585.8,575.75,579.0,581.25,580.79,"58,47,672","3,39,62,56,269.45","73,875","22,06,977",37.74
AXISBANK,EQ,2015-03-19,581.25,588.0,595.55,558.5,559.7,563.55,579.44,"77,05,218","4,46,47,29,339.10","1,10,278","25,19,099",32.69
AXISBANK,EQ,2015-03-20,563.55,563.0,564.0,551.7,560.1,556.25,557.72,"81,60,665","4,55,13,71,945.05","1,14,641","37,64,110",46.13
AXISBANK,EQ,2015-03-23,556.25,559.9,562.0,552.65,552.8,555.2,557.57,"41,91,424","2,33,70,08,440.00","57,740","16,03,504",38.26
AXISBANK,EQ,2015-03-24,555.2,553.95,566.0,551.25,557.15,558.05,557.61,"63,09,451","3,51,82,02,499.25","78,066","27,49,043",43.57
AXISBANK,EQ,2015-03-25,558.05,559.85,567.15,553.9,561.55,562.2,561.36,"55,78,540","3,13,15,75,413.60","68,368","20,63,821",37.0
AXISBANK,EQ,2015-03-26,562.2,560.0,561.45,537.5,545.5,544.3,550.58,"92,33,047","5,08,35,57,023.45","1,02,213","46,70,393",50.58
AXISBANK,EQ,2015-03-27,544.3,548.0,551.25,526.1,546.95,546.4,539.98,"1,06,55,577","5,75,37,61,085.05","1,54,971","47,47,945",44.56
AXISBANK,EQ,2015-03-30,546.4,552.5,565.45,549.35,565.45,563.55,555.94,"66,31,597","3,68,67,72,777.90","95,623","30,03,704",45.29
AXISBANK,EQ,2015-03-31,563.55,567.9,573.5,557.25,558.0,560.2,565.06,"59,70,862","3,37,38,69,708.45","94,585","19,47,745",32.62
AXISBANK,EQ,2015-04-01,560.2,557.7,572.0,555.25,569.8,569.65,564.6,"37,53,262","2,11,90,92,076.25","53,046","7,78,856",20.75
AXISBANK,EQ,2015-04-06,569.65,571.95,571.95,562.1,568.0,569.05,568.38,"43,05,263","2,44,70,15,071.15","56,931","17,78,630",41.31
AXISBANK,EQ,2015-04-07,569.05,571.0,573.0,555.0,559.05,557.85,561.78,"67,54,389","3,79,44,98,110.85","1,13,294","22,00,577",32.58
AXISBANK,EQ,2015-04-08,557.85,561.8,564.0,551.1,556.0,555.9,556.0,"57,50,765","3,19,74,38,231.35","80,422","24,24,749",42.16
AXISBANK,EQ,2015-04-09,555.9,560.0,577.0,555.1,571.6,572.15,568.14,"96,53,162","5,48,43,52,247.15","1,12,764","38,93,729",40.34
AXISBANK,EQ,2015-04-10,572.15,573.4,574.8,565.4,566.5,568.05,570.13,"49,38,698","2,81,57,01,919.80","59,688","19,08,400",38.64
AXISBANK,EQ,2015-04-13,568.05,570.0,571.65,562.0,565.35,566.0,567.41,"45,96,222","2,60,79,47,263.90","68,130","18,34,498",39.91
AXISBANK,EQ,2015-04-15,566.0,566.9,573.5,541.35,549.7,550.2,563.33,"88,69,483","4,99,64,18,800.00","1,13,885","39,36,565",44.38
AXISBANK,EQ,2015-04-16,550.2,552.0,556.4,543.05,549.7,550.8,549.96,"72,88,785","4,00,85,35,602.85","1,12,644","27,98,979",38.4
AXISBANK,EQ,2015-04-17,550.8,550.0,550.35,531.8,534.3,533.7,540.34,"66,18,167","3,57,60,89,043.30","98,968","30,82,818",46.58
AXISBANK,EQ,2015-04-20,533.7,534.1,538.25,507.0,521.2,518.25,525.97,"78,36,613","4,12,18,16,689.40","1,37,399","33,32,371",42.52
AXISBANK,EQ,2015-04-21,518.25,518.25,532.7,516.55,523.2,523.2,526.4,"72,04,472","3,79,24,30,336.25","1,01,831","30,85,361",42.83
AXISBANK,EQ,2015-04-22,523.2,526.95,545.0,520.3,541.95,540.1,531.0,"69,47,536","3,68,91,38,415.30","97,145","21,20,895",30.53
AXISBANK,EQ,2015-04-23,540.1,543.25,548.7,535.55,537.1,538.2,541.43,"54,64,184","2,95,84,77,096.85","76,942","12,60,086",23.06
AXISBANK,EQ,2015-04-24,538.2,538.0,538.25,519.9,524.15,527.25,526.1,"65,33,254","3,43,71,26,492.50","95,375","27,69,825",42.4
AXISBANK,EQ,2015-04-27,527.25,529.4,540.75,522.35,524.0,524.2,529.73,"78,39,080","4,15,25,70,682.25","1,05,174","34,21,580",43.65
AXISBANK,EQ,2015-04-28,524.2,523.9,539.45,519.1,533.15,535.0,532.77,"63,22,607","3,36,84,68,414.05","1,17,268","23,10,809",36.55
AXISBANK,EQ,2015-04-29,535.0,535.9,559.9,535.25,558.55,551.95,548.7,"93,01,407","5,10,36,97,064.50","1,32,330","21,21,652",22.81
AXISBANK,EQ,2015-04-30,551.95,563.3,582.4,559.0,570.0,567.8,571.5,"1,56,58,642","8,94,88,71,035.55","1,97,905","43,39,884",27.72
AXISBANK,EQ,2015-05-04,567.8,571.4,576.0,562.8,568.0,568.35,568.99,"43,09,985","2,45,23,30,896.75","59,094","11,92,217",27.66
AXISBANK,EQ,2015-05-05,568.35,569.0,574.25,562.5,564.6,565.85,567.85,"53,85,676","3,05,82,67,390.85","75,860","19,41,640",36.05
AXISBANK,EQ,2015-05-06,565.85,564.05,565.9,541.2,543.0,543.3,548.71,"76,98,992","4,22,45,41,384.60","1,03,212","34,00,999",44.17
AXISBANK,EQ,2015-05-07,543.3,539.65,544.8,523.3,526.1,527.35,534.35,"58,48,608","3,12,52,25,900.20","89,094","18,06,208",30.88
AXISBANK,EQ,2015-05-08,527.35,535.75,548.0,533.5,539.8,540.8,539.81,"1,00,10,992","5,40,40,47,308.75","1,05,258","59,57,763",59.51
AXISBANK,EQ,2015-05-11,540.8,545.5,552.0,543.1,550.4,551.1,549.41,"67,00,085","3,68,11,01,504.55","74,400","36,97,172",55.18
AXISBANK,EQ,2015-05-12,551.1,553.0,553.9,529.9,531.1,532.35,538.28,"49,43,428","2,66,09,51,437.30","98,418","19,56,475",39.58
AXISBANK,EQ,2015-05-13,532.35,538.0,564.2,535.2,558.85,558.5,551.22,"79,71,625","4,39,40,79,977.85","1,15,085","17,33,116",21.74
AXISBANK,EQ,2015-05-14,558.5,557.4,558.8,547.5,555.3,555.85,554.85,"49,29,250","2,73,50,04,889.15","80,570","13,80,399",28.0
AXISBANK,EQ,2015-05-15,555.85,558.5,567.3,557.0,561.6,562.05,563.66,"58,25,462","3,28,35,55,691.20","88,239","24,62,755",42.28
AXISBANK,EQ,2015-05-18,562.05,563.3,569.85,558.65,568.0,567.5,564.16,"39,44,770","2,22,54,96,636.85","69,623","15,40,148",39.04
AXISBANK,EQ,2015-05-19,567.5,566.0,570.9,558.6,560.45,561.45,565.63,"60,47,850","3,42,08,26,302.80","86,873","26,63,489",44.04
AXISBANK,EQ,2015-05-20,561.45,562.75,566.85,556.5,558.3,558.25,561.5,"47,63,209","2,67,45,19,919.85","71,413","21,94,683",46.08
AXISBANK,EQ,2015-05-21,558.25,560.0,572.0,560.0,569.55,570.45,566.83,"61,57,883","3,49,04,66,704.10","71,124","22,57,268",36.66
AXISBANK,EQ,2015-05-22,570.45,571.3,576.65,563.75,567.0,568.65,573.14,"42,65,332","2,44,46,48,158.95","62,622","17,26,996",40.49
AXISBANK,EQ,2015-05-25,568.65,568.1,569.75,560.2,561.95,562.1,565.32,"34,26,379","1,93,70,16,231.10","41,913","16,47,699",48.09
AXISBANK,EQ,2015-05-26,562.1,563.0,566.8,558.2,566.0,564.25,563.33,"24,75,418","1,39,44,89,397.45","37,898","8,06,196",32.57
AXISBANK,EQ,2015-05-27,564.25,562.0,579.5,561.25,577.1,577.8,574.18,"41,20,709","2,36,60,26,255.70","75,404","12,56,307",30.49
AXISBANK,EQ,2015-05-28,577.8,578.95,585.8,570.4,576.4,574.65,576.83,"82,72,414","4,77,17,49,260.20","80,535","39,54,488",47.8
AXISBANK,EQ,2015-05-29,574.65,575.5,587.3,574.7,585.3,585.4,581.8,"34,21,723","1,99,07,51,684.30","50,575","11,95,016",34.92
AXISBANK,EQ,2015-06-01,585.4,586.9,588.9,577.1,578.6,578.45,582.0,"31,42,413","1,82,88,81,774.50","41,157","13,51,235",43.0
AXISBANK,EQ,2015-06-02,578.45,582.0,582.4,548.4,552.75,553.1,565.24,"69,78,299","3,94,44,31,672.10","92,403","26,76,307",38.35
AXISBANK,EQ,2015-06-03,553.1,553.25,554.0,538.55,552.1,550.9,545.61,"51,14,150","2,79,03,19,460.65","67,059","18,63,318",36.43
AXISBANK,EQ,2015-06-04,550.9,560.0,560.0,546.0,556.25,556.4,554.98,"74,32,416","4,12,48,16,098.20","1,29,896","37,89,817",50.99
AXISBANK,EQ,2015-06-05,556.4,556.0,557.25,546.05,546.6,548.4,552.15,"70,28,734","3,88,09,03,564.90","1,17,244","41,67,263",59.29
AXISBANK,EQ,2015-06-08,548.4,547.0,557.5,544.0,552.75,553.6,552.19,"62,86,247","3,47,11,96,470.50","1,04,460","35,21,694",56.02
AXISBANK,EQ,2015-06-09,553.6,552.05,564.0,550.45,557.1,558.7,559.08,"52,52,618","2,93,66,28,786.80","2,13,532","25,97,664",49.45
AXISBANK,EQ,2015-06-10,558.7,558.9,567.7,558.85,564.5,564.5,563.93,"79,19,473","4,46,60,08,457.25","71,550","51,53,387",65.07
AXISBANK,EQ,2015-06-11,564.5,567.9,570.2,545.05,546.0,546.75,556.63,"76,08,358","4,23,50,14,502.85","98,644","46,18,983",60.71
AXISBANK,EQ,2015-06-12,546.75,547.0,552.5,540.8,551.9,551.45,547.37,"55,18,696","3,02,07,58,174.85","1,17,105","27,25,659",49.39
AXISBANK,EQ,2015-06-15,551.45,553.9,555.0,545.35,550.0,550.05,549.75,"58,96,234","3,24,14,60,923.60","1,00,677","34,25,989",58.1
AXISBANK,EQ,2015-06-16,550.05,550.0,553.95,540.05,553.9,551.15,546.82,"62,83,177","3,43,57,62,873.50","1,34,074","34,34,987",54.67
AXISBANK,EQ,2015-06-17,551.15,553.1,557.4,547.6,549.15,549.25,551.54,"45,22,392","2,49,42,66,364.55","88,960","22,21,349",49.12
AXISBANK,EQ,2015-06-18,549.25,551.7,554.8,547.4,551.0,550.05,551.22,"55,79,425","3,07,54,81,935.15","1,13,560","29,07,432",52.11
AXISBANK,EQ,2015-06-19,550.05,554.0,555.4,548.25,554.05,551.55,551.45,"67,83,585","3,74,08,40,337.35","78,175","45,03,887",66.39
AXISBANK,EQ,2015-06-22,551.55,556.55,575.9,556.55,572.0,572.15,569.17,"73,25,101","4,16,92,60,221.00","1,41,065","33,65,117",45.94
AXISBANK,EQ,2015-06-23,572.15,575.6,579.5,566.3,571.0,571.3,573.24,"66,08,481","3,78,82,51,858.25","1,46,516","33,14,939",50.16
AXISBANK,EQ,2015-06-24,571.3,572.0,577.4,567.2,569.25,571.5,573.34,"54,27,984","3,11,20,56,951.50","1,19,192","31,77,333",58.54
AXISBANK,EQ,2015-06-25,571.5,568.1,577.9,567.05,570.0,570.05,570.87,"59,53,158","3,39,84,64,168.40","67,952","34,30,118",57.62
AXISBANK,EQ,2015-06-26,570.05,568.1,569.7,560.0,565.8,565.5,565.08,"44,32,487","2,50,47,00,126.80","1,23,660","21,15,324",47.72
AXISBANK,EQ,2015-06-29,565.5,554.0,567.3,546.0,565.95,562.7,556.74,"53,90,158","3,00,09,13,365.95","98,623","24,70,450",45.83
AXISBANK,EQ,2015-06-30,562.7,561.05,566.0,553.0,558.0,558.95,557.95,"54,79,844","3,05,74,89,247.95","1,13,888","28,38,356",51.8
AXISBANK,EQ,2015-07-01,558.95,558.8,580.5,556.85,579.65,578.65,568.85,"76,63,185","4,35,92,05,678.40","1,30,244","37,96,295",49.54
AXISBANK,EQ,2015-07-02,578.65,580.1,586.65,576.1,583.5,584.0,581.85,"98,86,455","5,75,24,24,565.50","1,27,870","59,92,178",60.61
AXISBANK,EQ,2015-07-03,584.0,581.85,588.5,581.0,586.9,585.95,584.97,"44,22,432","2,58,70,00,869.30","75,546","19,99,737",45.22
AXISBANK,EQ,2015-07-06,585.95,575.5,585.8,573.5,585.4,584.2,580.82,"49,73,984","2,88,89,68,638.45","88,420","22,32,311",44.88
AXISBANK,EQ,2015-07-07,584.2,585.3,590.75,581.35,586.7,586.2,586.89,"49,69,526","2,91,65,59,296.60","1,28,256","28,84,109",58.04
AXISBANK,EQ,2015-07-08,586.2,578.0,585.0,574.9,576.1,576.65,579.65,"64,14,143","3,71,79,45,385.25","1,31,853","34,71,744",54.13
AXISBANK,EQ,2015-07-09,576.65,575.85,577.4,566.4,572.65,571.7,572.13,"36,02,432","2,06,10,68,952.05","67,183","15,94,984",44.28
AXISBANK,EQ,2015-07-10,571.7,574.2,583.0,570.8,575.35,578.1,575.51,"68,53,759","3,94,43,94,548.80","1,01,248","46,91,874",68.46
AXISBANK,EQ,2015-07-13,578.1,578.1,583.45,570.15,582.3,581.95,578.96,"51,61,182","2,98,80,95,149.30","70,120","27,44,895",53.18
AXISBANK,EQ,2015-07-14,581.95,582.6,587.65,578.9,582.7,583.9,583.72,"45,66,647","2,66,56,36,320.45","60,309","23,78,931",52.09
AXISBANK,EQ,2015-07-15,583.9,584.55,589.45,581.5,584.55,584.0,586.11,"33,07,716","1,93,86,82,714.05","74,655","15,55,651",47.03
AXISBANK,EQ,2015-07-16,584.0,587.4,613.45,587.0,608.3,608.65,604.5,"1,41,42,842","8,54,93,37,828.75","2,14,981","67,87,455",47.99
AXISBANK,EQ,2015-07-17,608.65,604.5,609.9,598.5,601.0,602.1,604.5,"58,47,889","3,53,50,44,102.75","1,01,973","20,04,433",34.28
AXISBANK,EQ,2015-07-20,602.1,600.0,603.4,590.3,599.85,599.9,596.31,"46,88,323","2,79,56,72,102.90","91,933","16,10,530",34.35
AXISBANK,EQ,2015-07-21,599.9,596.6,601.0,582.75,584.8,584.65,592.53,"43,75,934","2,59,28,92,527.15","91,540","18,39,434",42.04
AXISBANK,EQ,2015-07-22,584.65,582.85,593.5,579.0,589.5,589.85,587.74,"59,00,119","3,46,77,24,498.55","1,25,082","33,60,198",56.95
AXISBANK,EQ,2015-07-23,589.85,590.0,598.55,581.4,582.8,583.75,588.9,"55,69,255","3,27,97,44,249.85","1,01,805","24,54,253",44.07
AXISBANK,EQ,2015-07-24,583.75,587.65,593.75,575.1,581.2,580.45,584.5,"1,36,73,495","7,99,21,26,161.30","2,31,050","53,91,383",39.43
AXISBANK,EQ,2015-07-27,580.45,577.5,579.45,553.75,555.95,555.8,563.16,"98,29,067","5,53,53,58,937.75","1,72,835","56,06,559",57.04
AXISBANK,EQ,2015-07-28,555.8,558.6,564.0,550.45,560.9,561.25,557.44,"81,29,213","4,53,15,68,587.05","1,41,368","38,55,781",47.43
AXISBANK,EQ,2015-07-29,561.25,563.3,568.15,562.0,565.75,567.2,565.91,"46,35,380","2,62,32,24,511.00","72,142","26,47,431",57.11
AXISBANK,EQ,2015-07-30,567.2,571.4,575.75,563.1,567.8,565.7,570.2,"64,84,751","3,69,76,08,612.35","1,11,096","38,95,290",60.07
AXISBANK,EQ,2015-07-31,565.7,567.7,579.3,567.0,574.9,573.5,573.89,"62,83,549","3,60,60,83,573.55","88,364","37,88,222",60.29
AXISBANK,EQ,2015-08-03,573.5,576.0,582.7,573.4,575.0,576.7,578.66,"43,55,574","2,52,03,88,393.10","88,474","23,86,175",54.78
AXISBANK,EQ,2015-08-04,576.7,578.9,584.45,571.65,580.3,580.1,577.96,"59,03,968","3,41,22,36,805.55","1,04,461","29,46,537",49.91
AXISBANK,EQ,2015-08-05,580.1,582.0,589.5,576.5,580.55,580.4,582.49,"34,19,273","1,99,16,84,136.55","62,697","17,38,112",50.83
AXISBANK,EQ,2015-08-06,580.4,580.0,586.5,578.95,584.45,584.75,583.2,"31,25,993","1,82,30,77,824.65","47,144","16,58,558",53.06
AXISBANK,EQ,2015-08-07,584.75,584.9,584.9,576.0,581.4,580.3,580.32,"22,98,504","1,33,38,76,638.25","43,381","11,82,484",51.45
AXISBANK,EQ,2015-08-10,580.3,582.75,584.7,570.75,571.0,575.9,580.96,"24,02,572","1,39,57,91,189.35","53,290","13,24,802",55.14
AXISBANK,EQ,2015-08-11,575.9,577.7,580.85,566.35,572.1,571.25,574.91,"31,68,648","1,82,16,82,971.30","64,870","15,37,417",48.52
AXISBANK,EQ,2015-08-12,571.25,569.4,569.8,556.0,559.25,557.85,562.3,"47,87,034","2,69,17,43,395.35","81,246","29,23,849",61.08
AXISBANK,EQ,2015-08-13,557.85,563.5,571.45,560.0,570.7,567.55,566.34,"59,82,710","3,38,82,31,493.55","79,674","37,01,277",61.87
AXISBANK,EQ,2015-08-14,567.55,565.15,574.25,554.85,571.75,570.0,564.15,"75,28,941","4,24,74,82,350.80","1,35,436","35,52,233",47.18
AXISBANK,EQ,2015-08-17,570.0,569.75,571.75,560.05,561.0,561.4,563.16,"44,66,163","2,51,51,66,995.95","65,979","24,93,735",55.84
AXISBANK,EQ,2015-08-18,561.4,567.0,567.25,555.5,562.35,561.35,561.32,"29,52,439","1,65,72,74,110.95","59,468","11,16,283",37.81
AXISBANK,EQ,2015-08-19,561.35,560.9,561.75,552.8,556.0,554.0,556.64,"41,35,059","2,30,17,46,220.95","78,620","23,90,292",57.81
AXISBANK,EQ,2015-08-20,554.0,550.0,553.0,529.5,535.4,533.4,539.76,"89,09,772","4,80,90,96,942.60","1,76,265","56,74,790",63.69
AXISBANK,EQ,2015-08-21,533.4,527.0,528.9,514.3,524.25,525.3,523.05,"1,04,54,764","5,46,83,57,174.10","1,90,765","63,21,088",60.46
AXISBANK,EQ,2015-08-24,525.3,506.7,506.7,475.1,478.9,482.05,492.0,"1,76,27,734","8,67,27,92,970.90","2,61,325","1,09,14,083",61.91
AXISBANK,EQ,2015-08-25,482.05,489.0,506.25,483.5,505.8,502.95,494.09,"1,42,48,966","7,04,02,66,816.45","2,35,072","80,81,747",56.72
AXISBANK,EQ,2015-08-26,502.95,499.5,501.9,488.65,496.0,495.6,496.45,"69,10,566","3,43,07,31,016.00","1,43,566","32,94,986",47.68
AXISBANK,EQ,2015-08-27,495.6,505.7,512.0,496.45,510.95,509.25,505.06,"1,13,02,689","5,70,85,22,292.80","1,63,249","70,85,563",62.69
AXISBANK,EQ,2015-08-28,509.25,516.0,528.9,502.25,509.6,508.15,517.74,"1,00,15,309","5,18,52,82,773.80","1,65,279","50,96,509",50.89
AXISBANK,EQ,2015-08-31,508.15,506.7,517.9,502.0,507.9,507.75,510.56,"61,11,825","3,12,04,61,838.60","1,15,154","29,13,398",47.67
AXISBANK,EQ,2015-09-01,507.75,500.0,501.0,477.15,481.0,480.1,487.36,"88,43,551","4,30,99,51,497.15","1,38,063","44,11,262",49.88
AXISBANK,EQ,2015-09-02,480.1,483.05,488.0,464.6,468.8,466.6,471.42,"1,15,37,443","5,43,89,42,436.75","2,06,278","56,16,672",48.68
AXISBANK,EQ,2015-09-03,466.6,471.0,489.5,468.75,485.95,486.9,480.11,"86,51,466","4,15,36,86,632.80","1,45,295","39,05,766",45.15
AXISBANK,EQ,2015-09-04,486.9,483.1,483.4,462.5,468.4,468.0,468.62,"89,69,600","4,20,33,45,275.55","1,38,549","38,54,691",42.98
AXISBANK,EQ,2015-09-07,468.0,469.65,472.2,446.75,451.5,449.85,459.29,"97,43,637","4,47,51,41,641.90","1,73,734","42,67,887",43.8
AXISBANK,EQ,2015-09-08,449.85,452.25,475.6,450.0,474.5,473.9,463.54,"1,26,02,488","5,84,18,06,359.50","1,84,082","45,58,404",36.17
AXISBANK,EQ,2015-09-09,473.9,484.2,495.0,475.1,485.2,486.25,485.85,"1,16,72,474","5,67,10,61,071.05","1,69,976","51,12,782",43.8
AXISBANK,EQ,2015-09-10,486.25,477.8,487.0,472.1,486.1,482.6,479.66,"83,84,392","4,02,16,76,312.75","1,36,244","34,45,388",41.09
AXISBANK,EQ,2015-09-11,482.6,488.0,493.7,474.6,480.8,481.25,484.27,"72,12,180","3,49,26,20,762.35","1,43,253","24,84,963",34.46
AXISBANK,EQ,2015-09-14,481.25,480.0,498.0,479.25,495.95,496.2,491.47,"55,37,347","2,72,14,20,393.25","86,196","16,99,413",30.69
AXISBANK,EQ,2015-09-15,496.2,497.1,498.5,480.85,481.9,482.75,488.35,"95,67,400","4,67,22,77,676.10","1,75,905","53,31,674",55.73
AXISBANK,EQ,2015-09-16,482.75,487.45,497.0,486.0,494.55,494.25,492.26,"72,93,528","3,59,03,35,198.35","1,17,862","30,84,202",42.29
AXISBANK,EQ,2015-09-18,494.25,500.0,520.4,500.0,519.6,517.45,515.78,"1,88,14,281","9,70,40,86,048.35","1,93,889","1,12,74,510",59.93
AXISBANK,EQ,2015-09-21,517.45,510.55,530.0,508.75,529.8,528.0,521.63,"75,16,002","3,92,05,51,047.75","1,04,839","20,66,444",27.49
AXISBANK,EQ,2015-09-22,528.0,531.0,534.7,505.2,506.5,509.7,520.85,"73,58,434","3,83,26,76,845.40","98,908","21,43,066",29.12
AXISBANK,EQ,2015-09-23,509.7,498.75,514.85,497.1,513.35,511.7,506.97,"76,02,683","3,85,43,29,653.30","1,14,140","19,37,149",25.48
AXISBANK,EQ,2015-09-24,511.7,510.0,518.2,506.2,513.8,513.95,512.54,"69,11,468","3,54,24,24,889.25","1,01,972","26,67,344",38.59
AXISBANK,EQ,2015-09-28,513.95,514.5,522.0,505.0,507.6,506.7,514.72,"65,26,803","3,35,94,77,888.80","97,519","23,73,345",36.36
AXISBANK,EQ,2015-09-29,506.7,499.9,513.5,485.0,503.65,504.5,502.62,"1,99,35,063","10,01,97,75,429.95","2,39,887","79,89,088",40.08
AXISBANK,EQ,2015-09-30,504.5,508.8,510.0,491.5,497.8,495.65,497.82,"1,21,99,436","6,07,30,71,809.35","1,90,110","54,46,994",44.65
AXISBANK,EQ,2015-10-01,495.65,500.0,503.45,490.9,495.3,496.25,496.64,"81,37,042","4,04,12,19,144.30","1,12,432","26,25,958",32.27
AXISBANK,EQ,2015-10-05,496.25,504.5,514.9,501.55,513.3,513.25,509.1,"95,58,125","4,86,60,46,841.40","1,36,950","50,26,010",52.58
AXISBANK,EQ,2015-10-06,513.25,517.35,518.55,505.0,506.65,506.4,511.53,"82,26,452","4,20,80,94,269.50","1,02,137","36,43,832",44.29
AXISBANK,EQ,2015-10-07,506.4,503.25,509.8,495.0,498.4,496.8,501.87,"1,12,51,639","5,64,68,95,996.35","1,32,063","61,46,637",54.63
AXISBANK,EQ,2015-10-08,496.8,500.0,500.45,484.2,492.15,491.5,490.37,"99,41,551","4,87,49,96,030.75","1,57,504","49,32,637",49.62
AXISBANK,EQ,2015-10-09,491.5,495.0,499.25,486.75,489.6,490.45,493.32,"1,03,68,020","5,11,47,35,586.00","1,66,296","54,54,089",52.6
AXISBANK,EQ,2015-10-12,490.45,497.8,497.8,485.1,487.2,487.05,491.34,"55,66,595","2,73,50,77,172.20","1,08,293","25,89,344",46.52
AXISBANK,EQ,2015-10-13,487.05,487.0,492.1,485.0,490.65,490.9,489.43,"72,68,043","3,55,71,80,957.60","90,666","35,39,284",48.7
AXISBANK,EQ,2015-10-14,490.9,489.7,496.8,488.05,496.0,495.5,494.44,"56,45,540","2,79,13,86,234.35","65,935","29,28,927",51.88
AXISBANK,EQ,2015-10-15,495.5,497.0,502.0,495.55,499.7,498.7,499.45,"52,51,039","2,62,26,52,446.30","93,818","20,31,918",38.7
AXISBANK,EQ,2015-10-16,498.7,494.5,507.5,491.4,505.0,504.65,499.95,"58,75,167","2,93,73,16,249.10","88,817","21,44,168",36.5
AXISBANK,EQ,2015-10-19,504.65,502.0,508.8,501.15,507.0,506.65,505.79,"42,42,869","2,14,59,97,712.40","81,268","17,18,363",40.5
AXISBANK,EQ,2015-10-20,506.65,504.6,513.3,504.6,509.5,509.4,509.67,"57,29,459","2,92,01,11,844.50","1,04,325","27,17,707",47.43
AXISBANK,EQ,2015-10-21,509.4,509.3,514.75,505.0,511.5,511.75,509.79,"62,45,542","3,18,38,98,686.85","91,530","29,44,130",47.14
AXISBANK,EQ,2015-10-23,511.75,515.25,527.5,515.25,527.0,525.65,520.84,"1,16,28,906","6,05,67,60,700.40","1,55,509","69,16,666",59.48
AXISBANK,EQ,2015-10-26,525.65,528.85,532.7,519.2,521.25,521.05,525.83,"80,15,119","4,21,46,14,369.50","1,04,913","46,25,954",57.72
AXISBANK,EQ,2015-10-27,521.05,517.25,528.5,515.65,517.6,521.8,522.29,"1,30,11,580","6,79,57,97,941.80","1,50,453","67,80,227",52.11
AXISBANK,EQ,2015-10-28,521.8,495.7,495.7,476.55,484.25,482.9,486.44,"3,31,57,058","16,12,90,26,713.75","3,34,936","1,92,89,341",58.18
AXISBANK,EQ,2015-10-29,482.9,485.0,486.4,467.05,467.85,468.95,472.2,"2,20,54,683","10,41,41,11,266.25","2,96,297","1,20,98,017",54.85
AXISBANK,EQ,2015-10-30,468.95,472.0,478.4,465.0,475.5,475.4,472.84,"1,61,03,533","7,61,44,12,161.15","2,60,011","90,56,313",56.24
AXISBANK,EQ,2015-11-02,475.4,477.8,479.85,473.1,476.8,478.25,476.94,"1,03,16,509","4,92,03,84,302.40","1,25,085","69,01,306",66.9
AXISBANK,EQ,2015-11-03,478.25,481.0,483.5,473.35,473.95,474.65,479.56,"93,37,442","4,47,78,18,430.95","1,39,665","62,57,007",67.01
AXISBANK,EQ,2015-11-04,474.65,480.0,480.1,470.6,471.7,472.5,474.18,"63,19,148","2,99,64,17,948.90","1,10,442","32,22,201",50.99
AXISBANK,EQ,2015-11-05,472.5,472.0,472.0,462.0,463.5,463.8,464.74,"80,78,032","3,75,41,91,997.60","1,07,130","41,95,559",51.94
AXISBANK,EQ,2015-11-06,463.8,462.0,467.5,459.5,464.15,465.15,464.02,"91,85,858","4,26,24,42,363.70","1,06,249","57,22,859",62.3
AXISBANK,EQ,2015-11-09,465.15,453.0,467.0,445.9,465.25,464.95,460.58,"96,43,857","4,44,17,49,372.75","1,52,050","43,75,409",45.37
AXISBANK,EQ,2015-11-10,464.95,463.0,473.5,462.25,468.25,468.35,469.13,"70,40,567","3,30,29,33,255.35","1,30,897","38,75,574",55.05
AXISBANK,EQ,2015-11-11,468.35,474.5,482.4,473.0,481.7,480.35,480.21,"30,12,461","1,44,66,09,902.55","33,616","14,10,225",46.81
AXISBANK,EQ,2015-11-13,480.35,475.4,487.2,472.3,484.5,484.95,482.03,"1,00,14,779","4,82,74,32,882.90","2,46,646","52,92,818",52.85
AXISBANK,EQ,2015-11-16,484.95,484.0,485.0,477.0,480.7,481.45,481.01,"64,88,927","3,12,12,69,347.40","2,25,333","33,51,009",51.64
AXISBANK,EQ,2015-11-17,481.45,484.75,485.0,473.05,475.4,475.6,477.66,"59,44,197","2,83,93,17,407.55","1,10,935","28,70,140",48.28
AXISBANK,EQ,2015-11-18,475.6,474.7,476.7,462.2,463.0,463.55,468.87,"60,81,331","2,85,13,66,217.05","85,001","29,52,724",48.55
AXISBANK,EQ,2015-11-19,463.55,468.0,468.0,460.1,463.0,463.05,464.13,"87,17,250","4,04,59,25,644.35","1,45,722","54,22,120",62.2
AXISBANK,EQ,2015-11-20,463.05,462.95,465.35,458.25,460.2,459.85,461.6,"1,14,46,890","5,28,38,78,135.90","1,10,441","74,58,991",65.16
AXISBANK,EQ,2015-11-23,459.85,461.0,464.25,458.7,462.4,462.7,461.97,"77,74,882","3,59,17,57,159.25","1,63,885","46,98,477",60.43
AXISBANK,EQ,2015-11-24,462.7,462.85,466.95,462.7,463.55,463.85,464.76,"53,88,027","2,50,41,36,881.20","84,678","28,75,728",53.37
AXISBANK,EQ,2015-11-26,463.85,465.1,468.55,464.5,466.5,465.3,466.02,"2,66,48,537","12,41,87,52,161.70","1,53,005","2,28,17,752",85.62
AXISBANK,EQ,2015-11-27,465.3,467.0,475.4,466.1,471.1,471.0,471.25,"1,02,88,912","4,84,86,11,781.60","1,09,623","66,33,217",64.47
AXISBANK,EQ,2015-11-30,471.0,469.25,474.4,468.1,468.65,469.15,470.9,"89,26,273","4,20,33,42,494.95","84,288","59,39,209",66.54
AXISBANK,EQ,2015-12-01,469.15,471.0,471.35,458.15,461.6,461.6,462.72,"1,11,77,827","5,17,22,29,015.65","1,33,335","72,08,128",64.49
AXISBANK,EQ,2015-12-02,461.6,462.25,463.4,457.25,458.8,459.5,459.95,"71,52,991","3,29,00,05,521.10","94,002","45,66,075",63.83
AXISBANK,EQ,2015-12-03,459.5,460.0,465.35,458.65,462.8,462.5,461.76,"81,54,164","3,76,52,76,995.90","1,09,808","44,26,129",54.28
AXISBANK,EQ,2015-12-04,462.5,459.9,462.8,456.1,462.05,460.5,459.83,"70,00,002","3,21,88,43,188.40","1,10,446","40,90,930",58.44
AXISBANK,EQ,2015-12-07,460.5,462.95,465.55,460.3,461.15,462.3,462.04,"63,35,649","2,92,73,25,197.05","88,893","42,65,021",67.32
AXISBANK,EQ,2015-12-08,462.3,460.0,462.95,457.5,459.1,458.8,460.45,"70,03,729","3,22,48,68,184.30","1,04,310","50,27,210",71.78
AXISBANK,EQ,2015-12-09,458.8,457.05,461.1,448.0,451.8,450.6,451.95,"87,45,990","3,95,27,52,573.55","1,15,462","50,33,888",57.56
AXISBANK,EQ,2015-12-10,450.6,452.0,454.6,445.1,450.65,449.95,448.72,"1,01,92,522","4,57,35,50,105.00","1,62,550","68,93,736",67.64
AXISBANK,EQ,2015-12-11,449.95,449.95,450.8,436.55,439.35,440.65,442.31,"1,55,89,823","6,89,55,75,336.40","1,77,421","1,02,48,642",65.74
AXISBANK,EQ,2015-12-14,440.65,432.0,441.45,429.5,431.25,431.35,435.52,"1,03,89,129","4,52,46,60,278.40","1,76,574","61,64,925",59.34
AXISBANK,EQ,2015-12-15,431.35,432.0,436.9,429.65,434.25,436.1,433.68,"1,10,58,615","4,79,59,37,259.00","1,77,316","68,38,286",61.84
AXISBANK,EQ,2015-12-16,436.1,437.0,441.9,434.0,438.15,438.15,438.66,"88,81,531","3,89,59,33,900.75","1,21,624","53,20,575",59.91
AXISBANK,EQ,2015-12-17,438.15,442.0,443.65,431.45,435.5,435.55,435.14,"1,15,29,678","5,01,70,53,344.70","1,58,065","68,79,938",59.67
AXISBANK,EQ,2015-12-18,435.55,434.3,440.8,431.1,432.0,432.55,435.48,"1,02,97,545","4,48,43,59,464.25","1,17,402","63,67,759",61.84
AXISBANK,EQ,2015-12-21,432.55,432.55,443.2,432.15,442.1,442.35,439.86,"50,61,836","2,22,64,98,494.25","77,990","21,67,560",42.82
AXISBANK,EQ,2015-12-22,442.35,442.9,450.65,441.6,446.25,446.7,447.0,"87,22,574","3,89,89,65,180.65","1,22,857","51,57,512",59.13
AXISBANK,EQ,2015-12-23,446.7,450.0,452.7,448.2,452.4,452.0,450.9,"44,93,436","2,02,61,03,549.20","64,304","25,72,258",57.24
AXISBANK,EQ,2015-12-24,452.0,452.8,455.25,448.45,450.7,450.75,451.46,"36,33,255","1,64,02,64,160.90","53,211","15,18,328",41.79
AXISBANK,EQ,2015-12-28,450.75,450.0,456.6,448.4,456.0,455.35,453.28,"59,14,945","2,68,11,50,463.40","72,884","38,51,019",65.11
AXISBANK,EQ,2015-12-29,455.35,455.4,459.9,451.2,459.0,458.35,456.26,"59,87,050","2,73,16,26,142.65","75,184","29,00,856",48.45
AXISBANK,EQ,2015-12-30,458.35,458.0,460.0,453.6,455.5,455.1,456.51,"37,66,369","1,71,94,03,586.50","54,912","18,78,662",49.88
AXISBANK,EQ,2015-12-31,455.1,456.0,456.0,448.2,449.75,449.1,450.82,"63,29,611","2,85,35,12,890.85","74,476","40,68,935",64.28
AXISBANK,EQ,2016-01-01,449.1,449.75,452.9,445.55,449.7,449.9,449.76,"33,45,654","1,50,47,32,650.95","37,626","15,49,760",46.32
AXISBANK,EQ,2016-01-04,449.9,448.9,448.9,436.15,436.15,438.4,440.92,"58,62,854","2,58,50,45,452.80","77,347","31,64,931",53.98
AXISBANK,EQ,2016-01-05,438.4,439.9,439.9,433.6,435.6,436.45,436.66,"55,79,449","2,43,63,36,874.20","90,976","27,76,760",49.77
AXISBANK,EQ,2016-01-06,436.45,439.3,439.3,430.0,430.55,430.7,434.75,"57,56,267","2,50,25,49,879.70","1,03,519","34,60,500",60.12
AXISBANK,EQ,2016-01-07,430.7,425.0,425.15,407.0,409.0,409.25,414.65,"1,37,87,371","5,71,68,69,070.85","1,74,608","80,08,737",58.09
AXISBANK,EQ,2016-01-08,409.25,413.5,418.75,410.0,416.1,413.7,413.31,"1,13,07,470","4,67,34,40,969.70","1,22,793","74,85,069",66.2
AXISBANK,EQ,2016-01-11,413.7,410.0,423.4,407.4,418.85,417.2,417.22,"1,03,52,347","4,31,91,74,424.55","1,57,426","48,55,470",46.9
AXISBANK,EQ,2016-01-12,417.2,419.8,420.65,401.0,406.75,406.1,406.58,"1,30,70,476","5,31,41,88,464.85","1,66,654","64,77,607",49.56
AXISBANK,EQ,2016-01-13,406.1,410.0,411.45,392.45,405.2,406.7,402.53,"1,58,73,927","6,38,97,95,510.70","1,59,966","74,69,834",47.06
AXISBANK,EQ,2016-01-14,406.7,394.8,402.0,388.75,389.8,390.6,393.92,"1,17,76,737","4,63,90,62,774.80","1,81,174","58,59,310",49.75
AXISBANK,EQ,2016-01-15,390.6,392.45,395.85,369.0,372.85,374.25,383.27,"1,31,78,892","5,05,10,70,242.55","1,31,800","60,10,368",45.61
AXISBANK,EQ,2016-01-18,374.25,372.25,383.35,366.75,374.1,373.2,376.45,"1,41,17,119","5,31,44,05,706.90","1,50,393","63,06,033",44.67
AXISBANK,EQ,2016-01-19,373.2,376.0,396.0,376.0,396.0,393.0,389.01,"1,42,15,698","5,52,99,82,801.60","1,76,303","70,58,642",49.65
AXISBANK,EQ,2016-01-20,393.0,385.6,393.4,374.65,392.0,387.6,383.16,"1,56,05,644","5,97,94,43,134.00","1,78,928","76,24,669",48.86
AXISBANK,EQ,2016-01-21,387.6,400.0,412.45,397.7,409.0,409.15,406.06,"2,82,00,956","11,45,11,59,737.10","2,58,096","1,27,88,257",45.35
AXISBANK,EQ,2016-01-22,409.15,419.4,427.65,414.6,425.0,424.15,421.98,"1,50,09,103","6,33,35,60,105.85","1,90,885","83,42,047",55.58
AXISBANK,EQ,2016-01-25,424.15,429.75,429.75,415.2,419.15,420.85,419.22,"1,02,52,421","4,29,80,17,429.70","1,28,482","54,13,921",52.81
AXISBANK,EQ,2016-01-27,420.85,424.1,426.5,411.6,415.0,415.4,416.27,"86,48,945","3,60,02,84,940.50","1,25,021","40,23,314",46.52
AXISBANK,EQ,2016-01-28,415.4,416.0,416.9,402.4,408.3,405.65,408.5,"93,70,465","3,82,78,27,315.80","1,14,674","50,71,816",54.13
AXISBANK,EQ,2016-01-29,405.65,396.0,409.8,393.25,409.6,408.4,403.15,"1,36,67,701","5,51,00,72,963.75","1,69,989","56,93,475",41.66
AXISBANK,EQ,2016-02-01,408.4,410.0,410.35,394.5,399.2,399.3,400.65,"1,07,00,914","4,28,73,04,461.35","1,37,373","59,50,154",55.6
AXISBANK,EQ,2016-02-02,399.3,399.0,404.45,388.6,391.1,390.9,396.83,"1,21,31,028","4,81,39,76,404.60","1,26,481","49,07,890",40.46
AXISBANK,EQ,2016-02-03,390.9,387.0,390.0,379.15,380.0,380.55,383.58,"1,00,77,279","3,86,54,66,788.70","1,47,948","48,11,505",47.75
AXISBANK,EQ,2016-02-04,380.55,385.75,386.6,373.35,385.8,382.75,381.03,"1,14,72,602","4,37,14,62,036.40","1,50,236","52,96,760",46.17
AXISBANK,EQ,2016-02-05,382.75,384.7,405.0,384.25,402.85,399.55,394.48,"1,16,77,917","4,60,67,00,201.20","1,55,522","52,61,092",45.05
AXISBANK,EQ,2016-02-08,399.55,401.0,417.95,401.0,406.4,408.55,411.7,"1,19,96,680","4,93,90,23,997.15","1,25,498","52,86,739",44.07
AXISBANK,EQ,2016-02-09,408.55,401.0,405.9,396.0,398.85,399.9,402.13,"65,50,274","2,63,40,74,049.90","96,689","24,27,855",37.06
AXISBANK,EQ,2016-02-10,399.9,397.9,398.0,385.35,395.8,393.6,392.07,"1,09,22,352","4,28,23,68,036.60","1,19,932","59,34,518",54.33
AXISBANK,EQ,2016-02-11,393.6,392.9,396.75,373.3,376.35,377.2,386.26,"80,76,824","3,11,97,26,839.60","1,13,336","30,47,013",37.73
AXISBANK,EQ,2016-02-12,377.2,389.4,395.95,379.1,390.35,391.1,387.16,"2,84,34,501","11,00,88,20,446.95","2,81,015","1,58,73,360",55.82
AXISBANK,EQ,2016-02-15,391.1,395.65,420.0,395.65,414.0,417.65,411.87,"1,39,64,589","5,75,15,44,801.80","1,55,537","83,53,958",59.82
AXISBANK,EQ,2016-02-16,417.65,420.8,422.5,405.0,405.0,405.8,413.33,"1,24,45,006","5,14,39,22,504.65","1,34,755","69,66,852",55.98
AXISBANK,EQ,2016-02-17,405.8,406.9,406.9,394.75,403.95,403.1,400.83,"1,01,97,761","4,08,75,30,030.55","1,35,355","47,05,875",46.15
AXISBANK,EQ,2016-02-18,403.1,410.2,412.1,391.6,397.2,398.05,402.44,"1,20,69,460","4,85,72,86,912.80","1,38,960","57,70,147",47.81
AXISBANK,EQ,2016-02-19,398.05,395.6,396.9,390.0,392.2,392.5,392.6,"1,29,15,275","5,07,05,94,632.10","1,50,394","82,84,478",64.14
AXISBANK,EQ,2016-02-22,392.5,395.0,398.75,391.05,396.35,397.15,395.74,"1,02,84,642","4,07,00,30,565.75","95,798","55,74,977",54.21
AXISBANK,EQ,2016-02-23,397.15,397.9,397.9,383.25,384.9,385.15,389.12,"99,55,791","3,87,39,53,875.55","1,04,658","57,50,553",57.76
AXISBANK,EQ,2016-02-24,385.15,385.0,391.0,377.25,388.0,386.65,384.77,"1,19,83,475","4,61,09,20,952.45","1,38,544","57,28,669",47.8
AXISBANK,EQ,2016-02-25,386.65,386.1,387.8,377.45,380.0,378.2,382.47,"94,91,615","3,63,02,92,068.20","1,07,731","53,01,938",55.86
AXISBANK,EQ,2016-02-26,378.2,385.0,390.3,382.15,386.4,386.35,386.67,"95,88,881","3,70,77,62,366.95","98,482","47,47,230",49.51
AXISBANK,EQ,2016-02-29,386.35,387.0,391.65,374.0,376.8,375.75,380.51,"8,20,22,905","31,21,03,61,648.60","3,05,974","5,60,11,911",68.29
AXISBANK,EQ,2016-03-01,375.75,380.1,393.2,380.1,392.0,392.0,388.03,"1,28,22,550","4,97,55,03,007.60","1,91,135","63,40,262",49.45
AXISBANK,EQ,2016-03-02,392.0,400.0,411.8,400.0,407.0,407.25,407.64,"1,53,32,044","6,24,99,00,132.85","1,48,002","89,77,481",58.55
AXISBANK,EQ,2016-03-03,407.25,411.35,419.0,407.1,415.9,417.15,412.07,"1,46,77,533","6,04,81,37,321.40","1,42,436","75,95,125",51.75
AXISBANK,EQ,2016-03-04,417.15,418.15,418.15,409.25,417.5,416.05,414.26,"89,92,492","3,72,52,24,273.75","89,561","39,95,289",44.43
AXISBANK,EQ,2016-03-08,416.05,415.6,423.05,408.8,411.3,411.75,414.89,"69,21,273","2,87,15,96,101.35","92,865","27,52,493",39.77
AXISBANK,EQ,2016-03-09,411.75,409.0,418.2,407.5,416.5,416.85,415.33,"84,37,253","3,50,42,79,491.00","92,734","41,42,695",49.1
AXISBANK,EQ,2016-03-10,416.85,417.5,420.0,410.6,412.55,413.0,414.25,"56,31,550","2,33,28,62,953.60","82,892","22,66,675",40.25
AXISBANK,EQ,2016-03-11,413.0,413.85,421.95,408.25,412.9,412.8,415.03,"83,48,484","3,46,48,93,245.60","91,366","26,44,166",31.67
AXISBANK,EQ,2016-03-14,412.8,417.6,422.25,413.1,416.5,415.45,417.32,"69,63,673","2,90,60,85,491.35","67,354","30,81,968",44.26
AXISBANK,EQ,2016-03-15,415.45,417.5,421.75,416.1,418.8,418.85,419.11,"81,88,560","3,43,18,79,755.40","75,330","40,14,979",49.03
AXISBANK,EQ,2016-03-16,418.85,419.0,426.35,411.0,425.9,424.6,418.5,"82,90,044","3,46,94,20,883.25","91,924","34,40,683",41.5
AXISBANK,EQ,2016-03-17,424.6,430.0,435.0,425.5,426.65,428.15,430.41,"1,10,80,947","4,76,93,12,144.80","1,59,496","54,53,262",49.21
AXISBANK,EQ,2016-03-18,428.15,429.95,437.6,429.1,436.85,436.1,433.11,"66,75,930","2,89,14,05,728.50","1,06,275","31,24,767",46.81
AXISBANK,EQ,2016-03-21,436.1,439.0,445.5,437.9,444.55,444.5,442.32,"89,10,574","3,94,12,92,769.95","1,12,856","57,38,886",64.41
AXISBANK,EQ,2016-03-22,444.5,447.0,447.6,434.3,440.8,441.25,441.74,"80,04,834","3,53,60,79,343.80","1,00,617","38,46,122",48.05
AXISBANK,EQ,2016-03-23,441.25,439.25,441.25,435.1,437.85,437.5,437.55,"50,18,310","2,19,57,49,819.90","60,079","21,42,751",42.7
AXISBANK,EQ,2016-03-28,437.5,437.85,438.6,419.8,425.5,422.9,429.59,"92,00,929","3,95,26,59,597.95","92,481","53,50,544",58.15
AXISBANK,EQ,2016-03-29,422.9,423.9,432.9,422.4,429.0,429.45,428.59,"66,74,980","2,86,08,49,116.45","79,225","29,65,639",44.43
AXISBANK,EQ,2016-03-30,429.45,433.3,445.7,432.1,444.0,444.25,439.54,"95,51,121","4,19,80,55,778.10","1,79,422","58,64,215",61.4
AXISBANK,EQ,2016-03-31,444.25,443.7,449.0,438.2,445.5,444.15,443.86,"1,26,71,936","5,62,46,00,506.65","2,49,206","80,49,354",63.52
AXISBANK,EQ,2016-04-01,444.15,440.9,452.0,440.05,449.6,449.9,447.47,"88,27,751","3,95,01,77,047.10","1,13,540","46,37,271",52.53
AXISBANK,EQ,2016-04-04,449.9,451.5,451.55,442.1,445.2,444.75,445.86,"53,47,581","2,38,42,97,753.80","71,535","27,43,497",51.3
AXISBANK,EQ,2016-04-05,444.75,443.4,449.5,431.0,431.3,432.6,439.7,"1,21,00,258","5,32,04,87,967.10","1,50,725","52,51,685",43.4
AXISBANK,EQ,2016-04-06,432.6,433.3,436.3,423.1,427.0,424.65,427.39,"74,57,831","3,18,74,01,650.35","80,896","36,50,425",48.95
AXISBANK,EQ,2016-04-07,424.65,427.75,431.8,424.9,426.05,426.65,428.79,"53,74,072","2,30,43,55,500.70","64,994","15,06,868",28.04
AXISBANK,EQ,2016-04-08,426.65,426.7,427.35,420.05,422.65,421.6,422.08,"68,81,318","2,90,44,95,415.60","80,979","37,29,276",54.19
AXISBANK,EQ,2016-04-11,421.6,423.9,431.9,417.5,430.1,429.8,425.2,"62,21,772","2,64,54,76,747.30","60,533","23,54,963",37.85
AXISBANK,EQ,2016-04-12,429.8,430.5,436.45,429.4,434.6,434.05,433.45,"55,86,212","2,42,13,65,229.15","1,05,533","26,88,950",48.14
AXISBANK,EQ,2016-04-13,434.05,440.05,445.3,438.1,439.5,440.5,442.07,"90,91,282","4,01,90,22,789.20","1,35,865","58,04,516",63.85
AXISBANK,EQ,2016-04-18,440.5,444.95,446.05,437.4,445.3,445.25,442.52,"66,74,315","2,95,34,97,595.60","1,11,840","36,08,266",54.06
AXISBANK,EQ,2016-04-20,445.25,446.1,460.65,444.35,458.85,459.1,454.72,"1,07,75,664","4,89,98,72,047.70","1,49,210","55,87,373",51.85
AXISBANK,EQ,2016-04-21,459.1,463.8,472.75,463.0,465.85,467.95,469.02,"1,17,17,618","5,49,58,19,089.65","1,79,716","65,32,726",55.75
AXISBANK,EQ,2016-04-22,467.95,465.6,478.5,462.1,474.8,475.85,471.33,"73,23,373","3,45,17,59,220.35","91,742","32,11,904",43.86
AXISBANK,EQ,2016-04-25,475.85,474.0,477.35,465.0,472.2,469.9,469.36,"74,74,910","3,50,84,57,272.95","1,04,801","37,28,847",49.88
AXISBANK,EQ,2016-04-26,469.9,470.1,484.9,463.65,477.8,480.2,473.62,"1,26,85,893","6,00,82,75,023.35","1,60,470","39,94,971",31.49
AXISBANK,EQ,2016-04-27,480.2,461.3,473.5,458.05,464.25,465.5,467.41,"2,95,44,825","13,80,96,90,687.05","3,27,390","1,79,10,097",60.62
AXISBANK,EQ,2016-04-28,465.5,463.0,471.85,461.55,466.15,468.05,466.92,"1,64,57,436","7,68,43,11,268.00","2,69,454","97,61,052",59.31
AXISBANK,EQ,2016-04-29,468.05,466.75,477.45,465.05,471.0,472.4,472.11,"1,08,83,473","5,13,82,27,494.70","2,15,020","54,13,295",49.74
AXISBANK,EQ,2016-05-02,472.4,474.35,479.0,468.45,472.1,471.8,472.45,"94,39,328","4,45,96,05,996.85","1,30,518","49,30,026",52.23
AXISBANK,EQ,2016-05-03,471.8,473.9,475.0,466.3,470.5,470.55,471.24,"80,97,969","3,81,61,10,719.00","1,38,191","44,71,224",55.21
AXISBANK,EQ,2016-05-04,470.55,466.0,470.0,460.25,464.95,462.45,463.63,"87,77,977","4,06,97,64,721.75","2,16,059","46,48,319",52.95
AXISBANK,EQ,2016-05-05,462.45,463.0,467.3,458.45,461.35,461.05,461.76,"87,36,141","4,03,39,65,760.20","1,72,186","47,40,214",54.26
AXISBANK,EQ,2016-05-06,461.05,461.0,464.05,459.0,461.95,461.45,461.07,"48,04,806","2,21,53,47,889.50","1,12,658","25,03,185",52.1
AXISBANK,EQ,2016-05-09,461.45,465.8,478.0,461.65,477.5,477.1,470.38,"1,02,28,014","4,81,10,34,704.70","1,90,473","58,97,781",57.66
AXISBANK,EQ,2016-05-10,477.1,479.0,489.0,478.15,487.0,487.95,484.03,"1,21,31,886","5,87,21,37,195.50","2,54,875","74,52,498",61.43
AXISBANK,EQ,2016-05-11,487.95,482.6,499.35,480.25,497.8,498.2,495.45,"2,18,78,712","10,83,98,73,221.75","1,96,867","1,41,13,970",64.51
AXISBANK,EQ,2016-05-12,498.2,498.6,506.9,490.6,494.0,492.55,498.87,"1,35,28,266","6,74,88,89,408.85","2,09,144","78,65,002",58.14
AXISBANK,EQ,2016-05-13,492.55,493.7,496.2,486.5,491.15,490.65,490.34,"74,26,191","3,64,13,76,709.45","1,22,230","39,78,678",53.58
AXISBANK,EQ,2016-05-16,490.65,492.0,493.65,477.25,488.7,486.45,484.45,"58,09,867","2,81,45,64,479.80","87,709","28,67,831",49.36
AXISBANK,EQ,2016-05-17,486.45,490.7,505.5,490.3,502.75,503.35,501.05,"89,82,435","4,50,06,82,418.60","1,54,526","45,01,027",50.11
AXISBANK,EQ,2016-05-18,503.35,498.5,503.0,495.25,500.0,501.1,499.23,"82,41,793","4,11,45,55,260.65","1,28,382","48,27,874",58.58
AXISBANK,EQ,2016-05-19,501.1,501.75,501.75,489.0,490.1,490.5,494.79,"59,89,236","2,96,34,18,054.05","77,867","33,06,791",55.21
AXISBANK,EQ,2016-05-20,490.5,493.95,495.7,488.1,490.8,490.6,491.55,"50,12,902","2,46,41,03,338.30","74,022","22,48,403",44.85
AXISBANK,EQ,2016-05-23,490.6,495.4,495.4,485.0,485.7,486.5,490.79,"47,00,955","2,30,71,87,830.75","86,961","23,36,163",49.7
AXISBANK,EQ,2016-05-24,486.5,483.25,490.95,482.0,489.65,488.95,487.26,"48,38,908","2,35,77,94,091.55","66,446","25,77,421",53.26
AXISBANK,EQ,2016-05-25,488.95,494.0,503.0,493.35,502.0,502.15,500.17,"71,44,175","3,57,32,87,826.80","1,11,562","42,15,430",59.01
AXISBANK,EQ,2016-05-26,502.15,502.5,523.0,500.25,521.05,519.0,510.79,"1,12,07,975","5,72,49,62,651.95","1,71,360","64,51,620",57.56
AXISBANK,EQ,2016-05-27,519.0,520.25,525.0,509.0,514.0,512.4,516.12,"76,99,491","3,97,38,69,059.05","1,29,947","38,32,170",49.77
AXISBANK,EQ,2016-05-30,512.4,513.95,522.05,512.5,512.75,513.7,517.4,"48,92,196","2,53,12,14,039.70","71,201","21,50,807",43.96
AXISBANK,EQ,2016-05-31,513.7,515.0,518.7,510.7,515.4,515.2,514.71,"57,06,744","2,93,73,26,005.15","99,792","29,38,332",51.49
AXISBANK,EQ,2016-06-01,515.2,524.85,529.45,510.0,512.15,511.95,519.57,"95,59,476","4,96,68,09,892.50","1,47,486","36,20,872",37.88
AXISBANK,EQ,2016-06-02,511.95,510.5,525.0,506.75,524.7,524.35,516.37,"70,13,241","3,62,14,61,919.15","88,349","32,70,520",46.63
AXISBANK,EQ,2016-06-03,524.35,527.15,544.95,527.0,542.25,542.65,540.35,"1,35,81,215","7,33,86,61,102.15","2,25,732","71,27,909",52.48
AXISBANK,EQ,2016-06-06,542.65,542.1,545.0,530.3,533.6,532.85,535.14,"94,16,306","5,03,90,02,621.25","1,38,763","56,32,396",59.82
AXISBANK,EQ,2016-06-07,532.85,539.1,539.1,526.75,533.75,534.4,532.89,"1,14,55,340","6,10,44,16,377.25","1,71,731","62,70,097",54.74
AXISBANK,EQ,2016-06-08,534.4,536.4,541.45,530.8,540.75,539.0,537.75,"69,88,719","3,75,81,83,823.50","1,34,347","38,68,537",55.35
AXISBANK,EQ,2016-06-09,539.0,542.95,545.9,537.1,541.35,542.6,542.03,"70,19,405","3,80,46,99,076.20","1,40,157","37,39,800",53.28
AXISBANK,EQ,2016-06-10,542.6,540.0,549.15,538.3,541.9,541.05,543.38,"63,82,258","3,46,79,96,140.35","86,938","30,31,765",47.5
AXISBANK,EQ,2016-06-13,541.05,529.8,534.6,524.0,531.5,531.15,528.64,"67,88,154","3,58,84,90,366.65","86,654","32,98,570",48.59
AXISBANK,EQ,2016-06-14,531.15,535.8,535.8,525.5,529.2,529.65,529.05,"82,34,417","4,35,64,29,575.35","96,045","45,52,620",55.29
AXISBANK,EQ,2016-06-15,529.65,531.9,533.4,522.65,529.25,528.8,527.71,"78,36,638","4,13,54,47,727.15","95,368","45,07,957",57.52
AXISBANK,EQ,2016-06-16,528.8,528.0,528.3,516.0,522.7,523.45,522.39,"53,75,177","2,80,79,54,076.30","97,079","24,71,288",45.98
AXISBANK,EQ,2016-06-17,523.45,526.9,533.9,524.7,526.35,526.9,530.11,"72,01,452","3,81,75,40,057.20","89,492","38,50,981",53.48
AXISBANK,EQ,2016-06-20,526.9,515.0,523.9,514.0,522.25,522.45,520.9,"1,13,35,041","5,90,43,72,996.90","98,294","69,39,646",61.22
AXISBANK,EQ,2016-06-21,522.45,524.5,524.5,515.45,515.75,517.4,519.27,"53,01,794","2,75,30,82,694.75","63,398","28,25,763",53.3
AXISBANK,EQ,2016-06-22,517.4,517.9,521.0,513.6,516.9,516.2,518.01,"53,74,493","2,78,40,45,961.95","65,665","25,15,985",46.81
AXISBANK,EQ,2016-06-23,516.2,518.0,528.0,514.8,524.9,526.4,521.17,"58,74,012","3,06,13,85,323.90","89,079","26,79,557",45.62
AXISBANK,EQ,2016-06-24,526.4,502.0,511.6,492.8,509.0,510.5,501.84,"97,45,784","4,89,08,68,656.05","1,30,376","36,01,267",36.95
AXISBANK,EQ,2016-06-27,510.5,507.4,517.6,507.15,514.2,514.45,514.98,"46,12,787","2,37,54,77,600.50","58,217","16,73,822",36.29
AXISBANK,EQ,2016-06-28,514.45,515.0,520.5,512.75,513.0,514.0,515.39,"44,79,273","2,30,85,50,171.80","68,927","23,90,280",53.36
AXISBANK,EQ,2016-06-29,514.0,518.5,518.95,514.25,518.0,517.85,516.72,"47,21,178","2,43,95,29,250.30","61,619","27,47,145",58.19
AXISBANK,EQ,2016-06-30,517.85,522.0,535.25,521.0,533.5,533.5,530.9,"1,09,12,401","5,79,33,91,292.80","1,23,477","60,88,382",55.79
AXISBANK,EQ,2016-07-01,533.5,535.8,545.7,535.5,542.2,542.9,541.78,"67,01,034","3,63,04,77,280.15","1,37,481","39,52,286",58.98
AXISBANK,EQ,2016-07-04,542.9,545.5,546.95,539.5,543.0,543.85,543.49,"51,73,772","2,81,18,86,543.00","82,765","29,08,598",56.22
AXISBANK,EQ,2016-07-05,543.85,541.2,546.25,535.25,539.15,539.7,540.92,"52,19,466","2,82,33,24,195.75","73,292","22,97,753",44.02
AXISBANK,EQ,2016-07-07,539.7,539.2,545.9,535.3,540.6,542.25,542.97,"46,50,991","2,52,53,35,223.40","76,227","19,41,992",41.75
AXISBANK,EQ,2016-07-08,542.25,541.0,548.5,540.0,545.4,546.45,544.07,"60,16,471","3,27,33,87,935.80","62,595","33,85,666",56.27
AXISBANK,EQ,2016-07-11,546.45,551.65,553.0,541.55,544.2,544.4,546.91,"60,82,359","3,32,64,79,241.85","76,515","37,53,944",61.72
AXISBANK,EQ,2016-07-12,544.4,550.0,562.1,549.15,560.0,561.0,555.93,"65,41,827","3,63,67,80,971.85","1,07,902","27,87,643",42.61
AXISBANK,EQ,2016-07-13,561.0,563.7,563.7,551.1,554.6,556.85,556.7,"63,65,885","3,54,38,91,893.20","84,162","33,84,104",53.16
AXISBANK,EQ,2016-07-14,556.85,555.75,561.7,553.6,560.0,560.25,558.89,"40,20,476","2,24,70,16,934.35","59,328","19,57,525",48.69
AXISBANK,EQ,2016-07-15,560.25,556.15,570.45,556.0,565.25,565.05,565.15,"62,47,207","3,53,05,85,077.15","1,06,394","28,60,218",45.78
AXISBANK,EQ,2016-07-18,565.05,570.0,576.8,569.0,569.95,571.0,572.94,"66,41,864","3,80,53,65,210.95","1,12,189","37,09,873",55.86
AXISBANK,EQ,2016-07-19,571.0,570.7,573.85,563.85,566.0,565.45,567.67,"55,47,223","3,14,89,83,010.65","90,367","32,08,351",57.84
AXISBANK,EQ,2016-07-20,565.45,563.3,567.85,555.85,556.0,558.25,561.02,"52,58,296","2,95,00,04,825.90","75,390","28,53,272",54.26
AXISBANK,EQ,2016-07-21,558.25,557.9,557.9,535.55,536.95,538.05,545.29,"94,16,152","5,13,45,76,731.60","1,65,899","52,05,475",55.28
AXISBANK,EQ,2016-07-22,538.05,537.95,545.3,532.9,537.0,537.7,538.93,"81,34,377","4,38,38,61,361.45","1,05,607","35,25,953",43.35
AXISBANK,EQ,2016-07-25,537.7,518.5,540.0,518.5,539.7,538.1,531.34,"1,57,01,682","8,34,29,33,918.30","2,56,884","66,54,702",42.38
AXISBANK,EQ,2016-07-26,538.1,539.7,559.2,535.45,552.0,553.8,549.99,"1,14,37,473","6,29,04,42,228.35","1,42,242","54,99,494",48.08
AXISBANK,EQ,2016-07-27,553.8,553.85,558.1,543.45,548.05,548.85,548.44,"77,87,071","4,27,07,74,078.50","1,11,123","36,52,332",46.9
AXISBANK,EQ,2016-07-28,548.85,548.1,553.35,538.05,545.55,543.85,543.65,"1,21,74,235","6,61,85,79,671.85","89,784","79,87,558",65.61
AXISBANK,EQ,2016-07-29,543.85,542.5,551.8,542.5,545.75,546.15,547.29,"48,61,274","2,66,05,15,521.40","55,084","26,46,699",54.44
AXISBANK,EQ,2016-08-01,546.15,546.25,557.7,546.25,550.55,550.55,552.1,"70,26,398","3,87,92,45,874.75","1,25,880","37,92,554",53.98
AXISBANK,EQ,2016-08-02,550.55,552.0,555.6,547.1,551.0,549.65,551.56,"57,49,264","3,17,10,66,760.60","73,102","33,31,716",57.95
AXISBANK,EQ,2016-08-03,549.65,549.65,552.95,540.85,549.15,549.35,547.14,"64,89,800","3,55,08,04,182.90","71,428","33,45,992",51.56
AXISBANK,EQ,2016-08-04,549.35,551.9,556.0,544.65,548.6,547.5,549.66,"57,69,753","3,17,13,86,016.90","65,323","31,88,657",55.27
AXISBANK,EQ,2016-08-05,547.5,552.4,569.0,550.55,564.55,567.25,563.02,"80,30,392","4,52,12,87,967.90","1,23,814","41,05,390",51.12
AXISBANK,EQ,2016-08-08,567.25,568.45,572.4,565.25,570.35,571.15,569.28,"73,60,104","4,18,99,27,165.55","1,01,992","50,27,303",68.3
AXISBANK,EQ,2016-08-09,571.15,570.5,576.0,566.7,574.3,574.1,572.15,"79,58,291","4,55,33,34,398.45","90,178","49,99,156",62.82
AXISBANK,EQ,2016-08-10,574.1,574.05,575.3,563.0,568.0,567.9,567.03,"66,11,328","3,74,88,45,881.00","86,043","43,49,420",65.79
AXISBANK,EQ,2016-08-11,567.9,564.25,574.9,564.25,570.55,569.75,570.59,"50,98,948","2,90,94,33,053.65","68,998","25,87,132",50.74
AXISBANK,EQ,2016-08-12,569.75,569.85,593.2,569.8,589.55,591.0,585.35,"1,32,09,690","7,73,22,54,643.40","1,40,160","94,28,084",71.37
AXISBANK,EQ,2016-08-16,591.0,593.95,593.95,580.0,582.95,583.3,584.9,"1,11,26,973","6,50,81,95,250.50","1,47,521","77,38,398",69.55
AXISBANK,EQ,2016-08-17,583.3,588.2,598.0,585.2,588.55,589.5,592.06,"98,79,769","5,84,94,42,447.75","1,82,788","63,75,172",64.53
AXISBANK,EQ,2016-08-18,589.5,591.1,597.3,590.8,593.95,593.15,594.62,"1,20,89,285","7,18,84,77,391.90","1,15,582","90,70,765",75.03
AXISBANK,EQ,2016-08-19,593.15,595.4,597.6,586.1,588.0,588.55,590.84,"92,09,878","5,44,15,63,276.60","1,18,681","66,38,031",72.08
AXISBANK,EQ,2016-08-22,588.55,589.9,589.95,579.4,581.6,580.25,582.66,"94,99,230","5,53,48,22,281.45","1,84,168","71,75,674",75.54
AXISBANK,EQ,2016-08-23,580.25,581.25,585.0,580.1,582.9,582.5,582.64,"69,63,978","4,05,74,65,457.95","1,02,503","53,64,769",77.04
AXISBANK,EQ,2016-08-24,582.5,584.85,584.85,578.65,584.0,583.4,581.79,"58,35,501","3,39,50,17,178.70","74,725","38,34,141",65.7
AXISBANK,EQ,2016-08-25,583.4,586.8,594.0,585.0,586.0,586.55,588.73,"1,71,77,795","10,11,30,38,461.25","1,88,147","1,28,92,965",75.06
AXISBANK,EQ,2016-08-26,586.55,586.5,589.0,580.3,586.75,586.4,584.69,"75,31,289","4,40,34,97,234.15","1,25,856","55,47,570",73.66
AXISBANK,EQ,2016-08-29,586.4,586.4,597.0,586.0,590.1,589.15,591.52,"1,24,61,059","7,37,09,47,208.50","1,76,953","94,31,696",75.69
AXISBANK,EQ,2016-08-30,589.15,592.0,599.25,588.55,591.55,591.15,593.14,"1,18,34,475","7,01,94,53,147.45","1,52,837","84,67,211",71.55
AXISBANK,EQ,2016-08-31,591.15,591.5,603.85,580.7,595.85,596.85,595.61,"12,05,41,914","71,79,55,03,633.20","3,66,475","9,49,01,165",78.73
AXISBANK,EQ,2016-09-01,596.85,597.05,603.0,592.0,597.5,596.65,597.21,"1,02,04,784","6,09,43,55,517.90","1,40,305","56,27,207",55.14
AXISBANK,EQ,2016-09-02,596.65,597.7,602.0,594.25,599.25,599.2,597.89,"72,79,782","4,35,25,12,520.50","1,58,108","48,28,241",66.32
AXISBANK,EQ,2016-09-06,599.2,602.5,637.8,602.5,636.8,635.9,624.0,"1,52,52,302","9,51,73,99,702.80","2,14,315","76,83,818",50.38
AXISBANK,EQ,2016-09-07,635.9,637.75,638.3,622.5,626.15,625.1,630.49,"1,18,69,960","7,48,38,68,903.25","1,38,531","75,41,891",63.54
AXISBANK,EQ,2016-09-08,625.1,626.0,634.0,619.75,628.9,629.35,626.25,"80,39,571","5,03,47,58,001.20","1,46,856","43,95,944",54.68
AXISBANK,EQ,2016-09-09,629.35,615.1,624.7,611.7,613.55,613.1,617.34,"97,95,054","6,04,68,73,329.10","1,18,963","62,37,062",63.68
AXISBANK,EQ,2016-09-12,613.1,597.8,601.85,588.4,594.5,592.1,592.9,"84,71,237","5,02,25,56,833.30","1,14,963","51,20,447",60.45
AXISBANK,EQ,2016-09-14,592.1,593.0,604.65,590.45,603.65,601.8,597.95,"59,15,220","3,53,69,89,443.55","1,12,520","31,11,294",52.6
AXISBANK,EQ,2016-09-15,601.8,601.05,603.0,583.3,590.0,588.75,589.07,"71,45,326","4,20,91,28,432.55","89,350","39,39,813",55.14
AXISBANK,EQ,2016-09-16,588.75,592.25,612.4,592.25,599.95,602.2,602.69,"1,93,09,804","11,63,77,31,902.15","1,45,696","1,21,78,189",63.07
AXISBANK,EQ,2016-09-19,602.2,603.0,606.0,592.85,595.0,594.35,597.67,"53,11,980","3,17,48,08,826.55","85,817","27,64,705",52.05
AXISBANK,EQ,2016-09-20,594.35,598.8,599.0,589.15,594.5,592.95,592.48,"45,38,973","2,68,92,66,621.30","80,000","22,63,922",49.88
AXISBANK,EQ,2016-09-21,592.95,596.5,600.35,594.5,599.0,598.9,597.97,"54,80,087","3,27,69,11,879.85","89,714","29,35,190",53.56
AXISBANK,EQ,2016-09-22,598.9,610.0,612.0,590.0,590.1,591.8,597.41,"1,02,05,715","6,09,69,60,181.10","1,08,120","52,06,315",51.01
AXISBANK,EQ,2016-09-23,591.8,595.6,596.1,555.7,556.45,557.45,567.55,"3,02,22,177","17,15,25,64,656.05","3,07,475","1,87,76,848",62.13
AXISBANK,EQ,2016-09-26,557.45,559.1,560.0,545.3,547.0,547.4,551.0,"1,48,80,674","8,19,93,11,505.70","1,86,630","81,99,582",55.1
AXISBANK,EQ,2016-09-27,547.4,551.0,554.25,538.7,543.2,541.0,547.15,"90,85,199","4,97,09,84,209.50","1,32,412","46,58,721",51.28
AXISBANK,EQ,2016-09-28,541.0,543.15,550.65,540.5,549.3,549.1,546.9,"1,02,40,083","5,60,03,28,617.35","1,60,273","46,98,315",45.88
AXISBANK,EQ,2016-09-29,549.1,554.45,554.85,523.45,541.0,539.3,539.11,"1,65,81,655","8,93,92,91,935.20","1,51,205","73,54,389",44.35
AXISBANK,EQ,2016-09-30,539.3,535.0,547.15,530.6,543.0,541.35,540.33,"57,81,645","3,12,39,83,822.80","85,637","19,62,157",33.94
AXISBANK,EQ,2016-10-03,541.35,542.95,552.3,542.9,550.0,550.9,549.39,"52,76,340","2,89,87,58,774.90","90,647","24,63,149",46.68
AXISBANK,EQ,2016-10-04,550.9,553.0,553.35,541.0,548.0,546.6,547.02,"56,90,321","3,11,27,04,994.15","64,609","21,04,564",36.98
AXISBANK,EQ,2016-10-05,546.6,550.0,550.65,533.25,534.0,535.7,540.07,"82,22,912","4,44,09,65,862.20","1,23,343","43,59,344",53.01
AXISBANK,EQ,2016-10-06,535.7,531.7,535.0,524.05,533.5,530.8,529.25,"1,06,46,794","5,63,47,72,648.10","1,51,377","60,84,966",57.15
AXISBANK,EQ,2016-10-07,530.8,530.0,539.4,530.0,533.75,533.85,534.84,"77,02,773","4,11,97,38,402.15","87,759","34,78,947",45.16
AXISBANK,EQ,2016-10-10,533.85,538.0,538.75,530.3,532.5,531.55,533.48,"32,61,598","1,74,00,04,253.75","49,483","12,27,188",37.63
AXISBANK,EQ,2016-10-13,531.55,529.0,529.9,513.2,517.4,518.8,522.82,"1,00,08,090","5,23,24,43,936.45","1,23,341","61,61,927",61.57
AXISBANK,EQ,2016-10-14,518.8,521.0,525.0,516.8,521.55,520.65,520.19,"43,14,775","2,24,45,18,678.45","73,939","18,19,447",42.17
AXISBANK,EQ,2016-10-17,520.65,524.15,533.8,517.1,518.85,519.0,525.32,"79,30,102","4,16,58,07,398.70","94,658","27,94,885",35.24
AXISBANK,EQ,2016-10-18,519.0,523.9,534.05,518.4,532.85,532.45,525.65,"1,35,32,992","7,11,35,89,063.90","1,31,266","79,16,625",58.5
AXISBANK,EQ,2016-10-19,532.45,535.65,542.0,529.1,535.1,535.55,536.0,"1,07,54,624","5,76,44,91,223.30","1,08,743","52,53,888",48.85
AXISBANK,EQ,2016-10-20,535.55,537.1,544.85,536.0,540.0,540.05,540.52,"69,69,699","3,76,72,87,108.35","78,551","31,18,038",44.74
AXISBANK,EQ,2016-10-21,540.05,538.7,539.2,524.2,525.5,526.1,527.79,"65,26,349","3,44,45,31,422.45","90,737","24,88,603",38.13
AXISBANK,EQ,2016-10-24,526.1,529.45,530.0,517.55,521.8,521.55,521.43,"1,06,60,533","5,55,87,17,805.20","1,45,043","58,67,678",55.04
AXISBANK,EQ,2016-10-25,521.55,520.9,531.5,520.1,530.5,529.1,526.97,"73,56,952","3,87,68,80,622.40","75,959","32,78,884",44.57
AXISBANK,EQ,2016-10-26,529.1,499.0,502.0,484.5,485.25,487.55,489.96,"3,87,80,250","19,00,09,42,955.45","4,98,492","2,18,20,377",56.27
AXISBANK,EQ,2016-10-27,487.55,485.0,489.6,477.3,487.0,485.65,484.35,"1,71,98,496","8,33,00,24,265.20","1,57,471","1,06,07,950",61.68
AXISBANK,EQ,2016-10-28,485.65,486.9,494.0,484.55,487.0,486.9,487.97,"1,26,88,495","6,19,16,36,797.45","1,99,989","78,90,488",62.19
AXISBANK,EQ,2016-10-30,486.9,490.0,491.0,486.2,486.8,487.7,488.62,"9,37,701","45,81,79,264.70","15,648","3,91,825",41.79
AXISBANK,EQ,2016-11-01,487.7,488.05,488.05,474.45,475.1,475.8,479.42,"1,04,25,548","4,99,82,54,899.75","2,18,825","67,21,949",64.48
AXISBANK,EQ,2016-11-02,475.8,469.8,480.5,468.1,476.05,476.8,474.09,"98,85,845","4,68,67,32,120.50","1,62,240","37,29,381",37.72
AXISBANK,EQ,2016-11-03,476.8,475.5,479.8,473.65,476.0,475.85,476.39,"66,31,504","3,15,92,13,426.75","94,111","37,50,328",56.55
AXISBANK,EQ,2016-11-04,475.85,474.4,485.7,474.2,478.0,478.7,480.31,"1,08,68,004","5,22,00,09,453.20","1,80,881","57,43,532",52.85
AXISBANK,EQ,2016-11-07,478.7,484.75,489.45,482.05,483.9,485.4,485.62,"69,90,315","3,39,46,28,216.70","1,11,500","42,86,375",61.32
AXISBANK,EQ,2016-11-08,485.4,487.05,492.45,483.25,491.55,490.85,488.75,"74,60,548","3,64,63,52,233.95","1,34,537","46,25,343",62.0
AXISBANK,EQ,2016-11-09,490.85,459.0,493.95,458.95,489.3,487.55,481.28,"1,28,24,970","6,17,23,43,551.55","1,40,953","60,89,286",47.48
AXISBANK,EQ,2016-11-10,487.55,494.0,513.6,494.0,507.5,506.95,506.2,"1,14,33,458","5,78,75,75,578.55","1,71,997","48,87,757",42.75
AXISBANK,EQ,2016-11-11,506.95,505.0,512.7,495.0,495.45,498.75,501.18,"70,85,764","3,55,12,45,656.35","85,219","25,90,609",36.56
AXISBANK,EQ,2016-11-15,498.75,498.0,503.0,476.75,480.05,479.3,487.86,"1,18,22,835","5,76,79,19,410.35","1,76,133","64,59,920",54.64
AXISBANK,EQ,2016-11-16,479.3,486.85,487.35,470.1,471.85,472.7,478.1,"1,07,04,594","5,11,78,60,866.35","1,43,471","61,43,673",57.39
AXISBANK,EQ,2016-11-17,472.7,474.35,484.4,471.35,475.0,474.1,478.07,"1,02,50,008","4,90,02,50,927.30","1,44,165","64,43,950",62.87
AXISBANK,EQ,2016-11-18,474.1,478.0,478.9,472.0,473.0,473.45,474.81,"45,72,569","2,17,11,07,227.05","73,638","19,52,821",42.71
AXISBANK,EQ,2016-11-21,473.45,475.9,476.5,463.05,466.7,465.7,468.05,"62,17,176","2,90,99,74,446.55","1,12,722","27,83,302",44.77
AXISBANK,EQ,2016-11-22,465.7,468.05,475.5,458.05,474.65,470.75,465.59,"73,13,923","3,40,52,98,566.65","1,30,687","37,82,737",51.72
AXISBANK,EQ,2016-11-23,470.75,475.0,482.55,469.15,479.0,480.5,477.29,"64,77,616","3,09,16,88,174.00","1,29,650","34,01,491",52.51
AXISBANK,EQ,2016-11-24,480.5,479.7,479.7,466.05,469.0,468.2,471.4,"81,99,524","3,86,52,91,056.30","1,28,517","48,84,748",59.57
AXISBANK,EQ,2016-11-25,468.2,472.25,473.0,465.3,471.15,471.2,469.49,"46,74,455","2,19,46,09,732.95","99,098","18,57,864",39.75
AXISBANK,EQ,2016-11-28,471.2,464.0,477.6,461.15,472.75,472.9,470.06,"82,68,812","3,88,68,72,425.55","1,80,208","44,51,681",53.84
AXISBANK,EQ,2016-11-29,472.9,473.0,475.6,463.0,465.7,464.65,469.18,"76,12,624","3,57,16,66,366.90","1,12,671","44,37,354",58.29
AXISBANK,EQ,2016-11-30,464.65,465.0,471.0,462.05,469.85,469.85,466.73,"1,35,75,386","6,33,59,98,322.10","1,78,067","90,98,082",67.02
AXISBANK,EQ,2016-12-01,469.85,474.0,474.45,464.3,465.0,466.05,467.42,"74,51,748","3,48,31,20,005.40","1,32,985","44,61,449",59.87
AXISBANK,EQ,2016-12-02,466.05,466.9,466.9,458.0,459.6,459.95,462.44,"63,81,901","2,95,12,70,882.00","1,20,009","27,67,908",43.37
AXISBANK,EQ,2016-12-05,459.95,457.7,464.7,455.8,461.3,460.75,459.97,"49,95,436","2,29,77,63,201.85","77,514","18,38,815",36.81
AXISBANK,EQ,2016-12-06,460.75,461.8,463.2,454.35,454.75,455.95,458.29,"54,65,618","2,50,48,13,783.05","93,769","29,13,461",53.31
AXISBANK,EQ,2016-12-07,455.95,457.85,457.85,441.25,447.0,447.1,452.47,"75,58,363","3,41,99,48,613.45","1,09,401","32,30,309",42.74
AXISBANK,EQ,2016-12-08,447.1,449.9,452.85,447.4,449.1,449.35,450.58,"76,29,221","3,43,75,43,568.90","1,25,644","48,97,248",64.19
AXISBANK,EQ,2016-12-09,449.35,451.7,458.0,445.55,455.65,456.4,452.06,"77,80,448","3,51,72,54,749.75","1,20,526","39,24,030",50.43
AXISBANK,EQ,2016-12-12,456.4,445.0,452.0,444.1,444.8,445.1,447.69,"68,49,079","3,06,62,58,544.60","1,05,313","31,34,111",45.76
AXISBANK,EQ,2016-12-13,445.1,445.8,454.45,442.3,453.5,452.95,447.94,"84,04,874","3,76,48,67,827.20","1,12,381","53,54,569",63.71
AXISBANK,EQ,2016-12-14,452.95,454.65,469.8,454.0,466.55,467.2,464.47,"1,27,75,149","5,93,36,44,921.90","1,66,025","66,93,147",52.39
AXISBANK,EQ,2016-12-15,467.2,459.1,479.4,459.1,478.75,478.1,473.37,"1,80,21,627","8,53,08,99,869.25","2,15,450","96,92,278",53.78
AXISBANK,EQ,2016-12-16,478.1,479.5,480.7,468.7,471.3,472.8,473.46,"2,04,77,361","9,69,51,77,428.65","1,77,223","1,22,08,096",59.62
AXISBANK,EQ,2016-12-19,472.8,469.5,472.75,466.45,468.9,467.6,468.59,"37,35,250","1,75,02,87,174.90","62,844","17,53,514",46.95
AXISBANK,EQ,2016-12-20,467.6,469.0,469.7,460.45,462.4,461.65,463.46,"48,36,019","2,24,12,92,415.15","68,088","27,93,150",57.76
AXISBANK,EQ,2016-12-21,461.65,463.55,465.8,455.1,455.8,457.7,461.28,"44,54,408","2,05,47,09,482.60","77,905","27,44,379",61.61
AXISBANK,EQ,2016-12-22,457.7,455.8,455.8,445.05,450.7,447.55,448.56,"65,40,181","2,93,36,57,546.40","94,304","42,35,388",64.76
AXISBANK,EQ,2016-12-23,447.55,448.0,449.35,436.0,436.2,438.1,441.77,"90,18,273","3,98,40,23,768.55","1,18,922","58,38,899",64.75
AXISBANK,EQ,2016-12-26,438.1,435.1,435.85,427.0,430.95,432.0,431.04,"44,94,204","1,93,71,98,256.50","66,213","18,24,907",40.61
AXISBANK,EQ,2016-12-27,432.0,431.1,438.9,431.1,435.8,437.65,435.64,"46,94,669","2,04,51,80,054.75","90,729","26,73,274",56.94
AXISBANK,EQ,2016-12-28,437.65,439.7,448.25,438.0,438.7,440.05,442.82,"50,72,550","2,24,62,51,317.50","80,818","19,48,871",38.42
AXISBANK,EQ,2016-12-29,440.05,442.0,445.9,437.7,445.9,444.25,442.37,"60,82,573","2,69,07,75,731.00","1,48,525","31,26,070",51.39
AXISBANK,EQ,2016-12-30,444.25,445.5,452.2,445.05,450.3,449.95,450.18,"46,16,817","2,07,83,87,354.70","87,570","25,32,353",54.85
AXISBANK,EQ,2017-01-02,449.95,451.4,452.0,441.25,447.0,447.75,446.18,"30,54,394","1,36,28,00,099.35","39,650","8,22,758",26.94
AXISBANK,EQ,2017-01-03,447.75,449.6,457.8,443.5,454.95,455.25,453.44,"46,21,782","2,09,57,16,069.40","55,775","16,58,363",35.88
AXISBANK,EQ,2017-01-04,455.25,455.0,460.0,451.95,454.1,453.1,455.06,"37,03,873","1,68,54,72,270.50","49,980","14,57,227",39.34
AXISBANK,EQ,2017-01-05,453.1,454.6,463.9,453.25,457.1,458.05,458.46,"58,29,373","2,67,25,28,206.90","93,787","28,89,776",49.57
AXISBANK,EQ,2017-01-06,458.05,459.7,461.8,454.05,454.4,455.2,457.22,"44,31,212","2,02,60,48,015.20","58,851","16,68,064",37.64
AXISBANK,EQ,2017-01-09,455.2,456.9,459.35,451.55,453.2,452.75,454.96,"26,90,456","1,22,40,48,274.00","38,066","9,34,640",34.74
AXISBANK,EQ,2017-01-10,452.75,455.5,456.05,424.4,447.8,447.35,446.88,"94,36,151","4,21,68,49,683.50","93,174","29,62,535",31.4
AXISBANK,EQ,2017-01-11,447.35,451.85,457.55,448.2,452.5,453.6,452.99,"56,78,047","2,57,21,13,986.75","90,411","22,41,633",39.48
AXISBANK,EQ,2017-01-12,453.6,454.2,461.4,452.6,455.8,455.2,456.91,"51,06,342","2,33,31,51,502.90","74,165","23,80,973",46.63
AXISBANK,EQ,2017-01-13,455.2,457.0,475.2,455.2,472.0,472.8,469.33,"1,26,93,510","5,95,74,12,221.00","1,61,048","61,77,412",48.67
AXISBANK,EQ,2017-01-16,472.8,472.5,480.5,468.3,477.2,477.25,476.54,"74,30,300","3,54,08,22,413.30","91,629","33,79,810",45.49
AXISBANK,EQ,2017-01-17,477.25,477.3,488.2,476.95,485.6,487.2,483.42,"1,13,31,156","5,47,76,55,782.60","1,51,267","69,34,887",61.2
AXISBANK,EQ,2017-01-18,487.2,487.15,491.7,483.25,487.0,488.5,487.69,"87,89,347","4,28,65,06,346.75","1,10,773","49,69,540",56.54
AXISBANK,EQ,2017-01-19,488.5,486.7,487.9,479.3,480.7,483.8,483.72,"76,88,347","3,71,90,35,598.20","1,16,459","33,65,494",43.77
AXISBANK,EQ,2017-01-20,483.8,458.0,461.4,448.0,448.7,450.75,455.0,"3,01,89,779","13,73,63,69,570.60","3,56,406","1,50,72,926",49.93
AXISBANK,EQ,2017-01-23,450.75,445.25,448.95,441.1,445.0,445.0,444.75,"1,65,02,895","7,33,97,42,398.95","1,46,987","1,05,65,074",64.02
AXISBANK,EQ,2017-01-24,445.0,447.8,452.55,445.3,452.0,451.25,449.0,"71,03,963","3,18,96,46,188.95","1,28,370","41,97,478",59.09
AXISBANK,EQ,2017-01-25,451.25,452.0,465.1,452.0,464.4,463.55,460.92,"1,43,28,065","6,60,41,23,416.05","1,89,669","85,09,281",59.39
AXISBANK,EQ,2017-01-27,463.55,465.25,478.85,465.25,472.0,472.85,474.24,"88,21,164","4,18,33,70,882.15","1,35,755","50,97,039",57.78
AXISBANK,EQ,2017-01-30,472.85,472.0,476.6,470.85,471.45,471.9,473.44,"45,25,720","2,14,26,52,452.05","70,528","26,53,495",58.63
AXISBANK,EQ,2017-01-31,471.9,472.0,472.0,464.3,466.0,466.0,466.74,"1,06,29,001","4,96,10,19,590.35","1,06,673","86,00,223",80.91
AXISBANK,EQ,2017-02-01,466.0,467.75,479.9,460.0,475.8,475.65,471.68,"83,40,303","3,93,39,35,007.20","1,00,129","45,71,977",54.82
AXISBANK,EQ,2017-02-02,475.65,476.25,486.0,473.35,483.0,482.55,482.87,"75,57,596","3,64,93,13,862.75","1,03,188","40,66,127",53.8
AXISBANK,EQ,2017-02-03,482.55,483.7,492.5,480.15,489.9,490.7,487.58,"71,34,563","3,47,86,84,029.05","77,751","34,74,987",48.71
AXISBANK,EQ,2017-02-06,490.7,494.75,500.2,492.0,499.0,498.3,496.6,"85,75,116","4,25,83,70,811.35","79,040","54,73,532",63.83
AXISBANK,EQ,2017-02-07,498.3,498.4,499.7,490.6,491.45,493.4,495.04,"52,42,366","2,59,51,59,876.35","67,926","23,62,038",45.06
AXISBANK,EQ,2017-02-08,493.4,492.4,492.7,481.85,488.75,487.6,486.5,"96,94,192","4,71,62,15,651.25","1,19,025","57,49,613",59.31
AXISBANK,EQ,2017-02-09,487.6,491.0,494.55,482.95,486.55,485.25,488.05,"79,38,519","3,87,43,75,747.80","82,218","46,95,940",59.15
AXISBANK,EQ,2017-02-10,485.25,489.75,492.5,486.2,488.75,488.9,489.07,"1,03,45,868","5,05,98,84,994.30","1,03,877","79,25,879",76.61
AXISBANK,EQ,2017-02-13,488.9,492.7,493.85,486.75,490.95,490.3,490.37,"66,26,404","3,24,93,74,742.70","1,01,009","37,30,306",56.29
AXISBANK,EQ,2017-02-14,490.3,490.3,491.45,482.1,486.3,486.9,485.87,"40,89,031","1,98,67,36,751.90","60,672","21,69,324",53.05
AXISBANK,EQ,2017-02-15,486.9,488.0,493.45,483.8,489.0,488.2,488.31,"62,42,589","3,04,83,00,826.00","87,387","34,41,356",55.13
AXISBANK,EQ,2017-02-16,488.2,487.7,494.35,486.55,493.2,493.15,490.87,"52,18,900","2,56,17,80,032.70","71,174","29,37,519",56.29
AXISBANK,EQ,2017-02-17,493.15,501.0,504.0,487.4,488.95,489.1,495.54,"1,29,83,330","6,43,38,16,567.95","98,317","75,04,264",57.8
AXISBANK,EQ,2017-02-20,489.1,489.4,490.65,479.65,479.9,481.05,484.89,"58,40,632","2,83,20,55,083.40","67,635","35,77,547",61.25
AXISBANK,EQ,2017-02-21,481.05,481.9,509.05,481.2,506.75,504.35,493.14,"1,64,40,027","8,10,71,80,962.05","1,34,791","78,18,503",47.56
AXISBANK,EQ,2017-02-22,504.35,508.5,528.05,507.8,524.2,525.3,519.18,"2,01,67,381","10,47,05,71,142.30","2,66,431","88,77,589",44.02
AXISBANK,EQ,2017-02-23,525.3,525.0,530.0,518.05,524.55,528.15,525.35,"1,03,60,480","5,44,28,40,136.70","1,54,412","56,90,909",54.93
AXISBANK,EQ,2017-02-27,528.15,527.9,527.9,507.3,509.1,508.95,513.5,"73,72,140","3,78,55,67,297.15","1,12,788","35,78,982",48.55
AXISBANK,EQ,2017-02-28,508.95,509.4,512.5,504.6,506.0,506.65,507.87,"57,99,421","2,94,53,31,738.05","1,05,184","29,96,636",51.67
AXISBANK,EQ,2017-03-01,506.65,511.0,522.0,510.15,514.0,513.4,516.4,"76,24,002","3,93,70,36,709.05","1,00,320","31,43,214",41.23
AXISBANK,EQ,2017-03-02,513.4,515.1,519.8,503.7,507.5,506.3,512.26,"71,12,655","3,64,34,97,546.15","1,22,474","36,67,886",51.57
AXISBANK,EQ,2017-03-03,506.3,507.25,515.0,506.25,513.6,512.9,510.67,"39,65,255","2,02,49,18,627.55","64,578","19,66,326",49.59
AXISBANK,EQ,2017-03-06,512.9,514.7,520.8,512.3,518.55,518.65,517.28,"69,94,407","3,61,80,96,806.70","1,09,431","43,18,810",61.75
AXISBANK,EQ,2017-03-07,518.65,519.0,519.9,509.25,512.0,511.8,512.32,"60,43,543","3,09,62,11,673.90","1,13,256","41,18,438",68.15
AXISBANK,EQ,2017-03-08,511.8,504.6,512.8,500.25,512.05,510.15,506.51,"88,50,848","4,48,30,02,669.25","1,15,528","49,05,726",55.43
AXISBANK,EQ,2017-03-09,510.15,509.6,519.55,506.5,516.15,516.4,515.55,"85,60,015","4,41,30,90,430.05","1,21,362","45,57,341",53.24
AXISBANK,EQ,2017-03-10,516.4,519.2,520.0,513.0,515.25,515.9,515.76,"54,94,130","2,83,36,35,515.85","96,693","29,29,411",53.32
AXISBANK,EQ,2017-03-14,515.9,524.9,525.65,509.55,511.0,510.9,518.2,"79,75,713","4,13,30,41,017.40","1,10,015","44,27,875",55.52
AXISBANK,EQ,2017-03-15,510.9,514.7,515.8,509.05,511.75,511.7,512.4,"62,48,549","3,20,17,58,798.10","78,589","38,45,361",61.54
AXISBANK,EQ,2017-03-16,511.7,513.0,516.8,511.3,513.05,513.65,513.91,"53,62,177","2,75,56,51,086.95","83,616","34,45,524",64.26
AXISBANK,EQ,2017-03-17,513.65,515.3,519.0,511.7,515.45,517.15,516.74,"2,02,96,836","10,48,82,42,435.65","1,32,707","1,32,76,614",65.41
AXISBANK,EQ,2017-03-20,517.15,518.0,518.25,501.3,502.5,502.85,506.33,"49,32,998","2,49,77,46,894.00","67,190","22,33,715",45.28
AXISBANK,EQ,2017-03-21,502.85,498.75,500.0,486.05,489.0,488.3,490.2,"1,10,17,752","5,40,09,50,323.15","1,51,010","65,32,415",59.29
AXISBANK,EQ,2017-03-22,488.3,485.0,502.4,484.0,485.5,485.45,492.74,"1,26,85,275","6,25,05,79,612.75","1,45,380","54,58,447",43.03
AXISBANK,EQ,2017-03-23,485.45,487.55,492.0,483.0,487.8,488.25,487.12,"69,42,275","3,38,17,55,458.65","87,008","35,21,065",50.72
AXISBANK,EQ,2017-03-24,488.25,491.0,495.7,484.85,489.3,489.35,491.31,"55,01,203","2,70,27,89,975.15","74,454","26,15,133",47.54
AXISBANK,EQ,2017-03-27,489.35,488.4,493.25,483.55,487.0,487.15,487.84,"53,84,510","2,62,67,97,162.65","74,118","26,37,317",48.98
AXISBANK,EQ,2017-03-28,487.15,492.3,505.0,490.05,504.25,502.8,498.88,"1,11,94,711","5,58,47,95,549.85","1,55,396","45,29,904",40.46
AXISBANK,EQ,2017-03-29,502.8,506.0,513.0,500.1,502.55,504.2,506.13,"1,26,77,454","6,41,64,35,365.75","1,37,410","50,88,937",40.14
AXISBANK,EQ,2017-03-30,504.2,498.95,504.0,495.0,498.35,499.25,499.39,"84,54,772","4,22,21,95,915.00","96,997","40,74,523",48.19
AXISBANK,EQ,2017-03-31,499.25,499.7,503.7,488.8,490.8,490.8,496.23,"69,85,211","3,46,63,05,376.90","1,42,856","37,59,188",53.82
AXISBANK,EQ,2017-04-03,490.8,495.7,503.7,491.35,501.0,500.6,498.75,"57,55,303","2,87,04,56,778.25","65,980","20,46,308",35.56
AXISBANK,EQ,2017-04-05,500.6,503.85,510.55,498.85,507.0,508.3,505.36,"65,95,144","3,33,29,31,523.80","79,090","27,53,188",41.75
AXISBANK,EQ,2017-04-06,508.3,507.7,517.65,505.15,508.0,508.7,510.97,"99,28,098","5,07,29,12,677.65","1,29,674","48,25,801",48.61
AXISBANK,EQ,2017-04-07,508.7,507.0,514.9,502.5,504.6,504.2,508.51,"50,19,268","2,55,23,60,473.05","53,791","18,23,925",36.34
AXISBANK,EQ,2017-04-10,504.2,504.65,513.0,503.35,510.2,510.75,509.81,"59,86,936","3,05,21,91,515.50","97,021","26,54,612",44.34
AXISBANK,EQ,2017-04-11,510.75,509.6,516.6,508.1,513.55,515.05,513.28,"74,06,691","3,80,17,31,526.25","1,00,772","41,64,761",56.23
AXISBANK,EQ,2017-04-12,515.05,515.3,520.4,503.25,506.6,506.0,511.95,"61,61,411","3,15,43,36,757.90","73,530","26,28,324",42.66
AXISBANK,EQ,2017-04-13,506.0,506.6,511.35,502.9,507.85,507.55,507.01,"62,16,374","3,15,17,48,057.25","63,209","31,08,426",50.0
AXISBANK,EQ,2017-04-17,507.55,505.55,509.05,501.25,501.75,502.35,504.68,"40,70,932","2,05,45,23,669.75","50,314","21,69,667",53.3
AXISBANK,EQ,2017-04-18,502.35,505.0,508.95,498.0,498.3,499.65,505.53,"54,50,454","2,75,53,60,779.50","51,801","30,30,846",55.61
AXISBANK,EQ,2017-04-19,499.65,498.25,501.45,488.25,498.3,499.5,495.11,"74,47,021","3,68,70,96,379.85","86,641","35,34,794",47.47
AXISBANK,EQ,2017-04-20,499.5,496.15,504.4,487.0,488.25,488.0,490.14,"81,53,829","3,99,64,93,725.45","1,19,396","48,66,643",59.69
AXISBANK,EQ,2017-04-21,488.0,492.0,497.0,483.3,486.0,486.25,489.99,"1,03,01,245","5,04,74,81,725.90","1,52,480","60,90,748",59.13
AXISBANK,EQ,2017-04-24,486.25,487.95,503.6,481.0,497.05,498.65,494.46,"1,41,82,302","7,01,26,17,083.85","1,48,845","79,97,508",56.39
AXISBANK,EQ,2017-04-25,498.65,501.0,520.15,495.1,518.1,516.4,506.97,"1,37,78,124","6,98,50,55,405.45","1,39,628","67,57,145",49.04
AXISBANK,EQ,2017-04-26,516.4,519.5,525.0,508.05,516.2,517.15,518.06,"1,15,16,903","5,96,64,54,489.25","1,41,722","31,93,699",27.73
AXISBANK,EQ,2017-04-27,517.15,524.0,524.0,503.25,508.25,506.6,508.99,"2,21,08,735","11,25,32,19,193.50","2,37,163","93,81,194",42.43
AXISBANK,EQ,2017-04-28,506.6,508.3,515.3,504.5,509.0,509.65,510.62,"92,87,281","4,74,22,39,555.55","96,394","44,25,133",47.65
AXISBANK,EQ,2017-05-02,509.65,509.5,513.1,501.6,506.8,505.55,506.13,"75,39,462","3,81,59,46,551.55","1,12,823","39,74,742",52.72
AXISBANK,EQ,2017-05-03,505.55,506.9,507.35,500.0,500.5,500.85,503.2,"72,20,815","3,63,34,86,202.40","65,802","40,27,993",55.78
AXISBANK,EQ,2017-05-04,500.85,504.95,521.8,502.0,518.0,518.85,516.2,"1,57,19,994","8,11,46,72,413.65","1,46,258","64,21,448",40.85
AXISBANK,EQ,2017-05-05,518.85,522.0,522.4,502.5,503.4,504.5,509.35,"94,40,005","4,80,82,23,919.55","1,38,090","42,04,184",44.54
AXISBANK,EQ,2017-05-08,504.5,509.0,513.7,503.3,510.5,511.2,509.51,"68,34,456","3,48,22,45,185.00","82,389","32,34,950",47.33
AXISBANK,EQ,2017-05-09,511.2,513.0,521.25,510.55,519.05,518.2,516.37,"78,72,272","4,06,50,38,641.55","74,783","36,33,872",46.16
AXISBANK,EQ,2017-05-10,518.2,519.0,527.55,515.7,525.6,526.35,523.26,"88,12,464","4,61,12,32,396.35","92,342","32,99,600",37.44
AXISBANK,EQ,2017-05-11,526.35,525.2,534.6,513.45,515.4,516.9,525.97,"89,62,710","4,71,41,40,501.60","1,01,765","29,95,266",33.42
AXISBANK,EQ,2017-05-12,516.9,516.7,516.85,499.2,503.9,503.0,507.04,"99,34,430","5,03,71,03,793.65","1,32,361","41,27,765",41.55
AXISBANK,EQ,2017-05-15,503.0,505.0,508.5,498.4,500.25,500.1,502.95,"88,06,756","4,42,93,84,193.25","1,09,965","43,20,438",49.06
AXISBANK,EQ,2017-05-16,500.1,502.1,504.5,493.5,502.05,501.5,499.85,"86,10,492","4,30,39,38,307.25","1,01,028","40,27,982",46.78
AXISBANK,EQ,2017-05-17,501.5,501.35,506.75,498.5,502.0,502.8,502.88,"64,43,135","3,24,01,54,192.85","84,189","28,76,528",44.64
AXISBANK,EQ,2017-05-18,502.8,498.0,499.1,490.25,492.85,492.0,494.96,"92,27,022","4,56,69,92,829.20","95,624","53,48,691",57.97
AXISBANK,EQ,2017-05-19,492.0,495.75,503.85,494.2,501.9,501.7,499.1,"76,11,430","3,79,88,99,956.75","72,985","41,90,505",55.06
AXISBANK,EQ,2017-05-22,501.7,504.0,507.45,499.5,502.0,502.3,503.0,"49,70,982","2,50,03,82,611.30","62,027","26,65,857",53.63
AXISBANK,EQ,2017-05-23,502.3,502.25,506.1,495.2,500.5,500.6,500.17,"75,49,551","3,77,60,28,090.15","69,512","41,20,666",54.58
AXISBANK,EQ,2017-05-24,500.6,503.0,505.0,495.0,499.65,499.3,498.39,"72,71,148","3,62,39,01,991.20","61,592","49,86,725",68.58
AXISBANK,EQ,2017-05-25,499.3,502.0,509.9,495.85,507.85,507.45,504.39,"91,57,557","4,61,90,22,578.05","1,06,201","42,20,728",46.09
AXISBANK,EQ,2017-05-26,507.45,508.0,513.0,505.0,510.5,511.45,508.86,"59,95,136","3,05,06,82,634.70","72,779","28,24,290",47.11
AXISBANK,EQ,2017-05-29,511.45,511.9,515.0,502.2,507.45,507.25,507.58,"54,41,466","2,76,19,95,514.45","62,036","24,62,115",45.25
AXISBANK,EQ,2017-05-30,507.25,505.0,516.95,503.65,514.0,514.4,512.4,"47,25,430","2,42,13,20,429.30","81,509","16,90,453",35.77
AXISBANK,EQ,2017-05-31,514.4,514.0,516.0,509.5,514.05,514.05,513.03,"72,63,061","3,72,61,74,066.40","1,27,912","45,71,507",62.94
AXISBANK,EQ,2017-06-01,514.05,512.15,515.95,505.5,510.0,509.3,509.17,"81,05,813","4,12,72,64,524.85","50,261","56,38,214",69.56
AXISBANK,EQ,2017-06-02,509.3,513.5,513.5,506.35,507.5,508.05,509.46,"44,74,040","2,27,93,64,538.50","69,112","25,89,478",57.88
AXISBANK,EQ,2017-06-05,508.05,507.35,516.75,507.0,513.8,513.65,513.15,"38,58,825","1,98,01,39,067.30","57,915","16,23,770",42.08
AXISBANK,EQ,2017-06-06,513.65,514.0,514.4,505.55,509.75,510.2,509.31,"38,66,339","1,96,91,53,338.35","42,061","18,46,559",47.76
AXISBANK,EQ,2017-06-07,510.2,510.0,515.45,508.1,514.45,514.2,511.95,"33,89,166","1,73,50,93,532.10","63,216","16,06,010",47.39
AXISBANK,EQ,2017-06-08,514.2,514.0,521.8,511.35,515.0,515.75,517.07,"59,80,728","3,09,24,42,242.75","91,962","27,29,718",45.64
AXISBANK,EQ,2017-06-09,515.75,515.0,516.35,509.4,513.1,513.65,513.11,"32,42,063","1,66,35,43,219.00","49,349","11,70,363",36.1
AXISBANK,EQ,2017-06-12,513.65,512.45,513.1,506.0,507.15,507.5,509.94,"23,60,518","1,20,37,31,095.40","43,179","9,77,595",41.41
AXISBANK,EQ,2017-06-13,507.5,509.0,512.3,505.5,507.0,506.45,508.42,"21,81,945","1,10,93,48,608.65","51,764","9,50,074",43.54
AXISBANK,EQ,2017-06-14,506.45,509.0,510.9,501.55,508.85,509.5,507.45,"46,48,343","2,35,88,24,391.20","66,054","26,97,523",58.03
AXISBANK,EQ,2017-06-15,509.5,508.85,509.3,504.0,507.4,507.6,506.77,"34,25,367","1,73,58,67,326.80","58,545","21,09,450",61.58
AXISBANK,EQ,2017-06-16,507.6,507.65,514.3,507.5,509.15,510.45,510.27,"49,99,502","2,55,10,90,212.15","56,697","29,59,675",59.2
AXISBANK,EQ,2017-06-19,510.45,511.0,525.35,509.3,518.0,520.15,517.27,"68,44,723","3,54,05,60,814.15","70,602","34,99,580",51.13
AXISBANK,EQ,2017-06-20,520.15,520.2,521.7,510.5,512.95,511.85,515.15,"43,88,846","2,26,09,23,459.80","55,076","22,03,975",50.22
AXISBANK,EQ,2017-06-21,511.85,511.05,512.5,506.75,507.35,507.75,509.19,"43,46,995","2,21,34,66,122.65","73,840","25,00,935",57.53
AXISBANK,EQ,2017-06-22,507.75,508.9,514.45,506.65,508.0,508.0,510.48,"34,63,745","1,76,81,66,637.30","67,487","17,07,367",49.29
AXISBANK,EQ,2017-06-23,508.0,509.6,510.45,503.65,505.0,504.65,506.14,"35,48,884","1,79,62,47,623.15","55,281","18,27,409",51.49
AXISBANK,EQ,2017-06-27,504.65,506.0,506.7,484.45,494.0,492.85,491.01,"98,42,829","4,83,28,87,696.40","1,10,049","62,51,831",63.52
AXISBANK,EQ,2017-06-28,492.85,493.8,500.35,490.05,496.45,492.0,493.28,"1,26,91,859","6,26,06,56,806.25","76,061","1,00,38,114",79.09
AXISBANK,EQ,2017-06-29,492.0,498.0,514.4,497.7,510.7,512.1,510.39,"1,18,55,524","6,05,08,81,865.95","96,263","45,70,578",38.55
AXISBANK,EQ,2017-06-30,512.1,510.6,520.0,508.1,519.0,517.35,513.68,"76,00,005","3,90,39,59,967.35","70,339","37,57,896",49.45
AXISBANK,EQ,2017-07-03,517.35,517.1,521.8,515.0,517.0,517.25,518.62,"37,01,949","1,91,98,99,522.30","50,518","15,60,626",42.16
AXISBANK,EQ,2017-07-04,517.25,516.8,517.55,506.55,507.7,508.4,510.84,"40,86,213","2,08,74,11,115.05","44,090","20,37,542",49.86
AXISBANK,EQ,2017-07-05,508.4,507.75,515.4,507.75,514.55,513.9,512.56,"31,54,406","1,61,68,29,190.80","45,895","13,93,508",44.18
AXISBANK,EQ,2017-07-06,513.9,511.0,512.85,508.15,509.45,509.5,510.69,"35,14,758","1,79,49,44,435.25","29,962","18,94,962",53.91
AXISBANK,EQ,2017-07-07,509.5,508.25,508.95,501.25,504.5,503.15,504.92,"35,09,920","1,77,22,41,129.10","69,429","16,45,142",46.87
AXISBANK,EQ,2017-07-10,503.15,521.0,529.75,506.7,510.0,509.95,510.48,"12,45,716","63,59,14,884.60","7,548","7,68,768",61.71
AXISBANK,EQ,2017-07-11,509.95,512.0,512.4,505.8,507.8,506.8,508.44,"39,28,279","1,99,72,89,169.35","71,571","24,73,178",62.96
AXISBANK,EQ,2017-07-12,506.8,508.9,509.9,504.2,507.3,506.75,506.27,"55,04,892","2,78,69,56,087.20","70,653","42,30,384",76.85
AXISBANK,EQ,2017-07-13,506.75,508.0,516.85,508.0,511.75,511.9,512.99,"2,22,31,839","11,40,46,43,882.15","76,818","1,91,90,329",86.32
AXISBANK,EQ,2017-07-14,511.9,514.0,514.5,507.7,512.5,512.95,512.02,"31,60,157","1,61,80,60,558.65","38,720","15,08,491",47.73
AXISBANK,EQ,2017-07-17,512.95,513.1,514.0,508.5,510.05,510.5,510.49,"31,69,635","1,61,80,81,278.10","36,620","19,56,608",61.73
AXISBANK,EQ,2017-07-18,510.5,509.0,522.7,508.35,516.3,516.55,516.84,"78,64,083","4,06,44,79,833.55","99,239","43,98,520",55.93
AXISBANK,EQ,2017-07-19,516.55,518.0,521.95,516.05,520.55,520.2,519.44,"81,19,092","4,21,74,02,863.55","49,078","60,45,489",74.46
AXISBANK,EQ,2017-07-20,520.2,520.8,544.2,520.7,539.15,540.0,535.9,"1,63,91,849","8,78,43,60,297.85","1,80,579","71,34,255",43.52
AXISBANK,EQ,2017-07-21,540.0,540.0,542.4,532.25,540.4,540.8,538.2,"55,67,645","2,99,65,11,405.60","69,704","17,82,212",32.01
AXISBANK,EQ,2017-07-24,540.8,541.0,546.4,531.4,535.5,534.8,540.13,"47,79,353","2,58,14,54,594.60","63,022","18,61,535",38.95
AXISBANK,EQ,2017-07-25,534.8,533.5,547.5,529.95,547.4,544.95,539.81,"81,81,916","4,41,66,88,653.10","1,03,163","27,96,497",34.18
AXISBANK,EQ,2017-07-26,544.95,538.9,543.95,525.4,526.85,528.85,532.52,"1,20,85,057","6,43,55,05,417.10","1,45,641","38,97,247",32.25
AXISBANK,EQ,2017-07-27,528.85,532.4,534.95,522.0,523.6,524.65,526.77,"1,22,90,852","6,47,43,97,877.90","1,37,599","75,22,662",61.21
AXISBANK,EQ,2017-07-28,524.65,523.8,529.65,512.0,515.0,515.1,518.0,"82,68,116","4,28,28,84,793.05","77,752","46,41,265",56.13
AXISBANK,EQ,2017-07-31,515.1,517.4,521.2,509.4,520.5,519.8,517.58,"72,45,884","3,75,03,28,858.15","94,700","42,27,353",58.34
AXISBANK,EQ,2017-08-01,519.8,518.2,521.75,514.75,515.3,516.55,517.58,"45,62,630","2,36,15,43,420.40","66,142","28,65,458",62.8
AXISBANK,EQ,2017-08-02,516.55,518.75,524.05,512.6,513.6,516.9,519.92,"40,79,631","2,12,10,95,779.95","64,512","16,60,576",40.7
AXISBANK,EQ,2017-08-03,516.9,516.0,516.35,504.8,505.4,506.0,508.72,"41,40,945","2,10,65,84,695.80","80,442","21,19,288",51.18
AXISBANK,EQ,2017-08-04,506.0,506.0,510.8,504.6,507.8,508.1,507.61,"49,72,811","2,52,42,44,771.95","61,421","30,41,480",61.16
AXISBANK,EQ,2017-08-07,508.1,509.0,511.8,504.1,505.55,505.8,507.22,"52,93,884","2,68,51,85,274.30","65,862","34,35,261",64.89
AXISBANK,EQ,2017-08-08,505.8,507.7,510.95,496.05,499.0,499.45,502.23,"88,98,560","4,46,91,19,282.30","87,901","54,99,128",61.8
AXISBANK,EQ,2017-08-09,499.45,494.45,498.65,485.45,487.8,486.95,491.03,"71,69,705","3,52,05,43,112.45","84,055","39,81,613",55.53
AXISBANK,EQ,2017-08-10,486.95,485.1,494.15,483.55,488.0,485.5,487.78,"1,00,95,387","4,92,43,16,832.45","75,987","71,05,601",70.38
AXISBANK,EQ,2017-08-11,485.5,482.9,493.35,480.0,488.1,489.7,485.92,"92,61,420","4,50,02,92,507.40","92,632","62,94,568",67.97
AXISBANK,EQ,2017-08-14,489.7,491.0,497.45,489.75,491.2,491.75,492.63,"39,83,656","1,96,24,55,202.00","67,406","19,88,356",49.91
AXISBANK,EQ,2017-08-16,491.75,492.95,501.55,488.0,501.45,499.5,491.95,"59,58,229","2,93,11,53,328.05","65,228","32,44,434",54.45
AXISBANK,EQ,2017-08-17,499.5,500.2,503.45,495.0,496.65,497.15,499.14,"39,48,664","1,97,09,40,670.10","57,668","13,56,369",34.35
AXISBANK,EQ,2017-08-18,497.15,495.3,495.95,489.85,490.5,490.4,492.39,"41,66,976","2,05,17,66,459.15","66,544","21,48,636",51.56
AXISBANK,EQ,2017-08-21,490.4,492.1,503.4,491.8,494.7,494.8,497.23,"1,78,84,400","8,89,26,82,221.80","75,380","1,43,44,383",80.21
AXISBANK,EQ,2017-08-22,494.8,496.0,507.0,496.0,499.7,499.2,501.2,"66,54,272","3,33,51,26,184.85","80,954","29,53,179",44.38
AXISBANK,EQ,2017-08-23,499.2,505.0,505.8,500.15,501.6,502.65,502.23,"32,88,488","1,65,15,89,785.80","56,505","16,99,893",51.69
AXISBANK,EQ,2017-08-24,502.65,503.0,510.5,502.05,507.0,506.85,507.22,"71,57,375","3,63,03,72,929.55","95,831","41,39,754",57.84
AXISBANK,EQ,2017-08-28,506.85,507.5,512.9,506.2,510.85,510.6,510.24,"37,24,389","1,90,03,20,046.05","70,179","24,10,354",64.72
AXISBANK,EQ,2017-08-29,510.6,509.4,509.45,501.0,503.7,503.6,503.99,"32,66,295","1,64,61,93,085.10","37,018","14,72,005",45.07
AXISBANK,EQ,2017-08-30,503.6,506.2,509.5,502.3,503.3,503.9,506.18,"39,72,126","2,01,06,02,726.35","50,685","24,22,014",60.98
AXISBANK,EQ,2017-08-31,503.9,504.0,505.4,498.55,500.0,500.35,501.18,"44,91,876","2,25,12,47,521.50","62,782","24,59,274",54.75
AXISBANK,EQ,2017-09-01,500.35,502.0,509.8,498.5,508.45,507.55,505.36,"45,69,367","2,30,91,94,508.20","63,973","24,52,377",53.67
AXISBANK,EQ,2017-09-04,507.55,506.6,509.0,499.7,502.0,501.75,503.11,"37,44,616","1,88,39,55,027.20","48,437","19,10,859",51.03
AXISBANK,EQ,2017-09-05,501.75,502.25,506.65,501.5,501.6,503.4,504.2,"32,16,819","1,62,19,04,612.55","44,046","17,68,635",54.98
AXISBANK,EQ,2017-09-06,503.4,502.0,502.0,491.5,492.75,492.85,495.32,"49,47,660","2,45,06,83,372.80","77,066","25,53,793",51.62
AXISBANK,EQ,2017-09-07,492.85,494.0,499.0,494.0,496.5,496.6,496.72,"45,64,617","2,26,73,51,324.35","61,724","25,79,561",56.51
AXISBANK,EQ,2017-09-08,496.6,498.0,498.5,491.85,493.7,494.0,494.9,"36,62,579","1,81,26,06,053.30","69,641","19,91,944",54.39
AXISBANK,EQ,2017-09-11,494.0,495.35,497.4,492.65,494.2,493.9,495.09,"35,90,293","1,77,75,12,510.65","83,946","23,06,739",64.25
AXISBANK,EQ,2017-09-12,493.9,494.9,502.2,493.25,496.1,496.5,497.43,"33,24,949","1,65,39,36,124.10","51,456","16,59,667",49.92
AXISBANK,EQ,2017-09-13,496.5,496.1,505.6,495.05,499.0,499.3,499.31,"44,30,874","2,21,23,71,802.45","84,969","21,21,591",47.88
AXISBANK,EQ,2017-09-14,499.3,505.0,521.8,502.1,519.45,519.75,516.41,"1,51,68,429","7,83,31,02,848.70","1,69,699","81,00,212",53.4
AXISBANK,EQ,2017-09-15,519.75,517.95,520.0,511.0,517.6,516.15,515.5,"89,42,804","4,60,99,75,398.75","1,08,474","57,25,644",64.03
AXISBANK,EQ,2017-09-18,516.15,518.65,526.0,518.3,523.1,524.55,522.57,"73,37,260","3,83,41,97,822.65","56,198","43,63,189",59.47
AXISBANK,EQ,2017-09-19,524.55,522.0,524.1,517.5,521.0,520.75,519.98,"23,86,279","1,24,08,22,006.30","33,094","11,07,743",46.42
AXISBANK,EQ,2017-09-20,520.75,516.75,522.5,516.75,519.4,519.45,519.66,"82,97,561","4,31,19,50,124.20","51,653","67,36,488",81.19
AXISBANK,EQ,2017-09-21,519.45,518.0,522.5,505.65,512.4,512.55,513.29,"31,03,034","1,59,27,49,393.20","43,251","13,69,107",44.12
AXISBANK,EQ,2017-09-22,512.55,509.4,510.5,503.2,504.4,505.3,505.43,"45,46,160","2,29,77,70,794.50","65,423","28,27,413",62.19
AXISBANK,EQ,2017-09-25,505.3,504.0,505.0,488.3,504.0,501.7,496.59,"1,19,21,527","5,92,01,09,110.70","1,02,363","88,36,381",74.12
AXISBANK,EQ,2017-09-26,501.7,500.0,518.2,500.0,512.7,511.95,507.94,"52,92,394","2,68,82,07,977.55","72,455","29,90,907",56.51
AXISBANK,EQ,2017-09-27,511.95,513.4,513.9,500.5,507.0,506.3,506.04,"53,00,694","2,68,23,72,210.85","58,329","24,16,432",45.59
AXISBANK,EQ,2017-09-28,506.3,507.85,517.25,505.65,508.0,511.8,511.31,"1,04,08,979","5,32,22,17,145.95","1,05,507","68,87,161",66.17
AXISBANK,EQ,2017-09-29,511.8,511.1,516.95,505.1,510.2,509.15,511.49,"1,15,78,743","5,92,23,96,013.40","89,012","86,27,869",74.51
AXISBANK,EQ,2017-10-03,509.15,514.0,517.0,504.1,506.9,509.65,511.85,"1,07,12,537","5,48,32,30,103.65","59,749","81,83,856",76.4
AXISBANK,EQ,2017-10-04,509.65,507.5,511.0,504.5,505.8,505.95,507.19,"47,92,373","2,43,06,49,792.35","63,017","25,14,653",52.47
AXISBANK,EQ,2017-10-05,505.95,506.65,507.85,497.45,501.05,501.2,501.98,"93,49,884","4,69,34,23,731.25","1,12,325","61,74,807",66.04
AXISBANK,EQ,2017-10-06,501.2,503.0,507.0,501.25,503.4,503.35,504.91,"1,13,43,137","5,72,72,46,623.80","63,580","91,06,974",80.29
AXISBANK,EQ,2017-10-09,503.35,503.4,508.8,501.25,505.5,505.95,505.38,"39,42,277","1,99,23,50,381.20","63,288","19,93,417",50.57
AXISBANK,EQ,2017-10-10,505.95,507.5,515.7,504.1,513.65,514.55,509.72,"49,32,758","2,51,43,34,065.75","73,085","23,01,672",46.66
AXISBANK,EQ,2017-10-11,514.55,519.9,523.3,509.4,514.7,515.75,518.14,"61,88,165","3,20,63,24,378.00","71,755","29,33,725",47.41
AXISBANK,EQ,2017-10-12,515.75,516.3,525.95,512.8,524.75,525.1,519.37,"48,00,917","2,49,34,45,843.85","53,300","28,07,381",58.48
AXISBANK,EQ,2017-10-13,525.1,524.25,534.65,522.5,527.75,529.45,530.35,"64,47,797","3,41,95,95,109.35","76,257","27,35,525",42.43
AXISBANK,EQ,2017-10-16,529.45,530.35,531.75,514.2,518.75,520.35,521.14,"71,48,294","3,72,52,61,803.45","79,622","28,90,499",40.44
AXISBANK,EQ,2017-10-17,520.35,520.95,526.1,511.0,511.5,513.15,517.18,"94,43,230","4,88,38,74,202.25","96,350","35,16,413",37.24
AXISBANK,EQ,2017-10-18,513.15,488.0,489.0,460.9,465.0,464.5,473.56,"4,93,08,621","23,35,05,04,585.45","4,05,745","2,51,80,969",51.07
AXISBANK,EQ,2017-10-19,464.5,463.9,465.0,458.0,458.3,460.3,461.9,"33,02,209","1,52,52,99,109.95","42,306","11,39,040",34.49
AXISBANK,EQ,2017-10-23,460.3,458.65,461.05,447.5,449.8,449.95,452.07,"2,11,27,981","9,55,13,19,417.15","1,87,667","1,30,23,865",61.64
AXISBANK,EQ,2017-10-24,449.95,451.65,457.8,450.1,450.95,451.95,454.53,"1,93,27,721","8,78,50,93,469.40","1,61,013","1,45,78,807",75.43
AXISBANK,EQ,2017-10-25,451.95,468.15,476.5,456.65,474.0,473.0,467.94,"3,76,24,005","17,60,56,94,643.15","3,27,169","2,55,15,156",67.82
AXISBANK,EQ,2017-10-26,473.0,472.0,487.85,471.5,484.25,484.3,480.85,"2,49,36,306","11,99,06,46,727.25","1,83,488","1,57,44,352",63.14
AXISBANK,EQ,2017-10-27,484.3,485.0,491.4,481.65,487.25,485.95,486.31,"75,76,778","3,68,46,72,855.05","98,174","42,52,919",56.13
AXISBANK,EQ,2017-10-30,485.95,487.2,489.0,481.6,485.45,484.0,485.24,"48,15,226","2,33,65,23,958.30","84,223","25,34,990",52.65
AXISBANK,EQ,2017-10-31,484.0,495.0,529.0,493.3,525.25,523.15,515.75,"3,96,55,956","20,45,27,10,548.80","3,24,716","1,61,37,257",40.69
AXISBANK,EQ,2017-11-01,523.15,524.95,544.0,524.5,536.0,535.1,537.01,"2,25,42,766","12,10,56,67,478.10","2,08,378","1,04,35,452",46.29
AXISBANK,EQ,2017-11-02,535.1,534.0,538.0,526.3,536.65,532.15,530.37,"78,00,191","4,13,69,87,034.90","1,04,091","35,97,790",46.12
AXISBANK,EQ,2017-11-03,532.15,535.35,545.7,534.1,540.3,540.1,539.86,"93,03,981","5,02,28,92,791.15","1,22,192","48,81,081",52.46
AXISBANK,EQ,2017-11-06,540.1,539.05,541.55,530.75,535.3,534.5,535.14,"80,13,536","4,28,83,61,699.75","1,04,935","44,80,176",55.91
AXISBANK,EQ,2017-11-07,534.5,535.5,539.4,523.0,526.8,527.15,527.9,"96,42,624","5,09,03,72,215.95","1,35,116","70,22,379",72.83
AXISBANK,EQ,2017-11-08,527.15,537.7,551.9,533.6,547.75,544.85,542.69,"1,96,42,327","10,65,96,36,530.75","2,13,546","92,73,958",47.21
AXISBANK,EQ,2017-11-09,544.85,548.95,555.45,533.0,538.2,540.4,541.55,"1,12,90,503","6,11,44,28,145.65","1,18,502","47,16,125",41.77
AXISBANK,EQ,2017-11-10,540.4,534.95,548.95,532.45,547.25,544.8,541.56,"98,69,691","5,34,50,27,869.90","83,353","49,58,926",50.24
AXISBANK,EQ,2017-11-13,544.8,557.0,564.55,534.05,535.0,537.35,550.78,"2,17,01,958","11,95,30,23,220.30","2,98,101","1,16,31,613",53.6
AXISBANK,EQ,2017-11-14,537.35,537.35,549.95,532.6,547.6,545.65,543.07,"1,06,44,657","5,78,08,16,827.15","1,28,316","52,50,064",49.32
AXISBANK,EQ,2017-11-15,545.65,546.5,551.4,537.1,543.5,542.0,544.93,"78,14,066","4,25,81,18,077.90","91,591","36,00,813",46.08
AXISBANK,EQ,2017-11-16,542.0,544.0,548.5,541.2,542.95,542.6,544.88,"51,76,117","2,82,03,56,040.35","95,239","25,47,345",49.21
AXISBANK,EQ,2017-11-17,542.6,550.0,557.4,540.55,542.25,542.4,547.73,"43,73,503","2,39,54,82,947.30","65,331","14,23,407",32.55
AXISBANK,EQ,2017-11-20,542.4,542.25,547.5,536.75,545.0,545.15,542.92,"34,58,524","1,87,77,11,501.80","47,575","13,98,668",40.44
AXISBANK,EQ,2017-11-21,545.15,547.0,548.9,539.15,546.15,546.8,543.92,"57,70,768","3,13,88,44,187.70","84,809","35,96,599",62.32
AXISBANK,EQ,2017-11-22,546.8,546.55,547.0,539.0,540.5,540.5,542.24,"45,36,211","2,45,96,96,076.65","40,912","27,46,760",60.55
AXISBANK,EQ,2017-11-23,540.5,542.4,547.8,535.55,544.5,544.15,539.35,"1,07,24,159","5,78,40,96,747.35","71,713","75,86,565",70.74
AXISBANK,EQ,2017-11-24,544.15,544.95,547.7,541.05,546.0,545.5,544.82,"39,47,490","2,15,06,60,944.85","48,939","20,91,351",52.98
AXISBANK,EQ,2017-11-27,545.5,544.1,561.85,540.95,559.7,559.4,555.48,"93,01,318","5,16,66,56,070.40","99,672","38,43,686",41.32
AXISBANK,EQ,2017-11-28,559.4,559.5,565.9,558.0,562.25,562.55,562.24,"1,01,13,136","5,68,59,83,691.70","1,39,972","47,84,098",47.31
AXISBANK,EQ,2017-11-29,562.55,560.55,562.2,546.8,548.5,549.5,552.42,"63,87,037","3,52,83,21,714.25","84,865","34,89,394",54.63
AXISBANK,EQ,2017-11-30,549.5,547.15,547.5,534.15,535.8,535.4,537.74,"1,93,70,807","10,41,64,10,410.80","1,29,160","1,32,87,736",68.6
AXISBANK,EQ,2017-12-01,535.4,539.4,539.9,531.9,533.75,533.85,535.77,"71,38,045","3,82,43,54,696.35","49,883","40,46,149",56.68
AXISBANK,EQ,2017-12-04,533.85,536.2,540.85,529.65,537.0,534.95,536.52,"41,81,453","2,24,34,44,913.90","61,534","18,19,182",43.51
AXISBANK,EQ,2017-12-05,534.95,535.0,537.85,530.75,533.0,533.15,534.29,"61,67,602","3,29,52,94,400.35","56,755","33,58,904",54.46
AXISBANK,EQ,2017-12-06,533.15,532.2,534.5,529.2,530.95,530.5,531.86,"42,34,770","2,25,23,06,176.90","53,263","26,53,231",62.65
AXISBANK,EQ,2017-12-07,530.5,532.9,538.0,529.1,537.9,534.05,532.66,"35,28,298","1,87,93,68,616.55","55,537","18,55,224",52.58
AXISBANK,EQ,2017-12-08,534.05,536.7,544.5,536.6,543.5,542.5,541.44,"60,07,380","3,25,26,18,776.20","65,869","33,03,709",54.99
AXISBANK,EQ,2017-12-11,542.5,550.0,552.25,542.7,545.2,545.1,547.07,"53,26,031","2,91,37,12,576.00","96,601","26,24,037",49.27
AXISBANK,EQ,2017-12-12,545.1,544.0,544.0,535.1,538.65,538.6,539.24,"52,32,189","2,82,14,20,078.05","48,105","31,75,546",60.69
AXISBANK,EQ,2017-12-13,538.6,538.0,543.0,533.05,535.6,535.75,537.44,"41,63,419","2,23,75,95,600.55","41,613","20,17,210",48.45
AXISBANK,EQ,2017-12-14,535.75,537.0,543.4,534.75,542.55,541.45,537.96,"35,58,224","1,91,41,92,015.30","43,686","15,99,928",44.96
AXISBANK,EQ,2017-12-15,541.45,552.2,552.4,543.05,549.0,547.95,546.86,"60,59,220","3,31,35,30,926.80","82,822","38,48,290",63.51
AXISBANK,EQ,2017-12-18,547.95,537.95,553.8,530.0,548.7,548.65,546.14,"58,89,302","3,21,63,85,755.40","76,615","28,37,951",48.19
AXISBANK,EQ,2017-12-19,548.65,549.25,556.0,545.4,554.0,553.65,549.98,"43,25,512","2,37,89,48,802.85","71,455","26,33,512",60.88
AXISBANK,EQ,2017-12-20,553.65,553.5,557.8,548.6,554.95,554.5,552.34,"35,34,649","1,95,23,41,438.55","54,754","18,50,569",52.36
AXISBANK,EQ,2017-12-21,554.5,551.8,556.95,545.05,548.05,548.95,550.13,"57,81,370","3,18,04,80,606.60","77,959","32,55,896",56.32
AXISBANK,EQ,2017-12-22,548.95,549.9,554.8,547.1,553.5,553.6,551.55,"30,75,576","1,69,63,47,215.35","39,911","15,77,113",51.28
AXISBANK,EQ,2017-12-26,553.6,555.0,557.25,550.3,555.5,555.0,553.77,"32,72,086","1,81,19,72,346.80","59,191","16,53,548",50.53
AXISBANK,EQ,2017-12-27,555.0,554.0,560.65,551.0,553.2,554.6,555.32,"41,63,259","2,31,19,39,238.65","55,577","22,90,869",55.03
AXISBANK,EQ,2017-12-28,554.6,546.15,554.2,544.0,548.35,546.85,548.61,"84,33,564","4,62,67,16,966.20","75,449","44,54,410",52.82
AXISBANK,EQ,2017-12-29,546.85,548.2,567.85,547.0,562.7,563.95,557.68,"83,63,189","4,66,39,89,265.65","1,08,278","47,95,894",57.35
AXISBANK,EQ,2018-01-01,563.95,563.8,569.8,560.5,562.95,565.5,565.45,"69,43,234","3,92,60,20,653.90","60,203","42,95,836",61.87
AXISBANK,EQ,2018-01-02,565.5,567.0,568.6,556.35,558.4,559.5,562.73,"62,92,268","3,54,08,78,729.70","75,362","37,96,067",60.33
AXISBANK,EQ,2018-01-03,559.5,561.3,565.45,555.75,559.75,560.45,560.49,"39,90,149","2,23,64,30,578.25","80,778","18,47,503",46.3
AXISBANK,EQ,2018-01-04,560.45,564.85,565.0,558.0,559.2,559.9,560.67,"27,66,664","1,55,11,98,403.70","52,347","15,29,795",55.29
AXISBANK,EQ,2018-01-05,559.9,561.05,566.0,556.7,564.3,563.25,560.87,"32,49,056","1,82,22,89,242.40","66,423","19,04,898",58.63
AXISBANK,EQ,2018-01-08,563.25,565.8,568.0,562.45,563.45,565.45,564.97,"37,70,339","2,13,01,23,814.45","82,634","24,39,703",64.71
AXISBANK,EQ,2018-01-09,565.45,564.0,573.0,563.0,564.1,565.3,567.76,"46,07,504","2,61,59,56,536.75","91,955","25,64,442",55.66
AXISBANK,EQ,2018-01-10,565.3,566.15,566.7,560.45,563.55,562.8,562.91,"24,11,625","1,35,75,35,163.60","42,761","10,92,127",45.29
AXISBANK,EQ,2018-01-11,562.8,562.0,563.15,553.55,559.5,558.75,558.37,"28,25,941","1,57,79,15,952.15","56,560","9,99,239",35.36
AXISBANK,EQ,2018-01-12,558.75,560.2,563.4,552.5,556.5,555.1,556.54,"60,13,121","3,34,65,34,205.35","64,648","37,34,806",62.11
AXISBANK,EQ,2018-01-15,555.1,556.7,564.45,556.4,561.2,560.55,560.54,"39,43,472","2,21,04,73,553.50","78,690","20,16,416",51.13
AXISBANK,EQ,2018-01-16,560.55,562.95,566.9,555.8,561.2,563.2,561.66,"59,93,564","3,36,63,22,334.00","1,01,529","32,22,165",53.76
AXISBANK,EQ,2018-01-17,563.2,564.05,589.3,561.0,587.8,585.2,575.03,"84,53,944","4,86,12,88,785.85","1,71,384","35,76,554",42.31
AXISBANK,EQ,2018-01-18,585.2,596.0,597.15,578.6,584.0,584.8,590.67,"94,66,991","5,59,19,09,614.90","1,22,502","53,67,287",56.69
AXISBANK,EQ,2018-01-19,584.8,584.9,594.0,581.2,591.8,590.25,586.78,"38,97,048","2,28,67,03,028.10","74,142","19,91,467",51.1
AXISBANK,EQ,2018-01-22,590.25,595.95,621.75,583.15,611.3,611.55,607.42,"2,17,90,443","13,23,59,65,455.85","2,06,129","58,62,132",26.9
AXISBANK,EQ,2018-01-23,611.55,616.4,627.6,611.45,621.8,620.1,619.63,"1,42,86,343","8,85,22,54,747.10","1,82,690","53,29,211",37.3
AXISBANK,EQ,2018-01-24,620.1,621.9,621.9,606.3,608.1,607.95,613.13,"61,58,610","3,77,60,09,678.20","1,13,856","34,80,447",56.51
AXISBANK,EQ,2018-01-25,607.95,610.0,619.25,598.6,614.75,616.1,614.06,"67,49,846","4,14,48,30,662.90","99,985","37,55,122",55.63
AXISBANK,EQ,2018-01-29,616.1,614.55,620.9,603.65,605.6,605.55,613.69,"70,17,160","4,30,63,63,380.00","88,039","48,97,085",69.79
AXISBANK,EQ,2018-01-30,605.55,605.6,607.45,592.45,595.0,593.75,596.27,"64,47,963","3,84,47,28,785.60","1,19,235","44,39,153",68.85
AXISBANK,EQ,2018-01-31,593.75,589.3,596.0,587.15,593.6,593.6,591.57,"71,08,060","4,20,48,93,323.10","1,41,039","47,85,849",67.33
AXISBANK,EQ,2018-02-01,593.6,593.6,610.0,586.1,592.45,592.8,597.28,"78,39,731","4,68,25,07,866.90","1,06,898","35,46,561",45.24
AXISBANK,EQ,2018-02-02,592.8,587.8,587.8,561.3,565.0,564.9,574.72,"61,85,174","3,55,47,24,850.65","59,876","33,83,987",54.71
AXISBANK,EQ,2018-02-05,564.9,551.1,568.65,547.5,566.15,566.25,558.23,"93,18,595","5,20,18,98,676.10","84,854","54,70,364",58.7
AXISBANK,EQ,2018-02-06,566.25,543.0,577.05,534.0,565.05,563.7,546.48,"1,39,38,327","7,61,70,79,383.50","1,30,833","76,36,640",54.79
AXISBANK,EQ,2018-02-07,563.7,568.0,574.65,556.0,558.65,559.35,566.01,"76,79,830","4,34,68,38,428.50","99,330","40,78,244",53.1
AXISBANK,EQ,2018-02-08,559.35,562.8,576.9,559.7,570.0,568.45,570.01,"58,16,886","3,31,56,65,411.65","92,355","27,94,126",48.03
AXISBANK,EQ,2018-02-09,568.45,559.9,561.95,550.4,558.05,557.55,555.89,"58,65,587","3,26,06,34,336.85","67,074","25,14,416",42.87
AXISBANK,EQ,2018-02-12,557.55,563.7,568.0,560.35,562.6,564.2,564.12,"47,65,319","2,68,82,14,842.25","52,010","26,53,218",55.68
AXISBANK,EQ,2018-02-14,564.2,565.0,565.85,540.1,541.8,543.9,549.08,"64,78,108","3,55,70,14,143.95","80,356","31,02,459",47.89
AXISBANK,EQ,2018-02-15,543.9,534.75,554.8,531.35,543.7,543.7,543.53,"1,15,93,643","6,30,15,34,721.25","1,00,722","40,95,375",35.32
AXISBANK,EQ,2018-02-16,543.7,547.05,548.6,535.0,538.75,537.85,539.56,"39,10,503","2,10,99,50,927.10","58,185","10,60,318",27.11
AXISBANK,EQ,2018-02-19,537.85,537.85,544.95,527.5,541.75,540.55,533.99,"42,51,723","2,27,03,77,956.40","56,866","14,20,617",33.41
AXISBANK,EQ,2018-02-20,540.55,542.0,548.05,529.4,530.7,531.7,540.04,"33,95,183","1,83,35,22,628.50","56,937","8,98,657",26.47
AXISBANK,EQ,2018-02-21,531.7,534.0,538.5,524.4,536.0,535.8,531.37,"46,38,382","2,46,46,81,322.45","62,749","19,71,817",42.51
AXISBANK,EQ,2018-02-22,535.8,533.0,533.75,527.5,529.2,530.25,530.37,"78,08,359","4,14,13,57,704.90","89,927","52,72,318",67.52
AXISBANK,EQ,2018-02-23,530.25,527.0,538.9,525.55,537.5,536.65,533.8,"38,88,629","2,07,57,56,240.45","55,264","15,17,831",39.03
AXISBANK,EQ,2018-02-26,536.65,541.1,554.4,539.0,550.0,552.3,548.09,"52,97,794","2,90,36,44,096.85","96,778","21,24,203",40.1
AXISBANK,EQ,2018-02-27,552.3,551.6,551.6,536.15,539.5,538.4,543.06,"41,36,383","2,24,62,84,235.85","54,454","15,63,836",37.81
AXISBANK,EQ,2018-02-28,538.4,534.0,536.5,520.0,526.7,528.75,528.11,"66,26,661","3,49,96,01,151.70","1,02,972","25,76,056",38.87
AXISBANK,EQ,2018-03-01,528.75,524.0,535.55,522.0,526.65,525.75,529.37,"98,27,510","5,20,23,66,026.00","80,903","59,56,431",60.61
AXISBANK,EQ,2018-03-05,525.75,524.0,528.95,521.3,524.55,524.55,524.79,"67,66,199","3,55,08,54,046.95","78,220","38,28,015",56.58
AXISBANK,EQ,2018-03-06,524.55,526.0,530.65,511.2,512.5,517.35,524.45,"1,22,40,160","6,41,93,43,386.15","1,24,317","68,78,695",56.2
AXISBANK,EQ,2018-03-07,517.35,510.9,517.9,507.55,515.2,512.65,512.17,"1,04,28,057","5,34,09,35,464.40","1,25,638","56,62,399",54.3
AXISBANK,EQ,2018-03-08,512.65,518.45,523.95,507.45,521.15,520.55,514.86,"84,83,978","4,36,80,98,074.20","82,839","49,17,197",57.96
AXISBANK,EQ,2018-03-09,520.55,522.45,522.55,503.0,507.0,505.35,513.43,"49,55,525","2,54,43,30,900.80","65,345","22,41,755",45.24
AXISBANK,EQ,2018-03-12,505.35,510.6,521.95,505.3,518.6,519.2,510.91,"52,83,334","2,69,92,88,020.20","63,422","23,41,902",44.33
AXISBANK,EQ,2018-03-13,519.2,517.1,534.95,514.65,531.2,531.5,529.39,"78,46,232","4,15,36,83,863.15","79,834","41,59,938",53.02
AXISBANK,EQ,2018-03-14,531.5,528.95,538.0,522.5,537.45,536.15,527.9,"49,76,540","2,62,71,07,173.65","61,875","22,78,029",45.78
AXISBANK,EQ,2018-03-15,536.15,535.2,539.2,528.25,530.0,529.65,533.5,"39,32,830","2,09,81,47,902.40","46,912","16,75,493",42.6
AXISBANK,EQ,2018-03-16,529.65,530.9,532.9,520.5,524.75,522.6,525.37,"1,21,46,623","6,38,14,58,832.70","76,552","98,84,518",81.38
AXISBANK,EQ,2018-03-19,522.6,522.6,526.0,517.05,522.1,519.45,520.31,"46,56,613","2,42,28,87,363.50","77,927","25,08,757",53.88
AXISBANK,EQ,2018-03-20,519.45,509.0,525.0,509.0,523.0,521.1,518.11,"53,98,111","2,79,68,30,551.65","55,384","19,61,367",36.33
AXISBANK,EQ,2018-03-21,521.1,523.0,532.5,522.5,525.8,526.3,528.27,"55,18,826","2,91,54,46,908.20","99,641","31,63,221",57.32
AXISBANK,EQ,2018-03-22,526.3,522.6,525.9,516.75,518.5,518.2,520.87,"71,94,256","3,74,72,57,474.80","1,15,898","47,33,860",65.8
AXISBANK,EQ,2018-03-23,518.2,509.5,510.25,496.0,498.25,499.5,500.81,"2,93,85,110","14,71,63,00,161.25","1,28,073","2,43,33,910",82.81
AXISBANK,EQ,2018-03-26,499.5,499.0,509.3,495.2,508.05,507.3,502.15,"94,98,614","4,76,96,89,229.85","84,152","60,51,911",63.71
AXISBANK,EQ,2018-03-27,507.3,512.3,522.55,509.05,514.95,512.2,516.39,"64,23,140","3,31,68,27,454.80","57,201","27,91,137",43.45
AXISBANK,EQ,2018-03-28,512.2,512.9,512.9,501.6,510.55,510.5,508.17,"1,09,80,960","5,58,01,73,065.40","1,11,873","67,11,220",61.12
AXISBANK,EQ,2018-04-02,510.5,506.75,508.5,492.2,499.3,499.05,498.55,"71,20,498","3,54,99,05,658.70","1,12,010","21,73,809",30.53
AXISBANK,EQ,2018-04-03,499.05,494.0,506.0,493.7,502.0,501.55,499.31,"60,53,789","3,02,27,08,508.30","92,038","18,49,980",30.56
AXISBANK,EQ,2018-04-04,501.55,504.5,504.5,490.25,491.95,492.25,496.99,"60,47,813","3,00,57,31,966.60","66,163","17,06,316",28.21
AXISBANK,EQ,2018-04-05,492.25,498.4,504.65,495.2,502.9,503.1,499.36,"66,82,587","3,33,70,37,554.95","53,528","29,96,912",44.85
AXISBANK,EQ,2018-04-06,503.1,502.95,502.95,495.2,498.75,500.2,498.9,"38,12,133","1,90,18,89,025.45","43,750","9,36,810",24.57
AXISBANK,EQ,2018-04-09,500.2,502.2,522.0,501.2,517.4,519.3,515.25,"87,08,770","4,48,71,50,481.30","97,950","27,98,268",32.13
AXISBANK,EQ,2018-04-10,519.3,523.0,549.7,521.4,547.5,546.15,538.72,"2,16,89,156","11,68,42,73,812.80","1,90,731","60,69,270",27.98
AXISBANK,EQ,2018-04-11,546.15,550.1,551.0,534.0,540.0,539.8,539.64,"92,61,807","4,99,80,46,106.35","96,508","13,59,069",14.67
AXISBANK,EQ,2018-04-12,539.8,537.3,550.0,534.85,546.1,548.75,544.02,"80,21,652","4,36,39,20,868.75","71,391","22,49,882",28.05
AXISBANK,EQ,2018-04-13,548.75,550.0,555.55,535.75,543.5,542.55,546.72,"87,88,919","4,80,50,72,053.55","82,524","13,77,306",15.67
AXISBANK,EQ,2018-04-16,542.55,541.5,543.8,530.35,542.9,542.4,536.51,"64,18,203","3,44,34,56,917.55","63,917","15,89,477",24.77
AXISBANK,EQ,2018-04-17,542.4,544.95,544.95,530.25,532.45,532.4,535.26,"55,41,004","2,96,58,96,231.20","70,846","19,65,493",35.47
AXISBANK,EQ,2018-04-18,532.4,535.5,535.5,516.5,517.7,518.25,526.14,"71,31,174","3,75,20,07,708.45","76,698","27,25,789",38.22
AXISBANK,EQ,2018-04-19,518.25,521.0,521.45,509.1,514.4,512.9,511.88,"1,05,59,623","5,40,52,41,559.45","71,717","66,46,075",62.94
AXISBANK,EQ,2018-04-20,512.9,513.5,513.85,503.0,506.9,505.7,507.32,"44,37,940","2,25,14,70,255.35","52,472","17,00,797",38.32
AXISBANK,EQ,2018-04-23,505.7,508.4,511.2,500.0,506.85,506.2,506.47,"47,66,412","2,41,40,25,792.60","64,889","11,77,916",24.71
AXISBANK,EQ,2018-04-24,506.2,506.0,514.75,503.35,507.75,504.85,507.51,"45,64,259","2,31,64,15,190.35","55,541","13,81,793",30.27
AXISBANK,EQ,2018-04-25,504.85,506.0,506.0,496.3,497.4,498.4,500.61,"46,08,455","2,30,70,48,190.10","70,727","15,54,043",33.72
AXISBANK,EQ,2018-04-26,498.4,496.75,501.05,483.3,490.9,493.75,492.53,"1,49,19,977","7,34,85,45,170.85","1,26,267","92,48,954",61.99
AXISBANK,EQ,2018-04-27,493.75,481.25,543.1,481.25,540.0,539.2,522.41,"5,88,59,461","30,74,87,20,572.15","4,71,549","1,08,76,060",18.48
AXISBANK,EQ,2018-04-30,539.2,535.8,536.1,513.4,518.5,517.3,520.29,"1,83,57,008","9,55,08,89,152.45","1,66,443","63,22,312",34.44
AXISBANK,EQ,2018-05-02,517.3,518.5,527.95,515.4,524.85,523.75,521.0,"2,51,95,767","13,12,71,15,353.35","1,39,798","1,81,43,773",72.01
AXISBANK,EQ,2018-05-03,523.75,522.0,538.8,522.0,533.1,533.4,532.25,"1,20,01,916","6,38,80,16,683.65","1,21,909","40,06,823",33.38
AXISBANK,EQ,2018-05-04,533.4,533.9,533.9,519.05,522.25,520.3,524.42,"59,29,870","3,10,97,42,181.25","57,867","18,16,191",30.63
AXISBANK,EQ,2018-05-07,520.3,523.75,537.9,523.0,536.1,536.1,531.8,"67,92,091","3,61,20,42,958.15","88,312","28,45,627",41.9
AXISBANK,EQ,2018-05-08,536.1,536.65,547.5,533.45,543.1,542.25,541.69,"1,20,28,184","6,51,55,64,184.00","1,49,489","69,65,165",57.91
AXISBANK,EQ,2018-05-09,542.25,543.1,549.65,537.05,548.5,548.5,546.13,"75,56,830","4,12,69,96,171.45","76,571","36,17,869",47.88
AXISBANK,EQ,2018-05-10,548.5,548.5,554.0,542.95,546.05,547.65,548.17,"1,14,15,139","6,25,74,59,203.55","82,471","63,51,740",55.64
AXISBANK,EQ,2018-05-11,547.65,548.6,556.5,545.5,556.0,553.3,549.78,"49,60,854","2,72,73,91,379.60","73,337","23,53,813",47.45
AXISBANK,EQ,2018-05-14,553.3,551.2,558.9,547.55,551.1,551.9,552.28,"49,99,526","2,76,11,21,573.20","51,388","22,65,523",45.31
AXISBANK,EQ,2018-05-15,551.9,548.0,563.5,547.35,549.1,549.7,554.22,"67,52,759","3,74,25,34,996.95","84,541","26,14,950",38.72
AXISBANK,EQ,2018-05-16,549.7,545.0,552.75,541.05,549.0,550.0,546.56,"99,29,095","5,42,68,22,287.35","66,724","55,75,224",56.15
AXISBANK,EQ,2018-05-17,550.0,550.0,553.0,536.5,537.25,539.45,545.52,"85,51,787","4,66,52,05,167.15","81,469","52,36,859",61.24
AXISBANK,EQ,2018-05-18,539.45,536.8,540.7,528.5,535.0,532.9,534.93,"73,43,619","3,92,83,37,002.25","81,655","39,48,741",53.77
AXISBANK,EQ,2018-05-21,532.9,535.0,537.8,521.85,528.0,526.85,527.01,"42,58,800","2,24,44,45,550.90","53,676","18,11,516",42.54
AXISBANK,EQ,2018-05-22,526.85,528.4,533.5,520.65,522.8,523.3,527.76,"47,11,540","2,48,65,75,643.25","82,226","21,59,460",45.83
AXISBANK,EQ,2018-05-23,523.3,522.0,528.2,519.4,519.8,520.25,522.91,"44,26,060","2,31,44,36,537.20","62,173","18,10,352",40.9
AXISBANK,EQ,2018-05-24,520.25,521.7,537.0,521.1,535.45,534.45,527.79,"51,88,026","2,73,82,10,393.55","48,808","23,01,197",44.36
AXISBANK,EQ,2018-05-25,534.45,535.6,543.5,532.5,541.2,538.5,536.4,"45,88,810","2,46,14,47,505.35","1,11,843","19,50,858",42.51
AXISBANK,EQ,2018-05-28,538.5,541.7,548.0,540.95,547.0,546.15,544.83,"56,11,936","3,05,75,62,072.95","59,866","34,60,966",61.67
AXISBANK,EQ,2018-05-29,546.15,547.0,549.9,543.2,547.0,547.75,547.22,"80,15,443","4,38,62,13,770.15","82,379","51,56,937",64.34
AXISBANK,EQ,2018-05-30,547.75,543.75,544.7,535.05,540.85,541.65,541.28,"59,19,369","3,20,40,58,786.25","63,313","27,12,021",45.82
AXISBANK,EQ,2018-05-31,541.65,543.0,551.8,532.25,544.1,545.9,542.29,"1,56,52,651","8,48,82,34,972.55","1,47,783","93,77,565",59.91
AXISBANK,EQ,2018-06-01,545.9,543.0,544.3,532.85,538.55,536.65,538.51,"40,61,137","2,18,69,59,230.35","48,366","17,38,262",42.8
AXISBANK,EQ,2018-06-04,536.65,539.55,541.95,531.25,537.55,537.05,535.59,"42,91,186","2,29,83,24,929.00","77,376","19,75,223",46.03
AXISBANK,EQ,2018-06-05,537.05,534.65,536.0,524.25,530.65,530.9,531.53,"50,88,506","2,70,47,16,235.85","74,141","25,16,518",49.45
AXISBANK,EQ,2018-06-06,530.9,530.0,533.8,526.6,532.0,531.4,531.34,"52,81,259","2,80,61,68,847.20","62,433","31,19,912",59.08
AXISBANK,EQ,2018-06-07,531.4,533.8,550.0,532.15,542.75,542.4,544.38,"69,32,191","3,77,37,34,239.20","78,717","25,79,837",37.22
AXISBANK,EQ,2018-06-08,542.4,541.05,541.9,535.45,536.7,537.4,538.77,"46,27,913","2,49,33,66,097.85","47,928","26,29,652",56.82
AXISBANK,EQ,2018-06-11,537.4,539.8,542.6,530.35,542.35,539.95,537.64,"40,95,873","2,20,21,15,545.70","69,371","14,65,884",35.79
AXISBANK,EQ,2018-06-12,539.95,543.5,544.5,535.8,537.6,537.15,538.85,"33,20,721","1,78,93,79,912.05","60,765","18,16,363",54.7
AXISBANK,EQ,2018-06-13,537.15,539.8,551.8,536.85,540.5,540.65,546.43,"59,24,906","3,23,75,45,331.00","84,829","25,15,822",42.46
AXISBANK,EQ,2018-06-14,540.65,539.8,539.8,531.0,531.7,532.0,533.59,"37,36,633","1,99,38,12,603.60","50,195","14,37,784",38.48
AXISBANK,EQ,2018-06-15,532.0,527.8,534.65,516.1,531.2,528.75,525.85,"78,54,953","4,13,05,61,924.20","1,15,212","39,39,759",50.16
AXISBANK,EQ,2018-06-18,528.75,530.25,531.0,521.45,522.5,522.55,524.44,"37,11,213","1,94,62,93,726.75","40,391","18,01,355",48.54
AXISBANK,EQ,2018-06-19,522.55,522.15,524.4,514.4,517.4,517.2,517.92,"64,83,110","3,35,77,30,760.60","1,32,111","36,36,109",56.09
AXISBANK,EQ,2018-06-20,517.2,520.75,527.4,517.15,519.05,519.1,522.73,"45,55,002","2,38,10,22,141.15","69,421","18,83,842",41.36
AXISBANK,EQ,2018-06-21,519.1,521.25,522.0,511.1,512.75,513.05,515.37,"48,56,050","2,50,26,75,105.60","88,478","18,08,036",37.23
AXISBANK,EQ,2018-06-22,513.05,513.0,527.8,510.55,524.8,525.65,519.25,"59,32,446","3,08,04,32,382.65","95,555","23,79,685",40.11
AXISBANK,EQ,2018-06-25,525.65,520.35,523.35,513.1,516.8,515.2,518.7,"48,82,240","2,53,24,17,684.95","63,755","26,11,403",53.49
AXISBANK,EQ,2018-06-26,515.2,516.5,518.7,512.05,512.85,514.2,515.14,"45,05,122","2,32,07,83,474.40","68,051","24,01,783",53.31
AXISBANK,EQ,2018-06-27,514.2,516.0,516.0,501.6,508.05,507.85,507.79,"56,59,070","2,87,36,23,135.25","82,921","28,01,100",49.5
AXISBANK,EQ,2018-06-28,507.85,508.0,513.5,500.8,502.65,504.6,508.83,"48,54,274","2,46,99,95,935.20","57,794","17,37,094",35.78
AXISBANK,EQ,2018-06-29,504.6,505.8,514.5,498.75,508.15,510.8,505.83,"77,47,444","3,91,88,67,362.95","72,816","37,81,404",48.81
AXISBANK,EQ,2018-07-02,510.8,510.75,513.8,503.0,511.2,512.25,508.2,"67,99,910","3,45,57,35,454.15","70,535","33,27,084",48.93
AXISBANK,EQ,2018-07-03,512.25,512.9,519.9,509.25,512.0,511.55,515.67,"66,58,467","3,43,35,44,946.50","81,007","27,63,239",41.5
AXISBANK,EQ,2018-07-04,511.55,511.95,516.25,507.65,515.05,514.75,512.2,"38,93,493","1,99,42,43,263.45","42,527","13,54,858",34.8
AXISBANK,EQ,2018-07-05,514.75,514.0,517.85,509.0,511.8,511.0,511.87,"26,92,462","1,37,81,83,893.80","32,112","8,83,641",32.82
AXISBANK,EQ,2018-07-06,511.0,513.0,516.9,509.5,511.9,513.7,514.28,"27,06,424","1,39,18,51,521.20","56,746","12,09,799",44.7
AXISBANK,EQ,2018-07-09,513.7,515.1,529.3,515.1,523.85,525.25,525.5,"62,95,104","3,30,81,02,238.35","1,03,745","24,44,443",38.83
AXISBANK,EQ,2018-07-10,525.25,527.95,534.9,522.0,531.95,532.55,531.42,"52,81,760","2,80,68,27,862.10","95,931","22,83,479",43.23
AXISBANK,EQ,2018-07-11,532.55,532.4,542.35,530.8,537.4,536.55,537.4,"64,32,494","3,45,67,92,475.05","1,17,103","23,89,529",37.15
AXISBANK,EQ,2018-07-12,536.55,539.7,545.7,535.3,536.3,538.35,541.49,"41,28,221","2,23,53,73,254.45","77,889","13,58,752",32.91
AXISBANK,EQ,2018-07-13,538.35,539.7,541.0,519.45,523.5,523.0,526.39,"41,69,212","2,19,46,38,520.65","68,544","15,04,952",36.1
AXISBANK,EQ,2018-07-16,523.0,523.0,529.9,518.35,519.0,522.1,523.53,"50,32,325","2,63,45,68,771.00","56,084","27,27,652",54.2
AXISBANK,EQ,2018-07-17,522.1,521.7,539.85,519.0,537.8,537.9,530.15,"45,11,522","2,39,17,75,517.95","56,601","19,40,406",43.01
AXISBANK,EQ,2018-07-18,537.9,541.2,542.4,515.0,527.1,526.55,528.75,"49,54,888","2,61,99,02,402.35","63,418","16,01,070",32.31
AXISBANK,EQ,2018-07-19,526.55,528.05,537.4,518.4,526.55,526.8,530.16,"52,76,418","2,79,73,50,087.45","69,699","23,17,158",43.92
AXISBANK,EQ,2018-07-20,526.8,526.8,536.45,525.0,533.7,533.7,532.22,"25,32,288","1,34,77,25,707.85","27,820","9,55,802",37.74
AXISBANK,EQ,2018-07-23,533.7,534.9,544.8,530.55,539.5,540.35,538.66,"60,09,401","3,23,70,09,714.85","79,822","32,80,474",54.59
AXISBANK,EQ,2018-07-24,540.35,541.05,548.9,538.05,548.05,546.1,543.38,"61,71,893","3,35,36,62,448.20","94,544","26,77,386",43.38
AXISBANK,EQ,2018-07-25,546.1,547.0,547.5,529.5,531.95,532.25,540.05,"33,41,114","1,80,43,54,396.70","84,220","13,97,899",41.84
AXISBANK,EQ,2018-07-26,532.25,535.4,544.0,526.4,543.7,541.65,536.68,"79,20,089","4,25,05,84,829.75","94,666","34,18,814",43.17
AXISBANK,EQ,2018-07-27,541.65,543.2,555.0,537.25,551.35,553.25,550.73,"76,78,597","4,22,88,70,792.15","76,677","33,58,128",43.73
AXISBANK,EQ,2018-07-30,553.25,556.05,571.2,550.8,569.0,569.65,563.41,"1,29,49,737","7,29,59,51,105.30","1,43,343","53,08,768",41.0
AXISBANK,EQ,2018-07-31,569.65,582.0,584.45,548.0,548.2,550.4,564.27,"2,17,35,293","12,26,46,64,315.40","2,25,410","68,30,057",31.42
AXISBANK,EQ,2018-08-01,550.4,550.5,555.5,538.25,542.3,545.15,544.52,"68,71,812","3,74,18,39,672.95","1,02,770","19,98,623",29.08
AXISBANK,EQ,2018-08-02,545.15,545.25,551.3,539.0,545.0,547.25,545.0,"64,95,837","3,54,02,14,303.45","1,02,553","23,13,461",35.61
AXISBANK,EQ,2018-08-03,547.25,546.5,578.55,545.75,575.5,574.75,564.49,"1,59,53,749","9,00,57,80,408.30","1,68,418","61,02,237",38.25
AXISBANK,EQ,2018-08-06,574.75,575.2,604.0,575.2,595.9,596.8,593.17,"2,26,29,303","13,42,30,12,393.40","2,19,666","71,37,504",31.54
AXISBANK,EQ,2018-08-07,596.8,597.0,606.9,583.7,591.9,593.05,594.76,"1,64,24,853","9,76,88,27,549.20","1,74,096","36,59,212",22.28
AXISBANK,EQ,2018-08-08,593.05,596.75,598.9,587.0,595.8,596.3,593.53,"71,38,029","4,23,66,35,938.65","1,11,358","14,76,965",20.69
AXISBANK,EQ,2018-08-09,596.3,595.0,624.4,595.0,621.35,621.05,612.97,"1,82,27,195","11,17,27,29,779.90","2,08,981","71,71,461",39.34
AXISBANK,EQ,2018-08-10,621.05,621.3,623.9,611.25,616.7,615.5,616.85,"1,60,74,351","9,91,54,49,623.60","1,78,129","88,44,961",55.03
AXISBANK,EQ,2018-08-13,615.5,612.0,616.0,602.6,605.5,604.9,610.0,"84,45,677","5,15,18,61,190.40","1,60,582","44,43,360",52.61
AXISBANK,EQ,2018-08-14,604.9,608.6,621.3,608.6,618.45,618.05,617.28,"1,02,25,641","6,31,21,07,418.80","1,81,950","41,57,885",40.66
AXISBANK,EQ,2018-08-16,618.05,614.9,635.0,611.25,625.3,623.45,627.11,"1,87,77,302","11,77,55,10,348.40","1,79,185","92,75,095",49.4
AXISBANK,EQ,2018-08-17,623.45,630.0,632.45,620.3,627.1,627.3,626.58,"1,34,11,536","8,40,34,11,446.95","2,29,837","59,73,971",44.54
AXISBANK,EQ,2018-08-20,627.3,630.0,630.6,622.1,625.0,624.4,626.06,"64,63,139","4,04,63,39,330.45","1,30,432","31,06,291",48.06
AXISBANK,EQ,2018-08-21,624.4,625.4,638.25,617.3,636.5,635.75,624.75,"1,55,22,297","9,69,75,73,611.10","1,42,838","87,27,671",56.23
AXISBANK,EQ,2018-08-23,635.75,644.65,644.65,628.55,634.0,631.75,635.8,"1,26,99,837","8,07,45,17,888.20","2,11,720","53,66,345",42.26
AXISBANK,EQ,2018-08-24,631.75,638.05,643.4,634.0,638.5,639.9,638.46,"1,50,35,968","9,59,99,36,308.65","1,44,038","68,25,918",45.4
AXISBANK,EQ,2018-08-27,639.9,643.0,651.5,642.0,648.0,650.2,648.48,"98,19,034","6,36,74,52,024.05","1,61,801","41,40,656",42.17
AXISBANK,EQ,2018-08-28,650.2,652.0,662.8,642.0,659.35,660.05,652.68,"98,86,447","6,45,26,64,230.80","1,45,178","44,27,072",44.78
AXISBANK,EQ,2018-08-29,660.05,657.5,667.65,653.25,655.5,656.9,662.77,"1,33,29,261","8,83,42,60,471.60","1,58,932","56,34,023",42.27
AXISBANK,EQ,2018-08-30,656.9,661.85,661.85,643.05,649.55,649.75,649.69,"1,48,68,623","9,65,99,51,718.85","1,42,466","75,11,061",50.52
AXISBANK,EQ,2018-08-31,649.75,649.5,653.5,641.25,649.3,649.25,648.14,"1,02,07,700","6,61,60,08,894.45","1,79,155","54,09,092",52.99
AXISBANK,EQ,2018-09-03,649.25,655.45,655.45,629.6,630.7,631.8,638.73,"64,94,484","4,14,82,47,645.20","88,364","24,47,629",37.69
AXISBANK,EQ,2018-09-04,631.8,631.0,644.4,622.75,642.75,641.8,634.62,"93,05,124","5,90,52,51,786.15","1,09,084","20,23,411",21.75
AXISBANK,EQ,2018-09-05,641.8,641.0,646.65,631.35,637.0,637.65,638.44,"88,37,398","5,64,21,82,256.70","1,13,081","40,41,669",45.73
AXISBANK,EQ,2018-09-06,637.65,638.9,643.3,624.6,637.5,638.2,632.73,"1,00,26,621","6,34,41,21,074.15","1,22,891","39,60,442",39.5
AXISBANK,EQ,2018-09-07,638.2,640.0,648.0,632.1,645.0,645.55,642.12,"69,99,943","4,49,47,71,247.80","96,566","24,66,316",35.23
AXISBANK,EQ,2018-09-10,645.55,644.95,677.95,643.3,651.5,651.75,661.46,"3,24,30,222","21,45,12,26,217.35","2,82,777","1,03,35,660",31.87
AXISBANK,EQ,2018-09-11,651.75,651.65,665.7,647.45,650.5,650.15,656.54,"1,91,62,102","12,58,06,26,860.65","2,13,643","57,44,031",29.98
AXISBANK,EQ,2018-09-12,650.15,665.0,665.0,630.1,636.0,635.45,639.03,"1,44,48,365","9,23,29,16,530.45","1,76,846","36,90,583",25.54
AXISBANK,EQ,2018-09-14,635.45,641.8,644.0,632.0,636.65,636.4,636.08,"1,20,83,354","7,68,59,55,912.25","2,32,793","55,27,338",45.74
AXISBANK,EQ,2018-09-17,636.4,633.7,634.0,622.0,624.6,625.95,626.26,"66,44,742","4,16,13,08,314.40","1,24,798","26,99,710",40.63
AXISBANK,EQ,2018-09-18,625.95,624.0,633.05,606.15,609.0,608.6,618.96,"1,07,24,450","6,63,80,23,758.80","1,72,753","49,60,729",46.26
AXISBANK,EQ,2018-09-19,608.6,611.6,622.5,601.3,610.35,608.8,611.23,"93,73,364","5,72,92,71,244.80","1,58,522","24,79,458",26.45
AXISBANK,EQ,2018-09-21,608.8,618.95,634.0,563.4,592.95,599.2,614.65,"2,47,88,799","15,23,64,77,668.70","2,67,115","99,49,476",40.14
AXISBANK,EQ,2018-09-24,599.2,599.6,605.75,587.85,596.4,597.35,597.84,"1,19,98,797","7,17,33,34,129.80","1,58,165","52,62,464",43.86
AXISBANK,EQ,2018-09-25,597.35,598.8,619.8,589.55,614.0,614.35,608.83,"1,75,15,392","10,66,39,21,715.50","1,91,490","69,56,437",39.72
AXISBANK,EQ,2018-09-26,614.35,619.0,624.35,612.05,617.65,617.45,618.75,"87,25,133","5,39,87,00,372.70","1,07,346","32,30,211",37.02
AXISBANK,EQ,2018-09-27,617.45,617.35,619.75,597.0,601.0,600.15,605.57,"96,83,836","5,86,42,56,312.50","1,20,763","43,28,745",44.7
AXISBANK,EQ,2018-09-28,600.15,598.5,619.8,594.05,616.4,613.25,606.15,"1,67,54,620","10,15,58,64,567.50","1,64,850","91,52,307",54.63
AXISBANK,EQ,2018-10-01,613.25,615.1,617.5,572.5,592.75,593.45,591.59,"2,01,17,451","11,90,13,47,717.45","1,93,226","96,56,902",48.0
AXISBANK,EQ,2018-10-03,593.45,592.6,592.6,569.1,571.95,572.25,581.49,"1,83,85,327","10,69,08,27,433.15","2,37,229","1,05,26,079",57.25
AXISBANK,EQ,2018-10-04,572.25,565.0,590.55,553.8,583.85,586.25,575.76,"1,68,77,024","9,71,70,65,465.45","1,85,951","70,62,890",41.85
AXISBANK,EQ,2018-10-05,586.25,586.0,590.5,565.0,570.65,568.5,578.58,"98,60,010","5,70,48,16,490.15","1,23,568","24,96,918",25.32
AXISBANK,EQ,2018-10-08,568.5,570.0,574.5,546.1,556.25,556.55,560.66,"1,29,18,017","7,24,26,02,080.95","1,69,358","56,66,384",43.86
AXISBANK,EQ,2018-10-09,556.55,561.9,563.9,549.15,549.8,552.85,557.39,"80,53,297","4,48,88,16,245.15","1,37,447","31,94,914",39.67
AXISBANK,EQ,2018-10-10,552.85,553.95,590.8,552.85,588.8,589.2,577.22,"1,36,95,001","7,90,50,44,070.45","1,68,965","61,67,632",45.04
AXISBANK,EQ,2018-10-11,589.2,555.0,585.8,550.1,582.3,580.85,573.67,"1,12,23,315","6,43,84,44,202.85","1,73,903","40,88,255",36.43
AXISBANK,EQ,2018-10-12,580.85,589.65,602.25,580.75,584.05,584.9,589.39,"1,06,89,006","6,29,99,81,749.80","1,51,254","41,42,010",38.75
AXISBANK,EQ,2018-10-15,584.9,585.0,585.0,569.45,577.0,576.55,574.62,"50,65,325","2,91,06,44,652.70","92,284","15,29,809",30.2
AXISBANK,EQ,2018-10-16,576.55,577.75,594.35,570.25,587.0,588.85,587.15,"1,30,83,651","7,68,20,27,527.50","1,78,892","65,94,929",50.41
AXISBANK,EQ,2018-10-17,588.85,594.75,598.8,566.6,576.0,576.05,578.18,"96,09,195","5,55,58,88,341.80","1,60,853","40,56,881",42.22
AXISBANK,EQ,2018-10-19,576.05,570.4,576.55,554.55,562.55,562.55,566.43,"1,26,64,549","7,17,35,56,641.50","2,43,390","72,89,475",57.56
AXISBANK,EQ,2018-10-22,562.55,567.95,572.0,558.2,562.0,562.05,565.21,"1,02,35,243","5,78,50,62,081.65","1,50,141","45,82,570",44.77
AXISBANK,EQ,2018-10-23,562.05,557.0,571.4,553.5,566.3,562.75,562.48,"95,13,054","5,35,08,68,037.85","1,50,834","50,18,676",52.76
AXISBANK,EQ,2018-10-24,562.75,574.5,576.95,557.25,565.4,564.1,565.98,"97,59,225","5,52,35,51,212.70","1,34,277","46,97,963",48.14
AXISBANK,EQ,2018-10-25,564.1,558.0,564.7,552.45,561.2,561.05,558.62,"1,30,41,860","7,28,54,06,738.10","1,48,250","80,47,861",61.71
AXISBANK,EQ,2018-10-26,561.05,562.0,564.0,534.55,535.75,537.7,546.83,"92,29,395","5,04,69,29,199.20","1,27,572","45,29,652",49.08
AXISBANK,EQ,2018-10-29,537.7,541.35,577.0,538.55,565.0,566.7,564.71,"1,59,17,739","8,98,89,50,349.35","2,02,688","58,83,388",36.96
AXISBANK,EQ,2018-10-30,566.7,564.85,571.75,559.0,564.4,562.7,564.56,"85,22,604","4,81,14,97,766.35","1,21,646","32,16,793",37.74
AXISBANK,EQ,2018-10-31,562.7,568.3,586.0,558.0,579.5,582.4,572.03,"1,21,35,088","6,94,15,96,403.90","1,43,698","49,16,300",40.51
AXISBANK,EQ,2018-11-01,582.4,582.05,608.05,582.05,607.2,602.15,595.52,"1,60,48,865","9,55,74,06,152.80","1,70,996","65,59,330",40.87
AXISBANK,EQ,2018-11-02,602.15,612.45,617.9,605.1,617.3,610.65,611.89,"1,24,88,669","7,64,16,41,686.05","1,70,812","43,08,163",34.5
AXISBANK,EQ,2018-11-05,610.65,628.9,633.0,617.2,623.1,624.4,625.36,"2,42,01,213","15,13,45,73,441.50","3,21,522","72,64,347",30.02
AXISBANK,EQ,2018-11-06,624.4,626.0,628.1,600.05,608.1,607.45,610.73,"1,53,54,794","9,37,76,63,627.65","2,17,745","47,39,000",30.86
AXISBANK,EQ,2018-11-07,607.45,612.9,612.9,604.65,605.0,606.85,608.41,"15,28,117","92,97,22,800.05","23,863","3,68,965",24.15
AXISBANK,EQ,2018-11-09,606.85,609.0,623.8,601.0,611.7,613.2,614.49,"1,39,27,467","8,55,83,47,857.95","2,14,607","47,19,349",33.89
AXISBANK,EQ,2018-11-12,613.2,612.55,618.5,604.8,608.0,606.55,611.76,"70,73,703","4,32,74,25,546.50","1,18,128","22,25,846",31.47
AXISBANK,EQ,2018-11-13,606.55,606.45,620.75,604.05,619.0,618.3,613.53,"89,38,939","5,48,43,11,702.90","1,40,407","35,85,396",40.11
AXISBANK,EQ,2018-11-14,618.3,622.25,623.3,608.8,610.6,612.7,614.16,"98,40,254","6,04,34,57,421.20","1,33,448","43,00,194",43.7
AXISBANK,EQ,2018-11-15,612.7,613.25,632.5,610.75,623.95,626.1,623.5,"1,10,05,288","6,86,17,88,982.60","1,53,818","37,06,722",33.68
AXISBANK,EQ,2018-11-16,626.1,626.6,636.7,616.55,617.55,619.8,625.18,"1,22,04,545","7,62,99,97,832.75","1,67,718","45,31,544",37.13
AXISBANK,EQ,2018-11-19,619.8,619.8,620.3,608.6,617.6,616.3,613.33,"90,46,876","5,54,86,93,657.10","1,12,115","37,13,578",41.05
AXISBANK,EQ,2018-11-20,616.3,614.7,619.6,609.55,609.95,612.65,614.03,"66,58,508","4,08,85,06,964.15","71,945","29,02,630",43.59
AXISBANK,EQ,2018-11-21,612.65,610.9,628.65,610.2,625.75,626.85,621.53,"78,42,430","4,87,42,68,991.50","1,37,450","21,36,888",27.25
AXISBANK,EQ,2018-11-22,626.85,625.8,629.4,612.1,614.6,614.55,620.68,"69,46,666","4,31,16,41,631.95","1,51,160","26,69,276",38.43
AXISBANK,EQ,2018-11-26,614.55,618.65,634.75,616.5,632.35,631.05,624.82,"95,28,169","5,95,33,92,195.85","1,19,357","38,17,167",40.06
AXISBANK,EQ,2018-11-27,631.05,629.9,638.7,623.0,624.0,625.25,629.49,"1,12,51,342","7,08,25,72,933.55","1,29,919","41,51,117",36.89
AXISBANK,EQ,2018-11-28,625.25,630.0,631.8,622.5,626.6,627.95,627.69,"90,35,388","5,67,14,47,239.65","1,27,060","42,68,446",47.24
AXISBANK,EQ,2018-11-29,627.95,632.0,636.2,621.5,629.5,631.4,630.54,"1,96,43,832","12,38,61,27,145.10","1,34,057","1,12,41,459",57.23
AXISBANK,EQ,2018-11-30,631.4,633.0,635.25,624.0,624.45,625.75,627.45,"89,84,998","5,63,76,24,533.15","1,03,581","54,43,079",60.58
AXISBANK,EQ,2018-12-03,625.75,632.0,633.0,621.6,625.0,624.8,625.49,"59,14,250","3,69,93,08,298.35","79,187","30,61,724",51.77
AXISBANK,EQ,2018-12-04,624.8,624.95,627.55,618.6,623.8,623.25,621.49,"83,82,005","5,20,93,04,970.45","76,682","51,03,926",60.89
AXISBANK,EQ,2018-12-05,623.25,620.9,623.95,613.4,614.9,614.95,618.57,"97,28,083","6,01,74,56,517.45","1,01,498","58,78,113",60.42
AXISBANK,EQ,2018-12-06,614.95,610.25,613.85,598.25,598.95,600.05,606.31,"75,19,849","4,55,93,87,205.60","1,23,704","34,72,233",46.17
AXISBANK,EQ,2018-12-07,600.05,602.4,609.5,592.35,604.5,603.95,601.99,"1,22,62,327","7,38,17,47,100.85","1,53,706","57,85,798",47.18
AXISBANK,EQ,2018-12-10,603.95,595.0,601.5,585.3,590.55,590.3,593.22,"1,16,43,401","6,90,70,79,048.75","1,09,164","73,21,589",62.88
AXISBANK,EQ,2018-12-11,590.3,581.0,616.65,580.5,603.9,604.25,600.21,"1,64,29,956","9,86,13,56,118.45","1,98,852","91,58,903",55.75
AXISBANK,EQ,2018-12-12,604.25,604.75,622.0,603.0,622.0,619.95,612.52,"72,32,578","4,43,00,70,605.20","1,05,740","31,86,085",44.05
AXISBANK,EQ,2018-12-13,619.95,624.8,625.9,616.15,618.9,619.1,620.32,"74,19,355","4,60,23,60,155.00","71,867","42,03,760",56.66
AXISBANK,EQ,2018-12-14,619.1,619.1,623.0,611.3,620.3,620.25,616.1,"41,65,047","2,56,60,75,819.85","81,978","16,47,512",39.56
AXISBANK,EQ,2018-12-17,620.25,622.55,624.5,616.15,616.5,617.15,618.64,"48,43,342","2,99,62,95,236.35","73,481","26,52,520",54.77
AXISBANK,EQ,2018-12-18,617.15,617.65,621.8,613.85,618.8,619.4,618.37,"84,92,688","5,25,16,35,397.50","1,02,617","56,40,935",66.42
AXISBANK,EQ,2018-12-19,619.4,624.25,651.65,619.15,640.0,641.65,638.19,"1,67,59,139","10,69,54,87,241.30","1,65,568","73,60,460",43.92
AXISBANK,EQ,2018-12-20,641.65,636.95,646.9,629.0,633.3,632.95,635.05,"1,10,04,125","6,98,82,07,460.75","1,30,935","42,18,429",38.33
AXISBANK,EQ,2018-12-21,632.95,633.3,637.85,616.65,621.65,620.85,626.98,"1,07,15,457","6,71,84,16,631.80","1,17,567","57,03,725",53.23
AXISBANK,EQ,2018-12-24,620.85,626.0,627.15,613.5,614.2,615.0,620.15,"61,91,605","3,83,97,29,714.10","87,541","29,62,317",47.84
AXISBANK,EQ,2018-12-26,615.0,611.0,623.65,603.45,618.95,619.5,615.75,"65,19,211","4,01,42,15,612.70","99,749","20,02,212",30.71
AXISBANK,EQ,2018-12-27,619.5,623.55,626.0,615.6,616.4,617.55,620.32,"1,23,04,812","7,63,29,20,006.95","1,27,552","78,70,110",63.96
AXISBANK,EQ,2018-12-28,617.55,623.9,628.0,620.0,625.8,625.05,624.53,"63,72,911","3,98,00,57,102.60","69,467","31,81,174",49.92
AXISBANK,EQ,2018-12-31,625.05,630.4,631.95,618.8,619.9,619.9,624.28,"60,30,093","3,76,44,58,568.95","98,328","26,78,399",44.42
AXISBANK,EQ,2019-01-01,619.9,621.9,630.2,621.9,628.0,627.3,624.79,"1,21,79,223","7,60,94,60,130.10","61,276","13,64,047",11.20
AXISBANK,EQ,2019-01-02,627.3,623.0,628.5,617.5,619.45,620.05,623.31,"1,23,86,281","7,72,05,45,780.25","1,70,903","77,83,918",62.84
AXISBANK,EQ,2019-01-03,620.05,621.4,622.0,603.65,609.0,607.95,611.77,"1,32,28,602","8,09,28,34,256.45","2,12,633","81,98,959",61.98
AXISBANK,EQ,2019-01-04,607.95,612.0,624.75,609.5,620.0,619.6,617.88,"83,81,367","5,17,86,78,150.75","1,26,230","29,80,044",35.56
AXISBANK,EQ,2019-01-07,619.6,626.0,640.7,624.2,637.4,637.45,635.95,"1,17,35,286","7,46,30,59,201.60","1,51,307","47,99,071",40.89
AXISBANK,EQ,2019-01-08,637.45,636.0,653.75,630.6,652.15,650.9,641.05,"1,18,79,875","7,61,56,19,639.70","1,21,549","52,48,930",44.18
AXISBANK,EQ,2019-01-09,650.9,652.35,672.05,652.35,671.2,670.1,663.81,"1,80,03,387","11,95,07,94,758.85","2,26,139","73,04,764",40.57
AXISBANK,EQ,2019-01-10,670.1,668.9,668.9,654.6,665.2,663.25,661.18,"1,27,51,327","8,43,09,13,484.55","1,28,303","52,84,830",41.45
AXISBANK,EQ,2019-01-11,663.25,665.0,668.5,658.2,666.0,666.5,663.36,"83,30,315","5,52,60,28,013.90","1,12,565","32,13,759",38.58
AXISBANK,EQ,2019-01-14,666.5,663.0,663.0,652.55,658.35,659.2,657.41,"68,56,244","4,50,73,35,979.65","1,16,097","24,90,029",36.32
AXISBANK,EQ,2019-01-15,659.2,661.3,664.25,655.05,660.5,660.6,660.44,"54,67,484","3,61,09,56,493.65","90,847","20,58,889",37.66
AXISBANK,EQ,2019-01-16,660.6,660.7,670.4,660.7,662.75,664.0,665.96,"65,98,151","4,39,40,97,680.95","1,07,170","21,80,381",33.05
AXISBANK,EQ,2019-01-17,664.0,669.9,680.0,665.6,674.9,676.65,671.64,"1,04,48,209","7,01,74,05,683.55","1,27,666","42,10,912",40.30
AXISBANK,EQ,2019-01-18,676.65,674.9,676.05,661.45,664.25,664.6,667.73,"70,37,386","4,69,90,45,283.25","1,45,520","23,78,639",33.80
AXISBANK,EQ,2019-01-21,664.6,661.55,664.5,656.5,658.85,660.3,661.04,"61,57,956","4,07,06,42,711.60","1,17,196","31,14,635",50.58
AXISBANK,EQ,2019-01-22,660.3,656.35,663.6,653.85,659.4,661.6,658.72,"79,51,640","5,23,79,05,158.05","1,40,331","42,80,253",53.83
AXISBANK,EQ,2019-01-23,661.6,659.5,667.0,658.6,659.85,661.6,663.91,"75,96,006","5,04,31,00,578.80","1,16,021","35,14,776",46.27
AXISBANK,EQ,2019-01-24,661.6,665.0,665.55,655.0,663.25,663.65,660.2,"70,13,582","4,63,03,68,102.55","98,142","40,68,641",58.01
AXISBANK,EQ,2019-01-25,663.65,665.2,676.85,665.2,668.25,669.75,671.5,"66,28,922","4,45,12,94,115.40","1,38,347","25,34,962",38.24
AXISBANK,EQ,2019-01-28,669.75,669.0,674.45,650.35,658.5,656.3,658.0,"77,92,690","5,12,75,54,137.65","1,41,171",-,-
AXISBANK,EQ,2019-01-29,656.3,658.5,671.0,649.55,669.35,660.75,657.21,"83,02,420","5,45,63,98,539.10","1,39,965","30,07,226",36.22
AXISBANK,EQ,2019-01-30,660.75,687.05,703.35,683.75,691.0,690.95,692.68,"4,69,12,230","32,49,51,42,522.50","4,50,032","2,16,85,605",46.23
AXISBANK,EQ,2019-01-31,690.95,697.25,726.85,689.05,720.8,722.7,712.13,"3,52,39,544","25,09,52,69,694.65","3,86,855","1,39,97,883",39.72
AXISBANK,EQ,2019-02-01,722.7,720.75,726.4,705.4,717.3,717.25,717.16,"1,37,92,059","9,89,11,22,544.65","2,08,032","61,05,419",44.27
AXISBANK,EQ,2019-02-04,717.25,711.3,724.5,708.0,721.5,720.5,715.99,"81,95,956","5,86,82,40,288.65","1,57,232","37,81,849",46.14
AXISBANK,EQ,2019-02-05,720.5,722.0,731.6,719.5,730.0,729.5,727.26,"86,65,426","6,30,19,93,950.55","1,23,392","29,98,629",34.60
AXISBANK,EQ,2019-02-06,729.5,731.3,734.5,715.6,726.1,725.75,726.0,"80,77,340","5,86,41,74,252.95","1,23,421","24,76,347",30.66
AXISBANK,EQ,2019-02-07,725.75,726.25,733.8,724.0,730.0,730.15,729.42,"72,03,465","5,25,43,85,372.90","1,08,863","23,76,555",32.99
AXISBANK,EQ,2019-02-08,730.15,727.0,732.8,716.25,721.15,719.4,722.97,"73,41,956","5,30,79,92,203.55","1,43,642","29,23,492",39.82
AXISBANK,EQ,2019-02-11,719.4,719.9,719.9,705.3,713.3,710.85,711.04,"72,34,953","5,14,43,37,214.25","1,39,946","36,82,456",50.90
AXISBANK,EQ,2019-02-12,710.85,701.0,713.4,700.0,703.45,705.6,706.66,"1,58,56,819","11,20,53,01,753.55","2,00,620","63,85,618",40.27
AXISBANK,EQ,2019-02-13,705.6,700.0,707.45,695.05,699.35,697.5,702.75,"1,13,99,689","8,01,11,67,259.20","1,23,170","63,86,260",56.02
AXISBANK,EQ,2019-02-14,697.5,706.0,706.4,692.6,697.0,695.0,697.73,"1,03,83,603","7,24,49,10,836.45","1,16,597","53,60,642",51.63
AXISBANK,EQ,2019-02-15,695.0,700.0,704.0,681.7,685.3,686.6,689.75,"1,08,66,440","7,49,51,56,929.35","1,60,260","56,17,790",51.70
AXISBANK,EQ,2019-02-18,686.6,686.0,697.7,680.7,692.4,693.3,689.27,"71,35,564","4,91,83,48,739.60","1,51,109","28,78,264",40.34
AXISBANK,EQ,2019-02-19,693.3,693.3,705.4,689.65,691.7,693.05,700.08,"68,16,325","4,77,19,82,897.05","1,36,098","24,89,188",36.52
AXISBANK,EQ,2019-02-20,693.05,697.6,703.0,695.3,699.6,700.35,699.96,"57,72,687","4,04,06,56,199.40","1,01,908","26,55,455",46.00
AXISBANK,EQ,2019-02-21,700.35,700.5,706.5,695.1,697.0,697.2,699.91,"66,74,353","4,67,14,69,808.80","1,28,858","32,47,608",48.66
AXISBANK,EQ,2019-02-22,697.2,697.45,704.45,691.2,702.0,702.05,699.22,"98,22,278","6,86,79,26,969.60","1,32,234","58,65,788",59.72
AXISBANK,EQ,2019-02-25,702.05,702.9,705.8,696.1,704.5,703.7,700.98,"1,14,28,024","8,01,07,69,041.45","1,71,807","76,11,491",66.60
AXISBANK,EQ,2019-02-26,703.7,694.0,715.6,693.05,709.9,710.15,704.99,"91,66,951","6,46,26,29,204.85","1,47,809","46,09,488",50.28
AXISBANK,EQ,2019-02-27,710.15,714.95,727.8,713.05,717.0,718.2,720.08,"1,32,84,424","9,56,58,29,897.40","2,17,326","58,36,075",43.93
AXISBANK,EQ,2019-02-28,718.2,723.45,723.45,706.4,709.55,709.55,710.06,"2,62,30,891","18,62,55,30,651.20","2,36,844","2,01,51,933",76.83
AXISBANK,EQ,2019-03-01,709.55,713.5,714.95,699.55,702.45,702.4,705.25,"77,13,824","5,44,02,12,645.85","1,16,741","37,85,838",49.08
AXISBANK,EQ,2019-03-05,702.4,705.7,733.9,700.7,733.85,732.05,719.06,"1,12,98,428","8,12,42,61,898.40","2,30,184","53,75,962",47.58
AXISBANK,EQ,2019-03-06,732.05,733.9,733.9,712.55,719.2,720.6,721.27,"1,05,10,670","7,58,09,82,553.20","1,88,198","47,59,503",45.28
AXISBANK,EQ,2019-03-07,720.6,720.75,739.45,720.75,734.25,733.75,730.16,"1,12,63,734","8,22,43,38,081.05","1,88,476","44,17,852",39.22
AXISBANK,EQ,2019-03-08,733.75,732.0,737.25,728.4,732.3,733.4,733.09,"77,44,794","5,67,76,54,298.00","1,16,121","29,94,463",38.66
AXISBANK,EQ,2019-03-11,733.4,733.3,744.9,730.6,736.6,734.5,738.39,"94,21,608","6,95,68,07,669.05","1,73,686","40,58,187",43.07
AXISBANK,EQ,2019-03-12,734.5,738.7,749.0,738.55,742.6,742.55,743.7,"81,31,901","6,04,76,68,123.30","1,42,354","43,17,539",53.09
AXISBANK,EQ,2019-03-13,742.55,743.6,751.0,736.5,738.25,738.0,742.61,"1,23,33,789","9,15,91,72,127.95","1,54,046","59,69,166",48.40
AXISBANK,EQ,2019-03-14,738.0,740.0,749.7,737.4,741.3,740.6,743.02,"71,00,875","5,27,60,74,192.35","1,17,682","30,53,248",43.00
AXISBANK,EQ,2019-03-15,740.6,742.95,748.95,731.7,736.5,735.1,739.7,"1,45,60,368","10,77,03,37,681.20","1,55,385","90,11,499",61.89
AXISBANK,EQ,2019-03-18,735.1,741.0,756.0,740.25,754.4,751.6,748.39,"98,23,043","7,35,14,54,663.25","1,25,832","24,74,319",25.19
AXISBANK,EQ,2019-03-19,751.6,755.0,763.0,749.05,761.2,760.9,755.0,"88,18,172","6,65,76,87,790.20","1,37,174","27,61,653",31.32
AXISBANK,EQ,2019-03-20,760.9,760.75,767.0,754.35,754.5,755.75,760.04,"97,58,274","7,41,66,45,779.45","1,29,227","46,90,728",48.07
AXISBANK,EQ,2019-03-22,755.75,764.7,765.9,735.55,760.5,757.05,761.25,"1,03,55,078","7,88,28,15,844.15","1,57,763","34,24,843",33.07
AXISBANK,EQ,2019-03-25,757.05,752.7,755.0,741.15,745.35,745.7,746.5,"71,30,411","5,32,28,63,606.55","1,32,196","41,97,763",58.87
AXISBANK,EQ,2019-03-26,745.7,747.4,760.95,741.65,760.7,757.1,748.08,"73,00,104","5,46,10,29,861.55","91,613","34,90,791",47.82
AXISBANK,EQ,2019-03-27,757.1,761.3,770.0,755.85,760.5,759.3,763.68,"74,56,768","5,69,45,55,717.25","1,26,211","21,53,100",28.87
AXISBANK,EQ,2019-03-28,759.3,761.1,787.65,757.15,775.8,780.7,775.22,"1,66,43,818","12,90,26,86,178.20","1,75,012","1,05,98,619",63.68
AXISBANK,EQ,2019-03-29,780.7,777.0,781.35,767.6,775.2,777.25,774.91,"96,61,906","7,48,71,20,154.75","1,39,573","53,28,520",55.15
AXISBANK,EQ,2019-04-01,777.25,780.95,783.0,760.6,762.5,765.6,773.8,"60,21,202","4,65,91,82,514.70","1,33,059","25,04,426",41.59
AXISBANK,EQ,2019-04-02,765.6,769.15,774.95,761.0,769.6,767.4,767.54,"65,92,678","5,06,01,27,916.75","1,34,601","26,21,860",39.77
AXISBANK,EQ,2019-04-03,767.4,770.0,772.75,758.7,761.2,761.5,765.37,"55,91,613","4,27,96,76,453.70","88,359","23,52,445",42.07
AXISBANK,EQ,2019-04-04,761.5,763.0,771.9,760.0,762.1,762.15,765.19,"70,09,879","5,36,39,13,730.85","1,76,090","30,84,385",44.00
AXISBANK,EQ,2019-04-05,762.15,763.95,768.75,756.1,764.0,762.2,762.23,"53,43,947","4,07,33,16,210.55","1,24,812","19,13,964",35.82
AXISBANK,EQ,2019-04-08,762.2,764.3,768.0,748.55,755.0,754.6,755.77,"49,18,795","3,71,74,94,937.25","1,09,471","18,20,994",37.02
AXISBANK,EQ,2019-04-09,754.6,755.0,766.0,751.0,765.55,763.4,756.66,"54,83,424","4,14,90,89,499.05","1,51,206","26,89,006",49.04
AXISBANK,EQ,2019-04-10,763.4,761.25,767.9,758.0,760.5,760.85,762.81,"59,33,250","4,52,59,37,365.90","97,354","28,97,970",48.84
AXISBANK,EQ,2019-04-11,760.85,760.5,761.35,747.0,751.25,752.3,753.92,"53,65,803","4,04,53,63,079.00","1,18,983","23,20,339",43.24
AXISBANK,EQ,2019-04-12,752.3,753.4,766.75,751.6,762.2,764.35,759.61,"46,71,869","3,54,87,78,411.90","87,209","15,00,857",32.13
AXISBANK,EQ,2019-04-15,764.35,764.0,770.2,760.0,763.2,762.85,765.61,"37,07,106","2,83,81,98,197.10","56,024","12,68,229",34.21
AXISBANK,EQ,2019-04-16,762.85,765.1,776.0,765.1,775.0,771.1,771.42,"70,88,601","5,46,83,03,631.50","1,43,014","34,33,223",48.43
AXISBANK,EQ,2019-04-18,771.1,778.4,779.0,769.0,770.05,771.2,773.41,"60,98,041","4,71,62,55,977.55","1,05,977","22,96,796",37.66
AXISBANK,EQ,2019-04-22,771.2,768.9,768.9,750.55,755.05,755.5,756.86,"41,85,156","3,16,75,81,907.50","1,26,082","15,31,017",36.58
AXISBANK,EQ,2019-04-23,755.5,757.45,759.3,749.0,753.1,753.25,754.35,"50,98,170","3,84,57,87,603.75","1,20,551","17,90,023",35.11
AXISBANK,EQ,2019-04-24,753.25,754.7,755.7,738.35,750.9,752.85,747.73,"78,25,049","5,85,09,93,024.45","1,22,901","34,24,580",43.76
AXISBANK,EQ,2019-04-25,752.85,754.0,758.55,738.55,741.3,740.9,747.98,"1,02,82,068","7,69,08,14,958.50","1,34,676","47,87,136",46.56
AXISBANK,EQ,2019-04-26,740.9,762.0,765.15,747.25,757.4,759.9,756.85,"2,32,94,204","17,63,03,17,108.15","2,37,793","89,79,081",38.55
AXISBANK,EQ,2019-04-30,759.9,759.95,769.7,755.8,765.0,766.85,764.69,"1,24,34,805","9,50,87,70,904.25","1,63,833","62,03,595",49.89
AXISBANK,EQ,2019-05-02,766.85,765.4,767.8,748.05,751.95,752.35,759.27,"70,33,021","5,33,99,31,628.35","1,18,878","36,53,935",51.95
AXISBANK,EQ,2019-05-03,752.35,754.15,763.8,753.45,754.9,757.3,758.82,"59,70,814","4,53,07,60,324.75","1,39,633","26,36,170",44.15
AXISBANK,EQ,2019-05-06,757.3,746.0,753.4,744.1,748.0,747.45,748.59,"59,09,936","4,42,41,31,033.50","1,10,405","33,40,102",56.52
AXISBANK,EQ,2019-05-07,747.45,751.85,755.5,740.0,744.85,741.85,748.48,"50,71,941","3,79,62,25,620.50","1,41,094","24,04,026",47.40
AXISBANK,EQ,2019-05-08,741.85,741.9,744.75,733.35,735.1,735.5,737.58,"67,39,894","4,97,12,11,170.40","1,18,950","33,73,685",50.06
AXISBANK,EQ,2019-05-09,735.5,733.9,740.5,729.4,732.35,731.0,734.6,"41,93,451","3,08,04,96,796.45","75,621","14,09,191",33.60
AXISBANK,EQ,2019-05-10,731.0,734.4,738.5,729.5,732.55,735.05,735.71,"39,13,815","2,87,94,27,747.30","1,14,875","15,69,735",40.11
AXISBANK,EQ,2019-05-13,735.05,734.0,742.85,730.0,732.0,732.1,736.74,"58,91,071","4,34,01,74,009.20","1,42,075","26,15,724",44.40
AXISBANK,EQ,2019-05-14,732.1,729.4,738.5,722.5,732.2,731.35,731.77,"70,49,134","5,15,83,46,976.20","1,73,149","34,07,311",48.34
AXISBANK,EQ,2019-05-15,731.35,735.8,737.7,716.1,717.35,721.95,728.8,"48,49,130","3,53,40,36,435.45","1,37,346","20,87,259",43.04
AXISBANK,EQ,2019-05-16,721.95,720.95,735.0,718.7,733.55,731.85,727.72,"51,42,617","3,74,23,61,320.15","93,557","19,56,007",38.04
AXISBANK,EQ,2019-05-17,731.85,731.8,752.15,727.2,750.3,748.95,740.19,"90,72,242","6,71,52,20,274.70","1,38,079","43,15,608",47.57
AXISBANK,EQ,2019-05-20,748.95,760.2,790.65,760.2,782.5,782.4,777.93,"1,58,66,697","12,34,32,08,338.55","1,85,366","91,07,718",57.40
AXISBANK,EQ,2019-05-21,782.4,789.7,791.8,771.05,773.1,772.95,781.48,"92,51,548","7,22,98,97,982.15","1,75,600","49,57,358",53.58
AXISBANK,EQ,2019-05-22,772.95,774.8,784.0,770.2,778.0,779.15,779.54,"59,28,186","4,62,12,35,266.95","95,012","27,51,821",46.42
AXISBANK,EQ,2019-05-23,779.15,788.0,804.3,770.6,776.15,776.4,790.45,"1,47,76,218","11,67,98,84,014.30","1,88,660","66,75,797",45.18
AXISBANK,EQ,2019-05-24,776.4,779.45,795.9,778.5,791.65,793.2,788.24,"93,23,114","7,34,88,80,474.10","1,44,678","46,35,643",49.72
AXISBANK,EQ,2019-05-27,793.2,794.0,816.4,787.2,814.0,813.9,804.17,"91,28,216","7,34,06,03,751.10","1,20,198","41,49,897",45.46
AXISBANK,EQ,2019-05-28,813.9,816.3,822.1,801.0,808.0,808.4,809.32,"1,34,73,187","10,90,41,57,528.80","2,07,712","76,43,885",56.73
AXISBANK,EQ,2019-05-29,808.4,806.75,813.0,802.1,802.65,804.7,806.27,"59,58,128","4,80,38,36,410.30","1,07,154","26,87,836",45.11
AXISBANK,EQ,2019-05-30,804.7,803.25,814.2,803.25,808.75,807.55,808.62,"64,14,384","5,18,67,71,702.10","1,00,377","29,49,048",45.98
AXISBANK,EQ,2019-05-31,807.55,811.0,818.7,793.2,811.0,808.3,810.89,"1,11,40,585","9,03,37,92,705.75","1,33,429","64,61,987",58.00
AXISBANK,EQ,2019-06-03,808.3,813.55,814.65,803.1,813.0,812.65,808.93,"64,27,567","5,19,94,79,458.25","1,23,928","34,45,276",53.60
AXISBANK,EQ,2019-06-04,812.65,807.55,827.75,805.5,823.9,822.8,818.36,"95,15,354","7,78,70,04,159.70","1,39,685","37,86,856",39.80
AXISBANK,EQ,2019-06-06,822.8,824.0,825.95,805.8,811.1,807.7,815.75,"1,47,28,937","12,01,50,90,817.75","1,76,099","89,46,487",60.74
AXISBANK,EQ,2019-06-07,807.7,811.1,813.25,801.3,804.0,804.0,806.59,"68,84,094","5,55,26,53,776.15","1,20,625","31,43,949",45.67
AXISBANK,EQ,2019-06-10,804.0,807.4,816.75,807.4,815.0,814.15,811.78,"59,23,875","4,80,89,02,064.95","90,022","26,79,641",45.23
AXISBANK,EQ,2019-06-11,814.15,817.15,821.45,807.0,815.2,814.8,814.67,"54,71,529","4,45,75,11,352.70","1,02,606","27,89,810",50.99
AXISBANK,EQ,2019-06-12,814.8,814.05,815.75,809.1,815.75,813.55,811.77,"47,07,478","3,82,13,82,922.15","1,00,246","20,82,894",44.25
AXISBANK,EQ,2019-06-13,813.55,811.25,823.4,810.75,822.25,820.15,817.42,"90,56,584","7,40,30,67,204.60","1,01,941","54,24,511",59.90
AXISBANK,EQ,2019-06-14,820.15,820.1,823.1,797.45,801.25,801.2,810.53,"89,19,370","7,22,93,88,142.70","1,22,917","48,63,287",54.53
AXISBANK,EQ,2019-06-17,801.2,800.1,801.0,775.1,780.9,777.7,783.64,"1,01,51,212","7,95,49,36,666.60","1,71,883","54,56,338",52.87
AXISBANK,EQ,2019-06-18,777.7,781.95,784.85,770.1,775.1,775.75,778.57,"83,47,632","6,49,92,00,200.65","1,57,966","43,25,495",50.71
AXISBANK,EQ,2019-06-19,775.75,780.8,789.0,763.35,773.2,770.7,778.98,"64,11,258","4,99,42,43,347.05","1,04,647","21,37,920",33.35
AXISBANK,EQ,2019-06-20,770.7,772.0,775.45,758.85,771.5,771.4,766.07,"91,90,732","7,04,07,34,439.15","1,81,863","50,64,279",55.10
AXISBANK,EQ,2019-06-21,771.4,774.75,778.25,762.8,770.0,771.05,770.38,"1,26,10,688","9,71,50,45,078.55","1,55,373","81,35,075",64.51
AXISBANK,EQ,2019-06-24,771.05,771.0,775.25,761.0,762.6,762.85,766.74,"48,66,859","3,73,16,27,079.55","1,06,040","21,89,822",44.99
AXISBANK,EQ,2019-06-25,762.85,761.25,783.0,756.55,780.1,781.65,771.01,"1,00,44,436","7,74,43,61,637.95","1,99,156","50,20,148",49.98
AXISBANK,EQ,2019-06-26,781.65,782.9,792.0,781.7,787.8,788.6,788.49,"87,15,757","6,87,22,59,766.30","1,44,238","35,56,341",40.80
AXISBANK,EQ,2019-06-27,788.6,788.95,806.85,781.6,800.5,800.45,798.26,"1,84,39,210","14,71,92,63,805.10","2,13,352","84,13,740",45.63
AXISBANK,EQ,2019-06-28,800.45,801.15,812.9,793.3,809.75,808.55,804.75,"91,74,348","7,38,30,88,267.65","1,30,644","34,19,593",37.27
AXISBANK,EQ,2019-07-01,808.55,810.75,819.0,807.45,808.05,810.45,814.21,"58,96,530","4,80,09,90,491.20","1,16,881","25,29,729",42.90
AXISBANK,EQ,2019-07-02,810.45,811.1,812.55,800.75,802.55,802.6,804.84,"75,49,027","6,07,57,57,801.60","1,02,021","47,02,057",62.29
AXISBANK,EQ,2019-07-03,802.6,802.65,811.5,801.5,806.25,806.2,806.92,"55,35,230","4,46,64,88,810.70","1,09,313","28,03,106",50.64
AXISBANK,EQ,2019-07-04,806.2,810.0,813.2,804.3,807.9,808.85,808.72,"55,53,273","4,49,10,54,940.60","87,628","24,13,945",43.47
AXISBANK,EQ,2019-07-05,808.85,808.0,812.95,801.3,806.2,806.1,807.56,"58,71,202","4,74,13,41,323.15","98,410","30,91,262",52.65
AXISBANK,EQ,2019-07-08,806.1,802.0,803.65,778.65,784.45,782.9,786.3,"74,85,169","5,88,55,65,084.45","1,39,420","41,56,714",55.53
AXISBANK,EQ,2019-07-09,782.9,778.5,788.8,776.4,785.7,786.2,783.38,"64,48,920","5,05,19,27,487.10","1,21,086","33,10,791",51.34
AXISBANK,EQ,2019-07-10,786.2,786.65,790.0,764.55,768.0,769.25,774.27,"58,14,417","4,50,19,09,132.20","1,09,665","23,23,195",39.96
AXISBANK,EQ,2019-07-11,769.25,773.5,773.5,763.0,765.45,766.4,767.47,"71,11,401","5,45,77,69,685.20","1,33,645","35,79,212",50.33
AXISBANK,EQ,2019-07-12,766.4,766.1,768.6,751.0,754.05,755.8,756.69,"85,52,548","6,47,16,04,458.25","1,66,279","37,51,804",43.87
AXISBANK,EQ,2019-07-15,755.8,757.25,759.65,744.0,749.9,749.75,749.42,"63,50,785","4,75,93,79,454.75","1,14,360","30,78,039",48.47
AXISBANK,EQ,2019-07-16,749.75,750.0,763.2,747.55,762.1,761.05,756.33,"61,70,479","4,66,69,19,517.15","1,17,902","31,95,836",51.79
AXISBANK,EQ,2019-07-17,761.05,763.1,765.55,750.05,754.0,752.6,756.91,"57,57,193","4,35,76,91,605.40","99,565","26,75,037",46.46
AXISBANK,EQ,2019-07-18,752.6,754.0,755.0,734.6,743.0,740.4,742.83,"1,12,83,488","8,38,17,57,150.75","2,06,879","70,41,030",62.40
AXISBANK,EQ,2019-07-19,740.4,743.55,746.8,723.3,730.1,729.25,733.06,"80,91,007","5,93,12,05,673.15","1,85,588","44,72,668",55.28
AXISBANK,EQ,2019-07-22,729.25,730.0,738.5,720.0,727.1,727.45,728.84,"70,20,071","5,11,65,03,680.95","1,59,615","37,50,001",53.42
AXISBANK,EQ,2019-07-23,727.45,732.9,739.3,726.1,728.0,728.0,732.29,"70,48,354","5,16,14,35,912.55","1,61,571","34,32,162",48.69
AXISBANK,EQ,2019-07-24,728.0,728.0,732.8,709.35,710.15,712.3,716.34,"66,18,279","4,74,09,70,549.90","1,63,314","31,44,683",47.52
AXISBANK,EQ,2019-07-25,712.3,711.2,726.25,706.35,724.6,723.15,719.09,"99,72,204","7,17,08,82,492.30","1,74,889","44,21,114",44.33
AXISBANK,EQ,2019-07-26,723.15,723.55,732.0,719.2,730.55,729.85,727.59,"54,50,010","3,96,53,71,467.85","1,16,857","18,47,138",33.89
AXISBANK,EQ,2019-07-29,729.85,736.2,740.0,710.0,722.0,720.25,719.34,"1,03,14,136","7,41,94,01,598.50","1,62,574","44,88,194",43.51
AXISBANK,EQ,2019-07-30,720.25,725.95,728.0,701.0,702.4,707.6,713.26,"1,41,00,900","10,05,75,41,405.55","1,98,050","57,56,301",40.82
AXISBANK,EQ,2019-07-31,707.6,694.0,694.9,657.8,674.8,674.1,678.44,"5,58,36,793","37,88,18,27,355.45","7,70,467","2,48,28,852",44.47
AXISBANK,EQ,2019-08-01,674.1,673.95,680.75,662.65,671.3,669.3,670.87,"1,70,01,210","11,40,56,80,324.45","3,04,235","91,99,983",54.11
AXISBANK,EQ,2019-08-02,669.3,667.4,681.65,661.6,672.1,673.85,672.36,"1,44,26,295","9,69,96,97,992.30","2,04,030","67,46,730",46.77
AXISBANK,EQ,2019-08-05,673.85,665.5,669.35,650.2,660.35,662.45,660.0,"1,30,42,504","8,60,80,46,890.80","3,47,923","68,42,327",52.46
AXISBANK,EQ,2019-08-06,662.45,658.7,682.85,654.0,678.4,679.0,673.72,"1,24,19,831","8,36,74,35,877.00","3,43,217","63,15,114",50.85
AXISBANK,EQ,2019-08-07,679.0,679.0,679.5,654.25,659.6,659.95,669.08,"1,04,86,156","7,01,60,72,549.30","2,17,396","52,00,567",49.59
AXISBANK,EQ,2019-08-08,659.95,660.6,664.3,643.2,661.4,660.1,651.07,"1,75,63,795","11,43,52,77,263.95","2,75,809","94,13,699",53.60
AXISBANK,EQ,2019-08-09,660.1,664.2,675.95,660.0,660.1,660.8,666.82,"92,89,628","6,19,45,12,208.95","1,33,691","28,06,605",30.21
AXISBANK,EQ,2019-08-13,660.8,662.2,668.7,645.0,646.7,649.45,658.78,"73,89,394","4,86,80,00,256.95","1,20,937","31,11,204",42.10
AXISBANK,EQ,2019-08-14,649.45,652.8,669.45,652.0,660.95,663.2,662.74,"71,48,518","4,73,75,98,344.90","1,23,998","28,66,146",40.09
AXISBANK,EQ,2019-08-16,663.2,664.0,678.0,656.85,675.1,675.65,669.74,"70,40,117","4,71,50,67,326.75","1,23,607","23,62,478",33.56
AXISBANK,EQ,2019-08-19,675.65,678.8,689.0,676.35,685.2,685.0,684.62,"90,82,914","6,21,83,08,723.50","1,25,293","41,58,072",45.78
AXISBANK,EQ,2019-08-20,685.0,685.15,685.2,669.5,674.0,672.35,674.71,"76,02,499","5,12,94,90,441.85","1,00,360","36,04,467",47.41
AXISBANK,EQ,2019-08-21,672.35,674.0,674.15,659.65,667.5,664.7,666.1,"78,92,687","5,25,73,41,603.25","1,48,678","39,77,489",50.39
AXISBANK,EQ,2019-08-22,664.7,665.0,669.85,657.75,661.15,661.15,664.61,"92,62,172","6,15,57,68,595.65","1,80,605","54,66,477",59.02
AXISBANK,EQ,2019-08-23,661.15,659.75,671.55,645.25,664.1,663.9,661.78,"77,75,604","5,14,57,75,861.80","1,34,432","31,11,773",40.02
AXISBANK,EQ,2019-08-26,663.9,677.25,686.65,660.55,683.55,683.7,672.95,"88,64,341","5,96,52,45,377.35","1,36,712","31,18,884",35.18
AXISBANK,EQ,2019-08-27,683.7,697.0,697.55,680.5,684.9,682.95,687.61,"1,20,15,623","8,26,20,78,386.15","2,31,276","58,08,408",48.34
AXISBANK,EQ,2019-08-28,682.95,685.1,689.35,673.5,677.1,678.2,681.44,"56,77,087","3,86,85,73,328.15","91,198","20,28,943",35.74
AXISBANK,EQ,2019-08-29,678.2,674.0,676.75,658.9,663.2,661.15,665.45,"87,53,540","5,82,50,06,901.45","1,45,333","44,92,141",51.32
AXISBANK,EQ,2019-08-30,661.15,664.9,668.6,640.1,665.5,663.9,656.26,"1,71,15,901","11,23,25,22,068.15","2,16,896","84,68,775",49.48
AXISBANK,EQ,2019-09-03,663.9,658.8,658.8,641.45,644.2,645.7,649.84,"84,61,431","5,49,85,86,412.55","1,93,676","41,55,708",49.11
AXISBANK,EQ,2019-09-04,645.7,644.2,653.0,638.6,646.1,647.3,646.09,"1,07,86,466","6,96,90,28,046.45","1,62,998","47,69,159",44.21
AXISBANK,EQ,2019-09-05,647.3,652.0,659.75,644.05,648.6,649.6,650.36,"81,08,303","5,27,33,02,820.55","2,75,426","29,65,136",36.57
AXISBANK,EQ,2019-09-06,649.6,653.1,672.75,653.1,670.55,671.1,666.57,"1,11,01,456","7,39,99,46,628.95","2,38,280","40,90,935",36.85
AXISBANK,EQ,2019-09-09,671.1,667.65,675.8,662.75,671.2,671.55,670.96,"56,07,331","3,76,22,98,642.00","1,34,893","16,15,793",28.82
AXISBANK,EQ,2019-09-11,671.55,674.55,683.5,671.0,677.3,681.7,678.33,"59,66,906","4,04,75,35,429.70","1,66,605","26,64,519",44.65
AXISBANK,EQ,2019-09-12,681.7,680.1,681.65,660.55,662.65,662.9,669.93,"80,87,081","5,41,77,76,338.10","2,16,270","39,45,294",48.79
AXISBANK,EQ,2019-09-13,662.9,663.55,675.4,657.05,673.8,674.25,665.93,"1,21,05,997","8,06,16,87,263.20","1,48,262","56,14,469",46.38
AXISBANK,EQ,2019-09-16,674.25,666.6,674.4,664.95,671.2,670.9,670.06,"76,59,588","5,13,23,81,418.10","1,25,793","32,43,047",42.34
AXISBANK,EQ,2019-09-17,670.9,667.0,668.3,638.05,639.5,640.45,649.84,"1,72,97,040","11,24,02,28,321.45","3,94,528","67,62,193",39.09
AXISBANK,EQ,2019-09-18,640.45,645.5,654.5,641.55,647.5,648.4,646.98,"97,02,162","6,27,70,80,257.00","2,34,595","28,68,624",29.57
AXISBANK,EQ,2019-09-19,648.4,648.2,650.0,632.6,637.35,638.2,641.93,"95,54,331","6,13,32,13,078.85","1,41,865","34,78,590",36.41
AXISBANK,EQ,2019-09-20,638.2,641.05,689.45,622.65,677.0,680.35,664.15,"3,88,62,975","25,81,09,72,821.95","4,92,148","1,98,74,528",51.14
AXISBANK,EQ,2019-09-23,680.35,703.9,732.0,695.85,730.0,725.5,712.96,"3,14,17,887","22,39,96,67,067.75","3,20,648","1,68,31,313",53.57
AXISBANK,EQ,2019-09-24,725.5,728.25,733.25,702.25,703.15,704.4,716.03,"1,56,83,656","11,23,00,21,208.80","2,43,208","53,87,385",34.35
AXISBANK,EQ,2019-09-25,704.4,702.0,703.45,683.65,686.55,694.95,696.26,"1,70,58,681","11,87,72,59,534.10","2,48,707","65,15,579",38.20
AXISBANK,EQ,2019-09-26,694.95,686.6,719.65,686.55,699.5,699.9,702.99,"1,50,07,372","10,55,00,05,529.20","2,43,534","43,49,082",28.98
AXISBANK,EQ,2019-09-27,699.9,700.2,707.95,692.5,702.5,700.6,701.89,"1,02,45,068","7,19,09,34,305.05","1,84,729","26,83,663",26.19
AXISBANK,EQ,2019-09-30,700.6,704.05,712.4,682.1,684.8,685.0,690.07,"2,00,73,726","13,85,23,64,273.45","2,28,625","1,23,86,795",61.71
AXISBANK,EQ,2019-10-01,685.0,687.1,701.25,656.25,676.75,679.15,679.81,"4,94,42,205","33,61,14,03,707.40","4,01,465","2,70,80,443",54.77
AXISBANK,EQ,2019-10-03,679.15,675.0,675.9,646.7,667.15,668.4,664.55,"1,76,15,854","11,70,66,65,456.80","2,61,635","79,10,729",44.91
AXISBANK,EQ,2019-10-04,668.4,669.9,677.4,651.4,655.05,656.4,663.42,"1,53,17,105","10,16,16,62,587.15","2,06,078","60,19,862",39.30
AXISBANK,EQ,2019-10-07,656.4,660.95,681.9,651.7,668.7,673.45,669.13,"2,15,54,138","14,42,24,71,995.80","1,69,198","1,11,90,248",51.92
AXISBANK,EQ,2019-10-09,673.45,671.9,689.5,664.3,686.95,686.3,677.95,"1,15,37,721","7,82,19,74,755.75","1,53,497","44,53,034",38.60
AXISBANK,EQ,2019-10-10,686.3,680.0,684.3,665.35,674.9,672.95,672.31,"86,79,981","5,83,56,42,476.25","1,29,012","34,00,225",39.17
AXISBANK,EQ,2019-10-11,672.95,676.55,686.0,668.3,672.1,672.7,675.5,"1,10,42,828","7,45,94,30,142.70","1,40,619","34,68,697",31.41
AXISBANK,EQ,2019-10-14,672.7,677.8,693.95,673.35,684.0,683.5,684.61,"1,10,99,352","7,59,87,64,025.60","1,26,825","43,60,303",39.28
AXISBANK,EQ,2019-10-15,683.5,682.6,694.85,681.3,689.9,690.05,688.51,"92,60,732","6,37,60,61,663.70","1,00,513","37,84,795",40.87
AXISBANK,EQ,2019-10-16,690.05,693.4,695.4,683.55,692.65,693.4,690.06,"1,04,04,705","7,17,98,80,706.75","1,57,036","39,61,277",38.07
AXISBANK,EQ,2019-10-17,693.4,690.5,712.4,690.5,710.35,710.3,703.33,"1,06,17,761","7,46,78,21,748.95","1,69,129","30,73,773",28.95
AXISBANK,EQ,2019-10-18,710.3,709.85,715.7,705.25,710.35,709.55,710.02,"95,00,635","6,74,56,25,702.20","1,04,518","26,54,760",27.94
AXISBANK,EQ,2019-10-22,709.55,712.4,723.0,703.3,713.25,712.75,715.7,"97,04,016","6,94,51,89,976.35","1,73,046","34,47,622",35.53
AXISBANK,EQ,2019-10-23,712.75,718.0,730.0,710.05,716.4,714.85,719.35,"1,61,58,781","11,62,38,81,718.65","2,65,520","48,43,437",29.97
AXISBANK,EQ,2019-10-24,714.85,719.95,723.0,701.55,708.0,707.7,710.99,"89,86,203","6,38,91,12,551.00","1,51,738","30,97,932",34.47
AXISBANK,EQ,2019-10-25,707.7,708.0,711.0,695.0,709.85,708.6,702.61,"82,26,456","5,78,00,12,354.40","1,19,946","27,01,413",32.84
AXISBANK,EQ,2019-10-27,708.6,711.0,715.05,708.55,709.05,710.1,711.31,"9,65,772","68,69,61,266.55","15,526","2,31,217",23.94
AXISBANK,EQ,2019-10-29,710.1,706.5,742.9,704.25,740.0,738.45,726.54,"1,04,22,117","7,57,21,02,266.05","1,69,766","41,36,900",39.69
AXISBANK,EQ,2019-10-30,738.45,745.0,749.9,735.5,748.8,747.4,744.8,"1,01,88,947","7,58,87,15,952.55","1,19,891","37,64,919",36.95
AXISBANK,EQ,2019-10-31,747.4,748.0,750.0,732.05,732.1,736.35,740.64,"87,75,411","6,49,94,36,788.50","1,19,420","40,41,522",46.06
AXISBANK,EQ,2019-11-01,736.35,736.0,750.0,728.1,749.4,748.3,743.09,"84,84,197","6,30,45,35,464.20","89,752","30,24,892",35.65
AXISBANK,EQ,2019-11-04,748.3,754.95,754.95,735.55,741.8,742.6,743.61,"78,51,370","5,83,83,26,729.05","1,14,187","34,67,964",44.17
AXISBANK,EQ,2019-11-05,742.6,741.8,745.6,730.6,735.8,738.05,737.91,"73,06,253","5,39,13,38,102.50","1,68,813","33,43,045",45.76
AXISBANK,EQ,2019-11-06,738.05,736.95,750.9,728.75,745.55,747.25,741.45,"78,21,243","5,79,90,38,037.50","1,19,024","26,97,901",34.49
AXISBANK,EQ,2019-11-07,747.25,750.0,756.0,732.5,737.0,734.75,741.93,"98,71,570","7,32,40,36,763.60","1,48,004","38,73,191",39.24
AXISBANK,EQ,2019-11-08,734.75,735.9,735.9,722.8,725.4,725.5,730.37,"74,27,196","5,42,46,04,453.10","1,14,812","19,89,495",26.79
AXISBANK,EQ,2019-11-11,725.5,723.4,735.5,721.2,733.7,733.7,729.17,"63,55,142","4,63,39,74,260.65","1,22,111","21,23,672",33.42
AXISBANK,EQ,2019-11-13,733.7,733.7,737.4,707.85,710.2,711.2,723.05,"92,90,616","6,71,75,43,391.05","2,59,623","40,14,256",43.21
AXISBANK,EQ,2019-11-14,711.2,711.0,721.8,707.25,716.25,715.9,714.77,"80,00,528","5,71,85,10,837.80","1,27,491","21,95,183",27.44
AXISBANK,EQ,2019-11-15,715.9,716.75,723.5,710.6,716.2,716.9,716.16,"93,15,652","6,67,15,25,445.60","1,16,585","42,18,488",45.28
AXISBANK,EQ,2019-11-18,716.9,717.8,725.5,712.2,724.1,722.95,718.56,"79,07,958","5,68,23,28,123.00","1,46,520","35,32,088",44.66
AXISBANK,EQ,2019-11-19,722.95,725.0,750.2,725.0,749.8,747.8,739.93,"1,44,24,251","10,67,29,82,842.55","2,04,504","59,83,016",41.48
AXISBANK,EQ,2019-11-20,747.8,748.0,753.85,741.25,748.4,748.75,748.47,"87,98,051","6,58,50,93,761.30","1,50,418","34,09,332",38.75
AXISBANK,EQ,2019-11-21,748.75,749.0,749.0,734.3,735.35,737.4,739.42,"55,29,542","4,08,86,75,576.80","1,31,600","21,71,241",39.27
AXISBANK,EQ,2019-11-22,737.4,737.4,740.0,727.5,730.6,732.1,732.79,"48,89,776","3,58,31,79,391.10","1,35,894","18,33,749",37.50
AXISBANK,EQ,2019-11-25,732.1,731.95,756.8,730.0,755.0,754.75,744.91,"68,88,402","5,13,12,71,236.95","1,31,775","21,04,369",30.55
AXISBANK,EQ,2019-11-26,754.75,756.8,762.0,744.0,755.0,752.25,753.54,"1,46,24,880","11,02,03,75,185.50","1,63,793","73,10,761",49.99
AXISBANK,EQ,2019-11-27,752.25,755.0,763.75,748.4,749.1,752.9,756.69,"84,36,862","6,38,40,63,956.95","1,54,845","34,62,719",41.04
AXISBANK,EQ,2019-11-28,752.9,752.3,755.65,745.75,750.5,750.6,750.27,"92,35,443","6,92,90,44,432.65","1,38,405","37,01,638",40.08
AXISBANK,EQ,2019-11-29,750.6,749.9,756.35,736.5,738.6,739.05,744.89,"1,26,74,173","9,44,08,30,186.35","1,33,009","63,12,306",49.80
AXISBANK,EQ,2019-12-02,739.05,739.25,746.0,737.35,744.55,744.3,741.28,"82,85,491","6,14,18,85,081.30","1,41,622","45,85,201",55.34
AXISBANK,EQ,2019-12-03,744.3,744.95,744.95,730.65,732.85,733.4,735.1,"54,08,215","3,97,55,82,034.90","1,00,475","19,50,374",36.06
AXISBANK,EQ,2019-12-04,733.4,732.85,747.0,729.3,739.8,739.85,737.86,"80,16,237","5,91,48,39,282.75","1,33,962","24,27,737",30.29
AXISBANK,EQ,2019-12-05,739.85,743.0,745.0,725.3,728.0,729.25,735.24,"81,51,690","5,99,34,46,773.05","1,02,271","32,01,096",39.27
AXISBANK,EQ,2019-12-06,729.25,732.8,735.25,715.0,718.0,717.6,723.94,"74,58,610","5,39,96,01,679.90","88,795","23,15,316",31.04
AXISBANK,EQ,2019-12-09,717.6,713.45,733.9,710.0,732.35,732.0,723.54,"89,77,174","6,49,53,26,415.80","1,28,084","29,93,470",33.35
AXISBANK,EQ,2019-12-10,732.0,731.0,734.8,714.0,714.2,715.7,720.61,"76,25,748","5,49,51,81,690.20","1,16,431","37,80,127",49.57
AXISBANK,EQ,2019-12-11,715.7,711.5,722.4,709.05,715.8,716.55,715.05,"82,66,375","5,91,08,64,331.85","1,74,218","32,05,726",38.78
AXISBANK,EQ,2019-12-12,716.55,719.0,725.3,715.15,720.75,722.1,720.62,"55,19,774","3,97,76,59,807.55","1,09,971","18,50,906",33.53
AXISBANK,EQ,2019-12-13,722.1,725.6,754.85,725.0,752.25,752.0,744.92,"1,48,34,140","11,05,02,00,666.30","2,31,803","52,08,476",35.11
AXISBANK,EQ,2019-12-16,752.0,752.25,754.7,746.2,746.8,747.25,748.96,"72,86,003","5,45,69,54,774.70","1,53,642","30,19,378",41.44
AXISBANK,EQ,2019-12-17,747.25,747.6,756.5,741.35,745.25,745.65,749.78,"97,88,065","7,33,89,08,169.45","1,52,088","37,96,282",38.78
AXISBANK,EQ,2019-12-18,745.65,745.8,748.55,737.6,742.6,741.85,741.46,"66,78,420","4,95,17,49,674.35","1,06,742","30,14,416",45.14
AXISBANK,EQ,2019-12-19,741.85,743.1,750.0,740.65,744.2,742.55,745.01,"84,00,708","6,25,86,15,740.60","1,18,348","47,05,698",56.02
AXISBANK,EQ,2019-12-20,742.55,744.7,747.0,737.3,739.0,739.85,741.11,"70,19,925","5,20,25,12,625.95","85,490","36,92,747",52.60
AXISBANK,EQ,2019-12-23,739.85,736.9,748.6,735.0,744.8,743.15,743.74,"1,02,50,382","7,62,35,92,833.10","1,09,855","58,11,488",56.70
AXISBANK,EQ,2019-12-24,743.15,744.5,744.7,737.8,740.0,740.65,740.66,"36,42,916","2,69,81,63,772.75","64,957","11,84,689",32.52
AXISBANK,EQ,2019-12-26,740.65,737.5,740.65,733.9,739.9,736.5,736.96,"79,19,368","5,83,62,54,187.55","71,584","40,69,845",51.39
AXISBANK,EQ,2019-12-27,736.5,739.0,762.0,736.3,760.9,760.15,753.47,"1,07,36,285","8,08,94,28,751.15","1,56,492","33,25,687",30.98
AXISBANK,EQ,2019-12-30,760.15,760.9,765.75,751.05,756.0,754.1,757.22,"1,00,34,206","7,59,81,27,725.30","1,41,431","36,54,772",36.42
AXISBANK,EQ,2019-12-31,754.1,753.85,765.85,751.4,752.5,754.1,758.32,"1,16,60,781","8,84,25,48,882.75","1,31,248","43,11,438",36.97
AXISBANK,EQ,2020-01-01,754.1,754.9,759.95,747.2,748.75,748.7,751.81,"49,17,748","3,69,72,21,320.00","80,824","9,88,375",20.10
AXISBANK,EQ,2020-01-02,748.7,750.0,759.0,747.6,756.0,756.95,753.82,"51,56,046","3,88,67,39,008.45","88,337","15,72,942",30.51
AXISBANK,EQ,2020-01-03,756.95,753.15,756.25,740.5,742.4,742.95,746.33,"84,89,729","6,33,61,65,102.45","1,39,161","38,34,757",45.17
AXISBANK,EQ,2020-01-06,742.95,739.45,739.6,721.7,722.0,723.25,728.66,"63,56,198","4,63,15,02,050.60","1,17,943","21,57,855",33.95
AXISBANK,EQ,2020-01-07,723.25,728.0,738.0,721.05,726.95,725.75,728.4,"91,03,360","6,63,09,06,924.00","1,23,724","25,95,354",28.51
AXISBANK,EQ,2020-01-08,725.75,715.25,725.75,709.1,723.5,724.5,719.43,"89,73,215","6,45,56,43,808.55","1,39,364","22,28,579",24.84
AXISBANK,EQ,2020-01-09,724.5,733.55,745.0,731.0,740.8,742.85,740.73,"75,59,853","5,59,98,31,301.40","92,453","30,69,651",40.60
AXISBANK,EQ,2020-01-10,742.85,743.0,751.8,734.8,739.5,740.05,742.36,"85,50,490","6,34,75,53,264.65","1,08,489","32,81,100",38.37
AXISBANK,EQ,2020-01-13,740.05,740.0,746.75,735.35,737.8,737.4,740.28,"64,23,758","4,75,53,49,709.00","91,988","26,93,541",41.93
AXISBANK,EQ,2020-01-14,737.4,740.0,751.4,734.2,746.05,747.9,742.83,"72,37,665","5,37,63,79,490.10","1,40,321","30,10,798",41.60
AXISBANK,EQ,2020-01-15,747.9,747.05,749.0,738.0,745.25,746.3,742.81,"79,11,661","5,87,68,64,173.40","1,21,234","38,13,166",48.20
AXISBANK,EQ,2020-01-16,746.3,746.5,750.4,735.1,737.4,737.3,741.2,"64,87,613","4,80,86,40,439.55","83,509","21,81,756",33.63
AXISBANK,EQ,2020-01-17,737.3,734.85,742.45,730.85,737.7,739.9,738.36,"76,78,864","5,66,97,34,244.95","1,17,330","32,70,942",42.60
AXISBANK,EQ,2020-01-20,739.9,742.95,746.2,725.0,727.1,727.2,732.55,"1,06,77,371","7,82,16,98,419.45","1,15,171","54,83,317",51.35
AXISBANK,EQ,2020-01-21,727.2,726.35,729.6,716.05,717.45,717.6,722.46,"82,42,803","5,95,50,91,235.05","1,04,303","25,91,331",31.44
AXISBANK,EQ,2020-01-22,717.6,717.0,722.75,706.6,709.3,712.6,712.36,"1,33,21,307","9,48,95,38,485.70","1,64,845","53,97,469",40.52
AXISBANK,EQ,2020-01-23,712.6,725.05,737.55,719.4,723.9,723.0,727.22,"2,06,43,257","15,01,21,24,232.90","2,54,963","65,71,333",31.83
AXISBANK,EQ,2020-01-24,723.0,723.4,741.7,720.4,739.0,737.4,732.15,"95,41,490","6,98,58,18,241.45","1,16,304","24,43,824",25.61
AXISBANK,EQ,2020-01-27,737.4,732.45,748.45,731.0,738.7,740.25,741.74,"91,70,435","6,80,20,80,553.35","1,31,972","34,82,697",37.98
AXISBANK,EQ,2020-01-28,740.25,738.4,746.5,735.0,735.4,737.15,741.62,"78,36,737","5,81,18,49,146.45","1,07,517","32,82,526",41.89
AXISBANK,EQ,2020-01-29,737.15,740.0,745.5,733.55,735.5,735.25,739.59,"79,85,274","5,90,58,50,444.20","1,20,322","35,87,763",44.93
AXISBANK,EQ,2020-01-30,735.25,735.75,736.4,727.3,730.9,730.9,731.04,"60,41,343","4,41,64,42,666.15","97,869","25,11,072",41.56
AXISBANK,EQ,2020-01-31,730.9,734.7,737.25,725.2,731.0,729.3,730.38,"83,45,819","6,09,56,30,065.55","92,273","32,94,169",39.47
AXISBANK,EQ,2020-02-01,729.3,728.55,734.35,702.0,707.0,705.45,716.97,"73,41,770","5,26,38,31,468.60","94,750","24,22,082",32.99
AXISBANK,EQ,2020-02-03,705.45,704.7,712.8,695.55,707.95,708.95,704.27,"1,15,94,991","8,16,60,04,236.05","4,20,772","43,34,502",37.38
AXISBANK,EQ,2020-02-04,708.95,712.45,720.6,710.0,715.2,715.0,715.5,"96,53,925","6,90,74,08,169.85","1,22,548","43,03,984",44.58
AXISBANK,EQ,2020-02-05,715.0,719.45,725.65,715.2,724.7,724.05,720.37,"79,75,101","5,74,49,93,909.80","1,16,758","35,78,476",44.87
AXISBANK,EQ,2020-02-06,724.05,727.45,745.0,723.0,736.7,736.95,736.25,"96,27,252","7,08,80,79,147.90","1,66,598","41,55,779",43.17
AXISBANK,EQ,2020-02-07,736.95,736.7,749.2,734.0,746.3,748.15,742.76,"84,38,354","6,26,76,97,594.65","93,643","34,40,633",40.77
AXISBANK,EQ,2020-02-10,748.15,746.3,746.8,739.0,739.2,741.1,742.03,"47,13,339","3,49,74,55,923.15","66,263","19,34,006",41.03
AXISBANK,EQ,2020-02-11,741.1,743.0,757.1,742.0,749.65,749.95,750.81,"78,45,657","5,89,05,95,472.35","1,08,614","32,18,862",41.03
AXISBANK,EQ,2020-02-12,749.95,752.0,760.7,751.0,753.8,755.25,756.6,"61,90,440","4,68,37,08,910.05","1,02,021","23,32,473",37.68
AXISBANK,EQ,2020-02-13,755.25,751.1,753.45,742.3,746.45,747.8,746.12,"50,31,706","3,75,42,50,672.35","1,04,948","23,22,173",46.15
AXISBANK,EQ,2020-02-14,747.8,748.1,752.55,732.1,736.5,736.5,739.84,"61,55,000","4,55,37,40,647.85","84,125","18,68,806",30.36
AXISBANK,EQ,2020-02-17,736.5,737.4,743.1,730.2,738.5,738.4,736.29,"42,75,465","3,14,79,81,076.00","68,454","9,67,309",22.62
AXISBANK,EQ,2020-02-18,738.4,737.75,737.75,724.7,735.5,733.65,730.59,"52,15,502","3,81,03,89,730.80","83,149","23,06,813",44.23
AXISBANK,EQ,2020-02-19,733.65,740.65,745.1,735.35,741.5,741.05,740.45,"43,72,673","3,23,77,37,222.90","85,398","11,31,482",25.88
AXISBANK,EQ,2020-02-20,741.05,742.75,754.0,737.6,745.5,744.3,747.21,"75,29,403","5,62,60,55,289.05","1,26,586","29,31,576",38.94
AXISBANK,EQ,2020-02-24,744.3,737.95,738.4,723.0,725.5,725.45,731.78,"65,89,087","4,82,17,94,273.20","1,14,364","27,70,940",42.05
AXISBANK,EQ,2020-02-25,725.45,729.4,732.0,722.05,730.0,728.75,728.05,"54,19,596","3,94,57,56,046.50","86,168","20,05,169",37.00
AXISBANK,EQ,2020-02-26,728.75,725.3,735.75,722.0,728.3,729.4,729.54,"71,36,975","5,20,66,73,235.20","1,15,827","34,38,359",48.18
AXISBANK,EQ,2020-02-27,729.4,728.7,739.45,716.55,737.3,735.85,728.51,"88,67,328","6,45,99,09,082.60","1,57,080","36,86,993",41.58
AXISBANK,EQ,2020-02-28,735.85,718.9,724.7,691.0,701.0,697.3,705.99,"1,64,28,944","11,59,87,25,371.35","1,84,431","90,49,624",55.08
AXISBANK,EQ,2020-03-02,697.3,709.3,713.25,675.3,687.0,684.2,695.97,"1,38,54,352","9,64,21,89,508.35","1,77,926","61,04,436",44.06
AXISBANK,EQ,2020-03-03,684.2,689.9,695.8,675.0,689.8,687.15,685.67,"1,11,98,145","7,67,81,90,334.20","1,61,760","43,63,744",38.97
AXISBANK,EQ,2020-03-04,687.15,690.0,696.0,668.3,681.0,682.2,682.4,"1,48,02,724","10,10,13,85,709.45","2,29,199","76,23,532",51.50
AXISBANK,EQ,2020-03-05,682.2,686.5,694.0,675.25,677.75,677.9,685.27,"1,05,08,008","7,20,08,57,697.90","1,45,360","41,27,237",39.28
AXISBANK,EQ,2020-03-06,677.9,650.0,660.8,641.05,658.2,657.65,653.41,"1,29,69,235","8,47,42,20,113.40","2,20,341","64,03,595",49.38
AXISBANK,EQ,2020-03-09,657.65,639.0,641.85,615.1,623.6,623.55,629.4,"1,43,36,439","9,02,33,67,392.45","1,82,268","66,73,995",46.55
AXISBANK,EQ,2020-03-11,623.55,613.65,634.4,612.1,620.0,619.35,623.09,"1,10,21,533","6,86,73,66,597.95","1,71,462","42,56,182",38.62
AXISBANK,EQ,2020-03-12,619.35,592.0,594.0,528.15,545.1,543.25,556.85,"2,93,69,628","16,35,43,52,649.60","2,65,199","1,44,81,753",49.31
AXISBANK,EQ,2020-03-13,543.25,516.95,585.65,451.1,578.5,568.8,541.99,"2,55,99,380","13,87,46,21,209.90","3,05,539","1,12,30,476",43.87
AXISBANK,EQ,2020-03-16,568.8,542.35,545.0,502.35,510.9,508.6,521.82,"2,15,43,626","11,24,18,82,827.80","3,29,445","1,08,44,487",50.34
AXISBANK,EQ,2020-03-17,508.6,515.15,531.3,477.45,485.65,488.35,511.9,"2,05,94,426","10,54,22,19,836.05","2,51,239","91,52,157",44.44
AXISBANK,EQ,2020-03-18,488.35,490.0,506.05,392.1,484.15,473.45,456.43,"3,62,68,578","16,55,39,76,055.75","4,95,613","1,57,36,353",43.39
AXISBANK,EQ,2020-03-19,473.45,441.05,464.95,423.75,428.0,428.25,440.66,"3,32,44,422","14,64,94,92,449.15","3,97,399","1,42,31,631",42.81
AXISBANK,EQ,2020-03-20,428.25,431.4,449.7,414.2,425.0,428.15,429.91,"3,07,64,380","13,22,59,93,441.75","3,89,335","1,19,10,635",38.72
AXISBANK,EQ,2020-03-23,428.15,385.35,392.0,302.0,310.0,308.65,333.19,"3,76,22,791","12,53,56,36,891.10","5,63,041","2,07,57,987",55.17
AXISBANK,EQ,2020-03-24,308.65,331.95,337.5,291.0,304.8,303.15,311.41,"5,06,83,611","15,78,31,35,039.50","7,67,331","2,08,37,547",41.11
AXISBANK,EQ,2020-03-25,303.15,293.5,363.75,286.0,331.5,326.8,319.6,"5,19,94,332","16,61,72,92,694.95","7,41,163","1,80,38,152",34.69
AXISBANK,EQ,2020-03-26,326.8,335.95,399.0,332.0,346.0,341.4,362.99,"6,29,71,676","22,85,78,67,049.90","7,46,077","2,00,86,272",31.90
AXISBANK,EQ,2020-03-27,341.4,370.0,409.45,354.05,362.5,359.75,378.88,"7,10,43,359","26,91,71,73,675.00","9,90,737","1,57,95,158",22.23
AXISBANK,EQ,2020-03-30,359.75,345.0,382.0,340.35,368.2,368.15,364.35,"6,17,72,934","22,50,69,73,341.15","6,61,071","1,43,61,627",23.25
AXISBANK,EQ,2020-03-31,368.15,384.4,389.8,372.65,378.5,379.0,379.67,"3,46,37,418","13,15,06,97,519.30","3,80,850","85,53,393",24.69
AXISBANK,EQ,2020-04-01,379.0,376.25,379.8,354.0,355.5,358.65,366.41,"2,77,45,001","10,16,60,36,367.00","3,34,884","92,05,797",33.18
AXISBANK,EQ,2020-04-03,358.65,360.2,362.3,324.0,326.9,325.45,343.1,"4,13,17,685","14,17,61,80,303.70","4,07,312","1,67,05,260",40.43
AXISBANK,EQ,2020-04-07,325.45,347.4,405.75,342.35,391.0,388.85,367.02,"4,80,93,870","17,65,15,18,766.55","5,22,716","1,25,37,511",26.07
AXISBANK,EQ,2020-04-08,388.85,383.75,427.7,373.5,391.4,391.35,396.73,"6,49,30,772","25,75,97,45,934.50","7,69,506","97,25,075",14.98
AXISBANK,EQ,2020-04-09,391.35,405.0,423.0,398.65,420.0,420.15,409.23,"4,40,90,829","18,04,31,23,262.10","4,70,749","1,03,11,540",23.39
AXISBANK,EQ,2020-04-13,420.15,417.95,427.9,402.0,420.0,418.95,414.15,"3,34,32,493","13,84,61,37,202.00","4,23,296",-,-
AXISBANK,EQ,2020-04-15,418.95,434.0,451.65,412.45,418.0,417.3,434.36,"4,83,15,084","20,98,62,40,303.40","4,82,534","1,62,90,787",33.72
AXISBANK,EQ,2020-04-16,417.3,408.6,427.0,400.7,426.0,422.55,415.38,"4,23,44,581","17,58,89,72,545.30","4,90,756","68,28,514",16.13
AXISBANK,EQ,2020-04-17,422.55,450.0,485.9,432.4,481.4,478.8,447.62,"4,78,31,855","21,41,06,39,336.90","5,01,888","1,07,86,449",22.55
AXISBANK,EQ,2020-04-20,478.8,482.0,483.45,451.25,453.0,455.95,465.65,"4,21,63,860","19,63,36,35,484.35","5,08,117","1,19,84,687",28.42
AXISBANK,EQ,2020-04-21,455.95,436.0,439.95,412.95,419.65,420.65,421.92,"3,35,72,228","14,16,49,15,158.60","3,89,708","92,98,147",27.70
AXISBANK,EQ,2020-04-22,420.65,418.55,434.55,412.0,433.5,431.15,424.5,"3,66,19,626","15,54,49,12,530.20","4,07,478","50,04,295",13.67
AXISBANK,EQ,2020-04-23,431.15,434.6,439.85,426.05,428.9,430.05,433.0,"2,94,18,033","12,73,80,47,174.05","3,38,254","41,69,498",14.17
AXISBANK,EQ,2020-04-24,430.05,416.0,419.65,401.25,406.0,403.95,410.4,"3,57,73,432","14,68,14,61,718.30","3,51,689","1,11,93,529",31.29
AXISBANK,EQ,2020-04-27,403.95,415.0,429.5,409.1,426.1,427.3,422.19,"3,59,87,021","15,19,33,08,501.00","3,81,495","97,30,896",27.04
AXISBANK,EQ,2020-04-28,427.3,438.0,458.4,435.25,457.5,455.45,446.31,"4,39,38,651","19,61,00,96,247.65","4,71,905","59,33,011",13.50
AXISBANK,EQ,2020-04-29,455.45,430.75,448.85,425.95,438.85,439.1,438.97,"6,15,00,039","26,99,66,43,970.95","6,76,631","77,12,019",12.54
AXISBANK,EQ,2020-04-30,439.1,451.0,461.9,440.4,444.05,444.9,452.72,"4,03,83,418","18,28,25,08,000.50","4,19,141","1,22,40,264",30.31
AXISBANK,EQ,2020-05-04,444.9,424.0,424.0,399.7,407.0,402.8,409.68,"3,78,54,079","15,50,81,37,973.90","4,84,430","1,38,66,709",36.63
AXISBANK,EQ,2020-05-05,402.8,414.0,418.75,386.5,389.5,389.0,400.46,"5,09,82,763","20,41,64,34,073.35","5,58,582","1,12,11,336",21.99
AXISBANK,EQ,2020-05-06,389.0,385.0,394.45,368.05,393.5,388.85,382.18,"6,75,11,657","25,80,15,59,406.85","7,01,599","1,26,82,613",18.79
AXISBANK,EQ,2020-05-07,388.85,387.0,402.25,382.7,398.5,397.35,394.83,"4,13,39,427","16,32,18,78,961.55","4,82,183","74,86,576",18.11
AXISBANK,EQ,2020-05-08,397.35,403.5,409.45,379.65,383.0,382.05,395.91,"3,35,06,610","13,26,55,18,231.20","3,53,592","45,46,327",13.57
AXISBANK,EQ,2020-05-11,382.05,391.0,393.5,376.85,380.5,379.55,384.22,"3,01,43,521","11,58,16,74,465.35","3,35,987","65,24,087",21.64
AXISBANK,EQ,2020-05-12,379.55,376.3,391.8,370.0,386.2,386.85,378.16,"3,84,11,667","14,52,57,42,513.25","3,79,557","87,91,373",22.89
AXISBANK,EQ,2020-05-13,386.85,411.0,416.45,399.6,413.95,414.0,408.97,"4,82,06,377","19,71,49,47,611.70","4,93,525","1,37,94,185",28.61
AXISBANK,EQ,2020-05-14,414.0,405.05,411.0,397.65,402.75,401.95,404.7,"3,16,04,457","12,79,02,77,047.65","3,01,403","1,02,13,427",32.32
AXISBANK,EQ,2020-05-15,401.95,402.75,403.9,386.8,388.8,388.55,391.48,"2,54,35,045","9,95,72,98,069.25","2,74,054","55,34,206",21.76
AXISBANK,EQ,2020-05-18,388.55,389.0,389.0,352.3,361.2,358.8,364.05,"4,78,64,793","17,42,49,89,343.65","4,60,935","1,51,05,883",31.56
AXISBANK,EQ,2020-05-19,358.8,368.8,372.5,350.1,355.5,354.5,361.09,"4,28,89,862","15,48,70,75,435.35","4,23,289","1,01,24,240",23.61
AXISBANK,EQ,2020-05-20,354.5,353.0,366.3,350.0,364.95,362.5,357.71,"3,07,22,038","10,98,97,12,101.35","3,25,563","72,37,593",23.56
AXISBANK,EQ,2020-05-21,362.5,363.0,369.0,355.7,357.0,357.2,362.97,"2,47,94,934","8,99,97,51,915.05","2,50,995","50,03,550",20.18
AXISBANK,EQ,2020-05-22,357.2,352.1,359.75,332.85,338.6,336.95,342.8,"4,83,68,474","16,58,09,21,548.90","4,75,509","1,54,50,047",31.94
AXISBANK,EQ,2020-05-26,336.95,342.0,347.7,336.35,341.5,341.3,342.07,"3,06,93,404","10,49,93,75,857.65","3,05,066","88,58,349",28.86
AXISBANK,EQ,2020-05-27,341.3,346.1,392.45,341.5,389.9,387.0,368.94,"7,24,45,794","26,72,80,53,126.85","5,87,020","1,52,80,477",21.09
AXISBANK,EQ,2020-05-28,387.0,390.0,407.65,387.0,390.9,390.95,397.78,"7,26,94,994","28,91,63,22,404.50","6,44,499","1,67,80,800",23.08
AXISBANK,EQ,2020-05-29,390.95,382.0,389.25,375.35,381.9,384.95,382.92,"5,10,56,884","19,55,04,72,219.95","4,70,861","1,40,58,182",27.53
AXISBANK,EQ,2020-06-01,384.95,394.3,409.5,392.55,396.2,396.95,401.8,"4,42,53,432","17,78,08,11,924.10","3,79,354","1,02,83,536",23.24
AXISBANK,EQ,2020-06-02,396.95,398.0,415.0,391.55,414.7,410.1,402.42,"3,75,09,637","15,09,47,72,087.70","3,51,376","83,75,868",22.33
AXISBANK,EQ,2020-06-03,410.1,422.0,432.0,405.25,407.6,409.55,423.47,"4,90,57,169","20,77,42,40,920.75","4,35,889","1,25,79,209",25.64
AXISBANK,EQ,2020-06-04,409.55,407.6,413.9,391.55,395.6,394.35,400.69,"4,55,53,928","18,25,30,11,394.15","4,18,486","97,69,537",21.45
AXISBANK,EQ,2020-06-05,394.35,399.0,409.9,390.5,408.3,405.3,399.06,"3,90,04,703","15,56,50,68,494.40","3,47,847","74,04,350",18.98
AXISBANK,EQ,2020-06-08,405.3,415.0,444.75,414.0,431.7,430.25,430.98,"6,03,87,850","26,02,59,00,060.05","5,74,895","1,28,87,892",21.34
AXISBANK,EQ,2020-06-09,430.25,434.95,442.5,416.5,417.7,420.05,431.03,"4,62,74,196","19,94,56,64,782.85","3,77,255","93,56,521",20.22
AXISBANK,EQ,2020-06-10,420.05,422.2,432.7,415.3,431.95,427.45,421.1,"3,61,63,767","15,22,84,61,322.80","3,06,681","45,97,014",12.71
AXISBANK,EQ,2020-06-11,427.45,426.5,435.55,408.7,414.45,413.45,422.03,"4,55,63,053","19,22,90,27,330.95","3,94,557","1,06,07,767",23.28
AXISBANK,EQ,2020-06-12,413.45,390.0,412.5,389.15,406.6,408.0,401.3,"4,78,14,513","19,18,80,23,908.20","4,25,792","91,29,779",19.09
AXISBANK,EQ,2020-06-15,408.0,405.95,405.95,383.65,389.7,389.6,391.5,"3,95,78,304","15,49,47,82,436.75","3,83,057","88,92,968",22.47
AXISBANK,EQ,2020-06-16,389.6,404.9,405.0,360.4,380.2,381.55,379.88,"9,61,90,274","36,54,06,59,423.05","7,81,976","2,72,87,497",28.37
AXISBANK,EQ,2020-06-17,381.55,377.45,397.75,375.3,388.6,389.6,389.74,"5,69,50,626","22,19,57,31,334.35","4,58,252","81,53,199",14.32
AXISBANK,EQ,2020-06-18,389.6,386.0,408.05,384.0,404.75,405.4,396.48,"4,37,74,453","17,35,58,19,369.10","3,52,937","85,77,021",19.59
AXISBANK,EQ,2020-06-19,405.4,407.5,422.3,407.5,417.15,417.05,416.47,"5,20,85,893","21,69,23,74,592.25","4,28,871","1,10,09,248",21.14
AXISBANK,EQ,2020-06-22,417.05,420.0,435.9,418.1,430.25,430.15,428.96,"4,04,54,158","17,35,31,91,743.25","3,74,532","98,11,469",24.25
AXISBANK,EQ,2020-06-23,430.15,430.5,445.0,430.4,444.4,443.65,437.78,"3,07,57,921","13,46,52,66,734.80","3,04,611","61,31,035",19.93
AXISBANK,EQ,2020-06-24,443.65,448.0,448.5,422.2,425.4,424.65,435.17,"3,35,77,340","14,61,17,25,284.70","3,04,342","58,48,920",17.42
AXISBANK,EQ,2020-06-25,424.65,419.0,428.7,410.35,418.9,421.7,420.13,"4,98,54,504","20,94,54,22,955.55","3,56,209","1,12,16,077",22.50
AXISBANK,EQ,2020-06-26,421.7,426.0,428.75,418.0,426.0,424.85,422.8,"3,26,11,425","13,78,81,48,358.20","2,33,244","68,55,248",21.02
AXISBANK,EQ,2020-06-29,424.85,415.0,415.8,402.35,404.9,404.8,406.79,"3,63,20,111","14,77,44,77,511.55","3,33,423","1,00,59,151",27.70
AXISBANK,EQ,2020-06-30,404.8,410.0,414.8,404.05,407.3,406.65,409.15,"2,69,51,992","11,02,74,36,264.75","2,33,118","44,22,649",16.41
AXISBANK,EQ,2020-07-01,406.65,410.0,437.35,406.65,432.45,433.25,423.3,"5,33,80,997","22,59,59,86,442.60","4,24,141","1,12,77,321",21.13
AXISBANK,EQ,2020-07-02,433.25,441.0,441.5,421.3,424.8,423.2,427.8,"5,03,62,840","21,54,50,48,662.25","4,02,398","80,19,429",15.92
AXISBANK,EQ,2020-07-03,423.2,430.0,431.6,423.65,429.0,428.45,427.75,"3,10,44,470","13,27,92,94,778.25","2,52,003","59,73,108",19.24
AXISBANK,EQ,2020-07-06,428.45,434.15,437.6,431.1,433.75,434.0,434.51,"1,84,25,359","8,00,60,28,768.35","1,81,904","31,20,874",16.94
AXISBANK,EQ,2020-07-07,434.0,433.5,449.0,426.2,445.95,447.35,438.58,"3,79,91,906","16,66,26,53,742.55","3,29,598","66,86,878",17.60
AXISBANK,EQ,2020-07-08,447.35,450.0,461.4,441.0,444.0,444.15,450.01,"4,58,78,605","20,64,56,90,225.60","3,93,904","64,52,488",14.06
AXISBANK,EQ,2020-07-09,444.15,447.85,457.0,446.05,453.8,453.75,452.36,"2,91,62,682","13,19,19,84,722.60","2,48,173","69,84,633",23.95
AXISBANK,EQ,2020-07-10,453.75,449.9,451.45,437.0,439.4,439.6,443.12,"2,56,76,461","11,37,77,60,889.55","3,22,643","55,59,514",21.65
AXISBANK,EQ,2020-07-13,439.6,443.95,446.4,432.75,441.0,440.05,439.02,"2,13,26,996","9,36,30,67,006.65","2,40,240","33,55,967",15.74
AXISBANK,EQ,2020-07-14,440.05,434.9,435.8,415.4,418.5,417.7,422.06,"2,56,86,686","10,84,12,70,033.50","2,64,579","63,57,440",24.75
AXISBANK,EQ,2020-07-15,417.7,424.0,444.45,422.75,429.0,426.65,434.49,"4,32,50,557","18,79,19,36,051.35","3,35,522","92,06,129",21.29
AXISBANK,EQ,2020-07-16,426.65,431.95,436.15,418.45,432.0,434.0,426.78,"3,01,83,798","12,88,17,55,479.25","2,34,710","41,68,147",13.81
AXISBANK,EQ,2020-07-17,434.0,434.0,439.9,424.6,434.5,433.1,431.92,"3,34,65,094","14,45,42,78,423.15","2,63,202","81,06,072",24.22
AXISBANK,EQ,2020-07-20,433.1,437.7,442.8,429.3,434.55,434.0,435.38,"3,04,00,830","13,23,60,04,375.10","2,66,406","58,02,030",19.09
AXISBANK,EQ,2020-07-21,434.0,440.0,451.0,438.5,445.9,446.2,444.56,"4,31,47,781","19,18,17,92,033.60","5,75,785","1,10,22,992",25.55
AXISBANK,EQ,2020-07-22,446.2,478.0,484.6,460.1,476.0,478.95,471.33,"8,96,12,153","42,23,71,56,272.15","6,80,342","1,80,41,167",20.13
AXISBANK,EQ,2020-07-23,478.95,472.95,474.75,459.2,460.9,460.85,465.01,"4,02,50,274","18,71,66,11,547.00","3,59,159","1,02,96,393",25.58
AXISBANK,EQ,2020-07-24,460.85,456.6,456.6,441.55,445.95,445.6,446.76,"3,05,67,381","13,65,62,12,424.95","3,15,058","60,83,457",19.90
AXISBANK,EQ,2020-07-27,445.6,447.0,448.0,429.9,431.9,431.55,434.54,"2,19,24,614","9,52,71,24,710.70","2,39,539","59,04,126",26.93
AXISBANK,EQ,2020-07-28,431.55,434.0,440.0,424.4,436.15,437.05,432.9,"3,30,57,789","14,31,05,67,977.10","2,70,487","69,87,902",21.14
AXISBANK,EQ,2020-07-29,437.05,435.75,447.0,434.3,441.5,440.9,442.06,"2,44,04,909","10,78,84,99,451.45","2,00,484","36,28,091",14.87
AXISBANK,EQ,2020-07-30,440.9,441.9,445.9,424.75,427.0,425.85,434.47,"2,68,62,223","11,67,08,84,882.20","2,42,199","59,52,121",22.16
AXISBANK,EQ,2020-07-31,425.85,429.0,434.45,421.3,432.9,431.65,428.84,"2,74,99,643","11,79,29,93,542.65","2,31,122","47,17,737",17.16
AXISBANK,EQ,2020-08-03,431.65,431.6,431.9,415.7,419.0,417.35,421.43,"2,38,24,147","10,04,03,13,527.60","2,38,750","53,54,800",22.48
AXISBANK,EQ,2020-08-04,417.35,421.85,431.2,417.35,429.0,429.15,423.84,"2,47,48,403","10,48,94,11,276.45","2,08,124","37,55,993",15.18
AXISBANK,EQ,2020-08-05,429.15,439.0,446.85,433.15,434.2,434.95,440.15,"3,69,36,666","16,25,77,72,752.60","3,01,181","62,56,624",16.94
AXISBANK,EQ,2020-08-06,434.95,436.0,438.3,427.1,433.0,433.0,432.71,"3,34,65,332","14,48,08,35,605.90","2,71,115","88,91,863",26.57
AXISBANK,EQ,2020-08-07,433.0,431.45,437.0,427.15,433.2,433.3,433.75,"1,55,70,556","6,75,37,82,143.05","1,32,147","31,14,356",20.00
AXISBANK,EQ,2020-08-10,433.3,434.0,437.0,429.3,431.8,431.1,433.65,"1,48,88,275","6,45,62,81,968.90","1,31,635","34,08,596",22.89
AXISBANK,EQ,2020-08-11,431.1,435.3,449.9,435.3,448.0,448.0,443.6,"3,04,69,680","13,51,65,01,106.60","2,57,119","79,23,757",26.01
AXISBANK,EQ,2020-08-12,448.0,444.8,452.75,438.95,450.0,451.1,447.74,"2,31,84,443","10,38,06,29,913.40","2,09,665","50,02,474",21.58
AXISBANK,EQ,2020-08-13,451.1,454.1,456.75,445.35,450.0,448.1,450.43,"2,18,85,898","9,85,81,47,484.20","1,76,927","71,90,903",32.86
AXISBANK,EQ,2020-08-14,448.1,451.5,451.5,425.6,436.3,435.85,437.21,"3,67,26,464","16,05,72,99,564.00","2,51,696","1,64,36,112",44.75
AXISBANK,EQ,2020-08-17,435.85,439.1,441.0,425.35,440.8,438.15,432.73,"3,01,98,451","13,06,78,61,571.05","2,26,849","1,17,96,596",39.06
AXISBANK,EQ,2020-08-18,438.15,439.5,447.25,435.3,444.65,445.8,441.32,"2,17,68,573","9,60,69,99,178.05","1,93,277","61,74,654",28.36
AXISBANK,EQ,2020-08-19,445.8,446.0,451.95,442.45,444.65,444.2,447.79,"1,81,33,177","8,11,98,92,876.85","1,35,566","56,51,063",31.16
AXISBANK,EQ,2020-08-20,444.2,437.9,441.3,433.25,434.6,434.95,436.79,"1,66,89,591","7,28,98,83,696.70","2,10,251","53,49,666",32.05
AXISBANK,EQ,2020-08-21,434.95,440.0,444.85,436.25,442.2,440.45,440.01,"2,50,88,216","11,03,91,10,461.35","1,44,736","1,00,68,085",40.13
AXISBANK,EQ,2020-08-24,440.45,444.0,449.45,442.3,446.3,445.8,445.6,"1,81,97,925","8,10,90,41,723.35","1,46,775","57,87,164",31.80
AXISBANK,EQ,2020-08-25,445.8,450.95,456.4,447.1,451.6,451.8,452.52,"2,62,73,650","11,88,92,63,788.85","1,96,615","65,49,165",24.93
AXISBANK,EQ,2020-08-26,451.8,452.0,464.8,449.0,463.1,463.35,459.77,"2,59,14,927","11,91,49,77,052.05","2,06,567","75,85,667",29.27
AXISBANK,EQ,2020-08-27,463.35,464.0,474.5,464.0,473.5,473.05,471.25,"1,95,44,322","9,21,01,70,692.30","2,18,985","72,04,324",36.86
AXISBANK,EQ,2020-08-28,473.05,476.45,513.0,476.05,509.65,509.2,501.9,"5,91,80,165","29,70,23,97,019.25","4,60,631","1,13,08,218",19.11
AXISBANK,EQ,2020-08-31,509.2,524.45,533.85,486.3,492.85,496.75,505.25,"5,58,30,575","28,20,81,96,382.30","3,82,827","1,70,92,498",30.61
AXISBANK,EQ,2020-09-01,496.75,495.05,503.4,479.65,487.0,485.7,489.17,"3,32,76,900","16,27,79,06,050.70","2,66,376","71,00,311",21.34
AXISBANK,EQ,2020-09-02,485.7,487.0,487.95,472.1,484.5,484.4,479.75,"2,07,50,735","9,95,51,62,082.60","2,43,664","39,72,028",19.14
AXISBANK,EQ,2020-09-03,484.4,488.4,489.95,473.1,476.55,474.95,479.0,"1,40,46,055","6,72,81,14,346.00","1,69,199","38,40,374",27.34
AXISBANK,EQ,2020-09-04,474.95,469.0,472.95,452.6,457.05,455.2,462.23,"2,94,05,504","13,59,20,89,433.95","2,60,076","95,96,829",32.64
AXISBANK,EQ,2020-09-07,455.2,457.0,467.15,450.65,459.9,458.7,459.34,"2,59,67,554","11,92,78,55,165.10","2,38,470","38,31,228",14.75
AXISBANK,EQ,2020-09-08,458.7,459.8,462.4,441.25,442.35,444.35,453.64,"2,10,52,764","9,55,03,91,100.80","2,02,634","38,59,959",18.33
AXISBANK,EQ,2020-09-09,444.35,439.9,443.35,425.0,432.2,431.25,431.55,"3,16,60,156","13,66,29,96,939.65","2,75,081","1,04,55,072",33.02
AXISBANK,EQ,2020-09-10,431.25,436.45,448.7,430.75,447.0,446.85,440.6,"3,44,35,022","15,17,19,01,108.55","2,96,659","78,53,298",22.81
AXISBANK,EQ,2020-09-11,446.85,446.0,449.85,439.25,448.5,447.2,444.77,"1,86,20,876","8,28,19,67,576.40","2,12,067","25,83,463",13.87
AXISBANK,EQ,2020-09-14,447.2,452.0,455.0,438.0,439.15,440.55,447.55,"1,76,24,795","7,88,79,17,074.40","1,66,721","31,51,791",17.88
AXISBANK,EQ,2020-09-15,440.55,441.05,451.9,435.9,450.85,449.55,443.35,"1,73,28,832","7,68,27,16,861.65","1,58,498","22,86,796",13.20
AXISBANK,EQ,2020-09-16,449.55,449.55,450.6,440.0,444.95,446.0,444.56,"2,00,19,657","8,90,00,16,188.85","1,52,052","41,76,362",20.86
AXISBANK,EQ,2020-09-17,446.0,440.95,446.45,438.5,442.0,442.9,442.81,"1,43,06,532","6,33,50,71,351.85","1,23,741","27,05,723",18.91
AXISBANK,EQ,2020-09-18,442.9,444.55,449.3,436.05,445.55,443.35,444.16,"2,08,09,700","9,24,27,51,606.70","1,66,681","60,98,941",29.31
AXISBANK,EQ,2020-09-21,443.35,443.0,444.0,420.55,422.3,423.35,431.74,"1,90,14,199","8,20,91,05,297.60","2,14,135","33,50,695",17.62
AXISBANK,EQ,2020-09-22,423.35,424.0,426.65,406.3,412.75,412.0,416.85,"2,75,58,211","11,48,77,77,310.55","2,70,084","62,22,525",22.58
AXISBANK,EQ,2020-09-23,412.0,418.1,422.9,406.1,422.0,419.75,414.41,"1,86,13,053","7,71,33,75,702.65","1,71,453","28,03,157",15.06
AXISBANK,EQ,2020-09-24,419.75,414.0,414.3,401.15,403.75,402.45,407.29,"2,11,77,325","8,62,52,88,116.95","2,10,451","60,01,295",28.34
AXISBANK,EQ,2020-09-25,402.45,407.5,416.7,400.15,413.25,415.05,408.38,"2,04,60,158","8,35,55,30,518.15","1,89,262","43,52,476",21.27
AXISBANK,EQ,2020-09-28,415.05,420.0,440.6,418.05,438.05,439.25,431.97,"1,93,89,041","8,37,54,37,135.70","1,82,384","43,30,611",22.34
AXISBANK,EQ,2020-09-29,439.25,442.4,443.3,424.8,427.0,426.85,430.53,"1,99,98,529","8,60,99,59,187.35","1,90,293","35,27,894",17.64
AXISBANK,EQ,2020-09-30,426.85,427.0,428.1,418.75,423.85,424.65,422.61,"1,84,85,383","7,81,21,39,417.30","1,64,178","28,87,189",15.62
AXISBANK,EQ,2020-10-01,424.65,430.2,445.3,427.4,442.05,443.7,439.6,"2,10,83,336","9,26,81,36,639.90","1,82,058","39,54,141",18.75
AXISBANK,EQ,2020-10-05,443.7,444.05,456.45,439.05,444.0,444.15,448.07,"2,42,52,479","10,86,68,23,039.25","2,18,436","47,76,953",19.70
AXISBANK,EQ,2020-10-06,444.15,449.5,452.7,442.7,449.65,449.65,447.43,"1,93,87,356","8,67,45,03,995.60","1,73,978","56,37,866",29.08
AXISBANK,EQ,2020-10-07,449.65,447.0,455.95,443.5,452.6,453.1,451.74,"1,98,73,845","8,97,77,50,499.70","1,69,362","45,13,811",22.71
AXISBANK,EQ,2020-10-08,453.1,455.55,461.65,447.25,452.5,451.9,456.72,"2,09,09,290","9,54,97,00,047.30","1,88,624","65,13,420",31.15
AXISBANK,EQ,2020-10-09,451.9,453.3,469.8,450.15,468.8,468.05,462.32,"2,80,49,405","12,96,76,75,636.45","2,50,241","65,11,214",23.21
AXISBANK,EQ,2020-10-12,468.05,473.5,480.0,462.3,466.85,468.0,470.26,"2,12,61,504","9,99,85,28,048.10","1,66,253","31,45,050",14.79
AXISBANK,EQ,2020-10-13,468.0,465.9,473.0,459.75,460.05,461.35,465.91,"1,55,82,653","7,26,01,37,050.20","1,49,902","30,50,179",19.57
AXISBANK,EQ,2020-10-14,461.35,458.0,474.65,454.0,472.0,471.3,462.92,"1,39,84,719","6,47,37,36,646.25","1,50,387","30,33,864",21.69
AXISBANK,EQ,2020-10-15,471.3,473.4,481.95,460.0,460.2,462.6,473.66,"2,89,87,003","13,73,00,54,827.95","2,38,006","79,94,171",27.58
AXISBANK,EQ,2020-10-16,462.6,465.15,475.5,463.0,471.15,472.4,469.99,"1,62,88,158","7,65,52,27,552.95","1,36,285","26,53,078",16.29
AXISBANK,EQ,2020-10-19,472.4,477.05,495.9,476.25,492.25,492.95,489.57,"2,81,31,975","13,77,25,19,097.65","3,64,123","74,79,068",26.59
AXISBANK,EQ,2020-10-20,492.95,485.85,498.65,485.1,492.95,493.95,493.05,"2,13,76,085","10,53,95,49,094.50","2,13,759","59,30,844",27.75
AXISBANK,EQ,2020-10-21,493.95,496.9,507.5,486.6,503.15,501.45,499.2,"2,70,29,707","13,49,32,85,091.75","3,26,224","70,84,761",26.21
AXISBANK,EQ,2020-10-22,501.45,496.0,513.0,495.65,510.05,510.3,505.36,"3,00,22,348","15,17,21,46,071.10","3,02,520","1,01,55,909",33.83
AXISBANK,EQ,2020-10-23,510.3,513.9,515.5,504.5,507.15,507.2,508.16,"1,88,10,270","9,55,85,81,408.10","2,02,407","61,49,959",32.69
AXISBANK,EQ,2020-10-26,507.2,508.25,509.85,490.9,493.0,493.35,499.08,"1,74,46,977","8,70,74,88,625.75","2,08,485","53,46,359",30.64
AXISBANK,EQ,2020-10-27,493.35,494.0,512.25,482.65,507.2,508.1,498.6,"2,42,40,216","12,08,60,70,317.25","2,69,627","51,08,604",21.07
AXISBANK,EQ,2020-10-28,508.1,510.8,517.5,493.5,505.9,504.7,505.24,"3,03,43,675","15,33,08,35,494.55","3,02,161","54,95,885",18.11
AXISBANK,EQ,2020-10-29,504.7,506.0,516.35,489.35,493.25,493.85,502.05,"5,09,34,761","25,57,17,61,085.50","4,62,493","98,48,592",19.34
AXISBANK,EQ,2020-10-30,493.85,495.0,501.55,481.6,491.0,492.5,492.29,"2,31,42,307","11,39,26,63,021.60","2,06,565","33,27,194",14.38
AXISBANK,EQ,2020-11-02,492.5,496.85,531.7,495.1,521.9,522.65,512.23,"3,75,97,227","19,25,84,97,022.95","3,51,710","1,15,35,022",30.68
AXISBANK,EQ,2020-11-03,522.65,525.0,537.0,524.0,533.0,534.15,531.65,"2,59,91,938","13,81,86,15,711.20","2,57,060","84,91,352",32.67
AXISBANK,EQ,2020-11-04,534.15,525.1,533.85,511.0,520.05,525.15,521.8,"2,89,05,623","15,08,29,31,003.75","2,74,440","75,65,911",26.17
AXISBANK,EQ,2020-11-05,525.15,534.9,542.5,527.55,537.75,539.3,535.51,"2,37,28,389","12,70,67,49,834.15","2,22,602","91,34,812",38.50
AXISBANK,EQ,2020-11-06,539.3,538.75,546.0,531.2,540.0,541.75,539.39,"2,22,56,961","12,00,51,24,900.85","2,37,515","62,94,781",28.28
AXISBANK,EQ,2020-11-09,541.75,550.0,568.0,548.25,568.0,565.05,557.23,"2,60,41,462","14,51,11,43,548.30","2,54,516","80,28,827",30.83
AXISBANK,EQ,2020-11-10,565.05,572.0,588.0,568.25,582.4,583.6,579.5,"3,49,35,409","20,24,51,69,237.75","3,67,971","1,17,15,211",33.53
AXISBANK,EQ,2020-11-11,583.6,579.85,611.15,576.4,606.65,608.65,595.88,"5,02,89,937","29,96,68,32,808.55","4,74,664","1,50,64,600",29.96
AXISBANK,EQ,2020-11-12,608.65,601.95,610.45,588.8,598.1,599.7,598.57,"3,42,44,439","20,49,77,11,102.35","2,91,834","1,16,64,561",34.06
AXISBANK,EQ,2020-11-13,599.7,595.0,612.35,584.3,610.3,610.35,599.24,"2,88,13,262","17,26,60,50,887.20","2,85,199","70,46,475",24.46
AXISBANK,EQ,2020-11-14,610.35,613.95,618.0,605.55,607.9,613.15,615.12,"32,11,214","1,97,52,78,655.35","41,992","4,67,845",14.57
AXISBANK,EQ,2020-11-17,613.15,613.15,630.9,609.0,629.0,628.8,619.15,"2,59,60,060","16,07,32,49,249.55","2,81,195","86,82,059",33.44
AXISBANK,EQ,2020-11-18,628.8,625.0,640.0,622.05,634.15,636.3,632.25,"2,49,28,180","15,76,07,73,102.65","2,79,004","79,64,662",31.95
AXISBANK,EQ,2020-11-19,636.3,619.0,633.0,609.05,610.05,611.5,623.46,"2,65,25,371","16,53,75,52,602.30","2,39,497","79,36,333",29.92
AXISBANK,EQ,2020-11-20,611.5,615.0,616.5,592.0,604.45,607.85,604.68,"2,95,56,191","17,87,21,61,142.00","2,76,217","40,36,760",13.66
AXISBANK,EQ,2020-11-23,607.85,610.95,612.6,592.7,596.95,595.6,601.27,"2,37,28,765","14,26,74,41,704.25","2,82,449","63,19,602",26.63
AXISBANK,EQ,2020-11-24,595.6,603.0,622.6,600.55,619.0,619.65,612.87,"3,07,42,369","18,84,11,69,504.60","3,75,786","99,71,416",32.44
AXISBANK,EQ,2020-11-25,619.65,625.0,630.0,596.0,598.35,599.85,613.56,"3,51,15,637","21,54,56,14,206.45","3,45,527","94,54,641",26.92
AXISBANK,EQ,2020-11-26,599.85,602.25,618.2,594.05,611.5,612.55,608.19,"3,54,76,456","21,57,65,32,475.20","3,23,021","79,86,804",22.51
AXISBANK,EQ,2020-11-27,612.55,612.0,613.65,598.75,605.1,601.6,605.39,"2,99,21,076","18,11,38,46,558.00","2,22,217","1,42,29,087",47.56
AXISBANK,EQ,2020-12-01,601.6,611.0,615.0,596.2,603.85,603.65,602.41,"2,12,85,697","12,82,27,56,534.90","2,07,151","81,46,207",38.27
AXISBANK,EQ,2020-12-02,603.65,607.0,613.5,601.25,608.85,608.1,606.87,"1,90,70,722","11,57,33,54,316.15","1,74,255","59,11,134",31.00
AXISBANK,EQ,2020-12-03,608.1,610.15,611.0,600.35,602.85,602.7,605.26,"1,77,46,316","10,74,12,14,118.60","1,71,570","48,43,997",27.30
AXISBANK,EQ,2020-12-04,602.7,606.6,616.45,603.2,616.0,614.5,610.34,"2,00,19,707","12,21,88,47,109.60","2,02,166","75,47,179",37.70
AXISBANK,EQ,2020-12-07,614.5,616.95,624.4,612.45,615.0,619.25,618.16,"2,46,58,169","15,24,27,22,330.70","2,43,133","89,12,413",36.14
AXISBANK,EQ,2020-12-08,619.25,619.1,623.85,611.6,620.05,620.65,619.68,"1,60,05,349","9,91,81,57,440.40","1,87,826","46,49,326",29.05
AXISBANK,EQ,2020-12-09,620.65,619.15,636.7,619.0,632.7,634.2,629.27,"2,20,00,284","13,84,41,14,406.55","2,80,377","84,47,558",38.40
AXISBANK,EQ,2020-12-10,634.2,624.5,632.45,620.35,625.9,627.05,626.99,"1,61,26,862","10,11,13,37,751.00","1,91,871","58,87,252",36.51
AXISBANK,EQ,2020-12-11,627.05,626.35,631.65,608.35,612.4,613.25,619.75,"1,79,50,692","11,12,48,62,045.10","2,02,477","39,68,964",22.11
AXISBANK,EQ,2020-12-14,613.25,616.0,623.8,612.4,616.0,615.9,618.06,"1,45,67,480","9,00,35,29,246.50","1,66,555","47,25,895",32.44
AXISBANK,EQ,2020-12-15,615.9,615.75,615.75,602.3,606.9,607.1,606.63,"2,23,11,290","13,53,47,65,730.25","2,49,122","64,89,279",29.09
AXISBANK,EQ,2020-12-16,607.1,613.55,614.9,604.8,605.75,606.1,609.19,"1,48,60,853","9,05,31,46,227.45","1,48,177","50,79,344",34.18
AXISBANK,EQ,2020-12-17,606.1,607.25,611.0,603.2,606.0,605.4,606.34,"1,45,98,759","8,85,17,77,346.15","1,58,866","61,15,570",41.89
AXISBANK,EQ,2020-12-18,605.4,604.4,611.0,596.5,608.6,609.5,604.52,"1,73,01,814","10,45,93,30,379.85","1,79,046","44,57,590",25.76
AXISBANK,EQ,2020-12-21,609.5,605.25,607.25,573.4,578.55,582.5,593.94,"1,85,80,262","11,03,56,05,505.40","2,33,959","47,24,586",25.43
AXISBANK,EQ,2020-12-22,582.5,585.0,593.95,568.4,593.0,589.75,580.38,"1,98,96,386","11,54,74,55,535.20","2,39,811","56,91,636",28.61
AXISBANK,EQ,2020-12-23,589.75,589.0,594.5,584.3,594.0,592.45,590.6,"1,22,47,401","7,23,32,77,557.55","1,52,748","45,04,416",36.78
AXISBANK,EQ,2020-12-24,592.45,595.0,614.0,594.15,609.25,610.2,608.39,"1,54,88,083","9,42,27,74,985.75","1,76,525","34,19,704",22.08
AXISBANK,EQ,2020-12-28,610.2,614.0,620.8,614.0,617.25,617.65,618.16,"84,44,506","5,22,00,24,663.35","1,13,588","21,77,035",25.78
AXISBANK,EQ,2020-12-29,617.65,620.7,632.4,618.6,630.4,630.2,627.14,"1,37,65,454","8,63,29,18,951.70","1,64,055","37,17,138",27.00
AXISBANK,EQ,2020-12-30,630.2,632.25,634.0,618.2,623.6,625.1,624.41,"1,02,62,221","6,40,78,11,682.50","1,23,098","22,39,876",21.83
AXISBANK,EQ,2020-12-31,625.1,622.4,625.95,616.0,619.0,620.45,620.51,"1,23,06,502","7,63,62,64,236.20","1,35,320","39,00,705",31.70
AXISBANK,EQ,2021-01-01,620.45,620.25,625.45,617.55,623.4,623.8,622.15,"60,47,062","3,76,22,02,336.05","84,795","14,73,702",24.37
AXISBANK,EQ,2021-01-04,623.8,627.8,633.0,621.3,625.75,624.7,626.37,"1,40,68,156","8,81,18,02,334.35","1,40,952","49,78,865",35.39
AXISBANK,EQ,2021-01-05,624.7,618.0,667.9,618.0,664.15,664.45,649.82,"3,79,73,963","24,67,63,68,295.35","3,93,175","75,08,705",19.77
AXISBANK,EQ,2021-01-06,664.45,662.0,667.15,649.15,651.55,654.25,659.35,"2,08,29,645","13,73,39,35,601.45","2,32,735","66,64,514",32.0
AXISBANK,EQ,2021-01-07,654.25,659.0,676.5,659.0,670.1,671.1,668.78,"1,78,87,570","11,96,29,37,455.30","2,03,566","38,30,175",21.41
AXISBANK,EQ,2021-01-08,671.1,678.0,678.85,668.5,672.95,672.7,673.19,"1,22,72,794","8,26,19,04,693.35","1,36,289","56,69,577",46.2
AXISBANK,EQ,2021-01-11,672.7,676.0,676.65,660.15,666.9,666.95,665.41,"79,28,365","5,27,55,74,045.15","1,03,383","20,38,371",25.71
AXISBANK,EQ,2021-01-12,666.95,661.3,685.0,659.25,674.9,675.7,673.93,"1,33,01,893","8,96,45,22,024.75","1,89,900","37,35,145",28.08
AXISBANK,EQ,2021-01-13,675.7,676.0,691.2,669.05,686.05,687.8,682.48,"1,56,45,903","10,67,80,66,334.40","2,02,987","49,48,904",31.63
AXISBANK,EQ,2021-01-14,687.8,678.5,687.8,674.65,676.5,676.0,680.9,"93,37,503","6,35,79,12,520.80","1,84,285","29,05,765",31.12
AXISBANK,EQ,2021-01-15,676.0,677.6,682.95,669.6,674.75,674.85,675.83,"1,23,39,771","8,33,95,41,605.35","1,60,977","38,05,737",30.84
AXISBANK,EQ,2021-01-18,674.85,674.45,675.0,651.15,652.0,657.0,665.06,"1,34,60,603","8,95,20,81,143.45","1,71,985","46,77,641",34.75
AXISBANK,EQ,2021-01-19,657.0,663.55,671.95,659.75,670.5,668.75,667.4,"90,10,539","6,01,36,07,646.10","1,29,722","37,52,374",41.64
AXISBANK,EQ,2021-01-20,668.75,664.0,680.95,664.0,673.7,675.75,675.49,"99,80,614","6,74,17,58,864.70","1,23,196","39,71,012",39.79
AXISBANK,EQ,2021-01-21,675.75,680.75,695.0,669.75,678.0,675.85,686.3,"1,58,49,438","10,87,74,25,900.25","2,39,767","52,14,484",32.9
AXISBANK,EQ,2021-01-22,675.85,670.0,673.9,638.8,645.55,644.5,650.47,"2,13,92,223","13,91,50,78,756.15","3,12,423","80,01,295",37.4
AXISBANK,EQ,2021-01-25,644.5,654.0,668.0,639.35,658.0,658.4,659.39,"2,13,25,345","14,06,17,00,824.65","2,36,342","74,72,590",35.04
AXISBANK,EQ,2021-01-27,658.4,659.95,663.8,627.4,633.55,632.1,641.63,"2,44,62,588","15,69,59,21,081.70","3,74,828","95,63,705",39.1
AXISBANK,EQ,2021-01-28,632.1,622.0,674.7,616.0,667.1,670.7,651.91,"6,43,03,975","41,92,07,07,655.45","5,73,501","1,86,43,969",28.99
AXISBANK,EQ,2021-01-29,670.7,671.0,675.85,653.0,666.45,662.9,663.09,"3,12,73,252","20,73,70,32,240.10","3,50,863","1,16,54,415",37.27
AXISBANK,EQ,2021-02-01,662.9,665.0,717.0,654.35,714.0,709.35,686.12,"3,06,48,270","21,02,82,86,417.85","4,20,444","1,01,00,954",32.96
AXISBANK,EQ,2021-02-02,709.35,719.25,744.95,704.2,718.5,714.2,722.7,"2,87,03,320","20,74,37,99,698.15","3,36,082","82,76,420",28.83
AXISBANK,EQ,2021-02-03,714.2,720.0,736.8,715.55,731.3,733.8,729.55,"2,35,41,361","17,17,46,46,770.05","3,67,908","1,06,47,564",45.23
AXISBANK,EQ,2021-02-04,733.8,730.0,745.5,720.6,743.6,743.9,734.67,"2,04,90,289","15,05,35,11,744.55","4,51,426","78,09,178",38.11
AXISBANK,EQ,2021-02-05,743.9,749.0,766.3,717.0,722.65,719.6,741.96,"3,11,21,503","23,09,10,53,159.85","3,81,780","87,25,102",28.04
AXISBANK,EQ,2021-02-08,719.6,726.0,747.8,726.0,735.75,736.15,739.35,"1,56,62,890","11,58,03,13,302.60","2,79,438","49,63,408",31.69
AXISBANK,EQ,2021-02-09,736.15,735.75,750.0,726.2,740.0,742.5,740.18,"2,23,07,807","16,51,18,79,845.75","2,14,724","1,09,69,040",49.17
AXISBANK,EQ,2021-02-10,742.5,741.55,746.4,726.1,737.0,734.8,733.3,"1,51,40,744","11,10,27,10,404.15","2,18,238","61,13,880",40.38
AXISBANK,EQ,2021-02-11,734.8,731.0,744.15,731.0,740.55,740.1,738.91,"1,18,97,710","8,79,13,08,260.75","1,79,789","43,55,727",36.61
AXISBANK,EQ,2021-02-12,740.1,735.5,754.7,734.55,749.9,750.4,746.92,"1,56,68,442","11,70,30,70,189.85","2,08,754","48,84,471",31.17
AXISBANK,EQ,2021-02-15,750.4,759.9,799.0,753.9,797.0,794.0,777.14,"2,06,48,115","16,04,65,33,454.75","3,05,990","53,00,873",25.67
AXISBANK,EQ,2021-02-16,794.0,799.0,799.0,767.0,776.55,775.05,779.33,"2,39,68,943","18,67,96,32,179.65","4,69,034","1,06,46,124",44.42
AXISBANK,EQ,2021-02-17,775.05,774.0,785.0,764.3,775.5,777.75,776.04,"1,69,56,357","13,15,88,94,709.05","2,13,111","47,43,230",27.97
AXISBANK,EQ,2021-02-18,777.75,775.0,782.0,764.0,775.9,777.0,774.1,"1,96,85,663","15,23,86,30,654.80","2,13,912","94,89,649",48.21
AXISBANK,EQ,2021-02-19,777.0,772.9,777.2,741.35,750.6,749.65,761.1,"1,56,34,787","11,89,96,15,677.35","2,37,598","52,13,024",33.34
AXISBANK,EQ,2021-02-22,749.65,749.65,749.85,715.0,720.5,719.45,729.24,"1,81,23,202","13,21,61,69,445.80","2,46,940","73,19,651",40.39
AXISBANK,EQ,2021-02-23,719.45,732.35,734.95,712.6,718.0,715.95,723.36,"1,68,04,763","12,15,58,23,546.10","2,09,036","50,14,217",29.84
AXISBANK,EQ,2021-02-24,715.95,722.0,754.9,717.05,752.8,749.4,733.8,"1,12,07,286","8,22,39,49,091.65","1,38,731","33,00,528",29.45
AXISBANK,EQ,2021-02-25,749.4,765.0,783.5,762.15,769.0,770.65,774.88,"2,66,35,119","20,63,90,63,649.95","3,67,784","75,96,102",28.52
AXISBANK,EQ,2021-02-26,770.65,746.0,758.7,718.65,725.35,724.8,735.47,"3,13,06,177","23,02,48,07,933.40","3,59,614","1,35,76,999",43.37
AXISBANK,EQ,2021-03-01,724.8,738.0,743.5,722.25,730.45,728.55,732.35,"1,43,01,187","10,47,34,45,936.95","2,06,937","39,35,516",27.52
AXISBANK,EQ,2021-03-02,728.55,730.45,740.5,722.0,730.85,731.25,730.29,"1,45,03,453","10,59,17,63,865.15","1,84,648","57,19,038",39.43
AXISBANK,EQ,2021-03-03,731.25,740.5,760.8,735.1,751.9,753.95,750.05,"1,36,03,791","10,20,35,08,442.55","1,94,215","46,58,861",34.25
AXISBANK,EQ,2021-03-04,753.95,731.1,751.45,731.1,737.0,736.8,740.1,"1,68,96,947","12,50,54,18,411.35","1,89,661","60,62,735",35.88
AXISBANK,EQ,2021-03-05,736.8,732.0,744.1,720.5,734.5,730.75,732.57,"1,63,58,252","11,98,36,39,389.60","2,08,331","46,74,313",28.57
AXISBANK,EQ,2021-03-08,730.75,735.0,752.5,732.0,745.0,743.3,744.17,"1,38,98,556","10,34,28,92,342.15","1,77,509","42,89,358",30.86
AXISBANK,EQ,2021-03-09,743.3,758.7,758.7,740.0,744.6,745.45,748.48,"1,89,51,683","14,18,50,43,296.30","2,76,230","77,22,367",40.75
AXISBANK,EQ,2021-03-10,745.45,750.5,765.7,749.15,759.2,760.75,757.88,"1,33,77,990","10,13,88,55,902.25","1,74,204","32,69,198",24.44
AXISBANK,EQ,2021-03-12,760.75,772.6,776.6,745.0,749.05,750.6,760.49,"1,63,43,307","12,42,89,97,180.05","2,15,516","64,08,878",39.21
AXISBANK,EQ,2021-03-15,750.6,754.0,754.0,716.65,745.6,744.4,730.61,"2,24,66,579","16,41,43,78,237.40","2,90,544","76,44,981",34.03
AXISBANK,EQ,2021-03-16,744.4,751.0,752.0,735.95,737.55,737.75,741.69,"1,13,58,574","8,42,45,47,086.75","1,65,289","24,58,273",21.64
AXISBANK,EQ,2021-03-17,737.75,739.0,742.0,724.7,724.75,727.9,733.52,"1,23,80,976","9,08,17,07,767.20","1,54,842","43,46,815",35.11
AXISBANK,EQ,2021-03-18,727.9,736.0,743.1,707.25,718.35,718.75,724.7,"1,22,61,544","8,88,58,87,499.35","1,71,073","27,91,211",22.76
AXISBANK,EQ,2021-03-19,718.75,709.0,729.35,703.5,725.2,726.25,716.43,"2,03,77,672","14,59,91,43,328.90","2,46,094","71,78,999",35.23
AXISBANK,EQ,2021-03-22,726.25,719.0,730.0,709.3,717.0,716.2,717.52,"1,48,02,230","10,62,09,26,145.35","1,80,771","52,31,297",35.34
AXISBANK,EQ,2021-03-23,716.2,718.0,739.5,714.1,730.95,730.55,726.01,"1,59,49,688","11,57,95,76,663.10","2,32,682","38,15,064",23.92
AXISBANK,EQ,2021-03-24,730.55,723.25,725.0,703.3,709.05,706.4,712.41,"1,43,79,147","10,24,38,00,579.20","2,10,127","46,88,955",32.61
AXISBANK,EQ,2021-03-25,706.4,709.5,710.9,680.0,692.45,694.6,694.9,"2,11,79,280","14,71,75,50,809.10","2,44,205","72,89,160",34.42
AXISBANK,EQ,2021-03-26,694.6,707.0,707.0,693.15,701.75,698.2,699.76,"1,31,43,312","9,19,71,29,203.45","1,82,700","34,81,421",26.49
AXISBANK,EQ,2021-03-30,698.2,705.0,713.3,691.0,696.8,695.35,700.08,"2,59,65,742","18,17,79,83,430.95","2,02,634","1,39,09,393",53.57
AXISBANK,EQ,2021-03-31,695.35,696.0,703.55,692.1,698.2,697.45,697.8,"1,49,24,620","10,41,43,90,561.75","1,97,163","58,14,689",38.96
AXISBANK,EQ,2021-04-01,697.45,706.3,717.0,695.55,711.95,713.0,706.48,"1,30,90,326","9,24,80,36,912.10","1,47,724","40,48,471",30.93
AXISBANK,EQ,2021-04-05,713.0,707.2,708.45,677.45,687.0,685.25,687.85,"1,62,39,521","11,17,04,08,653.95","2,06,940","55,62,261",34.25
AXISBANK,EQ,2021-04-06,685.25,690.1,693.5,675.5,679.0,677.9,683.95,"1,20,62,011","8,24,97,61,895.05","1,59,549","28,07,184",23.27
AXISBANK,EQ,2021-04-07,677.9,680.5,691.9,668.4,686.95,688.25,683.33,"1,44,33,515","9,86,28,25,943.40","2,00,276","30,14,602",20.89
AXISBANK,EQ,2021-04-08,688.25,691.5,695.5,679.35,682.45,681.6,688.49,"90,26,398","6,21,46,21,592.20","1,26,080","23,36,252",25.88
AXISBANK,EQ,2021-04-09,681.6,679.3,686.8,667.0,668.05,668.2,676.13,"1,25,09,114","8,45,77,86,354.00","1,73,218","38,04,893",30.42
AXISBANK,EQ,2021-04-12,668.2,651.0,655.0,626.65,639.7,635.6,637.11,"1,46,49,541","9,33,33,81,142.25","2,70,517","47,82,573",32.65
AXISBANK,EQ,2021-04-13,635.6,635.6,664.85,630.0,660.0,661.0,651.67,"1,27,37,650","8,30,07,66,475.60","1,63,562","36,69,536",28.81
AXISBANK,EQ,2021-04-15,661.0,666.45,671.35,652.3,668.85,668.85,663.54,"1,51,95,951","10,08,31,31,038.30","2,11,651","51,18,158",33.68
AXISBANK,EQ,2021-04-16,668.85,668.65,675.25,662.35,667.8,669.2,668.26,"1,22,42,522","8,18,12,23,719.25","1,66,076","49,69,774",40.59
AXISBANK,EQ,2021-04-19,669.2,650.0,655.3,631.0,648.0,648.15,638.98,"1,72,92,072","11,04,92,63,193.05","2,96,870","57,25,586",33.11
AXISBANK,EQ,2021-04-20,648.15,656.0,662.0,643.0,651.7,651.75,654.29,"1,22,96,248","8,04,53,25,240.50","1,75,625","43,19,429",35.13
AXISBANK,EQ,2021-04-22,651.75,641.0,660.95,634.4,656.9,658.7,651.17,"1,93,85,102","12,62,30,27,443.75","2,61,994","70,82,533",36.54
AXISBANK,EQ,2021-04-23,658.7,656.0,677.5,650.9,664.95,671.35,669.53,"1,91,67,768","12,83,34,77,921.90","2,41,268","47,32,512",24.69
AXISBANK,EQ,2021-04-26,671.35,694.0,703.8,684.5,699.5,700.45,695.33,"2,16,46,184","15,05,11,97,225.45","2,86,480","59,49,937",27.49
AXISBANK,EQ,2021-04-27,700.45,691.1,703.9,684.1,700.9,699.55,692.83,"4,65,59,967","32,25,82,99,600.70","2,89,445","1,80,80,082",38.83
AXISBANK,EQ,2021-04-28,699.55,708.0,712.5,688.15,705.95,708.15,701.92,"5,40,60,587","37,94,63,47,835.25","5,07,747","1,78,51,331",33.02
AXISBANK,EQ,2021-04-29,708.15,712.0,726.9,707.0,717.1,719.4,717.41,"2,59,39,327","18,60,91,95,719.35","3,12,079","73,57,520",28.36
AXISBANK,EQ,2021-04-30,719.4,705.0,729.85,705.0,711.65,714.9,719.36,"2,30,11,654","16,55,36,46,974.05","2,32,879","67,86,072",29.49
AXISBANK,EQ,2021-05-03,714.9,706.0,708.0,692.1,703.5,702.75,700.77,"1,37,52,878","9,63,76,18,692.65","1,77,816","22,93,568",16.68
AXISBANK,EQ,2021-05-04,702.75,704.0,718.65,698.1,700.5,700.35,710.29,"1,19,80,155","8,50,93,65,159.75","1,63,128","30,12,155",25.14
AXISBANK,EQ,2021-05-05,700.35,709.0,719.05,700.0,717.95,717.2,711.1,"1,11,55,033","7,93,23,86,454.60","1,46,415","17,77,187",15.93
AXISBANK,EQ,2021-05-06,717.2,718.0,722.85,710.25,716.35,715.75,715.21,"94,84,934","6,78,36,83,366.05","1,37,599","27,17,264",28.65
AXISBANK,EQ,2021-05-07,715.75,721.0,726.9,714.0,715.3,716.75,720.13,"71,31,970","5,13,59,51,091.85","1,00,452","15,86,004",22.24
AXISBANK,EQ,2021-05-10,716.75,723.5,725.0,714.0,716.5,715.25,718.72,"79,80,462","5,73,57,36,305.55","1,29,558","30,29,124",37.96
AXISBANK,EQ,2021-05-11,715.25,704.8,713.7,703.0,706.95,707.35,708.03,"1,27,36,700","9,01,79,90,628.40","1,76,652","60,71,172",47.67
AXISBANK,EQ,2021-05-12,707.35,704.0,705.75,689.05,691.2,691.3,695.77,"1,08,56,584","7,55,36,69,283.35","1,79,155","37,89,484",34.9
AXISBANK,EQ,2021-05-14,691.3,695.0,698.6,681.4,685.1,685.0,690.01,"93,77,968","6,47,08,82,312.40","1,27,649","31,84,243",33.95
AXISBANK,EQ,2021-05-17,685.0,691.5,710.3,684.4,708.65,709.25,701.13,"1,20,99,197","8,48,30,91,855.70","1,73,544","51,44,961",42.52
AXISBANK,EQ,2021-05-18,709.25,720.0,726.0,708.5,712.3,711.65,715.81,"1,95,19,055","13,97,19,92,797.70","1,97,837","98,27,816",50.35
AXISBANK,EQ,2021-05-19,711.65,704.0,723.7,702.2,714.1,716.8,713.66,"2,02,44,016","14,44,73,99,190.00","2,14,799","71,08,843",35.12
AXISBANK,EQ,2021-05-20,716.8,708.6,714.4,704.55,706.0,705.9,710.01,"1,88,40,413","13,37,67,87,443.20","1,56,453","1,00,55,962",53.37
AXISBANK,EQ,2021-05-21,705.9,707.0,733.4,707.0,732.15,730.9,721.17,"1,58,83,692","11,45,47,96,876.60","2,14,960","68,48,696",43.12
AXISBANK,EQ,2021-05-24,730.9,730.4,747.5,726.75,739.0,741.15,737.32,"1,57,16,900","11,58,83,89,394.85","2,15,910","46,80,057",29.78
AXISBANK,EQ,2021-05-25,741.15,744.4,745.0,725.85,732.4,731.55,733.84,"1,13,44,261","8,32,48,53,458.30","1,76,770","43,62,997",38.46
AXISBANK,EQ,2021-05-26,731.55,738.0,741.4,729.5,734.65,735.1,736.9,"90,81,086","6,69,18,58,402.55","1,10,772","33,32,596",36.7
AXISBANK,EQ,2021-05-27,735.1,737.2,753.85,731.0,749.7,750.35,746.18,"2,30,40,846","17,19,26,49,471.80","1,82,585","1,33,32,494",57.86
AXISBANK,EQ,2021-05-28,750.35,752.6,759.7,738.5,743.5,739.85,746.17,"1,71,49,692","12,79,66,18,254.20","1,62,802","87,31,644",50.91
AXISBANK,EQ,2021-05-31,739.85,737.9,753.0,734.0,748.75,750.7,745.07,"92,75,086","6,91,05,70,816.95","1,32,097","36,90,584",39.79
AXISBANK,EQ,2021-06-01,750.7,753.55,754.0,741.15,745.3,745.15,745.88,"66,60,243","4,96,77,55,731.50","1,61,068","25,85,257",38.82
AXISBANK,EQ,2021-06-02,745.15,744.8,745.3,734.2,737.55,737.0,737.43,"99,73,043","7,35,44,55,281.15","1,48,381","58,68,790",58.85
AXISBANK,EQ,2021-06-03,737.0,743.0,752.25,739.0,752.25,750.65,746.78,"81,70,508","6,10,15,84,351.70","1,25,003","32,29,489",39.53
AXISBANK,EQ,2021-06-04,750.65,751.0,759.9,740.1,742.8,742.05,748.7,"1,03,36,011","7,73,85,51,248.75","1,33,943","34,38,153",33.26
AXISBANK,EQ,2021-06-07,742.05,743.1,753.95,741.5,749.9,751.1,749.65,"69,86,728","5,23,76,33,523.25","1,15,438","28,96,284",41.45
AXISBANK,EQ,2021-06-08,751.1,751.0,751.1,739.5,745.45,746.35,745.03,"64,26,815","4,78,81,44,149.65","90,700","30,39,273",47.29
AXISBANK,EQ,2021-06-09,746.35,746.0,751.25,730.15,737.0,736.75,741.12,"80,04,726","5,93,24,79,174.65","1,53,033","36,65,996",45.8
AXISBANK,EQ,2021-06-10,736.75,739.45,745.35,732.9,742.6,744.25,739.86,"77,95,125","5,76,73,04,263.60","1,10,921","34,54,324",44.31
AXISBANK,EQ,2021-06-11,744.25,746.25,746.25,737.0,737.5,738.45,741.03,"48,40,759","3,58,71,66,543.55","84,489","18,87,942",39.0
AXISBANK,EQ,2021-06-14,738.45,735.9,741.4,725.0,736.0,736.25,733.75,"51,90,670","3,80,86,67,514.60","77,501","19,15,636",36.91
AXISBANK,EQ,2021-06-15,736.25,736.0,752.0,732.0,748.5,750.9,746.82,"96,86,490","7,23,40,35,659.60","1,48,950","46,82,250",48.34
AXISBANK,EQ,2021-06-16,750.9,748.8,756.85,746.25,747.0,749.8,751.25,"86,14,096","6,47,13,01,600.20","1,46,934","34,47,460",40.02
AXISBANK,EQ,2021-06-17,749.8,741.95,745.4,736.0,737.0,738.6,741.03,"66,74,329","4,94,59,05,088.90","1,22,017","35,02,617",52.48
AXISBANK,EQ,2021-06-18,738.6,742.15,743.2,722.25,738.0,736.3,732.51,"81,43,792","5,96,53,87,966.00","1,90,414","37,95,996",46.61
AXISBANK,EQ,2021-06-21,736.3,725.0,740.9,720.5,737.9,739.55,733.96,"64,64,497","4,74,46,68,410.05","1,12,325","26,20,344",40.53
AXISBANK,EQ,2021-06-22,739.55,743.2,749.0,737.05,738.9,739.35,744.57,"67,27,233","5,00,89,24,318.85","1,04,752","34,40,828",51.15
AXISBANK,EQ,2021-06-23,739.35,743.2,743.75,730.8,732.4,732.35,737.86,"61,54,147","4,54,09,23,231.75","79,735","33,33,586",54.17
AXISBANK,EQ,2021-06-24,732.35,735.9,742.95,731.1,739.5,739.15,739.05,"53,13,822","3,92,71,75,047.95","1,16,430","24,50,285",46.11
AXISBANK,EQ,2021-06-25,739.15,737.55,765.95,737.55,760.6,761.35,756.22,"1,11,70,037","8,44,69,59,498.55","1,72,938","48,31,949",43.26
AXISBANK,EQ,2021-06-28,761.35,764.55,769.6,757.75,763.1,762.4,763.71,"76,72,743","5,85,97,60,063.05","1,11,059","25,96,158",33.84
AXISBANK,EQ,2021-06-29,762.4,761.0,763.55,750.05,753.0,751.95,756.47,"75,00,655","5,67,40,44,326.40","1,08,354","43,52,684",58.03
AXISBANK,EQ,2021-06-30,751.95,752.5,760.5,746.55,748.5,748.3,753.37,"54,59,970","4,11,33,78,783.75","1,12,612","20,58,349",37.7
AXISBANK,EQ,2021-07-01,748.3,750.0,754.4,744.5,746.9,746.45,748.73,"56,95,690","4,26,45,55,186.85","71,561","18,07,546",31.74
AXISBANK,EQ,2021-07-02,746.45,747.6,752.85,744.0,751.0,750.65,748.53,"35,57,647","2,66,30,19,345.20","1,05,748","9,63,825",27.09
AXISBANK,EQ,2021-07-05,750.65,757.1,762.0,753.4,760.45,760.35,757.87,"46,80,089","3,54,68,99,274.80","74,308","20,65,010",44.12
AXISBANK,EQ,2021-07-06,760.35,757.0,767.0,755.2,757.0,758.35,761.53,"55,29,485","4,21,08,82,581.05","98,352","24,25,321",43.86
AXISBANK,EQ,2021-07-07,758.35,755.9,764.0,752.25,763.2,762.9,760.58,"35,73,368","2,71,78,41,243.75","73,412","12,56,772",35.17
AXISBANK,EQ,2021-07-08,762.9,760.0,767.15,751.7,753.95,754.4,759.44,"41,88,267","3,18,07,30,824.25","76,145","15,19,422",36.28
AXISBANK,EQ,2021-07-09,754.4,752.0,752.9,740.25,747.35,747.35,745.97,"57,82,119","4,31,32,83,955.45","1,32,579","19,96,377",34.53
AXISBANK,EQ,2021-07-12,747.35,752.5,757.8,748.3,753.0,753.6,753.19,"44,75,466","3,37,08,68,481.55","79,081","18,78,676",41.98
AXISBANK,EQ,2021-07-13,753.6,759.0,773.0,755.0,771.0,770.75,767.32,"98,10,976","7,52,81,80,105.55","1,36,399","39,51,895",40.28
AXISBANK,EQ,2021-07-14,770.75,770.95,773.45,764.0,770.25,770.05,769.33,"56,21,924","4,32,51,00,164.80","1,14,180","26,60,250",47.32
AXISBANK,EQ,2021-07-15,770.05,770.5,778.25,766.5,773.3,774.15,773.98,"42,39,868","3,28,15,91,598.70","94,723","13,26,264",31.28
AXISBANK,EQ,2021-07-16,774.15,776.0,776.0,766.55,771.0,771.15,770.34,"29,13,553","2,24,44,15,025.55","73,450","11,99,848",41.18
AXISBANK,EQ,2021-07-19,771.15,752.3,766.65,749.6,754.0,755.2,757.68,"55,54,486","4,20,85,29,923.70","1,05,202","25,16,940",45.31
AXISBANK,EQ,2021-07-20,755.2,755.0,755.2,744.2,745.95,745.75,748.03,"58,15,740","4,35,03,63,347.45","1,23,730","29,42,885",50.6
AXISBANK,EQ,2021-07-22,745.75,750.1,758.5,741.0,747.15,746.75,750.37,"78,76,163","5,91,00,48,963.65","1,30,882","39,19,690",49.77
AXISBANK,EQ,2021-07-23,746.75,749.0,764.0,740.1,755.3,755.4,755.14,"66,04,465","4,98,72,94,974.70","1,13,550","16,45,745",24.92
AXISBANK,EQ,2021-07-26,755.4,754.0,760.0,745.0,754.95,756.3,753.86,"78,90,992","5,94,86,85,506.25","1,33,496","28,46,467",36.07
AXISBANK,EQ,2021-07-27,756.3,750.5,756.0,729.1,731.65,731.7,741.31,"1,54,41,543","11,44,70,18,671.85","2,09,157","67,53,033",43.73
AXISBANK,EQ,2021-07-28,731.7,734.8,734.8,712.1,722.5,722.9,720.62,"1,11,02,486","8,00,06,32,760.15","2,03,585","48,31,627",43.52
AXISBANK,EQ,2021-07-29,722.9,720.0,728.5,716.0,717.2,717.25,722.19,"68,55,673","4,95,11,30,914.05","1,29,702","28,85,905",42.1
AXISBANK,EQ,2021-07-30,717.25,718.05,718.65,707.15,709.4,708.9,713.3,"1,03,58,450","7,38,87,09,213.45","1,64,217","66,47,010",64.17
AXISBANK,EQ,2021-08-02,708.9,715.0,725.55,712.0,720.35,721.15,721.24,"68,23,345","4,92,12,60,957.85","1,22,142","33,87,895",49.65
AXISBANK,EQ,2021-08-03,721.15,724.0,740.85,719.3,738.0,738.6,730.52,"92,65,839","6,76,88,58,203.20","1,39,533","52,83,837",57.02
AXISBANK,EQ,2021-08-04,738.6,740.5,757.0,738.65,752.0,753.8,750.44,"97,44,349","7,31,25,86,789.35","2,30,111","41,68,897",42.78
AXISBANK,EQ,2021-08-05,753.8,753.0,755.0,743.5,748.0,749.3,749.76,"72,46,991","5,43,35,36,264.85","1,66,716","31,64,322",43.66
AXISBANK,EQ,2021-08-06,749.3,747.0,757.65,738.8,743.1,740.85,746.13,"65,22,599","4,86,67,16,833.55","1,14,970","28,64,393",43.91
AXISBANK,EQ,2021-08-09,740.85,741.0,757.4,739.75,754.6,755.5,752.27,"60,64,688","4,56,23,00,199.10","1,28,728","15,79,359",26.04
AXISBANK,EQ,2021-08-10,755.5,755.5,764.0,755.0,760.0,761.55,761.07,"83,09,248","6,32,39,47,398.15","1,55,482","31,30,055",37.67
AXISBANK,EQ,2021-08-11,761.55,765.0,769.0,752.5,758.95,760.8,760.77,"64,29,468","4,89,13,38,955.75","1,17,889","23,38,262",36.37
AXISBANK,EQ,2021-08-12,760.8,759.0,763.4,753.35,757.9,757.35,757.92,"35,72,081","2,70,73,46,712.05","95,442","13,97,795",39.13
AXISBANK,EQ,2021-08-13,757.35,757.5,764.5,754.2,759.6,759.9,759.26,"42,39,376","3,21,88,05,010.30","1,20,416","21,68,056",51.14
AXISBANK,EQ,2021-08-16,759.9,756.0,765.8,756.0,760.0,762.0,761.69,"39,67,629","3,02,21,09,900.85","1,05,282","16,19,888",40.83
AXISBANK,EQ,2021-08-17,762.0,759.0,760.0,749.3,757.75,756.75,753.92,"55,76,110","4,20,39,47,750.60","1,38,318","32,44,549",58.19
AXISBANK,EQ,2021-08-18,756.75,763.8,763.8,750.5,751.15,754.4,756.96,"53,70,460","4,06,52,28,055.90","1,21,359","25,14,977",46.83
AXISBANK,EQ,2021-08-20,754.4,745.8,749.0,736.2,739.05,740.25,742.69,"60,92,036","4,52,44,70,570.55","1,07,703","31,37,826",51.51
AXISBANK,EQ,2021-08-23,740.25,749.5,749.5,734.4,735.5,736.1,738.58,"36,14,761","2,66,97,85,316.15","78,016","13,71,023",37.93
AXISBANK,EQ,2021-08-24,736.1,736.0,749.7,731.5,745.95,746.35,743.44,"45,37,435","3,37,32,99,971.65","85,098","18,97,393",41.82
AXISBANK,EQ,2021-08-25,746.35,748.2,751.45,735.2,739.05,739.05,742.21,"67,26,509","4,99,25,12,797.25","1,15,890","37,55,936",55.84
AXISBANK,EQ,2021-08-26,739.05,734.1,750.0,732.35,746.05,746.35,740.77,"64,92,155","4,80,92,22,463.35","1,33,607","33,98,002",52.34
AXISBANK,EQ,2021-08-27,746.35,746.5,759.6,741.0,752.3,752.4,751.74,"58,41,967","4,39,16,45,910.65","88,080","27,17,982",46.53
AXISBANK,EQ,2021-08-30,752.4,756.0,789.5,754.0,782.75,784.05,774.75,"1,25,17,507","9,69,78,86,213.15","1,84,716","50,79,334",40.58
AXISBANK,EQ,2021-08-31,784.05,784.9,789.0,778.4,787.0,786.5,784.3,"1,21,14,870","9,50,16,70,639.65","1,78,044","58,98,115",48.68
AXISBANK,EQ,2021-09-01,786.5,798.1,819.0,795.4,798.4,798.9,807.05,"1,99,72,195","16,11,85,71,468.75","3,14,292","63,62,696",31.86
AXISBANK,EQ,2021-09-02,798.9,795.5,806.1,792.4,802.0,802.7,800.12,"67,99,617","5,44,04,81,578.40","1,32,044","25,98,431",38.21
AXISBANK,EQ,2021-09-03,802.7,804.5,809.9,787.7,799.65,798.0,798.01,"75,09,746","5,99,28,20,267.90","1,69,294","34,53,209",45.98
AXISBANK,EQ,2021-09-06,798.0,800.85,805.9,795.35,800.6,800.8,800.84,"45,39,192","3,63,51,64,798.35","1,05,056","21,93,417",48.32
AXISBANK,EQ,2021-09-07,800.8,798.0,799.4,782.05,787.6,787.85,788.74,"69,26,921","5,46,35,23,285.30","1,32,166","31,06,669",44.85
AXISBANK,EQ,2021-09-08,787.85,790.0,797.35,783.0,796.25,794.7,793.75,"59,03,035","4,68,55,62,049.05","1,05,944","30,46,430",51.61
AXISBANK,EQ,2021-09-09,794.7,789.0,793.7,784.2,789.5,790.15,788.11,"49,09,325","3,86,90,74,638.00","86,736","25,00,383",50.93
AXISBANK,EQ,2021-09-13,790.15,786.0,790.45,783.5,787.5,788.35,787.33,"48,14,443","3,79,05,69,683.20","93,515","27,09,956",56.29
AXISBANK,EQ,2021-09-14,788.35,791.0,801.0,790.0,793.0,794.4,796.25,"63,01,208","5,01,73,36,077.15","1,39,644","35,29,043",56.01
AXISBANK,EQ,2021-09-15,794.4,796.0,797.45,787.0,792.0,791.4,790.94,"40,75,592","3,22,35,29,626.90","1,07,102","18,63,023",45.71
AXISBANK,EQ,2021-09-16,791.4,792.5,807.45,789.1,803.6,802.6,799.45,"1,54,46,511","12,34,87,78,156.60","1,67,642","96,98,895",62.79
AXISBANK,EQ,2021-09-17,802.6,808.85,820.7,797.25,811.5,807.35,809.06,"1,46,41,298","11,84,57,50,432.75","1,89,137","71,47,841",48.82
AXISBANK,EQ,2021-09-20,807.35,800.0,808.55,791.5,792.95,795.85,799.65,"63,06,484","5,04,29,99,121.70","1,55,725","33,56,042",53.22
AXISBANK,EQ,2021-09-21,795.85,795.25,799.0,772.3,794.45,795.35,785.41,"78,33,561","6,15,25,48,017.25","1,74,973","30,18,650",38.53
AXISBANK,EQ,2021-09-22,795.35,792.5,796.8,786.0,788.4,788.35,789.95,"43,59,142","3,44,35,09,268.35","1,11,001","17,48,883",40.12
AXISBANK,EQ,2021-09-23,788.35,794.35,814.5,792.55,813.0,812.15,809.49,"90,43,492","7,32,06,05,816.25","1,64,304","38,32,418",42.38
AXISBANK,EQ,2021-09-24,812.15,812.55,816.95,795.1,796.65,798.05,803.94,"51,84,626","4,16,81,40,464.55","1,32,535","22,32,542",43.06
AXISBANK,EQ,2021-09-27,798.05,802.9,808.8,792.8,797.45,796.95,798.93,"77,15,259","6,16,39,78,734.15","1,62,383","49,86,513",64.63
AXISBANK,EQ,2021-09-28,796.95,802.0,805.6,778.0,789.0,789.2,790.87,"73,69,680","5,82,84,31,279.65","1,39,772","44,08,555",59.82
AXISBANK,EQ,2021-09-29,789.2,783.0,789.5,778.5,780.5,782.15,782.58,"1,42,41,004","11,14,47,18,194.40","2,37,067","1,03,15,275",72.43
AXISBANK,EQ,2021-09-30,782.15,779.9,787.35,764.85,766.9,766.55,774.3,"91,78,187","7,10,67,14,609.00","1,80,870","45,06,157",49.1
AXISBANK,EQ,2021-10-01,766.55,763.4,771.7,754.0,767.8,768.15,764.87,"60,89,895","4,65,79,92,838.50","1,28,295","28,11,904",46.17
AXISBANK,EQ,2021-10-04,768.15,771.1,781.15,770.3,780.0,779.0,777.94,"58,45,527","4,54,74,59,561.50","1,49,392","31,08,186",53.17
AXISBANK,EQ,2021-10-05,779.0,774.4,784.0,771.2,782.25,782.6,779.3,"39,45,224","3,07,45,20,224.45","92,023","17,49,195",44.34
AXISBANK,EQ,2021-10-06,782.6,782.25,794.2,776.0,777.5,778.95,786.06,"50,92,479","4,00,30,15,155.90","91,708","17,56,406",34.49
AXISBANK,EQ,2021-10-07,778.95,790.0,790.15,774.1,777.45,777.1,778.86,"66,22,698","5,15,81,55,245.40","1,35,599","42,80,170",64.63
AXISBANK,EQ,2021-10-08,777.1,781.9,785.0,776.0,781.7,781.95,780.73,"42,95,686","3,35,37,51,801.05","1,07,517","21,03,602",48.97
AXISBANK,EQ,2021-10-11,781.95,782.0,793.0,779.0,787.4,787.15,787.24,"44,17,455","3,47,76,04,410.60","1,24,766","22,81,792",51.65
AXISBANK,EQ,2021-10-12,787.15,788.0,799.7,785.45,796.5,797.15,793.15,"50,98,502","4,04,38,55,057.00","1,00,333","27,55,119",54.04
AXISBANK,EQ,2021-10-13,797.15,799.95,804.5,793.2,793.5,794.6,798.97,"43,81,414","3,50,06,09,760.05","84,819","22,58,302",51.54
AXISBANK,EQ,2021-10-14,794.6,799.0,804.0,788.0,801.0,802.05,796.6,"71,57,116","5,70,13,35,403.65","1,28,651","39,68,849",55.45
AXISBANK,EQ,2021-10-18,802.05,820.0,820.0,802.05,814.35,813.3,810.28,"1,10,14,585","8,92,48,86,740.35","2,12,895","63,31,449",57.48
AXISBANK,EQ,2021-10-19,813.3,820.0,827.0,798.5,800.3,801.65,811.38,"1,06,33,732","8,62,79,89,137.15","1,86,747","56,81,554",53.43
AXISBANK,EQ,2021-10-20,801.65,800.6,813.8,792.0,804.15,804.8,802.72,"90,23,067","7,24,30,09,957.30","1,60,051","46,59,308",51.64
AXISBANK,EQ,2021-10-21,804.8,807.95,813.5,792.3,812.2,807.8,801.69,"74,05,639","5,93,70,09,114.60","1,41,321","38,63,981",52.18
AXISBANK,EQ,2021-10-22,807.8,812.0,825.0,806.8,817.5,816.7,816.12,"1,06,46,970","8,68,91,72,604.20","1,66,402","48,64,294",45.69
AXISBANK,EQ,2021-10-25,816.7,830.1,866.9,825.45,845.0,845.1,845.74,"2,91,93,770","24,69,02,38,096.40","3,93,459","1,15,71,601",39.64
AXISBANK,EQ,2021-10-26,845.1,848.4,851.65,823.5,844.65,841.9,837.13,"1,67,71,909","14,04,02,03,114.40","2,69,509","75,47,160",45.0
AXISBANK,EQ,2021-10-27,841.9,840.0,840.8,785.65,787.35,787.5,802.83,"3,96,06,414","31,79,71,39,433.60","7,13,561","1,80,19,299",45.5
AXISBANK,EQ,2021-10-28,787.5,787.5,789.0,754.65,759.0,758.35,770.59,"1,93,20,926","14,88,85,89,348.25","6,18,839","99,60,750",51.55
AXISBANK,EQ,2021-10-29,758.35,762.0,762.0,714.0,745.0,742.0,747.04,"2,13,43,427","15,94,43,45,870.05","3,74,607","1,01,91,580",47.75
AXISBANK,EQ,2021-11-01,742.0,755.0,760.0,740.0,755.0,752.35,750.03,"1,16,94,854","8,77,15,00,836.80","4,30,242","67,74,991",57.93
AXISBANK,EQ,2021-11-02,752.35,752.5,761.35,748.05,754.6,755.85,754.66,"1,18,12,106","8,91,40,87,952.85","4,47,669","67,94,496",57.52
AXISBANK,EQ,2021-11-03,755.85,759.45,762.65,748.5,749.25,750.6,757.05,"1,05,29,505","7,97,13,93,737.60","1,68,301","61,18,106",58.1
AXISBANK,EQ,2021-11-04,750.6,757.0,757.05,751.4,753.7,752.95,753.8,"7,93,433","59,80,91,627.65","20,595","3,44,876",43.47
AXISBANK,EQ,2021-11-08,752.95,761.0,761.0,741.5,753.0,751.05,748.23,"1,38,72,770","10,38,00,32,669.10","1,67,086","99,34,335",71.61
AXISBANK,EQ,2021-11-09,751.05,750.0,753.95,743.35,745.7,745.05,748.62,"1,21,20,207","9,07,34,47,244.95","1,75,319","74,49,621",61.46
AXISBANK,EQ,2021-11-10,745.05,742.7,753.35,732.0,749.95,749.35,746.4,"1,08,44,883","8,09,46,16,593.80","1,80,516","68,89,305",63.53
AXISBANK,EQ,2021-11-11,749.35,748.0,748.0,735.1,738.0,738.05,740.95,"61,95,359","4,59,04,28,079.50","2,13,656","32,06,420",51.76
AXISBANK,EQ,2021-11-12,738.05,742.8,742.8,733.5,735.0,736.05,736.88,"93,72,897","6,90,66,90,593.90","2,03,942","64,24,891",68.55
AXISBANK,EQ,2021-11-15,736.05,738.0,744.0,728.0,732.2,733.25,734.12,"1,28,49,161","9,43,28,22,367.50","2,27,596","90,49,891",70.43
AXISBANK,EQ,2021-11-16,733.25,733.25,733.3,721.3,723.45,726.15,728.03,"89,78,763","6,53,68,40,355.70","1,80,149","59,76,280",66.56
AXISBANK,EQ,2021-11-17,726.15,721.0,724.9,706.75,712.0,712.35,717.45,"1,80,83,445","12,97,38,96,810.75","2,31,707","1,06,18,030",58.72
AXISBANK,EQ,2021-11-18,712.35,715.0,716.0,701.9,705.85,706.35,706.81,"1,34,58,109","9,51,23,53,191.30","2,78,200","71,44,977",53.09
AXISBANK,EQ,2021-11-22,706.35,713.0,713.0,677.4,688.75,686.4,690.51,"1,67,41,079","11,55,98,23,773.65","2,49,991","1,04,58,174",62.47
AXISBANK,EQ,2021-11-23,686.4,681.0,692.65,677.35,684.0,685.65,687.96,"1,65,75,348","11,40,31,71,716.85","3,12,134","1,16,31,044",70.17
AXISBANK,EQ,2021-11-24,685.65,690.0,695.1,682.05,683.5,685.15,690.14,"1,14,63,429","7,91,13,89,059.10","2,18,685","74,30,367",64.82
AXISBANK,EQ,2021-11-25,685.15,686.0,687.0,676.55,679.5,679.9,680.65,"97,60,486","6,64,34,28,853.20","1,70,529","61,15,078",62.65
AXISBANK,EQ,2021-11-26,679.9,669.0,674.9,660.45,661.0,661.75,667.14,"1,02,52,753","6,84,00,60,969.60","2,12,337","60,38,729",58.9
AXISBANK,EQ,2021-11-29,661.75,665.05,665.45,649.35,649.7,651.1,656.09,"1,20,84,376","7,92,83,95,376.20","2,09,502","70,71,431",58.52
AXISBANK,EQ,2021-11-30,651.1,648.0,677.45,648.0,651.9,655.65,662.41,"2,46,99,809","16,36,13,47,977.65","3,02,284","1,40,30,055",56.8
AXISBANK,EQ,2021-12-01,655.65,664.9,681.4,660.0,680.0,679.6,674.85,"1,61,84,200","10,92,18,37,623.00","2,54,141","81,78,544",50.53
AXISBANK,EQ,2021-12-02,679.6,675.0,678.8,668.05,676.45,676.1,673.39,"86,12,601","5,79,96,57,248.05","1,69,975","42,51,834",49.37
AXISBANK,EQ,2021-12-03,676.1,679.1,687.35,671.0,672.75,673.0,678.78,"95,05,985","6,45,25,00,387.45","1,54,560","46,77,686",49.21
AXISBANK,EQ,2021-12-06,673.0,674.0,678.75,661.15,663.0,663.1,670.22,"80,22,785","5,37,70,01,758.10","1,44,948","45,38,506",56.57
AXISBANK,EQ,2021-12-07,663.1,672.0,691.55,670.0,686.9,687.0,683.07,"1,51,23,987","10,33,06,82,148.35","2,23,285","82,90,280",54.82
AXISBANK,EQ,2021-12-08,687.0,695.0,701.55,687.65,695.9,697.1,695.0,"1,16,70,826","8,11,12,70,533.35","1,89,037","61,89,532",53.03
AXISBANK,EQ,2021-12-09,697.1,698.15,699.9,688.0,692.05,693.95,693.31,"70,21,395","4,86,80,31,671.60","1,54,490","30,98,092",44.12
AXISBANK,EQ,2021-12-10,693.95,690.1,691.95,683.75,687.5,688.05,687.51,"55,49,743","3,81,54,90,537.80","1,12,901","25,77,667",46.45
AXISBANK,EQ,2021-12-13,688.05,699.0,711.9,693.1,704.5,704.0,705.28,"1,36,34,563","9,61,62,22,110.00","2,18,979","57,80,524",42.4
AXISBANK,EQ,2021-12-14,704.0,701.0,714.0,697.6,714.0,710.9,707.21,"86,12,512","6,09,08,20,717.40","1,41,581","39,78,101",46.19
AXISBANK,EQ,2021-12-15,710.9,712.4,720.0,707.55,711.3,712.5,715.38,"76,92,888","5,50,33,41,638.80","1,38,718","24,08,374",31.31
AXISBANK,EQ,2021-12-16,712.5,719.0,721.95,705.05,709.55,709.65,711.2,"73,09,187","5,19,83,22,447.55","1,06,417","31,68,740",43.35
AXISBANK,EQ,2021-12-17,709.65,707.5,708.0,685.1,692.5,688.9,692.47,"78,44,705","5,43,22,56,016.80","1,89,366","38,12,089",48.59
AXISBANK,EQ,2021-12-20,688.9,680.95,681.85,660.1,673.3,674.35,669.24,"99,34,646","6,64,86,51,643.30","2,21,258","41,11,762",41.39
AXISBANK,EQ,2021-12-21,674.35,683.0,683.0,662.5,667.0,665.85,672.06,"1,01,16,104","6,79,86,08,508.20","1,79,814","39,82,611",39.37
AXISBANK,EQ,2021-12-22,665.85,670.0,676.85,664.0,671.0,669.35,670.94,"74,89,534","5,02,50,16,141.20","1,32,786","38,29,649",51.13
AXISBANK,EQ,2021-12-23,669.35,677.0,684.5,672.6,676.6,678.8,678.56,"68,84,683","4,67,17,03,995.05","1,33,235","32,40,784",47.07
AXISBANK,EQ,2021-12-24,678.8,681.15,682.0,662.45,668.0,667.5,668.82,"60,28,893","4,03,22,29,377.50","1,19,164","21,91,599",36.35
AXISBANK,EQ,2021-12-27,667.5,663.05,674.6,655.95,673.2,672.15,668.47,"69,96,729","4,67,71,17,140.80","1,22,068","30,47,760",43.56
AXISBANK,EQ,2021-12-28,672.15,677.3,680.85,672.0,675.55,675.45,675.97,"46,45,547","3,14,02,59,657.70","89,621","24,74,107",53.26
AXISBANK,EQ,2021-12-29,675.45,674.5,679.6,667.25,668.4,670.5,673.99,"39,69,894","2,67,56,59,302.55","83,551","21,60,073",54.41
AXISBANK,EQ,2021-12-30,670.5,668.0,673.1,664.5,671.3,668.85,668.32,"51,19,705","3,42,15,85,060.25","1,07,176","26,23,166",51.24
AXISBANK,EQ,2021-12-31,668.85,672.95,686.5,671.2,679.85,678.55,680.25,"55,86,980","3,80,05,30,416.15","1,24,551","23,78,743",42.58
AXISBANK,EQ,2022-01-03,678.55,680.25,698.5,679.0,697.95,696.35,692.07,"85,50,860","5,91,78,17,032.25","1,58,369","45,41,759",53.11
AXISBANK,EQ,2022-01-04,696.35,701.0,711.05,700.05,709.5,709.15,706.09,"97,05,906","6,85,32,16,595.50","2,09,626","42,10,072",43.38
AXISBANK,EQ,2022-01-05,709.15,711.9,730.9,707.75,726.0,726.9,721.45,"1,13,12,955","8,16,17,38,361.65","2,18,427","48,79,629",43.13
AXISBANK,EQ,2022-01-06,726.9,719.95,733.5,719.0,729.0,730.3,725.93,"79,55,578","5,77,51,63,758.40","1,50,026","39,08,328",49.13
AXISBANK,EQ,2022-01-07,730.3,734.0,740.9,725.25,730.85,730.6,733.41,"1,04,54,143","7,66,72,19,367.90","2,34,606","56,29,058",53.85
AXISBANK,EQ,2022-01-10,730.6,733.65,744.0,733.2,742.6,742.8,740.47,"95,95,787","7,10,54,20,162.45","1,75,176","60,59,834",63.15
AXISBANK,EQ,2022-01-11,742.8,742.9,747.05,737.3,743.0,743.25,743.13,"72,52,279","5,38,93,72,276.55","1,61,884","40,70,003",56.12
AXISBANK,EQ,2022-01-12,743.25,749.65,751.45,743.15,745.0,746.85,747.34,"52,94,563","3,95,68,62,373.25","1,48,781","29,06,361",54.89
AXISBANK,EQ,2022-01-13,746.85,749.0,749.0,737.05,740.45,740.7,740.87,"51,96,538","3,84,99,34,197.65","1,25,305","27,00,676",51.97
AXISBANK,EQ,2022-01-14,740.7,734.8,735.95,716.05,721.25,721.7,722.38,"1,63,02,342","11,77,64,87,956.50","1,68,950","74,83,596",45.91
AXISBANK,EQ,2022-01-17,721.7,719.0,720.6,709.5,712.6,712.65,713.16,"1,96,80,557","14,03,54,81,848.00","1,20,910","1,16,04,257",58.96
AXISBANK,EQ,2022-01-18,712.65,717.5,735.9,714.25,725.35,725.2,726.69,"2,40,55,886","17,48,12,45,399.55","2,24,498","1,14,89,760",47.76
AXISBANK,EQ,2022-01-19,725.2,725.2,731.95,718.7,731.15,729.6,726.7,"77,46,270","5,62,91,77,697.50","1,17,828","32,13,048",41.48
AXISBANK,EQ,2022-01-20,729.6,731.05,737.15,722.15,729.15,728.9,727.78,"85,05,400","6,19,00,76,696.95","1,57,551","48,37,967",56.88
AXISBANK,EQ,2022-01-21,728.9,722.0,725.25,708.05,714.9,712.5,714.23,"1,06,89,060","7,63,44,00,895.70","1,84,348","58,34,961",54.59
AXISBANK,EQ,2022-01-24,712.5,715.0,716.4,688.2,703.3,704.6,702.93,"88,12,501","6,19,45,46,508.20","1,90,032","36,68,043",41.62
AXISBANK,EQ,2022-01-25,704.6,714.0,755.0,708.6,750.55,752.2,738.1,"3,80,88,158","28,11,27,68,877.55","5,21,567","1,54,79,089",40.64
AXISBANK,EQ,2022-01-27,752.2,744.0,777.0,738.1,776.9,773.85,761.89,"3,49,27,774","26,61,12,60,669.60","4,85,880","2,03,74,606",58.33
AXISBANK,EQ,2022-01-28,773.85,778.1,784.7,761.5,764.0,764.7,775.76,"1,77,65,524","13,78,17,72,195.15","2,74,094","1,05,59,930",59.44
AXISBANK,EQ,2022-01-31,764.7,775.45,777.8,762.35,771.0,773.05,772.31,"1,23,19,200","9,51,42,09,114.40","2,46,709","65,94,944",53.53
AXISBANK,EQ,2022-02-01,773.05,778.1,793.9,769.1,783.0,781.9,785.01,"1,54,57,534","12,13,42,98,940.10","2,44,378","77,74,076",50.29
AXISBANK,EQ,2022-02-02,781.9,790.0,805.9,787.35,802.2,804.1,801.28,"1,34,78,899","10,80,03,54,744.70","2,19,352","78,42,413",58.18
AXISBANK,EQ,2022-02-03,804.1,802.2,811.9,793.05,794.3,799.55,805.39,"1,08,02,708","8,70,04,43,080.80","1,44,086","64,56,964",59.77
AXISBANK,EQ,2022-02-04,799.55,796.95,804.5,791.15,797.15,798.55,798.01,"1,07,76,387","8,59,96,96,779.75","1,79,860","66,22,993",61.46
AXISBANK,EQ,2022-02-07,798.55,802.5,803.6,784.1,788.95,789.6,792.92,"1,09,39,179","8,67,38,48,188.65","1,75,867","66,90,140",61.16
AXISBANK,EQ,2022-02-08,789.6,794.0,801.0,776.15,796.7,798.55,791.85,"1,23,00,670","9,74,02,31,428.15","1,85,106","68,58,414",55.76
AXISBANK,EQ,2022-02-09,798.55,801.0,809.5,800.15,803.65,803.85,805.26,"93,99,830","7,56,93,16,502.75","1,94,648","55,90,343",59.47
AXISBANK,EQ,2022-02-10,803.85,807.55,815.95,803.1,807.95,809.8,810.31,"1,28,48,281","10,41,10,43,106.95","1,97,237","80,84,474",62.92
AXISBANK,EQ,2022-02-11,809.8,800.95,809.9,798.5,801.0,803.8,804.61,"97,17,894","7,81,91,12,456.40","1,25,113","54,39,771",55.98
AXISBANK,EQ,2022-02-14,803.8,790.0,803.0,769.95,772.4,773.35,780.17,"86,17,389","6,72,30,21,771.90","1,59,533","40,17,345",46.62
AXISBANK,EQ,2022-02-15,773.35,777.0,799.1,764.3,795.9,796.95,782.84,"74,26,563","5,81,37,78,505.05","1,72,081","32,67,881",44.0
AXISBANK,EQ,2022-02-16,796.95,795.0,808.3,789.3,794.3,797.05,799.1,"74,57,765","5,95,94,98,290.75","1,25,732","34,36,794",46.08
AXISBANK,EQ,2022-02-17,797.05,797.0,802.0,780.5,781.4,782.8,786.53,"65,16,308","5,12,52,40,926.40","97,099","23,76,736",36.47
AXISBANK,EQ,2022-02-18,782.8,781.15,790.55,779.0,787.1,787.4,785.96,"54,66,662","4,29,65,54,920.35","1,10,728","24,72,208",45.22
AXISBANK,EQ,2022-02-21,787.4,783.55,796.8,776.1,790.2,788.85,787.85,"56,35,224","4,43,97,02,413.40","1,21,330","16,80,027",29.81
AXISBANK,EQ,2022-02-22,788.85,766.1,787.0,766.1,779.05,779.15,778.99,"69,23,558","5,39,33,81,272.55","1,53,744","34,95,844",50.49
AXISBANK,EQ,2022-02-23,779.15,783.5,785.5,772.25,777.2,777.2,778.4,"63,03,173","4,90,63,94,524.75","1,44,252","32,65,638",51.81
AXISBANK,EQ,2022-02-24,777.2,752.4,769.15,725.3,727.55,730.3,746.05,"1,30,85,009","9,76,20,90,510.50","2,36,851","73,77,803",56.38
AXISBANK,EQ,2022-02-25,730.3,742.3,764.85,737.4,760.2,758.05,757.67,"1,00,66,136","7,62,68,28,203.90","1,78,385","52,02,218",51.68
AXISBANK,EQ,2022-02-28,758.05,749.9,749.9,736.2,741.7,742.4,742.23,"1,44,63,418","10,73,51,22,874.80","1,79,739","87,87,747",60.76
AXISBANK,EQ,2022-03-02,742.4,728.7,756.45,725.0,753.25,750.25,738.43,"1,16,91,602","8,63,34,56,835.20","2,08,746","57,06,479",48.81
AXISBANK,EQ,2022-03-03,750.25,756.0,759.45,732.4,736.05,737.65,740.74,"83,57,181","6,19,04,82,331.65","2,14,427","37,23,900",44.56
AXISBANK,EQ,2022-03-04,737.65,723.0,732.5,710.05,713.75,715.0,718.91,"1,16,60,648","8,38,29,15,620.40","2,21,679","46,11,990",39.55
AXISBANK,EQ,2022-03-07,715.0,693.0,705.0,655.6,669.0,667.55,671.06,"2,01,47,061","13,51,99,24,949.25","3,58,469","1,12,32,195",55.75
AXISBANK,EQ,2022-03-08,667.55,665.0,673.75,637.0,671.0,670.4,655.68,"2,48,28,458","16,27,95,30,753.25","3,34,903","1,12,22,658",45.2
AXISBANK,EQ,2022-03-09,670.4,671.5,680.5,659.1,677.0,674.2,669.8,"2,04,38,651","13,68,98,18,934.05","2,91,044","1,07,64,333",52.67
AXISBANK,EQ,2022-03-10,674.2,707.9,720.4,688.25,694.95,694.95,704.02,"2,32,24,756","16,35,07,24,992.05","3,03,588","99,74,817",42.95
AXISBANK,EQ,2022-03-11,694.95,691.9,706.65,687.45,691.25,690.85,696.85,"1,42,24,356","9,91,23,01,214.75","2,28,382","63,39,949",44.57
AXISBANK,EQ,2022-03-14,690.85,694.7,712.4,685.0,711.45,710.05,701.81,"1,07,20,884","7,52,40,30,351.40","1,88,062","41,07,029",38.31
AXISBANK,EQ,2022-03-15,710.05,713.0,718.0,695.0,695.4,698.15,706.29,"1,21,57,425","8,58,66,95,028.00","2,41,874","54,11,560",44.51
AXISBANK,EQ,2022-03-16,698.15,711.0,726.0,709.1,722.95,723.85,721.66,"1,00,38,170","7,24,41,09,697.60","1,61,737","34,87,241",34.74
AXISBANK,EQ,2022-03-17,723.85,737.0,746.75,736.45,737.5,739.25,741.29,"1,36,57,428","10,12,41,71,748.75","1,84,582","71,84,658",52.61
AXISBANK,EQ,2022-03-21,739.25,745.0,749.4,723.7,726.1,725.9,730.84,"74,95,685","5,47,81,69,240.45","1,54,450","36,43,454",48.61
AXISBANK,EQ,2022-03-22,725.9,729.0,736.0,706.35,735.0,731.4,718.46,"1,11,17,081","7,98,71,27,975.30","2,00,498","46,68,675",42.0
AXISBANK,EQ,2022-03-23,731.4,736.1,742.9,724.65,725.15,726.75,731.77,"58,86,245","4,30,73,57,803.50","1,14,951","18,08,671",30.73
AXISBANK,EQ,2022-03-24,726.75,719.1,730.45,719.0,721.85,722.25,723.63,"75,59,843","5,47,05,08,042.95","1,29,708","28,69,827",37.96
AXISBANK,EQ,2022-03-25,722.25,723.3,726.65,715.5,724.55,721.25,719.96,"54,30,894","3,91,00,46,368.40","89,741","19,85,509",36.56
AXISBANK,EQ,2022-03-28,721.25,726.0,737.9,715.05,736.5,736.0,727.14,"70,77,669","5,14,64,88,853.35","1,31,098","27,09,141",38.28
AXISBANK,EQ,2022-03-29,736.0,741.65,741.65,731.0,738.8,737.8,736.28,"61,74,137","4,54,58,88,128.60","1,13,825","23,44,030",37.97
AXISBANK,EQ,2022-03-30,737.8,747.0,765.85,741.3,754.5,750.45,753.77,"1,66,18,114","12,52,61,97,904.65","1,99,667","74,30,795",44.72
AXISBANK,EQ,2022-03-31,750.45,763.0,763.0,751.3,761.95,761.15,758.27,"2,04,49,544","15,50,63,72,701.10","2,67,065","94,83,200",46.37
AXISBANK,EQ,2022-04-01,761.15,760.0,775.75,755.15,773.5,774.55,766.97,"93,21,859","7,14,95,79,966.25","1,56,664","38,97,920",41.81
AXISBANK,EQ,2022-04-04,774.55,780.0,785.5,767.0,784.0,784.1,776.87,"1,09,59,783","8,51,42,90,539.25","2,00,952","42,70,219",38.96
AXISBANK,EQ,2022-04-05,784.1,776.0,796.0,776.0,781.0,783.1,785.79,"73,34,134","5,76,30,67,597.05","1,41,914","29,36,418",40.04
AXISBANK,EQ,2022-04-06,783.1,777.0,779.95,769.2,773.75,773.7,774.39,"99,54,921","7,70,89,45,253.15","1,66,138","54,76,289",55.01
AXISBANK,EQ,2022-04-07,773.7,769.5,795.0,769.2,791.85,792.1,787.27,"98,20,244","7,73,11,78,920.40","1,76,485","39,07,947",39.79
AXISBANK,EQ,2022-04-08,792.1,794.9,800.7,789.0,796.1,794.9,794.74,"81,04,237","6,44,07,68,262.40","1,59,774","27,02,459",33.35
AXISBANK,EQ,2022-04-11,794.9,789.45,794.25,784.05,788.65,786.05,789.28,"63,40,427","5,00,43,54,301.45","1,10,916","29,99,065",47.3
AXISBANK,EQ,2022-04-12,786.05,780.1,801.0,777.8,798.5,798.45,788.94,"76,72,215","6,05,29,50,305.15","1,51,956","32,43,441",42.28
AXISBANK,EQ,2022-04-13,798.45,805.8,805.8,790.85,792.0,793.05,797.59,"76,40,132","6,09,37,19,823.70","1,36,365","35,80,651",46.87
AXISBANK,EQ,2022-04-18,793.05,780.0,801.65,776.0,798.55,798.85,787.22,"1,14,78,317","9,03,59,63,559.55","1,52,492","66,34,268",57.8
AXISBANK,EQ,2022-04-19,798.85,805.0,816.2,785.55,789.55,797.8,807.64,"87,11,816","7,03,60,18,054.25","2,01,991","42,54,820",48.84
AXISBANK,EQ,2022-04-20,797.8,800.85,802.45,788.6,795.65,794.7,795.91,"66,76,491","5,31,38,62,329.45","1,80,925","29,13,092",43.63
AXISBANK,EQ,2022-04-21,794.7,795.1,804.0,790.55,803.35,801.8,797.76,"68,51,615","5,46,59,74,066.65","1,24,078","36,84,023",53.77
AXISBANK,EQ,2022-04-22,801.8,796.0,798.0,778.2,779.5,780.6,785.24,"62,55,027","4,91,17,03,092.85","1,74,999","25,45,118",40.69
AXISBANK,EQ,2022-04-25,780.6,772.0,788.8,761.25,783.55,780.7,782.02,"80,23,525","6,27,45,57,641.95","1,80,135","37,73,443",47.03
AXISBANK,EQ,2022-04-26,780.7,791.0,796.6,769.0,775.3,775.0,785.54,"1,10,87,204","8,70,94,28,168.00","1,55,833","62,04,972",55.97
AXISBANK,EQ,2022-04-27,775.0,765.6,772.95,749.0,769.0,765.9,762.55,"1,14,85,697","8,75,84,15,066.40","1,88,576","60,67,319",52.82
AXISBANK,EQ,2022-04-28,765.9,776.9,785.45,766.35,776.5,779.8,774.57,"1,10,37,317","8,54,91,54,778.70","1,50,612","55,03,481",49.86
AXISBANK,EQ,2022-04-29,779.8,765.0,766.85,725.0,730.0,728.6,742.31,"3,44,01,710","25,53,66,85,817.00","9,32,878","1,65,57,113",48.13
AXISBANK,EQ,2022-05-02,728.6,722.0,738.2,718.5,728.05,727.35,728.32,"1,61,36,040","11,75,21,98,422.05","3,14,052","82,45,221",51.1
AXISBANK,EQ,2022-05-04,727.35,733.0,735.15,704.0,708.0,707.2,719.41,"1,45,48,684","10,46,65,34,723.10","3,72,648","78,46,128",53.93
AXISBANK,EQ,2022-05-05,707.2,716.0,721.8,698.9,700.65,702.35,711.9,"1,27,26,146","9,05,97,12,127.05","2,08,859","75,21,744",59.1
AXISBANK,EQ,2022-05-06,702.35,690.0,692.5,668.1,673.95,673.4,677.37,"1,55,11,195","10,50,67,44,168.80","3,28,115","81,40,568",52.48
AXISBANK,EQ,2022-05-09,673.4,660.2,669.0,648.8,664.25,663.7,661.6,"1,39,99,329","9,26,18,97,210.70","2,23,099","72,73,906",51.96
AXISBANK,EQ,2022-05-10,663.7,663.7,672.1,657.55,659.0,659.75,663.29,"95,23,698","6,31,69,36,545.25","1,84,379","53,03,859",55.69
AXISBANK,EQ,2022-05-11,659.75,661.7,676.0,655.45,676.0,672.35,664.42,"93,52,398","6,21,38,94,286.05","1,96,193","44,30,124",47.37
AXISBANK,EQ,2022-05-12,672.35,667.0,667.0,644.0,648.0,649.65,653.02,"1,11,66,084","7,29,16,63,103.95","2,70,710","51,09,076",45.76
AXISBANK,EQ,2022-05-13,649.65,656.4,659.4,633.4,636.0,635.95,647.23,"96,18,627","6,22,54,58,062.70","3,60,919","44,77,907",46.55
AXISBANK,EQ,2022-05-16,635.95,639.85,649.2,630.05,639.45,638.95,641.1,"61,59,695","3,94,90,08,111.90","1,71,415","22,66,000",36.79
AXISBANK,EQ,2022-05-17,638.95,642.9,657.5,641.15,654.75,654.95,650.65,"81,52,237","5,30,42,67,402.35","1,71,166","44,21,283",54.23
AXISBANK,EQ,2022-05-18,654.95,654.75,670.4,650.3,659.95,659.45,662.79,"1,30,13,873","8,62,54,12,168.40","1,68,575","65,59,149",50.4
AXISBANK,EQ,2022-05-19,659.45,643.3,657.75,641.2,649.75,650.2,650.68,"92,16,948","5,99,72,48,309.85","1,89,392","42,24,208",45.83
AXISBANK,EQ,2022-05-20,650.2,659.75,675.75,658.0,674.0,673.1,669.22,"97,08,672","6,49,72,29,078.35","1,36,254","50,22,980",51.74
AXISBANK,EQ,2022-05-23,673.1,673.0,684.8,668.55,671.8,675.35,677.71,"79,19,353","5,36,70,30,949.10","1,36,267","39,75,359",50.2
AXISBANK,EQ,2022-05-24,675.35,669.7,681.45,661.2,664.0,664.05,670.65,"80,88,546","5,42,45,47,200.80","1,32,163","38,08,231",47.08
AXISBANK,EQ,2022-05-25,664.05,668.0,672.65,660.05,665.0,665.0,666.11,"51,69,619","3,44,35,11,347.80","1,28,495","22,06,937",42.69
AXISBANK,EQ,2022-05-26,665.0,672.95,685.25,668.0,684.25,683.25,676.98,"1,01,14,633","6,84,74,29,554.20","1,60,511","52,75,537",52.16
AXISBANK,EQ,2022-05-27,683.25,689.0,693.8,684.25,687.95,688.3,689.25,"55,39,060","3,81,78,22,023.90","1,08,130","22,60,125",40.8
AXISBANK,EQ,2022-05-30,688.3,695.1,698.0,690.1,693.35,693.65,693.83,"38,18,060","2,64,90,93,964.15","72,788","13,25,184",34.71
AXISBANK,EQ,2022-05-31,693.65,689.0,696.0,683.05,684.1,685.2,687.84,"1,04,10,424","7,16,07,00,755.15","1,44,430","70,88,667",68.09
AXISBANK,EQ,2022-06-01,685.2,683.0,692.45,680.5,688.0,686.05,687.04,"69,66,674","4,78,63,49,946.80","1,02,039","38,12,655",54.73
AXISBANK,EQ,2022-06-02,686.05,682.0,693.15,682.0,691.25,691.55,689.01,"63,47,433","4,37,34,39,007.25","1,03,467","31,83,259",50.15
AXISBANK,EQ,2022-06-03,691.55,697.3,698.0,673.15,679.65,677.3,685.61,"84,75,726","5,81,10,22,287.55","1,68,929","44,69,656",52.73
AXISBANK,EQ,2022-06-06,677.3,677.0,684.0,670.3,672.35,672.2,676.11,"67,56,864","4,56,83,86,259.90","1,70,493","36,72,398",54.35
AXISBANK,EQ,2022-06-07,672.2,672.2,678.0,661.1,665.6,665.85,667.43,"83,12,778","5,54,81,66,162.15","1,31,276","45,68,991",54.96
AXISBANK,EQ,2022-06-08,665.85,670.0,673.55,655.45,658.55,658.6,664.37,"92,82,494","6,16,70,15,838.65","1,46,314","49,70,276",53.54
AXISBANK,EQ,2022-06-09,658.6,656.95,662.75,650.0,661.85,661.3,655.01,"56,82,743","3,72,22,33,988.25","1,09,366","28,59,849",50.33
AXISBANK,EQ,2022-06-10,661.3,655.5,663.7,652.2,660.0,660.7,660.56,"67,58,832","4,46,46,37,955.15","1,40,165","35,66,969",52.77
AXISBANK,EQ,2022-06-13,660.7,646.95,652.0,640.1,650.9,648.95,645.68,"61,35,431","3,96,15,10,722.20","2,77,801","35,67,690",58.15
AXISBANK,EQ,2022-06-14,648.95,645.0,655.7,643.1,650.9,650.75,649.79,"53,91,833","3,50,35,77,106.75","2,10,705","23,15,832",42.95
AXISBANK,EQ,2022-06-15,650.75,654.0,656.35,647.2,651.1,650.5,650.33,"46,38,336","3,01,64,70,777.45","1,01,754","21,86,750",47.15
AXISBANK,EQ,2022-06-16,650.5,657.5,658.2,631.05,634.3,634.9,641.82,"59,60,283","3,82,54,48,126.80","2,25,674","28,56,742",47.93
AXISBANK,EQ,2022-06-17,634.9,630.0,640.8,626.6,636.95,635.2,634.61,"68,49,201","4,34,65,88,166.30","1,73,512","32,47,567",47.42
AXISBANK,EQ,2022-06-20,635.2,635.25,637.15,622.2,630.0,628.3,630.33,"53,05,222","3,34,40,30,189.05","1,14,673","21,34,321",40.23
AXISBANK,EQ,2022-06-21,628.3,632.0,645.35,628.15,635.75,636.5,635.63,"1,03,33,886","6,56,85,08,178.85","1,32,166","50,17,813",48.56
AXISBANK,EQ,2022-06-22,636.5,632.55,633.65,621.25,627.4,626.8,626.65,"58,99,024","3,69,66,11,236.55","97,921","24,86,609",42.15
AXISBANK,EQ,2022-06-23,626.8,627.4,640.85,618.25,630.5,629.35,629.43,"84,50,777","5,31,91,73,785.45","1,39,267","32,89,234",38.92
AXISBANK,EQ,2022-06-24,629.35,634.35,642.45,631.65,634.0,634.0,634.87,"69,18,584","4,39,23,88,765.55","1,88,330","34,73,843",50.21
AXISBANK,EQ,2022-06-27,634.0,644.0,646.9,634.7,637.5,637.1,638.53,"45,52,114","2,90,66,68,615.60","1,53,037","17,97,874",39.5
AXISBANK,EQ,2022-06-28,637.1,634.0,644.7,632.0,643.5,642.35,639.34,"1,07,11,123","6,84,80,30,408.15","1,59,105","69,37,128",64.77
AXISBANK,EQ,2022-06-29,642.35,636.35,637.8,623.5,624.25,625.55,629.29,"1,36,20,084","8,57,10,13,180.20","2,09,098","87,68,136",64.38
AXISBANK,EQ,2022-06-30,625.55,624.0,639.3,623.65,634.9,636.8,635.81,"1,05,63,138","6,71,61,51,308.65","1,68,855","57,02,409",53.98
AXISBANK,EQ,2022-07-01,636.8,633.0,646.6,631.8,644.0,643.95,639.96,"65,49,359","4,19,13,05,689.30","96,740","32,77,053",50.04
AXISBANK,EQ,2022-07-04,643.95,641.55,655.15,640.5,654.3,654.35,648.89,"39,33,384","2,55,23,24,915.70","1,00,519","15,01,543",38.17
AXISBANK,EQ,2022-07-05,654.35,656.1,659.9,646.0,647.3,648.5,654.35,"50,44,787","3,30,10,38,262.00","91,834","24,48,083",48.53
AXISBANK,EQ,2022-07-06,648.5,652.0,659.4,651.0,656.85,657.95,656.06,"66,84,686","4,38,55,32,101.40","1,03,271","38,77,166",58.0
AXISBANK,EQ,2022-07-07,657.95,663.45,664.5,651.65,659.5,658.15,657.21,"1,11,71,714","7,34,21,65,047.30","1,25,265","68,67,633",61.47
AXISBANK,EQ,2022-07-08,658.15,667.0,676.8,661.4,670.5,669.15,669.34,"1,26,69,533","8,48,02,33,554.40","1,37,171","75,89,142",59.9
AXISBANK,EQ,2022-07-11,669.15,666.55,681.95,665.35,680.25,679.85,675.62,"1,48,64,285","10,04,25,81,811.25","1,16,947","1,09,24,590",73.5
AXISBANK,EQ,2022-07-12,679.85,677.0,685.25,673.0,674.0,676.2,681.47,"64,46,810","4,39,32,80,249.80","1,46,486","35,58,413",55.2
AXISBANK,EQ,2022-07-13,676.2,680.0,685.0,676.95,677.15,679.9,681.15,"96,14,674","6,54,90,11,401.05","92,618","59,42,959",61.81
AXISBANK,EQ,2022-07-14,679.9,678.6,680.45,665.6,668.9,668.25,672.01,"80,26,311","5,39,37,74,872.90","1,51,078","50,89,614",63.41
AXISBANK,EQ,2022-07-15,668.25,670.0,674.2,659.1,662.5,662.2,663.69,"60,15,057","3,99,21,37,520.50","1,09,844","31,00,855",51.55
AXISBANK,EQ,2022-07-18,662.2,668.05,688.0,663.45,683.5,684.5,673.13,"1,24,64,664","8,39,02,89,461.05","1,29,818","84,88,398",68.1
AXISBANK,EQ,2022-07-19,684.5,678.6,703.85,678.6,699.75,700.6,696.39,"1,01,71,314","7,08,31,80,264.15","1,47,994","45,09,433",44.33
AXISBANK,EQ,2022-07-20,700.6,706.3,714.5,702.7,703.95,705.7,708.56,"1,16,20,331","8,23,37,37,698.85","1,67,204","70,37,224",60.56
AXISBANK,EQ,2022-07-21,705.7,707.95,718.45,704.35,716.0,715.55,712.41,"80,36,515","5,72,53,21,051.20","1,28,186","47,08,332",58.59
AXISBANK,EQ,2022-07-22,715.55,717.0,735.0,715.1,731.0,730.75,723.24,"97,13,490","7,02,51,54,429.35","1,38,655","54,07,300",55.67
AXISBANK,EQ,2022-07-25,730.75,733.5,738.8,722.5,726.65,727.35,729.63,"62,30,411","4,54,58,76,594.40","1,16,712","26,93,058",43.22
AXISBANK,EQ,2022-07-26,727.35,722.9,723.45,702.05,706.4,706.45,711.71,"1,41,35,744","10,06,04,95,619.25","2,41,332","65,53,214",46.36
AXISBANK,EQ,2022-07-27,706.45,707.95,720.55,703.6,720.0,718.95,714.2,"61,06,880","4,36,15,28,315.20","1,30,595","25,79,647",42.24
AXISBANK,EQ,2022-07-28,718.95,725.0,733.7,723.05,725.5,725.9,727.27,"69,64,838","5,06,53,49,030.75","1,43,825","34,65,215",49.75
AXISBANK,EQ,2022-07-29,725.9,733.9,734.95,723.0,724.5,724.75,727.22,"66,24,854","4,81,77,18,151.60","99,776","36,08,468",54.47
AXISBANK,EQ,2022-08-01,724.75,726.0,732.3,720.4,730.4,730.8,727.99,"54,93,105","3,99,89,03,023.80","1,12,403","28,72,346",52.29
AXISBANK,EQ,2022-08-02,730.8,727.0,734.35,721.1,727.5,730.45,728.87,"72,75,626","5,30,30,21,273.20","1,43,593","43,00,751",59.11
AXISBANK,EQ,2022-08-03,730.45,730.0,738.5,727.5,731.0,730.5,731.5,"94,58,761","6,91,90,56,593.90","1,87,036","51,69,070",54.65
AXISBANK,EQ,2022-08-04,730.5,735.2,736.7,712.2,720.9,721.6,724.32,"74,66,635","5,40,82,28,798.95","1,73,946","37,37,135",50.05
AXISBANK,EQ,2022-08-05,721.6,724.0,731.2,721.2,728.75,728.5,727.07,"45,83,196","3,33,23,11,247.00","1,00,457","19,15,410",41.79
AXISBANK,EQ,2022-08-08,728.5,730.0,747.35,728.1,746.0,745.55,741.01,"81,91,870","6,07,02,91,507.15","1,44,979","37,35,831",45.6
AXISBANK,EQ,2022-08-10,745.55,745.0,747.85,736.15,738.75,739.0,740.34,"90,69,541","6,71,45,68,928.75","1,30,120","56,78,841",62.61
AXISBANK,EQ,2022-08-11,739.0,743.05,760.65,743.05,758.7,758.85,755.01,"1,23,84,073","9,35,00,82,262.85","1,93,797","77,13,260",62.28
AXISBANK,EQ,2022-08-12,758.85,758.7,762.0,753.4,760.0,760.55,758.18,"46,14,341","3,49,84,99,772.95","88,338","25,07,696",54.35
AXISBANK,EQ,2022-08-16,760.55,765.0,772.0,758.45,763.5,764.65,765.32,"70,51,498","5,39,66,59,946.30","1,11,483","37,68,499",53.44
AXISBANK,EQ,2022-08-17,764.65,771.4,773.75,766.25,771.4,772.1,770.53,"76,74,390","5,91,33,21,730.65","1,14,420","53,24,910",69.39
AXISBANK,EQ,2022-08-18,772.1,772.0,776.0,762.1,765.5,765.05,768.43,"94,49,924","7,26,15,64,693.10","95,616","63,17,870",66.86
AXISBANK,EQ,2022-08-19,765.05,772.0,772.65,750.25,754.6,757.5,760.62,"75,53,270","5,74,51,37,336.90","1,13,627","36,84,136",48.78
AXISBANK,EQ,2022-08-22,757.5,753.4,754.45,739.2,744.65,741.85,743.44,"49,94,311","3,71,29,58,866.50","1,23,128","26,63,356",53.33
AXISBANK,EQ,2022-08-23,741.85,738.0,750.85,733.8,750.0,747.05,740.87,"65,94,634","4,88,57,59,653.40","1,44,581","32,67,717",49.55
AXISBANK,EQ,2022-08-24,747.05,745.0,752.05,742.0,750.85,750.15,748.09,"68,75,820","5,14,37,66,073.70","1,18,223","40,87,846",59.45
AXISBANK,EQ,2022-08-25,750.15,753.9,758.6,740.0,740.8,743.35,751.74,"63,20,890","4,75,16,70,620.55","1,21,724","33,96,167",53.73
AXISBANK,EQ,2022-08-26,743.35,748.0,755.0,741.3,746.0,744.9,747.83,"46,13,713","3,45,02,56,419.20","1,19,831","21,61,490",46.85
AXISBANK,EQ,2022-08-29,744.9,730.0,734.9,722.05,729.7,728.7,729.48,"59,04,146","4,30,69,62,573.60","1,44,344","32,44,455",54.95
AXISBANK,EQ,2022-08-30,728.7,733.0,753.55,733.0,751.5,751.5,745.03,"91,93,270","6,84,92,46,045.85","1,50,100","55,92,300",60.83
AXISBANK,EQ,2022-09-01,751.5,733.5,754.9,733.5,744.65,744.15,745.79,"93,53,805","6,97,59,67,234.20","1,90,088","49,76,594",53.2
AXISBANK,EQ,2022-09-02,744.15,749.0,754.55,740.25,750.2,750.2,748.46,"77,67,812","5,81,38,88,956.60","1,17,553","44,75,903",57.62
AXISBANK,EQ,2022-09-05,750.2,750.2,758.8,749.35,755.1,756.1,755.13,"58,94,055","4,45,07,72,151.65","1,02,382","32,36,731",54.92
AXISBANK,EQ,2022-09-06,756.1,758.0,761.55,748.8,750.45,750.0,755.12,"76,06,181","5,74,36,10,063.60","1,11,452","49,01,965",64.45
AXISBANK,EQ,2022-09-07,750.0,743.15,758.0,739.05,754.0,755.4,751.06,"1,01,56,460","7,62,81,01,507.70","1,62,263","62,04,306",61.09
AXISBANK,EQ,2022-09-08,755.4,761.75,782.2,757.1,781.65,779.75,771.84,"1,34,10,790","10,35,10,43,796.90","2,16,488","83,90,108",62.56
AXISBANK,EQ,2022-09-09,779.75,787.95,787.95,780.0,784.0,784.85,784.08,"87,32,302","6,84,68,29,859.65","1,66,918","53,38,272",61.13
AXISBANK,EQ,2022-09-12,784.85,789.0,805.0,786.8,800.2,801.0,797.99,"1,55,21,649","12,38,61,00,055.60","2,31,203","1,04,82,840",67.54
AXISBANK,EQ,2022-09-13,801.0,805.0,808.95,803.15,807.2,805.55,805.87,"98,87,516","7,96,80,39,277.75","1,34,610","69,26,252",70.05
AXISBANK,EQ,2022-09-14,805.55,794.4,811.35,794.4,799.55,803.05,803.17,"1,04,94,713","8,42,90,13,688.75","1,66,037","58,87,545",56.1
AXISBANK,EQ,2022-09-15,803.05,805.5,806.5,787.65,789.85,790.0,795.56,"59,96,899","4,77,09,10,644.10","1,54,242","31,68,298",52.83
AXISBANK,EQ,2022-09-16,790.0,786.05,792.6,776.1,788.7,789.3,785.07,"1,14,67,351","9,00,26,85,744.15","1,85,297","71,36,504",62.23
AXISBANK,EQ,2022-09-19,789.3,789.3,802.0,786.7,798.9,798.1,796.92,"1,14,27,799","9,10,70,77,473.55","1,65,269","68,01,862",59.52
AXISBANK,EQ,2022-09-20,798.1,806.8,816.2,802.0,812.5,812.75,812.79,"82,74,079","6,72,51,19,021.85","1,85,241","52,45,228",63.39
AXISBANK,EQ,2022-09-21,812.75,809.25,816.0,803.35,806.95,806.55,809.39,"65,67,084","5,31,53,46,221.40","1,32,556","40,17,923",61.18
AXISBANK,EQ,2022-09-22,806.55,805.0,808.8,784.3,789.85,789.2,793.84,"78,04,275","6,19,53,21,376.80","1,56,003","44,36,144",56.84
AXISBANK,EQ,2022-09-23,789.2,789.0,789.0,764.25,768.5,768.6,771.02,"1,02,78,805","7,92,51,27,534.65","2,13,950","64,33,969",62.59
AXISBANK,EQ,2022-09-26,768.6,759.0,763.5,741.0,743.7,742.6,749.2,"1,10,90,327","8,30,88,36,955.05","2,28,861","73,87,267",66.61
AXISBANK,EQ,2022-09-27,742.6,746.35,754.15,730.5,741.05,737.5,739.98,"1,13,58,306","8,40,49,35,403.15","2,11,748","74,20,115",65.33
AXISBANK,EQ,2022-09-28,737.5,733.9,733.9,707.7,713.5,716.45,723.03,"1,31,70,668","9,52,27,58,538.20","2,01,069","74,26,698",56.39
AXISBANK,EQ,2022-09-29,716.45,722.25,730.8,711.0,717.0,719.0,720.51,"1,20,90,981","8,71,16,44,942.95","1,69,109","73,00,357",60.38
AXISBANK,EQ,2022-09-30,719.0,720.0,737.75,714.4,736.0,733.2,728.16,"95,36,017","6,94,37,65,913.20","1,51,675","50,46,450",52.92
AXISBANK,EQ,2022-10-03,733.2,731.0,742.0,721.05,722.5,722.75,730.02,"64,05,645","4,67,62,30,706.00","1,30,956","30,26,001",47.24
AXISBANK,EQ,2022-10-04,722.75,733.4,744.5,732.0,742.0,742.8,740.99,"54,38,934","4,03,02,18,328.55","1,91,004","30,46,964",56.02
AXISBANK,EQ,2022-10-06,742.8,750.0,760.4,746.0,753.1,755.1,754.98,"93,76,433","7,07,90,00,222.85","2,31,061","64,82,040",69.13
AXISBANK,EQ,2022-10-07,755.1,753.8,757.5,742.3,756.95,755.7,750.33,"75,00,540","5,62,78,58,712.60","1,36,248","47,33,407",63.11
AXISBANK,EQ,2022-10-10,755.7,748.0,778.7,745.0,778.7,776.85,765.57,"1,41,06,654","10,79,96,41,474.35","2,01,360","86,97,279",61.65
AXISBANK,EQ,2022-10-11,776.85,780.0,795.5,774.5,785.0,785.55,787.89,"1,59,53,495","12,56,95,51,720.10","2,57,378","89,16,019",55.89
AXISBANK,EQ,2022-10-12,785.55,789.5,810.8,783.45,807.8,808.7,801.12,"2,12,28,018","17,00,60,88,312.90","2,95,605","1,40,15,974",66.03
AXISBANK,EQ,2022-10-13,808.7,807.0,814.95,795.6,805.0,802.0,803.45,"1,30,24,911","10,46,49,02,283.00","2,50,427","71,74,692",55.08
AXISBANK,EQ,2022-10-14,802.0,815.55,820.7,794.45,800.95,800.5,807.11,"82,20,645","6,63,49,41,576.05","1,67,604","38,10,137",46.35
AXISBANK,EQ,2022-10-17,800.5,803.5,817.0,797.1,816.5,814.15,807.49,"94,63,827","7,64,19,58,703.60","1,75,925","47,68,157",50.38
AXISBANK,EQ,2022-10-18,814.15,820.0,822.9,811.55,815.95,816.35,816.92,"84,70,882","6,92,00,25,326.95","1,70,343","43,55,663",51.42
AXISBANK,EQ,2022-10-19,816.35,818.45,838.45,816.9,831.15,829.85,830.08,"1,08,68,663","9,02,18,21,939.05","2,28,987","43,73,527",40.24
AXISBANK,EQ,2022-10-20,829.85,824.9,831.9,816.95,824.2,825.85,823.01,"1,18,13,817","9,72,28,59,848.80","1,65,849","69,73,215",59.03
AXISBANK,EQ,2022-10-21,825.85,860.1,906.0,855.85,904.0,900.4,882.3,"5,80,57,724","51,22,43,82,764.35","6,81,610","2,35,48,545",40.56
AXISBANK,EQ,2022-10-24,900.4,916.0,918.45,905.0,906.95,909.45,911.02,"30,85,307","2,81,07,64,121.40","60,927","8,39,881",27.22
AXISBANK,EQ,2022-10-25,909.45,905.7,910.6,891.6,900.95,902.85,900.03,"1,31,87,308","11,86,90,14,497.25","2,50,162","67,03,489",50.83
AXISBANK,EQ,2022-10-27,902.85,909.0,919.95,901.25,916.0,915.15,912.16,"1,19,67,044","10,91,58,90,898.80","3,98,131","73,22,268",61.19
AXISBANK,EQ,2022-10-28,915.15,915.0,917.95,898.9,904.5,903.05,906.52,"73,20,207","6,63,58,97,716.10","1,90,469","39,74,578",54.3
AXISBANK,EQ,2022-10-31,903.05,908.0,918.0,902.1,906.0,906.0,908.83,"90,38,777","8,21,46,67,268.45","2,16,347","61,03,807",67.53
AXISBANK,EQ,2022-11-01,906.0,904.0,904.0,869.0,871.5,871.75,883.01,"2,91,91,921","25,77,68,09,633.75","3,10,121","1,53,61,322",52.62
AXISBANK,EQ,2022-11-02,871.75,875.0,877.0,861.6,863.05,863.55,866.58,"1,10,29,140","9,55,76,33,798.60","1,56,484","72,81,963",66.02
AXISBANK,EQ,2022-11-03,863.55,857.9,880.4,856.0,864.95,864.05,869.29,"1,01,85,978","8,85,45,19,785.10","1,78,129","41,35,585",40.6
AXISBANK,EQ,2022-11-04,864.05,869.0,872.9,862.3,868.2,868.1,866.91,"73,23,879","6,34,91,63,479.00","1,37,308","40,88,336",55.82
AXISBANK,EQ,2022-11-07,868.1,876.25,876.8,861.3,872.1,872.95,869.22,"99,31,261","8,63,24,81,814.10","2,05,758","56,03,701",56.42
AXISBANK,EQ,2022-11-09,872.95,875.05,880.75,868.5,870.7,873.7,874.95,"1,01,90,209","8,91,58,81,667.55","2,13,692","62,34,412",61.18
AXISBANK,EQ,2022-11-10,873.7,843.7,856.7,841.0,841.4,843.7,847.36,"1,89,56,575","16,06,30,67,255.10","2,48,456","1,09,39,268",57.71
AXISBANK,EQ,2022-11-11,843.7,847.0,854.7,844.15,851.95,850.7,850.08,"1,93,29,819","16,43,19,00,484.45","2,26,709","1,21,02,255",62.61
AXISBANK,EQ,2022-11-14,850.7,850.5,853.9,847.35,851.5,851.0,850.23,"69,85,306","5,93,90,86,496.15","1,17,777","46,54,361",66.63
AXISBANK,EQ,2022-11-15,851.0,851.25,859.85,847.2,859.15,858.65,852.87,"71,24,767","6,07,65,08,603.65","1,21,518","47,18,455",66.23
AXISBANK,EQ,2022-11-16,858.65,858.0,861.6,850.6,854.3,855.4,855.74,"65,21,854","5,58,10,37,417.20","1,09,700","37,13,710",56.94
AXISBANK,EQ,2022-11-17,855.4,855.4,861.4,852.7,858.0,858.2,858.13,"49,09,607","4,21,30,61,950.65","1,02,263","23,54,828",47.96
AXISBANK,EQ,2022-11-18,858.2,859.3,865.8,855.0,859.5,859.2,860.72,"70,65,304","6,08,12,38,666.35","1,27,390","33,35,335",47.21
AXISBANK,EQ,2022-11-21,859.2,860.0,870.95,859.0,869.3,870.05,866.2,"72,09,207","6,24,46,24,208.70","1,30,334","39,36,325",54.6
AXISBANK,EQ,2022-11-22,870.05,874.95,877.0,868.35,869.8,870.05,872.23,"55,35,233","4,82,80,19,794.45","1,20,586","32,62,840",58.95
AXISBANK,EQ,2022-11-23,870.05,873.9,877.8,868.75,874.75,874.7,874.36,"58,61,417","5,12,49,89,495.30","1,56,870","38,22,860",65.22
AXISBANK,EQ,2022-11-24,874.7,878.0,880.8,873.1,880.6,878.55,877.67,"49,28,778","4,32,58,27,928.75","1,09,108","30,89,057",62.67
AXISBANK,EQ,2022-11-25,878.55,883.0,891.8,880.9,887.0,887.75,886.7,"76,14,047","6,75,13,68,785.05","1,27,897","42,14,240",55.35
AXISBANK,EQ,2022-11-28,887.75,887.7,899.5,885.3,892.9,891.7,893.59,"79,28,147","7,08,44,90,499.80","1,71,525","53,43,792",67.4
AXISBANK,EQ,2022-11-29,891.7,894.4,901.9,890.0,891.4,892.55,896.46,"56,61,158","5,07,50,19,756.85","1,17,998","37,95,568",67.05
AXISBANK,EQ,2022-11-30,892.55,895.0,905.1,885.45,899.5,901.25,896.6,"1,04,52,798","9,37,19,82,104.85","1,61,887","71,71,487",68.61
AXISBANK,EQ,2022-12-01,901.25,909.5,909.5,899.5,901.0,903.85,904.78,"70,53,100","6,38,14,76,881.75","1,70,682","46,55,116",66.0
AXISBANK,EQ,2022-12-02,903.85,898.3,907.0,891.4,905.05,905.15,898.37,"79,88,851","7,17,69,62,931.90","1,69,729","54,09,106",67.71
AXISBANK,EQ,2022-12-05,905.15,907.0,907.3,897.6,898.85,899.2,900.55,"50,98,164","4,59,11,71,172.40","1,19,932","32,85,963",64.45
AXISBANK,EQ,2022-12-06,899.2,897.5,906.9,895.7,906.4,904.65,901.11,"53,51,099","4,82,19,13,125.55","1,19,444","34,72,515",64.89
AXISBANK,EQ,2022-12-07,904.65,902.8,918.0,899.85,913.0,914.65,910.47,"91,03,656","8,28,86,09,561.25","1,73,940","53,17,329",58.41
AXISBANK,EQ,2022-12-08,914.65,915.65,943.95,913.75,940.0,939.35,932.85,"1,74,66,047","16,29,32,23,045.65","2,42,649","1,13,43,555",64.95
AXISBANK,EQ,2022-12-09,939.35,944.0,945.0,927.6,931.5,933.7,934.83,"80,18,981","7,49,63,94,922.70","1,79,308","47,37,493",59.08
AXISBANK,EQ,2022-12-12,933.7,929.9,941.15,922.0,936.2,938.65,934.12,"76,21,788","7,11,96,92,049.00","1,71,503","44,32,465",58.16
AXISBANK,EQ,2022-12-13,938.65,940.2,949.3,936.6,943.8,944.6,945.18,"81,36,559","7,69,05,45,463.70","1,25,348","52,48,954",64.51
AXISBANK,EQ,2022-12-14,944.6,945.65,950.15,938.5,942.0,942.4,945.03,"85,73,479","8,10,22,06,813.10","1,54,035","58,34,506",68.05
AXISBANK,EQ,2022-12-15,942.4,939.75,944.95,932.6,934.35,938.15,939.99,"73,59,261","6,91,76,60,944.35","1,33,654","49,97,847",67.91
AXISBANK,EQ,2022-12-16,938.15,932.25,945.2,929.1,935.05,935.1,935.69,"69,26,928","6,48,14,32,927.25","1,56,110","40,16,160",57.98
AXISBANK,EQ,2022-12-19,935.1,935.1,948.1,932.4,948.0,946.2,942.4,"48,42,336","4,56,34,19,682.50","1,86,440","30,08,749",62.13
AXISBANK,EQ,2022-12-20,946.2,943.75,952.75,940.45,952.15,949.75,946.64,"95,11,818","9,00,42,54,576.45","2,64,560","63,78,206",67.06
AXISBANK,EQ,2022-12-21,949.75,953.1,958.9,928.0,931.5,932.3,944.84,"83,68,960","7,90,73,31,223.75","1,96,971","40,79,727",48.75
AXISBANK,EQ,2022-12-22,932.3,936.0,936.0,912.95,917.65,919.55,920.42,"92,02,717","8,47,03,63,272.70","1,66,372","55,05,648",59.83
AXISBANK,EQ,2022-12-23,919.55,912.0,917.25,904.0,907.2,906.6,909.4,"63,71,695","5,79,43,88,371.70","1,47,699","34,40,868",54.0
AXISBANK,EQ,2022-12-26,906.6,908.0,932.95,905.1,929.2,928.7,921.09,"47,64,440","4,38,84,80,555.90","1,50,353","21,52,917",45.19
AXISBANK,EQ,2022-12-27,928.7,932.45,937.8,922.6,933.0,932.2,928.72,"33,46,083","3,10,75,81,249.55","1,45,210","12,14,036",36.28
AXISBANK,EQ,2022-12-28,932.2,930.95,937.45,921.3,922.3,924.7,930.16,"59,56,496","5,54,04,74,228.75","1,29,500","33,89,783",56.91
AXISBANK,EQ,2022-12-29,924.7,922.8,944.0,915.8,940.1,934.55,930.17,"1,22,04,113","11,35,18,95,482.05","1,24,569","81,56,284",66.83
AXISBANK,EQ,2022-12-30,934.55,941.25,943.5,930.35,934.9,933.75,936.54,"37,04,449","3,46,93,67,082.75","1,03,832","17,74,059",47.89
AXISBANK,EQ,2023-01-02,933.75,932.25,945.00,931.80,944.95,941.60,938.80,"34,98,198","3,28,41,24,090.30","1,04,517","16,24,181",46.43
AXISBANK,EQ,2023-01-03,941.60,944.75,965.60,942.60,962.40,962.30,957.10,"69,27,819","6,63,06,32,307.00","1,55,837","24,68,372",35.63
AXISBANK,EQ,2023-01-04,962.30,963.50,970.00,955.00,958.60,957.45,963.04,"90,59,392","8,72,45,57,855.40","2,16,354","42,27,420",46.66
AXISBANK,EQ,2023-01-05,957.45,960.00,961.90,938.25,949.00,949.55,948.38,"69,98,980","6,63,76,95,128.00","1,62,367","40,31,954",57.61
AXISBANK,EQ,2023-01-06,949.55,946.55,950.95,934.30,941.00,939.90,940.49,"57,87,783","5,44,33,36,337.10","1,39,498","35,38,528",61.14
AXISBANK,EQ,2023-01-09,939.90,946.80,960.00,941.35,957.10,958.75,953.36,"70,25,747","6,69,80,47,557.75","1,68,838","45,71,488",65.07
AXISBANK,EQ,2023-01-10,958.75,964.00,964.00,942.75,953.00,952.15,951.67,"71,40,150","6,79,50,83,848.50","1,64,023","41,38,716",57.96
AXISBANK,EQ,2023-01-11,952.15,953.00,955.75,942.80,949.30,949.75,949.11,"71,00,355","6,73,90,16,954.65","1,65,275","43,89,339",61.82
AXISBANK,EQ,2023-01-12,949.75,949.35,949.70,924.00,935.00,935.55,932.78,"86,61,375","8,07,91,29,127.55","1,90,542","47,21,943",54.52
AXISBANK,EQ,2023-01-13,935.55,935.50,937.45,923.00,933.90,934.15,930.31,"90,83,608","8,45,05,31,726.75","2,60,249","58,76,038",64.69
AXISBANK,EQ,2023-01-16,934.15,940.45,941.75,911.70,912.85,913.15,921.48,"1,00,08,273","9,22,24,15,307.55","2,48,003","66,72,508",66.67
AXISBANK,EQ,2023-01-17,913.15,914.95,919.70,906.70,918.60,917.70,913.50,"69,04,960","6,30,76,63,794.55","1,73,318","38,83,097",56.24
AXISBANK,EQ,2023-01-18,917.70,921.90,925.60,913.25,925.45,924.00,920.01,"57,30,939","5,27,25,05,587.60","1,56,462","33,84,383",59.05
AXISBANK,EQ,2023-01-19,924.00,923.60,938.00,920.75,929.25,928.70,929.97,"77,21,730","7,18,09,77,050.05","2,00,912","41,88,866",54.25
AXISBANK,EQ,2023-01-20,928.70,931.25,934.85,924.65,929.50,930.55,930.62,"45,11,360","4,19,83,47,256.55","1,23,210","22,21,863",49.25
AXISBANK,EQ,2023-01-23,930.55,936.00,939.70,924.45,930.00,932.70,932.22,"52,36,124","4,88,12,41,388.05","1,71,818","28,30,172",54.05
AXISBANK,EQ,2023-01-24,932.70,935.00,935.00,903.75,910.30,910.20,916.33,"1,85,27,897","16,97,76,23,877.20","3,85,048","95,65,830",51.63
AXISBANK,EQ,2023-01-25,910.20,905.00,907.45,884.20,893.00,892.35,895.39,"1,19,21,748","10,67,46,65,887.00","2,24,625","63,05,290",52.89
AXISBANK,EQ,2023-01-27,892.35,892.35,892.50,851.00,874.00,873.75,870.06,"1,73,00,736","15,05,26,49,408.95","3,26,106","1,06,11,480",61.34
AXISBANK,EQ,2023-01-30,873.75,851.90,885.50,846.15,873.10,871.85,866.52,"2,12,33,998","18,39,96,95,455.60","4,46,773","1,26,23,042",59.45
AXISBANK,EQ,2023-01-31,871.85,873.00,879.30,861.10,871.65,871.60,870.75,"1,68,56,151","14,67,75,35,972.45","3,32,502","1,10,93,681",65.81
AXISBANK,EQ,2023-02-01,871.60,876.30,895.20,833.30,857.30,857.25,872.55,"1,24,09,819","10,82,82,26,729.60","2,87,952","59,49,613",47.94
AXISBANK,EQ,2023-02-02,857.25,850.95,872.00,837.05,869.45,868.45,859.98,"95,67,053","8,22,74,71,934.75","2,64,062","49,85,312",52.11
AXISBANK,EQ,2023-02-03,868.45,873.00,885.00,859.25,881.95,882.60,874.44,"73,65,732","6,44,08,85,052.85","2,02,269","35,03,402",47.56
AXISBANK,EQ,2023-02-06,882.60,871.85,899.15,870.60,882.15,882.65,888.26,"1,01,29,098","8,99,72,61,263.40","1,99,769","61,02,757",60.25
AXISBANK,EQ,2023-02-07,882.65,886.85,888.40,871.50,879.40,879.10,879.38,"50,55,187","4,44,54,21,176.35","1,42,817","27,63,533",54.67
AXISBANK,EQ,2023-02-08,879.10,882.10,886.45,868.25,871.80,871.75,874.42,"65,72,818","5,74,73,79,790.70","1,74,669","41,38,276",62.96
AXISBANK,EQ,2023-02-09,871.75,876.15,876.15,862.55,867.30,867.70,867.20,"59,93,312","5,19,74,18,814.90","1,76,299","34,23,881",57.13
AXISBANK,EQ,2023-02-10,867.70,872.05,872.70,865.15,866.00,867.25,868.20,"46,03,464","3,99,67,12,982.20","1,29,143","26,94,606",58.53
AXISBANK,EQ,2023-02-13,867.25,867.25,870.45,856.50,858.00,859.10,860.73,"57,07,194","4,91,23,30,456.20","1,56,686","28,18,004",49.38
AXISBANK,EQ,2023-02-14,859.10,862.55,871.90,854.25,869.10,870.75,863.53,"75,27,755","6,50,04,42,064.80","1,70,109","39,49,211",52.46
AXISBANK,EQ,2023-02-15,870.75,872.00,872.20,861.60,868.50,868.30,866.67,"73,22,266","6,34,59,57,684.60","1,60,938","35,88,437",49.01
AXISBANK,EQ,2023-02-16,868.30,872.80,874.30,862.25,862.60,864.75,866.91,"58,43,235","5,06,55,82,780.00","1,63,095","33,77,643",57.8
AXISBANK,EQ,2023-02-17,864.75,861.00,868.25,850.00,856.50,854.90,859.26,"84,20,479","7,23,54,10,479.80","1,66,323","37,48,856",44.52
AXISBANK,EQ,2023-02-20,854.90,859.70,861.20,842.50,844.80,846.75,849.72,"59,92,322","5,09,17,94,054.00","1,47,541","16,82,130",28.07
AXISBANK,EQ,2023-02-21,846.75,849.00,849.00,837.40,843.40,844.05,842.00,"96,77,064","8,14,81,30,050.95","2,04,593","42,23,311",43.64
AXISBANK,EQ,2023-02-22,844.05,840.00,843.00,829.55,832.35,833.35,834.91,"69,84,037","5,83,10,51,834.80","2,05,666","24,21,365",34.67
AXISBANK,EQ,2023-02-23,833.35,833.05,848.25,830.20,846.50,844.35,840.49,"84,37,003","7,09,12,14,576.90","2,26,104","43,81,505",51.93
AXISBANK,EQ,2023-02-24,844.35,850.10,854.60,844.45,849.65,851.40,850.19,"77,63,814","6,60,07,08,998.00","1,70,251","39,60,680",51.01
AXISBANK,EQ,2023-02-27,851.40,851.85,858.45,845.95,854.00,854.35,853.10,"80,64,267","6,87,96,09,625.30","1,69,993","22,11,005",27.42
AXISBANK,EQ,2023-02-28,854.35,855.95,857.60,840.00,845.00,844.10,848.23,"1,30,12,372","11,03,75,12,530.45","1,77,413","55,93,773",42.99
AXISBANK,EQ,2023-03-01,844.10,846.05,868.75,845.05,864.40,865.15,862.53,"1,23,45,125","10,64,80,21,369.50","2,21,535","56,79,946",46.01
AXISBANK,EQ,2023-03-02,865.15,866.00,866.80,843.50,844.00,845.45,850.55,"1,39,00,508","11,82,31,01,800.75","2,57,701","64,77,524",46.6
AXISBANK,EQ,2023-03-03,845.45,849.75,858.60,845.60,854.90,852.65,853.45,"79,77,804","6,80,86,34,804.80","1,68,386","29,45,144",36.92
AXISBANK,EQ,2023-03-06,852.65,856.95,863.75,855.60,859.95,859.50,859.66,"1,07,81,567","9,26,84,83,932.75","1,65,862","39,17,134",36.33
AXISBANK,EQ,2023-03-08,859.50,858.50,862.50,853.05,861.30,860.95,857.60,"87,85,735","7,53,46,46,787.65","1,71,724","28,92,386",32.92
AXISBANK,EQ,2023-03-09,860.95,862.50,874.25,862.00,865.80,867.80,870.33,"1,47,46,065","12,83,39,09,979.65","1,54,060","61,66,453",41.82
AXISBANK,EQ,2023-03-10,867.80,859.60,861.60,845.50,851.00,851.90,852.90,"1,11,98,583","9,55,12,57,752.90","1,79,679","65,10,640",58.14
AXISBANK,EQ,2023-03-13,851.90,845.60,857.00,828.45,832.00,832.35,840.02,"83,15,798","6,98,53,99,708.85","1,75,088","33,78,255",40.62
AXISBANK,EQ,2023-03-14,832.35,828.00,835.70,817.40,834.30,832.85,826.69,"1,25,73,734","10,39,45,50,260.65","2,62,196","56,94,008",45.28
AXISBANK,EQ,2023-03-15,832.85,838.05,843.50,819.35,822.90,824.05,828.52,"66,52,641","5,51,18,67,830.65","1,66,246","31,77,104",47.76
AXISBANK,EQ,2023-03-16,824.05,821.50,837.90,814.30,832.50,830.55,826.16,"87,91,383","7,26,31,22,832.85","2,70,432","37,69,060",42.87
AXISBANK,EQ,2023-03-17,830.55,835.00,841.50,823.00,839.75,837.40,831.96,"77,62,461","6,45,80,78,587.60","1,66,943","41,13,281",52.99
AXISBANK,EQ,2023-03-20,837.40,836.00,841.00,825.55,837.35,837.55,831.92,"1,07,44,023","8,93,81,34,767.25","2,31,977","33,58,548",31.26
AXISBANK,EQ,2023-03-21,837.55,840.10,857.35,838.75,854.65,855.60,848.40,"1,14,89,951","9,74,80,30,141.05","2,15,897","43,54,340",37.9
AXISBANK,EQ,2023-03-22,855.60,855.60,859.80,847.05,850.00,849.65,852.68,"80,18,924","6,83,76,08,644.85","1,39,399","49,29,795",61.48
AXISBANK,EQ,2023-03-23,849.65,847.00,861.15,845.10,847.70,848.80,854.54,"98,57,892","8,42,39,39,611.75","1,61,437","43,62,926",44.26
AXISBANK,EQ,2023-03-24,848.80,846.25,852.50,837.25,840.00,839.90,845.47,"80,78,718","6,83,02,75,637.90","1,96,674","32,98,405",40.83
AXISBANK,EQ,2023-03-27,839.90,841.05,842.20,829.20,832.00,833.35,835.31,"1,06,02,508","8,85,64,24,106.65","2,20,621","43,60,175",41.12
AXISBANK,EQ,2023-03-28,833.35,837.40,837.40,826.05,833.65,832.45,831.05,"1,10,02,402","9,14,35,30,130.60","1,69,958","27,40,703",24.91
AXISBANK,EQ,2023-03-29,832.45,832.50,848.45,830.00,847.00,842.60,836.05,"1,71,21,194","14,31,42,46,634.65","1,83,152","48,02,221",28.05
AXISBANK,EQ,2023-03-31,842.60,854.90,860.90,847.50,857.10,858.50,853.86,"1,29,46,752","11,05,47,59,333.60","2,46,251","47,40,119",36.61
AXISBANK,EQ,2023-04-03,858.50,864.00,866.80,856.45,865.35,864.60,862.05,"1,32,66,882","11,43,67,20,768.45","1,34,998","24,01,383",18.1
AXISBANK,EQ,2023-04-05,864.60,871.00,871.00,857.00,860.00,860.50,860.63,"1,18,90,015","10,23,29,53,006.70","1,88,518","53,80,683",45.25
AXISBANK,EQ,2023-04-06,860.50,861.80,863.25,849.00,851.30,851.95,854.22,"1,96,77,316","16,80,87,22,254.05","1,97,757","42,76,535",21.73
AXISBANK,EQ,2023-04-10,851.95,854.80,854.95,843.95,845.50,847.35,848.25,"1,56,56,078","13,28,02,68,139.00","1,40,348","27,50,275",17.57
AXISBANK,EQ,2023-04-11,847.35,848.25,855.70,844.05,853.70,853.30,849.69,"2,39,30,907","20,33,38,91,050.00","1,91,245","45,67,878",19.09
AXISBANK,EQ,2023-04-12,853.30,854.90,856.65,846.65,851.95,851.05,850.29,"1,34,80,335","11,46,22,40,653.50","1,60,356","19,88,864",14.75
AXISBANK,EQ,2023-04-13,851.05,853.65,867.70,845.00,864.00,864.35,854.42,"2,39,34,570","20,45,01,23,140.30","1,76,831","28,08,757",11.74
AXISBANK,EQ,2023-04-17,864.35,882.00,882.00,861.00,864.00,864.55,867.05,"2,25,77,380","19,57,57,35,178.10","1,78,837","38,65,652",17.12
AXISBANK,EQ,2023-04-18,864.55,865.35,872.00,857.10,864.75,863.35,865.53,"1,72,38,709","14,92,07,05,065.35","1,40,178","31,61,772",18.34
AXISBANK,EQ,2023-04-19,863.35,865.00,874.50,862.55,871.95,873.40,869.32,"2,34,94,247","20,42,40,19,478.25","1,70,158","59,32,070",25.25
AXISBANK,EQ,2023-04-20,873.40,874.80,875.60,864.15,871.10,868.75,868.69,"1,94,44,753","16,89,14,15,680.10","1,28,040","15,23,193",7.83
AXISBANK,EQ,2023-04-21,868.75,870.80,873.85,857.50,860.70,864.20,866.89,"1,55,20,786","13,45,47,67,337.10","1,17,031","16,30,103",10.5
AXISBANK,EQ,2023-04-24,864.20,868.00,884.40,860.50,884.25,882.30,873.68,"1,82,01,632","15,90,24,35,367.85","1,70,058","63,53,757",34.91
AXISBANK,EQ,2023-04-25,882.30,885.00,895.80,874.40,876.80,878.35,887.20,"3,63,94,389","32,28,92,73,339.60","2,21,239","1,20,15,907",33.02
AXISBANK,EQ,2023-04-26,878.35,877.40,889.45,875.20,885.60,887.65,882.29,"1,94,68,723","17,17,70,83,781.20","2,31,914","51,88,557",26.65
AXISBANK,EQ,2023-04-27,887.65,888.00,890.00,877.50,880.50,881.40,882.38,"1,59,92,383","14,11,13,54,670.75","2,11,246","44,24,832",27.67
AXISBANK,EQ,2023-04-28,881.40,885.10,890.05,853.65,860.00,860.00,860.94,"2,30,04,117","19,80,50,82,924.80","3,71,287","1,05,24,858",45.75
AXISBANK,EQ,2023-05-02,860.00,870.00,876.40,864.25,869.90,870.65,871.65,"1,29,47,953","11,28,61,16,515.35","2,08,931","61,32,441",47.36
AXISBANK,EQ,2023-05-03,870.65,863.85,866.85,854.05,859.05,859.85,859.26,"1,51,03,015","12,97,74,45,017.40","2,89,619","78,25,838",51.82
AXISBANK,EQ,2023-05-04,859.85,860.00,867.15,857.50,865.90,865.95,861.66,"97,56,391","8,40,67,00,680.10","2,12,358","38,98,598",39.96
AXISBANK,EQ,2023-05-05,865.95,867.15,885.00,862.75,864.75,865.30,874.20,"1,43,43,308","12,53,88,77,195.70","1,96,545","55,55,246",38.73
AXISBANK,EQ,2023-05-08,865.30,865.30,881.40,865.30,879.95,878.45,877.74,"70,07,882","6,15,11,12,520.70","1,34,771","28,46,654",40.62
AXISBANK,EQ,2023-05-09,878.45,882.20,890.20,880.00,888.00,888.25,886.80,"1,21,17,151","10,74,54,83,967.45","1,56,537","57,53,707",47.48
AXISBANK,EQ,2023-05-10,888.25,892.00,892.50,877.55,890.00,889.90,887.33,"1,18,93,027","10,55,30,51,459.10","1,67,094","47,48,961",39.93
AXISBANK,EQ,2023-05-11,889.90,891.00,900.00,889.00,895.70,895.95,895.23,"1,38,16,121","12,36,86,19,503.95","2,00,160","46,77,109",33.85
AXISBANK,EQ,2023-05-12,895.95,895.20,913.60,894.00,911.00,910.65,905.39,"1,05,33,272","9,53,66,70,795.00","1,61,890","44,44,426",42.19
AXISBANK,EQ,2023-05-15,910.65,910.65,919.50,909.15,913.10,915.80,916.02,"73,39,579","6,72,31,79,195.50","1,83,405","28,13,470",38.33
AXISBANK,EQ,2023-05-16,915.80,916.20,922.50,912.00,915.90,917.80,918.40,"1,25,67,615","11,54,21,24,160.15","1,54,810","43,71,934",34.79
AXISBANK,EQ,2023-05-17,917.80,917.70,918.90,911.25,915.20,914.80,915.74,"1,02,48,327","9,38,48,50,303.70","1,59,245","31,84,669",31.08
AXISBANK,EQ,2023-05-18,914.80,920.00,929.50,912.60,915.65,914.70,922.01,"1,36,14,127","12,55,23,28,653.70","2,14,235","49,84,197",36.61
AXISBANK,EQ,2023-05-19,914.70,920.90,927.00,908.95,926.00,924.05,916.94,"83,93,002","7,69,58,79,382.05","1,49,439","26,31,073",31.35
AXISBANK,EQ,2023-05-22,924.05,923.00,927.75,914.40,916.80,917.55,919.19,"93,83,158","8,62,49,41,377.95","1,30,478","34,95,424",37.25
AXISBANK,EQ,2023-05-23,917.55,917.55,922.50,912.40,912.95,916.15,918.17,"82,73,445","7,59,63,97,802.65","1,41,294","27,03,644",32.68
AXISBANK,EQ,2023-05-24,916.15,911.15,920.85,910.20,918.00,917.70,915.75,"62,48,545","5,72,20,97,401.05","1,21,754","17,70,878",28.34
AXISBANK,EQ,2023-05-25,917.70,916.70,923.55,912.45,920.35,921.05,916.90,"81,49,350","7,47,21,19,111.25","1,13,733","31,00,831",38.05
AXISBANK,EQ,2023-05-26,921.05,918.00,927.90,915.00,925.90,926.95,922.49,"49,08,462","4,52,80,20,852.45","1,06,287","15,65,290",31.89
AXISBANK,EQ,2023-05-29,926.95,931.00,937.70,928.05,930.70,929.80,933.27,"71,33,871","6,65,78,25,588.40","1,27,183","24,14,101",33.84
AXISBANK,EQ,2023-05-30,929.80,930.80,939.70,928.05,935.15,937.45,933.19,"78,04,403","7,28,29,94,937.60","1,54,714","31,79,529",40.74
AXISBANK,EQ,2023-05-31,937.45,937.35,939.90,910.20,917.50,914.85,916.83,"3,47,57,004","31,86,62,86,587.55","2,64,113","2,53,29,630",72.88
AXISBANK,EQ,2023-06-01,914.85,922.00,930.95,916.05,921.50,919.70,923.91,"1,18,17,533","10,91,83,48,216.70","1,67,684","43,66,409",36.95
AXISBANK,EQ,2023-06-02,919.70,922.65,930.50,920.25,923.70,926.10,925.22,"1,16,16,991","10,74,83,18,700.85","1,55,663","69,26,362",59.62
AXISBANK,EQ,2023-06-05,926.10,927.60,953.90,927.60,951.00,950.85,947.67,"1,45,20,005","13,76,01,27,782.30","2,38,743","77,24,459",53.2
AXISBANK,EQ,2023-06-06,950.85,951.10,970.75,951.10,966.00,968.20,963.32,"1,44,57,988","13,92,76,67,088.75","2,03,343","88,63,567",61.31
AXISBANK,EQ,2023-06-07,968.20,972.95,981.25,968.10,975.00,976.75,976.67,"1,57,95,824","15,42,72,53,807.75","1,93,021","1,01,82,461",64.46
AXISBANK,EQ,2023-06-08,976.75,973.05,974.85,959.90,961.70,962.10,966.83,"1,02,09,982","9,87,13,64,694.45","1,55,125","34,50,288",33.79
AXISBANK,EQ,2023-06-09,962.10,967.00,981.70,963.30,974.60,974.75,974.99,"1,29,47,464","12,62,36,39,248.95","1,70,187","80,96,616",62.53
AXISBANK,EQ,2023-06-12,974.75,973.00,977.90,968.60,974.90,974.20,974.53,"74,65,375","7,27,52,68,091.35","1,28,054","47,03,807",63.01
AXISBANK,EQ,2023-06-13,974.20,974.30,989.70,974.30,986.95,985.85,985.65,"1,52,33,785","15,01,51,35,976.55","1,71,656","1,05,23,707",69.08
AXISBANK,EQ,2023-06-14,985.85,986.00,988.20,976.00,977.30,977.70,980.71,"86,44,423","8,47,76,33,173.15","1,34,898","48,97,363",56.65
AXISBANK,EQ,2023-06-15,977.70,988.35,989.00,972.20,978.55,977.15,976.92,"1,59,78,311","15,60,95,86,954.25","1,99,937","80,48,461",50.37
AXISBANK,EQ,2023-06-16,977.15,982.80,985.45,977.20,982.00,981.55,980.99,"88,60,900","8,69,24,81,894.50","1,76,892","54,81,600",61.86
AXISBANK,EQ,2023-06-19,981.55,983.85,986.00,961.00,966.70,965.65,970.62,"1,10,25,846","10,70,19,29,039.25","2,31,527","51,16,598",46.41
AXISBANK,EQ,2023-06-20,965.65,965.95,977.00,958.55,976.00,974.85,967.92,"75,96,593","7,35,28,63,737.85","1,39,616","27,16,345",35.76
AXISBANK,EQ,2023-06-21,974.85,978.30,978.30,963.15,966.45,966.00,967.67,"78,05,855","7,55,35,22,616.65","1,72,008","44,37,604",56.85
AXISBANK,EQ,2023-06-22,966.00,962.20,973.45,958.70,963.75,966.60,966.63,"1,01,35,883","9,79,76,72,460.10","1,58,829","34,01,505",33.56
AXISBANK,EQ,2023-06-23,966.60,960.00,965.50,954.55,958.55,958.40,959.11,"61,88,008","5,93,49,60,356.50","1,40,331","33,97,260",54.9
AXISBANK,EQ,2023-06-26,958.40,959.50,963.50,953.10,960.00,960.55,958.40,"57,99,528","5,55,82,66,508.30","1,65,004","32,01,026",55.19
AXISBANK,EQ,2023-06-27,960.55,967.00,976.00,960.80,974.00,973.25,969.06,"69,21,886","6,70,77,37,449.00","1,55,729","34,87,339",50.38
AXISBANK,EQ,2023-06-28,973.25,979.00,984.00,967.00,980.45,978.20,976.77,"1,00,10,996","9,77,84,70,650.35","1,94,446","37,58,077",37.54
AXISBANK,EQ,2023-06-30,978.20,977.10,989.85,976.00,986.10,987.45,983.34,"70,96,350","6,97,81,45,371.35","1,62,674","44,97,212",63.37
AXISBANK,EQ,2023-07-03,987.45,990.00,990.00,978.00,984.00,982.10,982.96,"55,62,743","5,46,79,50,581.95","1,64,784","21,94,071",39.44
AXISBANK,EQ,2023-07-04,982.10,982.10,984.85,969.00,971.10,970.70,975.73,"73,96,806","7,21,72,89,620.55","2,03,952","19,50,320",26.37
AXISBANK,EQ,2023-07-05,970.70,969.00,975.50,962.10,967.80,966.50,968.19,"82,00,047","7,93,92,28,535.05","1,71,231","27,66,380",33.74
AXISBANK,EQ,2023-07-06,966.50,961.00,986.10,961.00,982.55,980.95,972.93,"1,02,21,727","9,94,50,20,643.80","2,40,394","42,64,890",41.72
AXISBANK,EQ,2023-07-07,980.95,976.25,989.45,971.80,975.60,976.70,980.24,"62,36,524","6,11,32,83,495.65","1,73,947","33,01,888",52.94
AXISBANK,EQ,2023-07-10,976.70,976.70,986.00,960.40,964.60,964.05,972.25,"71,38,850","6,94,07,58,355.25","1,99,913","30,40,338",42.59
AXISBANK,EQ,2023-07-11,964.05,967.90,971.75,950.60,954.45,953.20,960.02,"1,06,16,390","10,19,19,77,300.80","2,47,445","48,20,845",45.41
AXISBANK,EQ,2023-07-12,953.20,956.70,957.55,947.00,950.00,950.00,950.88,"1,01,41,257","9,64,30,95,655.75","2,40,693","53,87,558",53.13
AXISBANK,EQ,2023-07-13,950.00,956.30,966.00,952.15,962.25,960.15,960.44,"1,30,79,930","12,56,24,27,927.05","2,55,509","46,63,263",35.65
AXISBANK,EQ,2023-07-14,960.15,964.45,967.00,947.75,958.20,957.05,954.81,"53,83,514","5,14,02,56,649.95","1,51,781","27,40,909",50.91
AXISBANK,EQ,2023-07-17,957.05,960.00,968.90,950.45,964.60,964.85,958.05,"84,72,444","8,11,70,42,419.50","1,53,203","29,37,561",34.67
AXISBANK,EQ,2023-07-18,964.85,964.00,979.95,951.30,963.00,963.65,968.52,"1,44,57,717","14,00,25,90,450.95","2,68,387","31,17,582",21.56
AXISBANK,EQ,2023-07-19,963.65,964.00,969.90,956.50,963.00,964.30,965.18,"75,74,544","7,31,07,70,181.00","1,78,252","20,08,471",26.52
AXISBANK,EQ,2023-07-20,964.30,963.90,979.90,957.60,977.00,977.90,965.85,"1,53,29,753","14,80,62,96,049.75","2,31,898","57,40,359",37.45
AXISBANK,EQ,2023-07-21,977.90,971.60,985.00,968.00,971.60,971.30,974.99,"62,30,317","6,07,45,16,066.65","1,31,682","19,87,483",31.9
AXISBANK,EQ,2023-07-24,971.30,973.45,984.95,968.80,971.00,971.50,974.31,"91,67,788","8,93,22,82,882.45","1,94,424","41,49,929",45.27
AXISBANK,EQ,2023-07-25,971.50,977.65,977.65,953.80,963.00,962.50,961.34,"1,34,48,045","12,92,80,98,519.05","2,48,155","47,12,682",35.04
AXISBANK,EQ,2023-07-26,962.50,966.85,980.00,963.30,975.70,976.80,970.28,"82,98,226","8,05,15,78,393.90","1,92,540","39,26,028",47.31
AXISBANK,EQ,2023-07-27,976.80,989.35,990.00,955.75,961.15,959.90,968.18,"1,78,58,061","17,28,98,62,523.50","3,35,807","80,50,100",45.08
AXISBANK,EQ,2023-07-28,959.90,959.90,969.75,942.20,950.00,949.95,949.66,"85,04,392","8,07,62,41,538.40","2,45,042","45,10,245",53.03
AXISBANK,EQ,2023-07-31,949.95,954.70,958.60,948.30,954.90,953.90,953.57,"66,01,991","6,29,54,47,675.95","1,79,078","34,71,703",52.59
AXISBANK,EQ,2023-08-01,953.90,956.00,964.00,952.00,961.50,959.90,956.32,"84,09,096","8,04,18,11,382.00","2,03,471","28,53,246",33.93
AXISBANK,EQ,2023-08-02,959.90,951.50,958.90,936.60,944.95,945.25,944.83,"93,24,465","8,81,00,26,038.30","2,34,382","35,07,617",37.62
AXISBANK,EQ,2023-08-03,945.25,944.10,946.60,927.15,938.50,935.55,935.83,"1,70,76,611","15,98,07,85,127.40","2,94,707","59,96,097",35.11
AXISBANK,EQ,2023-08-04,935.55,947.00,954.85,934.65,950.80,952.25,946.36,"1,23,76,086","11,71,22,64,563.30","2,47,055","37,62,554",30.4
AXISBANK,EQ,2023-08-07,952.25,952.25,955.00,944.55,947.50,947.40,948.69,"1,09,22,609","10,36,21,53,717.45","1,92,929","39,96,335",36.59
AXISBANK,EQ,2023-08-08,947.40,950.00,959.90,944.05,953.20,952.90,952.49,"1,15,12,735","10,96,57,43,490.80","2,38,800","37,43,613",32.52
AXISBANK,EQ,2023-08-09,952.90,952.00,953.30,944.30,949.90,950.00,948.18,"77,01,831","7,30,26,97,896.90","1,89,419","39,69,731",51.54
AXISBANK,EQ,2023-08-10,950.00,948.00,951.95,937.30,940.45,939.75,943.63,"1,35,90,891","12,82,47,49,603.85","3,17,925","42,32,713",31.14
AXISBANK,EQ,2023-08-11,939.75,937.50,945.70,933.00,937.75,937.20,938.09,"95,58,237","8,96,64,42,119.10","2,29,062","48,86,527",51.12
AXISBANK,EQ,2023-08-14,937.20,935.00,943.30,928.90,940.00,939.95,936.81,"71,72,522","6,71,92,57,570.85","2,02,979","20,67,828",28.83
AXISBANK,EQ,2023-08-16,939.95,935.95,940.00,931.30,933.00,933.05,935.01,"73,94,623","6,91,40,42,214.55","1,26,711","40,16,875",54.32
AXISBANK,EQ,2023-08-17,933.05,935.95,943.00,931.65,937.25,936.55,938.45,"93,36,994","8,76,22,92,583.50","2,76,317","29,17,424",31.25
AXISBANK,EQ,2023-08-18,936.55,934.85,945.95,931.05,942.50,943.05,942.07,"66,48,744","6,26,35,99,325.10","1,85,265","25,07,704",37.72
AXISBANK,EQ,2023-08-21,943.05,944.20,954.25,943.95,951.50,952.60,950.40,"68,22,155","6,48,38,09,700.90","1,55,184","32,81,642",48.1
AXISBANK,EQ,2023-08-22,952.60,953.85,959.10,948.65,958.00,957.05,956.26,"1,08,60,061","10,38,50,12,797.40","1,58,798","58,70,908",54.06
AXISBANK,EQ,2023-08-23,957.05,962.00,980.45,958.40,977.25,979.25,972.35,"1,26,77,151","12,32,66,47,757.60","1,80,436","75,03,959",59.19
AXISBANK,EQ,2023-08-24,979.25,984.80,994.25,979.10,982.10,981.35,986.03,"1,18,99,556","11,73,32,74,955.35","2,50,283","35,46,340",29.8
AXISBANK,EQ,2023-08-25,981.35,974.00,988.20,970.80,982.00,983.10,980.51,"62,28,241","6,10,68,75,145.00","1,64,949","23,21,061",37.27
AXISBANK,EQ,2023-08-28,983.10,980.10,992.50,980.10,986.50,990.20,987.69,"84,51,441","8,34,73,76,518.70","2,21,750","45,43,438",53.76
AXISBANK,EQ,2023-08-29,990.20,990.20,991.00,977.50,981.85,980.70,981.69,"81,14,141","7,96,55,98,160.50","2,60,845","32,45,069",39.99
AXISBANK,EQ,2023-08-30,980.70,983.00,998.00,980.00,981.00,983.35,992.32,"90,23,083","8,95,38,25,024.45","2,09,796","37,24,094",41.27
AXISBANK,EQ,2023-08-31,983.35,981.80,994.70,968.60,971.50,973.50,977.98,"2,15,58,300","21,08,35,83,404.95","2,91,821","98,37,527",45.63
AXISBANK,EQ,2023-09-01,973.50,974.25,993.00,969.00,990.00,991.15,981.57,"1,09,46,742","10,74,49,50,739.35","2,15,805","53,43,359",48.81
AXISBANK,EQ,2023-09-04,991.15,993.75,994.55,980.00,983.45,982.25,984.61,"67,27,188","6,62,36,64,482.10","1,85,609","33,73,383",50.15
AXISBANK,EQ,2023-09-05,982.25,985.45,986.20,977.90,981.10,981.45,981.73,"1,05,48,660","10,35,59,58,837.90","2,58,242","40,21,601",38.12
AXISBANK,EQ,2023-09-06,981.45,981.45,983.15,961.80,966.95,965.05,970.17,"1,63,51,052","15,86,33,75,525.75","3,32,757","63,83,351",39.04
AXISBANK,EQ,2023-09-07,965.05,965.05,979.80,963.10,976.85,978.20,970.25,"86,86,550","8,42,81,67,238.55","1,93,016","38,32,587",44.12
AXISBANK,EQ,2023-09-08,978.20,978.20,987.30,972.50,980.15,980.30,979.08,"64,39,351","6,30,46,15,744.35","1,39,828","23,86,322",37.06
AXISBANK,EQ,2023-09-11,980.30,981.80,"1,004.00",979.00,"1,003.00","1,000.40",993.36,"71,30,484","7,08,31,03,947.70","2,20,086","44,19,629",61.98
AXISBANK,EQ,2023-09-12,"1,000.40","1,010.00","1,010.00",998.05,"1,000.30","1,000.90","1,003.31","89,58,327","8,98,79,35,681.45","2,73,700","35,48,131",39.61
AXISBANK,EQ,2023-09-13,"1,000.90","1,002.95","1,017.00",993.70,"1,016.75","1,014.45","1,009.41","1,22,54,423","12,36,97,01,006.75","2,35,005","43,18,565",35.24
AXISBANK,EQ,2023-09-14,"1,014.45","1,014.45","1,022.40","1,009.05","1,020.00","1,020.90","1,017.77","78,55,558","7,99,51,36,644.40","2,33,556","40,87,379",52.03
AXISBANK,EQ,2023-09-15,"1,020.90","1,021.00","1,031.75","1,014.55","1,022.90","1,027.15","1,024.97","89,86,157","9,21,05,14,298.30","2,14,008","57,13,908",63.59
AXISBANK,EQ,2023-09-18,"1,027.15","1,021.55","1,029.90","1,019.00","1,022.75","1,024.75","1,025.91","63,97,319","6,56,30,81,439.80","2,01,997","27,65,479",43.23
AXISBANK,EQ,2023-09-20,"1,024.75","1,012.30","1,047.50","1,012.30","1,027.00","1,027.30","1,032.71","1,36,19,788","14,06,52,44,955.60","3,20,975","51,82,532",38.05
AXISBANK,EQ,2023-09-21,"1,027.30","1,026.60","1,033.60","1,012.10","1,013.50","1,014.45","1,020.78","81,56,588","8,32,60,84,260.80","2,26,052","32,70,911",40.1
AXISBANK,EQ,2023-09-22,"1,014.45","1,010.00","1,027.25","1,008.00","1,019.50","1,018.25","1,020.91","71,08,110","7,25,67,68,050.45","2,17,224","38,45,289",54.1
AXISBANK,EQ,2023-09-25,"1,018.25","1,015.20","1,026.00","1,005.15","1,019.70","1,018.95","1,015.78","71,23,890","7,23,63,37,809.65","1,48,886","41,79,198",58.66
AXISBANK,EQ,2023-09-26,"1,018.95","1,019.00","1,020.70","1,011.00","1,014.70","1,014.15","1,014.39","63,87,615","6,47,95,29,299.60","1,31,422","34,80,391",54.49
AXISBANK,EQ,2023-09-27,"1,014.15","1,009.95","1,027.95","1,004.00","1,024.50","1,025.20","1,016.20","51,58,686","5,24,22,58,067.55","1,43,890","27,83,174",53.95
AXISBANK,EQ,2023-09-28,"1,025.20","1,027.00","1,037.95","1,025.20","1,028.75","1,030.90","1,030.83","1,58,18,489","16,30,62,35,118.20","2,27,026","83,68,305",52.9
AXISBANK,EQ,2023-09-29,"1,030.90","1,030.90","1,041.00","1,024.50","1,036.85","1,036.70","1,034.57","95,28,626","9,85,80,42,195.50","1,90,409","58,31,379",61.2
AXISBANK,EQ,2023-10-03,"1,036.70","1,035.00","1,044.70","1,032.60","1,038.50","1,041.05","1,039.65","1,15,89,322","12,04,87,86,340.35","2,15,276","66,51,819",57.4
AXISBANK,EQ,2023-10-04,"1,041.05","1,035.35","1,037.00",988.85,991.90,995.55,"1,011.38","2,25,84,212","22,84,13,23,284.10","3,61,995","1,08,82,363",48.19
AXISBANK,EQ,2023-10-05,995.55,"1,000.00","1,009.20",988.90,"1,003.75","1,003.25","1,000.63","79,50,412","7,95,54,54,133.35","1,79,665","35,77,222",44.99
AXISBANK,EQ,2023-10-06,"1,003.25","1,005.00","1,008.00",999.40,"1,004.00","1,000.95","1,003.17","52,89,753","5,30,65,21,872.55","1,57,387","29,58,493",55.93
AXISBANK,EQ,2023-10-09,"1,000.95",994.80,999.70,988.25,996.45,996.25,994.55,"68,23,214","6,78,60,39,020.80","1,43,985","46,82,843",68.63
AXISBANK,EQ,2023-10-10,996.25,999.90,"1,014.95",996.50,"1,011.25","1,012.25","1,008.29","57,28,499","5,77,59,72,985.90","1,91,384","25,74,239",44.94
AXISBANK,EQ,2023-10-11,"1,012.25","1,019.00","1,025.65","1,012.00","1,017.45","1,019.10","1,018.04","73,96,783","7,53,01,86,917.05","1,48,973","30,79,152",41.63
AXISBANK,EQ,2023-10-12,"1,019.10","1,022.00","1,031.00","1,014.95","1,017.40","1,018.45","1,022.99","49,20,222","5,03,33,47,282.55","1,98,459","24,22,973",49.25
AXISBANK,EQ,2023-10-13,"1,018.45","1,009.00","1,011.45",992.25,994.05,994.05,998.31,"1,21,73,162","12,15,25,69,388.55","2,01,935","78,33,529",64.35
AXISBANK,EQ,2023-10-16,994.05,990.00,"1,009.45",990.00,"1,005.15","1,004.80","1,003.49","46,46,960","4,66,31,80,997.30","1,55,414","27,76,436",59.75
AXISBANK,EQ,2023-10-17,"1,004.80","1,008.85","1,014.70","1,003.10","1,009.90","1,008.05","1,008.85","61,05,067","6,15,91,18,108.15","1,54,834","28,26,576",46.3
AXISBANK,EQ,2023-10-18,"1,008.05","1,010.00","1,014.10",989.35,993.70,992.85,997.16,"78,18,946","7,79,67,54,978.65","2,05,313","47,93,942",61.31
AXISBANK,EQ,2023-10-19,992.85,979.70,999.00,979.70,993.15,991.40,991.09,"48,36,625","4,79,35,47,168.05","1,49,519","19,06,688",39.42
AXISBANK,EQ,2023-10-20,991.40,989.00,992.90,977.75,979.40,980.35,983.17,"56,64,400","5,56,90,86,834.10","1,30,181","35,93,676",63.44
AXISBANK,EQ,2023-10-23,980.35,980.00,984.90,961.10,965.55,964.30,973.56,"58,96,695","5,74,07,66,147.25","1,85,172","34,68,989",58.83
AXISBANK,EQ,2023-10-25,964.30,960.00,974.00,951.40,956.85,955.45,961.87,"69,57,048","6,69,18,05,765.40","1,98,957","43,45,360",62.46
AXISBANK,EQ,2023-10-26,955.45,956.00,975.00,952.75,973.55,972.05,967.37,"1,75,40,495","16,96,80,91,091.25","3,46,029","86,41,291",49.26
AXISBANK,EQ,2023-10-27,972.05,980.00,"1,004.75",973.30,999.90,"1,002.75",988.83,"1,34,43,016","13,29,29,05,893.75","1,89,306","91,04,133",67.72
AXISBANK,EQ,2023-10-30,"1,002.75","1,002.75","1,002.75",979.20,989.60,989.20,987.85,"52,70,567","5,20,65,05,053.35","1,50,634","23,69,388",44.96
AXISBANK,EQ,2023-10-31,989.20,998.00,998.00,978.00,980.45,981.85,984.46,"78,16,805","7,69,53,70,543.30","1,84,332","40,78,362",52.17
AXISBANK,EQ,2023-11-01,981.85,977.85,979.30,968.00,971.40,971.80,973.48,"57,03,984","5,55,26,86,766.80","1,79,324","23,17,068",40.62
AXISBANK,EQ,2023-11-02,971.80,978.00,988.35,974.00,982.50,982.95,981.85,"51,93,982","5,09,97,06,109.85","1,11,235","15,16,062",29.19
AXISBANK,EQ,2023-11-03,982.95,986.00,991.40,981.50,987.05,988.85,987.32,"42,68,048","4,21,39,12,165.80","1,02,341","27,74,822",65.01
AXISBANK,EQ,2023-11-06,988.85,995.00,"1,016.20",993.10,"1,010.05","1,009.40","1,008.78","65,52,178","6,60,96,74,739.85","1,28,492","38,17,674",58.27
AXISBANK,EQ,2023-11-07,"1,009.40","1,008.00","1,022.20","1,005.25","1,019.50","1,020.90","1,012.62","65,59,859","6,64,26,30,808.20","1,74,587","21,75,871",33.17
AXISBANK,EQ,2023-11-08,"1,020.90","1,024.00","1,026.95","1,015.60","1,020.10","1,021.70","1,020.58","76,43,314","7,80,06,10,010.25","2,17,176","28,50,613",37.3
AXISBANK,EQ,2023-11-09,"1,021.70","1,024.75","1,028.85","1,016.65","1,021.25","1,021.90","1,022.76","44,07,935","4,50,82,79,534.60","1,45,383","16,48,342",37.39
AXISBANK,EQ,2023-11-10,"1,021.90","1,017.90","1,031.00","1,016.65","1,029.80","1,029.20","1,024.38","32,94,063","3,37,43,59,818.35","1,10,355","14,27,298",43.33
AXISBANK,EQ,2023-11-12,"1,029.20","1,033.90","1,033.90","1,026.25","1,029.10","1,029.95","1,029.99","4,61,834","47,56,82,172.40","12,284","1,11,058",24.05
AXISBANK,EQ,2023-11-13,"1,029.95","1,030.05","1,031.85","1,023.50","1,026.00","1,025.35","1,027.36","59,85,481","6,14,92,42,004.05","1,84,560","34,23,686",57.2
AXISBANK,EQ,2023-11-15,"1,025.35","1,045.00","1,045.00","1,031.55","1,041.50","1,041.35","1,038.30","72,40,388","7,51,76,65,811.35","2,03,111","35,95,693",49.66
AXISBANK,EQ,2023-11-16,"1,041.35","1,042.80","1,044.00","1,022.15","1,026.00","1,026.35","1,034.32","69,08,825","7,14,59,41,936.85","1,33,655","43,25,710",62.61
AXISBANK,EQ,2023-11-17,"1,026.35","1,014.90","1,020.00",991.85,992.65,994.35,999.54,"1,32,68,353","13,26,22,93,055.55","2,50,682","88,59,658",66.77
AXISBANK,EQ,2023-11-20,994.35,981.00,994.75,980.35,988.00,988.70,988.02,"82,15,656","8,11,71,97,106.55","1,59,755","54,74,495",66.63
AXISBANK,EQ,2023-11-21,988.70,989.95,997.50,986.65,992.80,991.80,992.04,"70,61,614","7,00,53,84,921.90","1,80,845","39,70,950",56.23
AXISBANK,EQ,2023-11-22,991.80,991.00,999.90,988.00,999.40,998.10,994.21,"61,03,988","6,06,86,67,929.00","1,63,331","26,89,784",44.07
AXISBANK,EQ,2023-11-23,998.10,999.00,"1,003.40",995.40,"1,000.20",999.05,999.79,"31,12,891","3,11,22,31,228.85","1,19,969","14,96,206",48.06
AXISBANK,EQ,2023-11-24,999.05,"1,002.00","1,010.75",999.70,"1,009.00","1,008.50","1,006.79","69,56,281","7,00,35,45,304.55","1,75,696","47,13,689",67.76
AXISBANK,EQ,2023-11-28,"1,008.50","1,013.05","1,021.95","1,009.25","1,019.20","1,021.15","1,017.14","61,73,384","6,27,92,06,315.75","1,69,868","39,90,040",64.63
AXISBANK,EQ,2023-11-29,"1,021.15","1,027.15","1,063.50","1,021.15","1,058.90","1,060.15","1,044.10","94,22,396","9,83,79,64,232.90","2,39,751","61,10,381",64.85
AXISBANK,EQ,2023-11-30,"1,060.15","1,062.70","1,080.90","1,055.45","1,070.70","1,074.25","1,070.34","2,47,55,589","26,49,69,68,754.50","3,23,313","1,64,70,245",66.53
AXISBANK,EQ,2023-12-01,"1,074.25","1,075.40","1,109.00","1,070.20","1,103.00","1,104.65","1,097.61","1,44,28,758","15,83,71,27,265.30","2,68,061","98,53,842",68.29
AXISBANK,EQ,2023-12-04,"1,104.65","1,120.50","1,129.00","1,099.10","1,123.00","1,125.60","1,115.24","1,40,43,213","15,66,15,91,637.55","2,31,492","82,01,008",58.4
AXISBANK,EQ,2023-12-05,"1,125.60","1,136.80","1,151.85","1,127.15","1,132.95","1,132.45","1,138.10","1,58,04,808","17,98,74,09,745.60","3,10,273","70,03,984",44.32
AXISBANK,EQ,2023-12-06,"1,132.45","1,135.10","1,145.70","1,117.95","1,119.10","1,120.50","1,127.72","73,42,767","8,28,06,19,747.55","1,79,983","27,22,200",37.07
AXISBANK,EQ,2023-12-07,"1,120.50","1,119.25","1,129.60","1,108.50","1,120.65","1,117.85","1,118.93","64,39,419","7,20,52,63,307.40","1,47,192","37,37,119",58.04
AXISBANK,EQ,2023-12-08,"1,117.85","1,115.85","1,134.35","1,111.50","1,133.45","1,131.20","1,121.13","73,00,989","8,18,53,52,019.60","1,59,412","42,11,807",57.69
AXISBANK,EQ,2023-12-11,"1,131.20","1,129.00","1,139.40","1,113.85","1,115.00","1,116.50","1,121.41","69,24,589","7,76,52,83,070.70","1,47,123","43,34,508",62.6
AXISBANK,EQ,2023-12-12,"1,116.50","1,120.00","1,133.90","1,109.00","1,131.00","1,131.00","1,123.69","90,44,111","10,16,28,00,910.35","2,57,865","49,14,329",54.34
AXISBANK,EQ,2023-12-13,"1,131.00","1,150.00","1,151.00","1,111.45","1,116.90","1,114.85","1,120.12","81,84,523","9,16,76,67,504.25","2,15,402","28,96,311",35.39
AXISBANK,EQ,2023-12-14,"1,114.85","1,132.40","1,138.60","1,117.90","1,122.55","1,120.45","1,127.35","94,21,193","10,62,09,70,058.85","2,32,736","52,25,448",55.46
AXISBANK,EQ,2023-12-15,"1,120.45","1,119.20","1,127.85","1,108.60","1,119.00","1,120.35","1,117.59","1,20,48,410","13,46,51,33,552.55","3,23,172","78,76,841",65.38
AXISBANK,EQ,2023-12-18,"1,120.35","1,119.70","1,120.00","1,107.20","1,111.00","1,111.35","1,114.04","79,22,468","8,82,59,09,720.20","2,62,111","54,59,108",68.91
AXISBANK,EQ,2023-12-19,"1,111.35","1,123.80","1,126.85","1,114.20","1,118.10","1,120.25","1,120.30","68,24,641","7,64,56,47,743.95","1,74,957","37,83,235",55.43
AXISBANK,EQ,2023-12-20,"1,120.25","1,122.00","1,123.85","1,102.70","1,106.00","1,110.25","1,112.15","98,48,057","10,95,24,82,841.95","1,90,862","52,45,636",53.27
AXISBANK,EQ,2023-12-21,"1,110.25","1,103.90","1,103.90","1,077.20","1,097.50","1,095.40","1,087.00","1,09,14,682","11,86,42,90,405.90","2,21,320","55,62,526",50.96
AXISBANK,EQ,2023-12-22,"1,095.40","1,095.40","1,106.30","1,085.80","1,087.00","1,088.30","1,096.23","1,06,00,025","11,62,01,11,915.20","2,18,277","52,95,999",49.96
AXISBANK,EQ,2023-12-26,"1,088.30","1,091.20","1,100.65","1,086.70","1,095.10","1,094.25","1,095.43","56,87,517","6,23,02,84,824.95","1,72,889","31,24,230",54.93
AXISBANK,EQ,2023-12-27,"1,094.25","1,096.05","1,110.55","1,089.65","1,105.15","1,106.35","1,098.80","61,32,936","6,73,88,56,890.50","1,76,530","41,13,597",67.07
AXISBANK,EQ,2023-12-28,"1,106.35","1,107.25","1,113.00","1,098.00","1,105.45","1,107.85","1,106.86","1,40,97,667","15,60,41,86,879.50","2,45,184","94,22,985",66.84
AXISBANK,EQ,2023-12-29,"1,107.85","1,101.45","1,106.85","1,093.95","1,100.10","1,102.30","1,100.75","87,86,731","9,67,19,68,618.40","2,40,614","64,43,841",73.34
AXISBANK,EQ,2024-01-01,"1,102.30","1,095.00","1,104.00","1,093.00","1,095.00","1,097.70","1,099.75","40,83,732","4,49,11,02,999.50","1,60,126","22,58,877",55.31
AXISBANK,EQ,2024-01-02,"1,097.70","1,095.10","1,099.35","1,082.30","1,089.25","1,093.25","1,091.41","78,95,577","8,61,73,45,938.55","1,87,704","44,95,327",56.93
AXISBANK,EQ,2024-01-03,"1,093.25","1,091.00","1,102.60","1,081.30","1,098.00","1,098.60","1,093.81","1,02,25,290","11,18,44,74,919.70","2,32,835","58,91,206",57.61
AXISBANK,EQ,2024-01-04,"1,098.60","1,103.00","1,130.00","1,100.05","1,125.00","1,123.40","1,120.15","1,14,11,683","12,78,27,78,096.05","1,79,554","78,54,267",68.83
AXISBANK,EQ,2024-01-05,"1,123.40","1,124.00","1,139.90","1,119.00","1,134.30","1,136.95","1,131.22","80,25,466","9,07,85,62,317.50","1,93,046","52,73,965",65.72
AXISBANK,EQ,2024-01-08,"1,136.95","1,145.00","1,146.00","1,118.50","1,122.00","1,122.00","1,131.56","47,35,538","5,35,85,48,732.15","1,40,745","20,91,167",44.16
AXISBANK,EQ,2024-01-09,"1,122.00","1,128.55","1,135.55","1,112.35","1,118.80","1,116.55","1,124.29","63,59,362","7,14,97,64,859.70","1,84,213","31,76,752",49.95
AXISBANK,EQ,2024-01-10,"1,116.55","1,115.25","1,116.00","1,099.05","1,106.95","1,107.00","1,106.11","59,34,163","6,56,38,41,404.30","1,33,259","36,92,980",62.23
AXISBANK,EQ,2024-01-11,"1,107.00","1,111.05","1,127.90","1,111.05","1,125.00","1,125.75","1,122.67","46,83,035","5,25,74,89,790.30","1,43,442","30,14,465",64.37
AXISBANK,EQ,2024-01-12,"1,125.75","1,126.35","1,129.45","1,118.05","1,119.05","1,120.35","1,122.27","56,16,755","6,30,35,28,702.20","2,48,340","37,95,162",67.57
AXISBANK,EQ,2024-01-15,"1,120.35","1,122.00","1,130.45","1,116.60","1,120.50","1,119.50","1,121.23","67,19,079","7,53,36,58,320.55","2,48,969","40,49,161",60.26
AXISBANK,EQ,2024-01-16,"1,119.50","1,116.65","1,127.80","1,115.10","1,120.20","1,119.10","1,121.84","52,29,753","5,86,69,22,578.85","1,51,286","30,84,217",58.97
AXISBANK,EQ,2024-01-17,"1,119.10","1,082.00","1,115.00","1,079.20","1,080.75","1,082.30","1,095.23","2,49,13,719","27,28,61,73,643.85","5,34,448","1,16,48,070",46.75
AXISBANK,EQ,2024-01-18,"1,082.30","1,066.00","1,108.75","1,066.00","1,093.25","1,097.50","1,095.78","1,14,73,135","12,57,20,42,567.15","2,64,860","63,34,895",55.22
AXISBANK,EQ,2024-01-19,"1,097.50","1,107.15","1,126.30","1,105.00","1,116.00","1,116.55","1,118.44","1,23,03,696","13,76,09,61,329.10","3,48,516","80,59,225",65.5
AXISBANK,EQ,2024-01-20,"1,116.55","1,121.00","1,126.45","1,102.80","1,118.10","1,121.00","1,115.57","50,55,594","5,63,98,82,327.70","1,13,131","7,67,598",15.18
AXISBANK,EQ,2024-01-23,"1,121.00","1,125.90","1,141.60","1,078.80","1,082.00","1,089.25","1,101.48","1,89,24,087","20,84,45,33,168.65","2,98,496","1,11,25,189",58.79
AXISBANK,EQ,2024-01-24,"1,089.25","1,034.80","1,073.20","1,020.90","1,059.60","1,059.15","1,050.55","2,08,84,046","21,93,96,93,940.10","3,81,021","1,04,75,578",50.16
AXISBANK,EQ,2024-01-25,"1,059.15","1,058.00","1,063.70","1,025.80","1,050.10","1,042.25","1,037.96","2,08,35,434","21,62,63,12,133.15","3,93,518","1,25,40,498",60.19
AXISBANK,EQ,2024-01-29,"1,042.25","1,036.00","1,068.00","1,036.00","1,060.85","1,061.25","1,058.12","1,11,88,604","11,83,89,09,653.55","2,05,125","59,18,863",52.9
AXISBANK,EQ,2024-01-30,"1,061.25","1,060.05","1,070.45","1,050.80","1,053.50","1,054.10","1,057.78","94,26,983","9,97,16,98,908.40","3,25,034","49,29,307",52.29
AXISBANK,EQ,2024-01-31,"1,054.10","1,048.20","1,084.10","1,042.70","1,067.50","1,067.75","1,068.90","1,26,00,390","13,46,85,19,443.45","3,03,223","64,37,032",51.09
AXISBANK,EQ,2024-02-01,"1,067.75","1,072.65","1,087.65","1,056.80","1,083.45","1,084.25","1,073.44","97,56,682","10,47,32,26,767.75","2,13,721","58,25,259",59.71
AXISBANK,EQ,2024-02-02,"1,084.25","1,088.05","1,096.20","1,065.00","1,067.70","1,067.05","1,078.73","86,67,415","9,34,97,78,291.60","2,62,152","42,29,192",48.79
AXISBANK,EQ,2024-02-05,"1,067.05","1,067.05","1,079.50","1,058.00","1,059.20","1,061.50","1,068.12","1,25,69,454","13,42,56,87,174.35","2,67,496","62,55,483",49.77
AXISBANK,EQ,2024-02-06,"1,061.50","1,061.55","1,065.10","1,048.20","1,053.00","1,050.05","1,054.50","80,11,171","8,44,77,59,890.10","2,00,742","45,75,694",57.12
AXISBANK,EQ,2024-02-07,"1,050.05","1,061.05","1,073.70","1,057.50","1,072.00","1,069.10","1,067.49","72,81,793","7,77,32,07,507.55","2,18,920","31,22,307",42.88
AXISBANK,EQ,2024-02-08,"1,069.10","1,072.00","1,075.60","1,031.65","1,036.90","1,035.90","1,043.39","98,69,141","10,29,73,86,835.70","2,72,590","54,52,343",55.25
AXISBANK,EQ,2024-02-09,"1,035.90","1,039.95","1,054.90","1,034.55","1,052.60","1,051.40","1,046.39","82,33,454","8,61,53,86,873.55","2,45,062","44,00,703",53.45
AXISBANK,EQ,2024-02-12,"1,051.40","1,051.40","1,057.25","1,035.35","1,047.00","1,046.70","1,047.27","86,94,379","9,10,53,81,172.30","2,13,483","47,99,440",55.2
AXISBANK,EQ,2024-02-13,"1,046.70","1,051.00","1,075.55","1,044.80","1,070.60","1,070.75","1,063.39","84,13,609","8,94,69,47,169.40","2,22,013","28,04,927",33.34
AXISBANK,EQ,2024-02-14,"1,070.75","1,061.30","1,100.90","1,060.55","1,097.00","1,096.85","1,082.95","1,66,09,115","17,98,68,14,048.60","3,22,045","83,04,960",50.0
AXISBANK,EQ,2024-02-15,"1,096.85","1,097.50","1,097.55","1,069.25","1,074.75","1,072.20","1,078.80","1,17,80,823","12,70,92,03,876.50","2,55,813","68,45,605",58.11
AXISBANK,EQ,2024-02-16,"1,072.20","1,073.00","1,076.00","1,058.00","1,068.00","1,068.75","1,067.11","86,60,907","9,24,21,08,048.20","2,10,198","49,70,535",57.39
AXISBANK,EQ,2024-02-19,"1,068.75","1,069.00","1,070.00","1,060.10","1,064.35","1,062.95","1,064.53","75,62,645","8,05,06,29,517.55","1,63,537","51,27,165",67.8
AXISBANK,EQ,2024-02-20,"1,062.95","1,059.00","1,090.50","1,057.70","1,087.10","1,088.60","1,078.99","87,22,800","9,41,18,38,973.65","2,43,044","46,25,748",53.03
AXISBANK,EQ,2024-02-21,"1,088.60","1,093.85","1,093.95","1,073.10","1,079.55","1,084.20","1,081.74","91,77,213","9,92,73,35,651.25","1,99,283","53,05,430",57.81
AXISBANK,EQ,2024-02-22,"1,084.20","1,090.30","1,110.70","1,081.50","1,098.75","1,100.90","1,098.70","1,46,33,340","16,07,76,95,725.30","2,68,227","75,58,304",51.65
AXISBANK,EQ,2024-02-23,"1,100.90","1,099.00","1,107.40","1,090.00","1,093.75","1,096.80","1,099.43","62,50,943","6,87,24,67,279.45","1,80,522","31,90,848",51.05
AXISBANK,EQ,2024-02-26,"1,096.80","1,093.45","1,094.80","1,079.65","1,084.00","1,085.20","1,085.80","53,54,189","5,81,35,91,284.15","2,04,678","33,96,698",63.44
AXISBANK,EQ,2024-02-27,"1,085.20","1,081.65","1,088.55","1,072.05","1,080.40","1,079.05","1,079.98","65,46,815","7,07,04,46,833.65","2,29,780","36,78,084",56.18
AXISBANK,EQ,2024-02-28,"1,079.05","1,077.40","1,085.00","1,064.05","1,071.55","1,074.20","1,073.16","76,43,191","8,20,23,42,629.45","1,36,752","50,04,504",65.48
AXISBANK,EQ,2024-02-29,"1,074.20","1,071.00","1,082.30","1,055.35","1,073.65","1,075.10","1,069.97","1,36,48,997","14,60,40,48,710.15","2,31,689","73,02,322",53.5
AXISBANK,EQ,2024-03-01,"1,075.10","1,076.00","1,101.70","1,076.00","1,098.40","1,099.25","1,092.58","48,19,390","5,26,55,79,136.05","1,71,646","23,35,639",48.46
AXISBANK,EQ,2024-03-02,"1,099.25","1,099.30","1,104.90","1,091.15","1,095.25","1,096.70","1,097.07","2,50,465","27,47,78,449.10","8,031","63,456",25.34
AXISBANK,EQ,2024-03-04,"1,096.70","1,099.25","1,108.90","1,093.10","1,105.25","1,106.75","1,102.35","58,95,441","6,49,88,38,358.25","1,41,187","31,67,457",53.73
AXISBANK,EQ,2024-03-05,"1,106.75","1,102.20","1,110.90","1,094.50","1,101.90","1,100.80","1,101.53","48,51,446","5,34,40,20,979.70","1,58,323","26,65,692",54.95
AXISBANK,EQ,2024-03-06,"1,100.80","1,100.20","1,131.95","1,095.35","1,124.00","1,125.00","1,122.91","1,37,87,638","15,48,22,85,780.55","3,20,060","58,77,091",42.63
AXISBANK,EQ,2024-03-07,"1,125.00","1,126.00","1,126.90","1,107.55","1,111.00","1,111.45","1,115.58","69,43,879","7,74,64,42,476.65","2,01,584","37,89,171",54.57
AXISBANK,EQ,2024-03-11,"1,111.45","1,112.25","1,120.00","1,101.90","1,102.85","1,105.10","1,108.47","67,51,641","7,48,39,63,018.80","1,97,149","43,05,487",63.77
AXISBANK,EQ,2024-03-12,"1,105.10","1,105.00","1,121.40","1,084.25","1,094.45","1,097.00","1,101.89","98,17,138","10,81,74,33,853.80","2,28,070","44,96,497",45.8
AXISBANK,EQ,2024-03-13,"1,097.00","1,096.00","1,099.55","1,070.75","1,078.50","1,080.40","1,079.81","1,15,03,890","12,42,20,69,636.50","2,26,985","63,10,200",54.85
AXISBANK,EQ,2024-03-14,"1,080.40","1,075.00","1,081.25","1,055.60","1,061.10","1,058.25","1,068.08","1,02,53,613","10,95,16,73,978.40","1,93,181","60,16,950",58.68
AXISBANK,EQ,2024-03-15,"1,058.25","1,056.25","1,056.25","1,030.25","1,048.00","1,046.40","1,044.51","1,77,98,175","18,59,04,58,547.25","2,61,474","1,20,38,488",67.64
AXISBANK,EQ,2024-03-18,"1,046.40","1,044.00","1,066.90","1,043.60","1,064.75","1,061.35","1,056.44","76,12,407","8,04,20,37,127.25","2,73,150","32,30,321",42.43
AXISBANK,EQ,2024-03-19,"1,061.35","1,055.55","1,060.95","1,046.70","1,050.35","1,050.80","1,051.92","67,28,886","7,07,82,77,172.50","2,36,410","30,86,678",45.87
AXISBANK,EQ,2024-03-20,"1,050.80","1,050.00","1,057.45","1,030.95","1,038.25","1,034.75","1,043.11","1,26,19,644","13,16,36,64,760.15","3,39,938","70,61,023",55.95
AXISBANK,EQ,2024-03-21,"1,034.75","1,039.35","1,050.55","1,028.15","1,041.85","1,035.60","1,037.64","99,03,738","10,27,65,20,680.40","2,23,205","48,77,111",49.25
AXISBANK,EQ,2024-03-22,"1,035.60","1,040.10","1,047.25","1,029.95","1,031.00","1,033.30","1,038.24","98,91,194","10,26,94,36,021.05","2,36,409","53,37,173",53.96
AXISBANK,EQ,2024-03-26,"1,033.30","1,029.00","1,044.20","1,027.50","1,043.00","1,040.55","1,037.47","96,56,767","10,01,86,41,510.95","2,51,863","60,26,258",62.4
AXISBANK,EQ,2024-03-27,"1,040.55","1,045.80","1,057.55","1,044.25","1,052.00","1,052.85","1,050.31","1,70,27,308","17,88,40,10,983.45","2,87,048","1,13,67,677",66.76
AXISBANK,EQ,2024-03-28,"1,052.85","1,052.85","1,058.40","1,044.10","1,046.50","1,047.20","1,050.27","1,02,35,318","10,74,98,62,842.10","2,20,763","53,04,381",51.82
AXISBANK,EQ,2024-04-01,"1,047.20","1,052.35","1,063.75","1,048.90","1,054.05","1,053.10","1,056.51","54,84,556","5,79,44,62,420.05","1,81,143","29,99,963",54.7
AXISBANK,EQ,2024-04-02,"1,053.10","1,051.00","1,055.85","1,040.20","1,050.00","1,047.20","1,046.20","1,36,17,893","14,24,70,90,587.15","3,07,894","99,35,571",72.96
AXISBANK,EQ,2024-04-03,"1,047.20","1,043.80","1,070.30","1,043.75","1,061.00","1,063.25","1,060.74","1,15,73,590","12,27,66,23,964.65","2,81,965","66,35,248",57.33
AXISBANK,EQ,2024-04-04,"1,063.25","1,070.00","1,080.70","1,059.15","1,066.00","1,062.95","1,068.44","1,79,64,844","19,19,44,06,129.05","3,53,555","1,06,23,814",59.14
AXISBANK,EQ,2024-04-05,"1,062.95","1,061.10","1,063.00","1,048.10","1,062.50","1,059.10","1,054.37","92,10,187","9,71,09,62,597.20","2,00,225","61,42,176",66.69
AXISBANK,EQ,2024-04-08,"1,059.10","1,067.00","1,079.45","1,063.55","1,077.00","1,076.05","1,074.13","49,67,186","5,33,53,83,836.95","1,64,919","31,69,120",63.8
AXISBANK,EQ,2024-04-09,"1,076.05","1,090.00","1,090.00","1,071.35","1,079.95","1,080.00","1,081.82","1,13,85,226","12,31,67,72,651.30","1,91,566","57,65,447",50.64
AXISBANK,EQ,2024-04-10,"1,080.00","1,086.20","1,093.00","1,080.00","1,084.40","1,087.80","1,087.88","90,64,074","9,86,06,31,872.05","2,08,186","50,04,872",55.22
AXISBANK,EQ,2024-04-12,"1,087.80","1,079.50","1,096.40","1,071.10","1,073.00","1,073.45","1,084.03","1,80,45,983","19,56,24,60,089.05","3,85,766","1,32,71,508",73.54
AXISBANK,EQ,2024-04-15,"1,073.45","1,063.10","1,071.00","1,055.25","1,057.75","1,057.95","1,062.41","88,89,435","9,44,42,56,462.65","2,39,122","52,82,099",59.42
AXISBANK,EQ,2024-04-16,"1,057.95","1,049.95","1,057.85","1,044.35","1,055.90","1,051.90","1,052.29","71,07,881","7,47,95,54,260.75","2,14,474","48,74,014",68.57
AXISBANK,EQ,2024-04-18,"1,051.90","1,044.15","1,051.40","1,013.85","1,025.85","1,024.00","1,032.29","1,78,32,438","18,40,82,86,427.20","3,14,144","1,14,24,229",64.06
AXISBANK,EQ,2024-04-19,"1,024.00","1,015.00","1,036.95",995.70,"1,031.70","1,029.10","1,010.36","2,15,98,007","21,82,18,52,104.50","3,59,249","1,33,02,410",61.59
AXISBANK,EQ,2024-04-22,"1,029.10","1,039.00","1,058.50","1,032.00","1,054.80","1,053.95","1,050.92","94,10,832","9,88,99,88,042.70","2,17,402","57,00,541",60.57
AXISBANK,EQ,2024-04-23,"1,053.95","1,058.00","1,060.25","1,048.75","1,055.00","1,055.75","1,054.18","83,00,012","8,74,97,09,686.00","1,75,265","51,42,487",61.96
AXISBANK,EQ,2024-04-24,"1,055.75","1,056.00","1,068.95","1,056.00","1,065.00","1,063.25","1,063.83","56,41,163","6,00,12,22,460.60","1,37,910","29,41,187",52.14
AXISBANK,EQ,2024-04-25,"1,063.25","1,100.00","1,133.95","1,086.10","1,127.45","1,127.00","1,117.17","4,61,36,295","51,54,22,75,043.15","6,57,770","2,18,07,972",47.27
AXISBANK,EQ,2024-04-26,"1,127.00","1,130.00","1,141.35","1,123.00","1,133.00","1,130.30","1,131.47","1,01,33,766","11,46,60,87,902.15","2,99,648","49,80,525",49.15
AXISBANK,EQ,2024-04-29,"1,130.30","1,130.30","1,164.00","1,125.30","1,159.70","1,159.25","1,150.70","1,51,83,242","17,47,14,27,087.15","2,73,071","59,34,053",39.08
AXISBANK,EQ,2024-04-30,"1,159.25","1,160.15","1,182.90","1,155.15","1,162.45","1,165.90","1,166.90","1,89,65,164","22,13,04,62,800.40","3,27,501","86,17,999",45.44
AXISBANK,EQ,2024-05-02,"1,165.90","1,156.00","1,174.00","1,148.00","1,150.00","1,149.85","1,156.76","1,23,02,236","14,23,07,38,751.00","2,77,844","73,32,194",59.6
AXISBANK,EQ,2024-05-03,"1,149.85","1,150.90","1,163.25","1,134.10","1,140.40","1,141.50","1,144.78","99,93,632","11,44,05,45,970.40","1,93,809","52,80,666",52.84
AXISBANK,EQ,2024-05-06,"1,141.50","1,143.90","1,156.00","1,135.65","1,144.50","1,143.65","1,146.78","74,90,104","8,58,94,74,788.75","1,52,481","34,98,747",46.71
AXISBANK,EQ,2024-05-07,"1,143.65","1,146.05","1,148.80","1,124.05","1,127.65","1,127.70","1,131.78","71,15,509","8,05,32,13,188.25","1,69,525","38,93,455",54.72
AXISBANK,EQ,2024-05-08,"1,127.70","1,124.65","1,135.45","1,118.25","1,132.00","1,128.65","1,127.70","81,75,609","9,21,96,38,150.75","1,62,473","40,56,885",49.62
AXISBANK,EQ,2024-05-09,"1,128.65","1,122.00","1,134.55","1,112.20","1,119.00","1,115.65","1,122.64","52,26,693","5,86,77,16,191.65","1,68,872","27,28,252",52.2
AXISBANK,EQ,2024-05-10,"1,115.65","1,123.70","1,140.00","1,113.35","1,122.25","1,120.10","1,124.95","72,42,718","8,14,76,90,576.45","1,51,941","36,43,057",50.3
AXISBANK,EQ,2024-05-13,"1,120.10","1,120.10","1,135.40","1,105.05","1,133.75","1,132.00","1,121.13","55,13,160","6,18,09,95,003.25","2,24,158","23,14,586",41.98
AXISBANK,EQ,2024-05-14,"1,132.00","1,129.95","1,136.10","1,118.10","1,123.05","1,122.85","1,123.60","54,71,143","6,14,73,86,089.40","1,78,673","28,70,611",52.47
AXISBANK,EQ,2024-05-15,"1,122.85","1,125.55","1,131.20","1,118.60","1,128.00","1,128.05","1,125.11","54,36,338","6,11,64,93,659.40","1,98,143","22,66,823",41.7
AXISBANK,EQ,2024-05-16,"1,128.05","1,134.15","1,143.95","1,111.30","1,141.90","1,139.30","1,128.00","1,07,50,526","12,12,65,49,873.85","2,92,058","59,17,479",55.04
AXISBANK,EQ,2024-05-17,"1,139.30","1,132.00","1,146.00","1,126.10","1,144.00","1,141.35","1,137.58","99,09,986","11,27,33,63,179.90","1,68,324","52,66,989",53.15
AXISBANK,EQ,2024-05-18,"1,141.35","1,142.00","1,145.00","1,137.00","1,142.15","1,143.75","1,141.00","1,69,757","19,36,92,329.95","5,380","55,072",32.44
AXISBANK,EQ,2024-05-21,"1,143.75","1,136.00","1,145.75","1,129.20","1,137.70","1,137.65","1,137.60","81,62,017","9,28,50,79,457.10","1,74,810","54,03,189",66.2
AXISBANK,EQ,2024-05-22,"1,137.65","1,142.00","1,142.00","1,117.95","1,131.40","1,126.00","1,127.49","90,94,033","10,25,34,72,782.00","1,92,068","44,94,298",49.42
AXISBANK,EQ,2024-05-23,"1,126.00","1,126.00","1,169.65","1,125.75","1,164.00","1,165.25","1,155.80","1,28,18,081","14,81,51,26,041.05","2,30,965","60,60,860",47.28
AXISBANK,EQ,2024-05-24,"1,165.25","1,165.50","1,177.00","1,160.60","1,172.95","1,174.00","1,170.10","88,14,997","10,31,44,14,702.20","2,61,712","56,23,402",63.79
AXISBANK,EQ,2024-05-27,"1,174.00","1,178.90","1,196.00","1,168.00","1,187.25","1,187.00","1,184.90","1,04,50,046","12,38,22,09,226.70","2,37,192","62,96,486",60.25
AXISBANK,EQ,2024-05-28,"1,187.00","1,188.00","1,192.40","1,179.00","1,181.00","1,183.40","1,184.71","40,18,776","4,76,10,91,671.70","1,08,973","17,68,704",44.01
AXISBANK,EQ,2024-05-29,"1,183.40","1,172.00","1,185.90","1,156.00","1,164.95","1,159.75","1,165.17","94,18,064","10,97,36,38,363.45","1,59,514","53,92,998",57.26
AXISBANK,EQ,2024-05-30,"1,159.75","1,155.20","1,179.80","1,155.00","1,172.00","1,167.95","1,167.19","72,32,217","8,44,13,39,660.05","1,87,968","31,71,037",43.85
AXISBANK,EQ,2024-05-31,"1,167.95","1,173.00","1,178.00","1,153.40","1,164.05","1,162.15","1,163.57","1,00,57,642","11,70,27,97,392.00","1,81,548","55,93,631",55.62
AXISBANK,EQ,2024-06-03,"1,162.15","1,197.05","1,242.20","1,193.40","1,230.00","1,223.90","1,217.27","2,21,97,339","27,02,02,48,884.00","4,05,670","1,08,02,930",48.67
AXISBANK,EQ,2024-06-04,"1,223.90","1,224.00","1,224.00","1,101.55","1,138.00","1,131.25","1,154.47","2,41,35,989","27,86,43,28,324.90","4,96,520","97,09,763",40.23
AXISBANK,EQ,2024-06-05,"1,131.25","1,138.00","1,193.00","1,110.70","1,180.50","1,184.50","1,152.75","2,10,39,499","24,25,33,12,563.50","3,82,962","89,91,633",42.74
AXISBANK,EQ,2024-06-06,"1,184.50","1,192.10","1,195.90","1,163.25","1,174.00","1,170.95","1,177.39","1,20,06,879","14,13,67,79,337.85","3,34,949","60,72,523",50.58
AXISBANK,EQ,2024-06-07,"1,170.95","1,178.00","1,195.20","1,166.75","1,188.00","1,186.80","1,186.19","85,83,998","10,18,22,91,291.25","1,86,416","38,39,640",44.73
AXISBANK,EQ,2024-06-10,"1,186.80","1,185.00","1,212.40","1,185.00","1,196.95","1,200.00","1,205.31","99,95,057","12,04,71,64,277.30","3,53,620","64,55,306",64.58
AXISBANK,EQ,2024-06-11,"1,200.00","1,204.45","1,209.35","1,190.45","1,193.00","1,194.60","1,199.79","93,90,212","11,26,62,64,173.15","1,75,931","58,14,782",61.92
AXISBANK,EQ,2024-06-12,"1,194.60","1,192.10","1,206.15","1,184.10","1,186.00","1,187.90","1,193.99","71,99,718","8,59,64,01,078.25","2,06,029","35,35,871",49.11
AXISBANK,EQ,2024-06-13,"1,187.90","1,201.80","1,202.00","1,173.45","1,175.50","1,174.65","1,182.78","53,21,148","6,29,37,67,209.90","1,66,167","32,64,815",61.36
AXISBANK,EQ,2024-06-14,"1,174.65","1,180.95","1,184.65","1,170.00","1,181.00","1,181.05","1,178.90","44,51,031","5,24,73,12,164.10","1,75,362","22,73,332",51.07
AXISBANK,EQ,2024-06-18,"1,181.05","1,194.00","1,194.00","1,181.15","1,190.00","1,191.90","1,188.94","68,37,181","8,12,89,78,098.40","1,66,191","43,07,424",63.0
AXISBANK,EQ,2024-06-19,"1,191.90","1,193.00","1,243.35","1,185.50","1,229.00","1,226.65","1,216.95","1,79,87,437","21,88,98,74,992.90","3,38,098","71,37,531",39.68
AXISBANK,EQ,2024-06-20,"1,226.65","1,230.10","1,241.50","1,220.40","1,238.00","1,239.50","1,234.40","82,06,858","10,13,05,77,306.25","1,84,564","44,93,794",54.76
AXISBANK,EQ,2024-06-21,"1,239.50","1,246.00","1,246.00","1,223.75","1,232.10","1,237.45","1,229.24","2,93,11,314","36,03,05,14,617.60","2,36,969","2,29,49,642",78.3
AXISBANK,EQ,2024-06-24,"1,237.45","1,231.00","1,235.75","1,225.05","1,229.65","1,228.10","1,229.00","66,76,530","8,20,54,23,840.80","1,99,186","37,57,472",56.28
AXISBANK,EQ,2024-06-25,"1,228.10","1,234.45","1,278.75","1,226.00","1,272.65","1,271.45","1,259.63","1,76,07,952","22,17,94,90,315.10","3,28,365","78,49,428",44.58
AXISBANK,EQ,2024-06-26,"1,271.45","1,281.10","1,292.95","1,259.20","1,284.00","1,285.40","1,277.28","1,39,56,370","17,82,62,61,937.80","2,52,419","85,31,075",61.13
AXISBANK,EQ,2024-06-27,"1,285.40","1,310.00","1,310.00","1,280.00","1,288.05","1,288.95","1,293.09","2,23,11,393","28,85,05,81,982.40","2,95,852","1,55,62,273",69.75
AXISBANK,EQ,2024-06-28,"1,288.95","1,283.10","1,289.90","1,261.60","1,263.80","1,265.25","1,272.14","71,67,069","9,11,74,94,214.80","2,74,653","39,10,661",54.56
AXISBANK,EQ,2024-07-01,"1,265.25","1,273.00","1,273.00","1,256.45","1,259.70","1,261.90","1,264.66","57,97,015","7,33,12,80,202.85","1,83,547","28,86,086",49.79
AXISBANK,EQ,2024-07-02,"1,261.90","1,265.00","1,267.85","1,238.25","1,250.00","1,253.40","1,251.60","99,45,447","12,44,77,63,788.80","2,58,476","45,28,406",45.53
AXISBANK,EQ,2024-07-03,"1,253.40","1,260.00","1,288.60","1,243.60","1,276.20","1,280.00","1,275.89","1,51,71,347","19,35,69,73,831.75","2,75,391","73,28,367",48.3
AXISBANK,EQ,2024-07-04,"1,280.00","1,288.00","1,293.00","1,268.50","1,277.80","1,280.90","1,280.77","48,17,380","6,16,99,70,460.95","1,82,778","21,68,471",45.01
AXISBANK,EQ,2024-07-05,"1,280.90","1,272.00","1,295.40","1,270.90","1,284.00","1,287.05","1,284.18","85,93,502","11,03,55,96,547.70","2,20,462","46,31,538",53.9
AXISBANK,EQ,2024-07-08,"1,287.05","1,285.00","1,297.40","1,279.60","1,289.00","1,287.85","1,285.90","42,16,951","5,42,25,66,780.50","95,592","23,88,791",56.65
AXISBANK,EQ,2024-07-09,"1,287.85","1,284.00","1,295.00","1,279.20","1,287.40","1,289.40","1,286.65","69,30,340","8,91,69,50,649.80","1,63,202","45,14,487",65.14
AXISBANK,EQ,2024-07-10,"1,289.40","1,284.20","1,294.00","1,275.15","1,291.05","1,291.65","1,287.01","90,20,489","11,60,94,70,885.70","1,98,328","48,07,924",53.3
AXISBANK,EQ,2024-07-11,"1,291.65","1,301.05","1,301.40","1,276.95","1,299.30","1,296.75","1,291.18","78,48,846","10,13,42,79,274.55","2,32,678","50,43,313",64.26
AXISBANK,EQ,2024-07-12,"1,296.75","1,293.90","1,339.65","1,293.90","1,317.00","1,317.30","1,320.56","1,12,78,987","14,89,45,75,098.80","2,97,723","64,29,384",57.0
AXISBANK,EQ,2024-07-15,"1,317.30","1,316.70","1,324.40","1,305.00","1,308.45","1,307.45","1,311.89","1,15,37,127","15,13,53,87,983.05","2,14,007","56,53,156",49.0
AXISBANK,EQ,2024-07-16,"1,307.45","1,307.45","1,318.45","1,299.70","1,305.45","1,304.00","1,303.98","54,33,264","7,08,48,62,112.60","1,69,454","29,47,252",54.24
AXISBANK,EQ,2024-07-18,"1,304.00","1,300.00","1,318.60","1,294.50","1,310.00","1,309.40","1,307.66","67,87,511","8,87,57,65,736.20","1,99,758","33,24,609",48.98
AXISBANK,EQ,2024-07-19,"1,309.40","1,305.65","1,309.00","1,288.20","1,293.80","1,292.35","1,296.77","44,96,066","5,83,03,80,848.30","1,15,594","22,90,365",50.94
AXISBANK,EQ,2024-07-22,"1,292.35","1,283.35","1,292.35","1,278.20","1,286.20","1,282.50","1,284.30","66,95,557","8,59,91,32,671.70","1,64,189","38,34,689",57.27
AXISBANK,EQ,2024-07-23,"1,282.50","1,288.50","1,291.10","1,251.00","1,264.10","1,263.25","1,270.80","87,89,327","11,16,95,00,939.60","2,15,324","35,19,521",40.04
AXISBANK,EQ,2024-07-24,"1,263.25","1,262.90","1,267.35","1,226.65","1,240.20","1,239.25","1,240.49","1,03,44,860","12,83,26,86,445.35","2,34,782","30,89,860",29.87
AXISBANK,EQ,2024-07-25,"1,239.25","1,200.00","1,200.00","1,155.50","1,176.25","1,175.90","1,167.71","3,29,79,871","38,51,10,48,600.35","5,81,999","1,84,48,741",55.94
AXISBANK,EQ,2024-07-26,"1,175.90","1,165.00","1,183.15","1,155.25","1,176.00","1,177.35","1,172.13","1,85,54,648","21,74,84,97,042.25","4,34,545","1,18,18,870",63.7
AXISBANK,EQ,2024-07-29,"1,177.35","1,182.35","1,194.60","1,163.65","1,169.25","1,170.05","1,176.22","1,95,98,573","23,05,21,40,304.25","3,49,227","92,01,508",46.95
AXISBANK,EQ,2024-07-30,"1,170.05","1,164.10","1,180.00","1,160.20","1,167.30","1,170.00","1,172.50","1,80,90,045","21,21,05,54,578.25","2,74,170","1,11,25,389",61.5
AXISBANK,EQ,2024-07-31,"1,170.00","1,157.00","1,171.00","1,154.00","1,167.80","1,166.10","1,162.86","1,73,47,076","20,17,22,76,869.40","3,74,991","1,04,97,785",60.52
AXISBANK,EQ,2024-08-01,"1,166.10","1,168.00","1,175.65","1,165.45","1,172.00","1,172.30","1,171.08","1,11,90,500","13,10,50,19,619.00","2,24,349","80,79,418",72.2
AXISBANK,EQ,2024-08-02,"1,172.30","1,164.00","1,167.80","1,156.10","1,161.90","1,160.85","1,161.56","1,05,81,445","12,29,09,60,339.65","2,53,876","74,12,744",70.05
AXISBANK,EQ,2024-08-05,"1,160.85","1,142.00","1,151.45","1,124.30","1,131.50","1,133.50","1,131.75","1,20,13,362","13,59,61,64,377.15","2,34,756","77,17,760",64.24
AXISBANK,EQ,2024-08-06,"1,133.50","1,140.00","1,151.00","1,123.10","1,127.30","1,126.10","1,132.42","85,71,122","9,70,60,82,526.20","2,51,117","50,01,239",58.35
AXISBANK,EQ,2024-08-07,"1,126.10","1,138.80","1,144.80","1,127.00","1,140.85","1,136.80","1,134.67","83,70,312","9,49,75,07,291.25","2,77,455","41,36,013",49.41
AXISBANK,EQ,2024-08-08,"1,136.80","1,133.10","1,142.80","1,126.00","1,134.00","1,138.15","1,134.61","79,03,428","8,96,72,80,558.10","2,15,522","40,51,471",51.26
AXISBANK,EQ,2024-08-09,"1,138.15","1,152.00","1,155.70","1,139.95","1,142.35","1,142.75","1,147.33","62,62,086","7,18,46,98,054.30","1,26,822","34,94,898",55.81
AXISBANK,EQ,2024-08-12,"1,142.75","1,146.00","1,169.10","1,135.85","1,163.35","1,164.30","1,159.84","90,78,384","10,52,94,70,351.40","1,75,596","54,35,132",59.87
AXISBANK,EQ,2024-08-13,"1,164.30","1,161.35","1,179.60","1,155.40","1,160.65","1,159.60","1,166.32","61,80,463","7,20,83,94,970.45","1,86,848","29,88,502",48.35
AXISBANK,EQ,2024-08-14,"1,159.60","1,159.00","1,159.00","1,148.65","1,152.65","1,153.10","1,152.17","50,21,841","5,78,60,06,315.65","1,39,328","30,25,811",60.25
AXISBANK,EQ,2024-08-16,"1,153.10","1,166.40","1,170.00","1,149.60","1,166.80","1,166.85","1,160.70","61,07,134","7,08,85,46,944.35","1,60,066","34,00,079",55.67
AXISBANK,EQ,2024-08-19,"1,166.85","1,169.00","1,171.30","1,150.20","1,155.00","1,153.25","1,157.22","66,91,823","7,74,38,83,012.05","1,18,636","38,86,300",58.08
AXISBANK,EQ,2024-08-20,"1,153.25","1,158.00","1,177.00","1,154.65","1,165.50","1,168.00","1,169.13","67,21,749","7,85,85,83,395.45","1,71,688","27,42,357",40.8
AXISBANK,EQ,2024-08-21,"1,168.00","1,166.60","1,178.00","1,161.50","1,176.40","1,174.40","1,170.90","94,80,630","11,10,09,13,642.45","2,01,270","58,14,013",61.33
AXISBANK,EQ,2024-08-22,"1,174.40","1,179.70","1,181.00","1,168.95","1,170.00","1,169.95","1,173.37","58,41,326","6,85,40,64,563.20","1,62,840","38,20,163",65.4
AXISBANK,EQ,2024-08-23,"1,169.95","1,170.00","1,173.95","1,163.50","1,167.60","1,165.95","1,168.65","51,21,962","5,98,58,02,416.35","96,601","36,68,357",71.62
AXISBANK,EQ,2024-08-26,"1,165.95","1,171.70","1,175.25","1,166.10","1,171.70","1,170.30","1,170.98","33,92,612","3,97,26,70,581.05","90,913","20,46,161",60.31
AXISBANK,EQ,2024-08-27,"1,170.30","1,170.00","1,184.85","1,164.25","1,177.90","1,181.25","1,178.19","87,02,113","10,25,27,52,293.05","1,56,791","39,50,096",45.39
AXISBANK,EQ,2024-08-28,"1,181.25","1,177.00","1,181.70","1,169.35","1,169.90","1,170.95","1,172.25","54,83,503","6,42,80,56,142.05","1,54,330","29,49,628",53.79
AXISBANK,EQ,2024-08-29,"1,170.95","1,169.00","1,179.90","1,163.40","1,175.00","1,175.40","1,173.27","72,90,114","8,55,32,56,100.85","2,44,482","44,27,006",60.73
AXISBANK,EQ,2024-08-30,"1,175.40","1,177.00","1,182.95","1,171.85","1,179.00","1,175.25","1,175.92","1,01,90,506","11,98,32,27,663.65","1,68,053","60,22,324",59.1
AXISBANK,EQ,2024-09-02,"1,175.25","1,176.00","1,194.00","1,174.10","1,189.00","1,188.80","1,185.75","64,32,362","7,62,71,88,167.30","2,16,075","32,65,333",50.76
AXISBANK,EQ,2024-09-03,"1,188.80","1,188.00","1,193.55","1,176.70","1,191.00","1,191.60","1,186.88","79,20,246","9,40,04,12,970.30","1,74,451","48,78,710",61.6
AXISBANK,EQ,2024-09-04,"1,191.60","1,182.70","1,189.65","1,173.30","1,179.00","1,177.70","1,177.75","65,27,941","7,68,82,71,692.30","2,20,127","39,01,360",59.76
AXISBANK,EQ,2024-09-05,"1,177.70","1,182.00","1,182.85","1,173.45","1,180.00","1,180.55","1,179.33","42,34,766","4,99,42,03,536.30","1,28,572","28,56,338",67.45
AXISBANK,EQ,2024-09-06,"1,180.55","1,176.00","1,181.35","1,150.80","1,158.75","1,158.75","1,161.22","98,74,576","11,46,65,77,799.90","2,11,550","66,43,149",67.28
AXISBANK,EQ,2024-09-09,"1,158.75","1,158.00","1,175.60","1,145.00","1,170.30","1,170.85","1,161.47","77,00,940","8,94,44,48,986.65","2,25,960","47,47,698",61.65
AXISBANK,EQ,2024-09-10,"1,170.85","1,178.90","1,190.85","1,173.35","1,186.55","1,187.20","1,185.77","87,23,854","10,34,44,70,324.55","3,39,582","44,43,292",50.93
AXISBANK,EQ,2024-09-11,"1,187.20","1,187.20","1,194.85","1,181.00","1,188.65","1,186.10","1,186.48","60,00,329","7,11,92,66,579.95","1,28,372","30,20,920",50.35
AXISBANK,EQ,2024-09-12,"1,186.10","1,190.10","1,205.70","1,176.75","1,202.60","1,203.35","1,195.28","75,92,871","9,07,55,93,755.85","2,11,321","44,51,825",58.63
AXISBANK,EQ,2024-09-13,"1,203.35","1,209.90","1,219.55","1,201.00","1,214.95","1,217.45","1,213.26","67,62,566","8,20,47,67,473.10","1,17,268","43,45,681",64.26
AXISBANK,EQ,2024-09-16,"1,217.45","1,222.00","1,234.00","1,215.00","1,230.35","1,231.05","1,229.07","40,39,284","4,96,45,57,616.95","1,59,159","19,80,380",49.03
AXISBANK,EQ,2024-09-17,"1,231.05","1,235.20","1,240.60","1,227.60","1,228.50","1,232.10","1,235.07","80,30,427","9,91,81,22,194.75","1,97,225","41,07,192",51.15
AXISBANK,EQ,2024-09-18,"1,232.10","1,231.90","1,250.40","1,225.00","1,235.20","1,240.45","1,241.16","82,10,034","10,18,99,64,995.45","1,97,803","43,39,574",52.86
AXISBANK,EQ,2024-09-19,"1,240.45","1,248.45","1,261.70","1,239.00","1,244.80","1,242.70","1,246.26","84,49,864","10,53,06,94,484.60","2,01,989","47,82,905",56.6
AXISBANK,EQ,2024-09-20,"1,242.70","1,244.00","1,250.00","1,229.90","1,249.95","1,245.00","1,242.12","1,50,09,629","18,64,37,61,573.35","2,70,705","90,13,219",60.05
AXISBANK,EQ,2024-09-23,"1,245.00","1,251.50","1,252.45","1,240.55","1,246.00","1,246.80","1,246.62","54,62,814","6,81,00,67,498.20","1,59,179","30,26,691",55.41
AXISBANK,EQ,2024-09-24,"1,246.80","1,241.10","1,247.10","1,235.35","1,240.50","1,239.55","1,240.21","92,25,946","11,44,20,71,000.35","2,43,688","62,63,453",67.89
AXISBANK,EQ,2024-09-25,"1,239.55","1,238.00","1,271.00","1,231.10","1,269.15","1,268.10","1,256.08","68,53,324","8,60,83,34,038.65","1,99,190","33,82,940",49.36
AXISBANK,EQ,2024-09-26,"1,268.10","1,267.55","1,281.65","1,262.25","1,274.00","1,277.10","1,273.62","72,70,078","9,25,93,22,711.90","1,91,113","44,37,039",61.03
AXISBANK,EQ,2024-09-27,"1,277.10","1,273.00","1,281.55","1,257.25","1,275.10","1,273.15","1,271.84","1,33,72,027","17,00,71,37,717.35","2,73,519","1,04,57,303",78.2
AXISBANK,EQ,2024-09-30,"1,273.15","1,263.50","1,275.00","1,229.35","1,231.60","1,232.20","1,241.68","84,66,919","10,51,31,83,747.10","2,82,624","57,22,131",67.58
AXISBANK,EQ,2024-10-01,"1,232.20","1,228.10","1,242.95","1,224.65","1,227.50","1,226.65","1,232.05","1,11,64,280","13,75,49,69,650.55","1,39,543","82,17,970",73.61
AXISBANK,EQ,2024-10-03,"1,226.65","1,207.50","1,219.15","1,173.10","1,178.00","1,175.70","1,191.00","1,73,00,892","20,60,53,04,604.25","3,24,821","1,33,56,102",77.2
AXISBANK,EQ,2024-10-04,"1,175.70","1,175.50","1,202.80","1,174.00","1,183.00","1,178.40","1,185.15","1,30,64,515","15,48,34,33,873.00","2,68,686","75,76,541",57.99
AXISBANK,EQ,2024-10-07,"1,178.40","1,182.95","1,184.85","1,130.90","1,151.30","1,145.70","1,157.29","2,00,47,013","23,20,01,40,647.15","4,05,533","99,28,054",49.52
AXISBANK,EQ,2024-10-08,"1,145.70","1,153.00","1,168.35","1,142.50","1,157.35","1,153.30","1,157.61","84,64,570","9,79,86,91,715.55","2,06,099","48,85,757",57.72
AXISBANK,EQ,2024-10-09,"1,153.30","1,154.00","1,185.00","1,154.00","1,170.20","1,170.15","1,170.93","98,07,734","11,48,41,99,414.60","2,03,169","47,42,335",48.35
AXISBANK,EQ,2024-10-10,"1,170.15","1,177.00","1,191.00","1,175.05","1,183.70","1,184.25","1,183.78","68,06,243","8,05,70,65,247.40","1,58,576","39,77,188",58.43
AXISBANK,EQ,2024-10-11,"1,184.25","1,182.50","1,188.20","1,166.00","1,173.20","1,172.45","1,175.82","47,54,158","5,59,00,41,386.50","1,24,062","27,67,632",58.21
AXISBANK,EQ,2024-10-14,"1,172.45","1,171.55","1,175.00","1,156.60","1,168.75","1,164.35","1,166.10","97,65,296","11,38,73,40,902.65","1,84,595","64,31,186",65.86
AXISBANK,EQ,2024-10-15,"1,164.35","1,166.10","1,172.00","1,149.50","1,157.70","1,153.85","1,158.79","87,41,516","10,12,95,78,124.70","1,56,359","57,38,450",65.65
AXISBANK,EQ,2024-10-16,"1,153.85","1,151.00","1,162.95","1,148.10","1,150.00","1,153.20","1,154.48","77,39,854","8,93,54,84,701.45","1,45,230","49,60,027",64.08
AXISBANK,EQ,2024-10-17,"1,153.20","1,151.00","1,151.35","1,124.00","1,131.00","1,131.85","1,134.23","65,95,231","7,48,05,40,491.80","2,05,556","36,99,154",56.09
AXISBANK,EQ,2024-10-18,"1,131.85","1,158.00","1,203.85","1,156.05","1,196.95","1,196.85","1,185.61","2,08,29,666","24,69,59,40,613.15","3,93,521","85,59,808",41.09
AXISBANK,EQ,2024-10-21,"1,196.85","1,196.85","1,214.80","1,185.55","1,189.00","1,190.30","1,197.22","74,56,038","8,92,65,49,422.95","1,81,753","39,36,978",52.8
AXISBANK,EQ,2024-10-22,"1,190.30","1,194.25","1,198.00","1,173.35","1,177.00","1,175.75","1,183.75","72,56,246","8,58,95,64,115.60","2,07,796","32,22,183",44.41
AXISBANK,EQ,2024-10-23,"1,175.75","1,175.10","1,183.15","1,158.65","1,161.50","1,160.40","1,165.58","65,01,834","7,57,83,88,501.30","1,26,462","35,45,622",54.53
AXISBANK,EQ,2024-10-24,"1,160.40","1,165.00","1,175.20","1,154.65","1,167.00","1,167.35","1,165.52","50,46,700","5,88,20,50,589.60","1,34,482","29,04,822",57.56
AXISBANK,EQ,2024-10-25,"1,167.35","1,187.00","1,201.75","1,170.00","1,189.00","1,189.35","1,182.18","1,27,98,716","15,13,04,05,132.90","2,91,497","71,90,862",56.18
AXISBANK,EQ,2024-10-28,"1,189.35","1,194.00","1,194.00","1,167.05","1,174.00","1,171.60","1,177.69","85,72,243","10,09,54,25,231.55","2,63,932","49,10,550",57.28
AXISBANK,EQ,2024-10-29,"1,171.60","1,176.40","1,191.20","1,157.60","1,183.35","1,186.85","1,179.24","99,08,946","11,68,50,24,900.55","2,24,353","61,91,262",62.48
AXISBANK,EQ,2024-10-30,"1,186.85","1,178.75","1,187.65","1,164.30","1,172.00","1,170.40","1,171.69","96,86,560","11,34,96,18,006.60","1,86,687","58,57,882",60.47
AXISBANK,EQ,2024-10-31,"1,170.40","1,165.50","1,178.00","1,153.85","1,167.00","1,159.55","1,163.31","86,82,294","10,10,01,93,551.20","1,91,979","62,78,706",72.32
AXISBANK,EQ,2024-11-01,"1,159.55","1,164.05","1,172.50","1,164.00","1,169.40","1,169.55","1,170.07","4,60,781","53,91,43,760.50","16,890","1,90,504",41.34
AXISBANK,EQ,2024-11-04,"1,169.55","1,172.00","1,176.95","1,135.45","1,143.65","1,139.25","1,145.67","92,88,653","10,64,17,70,470.00","2,03,455","53,96,264",58.1
AXISBANK,EQ,2024-11-05,"1,139.25","1,138.95","1,174.90","1,133.45","1,170.15","1,171.70","1,155.00","1,17,01,049","13,51,47,27,894.20","2,00,551","62,85,010",53.71
AXISBANK,EQ,2024-11-06,"1,171.70","1,171.80","1,183.55","1,161.45","1,169.00","1,166.50","1,171.86","1,03,53,506","12,13,28,51,140.85","1,99,551","70,83,597",68.42
AXISBANK,EQ,2024-11-07,"1,166.50","1,168.60","1,172.90","1,151.05","1,160.45","1,159.90","1,158.93","62,52,889","7,24,66,54,842.35","1,15,427","41,52,141",66.4
AXISBANK,EQ,2024-11-08,"1,159.90","1,156.00","1,167.75","1,151.10","1,161.40","1,160.95","1,160.41","37,86,168","4,39,34,91,687.50","1,28,235","23,72,717",62.67
AXISBANK,EQ,2024-11-11,"1,160.95","1,152.00","1,176.80","1,142.95","1,169.00","1,171.00","1,164.66","66,20,678","7,71,08,08,831.30","1,70,071","32,05,784",48.42
AXISBANK,EQ,2024-11-12,"1,171.00","1,171.65","1,187.00","1,153.80","1,156.95","1,158.15","1,167.09","96,06,088","11,21,11,23,906.70","1,85,151","55,08,770",57.35
AXISBANK,EQ,2024-11-13,"1,158.15","1,151.90","1,165.50","1,135.10","1,142.35","1,139.15","1,146.87","80,79,113","9,26,56,87,388.30","1,94,201","40,67,951",50.35
AXISBANK,EQ,2024-11-14,"1,139.15","1,137.55","1,150.75","1,131.60","1,140.00","1,140.70","1,140.75","59,75,873","6,81,69,64,756.50","1,98,141","36,15,850",60.51
AXISBANK,EQ,2024-11-18,"1,140.70","1,131.20","1,135.00","1,121.55","1,125.45","1,126.20","1,126.29","94,74,971","10,67,15,59,722.60","2,96,779","70,28,188",74.18
AXISBANK,EQ,2024-11-19,"1,126.20","1,130.00","1,139.00","1,122.05","1,133.45","1,133.95","1,129.17","1,92,25,966","21,70,93,08,849.05","1,82,241","1,49,09,037",77.55
AXISBANK,EQ,2024-11-21,"1,133.95","1,138.00","1,152.00","1,115.75","1,143.50","1,139.15","1,136.70","81,26,248","9,23,71,18,686.80","2,31,458","45,22,486",55.65
AXISBANK,EQ,2024-11-22,"1,139.15","1,136.65","1,147.90","1,127.55","1,141.80","1,142.40","1,135.51","1,66,87,505","18,94,88,68,769.25","1,93,290","1,15,77,214",69.38
AXISBANK,EQ,2024-11-25,"1,142.40","1,160.00","1,164.50","1,142.00","1,156.70","1,155.90","1,155.03","1,23,85,823","14,30,60,27,187.70","1,82,859","84,37,388",68.12
AXISBANK,EQ,2024-11-26,"1,155.90","1,157.10","1,159.60","1,142.65","1,143.30","1,144.80","1,147.29","51,27,437","5,88,26,72,288.85","1,50,905","32,49,850",63.38
AXISBANK,EQ,2024-11-27,"1,144.80","1,145.20","1,155.45","1,133.55","1,151.00","1,149.65","1,146.57","59,89,943","6,86,79,13,333.05","1,52,024","30,57,232",51.04
AXISBANK,EQ,2024-11-28,"1,149.65","1,148.50","1,154.45","1,129.40","1,135.00","1,132.50","1,139.36","1,07,31,275","12,22,67,50,821.65","2,11,822","74,74,932",69.66
AXISBANK,EQ,2024-11-29,"1,132.50","1,133.55","1,140.90","1,127.70","1,137.00","1,136.30","1,135.67","64,06,277","7,27,53,87,402.10","1,33,772","43,12,173",67.31
AXISBANK,EQ,2024-12-02,"1,136.30","1,132.70","1,141.40","1,126.60","1,136.35","1,137.10","1,133.73","47,85,858","5,42,58,53,341.75","1,25,708","31,67,261",66.18
AXISBANK,EQ,2024-12-03,"1,137.10","1,144.40","1,164.90","1,138.00","1,161.00","1,160.50","1,156.52","83,82,042","9,69,39,60,807.10","2,06,150","59,53,104",71.02
AXISBANK,EQ,2024-12-04,"1,160.50","1,157.50","1,168.00","1,153.90","1,158.75","1,159.45","1,158.67","1,83,79,798","21,29,61,77,515.45","1,83,298","1,40,27,071",76.32
AXISBANK,EQ,2024-12-05,"1,159.45","1,164.00","1,176.90","1,150.10","1,168.50","1,166.40","1,166.20","1,06,40,451","12,40,88,50,465.30","2,64,133","65,83,772",61.87
AXISBANK,EQ,2024-12-06,"1,166.40","1,167.50","1,193.85","1,160.00","1,183.90","1,184.55","1,183.30","75,42,210","8,92,46,81,425.80","1,72,308","37,54,165",49.78
AXISBANK,EQ,2024-12-09,"1,184.55","1,184.25","1,186.00","1,161.00","1,167.90","1,163.25","1,170.80","63,08,112","7,38,55,08,325.10","1,91,881","42,73,947",67.75
AXISBANK,EQ,2024-12-10,"1,163.25","1,157.00","1,165.05","1,151.25","1,155.00","1,153.65","1,156.40","47,14,389","5,45,17,18,848.25","1,77,982","30,14,667",63.95
AXISBANK,EQ,2024-12-11,"1,153.65","1,150.00","1,158.35","1,144.55","1,147.00","1,147.25","1,152.07","77,88,242","8,97,25,83,839.45","1,85,882","57,04,687",73.25
AXISBANK,EQ,2024-12-12,"1,147.25","1,145.00","1,154.55","1,143.60","1,145.00","1,145.65","1,149.13","48,25,283","5,54,48,97,041.55","1,44,279","26,38,955",54.69
AXISBANK,EQ,2024-12-13,"1,145.65","1,141.00","1,152.70","1,113.65","1,151.90","1,148.15","1,136.01","87,31,618","9,91,91,84,165.70","1,92,015","53,51,803",61.29
AXISBANK,EQ,2024-12-16,"1,148.15","1,146.50","1,155.00","1,141.75","1,148.00","1,150.90","1,149.03","39,75,202","4,56,76,25,457.70","90,921","22,89,639",57.6
AXISBANK,EQ,2024-12-17,"1,150.90","1,145.25","1,151.85","1,130.00","1,134.80","1,136.25","1,138.96","72,92,817","8,30,62,22,760.00","1,70,342","44,84,564",61.49
AXISBANK,EQ,2024-12-18,"1,136.25","1,136.20","1,139.90","1,115.95","1,123.50","1,122.25","1,124.97","72,22,127","8,12,47,10,986.15","2,05,675","48,91,971",67.74
AXISBANK,EQ,2024-12-19,"1,122.25","1,104.90","1,119.05","1,101.05","1,110.75","1,108.90","1,109.36","1,16,77,610","12,95,46,24,207.55","2,25,005","85,68,243",73.37
AXISBANK,EQ,2024-12-20,"1,108.90","1,103.95","1,105.85","1,065.00","1,070.00","1,071.85","1,081.98","1,26,23,056","13,65,79,02,420.55","2,59,785","77,04,130",61.03
AXISBANK,EQ,2024-12-23,"1,071.85","1,075.10","1,083.55","1,072.40","1,077.00","1,079.15","1,078.51","38,86,921","4,19,20,85,929.05","1,32,669","21,19,808",54.54
AXISBANK,EQ,2024-12-24,"1,079.15","1,077.30","1,084.75","1,076.00","1,081.90","1,078.90","1,080.42","43,43,694","4,69,30,16,607.75","1,28,592","21,29,103",49.02
AXISBANK,EQ,2024-12-26,"1,078.90","1,083.00","1,092.60","1,072.75","1,077.25","1,076.70","1,078.34","47,75,460","5,14,95,74,877.30","1,19,071","29,24,010",61.23
AXISBANK,EQ,2024-12-27,"1,076.70","1,078.10","1,086.25","1,076.00","1,078.20","1,077.45","1,080.19","38,01,667","4,10,65,08,621.15","1,13,788","25,54,657",67.2
AXISBANK,EQ,2024-12-30,"1,077.45","1,074.10","1,096.50","1,063.95","1,070.00","1,069.95","1,075.16","94,52,155","10,16,25,55,228.40","1,72,968","50,20,086",53.11
AXISBANK,EQ,2024-12-31,"1,069.95","1,062.00","1,070.45","1,058.50","1,068.00","1,064.70","1,064.48","52,92,136","5,63,33,87,060.50","1,61,817","34,89,727",65.94
