Symbol,Series,Date,Prev Close,Open Price,High Price,Low Price,Last Price,Close Price,Average Price,Total Traded Quantity,Turnover ₹,No. of Trades,Deliverable Qty,% Dly Qt to Traded Qty
HINDALCO,EQ,2014-01-01,122.6,122.6,123.8,121.35,121.85,121.8,122.26,"41,20,036","50,37,03,391.65","15,939","15,40,865",37.4
HINDALCO,EQ,2014-01-02,121.8,121.8,125.65,120.0,120.25,120.65,123.23,"72,75,995","89,66,28,841.50","35,126","27,09,569",37.24
HINDALCO,EQ,2014-01-03,120.65,120.0,120.7,117.1,118.45,118.75,118.55,"42,79,292","50,73,01,813.05","27,727","9,59,126",22.41
HINDALCO,EQ,2014-01-06,118.75,118.5,119.6,117.2,117.95,118.25,118.28,"33,07,710","39,12,46,310.10","18,091","9,08,114",27.45
HINDALCO,EQ,2014-01-07,118.25,118.15,118.95,115.0,116.2,116.05,116.28,"49,22,926","57,24,43,247.75","27,326","16,98,215",34.5
HINDALCO,EQ,2014-01-08,116.05,118.25,118.3,114.5,114.85,115.25,116.56,"50,02,283","58,30,82,991.45","29,251","19,92,024",39.82
HINDALCO,EQ,2014-01-09,115.25,115.0,115.25,112.0,112.7,112.65,113.17,"53,98,443","61,09,39,503.00","32,539","22,28,453",41.28
HINDALCO,EQ,2014-01-10,112.65,112.8,113.0,110.15,110.3,110.55,111.34,"90,12,277","1,00,34,19,466.10","49,387","46,70,318",51.82
HINDALCO,EQ,2014-01-13,110.55,110.2,112.25,108.5,110.8,110.0,110.23,"42,14,147","46,45,32,089.50","26,203","12,72,240",30.19
HINDALCO,EQ,2014-01-14,110.0,110.0,111.25,108.75,109.75,109.4,109.83,"29,23,798","32,11,10,282.90","20,006","10,88,103",37.22
HINDALCO,EQ,2014-01-15,109.4,110.3,112.9,110.2,110.75,110.85,111.57,"48,17,973","53,75,45,058.90","36,376","15,70,340",32.59
HINDALCO,EQ,2014-01-16,110.85,111.45,113.35,111.15,113.1,112.95,112.57,"47,45,742","53,42,18,815.30","25,083","15,61,870",32.91
HINDALCO,EQ,2014-01-17,112.95,113.5,114.0,110.5,111.6,111.3,112.06,"53,25,344","59,67,52,637.40","28,289","22,06,010",41.42
HINDALCO,EQ,2014-01-20,111.3,110.1,113.5,110.1,112.4,112.1,112.43,"31,13,909","35,00,86,987.65","17,212","9,20,537",29.56
HINDALCO,EQ,2014-01-21,112.1,112.45,113.4,110.65,113.1,113.0,112.32,"38,25,639","42,96,98,079.70","24,783","10,80,679",28.25
HINDALCO,EQ,2014-01-22,113.0,112.6,115.4,112.5,115.35,115.2,114.59,"55,17,465","63,22,60,350.80","33,166","25,30,500",45.86
HINDALCO,EQ,2014-01-23,115.2,114.2,115.25,113.6,114.3,114.3,114.24,"28,53,691","32,59,96,525.75","13,251","14,98,741",52.52
HINDALCO,EQ,2014-01-24,114.3,113.15,115.35,113.0,113.8,114.0,114.0,"57,37,135","65,40,31,675.60","26,950","37,55,887",65.47
HINDALCO,EQ,2014-01-27,114.0,112.0,112.7,109.3,111.45,111.1,110.85,"87,24,577","96,71,56,128.40","34,756","62,64,901",71.81
HINDALCO,EQ,2014-01-28,111.1,110.0,115.0,109.75,113.55,113.8,112.5,"45,13,345","50,77,41,732.10","24,167","14,86,123",32.93
HINDALCO,EQ,2014-01-29,113.8,114.5,114.75,111.15,111.85,111.75,112.34,"47,13,458","52,95,04,730.45","25,522","23,16,874",49.15
HINDALCO,EQ,2014-01-30,111.75,110.2,110.7,107.6,108.05,108.1,108.53,"50,77,231","55,10,47,827.55","24,036","26,39,929",52.0
HINDALCO,EQ,2014-01-31,108.1,109.05,110.0,107.0,109.7,109.55,109.0,"82,87,236","90,33,15,748.65","21,659","58,80,724",70.96
HINDALCO,EQ,2014-02-03,109.55,109.0,109.4,103.0,103.1,103.45,105.49,"55,72,627","58,78,72,767.40","36,446","22,16,541",39.78
HINDALCO,EQ,2014-02-04,103.45,102.0,103.45,99.8,102.45,102.45,101.78,"1,39,35,173","1,41,83,01,635.00","64,513","86,19,006",61.85
HINDALCO,EQ,2014-02-05,102.45,102.4,105.15,101.0,104.1,104.25,103.13,"91,06,760","93,91,87,894.70","50,093","45,55,563",50.02
HINDALCO,EQ,2014-02-06,104.25,104.65,106.5,103.1,106.05,105.75,104.93,"1,01,94,884","1,06,97,83,002.25","38,739","63,40,605",62.19
HINDALCO,EQ,2014-02-07,105.75,106.15,107.7,104.75,106.2,106.4,106.22,"96,50,511","1,02,50,96,783.30","39,272","49,48,541",51.28
HINDALCO,EQ,2014-02-10,106.4,106.45,107.7,105.8,106.7,106.8,107.06,"31,24,538","33,45,18,950.05","19,443","11,22,114",35.91
HINDALCO,EQ,2014-02-11,106.8,106.9,107.1,104.25,104.55,104.55,105.11,"39,64,390","41,67,16,309.95","24,284","13,68,212",34.51
HINDALCO,EQ,2014-02-12,104.55,105.15,105.6,103.05,103.3,103.5,103.84,"53,25,176","55,29,67,902.00","29,583","28,44,264",53.41
HINDALCO,EQ,2014-02-13,103.5,103.9,104.55,99.75,100.0,100.2,102.06,"1,26,52,556","1,29,12,85,983.80","1,16,505","55,67,457",44.0
HINDALCO,EQ,2014-02-14,100.2,100.75,101.0,97.85,100.15,99.9,99.16,"63,90,793","63,37,04,470.95","60,597","22,72,720",35.56
HINDALCO,EQ,2014-02-17,99.9,100.0,100.75,97.65,98.75,98.5,98.64,"68,70,442","67,77,32,563.80","41,312","34,91,263",50.82
HINDALCO,EQ,2014-02-18,98.5,98.7,100.5,97.75,99.1,99.3,99.38,"84,75,360","84,22,90,838.95","52,244","42,86,008",50.57
HINDALCO,EQ,2014-02-19,99.3,99.6,100.1,98.4,98.7,98.85,98.94,"45,82,897","45,34,22,918.25","28,320","15,00,839",32.75
HINDALCO,EQ,2014-02-20,98.85,98.5,98.55,97.05,97.1,97.35,97.7,"34,04,267","33,26,12,151.85","19,304","11,79,990",34.66
HINDALCO,EQ,2014-02-21,97.35,97.3,98.25,97.3,97.55,97.65,97.76,"64,84,994","63,39,96,281.25","30,081","44,55,656",68.71
HINDALCO,EQ,2014-02-24,97.65,97.65,98.8,96.7,96.75,97.45,98.13,"80,47,904","78,97,15,359.75","21,889","40,93,509",50.86
HINDALCO,EQ,2014-02-25,97.45,97.15,99.05,97.0,98.8,98.8,98.19,"1,50,34,041","1,47,61,80,922.10","45,980","1,18,97,221",79.14
HINDALCO,EQ,2014-02-26,98.8,99.75,99.75,98.05,98.6,98.4,98.93,"1,21,30,348","1,20,00,70,494.35","40,660","83,84,320",69.12
HINDALCO,EQ,2014-02-28,98.4,99.0,106.4,99.0,105.9,105.35,103.88,"2,64,93,472","2,75,21,70,171.90","1,62,570","1,82,30,772",68.81
HINDALCO,EQ,2014-03-03,105.35,105.0,107.35,104.7,105.65,105.6,105.98,"98,70,841","1,04,60,92,735.20","42,966","61,15,298",61.95
HINDALCO,EQ,2014-03-04,105.6,105.4,114.25,105.4,114.15,113.6,110.94,"1,64,27,565","1,82,25,45,199.20","95,060","74,11,853",45.12
HINDALCO,EQ,2014-03-05,113.6,114.85,117.2,112.2,116.1,115.75,114.36,"1,20,23,136","1,37,49,32,429.50","49,435","53,31,267",44.34
HINDALCO,EQ,2014-03-06,115.75,115.75,121.2,114.7,120.75,120.8,118.67,"1,66,09,108","1,97,10,64,889.80","86,069","90,42,335",54.44
HINDALCO,EQ,2014-03-07,120.8,120.1,125.85,119.8,124.4,124.55,122.79,"1,56,95,038","1,92,71,84,540.00","1,04,869","65,62,892",41.82
HINDALCO,EQ,2014-03-10,124.55,123.05,123.5,121.0,121.55,121.95,122.09,"88,23,020","1,07,72,05,964.05","70,718","46,09,222",52.24
HINDALCO,EQ,2014-03-11,121.95,121.9,121.9,116.2,117.05,117.4,118.0,"1,44,21,017","1,70,17,42,648.40","72,202","85,42,678",59.24
HINDALCO,EQ,2014-03-12,117.4,115.7,118.4,113.95,114.8,114.75,115.81,"94,97,798","1,09,99,74,543.50","37,781","36,19,594",38.11
HINDALCO,EQ,2014-03-13,114.75,114.5,118.95,114.5,115.55,115.65,116.6,"64,02,750","74,65,54,758.25","39,002","27,37,035",42.75
HINDALCO,EQ,2014-03-14,115.65,114.7,116.1,113.5,115.05,115.2,114.72,"56,84,021","65,20,46,269.50","33,736","29,47,185",51.85
HINDALCO,EQ,2014-03-18,115.2,116.0,116.4,114.2,114.85,114.85,115.34,"80,34,386","92,66,73,931.45","53,194","52,35,387",65.16
HINDALCO,EQ,2014-03-19,114.85,115.25,121.1,114.05,119.8,120.05,118.68,"1,59,15,307","1,88,87,70,168.25","86,449","81,01,886",50.91
HINDALCO,EQ,2014-03-20,120.05,119.65,121.95,119.0,119.2,119.65,120.3,"70,21,283","84,46,84,256.65","47,173","28,93,922",41.22
HINDALCO,EQ,2014-03-21,119.65,120.55,124.0,119.8,123.9,123.5,122.77,"1,05,88,714","1,30,00,20,829.40","80,093","54,80,845",51.76
HINDALCO,EQ,2014-03-22,123.5,123.15,123.15,120.75,121.15,121.2,121.58,"6,52,207","7,92,92,656.65","5,308","1,74,990",26.83
HINDALCO,EQ,2014-03-24,121.2,120.0,122.5,118.2,121.25,121.6,121.1,"75,14,958","91,00,63,503.60","43,253","24,86,290",33.08
HINDALCO,EQ,2014-03-25,121.6,120.95,122.65,120.25,120.3,120.75,121.33,"85,47,719","1,03,70,97,297.10","64,450","46,93,318",54.91
HINDALCO,EQ,2014-03-26,120.75,121.1,125.95,121.1,125.1,125.4,124.64,"1,40,59,505","1,75,23,20,140.70","89,613","62,81,807",44.68
HINDALCO,EQ,2014-03-27,125.4,125.2,126.45,124.05,125.3,125.4,125.29,"67,63,076","84,73,71,444.10","35,396","34,08,788",50.4
HINDALCO,EQ,2014-03-28,125.4,125.4,131.7,125.0,131.1,130.9,129.21,"97,19,662","1,25,58,56,937.35","53,719","36,04,966",37.09
HINDALCO,EQ,2014-03-31,130.9,132.0,142.95,131.05,141.0,141.75,137.91,"2,78,73,616","3,84,40,44,264.95","1,98,292","1,36,82,704",49.09
HINDALCO,EQ,2014-04-01,141.75,142.0,142.5,136.1,137.9,138.2,138.2,"1,25,84,698","1,73,92,35,829.10","77,906","42,90,228",34.09
HINDALCO,EQ,2014-04-02,138.2,139.0,139.55,134.6,135.9,136.0,136.11,"1,01,11,996","1,37,63,77,769.00","1,46,971","51,03,985",50.47
HINDALCO,EQ,2014-04-03,136.0,136.0,140.9,133.3,137.2,137.15,136.79,"1,02,56,995","1,40,30,75,662.90","67,889","34,91,363",34.04
HINDALCO,EQ,2014-04-04,137.15,137.9,139.4,136.1,137.5,137.65,137.77,"54,44,146","75,00,63,110.80","35,544","22,26,631",40.9
HINDALCO,EQ,2014-04-07,137.65,137.5,138.95,134.2,137.6,137.35,136.54,"46,61,247","63,64,54,009.60","30,222","13,48,544",28.93
HINDALCO,EQ,2014-04-09,137.35,138.0,143.95,137.8,142.85,142.9,142.44,"99,43,888","1,41,63,98,508.95","93,918","37,87,133",38.09
HINDALCO,EQ,2014-04-10,142.9,143.5,145.1,140.6,141.3,142.5,142.81,"89,23,225","1,27,42,89,875.00","54,246","26,08,077",29.23
HINDALCO,EQ,2014-04-11,142.5,141.1,143.25,139.2,140.15,140.7,141.23,"54,04,598","76,32,73,511.95","32,364","14,10,144",26.09
HINDALCO,EQ,2014-04-15,140.7,140.7,142.1,133.2,133.3,134.05,136.24,"54,22,799","73,88,12,062.45","36,153","21,20,482",39.1
HINDALCO,EQ,2014-04-16,134.05,133.3,137.85,131.6,135.9,135.45,135.06,"80,06,291","1,08,13,03,164.05","48,677","29,83,974",37.27
HINDALCO,EQ,2014-04-17,135.45,135.75,142.0,135.0,141.5,141.45,138.51,"86,29,888","1,19,53,03,661.70","52,739","35,53,470",41.18
HINDALCO,EQ,2014-04-21,141.45,141.8,144.5,141.5,143.55,143.5,143.51,"44,36,455","63,66,84,920.60","23,823","14,52,497",32.74
HINDALCO,EQ,2014-04-22,143.5,142.0,147.2,140.3,144.45,144.85,143.76,"62,23,989","89,47,29,980.05","44,391","13,59,730",21.85
HINDALCO,EQ,2014-04-23,144.85,145.0,146.0,142.8,144.65,145.15,144.58,"50,31,335","72,74,51,733.30","28,883","16,20,193",32.2
HINDALCO,EQ,2014-04-25,145.15,143.3,146.9,142.2,143.5,143.75,144.37,"41,16,077","59,42,31,403.05","34,608","10,23,977",24.88
HINDALCO,EQ,2014-04-28,143.75,143.0,145.3,140.8,141.25,141.25,142.42,"41,18,525","58,65,64,965.35","28,789","14,79,677",35.93
HINDALCO,EQ,2014-04-29,141.25,141.0,143.0,136.3,137.4,137.2,138.74,"47,75,590","66,25,52,352.95","30,631","15,36,504",32.17
HINDALCO,EQ,2014-04-30,137.2,136.65,138.85,132.05,135.95,134.3,134.98,"76,09,347","1,02,71,46,035.40","37,451","35,42,007",46.55
HINDALCO,EQ,2014-05-02,134.3,135.2,136.0,130.25,131.65,131.65,131.95,"53,64,611","70,78,76,884.05","32,464","14,82,904",27.64
HINDALCO,EQ,2014-05-05,131.65,130.0,141.0,129.85,138.4,138.9,137.23,"97,15,098","1,33,31,58,454.60","49,159","17,49,081",18.0
HINDALCO,EQ,2014-05-06,138.9,139.4,140.65,135.8,138.6,138.7,137.76,"41,70,017","57,44,54,189.85","25,281","9,51,195",22.81
HINDALCO,EQ,2014-05-07,138.7,138.35,138.65,134.3,135.15,135.2,136.53,"35,92,081","49,04,20,055.40","23,816","10,23,761",28.5
HINDALCO,EQ,2014-05-08,135.2,136.25,139.1,135.0,137.1,136.75,137.09,"41,78,306","57,27,93,834.25","29,019","9,39,491",22.48
HINDALCO,EQ,2014-05-09,136.75,136.5,144.7,136.5,144.15,144.1,141.78,"73,71,362","1,04,51,29,592.90","42,945","24,39,356",33.09
HINDALCO,EQ,2014-05-12,144.1,143.5,144.8,140.55,142.65,143.4,142.96,"80,81,158","1,15,52,70,533.20","47,405","30,77,894",38.09
HINDALCO,EQ,2014-05-13,143.4,144.0,149.8,141.2,141.8,142.2,145.06,"1,66,12,600","2,40,98,76,182.50","71,978","67,74,448",40.78
HINDALCO,EQ,2014-05-14,142.2,142.2,145.8,140.4,141.35,141.2,143.01,"1,21,57,631","1,73,87,13,964.30","51,258","71,21,732",58.58
HINDALCO,EQ,2014-05-15,141.2,142.0,143.45,137.1,137.8,138.5,140.25,"61,54,288","86,31,67,824.65","37,733","25,83,071",41.97
HINDALCO,EQ,2014-05-16,138.5,141.9,145.95,139.1,140.9,141.2,142.97,"1,31,07,049","1,87,38,66,449.65","67,039","65,21,776",49.76
HINDALCO,EQ,2014-05-19,141.2,142.6,152.95,142.0,151.55,152.05,148.89,"1,37,51,989","2,04,75,67,916.40","85,258","60,39,700",43.92
HINDALCO,EQ,2014-05-20,152.05,155.15,159.0,152.35,155.8,156.2,156.48,"93,85,502","1,46,86,39,353.30","56,705","28,79,700",30.68
HINDALCO,EQ,2014-05-21,156.2,156.1,163.65,152.05,160.25,159.7,158.55,"1,35,73,762","2,15,20,82,478.55","69,569","38,04,322",28.03
HINDALCO,EQ,2014-05-22,159.7,161.85,161.85,154.0,155.6,155.1,156.92,"1,22,70,836","1,92,55,23,531.15","1,15,532","58,18,115",47.41
HINDALCO,EQ,2014-05-23,155.1,156.95,156.95,149.7,152.8,152.05,152.48,"1,95,42,712","2,97,98,28,581.40","83,308","1,03,80,210",53.12
HINDALCO,EQ,2014-05-26,152.05,155.0,155.2,143.7,147.25,147.1,150.46,"1,25,22,081","1,88,41,30,508.10","62,693","45,36,380",36.23
HINDALCO,EQ,2014-05-27,147.1,147.9,150.5,141.75,148.5,149.65,147.87,"1,38,05,470","2,04,14,18,238.30","66,165","48,57,608",35.19
HINDALCO,EQ,2014-05-28,149.65,149.7,151.55,146.1,147.0,147.2,148.96,"1,13,76,239","1,69,46,47,331.05","87,278","37,29,389",32.78
HINDALCO,EQ,2014-05-29,147.2,146.5,153.2,143.1,149.65,149.3,148.52,"1,93,21,960","2,86,97,34,434.95","1,61,446","59,73,306",30.91
HINDALCO,EQ,2014-05-30,149.3,151.5,152.5,147.0,147.3,148.0,149.46,"1,10,40,937","1,65,01,79,545.00","82,988","52,69,723",47.73
HINDALCO,EQ,2014-06-02,148.0,147.3,151.15,146.35,150.15,150.05,150.02,"1,38,44,656","2,07,69,69,301.20","49,100","61,62,287",44.51
HINDALCO,EQ,2014-06-03,150.05,150.7,155.7,149.35,154.75,155.2,153.19,"2,32,76,134","3,56,55,74,720.90","1,30,145","1,05,73,180",45.42
HINDALCO,EQ,2014-06-04,155.2,156.0,161.75,155.2,159.45,160.7,159.56,"1,59,48,295","2,54,46,77,859.45","74,997","76,01,510",47.66
HINDALCO,EQ,2014-06-05,160.7,160.6,171.0,159.95,170.5,169.85,166.52,"2,02,96,986","3,37,98,57,432.75","1,10,065","90,26,125",44.47
HINDALCO,EQ,2014-06-06,169.85,172.0,172.1,165.3,168.3,169.25,168.0,"1,37,69,155","2,31,32,31,447.40","71,060","74,37,106",54.01
HINDALCO,EQ,2014-06-09,169.25,169.8,173.65,167.6,168.9,169.6,170.49,"1,03,37,636","1,76,24,97,680.75","56,322","33,19,097",32.11
HINDALCO,EQ,2014-06-10,169.6,169.65,173.35,162.2,169.65,169.75,168.06,"1,34,57,788","2,26,17,66,602.70","65,031","59,60,198",44.29
HINDALCO,EQ,2014-06-11,169.75,170.0,171.5,161.0,162.15,162.65,165.72,"1,14,73,448","1,90,13,32,949.25","85,024","46,70,796",40.71
HINDALCO,EQ,2014-06-12,162.65,162.8,170.0,162.0,169.3,169.25,167.56,"1,33,67,632","2,23,98,99,284.65","91,068","52,75,966",39.47
HINDALCO,EQ,2014-06-13,169.25,169.45,169.45,158.5,162.4,162.35,163.15,"1,10,06,055","1,79,56,62,739.85","72,279","43,23,986",39.29
HINDALCO,EQ,2014-06-16,162.35,161.5,168.25,158.6,160.8,161.2,162.45,"1,03,65,321","1,68,38,53,620.25","62,556","32,68,215",31.53
HINDALCO,EQ,2014-06-17,161.2,161.0,163.7,157.0,162.6,162.65,160.43,"98,23,831","1,57,60,21,846.90","63,792","38,72,908",39.42
HINDALCO,EQ,2014-06-18,162.65,161.35,169.6,161.35,166.5,166.8,165.68,"1,41,86,255","2,35,03,49,517.40","84,812","51,04,361",35.98
HINDALCO,EQ,2014-06-19,166.8,167.95,170.7,164.15,167.9,167.75,167.06,"1,47,19,990","2,45,91,54,259.15","1,11,074","57,60,449",39.13
HINDALCO,EQ,2014-06-20,167.75,167.9,169.8,163.0,163.5,163.8,166.78,"88,00,606","1,46,77,48,294.80","69,590","22,44,965",25.51
HINDALCO,EQ,2014-06-23,163.8,163.5,167.4,163.15,165.4,165.3,165.25,"87,65,528","1,44,84,82,374.85","64,383","36,51,196",41.65
HINDALCO,EQ,2014-06-24,165.3,166.1,168.35,165.3,166.85,166.8,167.06,"61,66,113","1,03,00,93,922.70","55,765","25,66,112",41.62
HINDALCO,EQ,2014-06-25,166.8,167.0,168.0,165.65,166.5,166.7,166.82,"48,98,203","81,71,20,372.65","48,309","22,59,875",46.14
HINDALCO,EQ,2014-06-26,166.7,166.5,168.25,164.0,164.9,165.25,166.01,"76,55,847","1,27,09,27,758.40","61,124","38,70,297",50.55
HINDALCO,EQ,2014-06-27,165.25,165.1,165.3,160.25,160.85,160.9,161.85,"65,38,554","1,05,82,93,918.30","49,402","26,52,062",40.56
HINDALCO,EQ,2014-06-30,160.9,160.5,165.3,160.0,164.6,164.2,163.43,"52,59,988","85,96,24,215.20","32,429","16,83,134",32.0
HINDALCO,EQ,2014-07-01,164.2,167.2,177.2,167.2,175.1,175.25,174.51,"1,88,19,612","3,28,41,31,203.00","93,177","47,68,246",25.34
HINDALCO,EQ,2014-07-02,175.25,177.8,179.15,174.05,177.7,178.25,176.98,"1,16,99,288","2,07,04,94,829.25","59,995","42,29,648",36.15
HINDALCO,EQ,2014-07-03,178.25,178.25,180.75,172.85,174.0,173.75,176.2,"1,20,55,737","2,12,41,65,714.60","62,246","45,26,456",37.55
HINDALCO,EQ,2014-07-04,173.75,171.95,174.55,171.05,173.4,173.25,172.62,"67,33,395","1,16,23,45,052.30","33,679","21,95,943",32.61
HINDALCO,EQ,2014-07-07,173.25,173.45,175.85,172.1,174.35,174.5,174.25,"70,93,773","1,23,60,80,087.65","41,809","31,91,676",44.99
HINDALCO,EQ,2014-07-08,174.5,174.7,175.9,168.15,169.25,169.0,172.3,"64,79,098","1,11,63,35,059.20","67,065","25,53,964",39.42
HINDALCO,EQ,2014-07-09,169.0,168.35,177.6,167.3,170.7,170.55,172.78,"1,17,53,471","2,03,07,46,454.30","57,601","39,84,253",33.9
HINDALCO,EQ,2014-07-10,170.55,172.0,184.9,168.3,175.2,176.25,176.43,"1,38,50,220","2,44,36,05,908.60","76,148","41,86,055",30.22
HINDALCO,EQ,2014-07-11,176.25,176.5,177.65,165.35,165.8,166.75,170.1,"95,46,897","1,62,38,87,052.35","70,125","36,83,772",38.59
HINDALCO,EQ,2014-07-14,166.75,165.45,175.0,165.0,174.0,173.4,172.3,"73,38,881","1,26,44,61,288.25","55,458","20,83,014",28.38
HINDALCO,EQ,2014-07-15,173.4,175.4,176.4,167.65,174.95,174.7,172.7,"88,03,424","1,52,03,45,923.10","48,949","36,38,853",41.33
HINDALCO,EQ,2014-07-16,174.7,176.0,183.3,174.3,182.9,182.3,178.47,"1,01,09,551","1,80,42,26,206.85","63,834","37,42,418",37.02
HINDALCO,EQ,2014-07-17,182.3,183.3,189.5,180.6,187.8,188.65,185.78,"1,15,47,823","2,14,54,03,479.15","81,025","35,51,064",30.75
HINDALCO,EQ,2014-07-18,188.65,187.0,187.15,183.55,184.65,184.6,184.78,"95,55,163","1,76,55,76,461.85","61,210","31,60,054",33.07
HINDALCO,EQ,2014-07-21,184.6,185.85,186.0,179.2,183.25,183.85,182.51,"1,27,11,833","2,32,00,39,537.95","99,147","53,69,794",42.24
HINDALCO,EQ,2014-07-22,183.85,184.6,190.0,183.0,188.1,188.25,187.38,"1,28,56,830","2,40,91,62,841.05","89,702","51,59,798",40.13
HINDALCO,EQ,2014-07-23,188.25,189.0,194.5,189.0,193.25,193.75,192.34,"1,69,08,175","3,25,21,60,474.90","68,563","81,67,467",48.3
HINDALCO,EQ,2014-07-24,193.75,194.2,198.9,192.5,198.8,198.0,196.82,"1,47,84,601","2,90,98,88,801.85","94,422","66,24,581",44.81
HINDALCO,EQ,2014-07-25,198.0,198.9,198.9,190.5,191.25,191.8,192.79,"1,45,35,973","2,80,23,21,392.40","70,367","81,61,653",56.15
HINDALCO,EQ,2014-07-28,191.8,191.8,194.4,186.5,187.95,187.8,189.69,"76,59,739","1,45,29,45,143.85","57,411","29,78,132",38.88
HINDALCO,EQ,2014-07-30,187.8,188.05,193.8,186.1,192.0,192.6,189.8,"1,05,93,328","2,01,05,92,320.90","46,874","60,67,042",57.27
HINDALCO,EQ,2014-07-31,192.6,193.1,195.0,188.65,192.3,191.7,191.94,"1,33,70,034","2,56,61,84,292.15","72,693","80,49,395",60.2
HINDALCO,EQ,2014-08-01,191.7,189.7,194.7,183.15,184.4,184.3,188.57,"1,23,77,607","2,33,39,93,606.65","66,689","63,63,463",51.41
HINDALCO,EQ,2014-08-04,184.3,184.1,193.15,184.1,192.4,190.9,187.89,"94,43,678","1,77,44,07,907.35","62,291","46,03,315",48.74
HINDALCO,EQ,2014-08-05,190.9,191.4,196.6,189.1,196.4,195.65,193.17,"1,00,95,697","1,95,01,57,441.90","70,861","36,46,059",36.11
HINDALCO,EQ,2014-08-06,195.65,194.25,196.7,190.95,192.05,191.75,193.58,"60,55,467","1,17,22,01,650.95","40,019","15,52,994",25.65
HINDALCO,EQ,2014-08-07,191.75,192.0,193.35,188.1,189.25,189.1,190.32,"77,42,761","1,47,36,17,714.35","38,852","27,47,375",35.48
HINDALCO,EQ,2014-08-08,189.1,186.8,187.2,180.55,184.25,183.95,184.13,"99,19,821","1,82,65,68,505.00","71,653","37,16,846",37.47
HINDALCO,EQ,2014-08-11,183.95,185.0,187.9,184.5,185.5,185.65,186.17,"46,70,064","86,94,02,973.10","25,461","15,43,487",33.05
HINDALCO,EQ,2014-08-12,185.65,187.8,187.8,183.3,185.2,185.4,184.93,"70,32,239","1,30,04,98,086.30","49,285","37,62,440",53.5
HINDALCO,EQ,2014-08-13,185.4,184.55,185.45,177.15,179.1,180.05,181.22,"75,49,317","1,36,80,99,522.80","46,126","30,88,389",40.91
HINDALCO,EQ,2014-08-14,180.05,180.8,183.45,175.75,176.4,178.6,179.75,"1,40,30,737","2,52,20,79,158.15","79,971","43,04,042",30.68
HINDALCO,EQ,2014-08-18,178.6,176.45,185.25,176.05,182.5,182.25,181.4,"93,34,923","1,69,33,68,808.40","58,558","35,23,910",37.75
HINDALCO,EQ,2014-08-19,182.25,182.4,185.65,179.8,180.4,180.85,182.53,"1,02,88,612","1,87,79,76,166.70","55,841","54,77,044",53.23
HINDALCO,EQ,2014-08-20,180.85,180.45,183.0,179.45,180.85,180.35,180.79,"1,06,04,946","1,91,72,46,981.40","35,547","59,21,021",55.83
HINDALCO,EQ,2014-08-21,180.35,179.0,182.35,176.5,177.65,177.9,178.96,"76,38,544","1,36,70,06,637.25","50,128","33,79,826",44.25
HINDALCO,EQ,2014-08-22,177.9,178.05,184.15,178.05,181.95,182.5,182.25,"83,64,204","1,52,43,72,943.85","47,922","40,14,868",48.0
HINDALCO,EQ,2014-08-25,182.5,183.75,184.7,160.15,164.3,164.85,171.99,"1,86,98,120","3,21,59,66,693.40","1,14,180","67,62,948",36.17
HINDALCO,EQ,2014-08-26,164.85,159.0,171.6,157.7,171.15,170.5,167.45,"2,21,35,877","3,70,65,66,430.85","1,27,246","50,13,538",22.65
HINDALCO,EQ,2014-08-27,170.5,171.0,173.3,168.25,171.75,172.3,170.77,"98,76,204","1,68,65,64,436.15","62,395","32,37,049",32.78
HINDALCO,EQ,2014-08-28,172.3,171.85,173.8,169.5,169.95,170.1,171.08,"61,82,439","1,05,76,89,987.80","44,405","21,47,006",34.73
HINDALCO,EQ,2014-09-01,170.1,171.9,178.95,169.4,175.3,176.15,174.28,"1,17,52,433","2,04,82,15,603.35","77,090","35,12,927",29.89
HINDALCO,EQ,2014-09-02,176.15,176.0,177.5,173.5,174.95,174.85,175.51,"77,41,063","1,35,86,38,150.90","43,110","26,84,870",34.68
HINDALCO,EQ,2014-09-03,174.85,174.0,177.25,173.2,175.3,175.1,174.89,"85,45,333","1,49,44,89,276.85","48,665","33,64,449",39.37
HINDALCO,EQ,2014-09-04,175.1,173.3,174.95,165.85,169.35,169.5,169.38,"68,61,332","1,16,21,99,960.40","73,755","27,54,367",40.14
HINDALCO,EQ,2014-09-05,169.5,168.55,172.45,166.05,167.35,167.7,169.4,"57,87,423","98,04,07,381.20","43,413","18,29,599",31.61
HINDALCO,EQ,2014-09-08,167.7,168.1,174.0,168.1,173.8,173.45,171.58,"85,14,685","1,46,09,49,233.40","59,517","48,28,618",56.71
HINDALCO,EQ,2014-09-09,173.45,172.5,174.95,169.35,172.95,172.9,172.43,"79,51,226","1,37,10,60,593.10","53,121","30,87,228",38.83
HINDALCO,EQ,2014-09-10,172.9,170.6,174.9,170.1,172.95,172.9,173.0,"46,51,282","80,46,62,888.25","36,938","18,57,523",39.94
HINDALCO,EQ,2014-09-11,172.9,172.05,175.45,171.7,172.2,173.0,173.41,"46,90,133","81,32,96,698.05","31,035","23,36,422",49.82
HINDALCO,EQ,2014-09-12,173.0,173.0,173.45,167.1,168.8,168.6,168.7,"65,12,210","1,09,85,98,476.90","40,192","29,05,735",44.62
HINDALCO,EQ,2014-09-15,168.6,167.95,168.75,162.95,163.2,163.6,164.06,"84,21,482","1,38,16,62,105.10","57,487","49,86,442",59.21
HINDALCO,EQ,2014-09-16,163.6,162.0,165.95,160.0,160.3,160.35,162.29,"85,28,462","1,38,40,45,918.35","46,530","41,05,160",48.13
HINDALCO,EQ,2014-09-17,160.35,162.05,163.3,157.0,161.0,160.65,160.21,"77,97,094","1,24,92,10,208.20","52,963","26,07,629",33.44
HINDALCO,EQ,2014-09-18,160.65,160.5,165.25,159.45,162.55,163.0,163.17,"48,36,865","78,92,22,786.55","32,213","12,63,399",26.12
HINDALCO,EQ,2014-09-19,163.0,163.3,166.5,162.1,164.3,164.3,164.56,"86,50,571","1,42,35,03,410.25","32,085","46,56,062",53.82
HINDALCO,EQ,2014-09-22,164.3,164.1,165.35,160.25,162.0,162.2,162.5,"51,33,026","83,40,93,507.05","46,128","22,51,978",43.87
HINDALCO,EQ,2014-09-23,162.2,161.55,164.0,155.2,157.95,157.15,158.05,"74,84,298","1,18,29,21,330.35","58,592","33,78,881",45.15
HINDALCO,EQ,2014-09-24,157.15,155.6,162.5,148.7,157.25,156.1,155.61,"2,28,73,474","3,55,93,74,598.70","1,19,040","57,94,159",25.33
HINDALCO,EQ,2014-09-25,156.1,154.8,155.65,133.05,149.55,149.15,147.66,"3,10,86,655","4,59,01,01,446.55","1,52,025","1,21,24,937",39.0
HINDALCO,EQ,2014-09-26,149.15,146.7,159.1,146.1,158.5,157.25,154.64,"1,33,51,556","2,06,47,19,957.30","1,15,973","52,22,008",39.11
HINDALCO,EQ,2014-09-29,157.25,157.8,161.65,153.6,160.5,159.7,157.53,"91,98,699","1,44,90,58,864.90","60,037","37,39,916",40.66
HINDALCO,EQ,2014-09-30,159.7,158.5,163.0,155.9,156.15,156.75,158.69,"1,07,34,306","1,70,33,93,718.35","74,107","52,86,639",49.25
HINDALCO,EQ,2014-10-01,156.75,155.2,158.4,152.65,154.7,155.25,155.92,"87,03,260","1,35,69,73,313.80","98,809","35,93,243",41.29
HINDALCO,EQ,2014-10-07,155.25,153.8,154.55,147.25,147.65,148.25,149.65,"1,29,21,339","1,93,36,41,700.25","1,24,212","70,88,573",54.86
HINDALCO,EQ,2014-10-08,148.25,146.8,149.8,145.7,148.85,148.8,148.03,"94,67,940","1,40,15,41,976.40","59,129","44,58,124",47.09
HINDALCO,EQ,2014-10-09,148.8,151.1,158.5,151.1,157.0,157.85,156.48,"1,24,06,852","1,94,13,62,429.60","90,659","52,76,607",42.53
HINDALCO,EQ,2014-10-10,157.85,155.05,155.05,149.45,150.7,150.15,151.72,"1,00,95,610","1,53,16,62,694.85","59,620","51,94,351",51.45
HINDALCO,EQ,2014-10-13,150.15,149.7,152.0,147.4,151.1,151.1,150.52,"77,77,533","1,17,06,60,725.50","61,674","33,73,967",43.38
HINDALCO,EQ,2014-10-14,151.1,151.6,155.2,147.55,151.1,151.0,150.61,"1,18,78,963","1,78,91,48,777.40","77,187","54,56,232",45.93
HINDALCO,EQ,2014-10-16,151.0,151.0,151.0,141.3,142.0,142.4,145.87,"1,17,34,190","1,71,16,75,400.00","97,258","59,00,034",50.28
HINDALCO,EQ,2014-10-17,142.4,143.0,144.0,138.15,138.85,139.45,140.13,"1,33,05,567","1,86,44,72,926.60","97,196","69,28,853",52.07
HINDALCO,EQ,2014-10-20,139.45,143.0,147.55,141.95,146.0,146.5,145.08,"1,04,51,491","1,51,62,70,884.10","71,084","48,89,663",46.78
HINDALCO,EQ,2014-10-21,146.5,147.55,150.9,147.05,148.05,147.9,148.89,"84,49,946","1,25,81,54,678.60","51,353","31,10,626",36.81
HINDALCO,EQ,2014-10-22,147.9,150.0,151.0,145.5,148.45,148.45,148.16,"78,69,325","1,16,59,46,133.00","53,659","31,39,500",39.9
HINDALCO,EQ,2014-10-23,148.45,149.9,149.95,149.0,149.25,149.25,149.39,"6,57,080","9,81,61,242.40","4,715","2,46,226",37.47
HINDALCO,EQ,2014-10-27,149.25,150.0,151.5,146.55,147.25,147.35,148.74,"66,82,773","99,39,99,789.60","35,854","33,98,506",50.85
HINDALCO,EQ,2014-10-28,147.35,146.6,148.9,144.65,147.7,147.7,147.33,"68,66,486","1,01,16,56,680.25","47,195","35,54,449",51.77
HINDALCO,EQ,2014-10-29,147.7,148.2,158.3,148.2,157.0,156.9,153.75,"1,28,09,507","1,96,95,20,574.05","67,477","49,46,150",38.61
HINDALCO,EQ,2014-10-30,156.9,156.75,162.0,154.6,159.3,160.35,158.87,"1,10,33,080","1,75,27,86,382.50","66,556","52,79,863",47.85
HINDALCO,EQ,2014-10-31,160.35,160.2,164.45,158.8,163.6,163.7,162.59,"77,40,469","1,25,85,02,713.45","59,228","26,89,750",34.75
HINDALCO,EQ,2014-11-03,163.7,163.1,166.0,160.5,163.2,163.55,163.94,"70,51,365","1,15,60,01,590.40","69,795","30,36,366",43.06
HINDALCO,EQ,2014-11-05,163.55,163.45,164.05,155.3,156.2,156.5,159.35,"83,90,745","1,33,70,36,981.00","47,023","43,27,076",51.57
HINDALCO,EQ,2014-11-07,156.5,157.05,160.45,154.6,156.2,156.1,157.81,"93,83,309","1,48,07,62,458.30","55,754","47,61,586",50.75
HINDALCO,EQ,2014-11-10,156.1,156.55,157.0,151.5,152.25,152.0,152.92,"90,11,011","1,37,79,60,985.10","59,435","51,61,651",57.28
HINDALCO,EQ,2014-11-11,152.0,153.0,154.8,149.65,151.3,151.25,151.92,"1,14,36,433","1,73,74,41,297.70","55,332","47,52,939",41.56
HINDALCO,EQ,2014-11-12,151.25,151.5,153.65,150.65,150.8,151.3,152.42,"1,01,27,123","1,54,35,72,017.50","53,485","47,74,049",47.14
HINDALCO,EQ,2014-11-13,151.3,152.3,154.5,149.6,151.75,151.9,152.56,"1,35,97,431","2,07,44,07,255.85","72,395","30,44,847",22.39
HINDALCO,EQ,2014-11-14,151.9,152.0,158.65,150.95,157.45,157.3,155.81,"1,04,34,031","1,62,57,48,552.55","69,472","41,71,381",39.98
HINDALCO,EQ,2014-11-17,157.3,156.15,159.05,155.5,158.1,158.05,157.31,"59,14,642","93,04,58,893.10","39,554","14,75,462",24.95
HINDALCO,EQ,2014-11-18,158.05,157.0,160.75,154.55,154.85,155.3,157.05,"94,71,205","1,48,74,59,159.70","64,831","42,25,686",44.62
HINDALCO,EQ,2014-11-19,155.3,157.5,160.2,154.05,154.85,154.75,157.73,"91,77,295","1,44,75,67,672.50","77,052","31,67,878",34.52
HINDALCO,EQ,2014-11-20,154.75,156.5,157.6,154.1,155.8,156.0,155.82,"64,53,261","1,00,55,44,083.15","44,575","26,69,078",41.36
HINDALCO,EQ,2014-11-21,156.0,156.5,161.0,155.9,160.2,160.3,159.17,"87,04,409","1,38,55,21,732.25","74,899","40,02,111",45.98
HINDALCO,EQ,2014-11-24,160.3,162.65,168.0,161.95,165.0,165.65,166.19,"1,05,40,335","1,75,17,21,113.45","81,322","41,39,476",39.27
HINDALCO,EQ,2014-11-25,165.65,165.6,166.5,158.8,165.25,165.55,163.07,"98,65,469","1,60,88,09,088.45","65,044","40,92,593",41.48
HINDALCO,EQ,2014-11-26,165.55,164.6,169.8,162.15,168.95,169.15,166.01,"75,94,843","1,26,08,18,063.55","57,348","27,24,284",35.87
HINDALCO,EQ,2014-11-27,169.15,170.0,176.6,168.8,171.8,172.6,173.46,"1,61,67,478","2,80,44,16,647.35","91,438","88,55,441",54.77
HINDALCO,EQ,2014-11-28,172.6,173.4,175.2,172.1,174.2,174.05,173.83,"87,05,076","1,51,32,29,054.95","47,258","49,92,269",57.35
HINDALCO,EQ,2014-12-01,174.05,173.0,175.05,165.65,168.05,167.4,170.84,"96,73,977","1,65,26,62,596.75","90,570","55,70,021",57.58
HINDALCO,EQ,2014-12-02,167.4,167.0,172.25,166.0,171.8,171.05,168.98,"93,60,449","1,58,17,67,301.30","68,490","42,28,884",45.18
HINDALCO,EQ,2014-12-03,171.05,171.8,173.0,168.0,168.6,169.05,170.45,"63,42,942","1,08,11,58,995.60","50,205","25,39,858",40.04
HINDALCO,EQ,2014-12-04,169.05,170.05,171.3,165.3,165.7,165.9,167.24,"76,35,372","1,27,69,10,229.00","40,458","33,29,526",43.61
HINDALCO,EQ,2014-12-05,165.9,167.45,167.8,162.9,163.3,163.2,164.9,"68,02,949","1,12,18,17,379.05","39,320","39,99,378",58.79
HINDALCO,EQ,2014-12-08,163.2,162.75,164.85,157.8,158.0,159.15,160.13,"90,25,091","1,44,51,65,496.90","71,746","56,18,517",62.25
HINDALCO,EQ,2014-12-09,159.15,157.7,158.75,152.5,154.8,154.45,155.34,"76,78,563","1,19,27,56,564.75","65,790","44,45,384",57.89
HINDALCO,EQ,2014-12-10,154.45,154.8,157.2,153.2,153.45,154.0,155.12,"48,08,967","74,59,85,699.00","51,072","19,52,171",40.59
HINDALCO,EQ,2014-12-11,154.0,153.3,157.05,151.5,155.95,155.55,154.56,"50,43,248","77,94,85,807.15","37,301","17,49,289",34.69
HINDALCO,EQ,2014-12-12,155.55,158.0,158.0,152.1,154.0,153.55,154.24,"63,82,001","98,43,29,181.30","50,590","26,37,821",41.33
HINDALCO,EQ,2014-12-15,153.55,152.0,155.2,151.5,152.7,153.2,153.52,"52,68,900","80,89,00,716.75","35,113","28,42,673",53.95
HINDALCO,EQ,2014-12-16,153.2,151.0,151.85,141.85,145.25,144.75,144.79,"1,66,84,445","2,41,56,83,851.85","1,16,115","78,13,758",46.83
HINDALCO,EQ,2014-12-17,144.75,143.0,148.2,139.0,147.4,147.1,144.66,"1,19,16,627","1,72,39,10,205.65","84,821","51,31,140",43.06
HINDALCO,EQ,2014-12-18,147.1,149.0,154.95,149.0,153.0,152.95,152.98,"81,13,040","1,24,11,31,772.95","46,281","37,79,990",46.59
HINDALCO,EQ,2014-12-19,152.95,152.0,158.5,152.0,158.0,157.8,156.52,"1,15,32,006","1,80,50,30,038.80","50,228","75,83,877",65.76
HINDALCO,EQ,2014-12-22,157.8,156.5,158.85,154.95,155.95,155.8,155.99,"47,14,890","73,54,82,515.30","54,857","21,32,668",45.23
HINDALCO,EQ,2014-12-23,155.8,155.1,155.7,152.2,154.0,153.1,153.34,"68,21,884","1,04,60,46,041.20","51,545","42,07,257",61.67
HINDALCO,EQ,2014-12-24,153.1,153.1,153.5,149.6,151.0,150.6,150.85,"85,68,559","1,29,25,75,485.35","44,614","45,64,480",53.27
HINDALCO,EQ,2014-12-26,150.6,150.75,153.6,149.75,152.05,152.0,151.47,"48,21,806","73,03,61,884.10","40,005","19,03,964",39.49
HINDALCO,EQ,2014-12-29,152.0,153.0,157.9,152.2,156.9,157.05,156.49,"48,04,910","75,19,43,529.80","34,143","14,63,167",30.45
HINDALCO,EQ,2014-12-30,157.05,157.1,157.6,154.75,156.45,156.35,156.12,"30,56,250","47,71,45,905.10","31,301","9,66,966",31.64
HINDALCO,EQ,2014-12-31,156.35,156.45,159.7,156.4,157.4,157.55,158.07,"43,27,309","68,40,29,564.40","40,052","19,44,841",44.94
HINDALCO,EQ,2015-01-01,157.55,157.4,159.0,155.4,158.95,158.45,157.8,"23,50,082","37,08,32,697.60","11,263","7,70,286",32.78
HINDALCO,EQ,2015-01-02,158.45,158.9,161.2,158.35,160.0,160.1,160.21,"29,23,839","46,84,24,983.20","20,212","8,54,333",29.22
HINDALCO,EQ,2015-01-05,160.1,161.0,161.95,155.5,157.0,156.85,158.67,"48,30,121","76,63,93,568.60","24,379","22,16,664",45.89
HINDALCO,EQ,2015-01-06,156.85,156.3,156.3,151.15,153.5,153.4,153.79,"70,54,029","1,08,48,65,313.10","32,123","40,32,714",57.17
HINDALCO,EQ,2015-01-07,153.4,153.8,154.5,146.7,148.85,148.9,150.6,"66,38,158","99,96,73,741.20","34,288","33,27,961",50.13
HINDALCO,EQ,2015-01-08,148.9,150.7,153.2,148.55,153.0,152.55,151.1,"35,40,099","53,49,06,231.65","30,313","13,82,523",39.05
HINDALCO,EQ,2015-01-09,152.55,153.1,155.25,152.1,155.0,155.0,153.67,"37,43,205","57,52,17,131.55","28,430","17,59,644",47.01
HINDALCO,EQ,2015-01-12,155.0,155.2,155.2,150.5,151.0,151.1,151.94,"46,59,450","70,79,65,870.75","21,673","24,21,179",51.96
HINDALCO,EQ,2015-01-13,151.1,152.1,154.4,150.75,151.65,151.7,152.66,"43,24,660","66,02,02,785.85","53,336","18,52,480",42.84
HINDALCO,EQ,2015-01-14,151.7,150.95,151.35,140.8,142.05,142.15,143.86,"1,35,80,758","1,95,37,51,829.35","90,979","67,08,222",49.4
HINDALCO,EQ,2015-01-15,142.15,143.55,145.75,138.35,141.5,141.9,142.36,"1,08,60,317","1,54,60,76,587.50","54,171","46,17,044",42.51
HINDALCO,EQ,2015-01-16,141.9,141.5,143.4,137.75,138.9,138.55,140.55,"90,96,928","1,27,85,41,089.70","59,296","38,03,834",41.81
HINDALCO,EQ,2015-01-19,138.55,140.95,141.7,139.5,140.35,140.25,140.22,"85,41,810","1,19,77,65,163.45","63,671","51,44,267",60.22
HINDALCO,EQ,2015-01-20,140.25,141.0,145.2,141.0,144.75,144.7,143.81,"88,56,169","1,27,36,30,254.50","47,586","39,04,188",44.08
HINDALCO,EQ,2015-01-21,144.7,145.65,146.35,140.5,143.0,143.2,142.95,"88,71,757","1,26,81,98,496.00","62,428","40,42,830",45.57
HINDALCO,EQ,2015-01-22,143.2,143.05,144.9,141.1,143.05,143.45,142.77,"69,18,171","98,76,77,974.75","48,566","40,30,505",58.26
HINDALCO,EQ,2015-01-23,143.45,145.6,146.25,142.1,144.6,144.8,144.45,"69,43,971","1,00,30,75,109.10","47,024","32,06,493",46.18
HINDALCO,EQ,2015-01-27,144.8,139.9,144.5,139.0,142.15,142.5,141.44,"78,86,739","1,11,54,76,472.70","55,031","36,97,169",46.88
HINDALCO,EQ,2015-01-28,142.5,141.75,143.1,139.65,140.35,140.15,141.03,"74,96,686","1,05,72,53,155.75","35,651","35,60,859",47.5
HINDALCO,EQ,2015-01-29,140.15,139.9,142.9,138.25,142.2,142.4,141.12,"1,06,36,771","1,50,11,02,245.40","56,915","58,65,224",55.14
HINDALCO,EQ,2015-01-30,142.4,143.0,143.1,138.6,140.25,139.7,140.42,"75,70,814","1,06,31,13,663.55","41,670","40,59,146",53.62
HINDALCO,EQ,2015-02-02,139.7,140.0,145.7,139.5,145.2,145.25,143.51,"72,96,741","1,04,71,34,495.85","39,242","29,09,830",39.88
HINDALCO,EQ,2015-02-03,145.25,145.85,148.5,142.9,145.15,146.45,145.16,"62,62,548","90,90,42,747.60","50,587","21,88,835",34.95
HINDALCO,EQ,2015-02-04,146.45,147.0,153.8,146.0,151.75,152.4,149.94,"83,49,284","1,25,19,13,876.35","79,145","28,67,755",34.35
HINDALCO,EQ,2015-02-05,152.4,152.3,153.9,146.75,148.05,148.05,150.07,"66,72,029","1,00,13,01,289.20","39,995","30,29,683",45.41
HINDALCO,EQ,2015-02-06,148.05,148.0,150.0,145.65,147.3,147.3,147.52,"56,23,571","82,95,93,822.75","28,733","25,02,898",44.51
HINDALCO,EQ,2015-02-09,147.3,146.3,149.0,145.5,146.9,146.55,147.19,"97,37,189","1,43,32,52,004.60","46,043","67,36,220",69.18
HINDALCO,EQ,2015-02-10,146.55,148.5,153.7,146.55,149.4,149.2,150.63,"87,06,407","1,31,14,51,826.35","1,05,728","37,57,715",43.16
HINDALCO,EQ,2015-02-11,149.2,149.55,151.5,147.05,149.65,149.85,149.71,"61,54,345","92,13,89,717.30","47,777","32,03,097",52.05
HINDALCO,EQ,2015-02-12,149.85,151.8,153.4,149.05,153.0,152.8,152.03,"1,07,13,094","1,62,86,64,421.75","71,007","38,46,380",35.9
HINDALCO,EQ,2015-02-13,152.8,153.0,156.1,152.0,153.15,153.55,153.59,"56,66,609","87,03,08,904.30","34,904","23,14,541",40.85
HINDALCO,EQ,2015-02-16,153.55,157.0,158.0,150.25,151.0,150.95,153.79,"49,49,268","76,11,46,831.05","36,552","13,54,505",27.37
HINDALCO,EQ,2015-02-18,150.95,151.0,152.45,149.6,151.05,151.65,151.19,"37,17,870","56,21,19,493.95","21,421","13,40,393",36.05
HINDALCO,EQ,2015-02-19,151.65,151.0,157.8,150.1,155.7,156.25,154.43,"81,85,032","1,26,40,10,438.70","44,719","23,27,123",28.43
HINDALCO,EQ,2015-02-20,156.25,158.0,160.7,155.2,158.0,156.55,158.31,"66,30,757","1,04,96,87,254.00","42,028","13,29,008",20.04
HINDALCO,EQ,2015-02-23,156.55,161.6,161.8,154.2,154.6,154.85,157.48,"67,43,403","1,06,19,24,777.40","42,806","24,67,694",36.59
HINDALCO,EQ,2015-02-24,154.85,155.0,156.9,151.4,154.05,153.65,153.85,"64,55,384","99,31,83,241.80","35,281","22,59,745",35.01
HINDALCO,EQ,2015-02-25,153.65,154.6,155.45,152.25,153.65,153.65,153.69,"34,79,311","53,47,39,185.90","19,882","13,53,054",38.89
HINDALCO,EQ,2015-02-26,153.65,153.1,154.0,148.0,150.5,149.75,150.52,"90,10,829","1,35,62,87,813.15","35,655","54,66,573",60.67
HINDALCO,EQ,2015-02-27,149.75,150.55,155.8,149.8,155.4,155.15,154.01,"65,34,491","1,00,63,85,596.45","47,079","32,92,409",50.39
HINDALCO,EQ,2015-02-28,155.15,156.3,156.7,151.0,153.3,152.85,153.55,"39,99,382","61,41,05,525.90","22,906","12,46,085",31.16
HINDALCO,EQ,2015-03-02,152.85,154.2,157.4,153.5,156.45,156.55,155.52,"44,52,819","69,25,23,044.75","27,253","16,96,867",38.11
HINDALCO,EQ,2015-03-03,156.55,157.5,159.3,156.15,158.1,158.7,158.04,"37,18,817","58,77,20,462.35","34,083","17,99,315",48.38
HINDALCO,EQ,2015-03-04,158.7,160.0,160.0,152.3,153.0,153.1,154.47,"55,59,004","85,87,02,943.40","51,201","26,75,019",48.12
HINDALCO,EQ,2015-03-05,153.1,153.05,154.0,146.9,147.5,148.1,149.57,"84,04,364","1,25,70,56,300.75","90,049","51,59,434",61.39
HINDALCO,EQ,2015-03-09,148.1,149.4,149.85,140.0,140.6,140.8,143.15,"80,31,261","1,14,96,55,243.25","67,166","42,67,551",53.14
HINDALCO,EQ,2015-03-10,140.8,142.6,142.6,136.65,137.9,138.05,139.13,"65,88,296","91,66,19,148.15","55,552","28,12,047",42.68
HINDALCO,EQ,2015-03-11,138.05,138.85,138.85,127.2,131.0,130.35,131.76,"2,15,61,044","2,84,09,73,631.10","1,46,556","97,85,449",45.38
HINDALCO,EQ,2015-03-12,130.35,131.75,135.7,129.1,134.5,134.9,133.45,"1,42,42,872","1,90,07,17,845.70","87,520","66,06,257",46.38
HINDALCO,EQ,2015-03-13,134.9,136.7,136.75,131.05,131.95,131.7,133.58,"66,90,050","89,36,66,774.75","59,746","26,25,153",39.24
HINDALCO,EQ,2015-03-16,131.7,131.0,131.4,123.1,127.4,126.8,127.44,"1,07,85,285","1,37,45,05,735.85","73,224","47,75,399",44.28
HINDALCO,EQ,2015-03-17,126.8,128.0,134.75,126.8,133.75,134.25,132.15,"96,99,896","1,28,18,62,884.85","55,931","13,27,431",13.69
HINDALCO,EQ,2015-03-18,134.25,134.0,134.8,131.8,132.95,133.15,133.36,"41,54,051","55,39,78,317.65","33,544","11,21,686",27.0
HINDALCO,EQ,2015-03-19,133.15,134.0,136.2,131.3,132.0,132.3,134.21,"46,26,972","62,10,04,326.55","30,404","16,22,915",35.08
HINDALCO,EQ,2015-03-20,132.3,132.15,135.0,130.55,132.2,132.05,132.75,"48,36,454","64,20,61,738.85","30,895","15,89,075",32.86
HINDALCO,EQ,2015-03-23,132.05,131.95,136.8,131.95,136.3,135.9,135.1,"63,06,085","85,19,51,740.85","42,691","23,97,743",38.02
HINDALCO,EQ,2015-03-24,135.9,135.8,135.9,132.0,133.2,132.85,133.68,"43,86,125","58,63,27,465.50","29,534","11,07,625",25.25
HINDALCO,EQ,2015-03-25,132.85,133.0,134.45,132.35,132.9,132.9,133.1,"28,95,061","38,53,45,775.70","16,090","7,85,567",27.13
HINDALCO,EQ,2015-03-26,132.9,132.4,133.4,128.55,130.1,129.55,130.34,"79,55,596","1,03,69,31,555.00","35,576","42,52,935",53.46
HINDALCO,EQ,2015-03-27,129.55,131.0,134.45,130.05,133.95,133.95,132.47,"52,41,353","69,43,34,035.00","26,554","24,04,333",45.87
HINDALCO,EQ,2015-03-30,133.95,134.25,134.7,130.3,131.4,131.15,131.36,"36,51,285","47,96,25,234.05","31,980","13,37,034",36.62
HINDALCO,EQ,2015-03-31,131.15,133.0,133.45,128.4,128.65,129.0,131.31,"85,16,432","1,11,82,72,831.80","57,961","50,86,875",59.73
HINDALCO,EQ,2015-04-01,129.0,129.0,132.9,127.5,132.2,132.2,131.08,"71,80,617","94,12,18,391.20","54,389","15,93,495",22.19
HINDALCO,EQ,2015-04-06,132.2,133.4,135.1,132.0,134.75,134.7,133.77,"55,42,921","74,15,02,651.20","40,267","28,19,820",50.87
HINDALCO,EQ,2015-04-07,134.7,135.0,137.55,134.2,137.15,136.95,135.92,"65,14,199","88,54,40,640.30","38,210","29,58,776",45.42
HINDALCO,EQ,2015-04-08,136.95,137.25,138.9,136.15,137.3,137.95,137.81,"61,76,434","85,11,99,989.75","44,757","30,16,140",48.83
HINDALCO,EQ,2015-04-09,137.95,138.6,140.85,136.6,139.55,139.9,138.21,"61,42,066","84,88,87,444.60","40,127","29,35,276",47.79
HINDALCO,EQ,2015-04-10,139.9,139.0,139.2,137.05,137.7,137.9,137.93,"48,60,480","67,04,04,558.55","28,452","24,13,877",49.66
HINDALCO,EQ,2015-04-13,137.9,138.0,138.95,135.1,137.0,136.1,136.28,"50,17,864","68,38,40,876.60","34,936","26,30,356",52.42
HINDALCO,EQ,2015-04-15,136.1,136.0,137.4,134.6,135.3,135.15,135.35,"87,14,291","1,17,95,15,532.80","35,739","57,24,241",65.69
HINDALCO,EQ,2015-04-16,135.15,135.85,137.9,135.4,136.8,137.15,136.76,"54,57,847","74,64,34,507.70","20,259","24,91,624",45.65
HINDALCO,EQ,2015-04-17,137.15,138.0,141.7,137.6,140.0,139.75,140.11,"86,74,061","1,21,53,21,663.45","39,219","41,38,378",47.71
HINDALCO,EQ,2015-04-20,139.75,140.9,141.7,137.2,137.5,138.25,138.87,"56,69,966","78,74,10,843.60","30,721","28,32,849",49.96
HINDALCO,EQ,2015-04-21,138.25,138.4,139.35,133.7,134.3,134.3,135.68,"62,36,971","84,62,30,817.35","43,095","31,55,670",50.6
HINDALCO,EQ,2015-04-22,134.3,133.5,135.5,132.6,134.4,134.65,134.13,"62,63,990","84,02,01,366.95","29,760","33,46,669",53.43
HINDALCO,EQ,2015-04-23,134.65,135.5,137.0,133.8,135.1,135.05,135.29,"67,82,890","91,76,68,859.00","35,767","35,67,774",52.6
HINDALCO,EQ,2015-04-24,135.05,134.85,135.8,130.1,131.7,131.15,131.96,"74,87,405","98,80,08,178.20","44,298","39,42,223",52.65
HINDALCO,EQ,2015-04-27,131.15,132.0,132.95,128.25,129.6,130.05,130.59,"48,05,160","62,74,88,570.75","36,142","23,31,491",48.52
HINDALCO,EQ,2015-04-28,130.05,130.9,132.45,129.6,131.3,131.35,131.22,"61,54,792","80,76,38,696.45","32,343","32,07,323",52.11
HINDALCO,EQ,2015-04-29,131.35,131.4,131.4,128.7,131.2,130.6,130.19,"72,23,085","94,03,74,343.40","34,855","38,18,289",52.86
HINDALCO,EQ,2015-04-30,130.6,130.0,130.9,127.05,128.6,128.6,128.9,"1,16,18,447","1,49,75,61,113.15","48,355","73,68,503",63.42
HINDALCO,EQ,2015-05-04,128.6,130.4,133.6,129.5,133.45,133.15,132.57,"40,03,261","53,07,24,213.15","22,389","14,97,861",37.42
HINDALCO,EQ,2015-05-05,133.15,133.45,140.2,132.35,139.15,139.35,137.33,"89,46,517","1,22,86,04,166.35","43,094","36,37,242",40.66
HINDALCO,EQ,2015-05-06,139.35,138.9,142.0,135.05,137.45,137.75,137.61,"95,03,948","1,30,78,02,516.75","49,770","42,37,166",44.58
HINDALCO,EQ,2015-05-07,137.75,136.9,136.9,132.25,134.5,134.3,134.09,"57,64,064","77,28,91,861.80","33,228","25,54,080",44.31
HINDALCO,EQ,2015-05-08,134.3,135.2,139.5,134.85,139.1,138.95,137.57,"41,44,037","57,00,99,949.40","25,271","16,96,789",40.95
HINDALCO,EQ,2015-05-11,138.95,140.8,145.1,140.2,142.25,142.5,143.34,"61,90,079","88,72,77,916.60","42,262","19,37,030",31.29
HINDALCO,EQ,2015-05-12,142.5,142.4,142.5,136.2,138.15,137.6,138.1,"58,22,453","80,40,51,647.90","34,140","29,91,906",51.39
HINDALCO,EQ,2015-05-13,137.6,134.9,136.4,131.75,133.4,133.5,133.5,"92,00,683","1,22,83,05,591.20","46,903","40,85,724",44.41
HINDALCO,EQ,2015-05-14,133.5,134.1,138.0,132.5,137.6,137.45,135.99,"36,97,331","50,27,93,242.55","20,758","9,86,095",26.67
HINDALCO,EQ,2015-05-15,137.45,137.7,138.75,134.55,137.0,137.0,136.3,"35,19,076","47,96,36,439.00","21,627","14,28,861",40.6
HINDALCO,EQ,2015-05-18,137.0,138.0,141.85,137.9,138.5,139.1,140.17,"50,44,666","70,71,14,678.65","38,310","23,26,544",46.12
HINDALCO,EQ,2015-05-19,139.1,138.85,140.55,136.6,140.0,139.95,139.24,"43,64,176","60,76,84,387.65","26,356","17,51,531",40.13
HINDALCO,EQ,2015-05-20,139.95,140.65,140.65,138.15,138.6,138.95,139.02,"30,50,410","42,40,56,173.90","13,273","15,34,533",50.31
HINDALCO,EQ,2015-05-21,138.95,137.7,139.9,136.25,138.9,139.1,138.69,"39,42,179","54,67,30,806.35","21,262","22,21,163",56.34
HINDALCO,EQ,2015-05-22,139.1,139.0,139.0,136.5,136.7,136.9,137.49,"25,77,977","35,44,55,295.50","15,213","10,76,334",41.75
HINDALCO,EQ,2015-05-25,136.9,136.75,138.4,133.9,134.85,134.5,135.72,"28,79,752","39,08,31,917.40","15,159","10,73,452",37.28
HINDALCO,EQ,2015-05-26,134.5,135.15,135.65,133.2,134.9,134.3,133.97,"26,93,352","36,08,31,841.05","13,948","11,97,801",44.47
HINDALCO,EQ,2015-05-27,134.3,133.0,134.6,132.2,134.0,133.55,133.15,"31,68,751","42,19,15,578.25","18,986","17,59,672",55.53
HINDALCO,EQ,2015-05-28,133.55,132.6,134.0,129.8,131.2,131.6,131.79,"1,01,74,628","1,34,08,78,556.60","51,968","44,67,315",43.91
HINDALCO,EQ,2015-05-29,131.6,130.95,133.2,128.55,129.0,129.25,130.54,"1,14,77,479","1,49,82,35,985.35","49,135","81,79,570",71.27
HINDALCO,EQ,2015-06-01,129.25,128.75,129.8,127.75,128.45,128.35,128.6,"32,72,418","42,08,19,781.75","19,962","14,93,258",45.63
HINDALCO,EQ,2015-06-02,128.35,128.95,129.2,122.9,123.5,123.25,125.47,"49,80,345","62,48,59,986.85","31,754","22,63,798",45.45
HINDALCO,EQ,2015-06-03,123.25,124.05,124.9,120.0,122.2,121.95,122.27,"35,08,099","42,89,31,542.40","23,652","12,12,615",34.57
HINDALCO,EQ,2015-06-04,121.95,122.3,123.55,119.0,121.15,121.3,121.21,"31,92,106","38,69,11,537.85","21,386","7,67,296",24.04
HINDALCO,EQ,2015-06-05,121.3,120.95,122.3,119.15,120.05,120.15,120.74,"41,63,808","50,27,56,884.00","33,425","17,00,167",40.83
HINDALCO,EQ,2015-06-08,120.15,120.25,121.15,117.7,118.0,118.2,119.39,"46,63,365","55,67,76,207.80","37,449","21,07,766",45.2
HINDALCO,EQ,2015-06-09,118.2,118.0,121.3,117.55,119.85,120.1,120.3,"46,63,442","56,10,06,938.65","28,831","19,09,487",40.95
HINDALCO,EQ,2015-06-10,120.1,120.5,121.8,119.65,119.9,120.3,120.63,"32,97,811","39,78,02,014.35","22,574","13,58,255",41.19
HINDALCO,EQ,2015-06-11,120.3,120.7,121.5,118.6,119.7,119.2,119.74,"47,49,485","56,86,90,411.90","46,945","28,57,255",60.16
HINDALCO,EQ,2015-06-12,119.2,118.75,119.25,116.1,116.5,116.75,117.09,"54,22,403","63,49,24,962.90","45,375","27,96,602",51.57
HINDALCO,EQ,2015-06-15,116.75,116.2,117.15,113.8,113.9,114.3,115.36,"42,87,348","49,45,92,893.50","23,969","18,86,483",44.0
HINDALCO,EQ,2015-06-16,114.3,114.65,115.5,113.6,115.5,115.0,114.5,"52,66,441","60,30,24,208.45","26,945","24,27,482",46.09
HINDALCO,EQ,2015-06-17,115.0,115.0,119.15,114.8,118.6,118.55,117.48,"51,12,962","60,06,58,750.10","32,397","24,41,061",47.74
HINDALCO,EQ,2015-06-18,118.55,118.5,120.6,117.65,120.2,120.0,119.46,"47,13,738","56,30,87,056.75","21,193","24,19,532",51.33
HINDALCO,EQ,2015-06-19,120.0,122.85,123.4,120.0,120.4,120.8,121.91,"78,92,805","96,22,32,463.20","50,248","36,49,181",46.23
HINDALCO,EQ,2015-06-22,120.8,121.0,122.0,119.9,121.1,121.2,121.03,"25,33,356","30,66,05,912.05","19,647","11,33,339",44.74
HINDALCO,EQ,2015-06-23,121.2,122.6,124.45,121.25,121.85,121.6,122.56,"40,76,380","49,96,14,156.70","25,396","14,33,181",35.16
HINDALCO,EQ,2015-06-24,121.6,121.95,122.75,116.6,116.95,117.25,119.12,"36,04,713","42,93,99,117.10","26,653","12,53,742",34.78
HINDALCO,EQ,2015-06-25,117.25,117.0,118.5,115.65,118.4,118.0,117.63,"55,09,978","64,81,47,615.45","26,129","24,40,003",44.28
HINDALCO,EQ,2015-06-26,118.0,117.9,118.35,115.95,117.15,117.0,116.88,"42,53,624","49,71,53,934.20","28,992","23,19,983",54.54
HINDALCO,EQ,2015-06-29,117.0,115.0,115.2,111.0,112.9,112.85,112.63,"64,41,434","72,54,72,238.45","42,290","31,71,065",49.23
HINDALCO,EQ,2015-06-30,112.85,112.9,113.5,111.25,111.85,111.9,111.98,"75,16,460","84,16,78,995.00","29,152","42,12,333",56.04
HINDALCO,EQ,2015-07-01,111.9,112.3,113.9,112.15,113.3,113.05,113.11,"38,67,419","43,74,55,228.00","22,197","16,12,287",41.69
HINDALCO,EQ,2015-07-02,113.05,113.55,114.6,110.7,111.05,111.05,112.15,"47,64,056","53,43,11,683.35","37,081","20,66,581",43.38
HINDALCO,EQ,2015-07-03,111.05,111.0,111.45,109.65,110.65,110.6,110.56,"46,06,491","50,92,92,714.65","28,970","20,38,067",44.24
HINDALCO,EQ,2015-07-06,110.6,108.2,109.5,107.25,109.0,109.05,108.49,"45,09,017","48,91,68,405.25","29,106","14,42,313",31.99
HINDALCO,EQ,2015-07-07,109.05,108.9,109.0,106.7,106.9,107.15,107.68,"54,12,336","58,27,76,612.00","37,405","27,65,376",51.09
HINDALCO,EQ,2015-07-08,107.15,105.5,105.5,99.05,101.6,101.85,101.76,"1,26,11,248","1,28,33,44,135.85","63,100","46,47,949",36.86
HINDALCO,EQ,2015-07-09,101.85,102.2,104.9,100.7,104.2,104.0,103.37,"66,50,883","68,74,79,277.05","31,852","22,13,606",33.28
HINDALCO,EQ,2015-07-10,104.0,105.0,105.35,102.35,104.6,104.6,103.95,"33,99,973","35,34,27,957.30","26,013","10,67,091",31.39
HINDALCO,EQ,2015-07-13,104.6,104.2,106.95,102.15,106.6,106.65,104.85,"41,40,433","43,41,17,919.80","25,865","7,52,904",18.18
HINDALCO,EQ,2015-07-14,106.65,106.6,106.75,104.3,104.5,104.6,105.16,"36,00,749","37,86,66,209.25","24,453","10,21,369",28.37
HINDALCO,EQ,2015-07-15,104.6,104.7,106.4,104.7,105.8,105.55,105.54,"22,90,566","24,17,49,222.90","14,302","6,47,261",28.26
HINDALCO,EQ,2015-07-16,105.55,105.75,107.05,104.6,106.8,106.7,105.93,"27,05,253","28,65,74,853.90","24,196","6,97,332",25.78
HINDALCO,EQ,2015-07-17,106.7,107.1,108.25,106.15,107.0,107.2,107.38,"33,25,040","35,70,31,281.35","21,883","10,15,025",30.53
HINDALCO,EQ,2015-07-20,107.2,107.5,110.3,107.1,108.95,109.4,108.91,"43,52,389","47,40,03,607.60","20,719","18,91,614",43.46
HINDALCO,EQ,2015-07-21,109.4,109.1,111.75,106.05,108.0,108.1,108.86,"65,84,314","71,67,63,816.45","32,247","31,93,055",48.49
HINDALCO,EQ,2015-07-22,108.1,107.9,108.9,105.55,107.5,107.7,107.51,"33,85,362","36,39,46,426.00","23,212","10,72,447",31.68
HINDALCO,EQ,2015-07-23,107.7,107.95,109.3,106.45,108.5,108.7,108.08,"23,82,191","25,74,60,853.20","15,287","5,64,495",23.7
HINDALCO,EQ,2015-07-24,108.7,108.0,110.25,107.75,109.1,109.35,109.59,"30,81,533","33,77,10,151.25","20,269","10,93,945",35.5
HINDALCO,EQ,2015-07-27,109.35,108.5,108.5,103.95,104.05,104.4,105.69,"60,11,766","63,53,60,403.15","49,025","34,63,557",57.61
HINDALCO,EQ,2015-07-28,104.4,103.15,106.65,102.25,105.3,105.5,104.87,"41,92,798","43,97,17,178.05","25,555","16,20,767",38.66
HINDALCO,EQ,2015-07-29,105.5,105.8,108.15,105.7,106.5,106.55,106.64,"47,21,020","50,34,45,596.40","22,314","20,56,583",43.56
HINDALCO,EQ,2015-07-30,106.55,106.85,107.3,104.25,104.9,104.7,105.42,"82,22,321","86,68,15,892.10","25,348","49,72,027",60.47
HINDALCO,EQ,2015-07-31,104.7,105.5,107.3,104.5,105.1,105.2,105.85,"52,01,040","55,05,17,641.20","19,425","32,04,016",61.6
HINDALCO,EQ,2015-08-03,105.2,105.25,106.5,104.7,105.6,105.7,105.7,"24,85,343","26,26,90,529.60","12,078","11,38,651",45.81
HINDALCO,EQ,2015-08-04,105.7,106.0,110.4,105.75,109.55,109.25,107.76,"43,00,456","46,34,04,436.25","31,415","16,88,963",39.27
HINDALCO,EQ,2015-08-05,109.25,110.0,111.9,107.85,108.1,108.25,109.97,"45,08,245","49,57,91,228.10","23,094","17,68,895",39.24
HINDALCO,EQ,2015-08-06,108.25,108.95,110.0,107.5,108.55,108.7,108.96,"29,77,481","32,44,14,529.20","19,197","10,80,475",36.29
HINDALCO,EQ,2015-08-07,108.7,108.15,112.25,108.0,109.6,109.55,109.81,"35,42,555","38,89,92,516.15","21,038","10,71,941",30.26
HINDALCO,EQ,2015-08-10,109.55,110.0,111.75,106.75,107.0,107.8,109.99,"30,49,401","33,54,04,906.65","16,813","9,31,006",30.53
HINDALCO,EQ,2015-08-11,107.8,108.0,108.3,102.85,103.25,103.25,104.96,"47,65,889","50,02,34,947.45","27,249","22,68,415",47.6
HINDALCO,EQ,2015-08-12,103.25,102.8,102.9,95.55,95.9,95.9,97.74,"1,17,15,218","1,14,50,05,964.50","53,454","55,91,803",47.73
HINDALCO,EQ,2015-08-13,95.9,97.0,98.0,90.4,91.0,90.8,93.29,"97,89,915","91,32,91,148.05","51,252","33,92,855",34.66
HINDALCO,EQ,2015-08-14,90.8,91.0,95.35,89.5,93.0,93.15,92.77,"1,17,77,040","1,09,25,91,255.15","69,359","22,81,412",19.37
HINDALCO,EQ,2015-08-17,93.15,93.5,93.7,89.7,90.7,90.65,90.99,"63,56,760","57,83,85,211.10","42,172","22,06,304",34.71
HINDALCO,EQ,2015-08-18,90.65,91.6,92.95,87.9,88.6,88.9,89.76,"83,55,260","74,99,77,207.00","45,729","30,30,767",36.27
HINDALCO,EQ,2015-08-19,88.9,88.9,88.9,85.8,86.15,86.15,86.86,"90,32,174","78,45,69,974.15","52,356","46,07,265",51.01
HINDALCO,EQ,2015-08-20,86.15,86.0,86.25,83.6,85.1,84.95,84.92,"82,80,327","70,31,32,965.55","37,934","37,56,532",45.37
HINDALCO,EQ,2015-08-21,84.95,83.0,86.3,82.05,86.25,86.0,84.59,"1,10,79,753","93,72,57,624.95","96,877","58,11,724",52.45
HINDALCO,EQ,2015-08-24,86.0,83.5,83.5,76.1,79.0,78.65,81.27,"1,06,40,052","86,47,30,728.30","41,212","47,33,116",44.48
HINDALCO,EQ,2015-08-25,78.65,81.25,82.25,75.25,80.5,80.45,79.55,"95,92,625","76,30,59,437.00","44,893","31,17,771",32.5
HINDALCO,EQ,2015-08-26,80.45,80.7,81.8,79.0,80.0,80.4,80.31,"70,83,082","56,88,53,569.55","40,002","29,20,637",41.23
HINDALCO,EQ,2015-08-27,80.4,82.9,82.9,79.15,80.55,80.65,80.56,"1,06,75,016","86,00,11,260.40","35,887","54,80,216",51.34
HINDALCO,EQ,2015-08-28,80.65,83.3,84.7,80.1,81.8,81.65,82.85,"1,19,59,033","99,08,55,785.30","44,504","45,20,550",37.8
HINDALCO,EQ,2015-08-31,81.65,81.05,82.7,79.75,80.1,80.05,80.97,"78,93,204","63,90,93,129.20","38,596","32,88,454",41.66
HINDALCO,EQ,2015-09-01,80.05,79.45,79.6,75.6,75.7,75.95,77.27,"97,54,819","75,37,75,258.70","39,190","45,96,776",47.12
HINDALCO,EQ,2015-09-02,75.95,76.1,76.9,74.15,74.6,74.35,75.16,"1,19,87,371","90,09,98,678.05","45,654","46,83,713",39.07
HINDALCO,EQ,2015-09-03,74.35,75.2,78.35,75.0,77.05,77.2,76.64,"88,97,644","68,18,75,830.60","45,947","30,02,240",33.74
HINDALCO,EQ,2015-09-04,77.2,76.95,77.0,73.5,73.75,73.9,74.48,"92,54,943","68,93,07,653.20","39,918","41,03,045",44.33
HINDALCO,EQ,2015-09-07,73.9,74.15,74.25,71.4,71.65,71.55,72.68,"55,73,543","40,50,67,150.20","29,470","16,70,254",29.97
HINDALCO,EQ,2015-09-08,71.55,72.35,74.5,71.6,72.65,72.7,73.12,"83,71,762","61,21,72,336.50","34,623","30,05,693",35.9
HINDALCO,EQ,2015-09-09,72.7,75.15,79.2,74.0,78.3,78.6,76.81,"1,55,43,929","1,19,39,10,990.30","60,572","48,79,791",31.39
HINDALCO,EQ,2015-09-10,78.6,76.5,77.15,74.45,76.4,76.5,75.85,"94,52,127","71,69,68,743.85","40,562","31,44,625",33.27
HINDALCO,EQ,2015-09-11,76.5,77.8,78.1,75.55,76.15,76.1,77.01,"69,38,110","53,42,98,644.05","30,327","14,28,958",20.6
HINDALCO,EQ,2015-09-14,76.1,76.8,79.15,75.9,78.95,78.65,77.56,"62,15,669","48,20,94,042.45","45,945","20,03,507",32.23
HINDALCO,EQ,2015-09-15,78.65,78.3,78.65,75.7,76.35,76.25,76.66,"61,94,943","47,49,18,335.20","23,908","14,56,548",23.51
HINDALCO,EQ,2015-09-16,76.25,77.5,78.25,75.25,77.4,77.25,76.94,"64,09,074","49,30,97,391.95","28,302","12,35,596",19.28
HINDALCO,EQ,2015-09-18,77.25,77.9,79.0,75.35,75.5,75.9,76.89,"1,01,91,740","78,36,08,269.65","33,507","50,07,669",49.13
HINDALCO,EQ,2015-09-21,75.9,75.25,78.8,74.2,78.3,78.1,76.81,"79,54,972","61,10,13,611.85","35,658","15,20,231",19.11
HINDALCO,EQ,2015-09-22,78.1,76.95,77.0,72.75,72.9,73.2,74.76,"1,02,20,655","76,40,73,037.45","48,050","36,03,776",35.26
HINDALCO,EQ,2015-09-23,73.2,72.0,74.25,71.3,73.0,72.95,73.08,"61,12,851","44,67,19,009.15","30,017","9,90,022",16.2
HINDALCO,EQ,2015-09-24,72.95,73.3,73.45,71.2,71.45,71.4,71.94,"67,83,348","48,79,91,999.95","26,897","24,41,640",35.99
HINDALCO,EQ,2015-09-28,71.4,71.9,73.0,70.25,70.5,70.55,71.3,"61,32,965","43,72,67,499.00","27,192","16,60,740",27.08
HINDALCO,EQ,2015-09-29,70.55,69.5,69.8,67.5,68.1,68.2,68.6,"96,67,246","66,31,45,080.75","47,948","27,49,428",28.44
HINDALCO,EQ,2015-09-30,68.2,69.4,71.5,69.0,71.3,70.8,70.2,"76,62,075","53,78,47,838.65","30,783","23,34,771",30.47
HINDALCO,EQ,2015-10-01,70.8,71.65,72.1,70.25,71.1,70.9,71.17,"45,70,648","32,52,94,103.80","18,886","10,25,322",22.43
HINDALCO,EQ,2015-10-05,70.9,71.95,74.4,71.35,74.0,74.0,73.22,"64,99,084","47,58,43,647.00","30,283","19,12,007",29.42
HINDALCO,EQ,2015-10-06,74.0,74.85,75.65,73.55,75.0,75.0,74.72,"55,94,644","41,80,35,871.50","23,343","17,09,329",30.55
HINDALCO,EQ,2015-10-07,75.0,75.0,83.4,74.4,81.85,81.9,80.28,"2,03,95,886","1,63,73,68,238.85","69,870","42,08,258",20.63
HINDALCO,EQ,2015-10-08,81.9,82.0,84.3,80.4,82.1,82.35,82.61,"1,61,59,275","1,33,48,46,025.85","59,968","16,55,935",10.25
HINDALCO,EQ,2015-10-09,82.35,83.1,85.5,82.8,83.7,83.95,84.44,"1,34,67,309","1,13,71,64,691.10","49,057","18,50,421",13.74
HINDALCO,EQ,2015-10-12,83.95,84.7,92.4,84.55,87.8,88.65,88.92,"2,69,48,602","2,39,62,55,999.75","1,06,155","35,63,571",13.22
HINDALCO,EQ,2015-10-13,88.65,81.0,86.7,81.0,86.0,86.15,85.32,"1,86,13,124","1,58,81,09,493.45","62,497","19,62,470",10.54
HINDALCO,EQ,2015-10-14,86.15,85.4,90.75,85.25,88.6,88.6,89.17,"1,44,22,511","1,28,60,68,955.10","50,012","24,37,562",16.9
HINDALCO,EQ,2015-10-15,88.6,89.3,91.5,86.3,88.4,87.8,88.0,"1,62,05,040","1,42,60,56,079.05","50,371","47,77,048",29.48
HINDALCO,EQ,2015-10-16,87.8,89.25,89.4,86.05,87.8,87.75,87.46,"91,19,969","79,76,24,381.05","28,688","16,57,609",18.18
HINDALCO,EQ,2015-10-19,87.75,88.0,88.5,86.5,86.55,86.75,87.14,"49,43,125","43,07,61,904.35","18,761","11,10,507",22.47
HINDALCO,EQ,2015-10-20,86.75,86.7,86.7,84.05,84.45,84.45,85.04,"84,52,425","71,88,11,182.05","33,642","17,45,710",20.65
HINDALCO,EQ,2015-10-21,84.45,84.45,86.6,84.1,85.55,85.55,85.55,"72,39,578","61,93,80,783.75","26,468","11,59,011",16.01
HINDALCO,EQ,2015-10-23,85.55,87.2,87.4,84.65,85.05,85.1,85.6,"72,07,731","61,69,94,040.50","36,502","20,78,364",28.84
HINDALCO,EQ,2015-10-26,85.1,86.3,86.9,84.85,85.6,85.4,85.97,"58,55,329","50,33,93,869.40","28,778","12,66,476",21.63
HINDALCO,EQ,2015-10-27,85.4,85.0,86.1,83.2,84.2,84.4,84.54,"92,00,960","77,78,07,214.20","42,025","24,41,189",26.53
HINDALCO,EQ,2015-10-28,84.4,84.0,85.2,84.0,84.45,84.5,84.53,"52,13,212","44,06,84,108.10","26,825","11,50,522",22.07
HINDALCO,EQ,2015-10-29,84.5,84.75,85.0,83.0,83.6,83.25,83.61,"66,10,339","55,26,83,183.40","25,911","31,46,035",47.59
HINDALCO,EQ,2015-10-30,83.25,83.5,86.9,83.05,83.15,84.05,85.12,"1,04,26,450","88,75,47,567.30","41,674","33,05,901",31.71
HINDALCO,EQ,2015-11-02,84.05,83.9,84.25,80.1,81.7,80.95,81.44,"69,34,948","56,47,79,868.70","26,033","16,63,896",23.99
HINDALCO,EQ,2015-11-03,80.95,81.85,84.4,81.7,82.3,82.35,83.13,"1,09,02,466","90,63,53,758.95","28,722","40,07,822",36.76
HINDALCO,EQ,2015-11-04,82.35,83.5,83.9,81.5,81.7,81.85,82.42,"63,02,042","51,94,19,118.35","18,692","20,14,580",31.97
HINDALCO,EQ,2015-11-05,81.85,81.75,82.4,80.8,81.2,81.05,81.43,"40,01,045","32,58,17,406.00","16,942","9,13,930",22.84
HINDALCO,EQ,2015-11-06,81.05,81.1,82.25,80.0,80.85,80.9,81.05,"61,99,574","50,24,95,445.35","20,191","19,96,064",32.2
HINDALCO,EQ,2015-11-09,80.9,78.0,80.75,78.0,79.7,79.95,79.63,"69,02,286","54,96,48,009.90","21,963","22,16,240",32.11
HINDALCO,EQ,2015-11-10,79.95,78.15,82.8,77.1,79.1,79.25,79.73,"1,81,03,849","1,44,35,05,869.50","62,019","21,77,959",12.03
HINDALCO,EQ,2015-11-11,79.25,80.1,80.8,80.05,80.25,80.3,80.3,"11,41,982","9,16,96,155.65","6,065","3,92,197",34.34
HINDALCO,EQ,2015-11-13,80.3,79.0,80.25,77.15,77.5,77.4,78.22,"1,18,99,968","93,07,76,218.70","41,718","55,77,590",46.87
HINDALCO,EQ,2015-11-16,77.4,76.95,79.5,76.4,79.15,79.05,78.16,"1,14,01,155","89,11,05,621.65","31,366","49,02,734",43.0
HINDALCO,EQ,2015-11-17,79.05,79.8,82.45,79.25,81.0,80.85,81.37,"1,17,68,848","95,76,74,217.25","39,198","39,85,720",33.87
HINDALCO,EQ,2015-11-18,80.85,80.85,81.3,76.3,76.45,76.55,78.08,"1,38,78,123","1,08,35,58,771.35","43,507","57,18,475",41.2
HINDALCO,EQ,2015-11-19,76.55,77.8,78.9,75.4,78.5,78.4,77.21,"1,37,59,182","1,06,23,36,232.95","53,917","36,16,685",26.29
HINDALCO,EQ,2015-11-20,78.4,78.35,79.4,76.85,77.35,77.2,78.07,"1,41,67,159","1,10,60,81,748.95","35,263","64,04,294",45.21
HINDALCO,EQ,2015-11-23,77.2,77.05,77.3,73.8,74.4,74.25,74.75,"1,10,48,526","82,58,59,178.80","45,535","34,84,974",31.54
HINDALCO,EQ,2015-11-24,74.25,73.6,74.55,73.2,73.6,73.6,73.84,"94,26,757","69,60,68,687.35","34,518","43,60,475",46.26
HINDALCO,EQ,2015-11-26,73.6,74.0,75.5,73.85,75.05,75.1,74.98,"75,17,900","56,37,20,923.80","25,952","29,57,823",39.34
HINDALCO,EQ,2015-11-27,75.1,75.3,79.1,75.2,77.75,77.65,77.46,"1,24,32,617","96,30,79,723.70","43,692","30,68,104",24.68
HINDALCO,EQ,2015-11-30,77.65,77.4,77.9,76.6,77.25,77.05,77.12,"1,00,87,833","77,79,44,090.40","51,699","47,03,400",46.62
HINDALCO,EQ,2015-12-01,77.05,77.6,79.8,77.5,79.7,79.55,78.99,"81,71,916","64,54,81,528.55","34,400","21,77,512",26.65
HINDALCO,EQ,2015-12-02,79.55,80.0,81.2,79.9,80.3,80.45,80.54,"88,80,279","71,51,95,078.05","34,349","19,90,570",22.42
HINDALCO,EQ,2015-12-03,80.45,79.55,81.65,78.6,79.1,79.2,80.19,"1,15,15,236","92,34,05,564.80","46,966","35,96,583",31.23
HINDALCO,EQ,2015-12-04,79.2,78.85,80.1,78.2,79.0,79.05,79.29,"61,52,914","48,78,55,514.20","22,872","13,16,019",21.39
HINDALCO,EQ,2015-12-07,79.05,79.8,80.6,78.9,79.15,79.25,79.68,"62,93,540","50,14,53,671.90","22,353","20,30,275",32.26
HINDALCO,EQ,2015-12-08,79.25,78.5,78.75,75.7,76.35,76.0,76.84,"74,59,812","57,32,14,371.85","30,636","25,51,919",34.21
HINDALCO,EQ,2015-12-09,76.0,75.5,75.65,73.0,74.1,73.75,74.25,"76,45,728","56,76,99,262.10","38,893","22,69,203",29.68
HINDALCO,EQ,2015-12-10,73.75,74.7,76.15,74.5,75.75,75.7,75.51,"70,82,364","53,47,71,144.75","28,125","17,15,818",24.23
HINDALCO,EQ,2015-12-11,75.7,76.0,77.2,74.7,76.35,76.25,76.13,"90,56,848","68,95,09,114.85","43,991","33,79,522",37.31
HINDALCO,EQ,2015-12-14,76.25,76.0,79.25,75.75,79.05,78.8,77.72,"1,04,37,559","81,12,12,799.10","36,336","39,01,745",37.38
HINDALCO,EQ,2015-12-15,78.8,79.1,79.3,77.25,78.8,79.0,78.44,"53,71,495","42,13,63,636.80","27,393","14,24,040",26.51
HINDALCO,EQ,2015-12-16,79.0,79.35,80.2,78.35,78.35,78.55,79.36,"54,07,666","42,91,37,094.10","22,080","15,34,522",28.38
HINDALCO,EQ,2015-12-17,78.55,78.85,81.65,78.65,81.45,81.3,80.17,"1,27,65,646","1,02,34,58,334.45","32,016","57,47,468",45.02
HINDALCO,EQ,2015-12-18,81.3,81.2,82.0,79.6,80.1,79.9,80.6,"90,69,541","73,09,88,516.90","31,422","41,07,308",45.29
HINDALCO,EQ,2015-12-21,79.9,80.2,81.8,80.2,81.1,81.3,81.21,"78,68,108","63,89,54,884.35","27,933","34,18,576",43.45
HINDALCO,EQ,2015-12-22,81.3,81.15,81.75,79.2,79.85,79.6,80.7,"54,51,649","43,99,59,299.00","19,644","20,67,787",37.93
HINDALCO,EQ,2015-12-23,79.6,80.6,84.2,80.2,84.2,83.9,82.85,"1,21,59,348","1,00,74,61,289.05","42,634","29,08,211",23.92
HINDALCO,EQ,2015-12-24,83.9,84.55,85.65,83.75,85.5,85.25,84.89,"1,10,12,588","93,48,86,077.65","41,844","33,51,721",30.44
HINDALCO,EQ,2015-12-28,85.25,85.7,86.0,84.3,85.0,84.95,84.99,"67,53,979","57,40,32,487.40","26,024","27,53,229",40.76
HINDALCO,EQ,2015-12-29,84.95,85.25,85.5,84.15,84.3,84.4,84.75,"50,43,169","42,74,10,378.20","19,825","20,68,362",41.01
HINDALCO,EQ,2015-12-30,84.4,84.7,85.7,84.1,84.8,84.7,84.66,"63,27,517","53,56,71,664.60","24,493","23,06,689",36.45
HINDALCO,EQ,2015-12-31,84.7,85.0,85.5,83.2,84.7,84.75,84.49,"88,03,069","74,37,55,003.55","33,421","33,47,999",38.03
HINDALCO,EQ,2016-01-01,84.75,84.7,85.25,84.0,84.8,84.9,84.7,"28,06,421","23,77,16,374.10","10,405","3,44,255",12.27
HINDALCO,EQ,2016-01-04,84.9,84.2,85.9,80.4,81.0,80.75,83.13,"87,06,224","72,37,61,947.30","32,465","19,80,981",22.75
HINDALCO,EQ,2016-01-05,80.75,82.0,83.95,80.6,82.6,82.6,82.3,"98,19,068","80,81,06,471.25","39,784","22,70,867",23.13
HINDALCO,EQ,2016-01-06,82.6,82.4,82.85,79.7,80.45,80.55,81.18,"64,94,446","52,72,05,272.90","29,936","26,87,763",41.39
HINDALCO,EQ,2016-01-07,80.55,79.0,79.4,76.1,76.55,76.65,77.52,"80,98,318","62,77,84,098.10","31,693","26,16,658",32.31
HINDALCO,EQ,2016-01-08,76.65,77.45,78.15,75.2,77.05,76.9,76.91,"68,00,939","52,30,88,540.05","24,739","13,48,915",19.83
HINDALCO,EQ,2016-01-11,76.9,75.8,78.65,74.3,77.7,77.9,76.34,"97,06,674","74,10,19,490.80","33,741","21,35,047",22.0
HINDALCO,EQ,2016-01-12,77.9,78.4,78.65,75.0,75.55,75.6,76.38,"66,96,133","51,14,73,934.40","23,990","21,30,502",31.82
HINDALCO,EQ,2016-01-13,75.6,76.4,77.5,74.3,76.75,76.7,76.11,"82,75,596","62,98,96,254.65","23,712","17,93,274",21.67
HINDALCO,EQ,2016-01-14,76.7,75.0,76.0,73.4,74.8,74.7,74.79,"78,64,816","58,81,77,197.40","27,728","25,62,340",32.58
HINDALCO,EQ,2016-01-15,74.7,75.35,75.4,71.15,71.25,71.8,73.57,"52,06,900","38,30,84,213.20","18,525","16,03,140",30.79
HINDALCO,EQ,2016-01-18,71.8,71.05,73.5,70.05,70.95,71.2,71.65,"68,14,262","48,82,40,178.10","28,559","14,62,390",21.46
HINDALCO,EQ,2016-01-19,71.2,72.1,73.9,71.1,71.85,71.85,72.44,"43,96,738","31,84,88,285.85","21,605","8,27,083",18.81
HINDALCO,EQ,2016-01-20,71.85,71.0,71.05,66.35,67.65,67.6,68.31,"83,12,143","56,78,14,773.55","28,979","29,19,094",35.12
HINDALCO,EQ,2016-01-21,67.6,69.0,69.35,66.8,68.5,68.3,68.27,"58,83,512","40,16,58,091.05","21,258","11,03,758",18.76
HINDALCO,EQ,2016-01-22,68.3,69.6,72.9,69.1,71.9,72.35,71.45,"69,88,053","49,92,69,419.70","30,803","19,24,015",27.53
HINDALCO,EQ,2016-01-25,72.35,72.9,73.45,71.8,72.15,72.0,72.44,"39,30,042","28,46,94,937.65","21,044","8,86,041",22.55
HINDALCO,EQ,2016-01-27,72.0,72.5,72.85,70.8,70.95,71.05,71.54,"59,60,177","42,63,97,579.45","24,857","27,57,768",46.27
HINDALCO,EQ,2016-01-28,71.05,71.05,71.4,69.25,69.85,69.7,70.25,"1,20,38,432","84,57,58,793.55","31,248","71,76,309",59.61
HINDALCO,EQ,2016-01-29,69.7,70.0,71.15,68.75,70.15,70.5,70.28,"92,03,028","64,67,43,721.85","37,316","34,50,320",37.49
HINDALCO,EQ,2016-02-01,70.5,70.85,71.55,70.2,71.2,71.1,71.04,"55,82,032","39,65,32,104.25","34,933","21,53,962",38.59
HINDALCO,EQ,2016-02-02,71.1,71.75,71.8,68.2,68.35,68.55,70.21,"61,92,773","43,48,09,443.15","26,613","18,81,793",30.39
HINDALCO,EQ,2016-02-03,68.55,68.0,68.0,66.3,66.7,66.65,67.15,"67,80,055","45,52,59,136.05","40,539","23,99,447",35.39
HINDALCO,EQ,2016-02-04,66.65,67.8,70.45,67.2,69.05,68.7,68.99,"1,20,83,591","83,36,52,566.20","46,551","47,72,638",39.5
HINDALCO,EQ,2016-02-05,68.7,69.3,72.2,68.8,71.1,71.25,70.84,"1,59,32,693","1,12,87,00,007.40","59,283","55,85,364",35.06
HINDALCO,EQ,2016-02-08,71.25,72.0,72.0,69.45,69.6,69.8,70.73,"1,04,00,835","73,56,09,237.00","34,361","42,34,921",40.72
HINDALCO,EQ,2016-02-09,69.8,68.5,70.8,67.6,70.05,70.0,69.33,"1,69,69,989","1,17,64,98,622.25","45,535","60,01,854",35.37
HINDALCO,EQ,2016-02-10,70.0,70.2,70.5,65.0,67.15,66.9,66.89,"1,69,37,036","1,13,28,92,426.30","55,045","42,87,124",25.31
HINDALCO,EQ,2016-02-11,66.9,67.5,67.75,62.95,63.25,63.7,64.88,"79,15,911","51,35,51,718.75","28,741","24,91,553",31.48
HINDALCO,EQ,2016-02-12,63.7,64.8,64.85,58.8,60.85,60.9,60.84,"1,11,71,816","67,97,44,172.50","38,296","21,93,371",19.63
HINDALCO,EQ,2016-02-15,60.9,62.45,68.45,62.3,66.55,67.0,66.43,"1,73,33,390","1,15,14,50,289.00","64,940","64,99,137",37.49
HINDALCO,EQ,2016-02-16,67.0,68.5,68.5,64.55,64.55,64.85,66.49,"95,30,757","63,36,56,479.45","31,676","17,18,263",18.03
HINDALCO,EQ,2016-02-17,64.85,65.2,66.3,61.6,66.15,65.8,64.07,"1,21,13,622","77,60,96,077.15","36,382","29,70,794",24.52
HINDALCO,EQ,2016-02-18,65.8,67.65,70.1,67.2,68.55,68.9,68.83,"1,46,63,310","1,00,92,80,437.60","51,933","36,84,588",25.13
HINDALCO,EQ,2016-02-19,68.9,68.3,70.0,67.45,68.9,69.05,68.88,"60,48,480","41,66,17,348.25","23,826","9,74,425",16.11
HINDALCO,EQ,2016-02-22,69.05,69.15,70.6,68.8,69.7,69.5,69.6,"51,32,711","35,72,29,969.65","16,962","10,35,114",20.17
HINDALCO,EQ,2016-02-23,69.5,69.9,71.85,67.8,68.3,68.5,69.85,"1,03,66,393","72,40,52,604.85","31,890","21,56,175",20.8
HINDALCO,EQ,2016-02-24,68.5,67.6,68.45,66.0,66.1,66.4,67.27,"61,36,935","41,28,36,976.20","21,596","13,62,210",22.2
HINDALCO,EQ,2016-02-25,66.4,67.35,68.0,66.45,67.6,67.15,67.31,"61,97,874","41,71,89,159.05","19,230","19,04,319",30.73
HINDALCO,EQ,2016-02-26,67.15,68.2,69.95,66.2,69.55,69.45,68.56,"98,06,363","67,23,52,499.30","31,018","25,67,803",26.19
HINDALCO,EQ,2016-02-29,69.45,70.15,70.8,66.7,68.25,68.75,69.29,"1,55,50,728","1,07,75,46,601.60","39,794","46,85,617",30.13
HINDALCO,EQ,2016-03-01,68.75,69.0,70.5,68.6,70.4,70.25,69.71,"82,73,262","57,66,90,955.80","24,740","24,68,324",29.83
HINDALCO,EQ,2016-03-02,70.25,71.9,77.0,71.3,75.4,74.95,75.02,"2,16,43,529","1,62,37,19,678.25","46,546","1,11,57,836",51.55
HINDALCO,EQ,2016-03-03,74.95,76.5,79.8,75.5,79.05,79.25,78.22,"2,29,49,555","1,79,50,76,485.45","65,563","85,29,052",37.16
HINDALCO,EQ,2016-03-04,79.25,79.85,81.9,77.6,80.0,79.4,79.87,"1,58,40,406","1,26,52,34,209.90","42,226","55,20,166",34.85
HINDALCO,EQ,2016-03-08,79.4,80.3,84.2,80.05,82.9,83.15,82.91,"1,90,55,239","1,57,98,31,188.95","77,370","75,24,413",39.49
HINDALCO,EQ,2016-03-09,83.15,80.4,81.4,79.05,81.15,81.1,80.21,"1,15,65,488","92,76,43,202.80","43,563","36,62,673",31.67
HINDALCO,EQ,2016-03-10,81.1,81.9,85.55,81.55,83.5,83.8,84.1,"1,88,38,685","1,58,43,87,560.60","64,709","53,03,685",28.15
HINDALCO,EQ,2016-03-11,83.8,83.9,84.75,81.6,83.55,83.5,83.48,"1,03,01,155","85,99,46,294.80","31,434","20,10,311",19.52
HINDALCO,EQ,2016-03-14,83.5,84.5,86.0,84.2,84.8,84.9,84.87,"66,42,436","56,37,15,075.45","24,022","22,21,361",33.44
HINDALCO,EQ,2016-03-15,84.9,85.0,86.0,83.6,83.75,83.9,84.68,"1,17,00,066","99,07,71,655.85","46,339","41,54,454",35.51
HINDALCO,EQ,2016-03-16,83.9,84.0,84.25,79.35,81.6,81.5,81.03,"1,38,90,592","1,12,55,77,638.10","48,528","39,64,959",28.54
HINDALCO,EQ,2016-03-17,81.5,82.5,83.8,80.7,80.85,81.0,82.16,"84,76,015","69,63,51,763.05","45,713","24,94,384",29.43
HINDALCO,EQ,2016-03-18,81.0,82.4,85.5,82.0,85.45,85.2,84.19,"1,43,66,152","1,20,95,27,670.55","57,753","57,49,739",40.02
HINDALCO,EQ,2016-03-21,85.2,85.7,87.0,84.3,85.95,86.0,85.8,"1,23,24,190","1,05,74,36,403.25","35,463","49,39,977",40.08
HINDALCO,EQ,2016-03-22,86.0,85.9,88.0,84.85,87.75,87.0,86.18,"1,28,00,780","1,10,31,70,223.20","39,837","55,46,058",43.33
HINDALCO,EQ,2016-03-23,87.0,88.0,91.7,87.9,90.8,91.3,90.62,"2,26,85,606","2,05,58,63,291.30","87,993","84,54,427",37.27
HINDALCO,EQ,2016-03-28,91.3,92.5,92.5,82.55,83.6,83.25,86.34,"2,01,01,957","1,73,55,39,998.55","69,472","78,97,977",39.29
HINDALCO,EQ,2016-03-29,83.25,83.9,86.15,83.5,84.2,84.4,85.01,"1,43,05,542","1,21,60,74,451.45","44,643","38,43,827",26.87
HINDALCO,EQ,2016-03-30,84.4,85.5,89.3,85.25,87.8,88.0,87.58,"1,57,58,559","1,38,02,04,876.50","51,910","54,83,983",34.8
HINDALCO,EQ,2016-03-31,88.0,87.85,89.0,86.5,88.2,87.95,87.74,"1,69,63,906","1,48,84,74,327.10","43,849","91,43,619",53.9
HINDALCO,EQ,2016-04-01,87.95,87.5,87.65,86.05,86.35,86.65,86.77,"81,39,439","70,62,75,366.00","34,654","28,57,463",35.11
HINDALCO,EQ,2016-04-04,86.65,87.45,90.65,86.5,89.1,89.1,89.26,"1,44,31,538","1,28,81,57,952.30","51,296","45,00,685",31.19
HINDALCO,EQ,2016-04-05,89.1,88.2,89.4,84.35,85.35,84.9,86.5,"1,15,41,211","99,83,22,975.40","44,773","31,56,097",27.35
HINDALCO,EQ,2016-04-06,84.9,85.75,89.7,85.5,88.95,88.95,88.44,"1,45,85,715","1,28,99,07,734.40","49,815","43,51,029",29.83
HINDALCO,EQ,2016-04-07,88.95,89.0,89.4,86.75,87.45,87.3,87.78,"69,79,457","61,26,63,045.50","21,177","13,61,364",19.51
HINDALCO,EQ,2016-04-08,87.3,87.25,89.5,86.0,87.7,87.7,88.23,"1,02,12,068","90,09,98,365.45","48,505","32,13,965",31.47
HINDALCO,EQ,2016-04-11,87.7,88.15,93.2,87.85,91.75,92.2,90.94,"1,51,87,158","1,38,11,54,569.90","40,729","54,12,145",35.64
HINDALCO,EQ,2016-04-12,92.2,91.35,93.15,90.2,92.1,92.0,91.93,"1,27,89,430","1,17,56,69,658.85","44,794","29,46,585",23.04
HINDALCO,EQ,2016-04-13,92.0,93.05,97.7,93.05,95.9,96.3,96.15,"1,82,01,767","1,75,00,67,516.10","65,222","45,64,382",25.08
HINDALCO,EQ,2016-04-18,96.3,96.8,97.6,94.5,96.9,97.05,96.74,"1,15,27,074","1,11,50,79,547.65","45,484","45,35,529",39.35
HINDALCO,EQ,2016-04-20,97.05,99.45,102.4,98.25,102.0,101.8,100.63,"2,40,20,057","2,41,70,22,053.85","75,453","86,94,507",36.2
HINDALCO,EQ,2016-04-21,101.8,102.4,104.25,100.65,102.2,101.8,102.4,"1,83,28,986","1,87,69,02,562.40","55,758","95,32,268",52.01
HINDALCO,EQ,2016-04-22,101.8,101.5,102.75,100.6,100.7,101.1,101.66,"1,05,77,244","1,07,52,77,256.70","40,867","48,98,264",46.31
HINDALCO,EQ,2016-04-25,101.1,101.15,101.35,96.55,99.0,98.4,98.16,"97,52,785","95,73,12,728.20","38,412","21,05,844",21.59
HINDALCO,EQ,2016-04-26,98.4,99.05,103.45,98.9,103.25,103.15,102.33,"1,74,84,714","1,78,91,41,109.90","71,045","53,13,158",30.39
HINDALCO,EQ,2016-04-27,103.15,103.25,104.4,101.1,102.05,101.75,102.45,"86,07,518","88,18,50,693.35","35,028","24,93,172",28.97
HINDALCO,EQ,2016-04-28,101.75,101.8,102.45,96.5,96.8,96.9,98.74,"1,90,93,454","1,88,52,20,702.70","87,064","99,59,900",52.16
HINDALCO,EQ,2016-04-29,96.9,97.4,99.0,93.4,96.0,96.35,96.18,"2,39,29,755","2,30,16,58,728.55","73,003","84,21,951",35.19
HINDALCO,EQ,2016-05-02,96.35,96.4,100.65,94.6,98.25,98.65,98.82,"1,89,62,903","1,87,38,47,255.60","68,154","40,78,546",21.51
HINDALCO,EQ,2016-05-03,98.65,99.5,100.6,96.55,96.85,96.9,98.75,"1,32,25,593","1,30,59,68,867.85","47,363","31,48,169",23.8
HINDALCO,EQ,2016-05-04,96.9,95.5,95.8,90.65,91.5,91.15,92.72,"1,47,40,553","1,36,67,95,098.60","97,935","41,46,607",28.13
HINDALCO,EQ,2016-05-05,91.15,91.5,93.2,88.9,90.9,90.45,91.03,"1,59,26,658","1,44,98,36,911.15","58,264","27,93,695",17.54
HINDALCO,EQ,2016-05-06,90.45,90.5,92.3,89.2,92.1,91.9,90.97,"1,37,58,624","1,25,15,64,502.90","55,052","44,58,979",32.41
HINDALCO,EQ,2016-05-09,91.9,93.0,93.9,91.0,91.9,91.7,92.3,"1,15,77,265","1,06,85,96,167.50","45,494","36,07,865",31.16
HINDALCO,EQ,2016-05-10,91.7,91.05,91.05,89.2,89.9,89.85,89.98,"1,22,64,885","1,10,36,40,805.10","44,468","34,41,229",28.06
HINDALCO,EQ,2016-05-11,89.85,89.5,92.8,88.8,91.3,91.6,91.79,"1,42,04,732","1,30,38,23,446.50","43,109","19,82,841",13.96
HINDALCO,EQ,2016-05-12,91.6,92.3,93.75,92.0,93.75,93.4,92.85,"96,28,472","89,40,50,921.75","35,202","22,74,578",23.62
HINDALCO,EQ,2016-05-13,93.4,93.4,93.4,88.85,89.55,89.3,90.56,"1,28,52,619","1,16,38,96,437.00","36,944","44,18,330",34.38
HINDALCO,EQ,2016-05-16,89.3,89.75,90.55,88.1,89.8,89.8,89.35,"87,59,799","78,27,06,819.10","33,838","17,56,144",20.05
HINDALCO,EQ,2016-05-17,89.8,90.55,91.2,88.9,89.0,89.1,90.14,"77,34,643","69,72,05,466.10","23,557","16,00,897",20.7
HINDALCO,EQ,2016-05-18,89.1,88.2,89.6,87.25,89.4,89.15,88.27,"80,76,399","71,29,20,517.80","31,787","22,53,977",27.91
HINDALCO,EQ,2016-05-19,89.15,89.05,90.9,86.3,86.85,87.05,89.22,"1,08,22,516","96,55,49,531.55","32,362","25,36,830",23.44
HINDALCO,EQ,2016-05-20,87.05,87.6,88.55,86.45,86.9,86.95,87.49,"1,08,26,038","94,71,68,560.10","32,716","33,34,280",30.8
HINDALCO,EQ,2016-05-23,86.95,87.95,88.45,86.3,87.2,86.9,87.51,"63,39,823","55,47,67,014.85","21,608","15,68,560",24.74
HINDALCO,EQ,2016-05-24,86.9,87.1,87.45,83.5,86.65,86.3,85.55,"88,92,273","76,07,15,138.60","37,911","19,86,090",22.34
HINDALCO,EQ,2016-05-25,86.3,89.0,89.25,87.55,88.8,88.75,88.45,"82,23,849","72,74,32,174.30","28,476","16,88,277",20.53
HINDALCO,EQ,2016-05-26,88.75,88.9,90.7,87.65,90.7,90.3,89.19,"1,22,28,049","1,09,06,31,755.35","52,752","38,98,803",31.88
HINDALCO,EQ,2016-05-27,90.3,91.0,92.7,90.85,92.0,91.9,91.86,"1,15,44,310","1,06,04,92,707.60","37,680","26,65,665",23.09
HINDALCO,EQ,2016-05-30,91.9,100.0,103.5,98.15,102.8,102.95,101.57,"4,34,96,929","4,41,81,78,880.40","1,50,930","82,03,873",18.86
HINDALCO,EQ,2016-05-31,102.95,103.1,107.65,102.5,105.1,105.25,105.33,"3,65,80,800","3,85,30,86,800.30","1,53,861","90,46,624",24.73
HINDALCO,EQ,2016-06-01,105.25,105.35,105.75,102.6,103.4,103.1,104.0,"1,23,74,620","1,28,70,05,022.80","43,670","26,45,448",21.38
HINDALCO,EQ,2016-06-02,103.1,102.75,106.35,102.2,106.2,106.05,105.0,"1,21,48,730","1,27,55,92,536.15","54,402","20,67,495",17.02
HINDALCO,EQ,2016-06-03,106.05,106.7,106.9,104.1,105.4,105.55,105.34,"90,25,991","95,07,63,935.45","28,862","17,42,186",19.3
HINDALCO,EQ,2016-06-06,105.55,105.05,108.0,104.55,106.45,106.85,106.71,"1,37,23,112","1,46,43,24,921.00","46,336","45,73,160",33.32
HINDALCO,EQ,2016-06-07,106.85,107.25,110.25,107.0,109.65,109.5,108.77,"1,45,22,201","1,57,95,41,072.30","67,530","34,47,675",23.74
HINDALCO,EQ,2016-06-08,109.5,109.75,110.45,108.0,109.1,109.35,109.07,"1,06,22,548","1,15,85,68,224.85","34,912","19,28,699",18.16
HINDALCO,EQ,2016-06-09,109.35,109.0,112.6,108.95,110.7,110.9,111.18,"1,60,09,358","1,77,99,35,491.05","55,760","56,10,579",35.05
HINDALCO,EQ,2016-06-10,110.9,110.45,115.9,110.45,115.6,115.3,114.0,"2,67,38,862","3,04,81,98,054.55","1,06,124","99,72,935",37.3
HINDALCO,EQ,2016-06-13,115.3,113.5,115.5,111.35,115.35,114.7,113.29,"1,54,20,130","1,74,69,31,208.55","51,636","51,40,880",33.34
HINDALCO,EQ,2016-06-14,114.7,114.95,115.85,114.1,115.4,115.6,115.04,"1,08,83,646","1,25,20,74,542.40","31,254","30,06,058",27.62
HINDALCO,EQ,2016-06-15,115.6,116.25,116.7,114.2,115.75,115.75,115.47,"1,02,91,525","1,18,83,91,808.75","42,583","23,12,811",22.47
HINDALCO,EQ,2016-06-16,115.75,115.35,119.45,114.35,119.2,119.05,117.12,"1,96,49,978","2,30,14,46,928.70","70,831","47,29,441",24.07
HINDALCO,EQ,2016-06-17,119.05,120.1,120.25,117.95,118.6,118.8,118.88,"91,15,066","1,08,35,98,060.65","54,265","22,87,538",25.1
HINDALCO,EQ,2016-06-20,118.8,117.45,121.35,117.3,121.0,121.05,120.16,"78,79,482","94,68,36,478.45","37,106","16,12,844",20.47
HINDALCO,EQ,2016-06-21,121.05,122.25,124.65,121.6,123.2,123.5,123.43,"1,52,74,422","1,88,53,03,047.45","54,366","53,13,869",34.79
HINDALCO,EQ,2016-06-22,123.5,123.95,123.95,120.1,122.2,122.2,121.7,"1,00,65,713","1,22,50,44,466.70","34,244","17,88,342",17.77
HINDALCO,EQ,2016-06-23,122.2,122.1,124.5,121.65,124.0,123.9,123.07,"82,43,327","1,01,44,82,115.20","34,494","19,12,197",23.2
HINDALCO,EQ,2016-06-24,123.9,118.35,119.6,112.0,116.8,117.3,115.56,"2,27,45,648","2,62,85,45,856.35","70,344","68,00,663",29.9
HINDALCO,EQ,2016-06-27,117.3,115.95,120.8,115.9,120.0,119.8,119.14,"1,36,03,388","1,62,07,24,602.85","43,597","38,51,290",28.31
HINDALCO,EQ,2016-06-28,119.8,119.9,121.05,117.75,118.15,118.05,119.17,"1,10,37,595","1,31,52,95,694.00","48,911","39,55,709",35.84
HINDALCO,EQ,2016-06-29,118.05,119.0,121.3,118.6,119.8,119.95,120.22,"93,27,343","1,12,13,26,810.10","37,738","27,77,407",29.78
HINDALCO,EQ,2016-06-30,119.95,122.4,123.45,121.25,123.15,122.85,122.18,"1,57,09,303","1,91,92,89,306.80","76,181","72,46,210",46.13
HINDALCO,EQ,2016-07-01,122.85,124.0,125.5,123.15,124.75,124.75,124.57,"89,05,862","1,10,94,15,709.75","47,256","26,63,725",29.91
HINDALCO,EQ,2016-07-04,124.75,126.1,126.75,125.5,126.0,125.95,126.04,"57,15,305","72,03,75,173.15","34,620","18,47,605",32.33
HINDALCO,EQ,2016-07-05,125.95,126.0,127.4,123.3,123.35,123.65,125.14,"98,48,628","1,23,24,37,914.30","41,373","32,06,445",32.56
HINDALCO,EQ,2016-07-07,123.65,125.0,128.7,124.6,128.0,127.7,127.52,"1,56,61,285","1,99,71,28,895.55","63,518","54,25,456",34.64
HINDALCO,EQ,2016-07-08,127.7,128.7,128.7,125.5,127.15,126.85,126.55,"83,27,269","1,05,38,35,839.40","30,364","30,73,453",36.91
HINDALCO,EQ,2016-07-11,126.85,128.3,129.75,128.05,128.7,129.05,128.88,"75,34,954","97,10,84,250.20","32,728","25,63,350",34.02
HINDALCO,EQ,2016-07-12,129.05,130.35,136.2,130.0,135.0,135.25,134.58,"2,64,90,373","3,56,49,80,911.75","96,375","1,04,44,817",39.43
HINDALCO,EQ,2016-07-13,135.25,136.0,139.9,134.7,135.45,135.8,137.09,"2,02,41,097","2,77,47,69,285.10","83,003","67,65,412",33.42
HINDALCO,EQ,2016-07-14,135.8,136.0,137.35,133.75,136.15,135.8,135.56,"1,17,03,265","1,58,64,73,023.30","65,138","34,01,531",29.06
HINDALCO,EQ,2016-07-15,135.8,136.9,138.0,135.55,137.6,137.4,136.87,"1,06,39,879","1,45,62,96,852.90","43,122","34,88,402",32.79
HINDALCO,EQ,2016-07-18,137.4,137.9,141.45,136.15,136.85,137.25,139.13,"1,37,29,613","1,91,01,95,927.15","51,304","23,61,696",17.2
HINDALCO,EQ,2016-07-19,137.25,136.9,139.5,136.6,138.1,138.0,138.14,"1,09,33,178","1,51,02,61,138.55","39,514","28,73,351",26.28
HINDALCO,EQ,2016-07-20,138.0,138.85,139.3,134.3,136.15,135.9,136.65,"1,18,98,110","1,62,59,32,197.35","41,324","36,01,285",30.27
HINDALCO,EQ,2016-07-21,135.9,137.15,137.5,133.5,133.65,133.9,135.14,"1,12,00,454","1,51,35,92,977.30","39,156","33,65,205",30.05
HINDALCO,EQ,2016-07-22,133.9,133.2,137.0,130.35,136.35,136.0,134.33,"1,50,30,516","2,01,90,61,629.45","60,367","35,63,329",23.71
HINDALCO,EQ,2016-07-25,136.0,136.5,136.9,133.9,135.1,135.2,135.35,"64,07,189","86,72,05,259.85","29,038","14,84,495",23.17
HINDALCO,EQ,2016-07-26,135.2,135.2,136.8,131.0,131.65,131.65,134.24,"1,28,81,150","1,72,91,70,715.60","82,940","60,88,483",47.27
HINDALCO,EQ,2016-07-27,131.65,132.65,134.6,131.2,133.6,133.8,133.11,"95,50,329","1,27,12,14,130.75","54,774","33,67,888",35.26
HINDALCO,EQ,2016-07-28,133.8,134.0,135.6,132.1,134.95,134.25,133.94,"1,06,26,361","1,42,33,37,883.70","37,416","44,12,384",41.52
HINDALCO,EQ,2016-07-29,134.25,134.95,135.65,132.15,133.2,133.55,133.91,"70,51,660","94,42,75,835.90","40,036","24,39,989",34.6
HINDALCO,EQ,2016-08-01,133.55,134.5,138.8,134.1,137.2,136.6,136.61,"1,26,47,887","1,72,77,76,974.15","38,016","44,31,804",35.04
HINDALCO,EQ,2016-08-02,136.6,137.4,138.25,134.6,135.4,135.5,136.67,"90,26,140","1,23,35,58,387.85","37,057","29,02,353",32.15
HINDALCO,EQ,2016-08-03,135.5,135.4,137.25,133.6,135.65,135.7,135.22,"99,58,140","1,34,65,74,480.90","34,440","33,68,401",33.83
HINDALCO,EQ,2016-08-04,135.7,136.5,137.95,135.4,137.7,137.1,136.83,"69,43,209","95,00,16,080.15","30,959","14,50,462",20.89
HINDALCO,EQ,2016-08-05,137.1,139.0,144.25,138.5,144.0,143.7,141.79,"1,33,02,798","1,88,62,04,291.75","56,697","35,81,493",26.92
HINDALCO,EQ,2016-08-08,143.7,146.25,152.15,146.0,148.95,149.15,149.88,"2,01,68,915","3,02,29,12,604.75","73,856","63,89,169",31.68
HINDALCO,EQ,2016-08-09,149.15,150.2,150.25,145.4,146.65,146.6,147.24,"98,16,523","1,44,53,98,302.15","40,630","30,85,209",31.43
HINDALCO,EQ,2016-08-10,146.6,147.0,149.15,144.55,145.85,145.8,146.47,"92,66,876","1,35,73,24,853.30","36,316","21,32,571",23.01
HINDALCO,EQ,2016-08-11,145.8,145.6,146.0,138.5,142.65,142.25,142.16,"92,00,944","1,30,80,38,982.70","49,795","22,39,112",24.34
HINDALCO,EQ,2016-08-12,142.25,143.0,149.25,143.0,146.0,146.35,146.62,"2,20,86,647","3,23,83,37,697.25","85,810","46,92,754",21.25
HINDALCO,EQ,2016-08-16,146.35,147.7,155.55,146.6,154.45,154.65,151.35,"1,72,92,821","2,61,72,97,360.35","88,533","40,42,698",23.38
HINDALCO,EQ,2016-08-17,154.65,154.35,156.8,153.95,155.85,155.95,155.71,"1,34,01,034","2,08,66,86,885.15","59,408","46,17,863",34.46
HINDALCO,EQ,2016-08-18,155.95,156.5,157.15,154.0,154.6,154.35,155.15,"70,30,499","1,09,07,59,750.55","35,949","14,60,885",20.78
HINDALCO,EQ,2016-08-19,154.35,156.8,159.45,156.25,158.7,158.95,158.04,"1,36,25,085","2,15,32,93,055.55","83,439","45,71,748",33.55
HINDALCO,EQ,2016-08-22,158.95,158.0,158.0,155.3,156.15,156.05,156.24,"67,08,408","1,04,81,54,034.25","42,090","16,17,849",24.12
HINDALCO,EQ,2016-08-23,156.05,155.5,156.95,153.8,155.85,155.55,155.43,"61,20,185","95,12,52,246.75","39,165","10,79,059",17.63
HINDALCO,EQ,2016-08-24,155.55,156.3,157.6,155.4,157.2,157.0,156.59,"70,12,966","1,09,81,73,295.00","37,449","23,83,856",33.99
HINDALCO,EQ,2016-08-25,157.0,156.95,157.8,153.5,154.15,154.25,155.89,"71,36,191","1,11,24,67,999.05","31,628","27,67,972",38.79
HINDALCO,EQ,2016-08-26,154.25,155.45,156.95,154.3,155.55,155.5,155.79,"79,24,816","1,23,45,96,930.30","52,750","26,98,265",34.05
HINDALCO,EQ,2016-08-29,155.5,155.0,159.5,154.5,159.45,158.3,157.13,"74,88,966","1,17,67,67,912.80","40,605","22,07,051",29.47
HINDALCO,EQ,2016-08-30,158.3,159.9,163.5,159.05,163.4,162.75,161.57,"79,30,389","1,28,13,41,912.20","48,820","17,80,776",22.46
HINDALCO,EQ,2016-08-31,162.75,163.0,164.7,158.25,159.0,159.25,161.91,"1,52,09,502","2,46,26,42,962.60","77,549","77,73,686",51.11
HINDALCO,EQ,2016-09-01,159.25,159.0,160.65,156.6,157.85,157.5,158.3,"62,61,144","99,11,34,152.80","34,564","12,51,822",19.99
HINDALCO,EQ,2016-09-02,157.5,158.3,158.9,154.5,157.35,157.25,156.39,"68,20,117","1,06,66,21,023.55","33,825","17,19,583",25.21
HINDALCO,EQ,2016-09-06,157.25,157.55,159.9,157.0,158.5,158.5,158.6,"51,89,625","82,30,93,443.05","37,102","15,70,206",30.26
HINDALCO,EQ,2016-09-07,158.5,158.55,161.8,158.05,159.95,159.7,160.04,"79,25,196","1,26,83,60,016.10","40,390","21,02,885",26.53
HINDALCO,EQ,2016-09-08,159.7,160.9,163.45,160.0,161.75,161.95,162.1,"93,79,095","1,52,03,39,191.30","44,821","31,08,913",33.15
HINDALCO,EQ,2016-09-09,161.95,162.85,162.85,154.0,155.2,154.85,158.76,"94,27,758","1,49,67,52,976.90","55,340","30,96,074",32.84
HINDALCO,EQ,2016-09-12,154.85,149.0,150.6,139.9,141.2,140.85,144.73,"1,61,65,924","2,33,96,68,534.80","97,692","39,74,046",24.58
HINDALCO,EQ,2016-09-14,140.85,140.25,143.7,138.55,143.4,143.25,141.53,"1,31,95,609","1,86,76,02,958.25","80,465","30,61,436",23.2
HINDALCO,EQ,2016-09-15,143.25,144.95,146.25,141.15,145.5,145.55,144.04,"1,04,94,591","1,51,16,35,738.75","46,081","26,27,288",25.03
HINDALCO,EQ,2016-09-16,145.55,146.8,147.9,142.0,143.1,142.65,144.44,"1,03,27,538","1,49,17,11,858.40","43,435","43,18,225",41.81
HINDALCO,EQ,2016-09-19,142.65,143.1,144.6,141.7,143.75,143.95,143.28,"49,69,953","71,20,79,553.35","27,278","6,97,628",14.04
HINDALCO,EQ,2016-09-20,143.95,143.0,146.35,142.6,145.8,145.6,144.98,"76,33,586","1,10,67,30,429.45","49,593","18,32,301",24.0
HINDALCO,EQ,2016-09-21,145.6,145.55,151.35,144.1,149.35,149.55,149.49,"1,46,71,999","2,19,33,55,204.30","81,396","43,68,530",29.77
HINDALCO,EQ,2016-09-22,149.55,153.4,156.2,152.25,154.85,154.6,154.19,"1,63,21,716","2,51,65,90,589.65","68,012","68,86,425",42.19
HINDALCO,EQ,2016-09-23,154.6,154.6,156.85,153.05,154.3,154.45,154.98,"1,07,30,581","1,66,29,97,991.25","49,678","37,56,695",35.01
HINDALCO,EQ,2016-09-26,154.45,154.0,155.3,152.3,153.85,153.6,153.81,"72,34,470","1,11,27,41,878.65","32,870","21,77,424",30.1
HINDALCO,EQ,2016-09-27,153.6,154.35,155.3,149.55,151.0,150.05,152.4,"80,46,035","1,22,62,49,385.45","40,548","18,18,527",22.6
HINDALCO,EQ,2016-09-28,150.05,150.2,158.2,148.5,157.45,156.9,153.19,"1,27,85,618","1,95,86,38,497.90","54,234","31,24,414",24.44
HINDALCO,EQ,2016-09-29,156.9,157.45,157.85,147.8,150.45,150.0,152.23,"1,41,57,620","2,15,51,66,927.90","56,114","48,06,153",33.95
HINDALCO,EQ,2016-09-30,150.0,147.0,154.35,146.8,152.75,152.7,151.39,"91,67,292","1,38,78,43,573.35","46,627","23,85,362",26.02
HINDALCO,EQ,2016-10-03,152.7,154.5,155.2,152.6,154.2,154.1,153.82,"92,99,252","1,43,04,35,367.45","47,480","38,73,859",41.66
HINDALCO,EQ,2016-10-04,154.1,154.95,157.5,152.35,155.0,154.25,154.81,"1,36,96,719","2,12,03,68,288.00","60,304","43,15,301",31.51
HINDALCO,EQ,2016-10-05,154.25,156.5,159.3,155.75,156.65,157.25,157.8,"1,01,69,595","1,60,48,04,958.20","48,918","30,66,541",30.15
HINDALCO,EQ,2016-10-06,157.25,158.0,161.7,156.1,158.55,158.35,158.95,"1,36,04,084","2,16,23,36,961.45","80,644","50,60,397",37.2
HINDALCO,EQ,2016-10-07,158.35,158.95,160.4,156.65,157.8,158.0,158.49,"72,63,839","1,15,12,60,276.95","41,842","18,37,722",25.3
HINDALCO,EQ,2016-10-10,158.0,158.85,162.8,158.8,161.05,160.75,161.29,"81,57,913","1,31,57,73,639.35","37,338","24,45,791",29.98
HINDALCO,EQ,2016-10-13,160.75,157.9,159.25,152.1,154.55,155.15,156.16,"86,80,827","1,35,55,65,414.65","45,222","21,80,268",25.12
HINDALCO,EQ,2016-10-14,155.15,155.75,156.35,153.2,154.65,154.6,154.63,"56,56,494","87,46,36,453.10","36,149","19,29,244",34.11
HINDALCO,EQ,2016-10-17,154.6,154.2,155.6,150.0,151.15,150.65,152.39,"77,52,014","1,18,13,02,579.10","47,278","18,68,169",24.1
HINDALCO,EQ,2016-10-18,150.65,152.0,153.35,149.3,152.1,152.35,151.53,"1,08,51,523","1,64,43,09,348.40","47,258","45,10,961",41.57
HINDALCO,EQ,2016-10-19,152.35,153.4,153.95,150.0,151.0,151.0,151.61,"81,97,044","1,24,27,60,741.25","35,032","26,63,620",32.49
HINDALCO,EQ,2016-10-20,151.0,151.8,156.25,151.65,155.45,155.25,154.5,"80,35,617","1,24,14,88,359.75","45,093","18,12,781",22.56
HINDALCO,EQ,2016-10-21,155.25,155.4,155.4,150.85,151.45,151.85,152.24,"58,01,324","88,31,80,042.75","25,003","13,65,197",23.53
HINDALCO,EQ,2016-10-24,151.85,152.15,153.15,150.4,150.8,150.85,151.6,"56,49,471","85,64,56,082.15","24,791","18,82,551",33.32
HINDALCO,EQ,2016-10-25,150.85,151.2,152.5,147.65,150.5,150.5,150.18,"88,98,884","1,33,64,51,235.55","39,047","24,52,776",27.56
HINDALCO,EQ,2016-10-26,150.5,149.9,152.25,148.6,150.25,150.2,150.71,"61,91,861","93,31,90,669.85","22,731","18,62,667",30.08
HINDALCO,EQ,2016-10-27,150.2,150.2,150.85,147.4,148.9,148.3,149.08,"83,86,282","1,25,02,07,450.85","34,388","32,21,654",38.42
HINDALCO,EQ,2016-10-28,148.3,148.5,150.4,148.0,149.8,149.65,149.18,"45,01,956","67,16,22,194.25","23,188","16,01,157",35.57
HINDALCO,EQ,2016-10-30,149.65,150.0,150.25,149.4,149.4,149.75,149.91,"4,29,601","6,44,02,790.20","3,150","1,78,942",41.65
HINDALCO,EQ,2016-11-01,149.75,150.5,159.5,149.7,156.9,156.95,156.66,"1,77,22,418","2,77,63,90,154.85","91,311","51,30,815",28.95
HINDALCO,EQ,2016-11-02,156.95,154.8,158.2,153.15,156.95,156.5,155.75,"1,13,09,743","1,76,15,13,221.70","64,310","39,49,769",34.92
HINDALCO,EQ,2016-11-03,156.5,156.95,166.4,156.75,163.0,162.8,163.48,"2,61,47,206","4,27,46,22,165.55","1,28,680","48,71,621",18.63
HINDALCO,EQ,2016-11-04,162.8,164.0,164.95,154.75,159.15,158.85,159.12,"1,40,42,173","2,23,43,61,121.85","75,396","28,57,445",20.35
HINDALCO,EQ,2016-11-07,158.85,162.75,168.75,161.4,167.1,167.6,165.47,"1,39,26,778","2,30,45,29,569.45","81,006","43,26,188",31.06
HINDALCO,EQ,2016-11-08,167.6,170.0,172.4,165.85,167.6,167.4,170.0,"2,34,31,723","3,98,34,01,265.65","1,00,704","79,12,416",33.77
HINDALCO,EQ,2016-11-09,167.4,150.7,163.65,150.7,162.4,162.1,159.16,"1,13,28,441","1,80,30,74,440.55","62,749","23,90,230",21.1
HINDALCO,EQ,2016-11-10,162.1,168.5,177.35,167.0,176.1,175.75,173.42,"1,62,75,443","2,82,24,37,580.05","87,504","42,86,709",26.34
HINDALCO,EQ,2016-11-11,175.75,174.1,178.1,171.05,173.25,172.3,173.99,"1,34,55,096","2,34,10,00,503.50","70,600","33,00,023",24.53
HINDALCO,EQ,2016-11-15,172.3,175.7,180.65,166.5,168.4,167.75,172.78,"3,07,48,024","5,31,26,68,865.50","1,27,476","1,15,92,002",37.7
HINDALCO,EQ,2016-11-16,167.75,171.8,172.7,161.2,161.35,162.8,165.42,"1,19,09,724","1,97,01,53,038.50","69,812","31,67,990",26.6
HINDALCO,EQ,2016-11-17,162.8,164.0,169.8,162.0,168.6,168.3,167.0,"1,05,60,503","1,76,36,44,740.70","71,574","23,02,327",21.8
HINDALCO,EQ,2016-11-18,168.3,169.0,169.3,163.6,166.2,165.35,165.98,"87,75,559","1,45,65,62,934.25","59,156","14,89,392",16.97
HINDALCO,EQ,2016-11-21,165.35,166.5,170.8,156.1,156.45,157.35,162.42,"1,60,27,161","2,60,31,06,964.45","70,195","28,68,865",17.9
HINDALCO,EQ,2016-11-22,157.35,158.85,167.3,158.65,167.15,166.55,164.46,"1,54,31,966","2,53,78,81,661.85","90,523","48,62,070",31.51
HINDALCO,EQ,2016-11-23,166.55,168.95,174.3,168.0,173.1,173.7,171.87,"1,59,75,588","2,74,57,15,380.15","89,864","25,59,420",16.02
HINDALCO,EQ,2016-11-24,173.7,173.5,181.15,172.15,180.2,180.45,178.03,"2,43,53,559","4,33,55,55,152.45","1,21,594","63,94,873",26.26
HINDALCO,EQ,2016-11-25,180.45,182.9,184.8,178.85,180.05,180.5,181.78,"1,73,38,861","3,15,18,02,528.70","1,04,623","30,21,418",17.43
HINDALCO,EQ,2016-11-28,180.5,180.3,182.35,177.7,178.5,178.65,179.45,"1,25,19,439","2,24,66,15,404.15","66,266","34,80,653",27.8
HINDALCO,EQ,2016-11-29,178.65,179.7,180.85,174.8,175.55,175.4,176.98,"98,19,481","1,73,78,78,164.30","58,825","27,94,941",28.46
HINDALCO,EQ,2016-11-30,175.4,175.0,178.7,172.8,175.55,175.75,175.16,"1,50,95,725","2,64,41,83,664.90","1,06,791","58,47,721",38.74
HINDALCO,EQ,2016-12-01,175.75,176.8,177.5,169.7,171.6,171.35,173.3,"76,38,033","1,32,36,39,452.55","36,994","16,43,797",21.52
HINDALCO,EQ,2016-12-02,171.35,170.95,174.15,167.5,169.4,168.75,169.92,"1,10,34,636","1,87,50,40,537.95","56,669","26,65,326",24.15
HINDALCO,EQ,2016-12-05,168.75,168.5,175.4,167.8,175.05,174.5,171.28,"91,44,499","1,56,62,54,773.45","53,093","18,38,999",20.11
HINDALCO,EQ,2016-12-06,174.5,176.95,177.85,174.2,175.95,175.4,175.8,"86,68,165","1,52,38,22,218.25","44,946","16,42,994",18.95
HINDALCO,EQ,2016-12-07,175.4,176.5,176.8,172.45,176.2,175.05,175.21,"62,13,861","1,08,87,35,214.80","33,749","17,96,313",28.91
HINDALCO,EQ,2016-12-08,175.05,177.45,181.4,176.3,178.65,179.2,179.44,"94,32,763","1,69,26,08,597.40","52,166","24,50,013",25.97
HINDALCO,EQ,2016-12-09,179.2,180.45,183.45,179.05,182.0,182.1,181.8,"95,43,322","1,73,50,04,012.50","67,225","34,46,400",36.11
HINDALCO,EQ,2016-12-12,182.1,180.8,183.2,179.25,181.55,181.95,181.67,"80,51,004","1,46,26,65,453.70","55,774","24,82,741",30.84
HINDALCO,EQ,2016-12-13,181.95,181.55,182.65,175.25,177.25,176.95,177.31,"96,90,930","1,71,83,45,850.90","55,366","42,03,222",43.37
HINDALCO,EQ,2016-12-14,176.95,177.25,178.2,174.85,176.0,176.0,176.54,"61,98,952","1,09,43,55,396.05","63,390","18,18,474",29.34
HINDALCO,EQ,2016-12-15,176.0,173.4,177.4,173.2,176.5,176.1,175.65,"61,65,323","1,08,29,31,487.55","44,658","15,43,628",25.04
HINDALCO,EQ,2016-12-16,176.1,176.9,176.9,169.1,170.0,170.2,171.07,"95,84,392","1,63,95,64,383.95","86,128","32,66,371",34.08
HINDALCO,EQ,2016-12-19,170.2,169.4,171.75,168.1,169.1,169.15,170.06,"55,26,669","93,98,49,682.95","33,512","12,66,834",22.92
HINDALCO,EQ,2016-12-20,169.15,169.7,169.75,165.35,167.45,167.15,166.97,"54,35,726","90,76,18,172.05","44,684","14,91,682",27.44
HINDALCO,EQ,2016-12-21,167.15,168.0,171.0,166.55,168.75,168.8,169.5,"65,39,566","1,10,84,51,746.90","52,980","17,24,284",26.37
HINDALCO,EQ,2016-12-22,168.8,168.7,168.7,160.25,161.6,161.25,162.83,"95,93,033","1,56,20,69,055.70","64,814","24,29,125",25.32
HINDALCO,EQ,2016-12-23,161.25,161.0,162.1,158.85,159.1,159.3,160.55,"98,04,162","1,57,40,32,617.10","57,228","29,19,537",29.78
HINDALCO,EQ,2016-12-26,159.3,157.5,157.5,149.7,151.3,151.5,152.24,"1,02,29,442","1,55,73,69,426.05","64,781","18,22,707",17.82
HINDALCO,EQ,2016-12-27,151.5,150.3,156.6,147.85,156.3,155.55,152.63,"1,07,82,163","1,64,56,50,407.60","58,244","18,59,810",17.25
HINDALCO,EQ,2016-12-28,155.55,156.5,158.25,152.6,154.25,153.6,154.95,"90,07,119","1,39,56,32,406.45","49,495","25,84,373",28.69
HINDALCO,EQ,2016-12-29,153.6,153.1,155.55,152.3,154.35,154.75,154.23,"77,14,023","1,18,97,18,705.30","40,096","25,35,150",32.86
HINDALCO,EQ,2016-12-30,154.75,155.0,156.2,153.25,154.8,155.05,154.84,"81,99,773","1,26,96,60,031.25","48,410","27,60,595",33.67
HINDALCO,EQ,2017-01-02,155.05,155.85,159.75,154.2,159.5,158.85,156.77,"95,37,127","1,49,51,66,831.20","41,135","27,77,311",29.12
HINDALCO,EQ,2017-01-03,158.85,159.85,161.0,157.05,159.2,158.85,158.9,"68,41,113","1,08,70,30,035.95","35,841","13,19,967",19.29
HINDALCO,EQ,2017-01-04,158.85,158.9,161.6,157.45,158.55,158.9,159.62,"77,32,019","1,23,41,71,321.40","57,391","27,32,506",35.34
HINDALCO,EQ,2017-01-05,158.9,160.0,162.65,159.9,161.8,162.0,161.43,"99,21,362","1,60,15,63,645.15","56,853","36,46,670",36.76
HINDALCO,EQ,2017-01-06,162.0,162.45,163.8,160.1,160.85,160.75,162.13,"68,30,935","1,10,75,11,201.80","43,525","21,11,955",30.92
HINDALCO,EQ,2017-01-09,160.75,161.6,162.2,157.65,157.9,158.0,159.42,"61,43,220","97,93,49,556.70","40,267","21,87,961",35.62
HINDALCO,EQ,2017-01-10,158.0,159.15,165.4,158.0,165.05,164.4,163.55,"1,58,06,841","2,58,51,83,154.95","74,727","55,06,772",34.84
HINDALCO,EQ,2017-01-11,164.4,167.1,175.65,166.45,174.55,174.95,172.29,"2,41,45,144","4,15,98,62,942.30","1,22,094","93,07,321",38.55
HINDALCO,EQ,2017-01-12,174.95,175.6,178.6,172.4,178.0,177.0,175.86,"1,42,25,168","2,50,16,62,832.95","61,844","51,52,380",36.22
HINDALCO,EQ,2017-01-13,177.0,178.8,178.8,170.85,172.1,172.25,173.21,"1,74,30,533","3,01,90,72,920.25","1,05,300","86,71,121",49.75
HINDALCO,EQ,2017-01-16,172.25,172.0,174.35,169.9,172.75,172.6,172.58,"96,73,403","1,66,94,34,872.55","49,830","42,26,705",43.69
HINDALCO,EQ,2017-01-17,172.6,173.6,174.8,169.3,171.1,171.05,171.48,"73,73,767","1,26,44,30,169.75","39,324","20,73,649",28.12
HINDALCO,EQ,2017-01-18,171.05,171.8,177.35,171.6,177.15,177.0,174.67,"1,30,47,979","2,27,90,69,201.65","84,940","47,15,885",36.14
HINDALCO,EQ,2017-01-19,177.0,176.3,177.25,173.5,175.8,176.1,175.62,"83,84,318","1,47,24,76,106.50","53,823","25,96,370",30.97
HINDALCO,EQ,2017-01-20,176.1,175.6,178.35,169.5,171.95,171.65,174.27,"1,20,34,397","2,09,72,65,483.80","66,510","34,87,195",28.98
HINDALCO,EQ,2017-01-23,171.65,173.0,182.4,172.25,182.05,181.7,178.32,"1,82,23,180","3,24,95,04,851.65","1,04,966","56,16,698",30.82
HINDALCO,EQ,2017-01-24,181.7,182.6,187.85,181.05,186.95,187.15,184.55,"1,71,25,785","3,16,05,44,795.40","1,47,850","60,70,737",35.45
HINDALCO,EQ,2017-01-25,187.15,187.4,191.65,187.15,190.05,190.75,189.37,"2,12,41,955","4,02,25,48,110.85","94,178","89,75,826",42.26
HINDALCO,EQ,2017-01-27,190.75,190.5,195.0,188.05,190.8,190.75,191.47,"1,95,84,307","3,74,98,60,735.60","1,01,607","85,68,467",43.75
HINDALCO,EQ,2017-01-30,190.75,190.05,195.3,186.95,191.9,191.5,190.96,"1,20,48,505","2,30,08,12,792.95","62,642","19,01,409",15.78
HINDALCO,EQ,2017-01-31,191.5,191.95,193.2,189.2,190.0,189.95,190.96,"95,10,113","1,81,60,46,109.35","49,732","23,47,209",24.68
HINDALCO,EQ,2017-02-01,189.95,190.9,200.0,186.55,198.2,198.85,194.07,"1,26,02,860","2,44,57,92,376.75","57,825","35,42,772",28.11
HINDALCO,EQ,2017-02-02,198.85,198.5,198.5,191.5,193.15,193.3,194.04,"1,27,23,782","2,46,89,05,020.70","72,243","43,68,536",34.33
HINDALCO,EQ,2017-02-03,193.3,194.0,195.4,188.25,192.1,191.75,191.78,"1,13,16,589","2,17,02,59,411.65","55,592","39,26,208",34.69
HINDALCO,EQ,2017-02-06,191.75,192.5,195.5,189.3,189.55,190.1,192.31,"73,76,710","1,41,86,27,697.65","44,016","22,82,751",30.95
HINDALCO,EQ,2017-02-07,190.1,190.7,192.95,184.05,186.4,185.9,188.1,"1,06,34,847","2,00,04,00,344.60","62,303","37,49,922",35.26
HINDALCO,EQ,2017-02-08,185.9,187.5,192.25,186.3,189.7,189.0,189.01,"1,03,72,799","1,96,05,55,657.45","53,136","23,35,511",22.52
HINDALCO,EQ,2017-02-09,189.0,189.95,190.25,181.95,184.0,183.7,184.67,"1,39,95,996","2,58,47,04,719.55","93,833","51,55,313",36.83
HINDALCO,EQ,2017-02-10,183.7,185.6,185.7,180.8,182.35,182.05,182.77,"1,15,98,507","2,11,98,60,039.95","68,908","42,76,495",36.87
HINDALCO,EQ,2017-02-13,182.05,184.5,187.9,181.6,184.8,185.0,185.36,"1,74,58,689","3,23,62,15,800.70","94,830","21,26,009",12.18
HINDALCO,EQ,2017-02-14,185.0,187.0,188.0,184.2,186.55,187.25,186.23,"1,19,38,838","2,22,33,53,538.20","69,060","36,10,017",30.24
HINDALCO,EQ,2017-02-15,187.25,187.1,189.95,182.05,184.6,184.45,186.09,"1,19,76,086","2,22,85,73,695.65","65,789","38,58,804",32.22
HINDALCO,EQ,2017-02-16,184.45,184.0,188.8,182.25,187.5,187.75,185.28,"1,04,29,023","1,93,22,96,919.90","50,674","25,60,628",24.55
HINDALCO,EQ,2017-02-17,187.75,187.95,189.3,183.0,183.4,183.65,184.57,"92,31,407","1,70,38,06,116.45","51,168","28,93,074",31.34
HINDALCO,EQ,2017-02-20,183.65,184.0,185.9,179.75,182.8,183.3,182.5,"1,78,74,216","3,26,21,08,285.00","90,464","72,49,899",40.56
HINDALCO,EQ,2017-02-21,183.3,183.35,186.9,181.8,182.05,182.45,183.67,"1,33,07,165","2,44,41,78,045.65","69,070","58,18,750",43.73
HINDALCO,EQ,2017-02-22,182.45,183.0,184.0,179.1,179.4,180.05,181.54,"89,76,506","1,62,95,69,263.20","98,876","32,54,654",36.26
HINDALCO,EQ,2017-02-23,180.05,179.8,183.5,179.3,182.35,182.1,181.81,"1,13,93,385","2,07,13,95,671.85","63,965","47,89,246",42.04
HINDALCO,EQ,2017-02-27,182.1,182.35,183.15,179.2,180.7,180.75,180.7,"74,19,931","1,34,07,69,270.30","50,773","21,28,295",28.68
HINDALCO,EQ,2017-02-28,180.75,181.0,185.5,180.3,184.3,184.35,183.48,"1,00,09,502","1,83,65,35,389.85","65,914","30,04,738",30.02
HINDALCO,EQ,2017-03-01,184.35,185.15,192.0,184.6,190.15,189.25,188.79,"1,90,44,703","3,59,53,91,258.75","91,587","60,51,658",31.78
HINDALCO,EQ,2017-03-02,189.25,191.2,196.15,188.2,190.8,189.45,192.25,"2,29,34,124","4,40,90,84,731.55","1,23,472","73,48,469",32.04
HINDALCO,EQ,2017-03-03,189.45,188.45,199.75,187.95,198.85,198.55,196.1,"3,10,30,530","6,08,49,78,509.80","1,51,330","1,02,04,910",32.89
HINDALCO,EQ,2017-03-06,198.55,198.7,202.3,196.35,199.9,199.55,199.38,"1,76,00,803","3,50,93,12,853.90","1,01,827","37,85,197",21.51
HINDALCO,EQ,2017-03-07,199.55,199.35,199.35,191.6,193.05,192.55,193.7,"1,76,07,880","3,41,06,80,966.95","93,718","80,59,118",45.77
HINDALCO,EQ,2017-03-08,192.55,192.9,193.4,186.8,191.4,190.2,189.42,"1,94,26,738","3,67,99,09,457.05","1,02,427","77,60,560",39.95
HINDALCO,EQ,2017-03-09,190.2,191.0,192.0,187.8,188.65,189.2,189.6,"1,16,67,482","2,21,21,83,313.15","72,996","32,02,852",27.45
HINDALCO,EQ,2017-03-10,189.2,190.8,191.35,187.0,188.1,187.6,187.99,"97,45,858","1,83,21,00,532.15","56,575","38,16,039",39.16
HINDALCO,EQ,2017-03-14,187.6,193.5,194.0,188.45,190.55,190.4,190.04,"1,54,25,412","2,93,13,83,190.90","1,12,276","74,19,822",48.1
HINDALCO,EQ,2017-03-15,190.4,192.4,192.9,190.05,190.25,190.85,191.28,"1,10,00,147","2,10,40,95,906.20","64,819","32,68,397",29.71
HINDALCO,EQ,2017-03-16,190.85,194.0,199.4,192.7,199.25,198.75,196.18,"1,76,34,067","3,45,94,50,905.10","1,20,479","67,45,215",38.25
HINDALCO,EQ,2017-03-17,198.75,200.0,200.35,194.65,196.3,196.2,196.53,"1,23,29,364","2,42,30,82,672.25","60,488","53,29,904",43.23
HINDALCO,EQ,2017-03-20,196.2,196.7,197.1,191.65,196.35,196.2,194.61,"71,07,018","1,38,31,02,295.50","47,175","18,13,462",25.52
HINDALCO,EQ,2017-03-21,196.2,196.0,199.8,193.25,199.4,198.3,195.98,"88,32,703","1,73,10,38,674.25","60,549","24,29,836",27.51
HINDALCO,EQ,2017-03-22,198.3,194.9,196.5,192.0,193.25,193.4,194.04,"1,77,62,515","3,44,65,50,882.90","1,25,366","76,01,896",42.8
HINDALCO,EQ,2017-03-23,193.4,194.4,195.2,192.7,193.5,193.7,193.75,"1,06,80,580","2,06,93,97,974.95","88,739","49,25,463",46.12
HINDALCO,EQ,2017-03-24,193.7,193.5,197.0,192.25,195.1,194.9,195.04,"1,17,48,143","2,29,13,39,715.65","85,242","54,38,421",46.29
HINDALCO,EQ,2017-03-27,194.9,193.95,194.55,187.6,188.2,188.7,189.91,"1,69,88,411","3,22,62,05,964.90","1,15,619","96,75,824",56.96
HINDALCO,EQ,2017-03-28,188.7,189.5,191.2,188.75,189.55,189.6,189.8,"1,00,87,530","1,91,46,59,845.20","79,029","53,66,073",53.2
HINDALCO,EQ,2017-03-29,189.6,190.6,193.15,189.6,192.5,192.25,191.52,"90,66,478","1,73,64,14,982.50","60,722","40,24,667",44.39
HINDALCO,EQ,2017-03-30,192.25,192.4,193.55,189.8,190.15,190.3,190.87,"1,62,96,796","3,11,05,89,966.20","1,16,887","99,40,470",61.0
HINDALCO,EQ,2017-03-31,190.3,190.8,195.95,190.5,194.55,195.05,194.62,"1,32,64,696","2,58,16,22,552.60","77,847","58,34,095",43.98
HINDALCO,EQ,2017-04-03,195.05,195.1,196.85,192.35,193.5,193.6,194.31,"71,98,876","1,39,87,78,472.05","48,844","31,42,368",43.65
HINDALCO,EQ,2017-04-05,193.6,194.4,199.2,194.2,197.8,198.2,197.57,"1,04,40,883","2,06,28,40,546.55","69,708","37,14,688",35.58
HINDALCO,EQ,2017-04-06,198.2,196.7,196.7,191.35,193.85,193.95,193.26,"1,56,67,730","3,02,79,63,285.20","1,43,470","82,48,142",52.64
HINDALCO,EQ,2017-04-07,193.95,193.7,197.6,192.35,193.75,193.5,194.44,"1,45,76,273","2,83,41,92,954.15","83,504","63,73,361",43.72
HINDALCO,EQ,2017-04-10,193.5,194.1,195.5,192.6,195.1,195.05,194.43,"69,29,296","1,34,72,70,966.25","62,095","24,97,492",36.04
HINDALCO,EQ,2017-04-11,195.05,195.1,197.0,192.6,196.15,196.45,195.02,"98,70,105","1,92,48,44,850.75","89,347","44,61,655",45.2
HINDALCO,EQ,2017-04-12,196.45,196.95,198.0,192.1,192.55,193.0,193.72,"1,42,53,253","2,76,11,56,989.90","83,540","79,09,049",55.49
HINDALCO,EQ,2017-04-13,193.0,192.0,192.0,182.45,183.1,183.25,185.73,"2,00,27,226","3,71,96,21,031.75","1,07,793","94,47,796",47.17
HINDALCO,EQ,2017-04-17,183.25,182.5,182.95,179.35,181.6,181.45,180.81,"1,60,69,287","2,90,54,22,131.50","97,162","84,47,705",52.57
HINDALCO,EQ,2017-04-18,181.45,183.7,190.35,183.2,183.8,183.8,186.57,"2,23,44,207","4,16,88,67,086.45","1,16,412","92,21,965",41.27
HINDALCO,EQ,2017-04-19,183.8,183.65,187.2,182.05,186.8,186.0,184.27,"1,00,62,015","1,85,41,33,354.15","57,179","38,28,781",38.05
HINDALCO,EQ,2017-04-20,186.0,186.95,188.6,184.9,186.65,186.45,186.68,"93,35,160","1,74,27,31,360.70","82,485","38,40,651",41.14
HINDALCO,EQ,2017-04-21,186.45,187.75,190.7,184.6,187.9,188.1,187.45,"1,36,83,524","2,56,50,26,679.20","88,636","61,47,706",44.93
HINDALCO,EQ,2017-04-24,188.1,188.0,191.7,187.1,190.65,190.8,189.85,"89,34,000","1,69,61,21,597.70","63,498","42,73,425",47.83
HINDALCO,EQ,2017-04-25,190.8,192.75,193.75,189.15,191.25,191.7,191.55,"80,90,965","1,54,98,46,824.60","64,268","31,41,086",38.82
HINDALCO,EQ,2017-04-26,191.7,192.6,198.45,192.6,197.55,197.0,196.37,"1,34,69,283","2,64,50,27,210.80","84,807","47,70,324",35.42
HINDALCO,EQ,2017-04-27,197.0,197.65,197.75,193.7,195.15,194.85,195.05,"94,53,547","1,84,38,71,248.55","59,582","43,77,829",46.31
HINDALCO,EQ,2017-04-28,194.85,193.85,203.7,192.25,199.0,199.35,199.86,"1,74,28,449","3,48,32,29,817.60","81,723","46,75,916",26.83
HINDALCO,EQ,2017-05-02,199.35,200.85,203.9,198.6,200.4,200.25,200.78,"1,25,42,163","2,51,81,77,847.95","64,668","44,11,932",35.18
HINDALCO,EQ,2017-05-03,200.25,201.1,201.9,196.45,197.2,197.05,198.52,"78,53,965","1,55,91,76,507.70","43,878","17,46,211",22.23
HINDALCO,EQ,2017-05-04,197.05,197.75,198.85,190.25,192.3,192.45,192.75,"1,12,24,342","2,16,35,29,434.60","60,038","42,73,875",38.08
HINDALCO,EQ,2017-05-05,192.45,192.0,192.0,183.4,185.6,185.8,185.42,"1,99,12,601","3,69,22,64,270.65","1,13,651","97,06,276",48.74
HINDALCO,EQ,2017-05-08,185.8,187.6,187.9,181.6,184.55,184.2,183.37,"1,55,91,759","2,85,90,80,134.25","63,830","90,58,114",58.1
HINDALCO,EQ,2017-05-09,184.2,184.55,188.6,183.1,186.0,186.4,186.24,"1,13,55,111","2,11,47,41,667.05","68,917","40,59,942",35.75
HINDALCO,EQ,2017-05-10,186.4,187.0,188.55,185.45,187.25,187.1,186.99,"94,59,887","1,76,89,00,135.10","56,648","49,51,888",52.35
HINDALCO,EQ,2017-05-11,187.1,193.35,195.8,192.05,193.45,193.65,194.12,"2,30,26,210","4,46,99,14,871.25","1,22,002","74,57,354",32.39
HINDALCO,EQ,2017-05-12,193.65,194.75,195.35,189.15,191.4,191.05,191.97,"1,12,31,977","2,15,61,72,326.45","53,725","42,30,598",37.67
HINDALCO,EQ,2017-05-15,191.05,191.95,199.9,191.9,198.7,198.45,197.53,"1,81,59,344","3,58,69,75,568.40","83,798","54,50,720",30.02
HINDALCO,EQ,2017-05-16,198.45,198.65,198.85,195.5,196.9,196.5,196.86,"1,00,68,622","1,98,20,77,070.25","60,041","50,00,318",49.66
HINDALCO,EQ,2017-05-17,196.5,196.1,200.35,196.1,198.25,198.85,198.52,"1,06,43,485","2,11,29,60,987.90","63,106","37,66,725",35.39
HINDALCO,EQ,2017-05-18,198.85,196.0,196.7,192.3,194.1,194.0,193.96,"1,39,59,394","2,70,75,80,659.65","49,142","78,48,028",56.22
HINDALCO,EQ,2017-05-19,194.0,195.95,196.0,186.0,191.5,191.0,190.88,"1,14,28,477","2,18,14,87,373.30","75,402","34,02,216",29.77
HINDALCO,EQ,2017-05-22,191.0,192.55,194.4,189.15,190.6,190.25,190.72,"96,99,691","1,84,99,27,279.20","54,129","42,88,301",44.21
HINDALCO,EQ,2017-05-23,190.25,190.6,195.25,184.55,191.7,192.0,191.08,"1,33,72,515","2,55,52,02,128.55","80,672","46,53,306",34.8
HINDALCO,EQ,2017-05-24,192.0,191.95,193.65,185.1,186.9,187.05,188.59,"1,11,30,641","2,09,91,67,770.40","51,903","38,88,894",34.94
HINDALCO,EQ,2017-05-25,187.05,188.0,192.0,185.85,190.95,190.55,188.4,"96,96,039","1,82,67,42,622.35","67,678","41,98,436",43.3
HINDALCO,EQ,2017-05-26,190.55,190.7,203.15,189.4,198.25,198.4,198.46,"1,78,03,837","3,53,32,95,693.15","88,063","60,54,344",34.01
HINDALCO,EQ,2017-05-29,198.4,198.3,204.9,197.25,201.8,201.25,200.84,"1,25,16,450","2,51,37,57,829.25","76,781","23,60,308",18.86
HINDALCO,EQ,2017-05-30,201.25,202.45,210.35,201.15,203.65,203.15,205.93,"2,74,44,380","5,65,15,11,910.20","1,47,733","51,56,524",18.79
HINDALCO,EQ,2017-05-31,203.15,203.95,208.25,200.0,200.4,200.7,202.87,"2,62,47,788","5,32,49,91,243.10","1,85,648","1,08,56,168",41.36
HINDALCO,EQ,2017-06-01,200.7,200.5,201.45,195.25,197.7,197.25,196.91,"1,22,62,290","2,41,46,02,590.85","68,892","49,06,418",40.01
HINDALCO,EQ,2017-06-02,197.25,198.3,200.2,194.65,197.1,197.05,196.82,"88,24,329","1,73,68,00,562.20","67,533","28,94,321",32.8
HINDALCO,EQ,2017-06-05,197.05,197.0,199.8,195.5,197.5,197.1,197.48,"77,25,805","1,52,57,10,633.20","68,760","24,38,147",31.56
HINDALCO,EQ,2017-06-06,197.1,197.05,198.15,194.8,195.65,195.45,196.02,"60,27,099","1,18,14,16,382.85","38,491","16,01,583",26.57
HINDALCO,EQ,2017-06-07,195.45,196.05,197.95,194.85,197.5,197.2,196.44,"78,22,110","1,53,65,97,582.50","61,990","28,63,173",36.6
HINDALCO,EQ,2017-06-08,197.2,197.2,200.7,197.1,198.7,198.45,199.29,"72,50,812","1,44,49,78,071.85","42,715","14,42,018",19.89
HINDALCO,EQ,2017-06-09,198.45,198.75,202.9,196.25,202.8,202.15,199.65,"90,77,091","1,81,22,66,107.05","68,844","27,60,630",30.41
HINDALCO,EQ,2017-06-12,202.15,201.15,204.3,198.7,200.85,200.6,201.74,"75,89,316","1,53,10,42,918.25","62,052","18,25,283",24.05
HINDALCO,EQ,2017-06-13,200.6,200.75,203.2,199.5,200.1,200.6,201.35,"64,58,838","1,30,04,82,494.40","66,429","18,16,140",28.12
HINDALCO,EQ,2017-06-14,200.6,200.6,201.0,196.15,200.35,200.15,198.96,"89,33,791","1,77,74,49,642.60","69,051","31,97,819",35.79
HINDALCO,EQ,2017-06-15,200.15,198.9,200.5,196.1,196.35,196.6,197.71,"84,24,950","1,66,57,06,394.70","59,077","35,24,655",41.84
HINDALCO,EQ,2017-06-16,196.6,196.6,197.7,194.9,195.0,195.25,195.93,"67,18,837","1,31,64,44,915.25","41,052","28,88,546",42.99
HINDALCO,EQ,2017-06-19,195.25,196.6,201.45,196.0,201.2,200.85,199.0,"67,75,145","1,34,82,23,818.10","47,938","15,92,117",23.5
HINDALCO,EQ,2017-06-20,200.85,201.95,202.9,199.4,201.9,202.0,201.27,"70,11,446","1,41,11,98,496.50","52,101","24,13,273",34.42
HINDALCO,EQ,2017-06-21,202.0,200.45,200.5,195.7,196.7,196.55,197.87,"1,07,86,414","2,13,43,11,209.05","58,756","42,58,539",39.48
HINDALCO,EQ,2017-06-22,196.55,197.55,198.0,191.1,191.3,191.6,194.66,"93,49,289","1,81,99,66,958.00","63,671","33,56,917",35.91
HINDALCO,EQ,2017-06-23,191.6,191.25,191.3,186.6,188.7,188.7,189.03,"1,43,35,956","2,70,98,76,715.90","90,365","62,20,347",43.39
HINDALCO,EQ,2017-06-27,188.7,189.4,189.9,185.1,187.95,187.75,187.07,"67,23,293","1,25,77,44,997.00","45,375","20,42,663",30.38
HINDALCO,EQ,2017-06-28,187.75,188.0,190.4,185.8,190.0,189.85,188.61,"81,84,171","1,54,36,53,222.00","57,784","26,97,063",32.95
HINDALCO,EQ,2017-06-29,189.85,192.0,193.6,191.4,191.95,192.2,192.63,"78,68,064","1,51,56,30,637.20","57,413","30,25,682",38.46
HINDALCO,EQ,2017-06-30,192.2,191.95,192.65,189.4,191.1,190.95,191.0,"75,22,346","1,43,67,84,639.75","50,776","28,31,787",37.64
HINDALCO,EQ,2017-07-03,190.95,191.2,197.8,191.2,196.95,196.65,196.22,"1,38,51,222","2,71,78,84,152.45","65,558","63,00,800",45.49
HINDALCO,EQ,2017-07-04,196.65,197.35,200.15,197.15,198.3,198.4,198.8,"1,59,43,321","3,16,95,46,841.30","70,692","84,17,649",52.8
HINDALCO,EQ,2017-07-05,198.4,198.65,200.0,197.25,198.6,198.8,198.83,"65,10,422","1,29,44,65,992.40","39,067","23,30,882",35.8
HINDALCO,EQ,2017-07-06,198.8,198.05,199.6,196.15,196.5,196.65,197.56,"68,64,881","1,35,62,43,570.45","26,675","30,81,373",44.89
HINDALCO,EQ,2017-07-07,196.65,195.3,197.9,194.55,194.7,194.9,196.04,"73,07,585","1,43,25,82,046.10","45,000","32,59,919",44.61
HINDALCO,EQ,2017-07-10,194.9,199.0,205.15,194.0,196.25,195.8,196.16,"33,95,722","66,61,08,165.75","8,618","20,03,638",59.0
HINDALCO,EQ,2017-07-11,195.8,195.5,202.3,195.25,200.3,200.65,199.62,"1,51,15,931","3,01,74,88,391.85","67,211","64,96,118",42.98
HINDALCO,EQ,2017-07-12,200.65,201.75,202.4,199.05,200.4,200.6,200.98,"83,29,987","1,67,41,91,943.15","59,101","28,98,297",34.79
HINDALCO,EQ,2017-07-13,200.6,201.6,205.6,197.7,205.4,204.7,202.13,"1,19,02,359","2,40,58,11,776.40","63,122","38,45,927",32.31
HINDALCO,EQ,2017-07-14,204.7,205.8,207.4,204.0,206.1,205.95,206.09,"1,47,93,571","3,04,88,68,287.75","66,734","62,89,650",42.52
HINDALCO,EQ,2017-07-17,205.95,206.15,209.5,206.15,209.0,209.15,208.55,"99,77,809","2,08,08,64,649.40","53,504","43,65,577",43.75
HINDALCO,EQ,2017-07-18,209.15,207.95,210.4,206.4,207.35,207.4,208.14,"75,29,525","1,56,72,19,392.30","55,938","28,95,223",38.45
HINDALCO,EQ,2017-07-19,207.4,207.5,213.9,207.4,213.05,213.45,212.23,"1,37,00,281","2,90,75,87,252.70","1,02,904","54,31,184",39.64
HINDALCO,EQ,2017-07-20,213.45,213.3,214.6,211.3,213.5,213.65,212.91,"66,00,194","1,40,52,15,429.40","36,914","23,02,834",34.89
HINDALCO,EQ,2017-07-21,213.65,213.4,215.6,208.0,214.3,214.55,211.68,"98,96,744","2,09,49,80,726.35","53,365","37,11,951",37.51
HINDALCO,EQ,2017-07-24,214.55,214.7,215.8,212.15,214.65,214.4,214.21,"79,11,040","1,69,46,02,875.75","50,772","36,29,702",45.88
HINDALCO,EQ,2017-07-25,214.4,215.0,220.9,213.25,220.75,220.2,217.17,"1,05,67,887","2,29,50,18,742.60","1,19,847","42,31,394",40.04
HINDALCO,EQ,2017-07-26,220.2,222.0,222.8,218.75,220.0,221.55,220.93,"82,53,006","1,82,33,54,597.15","70,664","29,65,551",35.93
HINDALCO,EQ,2017-07-27,221.55,221.75,223.75,219.45,220.4,221.25,221.42,"83,95,336","1,85,88,67,453.20","59,803","34,07,263",40.59
HINDALCO,EQ,2017-07-28,221.25,219.95,219.95,214.0,216.0,215.85,216.7,"60,34,925","1,30,77,90,195.85","52,013","17,16,321",28.44
HINDALCO,EQ,2017-07-31,215.85,216.0,220.85,215.5,220.1,219.65,218.49,"53,89,040","1,17,74,57,224.40","42,836","20,59,803",38.22
HINDALCO,EQ,2017-08-01,219.65,221.1,226.65,221.1,225.6,225.75,225.11,"1,08,37,725","2,43,96,38,773.40","1,08,001","44,05,051",40.65
HINDALCO,EQ,2017-08-02,225.75,225.6,228.9,222.55,227.4,228.2,225.59,"63,97,948","1,44,32,99,862.60","34,910","18,99,858",29.69
HINDALCO,EQ,2017-08-03,228.2,227.8,227.8,220.2,221.0,220.95,222.85,"1,02,54,636","2,28,52,17,487.50","63,607","51,20,439",49.93
HINDALCO,EQ,2017-08-04,220.95,218.35,225.9,218.35,225.45,225.25,223.34,"57,60,887","1,28,66,64,725.25","38,556","15,34,244",26.63
HINDALCO,EQ,2017-08-07,225.25,226.35,228.7,224.1,228.2,227.65,226.32,"49,51,339","1,12,06,08,614.55","36,581","13,93,703",28.15
HINDALCO,EQ,2017-08-08,227.65,233.0,244.9,232.3,235.4,234.9,238.58,"2,48,97,407","5,94,00,21,865.85","99,695","71,36,711",28.66
HINDALCO,EQ,2017-08-09,234.9,237.7,243.2,237.4,239.2,239.45,240.4,"1,28,44,802","3,08,79,05,947.55","87,890","51,52,438",40.11
HINDALCO,EQ,2017-08-10,239.45,239.0,244.8,234.75,240.4,238.0,239.93,"1,08,97,284","2,61,46,02,511.70","92,006","29,81,447",27.36
HINDALCO,EQ,2017-08-11,238.0,235.0,235.0,218.0,222.25,221.0,226.9,"2,11,26,006","4,79,34,19,370.50","1,19,977","65,76,731",31.13
HINDALCO,EQ,2017-08-14,221.0,223.1,231.7,223.1,229.9,229.15,227.77,"1,08,91,996","2,48,08,84,814.90","80,412","38,28,041",35.15
HINDALCO,EQ,2017-08-16,229.15,232.25,236.3,227.15,233.1,233.6,232.03,"1,02,36,544","2,37,51,51,747.20","70,973","34,30,510",33.51
HINDALCO,EQ,2017-08-17,233.6,236.5,239.5,227.8,230.5,230.3,234.31,"1,03,10,147","2,41,57,81,795.90","69,609","32,35,791",31.38
HINDALCO,EQ,2017-08-18,230.3,227.0,232.55,225.75,230.4,230.05,229.38,"1,07,50,779","2,46,59,81,888.85","65,233","36,87,387",34.3
HINDALCO,EQ,2017-08-21,230.05,233.8,236.5,223.95,224.65,224.9,230.51,"70,18,024","1,61,77,10,258.95","44,415","17,66,834",25.18
HINDALCO,EQ,2017-08-22,224.9,228.0,231.65,225.8,229.6,228.9,229.22,"1,22,01,333","2,79,68,32,964.90","82,949","47,28,732",38.76
HINDALCO,EQ,2017-08-23,228.9,230.0,231.5,225.85,231.3,230.9,228.3,"71,89,281","1,64,13,40,644.90","49,859","20,07,215",27.92
HINDALCO,EQ,2017-08-24,230.9,232.0,234.65,230.3,233.45,233.0,232.91,"94,92,099","2,21,07,91,519.70","65,950","48,06,263",50.63
HINDALCO,EQ,2017-08-28,233.0,234.2,235.5,231.8,233.5,233.55,233.2,"51,52,003","1,20,14,40,635.85","62,740","20,20,503",39.22
HINDALCO,EQ,2017-08-29,233.55,234.0,234.25,226.6,227.35,227.3,230.06,"90,95,620","2,09,25,12,856.65","59,180","41,88,528",46.05
HINDALCO,EQ,2017-08-30,227.3,230.85,237.7,230.15,236.4,236.35,235.52,"1,26,85,001","2,98,76,17,235.60","77,992","49,55,777",39.07
HINDALCO,EQ,2017-08-31,236.35,237.8,239.45,235.1,238.25,238.0,237.76,"2,32,00,769","5,51,61,81,928.15","79,864","1,29,14,894",55.67
HINDALCO,EQ,2017-09-01,238.0,239.25,245.0,238.05,244.0,243.75,241.61,"98,52,014","2,38,03,05,244.70","54,717","39,94,649",40.55
HINDALCO,EQ,2017-09-04,243.75,244.45,247.0,237.55,242.3,242.45,243.1,"1,12,83,027","2,74,28,81,329.00","57,054","41,24,496",36.55
HINDALCO,EQ,2017-09-05,242.45,243.2,244.35,240.2,241.9,241.9,242.04,"37,76,840","91,41,63,944.00","24,734","7,22,656",19.13
HINDALCO,EQ,2017-09-06,241.9,236.0,246.7,236.0,246.0,245.8,243.95,"96,88,366","2,36,35,09,585.60","72,160","38,44,479",39.68
HINDALCO,EQ,2017-09-07,245.8,247.5,251.25,245.65,249.7,249.95,248.86,"1,13,30,389","2,81,96,96,749.90","57,230","46,37,797",40.93
HINDALCO,EQ,2017-09-08,249.95,251.75,255.45,246.65,249.0,249.55,251.24,"1,18,86,595","2,98,63,52,343.20","67,584","26,21,104",22.05
HINDALCO,EQ,2017-09-11,249.55,251.45,252.5,246.6,250.5,250.05,249.83,"65,80,356","1,64,39,68,596.80","37,831","18,13,246",27.56
HINDALCO,EQ,2017-09-12,250.05,250.5,254.6,249.5,250.75,250.95,251.65,"68,12,508","1,71,43,70,668.55","54,355","22,76,859",33.42
HINDALCO,EQ,2017-09-13,250.95,250.25,251.7,246.35,248.5,248.0,248.58,"43,23,093","1,07,46,52,192.70","34,632","8,53,467",19.74
HINDALCO,EQ,2017-09-14,248.0,249.3,252.0,244.45,247.55,247.2,247.92,"73,07,378","1,81,16,45,940.95","63,708","23,46,643",32.11
HINDALCO,EQ,2017-09-15,247.2,245.05,249.7,241.4,247.8,247.8,245.73,"88,09,971","2,16,48,83,611.50","48,524","39,90,892",45.3
HINDALCO,EQ,2017-09-18,247.8,248.6,251.35,247.75,249.8,249.5,249.55,"55,70,498","1,39,01,17,683.80","47,011","17,18,949",30.86
HINDALCO,EQ,2017-09-19,249.5,250.4,250.4,245.6,246.5,246.5,247.23,"49,38,461","1,22,09,48,873.35","33,045","16,58,513",33.58
HINDALCO,EQ,2017-09-20,246.5,247.4,248.95,241.8,244.1,244.1,245.33,"99,17,420","2,43,30,07,516.90","60,132","43,83,202",44.2
HINDALCO,EQ,2017-09-21,244.1,245.5,245.8,236.3,244.5,244.55,241.12,"98,88,709","2,38,43,33,682.20","76,460","36,14,605",36.55
HINDALCO,EQ,2017-09-22,244.55,243.3,243.3,229.1,232.7,230.9,234.5,"1,44,54,217","3,38,95,84,296.20","1,19,416","56,39,455",39.02
HINDALCO,EQ,2017-09-25,230.9,231.4,232.5,223.3,228.8,229.1,226.89,"92,48,669","2,09,83,89,199.40","74,498","35,80,348",38.71
HINDALCO,EQ,2017-09-26,229.1,228.25,235.35,227.8,233.0,234.6,232.48,"76,02,977","1,76,75,10,399.85","67,990","26,92,226",35.41
HINDALCO,EQ,2017-09-27,234.6,234.75,235.2,230.7,233.7,233.65,232.86,"65,69,514","1,52,98,08,439.45","62,332","18,95,401",28.85
HINDALCO,EQ,2017-09-28,233.65,232.5,239.7,232.35,239.55,238.45,237.02,"1,51,96,210","3,60,18,10,888.95","1,09,336","77,15,321",50.77
HINDALCO,EQ,2017-09-29,238.45,241.3,242.65,238.6,240.8,240.6,240.84,"91,89,997","2,21,33,54,504.95","77,735","40,95,110",44.56
HINDALCO,EQ,2017-10-03,240.6,242.5,244.7,238.2,241.7,241.6,241.12,"49,86,233","1,20,22,88,662.90","40,788","14,02,039",28.12
HINDALCO,EQ,2017-10-04,241.6,242.05,243.0,240.3,242.95,241.9,241.64,"32,07,388","77,50,46,553.70","23,824","5,69,083",17.74
HINDALCO,EQ,2017-10-05,241.9,242.0,242.85,239.4,239.95,240.75,240.84,"36,98,369","89,07,30,766.90","26,532","8,50,701",23.0
HINDALCO,EQ,2017-10-06,240.75,241.0,252.15,241.0,251.5,250.9,248.03,"94,53,802","2,34,48,05,350.05","63,412","20,63,884",21.83
HINDALCO,EQ,2017-10-09,250.9,250.45,253.4,248.35,250.0,249.5,250.04,"57,44,914","1,43,64,48,427.00","49,605","17,60,919",30.65
HINDALCO,EQ,2017-10-10,249.5,250.5,253.5,248.1,253.0,252.05,250.36,"81,06,676","2,02,95,95,863.00","71,905","41,92,392",51.72
HINDALCO,EQ,2017-10-11,252.05,252.95,254.6,246.6,250.0,249.5,250.59,"97,99,296","2,45,55,75,692.65","64,728","53,59,744",54.7
HINDALCO,EQ,2017-10-12,249.5,250.25,265.4,249.7,264.5,264.45,260.08,"3,03,20,448","7,88,56,51,595.60","1,35,975","1,17,55,443",38.77
HINDALCO,EQ,2017-10-13,264.45,264.7,267.65,261.5,266.8,266.6,264.79,"1,22,76,907","3,25,07,42,048.50","68,878","46,51,463",37.89
HINDALCO,EQ,2017-10-16,266.6,268.45,272.9,267.5,271.8,271.4,271.28,"1,46,32,858","3,96,96,72,925.80","74,840","66,77,073",45.63
HINDALCO,EQ,2017-10-17,271.4,271.9,277.9,269.5,277.7,276.5,273.33,"99,29,992","2,71,41,21,234.50","55,708","35,90,744",36.16
HINDALCO,EQ,2017-10-18,276.5,277.0,278.45,273.2,276.3,275.3,275.49,"96,64,157","2,66,24,02,981.05","37,548","46,22,252",47.83
HINDALCO,EQ,2017-10-19,275.3,275.0,275.25,273.15,273.35,273.9,274.28,"5,69,539","15,62,14,181.30","4,971","1,41,875",24.91
HINDALCO,EQ,2017-10-23,273.9,274.65,278.55,269.45,272.15,271.9,273.33,"62,63,035","1,71,18,76,443.35","53,656","16,38,432",26.16
HINDALCO,EQ,2017-10-24,271.9,269.6,275.0,267.5,269.4,268.85,270.7,"95,97,374","2,59,79,68,417.85","97,630","51,30,166",53.45
HINDALCO,EQ,2017-10-25,268.85,271.8,272.4,264.25,267.4,266.75,266.29,"72,40,195","1,92,79,81,895.60","39,921","36,82,726",50.87
HINDALCO,EQ,2017-10-26,266.75,269.25,275.3,268.0,274.5,272.9,271.44,"84,84,342","2,30,30,24,257.45","47,070","42,73,663",50.37
HINDALCO,EQ,2017-10-27,272.9,275.95,276.3,269.15,270.5,270.05,272.51,"45,87,536","1,25,01,45,263.55","35,199","12,54,237",27.34
HINDALCO,EQ,2017-10-30,270.05,270.55,275.8,270.45,273.7,273.2,273.67,"46,47,384","1,27,18,44,428.45","55,971","23,22,953",49.98
HINDALCO,EQ,2017-10-31,273.2,272.2,273.8,264.75,267.7,267.4,267.78,"47,64,121","1,27,57,52,652.10","51,409","15,99,405",33.57
HINDALCO,EQ,2017-11-01,267.4,269.5,276.0,267.6,275.65,275.3,272.56,"90,43,536","2,46,49,04,030.10","58,605","45,12,568",49.9
HINDALCO,EQ,2017-11-02,275.3,276.0,276.0,266.35,272.3,270.8,269.64,"83,17,616","2,24,27,96,049.05","73,255","29,85,922",35.9
HINDALCO,EQ,2017-11-03,270.8,276.4,277.6,265.6,269.0,268.9,271.39,"1,43,96,735","3,90,70,94,847.45","1,03,126","27,80,076",19.31
HINDALCO,EQ,2017-11-06,268.9,268.7,274.6,261.0,272.1,272.95,268.69,"1,05,82,403","2,84,34,30,090.05","99,059","32,52,226",30.73
HINDALCO,EQ,2017-11-07,272.95,273.85,274.9,264.0,267.5,266.9,267.94,"88,82,930","2,38,00,98,121.90","81,339","39,55,820",44.53
HINDALCO,EQ,2017-11-08,266.9,268.2,269.85,259.2,263.7,263.05,263.84,"79,22,193","2,09,01,78,862.00","58,072","29,09,014",36.72
HINDALCO,EQ,2017-11-09,263.05,267.1,267.95,259.0,264.5,263.3,263.17,"74,19,140","1,95,24,68,812.90","66,252","25,08,637",33.81
HINDALCO,EQ,2017-11-10,263.3,261.5,267.05,260.8,265.4,264.05,263.59,"52,72,277","1,38,96,94,983.00","47,296","18,19,301",34.51
HINDALCO,EQ,2017-11-13,264.05,264.0,265.25,258.8,261.25,260.9,261.52,"54,39,255","1,42,24,51,078.60","47,089","19,63,369",36.1
HINDALCO,EQ,2017-11-14,260.9,260.1,264.75,259.15,260.4,261.0,261.92,"55,75,097","1,46,02,46,710.40","70,334","26,85,597",48.17
HINDALCO,EQ,2017-11-15,261.0,259.5,259.7,248.4,253.65,251.85,252.49,"98,86,735","2,49,62,73,017.35","1,20,050","38,69,219",39.14
HINDALCO,EQ,2017-11-16,251.85,253.55,256.15,251.35,255.25,254.7,253.59,"52,64,913","1,33,51,21,375.35","45,627","19,55,391",37.14
HINDALCO,EQ,2017-11-17,254.7,256.75,263.2,256.75,258.9,258.85,260.6,"59,27,180","1,54,46,31,716.45","39,350","19,55,812",33.0
HINDALCO,EQ,2017-11-20,258.85,259.0,262.5,253.3,262.45,261.45,257.86,"63,77,940","1,64,46,23,489.60","68,925","22,01,125",34.51
HINDALCO,EQ,2017-11-21,261.45,262.6,265.1,259.25,261.8,261.45,262.72,"36,10,061","94,84,45,731.00","57,183","10,68,591",29.6
HINDALCO,EQ,2017-11-22,261.45,262.8,263.85,256.8,256.9,257.75,258.72,"44,97,727","1,16,36,38,449.00","38,384","17,23,163",38.31
HINDALCO,EQ,2017-11-23,257.75,257.0,258.65,250.05,255.5,255.25,254.49,"96,82,203","2,46,40,27,447.00","45,470","43,46,855",44.9
HINDALCO,EQ,2017-11-24,255.25,255.3,255.75,251.0,251.4,251.65,252.56,"61,86,665","1,56,25,22,103.55","33,899","25,17,313",40.69
HINDALCO,EQ,2017-11-27,251.65,250.9,253.6,247.2,249.6,249.65,249.84,"75,92,581","1,89,69,31,020.65","93,164","39,10,107",51.5
HINDALCO,EQ,2017-11-28,249.65,249.15,253.0,248.0,250.05,250.65,250.95,"46,92,698","1,17,76,35,702.45","55,181","15,56,629",33.17
HINDALCO,EQ,2017-11-29,250.65,250.9,251.95,246.0,246.4,246.9,248.64,"52,85,364","1,31,41,79,314.75","33,306","21,50,130",40.68
HINDALCO,EQ,2017-11-30,246.9,245.1,247.45,239.5,239.8,240.45,242.05,"1,49,98,374","3,63,04,11,091.65","80,080","95,41,026",63.61
HINDALCO,EQ,2017-12-01,240.45,240.5,241.35,233.55,234.95,235.35,238.52,"72,09,250","1,71,95,72,205.90","43,183","20,49,886",28.43
HINDALCO,EQ,2017-12-04,235.35,236.5,240.85,234.65,239.5,239.55,239.05,"64,57,124","1,54,35,47,129.00","47,650","20,79,319",32.2
HINDALCO,EQ,2017-12-05,239.55,238.85,241.7,235.7,240.45,240.05,238.26,"67,75,195","1,61,42,85,547.50","46,436","29,57,536",43.65
HINDALCO,EQ,2017-12-06,240.05,236.5,236.65,231.2,232.5,232.1,232.81,"74,02,990","1,72,35,04,871.30","71,666","25,79,049",34.84
HINDALCO,EQ,2017-12-07,232.1,232.5,238.0,229.4,237.75,237.2,234.79,"76,97,931","1,80,74,06,882.40","68,456","27,38,055",35.57
HINDALCO,EQ,2017-12-08,237.2,238.45,243.95,237.55,238.2,239.7,241.79,"88,57,585","2,14,17,07,015.20","94,412","35,43,825",40.01
HINDALCO,EQ,2017-12-11,239.7,240.0,240.85,236.05,238.8,238.1,238.25,"66,13,622","1,57,56,90,704.50","40,026","20,29,601",30.69
HINDALCO,EQ,2017-12-12,238.1,238.45,243.2,236.6,237.0,237.95,240.48,"52,68,296","1,26,69,22,152.10","42,075","10,95,521",20.79
HINDALCO,EQ,2017-12-13,237.95,235.65,239.9,233.55,233.9,234.45,236.83,"73,49,390","1,74,05,69,597.45","58,700","31,38,662",42.71
HINDALCO,EQ,2017-12-14,234.45,235.5,238.0,233.05,237.4,236.4,235.36,"66,18,531","1,55,77,69,259.00","43,884","29,31,377",44.29
HINDALCO,EQ,2017-12-15,236.4,240.85,243.95,239.1,243.95,242.75,242.23,"62,90,840","1,52,38,49,385.25","69,516","26,39,340",41.96
HINDALCO,EQ,2017-12-18,242.75,241.0,254.3,235.5,250.6,249.65,249.05,"1,38,33,894","3,44,53,66,548.60","1,29,019","51,21,149",37.02
HINDALCO,EQ,2017-12-19,249.65,252.0,254.9,250.6,254.65,254.3,253.15,"55,50,113","1,40,50,13,573.65","1,20,696","24,00,523",43.25
HINDALCO,EQ,2017-12-20,254.3,254.5,261.0,251.2,258.2,258.35,257.75,"1,55,19,081","4,00,00,83,519.80","1,11,843","76,04,756",49.0
HINDALCO,EQ,2017-12-21,258.35,260.9,264.65,259.65,263.55,263.3,262.59,"1,37,70,746","3,61,61,01,254.65","72,133","68,10,123",49.45
HINDALCO,EQ,2017-12-22,263.3,263.5,269.5,263.35,269.1,267.85,265.5,"77,60,233","2,06,03,20,120.45","51,933","36,09,914",46.52
HINDALCO,EQ,2017-12-26,267.85,268.8,270.5,266.5,267.7,268.65,268.34,"43,32,214","1,16,25,07,015.60","25,938","10,22,173",23.59
HINDALCO,EQ,2017-12-27,268.65,268.9,269.7,264.7,265.5,265.75,266.99,"63,51,948","1,69,59,18,688.90","33,116","26,60,153",41.88
HINDALCO,EQ,2017-12-28,265.75,267.0,278.8,267.0,274.85,275.25,275.53,"2,29,38,436","6,32,03,12,906.15","86,230","1,03,06,492",44.93
HINDALCO,EQ,2017-12-29,275.25,276.75,276.75,270.7,274.15,273.55,273.07,"50,07,765","1,36,74,51,756.15","38,942","15,13,197",30.22
HINDALCO,EQ,2018-01-01,273.55,273.0,277.9,270.0,271.2,271.15,272.73,"46,14,411","1,25,84,95,904.75","28,044","14,13,993",30.64
HINDALCO,EQ,2018-01-02,271.15,274.4,274.4,268.1,272.25,271.9,271.21,"45,46,324","1,23,29,98,659.55","28,927","12,35,026",27.17
HINDALCO,EQ,2018-01-03,271.9,273.4,279.35,273.1,276.5,276.5,276.65,"72,85,874","2,01,56,71,986.50","63,837","20,67,140",28.37
HINDALCO,EQ,2018-01-04,276.5,277.1,281.3,274.8,280.7,279.8,278.95,"1,03,46,774","2,88,62,07,302.25","45,294","24,27,293",23.46
HINDALCO,EQ,2018-01-05,279.8,282.0,284.0,275.1,276.15,276.4,279.21,"70,84,973","1,97,81,92,641.20","58,606","19,44,204",27.44
HINDALCO,EQ,2018-01-08,276.4,277.0,279.05,273.7,276.2,276.15,275.78,"41,57,464","1,14,65,31,480.10","39,772","11,71,717",28.18
HINDALCO,EQ,2018-01-09,276.15,277.55,277.55,270.65,272.1,271.5,272.3,"51,97,857","1,41,53,58,886.60","45,168","22,15,221",42.62
HINDALCO,EQ,2018-01-10,271.5,272.8,276.5,266.6,268.8,268.8,270.62,"74,72,579","2,02,22,11,171.00","47,286","22,42,843",30.01
HINDALCO,EQ,2018-01-11,268.8,268.8,271.15,266.8,267.55,267.75,268.62,"65,02,699","1,74,67,33,964.55","51,921","29,86,180",45.92
HINDALCO,EQ,2018-01-12,267.75,269.0,271.6,266.65,268.45,268.85,269.03,"44,35,500","1,19,33,02,914.75","36,832","10,51,685",23.71
HINDALCO,EQ,2018-01-15,268.85,270.2,274.65,265.8,265.95,266.7,269.78,"65,92,272","1,77,84,41,671.45","56,093","22,43,862",34.04
HINDALCO,EQ,2018-01-16,266.7,267.8,268.0,259.7,260.35,260.55,262.26,"84,47,591","2,21,54,49,335.05","84,599","39,50,386",46.76
HINDALCO,EQ,2018-01-17,260.55,260.3,265.25,256.45,263.15,262.75,260.44,"1,10,37,340","2,87,46,13,764.00","96,857","53,75,306",48.7
HINDALCO,EQ,2018-01-18,262.75,263.7,263.7,252.1,253.7,253.9,255.87,"1,13,41,249","2,90,19,17,631.35","92,126","52,88,676",46.63
HINDALCO,EQ,2018-01-19,253.9,254.0,259.35,252.2,258.2,258.0,255.08,"58,98,314","1,50,45,33,430.90","46,435","22,36,766",37.92
HINDALCO,EQ,2018-01-22,258.0,258.0,258.8,251.1,256.4,255.1,253.81,"62,30,212","1,58,12,83,111.65","52,559","30,55,773",49.05
HINDALCO,EQ,2018-01-23,255.1,256.1,270.7,256.1,265.0,264.95,266.31,"1,74,00,430","4,63,38,23,173.20","1,01,075","45,72,490",26.28
HINDALCO,EQ,2018-01-24,264.95,263.55,264.4,256.8,258.05,258.7,259.58,"64,09,442","1,66,37,85,605.70","56,012","19,45,436",30.35
HINDALCO,EQ,2018-01-25,258.7,259.3,266.85,256.4,259.6,258.95,260.39,"1,52,54,979","3,97,22,19,231.15","87,883","63,93,654",41.91
HINDALCO,EQ,2018-01-29,258.95,261.6,263.9,253.4,260.25,258.6,259.26,"59,90,929","1,55,32,37,648.95","62,446","23,37,975",39.03
HINDALCO,EQ,2018-01-30,258.6,257.75,258.0,252.55,253.4,253.55,254.94,"52,86,436","1,34,77,04,721.00","57,265","16,67,241",31.54
HINDALCO,EQ,2018-01-31,253.55,253.4,263.2,252.0,256.0,256.15,258.17,"1,75,14,495","4,52,17,24,082.10","1,05,621","66,33,094",37.87
HINDALCO,EQ,2018-02-01,256.15,257.8,259.5,248.75,256.85,256.25,255.06,"89,40,788","2,28,04,41,616.95","51,916","30,33,601",33.93
HINDALCO,EQ,2018-02-02,256.25,256.45,261.65,245.75,248.1,249.85,252.07,"2,17,37,420","5,47,93,62,602.45","1,29,336","59,67,721",27.45
HINDALCO,EQ,2018-02-05,249.85,242.5,249.4,240.25,248.95,246.6,245.01,"84,62,501","2,07,33,69,248.80","70,317","30,54,090",36.09
HINDALCO,EQ,2018-02-06,246.6,236.0,248.5,232.5,245.0,244.4,240.19,"1,04,73,645","2,51,56,81,887.70","1,04,560","40,73,187",38.89
HINDALCO,EQ,2018-02-07,244.4,245.0,253.0,244.1,244.1,246.0,249.02,"1,37,07,458","3,41,34,28,899.55","1,08,496","55,81,085",40.72
HINDALCO,EQ,2018-02-08,246.0,245.6,249.35,240.5,245.05,245.2,244.64,"1,01,80,978","2,49,07,19,188.05","97,481","32,46,117",31.88
HINDALCO,EQ,2018-02-09,245.2,240.0,245.5,237.35,244.6,243.5,242.69,"70,24,965","1,70,48,85,614.05","63,247","25,59,884",36.44
HINDALCO,EQ,2018-02-12,243.5,247.0,247.65,242.0,243.4,243.25,243.74,"55,57,349","1,35,45,71,127.85","45,230","19,67,845",35.41
HINDALCO,EQ,2018-02-14,243.25,246.3,246.55,241.75,242.5,243.25,243.75,"71,21,280","1,73,57,78,058.90","54,995","34,42,746",48.34
HINDALCO,EQ,2018-02-15,243.25,245.5,254.25,244.0,251.4,251.5,251.01,"1,00,53,559","2,52,35,82,831.20","63,726","16,34,223",16.26
HINDALCO,EQ,2018-02-16,251.5,255.5,256.95,246.4,247.45,247.65,251.38,"76,29,453","1,91,78,89,287.35","62,437","8,33,710",10.93
HINDALCO,EQ,2018-02-19,247.65,248.1,250.5,242.6,248.0,247.55,245.82,"60,56,718","1,48,88,42,705.80","33,199","15,89,407",26.24
HINDALCO,EQ,2018-02-20,247.55,247.8,252.4,246.8,248.5,248.8,249.48,"47,78,807","1,19,22,16,389.10","43,303","6,06,099",12.68
HINDALCO,EQ,2018-02-21,248.8,250.5,250.8,238.75,241.05,240.65,240.85,"1,19,01,519","2,86,65,11,857.55","81,542","55,83,534",46.91
HINDALCO,EQ,2018-02-22,240.65,238.5,241.0,233.85,239.9,239.9,238.26,"1,31,20,748","3,12,61,21,471.70","77,167","49,86,867",38.01
HINDALCO,EQ,2018-02-23,239.9,241.5,247.45,240.05,246.05,246.55,244.83,"69,08,252","1,69,13,31,284.55","55,632","20,15,515",29.18
HINDALCO,EQ,2018-02-26,246.55,246.55,251.45,244.6,246.0,246.2,248.29,"65,22,004","1,61,93,49,331.90","53,902","21,19,873",32.5
HINDALCO,EQ,2018-02-27,246.2,248.65,249.9,243.35,244.2,244.3,246.19,"48,05,004","1,18,29,47,695.30","31,800","11,62,298",24.19
HINDALCO,EQ,2018-02-28,244.3,240.75,246.65,238.65,244.75,245.4,243.44,"87,47,792","2,12,95,26,103.10","62,738","33,16,368",37.91
HINDALCO,EQ,2018-03-01,245.4,243.4,247.0,239.0,240.4,240.8,242.68,"57,67,109","1,39,95,38,997.10","36,890","19,46,153",33.75
HINDALCO,EQ,2018-03-05,240.8,236.0,236.0,228.2,228.8,229.6,230.59,"1,24,25,050","2,86,50,71,001.45","1,19,634","44,97,865",36.2
HINDALCO,EQ,2018-03-06,229.6,231.0,235.1,224.15,224.4,225.85,229.73,"1,24,88,311","2,86,90,01,284.70","84,478","39,07,172",31.29
HINDALCO,EQ,2018-03-07,225.85,222.0,225.3,219.1,224.45,224.45,222.37,"1,39,60,066","3,10,43,08,311.10","81,231","53,24,764",38.14
HINDALCO,EQ,2018-03-08,224.45,226.5,227.5,217.7,221.95,222.7,221.65,"77,33,982","1,71,42,37,867.90","45,861","17,45,617",22.57
HINDALCO,EQ,2018-03-09,222.7,224.7,226.15,219.35,221.35,220.2,221.83,"1,34,33,660","2,98,00,01,787.95","65,290","54,34,065",40.45
HINDALCO,EQ,2018-03-12,220.2,220.05,228.6,217.4,227.1,227.65,223.27,"95,31,278","2,12,80,92,946.25","59,292","21,51,647",22.57
HINDALCO,EQ,2018-03-13,227.65,225.0,227.95,222.5,225.2,226.15,225.9,"99,90,633","2,25,69,13,143.45","50,304","33,35,674",33.39
HINDALCO,EQ,2018-03-14,226.15,223.5,227.9,221.7,227.0,226.7,224.51,"63,85,584","1,43,36,56,298.15","50,567","20,56,969",32.21
HINDALCO,EQ,2018-03-15,226.7,226.0,227.1,223.0,226.5,224.9,224.74,"67,30,350","1,51,25,52,001.50","29,595","23,66,273",35.16
HINDALCO,EQ,2018-03-16,224.9,224.0,227.3,220.15,222.0,221.7,223.27,"77,93,461","1,74,00,26,406.30","78,612","33,54,169",43.04
HINDALCO,EQ,2018-03-19,221.7,222.7,223.9,212.0,214.3,214.55,215.71,"67,80,348","1,46,25,66,464.80","53,213","17,72,377",26.14
HINDALCO,EQ,2018-03-20,214.55,211.0,218.8,210.3,218.1,217.3,215.9,"96,00,657","2,07,27,63,533.80","65,735","26,62,322",27.73
HINDALCO,EQ,2018-03-21,217.3,219.0,219.85,213.3,215.0,214.7,216.31,"88,17,896","1,90,73,71,682.90","78,395","39,87,663",45.22
HINDALCO,EQ,2018-03-22,214.7,215.7,219.2,212.6,215.95,216.8,216.2,"83,62,938","1,80,80,46,452.30","61,935","28,00,545",33.49
HINDALCO,EQ,2018-03-23,216.8,209.0,210.7,204.3,205.45,206.1,207.11,"1,28,19,120","2,65,49,54,945.85","95,759","46,22,279",36.06
HINDALCO,EQ,2018-03-26,206.1,205.35,211.5,202.6,211.5,210.55,206.25,"1,01,87,531","2,10,11,91,761.60","81,076","40,27,432",39.53
HINDALCO,EQ,2018-03-27,210.55,212.9,219.3,210.15,217.9,218.5,215.45,"1,55,63,344","3,35,31,35,012.95","1,00,304","76,53,323",49.18
HINDALCO,EQ,2018-03-28,218.5,216.5,216.5,212.3,215.3,214.55,214.42,"1,38,61,721","2,97,22,59,890.60","1,04,383","66,76,037",48.16
HINDALCO,EQ,2018-04-02,214.55,216.55,216.8,210.1,211.95,211.25,211.83,"81,56,843","1,72,78,71,370.45","76,356","34,55,771",42.37
HINDALCO,EQ,2018-04-03,211.25,210.0,211.7,204.45,207.85,207.95,207.3,"1,81,45,471","3,76,15,37,099.10","86,632","89,29,866",49.21
HINDALCO,EQ,2018-04-04,207.95,208.0,210.1,200.0,200.8,200.8,204.81,"1,77,52,702","3,63,59,47,702.05","1,05,542","61,02,496",34.38
HINDALCO,EQ,2018-04-05,200.8,206.7,214.95,206.15,213.9,214.15,211.27,"2,42,01,909","5,11,30,98,236.15","1,49,522","83,42,173",34.47
HINDALCO,EQ,2018-04-06,214.15,210.05,215.95,210.05,213.0,214.0,213.25,"1,50,08,286","3,20,05,18,807.90","1,12,271","42,93,288",28.61
HINDALCO,EQ,2018-04-09,214.0,214.65,223.5,214.65,221.0,221.35,220.85,"1,84,11,692","4,06,61,37,680.95","1,13,057","56,91,108",30.91
HINDALCO,EQ,2018-04-10,221.35,230.0,232.85,228.5,230.0,230.0,230.31,"2,75,19,382","6,33,79,08,160.00","1,36,073","1,11,05,060",40.35
HINDALCO,EQ,2018-04-11,230.0,235.0,236.5,231.1,234.35,234.2,233.91,"1,88,02,049","4,39,79,96,466.60","1,28,999","66,67,035",35.46
HINDALCO,EQ,2018-04-12,234.2,233.95,235.6,231.05,233.1,232.6,233.22,"1,17,12,671","2,73,15,82,392.70","83,076","39,01,341",33.31
HINDALCO,EQ,2018-04-13,232.6,235.0,238.5,234.6,238.5,237.8,236.89,"1,67,74,668","3,97,37,10,563.00","1,10,785","62,25,127",37.11
HINDALCO,EQ,2018-04-16,237.8,237.2,240.7,235.55,239.5,239.45,237.96,"93,25,515","2,21,91,24,662.10","62,176","25,26,487",27.09
HINDALCO,EQ,2018-04-17,239.45,241.5,246.8,238.0,238.5,239.4,243.2,"1,64,17,908","3,99,28,33,106.25","1,11,734","46,98,827",28.62
HINDALCO,EQ,2018-04-18,239.4,239.7,244.75,236.05,244.0,242.8,238.67,"2,33,23,232","5,56,66,00,536.10","86,405","1,33,45,358",57.22
HINDALCO,EQ,2018-04-19,242.8,250.0,267.8,249.1,264.2,264.75,259.0,"3,70,33,062","9,59,17,37,801.65","2,07,941","78,50,153",21.2
HINDALCO,EQ,2018-04-20,264.75,255.95,263.5,254.25,263.05,262.1,258.86,"2,33,14,520","6,03,52,72,434.05","1,93,858","44,46,527",19.07
HINDALCO,EQ,2018-04-23,262.1,263.0,264.95,254.3,255.0,255.6,258.94,"95,59,885","2,47,54,77,455.85","74,897","20,46,325",21.41
HINDALCO,EQ,2018-04-24,255.6,239.0,239.0,231.1,236.6,236.75,235.03,"3,51,17,665","8,25,38,80,300.20","2,29,628","98,68,871",28.1
HINDALCO,EQ,2018-04-25,236.75,234.75,236.4,230.1,231.25,232.05,232.91,"1,04,96,552","2,44,47,09,898.95","72,881","19,66,848",18.74
HINDALCO,EQ,2018-04-26,232.05,233.25,238.7,231.45,234.0,234.0,235.62,"1,64,00,986","3,86,43,87,864.10","92,633","49,79,358",30.36
HINDALCO,EQ,2018-04-27,234.0,236.75,237.95,234.0,235.35,234.95,235.95,"91,69,183","2,16,34,30,697.65","55,167","31,47,523",34.33
HINDALCO,EQ,2018-04-30,234.95,236.2,238.35,232.35,235.65,235.65,235.93,"58,72,046","1,38,54,10,448.40","58,415","14,91,532",25.4
HINDALCO,EQ,2018-05-02,235.65,235.0,235.75,226.2,227.3,228.05,229.09,"88,49,434","2,02,73,30,123.00","55,508","33,55,872",37.92
HINDALCO,EQ,2018-05-03,228.05,229.05,234.5,227.6,231.4,231.55,231.44,"1,02,32,446","2,36,81,96,701.45","70,463","24,14,010",23.59
HINDALCO,EQ,2018-05-04,231.55,231.4,232.8,227.05,230.9,231.35,230.2,"78,89,501","1,81,61,40,446.75","46,259","22,95,147",29.09
HINDALCO,EQ,2018-05-07,231.35,234.25,239.15,232.4,237.8,237.85,237.44,"77,46,284","1,83,92,54,757.75","61,719","16,70,226",21.56
HINDALCO,EQ,2018-05-08,237.85,237.8,239.85,232.8,239.1,238.7,236.28,"87,01,503","2,05,59,62,478.95","46,967","32,02,152",36.8
HINDALCO,EQ,2018-05-09,238.7,241.3,248.35,236.85,238.35,238.15,242.5,"1,86,53,553","4,52,34,44,482.25","1,12,005","46,21,545",24.78
HINDALCO,EQ,2018-05-10,238.15,240.25,242.9,236.8,240.55,241.3,239.82,"84,35,591","2,02,30,01,280.40","52,138","20,99,630",24.89
HINDALCO,EQ,2018-05-11,241.3,242.0,243.3,238.6,242.15,242.7,241.59,"62,36,509","1,50,66,95,020.30","45,591","20,34,839",32.63
HINDALCO,EQ,2018-05-14,242.7,243.2,244.7,239.75,241.3,242.1,242.77,"68,01,148","1,65,11,47,024.70","37,723","25,66,931",37.74
HINDALCO,EQ,2018-05-15,242.1,241.4,248.25,239.7,243.75,243.9,245.0,"74,45,308","1,82,41,07,192.30","47,307","20,53,877",27.59
HINDALCO,EQ,2018-05-16,243.9,243.25,247.6,237.0,239.0,239.75,241.89,"1,72,97,698","4,18,42,05,632.10","90,624","45,81,292",26.48
HINDALCO,EQ,2018-05-17,239.75,240.0,240.8,228.6,232.2,233.05,233.14,"1,71,95,201","4,00,88,96,183.65","1,00,221","67,29,258",39.13
HINDALCO,EQ,2018-05-18,233.05,232.05,235.45,230.6,231.5,231.5,232.62,"73,32,967","1,70,58,08,699.00","67,528","26,40,025",36.0
HINDALCO,EQ,2018-05-21,231.5,232.25,234.0,224.35,228.9,228.25,227.94,"81,59,685","1,85,99,07,019.20","67,108","23,79,409",29.16
HINDALCO,EQ,2018-05-22,228.25,229.0,236.2,225.15,234.85,234.95,231.58,"92,61,805","2,14,48,46,617.35","90,463","26,04,393",28.12
HINDALCO,EQ,2018-05-23,234.95,234.0,234.9,228.8,229.3,229.95,231.6,"89,98,284","2,08,40,26,084.55","60,679","24,04,015",26.72
HINDALCO,EQ,2018-05-24,229.95,231.0,235.65,227.15,235.5,234.1,230.71,"92,74,702","2,13,98,00,557.40","62,822","35,55,624",38.34
HINDALCO,EQ,2018-05-25,234.1,235.0,247.25,234.55,245.1,245.5,242.69,"1,51,51,718","3,67,70,95,184.25","1,25,946","42,86,755",28.29
HINDALCO,EQ,2018-05-28,245.5,247.0,247.7,240.75,241.5,241.65,243.67,"58,98,310","1,43,72,64,956.80","41,918","7,91,230",13.41
HINDALCO,EQ,2018-05-29,241.65,240.0,244.9,239.4,242.0,242.5,242.34,"68,12,212","1,65,08,87,835.30","50,000","15,78,571",23.17
HINDALCO,EQ,2018-05-30,242.5,239.95,240.25,235.55,237.7,238.1,237.65,"78,18,247","1,85,79,84,205.30","79,511","25,74,124",32.92
HINDALCO,EQ,2018-05-31,238.1,239.3,239.9,233.0,234.95,234.2,235.48,"89,48,198","2,10,71,10,969.40","79,558","37,44,057",41.84
HINDALCO,EQ,2018-06-01,234.2,233.8,239.5,231.05,238.45,238.5,235.84,"73,41,372","1,73,14,09,065.45","51,887","15,91,744",21.68
HINDALCO,EQ,2018-06-04,238.5,240.0,242.85,237.7,241.6,241.6,240.28,"80,45,521","1,93,32,08,715.00","68,750","27,68,754",34.41
HINDALCO,EQ,2018-06-05,241.6,240.2,243.2,237.7,242.0,242.05,240.44,"54,90,029","1,32,00,29,398.20","50,375","13,63,045",24.83
HINDALCO,EQ,2018-06-06,242.05,242.5,249.55,241.5,249.25,248.1,245.05,"64,55,908","1,58,20,12,564.45","72,792","17,46,621",27.05
HINDALCO,EQ,2018-06-07,248.1,252.0,255.5,247.45,247.9,248.6,252.05,"1,28,22,346","3,23,18,79,822.30","1,16,714","36,46,752",28.44
HINDALCO,EQ,2018-06-08,248.6,245.65,247.15,240.55,242.25,242.15,243.36,"68,29,526","1,66,20,14,969.55","46,517","16,81,818",24.63
HINDALCO,EQ,2018-06-11,242.15,242.05,245.65,241.85,245.05,244.7,244.53,"51,87,556","1,26,85,00,225.45","55,111","22,13,947",42.68
HINDALCO,EQ,2018-06-12,244.7,244.7,245.9,238.7,240.7,240.65,241.84,"46,61,081","1,12,72,39,774.80","48,595","12,10,539",25.97
HINDALCO,EQ,2018-06-13,240.65,240.7,247.2,239.65,245.0,245.0,244.12,"59,76,795","1,45,90,64,688.90","68,158","20,95,413",35.06
HINDALCO,EQ,2018-06-14,245.0,245.0,249.5,243.3,244.6,244.75,246.03,"67,99,990","1,67,30,02,559.35","47,033","15,51,787",22.82
HINDALCO,EQ,2018-06-15,244.75,245.0,245.1,235.55,237.7,237.4,239.05,"67,86,903","1,62,23,95,433.15","72,222","30,85,592",45.46
HINDALCO,EQ,2018-06-18,237.4,235.0,235.0,229.0,230.35,231.0,231.23,"68,30,177","1,57,93,26,396.50","66,089","25,26,740",36.99
HINDALCO,EQ,2018-06-19,231.0,229.0,232.2,221.85,226.3,225.8,226.47,"1,01,26,361","2,29,33,59,113.40","79,078","30,43,647",30.06
HINDALCO,EQ,2018-06-20,225.8,226.0,229.75,224.05,226.75,226.2,227.05,"72,29,700","1,64,14,85,060.65","57,997","18,31,654",25.34
HINDALCO,EQ,2018-06-21,226.2,228.3,228.3,221.5,222.05,222.3,224.89,"60,19,694","1,35,37,77,316.35","71,323","16,48,997",27.39
HINDALCO,EQ,2018-06-22,222.3,222.05,222.75,218.7,221.9,222.0,220.77,"98,07,671","2,16,52,05,418.70","81,880","46,74,259",47.66
HINDALCO,EQ,2018-06-25,222.0,221.05,227.25,217.8,218.4,218.4,222.58,"93,18,246","2,07,40,66,845.30","68,103","31,22,808",33.51
HINDALCO,EQ,2018-06-26,218.4,218.5,223.7,216.8,222.85,222.95,221.19,"84,83,133","1,87,63,54,377.90","57,729","25,50,455",30.07
HINDALCO,EQ,2018-06-27,222.95,223.25,223.7,216.9,217.35,217.9,219.44,"68,88,151","1,51,15,04,648.60","47,318","21,97,336",31.9
HINDALCO,EQ,2018-06-28,217.9,218.0,222.6,216.15,221.0,221.05,220.09,"1,03,98,473","2,28,86,37,733.85","63,295","38,93,035",37.44
HINDALCO,EQ,2018-06-29,221.05,222.8,232.0,221.55,230.2,230.5,229.07,"1,04,41,528","2,39,18,46,224.75","1,10,768","23,24,793",22.26
HINDALCO,EQ,2018-07-02,230.5,231.0,231.1,218.85,222.55,223.25,222.85,"91,59,214","2,04,11,38,689.90","57,385","16,83,042",18.38
HINDALCO,EQ,2018-07-03,223.25,223.5,227.45,220.7,227.0,226.1,224.69,"80,01,296","1,79,77,99,139.50","55,432","27,15,140",33.93
HINDALCO,EQ,2018-07-04,226.1,225.8,225.8,220.1,224.0,224.1,222.98,"52,46,876","1,16,99,62,528.90","41,098","2,37,984",4.54
HINDALCO,EQ,2018-07-05,224.1,223.8,223.9,219.3,219.8,220.3,220.83,"47,73,707","1,05,41,69,133.15","57,188","14,30,235",29.96
HINDALCO,EQ,2018-07-06,220.3,219.4,226.35,214.55,220.05,220.45,222.08,"88,22,679","1,95,93,51,087.60","62,045","21,42,941",24.29
HINDALCO,EQ,2018-07-09,220.45,223.0,225.85,221.5,222.05,222.05,223.15,"51,67,643","1,15,31,59,907.95","40,980","10,53,159",20.38
HINDALCO,EQ,2018-07-10,222.05,224.25,230.05,224.05,229.05,229.05,227.64,"1,15,51,274","2,62,95,42,890.40","96,931","37,86,742",32.78
HINDALCO,EQ,2018-07-11,229.05,226.85,226.85,219.8,220.65,220.8,222.16,"97,59,711","2,16,82,21,954.20","74,645","27,47,663",28.15
HINDALCO,EQ,2018-07-12,220.8,221.0,225.9,219.65,220.5,220.3,222.56,"89,62,227","1,99,46,36,605.55","76,398","27,78,175",31.0
HINDALCO,EQ,2018-07-13,220.3,222.9,222.9,216.6,219.0,218.75,218.73,"58,14,556","1,27,18,29,712.70","43,563","11,76,065",20.23
HINDALCO,EQ,2018-07-16,218.75,218.0,220.5,212.4,213.0,213.05,214.83,"64,40,638","1,38,36,15,692.25","47,451","19,94,647",30.97
HINDALCO,EQ,2018-07-17,213.05,211.0,221.25,208.05,219.5,219.5,215.95,"86,43,253","1,86,65,39,020.90","72,847","16,45,712",19.04
HINDALCO,EQ,2018-07-18,219.5,220.9,221.45,210.5,212.9,212.4,214.13,"75,09,081","1,60,79,45,126.60","66,881","17,00,738",22.65
HINDALCO,EQ,2018-07-19,212.4,214.0,214.4,194.5,199.5,197.6,200.8,"3,32,11,007","6,66,87,32,152.50","1,62,973","1,29,20,857",38.91
HINDALCO,EQ,2018-07-20,197.6,200.35,202.2,193.6,195.5,195.65,195.93,"2,28,35,887","4,47,42,90,603.95","1,24,439","77,78,793",34.06
HINDALCO,EQ,2018-07-23,195.65,196.1,198.45,192.35,195.8,196.15,195.06,"1,33,63,743","2,60,67,08,899.85","66,825","48,42,999",36.24
HINDALCO,EQ,2018-07-24,196.15,197.0,210.0,196.15,207.2,207.6,205.51,"1,85,26,745","3,80,74,29,971.80","1,03,585","45,95,900",24.81
HINDALCO,EQ,2018-07-25,207.6,209.7,213.3,207.5,208.25,209.0,210.47,"1,53,44,017","3,22,94,20,474.45","92,203","39,81,133",25.95
HINDALCO,EQ,2018-07-26,209.0,210.5,210.5,201.7,206.6,206.55,205.61,"1,35,65,234","2,78,91,80,420.30","85,706","45,39,971",33.47
HINDALCO,EQ,2018-07-27,206.55,212.75,220.8,212.0,214.0,213.4,214.81,"3,00,05,793","6,44,54,62,499.55","1,68,528","1,14,64,293",38.21
HINDALCO,EQ,2018-07-30,213.4,214.0,216.45,209.45,210.85,211.25,211.4,"90,30,681","1,90,90,66,809.75","66,027","21,78,817",24.13
HINDALCO,EQ,2018-07-31,211.25,211.0,214.95,207.7,213.5,213.4,211.74,"1,11,69,360","2,36,50,15,759.35","76,377","43,43,705",38.89
HINDALCO,EQ,2018-08-01,213.4,214.5,214.9,206.35,208.0,208.0,210.07,"1,11,73,257","2,34,71,41,888.70","87,702","36,65,760",32.81
HINDALCO,EQ,2018-08-02,208.0,206.0,210.75,203.25,207.2,207.9,207.69,"1,28,29,967","2,66,46,03,767.85","85,143","31,20,740",24.32
HINDALCO,EQ,2018-08-03,207.9,208.05,212.7,204.5,211.55,211.6,208.9,"1,67,43,513","3,49,77,27,861.20","1,10,305","58,85,142",35.15
HINDALCO,EQ,2018-08-06,211.6,212.6,216.8,210.3,216.4,216.1,214.3,"1,03,75,458","2,22,34,31,602.20","71,315","30,86,472",29.75
HINDALCO,EQ,2018-08-07,216.1,218.8,222.55,214.6,220.0,219.0,219.24,"2,08,54,265","4,57,21,64,643.55","1,29,399","41,72,054",20.01
HINDALCO,EQ,2018-08-08,219.0,223.0,224.9,219.4,220.4,220.6,221.73,"2,08,06,040","4,61,32,38,932.85","1,23,662","55,23,545",26.55
HINDALCO,EQ,2018-08-09,220.6,224.0,228.2,222.7,228.1,227.45,225.06,"1,53,45,515","3,45,36,70,209.15","82,761","62,84,007",40.95
HINDALCO,EQ,2018-08-10,227.45,228.75,228.8,220.2,221.5,222.7,224.47,"1,31,47,995","2,95,12,78,167.40","75,394","38,88,505",29.57
HINDALCO,EQ,2018-08-13,222.7,220.95,223.6,217.65,222.1,221.65,221.29,"99,96,307","2,21,20,54,420.40","73,805","30,60,065",30.61
HINDALCO,EQ,2018-08-14,221.65,221.05,223.95,220.25,221.3,221.45,221.9,"76,31,497","1,69,34,50,300.25","46,610","28,10,374",36.83
HINDALCO,EQ,2018-08-16,221.45,217.6,218.3,213.5,216.35,216.1,216.26,"81,29,284","1,75,80,32,791.50","61,583","20,94,324",25.76
HINDALCO,EQ,2018-08-17,216.1,218.55,221.2,217.6,219.25,219.7,219.9,"52,32,908","1,15,07,09,901.70","42,687","11,19,065",21.39
HINDALCO,EQ,2018-08-20,219.7,221.0,227.0,220.4,226.6,226.65,224.1,"75,97,426","1,70,25,82,632.95","72,489","24,99,955",32.91
HINDALCO,EQ,2018-08-21,226.65,227.95,228.15,224.2,226.0,226.4,226.11,"61,15,262","1,38,27,11,017.25","51,565","14,65,986",23.97
HINDALCO,EQ,2018-08-23,226.4,226.5,226.95,219.1,221.15,221.05,221.54,"61,82,708","1,36,96,87,627.35","59,839","18,64,578",30.16
HINDALCO,EQ,2018-08-24,221.05,219.05,223.35,216.65,222.6,222.1,219.42,"91,12,060","1,99,93,25,455.70","53,295","28,17,217",30.92
HINDALCO,EQ,2018-08-27,222.1,226.2,231.0,224.9,230.2,230.25,228.54,"1,35,23,673","3,09,07,04,195.15","1,10,662","35,49,772",26.25
HINDALCO,EQ,2018-08-28,230.25,233.65,240.0,231.6,239.85,239.0,235.49,"1,88,91,748","4,44,87,55,401.40","1,18,467","36,84,943",19.51
HINDALCO,EQ,2018-08-29,239.0,239.0,243.0,236.1,236.95,236.85,239.2,"1,21,41,850","2,90,43,36,647.10","74,584","33,34,385",27.46
HINDALCO,EQ,2018-08-30,236.85,238.6,241.6,235.7,240.35,240.25,238.93,"99,11,302","2,36,81,45,803.90","51,797","38,09,547",38.44
HINDALCO,EQ,2018-08-31,240.25,240.0,240.7,236.35,237.9,237.95,238.32,"71,87,784","1,71,29,72,965.50","56,159","16,99,339",23.64
HINDALCO,EQ,2018-09-03,237.95,237.5,242.85,236.6,238.55,239.4,240.75,"83,08,169","2,00,01,93,573.70","56,286","20,90,904",25.17
HINDALCO,EQ,2018-09-04,239.4,239.4,239.85,232.6,235.1,235.1,235.23,"58,36,458","1,37,29,11,036.25","39,751","14,28,612",24.48
HINDALCO,EQ,2018-09-05,235.1,233.1,240.9,231.3,239.8,239.95,236.59,"1,14,28,802","2,70,39,12,640.90","97,172","34,22,631",29.95
HINDALCO,EQ,2018-09-06,239.95,239.1,240.4,234.3,235.8,235.4,236.53,"73,98,756","1,75,00,21,717.25","46,772","23,60,210",31.9
HINDALCO,EQ,2018-09-07,235.4,237.0,246.25,234.25,243.45,242.55,241.39,"1,10,21,703","2,66,05,78,872.85","1,08,110","24,25,083",22.0
HINDALCO,EQ,2018-09-10,242.55,242.0,243.9,234.85,235.2,235.7,238.2,"61,03,496","1,45,38,44,272.20","45,421","15,89,525",26.04
HINDALCO,EQ,2018-09-11,235.7,236.8,240.8,228.75,232.05,231.6,234.65,"1,26,46,049","2,96,73,51,838.80","98,591","40,16,455",31.76
HINDALCO,EQ,2018-09-12,231.6,233.4,238.7,227.6,238.4,237.9,234.08,"88,96,676","2,08,25,12,101.35","98,468","23,07,065",25.93
HINDALCO,EQ,2018-09-14,237.9,240.35,249.05,240.35,245.35,245.45,244.48,"1,57,42,465","3,84,86,71,546.05","87,788","62,36,664",39.62
HINDALCO,EQ,2018-09-17,245.45,244.0,245.65,240.5,241.7,241.35,242.81,"98,98,386","2,40,33,81,847.80","63,677","35,86,066",36.23
HINDALCO,EQ,2018-09-18,241.35,242.4,243.2,233.5,235.2,234.15,236.63,"68,25,203","1,61,50,77,242.35","63,308","20,69,896",30.33
HINDALCO,EQ,2018-09-19,234.15,236.7,240.45,233.55,235.4,235.65,237.32,"97,99,989","2,32,57,05,990.25","75,794","29,38,529",29.99
HINDALCO,EQ,2018-09-21,235.65,237.3,242.45,224.0,241.1,240.4,238.94,"1,76,36,361","4,21,41,03,901.40","1,31,677","81,12,414",46.0
HINDALCO,EQ,2018-09-24,240.4,240.6,245.35,236.5,240.85,239.9,241.37,"89,91,121","2,17,02,15,616.25","70,947","25,67,538",28.56
HINDALCO,EQ,2018-09-25,239.9,240.05,244.8,234.8,244.0,243.05,238.76,"78,47,876","1,87,37,51,801.10","49,579","16,85,194",21.47
HINDALCO,EQ,2018-09-26,243.05,246.0,250.35,241.4,247.8,247.95,246.29,"1,19,35,712","2,93,96,60,687.15","90,515","30,87,812",25.87
HINDALCO,EQ,2018-09-27,247.95,248.75,250.8,242.8,243.3,243.9,246.71,"1,13,85,152","2,80,88,31,970.80","73,673","46,06,843",40.46
HINDALCO,EQ,2018-09-28,243.9,244.8,246.5,227.0,228.4,229.65,235.05,"1,15,88,117","2,72,37,74,855.20","89,523","36,77,434",31.73
HINDALCO,EQ,2018-10-01,229.65,229.1,244.1,225.0,244.0,242.9,236.47,"1,25,77,302","2,97,41,24,388.05","84,029","29,27,257",23.27
HINDALCO,EQ,2018-10-03,242.9,241.7,256.25,239.3,254.45,253.75,249.73,"1,65,41,649","4,13,09,08,467.00","1,09,754","33,34,124",20.16
HINDALCO,EQ,2018-10-04,253.75,252.0,259.75,249.5,251.2,251.85,253.73,"1,71,58,063","4,35,35,19,765.40","1,63,298","47,25,030",27.54
HINDALCO,EQ,2018-10-05,251.85,247.25,249.65,238.75,239.45,241.05,242.04,"1,38,62,891","3,35,53,66,302.75","1,19,304","51,66,727",37.27
HINDALCO,EQ,2018-10-08,241.05,235.0,236.9,210.7,224.95,222.55,225.93,"2,51,98,149","5,69,30,13,056.80","1,96,812","89,39,247",35.48
HINDALCO,EQ,2018-10-09,222.55,222.5,228.3,218.85,223.0,224.25,224.62,"1,06,56,797","2,39,37,40,941.35","98,329","20,83,115",19.55
HINDALCO,EQ,2018-10-10,224.25,225.0,228.2,222.5,227.75,226.9,225.79,"83,03,201","1,87,47,65,730.40","85,784","27,24,307",32.81
HINDALCO,EQ,2018-10-11,226.9,216.9,221.6,211.1,216.4,216.5,216.75,"1,59,64,574","3,46,02,52,800.05","1,60,277","61,41,685",38.47
HINDALCO,EQ,2018-10-12,216.5,218.0,228.15,218.0,227.2,226.7,224.86,"72,63,391","1,63,32,64,871.95","54,767","13,69,462",18.85
HINDALCO,EQ,2018-10-15,226.7,229.0,232.85,224.4,232.5,231.75,229.32,"76,95,758","1,76,47,70,644.25","64,536","19,88,697",25.84
HINDALCO,EQ,2018-10-16,231.75,231.9,232.8,228.2,231.25,230.55,230.51,"1,02,52,207","2,36,31,85,859.65","1,11,597","44,25,167",43.16
HINDALCO,EQ,2018-10-17,230.55,233.2,233.85,223.7,227.35,227.75,228.04,"70,65,573","1,61,12,42,345.25","80,256","20,73,814",29.35
HINDALCO,EQ,2018-10-19,227.75,224.9,230.75,222.55,228.3,227.0,226.79,"52,83,114","1,19,81,47,041.95","41,176","6,58,375",12.46
HINDALCO,EQ,2018-10-22,227.0,230.55,230.6,221.35,224.25,224.0,224.93,"64,60,230","1,45,31,10,627.60","47,684","15,12,808",23.42
HINDALCO,EQ,2018-10-23,224.0,221.9,226.9,216.4,220.5,219.5,222.0,"67,52,747","1,49,90,84,169.20","69,816","16,13,849",23.9
HINDALCO,EQ,2018-10-24,219.5,222.9,231.9,222.1,230.5,229.85,226.77,"1,04,35,431","2,36,63,94,622.05","92,449","36,91,616",35.38
HINDALCO,EQ,2018-10-25,229.85,227.3,228.0,219.4,222.85,222.35,222.52,"73,34,578","1,63,20,97,199.15","68,453","22,60,826",30.82
HINDALCO,EQ,2018-10-26,222.35,223.05,223.9,212.4,220.8,221.25,218.7,"1,22,34,401","2,67,56,78,865.15","1,16,925","32,17,871",26.3
HINDALCO,EQ,2018-10-29,221.25,221.0,225.8,217.15,224.4,224.15,221.24,"1,09,15,002","2,41,47,81,779.00","53,572","41,97,715",38.46
HINDALCO,EQ,2018-10-30,224.15,228.0,228.75,222.2,224.0,223.9,225.04,"65,68,207","1,47,81,30,712.85","52,574","11,90,134",18.12
HINDALCO,EQ,2018-10-31,223.9,224.0,224.35,216.2,220.1,220.4,219.23,"96,99,183","2,12,63,29,859.70","1,16,429","29,84,151",30.77
HINDALCO,EQ,2018-11-01,220.4,222.6,232.7,221.3,231.15,231.25,227.04,"95,24,000","2,16,22,82,513.35","63,712","19,34,467",20.31
HINDALCO,EQ,2018-11-02,231.25,235.0,244.7,231.35,242.7,240.45,238.7,"1,94,29,972","4,63,79,18,774.65","1,19,930","37,97,251",19.54
HINDALCO,EQ,2018-11-05,240.45,241.0,245.3,238.5,242.0,242.35,242.47,"77,53,905","1,88,01,10,459.65","97,753","13,53,740",17.46
HINDALCO,EQ,2018-11-06,242.35,242.95,244.35,238.4,241.85,242.6,241.37,"51,74,397","1,24,89,66,757.50","51,082","6,98,860",13.51
HINDALCO,EQ,2018-11-07,242.6,244.0,245.1,243.0,243.0,244.05,243.98,"7,84,393","19,13,74,565.70","10,256","1,68,304",21.46
HINDALCO,EQ,2018-11-09,244.05,244.0,244.0,237.2,238.4,238.8,239.62,"81,25,041","1,94,69,26,839.15","56,679","42,56,972",52.39
HINDALCO,EQ,2018-11-12,238.8,238.4,240.0,228.3,229.1,229.25,232.79,"90,63,022","2,10,97,45,808.70","71,542","28,92,561",31.92
HINDALCO,EQ,2018-11-13,229.25,228.4,232.4,224.55,231.4,231.55,228.19,"1,00,09,305","2,28,40,58,128.95","66,953","41,38,762",41.35
HINDALCO,EQ,2018-11-14,231.55,232.75,233.4,228.3,228.6,229.5,230.77,"63,27,199","1,46,01,07,838.60","53,631","24,35,923",38.5
HINDALCO,EQ,2018-11-15,229.5,229.5,234.8,225.3,232.3,233.6,231.13,"86,40,440","1,99,70,51,831.45","65,261","41,08,740",47.55
HINDALCO,EQ,2018-11-16,233.6,232.6,235.45,228.5,229.0,229.95,232.25,"54,55,625","1,26,70,68,151.65","74,637","17,46,061",32.0
HINDALCO,EQ,2018-11-19,229.95,231.1,237.4,230.4,234.4,234.45,234.93,"72,76,409","1,70,94,65,514.25","57,623","20,75,963",28.53
HINDALCO,EQ,2018-11-20,234.45,233.85,233.85,220.4,220.6,221.95,224.38,"1,47,61,307","3,31,21,23,808.40","1,28,732","54,83,903",37.15
HINDALCO,EQ,2018-11-21,221.95,220.6,225.15,217.2,223.5,223.15,221.11,"1,37,04,110","3,03,01,37,729.45","94,504","38,20,468",27.88
HINDALCO,EQ,2018-11-22,223.15,224.0,225.3,216.5,217.55,218.1,220.38,"97,08,087","2,13,94,21,987.55","64,220","30,24,407",31.15
HINDALCO,EQ,2018-11-26,218.1,219.1,220.15,213.75,219.6,218.8,216.98,"67,81,682","1,47,14,73,179.35","46,362","10,02,383",14.78
HINDALCO,EQ,2018-11-27,218.8,217.0,223.0,213.25,220.3,219.9,218.22,"1,15,04,462","2,51,04,77,888.65","77,570","21,14,889",18.38
HINDALCO,EQ,2018-11-28,219.9,220.0,222.3,214.5,214.65,216.05,219.08,"81,17,964","1,77,84,81,466.55","64,356","17,27,223",21.28
HINDALCO,EQ,2018-11-29,216.05,218.6,226.85,218.6,224.85,224.5,223.87,"1,24,44,802","2,78,60,28,987.65","87,563","27,62,838",22.2
HINDALCO,EQ,2018-11-30,224.5,224.45,227.4,220.7,226.2,226.2,224.5,"93,78,800","2,10,55,72,880.80","74,042","27,71,721",29.55
HINDALCO,EQ,2018-12-03,226.2,232.5,237.9,231.8,233.15,233.05,234.18,"1,08,02,517","2,52,96,90,773.25","94,978","39,24,333",36.33
HINDALCO,EQ,2018-12-04,233.05,230.7,235.5,228.8,232.75,233.35,232.4,"94,08,047","2,18,63,89,197.70","77,193","31,15,845",33.12
HINDALCO,EQ,2018-12-05,233.35,229.05,230.4,220.3,221.25,221.35,224.74,"1,28,75,627","2,89,37,02,504.45","1,38,687","40,12,135",31.16
HINDALCO,EQ,2018-12-06,221.35,219.3,221.6,214.3,217.85,217.9,217.72,"1,33,99,767","2,91,73,64,411.00","1,88,711","44,61,804",33.3
HINDALCO,EQ,2018-12-07,217.9,219.7,221.4,216.55,219.0,218.8,218.53,"66,94,888","1,46,30,49,373.50","61,857","13,08,464",19.54
HINDALCO,EQ,2018-12-10,218.8,212.4,220.25,211.45,217.0,217.9,217.36,"95,20,082","2,06,92,50,123.20","89,535","25,61,927",26.91
HINDALCO,EQ,2018-12-11,217.9,215.0,218.45,214.0,216.4,216.25,216.68,"72,11,664","1,56,26,09,114.00","60,577","20,65,728",28.64
HINDALCO,EQ,2018-12-12,216.25,218.0,222.9,217.0,221.55,221.3,220.88,"71,66,872","1,58,29,98,310.25","49,416","10,01,484",13.97
HINDALCO,EQ,2018-12-13,221.3,224.45,224.45,218.5,220.55,220.3,222.02,"68,89,863","1,52,96,69,121.45","59,471","21,78,314",31.62
HINDALCO,EQ,2018-12-14,220.3,219.5,222.85,217.3,220.6,220.15,220.53,"57,49,881","1,26,80,45,643.05","41,929","20,76,615",36.12
HINDALCO,EQ,2018-12-17,220.15,221.7,225.95,221.6,225.2,225.45,224.07,"56,93,529","1,27,57,67,861.75","38,878","14,88,517",26.14
HINDALCO,EQ,2018-12-18,225.45,224.0,227.0,222.6,226.0,225.25,224.35,"59,15,969","1,32,72,46,327.85","40,137","16,62,218",28.1
HINDALCO,EQ,2018-12-19,225.25,225.55,228.3,225.0,227.6,227.15,226.84,"54,29,082","1,23,15,20,195.20","41,411","17,35,657",31.97
HINDALCO,EQ,2018-12-20,227.15,222.8,225.0,219.75,224.25,223.9,222.19,"84,11,639","1,86,89,43,107.70","60,757","16,07,226",19.11
HINDALCO,EQ,2018-12-21,223.9,224.25,227.45,221.8,223.75,224.0,224.5,"69,33,691","1,55,66,44,749.55","47,954","17,58,957",25.37
HINDALCO,EQ,2018-12-24,224.0,224.0,224.0,216.95,217.8,217.85,220.42,"46,67,022","1,02,87,19,939.75","41,530","11,09,936",23.78
HINDALCO,EQ,2018-12-26,217.85,213.85,219.8,212.9,219.75,218.6,216.01,"65,54,865","1,41,59,10,750.20","44,339","9,44,532",14.41
HINDALCO,EQ,2018-12-27,218.6,221.4,223.9,219.6,220.2,220.6,221.48,"79,47,144","1,76,01,33,753.35","45,324","19,00,614",23.92
HINDALCO,EQ,2018-12-28,220.6,221.0,226.05,221.0,223.65,223.5,224.13,"50,74,920","1,13,74,34,774.80","34,575","8,97,089",17.68
HINDALCO,EQ,2018-12-31,223.5,226.7,228.5,225.25,225.5,226.2,227.02,"69,44,360","1,57,65,41,926.75","47,622","21,17,609",30.49
HINDALCO,EQ,2019-01-01,226.2,225.5,225.75,221.6,222.9,222.75,222.96,"50,15,702","1,11,83,06,239.55","43,810","12,29,337",24.51
HINDALCO,EQ,2019-01-02,222.75,218.95,219.15,213.65,214.5,214.55,216.08,"1,09,91,026","2,37,49,41,880.35","61,681","32,99,785",30.02
HINDALCO,EQ,2019-01-03,214.55,214.3,215.7,208.1,208.95,209.2,211.76,"86,56,029","1,83,30,36,155.20","68,525","27,75,195",32.06
HINDALCO,EQ,2019-01-04,209.2,210.0,212.4,207.55,210.65,210.9,209.65,"1,74,08,469","3,64,96,42,009.30","79,016","92,94,294",53.39
HINDALCO,EQ,2019-01-07,210.9,213.8,214.75,207.9,208.5,208.55,211.1,"81,43,876","1,71,91,96,981.15","51,236","25,37,638",31.16
HINDALCO,EQ,2019-01-08,208.55,208.5,209.55,205.3,206.4,206.5,207.12,"1,34,02,916","2,77,60,00,314.30","1,33,953","74,98,055",55.94
HINDALCO,EQ,2019-01-09,206.5,208.5,209.25,203.1,206.0,205.7,205.37,"1,32,53,349","2,72,18,64,153.05","1,03,148","67,15,113",50.67
HINDALCO,EQ,2019-01-10,205.7,206.0,206.65,203.05,204.0,204.0,204.07,"92,91,967","1,89,61,81,564.45","55,621","47,59,729",51.22
HINDALCO,EQ,2019-01-11,204.0,204.0,207.95,204.0,205.6,205.85,206.23,"1,33,14,252","2,74,58,59,040.65","82,997","64,35,029",48.33
HINDALCO,EQ,2019-01-14,205.85,205.5,206.6,203.4,206.15,206.15,205.52,"52,04,874","1,06,96,91,712.80","41,500","19,59,614",37.65
HINDALCO,EQ,2019-01-15,206.15,207.35,209.0,205.65,208.5,208.5,207.71,"71,73,758","1,49,00,92,488.20","51,179","35,70,945",49.78
HINDALCO,EQ,2019-01-16,208.5,209.8,210.5,206.55,208.2,208.4,208.41,"82,09,760","1,71,10,24,430.70","55,712","39,18,279",47.73
HINDALCO,EQ,2019-01-17,208.4,208.5,208.7,205.3,206.0,206.0,206.73,"65,37,377","1,35,14,83,614.75","53,144","30,53,554",46.71
HINDALCO,EQ,2019-01-18,206.0,206.65,209.4,205.95,208.95,208.8,207.63,"62,58,424","1,29,94,61,731.20","47,476","30,68,823",49.04
HINDALCO,EQ,2019-01-21,208.8,209.1,209.9,205.1,206.65,207.65,207.64,"48,83,723","1,01,40,74,119.20","37,182","15,10,842",30.94
HINDALCO,EQ,2019-01-22,207.65,206.35,206.35,201.0,203.75,203.55,203.46,"76,65,916","1,55,97,10,156.65","56,970","31,02,155",40.47
HINDALCO,EQ,2019-01-23,203.55,203.55,207.3,203.45,205.0,205.45,205.46,"58,21,081","1,19,59,70,474.25","43,669","13,67,844",23.50
HINDALCO,EQ,2019-01-24,205.45,206.0,206.2,203.25,205.05,205.05,204.65,"39,17,176","80,16,38,135.35","23,878","9,04,865",23.10
HINDALCO,EQ,2019-01-25,205.05,206.2,207.95,203.25,204.3,204.45,205.73,"43,81,964","90,15,19,296.30","38,694","13,44,113",30.67
HINDALCO,EQ,2019-01-28,204.45,204.45,206.5,198.3,200.1,200.0,201.38,"57,41,120","1,15,61,21,688.65","46,748",-,-
HINDALCO,EQ,2019-01-29,200.0,199.1,200.7,197.45,199.6,199.55,199.48,"44,58,350","88,93,56,164.05","60,198","19,69,792",44.18
HINDALCO,EQ,2019-01-30,199.55,200.4,206.25,200.4,205.35,205.8,203.98,"56,19,506","1,14,62,49,303.70","60,838","20,53,868",36.55
HINDALCO,EQ,2019-01-31,205.8,206.1,210.0,204.35,208.65,208.5,207.46,"65,53,608","1,35,96,26,185.70","59,347","24,61,044",37.55
HINDALCO,EQ,2019-02-01,208.5,208.0,212.35,203.5,209.95,211.4,209.51,"1,04,75,839","2,19,47,73,356.90","62,865","50,16,161",47.88
HINDALCO,EQ,2019-02-04,211.4,209.9,209.9,201.45,204.1,204.2,204.35,"61,96,724","1,26,63,25,632.20","42,847","17,49,986",28.24
HINDALCO,EQ,2019-02-05,204.2,205.9,208.75,202.7,204.2,204.75,205.64,"47,65,441","97,99,86,432.15","41,233","9,57,682",20.10
HINDALCO,EQ,2019-02-06,204.75,205.6,212.1,202.5,211.9,211.4,207.89,"58,88,996","1,22,42,58,604.00","48,726","15,48,297",26.29
HINDALCO,EQ,2019-02-07,211.4,211.9,212.65,208.2,209.2,209.2,209.81,"62,15,565","1,30,40,64,049.00","44,988","20,30,227",32.66
HINDALCO,EQ,2019-02-08,209.2,208.95,209.15,204.4,205.9,205.9,206.32,"39,58,618","81,67,27,095.05","36,518","9,41,022",23.77
HINDALCO,EQ,2019-02-11,205.9,204.9,204.9,195.65,199.5,199.45,199.61,"84,63,393","1,68,94,01,263.90","58,524","11,87,722",14.03
HINDALCO,EQ,2019-02-12,199.45,199.0,202.7,197.0,198.25,198.35,200.11,"1,64,67,366","3,29,52,71,218.60","1,09,266","29,96,058",18.19
HINDALCO,EQ,2019-02-13,198.35,199.0,200.9,197.2,197.6,198.2,198.93,"67,79,939","1,34,87,39,022.15","49,459","10,36,948",15.29
HINDALCO,EQ,2019-02-14,198.2,197.6,198.55,190.3,192.05,191.75,192.93,"1,07,67,206","2,07,72,93,656.90","97,922","25,37,380",23.57
HINDALCO,EQ,2019-02-15,191.75,192.3,192.5,182.2,186.2,186.6,186.2,"1,26,78,835","2,36,07,76,304.35","82,092","28,44,922",22.44
HINDALCO,EQ,2019-02-18,186.6,187.0,188.7,183.9,184.65,184.55,185.18,"64,83,004","1,20,05,38,496.90","42,426","19,27,741",29.74
HINDALCO,EQ,2019-02-19,184.55,185.1,189.25,184.1,186.6,186.55,186.59,"55,13,105","1,02,86,72,972.85","34,323","9,85,196",17.87
HINDALCO,EQ,2019-02-20,186.55,187.8,193.9,187.55,193.9,193.0,191.15,"75,95,081","1,45,17,90,757.60","72,976","19,07,743",25.12
HINDALCO,EQ,2019-02-21,193.0,193.9,195.5,192.25,194.3,194.4,194.28,"64,98,528","1,26,25,61,913.95","53,835","24,64,492",37.92
HINDALCO,EQ,2019-02-22,194.4,194.3,197.0,192.3,196.8,196.45,194.51,"87,58,060","1,70,34,94,191.95","58,838","36,30,481",41.45
HINDALCO,EQ,2019-02-25,196.45,197.0,198.5,194.35,196.05,196.5,196.33,"61,69,952","1,21,13,20,667.50","65,258","16,59,456",26.90
HINDALCO,EQ,2019-02-26,196.5,192.75,197.2,189.05,196.5,196.5,194.29,"90,59,558","1,76,01,67,421.50","60,311","31,57,239",34.85
HINDALCO,EQ,2019-02-27,196.5,199.0,199.0,194.6,195.15,195.95,196.25,"1,19,10,998","2,33,75,64,855.55","47,093","49,06,498",41.19
HINDALCO,EQ,2019-02-28,195.95,197.7,198.2,195.0,196.5,195.75,196.36,"95,82,600","1,88,16,55,227.90","48,464","40,20,151",41.95
HINDALCO,EQ,2019-03-01,195.75,198.1,198.9,195.3,196.4,196.15,196.44,"65,12,004","1,27,92,03,775.50","49,055","28,48,853",43.75
HINDALCO,EQ,2019-03-05,196.15,195.0,199.45,194.5,198.2,198.75,197.72,"73,54,264","1,45,40,98,153.50","1,06,910","27,54,488",37.45
HINDALCO,EQ,2019-03-06,198.75,200.0,203.95,199.65,203.0,202.75,202.15,"1,36,83,897","2,76,61,35,270.95","68,467","60,45,487",44.18
HINDALCO,EQ,2019-03-07,202.75,203.75,203.75,199.9,200.55,200.6,201.52,"55,33,457","1,11,51,23,446.20","55,294","14,59,209",26.37
HINDALCO,EQ,2019-03-08,200.6,197.0,197.6,193.6,196.0,195.55,195.29,"1,00,50,458","1,96,27,51,225.40","60,070","29,42,775",29.28
HINDALCO,EQ,2019-03-11,195.55,197.0,202.0,196.1,201.95,201.05,199.3,"54,46,100","1,08,54,27,570.15","32,492","17,28,569",31.74
HINDALCO,EQ,2019-03-12,201.05,203.0,206.9,202.1,203.5,203.4,204.55,"1,09,88,099","2,24,75,67,870.30","1,00,520","48,59,056",44.22
HINDALCO,EQ,2019-03-13,203.4,204.0,205.3,200.7,202.0,202.3,202.57,"49,71,396","1,00,70,66,901.65","46,228","16,68,262",33.56
HINDALCO,EQ,2019-03-14,202.3,202.35,204.6,199.75,200.5,200.75,201.42,"51,06,833","1,02,85,93,512.45","29,407","17,26,969",33.82
HINDALCO,EQ,2019-03-15,200.75,201.5,202.55,197.25,199.4,199.05,199.21,"74,89,589","1,49,19,64,068.50","39,266","30,89,403",41.25
HINDALCO,EQ,2019-03-18,199.05,200.7,201.0,197.5,199.85,199.55,199.24,"46,25,891","92,16,67,326.45","41,830","11,78,517",25.48
HINDALCO,EQ,2019-03-19,199.55,200.0,204.25,199.45,202.0,202.35,202.38,"60,97,075","1,23,39,32,274.40","41,791","17,92,793",29.40
HINDALCO,EQ,2019-03-20,202.35,203.0,207.95,203.0,207.2,207.15,206.49,"87,88,334","1,81,46,61,609.25","67,798","28,68,567",32.64
HINDALCO,EQ,2019-03-22,207.15,208.1,211.55,206.05,208.4,209.1,209.1,"1,13,59,037","2,37,51,91,526.45","76,709","48,06,644",42.32
HINDALCO,EQ,2019-03-25,209.1,206.5,206.5,201.9,204.75,205.45,204.31,"74,51,785","1,52,24,82,636.80","48,140","24,00,419",32.21
HINDALCO,EQ,2019-03-26,205.45,205.55,209.35,204.6,208.25,208.5,206.57,"50,69,088","1,04,71,02,276.55","38,046","16,05,492",31.67
HINDALCO,EQ,2019-03-27,208.5,209.05,210.85,206.7,206.9,207.65,209.04,"57,31,820","1,19,81,61,453.00","41,108","19,02,073",33.18
HINDALCO,EQ,2019-03-28,207.65,206.95,208.3,201.55,203.1,202.35,203.61,"89,24,025","1,81,70,15,047.95","66,278","47,41,827",53.14
HINDALCO,EQ,2019-03-29,202.35,205.85,207.9,204.45,204.9,205.5,205.88,"1,28,38,741","2,64,32,99,439.40","63,666","59,57,529",46.40
HINDALCO,EQ,2019-04-01,205.5,208.55,218.75,208.55,216.35,215.9,216.32,"1,84,54,840","3,99,22,06,837.60","1,15,837","53,66,626",29.08
HINDALCO,EQ,2019-04-02,215.9,216.25,218.3,213.2,217.0,216.95,216.18,"82,73,747","1,78,86,34,067.50","54,022","27,11,716",32.77
HINDALCO,EQ,2019-04-03,216.95,217.05,219.1,214.1,214.75,215.95,216.55,"49,10,619","1,06,33,75,570.95","39,891","14,45,962",29.45
HINDALCO,EQ,2019-04-04,215.95,215.45,215.45,210.0,210.5,210.45,211.17,"77,39,096","1,63,42,34,600.10","87,896","26,70,519",34.51
HINDALCO,EQ,2019-04-05,210.45,210.5,216.8,209.75,216.2,215.4,212.68,"79,65,595","1,69,41,35,916.05","56,796","27,19,525",34.14
HINDALCO,EQ,2019-04-08,215.4,216.7,217.8,213.05,213.65,214.45,215.3,"50,32,285","1,08,34,41,691.00","56,309","13,62,820",27.08
HINDALCO,EQ,2019-04-09,214.45,214.45,217.85,211.6,217.15,217.15,214.61,"39,37,427","84,50,28,226.85","58,763","12,06,951",30.65
HINDALCO,EQ,2019-04-10,217.15,214.5,216.75,209.65,211.6,211.7,212.71,"1,33,23,115","2,83,40,25,082.10","1,00,065","42,79,579",32.12
HINDALCO,EQ,2019-04-11,211.7,211.0,212.55,209.7,211.7,211.3,210.73,"59,20,717","1,24,76,88,104.95","52,022","23,98,564",40.51
HINDALCO,EQ,2019-04-12,211.3,211.3,212.0,208.0,209.55,209.75,209.52,"55,30,088","1,15,86,71,397.85","52,155","16,06,282",29.05
HINDALCO,EQ,2019-04-15,209.75,210.0,214.75,210.0,212.95,212.75,213.28,"49,65,812","1,05,90,99,730.35","43,665","12,40,770",24.99
HINDALCO,EQ,2019-04-16,212.75,214.0,217.9,213.15,214.95,214.95,216.13,"67,50,812","1,45,90,24,732.65","78,996","24,83,570",36.79
HINDALCO,EQ,2019-04-18,214.95,216.15,216.15,206.25,207.0,207.2,209.15,"72,37,958","1,51,37,87,734.30","55,954","24,14,453",33.36
HINDALCO,EQ,2019-04-22,207.2,207.3,207.8,199.6,199.7,200.4,202.58,"93,67,081","1,89,75,85,279.15","49,573","40,66,218",43.41
HINDALCO,EQ,2019-04-23,200.4,200.0,202.85,198.75,200.2,200.35,201.1,"43,52,433","87,52,86,382.70","38,129","8,21,932",18.88
HINDALCO,EQ,2019-04-24,200.35,200.4,201.4,197.2,200.5,200.7,199.09,"63,64,227","1,26,70,54,367.30","45,312","18,77,361",29.50
HINDALCO,EQ,2019-04-25,200.7,200.85,202.65,195.75,196.8,196.55,199.3,"67,35,299","1,34,23,30,405.70","46,085","28,55,218",42.39
HINDALCO,EQ,2019-04-26,196.55,197.8,201.9,196.5,201.5,201.15,199.24,"74,52,786","1,48,48,84,898.00","69,972","26,71,803",35.85
HINDALCO,EQ,2019-04-30,201.15,202.0,206.6,199.05,205.65,206.05,203.37,"88,79,385","1,80,57,88,376.70","53,982","34,22,510",38.54
HINDALCO,EQ,2019-05-02,206.05,204.25,207.65,201.6,205.7,204.7,205.23,"79,48,283","1,63,11,98,413.65","53,237","31,12,941",39.16
HINDALCO,EQ,2019-05-03,204.7,206.0,206.0,202.65,205.0,205.1,204.73,"53,20,008","1,08,91,88,100.30","36,745","19,46,702",36.59
HINDALCO,EQ,2019-05-06,205.1,197.0,200.95,196.8,198.5,198.9,199.04,"88,45,838","1,76,06,59,942.60","54,299","28,53,641",32.26
HINDALCO,EQ,2019-05-07,198.9,199.2,204.25,199.2,201.0,200.45,202.24,"90,42,640","1,82,88,22,419.60","62,551","21,17,563",23.42
HINDALCO,EQ,2019-05-08,200.45,200.0,202.9,196.65,202.75,200.0,198.31,"78,83,819","1,56,34,38,437.75","63,596","28,11,502",35.66
HINDALCO,EQ,2019-05-09,200.0,201.7,201.9,196.25,198.5,198.15,198.19,"1,04,82,577","2,07,75,74,988.55","67,449","28,91,153",27.58
HINDALCO,EQ,2019-05-10,198.15,199.1,201.05,193.6,195.05,195.8,197.25,"88,21,650","1,74,00,47,833.05","96,698","32,28,006",36.59
HINDALCO,EQ,2019-05-13,195.8,194.9,194.9,191.4,192.25,192.2,193.54,"69,79,614","1,35,08,53,232.75","48,407","24,98,612",35.80
HINDALCO,EQ,2019-05-14,192.2,191.0,193.95,188.0,193.2,192.95,192.06,"84,51,501","1,62,32,06,951.00","57,061","33,03,750",39.09
HINDALCO,EQ,2019-05-15,192.95,192.95,196.0,189.65,190.2,190.65,193.16,"66,84,736","1,29,12,05,146.40","39,652","15,68,990",23.47
HINDALCO,EQ,2019-05-16,190.65,191.25,195.9,190.0,193.6,194.6,193.08,"1,05,26,494","2,03,24,59,610.50","68,660","15,13,005",14.37
HINDALCO,EQ,2019-05-17,194.6,192.0,192.8,187.25,191.9,191.7,189.79,"1,35,64,609","2,57,44,07,327.60","94,760","41,42,403",30.54
HINDALCO,EQ,2019-05-20,191.7,194.5,199.7,193.75,199.7,198.75,197.74,"54,11,945","1,07,01,77,317.90","39,791","14,89,836",27.53
HINDALCO,EQ,2019-05-21,198.75,199.75,200.0,193.2,195.75,196.0,195.41,"51,94,195","1,01,49,76,588.25","38,103","15,51,275",29.87
HINDALCO,EQ,2019-05-22,196.0,196.0,199.35,195.0,197.95,198.0,197.33,"55,92,495","1,10,35,85,602.25","57,616","21,09,932",37.73
HINDALCO,EQ,2019-05-23,198.0,201.0,201.0,190.85,191.7,191.75,195.64,"74,76,261","1,46,26,55,777.10","57,370","28,40,142",37.99
HINDALCO,EQ,2019-05-24,191.75,193.0,196.45,190.0,195.65,195.8,193.35,"63,26,402","1,22,32,14,472.80","39,533","16,30,148",25.77
HINDALCO,EQ,2019-05-27,195.8,196.0,201.85,195.3,200.0,200.6,199.56,"44,98,005","89,76,22,174.15","32,478","9,63,504",21.42
HINDALCO,EQ,2019-05-28,200.6,200.6,207.15,200.6,201.25,201.85,203.35,"1,22,23,332","2,48,55,98,341.85","87,505","52,16,843",42.68
HINDALCO,EQ,2019-05-29,201.85,201.0,201.0,197.25,199.1,199.3,198.7,"51,23,395","1,01,80,33,192.90","34,963","12,77,911",24.94
HINDALCO,EQ,2019-05-30,199.3,199.1,200.8,196.3,198.55,198.55,198.52,"70,39,964","1,39,75,66,771.50","41,323","41,34,974",58.74
HINDALCO,EQ,2019-05-31,198.55,199.05,199.7,195.2,197.0,197.0,197.01,"88,03,541","1,73,43,75,211.65","58,439","47,18,011",53.59
HINDALCO,EQ,2019-06-03,197.0,197.0,200.4,194.4,199.4,199.4,197.34,"53,05,570","1,04,70,15,339.85","44,943","14,31,726",26.99
HINDALCO,EQ,2019-06-04,199.4,198.85,200.5,196.85,198.0,197.8,198.41,"47,28,557","93,81,83,600.95","33,520","12,53,507",26.51
HINDALCO,EQ,2019-06-06,197.8,197.8,198.45,193.7,194.45,194.85,195.71,"66,28,617","1,29,72,68,139.30","45,611","22,60,999",34.11
HINDALCO,EQ,2019-06-07,194.85,194.85,196.65,193.4,194.5,194.8,194.78,"38,12,625","74,26,21,194.00","32,919","8,98,871",23.58
HINDALCO,EQ,2019-06-10,194.8,196.8,198.6,195.0,198.05,198.25,196.64,"38,80,878","76,31,17,137.65","41,860","13,40,218",34.53
HINDALCO,EQ,2019-06-11,198.25,198.9,200.9,195.65,199.55,199.6,199.15,"59,66,155","1,18,81,31,391.50","47,018","17,02,908",28.54
HINDALCO,EQ,2019-06-12,199.6,198.6,202.9,197.15,199.1,199.3,200.08,"62,32,564","1,24,70,11,053.85","36,796","14,49,341",23.25
HINDALCO,EQ,2019-06-13,199.3,198.95,200.35,196.7,199.5,199.65,198.96,"46,54,391","92,60,29,277.20","31,968","15,03,669",32.31
HINDALCO,EQ,2019-06-14,199.65,198.4,200.7,196.8,197.15,198.25,199.0,"36,24,064","72,11,87,036.45","29,696","10,16,083",28.04
HINDALCO,EQ,2019-06-17,198.25,199.0,199.0,193.0,193.45,193.6,194.88,"59,76,790","1,16,47,81,712.55","30,905","22,91,331",36.09
HINDALCO,EQ,2019-06-18,193.6,193.45,195.3,189.3,190.3,189.95,191.29,"88,48,621","1,69,26,66,526.10","69,985","35,59,124",35.10
HINDALCO,EQ,2019-06-19,189.95,192.25,196.25,188.4,190.0,190.05,191.97,"1,12,19,284","2,15,37,89,535.65","72,918","46,32,355",41.29
HINDALCO,EQ,2019-06-20,190.05,190.2,194.8,188.1,194.25,194.3,192.05,"64,69,404","1,24,24,67,886.90","58,057","24,33,276",37.61
HINDALCO,EQ,2019-06-21,194.3,193.9,198.3,193.15,198.15,197.65,196.82,"75,96,593","1,49,51,41,586.30","48,389","29,01,733",38.20
HINDALCO,EQ,2019-06-24,197.65,197.0,203.25,196.5,198.1,198.2,199.1,"1,04,64,941","2,08,35,93,340.70","59,737","37,16,821",35.52
HINDALCO,EQ,2019-06-25,198.2,196.5,203.9,194.5,202.1,202.5,200.58,"84,18,631","1,68,86,40,624.30","51,590","24,60,085",29.22
HINDALCO,EQ,2019-06-26,202.5,201.5,208.95,201.05,208.8,208.35,204.77,"67,30,323","1,37,81,64,192.25","55,134","20,13,762",29.92
HINDALCO,EQ,2019-06-27,208.35,209.65,210.4,205.35,205.5,206.1,207.46,"87,00,344","1,80,50,08,678.25","68,383","25,23,045",29.00
HINDALCO,EQ,2019-06-28,206.1,206.0,207.6,203.55,207.2,207.05,206.06,"54,54,954","1,12,40,55,740.60","40,794","18,27,682",33.50
HINDALCO,EQ,2019-07-01,207.05,208.1,210.6,207.2,208.85,208.9,208.54,"63,53,325","1,32,49,43,285.45","36,859","24,41,019",38.42
HINDALCO,EQ,2019-07-02,208.9,209.0,210.2,206.0,208.75,209.35,208.26,"35,52,844","73,98,98,841.60","27,741","4,34,494",12.23
HINDALCO,EQ,2019-07-03,209.35,208.75,210.3,205.35,208.15,208.7,207.9,"50,52,706","1,05,04,50,059.05","37,835","5,71,369",11.31
HINDALCO,EQ,2019-07-04,208.7,208.4,209.5,206.25,206.5,206.9,207.96,"40,32,487","83,85,96,632.30","21,677","11,44,244",28.38
HINDALCO,EQ,2019-07-05,206.9,206.55,206.8,198.0,199.4,198.9,201.67,"86,94,153","1,75,33,56,141.60","68,461","35,51,268",40.85
HINDALCO,EQ,2019-07-08,198.9,197.0,200.5,195.0,197.5,197.6,198.58,"61,97,157","1,23,06,01,176.65","38,817","23,07,407",37.23
HINDALCO,EQ,2019-07-09,197.6,197.0,199.0,193.1,197.9,197.9,195.84,"63,55,556","1,24,46,77,955.10","50,996","22,01,615",34.64
HINDALCO,EQ,2019-07-10,197.9,196.0,197.4,192.5,193.45,193.65,194.59,"52,39,125","1,01,95,03,623.25","44,135","15,93,365",30.41
HINDALCO,EQ,2019-07-11,193.65,196.5,199.25,194.85,199.0,198.45,197.1,"45,24,147","89,17,23,193.25","51,342","9,86,890",21.81
HINDALCO,EQ,2019-07-12,198.45,199.0,201.45,197.4,198.5,198.85,199.35,"35,35,841","70,48,55,322.90","32,524","8,66,024",24.49
HINDALCO,EQ,2019-07-15,198.85,198.55,201.0,195.8,200.2,200.15,198.45,"38,82,644","77,05,25,033.25","30,643","10,77,521",27.75
HINDALCO,EQ,2019-07-16,200.15,199.4,202.5,197.5,198.95,199.1,199.27,"68,33,661","1,36,17,59,321.80","39,214","29,54,543",43.24
HINDALCO,EQ,2019-07-17,199.1,198.9,204.2,198.1,203.9,203.45,201.7,"47,90,772","96,63,11,977.80","31,123","13,65,214",28.50
HINDALCO,EQ,2019-07-18,203.45,201.9,202.9,199.35,200.0,200.55,200.9,"51,74,253","1,03,94,94,056.10","41,235","17,37,112",33.57
HINDALCO,EQ,2019-07-19,200.55,202.0,203.7,195.0,196.1,196.0,198.53,"67,41,873","1,33,84,80,857.90","60,079","24,86,077",36.88
HINDALCO,EQ,2019-07-22,196.0,195.95,205.45,194.8,202.7,202.4,200.14,"91,47,466","1,83,07,91,941.80","39,995","19,28,668",21.08
HINDALCO,EQ,2019-07-23,202.4,202.05,204.25,200.4,202.6,203.1,202.52,"46,37,360","93,91,43,160.95","35,020","14,89,863",32.13
HINDALCO,EQ,2019-07-24,203.1,203.05,203.9,195.65,197.95,197.25,198.01,"59,42,539","1,17,67,04,186.60","37,011","23,86,475",40.16
HINDALCO,EQ,2019-07-25,197.25,197.9,200.25,195.45,197.2,196.75,197.21,"57,20,563","1,12,81,53,239.85","38,146","21,13,464",36.95
HINDALCO,EQ,2019-07-26,196.75,196.75,199.35,194.75,197.9,198.0,197.51,"53,73,373","1,06,12,87,465.85","26,111","14,74,428",27.44
HINDALCO,EQ,2019-07-29,198.0,196.35,198.5,192.4,193.0,193.25,194.63,"69,00,021","1,34,29,31,787.90","54,118","29,70,127",43.05
HINDALCO,EQ,2019-07-30,193.25,192.4,194.8,188.85,190.0,190.1,192.08,"60,33,395","1,15,88,97,179.25","32,731","15,31,718",25.39
HINDALCO,EQ,2019-07-31,190.1,188.0,191.25,184.8,190.6,190.55,188.94,"92,73,653","1,75,21,94,827.90","52,927","34,69,789",37.42
HINDALCO,EQ,2019-08-01,190.55,189.0,189.25,180.3,182.6,182.75,183.3,"1,18,80,072","2,17,76,17,264.35","1,18,293","42,25,644",35.57
HINDALCO,EQ,2019-08-02,182.75,179.8,182.3,176.35,179.85,180.4,179.31,"1,17,97,603","2,11,53,88,604.15","72,643","38,49,841",32.63
HINDALCO,EQ,2019-08-05,180.4,178.0,178.0,171.6,175.75,175.75,174.53,"97,12,978","1,69,51,90,328.15","57,448","34,64,587",35.67
HINDALCO,EQ,2019-08-06,175.75,173.0,182.6,173.0,180.15,180.7,178.99,"1,04,21,582","1,86,53,40,573.00","53,191","31,39,251",30.12
HINDALCO,EQ,2019-08-07,180.7,183.0,184.1,175.8,177.2,176.4,179.37,"63,87,281","1,14,56,87,396.15","65,922","9,03,976",14.15
HINDALCO,EQ,2019-08-08,176.4,177.5,181.8,175.4,181.0,181.05,179.52,"61,83,264","1,11,00,23,749.50","48,066","18,96,465",30.67
HINDALCO,EQ,2019-08-09,181.05,181.0,184.45,173.3,177.0,176.2,178.83,"1,45,62,944","2,60,43,25,915.10","92,713","23,54,496",16.17
HINDALCO,EQ,2019-08-13,176.2,175.25,180.3,173.0,175.75,176.25,176.76,"68,36,149","1,20,83,37,245.70","36,050","12,30,220",18.00
HINDALCO,EQ,2019-08-14,176.25,176.6,181.25,176.0,180.45,180.6,179.79,"59,65,374","1,07,25,03,386.60","58,645","17,81,248",29.86
HINDALCO,EQ,2019-08-16,180.6,179.1,181.5,173.7,179.15,179.8,177.76,"71,69,006","1,27,43,30,709.30","51,362","8,41,248",11.73
HINDALCO,EQ,2019-08-19,179.8,180.15,182.25,177.75,182.0,181.15,180.56,"51,79,954","93,53,16,196.05","33,070","12,02,446",23.21
HINDALCO,EQ,2019-08-20,181.15,182.0,182.35,177.8,179.25,179.4,179.25,"45,39,348","81,36,99,754.80","33,069","10,23,684",22.55
HINDALCO,EQ,2019-08-21,179.4,178.9,178.9,173.25,176.4,177.05,175.84,"66,42,215","1,16,79,60,489.25","44,455","13,11,951",19.75
HINDALCO,EQ,2019-08-22,177.05,174.0,179.3,172.65,175.5,176.55,175.91,"71,28,023","1,25,39,15,713.75","47,940","11,80,360",16.56
HINDALCO,EQ,2019-08-23,176.55,173.6,181.95,172.15,181.6,180.25,176.96,"70,73,375","1,25,16,72,269.80","45,261","6,94,850",9.82
HINDALCO,EQ,2019-08-26,180.25,182.05,182.25,171.1,178.8,178.75,175.33,"79,74,145","1,39,80,77,590.95","65,782","15,23,969",19.11
HINDALCO,EQ,2019-08-27,178.75,180.0,182.45,177.7,182.4,181.2,180.93,"69,28,021","1,25,34,95,217.05","60,196","22,91,237",33.07
HINDALCO,EQ,2019-08-28,181.2,181.5,182.0,176.5,178.8,178.4,178.29,"58,51,491","1,04,32,46,616.30","40,001","13,82,679",23.63
HINDALCO,EQ,2019-08-29,178.4,176.8,180.9,174.9,179.25,179.7,177.78,"52,84,552","93,94,77,529.90","30,936","8,53,829",16.16
HINDALCO,EQ,2019-08-30,179.7,182.25,187.0,181.45,184.5,184.45,184.48,"1,39,05,732","2,56,53,40,190.95","87,801","23,20,570",16.69
HINDALCO,EQ,2019-09-03,184.45,182.5,182.5,177.4,177.85,178.4,180.37,"49,27,852","88,88,28,238.60","33,621","8,10,590",16.45
HINDALCO,EQ,2019-09-04,178.4,179.0,182.2,176.6,181.5,181.65,179.36,"51,29,501","92,00,12,374.05","44,745","8,17,544",15.94
HINDALCO,EQ,2019-09-05,181.65,182.25,188.65,182.25,184.6,184.6,184.41,"56,14,061","1,03,52,89,860.45","41,755","6,58,130",11.72
HINDALCO,EQ,2019-09-06,184.6,184.9,189.7,182.0,189.0,188.4,186.19,"55,70,553","1,03,71,82,404.90","41,149","11,68,798",20.98
HINDALCO,EQ,2019-09-09,188.4,188.5,190.05,184.75,188.95,189.25,187.95,"50,14,192","94,24,19,450.05","36,722","6,24,262",12.45
HINDALCO,EQ,2019-09-11,189.25,189.1,194.2,189.0,193.6,193.45,192.18,"59,04,788","1,13,47,87,830.60","47,869","14,06,627",23.82
HINDALCO,EQ,2019-09-12,193.45,193.95,197.6,193.6,196.65,197.1,196.08,"86,35,479","1,69,32,25,229.20","40,368","31,72,046",36.73
HINDALCO,EQ,2019-09-13,197.1,196.65,201.9,195.2,201.3,200.35,197.75,"64,73,051","1,28,00,41,132.05","31,944","16,65,222",25.73
HINDALCO,EQ,2019-09-16,200.35,198.1,201.25,197.95,201.15,200.4,199.6,"57,48,421","1,14,74,00,433.10","29,512","22,21,300",38.64
HINDALCO,EQ,2019-09-17,200.4,200.0,202.95,196.65,197.5,197.95,199.94,"69,11,141","1,38,18,06,432.70","44,457","18,52,487",26.80
HINDALCO,EQ,2019-09-18,197.95,198.4,200.8,197.15,198.2,198.0,199.29,"73,26,216","1,46,00,34,096.35","42,049","22,40,668",30.58
HINDALCO,EQ,2019-09-19,198.0,198.0,198.9,193.15,195.7,195.95,195.93,"41,58,836","81,48,24,842.35","43,839","5,40,356",12.99
HINDALCO,EQ,2019-09-20,195.95,196.05,208.2,194.75,202.0,202.15,202.93,"1,45,94,234","2,96,16,24,960.95","73,237","56,38,216",38.63
HINDALCO,EQ,2019-09-23,202.15,204.55,206.85,198.0,199.0,200.0,201.04,"73,66,155","1,48,09,21,533.70","43,999","22,84,996",31.02
HINDALCO,EQ,2019-09-24,200.0,199.95,202.35,196.05,197.3,197.8,198.65,"58,05,761","1,15,33,38,681.75","34,148","14,14,017",24.36
HINDALCO,EQ,2019-09-25,197.8,196.1,196.6,188.9,189.4,189.9,191.7,"71,63,444","1,37,32,13,350.55","67,225","26,89,344",37.54
HINDALCO,EQ,2019-09-26,189.9,191.0,196.5,190.25,195.7,195.95,195.08,"86,25,560","1,68,27,14,460.80","63,611","31,69,833",36.75
HINDALCO,EQ,2019-09-27,195.95,194.55,194.95,189.5,190.95,190.7,191.11,"43,92,645","83,94,99,652.60","46,039","10,87,248",24.75
HINDALCO,EQ,2019-09-30,190.7,189.4,191.9,184.75,191.3,191.35,188.16,"65,21,755","1,22,71,10,291.65","42,789","21,03,592",32.25
HINDALCO,EQ,2019-10-01,191.35,191.3,194.55,186.75,189.45,189.75,190.67,"61,63,235","1,17,51,37,815.25","48,620","11,51,929",18.69
HINDALCO,EQ,2019-10-03,189.75,186.5,187.95,180.0,182.15,182.6,182.92,"1,38,62,733","2,53,57,64,934.05","66,218","35,72,348",25.77
HINDALCO,EQ,2019-10-04,182.6,184.0,185.75,181.55,182.05,182.1,183.87,"62,77,398","1,15,42,51,523.75","41,663","17,98,478",28.65
HINDALCO,EQ,2019-10-07,182.1,182.25,185.15,181.1,182.1,182.3,183.16,"45,25,369","82,88,66,466.45","27,863","9,44,487",20.87
HINDALCO,EQ,2019-10-09,182.3,182.05,187.15,180.7,186.35,186.05,184.17,"45,36,877","83,55,66,718.10","33,783","10,40,337",22.93
HINDALCO,EQ,2019-10-10,186.05,184.45,185.95,181.8,182.55,182.25,182.9,"43,51,508","79,58,82,167.25","30,522","14,37,607",33.04
HINDALCO,EQ,2019-10-11,182.25,183.5,189.2,183.3,187.3,187.2,186.82,"76,42,682","1,42,77,74,313.65","49,649","15,06,791",19.72
HINDALCO,EQ,2019-10-14,187.2,189.5,191.0,187.05,188.4,188.7,189.06,"52,22,539","98,73,64,079.80","28,636","10,71,665",20.52
HINDALCO,EQ,2019-10-15,188.7,187.9,195.55,185.9,192.2,192.55,190.97,"66,91,660","1,27,79,37,215.50","37,382","13,42,848",20.07
HINDALCO,EQ,2019-10-16,192.55,192.5,194.15,187.15,188.0,187.95,188.76,"80,82,988","1,52,57,26,774.90","51,427","31,46,575",38.93
HINDALCO,EQ,2019-10-17,187.95,185.5,189.75,182.55,188.6,188.8,185.55,"95,20,625","1,76,65,70,972.75","60,987","34,43,741",36.17
HINDALCO,EQ,2019-10-18,188.8,187.95,191.35,186.65,186.85,187.4,188.4,"73,47,790","1,38,43,46,767.95","40,920","29,10,123",39.61
HINDALCO,EQ,2019-10-22,187.4,186.45,190.95,185.05,185.2,185.75,187.75,"66,83,536","1,25,48,31,186.90","71,208","19,50,402",29.18
HINDALCO,EQ,2019-10-23,185.75,185.1,187.6,184.0,185.2,185.1,185.36,"56,10,514","1,03,99,54,250.05","52,741","21,03,510",37.49
HINDALCO,EQ,2019-10-24,185.1,186.25,186.65,180.7,181.15,181.35,183.84,"68,90,297","1,26,66,86,336.40","60,188","22,90,129",33.24
HINDALCO,EQ,2019-10-25,181.35,181.5,183.4,181.0,181.2,181.75,182.15,"59,56,396","1,08,49,51,503.00","46,059","20,67,577",34.71
HINDALCO,EQ,2019-10-27,181.75,182.1,182.9,181.3,182.1,182.1,182.37,"3,68,603","6,72,22,144.05","3,220","1,23,961",33.63
HINDALCO,EQ,2019-10-29,182.1,183.4,188.15,182.45,184.0,184.3,185.63,"96,87,658","1,79,82,91,040.30","70,250","45,16,143",46.62
HINDALCO,EQ,2019-10-30,184.3,186.8,189.45,184.4,187.7,187.2,187.29,"59,78,614","1,11,97,26,123.90","32,641","20,51,997",34.32
HINDALCO,EQ,2019-10-31,187.2,188.15,190.9,186.6,187.45,187.9,188.8,"65,01,134","1,22,74,44,786.50","39,240","25,30,023",38.92
HINDALCO,EQ,2019-11-01,187.9,188.05,194.35,187.35,193.8,193.75,191.71,"69,21,052","1,32,68,41,823.20","43,308","13,48,155",19.48
HINDALCO,EQ,2019-11-04,193.75,195.5,204.1,195.5,197.6,197.95,200.16,"1,54,21,372","3,08,67,68,093.60","77,589","52,61,710",34.12
HINDALCO,EQ,2019-11-05,197.95,199.0,202.7,197.35,198.5,198.6,199.93,"89,12,298","1,78,18,69,159.95","57,204","31,13,078",34.93
HINDALCO,EQ,2019-11-06,198.6,199.0,203.65,197.65,201.4,201.5,200.76,"1,30,28,120","2,61,55,16,598.30","61,007","57,96,377",44.49
HINDALCO,EQ,2019-11-07,201.5,202.9,207.3,199.25,205.95,205.2,203.52,"1,75,56,268","3,57,29,99,785.05","79,863","86,88,646",49.49
HINDALCO,EQ,2019-11-08,205.2,205.05,207.0,203.1,204.15,203.85,205.36,"1,00,82,727","2,07,05,68,362.55","76,336","46,69,771",46.31
HINDALCO,EQ,2019-11-11,203.85,203.95,203.95,199.5,199.55,200.15,200.99,"68,51,401","1,37,70,30,977.35","42,633","22,16,685",32.35
HINDALCO,EQ,2019-11-13,200.15,197.05,201.95,192.35,193.5,193.15,197.05,"1,34,57,979","2,65,18,78,522.15","75,092","30,42,446",22.61
HINDALCO,EQ,2019-11-14,193.15,193.35,193.4,187.8,188.2,188.5,189.42,"67,20,055","1,27,28,98,721.85","45,338","17,89,541",26.63
HINDALCO,EQ,2019-11-15,188.5,188.5,190.15,187.1,187.7,187.75,188.57,"45,58,349","85,95,68,035.90","26,253","10,48,574",23.00
HINDALCO,EQ,2019-11-18,187.75,188.55,194.85,187.2,194.0,193.6,192.27,"88,73,375","1,70,60,95,920.55","61,711","32,67,920",36.83
HINDALCO,EQ,2019-11-19,193.6,193.6,194.0,190.65,193.25,192.35,192.01,"34,76,640","66,75,42,474.60","26,875","7,48,684",21.53
HINDALCO,EQ,2019-11-20,192.35,193.0,193.85,190.25,190.8,190.75,191.9,"44,37,118","85,14,94,706.55","32,016","6,68,258",15.06
HINDALCO,EQ,2019-11-21,190.75,190.2,192.9,188.05,188.9,188.6,190.62,"63,42,754","1,20,90,28,189.40","45,153","16,39,757",25.85
HINDALCO,EQ,2019-11-22,188.6,188.0,191.3,187.05,189.5,190.25,189.32,"46,35,776","87,76,45,878.40","27,856","9,44,859",20.38
HINDALCO,EQ,2019-11-25,190.25,191.5,200.65,190.35,198.75,199.25,197.63,"1,69,31,103","3,34,61,60,535.80","92,977","49,51,641",29.25
HINDALCO,EQ,2019-11-26,199.25,200.15,202.9,197.55,198.95,198.7,199.76,"1,61,63,735","3,22,88,99,775.20","1,33,609","77,98,347",48.25
HINDALCO,EQ,2019-11-27,198.7,199.4,203.5,199.4,203.05,203.0,202.06,"72,51,212","1,46,52,04,411.05","49,013","20,32,496",28.03
HINDALCO,EQ,2019-11-28,203.0,203.0,205.3,200.1,203.9,204.1,202.98,"54,21,765","1,10,05,03,752.75","41,118","11,67,274",21.53
HINDALCO,EQ,2019-11-29,204.1,203.0,204.5,196.55,199.8,200.15,199.91,"1,02,12,511","2,04,15,81,929.70","49,104","28,12,064",27.54
HINDALCO,EQ,2019-12-02,200.15,200.0,202.55,198.45,200.85,200.8,200.64,"51,95,682","1,04,24,43,646.10","29,577","13,50,434",25.99
HINDALCO,EQ,2019-12-03,200.8,200.1,200.5,194.6,197.0,196.0,196.13,"58,15,771","1,14,06,33,360.65","33,211","16,96,194",29.17
HINDALCO,EQ,2019-12-04,196.0,194.2,201.75,192.8,201.1,201.1,197.45,"65,74,810","1,29,81,73,777.05","37,458","11,50,867",17.50
HINDALCO,EQ,2019-12-05,201.1,199.05,201.45,197.25,198.1,198.55,199.39,"44,43,222","88,59,49,043.45","27,255","8,45,200",19.02
HINDALCO,EQ,2019-12-06,198.55,199.0,200.7,195.65,197.5,197.95,198.25,"38,19,461","75,72,22,403.05","21,835","7,76,135",20.32
HINDALCO,EQ,2019-12-09,197.95,198.65,202.25,197.1,198.65,198.85,200.07,"57,43,160","1,14,90,39,362.65","35,247","9,95,250",17.33
HINDALCO,EQ,2019-12-10,198.85,198.7,200.6,197.7,198.75,199.1,199.21,"48,76,818","97,14,97,651.65","38,536","14,27,741",29.28
HINDALCO,EQ,2019-12-11,199.1,200.0,200.0,194.7,196.6,196.6,197.14,"47,57,660","93,79,10,894.05","47,826","12,44,075",26.15
HINDALCO,EQ,2019-12-12,196.6,197.3,204.25,197.3,201.2,201.45,201.86,"1,06,21,630","2,14,41,26,140.00","65,860","38,60,036",36.34
HINDALCO,EQ,2019-12-13,201.45,207.0,209.0,205.3,208.6,208.25,207.4,"1,42,46,993","2,95,48,42,342.85","1,06,336","54,81,562",38.48
HINDALCO,EQ,2019-12-16,208.25,210.0,211.65,206.2,206.55,206.65,208.32,"87,79,955","1,82,90,31,686.55","51,789","19,52,100",22.23
HINDALCO,EQ,2019-12-17,206.65,207.9,214.8,206.8,213.5,213.7,211.89,"1,66,29,136","3,52,35,62,521.85","85,201","52,79,284",31.75
HINDALCO,EQ,2019-12-18,213.7,214.55,215.5,212.2,213.75,213.65,214.1,"1,17,21,371","2,50,95,77,062.05","80,223","27,39,091",23.37
HINDALCO,EQ,2019-12-19,213.65,212.4,217.25,211.15,216.0,216.3,213.94,"68,47,801","1,46,50,13,756.25","44,413","16,74,185",24.45
HINDALCO,EQ,2019-12-20,216.3,216.3,218.1,214.8,215.65,215.5,216.46,"81,75,626","1,76,96,81,142.10","77,408","30,60,161",37.43
HINDALCO,EQ,2019-12-23,215.5,216.8,219.35,213.35,214.85,215.15,215.98,"1,02,95,626","2,22,36,51,424.55","69,945","29,04,286",28.21
HINDALCO,EQ,2019-12-24,215.15,218.25,218.3,215.15,216.0,216.25,216.51,"77,82,646","1,68,49,93,758.45","41,632","16,83,448",21.63
HINDALCO,EQ,2019-12-26,216.25,216.75,217.6,214.3,214.95,215.0,215.88,"74,36,907","1,60,55,02,116.30","36,952","24,19,275",32.53
HINDALCO,EQ,2019-12-27,215.0,216.1,217.15,214.4,215.1,215.45,215.44,"52,52,162","1,13,15,28,800.85","30,256","16,77,114",31.93
HINDALCO,EQ,2019-12-30,215.45,216.3,219.0,211.15,217.8,217.95,214.53,"1,13,52,906","2,43,55,51,719.20","69,196","42,57,279",37.50
HINDALCO,EQ,2019-12-31,217.95,217.0,219.4,215.5,215.8,216.15,217.44,"94,32,449","2,05,10,34,785.75","67,862","35,32,921",37.45
HINDALCO,EQ,2020-01-01,216.15,216.15,217.45,213.2,214.8,214.3,214.92,"50,85,208","1,09,29,35,267.45","32,236","9,89,173",19.45
HINDALCO,EQ,2020-01-02,214.3,216.0,221.2,216.0,219.6,220.15,218.22,"1,52,38,841","3,32,54,10,286.90","1,43,217","63,97,526",41.98
HINDALCO,EQ,2020-01-03,220.15,219.3,219.95,216.05,216.5,216.45,217.48,"86,58,243","1,88,29,83,521.80","66,849","26,31,189",30.39
HINDALCO,EQ,2020-01-06,216.45,215.0,215.65,208.05,208.45,209.3,210.86,"77,98,846","1,64,44,74,458.25","60,487","23,75,147",30.46
HINDALCO,EQ,2020-01-07,209.3,210.55,213.2,207.7,208.7,208.85,210.43,"1,27,67,569","2,68,66,92,273.65","67,553","62,70,667",49.11
HINDALCO,EQ,2020-01-08,208.85,206.0,208.65,204.5,207.0,207.4,206.57,"1,24,70,053","2,57,58,77,592.20","65,064","60,57,097",48.57
HINDALCO,EQ,2020-01-09,207.4,211.5,211.95,208.9,210.3,210.75,210.5,"86,76,205","1,82,63,82,279.05","66,672","42,78,743",49.32
HINDALCO,EQ,2020-01-10,210.75,212.3,214.2,210.2,211.15,211.5,212.17,"78,00,086","1,65,49,63,675.90","50,669","19,39,470",24.86
HINDALCO,EQ,2020-01-13,211.5,212.8,213.0,209.5,210.9,211.2,211.28,"66,14,653","1,39,75,73,779.40","37,968","28,89,698",43.69
HINDALCO,EQ,2020-01-14,211.2,212.5,214.75,210.8,211.7,211.95,212.49,"79,81,507","1,69,60,00,728.95","38,799","29,58,802",37.07
HINDALCO,EQ,2020-01-15,211.95,211.1,215.0,210.0,213.25,213.65,213.23,"95,64,560","2,03,94,14,000.80","54,188","36,19,986",37.85
HINDALCO,EQ,2020-01-16,213.65,214.0,214.75,209.0,209.6,209.65,210.5,"69,86,058","1,47,05,60,705.50","33,488","22,03,348",31.54
HINDALCO,EQ,2020-01-17,209.65,209.5,212.0,208.15,210.1,210.05,210.32,"86,78,002","1,82,51,31,354.45","65,564","41,09,088",47.35
HINDALCO,EQ,2020-01-20,210.05,210.1,210.8,206.75,207.25,207.3,208.11,"39,77,566","82,77,89,554.50","42,456","12,05,496",30.31
HINDALCO,EQ,2020-01-21,207.3,206.0,208.5,204.65,205.1,205.15,206.26,"44,79,791","92,39,79,559.50","38,494","9,85,836",22.01
HINDALCO,EQ,2020-01-22,205.15,205.6,207.8,203.0,203.5,203.6,205.36,"62,68,889","1,28,73,71,647.35","46,260","22,75,602",36.30
HINDALCO,EQ,2020-01-23,203.6,203.6,205.35,202.75,204.5,204.6,204.05,"55,60,681","1,13,46,81,779.15","37,066","24,66,305",44.35
HINDALCO,EQ,2020-01-24,204.6,204.5,207.7,202.25,205.25,205.4,205.56,"57,49,852","1,18,19,29,281.45","35,101","20,80,775",36.19
HINDALCO,EQ,2020-01-27,205.4,203.55,203.55,197.4,200.0,198.25,199.78,"79,42,736","1,58,67,83,814.70","65,835","26,15,740",32.93
HINDALCO,EQ,2020-01-28,198.25,199.4,199.4,194.2,196.2,196.0,196.39,"63,08,211","1,23,88,38,178.80","53,007","21,24,902",33.68
HINDALCO,EQ,2020-01-29,196.0,197.65,200.4,197.1,197.45,197.75,198.84,"89,78,837","1,78,53,89,586.75","75,257","45,79,091",51.00
HINDALCO,EQ,2020-01-30,197.75,197.3,197.75,192.7,193.0,193.45,195.34,"85,88,693","1,67,77,45,053.30","81,727","35,67,495",41.54
HINDALCO,EQ,2020-01-31,193.45,194.8,195.15,188.25,189.4,189.35,191.37,"60,08,376","1,14,97,98,787.85","41,427","24,64,829",41.02
HINDALCO,EQ,2020-02-01,189.35,187.65,189.85,182.8,184.45,184.4,186.66,"38,85,637","72,53,00,351.10","31,698","9,67,351",24.90
HINDALCO,EQ,2020-02-03,184.4,183.9,185.6,180.3,182.2,181.8,182.39,"76,78,833","1,40,05,18,974.85","39,146","34,09,110",44.40
HINDALCO,EQ,2020-02-04,181.8,183.0,190.35,183.0,189.15,189.25,187.57,"92,35,507","1,73,23,05,691.00","50,911","31,29,765",33.89
HINDALCO,EQ,2020-02-05,189.25,190.1,197.55,188.3,196.1,196.3,193.0,"74,11,014","1,43,03,26,774.35","40,302","29,40,283",39.67
HINDALCO,EQ,2020-02-06,196.3,196.4,197.35,192.65,194.0,194.0,194.65,"73,48,886","1,43,04,29,558.30","38,862","30,84,697",41.98
HINDALCO,EQ,2020-02-07,194.0,194.0,198.4,192.85,195.95,197.4,197.01,"69,77,770","1,37,47,21,057.70","33,718","25,72,151",36.86
HINDALCO,EQ,2020-02-10,197.4,195.9,196.95,189.6,191.0,190.85,191.79,"53,85,023","1,03,27,87,175.75","45,111","20,62,021",38.29
HINDALCO,EQ,2020-02-11,190.85,192.4,196.95,192.0,194.05,193.65,194.74,"75,30,810","1,46,65,76,337.35","60,044","20,51,355",27.24
HINDALCO,EQ,2020-02-12,193.65,194.25,196.4,191.2,194.6,193.65,194.11,"1,05,81,151","2,05,38,71,417.10","68,567","16,13,667",15.25
HINDALCO,EQ,2020-02-13,193.65,194.7,197.0,192.4,195.3,195.25,194.98,"67,11,481","1,30,85,71,553.65","43,249","14,63,865",21.81
HINDALCO,EQ,2020-02-14,195.25,195.5,197.0,193.45,193.75,194.0,195.39,"37,98,528","74,21,76,629.20","27,239","7,48,264",19.70
HINDALCO,EQ,2020-02-17,194.0,194.0,194.7,189.75,190.45,190.25,191.78,"34,84,321","66,82,18,072.55","18,760","6,38,577",18.33
HINDALCO,EQ,2020-02-18,190.25,189.15,189.45,181.75,184.8,184.35,185.12,"81,52,961","1,50,93,00,995.80","51,983","28,51,173",34.97
HINDALCO,EQ,2020-02-19,184.35,186.0,188.6,184.4,187.95,188.1,186.67,"43,17,249","80,58,85,168.90","32,558","8,96,770",20.77
HINDALCO,EQ,2020-02-20,188.1,187.8,191.0,185.4,190.0,189.95,188.82,"62,07,445","1,17,20,72,212.65","29,616","17,26,091",27.81
HINDALCO,EQ,2020-02-24,189.95,186.9,186.9,177.9,179.4,179.05,180.69,"1,46,90,243","2,65,44,37,487.95","85,565","43,68,102",29.73
HINDALCO,EQ,2020-02-25,179.05,181.0,181.45,174.05,174.4,174.45,177.41,"1,06,94,830","1,89,73,54,200.95","59,947","42,20,421",39.46
HINDALCO,EQ,2020-02-26,174.45,172.95,173.2,167.75,169.85,169.9,169.93,"1,68,55,158","2,86,41,66,656.80","86,262","71,70,275",42.54
HINDALCO,EQ,2020-02-27,169.9,169.95,170.3,166.15,168.4,168.35,168.02,"76,57,497","1,28,66,43,287.45","61,177","22,10,952",28.87
HINDALCO,EQ,2020-02-28,168.35,162.0,162.2,154.1,155.0,155.9,158.36,"1,40,33,411","2,22,22,73,050.25","1,02,274","52,79,896",37.62
HINDALCO,EQ,2020-03-02,155.9,160.55,161.45,146.85,151.45,149.75,155.4,"1,14,41,351","1,77,80,20,670.40","95,290","34,83,535",30.45
HINDALCO,EQ,2020-03-03,149.75,152.1,160.45,150.8,160.1,159.3,154.88,"2,18,36,942","3,38,20,03,684.15","1,23,096","96,42,815",44.16
HINDALCO,EQ,2020-03-04,159.3,160.0,161.7,156.9,161.0,160.6,159.31,"1,20,74,078","1,92,35,73,814.55","85,696","33,83,918",28.03
HINDALCO,EQ,2020-03-05,160.6,162.7,167.9,154.85,155.85,155.5,159.25,"1,23,38,386","1,96,48,46,435.70","67,416","28,95,779",23.47
HINDALCO,EQ,2020-03-06,155.5,148.95,151.45,140.0,150.5,150.1,148.69,"1,11,73,720","1,66,14,11,145.90","60,773","31,38,032",28.08
HINDALCO,EQ,2020-03-09,150.1,143.9,145.8,140.3,142.7,143.45,143.36,"1,05,50,465","1,51,24,78,880.40","89,638","37,60,854",35.65
HINDALCO,EQ,2020-03-11,143.45,142.0,142.35,137.1,137.6,137.8,139.87,"96,82,823","1,35,43,42,171.10","74,231","26,79,476",27.67
HINDALCO,EQ,2020-03-12,137.8,130.0,130.0,118.15,120.9,120.2,124.77,"1,59,26,860","1,98,71,50,240.75","1,19,966","53,79,460",33.78
HINDALCO,EQ,2020-03-13,120.2,113.9,130.0,103.1,129.6,127.45,119.38,"1,53,65,436","1,83,42,73,295.60","84,761","52,76,350",34.34
HINDALCO,EQ,2020-03-16,127.45,120.8,129.05,114.45,116.75,115.65,121.17,"2,05,77,695","2,49,34,85,530.95","1,41,110","87,51,864",42.53
HINDALCO,EQ,2020-03-17,115.65,117.0,120.85,113.85,115.2,115.4,117.23,"1,16,15,932","1,36,16,91,768.90","87,135","40,01,330",34.45
HINDALCO,EQ,2020-03-18,115.4,119.0,119.0,108.15,109.4,109.2,112.3,"1,21,06,435","1,35,94,99,690.05","92,758","39,73,259",32.82
HINDALCO,EQ,2020-03-19,109.2,103.0,107.9,97.55,98.75,99.75,104.06,"1,15,69,862","1,20,39,50,612.75","81,612","35,20,899",30.43
HINDALCO,EQ,2020-03-20,99.75,101.2,107.7,98.7,105.5,105.5,103.58,"1,39,28,854","1,44,26,94,189.30","66,770","34,52,361",24.79
HINDALCO,EQ,2020-03-23,105.5,94.95,99.95,84.9,89.8,87.9,89.85,"1,45,91,356","1,31,09,78,594.60","88,666","84,63,546",58.00
HINDALCO,EQ,2020-03-24,87.9,89.05,94.8,85.0,89.0,88.75,88.32,"1,68,45,643","1,48,77,89,780.25","94,978","85,06,226",50.50
HINDALCO,EQ,2020-03-25,88.75,88.95,97.2,88.05,94.6,94.55,93.16,"78,77,985","73,39,27,794.95","56,656","22,21,481",28.20
HINDALCO,EQ,2020-03-26,94.55,97.5,97.6,92.25,95.0,94.55,94.67,"1,10,13,084","1,04,26,23,562.65","89,558","36,55,675",33.19
HINDALCO,EQ,2020-03-27,94.55,97.5,99.3,90.3,91.45,91.55,93.87,"91,59,047","85,97,20,533.10","62,856","34,03,255",37.16
HINDALCO,EQ,2020-03-30,91.55,88.1,91.45,86.55,89.55,88.8,89.51,"99,70,409","89,24,15,925.00","49,119","49,04,268",49.19
HINDALCO,EQ,2020-03-31,88.8,91.95,97.25,91.0,94.9,95.7,94.57,"1,55,58,731","1,47,13,13,090.55","84,437","48,44,079",31.13
HINDALCO,EQ,2020-04-01,95.7,94.95,95.4,91.0,91.7,91.65,92.01,"92,71,055","85,29,91,596.15","55,724","41,64,237",44.92
HINDALCO,EQ,2020-04-03,91.65,92.1,93.45,88.4,88.8,88.8,89.68,"82,16,768","73,68,71,173.90","59,406","29,91,339",36.41
HINDALCO,EQ,2020-04-07,88.8,92.15,106.55,90.0,100.5,103.95,97.69,"2,36,40,664","2,30,93,74,609.80","1,27,375","67,52,045",28.56
HINDALCO,EQ,2020-04-08,103.95,99.5,111.8,98.9,101.15,100.85,104.61,"2,42,27,475","2,53,43,65,434.35","1,10,310","47,57,278",19.64
HINDALCO,EQ,2020-04-09,100.85,105.0,109.0,101.85,107.85,107.55,104.98,"1,49,44,332","1,56,88,16,240.95","87,330","33,87,986",22.67
HINDALCO,EQ,2020-04-13,107.55,109.0,114.35,105.1,114.0,113.8,110.4,"2,32,60,082","2,56,78,83,397.45","1,31,134",-,-
HINDALCO,EQ,2020-04-15,113.8,120.0,124.0,113.8,115.5,115.1,118.51,"4,55,61,435","5,39,93,84,786.45","2,45,270","1,27,86,373",28.06
HINDALCO,EQ,2020-04-16,115.1,118.9,121.9,114.45,121.0,120.55,118.69,"1,89,72,010","2,25,17,23,636.05","97,839","38,14,437",20.11
HINDALCO,EQ,2020-04-17,120.55,124.0,125.7,119.1,124.75,124.15,122.5,"1,45,77,305","1,78,57,15,059.70","75,431","34,73,248",23.83
HINDALCO,EQ,2020-04-20,124.15,125.0,125.15,115.75,117.15,116.45,119.14,"1,83,42,560","2,18,54,12,920.25","1,02,716","44,19,842",24.10
HINDALCO,EQ,2020-04-21,116.45,113.65,113.7,105.8,107.05,107.1,107.44,"2,29,35,461","2,46,42,10,901.25","1,77,376","77,92,726",33.98
HINDALCO,EQ,2020-04-22,107.1,106.5,108.75,102.75,108.6,108.3,105.86,"1,44,20,045","1,52,64,36,108.35","84,611","27,12,500",18.81
HINDALCO,EQ,2020-04-23,108.3,109.0,113.3,108.35,111.25,111.25,111.54,"1,65,45,796","1,84,55,47,581.90","1,04,078","25,32,841",15.31
HINDALCO,EQ,2020-04-24,111.25,109.95,109.95,102.85,104.6,103.65,106.75,"1,69,01,936","1,80,42,33,467.45","92,154","52,28,798",30.94
HINDALCO,EQ,2020-04-27,103.65,106.4,109.7,105.3,108.15,108.2,107.83,"1,86,57,008","2,01,17,82,101.10","99,697","43,82,136",23.49
HINDALCO,EQ,2020-04-28,108.2,109.2,110.65,106.7,108.7,108.75,108.46,"1,34,89,959","1,46,30,56,675.55","63,678","34,11,156",25.29
HINDALCO,EQ,2020-04-29,108.75,109.0,117.65,108.3,116.4,116.3,115.02,"3,57,02,266","4,10,63,04,253.40","1,60,691","83,55,705",23.40
HINDALCO,EQ,2020-04-30,116.3,120.0,132.2,119.5,130.0,130.2,125.85,"4,59,93,743","5,78,81,98,792.85","2,17,908","1,25,77,133",27.35
HINDALCO,EQ,2020-05-04,130.2,121.4,123.0,114.6,116.3,115.9,116.85,"2,24,96,899","2,62,86,86,839.80","1,44,514","66,07,326",29.37
HINDALCO,EQ,2020-05-05,115.9,120.0,120.75,115.0,117.0,115.9,117.58,"1,94,05,541","2,28,16,26,473.80","1,09,309","35,77,083",18.43
HINDALCO,EQ,2020-05-06,115.9,116.0,120.7,115.5,118.9,118.6,118.45,"1,59,93,883","1,89,45,34,671.40","79,296","26,85,196",16.79
HINDALCO,EQ,2020-05-07,118.6,117.0,122.0,116.7,118.55,117.65,119.22,"1,67,33,347","1,99,49,71,534.10","90,478","40,59,949",24.26
HINDALCO,EQ,2020-05-08,117.65,122.9,123.0,115.85,117.15,117.1,119.79,"2,16,03,443","2,58,77,85,253.10","1,34,033","38,37,777",17.76
HINDALCO,EQ,2020-05-11,117.1,118.95,121.4,117.55,119.8,119.75,120.1,"1,39,16,703","1,67,13,77,580.55","90,028","34,32,946",24.67
HINDALCO,EQ,2020-05-12,119.75,118.9,122.25,116.4,120.75,121.1,119.54,"1,36,73,763","1,63,45,20,433.05","89,266","24,35,714",17.81
HINDALCO,EQ,2020-05-13,121.1,125.5,126.95,121.6,123.6,123.55,124.07,"1,39,22,283","1,72,72,81,820.95","71,099","28,71,048",20.62
HINDALCO,EQ,2020-05-14,123.55,119.0,120.9,117.0,117.6,117.2,118.3,"1,27,78,247","1,51,16,39,509.20","75,836","35,18,003",27.53
HINDALCO,EQ,2020-05-15,117.2,118.4,120.9,117.4,118.95,119.25,119.27,"1,25,10,164","1,49,20,63,225.45","71,757","16,78,189",13.41
HINDALCO,EQ,2020-05-18,119.25,120.55,121.0,114.3,115.7,115.35,116.46,"1,45,00,151","1,68,86,25,703.80","80,177","33,65,576",23.21
HINDALCO,EQ,2020-05-19,115.35,117.75,120.4,116.55,117.05,117.3,118.74,"1,59,16,452","1,88,99,05,978.45","59,204","35,02,020",22.00
HINDALCO,EQ,2020-05-20,117.3,117.3,121.95,116.25,121.4,120.8,119.39,"87,18,400","1,04,08,59,304.25","44,125","20,17,721",23.14
HINDALCO,EQ,2020-05-21,120.8,121.4,130.75,120.65,127.8,129.5,127.29,"3,43,25,678","4,36,93,86,439.10","1,77,893","86,46,779",25.19
HINDALCO,EQ,2020-05-22,129.5,126.5,126.5,123.6,124.4,124.85,124.8,"1,70,59,557","2,12,89,78,117.40","86,482","27,72,650",16.25
HINDALCO,EQ,2020-05-26,124.85,125.55,130.45,125.5,128.55,129.1,129.03,"1,87,86,955","2,42,40,67,081.30","1,06,291","42,61,067",22.68
HINDALCO,EQ,2020-05-27,129.1,130.4,134.8,130.0,132.8,133.3,133.24,"3,24,23,472","4,32,02,61,177.55","1,53,848","40,84,435",12.60
HINDALCO,EQ,2020-05-28,133.3,134.4,139.4,133.6,138.35,138.4,137.53,"2,19,51,352","3,01,89,64,335.45","1,22,928","58,04,291",26.44
HINDALCO,EQ,2020-05-29,138.4,135.95,141.15,134.6,138.45,138.85,137.46,"1,93,90,844","2,66,54,98,692.40","87,292","70,02,134",36.11
HINDALCO,EQ,2020-06-01,138.85,141.9,145.45,138.55,139.2,139.15,142.4,"1,45,04,825","2,06,54,95,332.15","1,00,355","45,22,688",31.18
HINDALCO,EQ,2020-06-02,139.15,140.9,143.5,138.85,140.95,141.15,141.06,"1,28,36,275","1,81,06,27,343.60","69,820","20,78,059",16.19
HINDALCO,EQ,2020-06-03,141.15,142.9,146.8,142.3,143.9,143.35,144.79,"1,24,70,626","1,80,56,18,314.50","1,09,048","28,27,637",22.67
HINDALCO,EQ,2020-06-04,143.35,143.3,144.65,138.35,143.85,142.65,141.93,"1,13,58,324","1,61,20,71,924.55","61,466","16,91,887",14.90
HINDALCO,EQ,2020-06-05,142.65,143.8,151.0,143.4,149.8,149.25,149.0,"2,18,25,146","3,25,18,54,586.55","1,16,072","29,18,652",13.37
HINDALCO,EQ,2020-06-08,149.25,155.0,155.85,145.5,146.9,146.35,149.95,"1,62,12,010","2,43,10,08,580.55","81,350","41,96,682",25.89
HINDALCO,EQ,2020-06-09,146.35,148.0,150.35,141.2,142.5,142.6,146.73,"1,92,23,809","2,82,06,88,765.65","95,518","48,76,443",25.37
HINDALCO,EQ,2020-06-10,142.6,143.9,148.0,141.8,147.0,146.95,145.56,"1,72,78,403","2,51,50,82,471.75","98,823","52,37,510",30.31
HINDALCO,EQ,2020-06-11,146.95,145.9,147.45,142.45,145.85,144.4,144.62,"1,25,32,830","1,81,25,05,821.60","69,539","29,66,881",23.67
HINDALCO,EQ,2020-06-12,144.4,138.0,146.85,136.2,145.9,146.05,143.17,"1,58,04,922","2,26,28,45,156.45","76,623","29,52,836",18.68
HINDALCO,EQ,2020-06-15,146.05,149.05,152.35,143.75,146.4,145.8,147.63,"3,49,11,162","5,15,40,94,482.05","1,49,770","61,77,688",17.70
HINDALCO,EQ,2020-06-16,145.8,149.9,154.6,146.9,149.85,150.1,151.42,"2,84,77,572","4,31,19,46,730.25","1,42,967","44,87,800",15.76
HINDALCO,EQ,2020-06-17,150.1,149.7,152.1,147.2,147.6,148.0,149.44,"1,35,73,299","2,02,83,29,305.00","69,589","26,28,270",19.36
HINDALCO,EQ,2020-06-18,148.0,148.45,151.4,147.3,150.55,150.8,149.5,"98,58,458","1,47,38,22,343.45","57,615","14,22,440",14.43
HINDALCO,EQ,2020-06-19,150.8,152.35,152.35,148.5,150.75,151.05,150.64,"1,46,31,329","2,20,40,99,591.85","66,476","45,78,853",31.29
HINDALCO,EQ,2020-06-22,151.05,150.9,151.45,149.0,150.1,150.1,150.03,"80,37,341","1,20,58,19,446.10","50,757","24,65,022",30.67
HINDALCO,EQ,2020-06-23,150.1,152.9,159.5,150.6,158.25,158.35,155.93,"2,25,70,976","3,51,93,79,455.00","1,08,997","47,81,899",21.19
HINDALCO,EQ,2020-06-24,158.35,159.4,160.1,150.45,151.1,151.4,155.86,"1,59,18,298","2,48,10,15,953.00","89,844","40,90,748",25.70
HINDALCO,EQ,2020-06-25,151.4,149.0,152.3,144.6,147.85,146.6,148.36,"1,85,00,713","2,74,46,81,719.10","1,04,666","50,89,899",27.51
HINDALCO,EQ,2020-06-26,146.6,149.0,152.0,148.2,150.8,151.05,149.97,"1,21,07,609","1,81,57,55,896.90","63,002","24,93,324",20.59
HINDALCO,EQ,2020-06-29,151.05,149.45,149.45,143.3,146.3,145.85,145.39,"1,31,10,762","1,90,61,86,898.25","90,938","29,86,135",22.78
HINDALCO,EQ,2020-06-30,145.85,148.0,151.6,145.2,147.35,146.2,148.73,"1,46,55,359","2,17,97,37,649.60","75,173","18,43,727",12.58
HINDALCO,EQ,2020-07-01,146.2,147.5,148.85,144.5,147.7,147.55,147.1,"82,55,408","1,21,43,46,723.70","50,509","17,82,927",21.60
HINDALCO,EQ,2020-07-02,147.55,148.9,150.3,146.75,147.9,147.75,148.14,"95,19,998","1,41,03,06,321.80","62,124","27,24,509",28.62
HINDALCO,EQ,2020-07-03,147.75,148.6,149.45,144.55,146.15,146.4,146.05,"1,07,80,269","1,57,44,11,837.20","65,163","20,59,212",19.10
HINDALCO,EQ,2020-07-06,146.4,147.8,155.15,147.1,154.7,154.35,152.68,"2,42,54,507","3,70,32,20,169.90","1,21,377","53,18,447",21.93
HINDALCO,EQ,2020-07-07,154.35,155.0,156.9,151.8,152.3,152.3,153.87,"1,31,60,147","2,02,48,91,446.50","75,720","38,41,863",29.19
HINDALCO,EQ,2020-07-08,152.3,152.75,158.0,152.4,155.4,155.0,155.36,"1,83,06,904","2,84,41,27,152.15","84,789","57,72,891",31.53
HINDALCO,EQ,2020-07-09,155.0,157.0,166.45,156.9,165.2,164.8,162.8,"4,51,80,721","7,35,52,28,227.40","2,09,675","74,19,960",16.42
HINDALCO,EQ,2020-07-10,164.8,163.7,164.5,160.35,163.95,163.7,162.43,"1,62,56,682","2,64,06,37,543.80","75,460","18,15,632",11.17
HINDALCO,EQ,2020-07-13,163.7,165.3,170.5,164.1,169.9,169.25,167.28,"2,18,94,781","3,66,26,56,692.95","1,11,389","45,00,471",20.55
HINDALCO,EQ,2020-07-14,169.25,167.7,168.7,161.95,163.55,163.8,164.91,"1,63,96,527","2,70,40,31,664.50","1,06,470","42,82,346",26.12
HINDALCO,EQ,2020-07-15,163.8,166.35,168.5,164.5,165.1,165.4,166.71,"1,12,33,336","1,87,26,75,885.30","58,796","27,85,772",24.80
HINDALCO,EQ,2020-07-16,165.4,164.9,166.8,161.05,165.3,166.05,163.9,"1,27,68,487","2,09,27,27,090.35","76,906","20,73,999",16.24
HINDALCO,EQ,2020-07-17,166.05,166.5,169.1,161.15,162.9,162.15,164.95,"1,43,72,019","2,37,06,31,448.05","92,806","36,91,136",25.68
HINDALCO,EQ,2020-07-20,162.15,162.2,162.95,159.65,160.95,160.9,161.11,"1,40,67,880","2,26,65,25,339.80","84,712","31,51,331",22.40
HINDALCO,EQ,2020-07-21,160.9,162.85,163.0,157.55,159.9,160.0,159.34,"1,30,98,794","2,08,72,04,772.15","74,493","41,71,065",31.84
HINDALCO,EQ,2020-07-22,160.0,160.55,163.9,157.4,160.05,159.9,161.05,"1,74,55,793","2,81,13,03,844.00","84,654","27,04,230",15.49
HINDALCO,EQ,2020-07-23,159.9,160.7,162.45,159.7,161.95,162.0,161.28,"82,58,361","1,33,19,22,477.30","37,655","16,01,918",19.40
HINDALCO,EQ,2020-07-24,162.0,159.95,160.95,154.3,156.4,156.2,156.5,"1,57,93,429","2,47,16,89,010.30","75,118","34,93,947",22.12
HINDALCO,EQ,2020-07-27,156.2,157.0,159.8,154.6,157.85,158.2,158.01,"1,27,45,526","2,01,39,06,092.90","60,026","19,24,574",15.10
HINDALCO,EQ,2020-07-28,158.2,158.55,165.25,158.55,164.2,164.7,162.62,"1,55,39,141","2,52,70,39,611.25","83,692","30,65,966",19.73
HINDALCO,EQ,2020-07-29,164.7,164.3,168.5,163.3,164.35,164.05,166.24,"1,58,46,640","2,63,44,18,934.45","85,099","38,30,735",24.17
HINDALCO,EQ,2020-07-30,164.05,164.95,165.7,160.0,161.1,162.0,163.12,"89,80,592","1,46,48,94,317.35","69,334","17,63,045",19.63
HINDALCO,EQ,2020-07-31,162.0,161.9,164.5,159.6,164.0,163.1,161.86,"98,72,796","1,59,80,04,422.80","51,131","12,91,568",13.08
HINDALCO,EQ,2020-08-03,163.1,163.1,167.5,160.75,161.1,161.35,164.19,"1,65,25,231","2,71,32,89,217.30","68,434","43,21,697",26.15
HINDALCO,EQ,2020-08-04,161.35,162.0,164.6,160.75,162.0,162.35,162.63,"1,36,53,474","2,22,05,27,490.90","71,236","37,47,042",27.44
HINDALCO,EQ,2020-08-05,162.35,163.9,177.4,163.5,177.1,175.75,172.17,"4,78,94,902","8,24,63,03,353.60","1,90,173","77,44,790",16.17
HINDALCO,EQ,2020-08-06,175.75,178.0,178.9,174.2,178.05,178.0,176.47,"2,31,98,187","4,09,38,37,428.30","1,06,626","20,58,726",8.87
HINDALCO,EQ,2020-08-07,178.0,176.45,179.0,175.35,177.4,177.6,177.51,"1,01,17,776","1,79,60,54,175.95","52,395","12,21,139",12.07
HINDALCO,EQ,2020-08-10,177.6,176.9,179.0,174.4,178.6,178.6,176.73,"93,79,771","1,65,76,69,477.45","49,279","8,16,209",8.70
HINDALCO,EQ,2020-08-11,178.6,180.0,186.6,178.0,178.7,178.95,182.9,"3,04,05,570","5,56,11,27,901.70","1,34,447","43,45,772",14.29
HINDALCO,EQ,2020-08-12,178.95,177.35,177.35,172.7,176.2,175.8,174.43,"1,74,37,082","3,04,14,64,264.00","99,669","21,94,313",12.58
HINDALCO,EQ,2020-08-13,175.8,178.0,184.6,178.0,183.2,183.55,182.67,"2,65,26,487","4,84,56,40,352.75","1,22,001","45,85,368",17.29
HINDALCO,EQ,2020-08-14,183.55,184.35,189.45,180.6,183.8,184.95,185.17,"2,85,20,588","5,28,12,84,936.15","1,22,313","42,48,649",14.90
HINDALCO,EQ,2020-08-17,184.95,185.15,193.45,184.25,193.2,192.55,189.31,"2,59,68,794","4,91,61,12,294.50","1,29,717","46,24,225",17.81
HINDALCO,EQ,2020-08-18,192.55,193.2,197.25,192.05,195.8,196.0,194.64,"2,04,01,537","3,97,08,62,615.20","1,12,204","63,05,983",30.91
HINDALCO,EQ,2020-08-19,196.0,196.85,197.65,194.3,196.75,196.8,196.03,"1,63,28,384","3,20,07,74,031.95","75,040","37,69,361",23.08
HINDALCO,EQ,2020-08-20,196.8,193.05,202.35,192.45,198.75,199.0,199.02,"2,84,92,195","5,67,03,90,372.35","1,11,432","1,12,68,950",39.55
HINDALCO,EQ,2020-08-21,199.0,201.75,203.15,195.35,195.8,196.25,199.12,"1,83,33,749","3,65,05,42,100.90","94,922","56,21,058",30.66
HINDALCO,EQ,2020-08-24,196.25,197.45,197.8,192.45,194.15,193.3,194.45,"1,06,28,935","2,06,68,24,747.85","68,895","32,83,108",30.89
HINDALCO,EQ,2020-08-25,193.3,195.4,196.4,190.05,191.6,191.3,192.57,"1,34,40,054","2,58,81,65,331.70","77,605","36,52,301",27.17
HINDALCO,EQ,2020-08-26,191.3,192.0,195.0,191.25,193.5,193.5,193.11,"84,27,750","1,62,74,42,288.95","45,548","20,58,029",24.42
HINDALCO,EQ,2020-08-27,193.5,193.5,195.65,192.6,194.5,194.9,194.49,"76,59,883","1,48,97,80,128.70","52,691","22,09,521",28.85
HINDALCO,EQ,2020-08-28,194.9,195.1,196.15,193.0,193.9,193.8,194.4,"81,53,155","1,58,49,98,583.40","62,150","20,21,394",24.79
HINDALCO,EQ,2020-08-31,193.8,195.0,197.0,184.25,184.7,185.25,189.53,"1,76,62,267","3,34,75,35,652.80","96,407","67,17,990",38.04
HINDALCO,EQ,2020-09-01,185.25,185.2,195.45,185.0,195.0,194.05,192.18,"2,43,34,798","4,67,66,15,207.50","1,58,179","57,33,343",23.56
HINDALCO,EQ,2020-09-02,194.05,194.0,196.9,192.55,196.25,196.2,194.92,"1,11,84,434","2,18,00,43,911.85","79,996","40,53,672",36.24
HINDALCO,EQ,2020-09-03,196.2,196.15,196.15,191.55,191.95,192.0,192.52,"1,13,11,035","2,17,76,49,141.75","60,209","39,89,515",35.27
HINDALCO,EQ,2020-09-04,192.0,188.05,194.0,184.85,188.85,188.3,189.95,"1,68,05,286","3,19,20,88,096.80","1,19,727","31,37,758",18.67
HINDALCO,EQ,2020-09-07,188.3,188.3,191.5,186.6,187.3,187.5,188.47,"68,39,485","1,28,90,68,215.25","49,817","7,59,931",11.11
HINDALCO,EQ,2020-09-08,187.5,188.2,188.2,179.55,180.0,180.25,184.62,"92,02,591","1,69,89,88,202.25","53,629","15,52,638",16.87
HINDALCO,EQ,2020-09-09,180.25,177.35,183.8,171.75,183.15,182.8,177.42,"2,26,09,547","4,01,13,46,344.20","1,07,930","44,90,274",19.86
HINDALCO,EQ,2020-09-10,182.8,185.0,185.3,173.35,177.45,176.65,177.92,"1,91,55,966","3,40,82,73,791.10","1,21,855","56,95,555",29.73
HINDALCO,EQ,2020-09-11,176.65,178.7,180.0,174.8,178.05,178.65,177.31,"1,57,80,825","2,79,81,01,791.35","95,137","26,28,132",16.65
HINDALCO,EQ,2020-09-14,178.65,179.0,180.5,174.6,175.0,175.8,177.23,"1,16,06,088","2,05,69,11,505.55","82,936","33,28,269",28.68
HINDALCO,EQ,2020-09-15,175.8,177.4,179.35,174.5,176.9,176.75,177.36,"1,07,26,850","1,90,25,35,780.25","52,616","23,61,332",22.01
HINDALCO,EQ,2020-09-16,176.75,177.1,184.6,175.45,183.65,183.8,181.24,"1,44,53,137","2,61,95,32,197.40","76,272","20,77,040",14.37
HINDALCO,EQ,2020-09-17,183.8,182.7,182.7,175.35,175.8,175.85,177.42,"1,86,44,374","3,30,78,05,797.95","97,835","39,59,853",21.24
HINDALCO,EQ,2020-09-18,175.85,177.45,182.2,176.55,179.4,179.5,179.53,"2,85,29,345","5,12,18,86,355.75","1,20,413","93,59,392",32.81
HINDALCO,EQ,2020-09-21,179.5,179.4,180.7,163.1,166.5,167.15,170.48,"2,61,63,752","4,46,03,24,930.15","1,74,984","60,48,493",23.12
HINDALCO,EQ,2020-09-22,167.15,168.0,168.95,160.8,164.15,163.45,164.21,"1,84,65,737","3,03,23,38,894.75","1,02,809","38,69,324",20.95
HINDALCO,EQ,2020-09-23,163.45,165.5,167.45,162.3,164.6,165.45,164.83,"1,72,57,416","2,84,45,86,470.40","85,383","30,31,618",17.57
HINDALCO,EQ,2020-09-24,165.45,158.0,162.3,154.4,159.5,159.1,159.9,"1,92,92,855","3,08,48,53,513.75","87,930","49,18,084",25.49
HINDALCO,EQ,2020-09-25,159.1,161.95,164.85,157.65,161.6,162.05,161.1,"2,02,36,970","3,26,02,40,362.15","92,100","43,93,252",21.71
HINDALCO,EQ,2020-09-28,162.05,163.95,168.7,162.1,167.85,167.7,166.54,"1,24,12,823","2,06,72,80,468.25","84,286","29,90,718",24.09
HINDALCO,EQ,2020-09-29,167.7,169.45,177.3,168.1,176.6,176.4,174.26,"3,66,25,394","6,38,21,67,239.35","1,61,563","75,61,097",20.64
HINDALCO,EQ,2020-09-30,176.4,177.5,177.7,172.7,174.45,175.25,174.57,"1,56,28,518","2,72,83,12,882.15","68,329","35,30,335",22.59
HINDALCO,EQ,2020-10-01,175.25,177.2,179.25,173.5,174.55,174.1,176.55,"1,26,63,081","2,23,56,14,804.95","98,737","12,95,082",10.23
HINDALCO,EQ,2020-10-05,174.1,175.0,179.9,172.8,179.35,179.05,176.87,"1,36,47,877","2,41,39,49,469.60","1,22,844","21,83,443",16.00
HINDALCO,EQ,2020-10-06,179.05,180.6,182.4,175.6,176.65,176.9,177.86,"1,31,92,336","2,34,63,97,797.20","1,13,167","28,61,754",21.69
HINDALCO,EQ,2020-10-07,176.9,176.9,177.95,170.8,172.2,172.85,173.68,"1,18,51,391","2,05,83,34,582.95","77,618","25,33,848",21.38
HINDALCO,EQ,2020-10-08,172.85,172.85,176.45,171.55,173.8,174.25,173.94,"1,12,14,159","1,95,05,57,846.90","60,900","18,61,124",16.60
HINDALCO,EQ,2020-10-09,174.25,177.0,181.45,169.25,169.85,170.0,174.88,"3,04,74,584","5,32,93,45,320.15","1,46,814","56,61,589",18.58
HINDALCO,EQ,2020-10-12,170.0,174.0,175.0,169.7,172.0,172.15,172.18,"1,67,92,494","2,89,12,49,332.25","1,65,345","20,55,480",12.24
HINDALCO,EQ,2020-10-13,172.15,170.45,174.9,169.75,173.5,173.25,173.07,"97,12,363","1,68,09,64,633.65","63,411","17,80,965",18.34
HINDALCO,EQ,2020-10-14,173.25,173.0,175.0,171.05,174.4,174.2,173.1,"1,07,04,122","1,85,28,77,167.20","56,678","30,01,960",28.04
HINDALCO,EQ,2020-10-15,174.2,174.9,178.25,171.7,172.8,173.65,174.56,"1,98,13,787","3,45,87,16,133.80","1,03,418","47,30,284",23.87
HINDALCO,EQ,2020-10-16,173.65,174.1,180.55,172.35,180.0,179.8,176.4,"1,55,46,424","2,74,23,77,111.95","79,152","28,20,931",18.15
HINDALCO,EQ,2020-10-19,179.8,181.0,183.85,177.7,182.3,182.7,180.93,"1,70,95,601","3,09,30,89,269.45","1,09,297","27,79,327",16.26
HINDALCO,EQ,2020-10-20,182.7,181.8,183.15,179.3,180.3,180.8,180.78,"1,04,29,257","1,88,54,40,363.05","58,069","18,38,488",17.63
HINDALCO,EQ,2020-10-21,180.8,181.1,187.5,181.0,185.75,185.95,185.24,"2,42,86,914","4,49,89,74,986.15","1,11,469","50,24,390",20.69
HINDALCO,EQ,2020-10-22,185.95,184.9,187.7,182.1,183.7,184.45,184.63,"1,74,53,750","3,22,25,12,468.50","1,12,393","38,98,815",22.34
HINDALCO,EQ,2020-10-23,184.45,185.6,186.6,181.65,182.05,182.25,183.93,"97,33,886","1,79,03,81,088.80","52,403","21,11,542",21.69
HINDALCO,EQ,2020-10-26,182.25,182.3,182.9,169.6,172.6,172.4,174.78,"1,56,15,757","2,72,93,50,013.05","83,744","30,12,208",19.29
HINDALCO,EQ,2020-10-27,172.4,172.9,175.4,171.05,174.55,174.45,173.59,"1,54,37,839","2,67,98,19,790.10","1,04,061","38,20,664",24.75
HINDALCO,EQ,2020-10-28,174.45,174.45,177.1,169.25,170.45,170.45,173.12,"1,44,26,026","2,49,74,66,797.35","87,620","28,00,267",19.41
HINDALCO,EQ,2020-10-29,170.45,168.5,170.5,165.3,168.2,167.9,168.07,"1,22,67,601","2,06,17,71,613.95","69,799","21,18,097",17.27
HINDALCO,EQ,2020-10-30,167.9,168.2,171.95,166.9,171.1,170.65,169.76,"1,29,57,793","2,19,97,54,731.45","63,102","20,56,731",15.87
HINDALCO,EQ,2020-11-02,170.65,171.5,172.5,167.65,170.2,170.75,170.29,"1,10,83,051","1,88,73,35,692.20","58,097","18,47,099",16.67
HINDALCO,EQ,2020-11-03,170.75,172.45,180.4,171.85,179.2,179.75,177.37,"2,25,07,173","3,99,20,34,584.00","1,05,545","62,33,779",27.70
HINDALCO,EQ,2020-11-04,179.75,177.0,181.2,174.1,176.55,176.5,177.08,"1,16,18,409","2,05,74,06,044.80","57,323","13,95,047",12.01
HINDALCO,EQ,2020-11-05,176.5,178.9,187.95,178.1,187.1,187.35,182.95,"2,37,33,769","4,34,20,54,900.10","1,06,474","75,86,784",31.97
HINDALCO,EQ,2020-11-06,187.35,186.0,190.35,185.4,187.5,188.15,188.12,"1,40,37,270","2,64,07,21,987.35","79,169","23,54,253",16.77
HINDALCO,EQ,2020-11-09,188.15,189.85,195.75,189.3,194.65,194.7,192.29,"1,46,73,743","2,82,16,51,547.20","87,964","34,46,346",23.49
HINDALCO,EQ,2020-11-10,194.7,198.05,200.65,190.1,192.0,192.35,194.11,"2,35,44,708","4,57,02,53,766.90","1,45,900","54,64,633",23.21
HINDALCO,EQ,2020-11-11,192.35,192.5,208.25,192.1,207.3,204.05,199.46,"4,29,59,437","8,56,85,81,387.50","1,92,322","1,34,36,408",31.28
HINDALCO,EQ,2020-11-12,204.05,205.05,211.4,204.25,207.95,208.6,207.42,"4,08,05,593","8,46,39,16,034.05","1,95,103","92,78,874",22.74
HINDALCO,EQ,2020-11-13,208.6,206.0,211.05,204.3,210.3,210.55,207.79,"1,51,33,046","3,14,44,93,484.20","92,402","38,10,711",25.18
HINDALCO,EQ,2020-11-14,210.55,212.0,212.5,207.05,208.0,209.3,210.38,"17,94,824","37,75,99,986.25","11,366","3,29,315",18.35
HINDALCO,EQ,2020-11-17,209.3,210.3,216.0,210.1,212.85,213.55,213.72,"2,22,84,208","4,76,26,38,222.50","1,78,679","79,28,357",35.58
HINDALCO,EQ,2020-11-18,213.55,212.45,220.25,210.55,218.3,219.35,216.03,"1,66,06,283","3,58,73,77,622.55","89,013","42,30,797",25.48
HINDALCO,EQ,2020-11-19,219.35,217.45,227.25,212.7,213.8,213.85,220.48,"2,85,76,299","6,30,05,82,464.90","2,03,693","78,15,281",27.35
HINDALCO,EQ,2020-11-20,213.85,214.55,220.0,212.1,214.2,215.55,215.61,"1,77,73,062","3,83,19,97,544.05","89,324","41,34,272",23.26
HINDALCO,EQ,2020-11-23,215.55,217.0,221.95,215.55,217.95,218.05,218.27,"2,25,67,883","4,92,59,68,214.35","1,05,750","64,80,624",28.72
HINDALCO,EQ,2020-11-24,218.05,220.0,227.25,218.6,225.55,226.0,223.1,"1,85,38,052","4,13,58,27,999.50","1,03,409","50,67,017",27.33
HINDALCO,EQ,2020-11-25,226.0,226.0,230.0,222.0,222.8,223.45,226.23,"1,85,91,189","4,20,59,35,057.10","1,32,795","56,19,079",30.22
HINDALCO,EQ,2020-11-26,223.45,224.2,231.25,220.35,230.2,229.9,225.2,"1,63,63,181","3,68,50,38,365.95","84,060","39,83,980",24.35
HINDALCO,EQ,2020-11-27,229.9,230.0,230.6,220.55,225.25,226.35,226.75,"4,25,83,153","9,65,58,97,984.20","1,30,415","2,74,54,217",64.47
HINDALCO,EQ,2020-12-01,226.35,230.8,231.5,222.5,229.0,229.3,227.28,"1,68,69,243","3,83,39,98,263.85","88,844","53,30,617",31.60
HINDALCO,EQ,2020-12-02,229.3,229.35,236.9,228.55,231.8,231.85,232.49,"2,01,00,114","4,67,31,22,247.25","1,13,927","42,28,646",21.04
HINDALCO,EQ,2020-12-03,231.85,234.6,243.15,233.1,241.2,242.0,238.9,"2,80,72,333","6,70,64,23,738.80","2,03,260","1,00,07,910",35.65
HINDALCO,EQ,2020-12-04,242.0,244.55,255.95,243.0,252.5,252.7,251.38,"4,19,78,766","10,55,27,75,187.80","1,95,280","91,85,711",21.88
HINDALCO,EQ,2020-12-07,252.7,252.3,253.95,248.5,251.1,251.25,250.71,"1,72,02,162","4,31,28,01,406.15","98,458","55,67,151",32.36
HINDALCO,EQ,2020-12-08,251.25,251.85,253.0,244.45,245.5,245.7,247.48,"1,42,40,101","3,52,41,53,508.20","1,19,500","34,28,689",24.08
HINDALCO,EQ,2020-12-09,245.7,246.5,248.05,239.95,241.9,241.0,242.78,"1,47,37,004","3,57,79,05,263.05","1,63,870","47,24,867",32.06
HINDALCO,EQ,2020-12-10,241.0,239.8,245.5,238.0,242.5,242.7,242.21,"1,96,73,032","4,76,50,28,213.90","99,010","33,06,077",16.81
HINDALCO,EQ,2020-12-11,242.7,244.25,248.0,240.95,243.05,243.65,244.62,"1,26,10,389","3,08,47,35,516.30","78,306","41,92,160",33.24
HINDALCO,EQ,2020-12-14,243.65,245.95,248.15,244.05,245.45,246.35,245.89,"1,04,48,747","2,56,92,47,642.60","61,615","38,82,214",37.15
HINDALCO,EQ,2020-12-15,246.35,245.6,246.0,242.6,244.75,244.55,244.4,"1,54,46,054","3,77,50,67,723.25","1,04,618","59,86,544",38.76
HINDALCO,EQ,2020-12-16,244.55,248.0,252.15,245.9,251.5,251.45,248.56,"1,92,22,530","4,77,78,74,247.70","1,18,904","80,02,639",41.63
HINDALCO,EQ,2020-12-17,251.45,251.9,254.9,244.45,246.0,245.85,249.83,"1,37,11,470","3,42,55,10,592.95","86,717","23,11,429",16.86
HINDALCO,EQ,2020-12-18,245.85,246.7,251.4,245.2,249.3,249.9,248.68,"1,88,66,376","4,69,17,00,133.35","1,25,033","73,98,099",39.21
HINDALCO,EQ,2020-12-21,249.9,246.0,249.75,228.65,231.4,232.3,239.52,"1,62,78,713","3,89,90,13,560.50","1,14,541","48,09,166",29.54
HINDALCO,EQ,2020-12-22,232.3,233.9,239.25,227.0,231.8,231.9,231.31,"1,83,37,596","4,24,16,73,779.35","1,07,536","58,83,010",32.08
HINDALCO,EQ,2020-12-23,231.9,231.35,237.9,227.5,237.4,236.2,232.39,"1,30,95,413","3,04,31,83,554.70","74,719","22,48,106",17.17
HINDALCO,EQ,2020-12-24,236.2,237.9,244.65,236.1,237.0,236.95,239.5,"1,45,41,771","3,48,27,55,406.65","1,00,324","23,20,259",15.96
HINDALCO,EQ,2020-12-28,236.95,239.15,241.15,237.7,240.1,239.9,239.63,"82,13,627","1,96,82,08,407.95","46,115","24,79,179",30.18
HINDALCO,EQ,2020-12-29,239.9,241.9,242.0,234.3,234.9,235.6,236.62,"94,05,315","2,22,54,50,876.90","60,636","27,48,471",29.22
HINDALCO,EQ,2020-12-30,235.6,236.4,239.15,232.65,236.45,237.4,235.77,"84,80,116","1,99,93,65,021.20","46,855","12,98,629",15.31
HINDALCO,EQ,2020-12-31,237.4,236.4,241.9,234.7,239.2,240.55,238.72,"1,03,80,624","2,47,80,12,227.95","59,390","24,87,556",23.96
HINDALCO,EQ,2021-01-01,240.55,239.0,240.0,237.6,238.25,238.35,238.52,"50,91,899","1,21,45,13,219.75","40,872","10,11,170",19.86
HINDALCO,EQ,2021-01-04,238.35,240.9,258.0,239.55,254.8,254.3,248.96,"2,49,02,369","6,19,96,44,820.35","1,33,973","46,87,338",18.82
HINDALCO,EQ,2021-01-05,254.3,251.1,252.75,247.0,249.8,250.3,249.18,"1,22,97,457","3,06,42,90,991.45","75,525","23,15,039",18.83
HINDALCO,EQ,2021-01-06,250.3,250.75,260.0,247.75,259.2,259.05,254.54,"1,80,29,077","4,58,91,73,186.45","91,495","30,37,898",16.85
HINDALCO,EQ,2021-01-07,259.05,261.45,275.4,261.0,271.5,272.9,270.79,"3,27,39,259","8,86,56,18,130.60","1,89,225","68,57,845",20.95
HINDALCO,EQ,2021-01-08,272.9,273.95,274.45,265.15,267.6,268.2,268.91,"2,06,06,695","5,54,12,45,364.15","1,07,247","76,05,808",36.91
HINDALCO,EQ,2021-01-11,268.2,267.6,269.4,258.0,263.75,264.7,262.52,"1,31,63,440","3,45,56,58,397.30","1,06,214","38,99,372",29.62
HINDALCO,EQ,2021-01-12,264.7,260.45,270.5,260.45,263.8,264.35,266.47,"1,31,36,084","3,50,03,71,702.60","84,048","35,86,622",27.3
HINDALCO,EQ,2021-01-13,264.35,265.5,268.4,258.85,261.65,262.65,263.11,"1,33,00,126","3,49,94,46,391.60","1,53,390","48,26,171",36.29
HINDALCO,EQ,2021-01-14,262.65,262.7,265.1,259.55,261.15,261.4,261.76,"76,01,547","1,98,97,99,400.15","59,248","27,40,643",36.05
HINDALCO,EQ,2021-01-15,261.4,262.0,263.3,251.1,253.5,253.35,255.67,"1,77,38,049","4,53,50,98,840.45","1,78,249","69,31,498",39.08
HINDALCO,EQ,2021-01-18,253.35,252.3,254.25,240.6,242.5,243.15,243.42,"1,79,89,695","4,37,90,21,808.90","1,47,618","66,53,453",36.98
HINDALCO,EQ,2021-01-19,243.15,246.5,252.65,243.35,251.95,251.55,247.85,"1,02,54,337","2,54,15,55,737.60","58,663","30,54,380",29.79
HINDALCO,EQ,2021-01-20,251.55,251.6,253.65,248.6,251.6,252.1,251.34,"1,10,90,894","2,78,75,97,441.30","71,252","32,60,551",29.4
HINDALCO,EQ,2021-01-21,252.1,252.85,254.55,246.45,250.4,248.9,251.12,"87,81,513","2,20,51,91,322.95","90,360","24,70,255",28.13
HINDALCO,EQ,2021-01-22,248.9,247.25,249.8,235.55,239.6,239.2,240.58,"1,60,05,359","3,85,05,85,188.30","1,14,993","52,19,923",32.61
HINDALCO,EQ,2021-01-25,239.2,240.7,243.9,233.6,240.45,240.3,239.62,"82,97,942","1,98,83,32,577.30","64,528","16,49,646",19.88
HINDALCO,EQ,2021-01-27,240.3,240.0,240.05,229.75,230.75,231.4,233.8,"1,41,39,166","3,30,57,50,581.75","1,26,056","53,46,360",37.81
HINDALCO,EQ,2021-01-28,231.4,225.0,232.1,224.55,228.75,229.05,228.41,"1,37,56,664","3,14,21,04,316.50","85,256","51,57,068",37.49
HINDALCO,EQ,2021-01-29,229.05,230.1,234.3,225.0,226.1,226.3,229.83,"1,49,92,241","3,44,56,66,479.80","1,04,054","44,03,026",29.37
HINDALCO,EQ,2021-02-01,226.3,227.35,243.95,226.55,242.0,241.15,234.75,"1,24,17,894","2,91,51,58,414.35","1,21,835","39,76,728",32.02
HINDALCO,EQ,2021-02-02,241.15,244.2,257.4,243.9,254.5,255.35,252.61,"1,82,51,184","4,61,04,11,469.05","1,23,738","68,66,238",37.62
HINDALCO,EQ,2021-02-03,255.35,254.0,263.4,252.55,257.0,257.25,257.81,"1,56,70,948","4,04,00,53,779.00","1,05,090","53,42,711",34.09
HINDALCO,EQ,2021-02-04,257.25,259.95,267.4,258.95,262.65,261.85,263.9,"2,12,96,401","5,62,02,21,094.55","1,45,683","36,05,284",16.93
HINDALCO,EQ,2021-02-05,261.85,264.0,266.0,255.9,262.6,262.05,261.6,"1,28,33,374","3,35,72,62,271.00","86,179","21,90,252",17.07
HINDALCO,EQ,2021-02-08,262.05,264.0,280.55,263.55,278.55,278.95,274.29,"2,75,56,901","7,55,86,00,563.50","2,07,524","59,90,316",21.74
HINDALCO,EQ,2021-02-09,278.95,278.55,285.9,275.65,278.95,278.05,281.42,"2,20,66,741","6,21,01,01,038.40","1,45,738","49,41,512",22.39
HINDALCO,EQ,2021-02-10,278.05,281.0,283.35,274.7,279.7,279.4,279.4,"1,67,89,592","4,69,09,93,975.65","1,32,892","29,27,080",17.43
HINDALCO,EQ,2021-02-11,279.4,280.8,297.35,279.85,294.8,295.4,290.91,"4,73,56,292","13,77,62,36,101.50","2,87,892","90,42,002",19.09
HINDALCO,EQ,2021-02-12,295.4,297.0,297.25,286.5,291.0,290.8,291.69,"1,54,54,237","4,50,78,20,225.80","93,994","33,30,938",21.55
HINDALCO,EQ,2021-02-15,290.8,292.5,296.05,289.0,291.1,291.4,292.56,"80,41,775","2,35,27,41,176.50","71,677","11,14,725",13.86
HINDALCO,EQ,2021-02-16,291.4,293.55,307.35,293.0,302.0,302.7,302.9,"2,75,19,511","8,33,56,41,658.45","2,17,537","47,60,939",17.3
HINDALCO,EQ,2021-02-17,302.7,302.7,308.5,301.0,304.1,303.9,304.57,"1,82,21,106","5,54,96,79,463.65","1,29,930","52,46,348",28.79
HINDALCO,EQ,2021-02-18,303.9,306.05,312.6,305.0,309.6,309.9,309.31,"1,62,02,053","5,01,14,34,700.50","1,33,048","42,13,943",26.01
HINDALCO,EQ,2021-02-19,309.9,308.0,313.35,302.25,309.0,308.0,307.04,"1,74,10,357","5,34,56,95,150.80","96,804","57,24,332",32.88
HINDALCO,EQ,2021-02-22,308.0,310.0,328.0,310.0,314.6,316.1,320.99,"4,59,75,603","14,75,76,77,876.65","3,17,856","64,82,978",14.1
HINDALCO,EQ,2021-02-23,316.1,321.95,338.15,316.65,334.2,333.05,329.02,"5,06,77,230","16,67,37,36,714.15","3,29,561","85,38,141",16.85
HINDALCO,EQ,2021-02-24,333.05,334.2,337.5,328.0,333.0,332.8,333.95,"1,47,77,374","4,93,49,24,982.20","1,17,562","38,68,810",26.18
HINDALCO,EQ,2021-02-25,332.8,337.6,354.6,337.0,350.0,350.7,346.94,"3,59,67,464","12,47,84,53,874.15","2,40,253","74,27,037",20.65
HINDALCO,EQ,2021-02-26,350.7,343.0,349.65,334.75,340.95,340.25,341.79,"2,03,79,210","6,96,53,10,195.55","1,59,341","53,32,647",26.17
HINDALCO,EQ,2021-03-01,340.25,342.0,347.0,334.6,345.0,344.1,341.8,"1,45,56,212","4,97,52,61,233.00","1,29,407","32,89,779",22.6
HINDALCO,EQ,2021-03-02,344.1,344.25,349.3,338.75,344.7,345.25,343.02,"1,28,78,208","4,41,74,84,707.80","1,16,292","36,97,298",28.71
HINDALCO,EQ,2021-03-03,345.25,350.7,361.3,350.5,358.75,359.35,357.05,"2,01,04,887","7,17,84,46,850.20","1,68,134","44,18,654",21.98
HINDALCO,EQ,2021-03-04,359.35,352.0,357.7,347.0,349.9,349.45,352.14,"1,36,23,173","4,79,72,58,208.20","96,719","41,86,475",30.73
HINDALCO,EQ,2021-03-05,349.45,345.25,347.6,333.15,339.0,337.85,340.29,"1,51,27,687","5,14,77,68,495.85","1,36,189","50,00,474",33.06
HINDALCO,EQ,2021-03-08,337.85,340.05,343.9,334.7,336.75,336.6,338.16,"1,05,55,735","3,56,95,34,555.10","85,792","31,89,065",30.21
HINDALCO,EQ,2021-03-09,336.6,339.95,344.4,328.45,333.15,333.25,336.86,"1,38,83,599","4,67,67,91,861.35","91,205","41,40,806",29.83
HINDALCO,EQ,2021-03-10,333.25,335.8,342.35,330.45,341.0,340.35,336.13,"1,08,86,045","3,65,90,76,934.40","98,370","32,28,251",29.65
HINDALCO,EQ,2021-03-12,340.35,341.55,345.0,327.45,331.5,330.2,335.48,"1,50,35,151","5,04,39,56,342.25","1,11,302","59,80,947",39.78
HINDALCO,EQ,2021-03-15,330.2,331.9,335.9,325.0,335.65,333.8,329.56,"1,40,49,438","4,63,01,97,899.30","1,12,829","62,58,372",44.55
HINDALCO,EQ,2021-03-16,333.8,336.0,336.75,326.3,334.15,333.9,331.58,"1,32,94,567","4,40,81,67,492.60","1,17,817","55,91,518",42.06
HINDALCO,EQ,2021-03-17,333.9,332.95,333.55,325.0,325.95,326.4,329.4,"1,10,28,678","3,63,28,16,599.80","71,828","47,31,799",42.9
HINDALCO,EQ,2021-03-18,326.4,329.35,340.5,329.35,332.75,331.8,335.73,"2,37,44,146","7,97,15,41,094.40","1,80,590","45,69,429",19.24
HINDALCO,EQ,2021-03-19,331.8,330.0,339.7,320.6,334.05,335.1,330.85,"1,67,53,538","5,54,29,44,422.25","1,01,910","51,53,750",30.76
HINDALCO,EQ,2021-03-22,335.1,335.1,342.65,331.1,341.7,339.75,335.64,"84,70,164","2,84,29,62,087.60","60,643","16,96,260",20.03
HINDALCO,EQ,2021-03-23,339.75,341.9,342.45,330.3,331.8,331.7,334.98,"1,38,80,498","4,64,97,27,088.95","94,915","42,10,334",30.33
HINDALCO,EQ,2021-03-24,331.7,328.3,328.3,316.8,319.0,317.75,320.11,"2,03,88,678","6,52,67,05,998.65","1,60,039","69,66,222",34.17
HINDALCO,EQ,2021-03-25,317.75,319.05,319.9,305.4,313.4,314.0,312.81,"2,08,56,373","6,52,41,33,319.85","1,36,421","55,08,370",26.41
HINDALCO,EQ,2021-03-26,314.0,318.1,328.5,318.1,326.45,327.15,324.21,"1,38,57,627","4,49,27,60,670.35","90,407","32,88,800",23.73
HINDALCO,EQ,2021-03-30,327.15,330.55,332.9,324.95,326.1,326.3,328.58,"91,59,364","3,00,95,38,834.65","85,073","22,83,152",24.93
HINDALCO,EQ,2021-03-31,326.3,323.1,336.0,320.9,326.1,326.85,330.0,"1,03,87,652","3,42,79,36,020.00","1,03,304","15,88,269",15.29
HINDALCO,EQ,2021-04-01,326.85,329.75,352.0,328.45,348.3,350.25,343.48,"2,56,31,843","8,80,39,92,291.40","1,81,535","43,57,729",17.0
HINDALCO,EQ,2021-04-05,350.25,349.9,352.9,338.0,351.0,350.65,346.83,"1,47,71,653","5,12,32,55,647.50","1,26,221","29,53,958",20.0
HINDALCO,EQ,2021-04-06,350.65,352.7,358.3,348.5,349.8,350.45,353.17,"1,11,85,963","3,95,06,01,703.80","88,080","16,66,035",14.89
HINDALCO,EQ,2021-04-07,350.45,350.4,360.7,349.0,351.95,352.2,355.28,"1,25,42,475","4,45,61,29,107.75","96,544","27,82,177",22.18
HINDALCO,EQ,2021-04-08,352.2,355.9,374.0,354.65,366.55,365.2,364.98,"2,87,68,469","10,49,98,73,827.15","2,11,570","45,02,948",15.65
HINDALCO,EQ,2021-04-09,365.2,367.0,370.0,354.7,359.4,361.05,361.53,"1,63,71,164","5,91,86,35,312.20","1,38,689","48,42,556",29.58
HINDALCO,EQ,2021-04-12,361.05,352.1,354.0,331.6,339.1,336.2,342.66,"1,60,96,812","5,51,56,74,971.80","1,22,937","52,50,243",32.62
HINDALCO,EQ,2021-04-13,336.2,336.2,350.3,336.2,348.6,348.7,344.75,"1,29,42,071","4,46,17,31,786.10","1,63,479","29,22,189",22.58
HINDALCO,EQ,2021-04-15,348.7,354.0,366.8,349.75,352.6,353.55,356.24,"2,18,25,520","7,77,50,58,060.25","2,09,937","72,64,461",33.28
HINDALCO,EQ,2021-04-16,353.55,356.75,376.5,352.7,368.25,370.0,369.59,"2,84,38,547","10,51,07,27,748.40","2,14,882","59,22,215",20.82
HINDALCO,EQ,2021-04-19,370.0,358.7,366.0,353.85,361.35,361.4,360.75,"1,54,35,944","5,56,85,29,050.00","1,21,256","39,65,323",25.69
HINDALCO,EQ,2021-04-20,361.4,368.6,371.5,354.55,358.25,359.35,362.97,"1,55,26,407","5,63,55,66,578.50","1,07,836","32,24,416",20.77
HINDALCO,EQ,2021-04-22,359.35,360.8,365.6,354.7,356.0,355.85,359.5,"1,27,56,931","4,58,61,75,695.80","1,20,469","40,34,713",31.63
HINDALCO,EQ,2021-04-23,355.85,354.05,362.65,345.3,349.0,349.5,355.15,"1,28,05,877","4,54,80,68,157.00","1,02,303","31,69,036",24.75
HINDALCO,EQ,2021-04-26,349.5,353.0,358.25,345.5,348.6,348.35,351.91,"1,64,72,269","5,79,68,22,358.95","1,13,431","71,86,409",43.63
HINDALCO,EQ,2021-04-27,348.35,350.1,370.0,350.1,366.0,366.25,365.09,"4,12,63,319","15,06,46,71,476.70","3,07,599","89,81,182",21.77
HINDALCO,EQ,2021-04-28,366.25,368.85,368.9,358.0,362.45,362.6,361.61,"1,51,97,329","5,49,55,70,970.35","1,26,873","30,77,711",20.25
HINDALCO,EQ,2021-04-29,362.6,367.4,377.3,364.6,370.5,372.15,370.7,"3,43,91,622","12,74,89,78,540.90","2,37,157","67,71,282",19.69
HINDALCO,EQ,2021-04-30,372.15,368.9,377.0,361.3,363.65,364.4,368.96,"1,99,35,239","7,35,53,73,678.30","1,49,528","42,68,054",21.41
HINDALCO,EQ,2021-05-03,364.4,364.4,373.2,357.65,370.0,369.95,367.41,"1,58,90,242","5,83,82,78,984.10","1,16,737","35,43,910",22.3
HINDALCO,EQ,2021-05-04,369.95,372.0,384.45,359.7,363.5,362.55,372.58,"2,97,67,756","11,09,07,33,132.10","2,08,719","35,38,767",11.89
HINDALCO,EQ,2021-05-05,362.55,367.0,373.7,364.3,368.3,367.1,368.89,"1,51,92,338","5,60,42,63,979.90","1,12,285","33,29,669",21.92
HINDALCO,EQ,2021-05-06,367.1,370.0,388.6,367.8,387.9,385.95,379.35,"3,19,12,131","12,10,59,95,454.85","2,37,832","61,56,949",19.29
HINDALCO,EQ,2021-05-07,385.95,390.0,404.95,385.25,400.95,401.1,396.21,"4,63,43,220","18,36,16,25,161.15","3,59,622","76,15,443",16.43
HINDALCO,EQ,2021-05-10,401.1,407.8,427.5,406.7,426.0,425.75,417.55,"3,95,16,234","16,50,01,43,643.05","3,02,157","76,16,317",19.27
HINDALCO,EQ,2021-05-11,425.75,414.85,420.6,408.85,413.0,412.8,414.09,"2,74,97,466","11,38,63,70,102.70","2,28,541","40,05,761",14.57
HINDALCO,EQ,2021-05-12,412.8,416.0,417.65,393.7,398.5,398.8,406.97,"1,82,42,276","7,42,41,06,865.30","1,52,163","33,31,804",18.26
HINDALCO,EQ,2021-05-14,398.8,403.0,403.65,368.15,383.05,382.8,381.87,"4,13,84,078","15,80,35,37,739.10","3,25,627","91,09,355",22.01
HINDALCO,EQ,2021-05-17,382.8,384.5,395.35,377.25,395.0,392.95,385.14,"2,08,21,967","8,01,93,28,415.30","1,67,798","34,04,689",16.35
HINDALCO,EQ,2021-05-18,392.95,401.0,412.8,396.5,401.45,402.1,405.39,"3,05,40,086","12,38,07,11,016.00","2,49,278","42,25,849",13.84
HINDALCO,EQ,2021-05-19,402.1,400.0,406.45,394.2,403.3,403.3,402.41,"1,61,13,667","6,48,43,06,207.30","1,11,389","31,55,534",19.58
HINDALCO,EQ,2021-05-20,403.3,390.0,393.2,379.45,386.2,385.2,387.15,"3,06,89,219","11,88,12,34,926.60","2,33,521","85,61,493",27.9
HINDALCO,EQ,2021-05-21,385.2,388.7,391.9,383.35,389.1,389.8,388.02,"2,24,06,993","8,69,42,95,071.95","1,75,668","49,24,953",21.98
HINDALCO,EQ,2021-05-24,389.8,392.9,393.7,379.45,389.7,389.3,387.72,"2,36,94,105","9,18,66,50,447.15","1,86,406","53,82,754",22.72
HINDALCO,EQ,2021-05-25,389.3,394.0,399.5,389.55,390.6,391.2,395.23,"1,81,55,697","7,17,56,06,355.70","1,59,562","34,43,738",18.97
HINDALCO,EQ,2021-05-26,391.2,389.25,389.5,380.25,381.4,381.0,384.29,"1,53,40,621","5,89,52,24,332.35","1,27,481","47,65,832",31.07
HINDALCO,EQ,2021-05-27,381.0,382.05,388.45,380.0,386.85,385.85,384.68,"1,73,74,666","6,68,36,09,899.95","1,25,432","57,41,986",33.05
HINDALCO,EQ,2021-05-28,385.85,393.0,398.85,384.8,388.25,387.75,391.99,"1,48,62,168","5,82,58,55,775.55","1,17,904","34,67,489",23.33
HINDALCO,EQ,2021-05-31,387.75,391.55,395.4,388.0,394.2,394.25,391.71,"1,37,03,439","5,36,77,83,545.10","1,17,396","20,22,588",14.76
HINDALCO,EQ,2021-06-01,394.25,396.0,396.8,386.5,394.0,394.7,391.97,"1,13,99,189","4,46,81,56,904.50","95,694","29,60,336",25.97
HINDALCO,EQ,2021-06-02,394.7,389.0,402.7,389.0,402.05,398.8,396.03,"95,87,386","3,79,68,59,443.75","78,151","26,51,323",27.65
HINDALCO,EQ,2021-06-03,398.8,403.0,405.5,398.0,398.7,399.2,400.95,"1,24,41,261","4,98,83,04,172.00","1,10,970","24,49,715",19.69
HINDALCO,EQ,2021-06-04,399.2,400.0,400.0,392.3,394.75,395.05,395.49,"1,00,40,657","3,97,09,56,420.85","98,730","22,20,616",22.12
HINDALCO,EQ,2021-06-07,395.05,396.15,401.4,394.25,395.0,395.0,397.02,"61,76,784","2,45,22,75,930.05","68,864","13,08,827",21.19
HINDALCO,EQ,2021-06-08,395.0,395.0,395.5,381.1,388.0,387.75,385.97,"1,73,34,691","6,69,06,86,836.65","1,61,460","57,49,508",33.17
HINDALCO,EQ,2021-06-09,387.75,388.0,390.95,382.3,383.2,383.15,386.41,"1,18,07,015","4,56,23,77,209.50","1,08,283","47,92,702",40.59
HINDALCO,EQ,2021-06-10,383.15,386.15,389.95,384.25,385.9,385.4,386.43,"57,96,380","2,23,98,80,494.00","57,637","18,08,441",31.2
HINDALCO,EQ,2021-06-11,385.4,388.4,395.0,383.15,393.4,393.15,389.15,"96,30,564","3,74,77,39,570.85","79,743","25,49,410",26.47
HINDALCO,EQ,2021-06-14,393.15,392.95,397.5,381.35,394.3,394.8,391.45,"1,16,01,461","4,54,13,92,960.70","91,699","27,24,667",23.49
HINDALCO,EQ,2021-06-15,394.8,391.0,396.35,390.0,391.0,390.85,393.17,"79,29,361","3,11,75,63,362.45","70,590","21,46,799",27.07
HINDALCO,EQ,2021-06-16,390.85,387.3,391.35,377.0,379.8,380.25,381.52,"1,79,78,012","6,85,90,14,134.15","1,60,885","54,68,075",30.42
HINDALCO,EQ,2021-06-17,380.25,376.0,380.3,365.05,369.0,369.25,373.81,"1,43,21,673","5,35,35,28,155.40","1,71,883","55,46,184",38.73
HINDALCO,EQ,2021-06-18,369.25,368.75,373.35,359.8,372.45,371.35,366.15,"2,27,23,111","8,32,00,63,278.35","1,99,410","99,61,852",43.84
HINDALCO,EQ,2021-06-21,371.35,366.9,369.95,360.4,368.35,367.6,365.54,"1,31,72,227","4,81,49,41,862.70","1,11,664","44,60,960",33.87
HINDALCO,EQ,2021-06-22,367.6,371.0,371.85,366.25,366.65,367.55,368.92,"97,87,216","3,61,07,04,500.15","88,270","36,87,459",37.68
HINDALCO,EQ,2021-06-23,367.55,368.05,377.0,367.35,369.0,368.1,372.87,"1,42,95,574","5,33,03,85,496.65","1,30,170","32,51,898",22.75
HINDALCO,EQ,2021-06-24,368.1,369.0,372.45,366.1,370.5,369.05,369.42,"90,66,954","3,34,95,10,540.00","69,494","22,79,833",25.14
HINDALCO,EQ,2021-06-25,369.05,371.55,380.35,371.55,376.0,375.9,376.05,"1,28,15,999","4,81,95,14,622.10","88,988","46,81,544",36.53
HINDALCO,EQ,2021-06-28,375.9,378.9,384.95,374.25,382.45,382.3,380.58,"1,45,18,487","5,52,54,41,523.25","98,675","45,66,739",31.45
HINDALCO,EQ,2021-06-29,382.3,383.4,383.5,372.7,374.3,374.25,376.15,"91,06,037","3,42,52,79,972.45","96,207","31,39,782",34.48
HINDALCO,EQ,2021-06-30,374.25,376.55,379.4,370.95,372.4,372.05,375.52,"1,01,10,801","3,79,67,69,510.90","90,895","37,50,852",37.1
HINDALCO,EQ,2021-07-01,372.05,372.3,380.8,372.0,379.75,379.4,377.32,"82,32,292","3,10,62,24,189.15","76,522","19,01,358",23.1
HINDALCO,EQ,2021-07-02,379.4,378.0,380.6,374.2,376.7,376.05,377.27,"50,70,326","1,91,28,96,997.15","49,035","11,29,174",22.27
HINDALCO,EQ,2021-07-05,376.05,379.0,391.0,377.5,390.35,389.55,385.95,"1,28,36,172","4,95,41,75,913.50","1,11,922","29,37,246",22.88
HINDALCO,EQ,2021-07-06,389.55,389.4,391.0,384.0,386.2,385.35,388.2,"61,53,733","2,38,88,71,980.35","74,858","13,47,946",21.9
HINDALCO,EQ,2021-07-07,385.35,382.9,395.0,380.2,393.5,393.65,388.45,"1,05,77,866","4,10,90,00,149.55","1,00,886","25,09,745",23.73
HINDALCO,EQ,2021-07-08,393.65,392.5,392.9,381.2,382.85,383.1,385.75,"1,23,33,337","4,75,75,93,237.45","99,403","47,43,798",38.46
HINDALCO,EQ,2021-07-09,383.1,383.0,391.4,382.1,391.0,390.05,386.77,"73,75,406","2,85,25,80,996.80","72,978","17,32,770",23.49
HINDALCO,EQ,2021-07-12,390.05,393.0,393.0,386.6,387.15,388.35,389.13,"56,79,273","2,20,99,96,421.60","63,734","10,69,048",18.82
HINDALCO,EQ,2021-07-13,388.35,390.5,394.95,390.0,392.3,392.25,392.73,"54,67,940","2,14,74,41,847.30","59,441","10,50,345",19.21
HINDALCO,EQ,2021-07-14,392.25,392.25,394.4,391.0,391.4,391.65,392.18,"33,41,557","1,31,04,88,725.25","35,951","10,98,264",32.87
HINDALCO,EQ,2021-07-15,391.65,391.8,402.9,390.0,401.35,401.45,397.98,"1,03,47,950","4,11,82,35,863.75","99,053","34,44,834",33.29
HINDALCO,EQ,2021-07-16,401.45,403.0,406.0,399.35,405.5,405.5,403.5,"92,87,112","3,74,73,21,873.35","1,05,702","36,50,074",39.3
HINDALCO,EQ,2021-07-19,405.5,398.0,404.95,396.2,397.2,396.95,400.54,"57,08,367","2,28,64,47,483.60","53,997","13,57,084",23.77
HINDALCO,EQ,2021-07-20,396.95,396.45,396.45,381.2,382.2,383.0,385.86,"92,14,553","3,55,55,00,522.25","89,029","32,77,866",35.57
HINDALCO,EQ,2021-07-22,383.0,390.2,395.2,389.0,393.95,393.5,392.95,"73,81,389","2,90,05,11,330.55","78,162","24,97,790",33.84
HINDALCO,EQ,2021-07-23,393.5,394.1,396.55,390.8,391.85,391.75,394.42,"52,17,004","2,05,76,84,238.50","1,10,723","21,43,554",41.09
HINDALCO,EQ,2021-07-26,391.75,393.0,402.45,390.2,399.1,400.05,398.8,"70,83,799","2,82,50,40,009.00","88,455","15,24,417",21.52
HINDALCO,EQ,2021-07-27,400.05,404.0,419.7,403.55,417.35,417.35,414.89,"2,82,40,273","11,71,65,14,053.05","2,34,485","82,19,417",29.11
HINDALCO,EQ,2021-07-28,417.35,419.0,419.4,407.55,417.3,416.3,413.59,"1,27,75,129","5,28,37,16,624.60","1,21,406","48,91,157",38.29
HINDALCO,EQ,2021-07-29,416.3,420.5,474.0,416.8,458.65,458.1,447.81,"6,14,14,603","27,50,18,47,867.70","4,66,467","1,32,67,370",21.6
HINDALCO,EQ,2021-07-30,458.1,458.1,459.65,442.15,447.8,444.8,451.51,"1,29,87,115","5,86,38,48,339.20","1,26,258","26,07,067",20.07
HINDALCO,EQ,2021-08-02,444.8,448.0,452.25,442.7,446.0,445.8,446.91,"76,83,565","3,43,38,23,823.55","92,517","18,95,417",24.67
HINDALCO,EQ,2021-08-03,445.8,447.75,450.85,440.2,448.0,448.8,446.23,"88,79,300","3,96,22,18,183.80","1,15,521","22,52,177",25.36
HINDALCO,EQ,2021-08-04,448.8,446.0,455.5,441.0,441.7,442.7,447.28,"86,21,637","3,85,62,71,048.85","98,990","16,80,192",19.49
HINDALCO,EQ,2021-08-05,442.7,445.0,445.7,432.9,443.25,443.1,439.78,"1,17,90,679","5,18,53,34,924.10","1,20,506","34,24,186",29.04
HINDALCO,EQ,2021-08-06,443.1,444.7,455.85,439.3,441.15,442.15,447.5,"1,80,59,875","8,08,18,43,521.70","1,85,547","19,47,193",10.78
HINDALCO,EQ,2021-08-09,442.15,441.95,445.0,428.8,435.05,434.7,435.8,"1,37,78,833","6,00,48,63,932.00","1,58,040","35,75,761",25.95
HINDALCO,EQ,2021-08-10,434.7,436.5,439.8,423.25,425.05,426.95,431.6,"1,04,17,993","4,49,64,02,706.60","1,17,517","35,76,467",34.33
HINDALCO,EQ,2021-08-11,426.95,429.3,444.5,429.05,436.5,436.65,437.33,"1,92,39,106","8,41,37,95,602.05","2,09,971","34,36,771",17.86
HINDALCO,EQ,2021-08-12,436.65,436.9,444.3,433.85,437.55,437.25,438.27,"83,49,354","3,65,93,00,785.00","96,870","17,32,921",20.76
HINDALCO,EQ,2021-08-13,437.25,437.4,449.6,435.5,442.25,442.05,443.3,"1,33,43,808","5,91,53,71,428.25","1,40,249","19,01,689",14.25
HINDALCO,EQ,2021-08-16,442.05,442.6,447.0,436.2,441.0,441.75,441.21,"82,88,547","3,65,69,90,891.65","1,04,726","14,53,751",17.54
HINDALCO,EQ,2021-08-17,441.75,440.1,443.85,429.0,437.35,436.6,437.08,"84,13,999","3,67,76,02,665.60","93,379","19,16,763",22.78
HINDALCO,EQ,2021-08-18,436.6,438.8,439.65,424.4,426.55,426.95,429.74,"1,21,69,397","5,22,97,34,588.50","1,11,377","49,57,054",40.73
HINDALCO,EQ,2021-08-20,426.95,416.0,416.0,401.1,402.0,403.65,406.72,"2,33,09,477","9,48,04,37,833.05","2,41,285","1,02,90,534",44.15
HINDALCO,EQ,2021-08-23,403.65,411.0,415.75,399.5,407.35,406.85,408.52,"1,59,43,020","6,51,30,66,904.80","1,68,810","31,33,502",19.65
HINDALCO,EQ,2021-08-24,406.85,415.0,423.75,412.55,422.5,420.85,419.38,"1,50,50,015","6,31,17,22,569.60","1,52,729","18,62,810",12.38
HINDALCO,EQ,2021-08-25,420.85,423.7,434.95,423.7,431.05,430.7,430.62,"1,79,74,391","7,74,01,39,831.20","1,77,143","50,14,679",27.9
HINDALCO,EQ,2021-08-26,430.7,431.5,432.3,420.8,424.6,424.1,425.5,"76,95,674","3,27,44,72,734.00","67,251","20,50,288",26.64
HINDALCO,EQ,2021-08-27,424.1,427.0,439.0,427.0,438.3,437.9,435.86,"1,55,58,923","6,78,15,58,875.65","1,44,493","29,20,547",18.77
HINDALCO,EQ,2021-08-30,437.9,440.95,452.5,440.65,448.0,448.05,449.14,"1,17,35,730","5,27,09,82,386.20","1,20,316","25,65,683",21.86
HINDALCO,EQ,2021-08-31,448.05,448.0,471.15,444.8,470.0,468.3,460.39,"2,08,47,646","9,59,80,85,475.35","1,81,072","88,99,264",42.69
HINDALCO,EQ,2021-09-01,468.3,474.0,474.0,455.05,458.0,458.1,463.19,"1,00,38,500","4,64,97,06,341.70","1,07,529","25,94,218",25.84
HINDALCO,EQ,2021-09-02,458.1,460.05,465.0,455.7,456.2,456.95,458.8,"53,60,608","2,45,94,60,010.90","72,964","14,47,360",27.0
HINDALCO,EQ,2021-09-03,456.95,457.25,464.5,450.0,461.0,461.3,458.28,"85,16,918","3,90,31,50,066.15","97,727","15,19,841",17.84
HINDALCO,EQ,2021-09-06,461.3,466.95,475.0,461.7,468.8,469.25,467.28,"1,21,83,840","5,69,32,72,800.95","1,27,349","29,52,696",24.23
HINDALCO,EQ,2021-09-07,469.25,470.0,472.4,460.9,461.0,462.3,465.78,"56,84,070","2,64,75,21,184.25","81,714","15,46,509",27.21
HINDALCO,EQ,2021-09-08,462.3,464.85,465.85,455.2,455.75,456.3,460.23,"66,89,343","3,07,86,67,402.90","81,135","16,28,573",24.35
HINDALCO,EQ,2021-09-09,456.3,458.25,466.65,456.0,463.25,463.55,461.01,"69,26,659","3,19,32,47,789.70","82,747","20,48,539",29.57
HINDALCO,EQ,2021-09-13,463.55,476.0,480.5,468.55,478.7,478.35,475.64,"1,66,32,808","7,91,12,29,464.25","2,24,064","44,03,097",26.47
HINDALCO,EQ,2021-09-14,478.35,483.1,483.45,473.2,478.0,477.95,476.48,"1,52,53,798","7,26,81,38,869.55","1,20,620","89,39,862",58.61
HINDALCO,EQ,2021-09-15,477.95,478.2,487.6,474.35,486.0,486.8,481.41,"1,24,15,050","5,97,67,00,743.20","1,07,857","56,14,173",45.22
HINDALCO,EQ,2021-09-16,486.8,483.0,488.0,480.45,483.25,483.3,483.75,"80,11,765","3,87,56,86,583.35","85,793","41,06,340",51.25
HINDALCO,EQ,2021-09-17,483.3,484.0,485.45,470.1,473.8,473.05,476.06,"1,21,13,274","5,76,66,73,371.65","1,26,897","63,63,141",52.53
HINDALCO,EQ,2021-09-20,473.05,462.0,464.0,442.4,444.0,444.4,451.07,"1,80,31,539","8,13,34,06,477.00","2,09,191","64,50,378",35.77
HINDALCO,EQ,2021-09-21,444.4,445.0,452.45,438.8,451.0,451.0,445.58,"1,87,50,888","8,35,51,11,426.85","1,60,155","91,49,788",48.8
HINDALCO,EQ,2021-09-22,451.0,452.9,464.4,452.2,463.3,463.0,459.54,"1,36,13,171","6,25,57,73,892.60","1,50,989","62,63,306",46.01
HINDALCO,EQ,2021-09-23,463.0,473.5,484.8,468.0,483.8,483.25,475.81,"1,27,57,667","6,07,02,67,077.35","1,17,551","62,11,884",48.69
HINDALCO,EQ,2021-09-24,483.25,481.0,485.65,473.6,477.95,478.75,478.99,"92,26,843","4,41,95,37,821.15","91,901","31,63,852",34.29
HINDALCO,EQ,2021-09-27,478.75,474.9,489.95,472.3,481.0,481.4,482.82,"68,25,039","3,29,52,43,525.80","70,306","18,17,237",26.63
HINDALCO,EQ,2021-09-28,481.4,480.9,486.9,475.05,476.7,478.15,480.48,"61,48,679","2,95,43,35,676.85","73,447","20,52,757",33.39
HINDALCO,EQ,2021-09-29,478.15,475.0,496.9,473.4,494.9,494.15,488.5,"95,08,220","4,64,47,95,008.00","1,04,842","22,81,168",23.99
HINDALCO,EQ,2021-09-30,494.15,495.25,504.0,485.6,488.0,487.95,493.6,"1,43,33,358","7,07,48,83,622.45","1,33,246","47,11,294",32.87
HINDALCO,EQ,2021-10-01,487.95,483.1,486.0,473.45,484.4,484.35,481.11,"80,72,310","3,88,36,70,769.75","73,716","18,58,161",23.02
HINDALCO,EQ,2021-10-04,484.35,486.0,509.45,481.0,506.65,505.7,496.31,"1,03,03,925","5,11,39,88,941.15","1,00,394","28,77,081",27.92
HINDALCO,EQ,2021-10-05,505.7,496.0,506.2,494.2,495.2,495.3,499.73,"81,62,109","4,07,88,56,412.00","1,20,565","28,45,339",34.86
HINDALCO,EQ,2021-10-06,495.3,498.0,498.5,474.0,475.0,475.9,483.58,"1,12,31,113","5,43,11,63,067.65","1,07,938","49,46,910",44.05
HINDALCO,EQ,2021-10-07,475.9,485.0,485.6,473.0,478.1,477.5,478.45,"97,74,465","4,67,66,33,859.30","1,13,172","49,04,904",50.18
HINDALCO,EQ,2021-10-08,477.5,480.95,490.75,472.65,474.1,473.65,480.71,"70,86,881","3,40,67,19,179.25","85,794","25,40,558",35.85
HINDALCO,EQ,2021-10-11,473.65,478.5,490.0,476.25,488.75,487.5,485.29,"55,65,678","2,70,09,83,005.90","63,148","17,84,691",32.07
HINDALCO,EQ,2021-10-12,487.5,492.8,499.5,487.45,498.5,498.65,494.49,"86,85,800","4,29,50,33,596.75","89,397","23,31,755",26.85
HINDALCO,EQ,2021-10-13,498.65,499.95,512.0,495.0,507.4,508.05,505.74,"89,01,206","4,50,16,55,613.40","98,357","25,81,545",29.0
HINDALCO,EQ,2021-10-14,508.05,511.4,523.35,508.35,517.05,516.1,516.48,"88,76,529","4,58,45,44,399.30","1,17,744","23,88,354",26.91
HINDALCO,EQ,2021-10-18,516.1,535.45,551.85,526.5,543.15,542.8,543.22,"2,34,81,789","12,75,56,68,608.40","2,56,370","71,65,093",30.51
HINDALCO,EQ,2021-10-19,542.8,547.7,547.7,526.05,535.9,533.75,539.38,"1,10,17,925","5,94,28,17,287.50","1,28,264","45,49,970",41.3
HINDALCO,EQ,2021-10-20,533.75,531.0,531.0,510.5,512.7,512.95,516.29,"94,40,844","4,87,42,13,175.45","1,60,758","30,54,836",32.36
HINDALCO,EQ,2021-10-21,512.95,516.2,520.8,491.6,493.4,493.75,500.49,"1,41,73,662","7,09,37,56,190.15","1,30,501","73,43,538",51.81
HINDALCO,EQ,2021-10-22,493.75,489.0,492.0,464.5,471.0,470.45,475.09,"1,93,92,383","9,21,30,43,774.60","2,11,250","89,01,760",45.9
HINDALCO,EQ,2021-10-25,470.45,473.55,478.0,459.35,473.0,473.25,471.68,"91,96,105","4,33,76,04,025.65","1,09,200","25,34,137",27.56
HINDALCO,EQ,2021-10-26,473.25,475.05,488.0,472.55,487.7,486.05,481.55,"81,20,433","3,91,04,15,521.60","94,965","26,34,358",32.44
HINDALCO,EQ,2021-10-27,486.05,483.0,487.7,475.65,477.6,479.85,481.62,"89,72,879","4,32,15,06,825.40","95,785","42,94,350",47.86
HINDALCO,EQ,2021-10-28,479.85,455.85,477.15,453.45,466.75,468.8,467.91,"1,26,59,503","5,92,35,53,426.65","1,60,855","46,31,836",36.59
HINDALCO,EQ,2021-10-29,468.8,469.45,474.2,456.65,463.9,459.8,466.71,"83,06,338","3,87,66,56,949.45","83,623","25,27,169",30.42
HINDALCO,EQ,2021-11-01,459.8,463.8,481.1,463.35,480.35,478.15,473.7,"74,66,267","3,53,67,37,259.45","1,01,772","15,14,981",20.29
HINDALCO,EQ,2021-11-02,478.15,480.0,481.0,467.15,468.9,468.4,473.04,"59,53,912","2,81,64,52,154.10","84,234","19,74,774",33.17
HINDALCO,EQ,2021-11-03,468.4,471.0,480.45,469.85,479.25,478.3,476.52,"69,28,590","3,30,16,44,706.75","68,401","22,93,880",33.11
HINDALCO,EQ,2021-11-04,478.3,482.0,482.0,470.0,472.25,472.6,474.73,"16,15,558","76,69,49,280.75","27,522","5,82,155",36.03
HINDALCO,EQ,2021-11-08,472.6,480.0,481.45,459.2,469.25,469.8,465.43,"1,30,18,619","6,05,91,96,879.10","1,47,932","55,02,939",42.27
HINDALCO,EQ,2021-11-09,469.8,470.7,476.2,462.3,464.85,464.6,467.51,"86,28,327","4,03,38,41,920.65","79,821","40,52,265",46.96
HINDALCO,EQ,2021-11-10,464.6,463.65,464.0,448.5,449.05,449.75,453.13,"1,46,72,997","6,64,88,16,630.10","1,47,824","69,11,052",47.1
HINDALCO,EQ,2021-11-11,449.75,449.05,456.3,446.6,454.65,453.95,452.6,"77,89,754","3,52,56,33,571.15","1,03,765","23,39,626",30.03
HINDALCO,EQ,2021-11-12,453.95,460.5,470.5,458.95,468.1,468.55,465.29,"1,70,10,073","7,91,46,61,209.50","1,83,166","35,43,249",20.83
HINDALCO,EQ,2021-11-15,468.55,473.6,473.6,455.15,456.0,455.9,461.1,"88,82,843","4,09,58,78,266.45","1,06,838","24,10,442",27.14
HINDALCO,EQ,2021-11-16,455.9,457.0,459.9,443.05,444.3,445.6,451.32,"89,37,525","4,03,37,00,918.80","1,21,340","39,55,706",44.26
HINDALCO,EQ,2021-11-17,445.6,442.0,449.2,439.5,444.2,445.4,444.33,"74,74,301","3,32,10,59,593.35","1,01,563","26,85,441",35.93
HINDALCO,EQ,2021-11-18,445.4,448.1,454.0,436.3,439.05,440.3,444.47,"96,88,141","4,30,60,50,852.85","1,26,917","27,89,301",28.79
HINDALCO,EQ,2021-11-22,440.3,442.6,447.7,432.9,442.5,442.15,441.52,"1,00,07,050","4,41,82,66,107.95","1,53,506","38,14,063",38.11
HINDALCO,EQ,2021-11-23,442.15,439.25,453.4,437.05,450.9,450.2,448.48,"90,20,906","4,04,56,78,366.75","1,07,084","33,80,119",37.47
HINDALCO,EQ,2021-11-24,450.2,453.9,456.9,444.2,450.2,452.1,451.63,"77,61,523","3,50,53,56,904.00","92,017","28,61,362",36.87
HINDALCO,EQ,2021-11-25,452.1,451.5,458.8,443.65,447.65,447.05,447.85,"86,33,424","3,86,65,20,315.80","97,177","41,77,027",48.38
HINDALCO,EQ,2021-11-26,447.05,441.8,442.7,414.7,417.7,417.0,426.23,"1,48,26,141","6,31,93,90,573.05","1,76,496","64,61,536",43.58
HINDALCO,EQ,2021-11-29,417.0,414.0,433.5,407.1,421.0,420.15,422.8,"1,90,69,247","8,06,23,83,420.00","1,67,358","56,49,317",29.63
HINDALCO,EQ,2021-11-30,420.15,418.95,430.0,410.0,412.5,412.75,417.23,"1,48,50,682","6,19,61,06,263.40","1,61,383","67,46,083",45.43
HINDALCO,EQ,2021-12-01,412.75,419.5,426.1,416.1,425.25,424.9,422.52,"81,83,556","3,45,77,36,126.30","1,00,053","17,95,759",21.94
HINDALCO,EQ,2021-12-02,424.9,428.0,433.9,421.0,432.8,432.1,426.9,"77,75,405","3,31,93,01,651.00","79,235","29,72,808",38.23
HINDALCO,EQ,2021-12-03,432.1,427.8,433.8,424.0,424.9,424.65,428.52,"59,38,378","2,54,47,32,818.60","79,085","16,30,848",27.46
HINDALCO,EQ,2021-12-06,424.65,424.95,432.5,418.2,421.5,421.35,426.54,"81,60,853","3,48,09,37,526.80","82,504","23,26,306",28.51
HINDALCO,EQ,2021-12-07,421.35,427.4,444.4,425.2,443.05,442.5,438.84,"1,83,03,734","8,03,24,06,307.15","1,86,115","52,35,202",28.6
HINDALCO,EQ,2021-12-08,442.5,446.0,458.45,440.1,456.4,457.45,450.56,"1,37,00,443","6,17,29,33,603.35","2,22,991","57,54,908",42.01
HINDALCO,EQ,2021-12-09,457.45,457.45,458.7,452.2,455.25,455.65,455.39,"55,86,232","2,54,39,41,283.70","68,096","10,56,774",18.92
HINDALCO,EQ,2021-12-10,455.65,455.4,460.95,453.45,454.15,455.1,456.75,"53,08,752","2,42,47,74,073.75","62,162","11,82,373",22.27
HINDALCO,EQ,2021-12-13,455.1,460.0,469.5,457.45,459.65,458.25,463.67,"94,01,208","4,35,91,01,847.40","1,09,599","25,69,614",27.33
HINDALCO,EQ,2021-12-14,458.25,454.9,464.4,454.7,461.55,461.7,461.27,"80,27,659","3,70,29,56,437.35","1,07,362","33,13,098",41.27
HINDALCO,EQ,2021-12-15,461.7,461.6,463.85,456.05,456.6,458.35,459.88,"36,51,118","1,67,90,78,182.15","57,048","11,90,069",32.59
HINDALCO,EQ,2021-12-16,458.35,464.0,464.0,448.55,450.25,450.5,452.63,"88,79,417","4,01,91,04,161.85","99,592","52,33,440",58.94
HINDALCO,EQ,2021-12-17,450.5,449.5,457.0,444.75,450.2,450.15,451.35,"1,43,37,902","6,47,14,63,945.30","92,168","78,15,074",54.51
HINDALCO,EQ,2021-12-20,450.15,444.8,445.25,426.7,434.75,433.1,434.48,"59,52,052","2,58,60,36,575.30","77,184","20,89,475",35.11
HINDALCO,EQ,2021-12-21,433.1,438.0,449.7,437.35,445.55,445.45,445.57,"50,29,410","2,24,09,67,835.85","71,491","6,80,979",13.54
HINDALCO,EQ,2021-12-22,445.45,450.85,464.65,447.35,463.05,463.35,458.34,"77,65,878","3,55,94,14,902.40","1,21,930","24,14,482",31.09
HINDALCO,EQ,2021-12-23,463.35,465.05,468.45,459.3,460.0,461.3,463.71,"69,86,665","3,23,98,03,503.50","1,20,682","24,78,229",35.47
HINDALCO,EQ,2021-12-24,461.3,464.0,464.4,452.85,459.0,458.9,457.35,"31,22,116","1,42,78,88,647.05","38,627","2,69,285",8.63
HINDALCO,EQ,2021-12-27,458.9,456.9,458.6,451.1,452.4,452.8,452.92,"61,46,709","2,78,39,75,880.00","72,845","33,67,034",54.78
HINDALCO,EQ,2021-12-28,452.8,456.6,459.15,452.8,457.85,458.15,456.83,"28,89,804","1,32,01,47,234.50","45,811","7,29,648",25.25
HINDALCO,EQ,2021-12-29,458.15,457.0,457.65,450.5,453.85,454.25,453.82,"30,50,356","1,38,43,25,830.60","47,345","10,06,272",32.99
HINDALCO,EQ,2021-12-30,454.25,454.0,456.0,448.4,451.95,449.65,450.83,"38,43,627","1,73,28,25,558.70","42,249","21,72,211",56.51
HINDALCO,EQ,2021-12-31,449.65,455.5,477.35,455.5,474.75,475.55,470.82,"1,82,57,598","8,59,60,73,581.95","1,78,245","34,92,223",19.13
HINDALCO,EQ,2022-01-03,475.55,475.55,479.95,472.1,477.75,478.05,475.94,"55,49,693","2,64,13,15,787.00","69,826","16,05,370",28.93
HINDALCO,EQ,2022-01-04,478.05,479.0,481.5,472.0,476.0,476.1,476.28,"50,63,834","2,41,17,89,114.80","69,690","17,44,647",34.45
HINDALCO,EQ,2022-01-05,476.1,473.2,479.4,472.0,475.05,475.35,475.91,"44,89,031","2,13,63,78,732.75","75,259","16,54,976",36.87
HINDALCO,EQ,2022-01-06,475.35,474.5,485.7,473.5,478.8,479.1,480.76,"1,21,32,277","5,83,26,84,482.35","1,48,948","38,76,139",31.95
HINDALCO,EQ,2022-01-07,479.1,481.1,495.25,480.05,493.0,493.5,488.46,"93,00,149","4,54,27,94,717.05","1,45,242","43,14,931",46.4
HINDALCO,EQ,2022-01-10,493.5,497.0,497.3,490.05,492.2,492.9,493.41,"47,46,931","2,34,21,94,708.05","59,106","16,13,069",33.98
HINDALCO,EQ,2022-01-11,492.9,491.9,497.2,485.7,486.4,486.35,490.53,"53,46,073","2,62,24,33,714.20","75,250","17,28,029",32.32
HINDALCO,EQ,2022-01-12,486.35,494.0,500.85,491.0,497.35,497.95,497.2,"92,96,587","4,62,22,16,773.45","1,48,542","22,64,563",24.36
HINDALCO,EQ,2022-01-13,497.95,502.2,509.0,499.15,506.1,507.5,504.42,"93,66,574","4,72,46,78,867.15","1,12,654","33,01,589",35.25
HINDALCO,EQ,2022-01-14,507.5,506.0,509.5,503.0,505.9,506.35,506.5,"54,61,072","2,76,60,55,297.75","68,540","21,09,259",38.62
HINDALCO,EQ,2022-01-17,506.35,509.0,509.0,496.0,505.0,505.95,502.92,"67,21,706","3,38,04,80,600.55","79,804","24,77,202",36.85
HINDALCO,EQ,2022-01-18,505.95,508.8,512.35,493.8,496.0,496.0,504.61,"61,94,537","3,12,58,27,663.65","85,392","23,41,658",37.8
HINDALCO,EQ,2022-01-19,496.0,495.2,506.25,490.3,503.95,504.8,498.88,"57,99,747","2,89,33,62,057.80","77,023","20,74,827",35.77
HINDALCO,EQ,2022-01-20,504.8,503.85,508.0,498.1,503.3,503.4,503.7,"42,43,563","2,13,74,99,938.20","65,008","14,95,466",35.24
HINDALCO,EQ,2022-01-21,503.4,501.0,515.8,499.25,507.6,506.7,508.34,"1,41,73,177","7,20,47,90,626.30","1,63,743","59,14,239",41.73
HINDALCO,EQ,2022-01-24,506.7,498.95,500.5,475.5,477.5,478.4,483.78,"1,10,20,372","5,33,14,27,857.10","1,24,768","47,16,258",42.8
HINDALCO,EQ,2022-01-25,478.4,475.55,486.5,474.65,484.65,485.75,483.21,"54,98,495","2,65,69,17,050.70","1,01,910","17,90,540",32.56
HINDALCO,EQ,2022-01-27,485.75,482.6,492.85,478.45,490.2,489.15,486.24,"67,46,500","3,28,03,87,170.95","1,01,357","27,16,189",40.26
HINDALCO,EQ,2022-01-28,489.15,493.05,506.6,488.45,490.1,490.35,497.84,"66,16,401","3,29,39,12,194.80","94,080","21,26,394",32.14
HINDALCO,EQ,2022-01-31,490.35,498.9,499.75,488.15,489.6,489.05,493.74,"48,46,015","2,39,26,68,858.50","82,717","21,57,356",44.52
HINDALCO,EQ,2022-02-01,489.05,492.8,512.65,487.7,510.8,511.0,502.18,"98,09,417","4,92,60,90,294.15","1,02,977","31,72,756",32.34
HINDALCO,EQ,2022-02-02,511.0,515.0,518.4,507.65,513.7,513.95,513.04,"72,83,452","3,73,67,14,390.95","90,155","26,16,028",35.92
HINDALCO,EQ,2022-02-03,513.95,513.0,516.5,509.0,510.0,512.65,513.41,"50,78,613","2,60,73,98,665.65","77,460","22,13,465",43.58
HINDALCO,EQ,2022-02-04,512.65,513.0,528.5,512.05,525.2,525.15,524.02,"1,26,31,663","6,61,92,89,961.20","1,73,284","46,90,373",37.13
HINDALCO,EQ,2022-02-07,525.15,527.85,533.25,519.45,523.0,522.6,526.47,"1,09,39,353","5,75,92,77,621.40","1,21,080","46,02,393",42.07
HINDALCO,EQ,2022-02-08,522.6,526.0,533.1,514.05,526.05,526.8,522.98,"98,63,290","5,15,83,48,164.85","1,38,834","32,47,209",32.92
HINDALCO,EQ,2022-02-09,526.8,536.0,544.4,532.1,543.0,542.3,537.87,"92,35,351","4,96,74,25,381.10","1,56,545","39,27,198",42.52
HINDALCO,EQ,2022-02-10,542.3,547.7,553.5,541.0,547.25,547.25,546.78,"1,09,06,403","5,96,34,12,324.50","1,80,185","32,49,038",29.79
HINDALCO,EQ,2022-02-11,547.25,547.75,553.85,539.5,540.5,542.7,546.07,"91,10,193","4,97,48,12,416.55","1,79,500","26,43,899",29.02
HINDALCO,EQ,2022-02-14,542.7,531.0,533.95,519.7,520.15,521.25,526.79,"49,95,178","2,63,14,04,699.35","82,668","16,02,732",32.09
HINDALCO,EQ,2022-02-15,521.25,526.45,536.35,513.7,534.5,533.85,524.76,"82,33,217","4,32,04,89,603.40","1,29,438","32,44,057",39.4
HINDALCO,EQ,2022-02-16,533.85,536.85,538.0,526.2,527.8,529.3,531.96,"43,48,474","2,31,32,19,876.35","77,593","15,87,917",36.52
HINDALCO,EQ,2022-02-17,529.3,533.8,540.75,528.3,532.3,532.55,534.91,"53,40,469","2,85,66,66,917.45","76,158","13,03,303",24.4
HINDALCO,EQ,2022-02-18,532.55,531.0,537.8,528.0,530.4,529.6,533.1,"33,44,269","1,78,28,33,578.55","60,272","10,09,260",30.18
HINDALCO,EQ,2022-02-21,529.6,528.5,529.0,511.2,511.7,512.0,517.65,"63,08,263","3,26,54,74,962.00","1,00,778","30,95,342",49.07
HINDALCO,EQ,2022-02-22,512.0,501.9,519.25,501.55,516.5,516.2,510.33,"1,06,64,925","5,44,26,03,990.90","1,52,742","45,19,450",42.38
HINDALCO,EQ,2022-02-23,516.2,519.8,523.25,515.65,518.9,518.7,519.78,"89,28,934","4,64,10,83,035.45","1,09,322","41,59,107",46.58
HINDALCO,EQ,2022-02-24,518.7,505.1,527.4,505.1,517.4,517.65,518.99,"2,48,19,208","12,88,09,50,985.50","4,30,406","1,12,44,049",45.3
HINDALCO,EQ,2022-02-25,517.65,525.0,546.9,523.1,534.0,533.9,536.87,"1,38,15,949","7,41,73,84,011.65","3,65,001","50,80,348",36.77
HINDALCO,EQ,2022-02-28,533.9,537.0,580.05,531.8,572.15,573.75,563.98,"3,52,12,827","19,85,94,11,859.35","4,17,011","1,33,57,771",37.93
HINDALCO,EQ,2022-03-02,573.75,575.25,614.25,575.25,598.65,600.1,601.25,"4,12,48,362","24,80,05,12,173.90","5,83,595","1,25,08,884",30.33
HINDALCO,EQ,2022-03-03,600.1,613.9,613.9,596.9,606.05,606.3,604.78,"1,86,76,314","11,29,51,12,874.10","3,19,433","75,39,843",40.37
HINDALCO,EQ,2022-03-04,606.3,607.8,618.0,580.6,585.9,583.8,601.75,"2,04,90,598","12,33,01,47,444.15","2,88,469","43,70,921",21.33
HINDALCO,EQ,2022-03-07,583.8,586.75,623.0,586.75,620.65,619.75,607.83,"2,09,63,374","12,74,22,28,951.10","3,42,322","68,85,533",32.85
HINDALCO,EQ,2022-03-08,619.75,618.0,618.0,587.35,591.3,589.95,598.74,"1,94,77,245","11,66,18,30,538.70","3,74,199","68,98,411",35.42
HINDALCO,EQ,2022-03-09,589.95,591.3,598.95,585.1,587.45,588.05,589.95,"1,56,86,460","9,25,42,29,223.80","2,65,660","66,70,264",42.52
HINDALCO,EQ,2022-03-10,588.05,573.5,596.5,569.8,592.5,593.8,582.8,"1,48,24,703","8,63,98,78,573.65","2,19,805","59,73,822",40.3
HINDALCO,EQ,2022-03-11,593.8,595.0,603.0,585.75,588.4,589.1,594.0,"76,35,725","4,53,56,18,181.75","1,10,403","16,61,588",21.76
HINDALCO,EQ,2022-03-14,589.1,585.9,593.55,578.25,590.7,590.8,585.83,"79,04,911","4,63,09,35,055.35","1,29,159","32,70,139",41.37
HINDALCO,EQ,2022-03-15,590.8,580.0,581.9,555.95,560.0,559.75,565.04,"1,30,05,715","7,34,87,70,248.10","2,60,431","60,99,133",46.9
HINDALCO,EQ,2022-03-16,559.75,568.7,575.4,563.3,574.4,572.7,569.64,"1,04,85,661","5,97,30,00,231.50","1,51,009","48,73,207",46.47
HINDALCO,EQ,2022-03-17,572.7,575.05,584.4,573.85,576.0,576.8,578.66,"1,15,81,454","6,70,16,84,761.70","1,27,860","51,44,483",44.42
HINDALCO,EQ,2022-03-21,576.8,584.0,600.95,582.55,589.2,589.95,594.14,"1,41,59,371","8,41,26,70,351.95","1,98,833","52,58,710",37.14
HINDALCO,EQ,2022-03-22,589.95,599.8,602.85,587.2,593.25,593.45,594.65,"74,90,300","4,45,41,27,397.15","1,46,536","19,18,963",25.62
HINDALCO,EQ,2022-03-23,593.45,601.0,611.8,597.5,608.3,608.45,604.86,"1,35,81,577","8,21,49,18,776.60","1,48,556","51,35,671",37.81
HINDALCO,EQ,2022-03-24,608.45,610.2,626.2,610.0,618.9,621.95,621.74,"1,21,39,664","7,54,76,91,350.75","2,33,833","47,60,193",39.21
HINDALCO,EQ,2022-03-25,621.95,621.05,630.95,616.65,622.75,622.7,623.55,"1,10,87,146","6,91,33,63,799.05","1,91,886","53,07,436",47.87
HINDALCO,EQ,2022-03-28,622.7,621.5,634.8,617.0,629.45,630.2,628.11,"70,75,442","4,44,41,84,613.60","1,26,087","21,84,937",30.88
HINDALCO,EQ,2022-03-29,630.2,630.0,636.0,624.5,629.25,631.3,629.23,"52,45,788","3,30,07,88,680.65","82,726","15,07,584",28.74
HINDALCO,EQ,2022-03-30,631.3,622.0,622.0,598.85,600.45,599.8,605.56,"1,11,95,965","6,77,98,26,369.30","1,83,145","54,47,510",48.66
HINDALCO,EQ,2022-03-31,599.8,600.0,600.3,568.15,571.3,569.5,576.51,"2,34,97,993","13,54,69,22,738.40","2,92,064","1,27,47,126",54.25
HINDALCO,EQ,2022-04-01,569.5,569.9,577.0,561.45,571.0,570.5,568.47,"1,53,00,787","8,69,79,98,981.70","1,86,186","60,05,464",39.25
HINDALCO,EQ,2022-04-04,570.5,572.0,589.65,569.05,585.75,587.5,579.53,"1,58,45,385","9,18,28,40,414.80","1,77,902","80,21,091",50.62
HINDALCO,EQ,2022-04-05,587.5,590.95,590.95,582.05,586.0,586.85,585.59,"70,65,571","4,13,74,95,316.70","97,040","30,40,880",43.04
HINDALCO,EQ,2022-04-06,586.85,582.95,589.45,576.05,581.0,581.25,581.97,"96,48,592","5,61,52,08,295.10","1,29,010","47,76,692",49.51
HINDALCO,EQ,2022-04-07,581.25,581.4,584.9,569.0,575.0,574.75,573.77,"93,57,569","5,36,90,68,023.55","1,40,782","44,20,725",47.24
HINDALCO,EQ,2022-04-08,574.75,579.4,584.55,578.3,582.0,581.75,581.59,"71,57,576","4,16,27,99,697.25","1,17,225","33,67,811",47.05
HINDALCO,EQ,2022-04-11,581.75,583.4,587.45,574.55,576.0,576.35,579.28,"82,97,062","4,80,62,95,584.35","1,41,788","44,18,208",53.25
HINDALCO,EQ,2022-04-12,576.35,570.6,570.8,538.6,543.1,542.35,547.05,"1,67,01,775","9,13,66,74,601.00","2,73,318","76,29,659",45.68
HINDALCO,EQ,2022-04-13,542.35,547.0,551.9,543.55,545.75,546.75,547.69,"73,96,320","4,05,08,54,452.00","1,14,192","27,61,547",37.34
HINDALCO,EQ,2022-04-18,546.75,544.95,555.65,537.4,545.1,545.35,543.64,"75,50,655","4,10,48,15,331.80","1,30,590","36,59,032",48.46
HINDALCO,EQ,2022-04-19,545.35,552.0,556.2,537.6,539.0,540.8,549.32,"81,43,101","4,47,31,82,672.05","1,94,652","40,92,437",50.26
HINDALCO,EQ,2022-04-20,540.8,544.95,549.0,536.6,545.2,545.0,544.18,"47,25,779","2,57,16,84,203.85","64,396","19,44,417",41.14
HINDALCO,EQ,2022-04-21,545.0,545.0,547.35,531.45,540.9,540.25,540.67,"85,75,442","4,63,64,74,950.50","1,08,862","38,92,128",45.39
HINDALCO,EQ,2022-04-22,540.25,529.0,529.85,513.3,514.05,514.15,518.72,"2,38,71,439","12,38,26,01,681.55","3,65,161","1,42,96,275",59.89
HINDALCO,EQ,2022-04-25,514.15,502.65,508.5,492.25,496.25,495.5,498.94,"1,07,49,312","5,36,32,17,568.35","1,58,282","42,97,319",39.98
HINDALCO,EQ,2022-04-26,495.5,498.0,500.9,489.75,493.5,493.45,493.55,"1,16,23,406","5,73,67,12,335.70","1,59,933","58,22,998",50.1
HINDALCO,EQ,2022-04-27,493.45,489.0,497.6,476.45,491.5,492.3,485.32,"1,76,23,544","8,55,31,23,836.85","1,61,050","92,90,724",52.72
HINDALCO,EQ,2022-04-28,492.3,502.0,502.0,480.0,488.5,488.6,483.96,"2,50,42,778","12,11,96,81,535.90","1,41,849","1,69,50,243",67.69
HINDALCO,EQ,2022-04-29,488.6,493.0,497.8,479.25,483.4,482.65,488.77,"1,24,62,169","6,09,11,21,009.00","1,56,312","61,86,703",49.64
HINDALCO,EQ,2022-05-02,482.65,477.85,486.0,469.5,484.9,484.4,477.72,"1,46,25,673","6,98,70,40,595.45","1,48,776","60,00,805",41.03
HINDALCO,EQ,2022-05-04,484.4,483.0,483.0,459.0,461.25,461.65,470.36,"1,03,66,562","4,87,59,82,933.95","1,51,046","35,81,267",34.55
HINDALCO,EQ,2022-05-05,461.65,470.0,475.9,460.2,461.45,461.6,468.17,"63,28,868","2,96,29,55,891.35","88,523","14,84,611",23.46
HINDALCO,EQ,2022-05-06,461.6,450.0,454.25,439.0,444.0,443.75,445.02,"85,95,262","3,82,50,80,337.20","1,33,914","27,00,692",31.42
HINDALCO,EQ,2022-05-09,443.75,433.85,448.55,429.5,443.45,444.1,440.58,"1,07,73,327","4,74,64,85,350.05","1,16,458","44,97,695",41.75
HINDALCO,EQ,2022-05-10,444.1,435.0,442.3,420.3,422.45,423.0,431.62,"96,61,841","4,17,02,10,957.40","1,75,395","36,66,550",37.95
HINDALCO,EQ,2022-05-11,423.0,423.0,429.9,413.95,426.4,422.55,421.72,"1,41,97,501","5,98,73,71,881.80","2,04,243","59,39,394",41.83
HINDALCO,EQ,2022-05-12,422.55,416.0,422.0,394.6,406.7,405.85,402.91,"2,38,31,422","9,60,18,59,934.30","2,73,285","1,06,59,277",44.73
HINDALCO,EQ,2022-05-13,405.85,411.0,414.45,384.95,386.2,388.0,398.04,"1,70,07,818","6,76,97,29,547.30","1,93,648","74,98,962",44.09
HINDALCO,EQ,2022-05-16,388.0,395.8,400.8,385.0,393.0,390.95,392.35,"1,39,00,633","5,45,38,77,138.75","1,40,183","40,71,437",29.29
HINDALCO,EQ,2022-05-17,390.95,399.0,437.3,398.05,429.25,428.4,421.66,"3,77,72,554","15,92,71,35,878.25","3,50,372","1,01,58,200",26.89
HINDALCO,EQ,2022-05-18,428.4,434.5,438.4,423.5,435.9,436.1,431.57,"1,80,52,317","7,79,07,51,212.35","1,76,880","68,49,190",37.94
HINDALCO,EQ,2022-05-19,436.1,422.1,425.95,413.8,417.2,417.0,418.6,"1,03,19,381","4,31,97,10,567.75","1,41,591","30,64,160",29.69
HINDALCO,EQ,2022-05-20,417.0,432.0,435.0,421.05,428.0,429.1,427.77,"97,03,961","4,15,11,05,765.40","1,25,338","18,86,495",19.44
HINDALCO,EQ,2022-05-23,429.1,418.0,420.7,399.35,414.45,413.15,411.58,"1,58,28,786","6,51,48,21,412.90","1,76,789","35,37,117",22.35
HINDALCO,EQ,2022-05-24,413.15,414.4,415.5,400.0,401.5,400.8,406.14,"1,28,40,838","5,21,52,15,174.10","1,54,536","57,73,132",44.96
HINDALCO,EQ,2022-05-25,400.8,405.0,405.05,389.7,397.25,396.85,397.78,"1,11,03,850","4,41,68,88,384.10","1,24,065","36,42,237",32.8
HINDALCO,EQ,2022-05-26,396.85,406.5,410.5,392.6,407.8,407.85,401.89,"1,33,91,224","5,38,17,69,849.50","1,32,525","32,64,569",24.38
HINDALCO,EQ,2022-05-27,407.85,423.1,426.95,406.1,408.35,409.15,413.39,"2,03,50,558","8,41,27,74,028.80","2,14,428","53,54,993",26.31
HINDALCO,EQ,2022-05-30,409.15,410.0,419.5,405.6,416.05,416.75,413.57,"71,61,082","2,96,15,84,136.15","90,188","15,18,444",21.2
HINDALCO,EQ,2022-05-31,416.75,414.9,428.5,412.0,427.0,422.55,421.72,"3,91,15,757","16,49,59,56,651.40","1,61,904","2,50,65,952",64.08
HINDALCO,EQ,2022-06-01,422.55,421.0,422.0,406.2,410.4,410.65,412.61,"1,25,51,513","5,17,88,85,394.90","1,59,704","40,47,037",32.24
HINDALCO,EQ,2022-06-02,410.65,408.0,414.4,406.4,410.25,409.9,409.91,"72,02,046","2,95,22,09,641.70","85,504","17,86,851",24.81
HINDALCO,EQ,2022-06-03,409.9,414.0,416.9,405.3,407.0,406.75,411.01,"1,22,29,014","5,02,62,14,684.95","1,07,692","52,11,577",42.62
HINDALCO,EQ,2022-06-06,406.75,402.6,410.7,395.95,410.2,409.15,404.96,"88,10,058","3,56,77,51,995.20","80,127","36,19,534",41.08
HINDALCO,EQ,2022-06-07,409.15,407.95,413.0,402.2,403.25,404.2,406.52,"76,36,671","3,10,44,50,373.05","79,538","27,54,803",36.07
HINDALCO,EQ,2022-06-08,404.2,402.0,407.0,401.1,402.5,403.5,404.12,"69,11,005","2,79,28,64,999.35","89,374","25,42,275",36.79
HINDALCO,EQ,2022-06-09,403.5,399.0,402.3,393.4,400.5,399.75,398.06,"87,98,828","3,50,24,55,675.00","1,18,619","32,09,288",36.47
HINDALCO,EQ,2022-06-10,399.75,390.0,391.8,382.75,385.75,385.75,386.66,"1,45,41,630","5,62,27,22,472.30","1,58,464","58,54,426",40.26
HINDALCO,EQ,2022-06-13,385.75,377.8,377.8,360.5,367.0,366.45,366.9,"1,22,69,608","4,50,16,65,229.80","1,76,137","42,69,134",34.79
HINDALCO,EQ,2022-06-14,366.45,363.85,369.6,357.35,358.5,358.3,363.16,"1,12,73,145","4,09,39,41,235.60","1,22,936","47,68,978",42.3
HINDALCO,EQ,2022-06-15,358.3,360.0,362.9,356.05,358.1,357.5,359.25,"83,93,144","3,01,52,23,924.15","1,15,721","30,83,511",36.74
HINDALCO,EQ,2022-06-16,357.5,360.4,363.75,332.3,333.4,336.1,347.32,"1,66,14,475","5,77,04,61,003.55","1,72,799","52,33,336",31.5
HINDALCO,EQ,2022-06-17,336.1,333.0,342.55,325.85,334.55,333.7,334.24,"1,86,06,308","6,21,89,57,242.55","1,98,992","66,29,497",35.63
HINDALCO,EQ,2022-06-20,333.7,331.0,334.6,308.95,323.5,321.5,317.37,"2,06,46,347","6,55,25,98,414.65","2,48,601","65,15,499",31.56
HINDALCO,EQ,2022-06-21,321.5,327.6,343.5,325.6,340.75,339.25,334.14,"1,52,08,306","5,08,16,95,182.15","1,53,990","34,35,109",22.59
HINDALCO,EQ,2022-06-22,339.25,334.0,334.0,315.45,319.25,316.45,321.01,"1,91,76,515","6,15,58,37,465.15","1,93,044","60,15,111",31.37
HINDALCO,EQ,2022-06-23,316.45,317.0,327.65,311.1,318.0,317.6,318.76,"1,87,56,690","5,97,88,67,878.40","1,64,684","42,88,802",22.87
HINDALCO,EQ,2022-06-24,317.6,321.7,324.95,316.6,322.25,322.3,321.51,"1,16,21,311","3,73,63,63,635.85","1,13,270","29,15,240",25.09
HINDALCO,EQ,2022-06-27,322.3,331.5,338.0,326.35,329.0,329.95,332.85,"1,50,14,176","4,99,74,52,384.50","1,53,024","38,38,928",25.57
HINDALCO,EQ,2022-06-28,329.95,328.45,345.25,325.3,344.65,343.55,335.87,"1,57,42,835","5,28,74,93,536.15","1,41,655","43,11,663",27.39
HINDALCO,EQ,2022-06-29,343.55,339.45,345.6,335.05,344.95,344.15,341.45,"1,26,59,696","4,32,26,75,876.75","1,37,202","35,81,675",28.29
HINDALCO,EQ,2022-06-30,344.15,345.0,349.9,337.05,337.7,338.65,341.96,"2,12,25,418","7,25,83,16,775.00","2,50,433","1,15,49,860",54.42
HINDALCO,EQ,2022-07-01,338.65,335.0,342.9,330.25,341.8,341.15,335.88,"1,12,78,576","3,78,82,96,011.10","1,08,305","30,91,354",27.41
HINDALCO,EQ,2022-07-04,341.15,338.0,342.0,326.65,340.2,340.5,334.16,"1,09,05,377","3,64,41,56,151.15","1,00,692","18,93,756",17.37
HINDALCO,EQ,2022-07-05,340.5,341.75,356.9,341.75,344.1,345.25,350.17,"2,09,28,565","7,32,85,78,837.95","1,73,035","42,82,580",20.46
HINDALCO,EQ,2022-07-06,345.25,339.8,342.3,327.8,341.75,340.95,334.47,"2,23,17,536","7,46,46,42,906.40","1,86,715","50,30,647",22.54
HINDALCO,EQ,2022-07-07,340.95,347.85,364.5,341.3,364.4,361.65,351.2,"1,86,99,515","6,56,72,35,919.80","1,43,006","47,72,408",25.52
HINDALCO,EQ,2022-07-08,361.65,368.0,368.0,351.1,355.7,357.55,360.65,"2,55,06,273","9,19,89,11,410.85","2,06,765","88,23,761",34.59
HINDALCO,EQ,2022-07-11,357.55,352.0,363.3,347.8,357.0,356.2,356.93,"1,37,45,531","4,90,61,66,574.35","1,09,569","25,74,161",18.73
HINDALCO,EQ,2022-07-12,356.2,350.0,356.0,341.6,346.3,346.9,347.23,"1,68,96,696","5,86,70,47,814.35","1,37,153","18,33,120",10.85
HINDALCO,EQ,2022-07-13,346.9,346.0,351.9,344.0,348.3,348.9,347.68,"1,36,90,887","4,76,00,10,899.05","1,13,723","34,01,194",24.84
HINDALCO,EQ,2022-07-14,348.9,354.5,354.5,346.5,348.4,349.1,348.91,"95,11,166","3,31,85,09,816.85","96,501","24,65,822",25.93
HINDALCO,EQ,2022-07-15,349.1,344.6,351.9,344.6,350.95,350.55,348.79,"1,00,62,417","3,50,96,25,527.10","82,720","27,12,893",26.96
HINDALCO,EQ,2022-07-18,350.55,355.9,368.1,354.2,367.2,367.1,363.29,"1,38,63,266","5,03,63,93,190.75","1,32,021","24,62,411",17.76
HINDALCO,EQ,2022-07-19,367.1,364.5,371.35,363.3,367.5,367.95,367.97,"1,08,68,823","3,99,94,43,145.20","87,658","31,57,492",29.05
HINDALCO,EQ,2022-07-20,367.95,375.0,376.2,367.4,368.5,369.35,370.9,"1,01,50,339","3,76,47,93,588.80","1,00,049","27,38,662",26.98
HINDALCO,EQ,2022-07-21,369.35,371.65,379.5,370.85,377.0,375.95,376.47,"1,25,21,152","4,71,38,13,761.75","1,17,043","33,10,969",26.44
HINDALCO,EQ,2022-07-22,375.95,378.75,382.0,376.75,381.25,381.25,379.91,"94,98,042","3,60,84,27,019.90","96,446","32,18,778",33.89
HINDALCO,EQ,2022-07-25,381.25,381.0,388.55,380.3,387.1,387.05,384.87,"77,34,139","2,97,66,41,613.20","77,673","23,04,255",29.79
HINDALCO,EQ,2022-07-26,387.05,387.4,389.4,381.05,382.45,381.9,384.82,"55,32,712","2,12,90,87,357.15","63,071","16,75,962",30.29
HINDALCO,EQ,2022-07-27,381.9,381.9,389.85,379.15,388.0,388.65,385.09,"47,44,697","1,82,71,49,029.10","70,253","15,13,290",31.89
HINDALCO,EQ,2022-07-28,388.65,394.0,395.25,385.9,391.75,392.4,391.34,"75,86,494","2,96,89,13,078.40","86,593","22,21,493",29.28
HINDALCO,EQ,2022-07-29,392.4,396.5,416.8,395.2,416.0,415.05,408.41,"1,55,09,534","6,33,42,98,751.05","1,62,758","47,72,449",30.77
HINDALCO,EQ,2022-08-01,415.05,420.0,428.0,418.85,423.5,424.0,423.75,"1,55,35,311","6,58,30,51,208.20","1,61,142","72,27,036",46.52
HINDALCO,EQ,2022-08-02,424.0,419.0,420.5,407.6,416.0,418.4,414.08,"1,55,35,733","6,43,29,86,384.45","1,32,966","54,29,526",34.95
HINDALCO,EQ,2022-08-03,418.4,417.0,422.5,409.6,414.7,414.25,414.23,"68,83,530","2,85,13,59,916.15","1,13,661","23,32,876",33.89
HINDALCO,EQ,2022-08-04,414.25,427.0,433.0,418.4,420.4,421.7,425.94,"2,06,78,616","8,80,78,15,855.35","1,94,853","41,06,853",19.86
HINDALCO,EQ,2022-08-05,421.7,422.95,426.5,409.05,412.35,410.8,415.94,"1,22,17,436","5,08,17,20,188.90","1,27,116","40,86,330",33.45
HINDALCO,EQ,2022-08-08,410.8,414.9,422.55,414.0,421.6,421.4,419.41,"76,43,955","3,20,59,38,683.65","88,010","18,39,619",24.07
HINDALCO,EQ,2022-08-10,421.4,423.05,444.4,416.6,440.1,440.1,432.63,"2,37,66,201","10,28,19,87,989.35","2,01,001","51,18,991",21.54
HINDALCO,EQ,2022-08-11,440.1,446.5,446.5,432.0,432.4,433.5,436.47,"1,48,65,139","6,48,81,94,899.05","1,43,511","46,52,304",31.3
HINDALCO,EQ,2022-08-12,433.5,435.65,442.7,433.0,436.45,436.25,438.92,"94,20,634","4,13,49,31,402.10","1,03,864","28,94,823",30.73
HINDALCO,EQ,2022-08-16,436.25,434.0,434.75,422.35,428.4,428.9,429.11,"1,11,54,059","4,78,63,30,784.80","1,03,122","36,60,997",32.82
HINDALCO,EQ,2022-08-17,428.9,430.95,442.4,426.6,438.0,438.95,436.15,"1,22,97,570","5,36,35,40,430.80","1,24,976","31,69,606",25.77
HINDALCO,EQ,2022-08-18,438.95,437.0,441.0,433.65,438.2,438.05,437.67,"67,55,688","2,95,67,51,750.90","75,532","15,94,002",23.59
HINDALCO,EQ,2022-08-19,438.05,442.0,442.0,425.1,426.35,427.35,432.86,"81,16,871","3,51,34,87,464.15","81,468","30,60,621",37.71
HINDALCO,EQ,2022-08-22,427.35,422.0,425.4,416.35,418.5,418.5,420.55,"74,07,485","3,11,52,22,887.15","1,06,351","27,93,711",37.71
HINDALCO,EQ,2022-08-23,418.5,415.05,431.8,413.85,429.0,427.9,426.64,"86,05,014","3,67,12,63,273.45","1,34,289","26,47,205",30.76
HINDALCO,EQ,2022-08-24,427.9,430.0,432.15,425.2,429.0,428.85,428.96,"65,38,727","2,80,48,73,417.25","72,004","24,81,442",37.95
HINDALCO,EQ,2022-08-25,428.85,430.95,436.75,429.7,434.0,432.75,434.02,"68,18,164","2,95,92,44,165.50","75,604","24,93,435",36.57
HINDALCO,EQ,2022-08-26,432.75,436.2,445.45,436.0,441.0,440.05,441.41,"1,10,51,127","4,87,81,20,279.65","1,16,679","39,03,944",35.33
HINDALCO,EQ,2022-08-29,440.05,418.05,433.0,418.05,431.2,430.2,427.12,"77,16,457","3,29,58,77,461.00","81,278","15,70,220",20.35
HINDALCO,EQ,2022-08-30,430.2,434.0,441.6,433.35,438.0,439.0,438.15,"88,24,878","3,86,65,87,602.45","74,022","39,76,314",45.06
HINDALCO,EQ,2022-09-01,439.0,424.0,431.6,420.8,423.0,421.95,425.05,"1,40,93,149","5,99,02,28,284.50","1,59,718","67,67,729",48.02
HINDALCO,EQ,2022-09-02,421.95,424.1,425.2,413.25,414.7,414.9,416.91,"1,01,02,220","4,21,16,78,760.80","1,33,307","33,04,466",32.71
HINDALCO,EQ,2022-09-05,414.9,415.0,430.2,415.0,428.8,429.3,426.48,"1,47,07,728","6,27,26,01,912.35","1,56,984","49,45,015",33.62
HINDALCO,EQ,2022-09-06,429.3,430.45,432.9,427.1,431.3,430.95,430.26,"61,80,669","2,65,92,89,382.30","65,282","16,83,782",27.24
HINDALCO,EQ,2022-09-07,430.95,424.25,433.55,422.7,430.6,432.85,428.09,"70,43,379","3,01,52,03,355.50","77,764","21,48,422",30.5
HINDALCO,EQ,2022-09-08,432.85,435.5,436.95,419.15,420.0,420.55,425.11,"1,20,76,714","5,13,39,81,609.55","1,40,866","64,95,749",53.79
HINDALCO,EQ,2022-09-09,420.55,426.0,430.65,423.25,426.45,426.0,427.3,"80,00,436","3,41,85,83,119.00","96,216","24,15,623",30.19
HINDALCO,EQ,2022-09-12,426.0,432.0,432.9,428.65,431.0,431.15,431.14,"55,30,132","2,38,42,59,599.20","70,338","20,13,293",36.41
HINDALCO,EQ,2022-09-13,431.15,432.25,439.3,432.25,436.5,436.65,436.77,"76,28,228","3,33,18,14,444.50","79,136","34,43,206",45.14
HINDALCO,EQ,2022-09-14,436.65,426.0,447.9,424.1,441.0,442.0,438.09,"1,23,87,075","5,42,66,70,925.35","1,32,852","39,67,648",32.03
HINDALCO,EQ,2022-09-15,442.0,439.5,439.5,423.75,424.9,424.4,428.62,"1,30,39,806","5,58,91,05,429.45","1,72,135","57,35,718",43.99
HINDALCO,EQ,2022-09-16,424.4,424.0,424.3,405.8,413.75,412.5,414.31,"1,48,26,674","6,14,29,06,244.95","1,38,253","70,34,354",47.44
HINDALCO,EQ,2022-09-19,412.5,414.6,416.25,405.65,411.45,412.15,412.29,"60,80,201","2,50,68,14,515.85","82,618","15,72,057",25.86
HINDALCO,EQ,2022-09-20,412.15,416.0,427.5,415.8,420.0,421.45,423.58,"87,58,050","3,70,97,44,395.65","90,615","23,06,473",26.34
HINDALCO,EQ,2022-09-21,421.45,417.9,423.9,410.8,411.75,411.35,415.85,"68,59,320","2,85,24,72,680.75","76,035","26,02,786",37.95
HINDALCO,EQ,2022-09-22,411.35,409.0,415.0,403.5,412.5,412.1,409.77,"87,04,463","3,56,68,57,675.90","92,186","24,21,366",27.82
HINDALCO,EQ,2022-09-23,412.1,410.7,412.7,394.45,395.5,396.35,401.49,"92,28,856","3,70,52,95,354.00","1,15,008","33,17,424",35.95
HINDALCO,EQ,2022-09-26,396.35,390.0,390.0,369.6,373.15,373.4,376.56,"1,30,92,570","4,93,01,47,637.45","1,83,698","45,52,014",34.77
HINDALCO,EQ,2022-09-27,373.4,375.3,379.95,365.1,372.7,373.6,371.24,"1,49,34,966","5,54,44,72,190.45","1,34,596","63,40,097",42.45
HINDALCO,EQ,2022-09-28,373.6,368.0,372.1,358.8,359.95,360.75,366.29,"1,07,51,444","3,93,81,61,477.15","1,37,333","51,96,941",48.34
HINDALCO,EQ,2022-09-29,360.75,366.75,376.9,366.0,372.5,371.2,373.35,"1,40,20,084","5,23,44,21,398.55","1,68,679","37,60,001",26.82
HINDALCO,EQ,2022-09-30,371.2,376.0,395.35,375.15,391.9,390.55,385.58,"1,77,06,821","6,82,73,67,123.35","1,75,266","39,77,209",22.46
HINDALCO,EQ,2022-10-03,390.55,389.0,389.45,379.1,380.95,380.95,382.23,"85,04,297","3,25,06,33,859.20","1,16,686","19,40,199",22.81
HINDALCO,EQ,2022-10-04,380.95,396.0,400.9,390.3,393.8,394.05,394.42,"90,17,446","3,55,66,85,543.30","97,722","16,81,557",18.65
HINDALCO,EQ,2022-10-06,394.05,402.0,413.95,399.4,412.3,412.65,408.62,"1,17,58,976","4,80,50,08,065.75","1,49,260","33,31,854",28.33
HINDALCO,EQ,2022-10-07,412.65,409.95,411.95,405.8,411.1,411.1,409.18,"52,41,693","2,14,48,16,593.80","80,357","13,20,273",25.19
HINDALCO,EQ,2022-10-10,411.1,403.5,409.15,400.0,407.25,407.5,404.85,"65,19,737","2,63,95,23,822.85","70,335","22,57,763",34.63
HINDALCO,EQ,2022-10-11,407.5,403.0,412.45,393.9,395.2,396.05,401.69,"70,54,654","2,83,37,55,681.30","92,140","22,76,127",32.26
HINDALCO,EQ,2022-10-12,396.05,398.05,401.4,391.75,400.65,400.2,397.86,"65,84,436","2,61,96,70,154.15","61,032","18,23,340",27.69
HINDALCO,EQ,2022-10-13,400.2,411.0,416.5,400.0,401.0,401.55,406.57,"1,65,65,725","6,73,51,50,179.90","1,60,406","54,47,624",32.88
HINDALCO,EQ,2022-10-14,401.55,411.25,411.25,396.4,398.7,397.15,403.64,"61,15,990","2,46,86,49,279.35","69,559","19,69,100",32.2
HINDALCO,EQ,2022-10-17,397.15,395.05,395.9,386.3,388.5,388.3,390.77,"89,66,396","3,50,38,40,396.80","85,711","38,55,497",43.0
HINDALCO,EQ,2022-10-18,388.3,391.5,398.4,391.35,394.0,393.45,395.07,"70,81,590","2,79,77,24,652.55","91,188","26,29,314",37.13
HINDALCO,EQ,2022-10-19,393.45,394.0,398.1,389.5,390.0,390.3,394.01,"62,08,852","2,44,63,53,613.80","66,227","26,92,105",43.36
HINDALCO,EQ,2022-10-20,390.3,383.0,396.7,380.1,396.7,395.2,389.82,"82,22,063","3,20,50,86,721.10","85,301","18,64,455",22.68
HINDALCO,EQ,2022-10-21,395.2,397.2,398.05,386.25,392.1,393.75,391.76,"79,88,528","3,12,95,47,388.90","70,794","36,99,496",46.31
HINDALCO,EQ,2022-10-24,393.75,395.0,398.85,394.35,395.45,395.55,396.49,"7,93,366","31,45,62,554.80","12,604","2,35,709",29.71
HINDALCO,EQ,2022-10-25,395.55,394.4,402.8,391.5,397.8,398.4,399.08,"61,56,624","2,45,69,76,197.95","69,145","21,84,553",35.48
HINDALCO,EQ,2022-10-27,398.4,408.0,413.4,405.35,412.5,412.4,410.66,"97,52,346","4,00,48,85,350.70","94,958","26,36,610",27.04
HINDALCO,EQ,2022-10-28,412.4,412.5,412.5,399.75,404.5,404.95,404.53,"65,69,623","2,65,76,20,327.50","74,915","21,25,333",32.35
HINDALCO,EQ,2022-10-31,404.95,405.0,408.75,403.0,405.5,405.65,405.33,"42,57,977","1,72,58,81,069.75","55,595","13,37,943",31.42
HINDALCO,EQ,2022-11-01,405.65,406.0,415.0,406.0,414.65,414.4,412.03,"74,83,252","3,08,33,31,328.00","67,037","33,76,594",45.12
HINDALCO,EQ,2022-11-02,414.4,414.75,426.85,414.0,421.0,421.3,423.42,"1,15,54,760","4,89,24,80,829.15","1,32,153","28,85,962",24.98
HINDALCO,EQ,2022-11-03,421.3,415.0,415.9,408.95,411.0,410.35,412.03,"73,04,472","3,00,96,71,089.85","80,552","17,82,021",24.4
HINDALCO,EQ,2022-11-04,410.35,412.45,432.0,412.0,430.05,430.55,423.5,"1,33,17,485","5,63,99,51,857.75","1,36,925","42,24,727",31.72
HINDALCO,EQ,2022-11-07,430.55,432.0,438.9,426.3,437.0,437.5,435.17,"98,87,999","4,30,29,12,856.05","1,21,001","21,61,853",21.86
HINDALCO,EQ,2022-11-09,437.5,430.1,433.0,415.6,416.75,417.1,419.84,"1,38,98,567","5,83,52,21,434.95","1,48,564","54,11,714",38.94
HINDALCO,EQ,2022-11-10,417.1,415.3,420.4,412.75,414.8,415.1,416.13,"55,74,432","2,31,96,93,755.80","69,473","12,20,841",21.9
HINDALCO,EQ,2022-11-11,415.1,420.35,431.8,420.3,428.35,429.85,428.14,"1,40,60,782","6,01,99,31,875.60","1,28,758","57,01,741",40.55
HINDALCO,EQ,2022-11-14,429.85,435.0,458.65,434.05,454.6,455.55,451.44,"3,01,35,088","13,60,42,35,651.80","3,87,014","1,23,87,787",41.11
HINDALCO,EQ,2022-11-15,455.55,456.0,460.55,449.55,456.2,456.9,455.15,"1,18,41,577","5,38,97,23,971.35","1,21,958","47,25,665",39.91
HINDALCO,EQ,2022-11-16,456.9,455.55,455.55,444.15,446.2,447.4,449.27,"71,37,989","3,20,68,66,274.95","90,714","23,00,418",32.23
HINDALCO,EQ,2022-11-17,447.4,443.45,444.4,436.5,439.85,440.45,440.13,"65,33,823","2,87,57,09,639.00","78,181","19,15,494",29.32
HINDALCO,EQ,2022-11-18,440.45,440.5,443.9,434.45,438.2,438.6,438.59,"61,28,677","2,68,79,75,742.35","61,969","24,18,029",39.45
HINDALCO,EQ,2022-11-21,438.6,439.8,444.45,428.4,430.1,430.55,432.37,"63,72,470","2,75,52,35,450.45","73,150","28,23,493",44.31
HINDALCO,EQ,2022-11-22,430.55,432.75,436.35,429.0,430.45,430.65,432.98,"61,08,017","2,64,46,49,473.90","68,444","28,94,815",47.39
HINDALCO,EQ,2022-11-23,430.65,434.5,439.3,431.55,432.65,433.35,434.21,"60,31,033","2,61,87,64,708.60","80,451","21,71,663",36.01
HINDALCO,EQ,2022-11-24,433.35,435.55,439.6,432.65,438.4,438.35,435.34,"47,33,568","2,06,06,88,180.50","62,388","21,61,454",45.66
HINDALCO,EQ,2022-11-25,438.35,438.0,441.8,434.35,440.25,440.65,439.36,"48,00,030","2,10,89,38,530.25","51,545","20,13,457",41.95
HINDALCO,EQ,2022-11-28,440.65,435.0,436.5,429.0,431.2,431.15,431.37,"56,13,201","2,42,13,62,864.65","75,873","17,58,114",31.32
HINDALCO,EQ,2022-11-29,431.15,433.0,440.9,432.25,435.6,435.95,437.86,"65,18,828","2,85,43,20,203.80","63,852","15,70,644",24.09
HINDALCO,EQ,2022-11-30,435.95,438.75,451.95,438.15,449.85,450.7,448.13,"1,39,21,394","6,23,86,20,644.10","1,19,346","52,95,138",38.04
HINDALCO,EQ,2022-12-01,450.7,455.0,466.5,454.05,463.3,463.4,463.32,"1,32,43,436","6,13,59,75,851.15","1,39,720","43,28,333",32.68
HINDALCO,EQ,2022-12-02,463.4,463.3,470.4,458.0,461.1,461.1,464.75,"66,21,056","3,07,71,12,257.95","88,658","21,25,210",32.1
HINDALCO,EQ,2022-12-05,461.1,466.15,483.85,466.15,482.0,481.2,476.35,"1,45,99,958","6,95,46,57,618.55","1,73,718","40,74,151",27.91
HINDALCO,EQ,2022-12-06,481.2,477.5,477.5,467.2,468.65,470.0,471.11,"74,09,338","3,49,05,83,750.70","92,245","21,49,314",29.01
HINDALCO,EQ,2022-12-07,470.0,470.0,472.1,463.1,464.75,464.3,466.26,"55,10,513","2,56,93,12,392.75","69,367","21,77,151",39.51
HINDALCO,EQ,2022-12-08,464.3,465.05,472.95,461.3,471.9,471.65,468.62,"49,02,003","2,29,71,58,381.85","74,267","13,63,103",27.81
HINDALCO,EQ,2022-12-09,471.65,474.0,476.0,461.9,463.6,462.85,469.1,"54,05,738","2,53,58,36,622.65","76,487","13,71,582",25.37
HINDALCO,EQ,2022-12-12,462.85,459.0,466.95,454.45,462.0,461.95,461.4,"48,09,486","2,21,91,03,863.90","57,365","12,13,534",25.23
HINDALCO,EQ,2022-12-13,461.95,464.3,466.0,457.3,457.8,458.1,460.0,"43,59,377","2,00,53,09,013.85","48,264","16,82,722",38.6
HINDALCO,EQ,2022-12-14,458.1,461.65,470.95,461.05,469.1,469.3,468.21,"66,39,699","3,10,87,85,251.80","82,732","15,87,641",23.91
HINDALCO,EQ,2022-12-15,469.3,467.0,470.65,459.0,461.25,461.0,464.09,"39,86,930","1,85,02,81,583.95","57,276","14,93,520",37.46
HINDALCO,EQ,2022-12-16,461.0,458.0,462.75,452.55,456.0,456.75,457.59,"64,60,140","2,95,60,98,014.70","57,067","26,42,557",40.91
HINDALCO,EQ,2022-12-19,456.75,459.0,463.0,455.05,459.55,460.15,459.01,"36,90,005","1,69,37,34,333.10","64,533","12,29,726",33.33
HINDALCO,EQ,2022-12-20,460.15,458.0,459.25,444.25,457.75,457.05,450.32,"75,80,480","3,41,36,40,107.55","96,950","21,08,994",27.82
HINDALCO,EQ,2022-12-21,457.05,459.3,463.9,451.9,455.4,457.15,458.26,"55,57,133","2,54,66,13,716.65","64,881","14,78,307",26.6
HINDALCO,EQ,2022-12-22,457.15,459.45,463.0,447.2,456.05,455.5,453.6,"44,35,416","2,01,18,92,540.65","52,329","12,86,514",29.01
HINDALCO,EQ,2022-12-23,455.5,452.9,452.9,427.6,432.0,429.55,437.71,"77,66,201","3,39,93,25,193.50","87,706","31,17,420",40.14
HINDALCO,EQ,2022-12-26,429.55,431.0,445.4,429.1,442.4,442.95,440.19,"39,39,359","1,73,40,82,792.05","46,917","6,32,978",16.07
HINDALCO,EQ,2022-12-27,442.95,447.95,472.4,446.75,470.0,471.0,462.97,"1,38,98,138","6,43,44,42,120.40","1,61,148","37,33,168",26.86
HINDALCO,EQ,2022-12-28,471.0,467.65,473.7,463.95,466.2,465.95,468.45,"75,19,133","3,52,23,14,968.35","94,157","16,34,363",21.74
HINDALCO,EQ,2022-12-29,465.95,459.3,472.2,455.25,471.7,469.9,462.79,"84,27,104","3,89,99,51,556.35","90,928","21,68,790",25.74
HINDALCO,EQ,2022-12-30,469.9,473.95,482.3,471.8,473.75,473.35,477.08,"80,24,424","3,82,82,87,441.65","82,377","20,61,306",25.69
HINDALCO,EQ,2023-01-02,473.35,475.95,491.0,475.15,486.5,487.05,485.89,"1,12,55,811","5,46,90,70,952.55","1,57,286","29,73,028",26.41
HINDALCO,EQ,2023-01-03,487.05,486.5,488.45,478.5,478.75,479.9,483.36,"59,06,501","2,85,49,47,436.90","73,113","18,00,201",30.48
HINDALCO,EQ,2023-01-04,479.9,477.0,477.45,460.0,460.45,461.5,465.13,"98,99,885","4,60,46,96,461.95","1,18,644","28,61,264",28.9
HINDALCO,EQ,2023-01-05,461.5,463.25,467.45,458.65,465.2,465.7,463.31,"70,87,634","3,28,37,67,407.30","86,673","19,50,737",27.52
HINDALCO,EQ,2023-01-06,465.7,467.0,474.0,461.1,463.95,462.65,467.41,"60,04,013","2,80,63,51,920.80","75,800","11,58,466",19.29
HINDALCO,EQ,2023-01-09,462.65,471.0,474.0,466.2,470.0,470.75,470.83,"60,47,398","2,84,73,17,393.65","1,03,836","24,51,322",40.54
HINDALCO,EQ,2023-01-10,470.75,478.0,480.5,473.3,477.25,477.55,476.71,"70,92,319","3,38,09,97,195.50","88,442","21,11,872",29.78
HINDALCO,EQ,2023-01-11,477.55,481.9,493.45,481.0,490.8,490.95,488.17,"1,13,83,752","5,55,72,62,802.40","1,25,754","36,71,371",32.25
HINDALCO,EQ,2023-01-12,490.95,495.0,495.6,482.2,485.5,485.65,485.98,"72,78,634","3,53,72,78,671.00","79,902","31,41,847",43.17
HINDALCO,EQ,2023-01-13,485.65,487.65,490.0,482.65,487.45,488.5,487.04,"74,45,162","3,62,60,80,066.40","80,425","27,34,322",36.73
HINDALCO,EQ,2023-01-16,488.5,490.95,492.7,481.25,483.0,483.05,484.64,"32,94,109","1,59,64,50,369.30","55,779","9,41,386",28.58
HINDALCO,EQ,2023-01-17,483.05,481.75,489.3,476.95,487.3,487.9,483.61,"78,19,426","3,78,15,51,071.80","92,103","26,15,348",33.45
HINDALCO,EQ,2023-01-18,487.9,488.5,504.0,488.5,502.2,502.95,498.46,"1,20,45,667","6,00,42,44,923.65","1,52,628","48,00,837",39.86
HINDALCO,EQ,2023-01-19,502.95,493.15,503.0,491.0,498.8,498.9,498.1,"79,45,795","3,95,78,09,999.00","1,07,718","25,67,022",32.31
HINDALCO,EQ,2023-01-20,498.9,498.0,501.55,488.25,490.5,489.95,494.83,"56,64,588","2,80,30,02,342.95","66,777","26,20,251",46.26
HINDALCO,EQ,2023-01-23,489.95,494.0,500.35,491.2,493.45,494.2,496.15,"55,59,031","2,75,81,24,719.80","74,009","18,65,249",33.55
HINDALCO,EQ,2023-01-24,494.2,496.7,497.9,483.55,484.05,484.65,488.84,"32,93,586","1,61,00,27,555.95","70,599","9,81,816",29.81
HINDALCO,EQ,2023-01-25,484.65,484.1,495.8,484.1,489.0,489.1,489.52,"73,41,066","3,59,36,02,539.70","1,11,236","25,35,172",34.53
HINDALCO,EQ,2023-01-27,489.1,493.5,494.8,467.95,479.0,479.0,480.67,"45,91,590","2,20,70,27,519.60","75,669","12,87,282",28.04
HINDALCO,EQ,2023-01-30,479.0,479.0,483.35,463.95,471.7,472.35,470.94,"58,04,476","2,73,35,46,595.70","86,991","24,34,649",41.94
HINDALCO,EQ,2023-01-31,472.35,474.95,476.35,465.5,469.0,468.4,470.78,"56,79,604","2,67,38,62,417.80","91,024","27,08,894",47.7
HINDALCO,EQ,2023-02-01,468.4,473.0,480.6,454.6,467.6,467.85,472.15,"60,75,062","2,86,83,31,086.75","93,318","18,85,592",31.04
HINDALCO,EQ,2023-02-02,467.85,467.0,471.0,460.8,466.0,465.4,465.96,"33,56,544","1,56,40,25,591.65","70,308","10,45,237",31.14
HINDALCO,EQ,2023-02-03,465.4,467.75,468.95,450.2,458.5,459.65,457.56,"57,07,642","2,61,15,99,177.40","82,161","21,24,892",37.23
HINDALCO,EQ,2023-02-06,459.65,457.0,457.0,446.0,446.75,447.35,450.27,"43,98,369","1,98,04,62,766.10","64,940","16,48,392",37.48
HINDALCO,EQ,2023-02-07,447.35,440.0,441.9,425.5,429.35,429.55,431.38,"1,66,52,967","7,18,37,89,348.15","2,44,636","87,07,588",52.29
HINDALCO,EQ,2023-02-08,429.55,432.0,439.8,432.0,435.5,436.5,436.03,"61,21,515","2,66,91,82,674.20","92,093","19,82,492",32.39
HINDALCO,EQ,2023-02-09,436.5,437.0,447.7,431.75,446.1,444.55,439.73,"1,14,31,814","5,02,68,85,774.05","1,25,967","31,69,195",27.72
HINDALCO,EQ,2023-02-10,444.55,444.55,444.95,431.0,433.8,433.15,434.81,"66,48,361","2,89,07,44,622.55","83,928","19,29,354",29.02
HINDALCO,EQ,2023-02-13,433.15,434.5,439.8,426.55,427.7,427.7,431.92,"64,37,475","2,78,04,84,516.05","78,611","24,69,629",38.36
HINDALCO,EQ,2023-02-14,427.7,429.5,435.25,425.35,435.0,434.8,431.32,"39,51,666","1,70,44,38,993.55","64,140","10,26,241",25.97
HINDALCO,EQ,2023-02-15,434.8,435.5,437.25,430.6,433.8,433.95,433.97,"36,23,450","1,57,24,60,444.25","59,269","11,25,732",31.07
HINDALCO,EQ,2023-02-16,433.95,436.9,438.0,433.0,434.75,434.7,435.18,"42,82,249","1,86,35,46,751.00","68,119","20,71,524",48.37
HINDALCO,EQ,2023-02-17,434.7,434.75,438.0,426.6,430.0,429.5,431.99,"40,14,137","1,73,40,81,409.15","55,028","16,10,183",40.11
HINDALCO,EQ,2023-02-20,429.5,429.9,435.55,429.0,433.5,434.25,432.79,"37,49,802","1,62,28,75,751.20","54,690","12,62,762",33.68
HINDALCO,EQ,2023-02-21,434.25,437.75,438.3,430.0,432.0,431.5,434.27,"37,61,409","1,63,34,55,866.05","69,596","14,39,038",38.26
HINDALCO,EQ,2023-02-22,431.5,430.5,434.5,426.75,429.5,429.7,431.17,"52,76,939","2,27,52,33,470.35","64,063","27,63,980",52.38
HINDALCO,EQ,2023-02-23,429.7,430.4,438.5,430.1,437.4,436.45,434.5,"50,37,774","2,18,89,11,276.05","74,437","26,41,158",52.43
HINDALCO,EQ,2023-02-24,436.45,438.0,438.0,414.25,415.85,415.25,419.46,"1,08,14,032","4,53,60,59,569.75","1,31,427","31,12,847",28.79
HINDALCO,EQ,2023-02-27,415.25,415.0,415.0,401.5,412.0,411.8,407.33,"83,01,373","3,38,14,05,567.25","1,14,227","27,53,158",33.17
HINDALCO,EQ,2023-02-28,411.8,413.5,413.9,398.0,399.45,399.2,401.71,"1,21,74,759","4,89,07,61,949.15","1,27,358","67,37,032",55.34
HINDALCO,EQ,2023-03-01,399.2,402.0,414.9,401.65,413.9,413.05,410.99,"79,35,816","3,26,15,14,824.80","1,30,191","22,63,378",28.52
HINDALCO,EQ,2023-03-02,413.05,415.0,416.8,408.0,410.45,410.8,411.39,"48,04,013","1,97,63,12,258.20","74,037","16,79,319",34.96
HINDALCO,EQ,2023-03-03,410.8,413.2,419.35,412.2,418.5,416.9,416.11,"51,02,333","2,12,31,34,572.90","60,197","15,68,308",30.74
HINDALCO,EQ,2023-03-06,416.9,419.0,422.2,413.9,414.5,414.5,417.25,"50,71,598","2,11,61,26,107.25","74,017","18,48,110",36.44
HINDALCO,EQ,2023-03-08,414.5,409.95,409.95,396.1,408.75,407.75,405.54,"70,44,653","2,85,68,82,943.30","88,360","16,81,985",23.88
HINDALCO,EQ,2023-03-09,407.75,411.0,418.5,408.0,408.85,408.85,412.73,"69,82,179","2,88,17,86,557.70","86,825","15,59,583",22.34
HINDALCO,EQ,2023-03-10,408.85,403.0,409.5,395.4,406.2,405.65,404.89,"52,39,128","2,12,12,51,166.90","69,010","11,95,876",22.83
HINDALCO,EQ,2023-03-13,405.65,409.0,414.95,398.5,403.8,402.25,406.22,"59,62,595","2,42,21,20,999.25","76,984","13,79,274",23.13
HINDALCO,EQ,2023-03-14,402.25,404.3,407.95,399.45,403.6,402.7,403.3,"58,41,181","2,35,57,43,987.00","81,736","18,00,431",30.82
HINDALCO,EQ,2023-03-15,402.7,407.95,412.75,405.0,405.15,406.15,408.71,"56,81,268","2,32,19,85,314.50","62,659","18,78,467",33.06
HINDALCO,EQ,2023-03-16,406.15,400.6,400.85,383.1,385.5,384.95,387.07,"1,67,39,755","6,47,95,11,813.40","2,03,714","64,81,949",38.72
HINDALCO,EQ,2023-03-17,384.95,389.25,398.05,386.55,396.25,396.7,392.94,"98,61,244","3,87,49,09,589.55","93,479","41,98,189",42.57
HINDALCO,EQ,2023-03-20,396.7,393.75,394.05,381.0,386.25,385.75,385.42,"63,31,283","2,44,01,94,585.30","87,755","16,54,808",26.14
HINDALCO,EQ,2023-03-21,385.75,387.7,390.6,384.95,388.3,388.55,387.32,"60,80,002","2,35,49,22,361.20","91,870","23,18,046",38.13
HINDALCO,EQ,2023-03-22,388.55,390.1,396.75,388.25,392.25,392.75,393.07,"65,11,605","2,55,94,89,239.75","98,949","23,96,118",36.8
HINDALCO,EQ,2023-03-23,392.75,387.0,400.65,386.0,398.6,398.8,397.07,"1,04,53,779","4,15,08,59,824.00","92,029","29,59,040",28.31
HINDALCO,EQ,2023-03-24,398.8,400.8,401.0,386.15,388.0,388.4,391.44,"88,33,099","3,45,75,84,852.85","86,717","33,37,563",37.78
HINDALCO,EQ,2023-03-27,388.4,390.0,396.6,389.4,389.55,389.95,392.8,"70,66,058","2,77,55,21,149.05","86,069","30,68,449",43.43
HINDALCO,EQ,2023-03-28,389.95,393.0,399.8,391.75,392.95,392.9,395.18,"64,24,209","2,53,87,40,694.60","70,293","19,48,981",30.34
HINDALCO,EQ,2023-03-29,392.9,394.9,400.9,389.9,399.0,399.05,394.16,"69,59,623","2,74,32,27,938.90","83,017","34,05,139",48.93
HINDALCO,EQ,2023-03-31,399.05,404.05,410.3,401.1,403.2,405.35,405.82,"74,68,634","3,03,09,56,684.95","1,53,206","33,99,819",45.52
HINDALCO,EQ,2023-04-03,405.35,406.5,406.9,399.55,402.25,402.55,402.06,"52,00,766","2,09,10,36,628.30","83,017","25,33,080",48.71
HINDALCO,EQ,2023-04-05,402.55,402.0,404.6,394.3,402.65,403.3,400.72,"56,07,641","2,24,70,75,773.75","68,547","18,09,749",32.27
HINDALCO,EQ,2023-04-06,403.3,401.0,406.5,398.75,404.5,405.25,403.7,"41,74,551","1,68,52,56,167.20","47,117","15,42,164",36.94
HINDALCO,EQ,2023-04-10,405.25,406.8,413.85,405.5,410.7,411.45,410.57,"53,27,008","2,18,70,86,396.75","62,407","23,81,817",44.71
HINDALCO,EQ,2023-04-11,411.45,412.9,418.05,411.15,417.5,417.55,415.57,"49,65,642","2,06,35,63,026.45","57,305","24,83,400",50.01
HINDALCO,EQ,2023-04-12,417.55,419.9,422.4,415.6,417.5,417.65,418.55,"47,01,591","1,96,78,70,070.25","65,869","21,18,998",45.07
HINDALCO,EQ,2023-04-13,417.65,418.05,422.75,415.35,422.2,422.05,419.64,"63,68,113","2,67,23,45,040.60","68,376","35,13,525",55.17
HINDALCO,EQ,2023-04-17,422.05,422.35,429.15,421.6,428.5,428.7,425.95,"69,20,340","2,94,77,13,653.60","93,653","39,31,860",56.82
HINDALCO,EQ,2023-04-18,428.7,430.0,433.0,427.9,430.7,431.55,430.9,"48,66,068","2,09,67,82,265.35","43,769","27,63,462",56.79
HINDALCO,EQ,2023-04-19,431.55,434.4,437.35,431.3,432.7,433.05,434.12,"59,82,454","2,59,70,75,444.50","60,854","27,84,876",46.55
HINDALCO,EQ,2023-04-20,433.05,431.9,435.7,428.05,428.6,429.85,432.78,"38,30,118","1,65,75,89,290.85","44,562","18,45,945",48.2
HINDALCO,EQ,2023-04-21,429.85,430.0,430.85,419.0,422.6,422.35,422.28,"51,39,533","2,17,02,97,232.10","83,610","24,02,055",46.74
HINDALCO,EQ,2023-04-24,422.35,419.0,428.95,418.35,428.0,427.8,424.66,"23,08,450","98,02,99,254.05","41,053","6,20,295",26.87
HINDALCO,EQ,2023-04-25,427.8,425.0,431.7,425.0,429.25,429.8,429.4,"36,48,159","1,56,65,03,478.90","53,706","17,13,102",46.96
HINDALCO,EQ,2023-04-26,429.8,425.6,427.0,422.1,424.95,424.8,424.2,"51,84,973","2,19,94,62,210.35","50,682","26,81,949",51.73
HINDALCO,EQ,2023-04-27,424.8,425.0,431.45,422.05,430.75,430.8,428.63,"32,71,257","1,40,21,71,064.40","44,758","11,84,581",36.21
HINDALCO,EQ,2023-04-28,430.8,433.5,437.0,430.9,435.5,436.1,434.05,"49,13,550","2,13,27,23,158.45","47,290","20,69,064",42.11
HINDALCO,EQ,2023-05-02,436.1,439.0,449.9,438.0,446.0,446.15,445.63,"51,78,547","2,30,77,14,060.20","78,416","21,20,826",40.95
HINDALCO,EQ,2023-05-03,446.15,441.0,443.9,434.25,441.5,442.3,439.27,"48,26,725","2,12,02,40,166.60","62,551","16,08,405",33.32
HINDALCO,EQ,2023-05-04,442.3,445.0,446.45,440.5,444.8,445.5,444.73,"31,00,187","1,37,87,56,605.65","48,003","14,22,767",45.89
HINDALCO,EQ,2023-05-05,445.5,443.0,443.5,432.65,435.0,434.25,438.78,"30,34,975","1,33,16,87,415.15","49,867","9,91,088",32.66
HINDALCO,EQ,2023-05-08,434.25,438.25,446.9,436.2,445.55,445.05,443.1,"40,90,222","1,81,23,82,981.90","49,994","16,61,055",40.61
HINDALCO,EQ,2023-05-09,445.05,444.55,446.7,439.2,440.9,440.35,442.66,"29,41,913","1,30,22,76,932.45","40,484","9,80,153",33.32
HINDALCO,EQ,2023-05-10,440.35,441.0,442.85,433.65,438.05,436.45,437.92,"30,75,599","1,34,68,54,339.85","35,645","14,06,236",45.72
HINDALCO,EQ,2023-05-11,436.45,434.0,434.0,419.55,421.2,420.85,422.11,"1,10,81,500","4,67,75,57,040.85","1,83,327","57,13,322",51.56
HINDALCO,EQ,2023-05-12,420.85,419.0,419.0,403.8,405.8,404.75,407.78,"1,11,52,831","4,54,78,50,440.90","1,82,872","62,32,153",55.88
HINDALCO,EQ,2023-05-15,404.75,408.5,412.85,404.35,410.8,410.7,409.34,"51,48,782","2,10,75,96,874.20","67,218","21,83,109",42.4
HINDALCO,EQ,2023-05-16,410.7,413.6,417.7,411.0,412.8,412.45,413.85,"40,10,692","1,65,98,40,199.15","50,722","12,87,196",32.09
HINDALCO,EQ,2023-05-17,412.45,411.8,413.4,405.55,408.0,407.7,408.53,"37,27,878","1,52,29,55,911.00","53,533","14,98,689",40.2
HINDALCO,EQ,2023-05-18,407.7,411.0,413.4,405.65,407.9,406.5,409.43,"40,78,918","1,67,00,46,145.95","55,184","11,67,366",28.62
HINDALCO,EQ,2023-05-19,406.5,408.0,408.4,400.4,407.75,406.75,404.35,"55,23,299","2,23,33,43,357.80","67,823","23,96,938",43.4
HINDALCO,EQ,2023-05-22,406.75,406.0,409.0,402.7,409.0,407.7,405.6,"42,37,198","1,71,85,95,781.75","53,803","20,83,446",49.17
HINDALCO,EQ,2023-05-23,407.7,409.2,413.8,406.9,409.95,410.3,411.06,"36,90,618","1,51,70,77,228.60","59,567","13,61,768",36.9
HINDALCO,EQ,2023-05-24,410.3,408.9,410.5,403.6,406.95,406.9,406.76,"78,66,105","3,19,95,90,706.75","79,246","26,37,773",33.53
HINDALCO,EQ,2023-05-25,406.9,404.5,405.75,397.8,403.8,404.25,402.02,"80,18,242","3,22,35,27,091.55","89,409","26,29,188",32.79
HINDALCO,EQ,2023-05-26,404.25,405.1,415.3,403.1,413.05,413.55,411.73,"64,01,768","2,63,58,31,537.85","66,466","20,58,940",32.16
HINDALCO,EQ,2023-05-29,413.55,417.0,425.0,415.5,419.7,419.9,421.53,"83,50,721","3,52,01,13,002.60","88,755","35,07,095",42.0
HINDALCO,EQ,2023-05-30,419.9,421.5,421.5,411.6,413.65,413.1,414.49,"55,96,603","2,31,97,16,532.05","61,382","23,07,542",41.23
HINDALCO,EQ,2023-05-31,413.1,410.5,410.7,404.35,407.5,405.9,406.53,"2,29,45,527","9,32,80,94,378.75","1,23,809","1,76,63,851",76.98
HINDALCO,EQ,2023-06-01,405.9,409.05,414.4,405.9,406.75,406.35,408.99,"42,69,628","1,74,62,32,236.15","47,238","17,65,502",41.35
HINDALCO,EQ,2023-06-02,406.35,412.05,421.9,412.05,420.3,420.75,417.07,"1,16,95,310","4,87,78,09,960.25","97,308","65,90,995",56.36
HINDALCO,EQ,2023-06-05,420.75,424.85,426.0,418.4,419.3,419.7,420.71,"80,39,709","3,38,23,82,134.70","78,727","46,59,611",57.96
HINDALCO,EQ,2023-06-06,419.7,419.7,422.0,413.8,416.1,415.55,416.69,"43,83,684","1,82,66,33,300.40","54,077","22,62,441",51.61
HINDALCO,EQ,2023-06-07,415.55,418.0,423.7,413.85,422.05,422.6,418.69,"69,11,473","2,89,37,91,128.30","63,740","32,74,751",47.38
HINDALCO,EQ,2023-06-08,422.6,423.95,425.7,417.7,419.0,418.25,421.9,"55,71,023","2,35,04,03,249.45","78,847","22,91,614",41.13
HINDALCO,EQ,2023-06-09,418.25,421.85,421.85,414.5,414.9,415.05,416.17,"35,18,826","1,46,44,17,355.65","57,660","16,94,048",48.14
HINDALCO,EQ,2023-06-12,415.05,417.95,421.0,414.0,417.6,416.8,417.51,"28,13,911","1,17,48,41,110.50","47,195","11,67,844",41.5
HINDALCO,EQ,2023-06-13,416.8,419.0,424.0,416.9,421.45,421.4,420.96,"42,47,391","1,78,79,84,412.05","49,464","19,97,601",47.03
HINDALCO,EQ,2023-06-14,421.4,427.0,430.0,424.15,424.5,425.05,426.62,"72,13,168","3,07,72,51,192.65","88,806","26,18,603",36.3
HINDALCO,EQ,2023-06-15,425.05,424.9,425.65,420.75,422.95,423.05,423.02,"48,63,359","2,05,72,81,527.10","65,944","23,67,120",48.67
HINDALCO,EQ,2023-06-16,423.05,427.7,431.45,425.8,426.95,426.95,428.54,"79,31,068","3,39,88,12,222.25","85,951","39,71,662",50.08
HINDALCO,EQ,2023-06-19,426.95,424.25,432.0,423.05,426.5,426.15,427.75,"39,50,931","1,69,00,22,764.50","61,186","19,56,154",49.51
HINDALCO,EQ,2023-06-20,426.15,426.15,433.25,423.05,429.0,428.95,429.48,"50,90,801","2,18,64,06,492.10","77,456","21,83,889",42.9
HINDALCO,EQ,2023-06-21,428.95,428.95,429.7,418.1,421.45,420.95,421.62,"56,89,533","2,39,88,26,834.90","75,407","23,46,978",41.25
HINDALCO,EQ,2023-06-22,420.95,421.9,425.4,416.2,420.4,420.05,421.47,"35,66,261","1,50,30,84,468.20","50,575","9,45,719",26.52
HINDALCO,EQ,2023-06-23,420.05,416.0,416.95,407.45,407.75,408.5,410.94,"54,03,772","2,22,06,36,310.85","65,634","24,39,119",45.14
HINDALCO,EQ,2023-06-26,408.5,410.0,416.0,408.2,415.9,414.7,411.8,"44,60,980","1,83,70,52,113.80","58,000","22,87,044",51.27
HINDALCO,EQ,2023-06-27,414.7,416.0,419.3,414.0,417.15,417.75,417.07,"30,47,635","1,27,10,71,642.80","47,930","10,94,227",35.9
HINDALCO,EQ,2023-06-28,417.75,419.75,421.55,418.35,420.25,420.2,420.07,"46,13,401","1,93,79,54,081.85","60,177","28,67,633",62.16
HINDALCO,EQ,2023-06-30,420.2,419.85,422.65,414.65,420.9,420.95,420.32,"41,15,005","1,72,96,23,098.45","53,621","22,22,129",54.0
HINDALCO,EQ,2023-07-03,420.95,424.0,428.75,422.1,426.0,425.65,425.58,"36,93,861","1,57,20,33,169.20","48,996","17,55,958",47.54
HINDALCO,EQ,2023-07-04,425.65,427.95,428.95,423.15,425.8,425.8,425.72,"27,21,964","1,15,87,88,231.50","40,226","11,10,628",40.8
HINDALCO,EQ,2023-07-05,425.8,425.0,427.4,419.35,422.45,421.5,422.33,"47,83,528","2,02,02,43,321.25","58,171","25,11,213",52.5
HINDALCO,EQ,2023-07-06,421.5,418.95,428.0,417.15,427.25,426.4,423.02,"50,21,705","2,12,42,67,746.35","82,891","19,41,319",38.66
HINDALCO,EQ,2023-07-07,426.4,423.9,425.0,418.5,422.15,422.7,421.35,"67,69,909","2,85,24,72,533.25","59,099","44,31,189",65.45
HINDALCO,EQ,2023-07-10,422.7,423.0,436.2,423.0,428.1,427.85,430.02,"65,02,214","2,79,60,54,673.55","83,447","27,28,336",41.96
HINDALCO,EQ,2023-07-11,427.85,429.25,431.85,424.0,424.3,424.65,426.34,"30,55,356","1,30,26,07,779.95","62,999","13,53,652",44.3
HINDALCO,EQ,2023-07-12,424.65,425.5,428.1,422.25,424.1,424.85,424.46,"28,54,995","1,21,18,36,451.15","53,681","13,42,132",47.01
HINDALCO,EQ,2023-07-13,424.85,430.2,439.5,430.2,435.85,435.2,436.06,"1,15,90,791","5,05,42,64,151.40","1,31,549","42,26,248",36.46
HINDALCO,EQ,2023-07-14,435.2,441.0,448.5,439.6,447.85,446.95,443.93,"1,08,01,568","4,79,51,74,417.70","1,21,996","53,39,876",49.44
HINDALCO,EQ,2023-07-17,446.95,447.8,454.15,443.4,446.7,447.1,449.57,"84,41,112","3,79,48,63,897.90","1,09,367","45,41,369",53.8
HINDALCO,EQ,2023-07-18,447.1,447.0,449.0,442.2,445.0,444.5,445.21,"39,63,196","1,76,44,50,876.10","64,524","18,22,392",45.98
HINDALCO,EQ,2023-07-19,444.5,444.0,444.4,438.5,439.8,439.2,440.42,"50,62,700","2,22,97,20,137.45","81,749","29,16,400",57.61
HINDALCO,EQ,2023-07-20,439.2,442.0,442.9,438.25,441.8,441.55,440.83,"51,56,038","2,27,29,45,160.20","59,724","24,38,701",47.3
HINDALCO,EQ,2023-07-21,441.55,441.45,441.45,433.65,434.6,434.5,437.49,"43,09,067","1,88,51,81,041.15","50,233","18,62,361",43.22
HINDALCO,EQ,2023-07-24,434.5,434.0,437.55,431.5,433.15,432.95,434.41,"33,99,581","1,47,68,19,158.80","54,972","15,83,450",46.58
HINDALCO,EQ,2023-07-25,432.95,436.15,450.5,435.0,450.25,449.5,443.97,"84,82,756","3,76,60,67,587.90","1,33,684","44,28,903",52.21
HINDALCO,EQ,2023-07-26,449.5,449.5,451.65,446.4,449.0,449.0,448.71,"42,18,466","1,89,28,60,301.35","85,751","19,68,731",46.67
HINDALCO,EQ,2023-07-27,449.0,451.0,459.6,448.1,452.7,451.4,454.58,"56,15,100","2,55,25,30,401.75","72,556","20,73,886",36.93
HINDALCO,EQ,2023-07-28,451.4,450.5,452.65,443.4,451.05,451.5,448.44,"38,86,408","1,74,28,09,628.10","64,494","15,03,711",38.69
HINDALCO,EQ,2023-07-31,451.5,453.05,463.25,453.0,461.5,462.6,459.78,"49,74,267","2,28,70,50,358.75","64,355","21,77,633",43.78
HINDALCO,EQ,2023-08-01,462.6,465.0,471.55,462.1,463.9,464.1,465.96,"62,49,656","2,91,20,73,694.20","70,980","27,34,054",43.75
HINDALCO,EQ,2023-08-02,464.1,460.0,461.2,449.65,453.2,454.5,455.45,"59,86,653","2,72,66,31,185.10","75,155","33,45,021",55.87
HINDALCO,EQ,2023-08-03,454.5,450.0,458.5,445.0,457.2,453.3,449.62,"40,26,983","1,81,06,02,701.15","58,640","12,95,592",32.17
HINDALCO,EQ,2023-08-04,453.3,464.0,466.0,453.9,457.1,457.0,459.86,"75,76,934","3,48,43,02,688.75","82,709","32,77,422",43.26
HINDALCO,EQ,2023-08-07,457.0,459.2,467.35,459.15,464.15,464.85,463.92,"37,70,469","1,74,92,00,227.60","67,664","14,41,459",38.23
HINDALCO,EQ,2023-08-08,464.85,464.85,467.25,452.0,455.0,454.75,457.87,"64,48,476","2,95,25,94,134.20","90,578","24,67,175",38.26
HINDALCO,EQ,2023-08-09,454.75,454.75,469.8,450.9,468.0,468.9,459.12,"61,71,305","2,83,33,79,441.20","92,222","21,78,150",35.29
HINDALCO,EQ,2023-08-10,468.9,468.0,471.0,463.0,468.1,468.9,467.63,"42,85,159","2,00,38,58,560.60","73,472","16,64,626",38.85
HINDALCO,EQ,2023-08-11,468.9,467.0,470.0,460.0,461.9,462.45,462.79,"44,22,888","2,04,68,80,600.10","86,268","21,69,184",49.04
HINDALCO,EQ,2023-08-14,462.45,458.6,458.6,447.6,448.85,450.8,450.8,"45,66,085","2,05,83,82,264.00","84,400","21,59,170",47.29
HINDALCO,EQ,2023-08-16,450.8,447.0,448.0,439.0,444.0,445.2,442.27,"50,66,857","2,24,09,37,275.80","64,438","19,95,000",39.37
HINDALCO,EQ,2023-08-17,445.2,443.0,449.25,440.5,446.1,447.6,444.7,"35,58,210","1,58,23,50,324.75","74,485","16,19,657",45.52
HINDALCO,EQ,2023-08-18,447.6,447.5,447.5,438.15,439.2,439.5,440.96,"39,90,678","1,75,97,20,588.95","63,892","18,56,779",46.53
HINDALCO,EQ,2023-08-21,439.5,443.0,450.85,439.9,448.7,449.4,446.68,"37,75,298","1,68,63,63,936.05","52,463","14,85,434",39.35
HINDALCO,EQ,2023-08-22,449.4,449.75,454.4,448.35,451.0,450.35,451.48,"32,54,685","1,46,94,33,523.35","47,024","9,95,827",30.6
HINDALCO,EQ,2023-08-23,450.35,454.7,465.3,452.9,460.9,461.25,461.83,"91,82,054","4,24,05,34,158.70","1,05,038","26,29,480",28.64
HINDALCO,EQ,2023-08-24,461.25,464.0,465.9,453.85,455.55,456.5,457.63,"59,50,400","2,72,30,65,959.10","70,481","31,86,867",53.56
HINDALCO,EQ,2023-08-25,456.5,453.0,454.3,448.9,449.85,450.0,451.31,"33,04,204","1,49,12,09,402.70","41,447","14,52,876",43.97
HINDALCO,EQ,2023-08-28,450.0,450.55,452.85,445.5,446.1,446.3,447.89,"42,59,997","1,90,80,10,073.70","47,859","21,92,880",51.48
HINDALCO,EQ,2023-08-29,446.3,448.0,458.5,447.35,456.9,456.05,454.91,"60,62,408","2,75,78,53,459.45","73,107","27,48,983",45.34
HINDALCO,EQ,2023-08-30,456.05,460.2,465.15,455.75,456.85,456.75,460.99,"55,10,658","2,54,03,79,418.60","65,509","21,33,138",38.71
HINDALCO,EQ,2023-08-31,456.75,462.25,465.0,456.75,461.15,459.85,460.85,"92,94,166","4,28,32,23,723.95","94,757","48,23,726",51.9
HINDALCO,EQ,2023-09-01,459.85,462.95,478.5,462.1,472.7,473.25,473.04,"1,11,51,562","5,27,51,82,553.45","1,39,000","45,07,076",40.42
HINDALCO,EQ,2023-09-04,473.25,477.6,492.3,475.0,487.85,486.65,488.02,"1,03,59,653","5,05,56,83,549.50","1,10,730","28,22,127",27.24
HINDALCO,EQ,2023-09-05,486.65,486.0,489.75,478.2,486.2,486.1,483.31,"49,41,534","2,38,82,70,608.00","66,500","19,41,339",39.29
HINDALCO,EQ,2023-09-06,486.1,484.9,484.9,474.25,478.1,478.15,477.5,"51,38,246","2,45,35,04,932.80","79,028","18,66,578",36.33
HINDALCO,EQ,2023-09-07,478.15,475.55,479.5,473.55,475.1,475.1,475.67,"40,55,611","1,92,91,17,282.20","75,296","18,69,301",46.09
HINDALCO,EQ,2023-09-08,475.1,473.0,478.8,467.7,476.5,476.15,473.92,"56,37,990","2,67,19,47,089.65","85,702","22,88,791",40.6
HINDALCO,EQ,2023-09-11,476.15,478.0,487.8,476.45,484.1,484.85,482.76,"59,60,678","2,87,75,65,870.05","95,061","31,75,848",53.28
HINDALCO,EQ,2023-09-12,484.85,490.0,490.9,475.4,477.7,477.75,479.95,"68,17,270","3,27,19,17,741.35","1,28,292","38,46,627",56.42
HINDALCO,EQ,2023-09-13,477.75,478.5,484.8,473.85,483.5,483.2,481.31,"41,62,140","2,00,32,82,324.25","64,544","22,08,973",53.07
HINDALCO,EQ,2023-09-14,483.2,486.0,508.9,486.0,499.15,497.35,501.09,"1,61,08,768","8,07,19,42,202.65","2,00,651","57,21,691",35.52
HINDALCO,EQ,2023-09-15,497.35,507.8,508.0,494.95,495.65,496.55,498.39,"85,15,363","4,24,39,82,529.75","1,29,744","49,12,673",57.69
HINDALCO,EQ,2023-09-18,496.55,494.0,494.0,483.15,485.7,484.5,487.97,"62,38,600","3,04,42,70,503.75","92,530","27,98,682",44.86
HINDALCO,EQ,2023-09-20,484.5,482.0,486.4,475.25,479.15,478.3,479.63,"58,61,905","2,81,15,45,734.70","98,997","32,28,101",55.07
HINDALCO,EQ,2023-09-21,478.3,479.0,486.45,476.4,479.0,479.55,482.02,"51,46,457","2,48,06,95,408.45","98,187","18,66,988",36.28
HINDALCO,EQ,2023-09-22,479.55,479.0,481.8,471.5,477.8,478.85,477.56,"36,84,720","1,75,96,68,473.35","69,216","12,22,187",33.17
HINDALCO,EQ,2023-09-25,478.85,478.8,478.8,467.25,469.0,469.35,471.9,"57,68,069","2,72,19,79,719.80","71,248","33,71,079",58.44
HINDALCO,EQ,2023-09-26,469.35,468.5,474.3,466.2,469.6,471.5,470.7,"46,66,823","2,19,66,52,839.20","57,190","22,61,853",48.47
HINDALCO,EQ,2023-09-27,471.5,466.25,475.75,466.25,475.0,474.95,472.99,"56,56,858","2,67,56,30,492.50","62,533","30,23,066",53.44
HINDALCO,EQ,2023-09-28,474.95,476.0,479.6,464.45,468.0,466.85,473.15,"58,69,780","2,77,72,87,087.20","69,094","28,36,429",48.32
HINDALCO,EQ,2023-09-29,466.85,478.0,494.5,474.2,493.0,492.65,486.75,"1,16,04,605","5,64,85,20,921.35","1,24,289","47,65,950",41.07
HINDALCO,EQ,2023-10-03,492.65,483.1,484.55,476.6,480.35,479.95,479.89,"46,57,602","2,23,51,13,728.20","72,737","18,35,643",39.41
HINDALCO,EQ,2023-10-04,479.95,474.0,477.9,470.0,473.7,473.4,473.76,"33,02,259","1,56,44,83,326.00","70,194","13,59,357",41.16
HINDALCO,EQ,2023-10-05,473.4,473.4,482.4,468.35,471.1,470.55,471.83,"48,01,287","2,26,53,86,622.05","79,443","24,61,257",51.26
HINDALCO,EQ,2023-10-06,470.55,475.0,476.45,469.35,472.45,472.6,472.31,"31,34,022","1,48,02,21,253.70","59,530","13,41,834",42.82
HINDALCO,EQ,2023-10-09,472.6,472.45,473.5,464.6,468.55,469.8,469.71,"26,81,298","1,25,94,31,146.65","47,617","10,04,633",37.47
HINDALCO,EQ,2023-10-10,469.8,473.0,484.8,467.0,481.0,480.65,474.96,"78,63,825","3,73,50,25,082.55","82,067","42,75,667",54.37
HINDALCO,EQ,2023-10-11,480.65,485.65,485.95,480.1,484.0,483.9,483.54,"70,06,735","3,38,80,35,778.85","75,453","37,69,091",53.79
HINDALCO,EQ,2023-10-12,483.9,483.1,494.0,482.55,484.65,484.4,487.52,"68,95,255","3,36,15,83,466.30","1,09,220","26,36,739",38.24
HINDALCO,EQ,2023-10-13,484.4,479.0,487.5,477.5,479.2,480.6,481.85,"46,52,247","2,24,16,74,770.85","63,607","19,00,134",40.84
HINDALCO,EQ,2023-10-16,480.6,479.75,486.5,475.3,484.0,483.4,481.64,"50,43,158","2,42,89,75,372.55","77,872","19,74,572",39.15
HINDALCO,EQ,2023-10-17,483.4,486.5,488.45,480.7,484.25,484.35,484.56,"44,95,043","2,17,81,13,769.20","43,492","25,36,319",56.42
HINDALCO,EQ,2023-10-18,484.35,487.8,494.8,483.55,484.3,485.05,489.83,"74,37,952","3,64,33,16,075.95","80,058","25,36,043",34.1
HINDALCO,EQ,2023-10-19,485.05,478.45,482.25,471.0,479.45,479.95,477.88,"60,35,837","2,88,44,07,323.65","1,04,457","22,30,429",36.95
HINDALCO,EQ,2023-10-20,479.95,475.0,479.85,470.0,472.7,471.75,473.72,"27,77,724","1,31,58,55,276.95","55,376","10,67,472",38.43
HINDALCO,EQ,2023-10-23,471.75,470.8,473.95,455.0,457.25,456.7,463.13,"29,94,345","1,38,67,68,452.80","62,186","12,03,574",40.19
HINDALCO,EQ,2023-10-25,456.7,466.0,473.0,459.4,460.5,461.2,465.99,"78,54,105","3,65,99,24,922.55","1,08,918","26,45,109",33.68
HINDALCO,EQ,2023-10-26,461.2,456.7,458.45,448.75,457.0,456.65,453.44,"66,25,855","3,00,44,32,590.75","1,36,706","33,15,428",50.04
HINDALCO,EQ,2023-10-27,456.65,458.0,464.4,454.45,456.4,456.15,457.06,"61,93,726","2,83,09,08,434.45","69,569","36,53,004",58.98
HINDALCO,EQ,2023-10-30,456.15,458.75,461.75,454.0,457.9,456.65,456.74,"75,23,779","3,43,64,34,978.25","60,455","42,40,687",56.36
HINDALCO,EQ,2023-10-31,456.65,465.0,465.0,453.25,460.05,459.5,458.8,"52,36,060","2,40,23,27,518.05","76,186","22,24,438",42.48
HINDALCO,EQ,2023-11-01,459.5,458.5,466.0,456.0,462.45,462.7,461.86,"49,31,538","2,27,76,61,039.15","60,316","23,40,521",47.46
HINDALCO,EQ,2023-11-02,462.7,463.25,475.8,463.25,475.1,474.2,470.58,"39,33,951","1,85,12,44,927.45","75,723","13,18,924",33.53
HINDALCO,EQ,2023-11-03,474.2,478.95,481.45,474.25,475.0,475.2,477.87,"32,74,345","1,56,47,19,348.50","59,764","13,33,660",40.73
HINDALCO,EQ,2023-11-06,475.2,480.0,484.8,478.25,483.4,481.95,481.16,"42,94,682","2,06,64,26,437.25","49,030","24,39,115",56.79
HINDALCO,EQ,2023-11-07,481.95,482.0,491.5,480.3,483.95,484.55,485.98,"54,25,669","2,63,67,58,303.15","59,732","23,26,166",42.87
HINDALCO,EQ,2023-11-08,484.55,491.45,491.45,478.15,488.2,488.05,484.78,"82,20,612","3,98,51,53,972.05","81,055","34,69,840",42.21
HINDALCO,EQ,2023-11-09,488.05,488.8,488.8,483.15,483.8,484.45,485.14,"32,71,496","1,58,71,25,854.60","54,172","11,54,241",35.28
HINDALCO,EQ,2023-11-10,484.45,482.05,488.25,479.55,481.0,481.3,483.57,"34,98,064","1,69,15,46,706.45","47,824","11,72,318",33.51
HINDALCO,EQ,2023-11-12,481.3,485.0,486.0,480.65,482.45,482.45,483.01,"3,02,230","14,59,79,528.80","6,147","85,661",28.34
HINDALCO,EQ,2023-11-13,482.45,482.0,492.35,481.1,487.8,487.5,487.54,"49,18,873","2,39,81,32,355.10","60,886","20,24,195",41.15
HINDALCO,EQ,2023-11-15,487.5,497.0,513.5,494.2,505.65,505.4,507.0,"1,16,74,265","5,91,88,64,720.90","1,37,283","42,87,155",36.72
HINDALCO,EQ,2023-11-16,505.4,504.0,507.45,497.15,504.5,504.3,502.36,"41,71,759","2,09,57,21,568.50","71,380","12,06,410",28.92
HINDALCO,EQ,2023-11-17,504.3,503.05,506.45,496.85,498.3,497.75,500.55,"35,95,049","1,79,94,92,302.45","63,163","18,55,009",51.6
HINDALCO,EQ,2023-11-20,497.75,500.15,505.95,496.55,497.65,497.3,501.49,"43,05,637","2,15,92,41,156.05","60,472","21,12,778",49.07
HINDALCO,EQ,2023-11-21,497.3,502.8,510.95,501.9,506.55,506.85,507.84,"71,54,476","3,63,33,41,672.50","95,341","23,07,335",32.25
HINDALCO,EQ,2023-11-22,506.85,504.9,506.85,498.95,501.0,500.25,501.58,"43,37,970","2,17,58,33,126.25","51,043","22,66,199",52.24
HINDALCO,EQ,2023-11-23,500.25,499.0,503.0,491.65,501.6,501.95,497.32,"66,28,259","3,29,63,62,834.20","69,821","33,28,169",50.21
HINDALCO,EQ,2023-11-24,501.95,504.85,512.75,502.55,509.0,507.8,508.31,"59,73,059","3,03,61,59,473.75","78,912","27,03,971",45.27
HINDALCO,EQ,2023-11-28,507.8,511.75,518.25,509.8,516.0,515.6,515.73,"78,04,926","4,02,52,23,956.55","1,23,811","43,61,249",55.88
HINDALCO,EQ,2023-11-29,515.6,519.0,523.35,513.9,519.3,517.45,518.36,"62,75,280","3,25,28,45,729.30","64,068","32,06,589",51.1
HINDALCO,EQ,2023-11-30,517.45,519.3,519.75,511.35,516.0,515.65,515.42,"75,99,701","3,91,70,03,944.80","86,343","45,64,290",60.06
HINDALCO,EQ,2023-12-01,515.65,520.05,524.8,515.3,517.0,517.2,518.96,"49,33,886","2,56,05,00,708.60","60,140","27,02,593",54.78
HINDALCO,EQ,2023-12-04,517.2,524.05,526.65,516.55,519.25,519.25,521.45,"59,85,489","3,12,11,42,229.35","72,618","28,48,832",47.6
HINDALCO,EQ,2023-12-05,519.25,518.35,528.8,515.45,521.0,520.65,521.65,"63,99,021","3,33,80,26,226.50","78,747","27,72,625",43.33
HINDALCO,EQ,2023-12-06,520.65,521.0,526.95,515.6,523.0,523.0,520.77,"48,31,956","2,51,63,30,982.35","56,652","21,37,761",44.24
HINDALCO,EQ,2023-12-07,523.0,521.0,522.4,515.1,516.0,516.05,517.15,"46,28,885","2,39,38,50,263.25","68,711","27,81,712",60.09
HINDALCO,EQ,2023-12-08,516.05,519.5,525.05,514.0,520.15,520.35,520.4,"37,33,998","1,94,31,82,998.95","64,655","14,36,720",38.48
HINDALCO,EQ,2023-12-11,520.35,520.3,523.8,517.1,522.45,522.4,520.76,"25,97,347","1,35,25,87,697.75","60,765","10,31,979",39.73
HINDALCO,EQ,2023-12-12,522.4,525.0,538.5,522.15,528.45,527.45,531.6,"94,98,031","5,04,91,40,840.70","1,62,765","32,60,040",34.32
HINDALCO,EQ,2023-12-13,527.45,528.95,535.25,523.3,534.05,532.85,529.47,"40,00,017","2,11,78,84,083.35","58,790","17,86,714",44.67
HINDALCO,EQ,2023-12-14,532.85,540.0,545.95,537.25,541.0,543.1,541.44,"71,90,654","3,89,32,78,827.25","1,23,566","34,79,879",48.39
HINDALCO,EQ,2023-12-15,543.1,556.0,559.05,548.2,556.0,557.25,555.4,"81,91,005","4,54,92,49,282.65","1,01,074","35,16,837",42.94
HINDALCO,EQ,2023-12-18,557.25,557.0,567.4,551.5,566.0,566.4,562.28,"50,76,184","2,85,42,24,146.25","1,19,768","20,67,308",40.73
HINDALCO,EQ,2023-12-19,566.4,567.95,567.95,555.7,566.2,564.85,561.89,"44,84,733","2,51,99,47,101.65","86,919","23,69,740",52.84
HINDALCO,EQ,2023-12-20,564.85,569.5,570.9,546.25,548.05,548.2,561.16,"69,59,868","3,90,56,03,868.70","1,21,614","41,32,464",59.38
HINDALCO,EQ,2023-12-21,548.2,544.0,561.65,541.65,557.2,556.25,552.25,"45,91,119","2,53,54,60,508.90","83,439","18,44,203",40.17
HINDALCO,EQ,2023-12-22,556.25,559.4,572.0,559.0,569.0,570.45,567.36,"78,65,384","4,46,24,93,955.15","1,08,464","36,73,002",46.7
HINDALCO,EQ,2023-12-26,570.45,574.95,580.85,570.5,578.1,579.85,576.28,"46,49,730","2,67,95,23,170.50","95,503","20,87,405",44.89
HINDALCO,EQ,2023-12-27,579.85,582.0,607.65,580.3,604.5,605.6,598.29,"1,24,30,827","7,43,72,67,214.15","2,37,788","43,75,641",35.2
HINDALCO,EQ,2023-12-28,605.6,608.0,616.5,605.2,614.0,614.3,612.07,"71,39,743","4,37,00,13,725.00","1,20,758","24,25,481",33.97
HINDALCO,EQ,2023-12-29,614.3,614.3,618.0,608.1,614.25,614.85,612.61,"39,95,822","2,44,78,68,128.85","64,242","13,61,812",34.08
HINDALCO,EQ,2024-01-01,614.85,614.5,620.5,606.95,607.5,610.4,614.25,"29,61,919","1,81,93,53,183.30","62,980","12,70,789",42.9
HINDALCO,EQ,2024-01-02,610.4,610.4,620.0,607.4,617.0,617.0,614.57,"49,75,013","3,05,74,92,192.85","87,151","19,37,754",38.95
HINDALCO,EQ,2024-01-03,617.0,608.25,611.4,592.0,593.45,593.05,598.4,"72,26,455","4,32,42,80,689.35","1,36,312","33,37,981",46.19
HINDALCO,EQ,2024-01-04,593.05,594.0,595.85,587.65,590.0,590.5,590.9,"65,92,370","3,89,54,40,243.00","1,11,452","39,60,482",60.08
HINDALCO,EQ,2024-01-05,590.5,590.6,597.6,581.55,587.95,587.0,589.51,"29,90,123","1,76,27,11,318.00","61,339","10,75,475",35.97
HINDALCO,EQ,2024-01-08,587.0,587.0,592.5,576.45,577.4,577.65,580.93,"44,25,767","2,57,10,62,938.40","62,144","26,15,261",59.09
HINDALCO,EQ,2024-01-09,577.65,581.95,584.9,573.6,575.5,575.95,578.18,"53,14,029","3,07,24,70,994.85","1,11,696","36,81,956",69.29
HINDALCO,EQ,2024-01-10,575.95,576.0,582.0,570.65,580.0,580.05,575.8,"24,08,792","1,38,69,78,919.30","56,991","10,55,977",43.84
HINDALCO,EQ,2024-01-11,580.05,582.95,587.0,575.5,578.4,576.95,580.46,"38,99,383","2,26,34,49,077.50","73,392","19,11,098",49.01
HINDALCO,EQ,2024-01-12,576.95,581.0,585.5,575.75,582.0,582.05,581.88,"24,40,863","1,42,02,98,742.30","52,131","9,13,819",37.44
HINDALCO,EQ,2024-01-15,582.05,585.85,586.0,572.25,575.1,574.65,575.93,"37,78,987","2,17,64,28,651.20","89,086","21,09,205",55.81
HINDALCO,EQ,2024-01-16,574.65,575.95,584.85,569.45,579.5,579.55,578.83,"51,87,155","3,00,24,72,444.50","96,128","18,69,124",36.03
HINDALCO,EQ,2024-01-17,579.55,570.95,572.7,558.1,560.65,560.25,564.45,"61,48,035","3,47,02,70,334.25","1,53,059","29,84,297",48.54
HINDALCO,EQ,2024-01-18,560.25,560.25,561.35,547.8,555.4,554.9,554.48,"37,84,905","2,09,86,62,172.60","84,700","14,54,501",38.43
HINDALCO,EQ,2024-01-19,554.9,556.5,561.0,554.5,557.0,557.1,557.38,"44,51,789","2,48,13,25,083.90","1,31,783","28,73,827",64.55
HINDALCO,EQ,2024-01-20,557.1,561.0,566.75,558.35,560.4,561.05,562.23,"15,02,352","84,46,63,565.65","27,138","4,08,198",27.17
HINDALCO,EQ,2024-01-23,561.05,558.0,561.8,537.6,541.3,541.4,549.47,"78,67,972","4,32,32,45,387.00","1,14,459","51,70,986",65.72
HINDALCO,EQ,2024-01-24,541.4,550.0,566.8,547.0,566.75,565.15,562.12,"86,19,429","4,84,51,59,264.35","1,84,843","34,75,164",40.32
HINDALCO,EQ,2024-01-25,565.15,566.5,570.0,558.4,567.7,567.2,564.3,"53,66,990","3,02,85,77,164.75","88,536","26,34,910",49.09
HINDALCO,EQ,2024-01-29,567.2,568.0,571.95,562.0,569.2,567.9,567.21,"51,26,212","2,90,76,55,476.85","79,234","31,32,617",61.11
HINDALCO,EQ,2024-01-30,567.9,569.95,584.3,567.25,569.5,569.25,577.28,"79,68,815","4,60,02,32,130.80","91,995","39,13,362",49.11
HINDALCO,EQ,2024-01-31,569.25,569.2,580.6,568.25,579.45,579.35,576.46,"56,44,545","3,25,38,50,810.80","81,221","34,87,702",61.79
HINDALCO,EQ,2024-02-01,579.35,578.0,581.8,570.3,571.4,571.25,574.98,"35,09,803","2,01,80,52,441.45","1,04,452","18,26,864",52.05
HINDALCO,EQ,2024-02-02,571.25,577.0,589.0,573.1,584.0,583.5,579.91,"71,45,858","4,14,39,32,747.65","1,17,811","38,53,168",53.92
HINDALCO,EQ,2024-02-05,583.5,583.5,590.9,576.05,579.9,579.9,585.42,"48,01,118","2,81,06,84,893.35","73,622","19,64,941",40.93
HINDALCO,EQ,2024-02-06,579.9,578.6,587.75,569.25,585.75,584.9,576.37,"40,99,573","2,36,28,52,353.25","80,025","16,83,682",41.07
HINDALCO,EQ,2024-02-07,584.9,590.4,602.15,584.65,587.4,592.25,592.73,"94,15,146","5,58,06,31,103.25","1,34,429","40,24,552",42.75
HINDALCO,EQ,2024-02-08,592.25,592.0,608.95,587.85,602.5,601.3,602.49,"1,18,44,758","7,13,62,96,299.75","2,22,170","52,46,036",44.29
HINDALCO,EQ,2024-02-09,601.3,601.0,602.0,576.3,592.4,591.3,587.44,"51,05,348","2,99,90,92,455.45","1,18,623","17,88,597",35.03
HINDALCO,EQ,2024-02-12,591.3,591.9,601.8,579.75,583.9,582.45,589.32,"45,95,403","2,70,81,73,033.75","94,933","17,20,933",37.45
HINDALCO,EQ,2024-02-13,582.45,539.0,540.0,496.35,509.45,510.1,508.08,"4,61,00,123","23,42,23,70,482.60","5,65,677","1,82,06,710",39.49
HINDALCO,EQ,2024-02-14,510.1,515.0,516.9,503.15,508.4,507.8,508.33,"1,66,34,538","8,45,58,22,664.75","2,81,070","76,71,089",46.12
HINDALCO,EQ,2024-02-15,507.8,512.7,518.5,507.6,513.0,513.2,513.28,"1,33,03,658","6,82,85,50,995.50","2,21,700","72,13,883",54.22
HINDALCO,EQ,2024-02-16,513.2,519.95,519.95,510.95,514.95,515.7,515.09,"1,20,66,565","6,21,53,58,981.80","1,56,956","76,15,859",63.12
HINDALCO,EQ,2024-02-19,515.7,518.75,518.9,511.8,512.9,512.3,514.47,"55,80,597","2,87,10,33,613.90","74,441","27,91,125",50.01
HINDALCO,EQ,2024-02-20,512.3,512.6,515.9,507.15,512.0,511.6,511.3,"51,86,970","2,65,20,90,798.10","85,340","23,42,120",45.15
HINDALCO,EQ,2024-02-21,511.6,535.0,538.0,510.0,511.3,511.8,520.22,"1,81,06,978","9,41,96,21,351.50","2,26,967","67,87,464",37.49
HINDALCO,EQ,2024-02-22,511.8,516.3,522.15,514.25,521.3,521.15,518.7,"87,27,844","4,52,71,28,927.15","1,88,509","35,56,448",40.75
HINDALCO,EQ,2024-02-23,521.15,524.7,524.8,517.0,518.05,518.35,519.85,"64,45,580","3,35,07,42,898.10","1,19,577","34,20,545",53.07
HINDALCO,EQ,2024-02-26,518.35,519.4,519.75,504.0,505.55,505.05,507.85,"76,05,543","3,86,24,91,103.85","1,62,638","39,81,108",52.34
HINDALCO,EQ,2024-02-27,505.05,505.5,512.2,504.7,510.0,509.65,507.3,"67,41,206","3,41,98,06,406.20","1,30,959","42,61,515",63.22
HINDALCO,EQ,2024-02-28,509.65,512.5,514.45,501.75,502.55,504.4,507.63,"44,06,098","2,23,66,85,370.90","79,878","19,22,270",43.63
HINDALCO,EQ,2024-02-29,504.4,506.5,508.0,499.0,506.5,503.85,503.34,"1,68,60,796","8,48,67,92,228.65","1,36,976","1,17,71,123",69.81
HINDALCO,EQ,2024-03-01,503.85,510.0,522.5,510.0,518.9,519.1,517.22,"98,82,296","5,11,12,77,101.60","1,15,600","44,07,242",44.6
HINDALCO,EQ,2024-03-02,519.1,523.0,524.0,518.0,523.9,522.85,522.01,"6,23,929","32,56,98,695.95","9,182","3,85,343",61.76
HINDALCO,EQ,2024-03-04,522.85,524.0,529.85,520.05,525.2,524.95,525.83,"59,89,974","3,14,97,20,493.40","1,17,359","26,65,724",44.5
HINDALCO,EQ,2024-03-05,524.95,524.0,528.3,520.2,524.0,522.1,524.44,"57,29,926","3,00,50,22,196.75","89,862","35,56,296",62.07
HINDALCO,EQ,2024-03-06,522.1,522.05,527.9,513.95,527.2,526.95,521.76,"46,37,732","2,41,97,71,327.55","80,519","19,68,937",42.45
HINDALCO,EQ,2024-03-07,526.95,530.8,540.85,529.25,536.0,536.7,535.88,"79,09,060","4,23,83,02,113.35","1,49,612","37,79,015",47.78
HINDALCO,EQ,2024-03-11,536.7,540.0,543.25,532.1,533.1,533.7,537.35,"55,27,908","2,97,04,19,962.60","1,06,317","28,13,816",50.9
HINDALCO,EQ,2024-03-12,533.7,533.1,536.85,525.3,528.9,528.95,529.57,"37,03,670","1,96,13,38,607.50","71,433","18,52,455",50.02
HINDALCO,EQ,2024-03-13,528.95,529.35,530.0,501.2,506.7,507.0,511.78,"57,12,435","2,92,35,28,219.65","1,07,559","29,44,780",51.55
HINDALCO,EQ,2024-03-14,507.0,512.0,526.35,507.0,526.0,525.25,519.54,"1,03,49,338","5,37,68,68,798.05","1,90,916","58,67,971",56.7
HINDALCO,EQ,2024-03-15,525.25,522.0,534.05,517.5,531.35,532.55,527.57,"84,67,660","4,46,72,72,104.60","1,12,047","55,17,862",65.16
HINDALCO,EQ,2024-03-18,532.55,532.0,535.55,527.0,531.1,531.15,531.29,"42,82,437","2,27,52,30,476.10","86,231","24,19,037",56.49
HINDALCO,EQ,2024-03-19,531.15,532.0,539.75,529.25,532.35,533.65,534.51,"71,19,131","3,80,52,42,855.50","1,09,737","37,04,713",52.04
HINDALCO,EQ,2024-03-20,533.65,533.0,535.5,516.35,526.45,527.85,524.14,"50,05,234","2,62,34,40,715.95","86,723","19,60,119",39.16
HINDALCO,EQ,2024-03-21,527.85,538.4,545.75,534.25,539.65,539.7,540.52,"87,95,679","4,75,42,29,157.30","1,24,066","41,51,430",47.2
HINDALCO,EQ,2024-03-22,539.7,539.7,550.65,537.35,546.2,547.75,545.6,"55,18,261","3,01,07,77,482.30","97,129","31,26,401",56.66
HINDALCO,EQ,2024-03-26,547.75,545.65,561.0,545.0,559.9,558.65,555.74,"71,98,061","4,00,02,47,300.70","91,412","42,32,460",58.8
HINDALCO,EQ,2024-03-27,558.65,564.2,564.65,556.8,558.45,557.65,559.83,"53,20,703","2,97,87,06,633.30","1,18,249","35,67,300",67.05
HINDALCO,EQ,2024-03-28,557.65,561.0,566.65,555.3,561.85,560.25,559.62,"83,26,754","4,65,98,47,096.80","1,20,721","44,02,168",52.87
HINDALCO,EQ,2024-04-01,560.25,570.0,574.0,564.1,568.45,568.6,568.53,"61,92,790","3,52,08,17,309.90","67,150","34,44,694",55.62
HINDALCO,EQ,2024-04-02,568.6,571.0,572.3,561.55,570.0,571.2,567.81,"46,26,877","2,62,71,73,423.70","79,039","26,39,604",57.05
HINDALCO,EQ,2024-04-03,571.2,570.2,584.1,567.15,577.45,576.6,578.79,"75,14,291","4,34,92,30,266.50","91,097","35,02,199",46.61
HINDALCO,EQ,2024-04-04,576.6,590.0,590.0,568.95,578.0,577.75,579.67,"72,46,259","4,20,04,12,936.55","1,45,604","21,53,850",29.72
HINDALCO,EQ,2024-04-05,577.75,572.5,575.0,567.6,569.8,570.05,570.45,"48,84,617","2,78,64,20,909.45","60,019","26,36,258",53.97
HINDALCO,EQ,2024-04-08,570.05,572.0,579.7,570.5,576.75,576.8,576.16,"32,76,169","1,88,76,12,787.00","65,009","17,02,140",51.96
HINDALCO,EQ,2024-04-09,576.8,578.1,595.45,574.0,588.6,588.6,588.77,"78,29,711","4,60,99,20,936.85","1,10,479","28,53,479",36.44
HINDALCO,EQ,2024-04-10,588.6,596.2,604.9,591.05,601.9,603.05,599.64,"1,17,48,104","7,04,45,98,328.30","1,65,255","59,07,845",50.29
HINDALCO,EQ,2024-04-12,603.05,609.05,609.05,595.3,595.95,598.65,600.31,"1,59,94,496","9,60,16,61,961.20","1,57,210","1,10,57,199",69.13
HINDALCO,EQ,2024-04-15,598.65,615.0,625.4,605.7,613.0,612.7,615.81,"2,70,67,692","16,66,84,24,290.15","3,58,931","1,18,27,914",43.7
HINDALCO,EQ,2024-04-16,612.7,612.7,621.4,606.8,610.5,608.85,613.34,"1,07,22,248","6,57,64,06,896.95","2,57,184","49,58,805",46.25
HINDALCO,EQ,2024-04-18,608.85,616.4,625.0,609.8,616.15,612.8,618.52,"99,53,539","6,15,64,59,271.10","2,17,558","44,70,823",44.92
HINDALCO,EQ,2024-04-19,612.8,609.0,616.3,600.7,613.95,614.75,610.49,"64,43,897","3,93,39,43,809.35","1,16,265","32,12,821",49.86
HINDALCO,EQ,2024-04-22,614.75,620.65,622.45,612.7,617.85,618.55,618.39,"65,03,652","4,02,18,02,338.00","1,39,012","36,97,134",56.85
HINDALCO,EQ,2024-04-23,618.55,618.5,618.75,610.4,612.0,611.8,613.81,"61,54,126","3,77,74,87,221.45","1,26,141","33,31,539",54.14
HINDALCO,EQ,2024-04-24,611.8,611.8,637.65,608.7,636.0,636.1,626.77,"1,17,75,700","7,38,06,83,032.15","1,66,200","51,20,821",43.49
HINDALCO,EQ,2024-04-25,636.1,635.7,648.25,628.1,644.2,646.8,638.66,"1,18,97,458","7,59,84,76,275.85","1,77,271","48,11,293",40.44
HINDALCO,EQ,2024-04-26,646.8,650.95,661.6,643.0,648.8,649.3,652.1,"75,45,608","4,92,04,68,854.60","1,43,374","29,90,141",39.63
HINDALCO,EQ,2024-04-29,649.3,654.95,655.4,641.2,649.5,650.05,647.6,"41,57,501","2,69,24,00,945.60","82,005","19,07,456",45.88
HINDALCO,EQ,2024-04-30,650.05,653.6,653.7,642.3,644.0,644.4,646.65,"47,71,959","3,08,57,69,904.70","77,737","27,98,696",58.65
HINDALCO,EQ,2024-05-02,644.4,635.9,646.9,628.65,644.0,641.45,637.2,"1,79,29,526","11,42,47,31,574.70","2,40,974","1,10,86,829",61.84
HINDALCO,EQ,2024-05-03,641.45,655.05,655.05,638.4,646.1,647.1,646.8,"1,06,33,995","6,87,80,39,010.90","1,59,113","57,75,874",54.32
HINDALCO,EQ,2024-05-06,647.1,650.0,655.0,629.3,639.0,638.8,637.03,"1,00,94,421","6,43,04,04,720.50","1,40,085","57,53,976",57.0
HINDALCO,EQ,2024-05-07,638.8,646.9,646.9,611.75,620.55,620.2,625.18,"1,07,87,196","6,74,39,34,994.75","1,78,252","49,19,842",45.61
HINDALCO,EQ,2024-05-08,620.2,615.1,634.45,615.1,633.9,633.5,627.11,"76,83,352","4,81,82,89,201.10","1,34,737","37,74,271",49.12
HINDALCO,EQ,2024-05-09,633.5,634.0,637.75,615.0,619.3,619.4,625.15,"65,88,118","4,11,85,85,376.70","1,51,281","33,03,061",50.14
HINDALCO,EQ,2024-05-10,619.4,620.1,629.55,618.0,625.0,625.6,625.0,"43,64,788","2,72,80,04,025.95","87,384","21,50,768",49.28
HINDALCO,EQ,2024-05-13,625.6,625.1,636.15,614.3,634.45,633.5,627.25,"35,82,386","2,24,70,42,553.65","94,828","14,17,641",39.57
HINDALCO,EQ,2024-05-14,633.5,644.35,649.5,638.2,646.15,646.65,645.55,"83,39,846","5,38,37,92,688.10","1,52,328","36,72,872",44.04
HINDALCO,EQ,2024-05-15,646.65,653.0,659.0,648.7,653.1,653.7,654.26,"67,64,257","4,42,55,49,334.35","1,36,876","36,26,362",53.61
HINDALCO,EQ,2024-05-16,653.7,660.0,666.0,643.25,652.3,653.35,653.12,"87,81,056","5,73,51,03,486.10","3,04,102","38,16,956",43.47
HINDALCO,EQ,2024-05-17,653.35,653.0,658.8,650.4,655.65,655.45,654.76,"50,26,205","3,29,09,82,680.05","83,215","29,39,087",58.48
HINDALCO,EQ,2024-05-18,655.45,662.0,662.9,657.5,659.8,660.35,660.57,"4,67,849","30,90,45,601.45","8,839","1,98,271",42.38
HINDALCO,EQ,2024-05-21,660.35,666.3,695.4,663.2,692.0,693.6,682.26,"1,59,76,672","10,90,02,83,844.00","2,74,776","82,94,256",51.91
HINDALCO,EQ,2024-05-22,693.6,698.55,698.7,677.4,685.5,684.55,684.63,"80,04,434","5,48,00,99,005.05","1,24,256","42,97,394",53.69
HINDALCO,EQ,2024-05-23,684.55,675.15,678.55,665.95,676.0,676.8,671.16,"97,49,101","6,54,32,02,530.20","1,46,543","49,35,741",50.63
HINDALCO,EQ,2024-05-24,676.8,679.25,690.45,671.05,678.8,673.25,681.43,"1,59,30,052","10,85,51,95,490.10","2,09,495","49,09,708",30.82
HINDALCO,EQ,2024-05-27,673.25,685.05,689.5,675.5,678.5,677.85,680.15,"1,04,75,785","7,12,50,87,082.80","1,21,638","55,28,726",52.78
HINDALCO,EQ,2024-05-28,677.85,682.0,698.0,678.35,680.0,681.3,687.68,"1,29,25,385","8,88,85,20,089.50","1,73,143","47,21,317",36.53
HINDALCO,EQ,2024-05-29,681.3,695.0,713.5,682.3,705.3,705.3,700.43,"2,26,84,652","15,88,90,36,885.80","3,33,160","65,51,140",28.88
HINDALCO,EQ,2024-05-30,705.3,704.85,713.05,693.35,697.75,695.15,702.49,"1,03,61,716","7,27,89,53,160.70","2,21,269","50,12,856",48.38
HINDALCO,EQ,2024-05-31,695.15,698.9,703.45,684.35,686.0,689.35,691.88,"1,36,20,282","9,42,35,52,786.35","1,78,074","81,54,697",59.87
HINDALCO,EQ,2024-06-03,689.35,715.0,715.25,692.8,696.5,695.95,699.07,"70,81,956","4,95,07,77,134.80","1,06,973","40,48,519",57.17
HINDALCO,EQ,2024-06-04,695.95,697.0,697.0,594.25,644.0,649.05,648.75,"2,42,50,212","15,73,23,54,615.85","3,46,230","1,28,16,579",52.85
HINDALCO,EQ,2024-06-05,649.05,627.0,700.65,607.0,691.0,695.25,651.2,"2,58,36,374","16,82,47,48,964.70","3,05,586","1,54,18,513",59.68
HINDALCO,EQ,2024-06-06,695.25,695.0,695.0,673.0,678.75,677.5,681.35,"1,04,20,244","7,09,98,61,309.30","2,66,477","40,85,949",39.21
HINDALCO,EQ,2024-06-07,677.5,677.5,687.0,672.45,680.2,680.35,680.55,"71,72,942","4,88,15,72,985.55","1,92,690","42,34,380",59.03
HINDALCO,EQ,2024-06-10,680.35,677.05,684.85,673.05,676.75,676.4,678.16,"40,54,802","2,74,98,21,852.45","91,656","17,85,447",44.03
HINDALCO,EQ,2024-06-11,676.4,680.0,681.25,672.05,674.0,672.95,675.74,"51,57,918","3,48,53,90,120.40","1,92,491","30,16,290",58.48
HINDALCO,EQ,2024-06-12,672.95,674.0,683.0,671.85,673.8,673.9,676.73,"1,07,83,822","7,29,77,18,551.30","1,60,689","73,99,189",68.61
HINDALCO,EQ,2024-06-13,673.9,678.0,684.65,676.05,679.0,680.7,681.0,"95,55,904","6,50,75,26,537.35","1,11,000","61,22,924",64.07
HINDALCO,EQ,2024-06-14,680.7,690.0,690.0,677.4,682.1,683.6,682.75,"83,26,865","5,68,51,36,178.55","93,887","46,60,430",55.97
HINDALCO,EQ,2024-06-18,683.6,683.6,688.0,677.0,678.0,678.75,682.51,"40,13,739","2,73,94,26,865.75","88,600","24,76,247",61.69
HINDALCO,EQ,2024-06-19,678.75,680.05,682.0,660.4,664.35,662.4,667.48,"47,70,356","3,18,41,02,732.70","96,740","22,86,107",47.92
HINDALCO,EQ,2024-06-20,662.4,665.0,684.35,661.75,677.9,676.5,676.29,"66,46,966","4,49,52,83,978.50","1,24,874","21,78,278",32.77
HINDALCO,EQ,2024-06-21,676.5,680.0,691.2,677.0,684.0,684.5,685.5,"1,19,73,903","8,20,81,20,859.35","1,37,461","67,52,973",56.4
HINDALCO,EQ,2024-06-24,684.5,679.6,687.7,675.1,685.0,685.25,684.27,"80,14,595","5,48,41,85,180.75","94,954","53,02,860",66.17
HINDALCO,EQ,2024-06-25,685.25,688.8,696.0,680.9,685.0,685.5,688.12,"57,78,636","3,97,63,87,134.90","1,03,615","26,99,196",46.71
HINDALCO,EQ,2024-06-26,685.5,683.55,683.55,671.35,674.8,674.7,674.32,"60,69,407","4,09,27,38,394.35","1,16,694","31,10,396",51.25
HINDALCO,EQ,2024-06-27,674.7,678.0,687.7,672.1,684.0,685.25,679.53,"71,35,387","4,84,86,95,225.80","1,50,748","34,91,290",48.93
HINDALCO,EQ,2024-06-28,685.25,690.25,697.5,686.0,691.95,693.55,692.52,"61,01,211","4,22,51,87,926.65","88,591","34,74,244",56.94
HINDALCO,EQ,2024-07-01,693.55,699.0,701.85,688.4,691.05,689.85,693.41,"48,70,114","3,37,70,06,653.50","77,517","27,59,741",56.67
HINDALCO,EQ,2024-07-02,689.85,689.9,703.3,688.4,696.0,694.75,696.7,"54,82,768","3,81,98,35,603.55","99,956","26,97,460",49.2
HINDALCO,EQ,2024-07-03,694.75,698.9,703.0,683.4,692.0,691.65,690.46,"58,75,690","4,05,69,41,421.75","77,367","30,04,555",51.14
HINDALCO,EQ,2024-07-04,691.65,697.7,705.75,690.55,693.5,691.85,698.69,"59,24,057","4,13,90,66,341.20","1,00,928","26,61,161",44.92
HINDALCO,EQ,2024-07-05,691.85,694.0,702.5,693.5,698.3,699.15,699.05,"51,74,673","3,61,73,44,266.70","85,128","27,81,239",53.75
HINDALCO,EQ,2024-07-08,699.15,703.65,705.9,691.65,697.6,697.2,698.2,"26,36,146","1,84,05,67,241.75","48,951","12,09,550",45.88
HINDALCO,EQ,2024-07-09,697.2,702.0,710.65,695.55,710.15,707.0,702.46,"55,07,357","3,86,87,24,470.50","83,152","35,17,792",63.87
HINDALCO,EQ,2024-07-10,707.0,708.0,712.1,685.3,692.05,693.3,695.06,"53,27,276","3,70,27,95,207.80","1,01,634","25,92,570",48.67
HINDALCO,EQ,2024-07-11,693.3,702.0,702.0,692.0,695.05,696.3,696.7,"68,56,272","4,77,67,67,146.55","1,03,980","39,76,698",58.0
HINDALCO,EQ,2024-07-12,696.3,697.5,702.45,686.1,690.5,692.05,693.66,"38,39,953","2,66,36,27,341.90","85,127","17,81,879",46.4
HINDALCO,EQ,2024-07-15,692.05,692.05,701.6,688.45,700.3,700.1,697.84,"28,48,268","1,98,76,25,691.00","54,291","15,25,808",53.57
HINDALCO,EQ,2024-07-16,700.1,700.3,703.15,689.0,690.75,690.8,695.17,"45,70,179","3,17,70,65,198.40","87,987","30,64,413",67.05
HINDALCO,EQ,2024-07-18,690.8,686.0,695.85,684.1,690.0,689.95,690.76,"78,41,505","5,41,66,27,303.90","1,52,276","48,39,454",61.72
HINDALCO,EQ,2024-07-19,689.95,683.9,685.7,658.65,663.0,663.0,667.09,"62,07,375","4,14,08,48,702.65","1,25,623","28,15,944",45.36
HINDALCO,EQ,2024-07-22,663.0,655.0,675.0,650.85,672.5,672.3,668.22,"32,91,634","2,19,95,23,073.65","79,738","18,13,933",55.11
HINDALCO,EQ,2024-07-23,672.3,672.3,673.2,638.7,652.35,653.5,654.8,"96,02,846","6,28,79,66,308.35","1,36,836","53,01,200",55.2
HINDALCO,EQ,2024-07-24,653.5,653.0,656.65,645.0,651.8,651.6,651.39,"26,10,134","1,70,02,14,583.85","68,254","10,88,488",41.7
HINDALCO,EQ,2024-07-25,651.6,641.95,649.0,633.3,647.8,646.55,641.7,"61,71,776","3,96,04,13,079.55","1,10,770","25,19,567",40.82
HINDALCO,EQ,2024-07-26,646.55,660.0,668.5,655.0,667.05,667.6,663.25,"47,30,539","3,13,75,44,553.65","78,741","23,71,991",50.14
HINDALCO,EQ,2024-07-29,667.6,676.75,676.75,665.0,666.0,666.85,670.37,"60,32,470","4,04,39,63,636.45","97,355","39,05,818",64.75
HINDALCO,EQ,2024-07-30,666.85,665.0,665.0,654.6,660.9,660.5,658.54,"67,14,850","4,42,19,71,586.60","92,599","34,90,020",51.97
HINDALCO,EQ,2024-07-31,660.5,667.0,674.0,664.25,672.0,669.6,668.83,"85,51,592","5,71,95,48,888.60","1,02,916","48,79,532",57.06
HINDALCO,EQ,2024-08-01,669.6,680.0,690.9,667.35,672.25,673.5,677.34,"88,31,127","5,98,16,90,877.25","1,48,924","41,10,291",46.54
HINDALCO,EQ,2024-08-02,673.5,659.8,665.6,646.55,647.3,648.05,655.17,"67,17,210","4,40,09,01,374.15","1,66,764","37,08,221",55.2
HINDALCO,EQ,2024-08-05,648.05,628.05,633.85,609.25,614.0,614.3,619.24,"1,34,51,475","8,32,97,27,502.15","2,29,532","77,29,748",57.46
HINDALCO,EQ,2024-08-06,614.3,625.0,629.0,608.0,614.0,610.3,617.81,"70,63,441","4,36,38,80,364.15","1,40,750","30,63,790",43.38
HINDALCO,EQ,2024-08-07,610.3,625.0,629.45,616.75,628.7,623.7,622.85,"48,39,670","3,01,44,12,551.60","94,482","22,32,216",46.12
HINDALCO,EQ,2024-08-08,623.7,625.0,631.0,613.0,615.0,614.05,617.79,"53,96,272","3,33,37,54,161.10","1,75,177","26,84,513",49.75
HINDALCO,EQ,2024-08-09,614.05,622.0,626.5,614.8,622.75,622.9,621.14,"36,29,264","2,25,42,81,874.15","80,471","17,88,080",49.27
HINDALCO,EQ,2024-08-12,622.9,619.0,634.4,616.5,630.0,629.35,628.3,"35,86,449","2,25,33,83,511.70","72,980","11,90,775",33.2
HINDALCO,EQ,2024-08-13,629.35,634.4,634.4,619.2,620.9,621.4,625.45,"67,93,767","4,24,91,80,418.45","1,22,385","19,96,410",29.39
HINDALCO,EQ,2024-08-14,621.4,626.85,633.95,611.6,623.15,621.45,623.8,"86,46,288","5,39,35,34,837.60","1,57,198","27,85,737",32.22
HINDALCO,EQ,2024-08-16,621.45,633.95,642.0,630.2,633.7,634.15,634.71,"65,66,337","4,16,77,00,414.65","1,10,970","33,32,451",50.75
HINDALCO,EQ,2024-08-19,634.15,636.5,660.3,636.5,659.5,658.85,653.14,"95,10,274","6,21,15,42,804.55","1,58,981","43,95,885",46.22
HINDALCO,EQ,2024-08-20,658.85,663.0,674.3,661.05,672.0,672.9,668.46,"1,02,95,836","6,88,23,87,263.60","1,48,881","66,39,886",64.49
HINDALCO,EQ,2024-08-21,672.9,668.9,696.6,667.8,686.1,685.6,684.82,"78,15,238","5,35,19,96,876.65","1,34,809","29,78,761",38.11
HINDALCO,EQ,2024-08-22,685.6,691.5,692.0,677.2,686.1,685.55,684.17,"61,88,728","4,23,41,14,888.25","1,31,034","32,81,616",53.03
HINDALCO,EQ,2024-08-23,685.55,690.05,694.7,677.8,685.0,685.1,687.78,"77,74,920","5,34,74,53,684.60","1,19,229","41,20,703",53.0
HINDALCO,EQ,2024-08-26,685.1,694.4,712.9,689.5,712.2,711.85,704.13,"1,15,17,668","8,10,99,26,712.60","1,64,859","48,81,416",42.38
HINDALCO,EQ,2024-08-27,711.85,711.9,712.95,702.75,704.45,703.5,707.87,"64,65,241","4,57,65,58,463.30","1,28,527","37,47,632",57.97
HINDALCO,EQ,2024-08-28,703.5,706.0,710.7,701.15,705.4,705.05,706.16,"35,99,946","2,54,21,25,097.65","91,897","19,69,592",54.71
HINDALCO,EQ,2024-08-29,705.05,697.65,702.35,691.4,700.0,700.5,697.16,"57,28,640","3,99,38,00,503.90","1,25,215","24,66,061",43.05
HINDALCO,EQ,2024-08-30,700.5,699.0,708.5,695.1,700.3,701.35,701.0,"74,04,373","5,19,04,95,382.75","78,821","47,29,521",63.87
HINDALCO,EQ,2024-09-02,701.35,706.7,706.7,683.2,683.5,683.9,688.16,"61,86,645","4,25,74,13,514.80","1,16,028","35,17,591",56.86
HINDALCO,EQ,2024-09-03,683.9,687.65,692.7,677.55,679.05,678.9,682.66,"44,57,291","3,04,28,05,667.55","72,659","23,18,827",52.02
HINDALCO,EQ,2024-09-04,678.9,666.65,673.8,661.25,666.0,666.8,666.44,"58,16,848","3,87,65,96,708.25","92,031","30,79,590",52.94
HINDALCO,EQ,2024-09-05,666.8,670.0,672.4,667.25,669.3,669.95,669.62,"37,49,608","2,51,08,09,601.45","73,305","17,31,254",46.17
HINDALCO,EQ,2024-09-06,669.95,668.25,677.0,665.45,667.35,667.1,669.56,"63,11,131","4,22,56,57,716.00","1,13,305","35,19,100",55.76
HINDALCO,EQ,2024-09-09,667.1,664.0,664.0,651.0,660.0,658.55,655.11,"51,44,488","3,37,01,97,233.85","98,855","27,40,501",53.27
HINDALCO,EQ,2024-09-10,658.55,664.9,666.8,653.7,660.5,659.5,659.6,"33,04,741","2,17,98,10,979.45","91,758","16,89,209",51.11
HINDALCO,EQ,2024-09-11,659.5,658.6,658.6,645.4,649.55,647.7,649.73,"38,25,823","2,48,57,44,768.80","94,463","18,43,217",48.18
HINDALCO,EQ,2024-09-12,647.7,658.0,677.9,651.5,674.6,676.2,666.05,"85,94,764","5,72,45,27,069.95","1,50,981","29,43,190",34.24
HINDALCO,EQ,2024-09-13,676.2,686.0,686.4,670.6,673.8,673.25,678.82,"59,77,861","4,05,78,77,340.90","97,855","25,71,016",43.01
HINDALCO,EQ,2024-09-16,673.25,680.1,687.55,676.55,684.5,685.15,682.61,"42,58,546","2,90,69,07,435.65","78,705","14,52,152",34.1
HINDALCO,EQ,2024-09-17,685.15,689.0,692.0,681.1,682.05,683.0,686.3,"33,95,470","2,33,03,26,343.25","59,512","14,14,540",41.66
HINDALCO,EQ,2024-09-18,683.0,685.0,687.95,673.35,683.3,685.25,680.36,"34,04,940","2,31,65,94,845.25","70,292","14,08,170",41.36
HINDALCO,EQ,2024-09-19,685.25,690.0,690.85,668.2,687.3,684.2,681.12,"51,34,590","3,49,72,97,089.75","1,18,252","24,23,431",47.2
HINDALCO,EQ,2024-09-20,684.2,692.1,698.8,688.75,694.8,694.4,695.0,"97,53,966","6,77,90,15,320.60","1,08,048","56,53,837",57.96
HINDALCO,EQ,2024-09-23,694.4,695.5,698.0,687.95,688.05,690.55,691.38,"28,08,114","1,94,14,61,865.90","64,697","14,13,962",50.35
HINDALCO,EQ,2024-09-24,690.55,697.6,719.7,693.0,719.0,717.85,708.41,"1,52,01,960","10,76,91,54,273.00","2,94,517","70,66,693",46.49
HINDALCO,EQ,2024-09-25,717.85,725.0,730.9,715.55,717.3,718.45,721.79,"95,25,319","6,87,53,00,121.45","1,94,289","35,30,465",37.06
HINDALCO,EQ,2024-09-26,718.45,718.45,736.15,710.7,735.0,734.65,729.73,"1,05,73,166","7,71,55,15,269.40","1,86,013","49,21,458",46.55
HINDALCO,EQ,2024-09-27,734.65,746.95,757.7,742.1,744.65,747.15,750.75,"1,29,36,973","9,71,23,87,437.40","2,73,143","60,90,901",47.08
HINDALCO,EQ,2024-09-30,747.15,750.0,764.45,749.45,755.0,756.2,758.59,"85,66,640","6,49,86,07,220.75","1,26,928","39,19,019",45.75
HINDALCO,EQ,2024-10-01,756.2,755.0,765.5,745.2,760.0,761.55,757.41,"44,02,151","3,33,42,20,023.55","85,623","15,17,750",34.48
HINDALCO,EQ,2024-10-03,761.55,750.0,772.65,744.7,745.7,747.1,753.55,"56,49,089","4,25,68,66,514.85","1,33,356","23,75,591",42.05
HINDALCO,EQ,2024-10-04,747.1,742.65,757.55,740.05,747.05,747.9,748.52,"46,24,509","3,46,15,23,365.20","1,05,560","22,32,760",48.28
HINDALCO,EQ,2024-10-07,747.9,753.0,753.0,722.5,732.0,731.3,731.52,"58,62,059","4,28,82,25,051.55","1,14,049","31,07,840",53.02
HINDALCO,EQ,2024-10-08,731.3,723.5,732.0,708.0,722.0,721.8,720.03,"54,18,558","3,90,15,47,071.35","1,29,434","21,49,415",39.67
HINDALCO,EQ,2024-10-09,721.8,710.0,735.75,710.0,729.0,727.55,726.42,"37,33,320","2,71,19,64,585.45","86,718","13,84,160",37.08
HINDALCO,EQ,2024-10-10,727.55,731.9,738.2,726.3,730.05,730.15,730.98,"38,90,250","2,84,37,04,113.75","98,751","19,09,771",49.09
HINDALCO,EQ,2024-10-11,730.15,736.0,749.95,733.05,746.7,747.35,744.92,"52,24,383","3,89,17,36,236.75","1,14,696","15,97,880",30.59
HINDALCO,EQ,2024-10-14,747.35,746.0,755.0,739.45,742.8,743.0,745.84,"25,40,789","1,89,50,13,161.90","61,613","9,00,185",35.43
HINDALCO,EQ,2024-10-15,743.0,746.0,750.0,720.65,726.75,726.95,729.78,"30,56,619","2,23,06,62,179.45","86,453","14,94,954",48.91
HINDALCO,EQ,2024-10-16,726.95,728.5,738.9,726.05,731.55,733.1,733.88,"32,07,796","2,35,41,32,233.25","65,595","12,95,793",40.4
HINDALCO,EQ,2024-10-17,733.1,741.1,747.3,732.35,733.2,734.8,738.32,"62,13,860","4,58,78,18,152.00","1,00,458","29,89,859",48.12
HINDALCO,EQ,2024-10-18,734.8,734.8,756.45,725.05,753.2,753.5,746.81,"54,74,367","4,08,82,97,164.90","1,18,199","26,40,705",48.24
HINDALCO,EQ,2024-10-21,753.5,760.0,765.45,737.0,737.7,739.6,746.02,"29,81,749","2,22,44,49,417.70","1,26,380","10,53,531",35.33
HINDALCO,EQ,2024-10-22,739.6,733.0,745.8,718.3,721.0,720.25,730.83,"56,72,302","4,14,54,60,588.35","1,01,215","30,68,964",54.1
HINDALCO,EQ,2024-10-23,720.25,716.0,731.15,713.3,718.35,717.1,723.22,"65,22,834","4,71,74,28,417.40","98,235","37,28,517",57.16
HINDALCO,EQ,2024-10-24,717.1,715.0,715.0,666.75,690.5,690.7,682.93,"1,49,09,729","10,18,22,90,322.70","2,60,352","51,10,556",34.28
HINDALCO,EQ,2024-10-25,690.7,694.5,694.9,668.45,678.5,678.75,677.52,"40,91,651","2,77,21,57,613.40","1,45,098","15,98,801",39.07
HINDALCO,EQ,2024-10-28,678.75,681.0,697.0,680.8,691.5,692.9,692.37,"25,87,719","1,79,16,58,273.35","67,444","10,23,297",39.54
HINDALCO,EQ,2024-10-29,692.9,692.9,696.2,676.45,694.8,693.6,685.59,"42,93,867","2,94,38,18,710.70","1,31,544","22,28,675",51.9
HINDALCO,EQ,2024-10-30,693.6,690.95,698.8,685.4,689.4,688.4,692.98,"32,84,187","2,27,58,68,774.40","54,618","17,79,973",54.2
HINDALCO,EQ,2024-10-31,688.4,686.85,689.55,679.25,684.1,686.05,684.02,"44,78,581","3,06,34,49,219.65","1,03,475","23,31,642",52.06
HINDALCO,EQ,2024-11-01,686.05,687.5,693.9,687.2,691.9,690.9,690.84,"4,72,898","32,66,96,397.60","12,986","2,12,722",44.98
HINDALCO,EQ,2024-11-04,690.9,689.0,689.9,661.6,674.0,674.3,671.99,"52,45,661","3,52,50,15,945.65","1,23,483","27,28,835",52.02
HINDALCO,EQ,2024-11-05,674.3,675.6,701.45,674.8,698.0,697.55,691.0,"49,31,994","3,40,79,95,944.15","1,25,134","13,82,826",28.04
HINDALCO,EQ,2024-11-06,697.55,706.0,714.25,687.85,707.35,708.2,702.49,"55,00,043","3,86,37,08,546.55","1,21,019","18,17,949",33.05
HINDALCO,EQ,2024-11-07,708.2,682.0,687.7,646.3,648.6,648.1,656.66,"2,66,71,445","17,51,41,47,130.05","4,73,587","1,08,78,823",40.79
HINDALCO,EQ,2024-11-08,648.1,654.75,660.45,647.0,648.9,650.45,654.92,"78,86,228","5,16,48,23,666.20","1,42,354","24,64,566",31.25
HINDALCO,EQ,2024-11-11,650.45,647.45,657.6,638.7,655.05,655.35,650.0,"49,33,389","3,20,66,99,867.35","96,982","18,37,542",37.25
HINDALCO,EQ,2024-11-12,655.35,668.0,673.5,648.15,649.45,651.65,659.44,"1,20,09,560","7,91,96,23,452.40","1,76,422","31,51,989",26.25
HINDALCO,EQ,2024-11-13,651.65,648.0,649.9,622.55,629.5,626.6,630.91,"78,67,492","4,96,37,01,280.80","1,95,464","30,12,053",38.28
HINDALCO,EQ,2024-11-14,626.6,630.0,636.45,625.15,628.0,627.35,630.54,"69,37,416","4,37,43,36,239.50","2,00,392","35,05,824",50.54
HINDALCO,EQ,2024-11-18,627.35,641.9,663.1,639.9,651.1,651.05,653.75,"1,36,18,683","8,90,31,59,144.15","1,88,721","41,43,055",30.42
HINDALCO,EQ,2024-11-19,651.05,651.1,655.55,637.65,638.0,640.0,646.94,"50,15,887","3,24,49,67,679.95","1,09,621","18,96,096",37.8
HINDALCO,EQ,2024-11-21,640.0,641.0,653.9,634.3,647.65,648.05,646.62,"79,10,597","5,11,51,59,915.55","1,40,642","40,10,189",50.69
HINDALCO,EQ,2024-11-22,648.05,652.95,657.3,647.4,652.0,652.1,652.6,"35,86,402","2,34,04,99,346.60","66,480","16,62,418",46.35
HINDALCO,EQ,2024-11-25,652.1,660.1,663.0,654.45,660.05,659.85,659.12,"57,60,810","3,79,70,90,893.40","99,158","35,89,070",62.3
HINDALCO,EQ,2024-11-26,659.85,662.9,670.25,659.25,664.5,666.1,666.45,"36,04,133","2,40,19,67,070.20","77,545","13,65,692",37.89
HINDALCO,EQ,2024-11-27,666.1,667.2,669.8,660.15,661.3,661.1,664.08,"29,10,507","1,93,28,23,970.15","67,773","15,86,223",54.5
HINDALCO,EQ,2024-11-28,661.1,661.0,663.15,647.6,651.95,650.25,655.36,"46,86,850","3,07,15,90,646.50","1,37,584","26,71,390",57.0
HINDALCO,EQ,2024-11-29,650.25,652.5,658.6,649.1,657.0,656.2,654.22,"34,12,007","2,23,22,19,567.35","59,119","19,38,466",56.81
HINDALCO,EQ,2024-12-02,656.2,656.2,663.4,653.05,662.7,662.6,660.76,"21,74,126","1,43,65,78,162.90","49,068","11,32,948",52.11
HINDALCO,EQ,2024-12-03,662.6,665.4,669.6,657.0,666.5,667.55,663.43,"33,06,465","2,19,36,24,280.80","67,073","17,04,449",51.55
HINDALCO,EQ,2024-12-04,667.55,667.55,671.25,659.65,662.4,663.05,664.5,"27,85,457","1,85,09,28,307.25","49,725","13,92,899",50.01
HINDALCO,EQ,2024-12-05,663.05,664.0,673.95,658.7,670.3,670.85,667.98,"51,56,111","3,44,41,55,766.15","1,35,948","26,58,384",51.56
HINDALCO,EQ,2024-12-06,670.85,673.45,676.5,667.25,670.0,670.15,671.57,"27,23,680","1,82,91,37,874.25","53,529","12,76,743",46.88
HINDALCO,EQ,2024-12-09,670.15,666.95,672.5,654.25,670.3,670.9,664.02,"50,79,369","3,37,28,11,263.75","1,17,944","21,39,224",42.12
HINDALCO,EQ,2024-12-10,670.9,675.0,676.0,664.7,669.8,668.9,669.04,"39,50,822","2,64,32,43,105.05","75,840","22,76,967",57.63
HINDALCO,EQ,2024-12-11,668.9,671.0,679.8,668.05,670.0,670.5,674.01,"34,18,716","2,30,42,38,949.10","75,076","13,53,860",39.6
HINDALCO,EQ,2024-12-12,670.5,675.0,679.8,662.0,668.8,668.7,669.17,"65,85,440","4,40,68,07,695.20","96,535","31,81,219",48.31
HINDALCO,EQ,2024-12-13,668.7,663.0,665.55,648.0,665.0,662.1,659.08,"41,98,819","2,76,73,57,875.30","99,241","18,29,943",43.58
HINDALCO,EQ,2024-12-16,662.1,661.3,666.6,652.05,652.9,653.5,656.07,"26,19,582","1,71,86,26,640.50","74,666","13,44,326",51.32
HINDALCO,EQ,2024-12-17,653.5,649.5,653.6,637.1,638.7,639.45,643.02,"48,00,541","3,08,68,28,813.50","1,49,566","26,63,948",55.49
HINDALCO,EQ,2024-12-18,639.45,641.95,642.05,628.25,633.2,633.0,634.98,"37,53,662","2,38,35,02,871.00","1,07,104","21,14,410",56.33
HINDALCO,EQ,2024-12-19,633.0,620.6,633.25,614.1,630.0,629.35,625.42,"51,98,027","3,25,09,63,703.05","1,27,668","26,96,485",51.88
HINDALCO,EQ,2024-12-20,629.35,629.35,640.6,620.7,624.45,622.65,628.08,"59,64,142","3,74,59,70,987.20","87,373","35,03,986",58.75
HINDALCO,EQ,2024-12-23,622.65,625.55,635.9,625.55,634.3,634.15,632.93,"29,21,238","1,84,89,36,707.30","66,636","11,62,650",39.8
HINDALCO,EQ,2024-12-24,634.15,635.0,638.1,625.75,629.0,627.45,629.52,"48,30,151","3,04,06,70,128.70","94,152","33,77,174",69.92
HINDALCO,EQ,2024-12-26,627.45,630.0,633.45,626.75,630.0,628.75,628.82,"44,76,967","2,81,51,95,638.60","70,962","28,49,666",63.65
HINDALCO,EQ,2024-12-27,628.75,628.75,632.85,615.7,617.9,617.4,621.74,"33,91,148","2,10,84,21,655.35","54,710","18,00,961",53.11
HINDALCO,EQ,2024-12-30,617.4,615.4,620.3,599.15,603.1,601.1,607.88,"80,23,050","4,87,70,79,838.45","1,37,945","52,58,884",65.55
HINDALCO,EQ,2024-12-31,601.1,601.4,605.9,597.45,601.9,602.45,601.78,"38,07,525","2,29,12,94,085.20","82,312","20,79,642",54.62
