Symbol,Series,Date,Prev Close,Open Price,High Price,Low Price,Last Price,Close Price,Average Price,Total Traded Quantity,Turnover ₹,No. of Trades,Deliverable Qty,% Dly Qt to Traded Qty
KOTAKBANK,EQ,2014-01-01,728.25,732.00,732.05,720.75,723.80,722.55,724.09,"3,92,768","28,44,00,857.05","9,567","2,53,455",64.53
KOTAKBANK,EQ,2014-01-02,722.55,722.60,731.45,703.00,705.50,707.40,720.98,"4,56,139","32,88,69,016.20","10,105","1,89,678",41.58
KOTAKBANK,EQ,2014-01-03,707.40,707.10,716.30,696.60,713.00,712.55,711.03,"5,72,567","40,71,11,839.50","21,391","2,86,840",50.1
KOTAKBANK,EQ,2014-01-06,712.55,710.00,717.00,705.60,712.00,714.10,711.31,"4,46,715","31,77,53,251.45","12,691","2,84,815",63.76
KOTAKBANK,EQ,2014-01-07,714.10,712.00,715.00,700.00,707.65,708.15,705.43,"6,43,794","45,41,51,760.50","29,097","3,44,371",53.49
KOTAKBANK,EQ,2014-01-08,708.15,709.00,717.00,703.65,713.00,712.90,713.05,"3,12,983","22,31,70,969.20","15,112","1,79,540",57.36
KOTAKBANK,EQ,2014-01-09,712.90,710.50,715.55,706.65,709.00,710.15,711.09,"3,07,583","21,87,19,247.40","16,037","1,87,355",60.91
KOTAKBANK,EQ,2014-01-10,710.15,704.10,714.80,698.00,699.80,700.45,706.66,"3,66,224","25,87,95,523.35","15,837","1,76,203",48.11
KOTAKBANK,EQ,2014-01-13,700.45,695.15,724.75,695.15,723.95,716.90,709.56,"4,72,492","33,52,59,933.90","38,606","2,56,472",54.28
KOTAKBANK,EQ,2014-01-14,716.90,716.00,723.10,707.00,714.00,711.30,712.88,"2,63,826","18,80,76,639.45","7,899","1,22,602",46.47
KOTAKBANK,EQ,2014-01-15,711.30,714.00,731.15,712.55,726.35,729.15,724.24,"5,55,643","40,24,16,754.70","22,535","3,11,276",56.02
KOTAKBANK,EQ,2014-01-16,729.15,730.30,735.00,723.00,730.35,731.45,731.72,"5,51,182","40,33,09,898.80","12,294","2,43,060",44.1
KOTAKBANK,EQ,2014-01-17,731.45,730.50,737.75,720.00,725.00,727.10,728.42,"3,23,149","23,53,88,215.80","10,006","1,72,575",53.4
KOTAKBANK,EQ,2014-01-20,727.10,725.80,737.50,720.00,726.00,728.15,727.74,"4,99,317","36,33,75,270.35","9,552","2,87,965",57.67
KOTAKBANK,EQ,2014-01-21,728.15,729.70,732.00,704.00,705.30,706.30,711.61,"17,00,142","1,20,98,35,306.60","41,805","6,35,413",37.37
KOTAKBANK,EQ,2014-01-22,706.30,705.00,718.00,698.20,709.00,710.30,709.90,"13,20,297","93,72,78,401.95","37,368","8,05,293",60.99
KOTAKBANK,EQ,2014-01-23,710.30,707.00,711.55,703.20,706.65,705.30,707.12,"3,37,870","23,89,13,557.20","14,759","1,68,098",49.75
KOTAKBANK,EQ,2014-01-24,705.30,695.00,704.80,681.00,683.95,684.75,687.79,"8,57,803","58,99,86,034.70","30,235","5,23,779",61.06
KOTAKBANK,EQ,2014-01-27,684.75,678.10,682.50,654.55,656.00,658.10,667.64,"16,14,766","1,07,80,84,267.25","36,843","10,58,834",65.57
KOTAKBANK,EQ,2014-01-28,658.10,657.00,670.00,645.05,660.35,659.80,660.59,"13,39,459","88,48,26,702.15","30,819","7,35,980",54.95
KOTAKBANK,EQ,2014-01-29,659.80,667.00,674.95,662.90,663.90,664.00,666.46,"5,37,280","35,80,74,372.55","23,429","3,16,850",58.97
KOTAKBANK,EQ,2014-01-30,664.00,650.10,660.00,647.75,648.00,650.05,652.23,"8,42,363","54,94,16,326.00","24,462","4,55,325",54.05
KOTAKBANK,EQ,2014-01-31,650.05,649.50,661.30,648.75,656.50,657.05,656.45,"5,57,033","36,56,65,520.55","18,369","3,40,476",61.12
KOTAKBANK,EQ,2014-02-03,657.05,651.30,658.00,649.80,655.10,654.95,651.77,"11,59,223","75,55,42,257.85","19,491","9,74,809",84.09
KOTAKBANK,EQ,2014-02-04,654.95,648.00,667.85,643.60,665.20,665.30,659.39,"5,07,935","33,49,27,305.80","22,797","2,81,422",55.41
KOTAKBANK,EQ,2014-02-05,665.30,665.00,671.40,650.35,670.75,667.50,660.85,"8,31,542","54,95,23,275.25","28,586","5,29,793",63.71
KOTAKBANK,EQ,2014-02-06,667.50,672.00,676.10,652.50,659.95,660.50,662.37,"10,90,566","72,23,57,244.50","29,745","6,58,505",60.38
KOTAKBANK,EQ,2014-02-07,660.50,662.00,666.50,652.40,656.00,658.85,658.67,"7,18,389","47,31,79,192.30","41,047","4,36,754",60.8
KOTAKBANK,EQ,2014-02-10,658.85,661.85,661.85,644.00,645.00,647.25,649.99,"7,39,896","48,09,25,823.20","26,761","5,26,020",71.09
KOTAKBANK,EQ,2014-02-11,647.25,648.90,652.00,640.65,646.00,647.25,648.32,"4,91,337","31,85,45,420.85","14,284","3,03,282",61.73
KOTAKBANK,EQ,2014-02-12,647.25,650.00,656.30,644.10,648.10,649.55,651.95,"5,22,187","34,04,37,437.20","23,950","3,25,832",62.4
KOTAKBANK,EQ,2014-02-13,649.55,649.00,654.10,632.50,634.40,636.80,641.83,"3,89,287","24,98,54,910.45","18,894","1,85,736",47.71
KOTAKBANK,EQ,2014-02-14,636.80,638.00,653.30,630.50,647.00,646.45,644.41,"8,02,791","51,73,24,246.25","19,271","4,34,302",54.1
KOTAKBANK,EQ,2014-02-17,646.45,647.20,653.35,643.10,653.00,650.75,648.27,"4,63,833","30,06,91,029.00","22,635","2,70,686",58.36
KOTAKBANK,EQ,2014-02-18,650.75,651.00,683.00,648.05,680.95,680.30,670.57,"10,66,159","71,49,38,915.30","34,876","6,61,609",62.06
KOTAKBANK,EQ,2014-02-19,680.30,680.00,688.40,670.50,688.00,685.90,679.92,"11,17,922","76,00,95,593.30","28,335","8,06,296",72.12
KOTAKBANK,EQ,2014-02-20,685.90,681.70,682.90,666.75,669.20,669.75,672.70,"5,69,856","38,33,41,674.00","29,604","3,24,306",56.91
KOTAKBANK,EQ,2014-02-21,669.75,670.00,677.80,664.50,668.95,672.05,671.36,"4,76,116","31,96,46,276.25","28,436","2,62,833",55.2
KOTAKBANK,EQ,2014-02-24,672.05,668.10,680.85,662.00,679.50,677.60,671.18,"7,37,179","49,47,77,770.55","25,838","5,40,575",73.33
KOTAKBANK,EQ,2014-02-25,677.60,680.30,683.40,672.15,674.95,675.75,677.66,"4,37,969","29,67,95,816.30","28,972","2,80,074",63.95
KOTAKBANK,EQ,2014-02-26,675.75,675.10,690.90,675.10,685.50,685.40,686.55,"7,55,679","51,88,11,334.15","31,340","4,87,307",64.49
KOTAKBANK,EQ,2014-02-28,685.40,685.40,694.00,675.95,684.30,684.50,684.07,"9,32,185","63,76,81,366.25","24,723","6,30,394",67.63
KOTAKBANK,EQ,2014-03-03,684.50,682.00,692.65,668.00,669.45,669.95,680.91,"4,50,227","30,65,62,464.70","24,008","2,49,124",55.33
KOTAKBANK,EQ,2014-03-04,669.95,671.00,678.90,665.45,676.30,676.70,674.26,"6,89,246","46,47,28,532.10","18,651","3,96,580",57.54
KOTAKBANK,EQ,2014-03-05,676.70,681.00,684.20,670.60,681.00,680.80,678.45,"7,15,217","48,52,38,550.65","44,345","3,69,825",51.71
KOTAKBANK,EQ,2014-03-06,680.80,683.00,691.45,678.00,690.40,687.35,685.54,"6,14,541","42,12,91,824.85","26,901","3,13,149",50.96
KOTAKBANK,EQ,2014-03-07,687.35,697.70,717.50,691.35,712.00,711.55,706.39,"18,56,207","1,31,11,97,506.05","45,895","9,46,038",50.97
KOTAKBANK,EQ,2014-03-10,711.55,710.00,755.00,700.35,753.00,752.40,736.90,"14,74,855","1,08,68,27,794.05","40,349","7,66,925",52.0
KOTAKBANK,EQ,2014-03-11,752.40,755.80,757.65,734.50,749.05,744.20,744.86,"7,22,103","53,78,65,698.10","23,404","3,14,739",43.59
KOTAKBANK,EQ,2014-03-12,744.20,745.25,752.70,735.05,743.10,744.85,744.70,"6,89,681","51,36,03,430.80","32,309","3,39,804",49.27
KOTAKBANK,EQ,2014-03-13,744.85,745.00,776.65,743.10,763.25,764.35,767.54,"10,01,207","76,84,67,530.75","27,683","4,86,157",48.56
KOTAKBANK,EQ,2014-03-14,764.35,756.65,761.40,733.00,756.75,755.95,746.89,"8,03,453","60,00,92,450.80","24,920","3,97,958",49.53
KOTAKBANK,EQ,2014-03-18,755.95,757.40,775.00,757.40,765.00,765.30,763.90,"8,31,145","63,49,12,020.15","19,317","5,51,560",66.36
KOTAKBANK,EQ,2014-03-19,765.30,767.65,769.75,756.75,764.00,762.40,761.74,"5,69,588","43,38,79,261.65","27,896","3,50,535",61.54
KOTAKBANK,EQ,2014-03-20,762.40,765.00,765.00,742.00,750.00,747.25,750.47,"8,13,158","61,02,47,184.90","17,229","5,25,371",64.61
KOTAKBANK,EQ,2014-03-21,747.25,753.50,755.00,738.35,741.40,744.10,745.24,"10,18,554","75,90,66,392.30","30,188","6,91,224",67.86
KOTAKBANK,EQ,2014-03-22,744.10,746.00,749.55,737.20,743.00,741.25,740.72,"45,351","3,35,92,455.95","1,457","6,134",13.53
KOTAKBANK,EQ,2014-03-24,741.25,744.30,769.85,744.30,769.85,765.55,762.39,"9,13,587","69,65,07,796.50","32,030","5,91,862",64.78
KOTAKBANK,EQ,2014-03-25,765.55,765.00,777.45,765.00,773.50,772.65,770.82,"8,28,786","63,88,42,564.55","24,416","5,98,869",72.26
KOTAKBANK,EQ,2014-03-26,772.65,775.00,779.90,763.35,769.80,771.55,772.19,"8,59,268","66,35,14,317.85","44,521","5,52,700",64.32
KOTAKBANK,EQ,2014-03-27,771.55,771.60,779.95,761.00,767.60,771.90,770.93,"14,20,067","1,09,47,76,639.75","35,163","7,65,619",53.91
KOTAKBANK,EQ,2014-03-28,771.90,776.70,788.00,767.00,780.30,778.00,776.06,"10,97,615","85,18,16,085.10","28,579","6,52,581",59.45
KOTAKBANK,EQ,2014-03-31,778.00,780.30,784.70,768.30,780.00,781.05,778.40,"7,62,073","59,31,95,552.35","34,041","4,21,212",55.27
KOTAKBANK,EQ,2014-04-01,781.05,781.50,782.10,752.00,763.00,763.70,765.07,"8,04,588","61,55,62,822.45","43,744","4,46,258",55.46
KOTAKBANK,EQ,2014-04-02,763.70,768.00,773.30,758.95,772.00,769.55,765.14,"11,48,295","87,86,04,605.60","23,411","8,33,728",72.61
KOTAKBANK,EQ,2014-04-03,769.55,771.30,771.80,755.55,760.40,759.80,760.40,"7,54,872","57,40,02,639.00","27,089","4,09,535",54.25
KOTAKBANK,EQ,2014-04-04,759.80,752.20,761.00,750.00,753.50,755.10,755.50,"5,09,684","38,50,65,967.00","19,275","2,15,758",42.33
KOTAKBANK,EQ,2014-04-07,755.10,757.00,772.00,752.90,767.50,769.45,762.17,"8,46,392","64,50,98,534.00","29,598","4,49,827",53.15
KOTAKBANK,EQ,2014-04-09,769.45,774.80,785.00,767.15,785.00,784.55,776.67,"10,44,819","81,14,78,915.90","35,786","5,07,157",48.54
KOTAKBANK,EQ,2014-04-10,784.55,782.55,812.00,780.25,800.00,803.25,798.66,"12,24,427","97,79,00,858.20","31,109","6,41,539",52.4
KOTAKBANK,EQ,2014-04-11,803.25,795.20,808.00,792.00,804.90,805.65,801.27,"7,80,936","62,57,43,572.90","27,765","5,21,240",66.75
KOTAKBANK,EQ,2014-04-15,805.65,805.00,805.00,782.55,789.35,790.85,790.99,"5,76,653","45,61,28,096.25","22,860","3,22,990",56.01
KOTAKBANK,EQ,2014-04-16,790.85,789.90,792.45,773.50,785.00,784.25,783.65,"4,15,763","32,58,11,351.50","20,632","1,92,071",46.2
KOTAKBANK,EQ,2014-04-17,784.25,784.00,804.00,780.10,801.55,800.80,793.25,"5,77,666","45,82,34,872.95","31,470","3,04,355",52.69
KOTAKBANK,EQ,2014-04-21,800.80,806.70,809.00,794.70,800.50,801.35,800.25,"15,61,001","1,24,91,85,097.30","19,516","11,40,609",73.07
KOTAKBANK,EQ,2014-04-22,801.35,803.15,806.75,795.55,801.90,801.30,801.07,"4,71,394","37,76,18,214.85","12,335","2,34,812",49.81
KOTAKBANK,EQ,2014-04-23,801.30,800.00,829.70,797.30,827.00,822.40,817.44,"12,93,194","1,05,71,02,875.00","34,743","6,27,456",48.52
KOTAKBANK,EQ,2014-04-25,822.40,822.00,834.60,805.70,807.00,808.50,817.27,"6,88,906","56,30,22,077.05","21,916","1,71,550",24.9
KOTAKBANK,EQ,2014-04-28,808.50,808.10,829.90,796.80,823.40,823.95,815.63,"7,34,270","59,88,92,240.25","22,827","2,50,965",34.18
KOTAKBANK,EQ,2014-04-29,823.95,821.10,824.55,804.40,808.60,807.00,811.99,"4,76,633","38,70,20,585.70","21,969","1,77,321",37.2
KOTAKBANK,EQ,2014-04-30,807.00,805.00,818.95,795.50,805.00,802.60,806.05,"7,71,049","62,15,01,155.75","28,057","2,39,633",31.08
KOTAKBANK,EQ,2014-05-02,802.60,803.55,810.60,798.75,802.70,802.70,803.28,"5,32,441","42,76,96,894.90","18,923","2,45,401",46.09
KOTAKBANK,EQ,2014-05-05,802.70,798.20,811.70,797.75,806.65,807.60,805.89,"3,45,131","27,81,38,589.75","10,017","1,30,351",37.77
KOTAKBANK,EQ,2014-05-06,807.60,809.60,812.00,800.55,808.60,806.95,805.08,"3,65,964","29,46,30,625.70","18,701","1,77,518",48.51
KOTAKBANK,EQ,2014-05-07,806.95,800.30,816.30,800.30,811.80,810.10,809.64,"5,19,729","42,07,94,675.15","18,148","2,73,108",52.55
KOTAKBANK,EQ,2014-05-08,810.10,812.20,820.50,807.35,808.95,812.00,814.20,"9,12,541","74,29,86,560.95","50,619","5,74,278",62.93
KOTAKBANK,EQ,2014-05-09,812.00,812.80,855.00,810.55,855.00,850.75,833.65,"10,66,626","88,91,87,579.90","33,198","5,80,765",54.45
KOTAKBANK,EQ,2014-05-12,850.75,852.20,865.00,847.20,848.65,850.70,855.64,"9,39,514","80,38,88,418.25","30,844","6,07,649",64.68
KOTAKBANK,EQ,2014-05-13,850.70,855.25,869.00,848.10,858.15,861.05,860.43,"11,27,551","97,01,82,178.60","23,353","6,06,284",53.77
KOTAKBANK,EQ,2014-05-14,861.05,859.50,885.00,852.60,859.85,859.45,862.00,"7,26,800","62,64,99,060.45","27,189","3,86,709",53.21
KOTAKBANK,EQ,2014-05-15,859.45,858.00,875.00,858.00,865.50,869.90,869.81,"7,73,735","67,29,99,550.40","33,274","5,17,752",66.92
KOTAKBANK,EQ,2014-05-16,869.90,886.00,951.00,886.00,904.10,905.65,930.68,"20,70,370","1,92,68,53,413.10","64,922","10,66,675",51.52
KOTAKBANK,EQ,2014-05-19,905.65,909.40,932.00,906.65,914.90,917.00,918.56,"10,02,156","92,05,37,888.50","40,775","5,54,452",55.33
KOTAKBANK,EQ,2014-05-20,917.00,919.70,919.90,898.20,898.60,903.05,909.45,"9,31,968","84,75,77,446.55","21,170","6,57,745",70.58
KOTAKBANK,EQ,2014-05-21,903.05,902.00,905.70,883.65,894.50,896.65,893.89,"7,42,782","66,39,61,971.90","23,235","4,83,889",65.15
KOTAKBANK,EQ,2014-05-22,896.65,900.00,909.60,887.40,889.45,893.35,894.90,"6,93,539","62,06,51,107.70","17,681","3,35,682",48.4
KOTAKBANK,EQ,2014-05-23,893.35,894.20,898.00,872.95,879.20,878.35,882.28,"10,68,211","94,24,56,212.90","20,119","6,99,237",65.46
KOTAKBANK,EQ,2014-05-26,878.35,880.00,889.60,851.60,861.15,861.15,873.87,"12,40,385","1,08,39,41,031.10","30,725","8,13,430",65.58
KOTAKBANK,EQ,2014-05-27,861.15,860.00,873.85,850.10,865.15,870.60,864.88,"7,31,357","63,25,34,397.80","27,505","4,24,919",58.1
KOTAKBANK,EQ,2014-05-28,870.60,870.00,870.00,852.35,857.55,858.95,860.66,"7,86,110","67,65,74,028.35","31,509","3,95,381",50.3
KOTAKBANK,EQ,2014-05-29,858.95,862.90,872.50,853.70,859.20,860.35,862.77,"13,53,486","1,16,77,42,786.00","20,788","8,36,257",61.79
KOTAKBANK,EQ,2014-05-30,860.35,865.00,876.00,842.05,863.00,868.65,866.55,"12,85,188","1,11,36,83,984.00","37,242","5,76,188",44.83
KOTAKBANK,EQ,2014-06-02,868.65,866.00,891.00,852.70,882.55,886.60,875.62,"5,26,717","46,12,01,523.90","20,716","2,17,542",41.3
KOTAKBANK,EQ,2014-06-03,886.60,886.95,891.20,865.90,872.35,873.20,876.97,"6,99,196","61,31,71,373.50","29,427","4,35,204",62.24
KOTAKBANK,EQ,2014-06-04,873.20,872.10,873.00,857.00,858.60,861.45,865.12,"3,24,414","28,06,58,654.40","12,131","1,33,771",41.23
KOTAKBANK,EQ,2014-06-05,861.45,862.30,873.40,853.00,867.00,868.70,865.09,"8,72,108","75,44,55,035.05","29,580","5,56,948",63.86
KOTAKBANK,EQ,2014-06-06,868.70,872.70,908.10,865.70,902.20,902.75,894.99,"17,83,895","1,59,65,63,641.85","39,559","11,26,233",63.13
KOTAKBANK,EQ,2014-06-09,902.75,909.90,916.90,896.35,898.00,900.20,906.06,"7,78,081","70,49,85,005.85","37,868","3,98,169",51.17
KOTAKBANK,EQ,2014-06-10,900.20,902.75,904.00,881.50,902.70,900.10,893.18,"4,31,033","38,49,88,514.30","16,868","2,25,528",52.32
KOTAKBANK,EQ,2014-06-11,900.10,903.95,934.00,902.05,923.25,928.55,921.64,"11,21,526","1,03,36,38,845.70","35,847","4,27,036",38.08
KOTAKBANK,EQ,2014-06-12,928.55,932.70,940.00,918.00,931.25,933.70,930.91,"5,37,916","50,07,53,646.35","15,482","2,47,742",46.06
KOTAKBANK,EQ,2014-06-13,933.70,934.95,949.50,914.25,916.00,916.95,929.89,"5,76,908","53,64,60,883.60","20,464","2,18,274",37.84
KOTAKBANK,EQ,2014-06-16,916.95,920.10,933.00,905.10,928.00,930.45,919.63,"5,60,774","51,57,02,737.80","18,734","1,95,498",34.86
KOTAKBANK,EQ,2014-06-17,930.45,928.00,941.80,912.05,939.05,937.25,926.30,"6,25,797","57,96,73,382.70","32,191","3,38,972",54.17
KOTAKBANK,EQ,2014-06-18,937.25,945.00,971.95,945.00,959.45,960.25,962.33,"16,08,977","1,54,83,74,322.15","46,911","7,95,540",49.44
KOTAKBANK,EQ,2014-06-19,960.25,961.70,962.95,919.05,922.15,923.65,933.50,"6,94,126","64,79,66,140.20","23,112","2,46,940",35.58
KOTAKBANK,EQ,2014-06-20,923.65,926.00,942.00,920.15,935.00,930.80,934.34,"3,79,917","35,49,72,790.75","12,226","1,14,532",30.15
KOTAKBANK,EQ,2014-06-23,930.80,925.00,926.00,888.55,893.95,895.05,900.48,"8,13,874","73,28,77,151.90","25,480","3,10,085",38.1
KOTAKBANK,EQ,2014-06-24,895.05,897.50,899.95,873.10,879.45,879.10,881.66,"17,05,417","1,50,35,94,507.15","56,386","10,38,122",60.87
KOTAKBANK,EQ,2014-06-25,879.10,894.70,894.70,875.80,884.40,883.75,884.16,"5,22,823","46,22,56,930.00","20,204","1,92,124",36.75
KOTAKBANK,EQ,2014-06-26,883.75,884.00,889.85,856.35,868.00,865.70,872.61,"11,17,033","97,47,32,069.50","21,759","6,44,835",57.73
KOTAKBANK,EQ,2014-06-27,865.70,870.00,873.00,855.20,862.00,866.00,864.23,"4,71,998","40,79,14,402.00","16,970","2,04,357",43.3
KOTAKBANK,EQ,2014-06-30,866.00,860.60,886.00,860.60,881.00,883.55,880.86,"4,33,332","38,17,04,192.55","15,816","1,65,359",38.16
KOTAKBANK,EQ,2014-07-01,883.55,885.60,888.90,879.75,884.00,884.35,884.67,"3,23,954","28,65,93,366.30","6,709","82,760",25.55
KOTAKBANK,EQ,2014-07-02,884.35,887.05,897.00,883.10,895.00,893.15,892.00,"3,36,794","30,04,19,539.90","10,462","1,12,932",33.53
KOTAKBANK,EQ,2014-07-03,893.15,893.10,901.95,888.00,888.00,891.20,893.39,"4,11,851","36,79,42,242.35","16,183","1,54,852",37.6
KOTAKBANK,EQ,2014-07-04,891.20,890.10,894.70,877.30,878.00,882.20,886.37,"7,11,050","63,02,50,269.30","31,351","3,27,682",46.08
KOTAKBANK,EQ,2014-07-07,882.20,878.15,883.70,852.75,882.30,870.90,868.99,"1,43,18,527","12,44,27,05,855.25","2,13,775","1,13,16,836",79.04
KOTAKBANK,EQ,2014-07-08,870.90,882.00,892.70,865.80,869.20,872.25,883.99,"11,60,197","1,02,56,02,907.10","21,030","2,72,778",23.51
KOTAKBANK,EQ,2014-07-09,872.25,873.80,877.80,853.65,862.90,864.25,868.10,"8,14,915","70,74,25,170.90","15,188","3,60,030",44.18
KOTAKBANK,EQ,2014-07-10,864.25,864.00,887.20,852.70,866.40,866.45,866.82,"14,16,879","1,22,81,78,042.30","35,004","7,72,618",54.53
KOTAKBANK,EQ,2014-07-11,866.45,878.80,883.00,847.20,860.00,858.35,865.48,"28,18,310","2,43,91,85,160.70","63,123","15,76,938",55.95
KOTAKBANK,EQ,2014-07-14,858.35,862.00,863.65,851.60,855.50,855.35,856.15,"12,14,425","1,03,97,34,334.10","29,123","8,74,063",71.97
KOTAKBANK,EQ,2014-07-15,855.35,862.95,874.45,855.40,872.40,871.55,863.46,"10,47,396","90,43,87,543.50","24,133","7,04,961",67.31
KOTAKBANK,EQ,2014-07-16,871.55,879.80,887.55,866.10,885.50,885.05,877.78,"20,50,234","1,79,96,55,670.70","58,899","11,50,564",56.12
KOTAKBANK,EQ,2014-07-17,885.05,885.00,918.00,880.65,913.20,914.90,904.55,"31,84,565","2,88,05,96,591.70","46,850","22,36,215",70.22
KOTAKBANK,EQ,2014-07-18,914.90,915.00,948.00,901.50,936.35,935.85,931.63,"23,69,356","2,20,73,74,762.05","65,069","14,69,948",62.04
KOTAKBANK,EQ,2014-07-21,935.85,967.00,967.00,936.15,942.35,941.20,953.48,"21,69,246","2,06,83,26,089.80","59,768","12,71,364",58.61
KOTAKBANK,EQ,2014-07-22,941.20,945.00,953.00,931.80,949.00,949.20,940.63,"7,18,496","67,58,37,950.85","26,785","3,70,472",51.56
KOTAKBANK,EQ,2014-07-23,949.20,949.20,954.30,930.05,935.35,932.80,938.65,"8,37,821","78,64,16,784.90","35,570","5,11,959",61.11
KOTAKBANK,EQ,2014-07-24,932.80,931.50,941.00,929.15,940.00,938.65,934.11,"11,66,167","1,08,93,25,454.25","43,573","8,01,827",68.76
KOTAKBANK,EQ,2014-07-25,938.65,938.65,952.60,932.65,943.45,944.70,943.57,"10,18,484","96,10,09,343.80","28,251","4,86,976",47.81
KOTAKBANK,EQ,2014-07-28,944.70,945.10,952.00,922.90,942.40,941.20,933.30,"9,02,248","84,20,71,006.60","34,503","4,27,549",47.39
KOTAKBANK,EQ,2014-07-30,941.20,943.00,977.00,938.70,970.80,974.25,963.05,"10,30,461","99,23,88,234.25","35,763","5,47,749",53.16
KOTAKBANK,EQ,2014-07-31,974.25,974.25,979.60,949.10,953.95,953.70,961.42,"16,89,547","1,62,43,60,693.80","66,792","11,25,708",66.63
KOTAKBANK,EQ,2014-08-01,953.70,948.00,953.00,921.50,926.70,925.30,933.81,"12,73,069","1,18,87,98,304.05","33,604","8,76,033",68.81
KOTAKBANK,EQ,2014-08-04,925.30,931.00,941.50,927.55,936.95,937.75,936.42,"6,63,614","62,14,23,858.55","25,849","3,55,569",53.58
KOTAKBANK,EQ,2014-08-05,937.75,942.60,943.15,927.45,935.15,937.95,935.20,"8,57,290","80,17,35,892.75","28,021","4,22,540",49.29
KOTAKBANK,EQ,2014-08-06,937.95,934.00,943.00,925.40,932.00,932.25,932.07,"7,79,444","72,64,93,451.15","28,535","4,45,885",57.21
KOTAKBANK,EQ,2014-08-07,932.25,928.10,949.00,926.25,940.70,939.85,938.91,"8,27,248","77,67,07,924.55","30,952","3,98,424",48.16
KOTAKBANK,EQ,2014-08-08,939.85,933.00,935.15,919.00,930.90,931.60,927.23,"7,80,664","72,38,55,194.80","46,170","5,07,865",65.06
KOTAKBANK,EQ,2014-08-11,931.60,935.75,957.80,933.05,952.60,950.15,943.56,"7,36,004","69,44,61,705.30","27,810","5,24,431",71.25
KOTAKBANK,EQ,2014-08-12,950.15,952.00,969.90,942.65,969.85,964.70,958.27,"5,89,451","56,48,54,384.75","23,345","3,56,053",60.4
KOTAKBANK,EQ,2014-08-13,964.70,964.70,970.00,951.10,956.00,957.10,960.48,"10,76,967","1,03,44,00,177.75","64,921","7,08,851",65.82
KOTAKBANK,EQ,2014-08-14,957.10,962.95,962.95,945.25,954.20,953.35,950.16,"10,19,605","96,87,85,888.00","59,707","7,28,773",71.48
KOTAKBANK,EQ,2014-08-18,953.35,950.00,974.45,945.05,968.00,966.85,965.96,"6,45,732","62,37,54,479.85","33,130","3,92,349",60.76
KOTAKBANK,EQ,2014-08-19,966.85,970.00,986.00,966.15,980.00,980.65,976.50,"12,07,958","1,17,95,68,545.40","34,324","8,59,137",71.12
KOTAKBANK,EQ,2014-08-20,980.65,984.00,"1,002.20",975.00,999.95,"1,000.00",991.49,"12,79,489","1,26,85,94,508.15","30,031","8,20,362",64.12
KOTAKBANK,EQ,2014-08-21,"1,000.00",997.55,"1,028.00",997.55,"1,017.40","1,018.60","1,017.41","18,22,992","1,85,47,31,139.10","48,822","12,14,479",66.62
KOTAKBANK,EQ,2014-08-22,"1,018.60","1,020.00","1,034.90","1,018.80","1,034.75","1,030.75","1,027.52","14,52,829","1,49,28,08,663.90","50,654","11,08,702",76.31
KOTAKBANK,EQ,2014-08-25,"1,030.75","1,030.75","1,054.40","1,025.55","1,041.00","1,044.65","1,045.16","5,28,368","55,22,27,167.20","23,910","2,63,537",49.88
KOTAKBANK,EQ,2014-08-26,"1,044.65","1,044.65","1,059.60","1,040.10","1,056.95","1,054.10","1,054.35","9,60,455","1,01,26,58,934.05","22,613","6,65,475",69.29
KOTAKBANK,EQ,2014-08-27,"1,054.10","1,056.10","1,059.95","1,030.60","1,044.40","1,040.00","1,038.80","12,31,170","1,27,89,38,247.15","34,320","8,83,728",71.78
KOTAKBANK,EQ,2014-08-28,"1,040.00","1,044.00","1,049.40","1,032.95","1,038.00","1,037.55","1,038.41","14,84,878","1,54,19,18,103.95","22,098","11,92,053",80.28
KOTAKBANK,EQ,2014-09-01,"1,037.55","1,042.50","1,054.50","1,041.95","1,048.60","1,047.95","1,047.66","4,54,800","47,64,75,766.15","11,204","2,92,419",64.3
KOTAKBANK,EQ,2014-09-02,"1,047.95","1,048.00","1,061.95","1,035.10","1,061.95","1,058.25","1,045.66","4,83,265","50,53,29,763.15","23,147","2,57,199",53.22
KOTAKBANK,EQ,2014-09-03,"1,058.25","1,066.70","1,066.70","1,048.15","1,056.10","1,056.90","1,055.07","5,70,587","60,20,08,121.00","29,825","3,32,125",58.21
KOTAKBANK,EQ,2014-09-04,"1,056.90","1,054.00","1,065.70","1,046.00","1,057.95","1,058.80","1,058.78","6,66,604","70,57,88,280.20","37,742","4,15,967",62.4
KOTAKBANK,EQ,2014-09-05,"1,058.80","1,058.00","1,085.85","1,054.20","1,082.00","1,078.45","1,064.70","6,33,598","67,45,94,710.00","36,652","3,19,806",50.47
KOTAKBANK,EQ,2014-09-08,"1,078.45","1,079.95","1,085.55","1,061.10","1,075.45","1,076.50","1,073.06","5,02,210","53,89,03,625.35","26,052","2,53,566",50.49
KOTAKBANK,EQ,2014-09-09,"1,076.50","1,075.50","1,086.60","1,070.00","1,072.90","1,073.30","1,077.75","3,25,852","35,11,85,863.35","19,633","1,54,412",47.39
KOTAKBANK,EQ,2014-09-10,"1,073.30","1,070.00","1,073.65","1,060.10","1,063.30","1,064.95","1,065.28","6,61,566","70,47,52,302.10","39,362","4,52,590",68.41
KOTAKBANK,EQ,2014-09-11,"1,064.95","1,063.00","1,073.50","1,057.90","1,060.45","1,064.85","1,064.73","9,40,987","1,00,18,95,519.60","30,723","6,51,245",69.21
KOTAKBANK,EQ,2014-09-12,"1,064.85","1,058.00","1,072.05","1,057.00","1,066.30","1,069.15","1,067.05","11,01,154","1,17,49,86,906.70","20,249","9,28,914",84.36
KOTAKBANK,EQ,2014-09-15,"1,069.15","1,065.00","1,066.00","1,042.40","1,046.95","1,046.10","1,049.93","8,62,306","90,53,60,926.60","23,389","6,26,926",72.7
KOTAKBANK,EQ,2014-09-16,"1,046.10","1,050.50","1,054.20","1,024.15","1,025.85","1,027.45","1,034.42","6,39,499","66,15,11,884.15","28,966","4,12,087",64.44
KOTAKBANK,EQ,2014-09-17,"1,027.45","1,030.00","1,035.10","1,020.00","1,023.55","1,021.95","1,024.84","5,52,378","56,61,00,005.20","20,633","3,53,894",64.07
KOTAKBANK,EQ,2014-09-18,"1,021.95","1,018.80","1,050.90","1,018.80","1,049.90","1,047.70","1,040.44","4,18,484","43,54,09,530.45","17,807","2,18,171",52.13
KOTAKBANK,EQ,2014-09-19,"1,047.70","1,047.00","1,069.00","1,046.00","1,054.45","1,063.65","1,063.15","11,66,064","1,23,96,96,795.95","32,093","9,21,185",79.0
KOTAKBANK,EQ,2014-09-22,"1,063.65","1,056.00","1,060.00","1,035.00","1,046.95","1,043.85","1,042.27","5,21,518","54,35,62,969.15","37,289","3,41,583",65.5
KOTAKBANK,EQ,2014-09-23,"1,043.85","1,042.00","1,053.85","1,028.75","1,043.00","1,041.15","1,037.95","5,99,904","62,26,71,102.40","40,853","3,41,237",56.88
KOTAKBANK,EQ,2014-09-24,"1,041.15","1,041.10","1,048.00","1,027.90","1,037.70","1,036.30","1,036.24","6,54,536","67,82,58,626.55","14,325","4,16,120",63.57
KOTAKBANK,EQ,2014-09-25,"1,036.30","1,030.30","1,056.85","1,025.00","1,026.75","1,028.50","1,033.93","18,16,578","1,87,82,10,106.40","36,346","10,59,561",58.33
KOTAKBANK,EQ,2014-09-26,"1,028.50","1,024.95","1,035.80","1,011.25","1,019.95","1,024.35","1,023.21","11,55,186","1,18,19,99,415.65","31,178","8,06,347",69.8
KOTAKBANK,EQ,2014-09-29,"1,024.35","1,024.30","1,024.30",996.00,"1,002.00","1,003.35","1,005.72","3,64,813","36,69,00,050.05","13,593","1,74,035",47.71
KOTAKBANK,EQ,2014-09-30,"1,003.35","1,013.00","1,029.20","1,006.70","1,008.70","1,013.10","1,017.85","8,63,767","87,91,82,726.90","21,017","5,04,361",58.39
KOTAKBANK,EQ,2014-10-01,"1,013.10","1,008.50","1,014.70","1,001.35","1,011.00","1,011.65","1,008.86","10,76,525","1,08,60,60,736.10","23,043","6,61,403",61.44
KOTAKBANK,EQ,2014-10-07,"1,011.65","1,007.00","1,013.10",996.00,"1,005.00","1,005.80","1,004.52","13,93,279","1,39,95,71,191.65","41,677","11,66,622",83.73
KOTAKBANK,EQ,2014-10-08,"1,005.80","1,007.00","1,011.40",997.20,998.05,"1,000.25","1,001.75","12,46,155","1,24,83,31,257.10","14,218","10,30,347",82.68
KOTAKBANK,EQ,2014-10-09,"1,000.25","1,003.90","1,026.40","1,001.90","1,022.00","1,023.25","1,013.41","14,51,301","1,47,07,57,615.50","16,813","11,24,569",77.49
KOTAKBANK,EQ,2014-10-10,"1,023.25","1,017.00","1,019.25",997.20,"1,003.00","1,002.90","1,005.20","7,55,201","75,91,28,676.25","29,874","4,71,699",62.46
KOTAKBANK,EQ,2014-10-13,"1,002.90",999.00,"1,012.75",988.35,"1,008.00","1,008.50","1,000.82","7,82,065","78,27,05,692.70","25,235","4,25,233",54.37
KOTAKBANK,EQ,2014-10-14,"1,008.50","1,012.50","1,021.00","1,001.80","1,015.20","1,013.15","1,011.69","4,73,374","47,89,08,290.00","32,194","2,42,327",51.19
KOTAKBANK,EQ,2014-10-16,"1,013.15","1,008.00","1,009.45",982.45,983.60,991.60,998.58,"9,13,990","91,26,89,154.00","35,446","6,10,969",66.85
KOTAKBANK,EQ,2014-10-17,991.60,996.90,"1,004.75",980.35,999.25,"1,000.05","1,000.11","11,41,398","1,14,15,23,483.75","27,811","8,05,601",70.58
KOTAKBANK,EQ,2014-10-20,"1,000.05","1,015.10","1,032.80","1,001.10","1,001.25","1,003.85","1,016.11","11,66,500","1,18,52,92,474.20","54,575","6,65,276",57.03
KOTAKBANK,EQ,2014-10-21,"1,003.85","1,008.50","1,016.90","1,000.00","1,015.05","1,013.75","1,009.15","16,42,752","1,65,77,80,955.85","27,843","13,50,878",82.23
KOTAKBANK,EQ,2014-10-22,"1,013.75","1,021.30","1,068.00","1,020.00","1,066.35","1,063.00","1,054.96","31,20,529","3,29,20,24,694.70","70,639","20,19,900",64.73
KOTAKBANK,EQ,2014-10-23,"1,063.00","1,068.10","1,070.00","1,056.85","1,063.00","1,061.55","1,062.40","1,26,638","13,45,39,802.10","2,667","61,518",48.58
KOTAKBANK,EQ,2014-10-27,"1,061.55","1,067.00","1,091.70","1,065.00","1,082.85","1,085.00","1,082.16","9,60,146","1,03,90,35,254.45","21,754","6,05,988",63.11
KOTAKBANK,EQ,2014-10-28,"1,085.00","1,089.00","1,093.50","1,076.75","1,081.50","1,082.80","1,082.24","4,52,285","48,94,81,235.45","22,755","2,88,304",63.74
KOTAKBANK,EQ,2014-10-29,"1,082.80","1,087.00","1,087.40","1,070.70","1,077.25","1,079.95","1,077.64","11,54,239","1,24,38,50,835.30","26,566","9,63,672",83.49
KOTAKBANK,EQ,2014-10-30,"1,079.95","1,076.00","1,100.45","1,074.90","1,098.00","1,094.00","1,091.29","8,41,494","91,83,12,907.85","20,012","5,58,416",66.36
KOTAKBANK,EQ,2014-10-31,"1,094.00","1,101.90","1,122.25","1,094.10","1,120.90","1,118.25","1,111.73","6,13,518","68,20,64,774.90","21,870","3,02,692",49.34
KOTAKBANK,EQ,2014-11-03,"1,118.25","1,119.25","1,120.90","1,098.20","1,110.00","1,110.45","1,107.13","7,44,292","82,40,27,312.55","28,115","5,23,174",70.29
KOTAKBANK,EQ,2014-11-05,"1,110.45","1,113.00","1,140.00","1,103.25","1,126.00","1,128.20","1,123.53","9,22,585","1,03,65,54,197.65","43,202","5,92,315",64.2
KOTAKBANK,EQ,2014-11-07,"1,128.20","1,137.80","1,137.80","1,104.40","1,126.25","1,122.90","1,113.58","11,92,550","1,32,80,05,593.75","37,421","9,04,793",75.87
KOTAKBANK,EQ,2014-11-10,"1,122.90","1,125.00","1,131.75","1,104.60","1,111.00","1,108.70","1,112.20","4,55,476","50,65,81,745.45","20,895","2,69,267",59.12
KOTAKBANK,EQ,2014-11-11,"1,108.70","1,109.10","1,115.55","1,100.00","1,111.10","1,107.45","1,105.54","4,93,036","54,50,69,549.10","20,948","2,72,244",55.22
KOTAKBANK,EQ,2014-11-12,"1,107.45","1,111.50","1,133.00","1,104.25","1,127.35","1,126.35","1,122.99","8,98,096","1,00,85,55,194.20","27,847","4,35,002",48.44
KOTAKBANK,EQ,2014-11-13,"1,126.35","1,128.00","1,129.00","1,107.00","1,110.50","1,111.75","1,116.62","6,30,075","70,35,54,640.45","25,482","4,07,064",64.61
KOTAKBANK,EQ,2014-11-14,"1,111.75","1,110.95","1,112.90","1,086.30","1,096.95","1,093.50","1,099.77","5,20,336","57,22,49,354.15","24,492","3,23,037",62.08
KOTAKBANK,EQ,2014-11-17,"1,093.50","1,095.00","1,115.70","1,040.50","1,110.00","1,108.10","1,096.55","7,23,035","79,28,42,119.15","22,590","3,57,292",49.42
KOTAKBANK,EQ,2014-11-18,"1,108.10","1,110.00","1,113.65","1,083.20","1,084.90","1,085.05","1,097.27","7,15,981","78,56,25,484.50","26,078","3,74,251",52.27
KOTAKBANK,EQ,2014-11-19,"1,085.05","1,086.00","1,088.95","1,060.00","1,074.85","1,077.55","1,076.18","10,41,578","1,12,09,21,914.35","29,935","4,97,135",47.73
KOTAKBANK,EQ,2014-11-20,"1,077.55","1,095.00","1,163.00","1,089.80","1,151.00","1,156.70","1,144.17","36,34,026","4,15,79,48,692.60","83,732","16,53,235",45.49
KOTAKBANK,EQ,2014-11-21,"1,156.70","1,206.00","1,264.70","1,183.25","1,199.45","1,199.15","1,223.25","63,14,243","7,72,39,27,849.95","1,57,182","29,88,363",47.33
KOTAKBANK,EQ,2014-11-24,"1,199.15","1,204.90","1,213.95","1,176.00","1,204.20","1,199.75","1,193.83","16,64,978","1,98,76,97,477.65","41,610","6,38,977",38.38
KOTAKBANK,EQ,2014-11-25,"1,199.75","1,194.00","1,202.00","1,154.20","1,159.00","1,160.55","1,174.89","22,23,215","2,61,20,40,395.95","69,173","13,62,417",61.28
KOTAKBANK,EQ,2014-11-26,"1,160.55","1,164.00","1,172.25","1,147.00","1,159.75","1,160.45","1,160.75","13,61,473","1,58,03,24,712.25","60,176","7,78,242",57.16
KOTAKBANK,EQ,2014-11-27,"1,160.45","1,166.00","1,166.80","1,146.10","1,160.00","1,157.60","1,156.06","17,53,892","2,02,75,98,337.45","66,303","8,78,897",50.11
KOTAKBANK,EQ,2014-11-28,"1,157.60","1,164.50","1,207.90","1,164.50","1,202.00","1,202.50","1,194.11","11,91,084","1,42,22,88,197.30","42,774","5,62,757",47.25
KOTAKBANK,EQ,2014-12-01,"1,202.50","1,205.15","1,231.55","1,195.50","1,202.55","1,201.75","1,213.60","13,04,690","1,58,33,78,270.45","74,261","6,32,059",48.45
KOTAKBANK,EQ,2014-12-02,"1,201.75","1,190.20","1,222.85","1,190.20","1,210.10","1,215.40","1,210.73","10,48,119","1,26,89,84,143.10","22,461","6,20,613",59.21
KOTAKBANK,EQ,2014-12-03,"1,215.40","1,215.60","1,228.60","1,210.65","1,219.20","1,220.70","1,220.92","9,18,374","1,12,12,57,171.65","31,747","5,81,454",63.31
KOTAKBANK,EQ,2014-12-04,"1,220.70","1,220.80","1,233.45","1,205.00","1,227.25","1,223.85","1,218.36","6,50,450","79,24,81,214.50","24,455","3,82,418",58.79
KOTAKBANK,EQ,2014-12-05,"1,223.85","1,232.00","1,249.00","1,224.20","1,239.00","1,240.40","1,240.58","10,34,103","1,28,28,92,527.15","28,333","6,71,384",64.92
KOTAKBANK,EQ,2014-12-08,"1,240.40","1,242.95","1,254.35","1,229.90","1,247.00","1,245.95","1,244.52","7,49,638","93,29,40,337.80","34,475","4,64,625",61.98
KOTAKBANK,EQ,2014-12-09,"1,245.95","1,241.55","1,243.90","1,224.55","1,232.05","1,231.95","1,235.55","6,40,625","79,15,21,203.40","33,866","3,55,668",55.52
KOTAKBANK,EQ,2014-12-10,"1,231.95","1,228.75","1,245.00","1,226.45","1,234.55","1,235.25","1,238.32","5,55,233","68,75,56,513.15","21,641","3,41,829",61.56
KOTAKBANK,EQ,2014-12-11,"1,235.25","1,231.10","1,253.00","1,231.00","1,243.85","1,246.20","1,242.22","10,36,814","1,28,79,55,599.80","28,840","6,66,086",64.24
KOTAKBANK,EQ,2014-12-12,"1,246.20","1,250.90","1,254.15","1,242.00","1,247.00","1,247.30","1,249.17","6,18,226","77,22,72,204.00","20,277","3,74,731",60.61
KOTAKBANK,EQ,2014-12-15,"1,247.30","1,242.00","1,315.50","1,242.00","1,314.00","1,308.85","1,291.57","15,01,711","1,93,95,61,379.05","63,617","6,96,499",46.38
KOTAKBANK,EQ,2014-12-16,"1,308.85","1,301.05","1,306.60","1,271.00","1,282.00","1,283.50","1,284.42","9,91,343","1,27,33,00,717.15","35,151","4,65,105",46.92
KOTAKBANK,EQ,2014-12-17,"1,283.50","1,276.00","1,276.00","1,238.00","1,246.00","1,244.65","1,251.51","22,64,438","2,83,39,64,979.55","71,101","15,86,891",70.08
KOTAKBANK,EQ,2014-12-18,"1,244.65","1,257.15","1,269.50","1,240.50","1,251.05","1,252.05","1,252.51","8,61,584","1,07,91,46,106.35","32,007","4,05,945",47.12
KOTAKBANK,EQ,2014-12-19,"1,252.05","1,260.10","1,266.15","1,232.00","1,237.55","1,236.30","1,248.91","18,77,841","2,34,52,49,036.30","25,715","15,37,912",81.9
KOTAKBANK,EQ,2014-12-22,"1,236.30","1,240.10","1,265.00","1,240.10","1,264.90","1,257.95","1,252.07","7,18,056","89,90,57,321.65","24,775","4,69,042",65.32
KOTAKBANK,EQ,2014-12-23,"1,257.95","1,264.00","1,272.00","1,238.05","1,246.15","1,244.50","1,253.64","6,81,665","85,45,60,339.25","26,138","3,46,000",50.76
KOTAKBANK,EQ,2014-12-24,"1,244.50","1,241.35","1,254.00","1,236.25","1,245.25","1,245.35","1,244.95","13,58,819","1,69,16,66,339.25","24,458","8,48,735",62.46
KOTAKBANK,EQ,2014-12-26,"1,245.35","1,246.90","1,258.30","1,235.00","1,255.90","1,253.05","1,245.45","3,52,473","43,89,85,779.45","14,721","1,76,668",50.12
KOTAKBANK,EQ,2014-12-29,"1,253.05","1,255.50","1,260.00","1,241.35","1,245.00","1,243.55","1,250.35","4,57,610","57,21,72,737.00","13,404","2,05,905",45.0
KOTAKBANK,EQ,2014-12-30,"1,243.55","1,244.00","1,250.95","1,232.40","1,244.65","1,246.65","1,242.52","3,58,995","44,60,57,882.55","12,640","1,58,928",44.27
KOTAKBANK,EQ,2014-12-31,"1,246.65","1,244.20","1,273.00","1,240.10","1,262.20","1,263.90","1,252.10","4,49,072","56,22,83,594.75","17,692","2,39,560",53.35
KOTAKBANK,EQ,2015-01-01,"1,263.90","1,263.80","1,265.00","1,251.10","1,261.75","1,258.60","1,259.52","2,50,998","31,61,37,720.85","9,230","1,18,205",47.09
KOTAKBANK,EQ,2015-01-02,"1,258.60","1,261.00","1,279.00","1,258.30","1,278.00","1,271.55","1,271.97","6,31,815","80,36,52,186.45","25,080","3,87,243",61.29
KOTAKBANK,EQ,2015-01-05,"1,271.55","1,272.10","1,278.85","1,262.00","1,267.60","1,266.45","1,266.77","3,05,115","38,65,10,013.10","15,419","1,03,423",33.9
KOTAKBANK,EQ,2015-01-06,"1,266.45","1,255.00","1,262.25","1,233.55","1,253.00","1,251.35","1,251.25","11,34,543","1,41,96,02,569.35","45,554","6,81,945",60.11
KOTAKBANK,EQ,2015-01-07,"1,251.35","1,247.50","1,303.95","1,247.50","1,272.90","1,271.50","1,280.55","17,85,887","2,28,69,21,521.05","29,405","11,92,265",66.76
KOTAKBANK,EQ,2015-01-08,"1,271.50","1,300.00","1,353.00","1,286.40","1,343.00","1,340.65","1,319.67","34,54,883","4,55,93,17,758.60","76,329","24,00,955",69.49
KOTAKBANK,EQ,2015-01-09,"1,340.65","1,354.40","1,370.50","1,340.55","1,359.90","1,360.95","1,359.17","32,18,705","4,37,47,69,882.35","53,915","23,06,638",71.66
KOTAKBANK,EQ,2015-01-12,"1,360.95","1,360.95","1,387.00","1,348.30","1,372.00","1,371.00","1,371.59","8,43,421","1,15,68,29,965.15","54,143","4,37,802",51.91
KOTAKBANK,EQ,2015-01-13,"1,371.00","1,372.00","1,409.85","1,367.70","1,397.50","1,392.95","1,391.35","9,60,821","1,33,68,42,377.05","50,646","4,60,252",47.9
KOTAKBANK,EQ,2015-01-14,"1,392.95","1,394.10","1,397.50","1,377.20","1,393.00","1,391.20","1,386.50","7,59,290","1,05,27,53,328.95","27,053","4,56,298",60.1
KOTAKBANK,EQ,2015-01-15,"1,391.20","1,438.00","1,444.00","1,392.05","1,394.90","1,400.40","1,407.67","19,85,409","2,79,48,04,616.35","34,097","14,22,037",71.62
KOTAKBANK,EQ,2015-01-16,"1,400.40","1,387.00","1,400.00","1,380.00","1,396.95","1,395.35","1,385.94","13,40,300","1,85,75,75,874.35","31,500","10,43,383",77.85
KOTAKBANK,EQ,2015-01-19,"1,395.35","1,393.20","1,399.00","1,382.00","1,392.00","1,389.45","1,389.95","8,77,538","1,21,97,35,708.10","24,997","5,66,837",64.59
KOTAKBANK,EQ,2015-01-20,"1,389.45","1,392.00","1,401.40","1,382.65","1,393.00","1,395.70","1,393.21","18,91,863","2,63,57,53,728.40","71,231","8,74,514",46.23
KOTAKBANK,EQ,2015-01-21,"1,395.70","1,396.00","1,419.00","1,385.05","1,387.00","1,388.15","1,398.71","13,42,065","1,87,71,59,047.45","51,126","6,58,682",49.08
KOTAKBANK,EQ,2015-01-22,"1,388.15","1,386.65","1,398.50","1,370.15","1,387.90","1,387.65","1,384.63","20,00,008","2,76,92,74,633.50","30,854","15,43,030",77.15
KOTAKBANK,EQ,2015-01-23,"1,387.65","1,392.10","1,395.75","1,382.00","1,383.95","1,385.30","1,387.60","7,77,406","1,07,87,32,327.55","51,659","4,72,525",60.78
KOTAKBANK,EQ,2015-01-27,"1,385.30","1,383.40","1,393.00","1,362.30","1,390.15","1,388.35","1,374.22","8,43,366","1,15,89,74,630.45","41,025","5,44,259",64.53
KOTAKBANK,EQ,2015-01-28,"1,388.35","1,383.10","1,390.00","1,346.55","1,355.00","1,351.15","1,376.95","37,20,199","5,12,25,28,468.60","52,071","33,26,734",89.42
KOTAKBANK,EQ,2015-01-29,"1,351.15","1,349.00","1,354.85","1,324.75","1,328.00","1,331.40","1,335.26","22,50,427","3,00,49,08,577.35","80,632","16,26,699",72.28
KOTAKBANK,EQ,2015-01-30,"1,331.40","1,340.00","1,348.90","1,317.35","1,318.00","1,322.20","1,329.50","13,99,250","1,86,03,00,026.40","66,959","9,75,663",69.73
KOTAKBANK,EQ,2015-02-02,"1,322.20","1,320.00","1,360.00","1,304.40","1,355.35","1,352.35","1,329.10","16,56,369","2,20,14,77,414.65","38,801","12,07,033",72.87
KOTAKBANK,EQ,2015-02-03,"1,352.35","1,360.90","1,366.00","1,300.10","1,300.30","1,306.30","1,323.51","15,30,821","2,02,60,49,431.65","65,479","9,90,990",64.74
KOTAKBANK,EQ,2015-02-04,"1,306.30","1,308.95","1,328.35","1,285.00","1,288.90","1,291.50","1,303.03","11,78,329","1,53,54,00,208.60","32,819","7,40,355",62.83
KOTAKBANK,EQ,2015-02-05,"1,291.50","1,288.00","1,309.30","1,276.70","1,290.75","1,287.90","1,294.19","9,16,400","1,18,59,96,691.90","38,547","4,62,651",50.49
KOTAKBANK,EQ,2015-02-06,"1,287.90","1,287.90","1,288.30","1,262.85","1,265.00","1,266.90","1,273.87","6,08,270","77,48,56,055.10","35,998","3,39,272",55.78
KOTAKBANK,EQ,2015-02-09,"1,266.90","1,251.00","1,283.10","1,236.25","1,261.10","1,266.25","1,258.31","8,24,236","1,03,71,43,664.75","33,453","4,87,863",59.19
KOTAKBANK,EQ,2015-02-10,"1,266.25","1,249.00","1,299.35","1,249.00","1,286.25","1,285.75","1,278.31","14,25,991","1,82,28,56,211.40","36,255","8,99,667",63.09
KOTAKBANK,EQ,2015-02-11,"1,285.75","1,297.00","1,301.95","1,280.35","1,298.00","1,298.70","1,294.79","5,61,657","72,72,25,562.45","21,486","2,36,001",42.02
KOTAKBANK,EQ,2015-02-12,"1,298.70","1,302.00","1,306.00","1,278.60","1,296.20","1,296.60","1,291.04","10,25,873","1,32,44,42,690.55","31,013","7,21,432",70.32
KOTAKBANK,EQ,2015-02-13,"1,296.60","1,300.00","1,322.80","1,282.80","1,310.00","1,309.50","1,299.97","11,45,896","1,48,96,25,879.75","29,817","7,16,430",62.52
KOTAKBANK,EQ,2015-02-16,"1,309.50","1,323.00","1,323.00","1,284.60","1,287.30","1,292.45","1,303.91","5,49,110","71,59,89,877.90","24,894","2,56,685",46.75
KOTAKBANK,EQ,2015-02-18,"1,292.45","1,291.90","1,312.20","1,283.85","1,302.65","1,307.80","1,299.35","6,88,087","89,40,66,004.60","28,978","3,90,016",56.68
KOTAKBANK,EQ,2015-02-19,"1,307.80","1,309.50","1,316.80","1,285.00","1,307.00","1,307.25","1,301.73","6,47,915","84,34,09,801.80","23,335","3,21,706",49.65
KOTAKBANK,EQ,2015-02-20,"1,307.25","1,306.90","1,315.00","1,290.35","1,292.00","1,298.25","1,302.33","5,98,341","77,92,36,490.50","23,889","2,92,064",48.81
KOTAKBANK,EQ,2015-02-23,"1,298.25","1,331.90","1,334.90","1,307.00","1,316.00","1,316.85","1,314.70","17,78,711","2,33,84,67,025.65","59,723","13,10,401",73.67
KOTAKBANK,EQ,2015-02-24,"1,316.85","1,316.85","1,354.00","1,313.55","1,351.05","1,350.30","1,339.96","30,12,665","4,03,68,62,096.95","70,106","23,02,396",76.42
KOTAKBANK,EQ,2015-02-25,"1,350.30","1,356.00","1,365.75","1,337.50","1,341.20","1,342.55","1,351.11","19,25,131","2,60,10,72,050.45","28,810","14,22,289",73.88
KOTAKBANK,EQ,2015-02-26,"1,342.55","1,341.40","1,349.40","1,315.00","1,324.00","1,333.35","1,335.69","19,28,360","2,57,56,83,300.90","29,848","14,23,654",73.83
KOTAKBANK,EQ,2015-02-27,"1,333.35","1,327.10","1,344.15","1,320.35","1,335.65","1,337.75","1,335.51","6,26,490","83,66,83,172.50","20,232","2,92,541",46.7
KOTAKBANK,EQ,2015-02-28,"1,337.75","1,347.50","1,408.00","1,330.00","1,402.25","1,397.05","1,372.31","10,84,005","1,48,75,87,034.05","30,910","4,55,781",42.05
KOTAKBANK,EQ,2015-03-02,"1,397.05","1,404.00","1,424.95","1,398.55","1,406.00","1,404.70","1,409.92","18,06,388","2,54,68,62,588.20","45,147","12,21,994",67.65
KOTAKBANK,EQ,2015-03-03,"1,404.70","1,409.00","1,417.50","1,403.65","1,406.05","1,408.70","1,409.36","16,27,970","2,29,43,89,779.10","28,545","13,18,131",80.97
KOTAKBANK,EQ,2015-03-04,"1,408.70","1,436.00","1,457.75","1,400.30","1,408.65","1,410.25","1,439.97","40,13,071","5,77,87,09,542.40","50,103","32,93,218",82.06
KOTAKBANK,EQ,2015-03-05,"1,410.25","1,404.00","1,422.00","1,402.00","1,420.00","1,412.25","1,409.73","14,30,259","2,01,62,74,323.20","39,277","9,35,613",65.42
KOTAKBANK,EQ,2015-03-09,"1,412.25","1,404.95","1,404.95","1,358.70","1,367.85","1,364.60","1,374.38","7,26,522","99,85,20,915.10","32,400","4,16,656",57.35
KOTAKBANK,EQ,2015-03-10,"1,364.60","1,367.85","1,371.70","1,319.00","1,351.95","1,347.80","1,345.14","7,28,663","98,01,50,827.95","42,438","3,01,064",41.32
KOTAKBANK,EQ,2015-03-11,"1,347.80","1,343.00","1,384.90","1,339.70","1,376.00","1,375.90","1,367.28","5,41,921","74,09,57,246.85","17,076","1,82,035",33.59
KOTAKBANK,EQ,2015-03-12,"1,375.90","1,387.00","1,390.65","1,354.85","1,365.15","1,370.00","1,375.64","4,10,797","56,51,10,751.65","15,485","1,47,427",35.89
KOTAKBANK,EQ,2015-03-13,"1,370.00","1,390.00","1,390.00","1,335.40","1,343.00","1,341.25","1,352.85","3,83,249","51,84,77,851.90","14,294","92,547",24.15
KOTAKBANK,EQ,2015-03-16,"1,341.25","1,337.00","1,343.70","1,303.95","1,316.60","1,314.95","1,317.74","8,26,611","1,08,92,58,020.65","42,476","4,60,406",55.7
KOTAKBANK,EQ,2015-03-17,"1,314.95","1,325.00","1,346.85","1,313.10","1,338.00","1,339.65","1,330.43","4,36,528","58,07,67,826.45","21,027","1,78,587",40.91
KOTAKBANK,EQ,2015-03-18,"1,339.65","1,339.70","1,348.50","1,324.15","1,340.15","1,342.90","1,337.53","5,82,065","77,85,30,490.80","31,720","2,96,126",50.88
KOTAKBANK,EQ,2015-03-19,"1,342.90","1,350.00","1,362.75","1,316.35","1,320.00","1,325.70","1,341.35","7,61,415","1,02,13,27,022.35","27,496","4,03,601",53.01
KOTAKBANK,EQ,2015-03-20,"1,325.70","1,321.00","1,344.00","1,307.00","1,341.50","1,339.70","1,323.55","7,94,887","1,05,20,72,418.95","37,664","3,45,824",43.51
KOTAKBANK,EQ,2015-03-23,"1,339.70","1,341.50","1,344.20","1,326.50","1,338.00","1,335.85","1,335.04","4,67,600","62,42,62,770.50","18,788","2,38,043",50.91
KOTAKBANK,EQ,2015-03-24,"1,335.85","1,326.10","1,362.00","1,326.10","1,340.20","1,340.75","1,340.33","3,24,316","43,46,91,019.15","13,846","1,46,194",45.08
KOTAKBANK,EQ,2015-03-25,"1,340.75","1,338.10","1,342.50","1,318.05","1,318.40","1,326.55","1,333.13","3,68,787","49,16,42,279.15","18,147","2,12,264",57.56
KOTAKBANK,EQ,2015-03-26,"1,326.55","1,314.70","1,338.85","1,300.00","1,319.50","1,305.40","1,311.09","19,96,369","2,61,74,14,670.05","27,424","14,56,053",72.94
KOTAKBANK,EQ,2015-03-27,"1,305.40","1,320.00","1,324.00","1,275.70","1,300.20","1,299.15","1,294.47","4,88,569","63,24,40,317.00","23,270","2,08,408",42.66
KOTAKBANK,EQ,2015-03-30,"1,299.15","1,301.40","1,319.55","1,290.75","1,310.00","1,311.85","1,306.06","8,51,656","1,11,23,17,695.35","21,099","5,97,932",70.21
KOTAKBANK,EQ,2015-03-31,"1,311.85","1,314.95","1,324.70","1,300.25","1,308.90","1,313.25","1,312.75","3,82,251","50,18,01,425.80","15,784","1,59,485",41.72
KOTAKBANK,EQ,2015-04-01,"1,313.25","1,322.90","1,368.80","1,305.20","1,362.50","1,361.05","1,332.14","4,82,614","64,29,08,121.00","21,080","1,37,370",28.46
KOTAKBANK,EQ,2015-04-06,"1,361.05","1,370.00","1,404.00","1,352.35","1,392.00","1,397.60","1,383.01","11,07,901","1,53,22,36,859.60","35,033","6,04,595",54.57
KOTAKBANK,EQ,2015-04-07,"1,397.60","1,399.90","1,413.10","1,370.10","1,384.05","1,386.85","1,386.63","15,74,149","2,18,27,56,678.05","32,668","11,40,711",72.47
KOTAKBANK,EQ,2015-04-08,"1,386.85","1,386.85","1,395.00","1,367.30","1,372.00","1,371.60","1,380.86","3,01,712","41,66,21,539.90","17,940","1,00,109",33.18
KOTAKBANK,EQ,2015-04-09,"1,371.60","1,379.00","1,444.30","1,365.90","1,430.00","1,430.60","1,422.22","16,09,223","2,28,86,75,316.15","55,057","7,76,788",48.27
KOTAKBANK,EQ,2015-04-10,"1,430.60","1,438.00","1,438.80","1,412.90","1,417.60","1,422.40","1,427.50","8,83,286","1,26,08,91,392.50","23,302","5,67,375",64.23
KOTAKBANK,EQ,2015-04-13,"1,422.40","1,421.95","1,453.65","1,410.10","1,447.35","1,445.60","1,437.15","8,13,198","1,16,86,89,203.50","36,063","3,73,188",45.89
KOTAKBANK,EQ,2015-04-15,"1,445.60","1,446.90","1,475.30","1,430.50","1,437.35","1,443.90","1,451.59","25,20,902","3,65,93,23,298.50","73,334","17,77,285",70.5
KOTAKBANK,EQ,2015-04-16,"1,443.90","1,443.00","1,446.35","1,408.00","1,415.90","1,418.40","1,419.02","7,28,246","1,03,33,94,947.80","19,992","3,47,701",47.74
KOTAKBANK,EQ,2015-04-17,"1,418.40","1,413.00","1,421.35","1,372.35","1,386.00","1,386.55","1,404.60","5,85,706","82,26,81,509.00","18,876","2,98,580",50.98
KOTAKBANK,EQ,2015-04-20,"1,386.55","1,382.10","1,386.95","1,360.20","1,365.00","1,370.90","1,372.98","12,14,792","1,66,78,89,082.85","56,374","8,46,400",69.67
KOTAKBANK,EQ,2015-04-21,"1,370.90","1,370.90","1,379.80","1,346.45","1,353.00","1,353.00","1,365.30","9,93,667","1,35,66,57,043.90","18,985","6,96,206",70.06
KOTAKBANK,EQ,2015-04-22,"1,353.00","1,354.95","1,380.95","1,304.05","1,370.00","1,362.25","1,335.76","8,49,809","1,13,51,38,483.35","29,264","2,24,836",26.46
KOTAKBANK,EQ,2015-04-23,"1,362.25","1,369.00","1,387.80","1,348.45","1,380.00","1,377.55","1,367.91","5,05,623","69,16,47,073.85","14,177","1,54,314",30.52
KOTAKBANK,EQ,2015-04-24,"1,377.55","1,376.00","1,389.50","1,336.05","1,372.00","1,368.25","1,361.00","8,46,360","1,15,18,95,997.75","16,779","3,82,317",45.17
KOTAKBANK,EQ,2015-04-27,"1,368.25","1,368.80","1,384.00","1,325.00","1,332.60","1,336.85","1,346.59","5,94,524","80,05,82,930.20","17,201","2,14,813",36.13
KOTAKBANK,EQ,2015-04-28,"1,336.85","1,332.25","1,362.50","1,313.00","1,336.00","1,342.05","1,342.62","9,73,808","1,30,74,52,451.40","21,974","4,97,078",51.04
KOTAKBANK,EQ,2015-04-29,"1,342.05","1,339.00","1,339.00","1,310.10","1,328.35","1,329.80","1,328.31","6,13,149","81,44,49,641.65","15,027","3,06,938",50.06
KOTAKBANK,EQ,2015-04-30,"1,329.80","1,320.00","1,339.60","1,297.30","1,333.00","1,332.90","1,322.21","21,56,534","2,85,13,93,847.75","39,504","13,75,125",63.77
KOTAKBANK,EQ,2015-05-04,"1,332.90","1,306.35","1,341.60","1,306.35","1,338.10","1,338.80","1,328.57","6,37,716","84,72,51,274.75","22,259","2,16,292",33.92
KOTAKBANK,EQ,2015-05-05,"1,338.80","1,347.85","1,429.45","1,342.05","1,424.45","1,423.25","1,396.53","33,40,686","4,66,53,58,117.75","95,438","5,30,596",15.88
KOTAKBANK,EQ,2015-05-06,"1,423.25","1,430.55","1,434.90","1,342.85","1,345.70","1,351.20","1,382.27","23,51,920","3,25,09,90,400.35","69,036","7,72,775",32.86
KOTAKBANK,EQ,2015-05-07,"1,351.20","1,352.00","1,352.00","1,292.00","1,301.00","1,308.20","1,319.86","14,54,642","1,91,99,16,978.10","45,095","4,74,583",32.63
KOTAKBANK,EQ,2015-05-08,"1,308.20","1,317.00","1,351.00","1,315.00","1,327.00","1,329.50","1,332.23","10,87,064","1,44,82,21,361.55","31,075","3,42,719",31.53
KOTAKBANK,EQ,2015-05-11,"1,329.50","1,334.90","1,351.20","1,324.05","1,335.05","1,339.05","1,338.95","7,09,506","94,99,91,600.30","24,515","2,42,428",34.17
KOTAKBANK,EQ,2015-05-12,"1,339.05","1,335.50","1,335.50","1,308.00","1,320.00","1,318.85","1,316.20","6,85,398","90,21,23,701.25","19,930","3,15,857",46.08
KOTAKBANK,EQ,2015-05-13,"1,318.85","1,322.10","1,351.25","1,311.00","1,341.90","1,341.50","1,332.45","9,09,085","1,21,13,13,140.80","25,686","2,79,452",30.74
KOTAKBANK,EQ,2015-05-14,"1,341.50","1,332.40","1,333.80","1,315.00","1,326.95","1,326.80","1,324.88","8,46,123","1,12,10,09,546.10","30,273","2,90,710",34.36
KOTAKBANK,EQ,2015-05-15,"1,326.80","1,334.00","1,351.80","1,328.00","1,344.05","1,344.55","1,343.88","7,81,126","1,04,97,42,129.05","19,396","4,18,701",53.6
KOTAKBANK,EQ,2015-05-18,"1,344.55","1,337.60","1,368.40","1,335.00","1,361.65","1,364.35","1,357.46","5,24,135","71,14,90,670.85","16,343","2,22,949",42.54
KOTAKBANK,EQ,2015-05-19,"1,364.35","1,364.00","1,393.55","1,362.10","1,376.00","1,377.30","1,378.83","7,84,230","1,08,13,17,801.85","21,927","2,66,170",33.94
KOTAKBANK,EQ,2015-05-20,"1,377.30","1,381.50","1,396.00","1,379.00","1,383.00","1,384.75","1,388.96","5,33,110","74,04,68,201.70","15,772","2,43,132",45.61
KOTAKBANK,EQ,2015-05-21,"1,384.75","1,381.35","1,401.00","1,368.00","1,400.00","1,397.50","1,387.86","5,41,906","75,20,90,260.45","17,356","1,99,408",36.8
KOTAKBANK,EQ,2015-05-22,"1,397.50","1,393.40","1,403.25","1,378.05","1,382.75","1,387.30","1,393.48","4,43,758","61,83,69,280.70","13,622","1,61,373",36.37
KOTAKBANK,EQ,2015-05-25,"1,387.30","1,385.00","1,394.40","1,358.00","1,372.90","1,375.10","1,377.68","6,18,529","85,21,32,969.95","22,558","1,78,024",28.78
KOTAKBANK,EQ,2015-05-26,"1,375.10","1,372.95","1,388.80","1,362.30","1,385.90","1,382.40","1,375.76","3,80,522","52,35,07,713.40","9,681","1,52,778",40.15
KOTAKBANK,EQ,2015-05-27,"1,382.40","1,374.90","1,383.10","1,368.50","1,375.45","1,374.55","1,375.00","6,51,593","89,59,42,854.25","20,056","4,01,771",61.66
KOTAKBANK,EQ,2015-05-28,"1,374.55","1,375.00","1,385.05","1,364.45","1,368.00","1,368.15","1,371.31","15,97,805","2,19,10,84,380.10","17,527","10,34,048",64.72
KOTAKBANK,EQ,2015-05-29,"1,368.15","1,357.10","1,405.00","1,357.10","1,395.35","1,399.30","1,387.23","6,56,184","91,02,75,547.70","22,661","3,02,592",46.11
KOTAKBANK,EQ,2015-06-01,"1,399.30","1,400.00","1,410.00","1,387.00","1,390.55","1,392.75","1,398.27","5,01,231","70,08,55,644.40","15,368","2,63,889",52.65
KOTAKBANK,EQ,2015-06-02,"1,392.75","1,390.55","1,394.35","1,352.35","1,359.90","1,359.30","1,365.14","7,37,049","1,00,61,75,637.65","15,367","4,09,803",55.6
KOTAKBANK,EQ,2015-06-03,"1,359.30","1,363.80","1,363.80","1,336.00","1,349.00","1,345.95","1,345.68","8,05,399","1,08,38,10,805.20","19,886","4,37,272",54.29
KOTAKBANK,EQ,2015-06-04,"1,345.95","1,350.05","1,370.00","1,340.00","1,365.00","1,365.00","1,355.08","7,25,939","98,37,04,376.15","19,719","3,83,799",52.87
KOTAKBANK,EQ,2015-06-05,"1,365.00","1,357.10","1,366.00","1,350.10","1,357.40","1,356.35","1,358.58","5,33,838","72,52,62,295.20","16,060","2,82,571",52.93
KOTAKBANK,EQ,2015-06-08,"1,356.35","1,360.00","1,361.90","1,342.10","1,352.00","1,352.85","1,351.91","3,54,919","47,98,18,039.75","12,593","1,71,651",48.36
KOTAKBANK,EQ,2015-06-09,"1,352.85","1,349.00","1,364.85","1,325.35","1,330.00","1,330.95","1,342.71","4,91,777","66,03,13,715.65","16,514","2,24,560",45.66
KOTAKBANK,EQ,2015-06-10,"1,330.95","1,330.95","1,345.95","1,325.05","1,334.00","1,334.60","1,336.61","4,19,152","56,02,43,810.55","13,417","1,71,694",40.96
KOTAKBANK,EQ,2015-06-11,"1,334.60","1,338.10","1,343.80","1,271.00","1,273.00","1,280.90","1,308.47","7,87,198","1,03,00,24,367.40","21,377","4,13,745",52.56
KOTAKBANK,EQ,2015-06-12,"1,280.90","1,272.20","1,319.70","1,264.20","1,313.25","1,311.10","1,289.50","7,89,481","1,01,80,36,332.20","19,031","4,52,144",57.27
KOTAKBANK,EQ,2015-06-15,"1,311.10","1,312.95","1,314.95","1,258.00","1,288.00","1,289.70","1,282.75","9,79,625","1,25,66,10,791.80","32,829","4,27,738",43.66
KOTAKBANK,EQ,2015-06-16,"1,289.70","1,267.00","1,295.70","1,262.20","1,293.50","1,289.15","1,275.66","6,12,044","78,07,58,708.10","22,722","2,03,798",33.3
KOTAKBANK,EQ,2015-06-17,"1,289.15","1,296.25","1,302.00","1,280.50","1,298.00","1,295.05","1,291.57","8,35,854","1,07,95,63,821.60","21,485","4,36,113",52.18
KOTAKBANK,EQ,2015-06-18,"1,295.05","1,298.55","1,314.40","1,289.50","1,302.00","1,307.40","1,305.07","10,09,112","1,31,69,61,800.45","27,136","5,68,377",56.32
KOTAKBANK,EQ,2015-06-19,"1,307.40","1,308.50","1,338.00","1,262.50","1,333.00","1,328.15","1,319.99","4,30,072","56,76,92,004.85","10,775","89,037",20.7
KOTAKBANK,EQ,2015-06-22,"1,328.15","1,336.95","1,373.65","1,328.30","1,355.55","1,357.90","1,360.36","6,22,738","84,71,45,603.20","25,120","2,75,488",44.24
KOTAKBANK,EQ,2015-06-23,"1,357.90","1,359.40","1,384.60","1,347.70","1,381.20","1,380.45","1,367.33","7,40,000","1,01,18,26,455.90","21,374","2,80,239",37.87
KOTAKBANK,EQ,2015-06-24,"1,380.45","1,380.00","1,395.00","1,366.20","1,382.55","1,383.80","1,382.72","5,89,068","81,45,17,234.30","22,690","2,59,806",44.1
KOTAKBANK,EQ,2015-06-25,"1,383.80","1,375.00","1,414.20","1,369.20","1,400.00","1,406.60","1,398.86","13,36,418","1,86,94,56,628.90","25,032","7,31,398",54.73
KOTAKBANK,EQ,2015-06-26,"1,406.60","1,390.00","1,392.00","1,373.95","1,382.00","1,380.30","1,381.27","5,05,187","69,78,01,526.65","17,926","1,68,707",33.39
KOTAKBANK,EQ,2015-06-29,"1,380.30","1,358.00","1,379.45","1,342.10","1,365.90","1,368.45","1,360.34","5,32,991","72,50,49,705.85","15,290","1,70,942",32.07
KOTAKBANK,EQ,2015-06-30,"1,368.45","1,378.00","1,403.50","1,374.00","1,376.00","1,385.80","1,389.62","9,39,685","1,30,58,07,178.30","27,585","3,81,396",40.59
KOTAKBANK,EQ,2015-07-01,"1,385.80","1,379.60","1,430.00","1,377.00","1,425.00","1,408.25","1,399.15","9,22,204","1,29,03,01,478.65","20,911","4,69,883",50.95
KOTAKBANK,EQ,2015-07-02,"1,408.25","1,414.00","1,439.35","1,402.65","1,433.00","1,435.35","1,422.79","8,38,893","1,19,35,71,900.45","19,083","3,54,457",42.25
KOTAKBANK,EQ,2015-07-03,"1,435.35","1,443.00","1,460.90","1,418.30","1,426.35","1,428.85","1,436.87","16,48,287","2,36,83,73,176.75","38,209","7,09,852",43.07
KOTAKBANK,EQ,2015-07-06,"1,428.85","1,440.00","1,464.00","1,430.00","1,446.00","1,443.90","1,447.73","21,55,953","3,12,12,41,706.95","41,179","12,37,801",57.41
KOTAKBANK,EQ,2015-07-07,"1,443.90","1,449.95","1,459.00","1,421.15","1,425.00","1,425.60","1,441.44","11,73,512","1,69,15,44,111.35","41,361","7,66,791",65.34
KOTAKBANK,EQ,2015-07-08,"1,425.60",703.85,712.25,693.05,706.90,707.10,701.40,"23,41,692","1,64,24,70,211.70","28,448","9,88,269",42.2
KOTAKBANK,EQ,2015-07-09,707.10,711.00,720.00,701.10,706.75,705.20,708.74,"7,79,560","55,25,09,218.30","17,296","1,91,154",24.52
KOTAKBANK,EQ,2015-07-10,705.20,707.00,711.50,696.70,711.00,709.40,704.24,"13,84,925","97,53,18,953.35","22,914","6,88,698",49.73
KOTAKBANK,EQ,2015-07-13,709.40,712.90,717.80,703.00,715.15,715.00,710.81,"9,55,100","67,88,98,784.70","17,967","4,63,875",48.57
KOTAKBANK,EQ,2015-07-14,715.00,714.95,715.25,704.00,710.00,710.70,708.81,"11,72,753","83,12,63,901.75","19,086","5,28,290",45.05
KOTAKBANK,EQ,2015-07-15,710.70,710.95,715.00,707.50,713.70,712.30,711.95,"8,93,968","63,64,64,390.60","31,905","5,28,548",59.12
KOTAKBANK,EQ,2015-07-16,712.30,713.95,743.00,712.20,742.00,741.25,732.48,"22,18,833","1,62,52,40,736.25","41,044","11,02,877",49.71
KOTAKBANK,EQ,2015-07-17,741.25,737.00,738.00,727.15,734.05,733.15,732.61,"11,57,806","84,82,22,847.10","22,515","4,01,592",34.69
KOTAKBANK,EQ,2015-07-20,733.15,735.20,740.00,725.10,737.10,736.60,732.08,"8,23,832","60,31,08,888.15","13,941","2,63,625",32.0
KOTAKBANK,EQ,2015-07-21,736.60,735.00,744.80,718.00,720.00,720.65,731.62,"9,68,228","70,83,75,266.75","14,779","4,05,094",41.84
KOTAKBANK,EQ,2015-07-22,720.65,719.10,733.70,717.50,729.90,728.65,726.18,"6,57,798","47,76,79,992.45","11,386","2,26,516",34.44
KOTAKBANK,EQ,2015-07-23,728.65,729.00,735.10,718.10,720.95,720.35,723.24,"9,22,877","66,74,62,127.00","22,560","4,28,511",46.43
KOTAKBANK,EQ,2015-07-24,720.35,720.00,730.00,717.60,723.95,724.70,725.85,"7,49,749","54,42,08,426.90","14,072","3,61,374",48.2
KOTAKBANK,EQ,2015-07-27,724.70,719.50,724.50,713.10,715.00,715.00,716.76,"7,86,515","56,37,40,015.65","13,793","3,29,232",41.86
KOTAKBANK,EQ,2015-07-28,715.00,717.90,731.40,717.50,731.40,729.40,726.41,"8,45,718","61,43,34,160.85","17,472","4,18,004",49.43
KOTAKBANK,EQ,2015-07-29,729.40,731.95,737.30,721.15,726.50,725.95,728.15,"9,34,479","68,04,37,630.55","20,734","3,59,324",38.45
KOTAKBANK,EQ,2015-07-30,725.95,733.50,733.95,713.80,718.00,716.80,719.61,"24,01,018","1,72,78,03,564.25","41,200","10,48,329",43.66
KOTAKBANK,EQ,2015-07-31,716.80,697.25,708.70,683.80,696.00,695.40,694.77,"49,43,619","3,43,46,56,690.60","93,001","23,56,587",47.67
KOTAKBANK,EQ,2015-08-03,695.40,694.95,705.55,687.15,691.00,690.20,695.16,"14,57,009","1,01,28,51,393.70","22,962","5,87,889",40.35
KOTAKBANK,EQ,2015-08-04,690.20,694.00,699.00,680.15,692.40,690.85,690.59,"14,65,951","1,01,23,71,449.60","27,484","4,69,970",32.06
KOTAKBANK,EQ,2015-08-05,690.85,695.00,695.60,683.35,695.00,691.90,689.11,"14,79,018","1,01,92,10,417.40","30,437","6,25,230",42.27
KOTAKBANK,EQ,2015-08-06,691.90,694.20,710.00,690.80,705.40,706.80,701.75,"11,85,758","83,21,09,174.05","21,905","6,21,766",52.44
KOTAKBANK,EQ,2015-08-07,706.80,705.90,712.50,701.35,705.90,705.00,706.50,"8,77,326","61,98,30,441.60","15,230","3,70,036",42.18
KOTAKBANK,EQ,2015-08-10,705.00,708.00,716.50,702.00,702.00,707.30,712.08,"9,66,468","68,82,06,229.55","23,744","4,87,067",50.4
KOTAKBANK,EQ,2015-08-11,707.30,706.85,710.95,699.90,703.45,704.70,705.23,"6,91,182","48,74,45,136.45","12,944","2,63,688",38.15
KOTAKBANK,EQ,2015-08-12,704.70,702.95,704.25,682.55,690.00,686.15,692.84,"7,86,631","54,50,11,955.50","13,500","3,84,867",48.93
KOTAKBANK,EQ,2015-08-13,686.15,688.00,695.00,683.10,693.00,690.75,690.07,"5,92,486","40,88,58,495.15","10,396","2,18,815",36.93
KOTAKBANK,EQ,2015-08-14,690.75,692.50,719.50,692.00,718.05,717.70,708.81,"8,22,516","58,30,10,688.00","20,368","3,74,815",45.57
KOTAKBANK,EQ,2015-08-17,717.70,718.80,724.75,705.50,715.55,719.80,716.74,"7,62,387","54,64,32,213.40","14,286","3,36,078",44.08
KOTAKBANK,EQ,2015-08-18,719.80,719.85,721.60,699.00,703.40,705.10,708.93,"4,73,957","33,60,01,511.45","10,050","1,43,202",30.21
KOTAKBANK,EQ,2015-08-19,705.10,704.70,718.70,697.30,711.05,712.40,712.13,"9,45,270","67,31,51,190.25","28,047","4,78,136",50.58
KOTAKBANK,EQ,2015-08-20,712.40,712.95,715.00,693.00,698.30,697.45,700.99,"8,15,752","57,18,34,943.25","21,550","2,94,569",36.11
KOTAKBANK,EQ,2015-08-21,697.45,689.60,700.00,680.00,686.60,688.00,686.70,"12,30,793","84,51,86,813.10","28,129","6,04,692",49.13
KOTAKBANK,EQ,2015-08-24,688.00,672.00,674.75,630.70,640.00,647.60,648.16,"24,96,993","1,61,84,46,315.45","63,428","13,40,928",53.7
KOTAKBANK,EQ,2015-08-25,647.60,658.00,660.50,621.90,644.00,639.45,642.67,"17,64,531","1,13,40,14,733.95","36,248","7,21,842",40.91
KOTAKBANK,EQ,2015-08-26,639.45,639.45,647.50,623.30,624.20,627.25,635.45,"12,74,155","80,96,68,119.05","25,130","5,46,638",42.9
KOTAKBANK,EQ,2015-08-27,627.25,625.00,655.30,625.00,652.70,650.40,645.48,"19,49,517","1,25,83,81,438.90","35,822","9,88,515",50.71
KOTAKBANK,EQ,2015-08-28,650.40,659.00,662.00,641.00,645.05,647.45,651.39,"12,17,068","79,27,86,153.95","20,717","5,83,829",47.97
KOTAKBANK,EQ,2015-08-31,647.45,642.00,658.90,637.50,650.50,651.70,650.63,"5,82,636","37,90,79,057.70","14,808","2,42,138",41.56
KOTAKBANK,EQ,2015-09-01,651.70,646.80,647.40,608.50,613.50,613.75,620.91,"22,57,583","1,40,17,61,597.05","57,466","14,53,145",64.37
KOTAKBANK,EQ,2015-09-02,613.75,617.95,619.00,601.00,608.00,608.70,608.22,"17,47,255","1,06,27,20,941.40","43,930","7,39,944",42.35
KOTAKBANK,EQ,2015-09-03,608.70,609.70,629.95,605.00,626.00,627.10,620.02,"18,35,581","1,13,80,90,958.70","32,368","10,46,869",57.03
KOTAKBANK,EQ,2015-09-04,627.10,623.80,623.80,594.50,607.20,606.30,604.47,"16,96,206","1,02,53,10,397.30","40,566","7,93,916",46.81
KOTAKBANK,EQ,2015-09-07,606.30,605.25,613.25,595.00,604.95,600.65,607.41,"12,36,366","75,09,76,151.35","38,446","5,96,570",48.25
KOTAKBANK,EQ,2015-09-08,600.65,604.00,624.50,600.55,621.00,620.40,614.36,"15,57,330","95,67,66,868.90","37,984","6,09,249",39.12
KOTAKBANK,EQ,2015-09-09,620.40,628.10,639.20,626.10,631.00,634.70,633.89,"12,66,193","80,26,29,506.15","20,899","6,27,767",49.58
KOTAKBANK,EQ,2015-09-10,634.70,623.80,639.80,612.25,638.50,635.30,625.57,"11,81,160","73,88,97,316.40","20,614","5,47,894",46.39
KOTAKBANK,EQ,2015-09-11,635.30,633.00,642.00,627.50,630.00,631.25,634.12,"9,51,314","60,32,51,593.70","17,996","4,85,450",51.03
KOTAKBANK,EQ,2015-09-14,631.25,631.90,649.30,630.35,645.75,645.75,641.67,"9,51,046","61,02,53,595.30","19,551","4,63,644",48.75
KOTAKBANK,EQ,2015-09-15,645.75,642.65,645.35,635.15,638.50,640.00,639.49,"7,35,590","47,04,06,000.85","16,297","3,08,727",41.97
KOTAKBANK,EQ,2015-09-16,640.00,643.30,647.00,635.10,639.95,641.00,640.93,"7,61,647","48,81,60,462.65","22,803","2,59,831",34.11
KOTAKBANK,EQ,2015-09-18,641.00,643.00,668.00,634.60,666.50,657.40,651.25,"29,44,603","1,91,76,80,355.25","45,324","17,02,572",57.82
KOTAKBANK,EQ,2015-09-21,657.40,659.10,669.00,654.00,664.00,665.45,664.17,"10,22,871","67,93,65,018.85","18,786","3,93,543",38.47
KOTAKBANK,EQ,2015-09-22,665.45,669.90,670.00,638.55,638.55,642.70,654.97,"10,51,333","68,85,92,806.00","22,379","4,73,698",45.06
KOTAKBANK,EQ,2015-09-23,642.70,631.00,662.00,631.00,662.00,658.65,651.50,"9,20,135","59,94,65,502.70","15,441","3,40,942",37.05
KOTAKBANK,EQ,2015-09-24,658.65,658.00,661.75,642.00,655.50,654.45,651.11,"18,13,214","1,18,05,96,660.45","33,620","8,69,396",47.95
KOTAKBANK,EQ,2015-09-28,654.45,653.05,659.90,638.65,641.00,641.10,649.54,"8,47,600","55,05,50,084.95","24,829","3,86,111",45.55
KOTAKBANK,EQ,2015-09-29,641.10,631.05,657.00,624.00,649.05,651.50,646.20,"14,91,149","96,35,81,206.50","33,888","5,71,841",38.35
KOTAKBANK,EQ,2015-09-30,651.50,653.00,657.75,642.50,648.10,648.10,647.00,"9,22,880","59,71,00,987.45","27,113","4,32,033",46.81
KOTAKBANK,EQ,2015-10-01,648.10,646.00,654.50,638.00,642.00,640.85,646.77,"9,61,145","62,16,39,740.95","16,723","3,66,324",38.11
KOTAKBANK,EQ,2015-10-05,640.85,649.90,660.00,637.45,654.50,653.05,653.23,"12,76,715","83,39,94,876.90","21,649","5,19,246",40.67
KOTAKBANK,EQ,2015-10-06,653.05,659.00,662.00,642.00,655.00,655.75,651.02,"10,58,174","68,88,93,478.30","17,826","2,85,762",27.01
KOTAKBANK,EQ,2015-10-07,655.75,655.25,665.00,651.00,661.00,660.50,658.83,"7,77,099","51,19,79,663.95","14,906","2,24,206",28.85
KOTAKBANK,EQ,2015-10-08,660.50,663.50,663.75,649.40,650.00,653.60,657.77,"14,66,553","96,46,53,927.70","24,145","7,10,719",48.46
KOTAKBANK,EQ,2015-10-09,653.60,655.95,662.00,653.80,659.70,659.50,658.01,"9,20,867","60,59,40,226.15","11,131","5,14,466",55.87
KOTAKBANK,EQ,2015-10-12,659.50,661.15,669.70,656.30,661.00,662.05,664.59,"6,06,173","40,28,54,321.55","11,778","1,99,306",32.88
KOTAKBANK,EQ,2015-10-13,662.05,660.60,664.75,651.00,657.50,656.05,656.03,"4,56,531","29,94,98,350.40","8,209","1,88,667",41.33
KOTAKBANK,EQ,2015-10-14,656.05,656.00,662.50,651.00,651.05,652.85,657.08,"6,54,482","43,00,45,696.65","8,296","2,68,821",41.07
KOTAKBANK,EQ,2015-10-15,652.85,655.50,664.00,652.15,654.05,653.45,656.47,"8,49,035","55,73,70,012.95","8,777","4,40,440",51.88
KOTAKBANK,EQ,2015-10-16,653.45,651.50,662.00,645.15,661.00,659.30,653.72,"9,12,296","59,63,90,341.95","14,034","4,24,033",46.48
KOTAKBANK,EQ,2015-10-19,659.30,659.95,663.00,653.45,657.20,658.35,657.48,"6,55,123","43,07,32,051.60","10,251","3,00,407",45.86
KOTAKBANK,EQ,2015-10-20,658.35,659.00,661.85,647.00,652.00,654.05,653.00,"9,64,026","62,95,07,872.55","14,835","3,05,141",31.65
KOTAKBANK,EQ,2015-10-21,654.05,653.95,660.00,650.05,655.70,656.60,654.77,"11,16,109","73,07,96,691.65","17,466","4,93,476",44.21
KOTAKBANK,EQ,2015-10-23,656.60,664.00,668.00,660.25,664.25,665.20,664.00,"8,61,832","57,22,56,237.60","16,729","4,14,295",48.07
KOTAKBANK,EQ,2015-10-26,665.20,668.85,669.00,654.60,661.95,661.90,660.67,"5,78,519","38,22,07,662.95","9,263","2,35,367",40.68
KOTAKBANK,EQ,2015-10-27,661.90,661.50,666.00,657.30,662.15,660.45,662.00,"6,00,518","39,75,41,859.95","8,290","2,73,743",45.58
KOTAKBANK,EQ,2015-10-28,660.45,658.70,677.00,657.95,673.30,671.45,672.59,"15,06,140","1,01,30,07,408.75","27,530","5,74,444",38.14
KOTAKBANK,EQ,2015-10-29,671.45,673.00,675.00,660.85,664.00,664.00,666.92,"18,49,449","1,23,34,32,453.20","27,212","7,64,577",41.34
KOTAKBANK,EQ,2015-10-30,664.00,664.90,693.80,661.65,687.50,687.65,682.68,"44,15,610","3,01,44,43,986.20","63,279","13,50,755",30.59
KOTAKBANK,EQ,2015-11-02,687.65,688.00,689.00,680.00,685.00,686.50,685.12,"9,32,811","63,90,87,612.00","18,429","4,14,134",44.4
KOTAKBANK,EQ,2015-11-03,686.50,688.10,690.00,675.70,681.75,683.10,684.18,"10,76,363","73,64,31,091.20","16,051","4,64,432",43.15
KOTAKBANK,EQ,2015-11-04,683.10,687.50,688.95,670.00,670.80,672.85,679.13,"4,37,218","29,69,28,560.20","8,494","1,61,202",36.87
KOTAKBANK,EQ,2015-11-05,672.85,671.90,671.90,647.90,652.85,650.60,657.74,"9,31,220","61,25,05,058.15","15,349","4,24,561",45.59
KOTAKBANK,EQ,2015-11-06,650.60,648.50,665.50,647.15,665.00,656.50,654.40,"5,69,044","37,23,84,965.40","11,920","2,14,799",37.75
KOTAKBANK,EQ,2015-11-09,656.50,643.10,663.70,634.65,658.90,660.10,648.66,"11,69,502","75,86,05,432.15","24,399","4,94,250",42.26
KOTAKBANK,EQ,2015-11-10,660.10,653.10,658.05,645.00,648.25,646.85,649.25,"6,52,634","42,37,20,065.20","9,290","3,34,795",51.3
KOTAKBANK,EQ,2015-11-11,646.85,657.00,659.70,653.75,655.40,655.55,655.89,"1,55,241","10,18,20,903.40","3,642","50,900",32.79
KOTAKBANK,EQ,2015-11-13,655.55,653.40,673.85,647.00,669.00,669.60,666.22,"8,88,356","59,18,40,818.60","20,276","3,65,892",41.19
KOTAKBANK,EQ,2015-11-16,669.60,666.00,689.50,666.00,677.55,679.10,681.10,"11,11,593","75,71,02,230.30","17,459","4,62,482",41.61
KOTAKBANK,EQ,2015-11-17,679.10,680.80,681.00,672.50,677.00,677.15,676.70,"4,71,769","31,92,44,352.70","8,165","1,52,572",32.34
KOTAKBANK,EQ,2015-11-18,677.15,671.05,682.90,667.65,669.60,672.80,675.29,"7,02,561","47,44,34,981.35","9,737","2,85,142",40.59
KOTAKBANK,EQ,2015-11-19,672.80,675.95,684.00,670.05,681.50,682.10,678.88,"6,35,557","43,14,69,488.35","12,353","2,20,262",34.66
KOTAKBANK,EQ,2015-11-20,682.10,680.05,692.65,678.55,682.15,682.30,687.42,"10,21,787","70,23,94,335.50","16,587","4,62,597",45.27
KOTAKBANK,EQ,2015-11-23,682.30,688.40,694.00,680.00,683.00,684.10,686.41,"5,88,043","40,36,36,329.35","11,999","1,54,810",26.33
KOTAKBANK,EQ,2015-11-24,684.10,683.10,685.30,675.30,679.50,677.60,680.26,"4,58,845","31,21,31,708.65","8,950","1,78,284",38.85
KOTAKBANK,EQ,2015-11-26,677.60,680.10,687.50,676.30,686.30,685.20,681.49,"4,67,400","31,85,28,376.45","9,313","1,40,733",30.11
KOTAKBANK,EQ,2015-11-27,685.20,685.20,702.95,683.00,697.00,698.75,696.12,"12,30,913","85,68,64,178.40","26,373","5,41,585",44.0
KOTAKBANK,EQ,2015-11-30,698.75,697.70,697.70,688.70,692.00,692.35,692.60,"6,80,738","47,14,79,150.00","22,679","2,87,554",42.24
KOTAKBANK,EQ,2015-12-01,692.35,693.50,695.50,686.60,691.00,688.60,690.40,"4,35,334","30,05,54,440.15","9,674","1,27,488",29.29
KOTAKBANK,EQ,2015-12-02,688.60,691.00,692.35,677.00,678.00,680.45,681.70,"3,89,654","26,56,28,840.45","8,925","1,18,422",30.39
KOTAKBANK,EQ,2015-12-03,680.45,676.00,683.50,670.90,673.50,674.80,678.13,"4,00,981","27,19,19,120.70","9,351","1,05,959",26.42
KOTAKBANK,EQ,2015-12-04,674.80,671.90,675.35,661.00,661.75,664.65,667.92,"12,63,578","84,39,64,608.05","13,788","8,97,285",71.01
KOTAKBANK,EQ,2015-12-07,664.65,664.95,673.80,664.00,672.00,671.60,668.98,"4,51,691","30,21,70,386.80","9,255","1,87,220",41.45
KOTAKBANK,EQ,2015-12-08,671.60,668.00,678.00,667.05,673.05,674.00,673.91,"6,91,564","46,60,49,445.00","14,336","4,25,768",61.57
KOTAKBANK,EQ,2015-12-09,674.00,672.70,676.60,665.80,670.00,668.60,669.38,"2,97,119","19,88,85,744.10","7,415","1,12,658",37.92
KOTAKBANK,EQ,2015-12-10,668.60,669.40,680.55,665.00,679.00,677.90,674.04,"6,16,494","41,55,43,235.80","14,990","2,33,164",37.82
KOTAKBANK,EQ,2015-12-11,677.90,682.00,682.00,663.90,665.00,667.70,670.48,"5,72,988","38,41,75,277.20","18,305","2,34,220",40.88
KOTAKBANK,EQ,2015-12-14,667.70,663.90,677.50,663.00,677.50,674.10,672.45,"8,71,886","58,63,03,648.80","23,746","5,01,595",57.53
KOTAKBANK,EQ,2015-12-15,674.10,673.95,688.90,667.50,684.60,686.60,679.79,"10,56,697","71,83,29,494.60","23,961","6,91,257",65.42
KOTAKBANK,EQ,2015-12-16,686.60,689.90,697.00,684.00,697.00,694.50,692.68,"11,93,181","82,64,93,589.60","22,403","7,76,084",65.04
KOTAKBANK,EQ,2015-12-17,694.50,696.90,705.00,688.40,700.55,703.20,698.88,"14,41,821","1,00,76,55,221.50","19,911","8,15,964",56.59
KOTAKBANK,EQ,2015-12-18,703.20,698.65,706.00,693.05,705.50,702.45,698.93,"11,24,253","78,57,78,492.85","17,215","8,02,041",71.34
KOTAKBANK,EQ,2015-12-21,702.45,702.00,708.00,699.00,703.00,705.90,704.22,"8,34,005","58,73,21,821.90","23,415","3,98,034",47.73
KOTAKBANK,EQ,2015-12-22,705.90,705.80,705.90,694.30,699.00,698.20,699.69,"7,44,406","52,08,53,027.75","26,798","3,85,355",51.77
KOTAKBANK,EQ,2015-12-23,698.20,701.70,705.00,696.40,704.35,702.55,702.60,"4,39,560","30,88,33,588.35","11,220","2,29,967",52.32
KOTAKBANK,EQ,2015-12-24,702.55,701.00,704.40,697.00,703.50,701.35,699.98,"4,84,103","33,88,60,594.95","22,700","1,83,347",37.87
KOTAKBANK,EQ,2015-12-28,701.35,699.05,713.45,698.40,707.25,708.00,708.22,"10,50,620","74,40,73,202.70","14,657","6,93,265",65.99
KOTAKBANK,EQ,2015-12-29,708.00,708.00,714.50,705.00,706.15,706.20,708.81,"10,91,896","77,39,51,999.70","16,287","5,38,829",49.35
KOTAKBANK,EQ,2015-12-30,706.20,708.00,710.50,704.50,708.10,709.15,707.09,"4,67,293","33,04,18,765.45","14,145","2,79,735",59.86
KOTAKBANK,EQ,2015-12-31,709.15,706.15,723.85,706.15,715.80,720.05,714.88,"11,64,210","83,22,66,769.45","19,248","5,50,923",47.32
KOTAKBANK,EQ,2016-01-01,720.05,720.0,729.85,711.25,728.0,727.25,721.82,"6,22,438","44,92,86,067.80","9,458","3,58,207",57.55
KOTAKBANK,EQ,2016-01-04,727.25,727.0,727.0,703.85,704.7,705.3,710.25,"12,22,447","86,82,45,956.60","23,149","7,55,455",61.8
KOTAKBANK,EQ,2016-01-05,705.3,708.1,712.8,705.0,705.35,707.75,709.41,"6,89,842","48,93,77,720.95","12,975","3,86,323",56.0
KOTAKBANK,EQ,2016-01-06,707.75,704.0,711.0,697.0,703.9,703.6,704.94,"6,01,664","42,41,39,433.55","14,026","2,07,975",34.57
KOTAKBANK,EQ,2016-01-07,703.6,697.5,703.0,689.15,693.95,691.65,695.64,"6,32,696","44,01,30,082.05","15,240","2,44,129",38.59
KOTAKBANK,EQ,2016-01-08,691.65,694.2,704.0,693.55,695.0,695.1,698.63,"4,46,029","31,16,11,194.95","9,487","1,92,884",43.24
KOTAKBANK,EQ,2016-01-11,695.1,690.0,704.75,681.0,701.5,700.85,694.14,"5,77,659","40,09,78,333.25","17,480","2,13,417",36.95
KOTAKBANK,EQ,2016-01-12,700.85,699.9,700.7,684.55,693.3,692.0,690.17,"8,34,020","57,56,19,034.90","23,947","4,20,395",50.41
KOTAKBANK,EQ,2016-01-13,692.0,698.05,700.65,682.25,689.65,689.15,691.13,"6,73,206","46,52,72,673.90","14,884","2,32,180",34.49
KOTAKBANK,EQ,2016-01-14,689.15,682.0,690.95,673.0,679.9,684.1,682.28,"8,90,445","60,75,35,682.55","19,379","3,90,150",43.82
KOTAKBANK,EQ,2016-01-15,684.1,679.4,689.1,671.0,671.9,675.6,681.15,"10,88,741","74,15,95,129.60","22,206","7,00,598",64.35
KOTAKBANK,EQ,2016-01-18,675.6,676.0,686.8,663.1,667.1,667.4,675.67,"22,06,808","1,49,10,69,762.30","36,684","6,16,396",27.93
KOTAKBANK,EQ,2016-01-19,667.4,670.05,676.0,663.55,668.0,668.7,669.53,"11,05,205","73,99,72,239.80","25,074","5,20,542",47.1
KOTAKBANK,EQ,2016-01-20,668.7,660.0,700.0,652.6,662.0,662.65,659.66,"7,10,377","46,86,04,359.95","19,101","3,20,252",45.08
KOTAKBANK,EQ,2016-01-21,662.65,671.5,677.15,651.0,660.15,660.85,661.42,"8,50,780","56,27,18,685.30","20,813","3,41,636",40.16
KOTAKBANK,EQ,2016-01-22,660.85,671.0,689.0,664.2,680.3,683.05,681.96,"10,01,784","68,31,78,022.25","23,795","5,42,476",54.15
KOTAKBANK,EQ,2016-01-25,683.05,685.0,685.0,674.5,680.0,681.0,680.11,"7,06,865","48,07,48,083.40","19,280","1,97,221",27.9
KOTAKBANK,EQ,2016-01-27,681.0,680.0,682.4,666.35,674.0,674.6,674.13,"6,55,762","44,20,67,158.40","22,088","2,50,670",38.23
KOTAKBANK,EQ,2016-01-28,674.6,675.0,680.0,660.25,664.5,663.25,667.94,"14,68,731","98,10,29,839.00","17,704","8,67,942",59.09
KOTAKBANK,EQ,2016-01-29,663.25,664.5,686.0,664.5,683.15,683.6,673.11,"16,45,577","1,10,76,59,562.50","14,116","12,11,615",73.63
KOTAKBANK,EQ,2016-02-01,683.6,683.15,691.0,679.5,687.9,687.7,687.64,"5,92,570","40,74,74,376.30","9,373","2,37,803",40.13
KOTAKBANK,EQ,2016-02-02,687.7,687.0,691.0,671.5,674.45,677.15,684.76,"6,01,307","41,17,53,494.85","12,282","2,00,062",33.27
KOTAKBANK,EQ,2016-02-03,677.15,672.0,672.0,661.7,664.0,665.55,666.51,"12,07,032","80,45,01,605.70","21,029","7,82,326",64.81
KOTAKBANK,EQ,2016-02-04,665.55,670.4,680.8,668.65,677.1,676.25,676.16,"4,82,546","32,62,79,449.95","12,154","1,43,393",29.72
KOTAKBANK,EQ,2016-02-05,676.25,677.0,697.3,675.45,693.0,692.0,690.12,"18,68,377","1,28,94,11,190.25","22,535","13,42,143",71.83
KOTAKBANK,EQ,2016-02-08,692.0,694.75,694.75,670.3,671.0,673.1,684.1,"5,73,936","39,26,30,059.35","11,449","2,18,459",38.06
KOTAKBANK,EQ,2016-02-09,673.1,667.95,680.0,662.35,678.1,677.05,670.17,"8,97,961","60,17,83,760.45","28,058","2,86,908",31.95
KOTAKBANK,EQ,2016-02-10,677.05,677.0,679.95,661.15,667.1,667.35,667.33,"9,96,355","66,49,01,249.45","27,966","4,55,551",45.72
KOTAKBANK,EQ,2016-02-11,667.35,667.0,667.0,625.0,630.0,628.95,643.08,"15,85,567","1,01,96,53,381.85","44,903","7,92,705",50.0
KOTAKBANK,EQ,2016-02-12,628.95,630.0,637.0,613.7,620.45,622.0,626.06,"13,00,513","81,42,03,037.25","35,114","4,82,492",37.1
KOTAKBANK,EQ,2016-02-15,622.0,627.0,636.4,622.05,622.05,625.25,629.51,"12,76,295","80,34,42,361.50","42,429","7,33,125",57.44
KOTAKBANK,EQ,2016-02-16,625.25,629.9,630.0,615.0,620.0,620.25,621.18,"7,40,669","46,00,89,079.40","20,958","2,86,144",38.63
KOTAKBANK,EQ,2016-02-17,620.25,619.0,629.9,610.0,626.6,625.3,617.44,"9,55,916","59,02,17,773.90","36,633","3,46,920",36.29
KOTAKBANK,EQ,2016-02-18,625.3,630.0,637.75,624.15,636.95,635.55,631.51,"8,49,665","53,65,73,051.30","13,514","3,15,566",37.14
KOTAKBANK,EQ,2016-02-19,635.55,632.55,639.9,625.3,631.9,631.2,631.5,"5,86,848","37,05,93,939.55","11,412","1,31,223",22.36
KOTAKBANK,EQ,2016-02-22,631.2,634.0,642.2,632.15,639.5,640.2,638.21,"4,44,582","28,37,38,748.10","8,718","1,41,013",31.72
KOTAKBANK,EQ,2016-02-23,640.2,639.0,639.0,620.0,621.05,623.0,625.49,"6,35,282","39,73,65,259.60","17,662","2,39,796",37.75
KOTAKBANK,EQ,2016-02-24,623.0,620.35,629.95,616.5,617.95,618.75,620.67,"6,69,471","41,55,18,019.15","10,655","2,68,180",40.06
KOTAKBANK,EQ,2016-02-25,618.75,621.0,621.5,604.5,609.0,606.85,610.75,"10,23,867","62,53,25,026.90","15,851","5,05,793",49.4
KOTAKBANK,EQ,2016-02-26,606.85,614.0,621.4,606.6,615.9,615.75,616.17,"5,86,436","36,13,46,611.10","10,908","2,20,003",37.52
KOTAKBANK,EQ,2016-02-29,615.75,615.0,640.35,585.75,632.1,630.4,623.43,"20,99,387","1,30,88,22,834.85","31,219","9,95,297",47.41
KOTAKBANK,EQ,2016-03-01,630.4,620.0,641.2,620.0,640.4,638.45,635.61,"19,80,463","1,25,87,93,074.60","33,999","8,14,800",41.14
KOTAKBANK,EQ,2016-03-02,638.45,647.25,659.95,641.7,656.8,656.3,653.08,"12,43,691","81,22,35,182.20","27,870","4,71,248",37.89
KOTAKBANK,EQ,2016-03-03,656.3,658.0,661.5,649.95,657.0,657.65,655.69,"9,22,424","60,48,21,711.70","16,855","3,86,465",41.9
KOTAKBANK,EQ,2016-03-04,657.65,658.0,669.85,645.0,667.2,665.65,656.51,"7,16,481","47,03,74,778.45","11,843","1,63,951",22.88
KOTAKBANK,EQ,2016-03-08,665.65,664.95,665.8,648.05,651.4,650.55,654.65,"6,63,558","43,43,98,830.50","10,926","3,36,700",50.74
KOTAKBANK,EQ,2016-03-09,650.55,649.95,664.15,647.7,658.45,659.9,656.97,"8,12,862","53,40,27,802.90","14,693","2,48,142",30.53
KOTAKBANK,EQ,2016-03-10,659.9,670.0,670.0,651.1,656.5,654.6,658.44,"35,66,707","2,34,84,73,183.80","56,243","28,92,486",81.1
KOTAKBANK,EQ,2016-03-11,654.6,657.0,659.1,640.5,644.0,642.65,649.34,"42,93,624","2,78,80,19,043.30","54,526","31,49,782",73.36
KOTAKBANK,EQ,2016-03-14,642.65,649.9,650.1,632.55,633.35,636.8,641.43,"25,66,102","1,64,59,80,182.30","71,906","18,98,179",73.97
KOTAKBANK,EQ,2016-03-15,636.8,637.9,643.0,632.05,639.0,639.5,638.92,"21,50,997","1,37,43,11,631.20","72,622","14,66,633",68.18
KOTAKBANK,EQ,2016-03-16,639.5,636.5,653.35,635.5,653.0,651.25,645.46,"21,53,716","1,39,01,46,863.75","53,058","12,25,483",56.9
KOTAKBANK,EQ,2016-03-17,651.25,655.9,657.25,644.2,646.8,651.25,652.78,"57,90,597","3,77,99,93,968.75","90,650","48,24,897",83.32
KOTAKBANK,EQ,2016-03-18,651.25,650.0,660.95,648.8,657.6,658.8,655.32,"19,39,198","1,27,08,03,873.45","50,000","12,64,006",65.18
KOTAKBANK,EQ,2016-03-21,658.8,660.05,665.0,652.6,661.0,663.7,659.89,"11,64,363","76,83,53,458.50","35,851","5,84,664",50.21
KOTAKBANK,EQ,2016-03-22,663.7,660.05,669.85,655.0,668.0,666.3,661.34,"11,79,559","78,00,88,030.40","33,478","5,99,294",50.81
KOTAKBANK,EQ,2016-03-23,666.3,666.0,675.8,655.1,661.95,659.95,662.09,"32,69,570","2,16,47,63,525.65","56,716","22,22,681",67.98
KOTAKBANK,EQ,2016-03-28,659.95,664.45,677.9,660.55,671.25,669.6,669.87,"29,04,848","1,94,58,80,068.70","63,463","19,32,723",66.53
KOTAKBANK,EQ,2016-03-29,669.6,670.05,682.0,668.95,672.15,671.5,674.29,"19,66,330","1,32,58,75,539.15","39,305","10,82,449",55.05
KOTAKBANK,EQ,2016-03-30,671.5,675.05,686.5,665.5,684.6,683.85,677.12,"28,27,418","1,91,44,98,180.10","92,647","19,05,894",67.41
KOTAKBANK,EQ,2016-03-31,683.85,677.1,694.9,677.1,682.95,680.65,683.49,"39,82,132","2,72,17,39,261.45","74,415","26,46,068",66.45
KOTAKBANK,EQ,2016-04-01,680.65,682.0,686.65,677.15,678.1,679.9,680.69,"14,70,326","1,00,08,38,149.25","59,174","7,74,308",52.66
KOTAKBANK,EQ,2016-04-04,679.9,681.5,689.3,674.25,685.3,687.3,680.84,"20,59,957","1,40,25,07,904.70","52,460","13,88,551",67.41
KOTAKBANK,EQ,2016-04-05,687.3,684.0,684.75,664.75,665.5,668.75,674.27,"28,92,523","1,95,03,42,657.80","51,208","19,02,538",65.77
KOTAKBANK,EQ,2016-04-06,668.75,669.0,674.3,664.3,668.4,668.0,669.3,"16,83,758","1,12,69,35,130.25","74,449","10,83,886",64.37
KOTAKBANK,EQ,2016-04-07,668.0,667.0,668.0,655.5,663.85,662.5,662.7,"16,19,424","1,07,31,97,836.05","69,714","9,36,678",57.84
KOTAKBANK,EQ,2016-04-08,662.5,658.1,670.4,658.1,665.1,665.35,665.57,"10,07,741","67,07,26,939.45","27,284","6,25,166",62.04
KOTAKBANK,EQ,2016-04-11,665.35,670.9,674.95,660.3,669.85,671.3,667.55,"19,90,818","1,32,89,70,565.20","42,521","12,30,445",61.81
KOTAKBANK,EQ,2016-04-12,671.3,669.85,682.05,669.75,682.0,677.35,676.66,"11,85,688","80,23,09,328.25","27,167","7,63,606",64.4
KOTAKBANK,EQ,2016-04-13,677.35,687.0,699.95,683.2,690.65,692.35,692.81,"24,37,798","1,68,89,36,520.60","49,904","17,02,339",69.83
KOTAKBANK,EQ,2016-04-18,692.35,691.1,691.1,657.7,683.0,683.35,681.49,"16,38,201","1,11,64,13,372.05","50,623","8,51,676",51.99
KOTAKBANK,EQ,2016-04-20,683.35,687.4,692.0,680.2,685.6,687.15,686.71,"10,87,651","74,69,05,495.00","39,154","6,65,477",61.18
KOTAKBANK,EQ,2016-04-21,687.15,689.0,689.6,683.15,685.55,686.7,686.04,"21,37,424","1,46,63,50,325.30","41,638","15,09,768",70.63
KOTAKBANK,EQ,2016-04-22,686.7,680.05,683.75,672.95,678.4,676.1,678.81,"19,75,006","1,34,06,48,128.05","37,058","14,92,372",75.56
KOTAKBANK,EQ,2016-04-25,676.1,671.1,682.85,671.1,682.5,680.45,678.53,"12,11,689","82,21,69,688.20","26,929","8,33,539",68.79
KOTAKBANK,EQ,2016-04-26,680.45,679.95,705.0,678.85,704.1,700.85,692.68,"21,08,459","1,46,04,80,325.80","36,778","13,47,560",63.91
KOTAKBANK,EQ,2016-04-27,700.85,702.4,719.8,701.0,711.45,712.5,712.52,"19,29,112","1,37,45,39,943.45","66,441","11,12,804",57.68
KOTAKBANK,EQ,2016-04-28,712.5,715.0,718.4,698.5,701.1,701.45,705.98,"15,15,244","1,06,97,35,747.40","39,303","9,57,955",63.22
KOTAKBANK,EQ,2016-04-29,701.45,699.0,719.35,695.5,715.85,717.15,711.13,"14,90,141","1,05,96,82,696.65","33,445","7,95,715",53.4
KOTAKBANK,EQ,2016-05-02,717.15,714.2,724.75,712.1,717.1,718.2,719.45,"12,96,560","93,28,08,387.45","25,756","6,97,180",53.77
KOTAKBANK,EQ,2016-05-03,718.2,719.0,722.95,699.0,708.1,707.45,709.2,"13,58,193","96,32,32,958.70","36,880","6,76,379",49.8
KOTAKBANK,EQ,2016-05-04,707.45,706.05,720.6,704.8,711.0,712.65,716.02,"21,11,368","1,51,17,82,755.80","48,736","14,57,516",69.03
KOTAKBANK,EQ,2016-05-05,712.65,713.9,715.25,704.05,710.45,709.15,708.64,"9,75,973","69,16,13,792.55","28,322","5,84,071",59.84
KOTAKBANK,EQ,2016-05-06,709.15,706.05,710.0,696.1,703.45,702.95,701.34,"6,67,263","46,79,81,463.45","22,257","3,24,748",48.67
KOTAKBANK,EQ,2016-05-09,702.95,703.0,716.0,702.9,714.0,713.85,712.75,"18,85,335","1,34,37,69,265.35","58,420","12,92,287",68.54
KOTAKBANK,EQ,2016-05-10,713.85,717.75,730.0,711.4,730.0,722.85,717.01,"15,76,803","1,13,05,85,612.25","36,417","9,84,522",62.44
KOTAKBANK,EQ,2016-05-11,722.85,717.8,737.0,714.0,730.4,731.55,730.08,"41,17,417","3,00,60,54,807.85","92,446","16,01,722",38.9
KOTAKBANK,EQ,2016-05-12,731.55,735.7,743.75,721.0,726.6,726.75,734.1,"27,85,763","2,04,50,32,053.65","65,184","14,35,747",51.54
KOTAKBANK,EQ,2016-05-13,726.75,727.0,728.9,707.0,708.5,708.25,714.81,"14,29,506","1,02,18,18,544.30","51,502","7,99,993",55.96
KOTAKBANK,EQ,2016-05-16,708.25,708.1,720.0,703.0,716.5,718.25,712.05,"24,38,969","1,73,66,60,606.45","56,985","15,53,045",63.68
KOTAKBANK,EQ,2016-05-17,718.25,719.0,725.0,708.0,708.05,708.9,716.45,"24,71,677","1,77,08,37,719.25","53,755","16,74,510",67.75
KOTAKBANK,EQ,2016-05-18,708.9,708.0,713.65,700.25,710.0,708.9,706.38,"11,47,912","81,08,61,165.95","39,376","5,83,168",50.8
KOTAKBANK,EQ,2016-05-19,708.9,708.25,710.5,701.65,706.0,706.05,706.99,"9,64,151","68,16,43,648.65","32,489","4,66,655",48.4
KOTAKBANK,EQ,2016-05-20,706.05,709.9,710.7,700.25,701.5,702.15,705.58,"6,00,500","42,36,99,536.75","27,847","1,99,166",33.17
KOTAKBANK,EQ,2016-05-23,702.15,706.0,710.65,701.0,701.0,703.15,705.54,"14,37,987","1,01,45,51,794.05","53,362","9,71,028",67.53
KOTAKBANK,EQ,2016-05-24,703.15,702.9,702.95,692.5,698.05,698.4,697.14,"20,68,972","1,44,23,53,324.85","45,371","15,98,504",77.26
KOTAKBANK,EQ,2016-05-25,698.4,704.0,715.5,700.5,714.85,712.75,710.5,"29,07,812","2,06,59,87,698.10","65,454","21,10,594",72.58
KOTAKBANK,EQ,2016-05-26,712.75,716.1,739.0,714.35,734.0,730.2,723.92,"19,36,113","1,40,15,91,554.80","40,119","12,59,224",65.04
KOTAKBANK,EQ,2016-05-27,730.2,734.4,744.65,733.1,738.1,742.55,738.55,"12,93,521","95,53,32,114.35","27,224","7,12,640",55.09
KOTAKBANK,EQ,2016-05-30,742.55,748.7,754.5,740.05,741.0,742.6,745.71,"7,29,005","54,36,27,334.85","23,368","3,23,152",44.33
KOTAKBANK,EQ,2016-05-31,742.6,743.3,750.0,739.5,744.65,746.55,744.99,"11,67,685","86,99,13,082.20","22,934","7,19,243",61.6
KOTAKBANK,EQ,2016-06-01,746.55,749.75,749.75,740.4,749.0,745.35,743.22,"9,18,251","68,24,64,783.85","44,881","5,45,237",59.38
KOTAKBANK,EQ,2016-06-02,745.35,749.0,750.0,736.4,745.95,746.3,742.62,"16,05,981","1,19,26,33,481.35","45,991","9,16,820",57.09
KOTAKBANK,EQ,2016-06-03,746.3,750.0,772.45,743.1,769.0,769.3,762.71,"24,80,775","1,89,21,11,810.10","46,213","15,73,014",63.41
KOTAKBANK,EQ,2016-06-06,769.3,770.1,775.0,762.55,764.6,765.25,767.59,"11,57,650","88,85,99,801.85","31,442","6,94,299",59.97
KOTAKBANK,EQ,2016-06-07,765.25,770.0,778.85,760.85,769.15,772.05,772.2,"18,57,761","1,43,45,56,231.05","51,109","12,39,973",66.75
KOTAKBANK,EQ,2016-06-08,772.05,768.1,770.0,755.0,759.4,759.35,759.23,"12,27,612","93,20,34,782.30","30,725","7,43,169",60.54
KOTAKBANK,EQ,2016-06-09,759.35,761.9,761.9,750.1,754.3,752.75,753.99,"13,01,396","98,12,43,376.95","42,354","8,44,032",64.86
KOTAKBANK,EQ,2016-06-10,752.75,751.1,757.5,743.35,750.0,750.7,750.56,"15,10,634","1,13,38,22,572.15","49,062","9,80,274",64.89
KOTAKBANK,EQ,2016-06-13,750.7,746.0,757.45,745.0,753.1,755.9,749.93,"16,29,842","1,22,22,62,501.10","32,062","11,35,991",69.7
KOTAKBANK,EQ,2016-06-14,755.9,758.5,758.5,749.3,752.25,752.1,752.49,"6,63,569","49,93,31,898.40","16,253","3,31,405",49.94
KOTAKBANK,EQ,2016-06-15,752.1,757.0,768.1,753.0,765.35,765.55,759.32,"8,87,211","67,36,81,306.85","18,831","5,49,969",61.99
KOTAKBANK,EQ,2016-06-16,765.55,765.9,765.9,746.35,752.8,754.45,753.36,"10,79,000","81,28,72,004.90","25,516","5,98,938",55.51
KOTAKBANK,EQ,2016-06-17,754.45,756.0,760.85,748.75,749.15,751.1,752.22,"8,14,258","61,25,04,297.40","37,162","5,02,926",61.76
KOTAKBANK,EQ,2016-06-20,751.1,741.8,756.8,740.0,749.25,751.95,752.04,"8,94,007","67,23,27,560.20","29,539","5,23,956",58.61
KOTAKBANK,EQ,2016-06-21,751.95,750.1,753.55,742.8,744.6,746.75,747.46,"7,02,853","52,53,54,959.40","19,432","4,34,906",61.88
KOTAKBANK,EQ,2016-06-22,746.75,747.0,750.95,733.4,738.6,739.35,745.62,"26,86,930","2,00,34,22,028.55","59,519","23,47,634",87.37
KOTAKBANK,EQ,2016-06-23,739.35,741.0,750.1,738.15,747.05,747.25,742.3,"9,87,665","73,31,40,380.50","33,470","6,12,079",61.97
KOTAKBANK,EQ,2016-06-24,747.25,730.0,738.05,710.75,732.2,733.9,723.39,"20,02,188","1,44,83,61,908.50","56,647","11,91,020",59.49
KOTAKBANK,EQ,2016-06-27,733.9,723.05,744.6,723.05,738.65,739.4,737.8,"7,74,869","57,16,97,924.05","22,049","3,42,652",44.22
KOTAKBANK,EQ,2016-06-28,739.4,738.4,747.8,737.7,740.0,743.3,743.09,"7,61,264","56,56,87,556.05","38,787","4,53,407",59.56
KOTAKBANK,EQ,2016-06-29,743.3,745.0,754.0,742.65,750.95,752.8,750.21,"14,77,280","1,10,82,72,799.30","68,975","10,75,630",72.81
KOTAKBANK,EQ,2016-06-30,752.8,759.9,766.55,754.25,761.45,763.35,760.91,"33,34,365","2,53,71,62,908.80","1,08,836","23,00,759",69.0
KOTAKBANK,EQ,2016-07-01,763.35,764.0,766.0,750.9,752.5,753.4,756.51,"15,65,210","1,18,41,02,694.20","59,519","10,76,580",68.78
KOTAKBANK,EQ,2016-07-04,753.4,755.5,756.25,741.2,742.9,743.95,746.67,"11,72,694","87,56,20,206.70","28,285","7,49,717",63.93
KOTAKBANK,EQ,2016-07-05,743.95,744.45,747.4,738.4,740.0,740.4,743.38,"11,25,300","83,65,22,956.30","16,670","7,32,806",65.12
KOTAKBANK,EQ,2016-07-07,740.4,741.0,751.5,739.15,745.0,745.9,744.81,"9,63,213","71,74,06,310.80","39,307","5,15,161",53.48
KOTAKBANK,EQ,2016-07-08,745.9,745.1,747.7,737.6,742.0,743.45,743.33,"6,04,463","44,93,12,598.55","31,635","3,29,974",54.59
KOTAKBANK,EQ,2016-07-11,743.45,750.95,763.0,747.1,761.5,760.55,755.86,"18,71,614","1,41,46,85,310.65","55,341","14,85,544",79.37
KOTAKBANK,EQ,2016-07-12,760.55,765.0,766.75,757.95,762.05,763.65,762.29,"15,41,569","1,17,51,27,821.05","51,261","7,68,466",49.85
KOTAKBANK,EQ,2016-07-13,763.65,763.45,776.75,760.45,775.3,775.0,771.17,"20,18,597","1,55,66,77,553.90","42,505","12,97,149",64.26
KOTAKBANK,EQ,2016-07-14,775.0,779.0,784.0,774.4,775.75,780.2,780.57,"15,55,879","1,21,44,73,900.95","46,435","9,87,134",63.45
KOTAKBANK,EQ,2016-07-15,780.2,779.0,781.0,767.65,771.55,772.15,773.4,"20,59,278","1,59,26,50,093.05","81,730","16,20,877",78.71
KOTAKBANK,EQ,2016-07-18,772.15,775.0,782.85,769.35,780.0,776.8,776.43,"23,58,938","1,83,15,41,586.10","63,943","15,79,479",66.96
KOTAKBANK,EQ,2016-07-19,776.8,779.5,781.45,769.4,777.8,777.8,776.39,"16,08,870","1,24,91,08,996.75","37,136","10,85,611",67.48
KOTAKBANK,EQ,2016-07-20,777.8,778.0,784.35,778.0,781.9,782.2,781.65,"13,16,948","1,02,93,86,956.05","39,061","9,66,468",73.39
KOTAKBANK,EQ,2016-07-21,782.2,786.5,787.5,759.0,760.5,760.65,771.48,"38,49,134","2,96,95,39,318.85","72,994","15,80,325",41.06
KOTAKBANK,EQ,2016-07-22,760.65,762.0,764.9,753.25,759.95,760.05,760.68,"14,29,617","1,08,74,81,988.90","29,555","7,16,007",50.08
KOTAKBANK,EQ,2016-07-25,760.05,761.95,773.2,750.0,765.1,764.4,758.05,"33,93,118","2,57,21,52,734.90","68,512","25,01,296",73.72
KOTAKBANK,EQ,2016-07-26,764.4,765.5,766.0,746.35,753.9,751.7,756.74,"17,49,020","1,32,35,54,876.95","46,980","12,66,519",72.41
KOTAKBANK,EQ,2016-07-27,751.7,752.1,760.0,745.5,752.65,754.0,753.69,"10,76,756","81,15,35,013.60","34,312","6,90,530",64.13
KOTAKBANK,EQ,2016-07-28,754.0,756.0,760.05,745.65,755.0,750.35,750.54,"34,35,526","2,57,84,82,618.45","55,965","28,13,642",81.9
KOTAKBANK,EQ,2016-07-29,750.35,751.5,766.15,749.3,763.0,763.5,757.62,"14,57,598","1,10,42,99,621.85","28,804","10,57,291",72.54
KOTAKBANK,EQ,2016-08-01,763.5,766.0,769.45,748.0,756.5,753.15,754.79,"17,50,650","1,32,13,75,284.25","38,118","12,38,037",70.72
KOTAKBANK,EQ,2016-08-02,753.15,750.3,763.0,749.9,761.15,760.1,754.41,"14,95,743","1,12,84,00,590.45","31,476","10,68,813",71.46
KOTAKBANK,EQ,2016-08-03,760.1,759.0,764.0,754.8,757.45,756.2,758.98,"13,44,312","1,02,03,02,309.30","42,905","9,44,434",70.25
KOTAKBANK,EQ,2016-08-04,756.2,759.75,761.3,751.0,755.95,756.4,756.48,"12,49,512","94,52,28,309.75","48,954","8,92,259",71.41
KOTAKBANK,EQ,2016-08-05,756.4,759.8,776.0,756.6,770.55,774.35,766.89,"23,65,366","1,81,39,64,146.85","40,272","18,05,551",76.33
KOTAKBANK,EQ,2016-08-08,774.35,777.0,781.8,767.95,769.05,771.5,775.42,"16,59,840","1,28,70,76,444.45","34,548","13,51,400",81.42
KOTAKBANK,EQ,2016-08-09,771.5,772.8,772.9,760.1,765.5,764.75,766.51,"8,77,535","67,26,35,242.80","29,193","5,08,675",57.97
KOTAKBANK,EQ,2016-08-10,764.75,769.7,769.7,758.65,761.3,761.25,763.88,"10,93,959","83,56,48,959.85","15,036","7,44,054",68.01
KOTAKBANK,EQ,2016-08-11,761.25,761.0,768.95,759.15,766.6,764.65,764.6,"10,06,546","76,96,03,149.75","37,581","6,44,177",64.0
KOTAKBANK,EQ,2016-08-12,764.65,771.9,771.9,760.0,760.2,762.9,766.06,"11,28,132","86,42,14,430.25","14,772","7,61,158",67.47
KOTAKBANK,EQ,2016-08-16,762.9,766.5,775.9,762.15,771.75,772.8,770.06,"18,26,143","1,40,62,31,566.55","31,272","14,10,806",77.26
KOTAKBANK,EQ,2016-08-17,772.8,771.0,771.6,761.1,766.0,765.65,765.44,"8,14,886","62,37,43,832.90","27,352","5,33,013",65.41
KOTAKBANK,EQ,2016-08-18,765.65,766.9,785.95,766.85,784.0,784.4,779.89,"17,65,760","1,37,70,96,219.70","38,101","11,15,165",63.15
KOTAKBANK,EQ,2016-08-19,784.4,785.95,785.95,774.0,780.0,778.75,779.2,"9,96,170","77,62,17,244.00","27,262","6,24,047",62.64
KOTAKBANK,EQ,2016-08-22,778.75,780.0,782.0,768.8,773.9,772.85,773.15,"6,12,762","47,37,59,840.75","24,897","3,73,082",60.89
KOTAKBANK,EQ,2016-08-23,772.85,773.35,780.0,771.05,779.1,778.35,774.83,"5,72,986","44,39,68,431.15","16,348","3,73,283",65.15
KOTAKBANK,EQ,2016-08-24,778.35,779.0,781.9,772.1,776.6,777.0,776.68,"11,41,719","88,67,49,674.95","22,836","8,43,425",73.87
KOTAKBANK,EQ,2016-08-25,777.0,778.0,784.0,772.05,781.0,780.75,777.91,"14,77,112","1,14,90,61,456.55","20,473","8,99,171",60.87
KOTAKBANK,EQ,2016-08-26,780.75,782.5,789.0,772.85,781.0,780.8,780.54,"8,53,973","66,65,62,406.05","19,467","4,10,187",48.03
KOTAKBANK,EQ,2016-08-29,780.8,780.7,788.9,775.15,780.0,781.4,783.74,"7,62,039","59,72,38,140.80","16,621","4,17,641",54.81
KOTAKBANK,EQ,2016-08-30,781.4,781.9,787.05,780.2,784.6,786.15,785.13,"7,99,025","62,73,34,734.95","17,075","4,65,793",58.3
KOTAKBANK,EQ,2016-08-31,786.15,795.0,814.95,793.15,809.0,806.9,805.82,"33,46,444","2,69,66,27,228.15","59,733","17,45,738",52.17
KOTAKBANK,EQ,2016-09-01,806.9,813.0,817.45,807.5,812.5,810.7,811.68,"11,61,928","94,31,09,769.00","35,156","6,34,861",54.64
KOTAKBANK,EQ,2016-09-02,810.7,812.0,815.75,808.3,813.1,813.6,812.54,"9,30,759","75,62,77,266.95","22,244","6,08,985",65.43
KOTAKBANK,EQ,2016-09-06,813.6,819.9,822.0,815.0,818.75,818.05,817.42,"10,27,879","84,02,07,954.20","33,864","7,22,776",70.32
KOTAKBANK,EQ,2016-09-07,818.05,818.85,823.0,802.45,804.75,804.1,807.69,"11,71,053","94,58,51,302.30","17,378","7,97,175",68.07
KOTAKBANK,EQ,2016-09-08,804.1,804.75,822.3,800.25,818.0,819.75,814.62,"17,24,362","1,40,47,01,470.80","29,935","9,80,629",56.87
KOTAKBANK,EQ,2016-09-09,819.75,819.7,825.4,808.6,818.1,818.85,817.52,"11,44,933","93,60,10,390.30","61,244","6,32,554",55.25
KOTAKBANK,EQ,2016-09-12,818.85,811.95,815.0,805.0,814.0,813.3,810.49,"7,41,529","60,10,00,702.85","19,619","3,25,344",43.87
KOTAKBANK,EQ,2016-09-14,813.3,813.9,820.0,803.3,805.8,805.95,807.26,"20,41,155","1,64,77,41,705.35","45,021","13,71,327",67.18
KOTAKBANK,EQ,2016-09-15,805.95,806.95,811.75,803.3,808.1,808.6,806.92,"11,82,665","95,43,15,869.35","22,044","8,47,486",71.66
KOTAKBANK,EQ,2016-09-16,808.6,810.9,819.95,804.7,805.9,806.6,809.0,"43,52,409","3,52,11,03,715.50","66,399","37,36,245",85.84
KOTAKBANK,EQ,2016-09-19,806.6,808.4,812.2,799.1,802.0,802.85,803.91,"22,57,955","1,81,51,89,268.70","32,666","16,14,210",71.49
KOTAKBANK,EQ,2016-09-20,802.85,802.0,803.3,791.5,792.5,792.75,794.63,"15,57,067","1,23,72,87,163.55","42,718","9,08,910",58.37
KOTAKBANK,EQ,2016-09-21,792.75,794.1,795.75,786.65,788.6,788.4,790.88,"23,17,848","1,83,31,38,525.25","55,912","14,79,276",63.82
KOTAKBANK,EQ,2016-09-22,788.4,799.0,801.9,791.0,794.15,795.15,795.39,"21,11,498","1,67,94,74,772.65","41,128","15,32,390",72.57
KOTAKBANK,EQ,2016-09-23,795.15,795.7,803.4,793.05,793.1,796.15,798.32,"41,90,651","3,34,54,67,385.25","50,877","35,61,014",84.98
KOTAKBANK,EQ,2016-09-26,796.15,792.15,794.25,784.35,786.5,787.75,789.31,"11,17,777","88,22,70,686.10","42,722","8,04,907",72.01
KOTAKBANK,EQ,2016-09-27,787.75,785.25,798.25,782.5,785.75,784.45,790.74,"14,27,314","1,12,86,34,484.20","32,408","10,28,452",72.06
KOTAKBANK,EQ,2016-09-28,784.45,783.0,791.8,778.5,782.5,782.3,782.25,"19,55,271","1,52,95,04,866.15","35,367","16,12,881",82.49
KOTAKBANK,EQ,2016-09-29,782.3,787.5,799.45,769.25,778.7,772.6,782.59,"5,50,58,370","43,08,79,00,881.55","78,342","5,03,67,449",91.48
KOTAKBANK,EQ,2016-09-30,772.6,772.0,782.3,766.1,780.2,777.0,773.14,"24,32,078","1,88,03,38,328.60","45,558","16,36,807",67.3
KOTAKBANK,EQ,2016-10-03,777.0,788.95,792.7,783.15,789.45,788.05,788.16,"9,82,792","77,45,99,944.35","25,048","5,37,856",54.73
KOTAKBANK,EQ,2016-10-04,788.05,790.9,796.6,782.3,790.35,791.7,792.32,"11,52,157","91,28,81,814.75","24,821","6,32,448",54.89
KOTAKBANK,EQ,2016-10-05,791.7,794.8,794.8,780.5,780.5,782.15,785.15,"10,07,548","79,10,71,946.95","13,596","6,26,532",62.18
KOTAKBANK,EQ,2016-10-06,782.15,782.0,790.0,777.5,780.7,783.0,786.19,"13,62,633","1,07,12,82,715.35","32,002","10,14,384",74.44
KOTAKBANK,EQ,2016-10-07,783.0,782.6,785.0,775.15,782.55,782.65,782.18,"7,40,458","57,91,67,921.05","14,263","3,86,693",52.22
KOTAKBANK,EQ,2016-10-10,782.65,784.9,785.5,779.0,780.25,780.2,781.5,"7,49,600","58,58,09,784.75","17,423","4,55,585",60.78
KOTAKBANK,EQ,2016-10-13,780.2,778.0,778.15,765.3,775.5,772.35,771.69,"17,64,056","1,36,13,06,328.50","42,722","10,35,669",58.71
KOTAKBANK,EQ,2016-10-14,772.35,776.0,783.95,770.6,780.0,781.75,778.37,"10,33,080","80,41,20,214.50","17,525","5,87,957",56.91
KOTAKBANK,EQ,2016-10-17,781.75,782.9,782.9,764.0,770.0,769.25,770.97,"19,20,064","1,48,03,13,875.70","23,754","15,28,848",79.62
KOTAKBANK,EQ,2016-10-18,769.25,774.9,780.95,769.9,775.35,776.95,774.13,"16,27,353","1,25,97,89,666.75","13,892","12,94,788",79.56
KOTAKBANK,EQ,2016-10-19,776.95,779.0,785.0,772.45,773.0,774.0,778.89,"10,57,893","82,39,79,980.45","25,967","6,08,664",57.54
KOTAKBANK,EQ,2016-10-20,774.0,781.9,783.0,770.55,774.0,772.35,774.79,"16,61,867","1,28,75,93,045.65","27,262","11,93,001",71.79
KOTAKBANK,EQ,2016-10-21,772.35,770.05,783.15,768.95,778.0,781.5,774.06,"17,67,446","1,36,81,09,751.25","10,011","13,60,236",76.96
KOTAKBANK,EQ,2016-10-24,781.5,781.9,789.55,777.5,787.6,787.35,784.39,"9,39,931","73,72,73,346.60","25,103","6,44,765",68.6
KOTAKBANK,EQ,2016-10-25,787.35,789.95,793.0,780.55,785.0,786.55,787.75,"32,67,465","2,57,39,52,215.15","32,313","20,96,841",64.17
KOTAKBANK,EQ,2016-10-26,786.55,783.0,821.0,781.1,811.95,811.5,810.95,"44,31,744","3,59,39,28,951.70","86,786","30,34,917",68.48
KOTAKBANK,EQ,2016-10-27,811.5,812.0,812.0,801.0,806.0,806.6,804.76,"10,94,848","88,10,91,095.35","35,770","6,05,245",55.28
KOTAKBANK,EQ,2016-10-28,806.6,806.55,822.0,800.0,820.4,819.35,814.55,"14,41,990","1,17,45,68,275.05","34,823","9,94,603",68.97
KOTAKBANK,EQ,2016-10-30,819.35,826.0,826.0,816.35,818.0,819.65,820.94,"1,71,508","14,07,98,452.30","4,243","86,081",50.19
KOTAKBANK,EQ,2016-11-01,819.65,819.9,819.9,804.0,804.4,805.55,809.26,"11,75,512","95,12,98,184.35","27,164","7,23,675",61.56
KOTAKBANK,EQ,2016-11-02,805.55,799.9,806.15,795.9,803.1,804.0,802.91,"12,68,772","1,01,87,12,522.75","58,869","8,70,342",68.6
KOTAKBANK,EQ,2016-11-03,804.0,803.7,810.95,797.0,808.7,806.0,803.53,"7,96,457","63,99,73,884.40","33,697","4,02,226",50.5
KOTAKBANK,EQ,2016-11-04,806.0,809.8,812.0,790.1,798.25,799.65,799.81,"10,94,318","87,52,48,354.65","17,792","5,78,760",52.89
KOTAKBANK,EQ,2016-11-07,799.65,807.6,807.95,800.0,801.5,801.85,803.31,"9,96,592","80,05,72,415.95","22,135","5,36,968",53.88
KOTAKBANK,EQ,2016-11-08,801.85,802.8,815.3,794.0,814.0,811.8,804.01,"9,66,350","77,69,56,338.50","27,634","5,62,409",58.2
KOTAKBANK,EQ,2016-11-09,811.8,778.8,829.4,762.0,822.1,822.1,792.89,"42,70,134","3,38,57,35,729.55","55,283","24,90,754",58.33
KOTAKBANK,EQ,2016-11-10,822.1,828.2,833.45,813.1,821.4,819.25,822.85,"25,77,155","2,12,06,06,293.60","58,887","13,53,255",52.51
KOTAKBANK,EQ,2016-11-11,819.25,813.0,825.5,807.5,816.9,815.6,814.5,"23,15,638","1,88,60,89,096.25","36,249","13,77,370",59.48
KOTAKBANK,EQ,2016-11-15,815.6,818.5,818.5,783.5,787.55,789.55,796.05,"30,19,854","2,40,39,52,419.90","54,315","20,47,020",67.79
KOTAKBANK,EQ,2016-11-16,789.55,796.85,796.85,766.9,770.0,770.55,771.54,"47,28,488","3,64,82,16,908.00","71,472","37,79,175",79.92
KOTAKBANK,EQ,2016-11-17,770.55,766.1,782.2,766.1,781.0,776.25,772.34,"15,88,701","1,22,70,09,750.60","37,421","11,29,000",71.06
KOTAKBANK,EQ,2016-11-18,776.25,780.95,785.0,773.35,779.4,779.25,777.6,"13,50,361","1,05,00,43,048.20","22,075","7,97,122",59.03
KOTAKBANK,EQ,2016-11-21,779.25,780.0,780.95,753.7,764.05,762.7,763.64,"20,51,821","1,56,68,52,708.75","30,484","13,73,089",66.92
KOTAKBANK,EQ,2016-11-22,762.7,765.2,772.5,761.55,770.4,769.6,766.42,"17,00,599","1,30,33,74,358.25","43,559","11,67,910",68.68
KOTAKBANK,EQ,2016-11-23,769.6,772.0,774.0,765.0,765.25,766.15,768.19,"13,77,635","1,05,82,81,941.80","12,494","11,06,844",80.34
KOTAKBANK,EQ,2016-11-24,766.15,760.0,760.0,736.85,748.95,742.1,747.41,"50,74,907","3,79,30,14,819.65","70,622","37,05,257",73.01
KOTAKBANK,EQ,2016-11-25,742.1,747.0,759.65,744.95,750.25,752.15,752.41,"15,67,193","1,17,91,76,180.35","21,752","9,77,080",62.35
KOTAKBANK,EQ,2016-11-28,752.15,744.4,753.0,736.2,750.0,750.15,746.59,"23,00,878","1,71,78,14,774.70","42,504","18,52,874",80.53
KOTAKBANK,EQ,2016-11-29,750.15,748.0,752.5,742.7,744.0,745.4,748.1,"10,10,013","75,55,89,467.65","54,658","6,92,852",68.6
KOTAKBANK,EQ,2016-11-30,745.4,746.0,760.0,740.0,754.15,755.45,750.54,"11,33,785","85,09,45,598.20","38,020","5,85,978",51.68
KOTAKBANK,EQ,2016-12-01,755.45,755.0,756.45,741.2,743.25,744.95,746.52,"11,51,007","85,92,44,596.05","31,559","7,50,680",65.22
KOTAKBANK,EQ,2016-12-02,744.95,740.0,744.0,720.0,724.2,723.55,724.64,"28,45,037","2,06,16,29,627.25","57,450","18,21,699",64.03
KOTAKBANK,EQ,2016-12-05,723.55,726.0,731.9,723.0,730.0,729.8,728.55,"9,27,956","67,60,61,690.05","20,362","5,61,472",60.51
KOTAKBANK,EQ,2016-12-06,729.8,731.0,737.7,730.25,735.0,734.0,734.73,"4,96,101","36,45,01,155.25","22,062","3,04,907",61.46
KOTAKBANK,EQ,2016-12-07,734.0,735.55,739.5,724.55,735.55,734.35,734.09,"21,32,390","1,56,53,57,980.90","36,318","15,28,248",71.67
KOTAKBANK,EQ,2016-12-08,734.35,736.1,751.4,736.1,749.5,748.65,746.6,"8,26,615","61,71,51,855.80","33,110","5,11,419",61.87
KOTAKBANK,EQ,2016-12-09,748.65,749.5,752.5,742.85,743.0,745.25,746.59,"8,11,067","60,55,38,516.25","20,929","5,16,013",63.62
KOTAKBANK,EQ,2016-12-12,745.25,746.0,746.5,728.6,730.0,729.85,733.85,"3,95,441","29,01,96,207.85","20,497","2,51,441",63.58
KOTAKBANK,EQ,2016-12-13,729.85,728.0,738.35,723.0,728.35,730.95,730.08,"6,86,064","50,08,80,353.60","17,000","3,49,541",50.95
KOTAKBANK,EQ,2016-12-14,730.95,730.3,731.55,723.5,730.0,727.8,727.09,"8,52,595","61,99,16,777.00","33,775","5,08,919",59.69
KOTAKBANK,EQ,2016-12-15,727.8,718.8,734.6,712.0,725.0,724.75,726.29,"10,43,365","75,77,89,486.35","32,918","6,65,472",63.78
KOTAKBANK,EQ,2016-12-16,724.75,725.0,727.0,717.2,718.85,719.1,719.68,"37,81,538","2,72,15,01,344.55","57,644","27,52,852",72.8
KOTAKBANK,EQ,2016-12-19,719.1,719.0,721.95,715.4,719.95,719.65,718.63,"10,16,994","73,08,41,575.80","45,550","6,62,613",65.15
KOTAKBANK,EQ,2016-12-20,719.65,721.0,723.0,716.9,718.9,718.35,719.16,"9,16,751","65,92,95,156.25","28,138","5,65,227",61.66
KOTAKBANK,EQ,2016-12-21,718.35,717.1,726.5,717.1,720.0,719.8,719.96,"10,74,562","77,36,41,467.15","38,032","7,55,858",70.34
KOTAKBANK,EQ,2016-12-22,719.8,718.5,719.0,711.5,713.0,713.15,713.53,"8,41,012","60,00,86,572.05","18,666","5,82,399",69.25
KOTAKBANK,EQ,2016-12-23,713.15,705.1,714.0,704.1,713.0,711.75,710.04,"10,21,690","72,54,39,102.55","29,220","6,24,937",61.17
KOTAKBANK,EQ,2016-12-26,711.75,711.9,714.0,704.25,710.7,711.05,708.3,"4,85,656","34,39,92,544.95","12,171","2,37,559",48.92
KOTAKBANK,EQ,2016-12-27,711.05,707.15,716.0,705.6,710.5,712.15,710.59,"13,37,045","95,00,90,521.35","21,071","10,55,778",78.96
KOTAKBANK,EQ,2016-12-28,712.15,712.0,718.9,709.1,711.1,713.05,713.33,"12,11,967","86,45,38,157.70","35,538","8,27,530",68.28
KOTAKBANK,EQ,2016-12-29,713.05,710.0,715.0,708.35,713.4,713.4,712.39,"13,03,123","92,83,26,071.20","34,416","9,61,238",73.76
KOTAKBANK,EQ,2016-12-30,713.4,714.1,722.75,714.1,717.45,719.7,719.9,"9,90,367","71,29,69,184.15","35,475","6,69,608",67.61
KOTAKBANK,EQ,2017-01-02,719.70,720.00,721.00,708.25,716.00,714.80,713.56,"12,06,555","86,09,54,988.60","22,541","7,50,330",62.19
KOTAKBANK,EQ,2017-01-03,714.80,714.95,717.45,707.15,712.00,711.75,713.29,"13,81,976","98,57,52,925.30","20,803","9,63,037",69.69
KOTAKBANK,EQ,2017-01-04,711.75,713.00,713.00,692.50,698.00,695.60,699.99,"42,58,608","2,98,09,99,294.80","70,201","25,04,370",58.81
KOTAKBANK,EQ,2017-01-05,695.60,702.85,702.85,696.20,698.00,698.95,699.56,"21,80,203","1,52,51,85,955.30","48,345","13,30,312",61.02
KOTAKBANK,EQ,2017-01-06,698.95,698.00,718.50,693.35,714.90,716.85,706.36,"36,64,687","2,58,85,91,567.05","45,308","21,09,747",57.57
KOTAKBANK,EQ,2017-01-09,716.85,718.00,724.25,707.10,710.00,709.25,715.49,"15,40,326","1,10,20,83,108.55","32,211","9,52,430",61.83
KOTAKBANK,EQ,2017-01-10,709.25,711.10,715.70,710.00,712.45,712.65,712.68,"8,67,005","61,79,01,322.75","26,496","6,10,288",70.39
KOTAKBANK,EQ,2017-01-11,712.65,715.00,733.80,708.00,727.65,728.40,720.57,"35,77,518","2,57,78,48,086.25","84,154","21,23,808",59.37
KOTAKBANK,EQ,2017-01-12,728.40,732.45,732.45,723.05,727.25,727.95,728.51,"11,06,785","80,63,01,013.35","19,428","6,27,971",56.74
KOTAKBANK,EQ,2017-01-13,727.95,731.50,735.60,724.40,725.75,727.75,729.70,"10,06,051","73,41,14,521.75","19,967","6,14,569",61.09
KOTAKBANK,EQ,2017-01-16,727.75,726.10,736.20,723.00,731.50,731.20,729.88,"7,41,938","54,15,27,195.30","16,553","3,80,896",51.34
KOTAKBANK,EQ,2017-01-17,731.20,732.80,735.00,724.30,724.70,726.00,728.25,"6,81,333","49,61,83,318.90","22,827","3,76,385",55.24
KOTAKBANK,EQ,2017-01-18,726.00,725.10,741.75,725.10,731.80,731.10,734.34,"11,25,851","82,67,55,823.80","30,831","5,45,533",48.46
KOTAKBANK,EQ,2017-01-19,731.10,731.00,737.00,727.00,729.95,728.20,731.27,"9,15,362","66,93,76,057.65","28,166","5,86,703",64.1
KOTAKBANK,EQ,2017-01-20,728.20,732.75,733.15,718.00,725.00,723.05,725.23,"11,15,048","80,86,64,816.25","37,264","5,37,085",48.17
KOTAKBANK,EQ,2017-01-23,723.05,722.50,739.90,722.00,735.80,732.75,731.25,"14,57,199","1,06,55,75,656.15","40,955","9,15,441",62.82
KOTAKBANK,EQ,2017-01-24,732.75,737.50,745.00,734.10,744.90,743.35,740.64,"12,06,679","89,37,11,742.00","17,448","7,44,862",61.73
KOTAKBANK,EQ,2017-01-25,743.35,747.50,800.90,745.05,793.90,795.20,783.59,"87,72,524","6,87,40,97,846.45","1,29,240","34,07,861",38.85
KOTAKBANK,EQ,2017-01-27,795.20,798.00,802.10,780.45,783.05,785.05,789.49,"37,09,367","2,92,85,07,298.25","89,142","23,67,815",63.83
KOTAKBANK,EQ,2017-01-30,785.05,786.00,790.00,771.10,777.00,775.60,780.29,"21,83,478","1,70,37,38,403.30","24,641","15,94,274",73.02
KOTAKBANK,EQ,2017-01-31,775.60,777.00,780.30,763.05,775.50,774.15,771.53,"14,00,680","1,08,06,72,932.05","27,789","7,05,400",50.36
KOTAKBANK,EQ,2017-02-01,774.15,777.50,782.95,739.15,776.65,777.05,764.25,"49,51,867","3,78,44,88,756.20","94,607","24,01,355",48.49
KOTAKBANK,EQ,2017-02-02,777.05,779.00,780.45,764.45,765.90,770.40,773.27,"20,22,953","1,56,42,85,855.15","54,709","12,80,943",63.32
KOTAKBANK,EQ,2017-02-03,770.40,769.50,777.20,760.00,764.55,765.30,769.33,"15,62,576","1,20,21,33,817.65","31,316","10,06,538",64.42
KOTAKBANK,EQ,2017-02-06,765.30,770.00,773.75,765.30,767.00,766.70,768.87,"19,67,556","1,51,28,03,157.65","53,110","13,24,517",67.32
KOTAKBANK,EQ,2017-02-07,766.70,769.00,784.95,768.50,773.80,773.35,776.94,"29,96,111","2,32,77,92,340.25","41,285","19,69,543",65.74
KOTAKBANK,EQ,2017-02-08,773.35,774.40,776.20,762.00,768.10,767.60,769.67,"26,07,668","2,00,70,50,494.55","39,564","17,89,315",68.62
KOTAKBANK,EQ,2017-02-09,767.60,769.90,779.50,765.00,769.90,769.65,771.39,"13,06,279","1,00,76,47,661.85","27,883","7,78,187",59.57
KOTAKBANK,EQ,2017-02-10,769.65,771.10,786.30,771.10,779.25,778.90,778.97,"18,71,296","1,45,76,87,022.70","47,519","11,34,104",60.61
KOTAKBANK,EQ,2017-02-13,778.90,779.80,796.00,779.50,792.00,793.15,791.39,"18,04,668","1,42,81,93,562.35","37,181","8,29,893",45.99
KOTAKBANK,EQ,2017-02-14,793.15,793.90,796.35,785.95,789.50,790.30,790.85,"13,38,969","1,05,89,21,872.55","28,368","9,79,118",73.12
KOTAKBANK,EQ,2017-02-15,790.30,791.20,795.00,781.75,783.55,784.30,789.64,"13,60,744","1,07,44,95,163.35","27,997","9,38,258",68.95
KOTAKBANK,EQ,2017-02-16,784.30,785.00,798.50,780.25,793.50,792.50,792.59,"22,56,205","1,78,82,43,307.40","35,720","12,27,400",54.4
KOTAKBANK,EQ,2017-02-17,792.50,805.00,811.00,790.10,796.00,796.50,798.84,"42,59,173","3,40,24,12,357.35","61,234","26,36,934",61.91
KOTAKBANK,EQ,2017-02-20,796.50,801.90,805.00,795.00,795.00,797.05,798.94,"8,47,401","67,70,25,151.75","34,734","4,10,464",48.44
KOTAKBANK,EQ,2017-02-21,797.05,799.15,800.60,791.10,798.95,797.90,795.50,"6,32,134","50,28,59,507.80","16,496","2,98,997",47.3
KOTAKBANK,EQ,2017-02-22,797.90,799.80,804.45,793.75,795.60,795.85,798.94,"11,06,511","88,40,38,488.80","32,293","7,24,246",65.45
KOTAKBANK,EQ,2017-02-23,795.85,798.50,814.40,792.50,809.55,810.95,807.21,"45,75,547","3,69,34,21,781.00","62,005","32,52,686",71.09
KOTAKBANK,EQ,2017-02-27,810.95,807.50,812.50,795.55,798.45,800.50,802.17,"23,81,678","1,91,05,17,293.10","44,534","19,28,829",80.99
KOTAKBANK,EQ,2017-02-28,800.50,801.90,808.45,798.80,803.00,802.10,802.56,"9,72,189","78,02,36,863.25","20,354","6,63,729",68.27
KOTAKBANK,EQ,2017-03-01,802.10,802.10,827.20,802.05,823.95,824.15,817.77,"29,68,583","2,42,76,29,212.00","40,174","19,71,515",66.41
KOTAKBANK,EQ,2017-03-02,824.15,827.50,828.70,812.75,816.05,816.15,821.74,"44,55,373","3,66,11,53,166.20","43,275","37,55,391",84.29
KOTAKBANK,EQ,2017-03-03,816.15,816.00,817.00,803.00,813.20,809.50,808.98,"13,17,035","1,06,54,55,465.20","62,620","7,86,863",59.75
KOTAKBANK,EQ,2017-03-06,809.50,812.90,822.20,811.10,818.50,818.95,818.28,"14,39,574","1,17,79,70,472.60","19,760","11,29,485",78.46
KOTAKBANK,EQ,2017-03-07,818.95,820.00,821.00,814.00,817.10,817.00,818.56,"9,49,754","77,74,28,038.20","25,279","6,15,340",64.79
KOTAKBANK,EQ,2017-03-08,817.00,823.05,838.95,819.20,824.00,824.90,827.86,"38,15,129","3,15,83,75,533.05","62,716","14,74,466",38.65
KOTAKBANK,EQ,2017-03-09,824.90,826.00,827.80,820.00,825.65,825.45,823.68,"15,97,549","1,31,58,63,637.35","25,223","11,42,749",71.53
KOTAKBANK,EQ,2017-03-10,825.45,835.05,838.90,826.15,828.70,828.90,830.01,"13,52,797","1,12,28,39,241.00","23,733","6,10,310",45.11
KOTAKBANK,EQ,2017-03-14,828.90,843.00,851.45,832.00,837.10,836.15,836.89,"31,16,342","2,60,80,26,043.25","55,319","25,00,174",80.23
KOTAKBANK,EQ,2017-03-15,836.15,837.00,848.45,835.15,846.20,844.15,842.58,"17,18,310","1,44,78,14,545.85","39,274","12,49,231",72.7
KOTAKBANK,EQ,2017-03-16,844.15,849.20,856.35,849.20,851.45,851.40,852.52,"12,61,745","1,07,56,66,091.80","33,037","9,05,382",71.76
KOTAKBANK,EQ,2017-03-17,851.40,852.95,854.45,842.55,851.00,848.25,847.99,"46,46,494","3,94,01,96,484.90","51,846","41,29,559",88.87
KOTAKBANK,EQ,2017-03-20,848.25,855.00,862.00,848.00,855.90,854.60,854.84,"15,92,288","1,36,11,45,779.45","41,814","9,75,771",61.28
KOTAKBANK,EQ,2017-03-21,854.60,855.00,861.40,850.95,859.20,859.55,858.97,"14,58,329","1,25,26,54,383.65","25,450","10,11,358",69.35
KOTAKBANK,EQ,2017-03-22,859.55,853.00,864.90,848.50,862.65,862.20,861.57,"93,54,327","8,05,93,88,108.85","45,268","87,19,844",93.22
KOTAKBANK,EQ,2017-03-23,862.20,863.15,873.50,862.05,864.70,868.15,867.94,"16,10,154","1,39,75,20,471.85","62,123","9,56,908",59.43
KOTAKBANK,EQ,2017-03-24,868.15,871.00,886.40,863.90,878.45,879.35,873.35,"22,80,029","1,99,12,72,845.50","32,600","15,96,829",70.04
KOTAKBANK,EQ,2017-03-27,879.35,879.35,880.00,858.70,865.30,871.15,867.64,"19,99,306","1,73,46,85,772.00","57,207","13,48,133",67.43
KOTAKBANK,EQ,2017-03-28,871.15,877.50,879.95,856.00,860.00,859.45,868.10,"30,49,130","2,64,69,35,145.10","53,692","23,11,911",75.82
KOTAKBANK,EQ,2017-03-29,859.45,864.10,864.75,852.55,862.50,857.60,856.21,"24,83,787","2,12,66,42,392.00","50,493","17,63,371",71.0
KOTAKBANK,EQ,2017-03-30,857.60,862.50,871.95,859.35,861.00,865.15,865.60,"35,34,385","3,05,93,69,281.35","82,190","23,25,055",65.78
KOTAKBANK,EQ,2017-03-31,865.15,865.00,880.00,862.05,871.85,872.20,873.45,"25,86,431","2,25,91,16,894.20","90,040","17,94,189",69.37
KOTAKBANK,EQ,2017-04-03,872.20,877.00,879.80,871.00,874.10,875.95,876.09,"13,65,426","1,19,62,37,489.65","36,909","9,80,751",71.83
KOTAKBANK,EQ,2017-04-05,875.95,880.00,896.60,877.60,887.90,889.85,887.56,"20,06,328","1,78,07,46,338.85","55,746","13,56,949",67.63
KOTAKBANK,EQ,2017-04-06,889.85,885.00,897.50,883.70,893.00,894.35,890.01,"19,88,350","1,76,96,48,606.70","26,845","13,42,549",67.52
KOTAKBANK,EQ,2017-04-07,894.35,890.00,893.20,870.00,873.00,873.10,879.52,"16,12,677","1,41,83,80,354.55","67,385","11,21,449",69.54
KOTAKBANK,EQ,2017-04-10,873.10,877.70,879.90,867.50,876.35,877.35,873.96,"9,45,515","82,63,45,436.85","19,490","4,72,783",50.0
KOTAKBANK,EQ,2017-04-11,877.35,872.70,889.00,871.10,880.00,881.05,880.67,"14,00,544","1,23,34,11,760.75","31,596","8,43,342",60.22
KOTAKBANK,EQ,2017-04-12,881.05,881.00,883.45,873.60,877.10,879.40,878.56,"10,88,987","95,67,44,422.35","23,321","7,54,035",69.24
KOTAKBANK,EQ,2017-04-13,879.40,879.00,884.00,872.50,877.50,879.50,880.09,"9,37,868","82,54,05,400.10","44,105","6,43,900",68.66
KOTAKBANK,EQ,2017-04-17,879.50,885.00,889.75,875.00,888.00,887.60,885.23,"12,32,806","1,09,13,21,613.10","35,704","8,12,821",65.93
KOTAKBANK,EQ,2017-04-18,887.60,890.00,892.70,876.60,881.25,881.65,884.92,"12,66,297","1,12,05,72,272.75","19,091","6,97,153",55.05
KOTAKBANK,EQ,2017-04-19,881.65,879.10,881.60,867.20,877.00,875.60,874.06,"8,98,264","78,51,37,560.35","27,501","4,70,378",52.37
KOTAKBANK,EQ,2017-04-20,875.60,876.60,891.45,876.10,889.80,889.15,886.34,"9,98,075","88,46,34,140.40","30,023","5,51,522",55.26
KOTAKBANK,EQ,2017-04-21,889.15,890.00,897.50,878.50,884.00,880.40,885.04,"12,60,745","1,11,58,08,174.50","26,891","8,09,400",64.2
KOTAKBANK,EQ,2017-04-24,880.40,878.00,898.45,876.30,895.00,895.75,889.19,"31,28,325","2,78,16,78,197.60","52,020","24,78,095",79.21
KOTAKBANK,EQ,2017-04-25,895.75,899.00,904.00,885.10,899.90,898.00,893.93,"24,96,583","2,23,17,62,756.50","47,563","18,61,261",74.55
KOTAKBANK,EQ,2017-04-26,898.00,899.70,921.00,895.55,902.40,900.35,905.42,"36,11,321","3,26,97,64,733.75","93,343","24,11,627",66.78
KOTAKBANK,EQ,2017-04-27,900.35,907.95,919.35,890.00,914.00,916.65,908.62,"70,60,437","6,41,52,83,072.10","1,03,178","28,05,461",39.73
KOTAKBANK,EQ,2017-04-28,916.65,917.50,919.90,901.00,902.00,901.95,905.01,"12,36,662","1,11,91,91,151.80","38,229","6,42,343",51.94
KOTAKBANK,EQ,2017-05-02,901.95,902.05,919.90,901.00,916.00,917.90,912.08,"25,70,563","2,34,45,71,096.45","37,792","18,52,874",72.08
KOTAKBANK,EQ,2017-05-03,917.90,920.05,922.00,913.80,916.00,916.95,917.39,"10,12,552","92,89,00,972.50","41,098","6,35,314",62.74
KOTAKBANK,EQ,2017-05-04,916.95,917.25,918.00,900.45,907.50,905.45,905.40,"15,03,426","1,36,11,96,098.75","39,601","9,28,205",61.74
KOTAKBANK,EQ,2017-05-05,905.45,908.95,912.00,900.25,907.50,908.30,908.74,"21,95,801","1,99,54,17,680.05","46,525","17,37,203",79.11
KOTAKBANK,EQ,2017-05-08,908.30,907.50,910.00,900.00,910.00,907.35,906.27,"10,67,991","96,78,84,938.80","18,207","7,45,569",69.81
KOTAKBANK,EQ,2017-05-09,907.35,910.00,911.35,905.40,907.60,906.85,908.11,"5,83,372","52,97,63,226.45","20,211","3,38,944",58.1
KOTAKBANK,EQ,2017-05-10,906.85,911.00,929.65,911.00,929.00,927.65,923.71,"19,40,601","1,79,25,60,043.60","32,439","10,47,604",53.98
KOTAKBANK,EQ,2017-05-11,927.65,933.05,940.50,930.55,933.55,936.80,936.06,"22,00,001","2,05,93,38,488.70","48,680","15,13,074",68.78
KOTAKBANK,EQ,2017-05-12,936.80,940.00,962.00,937.55,954.00,954.65,951.71,"43,08,505","4,10,04,35,305.85","41,736","30,20,348",70.1
KOTAKBANK,EQ,2017-05-15,954.65,955.00,981.45,954.40,970.00,973.30,974.48,"41,55,827","4,04,97,52,554.50","63,269","30,10,350",72.44
KOTAKBANK,EQ,2017-05-16,973.30,973.50,975.00,957.10,957.20,959.85,966.27,"23,97,324","2,31,64,57,751.45","56,734","17,35,618",72.4
KOTAKBANK,EQ,2017-05-17,959.85,962.40,962.40,945.60,950.60,951.20,950.65,"11,87,031","1,12,84,47,765.25","30,749","5,56,946",46.92
KOTAKBANK,EQ,2017-05-18,951.20,947.95,952.90,935.10,941.00,942.85,938.99,"58,27,141","5,47,15,98,181.40","50,104","52,26,290",89.69
KOTAKBANK,EQ,2017-05-19,942.85,945.00,947.50,935.75,937.00,937.35,940.22,"12,42,128","1,16,78,75,199.40","29,591","8,58,726",69.13
KOTAKBANK,EQ,2017-05-22,937.35,942.50,954.00,937.35,943.75,941.25,943.58,"13,86,033","1,30,78,33,947.65","48,056","7,67,074",55.34
KOTAKBANK,EQ,2017-05-23,941.25,941.00,946.10,935.30,941.80,940.25,940.46,"13,70,650","1,28,90,38,666.80","19,614","10,30,969",75.22
KOTAKBANK,EQ,2017-05-24,940.25,938.60,943.40,932.50,934.25,936.10,937.49,"10,14,349","95,09,41,413.45","31,187","7,37,480",72.7
KOTAKBANK,EQ,2017-05-25,936.10,936.00,962.50,936.00,954.95,956.50,951.52,"41,44,290","3,94,33,67,445.20","70,779","28,63,061",69.08
KOTAKBANK,EQ,2017-05-26,956.50,960.00,969.55,952.50,962.00,965.05,963.82,"16,33,378","1,57,42,86,006.25","58,131","10,81,131",66.19
KOTAKBANK,EQ,2017-05-29,965.05,965.45,970.60,957.00,968.45,968.55,965.24,"11,10,399","1,07,18,03,209.85","28,786","6,64,855",59.88
KOTAKBANK,EQ,2017-05-30,968.55,966.95,967.25,955.55,961.15,961.95,960.70,"6,32,580","60,77,18,768.75","20,484","3,66,799",57.98
KOTAKBANK,EQ,2017-05-31,961.95,962.95,971.30,962.50,965.05,966.05,966.00,"13,51,133","1,30,51,95,685.85","54,651","9,95,792",73.7
KOTAKBANK,EQ,2017-06-01,966.05,963.35,968.00,958.90,963.80,962.65,963.19,"7,57,345","72,94,68,746.65","24,843","4,79,583",63.32
KOTAKBANK,EQ,2017-06-02,962.65,965.50,972.50,963.50,965.00,965.25,965.86,"4,49,924","43,45,65,610.50","22,351","2,89,201",64.28
KOTAKBANK,EQ,2017-06-05,965.25,965.90,969.00,959.45,967.95,967.00,964.33,"8,34,584","80,48,11,251.15","29,729","5,84,224",70.0
KOTAKBANK,EQ,2017-06-06,967.00,970.00,970.00,960.10,968.00,966.40,964.96,"17,00,072","1,64,05,02,080.90","31,554","14,49,602",85.27
KOTAKBANK,EQ,2017-06-07,966.40,970.00,970.00,964.00,968.95,968.65,967.70,"6,63,956","64,25,07,507.40","24,136","4,48,087",67.49
KOTAKBANK,EQ,2017-06-08,968.65,969.95,983.30,965.90,978.85,978.85,978.30,"15,09,894","1,47,71,36,594.25","37,128","9,67,731",64.09
KOTAKBANK,EQ,2017-06-09,978.85,978.75,987.00,975.55,985.85,985.10,982.24,"13,83,421","1,35,88,56,540.00","37,921","9,90,520",71.6
KOTAKBANK,EQ,2017-06-12,985.10,985.85,990.00,972.10,977.80,976.70,978.02,"11,92,741","1,16,65,27,765.30","20,564","8,06,507",67.62
KOTAKBANK,EQ,2017-06-13,976.70,973.20,980.00,971.25,973.40,974.20,975.50,"9,00,426","87,83,63,276.90","32,301","6,56,947",72.96
KOTAKBANK,EQ,2017-06-14,974.20,970.00,972.15,963.00,966.05,968.05,968.28,"9,55,259","92,49,62,692.35","39,317","7,17,298",75.09
KOTAKBANK,EQ,2017-06-15,968.05,962.50,969.75,960.20,962.90,962.60,965.32,"11,58,086","1,11,79,18,099.20","41,153","8,36,154",72.2
KOTAKBANK,EQ,2017-06-16,962.60,966.95,990.10,962.35,984.45,982.65,980.39,"41,97,485","4,11,51,86,021.95","42,407","35,16,924",83.79
KOTAKBANK,EQ,2017-06-19,982.65,986.25,991.80,985.00,985.35,987.55,987.69,"9,17,933","90,66,31,043.30","19,920","5,84,693",63.7
KOTAKBANK,EQ,2017-06-20,987.55,990.00,990.00,980.40,983.90,983.05,984.97,"6,57,768","64,78,83,139.60","36,783","5,20,155",79.08
KOTAKBANK,EQ,2017-06-21,983.05,982.95,995.00,979.15,991.55,991.95,987.43,"10,94,255","1,08,05,01,350.75","47,110","7,45,131",68.09
KOTAKBANK,EQ,2017-06-22,991.95,990.00,"1,004.25",990.00,996.00,997.90,998.33,"17,45,066","1,74,21,55,424.40","53,205","11,23,868",64.4
KOTAKBANK,EQ,2017-06-23,997.90,999.00,"1,004.65",982.75,985.50,985.20,993.24,"14,55,696","1,44,58,50,923.80","50,316","9,92,166",68.16
KOTAKBANK,EQ,2017-06-27,985.20,985.00,992.90,966.45,976.75,974.75,978.57,"15,77,817","1,54,40,05,733.55","42,677","11,82,918",74.97
KOTAKBANK,EQ,2017-06-28,974.75,983.75,983.75,967.85,974.00,972.20,974.25,"13,33,766","1,29,94,19,312.80","37,444","9,90,263",74.25
KOTAKBANK,EQ,2017-06-29,972.20,973.70,976.95,945.00,952.00,948.35,958.71,"27,98,286","2,68,27,44,265.30","43,817","15,32,517",54.77
KOTAKBANK,EQ,2017-06-30,948.35,946.00,961.40,936.00,957.95,955.75,947.92,"19,21,598","1,82,15,24,873.45","34,028","12,62,488",65.7
KOTAKBANK,EQ,2017-07-03,955.75,953.10,955.45,940.20,951.80,948.85,948.25,"13,37,634","1,26,84,08,882.15","30,454","7,33,039",54.8
KOTAKBANK,EQ,2017-07-04,948.85,952.50,961.40,943.25,957.00,958.80,950.61,"14,38,005","1,36,69,83,235.80","55,581","10,09,981",70.23
KOTAKBANK,EQ,2017-07-05,958.80,960.70,963.30,954.10,957.40,959.85,960.32,"12,39,270","1,19,00,93,515.70","25,498","8,54,307",68.94
KOTAKBANK,EQ,2017-07-06,959.85,961.80,962.85,954.05,958.45,958.10,958.32,"8,04,102","77,05,89,024.30","24,121","4,91,826",61.16
KOTAKBANK,EQ,2017-07-07,958.10,957.00,967.50,954.10,964.00,964.70,961.19,"12,23,510","1,17,60,25,514.65","44,621","8,88,604",72.63
KOTAKBANK,EQ,2017-07-10,964.70,964.00,972.80,960.00,962.65,968.00,968.41,"3,54,368","34,31,74,446.05","5,417","2,43,173",68.62
KOTAKBANK,EQ,2017-07-11,968.00,969.90,970.95,955.25,955.25,958.75,965.22,"13,34,899","1,28,84,75,421.30","60,496","10,08,309",75.53
KOTAKBANK,EQ,2017-07-12,958.75,960.00,963.00,951.25,956.95,956.65,955.44,"16,64,448","1,59,02,82,080.10","50,180","12,81,137",76.97
KOTAKBANK,EQ,2017-07-13,956.65,960.00,967.80,956.80,962.00,962.10,962.63,"27,87,244","2,68,30,93,501.95","53,288","22,49,748",80.72
KOTAKBANK,EQ,2017-07-14,962.10,968.95,983.45,963.75,975.20,977.20,975.95,"37,71,140","3,68,04,57,271.60","65,371","26,24,418",69.59
KOTAKBANK,EQ,2017-07-17,977.20,983.00,990.00,976.40,980.20,979.70,984.87,"25,53,254","2,51,46,32,797.60","91,002","18,69,380",73.22
KOTAKBANK,EQ,2017-07-18,979.70,981.80,987.00,971.35,975.00,977.10,980.88,"10,96,403","1,07,54,44,176.45","32,676","6,59,979",60.19
KOTAKBANK,EQ,2017-07-19,977.10,982.50,998.00,976.05,995.05,994.20,988.44,"49,90,375","4,93,27,08,642.55","43,422","38,08,209",76.31
KOTAKBANK,EQ,2017-07-20,994.20,"1,001.95","1,016.40",975.50,979.10,980.00,"1,004.55","1,06,89,537","10,73,81,94,423.40","1,00,861","47,34,069",44.29
KOTAKBANK,EQ,2017-07-21,980.00,984.90,"1,002.50",970.40,"1,001.95",999.45,989.12,"21,04,019","2,08,11,32,993.95","60,621","10,29,816",48.95
KOTAKBANK,EQ,2017-07-24,999.45,"1,004.60","1,008.40",987.55,990.40,992.95,997.91,"22,26,380","2,22,17,19,344.05","81,401","13,56,497",60.93
KOTAKBANK,EQ,2017-07-25,992.95,"1,000.00","1,000.00",983.10,989.90,987.95,990.05,"13,00,655","1,28,77,18,530.30","29,989","8,03,141",61.75
KOTAKBANK,EQ,2017-07-26,987.95,995.50,995.50,982.60,985.25,986.55,987.71,"18,16,661","1,79,43,28,989.20","19,560","15,05,873",82.89
KOTAKBANK,EQ,2017-07-27,986.55,993.50,"1,005.00",982.50,997.35,998.15,995.73,"25,64,843","2,55,38,80,068.15","60,487","18,03,676",70.32
KOTAKBANK,EQ,2017-07-28,998.15,996.70,"1,017.50",995.00,"1,016.20","1,012.70","1,005.15","13,04,864","1,31,15,79,483.80","53,633","6,96,972",53.41
KOTAKBANK,EQ,2017-07-31,"1,012.70","1,018.00","1,031.70","1,012.85","1,023.00","1,021.65","1,022.15","24,64,607","2,51,92,07,334.05","42,857","14,54,736",59.03
KOTAKBANK,EQ,2017-08-01,"1,021.65","1,024.00","1,024.00","1,011.00","1,011.25","1,015.30","1,015.89","20,63,948","2,09,67,51,585.80","64,779","15,59,594",75.56
KOTAKBANK,EQ,2017-08-02,"1,015.30","1,015.80","1,023.25","1,005.20","1,007.80","1,010.90","1,013.74","11,19,072","1,13,44,47,476.00","30,670","6,53,946",58.44
KOTAKBANK,EQ,2017-08-03,"1,010.90","1,009.90","1,009.90",994.00,994.00,996.40,998.34,"11,52,115","1,15,02,02,821.30","43,679","7,35,956",63.88
KOTAKBANK,EQ,2017-08-04,996.40,999.00,999.60,988.55,995.95,996.20,994.41,"11,87,275","1,18,06,42,265.85","38,874","8,81,975",74.29
KOTAKBANK,EQ,2017-08-07,996.20,"1,000.15","1,001.95",994.30,996.75,997.90,997.58,"6,19,240","61,77,39,578.70","26,600","4,22,417",68.22
KOTAKBANK,EQ,2017-08-08,997.90,"1,000.00","1,000.00",980.10,986.95,987.70,986.57,"12,22,642","1,20,62,21,137.45","40,822","7,05,214",57.68
KOTAKBANK,EQ,2017-08-09,987.70,989.00,999.70,979.30,993.30,992.40,989.07,"11,31,399","1,11,90,30,721.15","38,791","6,79,454",60.05
KOTAKBANK,EQ,2017-08-10,992.40,994.90,"1,002.50",983.05,994.00,996.80,995.03,"24,95,164","2,48,27,70,080.55","39,899","12,52,448",50.2
KOTAKBANK,EQ,2017-08-11,996.80,988.90,997.45,973.55,990.00,992.20,988.65,"14,21,743","1,40,56,07,718.80","31,144","7,71,992",54.3
KOTAKBANK,EQ,2017-08-14,992.20,992.50,"1,000.00",980.25,981.45,982.60,984.53,"26,66,347","2,62,51,10,750.20","56,882","19,74,341",74.05
KOTAKBANK,EQ,2017-08-16,982.60,990.00,"1,005.00",967.55,998.95,"1,000.55",989.18,"31,47,277","3,11,32,14,057.20","45,771","22,60,528",71.82
KOTAKBANK,EQ,2017-08-17,"1,000.55","1,003.00","1,003.00",982.00,984.45,989.00,992.66,"10,76,077","1,06,81,83,343.60","18,328","3,83,930",35.68
KOTAKBANK,EQ,2017-08-18,989.00,983.00,985.15,976.00,982.75,983.55,981.28,"9,56,180","93,82,76,458.45","15,253","5,62,531",58.83
KOTAKBANK,EQ,2017-08-21,983.55,988.40,991.70,967.50,968.30,969.55,980.26,"8,45,249","82,85,66,703.90","20,306","4,31,925",51.1
KOTAKBANK,EQ,2017-08-22,969.55,974.90,977.45,966.30,973.00,970.80,970.56,"12,06,098","1,17,05,86,724.75","30,683","6,67,162",55.32
KOTAKBANK,EQ,2017-08-23,970.80,978.00,984.00,964.00,977.75,980.10,971.47,"23,54,519","2,28,73,52,808.00","47,518","15,71,906",66.76
KOTAKBANK,EQ,2017-08-24,980.10,984.90,984.90,966.05,974.00,972.10,972.39,"13,36,640","1,29,97,37,780.00","25,553","6,37,593",47.7
KOTAKBANK,EQ,2017-08-28,972.10,980.00,982.95,972.50,972.65,976.05,977.00,"6,21,906","60,76,05,122.80","27,880","3,16,119",50.83
KOTAKBANK,EQ,2017-08-29,976.05,975.00,975.90,962.00,964.25,964.40,965.93,"13,14,765","1,26,99,72,175.20","24,082","7,81,011",59.4
KOTAKBANK,EQ,2017-08-30,964.40,970.00,976.35,965.95,973.45,971.35,973.28,"9,97,329","97,06,83,416.80","27,917","6,63,372",66.51
KOTAKBANK,EQ,2017-08-31,971.35,974.50,980.90,963.55,977.30,976.00,973.26,"25,24,606","2,45,70,97,482.90","45,125","15,05,711",59.64
KOTAKBANK,EQ,2017-09-01,976.00,979.00,998.10,972.50,989.45,992.55,993.13,"19,48,333","1,93,49,39,225.00","51,601","12,19,414",62.59
KOTAKBANK,EQ,2017-09-04,992.55,998.00,998.60,973.20,976.55,978.10,981.18,"7,03,102","68,98,66,204.20","21,455","3,61,842",51.46
KOTAKBANK,EQ,2017-09-05,978.10,978.10,991.00,975.85,987.60,988.40,986.10,"8,51,521","83,96,86,209.90","16,943","5,58,672",65.61
KOTAKBANK,EQ,2017-09-06,988.40,987.00,"1,007.95",980.05,995.00,996.15,997.29,"17,38,140","1,73,34,22,691.65","48,309","9,00,194",51.79
KOTAKBANK,EQ,2017-09-07,996.15,999.00,"1,004.70",988.20,990.90,993.50,997.55,"15,14,770","1,51,10,58,802.25","44,566","6,66,065",43.97
KOTAKBANK,EQ,2017-09-08,993.50,996.00,"1,010.80",991.55,"1,004.20","1,007.55","1,004.83","20,76,538","2,08,65,70,033.10","46,459","13,01,676",62.68
KOTAKBANK,EQ,2017-09-11,"1,007.55","1,010.00","1,015.00","1,001.10","1,007.75","1,006.50","1,007.90","13,23,918","1,33,43,73,215.30","27,052","7,84,830",59.28
KOTAKBANK,EQ,2017-09-12,"1,006.50","1,012.00","1,024.55","1,007.15","1,021.05","1,021.75","1,017.05","16,49,509","1,67,76,34,090.70","50,416","10,65,469",64.59
KOTAKBANK,EQ,2017-09-13,"1,021.75","1,022.00","1,025.10","1,015.60","1,019.75","1,020.15","1,021.86","11,10,777","1,13,50,61,679.90","30,418","7,56,371",68.09
KOTAKBANK,EQ,2017-09-14,"1,020.15","1,021.80","1,026.45","1,002.40","1,009.00","1,007.60","1,011.75","14,84,086","1,50,15,24,747.85","35,629","7,83,335",52.78
KOTAKBANK,EQ,2017-09-15,"1,007.60","1,007.90","1,011.70",997.50,"1,005.10","1,005.05","1,004.74","53,28,496","5,35,37,77,110.75","40,989","45,42,573",85.25
KOTAKBANK,EQ,2017-09-18,"1,005.05","1,007.50","1,024.95","1,007.50","1,019.20","1,017.05","1,020.27","9,39,378","95,84,17,078.90","24,451","4,87,289",51.87
KOTAKBANK,EQ,2017-09-19,"1,017.05","1,020.00","1,045.40","1,015.60","1,036.45","1,034.35","1,035.18","19,76,618","2,04,61,48,967.60","46,494","10,72,318",54.25
KOTAKBANK,EQ,2017-09-20,"1,034.35","1,034.50","1,036.95","1,020.25","1,022.25","1,023.20","1,027.75","19,71,092","2,02,57,90,307.95","41,686","15,36,839",77.97
KOTAKBANK,EQ,2017-09-21,"1,023.20","1,022.00","1,037.00","1,020.00","1,027.25","1,029.15","1,028.93","9,23,961","95,06,92,576.00","54,025","3,52,942",38.2
KOTAKBANK,EQ,2017-09-22,"1,029.15","1,024.75","1,031.00","1,019.00","1,021.30","1,021.90","1,025.90","18,45,956","1,89,37,70,385.00","53,890","14,03,610",76.04
KOTAKBANK,EQ,2017-09-25,"1,021.90","1,021.00","1,021.70",995.00,"1,001.00",999.50,"1,001.22","18,56,601","1,85,88,68,822.30","74,067","12,32,896",66.41
KOTAKBANK,EQ,2017-09-26,999.50,"1,001.00","1,007.50",990.40,993.50,994.00,995.82,"13,37,633","1,33,20,44,794.50","28,847","8,74,642",65.39
KOTAKBANK,EQ,2017-09-27,994.00,997.50,"1,005.05",977.00,979.60,979.60,985.74,"20,40,885","2,01,17,83,002.80","33,754","13,78,523",67.55
KOTAKBANK,EQ,2017-09-28,979.60,982.50,"1,014.60",968.00,"1,006.10","1,005.25",995.48,"58,08,078","5,78,18,02,994.65","57,895","37,30,462",64.23
KOTAKBANK,EQ,2017-09-29,"1,005.25","1,014.00","1,015.00",998.40,"1,001.10","1,002.25","1,006.91","16,60,433","1,67,19,04,632.90","60,404","11,20,898",67.51
KOTAKBANK,EQ,2017-10-03,"1,002.25","1,006.10","1,010.00",995.15,"1,006.60","1,006.55","1,001.10","21,33,107","2,13,54,47,936.20","89,519","16,17,953",75.85
KOTAKBANK,EQ,2017-10-04,"1,006.55","1,008.60","1,037.20","1,008.60","1,028.85","1,029.45","1,021.21","22,55,784","2,30,36,36,448.00","47,523","14,52,336",64.38
KOTAKBANK,EQ,2017-10-05,"1,029.45","1,029.00","1,037.25","1,020.25","1,032.80","1,032.80","1,033.10","13,96,989","1,44,32,33,050.10","40,921","8,59,041",61.49
KOTAKBANK,EQ,2017-10-06,"1,032.80","1,032.00","1,043.15","1,028.65","1,038.20","1,039.50","1,038.57","10,65,953","1,10,70,61,486.35","30,889","6,96,147",65.31
KOTAKBANK,EQ,2017-10-09,"1,039.50","1,037.10","1,053.80","1,035.10","1,050.00","1,049.95","1,047.45","15,46,184","1,61,95,48,706.30","40,045","11,21,171",72.51
KOTAKBANK,EQ,2017-10-10,"1,049.95","1,052.95","1,061.00","1,044.40","1,052.90","1,055.65","1,053.67","16,02,617","1,68,86,26,237.30","31,262","10,75,202",67.09
KOTAKBANK,EQ,2017-10-11,"1,055.65","1,056.75","1,057.15","1,038.20","1,038.60","1,043.85","1,046.52","13,29,360","1,39,11,99,289.85","26,795","8,68,749",65.35
KOTAKBANK,EQ,2017-10-12,"1,043.85","1,043.30","1,062.50","1,038.00","1,054.60","1,057.60","1,047.06","11,76,721","1,23,21,00,750.10","27,288","5,50,195",46.76
KOTAKBANK,EQ,2017-10-13,"1,057.60","1,058.00","1,088.80","1,052.50","1,079.00","1,082.35","1,072.52","17,55,115","1,88,23,92,638.65","52,912","8,10,407",46.17
KOTAKBANK,EQ,2017-10-16,"1,082.35","1,082.35","1,098.70","1,077.90","1,085.00","1,082.50","1,088.10","25,74,204","2,80,10,01,463.80","47,425","16,00,526",62.18
KOTAKBANK,EQ,2017-10-17,"1,082.50","1,082.50","1,087.50","1,072.10","1,077.45","1,078.60","1,080.97","16,78,738","1,81,46,72,273.55","40,358","12,76,853",76.06
KOTAKBANK,EQ,2017-10-18,"1,078.60","1,079.00","1,115.05","1,077.50","1,097.15","1,095.90","1,094.02","27,53,994","3,01,29,13,712.25","39,468","19,27,537",69.99
KOTAKBANK,EQ,2017-10-19,"1,095.90","1,094.00","1,094.00","1,070.60","1,075.70","1,077.75","1,087.32","2,77,916","30,21,82,874.30","3,388","1,31,706",47.39
KOTAKBANK,EQ,2017-10-23,"1,077.75","1,080.00","1,082.85","1,058.05","1,070.00","1,061.55","1,067.71","19,39,538","2,07,08,67,834.95","51,667","11,24,284",57.97
KOTAKBANK,EQ,2017-10-24,"1,061.55","1,070.45","1,076.40","1,059.00","1,068.05","1,065.70","1,064.73","13,05,472","1,38,99,76,908.00","40,840","9,28,271",71.11
KOTAKBANK,EQ,2017-10-25,"1,065.70","1,071.50","1,075.00",998.50,"1,016.00","1,010.55","1,019.52","82,50,123","8,41,11,34,088.75","1,57,704","39,36,683",47.72
KOTAKBANK,EQ,2017-10-26,"1,010.55","1,021.40","1,025.55",985.15,"1,017.75","1,018.90","1,014.47","36,79,909","3,73,31,60,782.35","88,480","19,96,816",54.26
KOTAKBANK,EQ,2017-10-27,"1,018.90","1,023.50","1,045.00","1,022.95","1,029.00","1,029.00","1,036.92","26,40,498","2,73,79,87,740.95","43,745","15,55,700",58.92
KOTAKBANK,EQ,2017-10-30,"1,029.00","1,028.00","1,034.00","1,020.50","1,028.70","1,028.90","1,026.75","15,63,715","1,60,55,42,386.95","41,333","10,83,712",69.3
KOTAKBANK,EQ,2017-10-31,"1,028.90","1,031.00","1,035.00","1,022.05","1,026.75","1,025.05","1,026.57","9,73,983","99,98,58,777.15","50,246","5,89,332",60.51
KOTAKBANK,EQ,2017-11-01,"1,025.05","1,032.00","1,037.00","1,017.55","1,023.80","1,024.35","1,025.27","16,57,437","1,69,93,23,615.20","52,236","11,55,146",69.69
KOTAKBANK,EQ,2017-11-02,"1,024.35","1,023.00","1,033.40","1,017.50","1,017.50","1,019.55","1,022.13","12,87,575","1,31,60,73,661.90","20,280","9,18,650",71.35
KOTAKBANK,EQ,2017-11-03,"1,019.55","1,027.40","1,027.40","1,008.65","1,014.50","1,015.50","1,013.95","29,42,419","2,98,34,51,760.75","55,589","23,03,221",78.28
KOTAKBANK,EQ,2017-11-06,"1,015.50","1,015.00","1,019.00",999.50,"1,012.35","1,009.75","1,006.98","27,93,501","2,81,29,92,308.30","77,329","21,53,570",77.09
KOTAKBANK,EQ,2017-11-07,"1,009.75","1,011.00","1,025.90","1,007.80","1,010.00","1,013.30","1,016.85","18,50,889","1,88,20,67,946.20","50,385","13,48,160",72.84
KOTAKBANK,EQ,2017-11-08,"1,013.30","1,013.30","1,021.00","1,007.00","1,010.00","1,011.40","1,013.67","14,51,235","1,47,10,72,064.05","45,404","8,79,955",60.63
KOTAKBANK,EQ,2017-11-09,"1,011.40","1,011.40","1,015.00","1,002.60","1,005.10","1,005.35","1,008.08","16,48,408","1,66,17,19,464.40","57,092","12,69,692",77.03
KOTAKBANK,EQ,2017-11-10,"1,005.35","1,001.10","1,008.75",990.00,990.10,993.40,996.32,"18,53,829","1,84,70,13,036.90","73,653","13,91,614",75.07
KOTAKBANK,EQ,2017-11-13,993.40,990.00,999.00,982.55,996.70,994.70,991.16,"21,32,408","2,11,35,60,177.05","36,889","16,20,415",75.99
KOTAKBANK,EQ,2017-11-14,994.70,994.00,"1,003.20",992.50,"1,000.00",999.20,998.98,"13,73,565","1,37,21,58,029.85","44,410","10,29,416",74.94
KOTAKBANK,EQ,2017-11-15,999.20,998.00,"1,014.40",997.85,"1,009.50","1,011.50","1,004.58","13,33,954","1,34,00,59,306.80","40,128","9,05,557",67.89
KOTAKBANK,EQ,2017-11-16,"1,011.50","1,010.00","1,026.45","1,008.05","1,018.00","1,017.45","1,018.83","13,07,144","1,33,17,54,362.10","34,274","7,86,601",60.18
KOTAKBANK,EQ,2017-11-17,"1,017.45","1,027.50","1,030.00","1,014.35","1,021.85","1,023.20","1,023.62","18,42,633","1,88,61,48,089.00","41,185","12,88,247",69.91
KOTAKBANK,EQ,2017-11-20,"1,023.20","1,023.20","1,041.90","1,016.85","1,040.60","1,040.55","1,035.62","12,48,427","1,29,28,95,258.40","33,990","8,22,376",65.87
KOTAKBANK,EQ,2017-11-21,"1,040.55","1,042.30","1,050.00","1,027.25","1,029.50","1,029.85","1,042.14","24,39,933","2,54,27,46,418.30","33,727","20,69,367",84.81
KOTAKBANK,EQ,2017-11-22,"1,029.85","1,032.50","1,035.30","1,019.10","1,026.30","1,026.25","1,025.23","15,45,476","1,58,44,65,286.25","24,981","12,03,553",77.88
KOTAKBANK,EQ,2017-11-23,"1,026.25","1,031.70","1,031.70","1,016.35","1,022.00","1,022.10","1,022.69","12,33,925","1,26,19,19,643.70","28,772","8,89,826",72.11
KOTAKBANK,EQ,2017-11-24,"1,022.10","1,025.00","1,036.50","1,020.95","1,029.10","1,030.35","1,028.62","11,76,564","1,21,02,32,120.35","25,595","8,90,238",75.66
KOTAKBANK,EQ,2017-11-27,"1,030.35","1,029.90","1,041.70","1,023.50","1,039.65","1,036.45","1,030.13","9,70,817","1,00,00,68,330.40","23,113","7,34,901",75.7
KOTAKBANK,EQ,2017-11-28,"1,036.45","1,036.00","1,040.00","1,026.10","1,027.00","1,029.85","1,033.61","7,34,677","75,93,69,041.25","34,230","4,57,954",62.33
KOTAKBANK,EQ,2017-11-29,"1,029.85","1,028.90","1,032.85","1,022.00","1,025.50","1,026.25","1,028.95","14,14,642","1,45,55,99,202.85","27,680","10,92,931",77.26
KOTAKBANK,EQ,2017-11-30,"1,026.25","1,019.10","1,020.40",996.15,"1,000.55","1,000.30","1,005.83","28,00,528","2,81,68,46,199.35","53,695","19,33,333",69.03
KOTAKBANK,EQ,2017-12-01,"1,000.30","1,003.00","1,011.75","1,001.15","1,006.00","1,005.15","1,006.04","28,79,595","2,89,70,00,462.60","28,885","23,05,249",80.05
KOTAKBANK,EQ,2017-12-04,"1,005.15","1,006.00","1,011.00",992.50,999.50,997.95,999.62,"22,24,349","2,22,34,92,781.30","39,380","17,32,549",77.89
KOTAKBANK,EQ,2017-12-05,997.95,998.50,"1,005.15",995.15,"1,005.00",999.85,999.42,"18,23,641","1,82,25,83,709.90","52,862","12,59,254",69.05
KOTAKBANK,EQ,2017-12-06,999.85,"1,000.00","1,010.55",996.30,"1,001.80",999.65,"1,001.36","17,75,461","1,77,78,67,369.45","34,715","11,42,218",64.33
KOTAKBANK,EQ,2017-12-07,999.65,"1,003.00","1,006.00",994.15,"1,006.00","1,001.60","1,000.42","10,27,520","1,02,79,52,379.55","30,115","6,16,459",59.99
KOTAKBANK,EQ,2017-12-08,"1,001.60","1,006.80","1,012.00","1,003.00","1,010.40","1,009.00","1,007.41","18,84,560","1,89,85,24,833.80","24,079","15,32,461",81.32
KOTAKBANK,EQ,2017-12-11,"1,009.00","1,009.00","1,011.40","1,002.05","1,006.25","1,008.50","1,007.19","10,84,771","1,09,25,66,082.85","31,014","7,35,628",67.81
KOTAKBANK,EQ,2017-12-12,"1,008.50","1,005.00","1,006.90",997.70,"1,001.40","1,000.40","1,001.98","18,26,210","1,82,98,17,671.20","36,494","14,74,195",80.72
KOTAKBANK,EQ,2017-12-13,"1,000.40","1,006.00","1,027.00",993.05,"1,015.00","1,014.90","1,016.25","28,55,676","2,90,20,72,019.10","53,298","19,07,909",66.81
KOTAKBANK,EQ,2017-12-14,"1,014.90","1,017.00","1,027.05","1,007.90","1,023.05","1,024.65","1,017.90","14,61,190","1,48,73,43,014.75","36,955","9,77,490",66.9
KOTAKBANK,EQ,2017-12-15,"1,024.65","1,032.50","1,037.00","1,020.50","1,034.90","1,030.10","1,029.87","95,18,612","9,80,29,63,919.00","82,160","82,75,918",86.94
KOTAKBANK,EQ,2017-12-18,"1,030.10","1,028.90","1,038.00",999.60,"1,027.20","1,023.20","1,023.80","19,89,303","2,03,66,52,695.00","61,561","10,35,968",52.08
KOTAKBANK,EQ,2017-12-19,"1,023.20","1,024.90","1,028.25","1,012.50","1,021.00","1,021.35","1,018.90","10,32,586","1,05,20,97,014.15","53,186","6,18,253",59.87
KOTAKBANK,EQ,2017-12-20,"1,021.35","1,021.35","1,022.10","1,008.35","1,012.15","1,012.70","1,012.80","19,80,327","2,00,56,79,225.55","53,924","14,10,625",71.23
KOTAKBANK,EQ,2017-12-21,"1,012.70","1,010.05","1,015.00","1,006.80","1,012.60","1,010.55","1,010.26","21,54,856","2,17,69,66,598.25","39,450","18,39,360",85.36
KOTAKBANK,EQ,2017-12-22,"1,010.55","1,014.00","1,014.50","1,006.20","1,009.00","1,010.05","1,009.99","10,12,136","1,02,22,47,826.20","24,638","7,48,133",73.92
KOTAKBANK,EQ,2017-12-26,"1,010.05","1,009.90","1,020.70","1,007.05","1,014.50","1,016.25","1,013.19","16,32,043","1,65,35,67,443.55","30,296","11,31,238",69.31
KOTAKBANK,EQ,2017-12-27,"1,016.25","1,016.70","1,022.00","1,010.15","1,010.20","1,014.05","1,017.22","5,60,946","57,06,03,231.50","28,069","3,07,191",54.76
KOTAKBANK,EQ,2017-12-28,"1,014.05","1,013.00","1,014.70","1,002.60","1,006.00","1,004.75","1,008.01","10,35,750","1,04,40,50,336.10","34,521","7,31,686",70.64
KOTAKBANK,EQ,2017-12-29,"1,004.75","1,003.25","1,012.00","1,002.50","1,009.50","1,010.20","1,008.19","11,90,422","1,20,01,66,221.05","32,562","8,77,408",73.71
KOTAKBANK,EQ,2018-01-01,"1,010.20","1,011.85","1,012.20",996.80,998.15,999.95,"1,003.47","13,17,415","1,32,19,89,672.80","17,197","8,20,454",62.28
KOTAKBANK,EQ,2018-01-02,999.95,"1,001.00","1,006.00",992.50,"1,001.75","1,003.20",998.40,"10,72,207","1,07,04,87,339.70","29,908","6,76,564",63.1
KOTAKBANK,EQ,2018-01-03,"1,003.20","1,002.60","1,006.90",998.10,998.50,"1,000.10","1,001.44","8,84,021","88,52,91,530.75","28,080","5,84,835",66.16
KOTAKBANK,EQ,2018-01-04,"1,000.10","1,001.00","1,002.90",996.10,"1,001.95","1,000.40",999.94,"7,83,950","78,39,03,037.45","28,914","4,99,161",63.67
KOTAKBANK,EQ,2018-01-05,"1,000.40","1,002.50","1,006.70",996.60,"1,003.00","1,003.05","1,002.76","21,47,402","2,15,33,37,341.45","34,011","16,43,775",76.55
KOTAKBANK,EQ,2018-01-08,"1,003.05","1,008.85","1,013.10","1,003.70","1,005.55","1,006.10","1,008.87","17,80,412","1,79,62,00,865.75","56,302","13,32,255",74.83
KOTAKBANK,EQ,2018-01-09,"1,006.10","1,010.00","1,020.65",996.00,"1,009.80","1,009.75","1,010.12","12,42,106","1,25,46,78,980.00","29,554","8,21,613",66.15
KOTAKBANK,EQ,2018-01-10,"1,009.75","1,007.60","1,009.45","1,000.10","1,002.00","1,002.25","1,003.02","6,76,881","67,89,27,154.45","32,707","4,20,218",62.08
KOTAKBANK,EQ,2018-01-11,"1,002.25","1,003.70","1,021.00","1,001.05","1,017.80","1,017.65","1,014.35","20,77,832","2,10,76,47,006.40","42,890","15,17,964",73.06
KOTAKBANK,EQ,2018-01-12,"1,017.65","1,022.50","1,025.90","1,016.10","1,017.50","1,023.35","1,021.60","23,20,796","2,37,09,29,838.95","24,922","18,22,590",78.53
KOTAKBANK,EQ,2018-01-15,"1,023.35","1,025.00","1,041.40","1,020.35","1,038.00","1,038.35","1,031.37","35,11,372","3,62,15,27,775.90","67,273","25,24,866",71.91
KOTAKBANK,EQ,2018-01-16,"1,038.35","1,043.55","1,044.00","1,027.50","1,030.00","1,033.25","1,035.28","11,58,187","1,19,90,43,882.45","55,173","6,33,903",54.73
KOTAKBANK,EQ,2018-01-17,"1,033.25","1,028.05","1,034.15","1,021.80","1,030.00","1,027.10","1,027.28","16,03,465","1,64,72,05,554.80","55,571","5,50,445",34.33
KOTAKBANK,EQ,2018-01-18,"1,027.10","1,033.00","1,050.80","1,031.40","1,047.05","1,046.50","1,040.89","36,48,214","3,79,73,85,245.50","65,386","24,29,564",66.6
KOTAKBANK,EQ,2018-01-19,"1,046.50","1,052.70","1,063.90","1,043.05","1,058.00","1,060.55","1,053.88","43,04,314","4,53,62,29,738.60","78,558","23,85,265",55.42
KOTAKBANK,EQ,2018-01-22,"1,060.55","1,061.00","1,078.20","1,044.00","1,073.35","1,074.10","1,072.67","31,89,930","3,42,17,41,430.15","66,378","23,38,400",73.31
KOTAKBANK,EQ,2018-01-23,"1,074.10","1,076.95","1,083.75","1,070.25","1,070.95","1,075.45","1,077.73","24,58,463","2,64,95,52,917.95","40,843","18,56,990",75.53
KOTAKBANK,EQ,2018-01-24,"1,075.45","1,071.25","1,084.00","1,070.95","1,081.70","1,080.10","1,078.98","11,68,000","1,26,02,51,269.45","40,173","8,65,151",74.07
KOTAKBANK,EQ,2018-01-25,"1,080.10","1,076.00","1,098.00","1,050.10","1,092.40","1,092.35","1,089.72","40,61,319","4,42,56,86,560.90","61,984","24,83,771",61.16
KOTAKBANK,EQ,2018-01-29,"1,092.35","1,092.00","1,119.50","1,091.00","1,112.80","1,115.10","1,113.12","22,15,014","2,46,55,87,252.65","61,658","14,50,105",65.47
KOTAKBANK,EQ,2018-01-30,"1,115.10","1,113.05","1,118.00","1,083.95","1,085.80","1,088.05","1,097.59","26,92,935","2,95,57,51,534.35","58,135","21,28,870",79.05
KOTAKBANK,EQ,2018-01-31,"1,088.05","1,084.00","1,113.20","1,083.15","1,109.00","1,108.95","1,102.40","31,43,011","3,46,48,40,194.05","82,552","23,99,348",76.34
KOTAKBANK,EQ,2018-02-01,"1,108.95","1,105.10","1,131.00","1,105.10","1,120.55","1,120.95","1,121.41","38,56,283","4,32,44,78,950.35","69,029","28,52,508",73.97
KOTAKBANK,EQ,2018-02-02,"1,120.95","1,115.00","1,115.00","1,077.95","1,082.25","1,085.95","1,088.68","22,81,820","2,48,41,82,048.40","56,758","13,64,587",59.8
KOTAKBANK,EQ,2018-02-05,"1,085.95","1,075.00","1,081.05","1,050.80","1,063.00","1,062.25","1,065.83","23,70,531","2,52,65,81,193.35","48,009","16,73,998",70.62
KOTAKBANK,EQ,2018-02-06,"1,062.25","1,035.65","1,049.40","1,018.20","1,036.75","1,033.80","1,028.36","33,34,520","3,42,91,02,109.80","67,525","22,18,045",66.52
KOTAKBANK,EQ,2018-02-07,"1,033.80","1,037.00","1,050.00","1,031.00","1,033.00","1,036.30","1,039.66","35,36,295","3,67,65,29,867.70","50,403","29,11,129",82.32
KOTAKBANK,EQ,2018-02-08,"1,036.30","1,036.30","1,056.00","1,030.60","1,049.30","1,051.75","1,047.89","18,39,297","1,92,73,84,410.95","73,057","12,67,310",68.9
KOTAKBANK,EQ,2018-02-09,"1,051.75","1,040.00","1,045.50","1,028.00","1,036.00","1,032.00","1,034.49","18,98,563","1,96,40,52,712.90","37,211","12,46,972",65.68
KOTAKBANK,EQ,2018-02-12,"1,032.00","1,037.50","1,046.00","1,032.65","1,042.75","1,042.95","1,038.25","7,72,861","80,24,24,084.75","27,842","3,98,995",51.63
KOTAKBANK,EQ,2018-02-14,"1,042.95","1,050.00","1,052.35","1,036.80","1,038.90","1,042.45","1,044.78","11,87,333","1,24,05,04,600.05","43,159","7,49,302",63.11
KOTAKBANK,EQ,2018-02-15,"1,042.45","1,043.50","1,047.50","1,033.00","1,043.75","1,042.15","1,040.93","9,08,706","94,59,03,241.85","39,452","5,31,965",58.54
KOTAKBANK,EQ,2018-02-16,"1,042.15","1,043.00","1,062.00","1,040.85","1,052.00","1,050.20","1,053.48","16,55,606","1,74,41,52,912.50","30,876","9,69,399",58.55
KOTAKBANK,EQ,2018-02-19,"1,050.20","1,059.00","1,059.00","1,046.55","1,055.00","1,056.20","1,054.03","11,88,168","1,25,23,68,115.60","45,338","5,81,060",48.9
KOTAKBANK,EQ,2018-02-20,"1,056.20","1,056.20","1,065.40","1,041.70","1,041.75","1,045.80","1,053.25","8,35,351","87,98,36,569.15","34,929","4,06,161",48.62
KOTAKBANK,EQ,2018-02-21,"1,045.80","1,047.70","1,060.80","1,042.55","1,055.00","1,055.05","1,055.09","35,72,028","3,76,88,07,500.25","27,493","31,38,496",87.86
KOTAKBANK,EQ,2018-02-22,"1,055.05","1,052.50","1,077.50","1,050.65","1,072.00","1,072.50","1,068.79","51,42,330","5,49,60,93,508.55","58,860","35,78,103",69.58
KOTAKBANK,EQ,2018-02-23,"1,072.50","1,072.50","1,083.30","1,072.45","1,082.10","1,080.85","1,077.97","22,72,854","2,45,00,76,729.80","31,112","18,45,405",81.19
KOTAKBANK,EQ,2018-02-26,"1,080.85","1,081.00","1,109.60","1,081.00","1,105.00","1,105.15","1,099.18","18,17,998","1,99,83,01,671.70","56,339","11,22,818",61.76
KOTAKBANK,EQ,2018-02-27,"1,105.15","1,105.00","1,105.00","1,088.10","1,093.45","1,093.05","1,096.22","10,34,120","1,13,36,27,970.60","31,649","6,18,729",59.83
KOTAKBANK,EQ,2018-02-28,"1,093.05","1,090.00","1,095.20","1,084.55","1,088.00","1,090.55","1,089.89","8,86,902","96,66,22,782.20","29,314","4,61,624",52.05
KOTAKBANK,EQ,2018-03-01,"1,090.55","1,088.10","1,103.75","1,086.00","1,095.00","1,095.70","1,095.53","14,80,594","1,62,20,35,099.65","33,342","10,77,544",72.78
KOTAKBANK,EQ,2018-03-05,"1,095.70","1,090.00","1,103.85","1,080.80","1,097.80","1,100.00","1,095.04","24,09,121","2,63,80,85,042.50","44,783","17,01,305",70.62
KOTAKBANK,EQ,2018-03-06,"1,100.00","1,105.00","1,105.95","1,075.30","1,079.65","1,082.45","1,097.09","24,04,151","2,63,75,70,368.85","43,072","18,56,646",77.23
KOTAKBANK,EQ,2018-03-07,"1,082.45","1,082.20","1,097.60","1,073.30","1,088.05","1,085.10","1,085.89","29,65,912","3,22,06,44,670.50","47,954","23,12,256",77.96
KOTAKBANK,EQ,2018-03-08,"1,085.10","1,088.70","1,093.10","1,074.30","1,083.00","1,082.30","1,081.77","17,51,666","1,89,49,05,378.60","52,223","11,84,956",67.65
KOTAKBANK,EQ,2018-03-09,"1,082.30","1,085.00","1,091.90","1,076.65","1,080.70","1,082.45","1,082.23","16,44,991","1,78,02,63,685.75","62,280","12,48,884",75.92
KOTAKBANK,EQ,2018-03-12,"1,082.45","1,087.50","1,105.00","1,083.50","1,097.55","1,100.60","1,097.67","12,55,474","1,37,81,01,032.30","37,009","8,54,262",68.04
KOTAKBANK,EQ,2018-03-13,"1,100.60","1,099.95","1,108.50","1,078.95","1,082.80","1,083.90","1,094.29","13,80,164","1,51,03,05,929.40","58,509","7,55,750",54.76
KOTAKBANK,EQ,2018-03-14,"1,083.90","1,080.00","1,085.05","1,070.00","1,085.00","1,081.75","1,077.85","12,09,100","1,30,32,24,366.75","37,890","7,45,342",61.64
KOTAKBANK,EQ,2018-03-15,"1,081.75","1,085.00","1,091.95","1,078.65","1,083.50","1,085.65","1,083.93","13,68,171","1,48,29,95,489.75","43,126","9,45,156",69.08
KOTAKBANK,EQ,2018-03-16,"1,085.65","1,081.65","1,082.00","1,056.40","1,062.00","1,060.75","1,067.47","27,24,910","2,90,87,49,432.55","78,553","21,80,266",80.01
KOTAKBANK,EQ,2018-03-19,"1,060.75","1,064.70","1,065.60","1,045.25","1,048.30","1,049.00","1,052.23","18,80,023","1,97,82,09,588.25","35,159","14,03,002",74.63
KOTAKBANK,EQ,2018-03-20,"1,049.00","1,047.90","1,051.45","1,038.60","1,049.60","1,045.30","1,043.95","9,87,156","1,03,05,43,785.25","27,489","5,76,314",58.38
KOTAKBANK,EQ,2018-03-21,"1,045.30","1,054.80","1,061.95","1,045.55","1,052.60","1,051.10","1,051.43","17,41,161","1,83,07,17,384.45","32,853","12,90,093",74.09
KOTAKBANK,EQ,2018-03-22,"1,051.10","1,051.10","1,059.50","1,048.10","1,049.00","1,053.05","1,054.28","17,65,315","1,86,11,30,888.20","33,352","12,62,254",71.5
KOTAKBANK,EQ,2018-03-23,"1,053.05","1,040.90","1,046.80","1,028.40","1,039.05","1,038.80","1,037.69","19,61,492","2,03,54,23,860.10","39,466","13,95,038",71.12
KOTAKBANK,EQ,2018-03-26,"1,038.80","1,040.00","1,040.90","1,028.85","1,040.00","1,039.35","1,036.11","78,17,249","8,09,95,39,429.85","55,047","72,71,966",93.02
KOTAKBANK,EQ,2018-03-27,"1,039.35","1,043.00","1,058.00","1,043.00","1,049.30","1,049.85","1,051.41","21,48,618","2,25,90,88,450.30","31,188","16,80,047",78.19
KOTAKBANK,EQ,2018-03-28,"1,049.85","1,044.05","1,057.00","1,040.60","1,052.35","1,047.80","1,050.48","59,27,388","6,22,65,82,594.90","66,343","53,56,167",90.36
KOTAKBANK,EQ,2018-04-02,"1,047.80","1,049.05","1,100.45","1,049.05","1,095.00","1,096.55","1,086.09","26,66,027","2,89,55,50,690.25","66,958","15,03,277",56.39
KOTAKBANK,EQ,2018-04-03,"1,096.55","1,094.50","1,105.10","1,087.50","1,103.10","1,103.30","1,099.00","13,45,130","1,47,83,03,576.35","44,466","8,95,316",66.56
KOTAKBANK,EQ,2018-04-04,"1,103.30","1,108.90","1,111.80","1,075.00","1,077.75","1,078.30","1,096.82","13,05,078","1,43,14,40,729.10","43,543","8,55,183",65.53
KOTAKBANK,EQ,2018-04-05,"1,078.30","1,091.90","1,121.00","1,084.50","1,116.00","1,118.30","1,103.35","19,87,694","2,19,31,20,046.50","41,392","12,71,510",63.97
KOTAKBANK,EQ,2018-04-06,"1,118.30","1,116.00","1,123.00","1,102.00","1,112.50","1,119.20","1,115.61","12,93,385","1,44,29,12,869.05","42,626","8,00,721",61.91
KOTAKBANK,EQ,2018-04-09,"1,119.20","1,119.90","1,137.50","1,115.00","1,116.00","1,118.25","1,130.00","18,51,094","2,09,17,32,199.45","52,942","12,76,315",68.95
KOTAKBANK,EQ,2018-04-10,"1,118.25","1,120.00","1,134.90","1,110.40","1,114.00","1,113.65","1,119.90","11,98,503","1,34,21,99,319.60","34,763","5,10,128",42.56
KOTAKBANK,EQ,2018-04-11,"1,113.65","1,110.00","1,129.00","1,110.00","1,122.95","1,126.10","1,120.45","8,83,246","98,96,35,691.05","32,829","5,23,871",59.31
KOTAKBANK,EQ,2018-04-12,"1,126.10","1,123.60","1,137.35","1,113.50","1,135.70","1,134.60","1,127.79","13,44,409","1,51,62,06,970.50","42,037","8,82,641",65.65
KOTAKBANK,EQ,2018-04-13,"1,134.60","1,138.90","1,157.05","1,137.10","1,151.55","1,151.10","1,148.78","29,52,078","3,39,12,76,961.75","85,127","20,68,630",70.07
KOTAKBANK,EQ,2018-04-16,"1,151.10","1,147.50","1,175.00","1,145.00","1,174.00","1,172.10","1,163.68","16,25,382","1,89,14,29,164.15","35,636","10,01,057",61.59
KOTAKBANK,EQ,2018-04-17,"1,172.10","1,176.00","1,177.50","1,160.60","1,165.00","1,164.85","1,167.46","9,12,582","1,06,54,02,033.30","48,619","5,08,212",55.69
KOTAKBANK,EQ,2018-04-18,"1,164.85","1,167.50","1,167.50","1,151.15","1,153.95","1,153.95","1,157.45","8,89,610","1,02,96,76,134.25","29,994","5,05,917",56.87
KOTAKBANK,EQ,2018-04-19,"1,153.95","1,160.00","1,165.60","1,151.10","1,153.00","1,153.90","1,157.42","6,60,729","76,47,40,889.70","15,493","2,88,501",43.66
KOTAKBANK,EQ,2018-04-20,"1,153.90","1,150.85","1,164.00","1,145.05","1,158.05","1,152.85","1,151.20","12,18,056","1,40,22,24,973.20","40,793","8,62,327",70.8
KOTAKBANK,EQ,2018-04-23,"1,152.85","1,158.70","1,177.15","1,153.25","1,167.20","1,169.00","1,168.39","13,54,154","1,58,21,79,855.35","42,199","8,20,699",60.61
KOTAKBANK,EQ,2018-04-24,"1,169.00","1,172.45","1,172.45","1,153.65","1,164.00","1,166.00","1,162.25","9,92,352","1,15,33,63,027.10","27,791","5,49,527",55.38
KOTAKBANK,EQ,2018-04-25,"1,166.00","1,164.00","1,170.50","1,150.65","1,163.00","1,167.85","1,160.32","12,51,769","1,45,24,47,652.65","25,171","8,07,480",64.51
KOTAKBANK,EQ,2018-04-26,"1,167.85","1,169.00","1,192.75","1,161.05","1,185.50","1,185.70","1,180.75","31,96,902","3,77,47,29,730.35","40,379","20,42,817",63.9
KOTAKBANK,EQ,2018-04-27,"1,185.70","1,190.00","1,207.00","1,178.45","1,192.00","1,188.75","1,187.39","18,16,266","2,15,66,15,513.00","35,316","9,28,121",51.1
KOTAKBANK,EQ,2018-04-30,"1,188.75","1,198.95","1,218.80","1,193.40","1,212.70","1,211.10","1,206.72","34,30,681","4,13,98,60,841.95","68,170","5,55,777",16.2
KOTAKBANK,EQ,2018-05-02,"1,211.10","1,232.00","1,288.40","1,223.20","1,260.00","1,256.85","1,263.33","88,91,427","11,23,28,09,046.95","1,63,786","27,85,636",31.33
KOTAKBANK,EQ,2018-05-03,"1,256.85","1,255.00","1,263.20","1,225.85","1,231.85","1,233.55","1,240.48","29,77,641","3,69,36,96,999.05","1,08,293","14,73,583",49.49
KOTAKBANK,EQ,2018-05-04,"1,233.55","1,240.20","1,240.25","1,214.10","1,233.50","1,233.45","1,225.56","19,14,559","2,34,64,04,819.65","58,355","10,57,640",55.24
KOTAKBANK,EQ,2018-05-07,"1,233.45","1,235.00","1,248.70","1,229.40","1,242.85","1,245.05","1,240.17","23,05,468","2,85,91,71,726.60","65,841","17,41,863",75.55
KOTAKBANK,EQ,2018-05-08,"1,245.05","1,247.50","1,247.50","1,225.80","1,242.00","1,241.85","1,236.18","26,74,288","3,30,58,91,320.60","32,874","18,54,212",69.33
KOTAKBANK,EQ,2018-05-09,"1,241.85","1,241.70","1,255.30","1,232.90","1,253.30","1,251.15","1,244.73","16,71,216","2,08,02,05,827.65","56,366","11,70,480",70.04
KOTAKBANK,EQ,2018-05-10,"1,251.15","1,254.50","1,260.00","1,242.90","1,244.95","1,247.50","1,252.48","9,84,467","1,23,30,25,369.35","38,846","3,38,448",34.38
KOTAKBANK,EQ,2018-05-11,"1,247.50","1,250.00","1,272.40","1,248.05","1,265.00","1,267.30","1,260.72","14,16,236","1,78,54,77,430.80","66,549","7,92,405",55.95
KOTAKBANK,EQ,2018-05-14,"1,267.30","1,268.00","1,288.15","1,256.25","1,266.00","1,271.60","1,274.65","16,74,393","2,13,42,62,452.40","50,424","10,12,594",60.48
KOTAKBANK,EQ,2018-05-15,"1,271.60","1,274.00","1,304.45","1,259.25","1,280.00","1,283.85","1,289.35","39,79,395","5,13,08,46,596.35","1,18,757","23,70,071",59.56
KOTAKBANK,EQ,2018-05-16,"1,283.85","1,272.00","1,293.05","1,265.00","1,285.00","1,281.40","1,279.86","13,81,194","1,76,77,41,728.10","38,832","5,09,997",36.92
KOTAKBANK,EQ,2018-05-17,"1,281.40","1,285.00","1,296.00","1,265.00","1,265.60","1,270.70","1,278.97","22,01,571","2,81,57,34,111.75","1,10,784","14,79,272",67.19
KOTAKBANK,EQ,2018-05-18,"1,270.70","1,268.00","1,297.05","1,267.00","1,297.00","1,294.40","1,283.86","33,68,549","4,32,47,35,697.40","89,788","26,60,057",78.97
KOTAKBANK,EQ,2018-05-21,"1,294.40","1,299.95","1,299.95","1,269.55","1,272.90","1,276.65","1,280.83","19,98,879","2,56,02,29,365.95","85,168","11,19,062",55.98
KOTAKBANK,EQ,2018-05-22,"1,276.65","1,276.80","1,284.25","1,258.65","1,265.50","1,262.70","1,271.56","13,57,645","1,72,63,33,199.95","62,410","9,66,559",71.19
KOTAKBANK,EQ,2018-05-23,"1,262.70","1,260.00","1,264.95","1,242.00","1,248.25","1,255.35","1,253.65","15,12,791","1,89,65,15,822.60","41,512","7,93,993",52.49
KOTAKBANK,EQ,2018-05-24,"1,255.35","1,250.50","1,279.55","1,246.15","1,277.00","1,275.45","1,263.81","15,72,433","1,98,72,62,280.55","49,431","8,77,714",55.82
KOTAKBANK,EQ,2018-05-25,"1,275.45","1,277.95","1,306.85","1,272.50","1,295.00","1,295.85","1,292.28","10,65,643","1,37,71,04,180.10","35,668","4,53,070",42.52
KOTAKBANK,EQ,2018-05-28,"1,295.85","1,300.00","1,309.70","1,289.80","1,292.40","1,297.15","1,300.05","15,27,809","1,98,62,31,595.80","44,162","10,18,827",66.69
KOTAKBANK,EQ,2018-05-29,"1,297.15","1,297.10","1,300.90","1,278.45","1,280.00","1,284.25","1,290.72","10,94,590","1,41,28,12,150.20","35,243","6,39,259",58.4
KOTAKBANK,EQ,2018-05-30,"1,284.25","1,276.85","1,308.40","1,270.30","1,302.15","1,303.25","1,288.94","20,44,432","2,63,51,40,805.05","61,746","11,81,444",57.79
KOTAKBANK,EQ,2018-05-31,"1,303.25","1,306.90","1,400.00","1,301.45","1,317.35","1,334.60","1,323.75","66,84,898","8,84,91,61,697.40","1,46,926","34,25,190",51.24
KOTAKBANK,EQ,2018-06-01,"1,334.60","1,317.00","1,334.00","1,307.15","1,318.05","1,318.00","1,320.86","23,32,688","3,08,11,44,155.70","51,235","13,34,421",57.21
KOTAKBANK,EQ,2018-06-04,"1,318.00","1,334.00","1,334.00","1,293.00","1,304.00","1,303.95","1,309.64","14,62,047","1,91,47,57,342.55","79,650","6,90,365",47.22
KOTAKBANK,EQ,2018-06-05,"1,303.95","1,303.95","1,312.65","1,297.20","1,305.00","1,304.70","1,306.48","20,85,438","2,72,45,79,312.95","55,211","14,98,728",71.87
KOTAKBANK,EQ,2018-06-06,"1,304.70","1,307.00","1,320.95","1,300.00","1,317.80","1,315.70","1,312.51","10,30,269","1,35,22,38,199.95","36,360","5,40,230",52.44
KOTAKBANK,EQ,2018-06-07,"1,315.70","1,324.00","1,334.70","1,306.50","1,311.50","1,310.45","1,324.83","20,49,203","2,71,48,45,499.75","41,105","12,32,582",60.15
KOTAKBANK,EQ,2018-06-08,"1,310.45","1,308.00","1,324.95","1,301.25","1,315.15","1,318.35","1,310.91","18,48,047","2,42,26,14,142.20","41,681","12,75,391",69.01
KOTAKBANK,EQ,2018-06-11,"1,318.35","1,324.00","1,329.85","1,319.00","1,324.90","1,323.35","1,324.63","13,11,222","1,73,68,89,731.55","56,229","8,32,835",63.52
KOTAKBANK,EQ,2018-06-12,"1,323.35","1,329.00","1,332.65","1,320.10","1,330.60","1,329.30","1,327.40","9,77,752","1,29,78,65,020.35","33,007","5,62,094",57.49
KOTAKBANK,EQ,2018-06-13,"1,329.30","1,331.40","1,331.60","1,312.65","1,325.15","1,325.65","1,324.68","14,95,398","1,98,09,17,244.25","57,031","10,94,962",73.22
KOTAKBANK,EQ,2018-06-14,"1,325.65","1,324.95","1,338.05","1,319.50","1,327.65","1,332.65","1,328.64","15,84,229","2,10,48,76,170.30","34,908","10,59,662",66.89
KOTAKBANK,EQ,2018-06-15,"1,332.65","1,332.60","1,344.50","1,322.35","1,337.00","1,340.00","1,336.12","16,58,235","2,21,55,98,030.20","44,065","10,50,195",63.33
KOTAKBANK,EQ,2018-06-18,"1,340.00","1,340.00","1,341.00","1,311.75","1,313.00","1,315.30","1,318.97","18,03,688","2,37,90,07,859.95","56,747","12,54,502",69.55
KOTAKBANK,EQ,2018-06-19,"1,315.30","1,315.30","1,322.15","1,300.20","1,304.10","1,303.25","1,309.78","16,16,945","2,11,78,46,514.85","44,795","9,42,001",58.26
KOTAKBANK,EQ,2018-06-20,"1,303.25","1,309.00","1,328.40","1,299.05","1,326.00","1,324.60","1,315.14","11,25,338","1,47,99,75,669.80","49,675","6,49,667",57.73
KOTAKBANK,EQ,2018-06-21,"1,324.60","1,332.00","1,332.00","1,311.10","1,319.00","1,313.95","1,321.43","9,15,466","1,20,97,27,700.35","50,115","4,44,246",48.53
KOTAKBANK,EQ,2018-06-22,"1,313.95","1,318.25","1,324.00","1,308.45","1,319.50","1,321.40","1,314.46","12,67,210","1,66,56,95,641.65","32,015","7,85,408",61.98
KOTAKBANK,EQ,2018-06-25,"1,321.40","1,321.00","1,335.00","1,315.00","1,327.00","1,328.00","1,327.60","10,51,297","1,39,57,06,367.25","39,964","5,88,691",56.0
KOTAKBANK,EQ,2018-06-26,"1,328.00","1,322.00","1,342.10","1,320.15","1,331.00","1,329.85","1,334.09","16,37,022","2,18,39,31,586.90","53,347","9,62,888",58.82
KOTAKBANK,EQ,2018-06-27,"1,329.85","1,332.00","1,339.80","1,320.10","1,325.10","1,324.20","1,329.59","13,08,470","1,73,97,25,977.45","51,659","7,80,099",59.62
KOTAKBANK,EQ,2018-06-28,"1,324.20","1,319.00","1,349.90","1,312.10","1,341.60","1,339.10","1,331.49","43,08,361","5,73,65,58,532.90","60,218","27,63,335",64.14
KOTAKBANK,EQ,2018-06-29,"1,339.10","1,336.00","1,360.00","1,335.30","1,344.00","1,342.95","1,348.55","23,05,393","3,10,89,30,407.45","77,623","12,24,464",53.11
KOTAKBANK,EQ,2018-07-02,"1,342.95","1,348.85","1,354.40","1,332.00","1,339.35","1,337.95","1,342.80","13,01,687","1,74,78,99,344.20","51,100","6,12,286",47.04
KOTAKBANK,EQ,2018-07-03,"1,337.95","1,337.00","1,357.00","1,327.60","1,355.00","1,353.15","1,343.65","14,87,237","1,99,83,30,847.95","65,780","8,36,227",56.23
KOTAKBANK,EQ,2018-07-04,"1,353.15","1,355.10","1,369.90","1,346.35","1,365.30","1,365.25","1,358.66","13,47,778","1,83,11,73,606.80","29,427","8,02,258",59.52
KOTAKBANK,EQ,2018-07-05,"1,365.25","1,373.00","1,377.55","1,363.50","1,365.00","1,365.00","1,370.11","18,14,111","2,48,55,38,927.55","56,880","10,93,389",60.27
KOTAKBANK,EQ,2018-07-06,"1,365.00","1,358.20","1,376.80","1,358.20","1,371.25","1,371.20","1,370.89","10,42,184","1,42,87,22,914.45","63,730","5,39,227",51.74
KOTAKBANK,EQ,2018-07-09,"1,371.20","1,374.90","1,387.75","1,367.50","1,384.25","1,385.10","1,377.59","18,75,664","2,58,38,95,447.75","56,070","12,83,727",68.44
KOTAKBANK,EQ,2018-07-10,"1,385.10","1,386.15","1,388.60","1,366.20","1,370.85","1,372.15","1,373.24","14,76,023","2,02,69,29,169.30","93,135","8,41,906",57.04
KOTAKBANK,EQ,2018-07-11,"1,372.15","1,371.85","1,389.85","1,367.00","1,388.00","1,386.95","1,381.92","14,47,218","1,99,99,45,981.55","38,633","8,77,371",60.62
KOTAKBANK,EQ,2018-07-12,"1,386.95","1,394.90","1,400.50","1,382.20","1,389.00","1,389.80","1,390.35","15,99,679","2,22,41,09,779.80","57,110","8,21,525",51.36
KOTAKBANK,EQ,2018-07-13,"1,389.80","1,385.25","1,411.90","1,385.25","1,405.00","1,404.35","1,405.38","14,39,199","2,02,26,18,840.00","40,925","6,65,662",46.25
KOTAKBANK,EQ,2018-07-16,"1,404.35","1,409.80","1,417.00","1,398.20","1,408.00","1,408.45","1,407.81","15,05,129","2,11,89,39,986.90","85,270","9,76,314",64.87
KOTAKBANK,EQ,2018-07-17,"1,408.45","1,408.45","1,415.75","1,393.20","1,400.25","1,400.60","1,400.94","14,49,255","2,03,03,15,443.35","46,439","9,72,100",67.08
KOTAKBANK,EQ,2018-07-18,"1,400.60","1,404.00","1,407.95","1,392.20","1,402.85","1,398.55","1,400.98","13,73,015","1,92,35,69,479.25","61,805","8,52,075",62.06
KOTAKBANK,EQ,2018-07-19,"1,398.55","1,408.00","1,408.00","1,333.85","1,345.75","1,347.40","1,362.94","60,13,280","8,19,57,51,925.30","1,15,322","24,09,254",40.07
KOTAKBANK,EQ,2018-07-20,"1,347.40","1,340.00","1,366.55","1,331.00","1,335.00","1,333.30","1,341.15","33,05,843","4,43,36,20,292.85","1,38,976","18,79,593",56.86
KOTAKBANK,EQ,2018-07-23,"1,333.30","1,330.00","1,351.00","1,322.30","1,343.00","1,337.05","1,336.93","19,57,666","2,61,72,52,778.40","85,137","13,10,123",66.92
KOTAKBANK,EQ,2018-07-24,"1,337.05","1,342.00","1,348.95","1,305.15","1,310.30","1,312.25","1,319.97","31,25,964","4,12,61,86,654.95","1,16,344","20,05,386",64.15
KOTAKBANK,EQ,2018-07-25,"1,312.25","1,309.00","1,317.50","1,294.00","1,313.10","1,314.90","1,304.62","31,17,078","4,06,66,00,946.10","82,499","20,74,292",66.55
KOTAKBANK,EQ,2018-07-26,"1,314.90","1,311.65","1,322.50","1,294.35","1,310.55","1,311.25","1,307.55","36,64,497","4,79,15,12,541.15","76,422","14,33,092",39.11
KOTAKBANK,EQ,2018-07-27,"1,311.25","1,313.05","1,327.00","1,305.65","1,312.90","1,311.10","1,316.74","18,85,821","2,48,31,45,144.90","73,950","9,44,774",50.1
KOTAKBANK,EQ,2018-07-30,"1,311.10","1,307.90","1,307.90","1,285.50","1,304.80","1,305.25","1,300.02","17,20,338","2,23,64,74,195.10","46,052","9,63,393",56.0
KOTAKBANK,EQ,2018-07-31,"1,305.25","1,303.80","1,313.60","1,287.15","1,307.15","1,306.85","1,301.47","18,27,739","2,37,87,52,776.80","39,764","10,08,779",55.19
KOTAKBANK,EQ,2018-08-01,"1,306.85","1,304.85","1,326.10","1,304.85","1,308.65","1,312.70","1,315.37","16,84,489","2,21,57,34,118.10","57,075","7,87,476",46.75
KOTAKBANK,EQ,2018-08-02,"1,312.70","1,309.65","1,311.00","1,276.70","1,278.50","1,280.20","1,289.90","20,65,057","2,66,37,10,776.30","62,969","12,03,971",58.3
KOTAKBANK,EQ,2018-08-03,"1,280.20","1,297.00","1,314.00","1,289.35","1,308.25","1,309.50","1,304.01","27,45,749","3,58,04,76,524.85","71,662","11,19,297",40.76
KOTAKBANK,EQ,2018-08-06,"1,309.50","1,313.95","1,314.00","1,279.00","1,284.00","1,282.80","1,288.90","18,95,761","2,44,34,44,268.90","59,055","9,41,699",49.67
KOTAKBANK,EQ,2018-08-07,"1,282.80","1,287.00","1,298.90","1,274.15","1,284.00","1,283.70","1,287.54","17,51,392","2,25,49,92,883.95","56,258","7,30,833",41.73
KOTAKBANK,EQ,2018-08-08,"1,283.70","1,288.00","1,299.70","1,282.55","1,289.00","1,288.30","1,292.72","15,17,072","1,96,11,49,102.55","49,066","7,07,251",46.62
KOTAKBANK,EQ,2018-08-09,"1,288.30","1,292.00","1,292.00","1,270.10","1,278.50","1,277.25","1,278.08","14,22,779","1,81,84,24,178.40","47,916","6,92,578",48.68
KOTAKBANK,EQ,2018-08-10,"1,277.25","1,273.05","1,289.90","1,272.00","1,287.80","1,285.50","1,283.69","15,39,484","1,97,62,27,884.90","36,900","8,29,635",53.89
KOTAKBANK,EQ,2018-08-13,"1,285.50","1,275.00","1,291.25","1,275.00","1,287.35","1,287.15","1,286.13","19,81,311","2,54,82,18,592.80","62,464","10,38,700",52.42
KOTAKBANK,EQ,2018-08-14,"1,287.15","1,290.00","1,298.80","1,285.00","1,293.00","1,293.00","1,295.57","16,05,329","2,07,98,20,026.15","37,831","10,50,664",65.45
KOTAKBANK,EQ,2018-08-16,"1,293.00","1,270.00","1,272.00","1,242.75","1,245.00","1,245.40","1,251.94","57,49,494","7,19,80,09,911.85","1,38,144","23,94,568",41.65
KOTAKBANK,EQ,2018-08-17,"1,245.40","1,252.00","1,273.95","1,245.00","1,261.00","1,263.25","1,264.49","32,53,970","4,11,46,24,896.80","94,137","15,46,429",47.52
KOTAKBANK,EQ,2018-08-20,"1,263.25","1,263.25","1,280.25","1,261.45","1,272.85","1,274.75","1,271.86","10,54,743","1,34,14,88,739.45","35,026","4,86,230",46.1
KOTAKBANK,EQ,2018-08-21,"1,274.75","1,269.25","1,272.60","1,260.25","1,264.00","1,263.40","1,267.47","11,43,471","1,44,93,11,893.80","44,194","6,82,426",59.68
KOTAKBANK,EQ,2018-08-23,"1,263.40","1,264.00","1,264.00","1,238.00","1,249.90","1,247.70","1,243.60","31,51,993","3,91,98,10,832.95","84,742","22,10,010",70.11
KOTAKBANK,EQ,2018-08-24,"1,247.70","1,248.90","1,263.95","1,242.35","1,253.85","1,254.50","1,255.18","22,14,361","2,77,94,26,325.95","48,665","11,85,492",53.54
KOTAKBANK,EQ,2018-08-27,"1,254.50","1,260.05","1,284.95","1,258.30","1,275.55","1,274.90","1,277.01","24,99,503","3,19,18,80,964.45","73,498","14,97,899",59.93
KOTAKBANK,EQ,2018-08-28,"1,274.90","1,279.40","1,295.00","1,275.15","1,286.25","1,285.10","1,286.71","16,08,796","2,07,00,54,754.10","68,762","8,99,726",55.93
KOTAKBANK,EQ,2018-08-29,"1,285.10","1,282.15","1,295.00","1,275.00","1,286.00","1,288.60","1,285.53","14,73,564","1,89,43,16,586.80","40,658","7,59,670",51.55
KOTAKBANK,EQ,2018-08-30,"1,288.60","1,282.00","1,282.00","1,263.40","1,276.00","1,278.05","1,274.43","23,72,843","3,02,40,15,751.10","69,041","11,53,270",48.6
KOTAKBANK,EQ,2018-08-31,"1,278.05","1,275.55","1,294.00","1,275.55","1,287.00","1,287.25","1,286.28","15,69,633","2,01,89,80,433.90","49,503","8,71,124",55.5
KOTAKBANK,EQ,2018-09-03,"1,287.25","1,292.00","1,295.00","1,265.00","1,266.25","1,269.10","1,270.98","20,76,747","2,63,94,95,128.30","59,594","13,98,012",67.32
KOTAKBANK,EQ,2018-09-04,"1,269.10","1,270.00","1,275.30","1,251.10","1,259.00","1,257.60","1,257.35","20,01,489","2,51,65,74,198.80","49,476","14,44,981",72.2
KOTAKBANK,EQ,2018-09-05,"1,257.60","1,257.00","1,266.00","1,227.60","1,237.00","1,238.15","1,240.61","22,62,546","2,80,69,37,975.05","74,217","15,23,532",67.34
KOTAKBANK,EQ,2018-09-06,"1,238.15","1,242.00","1,264.60","1,238.15","1,258.55","1,260.90","1,257.52","29,47,633","3,70,67,21,323.10","66,281","19,96,252",67.72
KOTAKBANK,EQ,2018-09-07,"1,260.90","1,257.00","1,260.00","1,238.10","1,244.20","1,244.95","1,245.67","14,52,290","1,80,90,74,599.65","48,485","7,88,839",54.32
KOTAKBANK,EQ,2018-09-10,"1,244.95","1,241.00","1,241.50","1,215.00","1,226.60","1,223.35","1,221.23","24,37,820","2,97,71,45,083.85","1,12,855","15,83,522",64.96
KOTAKBANK,EQ,2018-09-11,"1,223.35","1,227.00","1,227.65","1,203.75","1,205.70","1,206.40","1,212.42","22,87,373","2,77,32,50,281.25","78,247","15,20,230",66.46
KOTAKBANK,EQ,2018-09-12,"1,206.40","1,206.00","1,233.75","1,200.00","1,232.00","1,230.40","1,221.85","21,05,288","2,57,23,39,223.40","72,782","9,41,529",44.72
KOTAKBANK,EQ,2018-09-14,"1,230.40","1,240.00","1,244.65","1,228.55","1,238.40","1,239.55","1,237.40","19,21,249","2,37,73,50,781.45","77,373","11,00,699",57.29
KOTAKBANK,EQ,2018-09-17,"1,239.55","1,227.65","1,238.90","1,221.65","1,228.20","1,230.40","1,230.84","18,61,679","2,29,14,30,243.60","39,453","13,24,830",71.16
KOTAKBANK,EQ,2018-09-18,"1,230.40","1,227.95","1,233.85","1,210.50","1,213.00","1,215.30","1,224.15","22,70,665","2,77,96,33,290.85","65,391","16,55,581",72.91
KOTAKBANK,EQ,2018-09-19,"1,215.30","1,217.00","1,234.00","1,217.00","1,226.15","1,226.90","1,228.27","20,77,024","2,55,11,54,742.15","71,001","14,40,131",69.34
KOTAKBANK,EQ,2018-09-21,"1,226.90","1,227.00","1,246.00","1,143.00","1,185.00","1,180.20","1,201.43","45,33,128","5,44,62,45,637.15","1,12,122","23,54,747",51.95
KOTAKBANK,EQ,2018-09-24,"1,180.20","1,180.00","1,182.95","1,144.30","1,145.05","1,148.70","1,152.04","34,57,790","3,98,34,97,685.20","99,434","21,43,308",61.98
KOTAKBANK,EQ,2018-09-25,"1,148.70","1,146.00","1,191.10","1,120.15","1,186.10","1,183.35","1,146.17","37,76,071","4,32,80,21,220.30","97,367","20,07,583",53.17
KOTAKBANK,EQ,2018-09-26,"1,183.35","1,186.10","1,188.65","1,161.30","1,165.00","1,169.40","1,173.63","24,46,177","2,87,08,99,902.60","50,757","15,95,934",65.24
KOTAKBANK,EQ,2018-09-27,"1,169.40","1,172.00","1,177.15","1,138.95","1,145.95","1,142.45","1,151.18","39,67,316","4,56,70,95,840.00","1,02,731","27,88,762",70.29
KOTAKBANK,EQ,2018-09-28,"1,142.45","1,147.00","1,163.00","1,133.35","1,135.95","1,141.60","1,146.14","34,21,603","3,92,16,45,759.30","71,238","21,32,743",62.33
KOTAKBANK,EQ,2018-10-01,"1,141.60","1,090.00","1,130.80","1,002.20","1,118.00","1,122.00","1,082.85","1,05,35,080","11,40,79,22,899.45","2,48,714","33,12,349",31.44
KOTAKBANK,EQ,2018-10-03,"1,122.00","1,116.90","1,138.55","1,086.10","1,105.10","1,098.25","1,116.19","29,61,974","3,30,61,22,621.00","83,187","12,90,574",43.57
KOTAKBANK,EQ,2018-10-04,"1,098.25","1,085.00","1,094.55","1,056.60","1,069.00","1,074.50","1,078.04","34,39,111","3,70,74,96,502.40","88,547","18,42,937",53.59
KOTAKBANK,EQ,2018-10-05,"1,074.50","1,070.70","1,088.95","1,040.45","1,047.10","1,052.20","1,073.60","37,67,039","4,04,43,00,231.25","1,36,474","23,08,314",61.28
KOTAKBANK,EQ,2018-10-08,"1,052.20","1,050.05","1,116.80","1,044.15","1,099.20","1,104.30","1,082.63","40,67,810","4,40,39,50,339.40","1,21,010","22,53,161",55.39
KOTAKBANK,EQ,2018-10-09,"1,104.30","1,106.00","1,126.50","1,085.50","1,111.55","1,108.45","1,111.80","31,14,848","3,46,30,79,802.05","1,14,881","17,08,120",54.84
KOTAKBANK,EQ,2018-10-10,"1,108.45","1,113.50","1,146.60","1,112.25","1,140.00","1,137.75","1,132.75","33,85,261","3,83,46,43,782.00","1,07,595","22,55,142",66.62
KOTAKBANK,EQ,2018-10-11,"1,137.75","1,100.00","1,120.00","1,095.00","1,117.95","1,115.55","1,111.14","22,83,217","2,53,69,65,302.15","67,039","12,82,973",56.19
KOTAKBANK,EQ,2018-10-12,"1,115.55","1,122.00","1,173.15","1,122.00","1,166.05","1,167.15","1,157.80","62,76,615","7,26,70,70,737.50","1,18,556","48,83,812",77.81
KOTAKBANK,EQ,2018-10-15,"1,167.15","1,170.00","1,183.80","1,157.50","1,168.75","1,170.45","1,171.89","31,81,839","3,72,87,74,795.95","1,06,734","20,62,295",64.81
KOTAKBANK,EQ,2018-10-16,"1,170.45","1,171.50","1,181.70","1,162.75","1,169.95","1,175.75","1,172.53","36,85,402","4,32,12,43,715.10","61,618","28,52,842",77.41
KOTAKBANK,EQ,2018-10-17,"1,175.75","1,185.00","1,188.65","1,172.25","1,173.05","1,176.00","1,182.02","47,92,844","5,66,52,49,974.35","56,509","37,22,610",77.67
KOTAKBANK,EQ,2018-10-19,"1,176.00","1,165.00","1,206.00","1,160.60","1,198.00","1,198.95","1,179.99","35,66,784","4,20,87,67,188.50","60,714","24,63,180",69.06
KOTAKBANK,EQ,2018-10-22,"1,198.95","1,205.20","1,219.20","1,157.50","1,164.00","1,164.00","1,194.63","43,42,603","5,18,77,85,342.20","98,032","24,13,265",55.57
KOTAKBANK,EQ,2018-10-23,"1,164.00","1,150.00","1,179.80","1,143.55","1,173.70","1,174.45","1,162.92","22,37,537","2,60,20,86,857.15","44,047","12,13,440",54.23
KOTAKBANK,EQ,2018-10-24,"1,174.45","1,185.00","1,195.05","1,153.95","1,181.00","1,177.10","1,172.56","43,09,834","5,05,35,27,060.35","1,07,194","14,26,887",33.11
KOTAKBANK,EQ,2018-10-25,"1,177.10","1,173.00","1,194.20","1,165.00","1,189.50","1,185.80","1,177.95","36,13,893","4,25,69,67,324.30","1,20,523","23,50,963",65.05
KOTAKBANK,EQ,2018-10-26,"1,185.80","1,185.00","1,193.00","1,152.30","1,153.00","1,158.60","1,173.41","18,42,212","2,16,16,65,729.75","58,845","7,98,417",43.34
KOTAKBANK,EQ,2018-10-29,"1,158.60","1,152.10","1,152.90","1,098.45","1,140.00","1,138.10","1,122.35","37,11,300","4,16,53,71,284.30","79,549","17,00,003",45.81
KOTAKBANK,EQ,2018-10-30,"1,138.10","1,140.00","1,146.00","1,115.30","1,120.10","1,123.80","1,130.55","19,50,633","2,20,52,85,030.80","52,405","7,55,316",38.72
KOTAKBANK,EQ,2018-10-31,"1,123.80","1,129.10","1,135.00","1,107.00","1,117.10","1,119.15","1,116.34","27,64,840","3,08,64,90,919.95","91,833","15,05,296",54.44
KOTAKBANK,EQ,2018-11-01,"1,119.15","1,123.70","1,126.75","1,101.10","1,107.00","1,109.55","1,111.22","26,69,317","2,96,61,90,183.45","90,760","10,80,238",40.47
KOTAKBANK,EQ,2018-11-02,"1,109.55","1,118.25","1,146.00","1,112.50","1,132.15","1,133.20","1,135.16","39,00,710","4,42,79,28,911.00","1,12,546","20,41,928",52.35
KOTAKBANK,EQ,2018-11-05,"1,133.20","1,135.00","1,135.00","1,115.50","1,130.00","1,129.45","1,125.43","14,03,820","1,57,99,05,140.40","41,992","5,77,333",41.13
KOTAKBANK,EQ,2018-11-06,"1,129.45","1,128.45","1,140.00","1,121.15","1,127.90","1,125.30","1,134.65","21,06,333","2,38,99,53,334.10","50,697","9,54,525",45.32
KOTAKBANK,EQ,2018-11-07,"1,125.30","1,134.00","1,139.30","1,132.35","1,133.20","1,134.30","1,134.82","1,63,566","18,56,17,432.55","4,681","77,903",47.63
KOTAKBANK,EQ,2018-11-09,"1,134.30","1,132.00","1,138.85","1,115.75","1,138.00","1,135.55","1,129.79","16,36,807","1,84,92,50,567.25","56,570","9,77,824",59.74
KOTAKBANK,EQ,2018-11-12,"1,135.55","1,139.00","1,161.95","1,138.15","1,153.00","1,153.70","1,153.97","22,87,379","2,63,95,66,114.95","56,683","13,64,864",59.67
KOTAKBANK,EQ,2018-11-13,"1,153.70","1,150.00","1,171.40","1,140.00","1,163.05","1,165.90","1,156.00","21,17,621","2,44,79,76,170.30","33,007","12,90,923",60.96
KOTAKBANK,EQ,2018-11-14,"1,165.90","1,170.10","1,175.00","1,122.40","1,125.00","1,129.90","1,146.86","27,06,898","3,10,44,35,296.15","72,923","13,51,604",49.93
KOTAKBANK,EQ,2018-11-15,"1,129.90","1,139.00","1,166.00","1,132.00","1,161.15","1,162.25","1,147.40","30,49,191","3,49,86,28,740.20","76,870","9,29,728",30.49
KOTAKBANK,EQ,2018-11-16,"1,162.25","1,172.00","1,173.00","1,152.75","1,172.00","1,168.60","1,164.72","18,62,043","2,16,87,61,530.60","75,874","7,88,788",42.36
KOTAKBANK,EQ,2018-11-19,"1,168.60","1,175.00","1,188.95","1,165.00","1,177.00","1,175.25","1,178.09","20,05,694","2,36,28,83,422.80","91,598","10,45,444",52.12
KOTAKBANK,EQ,2018-11-20,"1,175.25","1,170.00","1,178.30","1,162.15","1,169.20","1,169.95","1,170.16","18,05,161","2,11,23,33,033.30","50,668","11,00,786",60.98
KOTAKBANK,EQ,2018-11-21,"1,169.95","1,169.95","1,185.00","1,169.85","1,174.60","1,176.70","1,177.64","14,32,572","1,68,70,47,292.90","36,788","8,22,038",57.38
KOTAKBANK,EQ,2018-11-22,"1,176.70","1,171.00","1,182.00","1,167.60","1,169.80","1,170.60","1,174.37","12,57,089","1,47,62,90,045.90","29,394","6,89,974",54.89
KOTAKBANK,EQ,2018-11-26,"1,170.60","1,173.15","1,180.00","1,153.05","1,168.55","1,170.55","1,162.42","24,56,379","2,85,53,36,964.35","41,216","12,08,256",49.19
KOTAKBANK,EQ,2018-11-27,"1,170.55","1,163.10","1,178.95","1,163.10","1,175.10","1,173.55","1,171.61","17,37,759","2,03,59,75,608.00","57,767","9,79,720",56.38
KOTAKBANK,EQ,2018-11-28,"1,173.55","1,172.15","1,187.70","1,157.60","1,162.95","1,160.25","1,173.05","19,50,956","2,28,85,63,935.00","40,476","9,82,290",50.35
KOTAKBANK,EQ,2018-11-29,"1,160.25","1,165.50","1,219.90","1,157.00","1,209.00","1,212.95","1,186.53","66,07,241","7,83,96,68,286.25","88,735","43,70,112",66.14
KOTAKBANK,EQ,2018-11-30,"1,212.95","1,209.00","1,238.40","1,197.70","1,235.00","1,233.95","1,219.55","30,05,495","3,66,53,52,436.00","81,694","10,91,377",36.31
KOTAKBANK,EQ,2018-12-03,"1,233.95","1,240.00","1,244.00","1,218.40","1,227.00","1,226.10","1,231.76","18,17,913","2,23,92,23,713.30","63,409","9,37,101",51.55
KOTAKBANK,EQ,2018-12-04,"1,226.10","1,227.00","1,236.30","1,210.00","1,225.90","1,225.30","1,222.69","15,65,130","1,91,36,65,391.15","67,627","6,94,719",44.39
KOTAKBANK,EQ,2018-12-05,"1,225.30","1,221.55","1,228.40","1,203.00","1,213.65","1,211.50","1,211.62","28,56,527","3,46,10,11,025.60","68,896","18,55,571",64.96
KOTAKBANK,EQ,2018-12-06,"1,211.50","1,205.00","1,205.00","1,171.15","1,183.35","1,180.25","1,185.35","30,97,300","3,67,13,95,986.30","81,535","20,06,521",64.78
KOTAKBANK,EQ,2018-12-07,"1,180.25","1,181.00","1,345.95","1,176.15","1,284.55","1,279.65","1,274.63","3,38,07,619","43,09,21,09,066.80","6,88,577","44,36,912",13.12
KOTAKBANK,EQ,2018-12-10,"1,279.65","1,244.10","1,289.90","1,188.00","1,201.50","1,198.35","1,223.62","1,89,48,035","23,18,51,49,406.75","4,57,113","21,72,063",11.46
KOTAKBANK,EQ,2018-12-11,"1,198.35","1,189.00","1,239.00","1,171.00","1,239.00","1,218.70","1,196.24","1,00,78,591","12,05,63,99,823.25","2,49,013","24,00,472",23.82
KOTAKBANK,EQ,2018-12-12,"1,218.70","1,229.40","1,261.00","1,224.20","1,234.00","1,237.15","1,241.16","65,63,999","8,14,69,61,247.45","1,56,479","17,46,108",26.6
KOTAKBANK,EQ,2018-12-13,"1,237.15","1,240.00","1,271.80","1,228.60","1,268.60","1,264.40","1,249.77","42,27,732","5,28,36,76,268.75","1,03,578","14,45,798",34.2
KOTAKBANK,EQ,2018-12-14,"1,264.40","1,264.40","1,271.70","1,247.10","1,256.60","1,255.95","1,260.29","26,71,529","3,36,68,91,607.90","71,621","8,88,933",33.27
KOTAKBANK,EQ,2018-12-17,"1,255.95","1,260.00","1,266.00","1,207.05","1,222.00","1,222.45","1,227.21","73,85,641","9,06,37,29,901.40","1,85,821","16,61,496",22.5
KOTAKBANK,EQ,2018-12-18,"1,222.45","1,214.90","1,239.65","1,214.00","1,236.90","1,237.10","1,226.80","36,78,466","4,51,27,33,764.05","99,818","12,98,611",35.3
KOTAKBANK,EQ,2018-12-19,"1,237.10","1,238.80","1,245.70","1,222.10","1,224.10","1,225.65","1,231.77","30,32,003","3,73,47,35,956.85","85,724","14,11,756",46.56
KOTAKBANK,EQ,2018-12-20,"1,225.65","1,219.80","1,239.40","1,215.60","1,237.00","1,236.30","1,228.82","23,00,954","2,82,74,69,377.10","62,921","6,35,031",27.6
KOTAKBANK,EQ,2018-12-21,"1,236.30","1,240.00","1,242.90","1,223.65","1,228.00","1,227.20","1,230.79","22,08,029","2,71,76,11,747.15","70,540","8,82,837",39.98
KOTAKBANK,EQ,2018-12-24,"1,227.20","1,230.00","1,243.45","1,221.00","1,238.00","1,238.50","1,233.83","15,39,829","1,89,98,82,029.90","52,548","2,87,817",18.69
KOTAKBANK,EQ,2018-12-26,"1,238.50","1,234.50","1,250.80","1,210.50","1,250.80","1,248.15","1,229.93","23,79,224","2,92,62,90,394.15","70,395","7,64,067",32.11
KOTAKBANK,EQ,2018-12-27,"1,248.15","1,257.25","1,258.65","1,235.35","1,243.00","1,240.25","1,243.36","26,53,738","3,29,95,63,660.85","54,771","10,77,073",40.59
KOTAKBANK,EQ,2018-12-28,"1,240.25","1,244.25","1,250.90","1,235.05","1,239.65","1,241.35","1,243.55","17,40,134","2,16,39,34,982.25","44,434","6,46,268",37.14
KOTAKBANK,EQ,2018-12-31,"1,241.35","1,237.00","1,262.50","1,233.50","1,253.00","1,256.50","1,247.55","23,24,352","2,89,97,50,498.55","69,034","7,61,564",32.76
KOTAKBANK,EQ,2019-01-01,"1,256.50","1,254.00","1,256.00","1,242.25","1,249.00","1,250.45","1,249.93","12,02,580","1,50,31,35,301.95","29,498","3,17,097",26.37
KOTAKBANK,EQ,2019-01-02,"1,250.45","1,247.90","1,248.25","1,227.00","1,241.00","1,240.60","1,239.11","17,13,677","2,12,34,41,233.45","50,162","6,71,977",39.21
KOTAKBANK,EQ,2019-01-03,"1,240.60","1,240.00","1,251.00","1,227.65","1,233.00","1,235.25","1,236.83","18,25,888","2,25,83,14,240.60","40,004","8,90,956",48.80
KOTAKBANK,EQ,2019-01-04,"1,235.25","1,238.00","1,252.00","1,230.00","1,245.10","1,247.95","1,242.01","14,68,796","1,82,42,56,763.45","50,590","5,06,055",34.45
KOTAKBANK,EQ,2019-01-07,"1,247.95","1,250.95","1,254.00","1,241.00","1,244.20","1,246.60","1,247.16","12,11,456","1,51,08,80,049.80","30,308","4,90,464",40.49
KOTAKBANK,EQ,2019-01-08,"1,246.60","1,243.00","1,244.20","1,225.95","1,228.00","1,228.90","1,233.45","16,61,528","2,04,94,09,516.15","58,461","7,29,428",43.90
KOTAKBANK,EQ,2019-01-09,"1,228.90","1,237.35","1,244.00","1,228.10","1,236.70","1,238.25","1,236.97","16,47,622","2,03,80,62,923.90","67,045","8,64,828",52.49
KOTAKBANK,EQ,2019-01-10,"1,238.25","1,239.00","1,242.00","1,216.35","1,218.00","1,219.55","1,226.40","16,51,443","2,02,53,30,771.60","48,553","7,82,497",47.38
KOTAKBANK,EQ,2019-01-11,"1,219.55","1,225.00","1,229.20","1,213.20","1,218.50","1,223.20","1,220.78","21,29,299","2,59,94,03,970.05","44,931","10,99,353",51.63
KOTAKBANK,EQ,2019-01-14,"1,223.20","1,217.00","1,224.45","1,206.40","1,210.00","1,211.75","1,213.94","13,64,695","1,65,66,57,216.35","49,971","6,39,889",46.89
KOTAKBANK,EQ,2019-01-15,"1,211.75","1,217.00","1,220.00","1,210.30","1,216.00","1,213.40","1,214.68","11,53,871","1,40,15,89,745.55","25,439","6,93,507",60.10
KOTAKBANK,EQ,2019-01-16,"1,213.40","1,215.70","1,216.95","1,198.00","1,201.85","1,202.75","1,203.45","23,74,649","2,85,77,66,478.80","59,998","13,52,259",56.95
KOTAKBANK,EQ,2019-01-17,"1,202.75","1,208.00","1,225.05","1,200.00","1,217.80","1,219.95","1,212.19","39,34,500","4,76,93,73,428.80","83,580","21,28,547",54.10
KOTAKBANK,EQ,2019-01-18,"1,219.95","1,220.10","1,243.00","1,216.50","1,240.20","1,240.20","1,233.83","25,98,572","3,20,61,89,774.20","79,534","13,05,338",50.23
KOTAKBANK,EQ,2019-01-21,"1,240.20","1,240.70","1,275.50","1,222.65","1,274.00","1,267.60","1,253.83","97,85,366","12,26,92,29,626.00","2,56,765","29,15,305",29.79
KOTAKBANK,EQ,2019-01-22,"1,267.60","1,279.00","1,307.95","1,273.10","1,291.50","1,291.75","1,294.21","90,72,680","11,74,19,59,333.95","2,34,775","28,60,336",31.53
KOTAKBANK,EQ,2019-01-23,"1,291.75","1,298.90","1,298.90","1,271.05","1,272.05","1,276.50","1,283.49","32,58,582","4,18,23,47,119.90","1,17,883","12,38,754",38.02
KOTAKBANK,EQ,2019-01-24,"1,276.50","1,274.00","1,276.50","1,263.00","1,265.00","1,267.75","1,269.32","14,59,776","1,85,29,21,473.65","68,169","5,82,583",39.91
KOTAKBANK,EQ,2019-01-25,"1,267.75","1,268.80","1,287.70","1,258.55","1,268.85","1,266.15","1,276.61","14,41,296","1,83,99,71,562.20","62,568","4,30,344",29.86
KOTAKBANK,EQ,2019-01-28,"1,266.15","1,269.00","1,285.00","1,255.00","1,259.95","1,260.45","1,271.30","20,54,592","2,61,19,97,769.50","71,896",-,-
KOTAKBANK,EQ,2019-01-29,"1,260.45","1,260.00","1,273.00","1,248.00","1,251.50","1,251.40","1,260.18","25,91,590","3,26,58,62,348.30","89,223","13,98,106",53.95
KOTAKBANK,EQ,2019-01-30,"1,251.40","1,255.00","1,255.50","1,217.80","1,219.00","1,222.20","1,230.95","27,54,232","3,39,03,27,317.00","1,14,019","14,53,711",52.78
KOTAKBANK,EQ,2019-01-31,"1,222.20","1,222.00","1,260.00","1,211.40","1,256.00","1,255.75","1,244.20","29,68,660","3,69,36,12,615.90","93,267","11,13,938",37.52
KOTAKBANK,EQ,2019-02-01,"1,255.75","1,257.05","1,270.80","1,240.20","1,257.65","1,255.70","1,255.68","21,89,154","2,74,88,80,851.80","81,346","9,45,352",43.18
KOTAKBANK,EQ,2019-02-04,"1,255.70","1,245.00","1,274.70","1,245.00","1,274.00","1,272.20","1,262.62","13,79,319","1,74,15,59,691.55","48,772","4,66,581",33.83
KOTAKBANK,EQ,2019-02-05,"1,272.20","1,276.00","1,287.00","1,267.50","1,277.00","1,279.15","1,279.95","19,17,782","2,45,46,56,291.70","55,076","5,78,369",30.16
KOTAKBANK,EQ,2019-02-06,"1,279.15","1,280.00","1,288.80","1,276.35","1,280.00","1,279.50","1,282.77","11,58,741","1,48,63,94,095.30","54,285","4,88,007",42.12
KOTAKBANK,EQ,2019-02-07,"1,279.50","1,280.00","1,295.00","1,275.30","1,281.70","1,284.55","1,285.53","11,98,410","1,54,05,89,821.40","40,461","3,89,883",32.53
KOTAKBANK,EQ,2019-02-08,"1,284.55","1,284.00","1,311.00","1,277.30","1,298.55","1,299.40","1,298.45","24,81,433","3,22,20,15,418.85","74,972","10,14,487",40.88
KOTAKBANK,EQ,2019-02-11,"1,299.40","1,296.00","1,315.00","1,294.00","1,301.35","1,301.55","1,306.45","31,44,675","4,10,83,45,166.35","86,628","14,73,890",46.87
KOTAKBANK,EQ,2019-02-12,"1,301.55","1,300.00","1,310.00","1,295.30","1,298.00","1,298.65","1,303.89","14,82,010","1,93,23,84,646.25","45,476","7,24,813",48.91
KOTAKBANK,EQ,2019-02-13,"1,298.65","1,305.00","1,306.75","1,292.80","1,298.25","1,298.30","1,300.31","9,02,822","1,17,39,46,998.05","41,146","3,91,661",43.38
KOTAKBANK,EQ,2019-02-14,"1,298.30","1,302.00","1,302.25","1,271.55","1,285.70","1,286.80","1,283.77","24,91,111","3,19,80,02,763.00","70,425","14,09,729",56.59
KOTAKBANK,EQ,2019-02-15,"1,286.80","1,287.80","1,290.00","1,270.00","1,283.00","1,283.65","1,279.97","20,06,955","2,56,88,49,677.00","68,296","12,39,882",61.78
KOTAKBANK,EQ,2019-02-18,"1,283.65","1,281.00","1,288.00","1,273.25","1,275.00","1,277.05","1,281.22","12,65,173","1,62,09,65,853.10","42,500","6,15,230",48.63
KOTAKBANK,EQ,2019-02-19,"1,277.05","1,277.00","1,285.25","1,271.85","1,279.25","1,280.45","1,279.71","12,68,328","1,62,30,93,727.05","35,986","5,76,694",45.47
KOTAKBANK,EQ,2019-02-20,"1,280.45","1,281.30","1,292.00","1,279.20","1,290.75","1,289.75","1,287.03","13,50,202","1,73,77,54,270.65","39,235","6,01,533",44.55
KOTAKBANK,EQ,2019-02-21,"1,289.75","1,291.90","1,297.60","1,283.50","1,288.45","1,289.15","1,289.34","18,19,094","2,34,54,37,847.80","41,458","11,41,149",62.73
KOTAKBANK,EQ,2019-02-22,"1,289.15","1,251.00","1,258.00","1,225.00","1,238.25","1,237.90","1,230.65","8,38,59,904","1,03,20,19,01,005.40","2,99,384","5,85,31,864",69.80
KOTAKBANK,EQ,2019-02-25,"1,237.90","1,243.40","1,246.85","1,230.00","1,238.60","1,240.95","1,238.88","37,35,590","4,62,79,37,789.70","1,04,401","18,18,638",48.68
KOTAKBANK,EQ,2019-02-26,"1,240.95","1,224.00","1,249.70","1,220.10","1,234.25","1,236.15","1,233.09","50,26,571","6,19,82,17,981.20","97,472","29,03,338",57.76
KOTAKBANK,EQ,2019-02-27,"1,236.15","1,238.00","1,241.60","1,211.10","1,213.40","1,216.15","1,223.04","53,88,722","6,59,06,19,268.60","1,84,445","32,58,609",60.47
KOTAKBANK,EQ,2019-02-28,"1,216.15","1,213.20","1,225.05","1,210.00","1,213.30","1,213.10","1,215.52","87,22,836","10,60,27,39,877.10","1,77,985","69,70,117",79.91
KOTAKBANK,EQ,2019-03-01,"1,213.10","1,221.70","1,230.50","1,217.35","1,224.10","1,225.95","1,224.98","21,62,834","2,64,94,22,162.40","78,869","13,48,572",62.35
KOTAKBANK,EQ,2019-03-05,"1,225.95","1,223.90","1,246.30","1,217.80","1,240.00","1,240.45","1,237.64","31,28,451","3,87,18,81,069.60","1,10,526","22,07,022",70.55
KOTAKBANK,EQ,2019-03-06,"1,240.45","1,242.10","1,247.00","1,236.60","1,243.75","1,241.30","1,241.97","23,06,834","2,86,50,24,885.50","97,830","16,07,743",69.69
KOTAKBANK,EQ,2019-03-07,"1,241.30","1,244.00","1,246.00","1,235.20","1,235.70","1,237.20","1,240.57","14,34,561","1,77,96,69,852.90","46,179","7,87,663",54.91
KOTAKBANK,EQ,2019-03-08,"1,237.20","1,237.00","1,243.50","1,231.70","1,238.00","1,238.90","1,237.97","10,51,433","1,30,16,37,776.25","54,970","5,20,736",49.53
KOTAKBANK,EQ,2019-03-11,"1,238.90","1,238.00","1,254.90","1,234.00","1,252.00","1,249.55","1,244.41","20,65,386","2,57,01,84,944.60","98,407","12,17,559",58.95
KOTAKBANK,EQ,2019-03-12,"1,249.55","1,260.45","1,272.00","1,253.10","1,262.00","1,263.35","1,263.31","35,41,360","4,47,38,24,081.40","1,26,666","21,56,084",60.88
KOTAKBANK,EQ,2019-03-13,"1,263.35","1,263.50","1,269.10","1,247.05","1,262.00","1,261.25","1,259.33","24,25,470","3,05,44,62,094.10","73,086","11,70,560",48.26
KOTAKBANK,EQ,2019-03-14,"1,261.25","1,263.00","1,277.45","1,257.00","1,269.55","1,268.95","1,267.25","24,97,386","3,16,48,23,351.75","70,298","12,67,662",50.76
KOTAKBANK,EQ,2019-03-15,"1,268.95","1,271.90","1,339.35","1,270.00","1,328.00","1,325.15","1,320.32","1,03,93,505","13,72,27,20,495.70","2,18,226","24,23,038",23.31
KOTAKBANK,EQ,2019-03-18,"1,325.15","1,340.00","1,360.00","1,330.80","1,345.05","1,343.65","1,345.56","53,84,740","7,24,54,94,473.90","1,50,403","19,23,916",35.73
KOTAKBANK,EQ,2019-03-19,"1,343.65","1,350.00","1,355.00","1,338.55","1,343.55","1,347.75","1,348.83","31,17,212","4,20,45,80,795.80","1,04,094","20,01,674",64.21
KOTAKBANK,EQ,2019-03-20,"1,347.75","1,349.10","1,357.90","1,331.00","1,351.05","1,351.60","1,341.92","39,69,408","5,32,66,10,329.65","90,335","25,37,836",63.93
KOTAKBANK,EQ,2019-03-22,"1,351.60","1,354.70","1,364.65","1,331.00","1,339.00","1,336.25","1,345.86","26,20,049","3,52,62,10,458.05","1,18,244","14,94,746",57.05
KOTAKBANK,EQ,2019-03-25,"1,336.25","1,325.95","1,330.85","1,303.20","1,309.00","1,308.65","1,310.83","28,69,564","3,76,15,00,517.05","72,033","17,44,659",60.80
KOTAKBANK,EQ,2019-03-26,"1,308.65","1,312.25","1,347.95","1,310.05","1,343.10","1,342.95","1,325.84","20,51,170","2,71,95,22,981.90","52,851","9,02,470",44.00
KOTAKBANK,EQ,2019-03-27,"1,342.95","1,349.95","1,363.90","1,325.05","1,329.95","1,332.85","1,346.59","30,39,458","4,09,29,13,754.30","1,01,680","11,52,906",37.93
KOTAKBANK,EQ,2019-03-28,"1,332.85","1,338.00","1,352.00","1,328.90","1,344.95","1,340.75","1,340.81","46,16,695","6,19,00,89,127.95","1,34,103","29,17,635",63.20
KOTAKBANK,EQ,2019-03-29,"1,340.75","1,350.00","1,352.00","1,329.10","1,334.50","1,334.50","1,338.52","22,57,766","3,02,20,55,244.90","79,976","11,57,221",51.26
KOTAKBANK,EQ,2019-04-01,"1,334.50","1,336.00","1,362.00","1,326.05","1,338.00","1,339.40","1,341.36","31,67,512","4,24,87,89,647.20","99,066","12,74,939",40.25
KOTAKBANK,EQ,2019-04-02,"1,339.40","1,344.00","1,344.85","1,328.00","1,343.00","1,339.45","1,335.80","17,75,599","2,37,18,38,543.10","86,574","8,18,127",46.08
KOTAKBANK,EQ,2019-04-03,"1,339.45","1,342.00","1,357.45","1,331.00","1,333.00","1,334.20","1,346.97","27,66,566","3,72,64,81,872.70","66,630","10,01,144",36.19
KOTAKBANK,EQ,2019-04-04,"1,334.20","1,337.40","1,344.75","1,317.05","1,325.00","1,322.90","1,332.84","25,92,949","3,45,59,82,453.50","1,02,444","13,09,122",50.49
KOTAKBANK,EQ,2019-04-05,"1,322.90","1,330.00","1,340.05","1,326.15","1,337.10","1,335.95","1,333.77","17,43,729","2,32,57,36,123.30","49,542","10,13,162",58.10
KOTAKBANK,EQ,2019-04-08,"1,335.95","1,341.00","1,347.50","1,333.20","1,339.80","1,343.25","1,341.05","15,87,867","2,12,94,09,369.15","58,526","8,21,876",51.76
KOTAKBANK,EQ,2019-04-09,"1,343.25","1,339.95","1,347.15","1,322.10","1,344.00","1,341.45","1,334.89","22,46,843","2,99,92,91,021.25","81,228","12,98,883",57.81
KOTAKBANK,EQ,2019-04-10,"1,341.45","1,338.05","1,367.95","1,338.05","1,350.00","1,349.90","1,356.32","30,31,207","4,11,12,90,116.30","75,746","12,29,243",40.55
KOTAKBANK,EQ,2019-04-11,"1,349.90","1,349.70","1,349.95","1,333.55","1,341.30","1,343.20","1,342.09","13,48,573","1,80,99,09,799.25","40,700","4,60,520",34.15
KOTAKBANK,EQ,2019-04-12,"1,343.20","1,343.20","1,348.00","1,336.55","1,344.90","1,343.45","1,342.14","17,04,832","2,28,81,22,781.00","59,468","10,18,229",59.73
KOTAKBANK,EQ,2019-04-15,"1,343.45","1,348.00","1,378.00","1,343.45","1,376.00","1,373.85","1,362.83","28,79,023","3,92,36,15,958.90","53,694","17,18,214",59.68
KOTAKBANK,EQ,2019-04-16,"1,373.85","1,382.40","1,390.45","1,370.10","1,383.50","1,386.40","1,381.98","23,32,796","3,22,38,75,139.55","63,174","9,25,540",39.68
KOTAKBANK,EQ,2019-04-18,"1,386.40","1,386.40","1,392.00","1,362.85","1,369.90","1,369.65","1,380.55","24,08,936","3,32,56,47,185.10","60,393","15,95,773",66.24
KOTAKBANK,EQ,2019-04-22,"1,369.65","1,360.00","1,365.80","1,346.10","1,350.55","1,356.70","1,357.53","24,19,108","3,28,40,03,736.00","39,196","15,94,635",65.92
KOTAKBANK,EQ,2019-04-23,"1,356.70","1,357.95","1,368.55","1,351.00","1,354.65","1,355.35","1,357.39","16,19,687","2,19,85,44,842.60","57,149","8,57,610",52.95
KOTAKBANK,EQ,2019-04-24,"1,355.35","1,355.00","1,370.00","1,339.65","1,363.75","1,366.75","1,354.99","19,34,411","2,62,11,01,176.00","63,745","9,96,434",51.51
KOTAKBANK,EQ,2019-04-25,"1,366.75","1,368.90","1,377.00","1,355.00","1,359.00","1,360.40","1,367.54","18,07,598","2,47,19,54,160.35","51,642","7,90,822",43.75
KOTAKBANK,EQ,2019-04-26,"1,360.40","1,362.00","1,384.40","1,342.80","1,378.00","1,379.25","1,362.48","25,60,864","3,48,91,25,238.45","69,078","13,49,711",52.71
KOTAKBANK,EQ,2019-04-30,"1,379.25","1,382.20","1,397.00","1,351.05","1,385.00","1,386.55","1,379.95","62,10,573","8,57,03,09,790.30","1,78,494","17,54,360",28.25
KOTAKBANK,EQ,2019-05-02,"1,386.55","1,394.00","1,421.75","1,382.50","1,404.00","1,406.35","1,401.94","47,80,805","6,70,23,94,679.35","1,34,718","22,23,975",46.52
KOTAKBANK,EQ,2019-05-03,"1,406.35","1,406.40","1,435.75","1,400.20","1,416.95","1,417.80","1,424.73","42,69,675","6,08,31,13,530.15","1,05,258","20,96,693",49.11
KOTAKBANK,EQ,2019-05-06,"1,417.80","1,400.00","1,417.00","1,399.70","1,407.65","1,410.40","1,411.76","21,09,507","2,97,81,14,153.75","78,430","11,63,280",55.14
KOTAKBANK,EQ,2019-05-07,"1,410.40","1,410.00","1,425.00","1,399.25","1,402.15","1,408.15","1,413.90","27,86,736","3,94,01,74,277.35","78,510","13,88,796",49.84
KOTAKBANK,EQ,2019-05-08,"1,408.15","1,404.00","1,414.90","1,388.70","1,402.25","1,402.20","1,400.91","25,39,315","3,55,73,51,520.50","98,837","15,52,446",61.14
KOTAKBANK,EQ,2019-05-09,"1,402.20","1,394.20","1,407.90","1,366.30","1,370.05","1,385.50","1,398.45","47,04,782","6,57,93,97,687.70","94,410","33,81,445",71.87
KOTAKBANK,EQ,2019-05-10,"1,385.50","1,370.00","1,406.50","1,368.10","1,393.05","1,398.15","1,388.81","41,49,709","5,76,31,58,347.65","92,458","24,51,420",59.07
KOTAKBANK,EQ,2019-05-13,"1,398.15","1,396.00","1,399.75","1,380.05","1,393.15","1,389.35","1,390.88","16,54,964","2,30,18,56,434.35","57,408","9,29,758",56.18
KOTAKBANK,EQ,2019-05-14,"1,389.35","1,388.50","1,397.00","1,368.60","1,384.95","1,382.95","1,381.44","29,30,296","4,04,80,30,203.90","81,097","17,71,403",60.45
KOTAKBANK,EQ,2019-05-15,"1,382.95","1,384.00","1,403.55","1,378.70","1,395.00","1,395.80","1,394.17","21,22,200","2,95,87,01,853.80","65,728","11,94,522",56.29
KOTAKBANK,EQ,2019-05-16,"1,395.80","1,396.90","1,423.45","1,378.65","1,415.10","1,413.15","1,397.62","14,23,360","1,98,93,18,459.40","49,604","6,36,786",44.74
KOTAKBANK,EQ,2019-05-17,"1,413.15","1,416.00","1,469.80","1,415.40","1,465.00","1,460.00","1,442.09","37,99,219","5,47,88,15,345.15","1,95,461","23,30,547",61.34
KOTAKBANK,EQ,2019-05-20,"1,460.00","1,491.00","1,505.30","1,461.10","1,502.60","1,502.55","1,485.88","46,68,729","6,93,71,81,942.15","99,990","29,01,187",62.14
KOTAKBANK,EQ,2019-05-21,"1,502.55","1,503.00","1,514.80","1,483.80","1,490.00","1,487.90","1,497.04","32,24,278","4,82,68,74,866.30","73,511","18,50,534",57.39
KOTAKBANK,EQ,2019-05-22,"1,487.90","1,493.00","1,517.70","1,488.70","1,495.65","1,495.25","1,501.89","24,98,663","3,75,27,24,008.00","97,155","13,08,472",52.37
KOTAKBANK,EQ,2019-05-23,"1,495.25","1,519.00","1,555.90","1,489.20","1,507.00","1,499.75","1,522.02","57,96,574","8,82,24,76,138.40","1,76,487","34,34,306",59.25
KOTAKBANK,EQ,2019-05-24,"1,499.75","1,510.00","1,524.00","1,490.00","1,510.20","1,511.70","1,506.65","28,73,390","4,32,91,90,607.15","1,02,207","13,53,863",47.12
KOTAKBANK,EQ,2019-05-27,"1,511.70","1,506.65","1,533.00","1,500.00","1,530.00","1,529.40","1,517.08","22,28,063","3,38,01,58,552.40","64,365","10,69,571",48.00
KOTAKBANK,EQ,2019-05-28,"1,529.40","1,533.00","1,533.00","1,500.00","1,514.95","1,511.00","1,508.81","19,93,302","3,00,75,07,669.80","55,602","10,51,805",52.77
KOTAKBANK,EQ,2019-05-29,"1,511.00","1,509.30","1,530.00","1,502.00","1,518.00","1,513.90","1,515.96","14,50,826","2,19,93,90,709.35","64,953","6,30,787",43.48
KOTAKBANK,EQ,2019-05-30,"1,513.90","1,513.90","1,541.75","1,511.90","1,531.55","1,535.35","1,530.86","29,39,419","4,49,98,27,941.75","62,885","14,55,771",49.53
KOTAKBANK,EQ,2019-05-31,"1,535.35","1,536.00","1,544.00","1,467.40","1,519.95","1,522.15","1,520.24","27,60,214","4,19,61,80,545.90","74,915","12,77,339",46.28
KOTAKBANK,EQ,2019-06-03,"1,522.15","1,513.20","1,534.80","1,506.00","1,532.45","1,531.25","1,525.84","12,35,302","1,88,48,78,797.60","54,848","5,75,925",46.62
KOTAKBANK,EQ,2019-06-04,"1,531.25","1,530.00","1,540.00","1,522.20","1,534.00","1,531.35","1,532.15","11,74,433","1,79,94,06,936.70","66,465","5,92,361",50.44
KOTAKBANK,EQ,2019-06-06,"1,531.35","1,532.55","1,540.90","1,501.00","1,516.00","1,514.25","1,519.68","20,44,919","3,10,76,29,889.45","65,197","11,72,345",57.33
KOTAKBANK,EQ,2019-06-07,"1,514.25","1,523.80","1,523.80","1,487.75","1,510.00","1,511.80","1,505.38","15,33,892","2,30,90,96,047.70","73,230","5,63,834",36.76
KOTAKBANK,EQ,2019-06-10,"1,511.80","1,503.30","1,510.90","1,486.60","1,501.80","1,502.60","1,498.37","17,15,150","2,56,99,28,370.00","73,935","6,46,905",37.72
KOTAKBANK,EQ,2019-06-11,"1,502.60","1,509.30","1,514.25","1,492.55","1,504.50","1,507.70","1,503.32","9,44,811","1,42,03,50,818.75","37,825","3,15,535",33.40
KOTAKBANK,EQ,2019-06-12,"1,507.70","1,500.00","1,502.50","1,476.15","1,486.50","1,483.50","1,484.27","17,68,429","2,62,48,28,142.15","86,567","9,61,184",54.35
KOTAKBANK,EQ,2019-06-13,"1,483.50","1,482.00","1,509.00","1,476.95","1,504.05","1,504.00","1,490.69","23,03,315","3,43,35,35,987.85","1,06,563","14,60,423",63.41
KOTAKBANK,EQ,2019-06-14,"1,504.00","1,504.05","1,504.05","1,465.60","1,470.80","1,473.85","1,482.85","19,53,510","2,89,67,52,993.80","97,556","11,04,596",56.54
KOTAKBANK,EQ,2019-06-17,"1,473.85","1,478.00","1,478.40","1,451.10","1,461.00","1,460.35","1,460.14","23,66,222","3,45,50,12,345.60","93,687","15,85,532",65.07
KOTAKBANK,EQ,2019-06-18,"1,460.35","1,465.00","1,474.50","1,455.15","1,463.60","1,461.85","1,465.30","24,24,818","3,55,30,80,044.25","1,28,740","16,38,497",65.85
KOTAKBANK,EQ,2019-06-19,"1,461.85","1,473.00","1,504.80","1,471.90","1,502.00","1,497.80","1,495.40","38,91,330","5,81,90,76,469.80","1,06,788","21,97,801",56.48
KOTAKBANK,EQ,2019-06-20,"1,497.80","1,500.50","1,520.00","1,497.00","1,518.00","1,518.35","1,514.54","25,67,566","3,88,86,81,197.55","82,269","13,95,078",54.33
KOTAKBANK,EQ,2019-06-21,"1,518.35","1,516.00","1,516.00","1,483.20","1,495.85","1,489.80","1,498.30","12,14,842","1,82,01,95,337.05","36,545","5,12,849",42.22
KOTAKBANK,EQ,2019-06-24,"1,489.80","1,489.00","1,497.30","1,464.35","1,473.10","1,470.60","1,473.05","20,26,531","2,98,51,90,417.00","54,198","13,54,322",66.83
KOTAKBANK,EQ,2019-06-25,"1,470.60","1,471.85","1,491.25","1,467.00","1,483.10","1,483.90","1,477.19","20,52,490","3,03,19,26,234.45","62,961","12,91,723",62.93
KOTAKBANK,EQ,2019-06-26,"1,483.90","1,485.00","1,496.00","1,475.35","1,494.90","1,490.60","1,486.14","22,10,462","3,28,50,63,985.15","44,581","14,96,111",67.68
KOTAKBANK,EQ,2019-06-27,"1,490.60","1,500.00","1,506.70","1,477.50","1,480.85","1,481.60","1,490.86","38,60,539","5,75,55,11,661.75","84,620","24,85,038",64.37
KOTAKBANK,EQ,2019-06-28,"1,481.60","1,485.00","1,486.10","1,471.60","1,477.00","1,477.10","1,479.07","18,14,086","2,68,31,63,818.80","1,13,648","12,72,367",70.14
KOTAKBANK,EQ,2019-07-01,"1,477.10","1,486.90","1,490.90","1,469.40","1,483.50","1,481.20","1,478.32","19,04,359","2,81,52,44,828.00","74,941","11,66,378",61.25
KOTAKBANK,EQ,2019-07-02,"1,481.20","1,483.90","1,486.95","1,467.05","1,469.00","1,471.50","1,471.80","18,03,732","2,65,47,38,363.35","94,990","10,41,984",57.77
KOTAKBANK,EQ,2019-07-03,"1,471.50","1,473.95","1,482.00","1,462.35","1,474.45","1,475.00","1,471.70","26,47,048","3,89,56,72,034.65","40,705","16,37,716",61.87
KOTAKBANK,EQ,2019-07-04,"1,475.00","1,475.00","1,504.85","1,475.00","1,496.45","1,497.80","1,497.75","30,25,925","4,53,20,77,488.45","80,533","12,17,567",40.24
KOTAKBANK,EQ,2019-07-05,"1,497.80","1,504.85","1,520.00","1,500.05","1,516.00","1,517.20","1,510.94","29,67,320","4,48,34,46,779.55","64,753","11,61,522",39.14
KOTAKBANK,EQ,2019-07-08,"1,517.20","1,513.40","1,513.40","1,470.05","1,475.80","1,475.30","1,480.12","17,92,258","2,65,27,48,698.65","75,294","8,49,849",47.42
KOTAKBANK,EQ,2019-07-09,"1,475.30","1,471.00","1,473.00","1,440.00","1,462.00","1,462.85","1,458.02","22,97,420","3,34,96,93,589.70","90,717","9,04,933",39.39
KOTAKBANK,EQ,2019-07-10,"1,462.85","1,463.00","1,481.85","1,460.85","1,470.50","1,475.85","1,471.58","21,80,732","3,20,91,15,351.30","74,778","10,33,839",47.41
KOTAKBANK,EQ,2019-07-11,"1,475.85","1,479.00","1,493.80","1,472.05","1,479.05","1,484.95","1,487.05","15,98,491","2,37,70,36,642.60","52,942","7,81,129",48.87
KOTAKBANK,EQ,2019-07-12,"1,484.95","1,486.95","1,494.50","1,475.90","1,482.95","1,483.65","1,484.70","20,72,545","3,07,71,12,185.10","60,011","12,19,753",58.85
KOTAKBANK,EQ,2019-07-15,"1,483.65","1,489.00","1,510.95","1,478.60","1,504.10","1,508.10","1,498.42","17,52,154","2,62,54,70,177.30","60,554","10,11,520",57.73
KOTAKBANK,EQ,2019-07-16,"1,508.10","1,508.00","1,511.50","1,490.00","1,497.00","1,501.45","1,500.45","13,51,435","2,02,77,57,738.85","50,536","6,21,212",45.97
KOTAKBANK,EQ,2019-07-17,"1,501.45","1,501.90","1,546.85","1,497.05","1,532.65","1,534.60","1,534.61","62,02,534","9,51,84,69,490.65","1,00,402","29,02,566",46.80
KOTAKBANK,EQ,2019-07-18,"1,534.60","1,531.35","1,543.25","1,526.20","1,537.50","1,538.25","1,535.58","22,66,820","3,48,08,89,470.10","59,293","9,85,221",43.46
KOTAKBANK,EQ,2019-07-19,"1,538.25","1,540.00","1,540.75","1,490.00","1,507.25","1,498.90","1,512.72","20,94,229","3,16,79,75,147.60","72,615","9,62,287",45.95
KOTAKBANK,EQ,2019-07-22,"1,498.90","1,493.00","1,496.95","1,442.15","1,444.90","1,454.30","1,461.15","34,23,157","5,00,17,60,213.40","1,11,054","17,06,905",49.86
KOTAKBANK,EQ,2019-07-23,"1,454.30","1,460.00","1,512.00","1,455.25","1,494.15","1,494.00","1,484.93","76,59,628","11,37,40,37,985.60","1,90,600","14,56,701",19.02
KOTAKBANK,EQ,2019-07-24,"1,494.00","1,493.00","1,510.00","1,476.55","1,493.35","1,497.20","1,496.63","29,38,236","4,39,74,65,822.30","75,761","8,48,749",28.89
KOTAKBANK,EQ,2019-07-25,"1,497.20","1,492.00","1,504.00","1,479.95","1,490.00","1,485.05","1,490.72","28,38,923","4,23,20,49,690.05","87,687","15,72,926",55.41
KOTAKBANK,EQ,2019-07-26,"1,485.05","1,490.00","1,517.95","1,477.05","1,512.10","1,511.85","1,497.76","16,81,353","2,51,82,69,849.40","40,077","5,52,476",32.86
KOTAKBANK,EQ,2019-07-29,"1,511.85","1,513.75","1,524.45","1,497.20","1,505.50","1,502.50","1,510.41","20,99,735","3,17,14,62,848.95","54,346","9,22,548",43.94
KOTAKBANK,EQ,2019-07-30,"1,502.50","1,505.00","1,509.60","1,484.05","1,498.75","1,498.70","1,498.43","17,43,748","2,61,28,88,984.25","50,148","7,63,906",43.81
KOTAKBANK,EQ,2019-07-31,"1,498.70","1,490.10","1,534.70","1,480.75","1,516.95","1,519.55","1,506.03","29,47,808","4,43,94,87,212.70","99,171","15,64,413",53.07
KOTAKBANK,EQ,2019-08-01,"1,519.55","1,505.95","1,519.00","1,486.00","1,496.25","1,495.80","1,498.76","22,57,753","3,38,38,19,386.05","76,342","11,08,709",49.11
KOTAKBANK,EQ,2019-08-02,"1,495.80","1,488.00","1,514.95","1,470.05","1,508.20","1,507.60","1,495.16","38,70,809","5,78,74,87,407.15","1,01,180","20,74,660",53.60
KOTAKBANK,EQ,2019-08-05,"1,507.60","1,495.00","1,495.00","1,455.05","1,460.00","1,460.10","1,475.26","38,64,546","5,70,11,95,839.35","1,09,605","19,42,836",50.27
KOTAKBANK,EQ,2019-08-06,"1,460.10","1,454.30","1,493.85","1,451.65","1,484.55","1,485.30","1,473.08","28,30,608","4,16,96,98,506.40","93,816","10,62,204",37.53
KOTAKBANK,EQ,2019-08-07,"1,485.30","1,493.90","1,499.60","1,465.55","1,475.00","1,476.30","1,483.29","23,62,381","3,50,41,01,409.60","88,073","8,12,817",34.41
KOTAKBANK,EQ,2019-08-08,"1,476.30","1,485.00","1,509.80","1,466.95","1,508.00","1,502.75","1,485.42","19,32,121","2,87,00,05,281.30","70,741","5,61,239",29.05
KOTAKBANK,EQ,2019-08-09,"1,502.75","1,506.00","1,535.50","1,504.25","1,531.75","1,532.10","1,521.84","24,45,659","3,72,19,07,779.20","59,637","9,85,235",40.29
KOTAKBANK,EQ,2019-08-13,"1,532.10","1,525.10","1,534.00","1,505.25","1,506.80","1,511.40","1,520.60","27,65,975","4,20,59,37,809.80","73,133","16,27,803",58.85
KOTAKBANK,EQ,2019-08-14,"1,511.40","1,515.00","1,515.40","1,479.45","1,492.00","1,491.80","1,492.62","23,54,908","3,51,49,76,083.30","80,842","8,87,040",37.67
KOTAKBANK,EQ,2019-08-16,"1,491.80","1,489.00","1,506.50","1,477.50","1,501.65","1,498.95","1,494.81","21,69,754","3,24,33,66,573.00","72,994","8,21,183",37.85
KOTAKBANK,EQ,2019-08-19,"1,498.95","1,505.00","1,519.50","1,490.55","1,497.00","1,496.35","1,508.14","15,47,598","2,33,39,89,143.65","55,702","5,71,279",36.91
KOTAKBANK,EQ,2019-08-20,"1,496.35","1,490.55","1,511.25","1,482.65","1,507.60","1,505.10","1,496.52","17,24,609","2,58,09,11,436.85","52,337","5,31,502",30.82
KOTAKBANK,EQ,2019-08-21,"1,505.10","1,504.00","1,517.80","1,496.00","1,507.00","1,505.75","1,508.18","14,84,415","2,23,87,59,916.10","53,231","5,50,718",37.10
KOTAKBANK,EQ,2019-08-22,"1,505.75","1,503.95","1,510.00","1,472.40","1,480.00","1,478.25","1,490.14","18,74,751","2,79,36,35,242.70","57,106","6,21,940",33.17
KOTAKBANK,EQ,2019-08-23,"1,478.25","1,479.90","1,487.00","1,446.10","1,469.45","1,470.20","1,464.43","36,15,793","5,29,50,77,588.85","1,27,744","16,52,501",45.70
KOTAKBANK,EQ,2019-08-26,"1,470.20","1,500.00","1,519.50","1,453.10","1,515.00","1,512.80","1,491.08","21,87,678","3,26,19,95,344.55","63,378","7,46,415",34.12
KOTAKBANK,EQ,2019-08-27,"1,512.80","1,514.00","1,522.75","1,494.45","1,501.55","1,501.55","1,502.49","27,40,804","4,11,80,35,682.80","86,905","14,77,762",53.92
KOTAKBANK,EQ,2019-08-28,"1,501.55","1,499.20","1,501.00","1,473.35","1,481.70","1,483.65","1,484.50","22,91,006","3,40,10,02,129.20","85,170","12,83,704",56.03
KOTAKBANK,EQ,2019-08-29,"1,483.65","1,479.50","1,479.50","1,446.75","1,450.90","1,450.85","1,459.61","39,31,367","5,73,82,70,154.95","71,955","23,99,019",61.02
KOTAKBANK,EQ,2019-08-30,"1,450.85","1,448.10","1,459.60","1,423.10","1,434.85","1,431.45","1,436.72","47,17,533","6,77,77,57,699.50","1,20,457","16,12,652",34.18
KOTAKBANK,EQ,2019-09-03,"1,431.45","1,429.00","1,429.00","1,405.05","1,411.90","1,414.30","1,414.50","27,52,565","3,89,35,05,600.70","88,378","12,47,300",45.31
KOTAKBANK,EQ,2019-09-04,"1,414.30","1,414.10","1,438.00","1,398.65","1,423.90","1,426.45","1,423.27","24,19,629","3,44,37,76,588.30","68,873","7,72,435",31.92
KOTAKBANK,EQ,2019-09-05,"1,426.45","1,431.90","1,441.85","1,405.45","1,409.00","1,410.15","1,416.19","23,81,023","3,37,19,80,488.55","85,430","9,27,434",38.95
KOTAKBANK,EQ,2019-09-06,"1,410.15","1,412.50","1,444.60","1,412.50","1,441.50","1,441.55","1,434.12","22,45,219","3,21,99,02,850.75","67,721","10,16,596",45.28
KOTAKBANK,EQ,2019-09-09,"1,441.55","1,439.00","1,474.55","1,424.05","1,470.55","1,471.30","1,460.69","32,12,756","4,69,28,52,371.75","73,009","18,93,727",58.94
KOTAKBANK,EQ,2019-09-11,"1,471.30","1,471.30","1,478.90","1,459.00","1,476.00","1,475.20","1,470.32","26,04,896","3,83,00,25,743.70","1,01,894","15,64,378",60.06
KOTAKBANK,EQ,2019-09-12,"1,475.20","1,480.00","1,483.65","1,452.00","1,456.80","1,457.55","1,472.37","24,24,954","3,57,04,19,881.10","91,093","13,94,561",57.51
KOTAKBANK,EQ,2019-09-13,"1,457.55","1,457.00","1,486.00","1,447.20","1,482.85","1,484.25","1,473.85","17,68,490","2,60,64,91,588.40","68,001","6,24,485",35.31
KOTAKBANK,EQ,2019-09-16,"1,484.25","1,474.00","1,491.85","1,465.00","1,471.25","1,474.95","1,479.98","18,57,768","2,74,94,63,819.35","66,834","9,55,877",51.45
KOTAKBANK,EQ,2019-09-17,"1,474.95","1,471.25","1,480.95","1,444.00","1,453.20","1,448.30","1,464.19","13,54,586","1,98,33,75,672.45","50,614","4,29,738",31.72
KOTAKBANK,EQ,2019-09-18,"1,448.30","1,450.00","1,478.95","1,449.90","1,460.95","1,464.75","1,468.92","18,54,425","2,72,40,06,414.35","58,491","8,71,404",46.99
KOTAKBANK,EQ,2019-09-19,"1,464.75","1,464.80","1,464.80","1,445.00","1,453.95","1,452.60","1,453.88","14,49,873","2,10,79,43,802.55","41,908","6,06,183",41.81
KOTAKBANK,EQ,2019-09-20,"1,452.60","1,455.00","1,598.90","1,450.50","1,540.70","1,538.85","1,528.32","71,59,489","10,94,19,67,687.00","1,56,303","32,05,677",44.78
KOTAKBANK,EQ,2019-09-23,"1,538.85","1,575.00","1,652.00","1,528.80","1,650.00","1,640.60","1,606.87","68,54,029","11,01,35,04,858.20","2,26,600","34,23,352",49.95
KOTAKBANK,EQ,2019-09-24,"1,640.60","1,633.30","1,641.70","1,590.00","1,618.00","1,618.10","1,615.93","37,70,541","6,09,29,27,772.35","1,32,387","17,77,544",47.14
KOTAKBANK,EQ,2019-09-25,"1,618.10","1,617.00","1,617.00","1,580.50","1,600.00","1,601.60","1,591.31","35,67,544","5,67,70,68,064.35","1,07,432","22,29,331",62.49
KOTAKBANK,EQ,2019-09-26,"1,601.60","1,607.00","1,683.95","1,605.25","1,630.00","1,626.85","1,633.18","43,08,028","7,03,57,78,829.20","1,24,141","16,45,752",38.20
KOTAKBANK,EQ,2019-09-27,"1,626.85","1,615.85","1,649.40","1,605.95","1,642.65","1,643.50","1,629.62","25,82,561","4,20,85,96,136.60","81,595","9,97,836",38.64
KOTAKBANK,EQ,2019-09-30,"1,643.50","1,635.10","1,662.00","1,614.30","1,637.90","1,644.45","1,636.45","33,57,859","5,49,49,80,754.45","96,873","17,55,749",52.29
KOTAKBANK,EQ,2019-10-01,"1,644.45","1,638.80","1,657.00","1,623.70","1,648.00","1,648.20","1,645.42","29,25,536","4,81,37,45,765.50","1,01,251","12,70,563",43.43
KOTAKBANK,EQ,2019-10-03,"1,648.20","1,644.25","1,644.25","1,607.00","1,613.20","1,615.75","1,623.61","26,54,566","4,30,99,70,073.95","1,20,348","13,32,363",50.19
KOTAKBANK,EQ,2019-10-04,"1,615.75","1,630.00","1,633.70","1,557.30","1,559.95","1,563.15","1,581.90","54,87,681","8,68,09,56,848.40","1,17,644","31,84,607",58.03
KOTAKBANK,EQ,2019-10-07,"1,563.15","1,563.00","1,593.60","1,549.30","1,560.10","1,555.65","1,574.41","30,45,534","4,79,49,31,799.25","93,516","14,23,975",46.76
KOTAKBANK,EQ,2019-10-09,"1,555.65","1,559.30","1,627.75","1,547.75","1,611.00","1,612.35","1,592.09","25,98,430","4,13,69,44,243.85","1,14,701","8,81,648",33.93
KOTAKBANK,EQ,2019-10-10,"1,612.35","1,599.90","1,607.35","1,567.00","1,588.15","1,584.80","1,583.93","15,69,421","2,48,58,57,345.60","66,075","4,35,924",27.78
KOTAKBANK,EQ,2019-10-11,"1,584.80","1,595.20","1,625.00","1,575.20","1,589.35","1,587.75","1,595.25","24,25,841","3,86,98,34,193.80","80,917","6,37,768",26.29
KOTAKBANK,EQ,2019-10-14,"1,587.75","1,598.00","1,609.00","1,576.25","1,582.10","1,585.50","1,592.47","20,10,190","3,20,11,65,458.50","58,832","7,71,306",38.37
KOTAKBANK,EQ,2019-10-15,"1,585.50","1,595.40","1,629.50","1,577.50","1,617.00","1,615.60","1,610.47","27,06,471","4,35,86,88,280.10","71,523","9,29,008",34.33
KOTAKBANK,EQ,2019-10-16,"1,615.60","1,615.00","1,623.30","1,592.60","1,605.00","1,605.55","1,612.87","26,86,333","4,33,27,00,156.70","80,693","12,84,577",47.82
KOTAKBANK,EQ,2019-10-17,"1,605.55","1,610.00","1,613.60","1,586.50","1,602.00","1,604.55","1,600.11","20,76,349","3,32,23,85,491.55","78,587","7,20,510",34.70
KOTAKBANK,EQ,2019-10-18,"1,604.55","1,603.80","1,619.60","1,591.00","1,616.00","1,615.25","1,606.72","23,57,607","3,78,80,05,106.35","69,717","12,01,242",50.95
KOTAKBANK,EQ,2019-10-22,"1,615.25","1,626.85","1,643.00","1,592.00","1,626.80","1,628.85","1,615.55","48,95,082","7,90,82,42,714.50","1,68,454","12,87,420",26.30
KOTAKBANK,EQ,2019-10-23,"1,628.85","1,630.00","1,638.70","1,603.30","1,610.95","1,613.65","1,619.39","30,85,230","4,99,62,04,617.85","1,19,370","12,38,271",40.14
KOTAKBANK,EQ,2019-10-24,"1,613.65","1,619.90","1,629.90","1,597.55","1,613.85","1,613.20","1,618.27","16,00,001","2,58,92,40,580.15","51,232","4,26,207",26.64
KOTAKBANK,EQ,2019-10-25,"1,613.20","1,613.85","1,613.85","1,569.15","1,586.10","1,588.60","1,589.28","28,67,020","4,55,64,94,887.45","84,528","11,67,087",40.71
KOTAKBANK,EQ,2019-10-27,"1,588.60","1,594.00","1,601.00","1,590.15","1,593.15","1,593.00","1,594.75","1,97,634","31,51,77,157.30","6,555","78,159",39.55
KOTAKBANK,EQ,2019-10-29,"1,593.00","1,597.40","1,597.40","1,568.00","1,573.80","1,575.55","1,578.95","30,02,530","4,74,08,56,137.90","95,398","14,82,067",49.36
KOTAKBANK,EQ,2019-10-30,"1,575.55","1,579.90","1,588.55","1,573.80","1,576.25","1,578.90","1,581.43","16,77,269","2,65,24,82,556.75","55,866","7,44,712",44.40
KOTAKBANK,EQ,2019-10-31,"1,578.90","1,583.95","1,605.00","1,566.00","1,567.25","1,574.50","1,587.51","24,81,421","3,93,92,82,685.55","67,608","10,14,845",40.90
KOTAKBANK,EQ,2019-11-01,"1,574.50","1,572.00","1,585.95","1,563.00","1,581.00","1,579.90","1,576.58","22,19,737","3,49,96,03,769.70","68,609","11,72,655",52.83
KOTAKBANK,EQ,2019-11-04,"1,579.90","1,584.00","1,596.80","1,565.00","1,568.00","1,571.05","1,582.78","14,34,393","2,27,03,27,896.80","56,055","6,32,093",44.07
KOTAKBANK,EQ,2019-11-05,"1,571.05","1,568.60","1,569.75","1,550.30","1,556.45","1,553.90","1,557.10","22,63,394","3,52,43,32,010.20","68,085","11,43,820",50.54
KOTAKBANK,EQ,2019-11-06,"1,553.90","1,556.45","1,587.95","1,541.00","1,572.55","1,571.05","1,568.44","22,47,235","3,52,46,54,000.80","74,825","7,82,595",34.82
KOTAKBANK,EQ,2019-11-07,"1,571.05","1,577.00","1,587.00","1,558.95","1,585.90","1,584.00","1,577.65","25,11,912","3,96,29,20,345.60","83,847","13,58,711",54.09
KOTAKBANK,EQ,2019-11-08,"1,584.00","1,578.90","1,606.00","1,572.00","1,599.70","1,600.25","1,591.33","39,13,627","6,22,78,87,334.85","1,01,181","23,43,464",59.88
KOTAKBANK,EQ,2019-11-11,"1,600.25","1,594.90","1,619.40","1,592.00","1,619.00","1,616.90","1,611.95","29,23,574","4,71,26,66,598.95","1,05,551","12,44,336",42.56
KOTAKBANK,EQ,2019-11-13,"1,616.90","1,617.00","1,628.00","1,601.10","1,606.00","1,605.80","1,616.06","26,03,834","4,20,79,46,926.20","97,881","12,78,788",49.11
KOTAKBANK,EQ,2019-11-14,"1,605.80","1,606.00","1,610.40","1,584.05","1,602.25","1,597.60","1,594.70","26,39,298","4,20,88,94,506.20","1,08,437","10,71,914",40.61
KOTAKBANK,EQ,2019-11-15,"1,597.60","1,606.00","1,629.00","1,602.50","1,623.25","1,622.75","1,617.87","20,68,406","3,34,64,09,911.00","66,101","10,14,639",49.05
KOTAKBANK,EQ,2019-11-18,"1,622.75","1,626.65","1,635.00","1,616.55","1,627.50","1,627.20","1,627.97","20,14,974","3,28,03,20,037.75","79,095","11,72,917",58.21
KOTAKBANK,EQ,2019-11-19,"1,627.20","1,629.90","1,631.10","1,614.15","1,623.00","1,623.80","1,623.37","15,96,482","2,59,16,80,546.30","47,266","9,28,269",58.14
KOTAKBANK,EQ,2019-11-20,"1,623.80","1,623.00","1,623.80","1,596.20","1,601.15","1,599.45","1,608.40","15,62,436","2,51,30,25,287.65","45,118","5,54,134",35.47
KOTAKBANK,EQ,2019-11-21,"1,599.45","1,603.45","1,604.90","1,587.50","1,595.15","1,595.25","1,593.89","16,73,814","2,66,78,75,823.65","72,443","8,42,043",50.31
KOTAKBANK,EQ,2019-11-22,"1,595.25","1,591.95","1,593.90","1,565.10","1,568.90","1,569.10","1,572.58","18,62,434","2,92,88,32,421.65","67,422","9,58,019",51.44
KOTAKBANK,EQ,2019-11-25,"1,569.10","1,574.00","1,606.00","1,570.05","1,600.05","1,603.65","1,592.73","20,18,421","3,21,47,91,834.85","54,705","10,28,919",50.98
KOTAKBANK,EQ,2019-11-26,"1,603.65","1,601.00","1,610.50","1,591.30","1,605.00","1,604.40","1,601.97","15,56,808","2,49,39,61,844.00","49,268","5,36,119",34.44
KOTAKBANK,EQ,2019-11-27,"1,604.40","1,604.95","1,624.00","1,601.70","1,621.55","1,617.90","1,618.16","20,40,883","3,30,24,75,006.25","63,435","10,13,154",49.64
KOTAKBANK,EQ,2019-11-28,"1,617.90","1,617.00","1,626.10","1,607.10","1,616.50","1,615.00","1,615.25","22,37,760","3,61,45,37,686.65","61,225","12,45,717",55.67
KOTAKBANK,EQ,2019-11-29,"1,615.00","1,610.00","1,622.00","1,592.30","1,608.00","1,615.20","1,605.70","17,30,478","2,77,86,36,803.15","53,746","7,01,148",40.52
KOTAKBANK,EQ,2019-12-02,"1,615.20","1,614.50","1,636.50","1,600.20","1,631.00","1,633.00","1,625.35","22,89,704","3,72,15,74,658.85","71,336","11,45,363",50.02
KOTAKBANK,EQ,2019-12-03,"1,633.00","1,634.50","1,650.00","1,631.45","1,649.95","1,646.75","1,641.90","23,21,783","3,81,21,30,804.30","70,684","6,96,357",29.99
KOTAKBANK,EQ,2019-12-04,"1,646.75","1,643.30","1,659.90","1,633.20","1,648.60","1,651.25","1,644.10","27,04,079","4,44,57,73,128.85","1,24,633","15,54,594",57.49
KOTAKBANK,EQ,2019-12-05,"1,651.25","1,651.25","1,660.00","1,640.40","1,646.35","1,649.30","1,650.62","29,36,890","4,84,77,03,730.10","94,553","13,44,350",45.77
KOTAKBANK,EQ,2019-12-06,"1,649.30","1,650.00","1,680.00","1,643.30","1,676.25","1,674.30","1,669.50","37,99,507","6,34,32,82,506.20","85,107","18,65,872",49.11
KOTAKBANK,EQ,2019-12-09,"1,674.30","1,677.95","1,679.00","1,656.50","1,660.00","1,659.25","1,665.93","18,93,740","3,15,48,33,716.65","83,670","6,83,741",36.11
KOTAKBANK,EQ,2019-12-10,"1,659.25","1,665.00","1,665.95","1,651.05","1,663.75","1,662.40","1,659.35","14,13,156","2,34,49,17,338.05","64,613","7,09,233",50.19
KOTAKBANK,EQ,2019-12-11,"1,662.40","1,666.00","1,690.85","1,659.10","1,685.70","1,686.55","1,677.28","20,29,117","3,40,33,96,981.95","92,315","8,37,953",41.30
KOTAKBANK,EQ,2019-12-12,"1,686.55","1,690.20","1,720.00","1,682.00","1,715.00","1,715.60","1,701.43","26,95,588","4,58,63,57,329.30","72,856","11,37,127",42.18
KOTAKBANK,EQ,2019-12-13,"1,715.60","1,716.20","1,719.00","1,687.25","1,691.50","1,692.75","1,697.70","35,27,634","5,98,88,77,134.85","1,05,271","21,01,720",59.58
KOTAKBANK,EQ,2019-12-16,"1,692.75","1,694.00","1,730.00","1,694.00","1,708.00","1,703.95","1,712.88","36,62,127","6,27,27,74,661.30","1,41,561","17,42,009",47.57
KOTAKBANK,EQ,2019-12-17,"1,703.95","1,716.05","1,721.40","1,708.60","1,713.30","1,713.30","1,713.62","26,46,882","4,53,57,44,129.45","81,573","16,60,222",62.72
KOTAKBANK,EQ,2019-12-18,"1,713.30","1,719.00","1,725.95","1,706.30","1,724.00","1,724.35","1,716.96","45,92,668","7,88,54,14,486.55","1,27,031","32,61,383",71.01
KOTAKBANK,EQ,2019-12-19,"1,724.35","1,724.95","1,734.80","1,715.30","1,728.00","1,729.50","1,725.52","27,01,502","4,66,14,94,381.60","92,363","16,98,586",62.88
KOTAKBANK,EQ,2019-12-20,"1,729.50","1,723.15","1,724.40","1,687.30","1,694.30","1,692.70","1,706.13","30,58,679","5,21,84,90,279.15","1,48,700","14,98,121",48.98
KOTAKBANK,EQ,2019-12-23,"1,692.70","1,699.00","1,711.20","1,695.10","1,702.40","1,704.90","1,704.15","17,45,488","2,97,45,69,209.95","97,857","8,19,844",46.97
KOTAKBANK,EQ,2019-12-24,"1,704.90","1,704.95","1,716.50","1,700.00","1,712.80","1,711.55","1,709.79","17,02,704","2,91,12,62,335.50","76,868","5,79,356",34.03
KOTAKBANK,EQ,2019-12-26,"1,711.55","1,711.05","1,715.00","1,689.70","1,695.00","1,694.25","1,700.36","16,46,970","2,80,04,49,539.50","70,220","7,99,767",48.56
KOTAKBANK,EQ,2019-12-27,"1,694.25","1,705.00","1,705.00","1,681.35","1,687.90","1,685.60","1,689.60","15,29,366","2,58,40,13,887.10","81,727","7,11,818",46.54
KOTAKBANK,EQ,2019-12-30,"1,685.60","1,690.00","1,706.80","1,685.50","1,687.00","1,690.40","1,695.53","18,68,284","3,16,77,39,389.45","76,163","8,74,370",46.80
KOTAKBANK,EQ,2019-12-31,"1,690.40","1,690.40","1,691.25","1,670.35","1,685.00","1,684.35","1,677.99","19,69,679","3,30,51,03,723.00","51,006","11,51,691",58.47
KOTAKBANK,EQ,2020-01-01,"1,684.35","1,689.00","1,696.75","1,672.00","1,673.15","1,674.05","1,679.00","14,75,056","2,47,66,24,713.90","43,248","6,71,941",45.55
KOTAKBANK,EQ,2020-01-02,"1,674.05","1,680.00","1,683.50","1,664.65","1,671.50","1,671.55","1,669.98","18,52,089","3,09,29,52,302.85","56,954","12,13,158",65.50
KOTAKBANK,EQ,2020-01-03,"1,671.55","1,670.95","1,673.00","1,645.55","1,659.05","1,657.10","1,657.75","15,94,089","2,64,25,95,822.75","83,688","8,45,118",53.02
KOTAKBANK,EQ,2020-01-06,"1,657.10","1,657.10","1,657.45","1,638.60","1,653.80","1,652.55","1,647.07","14,80,087","2,43,78,10,663.90","64,555","7,26,237",49.07
KOTAKBANK,EQ,2020-01-07,"1,652.55","1,661.05","1,674.75","1,650.40","1,668.00","1,670.85","1,662.94","24,97,931","4,15,39,01,190.60","62,054","12,76,556",51.10
KOTAKBANK,EQ,2020-01-08,"1,670.85","1,654.70","1,661.45","1,638.00","1,651.65","1,654.85","1,650.47","31,25,931","5,15,92,40,766.45","1,08,277","13,66,696",43.72
KOTAKBANK,EQ,2020-01-09,"1,654.85","1,673.50","1,673.75","1,658.70","1,665.10","1,665.05","1,664.49","26,68,424","4,44,15,66,349.90","64,081","17,98,270",67.39
KOTAKBANK,EQ,2020-01-10,"1,665.05","1,674.10","1,692.00","1,671.20","1,686.00","1,684.70","1,683.04","25,36,083","4,26,83,18,493.40","97,398","12,25,120",48.31
KOTAKBANK,EQ,2020-01-13,"1,684.70","1,692.00","1,704.50","1,685.55","1,690.20","1,691.10","1,692.29","18,07,958","3,05,95,95,263.00","48,374","9,53,751",52.75
KOTAKBANK,EQ,2020-01-14,"1,691.10","1,696.00","1,696.10","1,671.00","1,678.80","1,676.80","1,676.80","21,36,892","3,58,31,43,591.40","79,735","15,19,525",71.11
KOTAKBANK,EQ,2020-01-15,"1,676.80","1,675.95","1,686.60","1,665.90","1,681.60","1,675.60","1,675.83","24,90,245","4,17,32,33,968.20","53,526","17,04,202",68.44
KOTAKBANK,EQ,2020-01-16,"1,675.60","1,678.90","1,705.60","1,678.90","1,703.05","1,701.55","1,693.44","33,21,282","5,62,44,04,547.55","94,314","16,25,315",48.94
KOTAKBANK,EQ,2020-01-17,"1,701.55","1,703.90","1,705.85","1,690.10","1,699.00","1,698.10","1,699.33","22,95,875","3,90,14,53,391.40","93,648","13,47,057",58.67
KOTAKBANK,EQ,2020-01-20,"1,698.10","1,709.00","1,709.00","1,611.00","1,617.00","1,617.90","1,645.01","80,04,034","13,16,67,40,916.80","2,28,321","25,94,865",32.42
KOTAKBANK,EQ,2020-01-21,"1,617.90","1,605.00","1,630.60","1,585.20","1,627.35","1,625.10","1,608.02","57,45,469","9,23,88,54,221.60","1,85,564","18,23,235",31.73
KOTAKBANK,EQ,2020-01-22,"1,625.10","1,633.20","1,637.90","1,576.00","1,591.00","1,585.50","1,593.45","54,79,162","8,73,07,46,484.85","1,54,814","28,95,931",52.85
KOTAKBANK,EQ,2020-01-23,"1,585.50","1,588.00","1,608.40","1,581.30","1,606.90","1,605.85","1,597.13","34,95,683","5,58,30,48,607.40","96,078","17,47,356",49.99
KOTAKBANK,EQ,2020-01-24,"1,605.85","1,605.45","1,649.00","1,587.00","1,638.05","1,642.95","1,623.03","42,52,937","6,90,26,27,963.15","1,57,612","23,56,586",55.41
KOTAKBANK,EQ,2020-01-27,"1,642.95","1,628.70","1,629.00","1,608.40","1,617.00","1,618.35","1,617.80","18,74,429","3,03,24,56,402.20","58,316","4,96,047",26.46
KOTAKBANK,EQ,2020-01-28,"1,618.35","1,620.00","1,638.00","1,610.25","1,624.00","1,626.05","1,627.45","19,81,104","3,22,41,52,585.10","86,400","7,45,664",37.64
KOTAKBANK,EQ,2020-01-29,"1,626.05","1,633.00","1,646.20","1,623.05","1,639.55","1,640.45","1,637.68","22,27,493","3,64,79,20,414.25","62,207","12,67,330",56.89
KOTAKBANK,EQ,2020-01-30,"1,640.45","1,637.80","1,640.30","1,617.50","1,627.95","1,628.25","1,628.36","15,90,156","2,58,93,41,070.55","63,063","7,09,452",44.62
KOTAKBANK,EQ,2020-01-31,"1,628.25","1,709.65","1,729.00","1,683.15","1,688.65","1,691.75","1,698.55","94,95,046","16,12,78,35,181.15","2,53,091","29,29,394",30.85
KOTAKBANK,EQ,2020-02-01,"1,691.75","1,684.00","1,689.45","1,630.05","1,655.00","1,647.95","1,665.68","22,63,314","3,76,99,55,650.70","73,751","5,97,932",26.42
KOTAKBANK,EQ,2020-02-03,"1,647.95","1,645.60","1,680.80","1,634.00","1,676.30","1,676.25","1,661.90","25,10,294","4,17,18,53,853.10","1,12,048","11,86,818",47.28
KOTAKBANK,EQ,2020-02-04,"1,676.25","1,684.05","1,702.80","1,670.15","1,699.00","1,698.30","1,690.91","20,70,417","3,50,08,91,406.95","93,785","10,60,698",51.23
KOTAKBANK,EQ,2020-02-05,"1,698.30","1,702.00","1,707.45","1,677.10","1,693.50","1,689.75","1,689.30","20,96,512","3,54,16,48,159.80","97,390","8,24,176",39.31
KOTAKBANK,EQ,2020-02-06,"1,689.75","1,693.90","1,697.90","1,668.00","1,675.75","1,674.00","1,679.42","25,32,618","4,25,33,17,230.15","1,25,534","13,31,171",52.56
KOTAKBANK,EQ,2020-02-07,"1,674.00","1,675.75","1,677.95","1,644.00","1,654.95","1,653.05","1,653.82","22,90,151","3,78,74,94,985.60","99,398","13,97,345",61.02
KOTAKBANK,EQ,2020-02-10,"1,653.05","1,660.00","1,674.60","1,645.70","1,673.00","1,669.30","1,657.60","13,55,124","2,24,62,53,700.65","62,012","6,95,218",51.30
KOTAKBANK,EQ,2020-02-11,"1,669.30","1,682.45","1,685.80","1,666.55","1,679.45","1,677.45","1,677.75","19,14,766","3,21,24,93,676.95","1,09,723","10,90,263",56.94
KOTAKBANK,EQ,2020-02-12,"1,677.45","1,680.10","1,720.00","1,675.00","1,713.50","1,714.90","1,709.76","30,10,537","5,14,73,07,043.25","74,600","13,62,130",45.25
KOTAKBANK,EQ,2020-02-13,"1,714.90","1,714.70","1,714.70","1,682.30","1,689.55","1,689.80","1,690.99","22,46,920","3,79,95,27,517.75","77,476","13,48,236",60.00
KOTAKBANK,EQ,2020-02-14,"1,689.80","1,696.00","1,703.00","1,663.60","1,682.50","1,680.95","1,680.66","18,92,157","3,18,00,68,349.85","80,400","10,23,074",54.07
KOTAKBANK,EQ,2020-02-17,"1,680.95","1,685.00","1,699.20","1,672.25","1,693.85","1,691.10","1,691.07","18,12,765","3,06,55,20,624.65","64,474","10,43,736",57.58
KOTAKBANK,EQ,2020-02-18,"1,691.10","1,682.50","1,699.80","1,678.30","1,692.95","1,691.00","1,689.09","22,19,039","3,74,81,47,638.00","1,06,786","12,70,551",57.26
KOTAKBANK,EQ,2020-02-19,"1,691.00","1,740.00","1,740.00","1,695.40","1,699.60","1,701.10","1,709.74","31,68,534","5,41,73,76,387.00","99,948","11,96,844",37.77
KOTAKBANK,EQ,2020-02-20,"1,701.10","1,697.30","1,699.25","1,676.20","1,685.00","1,685.95","1,687.97","20,99,903","3,54,45,67,939.95","86,420","10,76,016",51.24
KOTAKBANK,EQ,2020-02-24,"1,685.95","1,672.00","1,683.75","1,662.30","1,679.40","1,678.25","1,674.37","19,26,133","3,22,50,58,923.55","1,02,079","10,84,749",56.32
KOTAKBANK,EQ,2020-02-25,"1,678.25","1,676.20","1,689.70","1,668.35","1,678.50","1,675.80","1,677.45","15,35,555","2,57,58,09,428.45","66,430","7,37,449",48.02
KOTAKBANK,EQ,2020-02-26,"1,675.80","1,670.10","1,677.70","1,657.00","1,673.80","1,666.50","1,666.52","25,85,895","4,30,94,41,648.50","1,02,345","15,83,380",61.23
KOTAKBANK,EQ,2020-02-27,"1,666.50","1,666.00","1,688.90","1,660.60","1,678.50","1,682.75","1,672.05","26,89,352","4,49,67,25,494.30","1,06,427","11,94,024",44.40
KOTAKBANK,EQ,2020-02-28,"1,682.75","1,654.90","1,660.10","1,613.75","1,619.95","1,620.35","1,635.92","37,43,312","6,12,37,70,817.35","1,55,883","22,11,540",59.08
KOTAKBANK,EQ,2020-03-02,"1,620.35","1,631.00","1,637.30","1,584.20","1,600.00","1,599.00","1,607.89","47,62,847","7,65,81,18,294.40","1,42,088","24,42,960",51.29
KOTAKBANK,EQ,2020-03-03,"1,599.00","1,603.80","1,636.35","1,587.00","1,633.10","1,626.30","1,604.86","29,18,386","4,68,35,92,418.05","99,649","14,15,641",48.51
KOTAKBANK,EQ,2020-03-04,"1,626.30","1,632.20","1,633.10","1,577.60","1,609.15","1,607.95","1,606.25","25,30,221","4,06,41,70,315.60","71,265","13,49,885",53.35
KOTAKBANK,EQ,2020-03-05,"1,607.95","1,615.00","1,676.50","1,608.00","1,650.55","1,651.35","1,650.40","50,60,962","8,35,26,06,240.55","1,04,590","27,11,885",53.58
KOTAKBANK,EQ,2020-03-06,"1,651.35","1,605.20","1,644.00","1,598.20","1,634.05","1,631.05","1,622.21","35,42,243","5,74,62,52,744.85","99,088","14,88,032",42.01
KOTAKBANK,EQ,2020-03-09,"1,631.05","1,595.00","1,609.95","1,542.60","1,586.70","1,578.15","1,572.99","55,35,703","8,70,76,08,994.40","1,55,125","27,66,563",49.98
KOTAKBANK,EQ,2020-03-11,"1,578.15","1,575.95","1,604.90","1,542.50","1,590.20","1,589.30","1,574.03","47,14,213","7,42,02,95,866.70","1,31,798","26,42,285",56.05
KOTAKBANK,EQ,2020-03-12,"1,589.30","1,509.90","1,546.45","1,350.95","1,468.00","1,465.05","1,481.20","78,07,923","11,56,51,30,889.00","2,93,267","41,72,845",53.44
KOTAKBANK,EQ,2020-03-13,"1,465.05","1,400.00","1,505.00","1,172.05","1,478.05","1,470.05","1,459.40","1,14,08,950","16,65,01,96,500.80","2,87,821","58,35,725",51.15
KOTAKBANK,EQ,2020-03-16,"1,470.05","1,417.00","1,444.75","1,375.00","1,380.00","1,383.70","1,413.24","65,80,531","9,29,98,68,063.20","2,78,004","37,96,805",57.70
KOTAKBANK,EQ,2020-03-17,"1,383.70","1,392.00","1,402.95","1,303.10","1,319.45","1,322.70","1,353.92","48,21,135","6,52,74,55,114.15","2,43,153","25,06,343",51.99
KOTAKBANK,EQ,2020-03-18,"1,322.70","1,326.00","1,329.00","1,162.10","1,171.00","1,171.95","1,214.87","1,11,67,547","13,56,71,63,649.65","3,21,974","65,08,362",58.28
KOTAKBANK,EQ,2020-03-19,"1,171.95","1,095.05","1,253.60","1,001.00","1,194.95","1,210.85","1,152.97","99,17,261","11,43,43,32,758.35","3,63,531","39,66,977",40.00
KOTAKBANK,EQ,2020-03-20,"1,210.85","1,217.00","1,283.60","1,146.50","1,266.95","1,262.35","1,216.18","1,03,80,019","12,62,39,33,514.60","2,92,289","45,75,013",44.08
KOTAKBANK,EQ,2020-03-23,"1,262.35","1,137.50","1,204.45","1,078.15","1,119.00","1,098.25","1,122.90","66,94,405","7,51,71,20,817.80","1,92,424","41,49,474",61.98
KOTAKBANK,EQ,2020-03-24,"1,098.25","1,153.15","1,185.00","1,041.10","1,178.65","1,152.90","1,123.64","73,71,834","8,28,33,11,025.90","3,09,836","34,10,370",46.26
KOTAKBANK,EQ,2020-03-25,"1,152.90","1,140.00","1,324.00","1,125.05","1,290.00","1,290.15","1,222.03","64,49,061","7,88,09,77,374.05","2,73,630","26,72,437",41.44
KOTAKBANK,EQ,2020-03-26,"1,290.15","1,300.00","1,390.00","1,252.80","1,372.95","1,372.95","1,343.33","72,54,949","9,74,58,03,159.65","3,21,991","24,37,591",33.60
KOTAKBANK,EQ,2020-03-27,"1,372.95","1,436.00","1,450.00","1,374.55","1,390.35","1,399.10","1,408.29","1,02,25,249","14,40,00,87,202.10","3,99,910","56,19,447",54.96
KOTAKBANK,EQ,2020-03-30,"1,399.10","1,345.20","1,380.00","1,275.80","1,282.00","1,293.70","1,328.80","55,70,369","7,40,19,22,057.00","2,43,969","28,76,215",51.63
KOTAKBANK,EQ,2020-03-31,"1,293.70","1,328.30","1,330.00","1,285.00","1,286.95","1,296.05","1,311.08","44,76,861","5,86,95,35,815.55","1,90,222","21,65,620",48.37
KOTAKBANK,EQ,2020-04-01,"1,296.05","1,294.90","1,294.90","1,158.00","1,183.50","1,181.65","1,184.94","1,08,38,532","12,84,30,59,920.85","4,12,418","40,33,909",37.22
KOTAKBANK,EQ,2020-04-03,"1,181.65","1,181.65","1,183.00","1,087.00","1,158.20","1,140.85","1,118.60","1,01,11,593","11,31,07,91,345.95","3,97,346","41,87,251",41.41
KOTAKBANK,EQ,2020-04-07,"1,140.85","1,221.00","1,229.05","1,171.00","1,188.00","1,198.05","1,198.28","85,52,666","10,24,84,57,478.45","2,47,930","37,48,616",43.83
KOTAKBANK,EQ,2020-04-08,"1,198.05","1,184.80","1,242.55","1,160.35","1,190.25","1,187.65","1,200.51","74,05,110","8,88,99,02,071.25","3,01,897","25,35,452",34.24
KOTAKBANK,EQ,2020-04-09,"1,187.65","1,215.00","1,281.20","1,190.10","1,266.00","1,272.90","1,249.44","80,97,402","10,11,72,43,445.50","2,54,962","34,27,566",42.33
KOTAKBANK,EQ,2020-04-13,"1,272.90","1,250.00","1,257.15","1,216.00","1,257.00","1,250.90","1,236.88","42,50,597","5,25,74,58,882.95","1,84,796",-,-
KOTAKBANK,EQ,2020-04-15,"1,250.90","1,265.85","1,270.95","1,153.30","1,180.00","1,173.75","1,216.53","90,45,751","11,00,44,27,666.95","2,79,371","27,36,513",30.25
KOTAKBANK,EQ,2020-04-16,"1,173.75","1,164.95","1,164.95","1,114.45","1,135.00","1,130.85","1,137.00","1,10,55,210","12,56,98,10,615.75","3,89,029","51,66,870",46.74
KOTAKBANK,EQ,2020-04-17,"1,130.85","1,187.35","1,197.95","1,135.00","1,195.00","1,186.25","1,161.58","85,85,462","9,97,26,85,857.65","2,49,175","36,50,288",42.52
KOTAKBANK,EQ,2020-04-20,"1,186.25","1,220.00","1,224.50","1,172.25","1,177.80","1,177.75","1,193.96","65,60,230","7,83,26,22,304.10","2,00,813","21,62,315",32.96
KOTAKBANK,EQ,2020-04-21,"1,177.75","1,150.00","1,155.00","1,125.00","1,128.00","1,130.15","1,139.48","47,99,848","5,46,93,43,615.65","1,91,697","19,53,125",40.69
KOTAKBANK,EQ,2020-04-22,"1,130.15","1,127.05","1,166.75","1,108.20","1,160.40","1,152.15","1,143.24","69,63,697","7,96,11,97,697.10","1,64,073","27,88,930",40.05
KOTAKBANK,EQ,2020-04-23,"1,152.15","1,172.00","1,255.00","1,158.10","1,247.90","1,249.65","1,219.86","1,05,58,455","12,87,98,13,080.80","3,30,907","39,96,876",37.85
KOTAKBANK,EQ,2020-04-24,"1,249.65","1,219.00","1,258.00","1,213.35","1,242.00","1,239.55","1,240.67","67,84,237","8,41,70,14,069.80","1,98,346","25,51,842",37.61
KOTAKBANK,EQ,2020-04-27,"1,239.55","1,251.90","1,324.90","1,251.90","1,308.05","1,303.60","1,300.57","77,71,419","10,10,72,90,409.75","2,58,885","22,35,919",28.77
KOTAKBANK,EQ,2020-04-28,"1,303.60","1,310.10","1,336.50","1,310.10","1,326.05","1,326.65","1,324.49","66,78,450","8,84,55,55,576.20","1,77,924","31,61,482",47.34
KOTAKBANK,EQ,2020-04-29,"1,326.65","1,327.00","1,352.00","1,315.20","1,325.00","1,327.85","1,326.26","67,03,973","8,89,12,21,015.40","1,50,188","37,46,864",55.89
KOTAKBANK,EQ,2020-04-30,"1,327.85","1,340.00","1,380.00","1,334.05","1,355.50","1,357.20","1,360.04","62,72,569","8,53,09,44,774.70","1,47,161","26,21,831",41.80
KOTAKBANK,EQ,2020-05-04,"1,357.20","1,295.00","1,305.90","1,263.70","1,277.00","1,277.80","1,283.14","50,96,460","6,53,94,86,798.35","2,08,435","28,48,510",55.89
KOTAKBANK,EQ,2020-05-05,"1,277.80","1,297.00","1,302.90","1,225.00","1,242.00","1,238.35","1,268.86","50,04,851","6,35,04,44,229.65","1,85,692","17,60,168",35.17
KOTAKBANK,EQ,2020-05-06,"1,238.35","1,231.00","1,277.40","1,214.25","1,248.60","1,245.95","1,251.35","46,04,274","5,76,15,47,708.25","1,91,619","16,78,039",36.45
KOTAKBANK,EQ,2020-05-07,"1,245.95","1,230.50","1,240.00","1,184.25","1,200.00","1,199.80","1,205.13","68,43,277","8,24,70,63,761.80","2,18,234","23,68,592",34.61
KOTAKBANK,EQ,2020-05-08,"1,199.80","1,222.00","1,242.95","1,211.05","1,223.15","1,217.45","1,227.21","35,11,244","4,30,90,18,481.20","1,07,011","8,17,017",23.27
KOTAKBANK,EQ,2020-05-11,"1,217.45","1,240.55","1,252.30","1,185.00","1,186.40","1,188.45","1,214.50","46,74,247","5,67,68,59,231.10","2,09,948","19,77,942",42.32
KOTAKBANK,EQ,2020-05-12,"1,188.45","1,178.00","1,178.00","1,137.00","1,157.95","1,157.20","1,149.54","1,02,68,551","11,80,41,42,282.60","2,94,134","52,11,635",50.75
KOTAKBANK,EQ,2020-05-13,"1,157.20","1,215.05","1,220.00","1,172.70","1,191.00","1,186.70","1,196.36","1,19,14,949","14,25,45,28,848.25","3,45,030","42,34,071",35.54
KOTAKBANK,EQ,2020-05-14,"1,186.70","1,178.90","1,214.00","1,167.15","1,176.05","1,173.10","1,190.90","71,00,070","8,45,55,00,768.65","2,27,139","27,27,495",38.42
KOTAKBANK,EQ,2020-05-15,"1,173.10","1,179.85","1,189.90","1,154.20","1,176.15","1,178.30","1,171.02","38,64,229","4,52,50,87,985.30","1,38,559","11,35,175",29.38
KOTAKBANK,EQ,2020-05-18,"1,178.30","1,175.00","1,176.00","1,110.00","1,121.00","1,113.65","1,127.38","63,97,446","7,21,23,39,613.80","1,98,093","28,94,508",45.24
KOTAKBANK,EQ,2020-05-19,"1,113.65","1,150.00","1,169.90","1,125.30","1,131.90","1,130.45","1,146.19","63,83,233","7,31,64,15,559.00","1,97,960","21,82,482",34.19
KOTAKBANK,EQ,2020-05-20,"1,130.45","1,130.00","1,178.00","1,115.00","1,165.00","1,160.10","1,151.61","52,54,389","6,05,10,10,285.20","1,47,062","19,75,164",37.59
KOTAKBANK,EQ,2020-05-21,"1,160.10","1,165.00","1,189.55","1,144.60","1,153.00","1,150.25","1,170.79","59,78,133","6,99,91,30,041.90","1,73,216","29,62,789",49.56
KOTAKBANK,EQ,2020-05-22,"1,150.25","1,140.00","1,167.20","1,116.50","1,165.00","1,160.20","1,142.38","51,89,775","5,92,87,17,973.65","1,74,734","14,45,483",27.85
KOTAKBANK,EQ,2020-05-26,"1,160.20","1,160.00","1,175.00","1,144.55","1,154.00","1,153.20","1,156.27","54,70,825","6,32,57,53,000.35","1,54,373","20,61,383",37.68
KOTAKBANK,EQ,2020-05-27,"1,153.20","1,163.95","1,243.00","1,161.00","1,217.60","1,217.55","1,195.88","1,17,46,762","14,04,76,90,928.30","2,73,258","51,51,187",43.85
KOTAKBANK,EQ,2020-05-28,"1,217.55","1,224.00","1,254.90","1,209.60","1,226.75","1,229.45","1,236.10","1,07,10,015","13,23,86,72,435.20","2,42,119","53,92,668",50.35
KOTAKBANK,EQ,2020-05-29,"1,229.45","1,216.50","1,229.80","1,200.05","1,222.00","1,224.00","1,218.69","54,97,352","6,69,95,87,964.40","1,48,450","22,64,948",41.20
KOTAKBANK,EQ,2020-06-01,"1,224.00","1,249.00","1,279.20","1,238.00","1,248.00","1,248.40","1,258.47","69,43,586","8,73,82,81,759.40","2,11,673","25,91,920",37.33
KOTAKBANK,EQ,2020-06-02,"1,248.40","1,323.00","1,353.25","1,298.05","1,344.45","1,342.90","1,324.63","1,73,20,032","22,94,26,41,676.20","3,77,478","45,62,069",26.34
KOTAKBANK,EQ,2020-06-03,"1,342.90","1,364.00","1,428.20","1,342.20","1,384.60","1,386.55","1,380.54","1,23,44,415","17,04,20,01,192.45","3,04,561","50,56,409",40.96
KOTAKBANK,EQ,2020-06-04,"1,386.55","1,380.05","1,380.05","1,330.35","1,337.50","1,334.40","1,350.32","60,04,149","8,10,75,42,586.05","2,07,092","17,53,592",29.21
KOTAKBANK,EQ,2020-06-05,"1,334.40","1,344.00","1,358.00","1,321.00","1,347.85","1,337.80","1,337.72","56,88,226","7,60,92,54,619.70","1,77,632","18,07,221",31.77
KOTAKBANK,EQ,2020-06-08,"1,337.80","1,355.00","1,365.00","1,315.50","1,341.30","1,336.75","1,341.63","53,02,332","7,11,37,82,918.05","2,08,653","22,02,926",41.55
KOTAKBANK,EQ,2020-06-09,"1,336.75","1,341.95","1,360.00","1,299.10","1,303.25","1,304.15","1,334.44","54,77,338","7,30,91,72,058.80","2,07,485","19,65,152",35.88
KOTAKBANK,EQ,2020-06-10,"1,304.15","1,304.50","1,344.30","1,303.60","1,338.55","1,332.25","1,328.94","48,76,381","6,48,04,12,597.30","1,52,477","10,83,609",22.22
KOTAKBANK,EQ,2020-06-11,"1,332.25","1,334.00","1,334.40","1,289.20","1,299.00","1,298.70","1,306.90","43,76,824","5,72,00,55,026.20","1,51,377","10,81,270",24.70
KOTAKBANK,EQ,2020-06-12,"1,298.70","1,240.00","1,289.70","1,231.60","1,280.00","1,279.80","1,260.24","89,92,434","11,33,25,96,629.10","2,40,356","33,80,413",37.59
KOTAKBANK,EQ,2020-06-15,"1,279.80","1,270.00","1,271.15","1,237.20","1,250.00","1,248.90","1,247.31","75,53,579","9,42,16,56,488.55","1,85,307","43,80,438",57.99
KOTAKBANK,EQ,2020-06-16,"1,248.90","1,276.00","1,295.80","1,238.10","1,271.15","1,276.80","1,272.03","52,66,312","6,69,88,89,272.95","1,98,898","17,99,786",34.18
KOTAKBANK,EQ,2020-06-17,"1,276.80","1,269.45","1,284.95","1,236.60","1,247.50","1,243.80","1,260.41","54,29,464","6,84,33,65,902.50","1,59,668","20,89,644",38.49
KOTAKBANK,EQ,2020-06-18,"1,243.80","1,240.00","1,309.90","1,228.35","1,299.95","1,303.35","1,265.64","66,72,822","8,44,53,57,842.10","2,19,274","20,19,920",30.27
KOTAKBANK,EQ,2020-06-19,"1,303.35","1,304.00","1,315.75","1,276.35","1,304.30","1,302.50","1,298.18","84,92,619","11,02,49,55,051.15","2,12,532","28,97,018",34.11
KOTAKBANK,EQ,2020-06-22,"1,302.50","1,309.80","1,385.00","1,295.95","1,360.00","1,355.35","1,344.97","76,33,967","10,26,74,25,278.85","2,24,861","22,68,220",29.71
KOTAKBANK,EQ,2020-06-23,"1,355.35","1,355.00","1,395.70","1,350.05","1,394.60","1,389.90","1,374.24","46,69,833","6,41,74,91,020.45","1,78,431","17,12,607",36.67
KOTAKBANK,EQ,2020-06-24,"1,389.90","1,392.00","1,398.00","1,336.95","1,346.00","1,343.90","1,373.54","53,32,634","7,32,45,79,977.55","1,81,894","21,27,124",39.89
KOTAKBANK,EQ,2020-06-25,"1,343.90","1,337.00","1,389.75","1,325.00","1,367.15","1,381.70","1,366.39","99,85,038","13,64,34,72,689.20","2,43,119","46,40,972",46.48
KOTAKBANK,EQ,2020-06-26,"1,381.70","1,380.00","1,382.95","1,326.95","1,349.20","1,340.10","1,341.68","66,94,715","8,98,21,80,289.55","2,06,470","23,63,994",35.31
KOTAKBANK,EQ,2020-06-29,"1,340.10","1,336.10","1,366.90","1,313.00","1,359.00","1,355.65","1,333.26","38,19,683","5,09,26,47,099.35","1,17,930","10,10,626",26.46
KOTAKBANK,EQ,2020-06-30,"1,355.65","1,364.90","1,372.90","1,345.05","1,352.30","1,360.45","1,360.08","47,83,169","6,50,54,97,052.10","1,42,352","17,23,103",36.02
KOTAKBANK,EQ,2020-07-01,"1,360.45","1,319.00","1,364.80","1,316.00","1,345.00","1,356.75","1,336.17","89,39,592","11,94,48,31,952.50","3,01,787","28,41,380",31.78
KOTAKBANK,EQ,2020-07-02,"1,356.75","1,358.15","1,371.90","1,342.30","1,353.70","1,352.00","1,359.22","49,93,438","6,78,71,93,784.15","2,06,186","15,79,481",31.63
KOTAKBANK,EQ,2020-07-03,"1,352.00","1,359.90","1,368.70","1,350.05","1,352.00","1,353.80","1,359.16","27,68,223","3,76,24,48,449.75","1,07,614","6,89,030",24.89
KOTAKBANK,EQ,2020-07-06,"1,353.80","1,370.00","1,381.25","1,361.00","1,368.60","1,367.90","1,370.14","32,48,093","4,45,03,38,921.30","99,489","10,96,019",33.74
KOTAKBANK,EQ,2020-07-07,"1,367.90","1,370.00","1,374.40","1,351.50","1,365.00","1,368.25","1,362.67","35,74,298","4,87,05,78,693.40","1,18,511","12,09,074",33.83
KOTAKBANK,EQ,2020-07-08,"1,368.25","1,368.00","1,378.85","1,348.00","1,351.95","1,352.75","1,368.23","33,83,105","4,62,88,67,378.15","1,14,650","11,61,347",34.33
KOTAKBANK,EQ,2020-07-09,"1,352.75","1,355.75","1,374.60","1,347.75","1,370.00","1,368.15","1,365.01","34,46,020","4,70,38,44,804.20","1,10,969","12,79,668",37.13
KOTAKBANK,EQ,2020-07-10,"1,368.15","1,363.40","1,375.00","1,345.55","1,353.00","1,349.35","1,360.54","30,17,959","4,10,60,62,911.20","1,03,872","10,91,708",36.17
KOTAKBANK,EQ,2020-07-13,"1,349.35","1,360.00","1,364.90","1,324.10","1,333.80","1,335.55","1,339.66","33,56,703","4,49,68,30,345.75","1,12,150","12,74,755",37.98
KOTAKBANK,EQ,2020-07-14,"1,335.55","1,328.80","1,331.40","1,293.30","1,295.90","1,298.30","1,308.60","29,15,153","3,81,47,74,116.50","1,10,054","11,65,782",39.99
KOTAKBANK,EQ,2020-07-15,"1,298.30","1,306.40","1,311.95","1,280.00","1,288.60","1,290.00","1,296.15","43,72,736","5,66,77,28,077.10","1,09,125","15,50,584",35.46
KOTAKBANK,EQ,2020-07-16,"1,290.00","1,288.60","1,327.90","1,267.00","1,317.00","1,322.65","1,295.00","42,04,068","5,44,42,64,062.45","1,34,674","11,57,955",27.54
KOTAKBANK,EQ,2020-07-17,"1,322.65","1,317.00","1,337.90","1,301.10","1,333.20","1,327.45","1,317.88","42,00,204","5,53,53,65,440.30","1,41,811","17,73,776",42.23
KOTAKBANK,EQ,2020-07-20,"1,327.45","1,330.00","1,336.70","1,309.00","1,317.90","1,319.05","1,322.81","34,81,861","4,60,58,44,163.55","1,23,013","10,21,908",29.35
KOTAKBANK,EQ,2020-07-21,"1,319.05","1,325.10","1,363.00","1,325.00","1,362.20","1,359.00","1,346.60","44,04,246","5,93,07,78,948.00","1,35,705","16,48,717",37.43
KOTAKBANK,EQ,2020-07-22,"1,359.00","1,365.00","1,366.35","1,330.95","1,342.10","1,342.35","1,344.96","41,72,575","5,61,19,39,758.85","1,27,936","19,58,757",46.94
KOTAKBANK,EQ,2020-07-23,"1,342.35","1,340.00","1,379.85","1,335.30","1,372.10","1,374.05","1,365.36","43,08,774","5,88,30,43,208.95","1,66,581","16,72,918",38.83
KOTAKBANK,EQ,2020-07-24,"1,374.05","1,360.00","1,365.00","1,341.60","1,350.00","1,350.00","1,350.37","31,12,388","4,20,28,71,899.50","1,11,863","13,93,598",44.78
KOTAKBANK,EQ,2020-07-27,"1,350.00","1,365.00","1,379.50","1,310.15","1,322.50","1,322.60","1,345.10","75,60,905","10,17,01,74,323.55","2,49,642","20,07,777",26.55
KOTAKBANK,EQ,2020-07-28,"1,322.60","1,330.10","1,401.80","1,319.40","1,384.75","1,384.05","1,362.48","67,51,892","9,19,93,21,127.30","2,08,238","21,11,261",31.27
KOTAKBANK,EQ,2020-07-29,"1,384.05","1,385.00","1,397.95","1,345.90","1,388.50","1,389.45","1,383.20","40,67,806","5,62,66,07,166.25","1,05,817","9,38,942",23.08
KOTAKBANK,EQ,2020-07-30,"1,389.45","1,395.10","1,424.70","1,376.00","1,378.75","1,385.00","1,400.76","60,97,126","8,54,06,22,423.65","2,00,362","20,28,718",33.27
KOTAKBANK,EQ,2020-07-31,"1,385.00","1,375.00","1,389.95","1,350.35","1,365.20","1,365.75","1,371.49","32,23,070","4,42,04,11,563.65","1,03,063","7,93,477",24.62
KOTAKBANK,EQ,2020-08-03,"1,365.75","1,356.00","1,356.00","1,300.10","1,317.00","1,308.55","1,320.79","52,41,260","6,92,26,10,340.00","1,94,889","26,43,403",50.43
KOTAKBANK,EQ,2020-08-04,"1,308.55","1,320.00","1,331.35","1,302.00","1,322.00","1,323.95","1,319.21","49,46,596","6,52,56,12,944.10","1,35,946","21,23,688",42.93
KOTAKBANK,EQ,2020-08-05,"1,323.95","1,332.00","1,353.00","1,322.00","1,338.15","1,334.20","1,340.62","34,75,603","4,65,94,64,943.35","1,01,268","12,60,671",36.27
KOTAKBANK,EQ,2020-08-06,"1,334.20","1,345.00","1,367.40","1,330.65","1,340.20","1,340.10","1,346.97","36,77,840","4,95,39,52,228.45","1,03,339","10,72,011",29.15
KOTAKBANK,EQ,2020-08-07,"1,340.10","1,341.50","1,347.80","1,323.25","1,344.60","1,342.50","1,336.07","28,07,078","3,75,04,59,045.70","76,235","11,68,756",41.64
KOTAKBANK,EQ,2020-08-10,"1,342.50","1,349.00","1,380.00","1,346.20","1,361.00","1,360.20","1,369.00","29,60,057","4,05,23,24,172.40","88,795","11,39,966",38.51
KOTAKBANK,EQ,2020-08-11,"1,360.20","1,373.00","1,385.00","1,357.15","1,363.10","1,364.60","1,365.47","25,02,993","3,41,77,71,937.70","1,03,314","11,24,292",44.92
KOTAKBANK,EQ,2020-08-12,"1,364.60","1,350.00","1,354.85","1,333.55","1,336.55","1,335.10","1,342.46","38,40,205","5,15,53,12,020.20","94,278","18,95,187",49.35
KOTAKBANK,EQ,2020-08-13,"1,335.10","1,341.90","1,358.50","1,333.95","1,336.50","1,336.25","1,345.90","33,31,333","4,48,36,28,729.95","68,061","15,14,857",45.47
KOTAKBANK,EQ,2020-08-14,"1,336.25","1,337.55","1,346.80","1,302.30","1,309.00","1,307.45","1,325.35","33,31,587","4,41,55,11,474.65","96,748","15,56,543",46.72
KOTAKBANK,EQ,2020-08-17,"1,307.45","1,320.10","1,333.55","1,312.20","1,330.25","1,327.55","1,324.46","28,31,340","3,74,99,98,450.00","68,566","11,88,060",41.96
KOTAKBANK,EQ,2020-08-18,"1,327.55","1,318.60","1,374.95","1,318.00","1,367.55","1,369.35","1,350.73","42,61,949","5,75,67,52,168.25","89,478","16,55,756",38.85
KOTAKBANK,EQ,2020-08-19,"1,369.35","1,372.35","1,380.90","1,349.95","1,354.10","1,355.60","1,366.03","33,97,098","4,64,05,33,740.90","1,09,376","11,54,205",33.98
KOTAKBANK,EQ,2020-08-20,"1,355.60","1,343.00","1,350.00","1,330.15","1,337.85","1,338.35","1,338.84","28,41,401","3,80,41,92,032.65","93,464","13,47,951",47.44
KOTAKBANK,EQ,2020-08-21,"1,338.35","1,342.00","1,352.00","1,331.05","1,339.00","1,339.40","1,343.49","24,85,266","3,33,89,40,898.55","57,178","12,41,620",49.96
KOTAKBANK,EQ,2020-08-24,"1,339.40","1,347.60","1,396.50","1,342.35","1,386.10","1,387.25","1,383.35","60,29,279","8,34,06,20,637.40","1,41,511","19,52,811",32.39
KOTAKBANK,EQ,2020-08-25,"1,387.25","1,392.00","1,405.00","1,380.55","1,402.50","1,400.10","1,392.98","45,62,238","6,35,50,85,674.20","1,13,271","17,07,481",37.43
KOTAKBANK,EQ,2020-08-26,"1,400.10","1,410.00","1,441.65","1,403.20","1,440.70","1,436.70","1,422.98","57,18,774","8,13,77,04,607.30","1,29,864","26,34,770",46.07
KOTAKBANK,EQ,2020-08-27,"1,436.70","1,441.00","1,445.85","1,411.55","1,424.75","1,420.00","1,426.61","42,83,671","6,11,11,30,592.15","1,15,968","19,16,974",44.75
KOTAKBANK,EQ,2020-08-28,"1,420.00","1,410.00","1,474.00","1,401.00","1,472.55","1,467.10","1,439.80","1,06,45,875","15,32,79,79,688.15","2,53,350","44,22,762",41.54
KOTAKBANK,EQ,2020-08-31,"1,467.10","1,488.00","1,501.50","1,374.00","1,398.00","1,401.35","1,430.63","69,73,853","9,97,69,79,302.25","2,04,986","22,55,142",32.34
KOTAKBANK,EQ,2020-09-01,"1,401.35","1,419.85","1,442.00","1,386.10","1,430.50","1,430.65","1,416.73","42,58,229","6,03,27,64,135.75","1,40,999","13,37,862",31.42
KOTAKBANK,EQ,2020-09-02,"1,430.65","1,425.00","1,437.50","1,407.15","1,420.75","1,423.50","1,422.27","33,25,250","4,72,94,12,458.55","1,05,686","14,13,477",42.51
KOTAKBANK,EQ,2020-09-03,"1,423.50","1,433.80","1,437.00","1,390.00","1,399.80","1,396.70","1,414.87","23,95,159","3,38,88,40,006.35","1,17,317","8,38,504",35.01
KOTAKBANK,EQ,2020-09-04,"1,396.70","1,380.00","1,394.70","1,354.00","1,384.00","1,380.05","1,375.50","41,01,756","5,64,19,65,268.25","1,58,180","17,45,247",42.55
KOTAKBANK,EQ,2020-09-07,"1,380.05","1,379.00","1,379.00","1,356.40","1,372.00","1,368.75","1,368.76","23,21,552","3,17,76,45,380.75","80,233","7,99,466",34.44
KOTAKBANK,EQ,2020-09-08,"1,368.75","1,371.90","1,372.15","1,347.70","1,350.00","1,350.70","1,355.55","28,23,919","3,82,79,62,677.35","1,16,482","13,94,064",49.37
KOTAKBANK,EQ,2020-09-09,"1,350.70","1,343.00","1,350.25","1,313.10","1,326.35","1,326.15","1,327.68","34,43,401","4,57,17,41,659.50","1,20,273","16,70,619",48.52
KOTAKBANK,EQ,2020-09-10,"1,326.15","1,330.00","1,343.05","1,315.10","1,320.45","1,319.50","1,328.69","32,89,998","4,37,13,85,546.20","1,35,132","13,95,476",42.42
KOTAKBANK,EQ,2020-09-11,"1,319.50","1,317.00","1,336.20","1,311.00","1,332.45","1,330.35","1,327.06","35,00,326","4,64,51,29,685.00","1,38,324","15,24,939",43.57
KOTAKBANK,EQ,2020-09-14,"1,330.35","1,337.00","1,347.95","1,300.00","1,305.40","1,304.70","1,320.85","38,91,183","5,13,96,53,504.95","1,54,935","18,04,957",46.39
KOTAKBANK,EQ,2020-09-15,"1,304.70","1,308.10","1,328.85","1,289.00","1,327.00","1,323.95","1,306.76","50,29,913","6,57,29,01,468.85","1,74,657","20,44,512",40.65
KOTAKBANK,EQ,2020-09-16,"1,323.95","1,324.00","1,332.00","1,300.55","1,326.75","1,325.40","1,322.04","32,85,937","4,34,41,50,218.35","1,38,376","12,24,272",37.26
KOTAKBANK,EQ,2020-09-17,"1,325.40","1,315.00","1,326.60","1,301.20","1,306.00","1,305.10","1,311.40","33,09,015","4,33,94,37,178.15","91,878","10,77,916",32.58
KOTAKBANK,EQ,2020-09-18,"1,305.10","1,313.10","1,314.00","1,262.50","1,281.00","1,277.10","1,285.59","65,29,412","8,39,41,15,191.40","1,87,609","34,04,455",52.14
KOTAKBANK,EQ,2020-09-21,"1,277.10","1,276.00","1,319.45","1,273.15","1,281.85","1,287.85","1,300.07","68,59,866","8,91,83,01,373.30","1,44,155","28,14,944",41.03
KOTAKBANK,EQ,2020-09-22,"1,287.85","1,288.05","1,301.50","1,261.70","1,275.00","1,270.55","1,283.68","42,38,325","5,44,06,46,161.10","1,72,031","14,42,598",34.04
KOTAKBANK,EQ,2020-09-23,"1,270.55","1,280.05","1,287.45","1,265.15","1,278.50","1,275.40","1,276.95","28,35,350","3,62,06,12,309.20","1,02,644","11,35,176",40.04
KOTAKBANK,EQ,2020-09-24,"1,275.40","1,267.00","1,284.90","1,236.00","1,240.05","1,246.10","1,266.04","56,16,236","7,11,03,90,186.10","1,75,332","26,70,224",47.54
KOTAKBANK,EQ,2020-09-25,"1,246.10","1,255.05","1,258.40","1,230.60","1,252.00","1,253.05","1,244.49","36,40,049","4,52,99,86,626.70","1,22,858","11,55,614",31.75
KOTAKBANK,EQ,2020-09-28,"1,253.05","1,258.00","1,283.95","1,253.65","1,282.00","1,278.70","1,274.91","18,92,118","2,41,22,88,313.85","74,284","5,06,003",26.74
KOTAKBANK,EQ,2020-09-29,"1,278.70","1,286.80","1,292.90","1,259.10","1,264.40","1,263.25","1,270.80","23,49,689","2,98,59,80,290.00","81,307","7,73,080",32.90
KOTAKBANK,EQ,2020-09-30,"1,263.25","1,263.25","1,276.95","1,252.00","1,266.70","1,268.20","1,262.53","29,50,621","3,72,52,37,000.20","88,466","11,11,078",37.66
KOTAKBANK,EQ,2020-10-01,"1,268.20","1,280.00","1,309.80","1,278.90","1,306.00","1,305.05","1,299.67","31,62,424","4,11,01,12,607.65","83,451","10,83,615",34.27
KOTAKBANK,EQ,2020-10-05,"1,305.05","1,310.00","1,333.70","1,308.60","1,312.95","1,314.60","1,321.87","38,60,011","5,10,24,17,253.15","92,732","17,41,672",45.12
KOTAKBANK,EQ,2020-10-06,"1,314.60","1,325.00","1,342.00","1,311.05","1,336.00","1,338.25","1,325.16","26,32,531","3,48,85,23,837.50","1,64,643","12,27,288",46.62
KOTAKBANK,EQ,2020-10-07,"1,338.25","1,339.90","1,340.00","1,321.85","1,325.00","1,324.70","1,330.20","28,34,734","3,77,07,49,149.10","99,777","15,14,371",53.42
KOTAKBANK,EQ,2020-10-08,"1,324.70","1,326.50","1,341.25","1,311.25","1,320.00","1,320.10","1,328.94","51,71,263","6,87,23,04,175.10","1,79,888","30,68,700",59.34
KOTAKBANK,EQ,2020-10-09,"1,320.10","1,323.00","1,338.25","1,305.60","1,321.90","1,319.85","1,321.75","53,12,701","7,02,20,76,977.10","1,09,864","24,46,802",46.06
KOTAKBANK,EQ,2020-10-12,"1,319.85","1,328.00","1,358.20","1,307.50","1,312.85","1,312.90","1,334.24","51,75,329","6,90,51,25,236.50","1,18,439","20,90,709",40.40
KOTAKBANK,EQ,2020-10-13,"1,312.90","1,319.65","1,349.70","1,307.20","1,341.10","1,344.95","1,332.40","48,72,154","6,49,16,52,764.35","1,11,935","22,93,167",47.07
KOTAKBANK,EQ,2020-10-14,"1,344.95","1,335.25","1,358.00","1,324.15","1,355.00","1,353.35","1,339.91","33,58,472","4,50,00,54,967.85","89,962","13,12,219",39.07
KOTAKBANK,EQ,2020-10-15,"1,353.35","1,353.35","1,365.95","1,301.25","1,307.00","1,309.55","1,336.36","34,96,590","4,67,26,97,122.60","89,533","13,42,809",38.40
KOTAKBANK,EQ,2020-10-16,"1,309.55","1,308.50","1,343.30","1,308.50","1,336.45","1,336.55","1,330.36","23,58,054","3,13,70,61,350.25","68,748","5,93,348",25.16
KOTAKBANK,EQ,2020-10-19,"1,336.55","1,350.00","1,380.00","1,333.50","1,374.90","1,376.70","1,365.09","39,71,028","5,42,08,28,638.05","1,29,414","15,99,861",40.29
KOTAKBANK,EQ,2020-10-20,"1,376.70","1,371.70","1,386.00","1,355.50","1,369.10","1,368.80","1,373.46","32,28,111","4,43,36,74,875.35","98,492","15,38,749",47.67
KOTAKBANK,EQ,2020-10-21,"1,368.80","1,375.00","1,400.00","1,358.65","1,392.25","1,393.30","1,383.48","42,80,457","5,92,19,23,198.90","1,32,587","16,73,769",39.10
KOTAKBANK,EQ,2020-10-22,"1,393.30","1,388.00","1,405.00","1,377.55","1,391.50","1,393.05","1,392.15","36,10,102","5,02,57,89,759.75","1,25,829","12,07,957",33.46
KOTAKBANK,EQ,2020-10-23,"1,393.05","1,400.00","1,407.70","1,378.25","1,385.65","1,383.05","1,388.94","23,85,861","3,31,38,06,287.70","81,877","7,82,623",32.80
KOTAKBANK,EQ,2020-10-26,"1,383.05","1,399.00","1,429.00","1,347.35","1,410.55","1,416.90","1,390.68","80,22,562","11,15,68,19,465.30","2,24,935","19,41,895",24.21
KOTAKBANK,EQ,2020-10-27,"1,416.90","1,452.50","1,602.00","1,452.50","1,582.70","1,587.65","1,545.73","3,31,67,143","51,26,74,09,759.25","8,46,705","96,56,267",29.11
KOTAKBANK,EQ,2020-10-28,"1,587.65","1,575.00","1,575.00","1,541.00","1,556.00","1,551.35","1,555.10","72,45,009","11,26,67,17,088.05","2,33,464","20,03,370",27.65
KOTAKBANK,EQ,2020-10-29,"1,551.35","1,532.00","1,588.80","1,525.00","1,569.00","1,570.90","1,567.86","72,86,144","11,42,36,67,633.50","3,09,048","27,52,824",37.78
KOTAKBANK,EQ,2020-10-30,"1,570.90","1,574.00","1,574.65","1,518.60","1,545.00","1,547.40","1,544.72","42,01,984","6,49,08,82,432.65","1,70,864","14,37,164",34.20
KOTAKBANK,EQ,2020-11-02,"1,547.40","1,555.00","1,604.80","1,534.80","1,575.00","1,580.70","1,572.84","57,12,460","8,98,47,91,106.40","2,10,630","22,53,424",39.45
KOTAKBANK,EQ,2020-11-03,"1,580.70","1,581.00","1,601.50","1,570.20","1,593.00","1,593.60","1,590.74","52,60,618","8,36,82,68,873.25","2,38,472","24,77,462",47.09
KOTAKBANK,EQ,2020-11-04,"1,593.60","1,589.00","1,635.80","1,578.00","1,627.95","1,630.70","1,606.19","50,88,061","8,17,24,00,796.40","1,67,575","17,44,106",34.28
KOTAKBANK,EQ,2020-11-05,"1,630.70","1,643.00","1,680.00","1,632.05","1,672.60","1,675.45","1,659.14","60,74,505","10,07,84,60,045.30","2,11,847","28,34,251",46.66
KOTAKBANK,EQ,2020-11-06,"1,675.45","1,660.00","1,725.00","1,650.00","1,714.00","1,718.05","1,690.60","59,57,659","10,07,20,33,210.70","1,62,224","23,58,232",39.58
KOTAKBANK,EQ,2020-11-09,"1,718.05","1,730.00","1,751.80","1,700.30","1,727.50","1,728.15","1,728.21","52,10,211","9,00,43,60,363.30","1,70,262","18,17,621",34.89
KOTAKBANK,EQ,2020-11-10,"1,728.15","1,731.00","1,794.45","1,725.45","1,756.00","1,752.95","1,757.14","80,03,823","14,06,38,49,317.00","2,92,810","31,52,890",39.39
KOTAKBANK,EQ,2020-11-11,"1,752.95","1,774.00","1,818.45","1,760.00","1,804.95","1,807.85","1,795.98","1,05,34,339","18,91,95,01,258.80","3,05,618","45,80,904",43.49
KOTAKBANK,EQ,2020-11-12,"1,807.85","1,799.00","1,799.00","1,748.45","1,756.30","1,754.75","1,766.23","67,75,199","11,96,65,61,906.55","2,72,394","40,40,487",59.64
KOTAKBANK,EQ,2020-11-13,"1,754.75","1,749.90","1,774.80","1,720.35","1,758.45","1,763.30","1,753.95","62,64,556","10,98,77,00,554.35","1,63,520","30,96,579",49.43
KOTAKBANK,EQ,2020-11-14,"1,763.30","1,773.95","1,775.00","1,764.90","1,770.90","1,770.55","1,771.44","3,10,853","55,06,56,979.50","14,873","64,832",20.86
KOTAKBANK,EQ,2020-11-17,"1,770.55","1,771.80","1,802.00","1,764.50","1,797.00","1,796.65","1,784.96","58,26,745","10,40,04,92,652.85","1,87,455","31,40,690",53.90
KOTAKBANK,EQ,2020-11-18,"1,796.65","1,791.50","1,849.80","1,784.15","1,828.00","1,830.60","1,824.17","61,75,248","11,26,47,04,744.50","1,55,451","28,33,066",45.88
KOTAKBANK,EQ,2020-11-19,"1,830.60","1,819.00","1,860.70","1,816.05","1,824.20","1,826.35","1,842.95","87,17,768","16,06,64,34,409.75","1,67,717","53,76,812",61.68
KOTAKBANK,EQ,2020-11-20,"1,826.35","1,820.00","1,899.00","1,812.10","1,882.00","1,889.40","1,861.93","91,16,266","16,97,38,78,416.65","2,96,738","47,60,017",52.21
KOTAKBANK,EQ,2020-11-23,"1,889.40","1,892.40","1,905.30","1,871.15","1,896.30","1,897.85","1,889.33","1,04,43,439","19,73,11,32,299.50","2,84,397","67,31,789",64.46
KOTAKBANK,EQ,2020-11-24,"1,897.85","1,896.00","1,948.40","1,890.85","1,927.95","1,924.90","1,926.68","89,49,886","17,24,35,34,107.45","2,49,586","49,50,629",55.31
KOTAKBANK,EQ,2020-11-25,"1,924.90","1,939.00","1,939.00","1,853.10","1,867.70","1,862.45","1,888.82","68,37,169","12,91,41,73,916.05","2,68,292","36,62,498",53.57
KOTAKBANK,EQ,2020-11-26,"1,862.45","1,875.00","1,900.05","1,850.05","1,889.95","1,889.10","1,872.57","68,64,571","12,85,43,89,799.35","2,82,355","36,85,037",53.68
KOTAKBANK,EQ,2020-11-27,"1,889.10","1,895.00","1,925.15","1,846.95","1,885.30","1,907.10","1,903.66","7,87,02,124","1,49,82,21,90,642.75","4,92,654","5,12,98,552",65.18
KOTAKBANK,EQ,2020-12-01,"1,907.10","1,930.00","1,930.00","1,864.55","1,876.10","1,875.85","1,886.98","79,55,798","15,01,24,68,288.05","1,80,739","38,69,570",48.64
KOTAKBANK,EQ,2020-12-02,"1,875.85","1,880.00","1,883.65","1,809.00","1,813.00","1,814.20","1,834.13","74,58,011","13,67,89,26,933.90","2,23,059","46,37,812",62.19
KOTAKBANK,EQ,2020-12-03,"1,814.20","1,836.00","1,844.00","1,811.70","1,825.00","1,821.00","1,827.32","44,62,528","8,15,44,77,109.45","1,59,951","20,81,913",46.65
KOTAKBANK,EQ,2020-12-04,"1,821.00","1,828.00","1,857.00","1,802.40","1,854.00","1,846.25","1,828.84","39,89,431","7,29,60,38,745.20","1,70,610","21,02,840",52.71
KOTAKBANK,EQ,2020-12-07,"1,846.25","1,849.45","1,856.00","1,805.00","1,821.15","1,820.55","1,822.94","60,32,173","10,99,63,15,497.95","2,58,826","34,30,282",56.87
KOTAKBANK,EQ,2020-12-08,"1,820.55","1,832.30","1,839.00","1,817.25","1,834.00","1,833.80","1,831.79","39,53,436","7,24,18,77,253.20","1,17,415","21,37,743",54.07
KOTAKBANK,EQ,2020-12-09,"1,833.80","1,836.10","1,889.00","1,836.10","1,882.60","1,883.55","1,865.76","43,70,644","8,15,45,89,765.35","1,35,283","19,28,107",44.11
KOTAKBANK,EQ,2020-12-10,"1,883.55","1,900.00","1,919.90","1,859.85","1,905.00","1,903.30","1,889.60","46,95,216","8,87,20,93,056.70","1,29,345","19,50,416",41.54
KOTAKBANK,EQ,2020-12-11,"1,903.30","1,893.50","1,928.70","1,893.50","1,919.65","1,920.40","1,915.18","54,66,598","10,46,95,43,705.95","1,60,468","31,14,300",56.97
KOTAKBANK,EQ,2020-12-14,"1,920.40","1,934.00","1,946.90","1,899.00","1,943.35","1,939.35","1,923.53","34,56,971","6,64,95,89,694.40","1,12,465","17,01,387",49.22
KOTAKBANK,EQ,2020-12-15,"1,939.35","1,948.00","1,958.00","1,919.30","1,945.05","1,951.15","1,942.20","41,41,898","8,04,44,08,631.85","1,49,161","14,79,561",35.72
KOTAKBANK,EQ,2020-12-16,"1,951.15","1,965.00","1,965.00","1,936.55","1,951.00","1,952.55","1,948.41","27,64,698","5,38,67,65,566.25","1,17,822","13,03,047",47.13
KOTAKBANK,EQ,2020-12-17,"1,952.55","1,965.00","1,969.00","1,942.55","1,964.00","1,965.45","1,954.72","34,60,370","6,76,40,63,345.85","1,19,296","17,10,388",49.43
KOTAKBANK,EQ,2020-12-18,"1,965.45","1,963.80","1,963.80","1,921.35","1,941.10","1,949.35","1,942.10","33,71,676","6,54,81,28,656.20","1,31,696","16,70,610",49.55
KOTAKBANK,EQ,2020-12-21,"1,949.35","1,935.00","1,959.00","1,907.60","1,912.40","1,920.85","1,939.00","39,41,511","7,64,25,82,748.70","1,30,000","18,22,259",46.23
KOTAKBANK,EQ,2020-12-22,"1,920.85","1,930.00","1,930.25","1,886.10","1,901.05","1,902.95","1,908.92","50,73,744","9,68,53,56,091.90","1,72,872","25,90,093",51.05
KOTAKBANK,EQ,2020-12-23,"1,902.95","1,901.00","1,924.80","1,892.50","1,919.95","1,920.75","1,912.02","23,40,819","4,47,56,84,376.85","95,575","10,25,848",43.82
KOTAKBANK,EQ,2020-12-24,"1,920.75","1,918.00","1,978.00","1,917.00","1,958.00","1,960.60","1,953.74","33,37,164","6,51,99,35,111.85","1,03,380","13,05,455",39.12
KOTAKBANK,EQ,2020-12-28,"1,960.60","1,963.00","1,996.10","1,962.10","1,992.80","1,988.90","1,982.49","27,43,069","5,43,81,08,518.80","98,946","12,24,002",44.62
KOTAKBANK,EQ,2020-12-29,"1,988.90","1,983.00","2,017.00","1,983.00","1,998.50","1,999.30","2,005.96","31,52,865","6,32,45,22,841.00","1,04,972","13,00,791",41.26
KOTAKBANK,EQ,2020-12-30,"1,999.30","2,003.20","2,027.00","1,999.00","2,018.45","2,017.95","2,012.83","26,57,431","5,34,89,52,892.30","88,204","8,22,271",30.94
KOTAKBANK,EQ,2020-12-31,"2,017.95","2,016.70","2,018.75","1,987.00","1,995.40","1,995.60","2,002.41","27,94,829","5,59,63,99,042.70","90,945","11,58,821",41.46
KOTAKBANK,EQ,2021-01-01,"1,995.60","1,996.90","2,007.95","1,990.70","1,993.20","1,994.05","1,998.31","11,06,099","2,21,03,30,091.35","34,245","2,86,907",25.94
KOTAKBANK,EQ,2021-01-04,"1,994.05","2,004.00","2,005.95","1,955.00","1,970.00","1,965.55","1,970.29","31,41,429","6,18,95,23,797.30","1,23,364","14,13,334",44.99
KOTAKBANK,EQ,2021-01-05,"1,965.55","1,959.50","1,964.40","1,935.00","1,960.15","1,959.75","1,949.97","32,63,230","6,36,32,08,069.05","1,17,099","14,03,507",43.01
KOTAKBANK,EQ,2021-01-06,"1,959.75","1,973.90","1,979.00","1,948.40","1,969.95","1,970.40","1,966.12","34,52,515","6,78,80,54,699.95","1,05,749","16,64,533",48.21
KOTAKBANK,EQ,2021-01-07,"1,970.40","1,984.00","1,984.00","1,947.50","1,953.55","1,952.40","1,959.76","34,19,317","6,70,10,44,872.40","84,251","16,04,889",46.94
KOTAKBANK,EQ,2021-01-08,"1,952.40","1,972.00","1,976.00","1,946.25","1,969.90","1,970.70","1,962.11","32,62,897","6,40,21,65,060.00","82,858","17,33,152",53.12
KOTAKBANK,EQ,2021-01-11,"1,970.70","1,960.00","1,966.90","1,935.40","1,939.50","1,938.15","1,950.73","29,95,521","5,84,34,46,497.75","85,280","15,96,797",53.31
KOTAKBANK,EQ,2021-01-12,"1,938.15","1,929.80","1,930.10","1,895.85","1,906.80","1,903.45","1,907.07","60,35,580","11,51,02,89,573.20","2,09,095","41,04,074",68.0
KOTAKBANK,EQ,2021-01-13,"1,903.45","1,911.00","1,911.00","1,877.00","1,880.00","1,882.10","1,885.87","55,83,130","10,52,90,72,640.70","2,12,013","38,85,206",69.59
KOTAKBANK,EQ,2021-01-14,"1,882.10","1,892.00","1,905.00","1,871.05","1,894.25","1,892.65","1,894.80","48,03,638","9,10,19,55,373.75","1,11,548","30,28,209",63.04
KOTAKBANK,EQ,2021-01-15,"1,892.65","1,894.20","1,904.00","1,854.05","1,868.00","1,863.90","1,868.24","27,15,164","5,07,25,67,483.20","1,06,977","12,18,291",44.87
KOTAKBANK,EQ,2021-01-18,"1,863.90","1,870.50","1,872.25","1,838.85","1,841.10","1,846.95","1,848.30","50,04,628","9,25,00,61,676.65","1,07,986","15,42,649",30.82
KOTAKBANK,EQ,2021-01-19,"1,846.95","1,856.10","1,892.00","1,845.25","1,888.80","1,887.00","1,871.00","48,05,514","8,99,11,00,694.75","1,15,766","33,74,148",70.21
KOTAKBANK,EQ,2021-01-20,"1,887.00","1,890.00","1,890.00","1,869.45","1,880.90","1,883.60","1,878.33","30,41,448","5,71,28,44,454.00","1,22,006","15,86,357",52.16
KOTAKBANK,EQ,2021-01-21,"1,883.60","1,900.00","1,904.90","1,845.75","1,863.90","1,857.80","1,888.05","56,68,862","10,70,30,98,203.45","1,18,538","36,93,211",65.15
KOTAKBANK,EQ,2021-01-22,"1,857.80","1,850.00","1,875.00","1,824.50","1,829.30","1,828.00","1,838.13","42,98,175","7,90,06,05,215.30","99,962","20,76,355",48.31
KOTAKBANK,EQ,2021-01-25,"1,828.00","1,845.00","1,867.40","1,775.00","1,792.95","1,794.40","1,828.52","66,10,138","12,08,68,02,296.45","2,49,406","22,82,759",34.53
KOTAKBANK,EQ,2021-01-27,"1,794.40","1,798.00","1,823.45","1,746.35","1,767.00","1,764.70","1,784.49","78,92,319","14,08,37,27,974.85","3,21,252","48,55,035",61.52
KOTAKBANK,EQ,2021-01-28,"1,764.70","1,731.00","1,764.45","1,701.00","1,727.00","1,722.85","1,717.75","60,35,924","10,36,82,17,563.00","2,24,205","30,09,490",49.86
KOTAKBANK,EQ,2021-01-29,"1,722.85","1,749.85","1,749.85","1,704.00","1,710.55","1,712.95","1,723.60","51,40,687","8,86,05,12,094.00","1,64,851","31,37,454",61.03
KOTAKBANK,EQ,2021-02-01,"1,712.95","1,730.00","1,809.80","1,696.05","1,807.95","1,801.50","1,753.04","48,29,210","8,46,57,93,543.80","1,85,522","21,34,845",44.21
KOTAKBANK,EQ,2021-02-02,"1,801.50","1,830.00","1,879.10","1,800.05","1,865.00","1,861.30","1,852.50","58,71,337","10,87,66,28,938.80","2,01,319","32,35,423",55.11
KOTAKBANK,EQ,2021-02-03,"1,861.30","1,870.00","1,883.15","1,820.00","1,854.00","1,852.20","1,856.10","42,89,395","7,96,15,57,696.20","1,41,816","16,79,909",39.16
KOTAKBANK,EQ,2021-02-04,"1,852.20","1,839.00","1,915.00","1,831.00","1,912.00","1,910.40","1,892.46","96,41,674","18,24,64,44,909.90","1,89,884","43,52,275",45.14
KOTAKBANK,EQ,2021-02-05,"1,910.40","1,915.00","1,998.50","1,913.15","1,990.00","1,982.70","1,975.93","1,62,68,336","32,14,50,74,588.45","2,33,945","64,85,686",39.87
KOTAKBANK,EQ,2021-02-08,"1,982.70","2,000.00","2,030.00","1,951.50","1,955.10","1,957.15","1,985.12","40,21,475","7,98,31,10,442.35","1,37,760","12,05,107",29.97
KOTAKBANK,EQ,2021-02-09,"1,957.15","1,960.00","1,975.00","1,937.85","1,950.00","1,949.15","1,957.42","22,30,923","4,36,68,50,404.35","87,454","9,59,578",43.01
KOTAKBANK,EQ,2021-02-10,"1,949.15","1,950.00","1,962.90","1,937.00","1,955.00","1,952.05","1,945.72","28,60,941","5,56,65,81,576.60","97,632","14,98,323",52.37
KOTAKBANK,EQ,2021-02-11,"1,952.05","1,949.20","1,984.75","1,941.25","1,963.00","1,961.00","1,964.38","22,46,777","4,41,35,26,261.70","1,04,862","7,67,820",34.17
KOTAKBANK,EQ,2021-02-12,"1,961.00","1,960.00","1,975.00","1,946.00","1,950.50","1,951.05","1,956.23","16,90,753","3,30,74,99,937.55","68,300","6,72,231",39.76
KOTAKBANK,EQ,2021-02-15,"1,951.05","1,960.00","1,999.00","1,957.00","1,990.15","1,985.95","1,985.35","29,30,435","5,81,79,46,181.50","1,46,156","13,98,623",47.73
KOTAKBANK,EQ,2021-02-16,"1,985.95","2,000.00","2,049.00","1,998.00","2,023.90","2,019.65","2,028.69","54,80,183","11,11,76,09,143.50","1,54,047","21,71,263",39.62
KOTAKBANK,EQ,2021-02-17,"2,019.65","2,015.10","2,023.50","1,969.15","1,988.95","1,989.45","2,002.36","43,95,224","8,80,08,06,359.25","1,29,674","22,41,551",51.0
KOTAKBANK,EQ,2021-02-18,"1,989.45","1,979.15","1,984.85","1,938.10","1,948.00","1,945.45","1,952.63","35,38,208","6,90,87,97,263.90","98,738","20,09,851",56.8
KOTAKBANK,EQ,2021-02-19,"1,945.45","1,942.25","1,969.85","1,925.10","1,943.25","1,938.75","1,946.55","27,35,683","5,32,51,40,832.15","81,593","11,65,692",42.61
KOTAKBANK,EQ,2021-02-22,"1,938.75","1,938.75","1,962.05","1,921.60","1,939.25","1,949.60","1,946.93","38,53,276","7,50,20,72,656.15","1,36,185","22,73,518",59.0
KOTAKBANK,EQ,2021-02-23,"1,949.60","1,965.00","1,965.00","1,866.00","1,874.00","1,872.95","1,896.39","55,72,402","10,56,74,32,147.20","1,71,203","27,64,191",49.61
KOTAKBANK,EQ,2021-02-24,"1,872.95","1,889.10","1,924.00","1,852.05","1,919.95","1,911.20","1,886.47","38,21,416","7,20,89,95,669.80","99,089","19,78,628",51.78
KOTAKBANK,EQ,2021-02-25,"1,911.20","1,927.00","1,965.20","1,887.55","1,892.20","1,895.50","1,919.22","56,22,516","10,79,08,21,825.90","1,41,965","30,13,320",53.59
KOTAKBANK,EQ,2021-02-26,"1,895.50","1,869.00","1,869.00","1,773.00","1,791.40","1,780.35","1,803.22","84,00,096","15,14,72,59,684.50","2,66,458","48,15,191",57.32
KOTAKBANK,EQ,2021-03-01,"1,780.35","1,811.00","1,854.90","1,801.40","1,846.40","1,845.40","1,831.73","32,60,044","5,97,15,17,706.30","1,15,805","15,09,783",46.31
KOTAKBANK,EQ,2021-03-02,"1,845.40","1,845.00","1,868.40","1,820.10","1,851.20","1,844.65","1,840.17","38,37,149","7,06,10,16,100.55","1,05,084","22,53,657",58.73
KOTAKBANK,EQ,2021-03-03,"1,844.65","1,855.00","1,908.75","1,851.20","1,894.90","1,899.50","1,886.15","28,75,618","5,42,38,54,354.10","1,11,862","15,98,901",55.6
KOTAKBANK,EQ,2021-03-04,"1,899.50","1,863.90","1,910.40","1,850.00","1,897.00","1,897.70","1,888.92","40,22,514","7,59,82,01,797.45","1,24,290","22,93,432",57.01
KOTAKBANK,EQ,2021-03-05,"1,897.70","1,875.50","1,928.30","1,868.00","1,920.05","1,922.50","1,903.44","54,07,986","10,29,37,83,026.00","1,70,804","28,63,127",52.94
KOTAKBANK,EQ,2021-03-08,"1,922.50","1,920.00","1,947.85","1,893.30","1,914.00","1,915.85","1,924.13","46,98,010","9,03,96,00,507.30","1,52,331","27,97,333",59.54
KOTAKBANK,EQ,2021-03-09,"1,915.85","1,917.80","1,991.00","1,917.80","1,974.95","1,978.95","1,956.59","79,18,345","15,49,29,38,237.65","2,31,191","37,62,479",47.52
KOTAKBANK,EQ,2021-03-10,"1,978.95","1,983.25","1,999.35","1,957.20","1,960.90","1,963.95","1,975.44","27,61,470","5,45,51,21,366.65","99,853","9,82,382",35.57
KOTAKBANK,EQ,2021-03-12,"1,963.95","1,979.00","1,980.00","1,912.00","1,930.80","1,935.15","1,946.50","26,20,265","5,10,03,36,804.45","82,972","12,97,346",49.51
KOTAKBANK,EQ,2021-03-15,"1,935.15","1,944.00","1,944.00","1,893.10","1,917.00","1,918.65","1,908.27","26,43,554","5,04,46,13,350.80","94,957","12,93,979",48.95
KOTAKBANK,EQ,2021-03-16,"1,918.65","1,925.10","1,941.70","1,900.00","1,904.00","1,903.20","1,919.53","27,69,224","5,31,56,04,104.00","1,07,140","13,45,123",48.57
KOTAKBANK,EQ,2021-03-17,"1,903.20","1,903.20","1,917.70","1,861.00","1,867.40","1,868.35","1,886.81","26,94,994","5,08,49,52,804.55","93,490","12,72,815",47.23
KOTAKBANK,EQ,2021-03-18,"1,868.35","1,881.00","1,892.90","1,825.10","1,831.85","1,830.40","1,852.07","21,97,575","4,07,00,67,293.05","79,468","8,47,767",38.58
KOTAKBANK,EQ,2021-03-19,"1,830.40","1,818.45","1,872.00","1,814.05","1,827.00","1,834.15","1,842.34","48,03,016","8,84,88,08,179.95","1,16,159","21,21,476",44.17
KOTAKBANK,EQ,2021-03-22,"1,834.15","1,833.00","1,849.95","1,805.00","1,825.00","1,822.65","1,826.38","24,34,097","4,44,55,97,755.90","1,00,372","10,89,779",44.77
KOTAKBANK,EQ,2021-03-23,"1,822.65","1,844.00","1,844.00","1,798.85","1,815.00","1,812.65","1,814.24","42,50,856","7,71,20,93,150.45","1,40,964","22,37,095",52.63
KOTAKBANK,EQ,2021-03-24,"1,812.65","1,800.00","1,805.00","1,773.35","1,782.00","1,782.45","1,785.18","30,46,161","5,43,79,44,695.85","1,35,248","15,11,852",49.63
KOTAKBANK,EQ,2021-03-25,"1,782.45","1,792.90","1,798.80","1,745.00","1,764.00","1,762.90","1,764.02","41,13,013","7,25,54,21,556.10","1,92,520","18,55,274",45.11
KOTAKBANK,EQ,2021-03-26,"1,762.90","1,785.00","1,792.40","1,762.75","1,776.75","1,771.05","1,779.41","33,10,757","5,89,12,04,017.35","1,60,666","20,21,894",61.07
KOTAKBANK,EQ,2021-03-30,"1,771.05","1,782.10","1,801.95","1,775.00","1,783.95","1,781.25","1,784.77","55,75,571","9,95,11,22,452.10","1,62,547","42,03,635",75.39
KOTAKBANK,EQ,2021-03-31,"1,781.25","1,778.80","1,779.00","1,742.60","1,755.40","1,753.00","1,754.94","37,98,383","6,66,59,33,693.45","1,29,292","24,75,960",65.18
KOTAKBANK,EQ,2021-04-01,"1,753.00","1,770.00","1,813.25","1,750.65","1,804.00","1,804.55","1,780.25","38,02,652","6,76,96,79,702.30","1,11,166","21,24,943",55.88
KOTAKBANK,EQ,2021-04-05,"1,804.55","1,786.10","1,799.60","1,734.40","1,761.00","1,759.20","1,758.64","24,48,241","4,30,55,70,323.70","1,17,404","10,82,397",44.21
KOTAKBANK,EQ,2021-04-06,"1,759.20","1,776.00","1,781.45","1,728.70","1,764.40","1,768.30","1,762.92","28,73,045","5,06,49,52,643.90","1,05,266","13,22,803",46.04
KOTAKBANK,EQ,2021-04-07,"1,768.30","1,766.05","1,810.70","1,745.60","1,790.10","1,792.00","1,785.88","31,58,142","5,64,00,63,945.75","1,53,048","14,26,569",45.17
KOTAKBANK,EQ,2021-04-08,"1,792.00","1,796.00","1,823.70","1,778.70","1,783.65","1,783.25","1,799.43","28,90,290","5,20,08,72,457.35","98,066","12,05,524",41.71
KOTAKBANK,EQ,2021-04-09,"1,783.25","1,770.00","1,806.45","1,744.10","1,794.80","1,799.25","1,788.11","31,39,384","5,61,35,58,306.05","97,446","14,78,152",47.08
KOTAKBANK,EQ,2021-04-12,"1,799.25","1,757.25","1,768.00","1,723.30","1,740.00","1,742.50","1,739.06","33,28,336","5,78,81,86,734.10","1,51,093","17,73,550",53.29
KOTAKBANK,EQ,2021-04-13,"1,742.50","1,745.80","1,786.05","1,723.45","1,777.00","1,775.85","1,753.75","31,18,742","5,46,94,80,371.05","1,19,311","15,90,289",50.99
KOTAKBANK,EQ,2021-04-15,"1,775.85","1,800.00","1,809.50","1,752.60","1,774.25","1,773.25","1,774.60","35,46,886","6,29,42,86,518.85","1,31,698","16,99,454",47.91
KOTAKBANK,EQ,2021-04-16,"1,773.25","1,774.00","1,788.15","1,760.05","1,763.20","1,764.10","1,771.93","29,12,279","5,16,03,44,473.90","1,25,051","19,27,232",66.18
KOTAKBANK,EQ,2021-04-19,"1,764.10","1,720.00","1,720.00","1,675.00","1,702.00","1,700.75","1,694.07","38,65,423","6,54,82,87,823.10","1,54,039","20,45,696",52.92
KOTAKBANK,EQ,2021-04-20,"1,700.75","1,725.00","1,733.60","1,684.35","1,695.00","1,697.70","1,713.85","33,17,008","5,68,48,66,308.55","1,01,531","18,37,843",55.41
KOTAKBANK,EQ,2021-04-22,"1,697.70","1,689.75","1,739.75","1,669.20","1,734.00","1,736.05","1,715.73","35,90,444","6,16,02,18,516.60","1,96,598","15,14,228",42.17
KOTAKBANK,EQ,2021-04-23,"1,736.05","1,733.90","1,756.35","1,720.25","1,730.35","1,734.20","1,740.27","18,93,450","3,29,51,07,714.05","77,912","8,13,232",42.95
KOTAKBANK,EQ,2021-04-26,"1,734.20","1,740.00","1,783.00","1,733.30","1,761.85","1,759.65","1,766.82","32,53,062","5,74,75,83,497.35","94,734","17,95,465",55.19
KOTAKBANK,EQ,2021-04-27,"1,759.65","1,750.00","1,762.60","1,724.55","1,753.05","1,750.30","1,740.41","45,33,360","7,88,98,86,951.95","1,33,983","23,53,189",51.91
KOTAKBANK,EQ,2021-04-28,"1,750.30","1,762.50","1,824.00","1,754.00","1,815.00","1,811.45","1,798.00","41,74,599","7,50,59,45,360.15","1,18,297","21,70,192",51.99
KOTAKBANK,EQ,2021-04-29,"1,811.45","1,825.10","1,845.45","1,780.55","1,802.60","1,805.00","1,811.62","39,60,095","7,17,41,86,027.65","1,48,490","14,82,157",37.43
KOTAKBANK,EQ,2021-04-30,"1,805.00","1,780.00","1,802.00","1,739.45","1,743.75","1,748.80","1,775.65","26,21,783","4,65,53,64,041.65","1,05,233","10,75,787",41.03
KOTAKBANK,EQ,2021-05-03,"1,748.80","1,735.00","1,759.00","1,685.00","1,731.00","1,725.45","1,721.78","55,93,869","9,63,14,12,077.50","2,04,900","15,54,612",27.79
KOTAKBANK,EQ,2021-05-04,"1,725.45","1,751.00","1,764.00","1,725.30","1,733.00","1,732.65","1,745.27","42,55,151","7,42,63,87,405.75","1,46,566","18,99,690",44.64
KOTAKBANK,EQ,2021-05-05,"1,732.65","1,741.00","1,778.00","1,721.90","1,775.45","1,770.75","1,759.05","24,11,643","4,24,21,91,817.55","95,109","8,07,385",33.48
KOTAKBANK,EQ,2021-05-06,"1,770.75","1,781.70","1,793.70","1,763.20","1,793.00","1,788.25","1,780.75","23,80,255","4,23,86,50,436.75","79,674","11,35,763",47.72
KOTAKBANK,EQ,2021-05-07,"1,788.25","1,796.00","1,813.00","1,773.50","1,779.00","1,780.35","1,791.51","16,10,730","2,88,56,31,735.60","64,483","5,57,842",34.63
KOTAKBANK,EQ,2021-05-10,"1,780.35","1,809.00","1,813.25","1,790.60","1,811.95","1,809.35","1,803.52","13,32,490","2,40,31,78,205.00","55,180","6,36,659",47.78
KOTAKBANK,EQ,2021-05-11,"1,809.35","1,776.60","1,794.40","1,753.25","1,755.65","1,755.45","1,765.81","29,55,976","5,21,96,97,230.95","1,61,503","16,08,233",54.41
KOTAKBANK,EQ,2021-05-12,"1,755.45","1,754.00","1,754.00","1,715.55","1,718.95","1,718.85","1,724.91","31,81,830","5,48,83,85,169.30","1,82,363","17,13,315",53.85
KOTAKBANK,EQ,2021-05-14,"1,718.85","1,728.90","1,728.90","1,701.10","1,707.75","1,706.65","1,712.93","29,37,892","5,03,23,95,167.00","1,02,455","19,37,494",65.95
KOTAKBANK,EQ,2021-05-17,"1,706.65","1,717.00","1,755.00","1,710.00","1,746.50","1,744.15","1,738.13","42,11,441","7,32,00,19,514.45","1,34,970","26,03,887",61.83
KOTAKBANK,EQ,2021-05-18,"1,744.15","1,768.00","1,770.95","1,750.10","1,755.00","1,755.10","1,757.00","46,58,414","8,18,48,26,876.40","97,742","33,83,150",72.62
KOTAKBANK,EQ,2021-05-19,"1,755.10","1,747.95","1,750.35","1,727.45","1,730.95","1,730.55","1,736.15","23,72,042","4,11,82,18,679.70","78,791","14,40,512",60.73
KOTAKBANK,EQ,2021-05-20,"1,730.55","1,732.00","1,737.00","1,705.10","1,712.00","1,708.20","1,717.40","25,98,038","4,46,18,63,558.90","93,071","15,32,482",58.99
KOTAKBANK,EQ,2021-05-21,"1,708.20","1,715.50","1,764.45","1,715.50","1,759.30","1,757.65","1,741.29","42,93,112","7,47,55,33,498.95","1,18,459","22,52,820",52.48
KOTAKBANK,EQ,2021-05-24,"1,757.65","1,763.65","1,778.90","1,742.00","1,749.20","1,757.00","1,757.75","36,13,907","6,35,23,55,886.45","1,27,644","21,73,363",60.14
KOTAKBANK,EQ,2021-05-25,"1,757.00","1,770.40","1,773.90","1,738.00","1,754.95","1,750.50","1,753.03","22,01,625","3,85,95,11,155.55","79,090","10,04,722",45.64
KOTAKBANK,EQ,2021-05-26,"1,750.50","1,760.05","1,761.80","1,736.90","1,740.95","1,740.65","1,746.03","28,45,100","4,96,76,33,803.25","85,278","15,57,716",54.75
KOTAKBANK,EQ,2021-05-27,"1,740.65","1,740.00","1,783.45","1,725.70","1,777.00","1,777.25","1,762.28","53,39,988","9,41,05,57,012.25","1,57,045","30,26,859",56.68
KOTAKBANK,EQ,2021-05-28,"1,777.25","1,786.00","1,813.00","1,778.25","1,800.00","1,800.75","1,799.78","32,47,009","5,84,39,14,394.75","98,051","15,07,431",46.43
KOTAKBANK,EQ,2021-05-31,"1,800.75","1,799.00","1,811.80","1,785.00","1,806.90","1,807.70","1,802.88","23,10,809","4,16,61,18,268.80","82,540","10,61,925",45.95
KOTAKBANK,EQ,2021-06-01,"1,807.70","1,815.00","1,824.00","1,788.00","1,795.00","1,797.00","1,803.61","22,89,816","4,12,99,29,348.40","83,868","8,93,007",39.0
KOTAKBANK,EQ,2021-06-02,"1,797.00","1,793.00","1,793.00","1,770.00","1,785.90","1,783.10","1,777.86","30,98,849","5,50,93,24,563.25","87,659","20,23,984",65.31
KOTAKBANK,EQ,2021-06-03,"1,783.10","1,790.00","1,827.95","1,790.00","1,814.50","1,814.20","1,813.84","34,44,131","6,24,71,11,656.75","1,19,068","14,60,655",42.41
KOTAKBANK,EQ,2021-06-04,"1,814.20","1,820.00","1,820.95","1,797.00","1,814.00","1,811.20","1,809.99","15,08,706","2,73,07,49,210.40","69,129","7,54,904",50.04
KOTAKBANK,EQ,2021-06-07,"1,811.20","1,825.00","1,825.00","1,807.00","1,815.00","1,814.90","1,815.91","10,96,139","1,99,04,87,467.85","42,718","5,04,338",46.01
KOTAKBANK,EQ,2021-06-08,"1,814.90","1,815.00","1,816.50","1,787.85","1,792.00","1,793.55","1,797.71","13,31,031","2,39,28,12,960.20","62,699","6,77,699",50.92
KOTAKBANK,EQ,2021-06-09,"1,793.55","1,789.90","1,812.00","1,775.00","1,781.15","1,782.90","1,795.25","20,37,714","3,65,82,14,277.25","76,753","8,86,291",43.49
KOTAKBANK,EQ,2021-06-10,"1,782.90","1,787.70","1,803.00","1,776.00","1,801.95","1,799.55","1,791.86","18,54,489","3,32,29,81,407.55","73,582","11,11,159",59.92
KOTAKBANK,EQ,2021-06-11,"1,799.55","1,809.00","1,810.00","1,788.00","1,792.75","1,794.35","1,798.98","16,21,928","2,91,78,08,339.10","71,266","10,49,633",64.72
KOTAKBANK,EQ,2021-06-14,"1,794.35","1,789.90","1,789.90","1,759.50","1,767.30","1,768.05","1,768.95","25,43,002","4,49,84,41,629.45","75,218","16,80,632",66.09
KOTAKBANK,EQ,2021-06-15,"1,768.05","1,775.80","1,784.15","1,766.00","1,772.00","1,770.90","1,773.65","17,35,824","3,07,87,40,887.30","74,956","10,62,796",61.23
KOTAKBANK,EQ,2021-06-16,"1,770.90","1,770.85","1,780.95","1,753.00","1,761.15","1,760.60","1,763.58","28,45,543","5,01,83,44,361.55","67,434","17,67,530",62.12
KOTAKBANK,EQ,2021-06-17,"1,760.60","1,747.25","1,771.80","1,736.00","1,757.65","1,766.05","1,752.94","25,78,242","4,51,95,12,360.85","1,01,937","14,23,887",55.23
KOTAKBANK,EQ,2021-06-18,"1,766.05","1,774.95","1,776.65","1,733.25","1,767.00","1,760.45","1,753.07","26,78,789","4,69,61,16,802.80","97,033","15,94,021",59.51
KOTAKBANK,EQ,2021-06-21,"1,760.45","1,740.00","1,777.20","1,731.30","1,775.90","1,772.05","1,755.17","12,79,321","2,24,54,22,359.45","80,586","5,32,355",41.61
KOTAKBANK,EQ,2021-06-22,"1,772.05","1,780.00","1,785.00","1,754.00","1,758.15","1,757.10","1,770.06","15,71,743","2,78,20,72,878.85","71,858","7,19,159",45.76
KOTAKBANK,EQ,2021-06-23,"1,757.10","1,764.00","1,764.00","1,727.25","1,738.00","1,736.70","1,740.10","76,02,349","13,22,88,17,513.70","1,14,030","45,54,179",59.9
KOTAKBANK,EQ,2021-06-24,"1,736.70","1,735.00","1,742.90","1,727.20","1,741.50","1,737.90","1,735.16","35,95,393","6,23,85,94,094.35","69,227","16,53,006",45.98
KOTAKBANK,EQ,2021-06-25,"1,737.90","1,735.00","1,754.00","1,720.90","1,734.15","1,735.00","1,731.32","95,77,645","16,58,19,86,104.30","1,48,697","57,06,280",59.58
KOTAKBANK,EQ,2021-06-28,"1,735.00","1,735.00","1,748.00","1,722.20","1,732.00","1,733.05","1,735.29","35,00,507","6,07,44,10,579.35","98,727","18,15,291",51.86
KOTAKBANK,EQ,2021-06-29,"1,733.05","1,737.80","1,738.00","1,702.00","1,705.65","1,705.85","1,711.28","1,03,94,662","17,78,82,11,571.30","1,86,214","61,28,130",58.95
KOTAKBANK,EQ,2021-06-30,"1,705.85","1,705.85","1,743.50","1,698.45","1,704.90","1,705.85","1,715.82","88,22,099","15,13,70,94,980.55","1,73,357","34,00,353",38.54
KOTAKBANK,EQ,2021-07-01,"1,705.85","1,709.90","1,725.20","1,706.15","1,718.10","1,716.10","1,717.47","29,88,386","5,13,24,65,539.05","75,539","15,37,949",51.46
KOTAKBANK,EQ,2021-07-02,"1,716.10","1,727.00","1,728.00","1,710.00","1,716.20","1,715.15","1,717.46","22,42,551","3,85,14,86,947.75","83,085","12,64,588",56.39
KOTAKBANK,EQ,2021-07-05,"1,715.15","1,727.00","1,739.80","1,721.50","1,731.25","1,731.10","1,731.95","18,87,671","3,26,93,47,134.75","47,001","10,73,569",56.87
KOTAKBANK,EQ,2021-07-06,"1,731.10","1,729.00","1,760.00","1,727.00","1,755.00","1,755.35","1,749.32","36,92,222","6,45,88,85,257.85","98,176","25,35,920",68.68
KOTAKBANK,EQ,2021-07-07,"1,755.35","1,756.00","1,768.50","1,743.15","1,760.00","1,761.80","1,756.46","27,26,182","4,78,84,40,298.90","78,198","12,83,935",47.1
KOTAKBANK,EQ,2021-07-08,"1,761.80","1,758.00","1,763.00","1,725.00","1,732.70","1,732.30","1,745.46","22,08,015","3,85,40,12,878.05","81,138","11,88,643",53.83
KOTAKBANK,EQ,2021-07-09,"1,732.30","1,729.00","1,730.00","1,714.95","1,722.00","1,720.05","1,722.56","16,98,166","2,92,51,97,089.60","64,273","9,50,984",56.0
KOTAKBANK,EQ,2021-07-12,"1,720.05","1,732.00","1,743.00","1,725.15","1,730.00","1,731.95","1,734.33","17,37,065","3,01,26,45,665.30","64,827","8,90,992",51.29
KOTAKBANK,EQ,2021-07-13,"1,731.95","1,743.00","1,752.50","1,723.60","1,744.00","1,747.15","1,740.54","20,66,639","3,59,70,58,940.40","78,228","12,51,636",60.56
KOTAKBANK,EQ,2021-07-14,"1,747.15","1,740.00","1,757.95","1,735.60","1,744.60","1,748.15","1,749.10","21,58,984","3,77,62,76,215.95","46,468","10,86,540",50.33
KOTAKBANK,EQ,2021-07-15,"1,748.15","1,757.00","1,757.00","1,740.00","1,754.70","1,750.05","1,749.10","19,50,556","3,41,17,15,838.55","71,137","10,02,666",51.4
KOTAKBANK,EQ,2021-07-16,"1,750.05","1,755.50","1,762.00","1,740.00","1,747.15","1,749.50","1,752.87","18,38,050","3,22,18,59,863.00","69,743","9,31,873",50.7
KOTAKBANK,EQ,2021-07-19,"1,749.50","1,733.90","1,740.00","1,712.00","1,724.00","1,722.80","1,723.97","21,46,337","3,70,02,13,634.30","75,555","10,11,809",47.14
KOTAKBANK,EQ,2021-07-20,"1,722.80","1,722.80","1,723.80","1,696.00","1,700.85","1,702.65","1,705.48","21,43,859","3,65,62,98,152.10","90,714","13,03,065",60.78
KOTAKBANK,EQ,2021-07-22,"1,702.65","1,706.55","1,721.95","1,703.15","1,708.00","1,707.20","1,712.90","18,58,253","3,18,30,10,044.65","97,723","11,06,158",59.53
KOTAKBANK,EQ,2021-07-23,"1,707.20","1,710.00","1,727.30","1,694.15","1,717.50","1,722.95","1,714.07","19,95,800","3,42,09,41,393.20","63,383","12,23,754",61.32
KOTAKBANK,EQ,2021-07-26,"1,722.95","1,711.60","1,750.00","1,673.35","1,739.65","1,740.60","1,731.84","39,39,095","6,82,18,96,467.80","1,28,869","14,85,495",37.71
KOTAKBANK,EQ,2021-07-27,"1,740.60","1,752.00","1,753.00","1,693.85","1,700.15","1,697.95","1,718.89","43,01,131","7,39,31,56,870.80","1,34,320","23,57,874",54.82
KOTAKBANK,EQ,2021-07-28,"1,697.95","1,705.00","1,705.80","1,646.00","1,654.00","1,652.85","1,664.85","50,52,755","8,41,20,57,277.20","1,98,101","30,78,181",60.92
KOTAKBANK,EQ,2021-07-29,"1,652.85","1,664.00","1,664.00","1,635.10","1,642.00","1,641.65","1,646.53","29,94,265","4,93,01,46,749.25","1,16,861","17,68,097",59.05
KOTAKBANK,EQ,2021-07-30,"1,641.65","1,641.65","1,669.90","1,626.00","1,656.70","1,654.80","1,653.40","32,22,001","5,32,72,45,686.80","1,07,847","19,82,516",61.53
KOTAKBANK,EQ,2021-08-02,"1,654.80","1,665.00","1,677.30","1,657.50","1,668.00","1,665.10","1,667.81","25,90,976","4,32,12,51,359.50","93,817","13,68,068",52.8
KOTAKBANK,EQ,2021-08-03,"1,665.10","1,665.00","1,689.25","1,665.00","1,688.00","1,685.65","1,675.31","32,30,140","5,41,14,95,316.30","1,06,059","19,51,715",60.42
KOTAKBANK,EQ,2021-08-04,"1,685.65","1,698.70","1,753.25","1,685.00","1,751.20","1,749.95","1,731.18","70,04,160","12,12,54,33,962.25","1,91,501","44,76,464",63.91
KOTAKBANK,EQ,2021-08-05,"1,749.95","1,761.70","1,793.00","1,752.55","1,768.55","1,771.75","1,775.53","60,52,092","10,74,56,76,111.55","1,72,173","36,45,610",60.24
KOTAKBANK,EQ,2021-08-06,"1,771.75","1,769.00","1,784.70","1,756.15","1,779.30","1,777.20","1,776.87","36,40,469","6,46,86,33,512.15","93,335","25,25,931",69.38
KOTAKBANK,EQ,2021-08-09,"1,777.20","1,777.20","1,789.60","1,762.10","1,780.75","1,780.90","1,779.86","15,96,886","2,84,22,29,631.95","58,072","9,89,558",61.97
KOTAKBANK,EQ,2021-08-10,"1,780.90","1,785.00","1,824.90","1,779.30","1,810.00","1,813.25","1,812.81","45,94,848","8,32,95,82,112.05","1,77,538","22,10,281",48.1
KOTAKBANK,EQ,2021-08-11,"1,813.25","1,820.00","1,820.00","1,762.15","1,778.60","1,780.60","1,780.56","31,01,903","5,52,31,15,006.60","88,679","18,22,782",58.76
KOTAKBANK,EQ,2021-08-12,"1,780.60","1,775.10","1,791.00","1,762.00","1,790.00","1,787.70","1,781.70","16,41,690","2,92,49,97,840.10","73,815","8,99,108",54.77
KOTAKBANK,EQ,2021-08-13,"1,787.70","1,784.00","1,799.00","1,773.85","1,785.25","1,788.00","1,786.66","18,39,917","3,28,73,14,930.50","1,14,554","10,67,679",58.03
KOTAKBANK,EQ,2021-08-16,"1,788.00","1,784.00","1,801.20","1,771.75","1,778.00","1,782.35","1,787.49","15,53,661","2,77,71,55,879.20","64,095","7,88,902",50.78
KOTAKBANK,EQ,2021-08-17,"1,782.35","1,779.00","1,795.00","1,777.05","1,789.00","1,788.35","1,785.51","14,19,337","2,53,42,44,119.80","96,912","8,09,360",57.02
KOTAKBANK,EQ,2021-08-18,"1,788.35","1,788.35","1,790.55","1,745.60","1,747.00","1,749.70","1,767.01","27,63,653","4,88,33,97,087.05","97,474","16,27,838",58.9
KOTAKBANK,EQ,2021-08-20,"1,749.70","1,732.00","1,732.00","1,697.00","1,705.05","1,703.55","1,705.93","56,43,242","9,62,69,72,453.10","1,23,510","36,62,767",64.91
KOTAKBANK,EQ,2021-08-23,"1,703.55","1,724.55","1,724.55","1,700.00","1,715.10","1,716.85","1,709.64","30,93,169","5,28,82,08,766.25","69,475","21,18,817",68.5
KOTAKBANK,EQ,2021-08-24,"1,716.85","1,725.00","1,725.00","1,691.60","1,702.35","1,704.90","1,704.59","47,07,971","8,02,51,57,670.90","1,05,545","29,73,296",63.15
KOTAKBANK,EQ,2021-08-25,"1,704.90","1,705.00","1,716.70","1,694.00","1,695.50","1,697.20","1,704.38","29,13,810","4,96,62,45,872.45","75,891","16,16,089",55.46
KOTAKBANK,EQ,2021-08-26,"1,697.20","1,693.80","1,716.50","1,688.90","1,701.05","1,697.50","1,703.39","43,82,577","7,46,52,29,935.65","97,633","26,53,634",60.55
KOTAKBANK,EQ,2021-08-27,"1,697.50","1,695.00","1,723.80","1,695.00","1,713.00","1,713.55","1,710.18","36,61,315","6,26,14,99,949.35","70,164","27,08,467",73.98
KOTAKBANK,EQ,2021-08-30,"1,713.55","1,715.95","1,739.55","1,715.95","1,735.20","1,735.85","1,732.50","25,61,253","4,43,73,82,878.85","68,336","16,79,854",65.59
KOTAKBANK,EQ,2021-08-31,"1,735.85","1,744.05","1,759.60","1,739.05","1,751.00","1,753.70","1,752.69","44,92,609","7,87,41,51,915.70","1,16,696","28,62,516",63.72
KOTAKBANK,EQ,2021-09-01,"1,753.70","1,753.75","1,753.85","1,738.00","1,748.00","1,746.65","1,749.72","72,66,354","12,71,41,18,647.80","1,02,966","38,18,697",52.55
KOTAKBANK,EQ,2021-09-02,"1,746.65","1,752.00","1,788.40","1,744.00","1,788.40","1,776.40","1,763.86","57,63,844","10,16,66,28,390.70","1,71,585","35,72,436",61.98
KOTAKBANK,EQ,2021-09-03,"1,776.40","1,793.00","1,811.45","1,777.55","1,792.80","1,791.85","1,797.65","48,45,134","8,70,98,33,356.25","1,67,589","21,20,244",43.76
KOTAKBANK,EQ,2021-09-06,"1,791.85","1,808.00","1,808.00","1,770.00","1,775.00","1,774.55","1,786.17","19,01,931","3,39,71,78,310.55","67,911","12,05,231",63.37
KOTAKBANK,EQ,2021-09-07,"1,774.55","1,774.55","1,779.45","1,746.00","1,765.00","1,764.85","1,758.13","29,22,837","5,13,87,24,625.30","98,018","16,01,387",54.79
KOTAKBANK,EQ,2021-09-08,"1,764.85","1,760.10","1,828.00","1,755.00","1,827.80","1,815.35","1,801.91","1,52,49,557","27,47,83,00,341.80","1,64,175","95,33,386",62.52
KOTAKBANK,EQ,2021-09-09,"1,815.35","1,826.00","1,841.70","1,806.80","1,818.00","1,817.85","1,826.50","36,42,925","6,65,37,99,926.15","1,19,768","15,09,992",41.45
KOTAKBANK,EQ,2021-09-13,"1,817.85","1,828.50","1,849.80","1,794.75","1,849.00","1,840.05","1,823.10","32,71,615","5,96,44,70,529.25","1,50,091","18,47,911",56.48
KOTAKBANK,EQ,2021-09-14,"1,840.05","1,850.00","1,879.00","1,845.15","1,865.00","1,867.75","1,863.37","41,68,080","7,76,66,87,856.15","1,68,286","26,19,984",62.86
KOTAKBANK,EQ,2021-09-15,"1,867.75","1,874.00","1,898.45","1,858.00","1,873.00","1,871.70","1,883.15","48,14,023","9,06,55,30,677.30","1,61,446","36,01,404",74.81
KOTAKBANK,EQ,2021-09-16,"1,871.70","1,877.00","1,910.00","1,868.00","1,906.00","1,906.80","1,890.41","41,28,783","7,80,50,85,497.40","99,169","29,82,319",72.23
KOTAKBANK,EQ,2021-09-17,"1,906.80","1,916.00","2,017.00","1,913.00","2,014.10","2,007.95","1,970.51","1,46,38,489","28,84,53,19,109.50","2,93,393","90,86,311",62.07
KOTAKBANK,EQ,2021-09-20,"2,007.95","1,990.00","2,037.20","1,981.35","1,996.50","2,001.45","2,007.91","58,81,089","11,80,86,97,305.60","1,66,070","27,88,037",47.41
KOTAKBANK,EQ,2021-09-21,"2,001.45","2,017.00","2,027.65","1,996.10","2,016.10","2,010.95","2,008.43","38,66,888","7,76,63,85,919.05","1,01,763","21,79,400",56.36
KOTAKBANK,EQ,2021-09-22,"2,010.95","2,016.50","2,022.40","1,978.80","1,991.00","1,985.55","1,998.64","19,11,809","3,82,10,22,080.65","77,186","6,04,977",31.64
KOTAKBANK,EQ,2021-09-23,"1,985.55","2,004.00","2,052.00","1,990.90","2,024.05","2,024.00","2,024.09","29,89,107","6,05,02,14,689.25","1,04,489","13,33,371",44.61
KOTAKBANK,EQ,2021-09-24,"2,024.00","2,030.00","2,052.35","2,013.90","2,026.90","2,028.10","2,031.11","21,14,888","4,29,55,69,170.20","65,688","9,33,062",44.12
KOTAKBANK,EQ,2021-09-27,"2,028.10","2,031.20","2,058.00","2,025.50","2,034.85","2,033.35","2,039.44","18,30,064","3,73,23,09,753.75","67,818","8,78,628",48.01
KOTAKBANK,EQ,2021-09-28,"2,033.35","2,040.00","2,077.80","2,012.90","2,073.00","2,068.20","2,043.85","38,99,267","7,96,95,20,358.75","96,823","17,44,958",44.75
KOTAKBANK,EQ,2021-09-29,"2,068.20","2,059.90","2,060.00","2,020.15","2,031.00","2,030.45","2,038.47","34,20,314","6,97,22,13,848.50","1,41,811","18,56,690",54.28
KOTAKBANK,EQ,2021-09-30,"2,030.45","2,025.45","2,035.00","1,996.80","2,000.45","2,005.50","2,012.58","45,72,748","9,20,30,18,195.50","1,31,723","27,52,431",60.19
KOTAKBANK,EQ,2021-10-01,"2,005.50","1,997.00","2,010.80","1,971.90","1,990.05","1,993.55","1,994.62","33,73,978","6,72,98,11,541.45","91,507","16,49,462",48.89
KOTAKBANK,EQ,2021-10-04,"1,993.55","1,995.00","2,014.90","1,988.00","1,993.15","1,990.95","1,999.23","20,43,053","4,08,45,34,580.95","56,990","12,06,493",59.05
KOTAKBANK,EQ,2021-10-05,"1,990.95","1,994.90","1,997.95","1,975.50","1,983.85","1,982.35","1,981.83","27,19,807","5,39,01,86,050.75","69,810","21,29,884",78.31
KOTAKBANK,EQ,2021-10-06,"1,982.35","1,976.05","2,005.00","1,942.10","1,953.70","1,955.75","1,976.23","29,79,275","5,88,77,45,454.70","95,523","19,53,091",65.56
KOTAKBANK,EQ,2021-10-07,"1,955.75","1,968.00","1,982.25","1,949.25","1,953.80","1,952.45","1,961.72","22,22,130","4,35,92,04,868.05","79,698","14,25,190",64.14
KOTAKBANK,EQ,2021-10-08,"1,952.45","1,950.00","1,966.15","1,931.00","1,939.00","1,936.35","1,944.89","19,37,834","3,76,88,69,506.30","67,152","12,19,112",62.91
KOTAKBANK,EQ,2021-10-11,"1,936.35","1,949.00","2,005.00","1,945.00","1,977.45","1,975.40","1,985.71","23,76,167","4,71,83,82,965.80","96,217","12,69,424",53.42
KOTAKBANK,EQ,2021-10-12,"1,975.40","1,980.00","2,004.00","1,965.00","1,995.00","1,995.10","1,990.31","18,90,902","3,76,34,80,375.40","74,771","9,50,144",50.25
KOTAKBANK,EQ,2021-10-13,"1,995.10","2,004.00","2,022.00","1,994.55","2,008.00","2,009.35","2,009.98","17,42,478","3,50,23,50,114.05","60,271","9,72,979",55.84
KOTAKBANK,EQ,2021-10-14,"2,009.35","2,008.00","2,025.50","1,985.00","2,016.95","2,017.80","2,007.05","16,52,356","3,31,63,62,548.95","59,155","8,12,548",49.18
KOTAKBANK,EQ,2021-10-18,"2,017.80","2,017.80","2,046.95","2,007.95","2,011.00","2,011.60","2,023.76","21,66,779","4,38,50,44,095.65","76,560","12,41,941",57.32
KOTAKBANK,EQ,2021-10-19,"2,011.60","2,011.90","2,044.95","1,992.10","2,044.00","2,035.35","2,018.79","16,95,203","3,42,22,65,638.35","56,524","9,26,447",54.65
KOTAKBANK,EQ,2021-10-20,"2,035.35","2,042.00","2,044.95","1,998.20","2,022.50","2,015.45","2,016.01","17,94,893","3,61,85,15,599.10","67,147","9,26,017",51.59
KOTAKBANK,EQ,2021-10-21,"2,015.45","2,031.00","2,155.00","2,022.00","2,155.00","2,143.75","2,101.83","94,95,518","19,95,79,30,434.25","3,00,992","38,02,840",40.05
KOTAKBANK,EQ,2021-10-22,"2,143.75","2,154.90","2,201.65","2,122.75","2,172.05","2,171.40","2,168.93","59,31,826","12,86,57,21,765.75","2,02,778","29,50,524",49.74
KOTAKBANK,EQ,2021-10-25,"2,171.40","2,152.00","2,182.95","2,115.05","2,150.00","2,154.50","2,152.23","67,77,262","14,58,62,38,910.30","1,69,924","42,30,724",62.43
KOTAKBANK,EQ,2021-10-26,"2,154.50","2,154.50","2,240.00","2,123.70","2,210.65","2,210.95","2,198.09","1,06,69,001","23,45,14,18,138.65","3,50,259","42,46,938",39.81
KOTAKBANK,EQ,2021-10-27,"2,210.95","2,200.00","2,253.00","2,176.60","2,181.65","2,188.25","2,210.75","45,50,568","10,06,01,55,305.25","1,78,521","20,51,834",45.09
KOTAKBANK,EQ,2021-10-28,"2,188.25","2,188.25","2,190.00","2,090.40","2,099.80","2,098.50","2,134.72","31,02,289","6,62,25,27,181.60","1,07,254","14,83,041",47.8
KOTAKBANK,EQ,2021-10-29,"2,098.50","2,077.55","2,096.95","2,015.00","2,042.00","2,031.15","2,048.76","46,66,345","9,56,02,26,680.70","1,56,067","26,68,064",57.18
KOTAKBANK,EQ,2021-11-01,"2,031.15","2,055.00","2,086.80","2,034.80","2,084.50","2,076.50","2,060.82","19,66,588","4,05,27,88,748.80","1,38,223","8,76,426",44.57
KOTAKBANK,EQ,2021-11-02,"2,076.50","2,066.15","2,093.50","2,060.00","2,072.00","2,076.65","2,078.03","15,36,206","3,19,22,81,006.30","55,760","7,95,562",51.79
KOTAKBANK,EQ,2021-11-03,"2,076.65","2,080.00","2,111.60","2,028.00","2,036.95","2,037.55","2,076.09","20,67,291","4,29,18,91,257.45","93,983","6,64,214",32.13
KOTAKBANK,EQ,2021-11-04,"2,037.55","2,040.00","2,062.00","2,039.00","2,059.80","2,057.00","2,056.61","2,05,177","42,19,69,184.65","11,907","79,239",38.62
KOTAKBANK,EQ,2021-11-08,"2,057.00","2,055.00","2,127.60","2,055.00","2,125.95","2,118.85","2,098.53","21,21,996","4,45,30,70,566.40","1,04,975","9,07,421",42.76
KOTAKBANK,EQ,2021-11-09,"2,118.85","2,120.00","2,126.95","2,083.30","2,100.00","2,097.20","2,103.59","17,77,573","3,73,92,82,825.60","61,828","8,92,387",50.2
KOTAKBANK,EQ,2021-11-10,"2,097.20","2,085.00","2,091.35","2,063.05","2,077.55","2,076.05","2,077.46","14,45,788","3,00,35,67,931.80","78,920","8,66,668",59.94
KOTAKBANK,EQ,2021-11-11,"2,076.05","2,073.00","2,077.70","2,047.55","2,055.45","2,054.10","2,062.00","15,47,153","3,19,02,23,074.35","86,034","7,31,316",47.27
KOTAKBANK,EQ,2021-11-12,"2,054.10","2,068.00","2,080.00","2,053.05","2,078.00","2,074.70","2,066.16","14,34,428","2,96,37,63,189.00","76,866","7,90,229",55.09
KOTAKBANK,EQ,2021-11-15,"2,074.70","2,080.10","2,108.00","2,080.00","2,094.75","2,097.30","2,092.78","18,19,328","3,80,74,54,461.70","71,222","9,04,537",49.72
KOTAKBANK,EQ,2021-11-16,"2,097.30","2,099.90","2,103.85","2,070.00","2,080.00","2,082.85","2,081.81","15,45,107","3,21,66,16,875.50","60,874","10,13,646",65.6
KOTAKBANK,EQ,2021-11-17,"2,082.85","2,070.00","2,081.85","2,045.50","2,048.00","2,053.10","2,064.15","14,46,763","2,98,63,29,764.15","70,660","8,41,431",58.16
KOTAKBANK,EQ,2021-11-18,"2,053.10","2,050.00","2,062.45","2,008.90","2,025.00","2,024.45","2,031.42","27,93,199","5,67,41,51,553.70","84,499","18,25,752",65.36
KOTAKBANK,EQ,2021-11-22,"2,024.45","2,044.00","2,044.00","1,941.00","1,962.35","1,955.45","1,971.53","27,48,329","5,41,84,12,147.10","1,21,609","17,28,337",62.89
KOTAKBANK,EQ,2021-11-23,"1,955.45","1,938.00","1,993.15","1,932.70","1,975.15","1,982.90","1,959.72","32,29,625","6,32,91,53,014.00","94,874","19,28,921",59.73
KOTAKBANK,EQ,2021-11-24,"1,982.90","1,979.55","2,024.95","1,970.00","2,006.55","2,011.40","2,001.56","19,47,483","3,89,80,11,991.55","72,678","10,05,372",51.62
KOTAKBANK,EQ,2021-11-25,"2,011.40","2,020.00","2,048.00","2,013.05","2,030.00","2,035.10","2,030.96","31,64,428","6,42,68,34,024.95","1,12,658","16,79,716",53.08
KOTAKBANK,EQ,2021-11-26,"2,035.10","2,002.00","2,007.00","1,955.10","1,960.00","1,964.30","1,973.59","26,47,553","5,22,51,90,661.95","1,38,108","14,88,069",56.21
KOTAKBANK,EQ,2021-11-29,"1,964.30","1,993.00","2,045.00","1,937.20","2,011.00","2,019.60","2,005.12","41,71,900","8,36,51,50,431.30","1,67,780","16,03,226",38.43
KOTAKBANK,EQ,2021-11-30,"2,019.60","2,023.00","2,039.60","1,946.90","1,957.00","1,961.90","1,988.17","42,65,816","8,48,11,61,609.30","1,75,998","22,35,879",52.41
KOTAKBANK,EQ,2021-12-01,"1,961.90","1,979.00","1,985.90","1,940.00","1,955.65","1,953.35","1,962.68","25,85,693","5,07,48,78,632.05","1,16,421","12,94,198",50.05
KOTAKBANK,EQ,2021-12-02,"1,953.35","1,947.55","1,980.95","1,945.60","1,966.30","1,964.25","1,965.71","19,32,929","3,79,95,80,418.00","79,094","11,57,853",59.9
KOTAKBANK,EQ,2021-12-03,"1,964.25","1,966.70","1,989.90","1,905.20","1,920.00","1,914.20","1,946.10","34,91,724","6,79,52,56,748.60","1,99,083","20,79,567",59.56
KOTAKBANK,EQ,2021-12-06,"1,914.20","1,920.00","1,926.50","1,877.00","1,886.00","1,885.20","1,892.48","30,81,336","5,83,13,65,090.70","1,07,358","18,71,414",60.73
KOTAKBANK,EQ,2021-12-07,"1,885.20","1,912.00","1,963.80","1,910.20","1,934.50","1,937.15","1,944.14","73,44,475","14,27,87,19,074.30","1,80,945","43,43,985",59.15
KOTAKBANK,EQ,2021-12-08,"1,937.15","1,970.00","1,970.00","1,915.45","1,921.95","1,920.45","1,932.62","51,25,595","9,90,58,14,160.15","1,75,731","33,64,945",65.65
KOTAKBANK,EQ,2021-12-09,"1,920.45","1,926.00","1,936.90","1,886.10","1,918.75","1,916.35","1,902.98","46,54,453","8,85,73,33,734.10","1,16,373","26,36,417",56.64
KOTAKBANK,EQ,2021-12-10,"1,916.35","1,915.00","1,920.00","1,888.50","1,897.00","1,896.75","1,898.43","30,54,922","5,79,95,51,360.20","90,504","18,14,889",59.41
KOTAKBANK,EQ,2021-12-13,"1,896.75","1,910.00","1,916.00","1,862.25","1,874.50","1,873.10","1,889.91","40,85,110","7,72,04,78,181.05","1,40,174","25,79,061",63.13
KOTAKBANK,EQ,2021-12-14,"1,873.10","1,873.10","1,874.00","1,816.05","1,839.70","1,840.40","1,833.96","1,01,11,252","18,54,36,48,068.15","1,86,039","69,02,587",68.27
KOTAKBANK,EQ,2021-12-15,"1,840.40","1,845.60","1,881.75","1,836.75","1,867.00","1,867.40","1,859.58","53,05,747","9,86,64,37,572.15","1,47,048","31,35,077",59.09
KOTAKBANK,EQ,2021-12-16,"1,867.40","1,885.90","1,890.95","1,850.90","1,861.00","1,860.75","1,869.81","30,54,462","5,71,12,76,508.90","68,423","18,26,952",59.81
KOTAKBANK,EQ,2021-12-17,"1,860.75","1,855.00","1,859.95","1,790.00","1,796.15","1,793.80","1,810.42","29,35,126","5,31,38,08,030.75","1,54,309","15,59,910",53.15
KOTAKBANK,EQ,2021-12-20,"1,793.80","1,780.00","1,780.00","1,722.40","1,737.00","1,742.50","1,740.23","32,69,179","5,68,91,27,549.90","2,68,676","17,61,239",53.87
KOTAKBANK,EQ,2021-12-21,"1,742.50","1,761.05","1,768.00","1,721.00","1,738.00","1,736.55","1,747.08","22,64,231","3,95,58,01,643.50","1,06,300","10,47,425",46.26
KOTAKBANK,EQ,2021-12-22,"1,736.55","1,748.00","1,770.00","1,733.15","1,768.00","1,762.40","1,749.73","34,53,839","6,04,32,98,307.85","1,15,430","23,33,765",67.57
KOTAKBANK,EQ,2021-12-23,"1,762.40","1,784.90","1,788.70","1,767.35","1,771.80","1,775.60","1,777.48","19,19,649","3,41,21,45,385.50","1,10,780","10,93,869",56.98
KOTAKBANK,EQ,2021-12-24,"1,775.60","1,780.00","1,780.00","1,730.00","1,747.45","1,748.40","1,744.36","22,71,570","3,96,24,35,938.90","73,601","8,88,628",39.12
KOTAKBANK,EQ,2021-12-27,"1,748.40","1,743.10","1,778.95","1,721.00","1,773.50","1,773.45","1,761.09","16,53,833","2,91,25,55,137.65","85,507","7,50,804",45.4
KOTAKBANK,EQ,2021-12-28,"1,773.45","1,785.00","1,789.70","1,765.55","1,775.00","1,774.90","1,777.25","12,85,671","2,28,49,62,360.95","67,015","6,95,467",54.09
KOTAKBANK,EQ,2021-12-29,"1,774.90","1,774.00","1,780.00","1,754.10","1,758.85","1,764.20","1,771.11","14,11,908","2,50,06,38,335.90","50,495","8,69,128",61.56
KOTAKBANK,EQ,2021-12-30,"1,764.20","1,759.00","1,769.95","1,743.65","1,762.90","1,755.25","1,757.22","24,98,395","4,39,02,38,025.55","73,293","16,09,785",64.43
KOTAKBANK,EQ,2021-12-31,"1,755.25","1,762.00","1,801.00","1,760.05","1,797.80","1,796.10","1,791.77","22,12,892","3,96,49,95,209.35","83,511","13,65,083",61.69
KOTAKBANK,EQ,2022-01-03,"1,796.10","1,797.00","1,828.10","1,791.60","1,824.00","1,824.45","1,810.09","19,85,109","3,59,32,21,283.05","71,728","11,74,553",59.17
KOTAKBANK,EQ,2022-01-04,"1,824.45","1,830.00","1,857.00","1,815.30","1,852.60","1,852.60","1,842.73","26,35,575","4,85,66,54,878.80","84,854","16,44,402",62.39
KOTAKBANK,EQ,2022-01-05,"1,852.60","1,857.00","1,928.35","1,840.10","1,916.65","1,922.15","1,902.22","42,08,167","8,00,48,65,784.95","1,35,295","22,94,489",54.52
KOTAKBANK,EQ,2022-01-06,"1,922.15","1,907.10","1,915.00","1,875.00","1,887.80","1,891.90","1,892.48","22,58,030","4,27,32,65,551.00","1,04,702","11,45,808",50.74
KOTAKBANK,EQ,2022-01-07,"1,891.90","1,891.90","1,925.40","1,883.60","1,905.90","1,904.25","1,907.91","23,03,351","4,39,45,81,777.30","79,091","11,00,043",47.76
KOTAKBANK,EQ,2022-01-10,"1,904.25","1,904.25","1,955.30","1,901.35","1,948.00","1,947.95","1,938.70","28,62,087","5,54,87,32,478.55","96,782","18,42,041",64.36
KOTAKBANK,EQ,2022-01-11,"1,947.95","1,948.00","1,954.25","1,920.20","1,940.15","1,936.80","1,937.88","27,14,019","5,25,94,30,319.30","1,32,031","15,75,019",58.03
KOTAKBANK,EQ,2022-01-12,"1,936.80","1,954.80","1,976.15","1,947.15","1,957.40","1,956.60","1,963.17","21,49,396","4,21,96,23,278.05","1,01,902","12,90,444",60.04
KOTAKBANK,EQ,2022-01-13,"1,956.60","1,960.00","1,966.90","1,922.55","1,930.25","1,926.35","1,936.61","14,87,152","2,88,00,29,747.90","70,299","8,19,399",55.1
KOTAKBANK,EQ,2022-01-14,"1,926.35","1,909.00","1,945.00","1,898.00","1,931.00","1,938.20","1,920.79","18,28,762","3,51,26,67,500.50","54,543","7,45,658",40.77
KOTAKBANK,EQ,2022-01-17,"1,938.20","1,922.00","1,952.95","1,918.60","1,940.35","1,937.45","1,933.02","16,76,473","3,24,06,63,461.95","64,746","8,44,247",50.36
KOTAKBANK,EQ,2022-01-18,"1,937.45","1,930.00","1,975.00","1,930.00","1,940.05","1,942.15","1,954.43","20,81,456","4,06,80,58,052.75","96,489","8,74,439",42.01
KOTAKBANK,EQ,2022-01-19,"1,942.15","1,945.00","1,945.00","1,900.10","1,908.40","1,905.65","1,915.33","15,21,702","2,91,45,63,836.30","71,692","5,82,322",38.27
KOTAKBANK,EQ,2022-01-20,"1,905.65","1,925.00","1,925.00","1,877.00","1,893.90","1,892.60","1,896.83","14,89,821","2,82,59,42,097.90","78,944","6,23,391",41.84
KOTAKBANK,EQ,2022-01-21,"1,892.60","1,868.25","1,901.00","1,849.55","1,897.00","1,893.75","1,876.37","17,53,896","3,29,09,55,030.70","94,543","8,23,777",46.97
KOTAKBANK,EQ,2022-01-24,"1,893.75","1,884.10","1,887.90","1,810.00","1,824.50","1,830.90","1,842.79","25,47,434","4,69,43,91,500.80","1,06,050","16,52,053",64.85
KOTAKBANK,EQ,2022-01-25,"1,830.90","1,814.70","1,873.90","1,782.20","1,867.00","1,854.65","1,826.27","25,69,065","4,69,18,15,215.05","1,38,984","11,82,197",46.02
KOTAKBANK,EQ,2022-01-27,"1,854.65","1,840.00","1,898.55","1,821.15","1,895.00","1,889.25","1,860.37","37,18,619","6,91,79,95,647.95","1,54,794","19,00,941",51.12
KOTAKBANK,EQ,2022-01-28,"1,889.25","1,895.00","1,956.90","1,888.65","1,891.30","1,898.30","1,914.23","49,71,964","9,51,74,69,274.65","1,68,963","20,18,168",40.59
KOTAKBANK,EQ,2022-01-31,"1,898.30","1,920.00","1,938.90","1,841.00","1,857.50","1,857.25","1,865.07","45,16,625","8,42,38,38,754.65","1,84,120","22,94,391",50.8
KOTAKBANK,EQ,2022-02-01,"1,857.25","1,882.00","1,905.00","1,834.10","1,888.00","1,882.30","1,878.42","30,97,086","5,81,76,23,530.25","1,38,867","12,14,935",39.23
KOTAKBANK,EQ,2022-02-02,"1,882.30","1,910.80","1,948.00","1,896.90","1,942.85","1,942.60","1,935.12","27,10,508","5,24,51,55,924.65","1,12,806","10,58,614",39.06
KOTAKBANK,EQ,2022-02-03,"1,942.60","1,939.90","1,942.45","1,896.05","1,899.00","1,909.05","1,917.40","22,39,713","4,29,44,33,612.40","85,944","12,61,492",56.32
KOTAKBANK,EQ,2022-02-04,"1,909.05","1,914.00","1,918.00","1,880.25","1,884.00","1,884.20","1,893.25","17,71,267","3,35,34,58,351.85","91,389","10,11,785",57.12
KOTAKBANK,EQ,2022-02-07,"1,884.20","1,850.00","1,890.00","1,820.00","1,828.05","1,828.45","1,848.91","20,53,959","3,79,75,77,005.15","99,014","10,23,232",49.82
KOTAKBANK,EQ,2022-02-08,"1,828.45","1,835.00","1,848.05","1,793.10","1,815.00","1,817.80","1,813.41","35,69,370","6,47,27,15,777.70","1,24,566","22,45,569",62.91
KOTAKBANK,EQ,2022-02-09,"1,817.80","1,835.60","1,847.80","1,822.65","1,835.60","1,835.00","1,833.08","16,24,058","2,97,70,36,095.65","90,180","8,01,217",49.33
KOTAKBANK,EQ,2022-02-10,"1,835.00","1,835.00","1,888.90","1,830.25","1,863.55","1,867.20","1,866.66","25,08,081","4,68,17,37,867.35","1,16,003","11,02,409",43.95
KOTAKBANK,EQ,2022-02-11,"1,867.20","1,854.10","1,854.10","1,822.00","1,825.00","1,828.25","1,834.73","18,59,755","3,41,21,53,921.65","1,34,369","9,93,029",53.4
KOTAKBANK,EQ,2022-02-14,"1,828.25","1,790.05","1,823.85","1,737.95","1,742.85","1,746.85","1,766.70","30,26,821","5,34,74,99,426.50","2,18,146","18,40,080",60.79
KOTAKBANK,EQ,2022-02-15,"1,746.85","1,756.00","1,819.00","1,746.05","1,813.85","1,813.10","1,779.93","20,55,275","3,65,82,47,018.40","1,28,884","9,56,235",46.53
KOTAKBANK,EQ,2022-02-16,"1,813.10","1,815.10","1,852.85","1,800.00","1,830.00","1,830.05","1,828.79","22,69,756","4,15,09,02,283.65","64,035","11,76,465",51.83
KOTAKBANK,EQ,2022-02-17,"1,830.05","1,835.00","1,844.25","1,810.40","1,814.00","1,817.30","1,828.96","28,10,229","5,13,98,09,911.40","61,328","17,68,588",62.93
KOTAKBANK,EQ,2022-02-18,"1,817.30","1,809.05","1,831.00","1,805.85","1,827.00","1,826.55","1,820.39","12,29,668","2,23,84,70,984.20","55,978","4,70,342",38.25
KOTAKBANK,EQ,2022-02-21,"1,826.55","1,808.00","1,851.30","1,802.10","1,830.00","1,827.10","1,830.90","13,43,911","2,46,05,73,190.55","56,491","5,16,480",38.43
KOTAKBANK,EQ,2022-02-22,"1,827.10","1,790.00","1,849.10","1,790.00","1,840.00","1,841.75","1,822.93","30,22,075","5,50,90,35,010.50","1,09,275","17,21,047",56.95
KOTAKBANK,EQ,2022-02-23,"1,841.75","1,852.90","1,912.85","1,852.90","1,882.00","1,886.10","1,893.41","69,15,921","13,09,46,81,013.95","1,49,714","29,00,481",41.94
KOTAKBANK,EQ,2022-02-24,"1,886.10","1,834.35","1,874.40","1,776.75","1,783.00","1,794.85","1,825.52","49,56,043","9,04,73,50,745.25","1,51,914","25,27,257",50.99
KOTAKBANK,EQ,2022-02-25,"1,794.85","1,820.95","1,866.25","1,801.05","1,862.00","1,856.70","1,841.41","39,93,886","7,35,43,87,290.95","1,12,766","25,29,245",63.33
KOTAKBANK,EQ,2022-02-28,"1,856.70","1,837.00","1,852.00","1,814.70","1,841.00","1,842.75","1,837.71","27,12,562","4,98,48,93,509.50","1,23,941","15,48,941",57.1
KOTAKBANK,EQ,2022-03-02,"1,842.75","1,811.80","1,819.35","1,775.30","1,808.95","1,806.00","1,793.63","28,30,955","5,07,76,80,252.45","1,43,885","14,08,229",49.74
KOTAKBANK,EQ,2022-03-03,"1,806.00","1,812.95","1,819.60","1,772.60","1,792.00","1,792.25","1,792.05","29,62,143","5,30,82,99,465.30","1,32,365","13,64,875",46.08
KOTAKBANK,EQ,2022-03-04,"1,792.25","1,770.00","1,785.95","1,733.70","1,750.00","1,752.15","1,758.11","25,49,194","4,48,17,65,712.95","1,31,680","11,84,374",46.46
KOTAKBANK,EQ,2022-03-07,"1,752.15","1,693.50","1,730.90","1,680.05","1,717.60","1,711.90","1,704.80","26,97,935","4,59,94,36,524.45","1,46,396","13,54,309",50.2
KOTAKBANK,EQ,2022-03-08,"1,711.90","1,700.00","1,729.50","1,672.55","1,724.70","1,723.10","1,698.66","54,36,496","9,23,47,73,899.45","2,15,043","31,97,709",58.82
KOTAKBANK,EQ,2022-03-09,"1,723.10","1,723.10","1,748.15","1,692.00","1,748.00","1,739.10","1,712.61","69,19,461","11,85,03,62,302.05","1,55,077","45,24,256",65.38
KOTAKBANK,EQ,2022-03-10,"1,739.10","1,800.00","1,813.00","1,736.00","1,749.00","1,754.35","1,774.88","41,88,469","7,43,40,24,650.60","1,31,545","16,63,593",39.72
KOTAKBANK,EQ,2022-03-11,"1,754.35","1,745.00","1,779.90","1,736.00","1,761.15","1,763.00","1,761.78","25,06,340","4,41,56,17,349.70","88,587","12,94,755",51.66
KOTAKBANK,EQ,2022-03-14,"1,763.00","1,745.45","1,797.35","1,742.00","1,790.70","1,788.75","1,768.54","33,16,649","5,86,56,24,770.40","80,515","16,60,020",50.05
KOTAKBANK,EQ,2022-03-15,"1,788.75","1,784.00","1,789.95","1,714.00","1,731.50","1,733.75","1,748.01","48,07,455","8,40,34,78,311.95","1,63,720","27,08,684",56.34
KOTAKBANK,EQ,2022-03-16,"1,733.75","1,760.00","1,774.80","1,752.75","1,758.00","1,760.50","1,763.79","29,27,241","5,16,30,26,645.55","86,273","16,35,223",55.86
KOTAKBANK,EQ,2022-03-17,"1,760.50","1,790.00","1,827.60","1,782.55","1,819.00","1,820.00","1,814.76","33,59,007","6,09,57,94,581.90","1,14,249","16,67,128",49.63
KOTAKBANK,EQ,2022-03-21,"1,820.00","1,815.65","1,830.00","1,773.00","1,779.05","1,777.10","1,786.61","23,97,699","4,28,37,59,575.65","90,139","12,07,827",50.37
KOTAKBANK,EQ,2022-03-22,"1,777.10","1,777.10","1,813.60","1,755.35","1,805.45","1,807.85","1,778.54","33,97,456","6,04,25,13,343.40","1,17,818","16,93,243",49.84
KOTAKBANK,EQ,2022-03-23,"1,807.85","1,815.00","1,827.25","1,758.00","1,760.75","1,769.75","1,790.54","32,26,340","5,77,68,96,408.85","90,295","16,38,281",50.78
KOTAKBANK,EQ,2022-03-24,"1,769.75","1,715.00","1,728.90","1,701.00","1,714.95","1,714.15","1,712.21","1,97,10,178","33,74,78,89,226.70","3,45,364","1,04,50,096",53.02
KOTAKBANK,EQ,2022-03-25,"1,714.15","1,728.00","1,731.80","1,712.00","1,725.65","1,722.25","1,723.04","30,39,150","5,23,65,64,197.05","98,475","15,09,111",49.66
KOTAKBANK,EQ,2022-03-28,"1,722.25","1,728.00","1,728.00","1,692.05","1,727.00","1,725.20","1,710.71","30,70,204","5,25,22,41,455.70","1,08,558","13,62,334",44.37
KOTAKBANK,EQ,2022-03-29,"1,725.20","1,738.00","1,740.90","1,718.75","1,735.00","1,730.00","1,731.66","25,85,790","4,47,77,21,306.30","1,04,347","13,84,636",53.55
KOTAKBANK,EQ,2022-03-30,"1,730.00","1,749.40","1,768.85","1,736.00","1,758.25","1,763.10","1,753.54","33,58,154","5,88,86,45,882.95","1,14,309","20,41,611",60.8
KOTAKBANK,EQ,2022-03-31,"1,763.10","1,755.10","1,778.75","1,747.00","1,753.00","1,753.85","1,761.76","28,48,408","5,01,82,07,887.90","1,18,518","17,04,487",59.84
KOTAKBANK,EQ,2022-04-01,"1,753.85","1,749.30","1,780.00","1,745.60","1,780.00","1,776.65","1,773.67","23,73,773","4,21,02,90,912.15","63,927","15,10,213",63.62
KOTAKBANK,EQ,2022-04-04,"1,776.65","1,787.00","1,840.00","1,735.00","1,834.40","1,836.05","1,804.47","39,97,566","7,21,34,95,246.85","1,40,264","15,55,377",38.91
KOTAKBANK,EQ,2022-04-05,"1,836.05","1,836.05","1,838.05","1,794.20","1,797.00","1,802.20","1,817.83","21,32,871","3,87,71,99,295.35","86,402","10,13,674",47.53
KOTAKBANK,EQ,2022-04-06,"1,802.20","1,787.50","1,793.00","1,771.75","1,778.50","1,779.40","1,780.54","23,49,001","4,18,24,78,687.35","70,183","12,13,609",51.66
KOTAKBANK,EQ,2022-04-07,"1,779.40","1,771.00","1,792.00","1,763.00","1,767.90","1,766.45","1,773.46","43,88,783","7,78,33,26,535.15","1,30,201","29,95,633",68.26
KOTAKBANK,EQ,2022-04-08,"1,766.45","1,775.25","1,790.00","1,756.10","1,788.00","1,784.50","1,772.61","23,81,671","4,22,17,81,552.40","74,437","12,45,176",52.28
KOTAKBANK,EQ,2022-04-11,"1,784.50","1,775.00","1,806.15","1,763.30","1,788.00","1,783.45","1,789.16","19,17,942","3,43,15,08,213.55","69,001","9,56,517",49.87
KOTAKBANK,EQ,2022-04-12,"1,783.45","1,771.05","1,812.65","1,770.00","1,805.00","1,801.85","1,796.34","24,12,242","4,33,32,10,494.35","96,268","10,92,316",45.28
KOTAKBANK,EQ,2022-04-13,"1,801.85","1,807.70","1,818.50","1,772.75","1,780.00","1,779.60","1,796.58","19,23,692","3,45,60,75,952.75","69,789","8,56,546",44.53
KOTAKBANK,EQ,2022-04-18,"1,779.60","1,775.60","1,775.60","1,730.00","1,754.00","1,750.40","1,746.44","19,60,141","3,42,32,59,095.30","93,497","9,27,801",47.33
KOTAKBANK,EQ,2022-04-19,"1,750.40","1,763.00","1,766.70","1,687.00","1,702.50","1,707.50","1,732.99","23,89,574","4,14,11,08,530.20","1,02,775","12,33,749",51.63
KOTAKBANK,EQ,2022-04-20,"1,707.50","1,713.00","1,727.00","1,683.40","1,724.00","1,721.30","1,704.70","32,01,545","5,45,76,75,647.95","1,12,215","18,26,386",57.05
KOTAKBANK,EQ,2022-04-21,"1,721.30","1,725.00","1,773.45","1,724.05","1,767.55","1,760.85","1,747.16","27,30,691","4,77,09,52,275.30","93,424","17,53,402",64.21
KOTAKBANK,EQ,2022-04-22,"1,760.85","1,740.00","1,748.90","1,721.40","1,727.70","1,727.75","1,732.34","22,56,038","3,90,82,31,631.15","72,665","14,30,346",63.4
KOTAKBANK,EQ,2022-04-25,"1,727.75","1,702.50","1,737.90","1,694.00","1,729.65","1,728.85","1,719.89","21,49,394","3,69,67,14,054.70","67,111","11,27,689",52.47
KOTAKBANK,EQ,2022-04-26,"1,728.85","1,746.10","1,748.00","1,731.25","1,741.50","1,742.70","1,740.44","14,54,777","2,53,19,58,228.15","66,720","8,54,298",58.72
KOTAKBANK,EQ,2022-04-27,"1,742.70","1,724.00","1,752.00","1,724.00","1,740.00","1,741.50","1,742.20","28,22,592","4,91,75,16,929.75","1,08,062","18,18,630",64.43
KOTAKBANK,EQ,2022-04-28,"1,741.50","1,749.00","1,773.00","1,732.40","1,766.85","1,765.65","1,758.09","23,42,497","4,11,83,28,088.55","78,708","14,71,890",62.83
KOTAKBANK,EQ,2022-04-29,"1,765.65","1,768.95","1,810.30","1,767.00","1,789.75","1,790.75","1,795.10","36,88,659","6,62,15,22,865.20","93,607","23,91,040",64.82
KOTAKBANK,EQ,2022-05-02,"1,790.75","1,765.55","1,780.45","1,750.05","1,771.40","1,774.35","1,763.99","19,79,466","3,49,17,51,498.40","87,960","11,48,994",58.05
KOTAKBANK,EQ,2022-05-04,"1,774.35","1,768.00","1,823.70","1,768.00","1,775.90","1,775.60","1,791.10","57,46,474","10,29,24,88,221.90","1,91,411","25,10,030",43.68
KOTAKBANK,EQ,2022-05-05,"1,775.60","1,801.00","1,821.00","1,784.30","1,792.25","1,797.60","1,806.37","35,68,047","6,44,52,17,248.05","1,31,063","19,19,249",53.79
KOTAKBANK,EQ,2022-05-06,"1,797.60","1,755.15","1,794.95","1,750.00","1,778.20","1,775.30","1,776.45","28,47,483","5,05,83,98,712.15","1,11,885","16,51,321",57.99
KOTAKBANK,EQ,2022-05-09,"1,775.30","1,745.00","1,784.00","1,743.00","1,772.00","1,767.50","1,765.36","21,69,362","3,82,97,14,819.20","84,849","12,83,238",59.15
KOTAKBANK,EQ,2022-05-10,"1,767.50","1,770.00","1,808.80","1,767.50","1,796.15","1,797.15","1,790.04","19,89,854","3,56,19,26,448.80","91,035","9,88,798",49.69
KOTAKBANK,EQ,2022-05-11,"1,797.15","1,798.00","1,818.00","1,796.00","1,814.00","1,809.95","1,808.07","26,21,884","4,74,05,51,006.15","1,53,008","12,46,977",47.56
KOTAKBANK,EQ,2022-05-12,"1,809.95","1,802.80","1,806.60","1,757.00","1,760.05","1,760.90","1,776.47","42,82,268","7,60,73,35,192.80","1,65,972","26,53,245",61.96
KOTAKBANK,EQ,2022-05-13,"1,760.90","1,785.00","1,795.00","1,756.00","1,777.00","1,779.55","1,778.76","27,37,022","4,86,84,97,534.25","1,44,948","16,71,279",61.06
KOTAKBANK,EQ,2022-05-16,"1,779.55","1,781.00","1,825.00","1,766.15","1,812.00","1,812.85","1,806.37","30,39,181","5,48,98,82,195.75","79,801","15,51,588",51.05
KOTAKBANK,EQ,2022-05-17,"1,812.85","1,823.00","1,844.90","1,817.60","1,842.00","1,840.30","1,834.57","30,20,781","5,54,18,31,208.15","1,14,975","19,97,736",66.13
KOTAKBANK,EQ,2022-05-18,"1,840.30","1,846.95","1,864.00","1,840.85","1,847.35","1,846.80","1,853.72","53,21,784","9,86,50,92,297.55","1,25,579","32,48,365",61.04
KOTAKBANK,EQ,2022-05-19,"1,846.80","1,812.00","1,827.30","1,778.35","1,782.50","1,783.40","1,801.83","31,08,321","5,60,06,80,788.80","1,18,339","18,83,563",60.6
KOTAKBANK,EQ,2022-05-20,"1,783.40","1,811.00","1,839.90","1,794.45","1,832.00","1,829.15","1,825.19","26,49,672","4,83,61,44,946.75","83,431","15,46,436",58.36
KOTAKBANK,EQ,2022-05-23,"1,829.15","1,852.00","1,871.50","1,841.25","1,845.00","1,854.30","1,857.90","28,26,078","5,25,05,57,026.75","96,722","17,86,848",63.23
KOTAKBANK,EQ,2022-05-24,"1,854.30","1,857.95","1,890.00","1,842.80","1,881.00","1,882.60","1,876.46","34,21,900","6,42,10,52,611.25","1,03,973","20,87,291",61.0
KOTAKBANK,EQ,2022-05-25,"1,882.60","1,897.85","1,941.50","1,886.30","1,903.90","1,907.55","1,917.94","62,52,602","11,99,21,25,534.30","1,88,858","40,72,448",65.13
KOTAKBANK,EQ,2022-05-26,"1,907.55","1,914.95","1,922.00","1,884.05","1,914.00","1,908.65","1,903.73","49,49,829","9,42,31,40,919.60","1,26,242","30,20,025",61.01
KOTAKBANK,EQ,2022-05-27,"1,908.65","1,921.00","1,950.00","1,913.00","1,948.00","1,946.20","1,935.26","24,40,367","4,72,27,52,379.00","80,726","13,69,021",56.1
KOTAKBANK,EQ,2022-05-30,"1,946.20","1,945.25","1,951.75","1,895.55","1,907.00","1,903.20","1,920.59","39,87,800","7,65,89,09,065.30","1,20,663","24,95,693",62.58
KOTAKBANK,EQ,2022-05-31,"1,903.20","1,891.10","1,896.15","1,828.35","1,837.00","1,846.85","1,859.49","1,48,30,306","27,57,67,64,992.90","1,32,295","1,21,10,412",81.66
KOTAKBANK,EQ,2022-06-01,"1,846.85","1,840.00","1,874.00","1,835.35","1,871.00","1,865.10","1,859.54","23,82,645","4,43,06,34,154.20","79,846","12,41,626",52.11
KOTAKBANK,EQ,2022-06-02,"1,865.10","1,848.20","1,879.00","1,846.00","1,855.10","1,857.65","1,862.20","26,64,301","4,96,14,50,211.50","75,287","13,75,130",51.61
KOTAKBANK,EQ,2022-06-03,"1,857.65","1,879.00","1,879.00","1,853.10","1,856.00","1,858.65","1,864.20","18,15,375","3,38,42,25,041.35","59,414","9,58,107",52.78
KOTAKBANK,EQ,2022-06-06,"1,858.65","1,845.00","1,877.00","1,843.15","1,872.05","1,869.30","1,861.28","25,88,097","4,81,71,83,634.60","58,946","17,33,761",66.99
KOTAKBANK,EQ,2022-06-07,"1,869.30","1,864.00","1,865.00","1,832.00","1,853.90","1,858.15","1,847.76","17,11,639","3,16,26,89,742.00","57,650","8,84,420",51.67
KOTAKBANK,EQ,2022-06-08,"1,858.15","1,860.00","1,880.10","1,838.75","1,844.25","1,845.50","1,861.06","14,65,616","2,72,75,98,876.25","57,712","6,98,652",47.67
KOTAKBANK,EQ,2022-06-09,"1,845.50","1,838.75","1,872.85","1,827.70","1,869.00","1,865.20","1,852.49","12,80,868","2,37,27,94,378.55","51,707","6,94,643",54.23
KOTAKBANK,EQ,2022-06-10,"1,865.20","1,840.00","1,854.20","1,784.05","1,790.90","1,791.80","1,804.65","28,59,950","5,16,12,04,185.90","1,05,821","15,46,868",54.09
KOTAKBANK,EQ,2022-06-13,"1,791.80","1,743.00","1,752.60","1,718.65","1,738.00","1,737.35","1,733.91","23,49,445","4,07,37,14,479.90","1,03,797","13,33,745",56.77
KOTAKBANK,EQ,2022-06-14,"1,737.35","1,735.60","1,748.65","1,721.60","1,742.00","1,739.70","1,738.69","15,51,047","2,69,67,92,671.85","66,476","8,83,106",56.94
KOTAKBANK,EQ,2022-06-15,"1,739.70","1,738.00","1,750.00","1,728.90","1,735.00","1,736.65","1,736.51","17,70,169","3,07,39,15,779.45","72,951","10,59,922",59.88
KOTAKBANK,EQ,2022-06-16,"1,736.65","1,742.00","1,753.55","1,670.00","1,672.25","1,675.80","1,702.55","29,73,292","5,06,21,90,948.80","1,20,095","16,82,119",56.57
KOTAKBANK,EQ,2022-06-17,"1,675.80","1,661.00","1,683.70","1,648.60","1,677.00","1,673.60","1,667.75","31,63,864","5,27,65,49,170.90","1,00,470","17,90,428",56.59
KOTAKBANK,EQ,2022-06-20,"1,673.60","1,673.60","1,689.85","1,652.00","1,679.80","1,679.20","1,672.93","17,67,577","2,95,70,39,707.35","57,332","10,21,416",57.79
KOTAKBANK,EQ,2022-06-21,"1,679.20","1,690.00","1,709.00","1,672.55","1,683.60","1,681.50","1,689.30","25,03,603","4,22,93,30,008.20","61,549","15,27,718",61.02
KOTAKBANK,EQ,2022-06-22,"1,681.50","1,665.00","1,675.85","1,653.00","1,668.20","1,669.70","1,665.87","17,71,925","2,95,17,88,436.00","79,853","9,80,862",55.36
KOTAKBANK,EQ,2022-06-23,"1,669.70","1,675.00","1,695.00","1,648.80","1,688.15","1,684.10","1,679.86","24,90,801","4,18,41,97,715.25","69,240","8,71,093",34.97
KOTAKBANK,EQ,2022-06-24,"1,684.10","1,700.00","1,714.90","1,690.15","1,701.00","1,698.40","1,700.82","16,17,721","2,75,14,53,628.10","90,718","9,76,905",60.39
KOTAKBANK,EQ,2022-06-27,"1,698.40","1,717.20","1,719.90","1,685.00","1,693.55","1,691.55","1,694.64","21,28,112","3,60,63,79,058.05","1,32,496","11,53,549",54.21
KOTAKBANK,EQ,2022-06-28,"1,691.55","1,684.90","1,692.35","1,664.70","1,669.10","1,668.80","1,670.31","27,99,443","4,67,59,36,932.65","1,09,677","19,00,050",67.87
KOTAKBANK,EQ,2022-06-29,"1,668.80","1,650.00","1,658.95","1,636.70","1,641.00","1,642.45","1,646.44","29,32,830","4,82,87,26,227.05","1,18,625","20,20,701",68.9
KOTAKBANK,EQ,2022-06-30,"1,642.45","1,632.00","1,676.90","1,631.00","1,658.00","1,661.10","1,662.25","39,82,064","6,61,92,05,362.35","1,61,399","23,42,086",58.82
KOTAKBANK,EQ,2022-07-01,"1,661.10","1,645.00","1,679.50","1,636.00","1,678.00","1,667.75","1,661.47","23,00,514","3,82,22,36,276.35","61,534","16,56,786",72.02
KOTAKBANK,EQ,2022-07-04,"1,667.75","1,666.55","1,684.45","1,660.05","1,672.40","1,670.90","1,668.02","18,68,781","3,11,71,65,044.70","96,341","12,44,651",66.6
KOTAKBANK,EQ,2022-07-05,"1,670.90","1,675.00","1,694.80","1,656.95","1,662.00","1,663.05","1,682.63","26,42,097","4,44,56,76,535.75","1,08,138","17,58,471",66.56
KOTAKBANK,EQ,2022-07-06,"1,663.05","1,682.00","1,712.40","1,671.00","1,706.95","1,704.50","1,689.33","55,72,949","9,41,45,62,044.00","1,16,670","40,70,122",73.03
KOTAKBANK,EQ,2022-07-07,"1,704.50","1,718.00","1,744.00","1,716.05","1,742.70","1,738.50","1,730.93","31,70,065","5,48,71,47,173.30","90,639","21,55,365",67.99
KOTAKBANK,EQ,2022-07-08,"1,738.50","1,755.00","1,756.45","1,732.20","1,747.50","1,744.75","1,744.27","17,78,149","3,10,15,79,560.55","39,992","11,79,225",66.32
KOTAKBANK,EQ,2022-07-11,"1,744.75","1,743.00","1,747.00","1,728.20","1,737.00","1,741.25","1,738.25","15,33,179","2,66,50,55,658.70","36,628","9,00,390",58.73
KOTAKBANK,EQ,2022-07-12,"1,741.25","1,721.50","1,739.00","1,711.95","1,714.00","1,718.95","1,728.82","18,28,832","3,16,17,15,232.05","40,389","13,29,092",72.67
KOTAKBANK,EQ,2022-07-13,"1,718.95","1,724.00","1,745.95","1,723.40","1,738.30","1,742.05","1,738.51","36,13,468","6,28,20,47,375.90","1,20,122","27,68,390",76.61
KOTAKBANK,EQ,2022-07-14,"1,742.05","1,740.00","1,777.00","1,737.05","1,770.70","1,770.05","1,765.36","65,70,982","11,60,01,69,598.70","1,04,894","52,98,825",80.64
KOTAKBANK,EQ,2022-07-15,"1,770.05","1,772.30","1,790.00","1,770.00","1,787.00","1,787.70","1,780.08","23,33,732","4,15,42,24,548.90","72,949","16,03,593",68.71
KOTAKBANK,EQ,2022-07-18,"1,787.70","1,800.00","1,850.00","1,794.25","1,845.00","1,845.65","1,829.72","31,17,038","5,70,33,11,110.35","1,47,635","21,93,071",70.36
KOTAKBANK,EQ,2022-07-19,"1,845.65","1,835.00","1,852.00","1,828.05","1,835.20","1,834.95","1,841.08","28,95,175","5,33,02,42,033.50","72,356","18,55,538",64.09
KOTAKBANK,EQ,2022-07-20,"1,834.95","1,846.25","1,850.00","1,818.10","1,820.00","1,827.75","1,836.89","25,71,469","4,72,35,07,863.10","1,02,449","17,77,198",69.11
KOTAKBANK,EQ,2022-07-21,"1,827.75","1,825.00","1,825.00","1,787.80","1,805.00","1,800.55","1,802.87","21,86,674","3,94,22,87,700.60","75,077","10,36,285",47.39
KOTAKBANK,EQ,2022-07-22,"1,800.55","1,801.00","1,842.00","1,789.70","1,827.00","1,827.10","1,830.07","33,49,580","6,12,99,66,950.10","1,46,224","17,52,948",52.33
KOTAKBANK,EQ,2022-07-25,"1,827.10","1,816.00","1,848.80","1,785.10","1,795.80","1,795.55","1,805.30","18,86,515","3,40,57,18,465.65","85,799","7,00,494",37.13
KOTAKBANK,EQ,2022-07-26,"1,795.55","1,791.00","1,794.95","1,752.00","1,753.00","1,761.60","1,767.22","18,02,447","3,18,53,11,397.60","1,08,020","10,52,680",58.4
KOTAKBANK,EQ,2022-07-27,"1,761.60","1,761.15","1,761.15","1,732.35","1,756.00","1,754.10","1,744.28","34,79,645","6,06,94,63,083.85","1,17,222","24,23,513",69.65
KOTAKBANK,EQ,2022-07-28,"1,754.10","1,774.80","1,831.85","1,765.00","1,827.50","1,828.50","1,808.69","21,54,401","3,89,66,34,756.60","89,520","10,27,979",47.72
KOTAKBANK,EQ,2022-07-29,"1,828.50","1,837.65","1,856.90","1,803.65","1,814.00","1,810.35","1,825.92","23,87,998","4,36,02,82,045.70","82,620","11,01,489",46.13
KOTAKBANK,EQ,2022-08-01,"1,810.35","1,815.00","1,862.00","1,812.00","1,853.05","1,855.75","1,837.59","16,55,537","3,04,22,01,169.40","71,535","8,09,911",48.92
KOTAKBANK,EQ,2022-08-02,"1,855.75","1,851.70","1,893.00","1,834.20","1,878.00","1,884.60","1,868.86","33,57,606","6,27,48,92,657.05","1,02,401","18,78,024",55.93
KOTAKBANK,EQ,2022-08-03,"1,884.60","1,875.00","1,879.80","1,840.00","1,850.00","1,851.10","1,850.48","25,35,679","4,69,22,29,663.95","78,877","15,23,371",60.08
KOTAKBANK,EQ,2022-08-04,"1,851.10","1,856.60","1,859.00","1,814.25","1,830.25","1,835.55","1,836.20","23,61,186","4,33,56,15,627.60","1,12,742","14,42,116",61.08
KOTAKBANK,EQ,2022-08-05,"1,835.55","1,844.75","1,850.00","1,822.65","1,830.00","1,833.90","1,838.58","16,64,571","3,06,04,50,277.25","71,229","9,52,524",57.22
KOTAKBANK,EQ,2022-08-08,"1,833.90","1,830.00","1,849.50","1,816.80","1,847.00","1,844.50","1,839.26","15,55,925","2,86,17,44,800.65","60,422","7,89,897",50.77
KOTAKBANK,EQ,2022-08-10,"1,844.50","1,848.00","1,849.25","1,821.05","1,830.50","1,828.35","1,834.10","16,57,327","3,03,97,07,131.95","71,876","10,42,344",62.89
KOTAKBANK,EQ,2022-08-11,"1,828.35","1,849.00","1,856.65","1,833.00","1,852.55","1,853.50","1,847.63","27,78,338","5,13,33,27,430.05","1,03,958","19,54,343",70.34
KOTAKBANK,EQ,2022-08-12,"1,853.50","1,860.00","1,860.00","1,836.50","1,841.65","1,841.20","1,843.40","13,96,522","2,57,43,54,137.35","54,070","6,72,745",48.17
KOTAKBANK,EQ,2022-08-16,"1,841.20","1,850.45","1,861.80","1,838.55","1,842.65","1,846.35","1,851.41","13,13,624","2,43,20,50,573.75","48,022","7,17,581",54.63
KOTAKBANK,EQ,2022-08-17,"1,846.35","1,854.00","1,854.00","1,831.15","1,839.50","1,839.70","1,840.07","33,83,334","6,22,55,61,436.00","78,505","25,84,898",76.4
KOTAKBANK,EQ,2022-08-18,"1,839.70","1,839.00","1,912.00","1,832.00","1,911.50","1,904.50","1,878.16","36,61,316","6,87,65,38,930.20","1,04,589","16,84,799",46.02
KOTAKBANK,EQ,2022-08-19,"1,904.50","1,919.00","1,942.45","1,871.00","1,871.90","1,877.00","1,911.46","45,63,906","8,72,37,19,003.05","1,14,788","19,28,285",42.25
KOTAKBANK,EQ,2022-08-22,"1,877.00","1,826.95","1,838.00","1,811.30","1,836.00","1,832.05","1,827.05","41,62,757","7,60,55,45,060.65","1,79,415","25,57,955",61.45
KOTAKBANK,EQ,2022-08-23,"1,832.05","1,824.00","1,869.00","1,820.00","1,868.00","1,855.75","1,847.28","22,14,300","4,09,04,25,198.85","1,01,592","11,03,176",49.82
KOTAKBANK,EQ,2022-08-24,"1,855.75","1,851.00","1,873.95","1,841.40","1,872.25","1,867.60","1,858.80","14,15,625","2,63,13,67,413.40","60,146","6,97,805",49.29
KOTAKBANK,EQ,2022-08-25,"1,867.60","1,875.10","1,905.45","1,856.15","1,861.55","1,868.75","1,884.68","22,04,409","4,15,46,06,328.10","71,160","12,31,311",55.86
KOTAKBANK,EQ,2022-08-26,"1,868.75","1,872.35","1,927.00","1,868.90","1,905.75","1,902.05","1,903.01","33,43,088","6,36,19,42,668.40","90,676","15,30,821",45.79
KOTAKBANK,EQ,2022-08-29,"1,902.05","1,858.00","1,877.95","1,845.00","1,850.00","1,850.00","1,858.14","36,39,673","6,76,30,31,661.45","98,546","24,70,041",67.86
KOTAKBANK,EQ,2022-08-30,"1,850.00","1,864.85","1,920.00","1,857.00","1,908.00","1,915.45","1,889.92","38,85,850","7,34,39,44,418.00","1,06,980","25,71,146",66.17
KOTAKBANK,EQ,2022-09-01,"1,915.45","1,875.00","1,925.50","1,875.00","1,909.00","1,902.85","1,901.66","42,07,842","8,00,18,87,652.50","1,76,026","24,85,499",59.07
KOTAKBANK,EQ,2022-09-02,"1,902.85","1,916.95","1,929.00","1,904.40","1,920.00","1,918.85","1,920.96","33,31,376","6,39,94,29,125.70","79,754","19,35,683",58.1
KOTAKBANK,EQ,2022-09-05,"1,918.85","1,911.00","1,957.00","1,911.00","1,934.75","1,937.90","1,939.91","38,06,770","7,38,47,89,860.85","97,418","19,43,608",51.06
KOTAKBANK,EQ,2022-09-06,"1,937.90","1,944.95","1,949.95","1,910.00","1,918.00","1,915.70","1,925.28","27,67,854","5,32,89,03,672.10","75,228","16,74,093",60.48
KOTAKBANK,EQ,2022-09-07,"1,915.70","1,900.00","1,915.10","1,885.70","1,908.20","1,908.25","1,903.28","19,76,258","3,76,13,65,046.35","92,424","10,47,960",53.03
KOTAKBANK,EQ,2022-09-08,"1,908.25","1,920.10","1,938.00","1,912.00","1,934.00","1,930.05","1,925.69","24,12,183","4,64,51,27,466.45","71,359","15,13,243",62.73
KOTAKBANK,EQ,2022-09-09,"1,930.05","1,950.00","1,950.70","1,916.50","1,925.00","1,926.35","1,936.08","28,17,973","5,45,58,08,213.95","73,200","19,34,407",68.65
KOTAKBANK,EQ,2022-09-12,"1,926.35","1,925.00","1,944.00","1,917.75","1,924.35","1,924.00","1,931.73","14,83,681","2,86,60,77,482.35","64,869","7,66,458",51.66
KOTAKBANK,EQ,2022-09-13,"1,924.00","1,933.00","1,940.00","1,920.15","1,924.00","1,923.40","1,929.02","15,84,581","3,05,66,81,720.65","52,838","10,10,455",63.77
KOTAKBANK,EQ,2022-09-14,"1,923.40","1,892.00","1,977.80","1,892.00","1,954.00","1,954.70","1,943.35","37,42,429","7,27,28,42,827.70","1,09,192","18,61,318",49.74
KOTAKBANK,EQ,2022-09-15,"1,954.70","1,967.50","1,987.20","1,923.00","1,935.00","1,934.15","1,944.19","37,47,498","7,28,58,53,287.60","1,09,999","18,28,139",48.78
KOTAKBANK,EQ,2022-09-16,"1,934.15","1,926.25","1,980.00","1,910.10","1,929.00","1,930.30","1,928.51","51,68,822","9,96,81,18,724.25","1,15,054","32,22,243",62.34
KOTAKBANK,EQ,2022-09-19,"1,930.30","1,923.10","1,940.00","1,907.55","1,932.00","1,929.50","1,928.74","16,75,912","3,23,24,05,401.60","60,818","8,35,656",49.86
KOTAKBANK,EQ,2022-09-20,"1,929.50","1,944.00","1,961.70","1,933.00","1,935.00","1,939.75","1,947.41","16,12,730","3,14,06,38,551.20","66,780","8,19,063",50.79
KOTAKBANK,EQ,2022-09-21,"1,939.75","1,927.00","1,950.00","1,898.40","1,917.90","1,918.50","1,919.83","22,38,276","4,29,71,10,603.20","1,02,598","11,61,988",51.91
KOTAKBANK,EQ,2022-09-22,"1,918.50","1,905.55","1,924.60","1,881.20","1,897.35","1,892.75","1,900.98","18,57,227","3,53,05,45,475.15","83,791","9,00,008",48.46
KOTAKBANK,EQ,2022-09-23,"1,892.75","1,870.10","1,888.70","1,841.90","1,858.80","1,862.70","1,857.53","26,13,759","4,85,51,41,074.05","1,10,087","13,51,417",51.7
KOTAKBANK,EQ,2022-09-26,"1,862.70","1,836.00","1,858.00","1,816.65","1,830.00","1,829.00","1,837.10","22,85,176","4,19,81,08,005.30","95,386","11,53,674",50.49
KOTAKBANK,EQ,2022-09-27,"1,829.00","1,832.20","1,834.85","1,792.05","1,808.75","1,799.30","1,811.61","27,40,144","4,96,40,78,424.25","1,02,180","16,98,047",61.97
KOTAKBANK,EQ,2022-09-28,"1,799.30","1,790.00","1,808.00","1,775.10","1,783.60","1,792.60","1,794.24","17,71,117","3,17,78,03,818.40","96,134","9,89,327",55.86
KOTAKBANK,EQ,2022-09-29,"1,792.60","1,802.00","1,810.00","1,759.75","1,768.00","1,765.30","1,775.60","27,99,627","4,97,10,14,258.90","1,40,949","15,58,227",55.66
KOTAKBANK,EQ,2022-09-30,"1,765.30","1,768.00","1,826.45","1,757.70","1,818.00","1,819.20","1,803.33","28,04,653","5,05,77,20,409.95","1,20,023","16,69,774",59.54
KOTAKBANK,EQ,2022-10-03,"1,819.20","1,808.00","1,813.00","1,773.30","1,781.00","1,783.90","1,786.03","24,40,064","4,35,80,38,298.00","95,171","14,80,726",60.68
KOTAKBANK,EQ,2022-10-04,"1,783.90","1,808.00","1,827.80","1,802.00","1,825.60","1,822.25","1,818.48","16,68,922","3,03,49,06,788.15","67,461","10,10,261",60.53
KOTAKBANK,EQ,2022-10-06,"1,822.25","1,825.00","1,840.00","1,811.85","1,816.00","1,818.90","1,822.88","17,48,151","3,18,66,63,379.25","84,923","9,14,158",52.29
KOTAKBANK,EQ,2022-10-07,"1,818.90","1,810.50","1,830.00","1,802.20","1,821.90","1,825.40","1,815.46","10,63,844","1,93,13,67,198.60","78,434","5,03,999",47.38
KOTAKBANK,EQ,2022-10-10,"1,825.40","1,801.10","1,821.75","1,794.55","1,807.00","1,808.25","1,806.45","10,37,722","1,87,45,96,109.70","50,633","4,70,171",45.31
KOTAKBANK,EQ,2022-10-11,"1,808.25","1,809.85","1,809.85","1,783.30","1,786.35","1,787.90","1,796.80","14,96,718","2,68,92,97,144.85","74,868","9,21,504",61.57
KOTAKBANK,EQ,2022-10-12,"1,787.90","1,788.00","1,813.00","1,780.20","1,813.00","1,810.20","1,801.02","10,35,118","1,86,42,67,845.25","47,498","5,69,926",55.06
KOTAKBANK,EQ,2022-10-13,"1,810.20","1,805.00","1,815.90","1,793.00","1,799.85","1,801.50","1,803.34","11,72,979","2,11,52,83,570.25","62,045","6,36,058",54.23
KOTAKBANK,EQ,2022-10-14,"1,801.50","1,828.00","1,858.00","1,822.50","1,837.30","1,834.00","1,840.65","16,70,238","3,07,43,25,557.95","69,269","6,30,012",37.72
KOTAKBANK,EQ,2022-10-17,"1,834.00","1,828.05","1,862.20","1,820.25","1,860.75","1,858.15","1,848.72","11,04,283","2,04,15,07,205.00","62,704","5,49,454",49.76
KOTAKBANK,EQ,2022-10-18,"1,858.15","1,867.45","1,875.90","1,855.10","1,857.60","1,859.70","1,865.44","16,09,858","3,00,31,01,021.80","68,862","8,36,795",51.98
KOTAKBANK,EQ,2022-10-19,"1,859.70","1,869.00","1,877.45","1,855.00","1,868.00","1,869.35","1,865.59","9,13,286","1,70,38,18,583.65","48,972","3,43,668",37.63
KOTAKBANK,EQ,2022-10-20,"1,869.35","1,860.00","1,882.95","1,855.35","1,865.00","1,863.55","1,866.82","15,91,107","2,97,03,14,650.25","88,807","7,88,720",49.57
KOTAKBANK,EQ,2022-10-21,"1,863.55","1,870.00","1,925.00","1,866.30","1,905.00","1,902.65","1,900.59","39,41,971","7,49,20,53,903.20","1,10,282","23,34,406",59.22
KOTAKBANK,EQ,2022-10-24,"1,902.65","1,902.50","1,915.00","1,890.00","1,898.00","1,895.80","1,899.23","6,49,081","1,23,27,51,106.05","18,260","1,64,921",25.41
KOTAKBANK,EQ,2022-10-25,"1,895.80","1,911.00","1,911.60","1,842.00","1,844.50","1,846.60","1,857.44","35,11,650","6,52,26,79,754.95","1,76,942","21,32,144",60.72
KOTAKBANK,EQ,2022-10-27,"1,846.60","1,883.70","1,888.00","1,849.45","1,871.00","1,865.00","1,867.33","45,93,492","8,57,75,52,897.95","1,23,891","29,77,106",64.81
KOTAKBANK,EQ,2022-10-28,"1,865.00","1,874.00","1,894.85","1,871.05","1,888.00","1,884.25","1,885.33","30,48,687","5,74,77,71,704.50","89,102","19,77,812",64.87
KOTAKBANK,EQ,2022-10-31,"1,884.25","1,899.00","1,912.00","1,889.00","1,901.55","1,901.95","1,902.55","18,74,348","3,56,60,32,551.85","78,949","12,50,323",66.71
KOTAKBANK,EQ,2022-11-01,"1,901.95","1,908.00","1,941.50","1,903.40","1,910.50","1,909.20","1,922.30","25,45,417","4,89,30,58,856.85","1,02,811","15,22,987",59.83
KOTAKBANK,EQ,2022-11-02,"1,909.20","1,918.75","1,920.00","1,897.50","1,907.95","1,909.95","1,906.25","18,64,081","3,55,34,01,008.30","69,701","13,07,954",70.17
KOTAKBANK,EQ,2022-11-03,"1,909.95","1,904.80","1,913.00","1,893.60","1,901.70","1,900.15","1,901.54","15,91,871","3,02,70,04,679.60","52,757","9,59,299",60.26
KOTAKBANK,EQ,2022-11-04,"1,900.15","1,906.00","1,908.00","1,894.30","1,900.00","1,899.95","1,899.29","20,81,413","3,95,32,01,705.00","54,556","16,39,255",78.76
KOTAKBANK,EQ,2022-11-07,"1,899.95","1,908.00","1,910.00","1,871.65","1,885.00","1,882.60","1,885.94","26,24,601","4,94,98,29,475.05","69,027","18,34,363",69.89
KOTAKBANK,EQ,2022-11-09,"1,882.60","1,898.00","1,903.60","1,880.70","1,884.25","1,893.40","1,892.57","23,22,634","4,39,57,51,676.70","66,365","16,63,393",71.62
KOTAKBANK,EQ,2022-11-10,"1,893.40","1,895.00","1,915.00","1,891.70","1,913.60","1,912.15","1,904.04","25,10,124","4,77,93,69,885.80","82,654","18,07,001",71.99
KOTAKBANK,EQ,2022-11-11,"1,912.15","1,933.00","1,933.90","1,890.90","1,900.50","1,899.10","1,906.97","34,24,030","6,52,95,19,336.10","1,17,698","24,16,102",70.56
KOTAKBANK,EQ,2022-11-14,"1,899.10","1,902.85","1,928.70","1,901.00","1,921.00","1,922.80","1,922.18","21,42,267","4,11,78,29,629.35","65,503","13,14,168",61.34
KOTAKBANK,EQ,2022-11-15,"1,922.80","1,925.00","1,933.30","1,895.30","1,918.10","1,912.40","1,912.52","19,90,292","3,80,64,69,569.65","75,734","10,90,480",54.79
KOTAKBANK,EQ,2022-11-16,"1,912.40","1,914.00","1,968.65","1,913.95","1,963.60","1,965.90","1,947.04","64,37,651","12,53,43,37,771.55","1,37,754","39,66,661",61.62
KOTAKBANK,EQ,2022-11-17,"1,965.90","1,963.80","1,965.00","1,943.25","1,949.95","1,950.55","1,952.32","24,08,671","4,70,24,94,008.65","61,694","14,84,409",61.63
KOTAKBANK,EQ,2022-11-18,"1,950.55","1,960.95","1,997.55","1,947.90","1,958.00","1,959.55","1,972.89","42,72,040","8,42,82,46,783.50","1,17,699","20,31,813",47.56
KOTAKBANK,EQ,2022-11-21,"1,959.55","1,954.55","1,954.55","1,932.80","1,942.00","1,944.10","1,941.35","11,92,610","2,31,52,69,250.15","52,173","6,53,203",54.77
KOTAKBANK,EQ,2022-11-22,"1,944.10","1,953.85","1,953.85","1,930.10","1,936.00","1,939.75","1,937.76","11,66,755","2,26,08,85,804.15","45,593","6,72,653",57.65
KOTAKBANK,EQ,2022-11-23,"1,939.75","1,950.50","1,961.50","1,945.65","1,951.00","1,953.35","1,953.58","25,00,563","4,88,50,39,958.55","78,126","18,05,991",72.22
KOTAKBANK,EQ,2022-11-24,"1,953.35","1,954.50","1,956.30","1,933.05","1,949.60","1,944.85","1,943.64","14,00,421","2,72,19,16,510.75","53,753","7,05,474",50.38
KOTAKBANK,EQ,2022-11-25,"1,944.85","1,949.00","1,949.00","1,920.00","1,928.70","1,928.40","1,930.91","20,97,541","4,05,01,67,484.75","76,088","13,07,332",62.33
KOTAKBANK,EQ,2022-11-28,"1,928.40","1,916.00","1,942.95","1,916.00","1,924.00","1,928.15","1,933.44","15,64,504","3,02,48,73,860.90","54,455","10,18,873",65.12
KOTAKBANK,EQ,2022-11-29,"1,928.15","1,931.60","1,939.00","1,923.25","1,926.75","1,925.55","1,930.38","13,63,505","2,63,20,83,326.45","61,094","8,97,629",65.83
KOTAKBANK,EQ,2022-11-30,"1,925.55","1,939.00","1,955.00","1,916.00","1,948.10","1,947.05","1,936.63","29,50,734","5,71,44,84,962.65","96,815","21,09,334",71.49
KOTAKBANK,EQ,2022-12-01,"1,947.05","1,955.00","1,961.75","1,927.85","1,933.95","1,934.30","1,943.85","24,71,005","4,80,32,57,954.60","1,29,350","14,94,489",60.48
KOTAKBANK,EQ,2022-12-02,"1,934.30","1,917.10","1,934.90","1,917.10","1,933.00","1,930.80","1,926.27","15,90,968","3,06,46,37,201.45","63,389","10,53,950",66.25
KOTAKBANK,EQ,2022-12-05,"1,930.80","1,942.00","1,943.95","1,920.00","1,933.85","1,938.45","1,931.26","12,45,509","2,40,53,99,456.60","66,850","7,68,844",61.73
KOTAKBANK,EQ,2022-12-06,"1,938.45","1,920.55","1,943.10","1,920.55","1,932.80","1,935.25","1,933.82","13,66,698","2,64,29,52,737.20","81,585","8,16,790",59.76
KOTAKBANK,EQ,2022-12-07,"1,935.25","1,932.50","1,932.50","1,905.50","1,914.00","1,911.45","1,916.25","23,62,280","4,52,67,28,322.85","83,786","14,08,829",59.64
KOTAKBANK,EQ,2022-12-08,"1,911.45","1,898.90","1,904.80","1,877.10","1,898.60","1,897.00","1,889.78","1,26,19,838","23,84,87,36,061.10","1,91,670","81,60,448",64.66
KOTAKBANK,EQ,2022-12-09,"1,897.00","1,914.00","1,916.75","1,879.25","1,888.30","1,888.05","1,895.89","26,48,455","5,02,11,66,442.00","1,21,699","13,27,830",50.14
KOTAKBANK,EQ,2022-12-12,"1,888.05","1,865.00","1,879.70","1,863.00","1,865.05","1,865.75","1,869.94","32,81,447","6,13,61,01,756.45","1,01,584","22,63,096",68.97
KOTAKBANK,EQ,2022-12-13,"1,865.75","1,863.75","1,871.75","1,858.20","1,868.70","1,868.50","1,865.08","69,39,565","12,94,28,29,676.35","84,750","45,16,201",65.08
KOTAKBANK,EQ,2022-12-14,"1,868.50","1,871.10","1,875.95","1,863.75","1,873.00","1,873.20","1,871.92","37,47,141","7,01,43,37,070.20","97,296","29,89,620",79.78
KOTAKBANK,EQ,2022-12-15,"1,873.20","1,875.55","1,881.80","1,854.90","1,855.10","1,863.20","1,869.25","20,41,799","3,81,66,36,171.40","70,789","10,88,068",53.29
KOTAKBANK,EQ,2022-12-16,"1,863.20","1,854.70","1,856.95","1,835.20","1,842.00","1,840.55","1,847.02","24,87,828","4,59,50,62,833.85","75,851","17,44,845",70.14
KOTAKBANK,EQ,2022-12-19,"1,840.55","1,840.55","1,864.00","1,840.50","1,859.75","1,858.15","1,851.65","17,13,647","3,17,30,71,747.80","65,070","11,87,362",69.29
KOTAKBANK,EQ,2022-12-20,"1,858.15","1,845.00","1,861.95","1,834.75","1,850.35","1,847.10","1,843.67","14,10,586","2,60,06,60,848.30","71,893","9,03,383",64.04
KOTAKBANK,EQ,2022-12-21,"1,847.10","1,860.50","1,860.95","1,809.00","1,815.95","1,814.60","1,833.46","23,82,869","4,36,89,03,081.95","76,924","14,76,256",61.95
KOTAKBANK,EQ,2022-12-22,"1,814.60","1,826.00","1,835.00","1,819.00","1,823.00","1,826.05","1,826.97","17,14,093","3,13,16,04,155.20","79,877","11,18,433",65.25
KOTAKBANK,EQ,2022-12-23,"1,826.05","1,815.95","1,839.15","1,811.95","1,819.50","1,821.95","1,826.03","21,02,126","3,83,85,35,972.50","1,06,565","12,03,568",57.25
KOTAKBANK,EQ,2022-12-26,"1,821.95","1,821.95","1,826.10","1,794.20","1,810.85","1,813.55","1,806.17","47,46,738","8,57,34,25,067.75","1,02,937","36,40,131",76.69
KOTAKBANK,EQ,2022-12-27,"1,813.55","1,822.65","1,827.95","1,807.00","1,820.65","1,820.90","1,817.90","15,48,286","2,81,46,25,389.65","68,406","9,84,173",63.57
KOTAKBANK,EQ,2022-12-28,"1,820.90","1,824.40","1,831.40","1,815.25","1,818.00","1,820.10","1,823.83","19,04,268","3,47,30,60,050.80","97,755","12,23,705",64.26
KOTAKBANK,EQ,2022-12-29,"1,820.10","1,814.40","1,820.00","1,801.00","1,820.00","1,818.75","1,812.37","21,54,490","3,90,47,37,471.25","93,075","15,89,138",73.76
KOTAKBANK,EQ,2022-12-30,"1,818.75","1,825.10","1,838.00","1,822.30","1,826.00","1,827.25","1,831.75","26,92,688","4,93,23,18,676.00","56,207","15,20,074",56.45
KOTAKBANK,EQ,2023-01-02,"1,827.25","1,827.80","1,833.00","1,816.45","1,830.00","1,825.05","1,825.85","11,25,001","2,05,40,79,282.65","39,086","7,03,784",62.56
KOTAKBANK,EQ,2023-01-03,"1,825.05","1,822.25","1,836.50","1,821.00","1,835.85","1,832.85","1,829.56","16,63,448","3,04,33,77,432.90","53,884","9,76,757",58.72
KOTAKBANK,EQ,2023-01-04,"1,832.85","1,834.90","1,834.90","1,813.95","1,824.90","1,820.75","1,828.09","16,64,104","3,04,21,30,609.55","67,407","10,43,937",62.73
KOTAKBANK,EQ,2023-01-05,"1,820.75","1,820.00","1,832.80","1,806.15","1,822.65","1,820.30","1,819.97","17,32,618","3,15,33,10,326.55","69,543","10,85,491",62.65
KOTAKBANK,EQ,2023-01-06,"1,820.30","1,826.00","1,826.00","1,770.65","1,788.90","1,786.80","1,789.59","37,99,655","6,79,98,36,915.65","2,10,794","27,55,957",72.53
KOTAKBANK,EQ,2023-01-09,"1,786.80","1,801.00","1,816.00","1,789.00","1,812.05","1,811.90","1,805.45","34,26,868","6,18,70,24,059.35","98,582","20,66,219",60.29
KOTAKBANK,EQ,2023-01-10,"1,811.90","1,808.55","1,816.00","1,788.90","1,796.00","1,795.55","1,801.99","14,74,131","2,65,63,71,686.10","83,548","8,30,502",56.34
KOTAKBANK,EQ,2023-01-11,"1,795.55","1,800.00","1,804.15","1,784.10","1,800.10","1,801.85","1,797.93","16,03,701","2,88,33,39,794.20","1,01,997","10,72,419",66.87
KOTAKBANK,EQ,2023-01-12,"1,801.85","1,807.00","1,807.00","1,772.40","1,779.90","1,779.50","1,780.89","35,29,605","6,28,58,55,690.90","1,52,391","27,61,046",78.23
KOTAKBANK,EQ,2023-01-13,"1,779.50","1,779.50","1,787.30","1,759.00","1,780.50","1,780.30","1,774.03","39,83,197","7,06,63,18,949.55","1,13,866","31,70,327",79.59
KOTAKBANK,EQ,2023-01-16,"1,780.30","1,787.00","1,799.00","1,780.00","1,785.00","1,784.80","1,789.54","21,18,161","3,79,05,30,255.45","60,255","15,59,490",73.62
KOTAKBANK,EQ,2023-01-17,"1,784.80","1,780.00","1,801.95","1,776.60","1,799.05","1,797.65","1,792.30","21,32,394","3,82,18,99,144.25","1,16,772","16,16,986",75.83
KOTAKBANK,EQ,2023-01-18,"1,797.65","1,802.95","1,827.00","1,796.00","1,799.50","1,799.10","1,808.55","28,35,232","5,12,76,48,034.40","1,62,024","19,31,238",68.12
KOTAKBANK,EQ,2023-01-19,"1,799.10","1,803.50","1,803.50","1,765.00","1,768.70","1,767.30","1,775.19","44,25,644","7,85,63,70,925.90","1,35,009","32,90,829",74.36
KOTAKBANK,EQ,2023-01-20,"1,767.30","1,778.90","1,778.90","1,757.00","1,761.35","1,762.90","1,766.41","42,70,294","7,54,30,85,447.40","1,07,943","31,64,224",74.1
KOTAKBANK,EQ,2023-01-23,"1,762.90","1,790.00","1,799.65","1,770.00","1,781.75","1,783.75","1,784.86","77,64,627","13,85,87,58,686.30","1,36,313","59,08,447",76.09
KOTAKBANK,EQ,2023-01-24,"1,783.75","1,792.70","1,792.70","1,748.75","1,760.15","1,760.25","1,765.37","41,59,188","7,34,25,21,372.00","1,57,620","31,13,715",74.86
KOTAKBANK,EQ,2023-01-25,"1,760.25","1,757.00","1,760.40","1,733.00","1,751.05","1,749.80","1,749.23","42,80,333","7,48,73,01,112.15","2,29,844","28,08,579",65.62
KOTAKBANK,EQ,2023-01-27,"1,749.80","1,752.10","1,752.10","1,704.00","1,713.00","1,713.10","1,721.15","75,16,979","12,93,78,21,331.70","2,87,638","60,13,956",80.0
KOTAKBANK,EQ,2023-01-30,"1,713.10","1,713.10","1,730.60","1,683.85","1,725.20","1,726.25","1,714.17","49,39,556","8,46,72,45,339.55","2,09,962","35,57,586",72.02
KOTAKBANK,EQ,2023-01-31,"1,726.25","1,730.50","1,738.60","1,713.05","1,735.00","1,731.00","1,729.55","43,85,384","7,58,47,20,724.15","1,91,157","32,49,208",74.09
KOTAKBANK,EQ,2023-02-01,"1,731.00","1,745.00","1,784.00","1,720.75","1,742.90","1,744.70","1,753.90","36,52,098","6,40,54,05,626.50","1,32,902","22,02,781",60.32
KOTAKBANK,EQ,2023-02-02,"1,744.70","1,720.00","1,768.00","1,720.00","1,762.00","1,761.75","1,748.87","41,84,470","7,31,81,03,706.75","1,52,404","27,08,177",64.72
KOTAKBANK,EQ,2023-02-03,"1,761.75","1,770.60","1,783.70","1,745.20","1,777.20","1,780.30","1,761.93","26,75,212","4,71,35,38,085.20","1,34,767","18,96,721",70.9
KOTAKBANK,EQ,2023-02-06,"1,780.30","1,775.00","1,778.25","1,740.00","1,747.85","1,747.00","1,749.02","30,40,209","5,31,73,80,537.20","1,02,534","23,17,082",76.21
KOTAKBANK,EQ,2023-02-07,"1,747.00","1,752.20","1,780.00","1,747.05","1,772.00","1,775.40","1,764.48","36,43,187","6,42,83,43,989.30","1,06,328","28,07,688",77.07
KOTAKBANK,EQ,2023-02-08,"1,775.40","1,778.80","1,780.00","1,761.10","1,763.10","1,765.50","1,769.19","14,46,690","2,55,94,76,105.40","79,898","10,30,447",71.23
KOTAKBANK,EQ,2023-02-09,"1,765.50","1,767.95","1,775.20","1,747.95","1,770.00","1,770.90","1,758.81","21,63,825","3,80,57,66,581.35","92,844","15,51,458",71.7
KOTAKBANK,EQ,2023-02-10,"1,770.90","1,767.90","1,778.65","1,765.00","1,770.60","1,772.05","1,771.61","14,45,942","2,56,16,46,544.95","66,017","9,81,869",67.91
KOTAKBANK,EQ,2023-02-13,"1,772.05","1,775.10","1,784.45","1,761.65","1,770.90","1,773.80","1,771.08","23,89,142","4,23,13,66,210.45","74,767","18,24,568",76.37
KOTAKBANK,EQ,2023-02-14,"1,773.80","1,770.00","1,777.00","1,763.75","1,768.45","1,770.35","1,769.82","16,14,893","2,85,80,64,808.05","71,751","8,41,264",52.09
KOTAKBANK,EQ,2023-02-15,"1,770.35","1,768.45","1,790.00","1,760.25","1,785.75","1,785.50","1,777.96","24,09,292","4,28,36,28,179.50","87,832","13,34,001",55.37
KOTAKBANK,EQ,2023-02-16,"1,785.50","1,794.00","1,803.90","1,783.55","1,790.95","1,787.95","1,794.89","22,91,602","4,11,31,74,558.05","96,040","13,68,754",59.73
KOTAKBANK,EQ,2023-02-17,"1,787.95","1,783.10","1,791.40","1,751.05","1,762.00","1,759.25","1,767.03","25,87,909","4,57,29,03,663.10","83,490","14,16,247",54.73
KOTAKBANK,EQ,2023-02-20,"1,759.25","1,768.05","1,768.05","1,730.10","1,737.00","1,737.30","1,745.73","32,24,839","5,62,97,12,170.90","97,812","18,88,304",58.55
KOTAKBANK,EQ,2023-02-21,"1,737.30","1,745.00","1,745.00","1,725.05","1,730.30","1,730.20","1,734.04","29,36,934","5,09,27,70,682.35","1,00,382","13,90,933",47.36
KOTAKBANK,EQ,2023-02-22,"1,730.20","1,723.95","1,726.10","1,698.00","1,701.50","1,700.55","1,706.41","35,39,149","6,03,92,51,992.10","1,17,630","22,91,002",64.73
KOTAKBANK,EQ,2023-02-23,"1,700.55","1,707.40","1,713.75","1,687.75","1,708.00","1,707.15","1,704.60","27,70,110","4,72,19,16,197.40","88,839","17,87,994",64.55
KOTAKBANK,EQ,2023-02-24,"1,707.15","1,713.00","1,724.25","1,694.00","1,698.00","1,697.30","1,706.29","20,80,363","3,54,96,92,946.70","66,878","12,94,380",62.22
KOTAKBANK,EQ,2023-02-27,"1,697.30","1,698.30","1,729.80","1,690.80","1,727.85","1,725.95","1,719.17","23,43,798","4,02,93,85,758.55","80,656","11,44,898",48.85
KOTAKBANK,EQ,2023-02-28,"1,725.95","1,725.95","1,741.40","1,721.65","1,731.95","1,729.25","1,731.14","43,95,098","7,60,85,46,902.30","86,877","23,60,416",53.71
KOTAKBANK,EQ,2023-03-01,"1,729.25","1,729.25","1,750.60","1,726.00","1,746.00","1,744.90","1,740.08","56,13,386","9,76,77,29,627.70","1,41,546","26,80,868",47.76
KOTAKBANK,EQ,2023-03-02,"1,744.90","1,735.60","1,746.35","1,718.00","1,719.80","1,721.70","1,734.47","41,19,935","7,14,58,97,952.80","84,290","7,65,242",18.57
KOTAKBANK,EQ,2023-03-03,"1,721.70","1,732.00","1,765.00","1,719.90","1,751.95","1,751.00","1,740.37","36,26,269","6,31,10,65,524.65","1,42,317","11,64,340",32.11
KOTAKBANK,EQ,2023-03-06,"1,751.00","1,756.30","1,764.60","1,741.45","1,750.55","1,751.00","1,751.75","51,86,846","9,08,60,74,883.90","1,00,659","8,92,233",17.2
KOTAKBANK,EQ,2023-03-08,"1,751.00","1,736.00","1,744.30","1,726.85","1,743.00","1,740.20","1,735.61","52,02,608","9,02,96,74,516.00","1,01,736","6,80,712",13.08
KOTAKBANK,EQ,2023-03-09,"1,740.20","1,739.30","1,744.55","1,713.70","1,714.95","1,716.70","1,724.22","69,28,316","11,94,59,72,208.30","1,01,294","20,77,752",29.99
KOTAKBANK,EQ,2023-03-10,"1,716.70","1,707.00","1,713.50","1,692.00","1,701.25","1,699.30","1,702.24","48,76,144","8,30,03,89,299.80","94,291","11,65,757",23.91
KOTAKBANK,EQ,2023-03-13,"1,699.30","1,699.00","1,723.30","1,666.20","1,678.00","1,673.90","1,693.03","89,78,938","15,20,16,09,488.40","1,18,625","24,04,805",26.78
KOTAKBANK,EQ,2023-03-14,"1,673.90","1,673.00","1,677.55","1,643.50","1,647.75","1,648.25","1,653.16","1,41,38,986","23,37,40,08,054.90","1,75,961","54,87,083",38.81
KOTAKBANK,EQ,2023-03-15,"1,648.25","1,668.00","1,688.00","1,661.60","1,666.40","1,665.95","1,674.80","46,92,363","7,85,87,91,160.85","1,03,405","13,91,968",29.66
KOTAKBANK,EQ,2023-03-16,"1,665.95","1,670.00","1,678.85","1,648.20","1,668.15","1,663.55","1,663.74","36,32,063","6,04,27,92,990.80","1,25,471","20,34,992",56.03
KOTAKBANK,EQ,2023-03-17,"1,663.55","1,679.60","1,706.20","1,671.15","1,694.00","1,693.10","1,689.15","89,28,301","15,08,12,29,596.35","1,15,886","63,00,354",70.57
KOTAKBANK,EQ,2023-03-20,"1,693.10","1,687.00","1,702.95","1,681.05","1,699.70","1,699.65","1,693.04","44,63,937","7,55,76,05,571.25","1,36,241","20,54,144",46.02
KOTAKBANK,EQ,2023-03-21,"1,699.65","1,707.55","1,711.95","1,692.00","1,710.00","1,706.85","1,702.58","18,05,180","3,07,34,57,041.75","91,511","7,17,106",39.72
KOTAKBANK,EQ,2023-03-22,"1,706.85","1,710.00","1,713.20","1,692.10","1,706.35","1,705.15","1,701.16","33,26,099","5,65,82,19,385.65","75,012","20,18,883",60.7
KOTAKBANK,EQ,2023-03-23,"1,705.15","1,699.15","1,700.00","1,675.00","1,679.00","1,679.70","1,690.05","56,42,151","9,53,55,32,697.75","89,491","23,52,523",41.7
KOTAKBANK,EQ,2023-03-24,"1,679.70","1,676.05","1,708.95","1,675.00","1,687.70","1,692.15","1,693.74","54,80,609","9,28,27,36,166.50","98,638","13,40,890",24.47
KOTAKBANK,EQ,2023-03-27,"1,692.15","1,700.65","1,712.85","1,693.10","1,700.00","1,705.20","1,704.98","28,37,204","4,83,73,81,446.65","80,302","11,02,190",38.85
KOTAKBANK,EQ,2023-03-28,"1,705.20","1,708.95","1,709.80","1,685.45","1,698.50","1,698.90","1,698.26","23,71,652","4,02,76,83,487.30","72,687","7,87,678",33.21
KOTAKBANK,EQ,2023-03-29,"1,698.90","1,700.10","1,727.00","1,695.00","1,724.35","1,721.05","1,714.82","28,21,000","4,83,75,02,881.00","87,414","18,05,918",64.02
KOTAKBANK,EQ,2023-03-31,"1,721.05","1,725.50","1,740.65","1,721.00","1,733.50","1,732.85","1,732.64","35,65,755","6,17,81,71,753.95","1,41,564","23,40,347",65.63
KOTAKBANK,EQ,2023-04-03,"1,732.85","1,734.00","1,752.20","1,733.20","1,744.95","1,745.70","1,745.51","24,36,866","4,25,35,73,693.45","91,408","12,22,729",50.18
KOTAKBANK,EQ,2023-04-05,"1,745.70","1,745.00","1,759.70","1,739.05","1,751.80","1,751.90","1,753.45","25,26,350","4,42,98,36,505.35","98,062","16,60,706",65.74
KOTAKBANK,EQ,2023-04-06,"1,751.90","1,750.00","1,761.45","1,739.35","1,755.95","1,757.10","1,754.66","15,57,355","2,73,26,31,624.85","55,545","8,29,774",53.28
KOTAKBANK,EQ,2023-04-10,"1,757.10","1,757.15","1,768.00","1,749.65","1,757.30","1,759.30","1,760.38","12,53,171","2,20,60,60,362.25","70,991","6,78,578",54.15
KOTAKBANK,EQ,2023-04-11,"1,759.30","1,847.20","1,859.00","1,826.00","1,840.50","1,846.50","1,840.07","92,93,763","17,10,11,62,280.95","2,43,058","49,95,861",53.75
KOTAKBANK,EQ,2023-04-12,"1,846.50","1,842.00","1,850.95","1,831.50","1,844.75","1,844.05","1,843.31","34,08,713","6,28,33,29,632.05","1,04,719","22,78,840",66.85
KOTAKBANK,EQ,2023-04-13,"1,844.05","1,838.00","1,874.30","1,831.00","1,868.00","1,869.50","1,853.90","29,24,116","5,42,10,31,008.95","1,26,588","17,88,759",61.17
KOTAKBANK,EQ,2023-04-17,"1,869.50","1,888.95","1,913.80","1,826.10","1,894.00","1,895.15","1,885.09","1,03,54,299","19,51,87,89,576.20","1,43,434","84,07,742",81.2
KOTAKBANK,EQ,2023-04-18,"1,895.15","1,900.95","1,904.60","1,885.90","1,890.00","1,888.30","1,895.23","29,72,721","5,63,40,03,811.35","1,14,229","18,60,955",62.6
KOTAKBANK,EQ,2023-04-19,"1,888.30","1,888.30","1,888.35","1,876.15","1,886.00","1,884.90","1,883.02","18,76,656","3,53,37,72,022.75","94,501","12,41,753",66.17
KOTAKBANK,EQ,2023-04-20,"1,884.90","1,884.30","1,903.40","1,872.05","1,890.00","1,884.00","1,893.40","23,22,777","4,39,79,54,004.70","96,548","12,32,779",53.07
KOTAKBANK,EQ,2023-04-21,"1,884.00","1,882.00","1,903.65","1,877.15","1,891.00","1,893.65","1,896.19","16,71,341","3,16,91,85,970.60","59,616","8,28,455",49.57
KOTAKBANK,EQ,2023-04-24,"1,893.65","1,890.20","1,902.00","1,877.55","1,896.95","1,897.25","1,889.73","20,17,406","3,81,23,61,614.90","74,419","10,71,012",53.09
KOTAKBANK,EQ,2023-04-25,"1,897.25","1,902.00","1,907.00","1,877.00","1,890.25","1,889.30","1,888.53","47,38,419","8,94,86,35,302.25","1,28,362","14,35,083",30.29
KOTAKBANK,EQ,2023-04-26,"1,889.30","1,877.50","1,894.40","1,863.35","1,884.00","1,878.60","1,874.35","31,59,518","5,92,20,28,136.75","96,607","13,43,661",42.53
KOTAKBANK,EQ,2023-04-27,"1,878.60","1,876.90","1,913.00","1,876.85","1,906.35","1,908.60","1,899.50","50,61,293","9,61,39,34,593.75","1,21,740","19,67,583",38.88
KOTAKBANK,EQ,2023-04-28,"1,908.60","1,906.00","1,943.30","1,896.10","1,933.00","1,938.05","1,922.97","43,67,612","8,39,87,79,972.00","1,12,897","18,70,705",42.83
KOTAKBANK,EQ,2023-05-02,"1,938.05","1,918.00","1,937.45","1,890.00","1,918.85","1,921.15","1,917.97","46,05,771","8,83,37,21,860.30","1,71,341","19,07,042",41.41
KOTAKBANK,EQ,2023-05-03,"1,921.15","1,919.00","1,933.85","1,912.70","1,927.15","1,930.95","1,924.86","34,49,007","6,63,88,53,711.60","1,14,917","14,16,149",41.06
KOTAKBANK,EQ,2023-05-04,"1,930.95","1,929.95","1,951.10","1,921.75","1,940.00","1,947.60","1,936.26","34,51,579","6,68,31,53,043.45","1,16,417","15,10,049",43.75
KOTAKBANK,EQ,2023-05-05,"1,947.60","1,952.15","1,974.00","1,915.50","1,918.00","1,928.70","1,951.72","34,84,218","6,80,02,18,322.95","1,48,539","14,76,415",42.37
KOTAKBANK,EQ,2023-05-08,"1,928.70","1,935.90","1,968.50","1,921.00","1,959.10","1,958.85","1,960.15","38,70,941","7,58,76,15,229.30","1,33,603","20,11,856",51.97
KOTAKBANK,EQ,2023-05-09,"1,958.85","1,964.85","1,970.00","1,948.15","1,952.95","1,954.30","1,960.25","36,23,075","7,10,21,20,753.75","1,27,906","18,04,998",49.82
KOTAKBANK,EQ,2023-05-10,"1,954.30","1,960.00","1,964.00","1,931.65","1,962.00","1,958.70","1,951.73","39,12,439","7,63,60,27,662.50","1,47,760","17,58,860",44.96
KOTAKBANK,EQ,2023-05-11,"1,958.70","1,970.00","1,980.00","1,951.85","1,964.00","1,957.95","1,962.48","44,11,824","8,65,81,36,736.00","1,38,076","19,25,500",43.64
KOTAKBANK,EQ,2023-05-12,"1,957.95","1,954.00","1,968.00","1,943.65","1,955.00","1,960.60","1,955.17","32,17,081","6,28,99,46,422.75","1,83,958","16,26,289",50.55
KOTAKBANK,EQ,2023-05-15,"1,960.60","1,957.05","1,977.00","1,952.40","1,970.00","1,973.00","1,968.52","29,71,692","5,84,98,25,936.05","1,01,512","14,77,985",49.74
KOTAKBANK,EQ,2023-05-16,"1,973.00","1,978.00","1,978.00","1,938.00","1,940.00","1,947.05","1,959.78","45,69,497","8,95,52,06,834.90","1,63,152","19,08,080",41.76
KOTAKBANK,EQ,2023-05-17,"1,947.05","1,949.80","1,950.90","1,895.55","1,909.00","1,909.15","1,913.55","54,82,017","10,49,01,34,116.95","1,73,252","27,44,722",50.07
KOTAKBANK,EQ,2023-05-18,"1,909.15","1,924.00","1,933.65","1,911.20","1,927.00","1,927.40","1,924.26","41,45,228","7,97,65,00,585.15","1,07,793","18,41,165",44.42
KOTAKBANK,EQ,2023-05-19,"1,927.40","1,930.00","1,946.85","1,923.50","1,942.00","1,941.65","1,933.16","39,46,927","7,63,00,28,672.80","92,896","23,79,771",60.29
KOTAKBANK,EQ,2023-05-22,"1,941.65","1,945.00","1,952.50","1,923.65","1,937.50","1,940.20","1,940.98","34,00,880","6,60,10,41,520.60","83,424","14,85,120",43.67
KOTAKBANK,EQ,2023-05-23,"1,940.20","1,940.20","1,940.20","1,915.00","1,920.90","1,921.50","1,923.76","43,35,524","8,34,05,03,828.10","99,213","20,81,634",48.01
KOTAKBANK,EQ,2023-05-24,"1,921.50","1,921.95","1,940.00","1,897.40","1,908.30","1,910.35","1,920.52","35,57,537","6,83,23,18,522.00","79,385","17,55,581",49.35
KOTAKBANK,EQ,2023-05-25,"1,910.35","1,918.00","1,933.55","1,907.55","1,930.55","1,929.95","1,922.15","59,66,757","11,46,89,78,411.85","1,03,149","34,51,298",57.84
KOTAKBANK,EQ,2023-05-26,"1,929.95","1,949.95","1,949.95","1,923.50","1,944.50","1,945.05","1,937.38","32,95,412","6,38,44,58,591.80","84,285","20,61,112",62.54
KOTAKBANK,EQ,2023-05-29,"1,945.05","1,963.10","1,973.30","1,948.25","1,953.30","1,953.20","1,957.88","37,75,509","7,39,19,93,127.60","87,960","26,45,848",70.08
KOTAKBANK,EQ,2023-05-30,"1,953.20","1,957.85","1,979.10","1,952.35","1,972.05","1,974.70","1,968.89","74,29,705","14,62,82,65,545.35","1,40,716","50,84,256",68.43
KOTAKBANK,EQ,2023-05-31,"1,974.70","1,984.95","2,064.40","1,953.90","2,011.65","2,014.35","2,008.64","8,85,98,126","1,77,96,13,05,207.70","3,69,147","6,11,86,415",69.06
KOTAKBANK,EQ,2023-06-01,"2,014.35","1,968.00","1,979.15","1,925.00","1,929.00","1,930.05","1,940.85","59,67,432","11,58,18,61,981.00","1,96,305","27,29,616",45.74
KOTAKBANK,EQ,2023-06-02,"1,930.05","1,944.95","1,951.35","1,928.00","1,934.05","1,938.75","1,939.15","35,58,072","6,89,96,45,420.05","1,73,837","21,55,184",60.57
KOTAKBANK,EQ,2023-06-05,"1,938.75","1,945.00","1,951.50","1,922.25","1,926.10","1,924.90","1,938.24","24,05,909","4,66,32,37,633.35","93,567","12,52,106",52.04
KOTAKBANK,EQ,2023-06-06,"1,924.90","1,934.90","1,966.40","1,930.15","1,962.15","1,959.05","1,949.21","41,12,841","8,01,67,92,243.85","1,32,618","24,61,463",59.85
KOTAKBANK,EQ,2023-06-07,"1,959.05","1,972.00","1,972.00","1,936.00","1,939.40","1,939.40","1,945.19","31,00,414","6,03,08,86,444.50","1,11,565","14,25,178",45.97
KOTAKBANK,EQ,2023-06-08,"1,939.40","1,936.90","1,936.90","1,879.55","1,888.00","1,886.50","1,902.83","54,91,614","10,44,95,95,228.30","1,96,038","20,09,236",36.59
KOTAKBANK,EQ,2023-06-09,"1,886.50","1,862.00","1,897.70","1,860.70","1,874.00","1,872.00","1,875.25","1,41,96,924","26,62,27,88,168.20","3,18,026","80,62,004",56.79
KOTAKBANK,EQ,2023-06-12,"1,872.00","1,874.85","1,884.00","1,864.45","1,877.20","1,879.45","1,875.96","28,15,173","5,28,11,46,601.50","1,08,157","18,35,671",65.21
KOTAKBANK,EQ,2023-06-13,"1,879.45","1,875.35","1,883.00","1,852.00","1,856.35","1,855.95","1,861.16","95,61,827","17,79,60,98,934.90","2,78,102","75,11,942",78.56
KOTAKBANK,EQ,2023-06-14,"1,855.95","1,855.95","1,867.95","1,846.40","1,862.00","1,864.65","1,856.22","55,78,543","10,35,50,08,456.45","1,41,635","42,00,246",75.29
KOTAKBANK,EQ,2023-06-15,"1,864.65","1,867.95","1,869.00","1,828.70","1,834.00","1,833.50","1,845.67","48,38,188","8,92,96,85,601.80","1,29,987","29,82,136",61.64
KOTAKBANK,EQ,2023-06-16,"1,833.50","1,836.95","1,861.65","1,833.00","1,857.00","1,857.40","1,847.35","31,97,657","5,90,71,92,895.50","88,585","19,58,581",61.25
KOTAKBANK,EQ,2023-06-19,"1,857.40","1,863.85","1,868.45","1,818.00","1,825.00","1,824.55","1,829.12","76,09,913","13,91,94,39,634.85","1,69,113","49,12,085",64.55
KOTAKBANK,EQ,2023-06-20,"1,824.55","1,820.00","1,847.00","1,815.30","1,839.35","1,844.00","1,830.74","46,22,905","8,46,33,16,149.40","1,34,138","28,83,956",62.38
KOTAKBANK,EQ,2023-06-21,"1,844.00","1,847.05","1,849.75","1,836.10","1,843.00","1,845.55","1,843.41","23,99,108","4,42,25,31,344.55","1,22,750","15,69,144",65.41
KOTAKBANK,EQ,2023-06-22,"1,845.55","1,845.55","1,847.30","1,830.40","1,831.90","1,836.10","1,837.58","34,28,210","6,29,95,93,671.65","1,48,463","13,62,939",39.76
KOTAKBANK,EQ,2023-06-23,"1,836.10","1,833.00","1,845.55","1,823.90","1,826.40","1,828.55","1,835.29","25,84,063","4,74,24,93,451.10","84,036","11,79,620",45.65
KOTAKBANK,EQ,2023-06-26,"1,828.55","1,831.95","1,831.95","1,819.90","1,823.45","1,822.95","1,825.18","22,13,679","4,04,03,54,808.65","1,25,225","12,53,757",56.64
KOTAKBANK,EQ,2023-06-27,"1,822.95","1,827.70","1,847.00","1,820.65","1,844.00","1,844.70","1,835.56","21,38,665","3,92,56,56,050.50","83,647","12,38,426",57.91
KOTAKBANK,EQ,2023-06-28,"1,844.70","1,846.00","1,848.10","1,829.40","1,844.00","1,840.55","1,839.86","53,39,982","9,82,48,02,659.75","2,05,195","24,61,756",46.1
KOTAKBANK,EQ,2023-06-30,"1,840.55","1,847.90","1,850.55","1,832.95","1,843.00","1,846.55","1,842.36","39,34,720","7,24,91,90,171.20","1,68,153","27,25,418",69.27
KOTAKBANK,EQ,2023-07-03,"1,846.55","1,856.00","1,859.00","1,838.00","1,844.45","1,843.95","1,847.48","32,08,540","5,92,77,29,187.45","1,46,381","14,69,057",45.79
KOTAKBANK,EQ,2023-07-04,"1,843.95","1,850.00","1,868.35","1,836.05","1,861.00","1,861.70","1,852.49","65,75,587","12,18,12,39,287.40","2,10,522","37,10,442",56.43
KOTAKBANK,EQ,2023-07-05,"1,861.70","1,862.80","1,867.80","1,853.15","1,863.05","1,864.85","1,859.88","31,19,185","5,80,13,18,510.30","1,15,197","15,23,957",48.86
KOTAKBANK,EQ,2023-07-06,"1,864.85","1,860.00","1,882.85","1,859.05","1,875.95","1,877.30","1,872.78","36,54,241","6,84,36,00,294.20","1,31,165","14,39,841",39.4
KOTAKBANK,EQ,2023-07-07,"1,877.30","1,872.00","1,874.40","1,850.50","1,855.00","1,853.50","1,863.32","20,76,544","3,86,92,72,991.90","84,038","9,67,003",46.57
KOTAKBANK,EQ,2023-07-10,"1,853.50","1,853.00","1,874.35","1,845.00","1,870.00","1,866.90","1,856.32","34,37,542","6,38,11,94,608.50","1,03,954","18,97,921",55.21
KOTAKBANK,EQ,2023-07-11,"1,866.90","1,874.00","1,893.80","1,863.30","1,866.90","1,866.60","1,879.81","40,96,757","7,70,11,38,952.70","1,64,708","19,01,371",46.41
KOTAKBANK,EQ,2023-07-12,"1,866.60","1,874.90","1,890.90","1,867.90","1,878.00","1,878.10","1,880.14","43,55,083","8,18,81,84,302.05","1,88,882","25,92,696",59.53
KOTAKBANK,EQ,2023-07-13,"1,878.10","1,889.00","1,901.60","1,866.45","1,869.00","1,869.70","1,882.81","52,65,370","9,91,37,01,563.45","1,55,491","21,90,476",41.6
KOTAKBANK,EQ,2023-07-14,"1,869.70","1,870.10","1,887.35","1,860.00","1,871.20","1,869.00","1,871.68","71,31,916","13,34,86,59,249.60","1,45,481","59,61,814",83.59
KOTAKBANK,EQ,2023-07-17,"1,869.00","1,871.20","1,899.45","1,866.65","1,898.65","1,897.05","1,884.57","33,29,856","6,27,53,42,843.45","1,06,694","19,12,164",57.42
KOTAKBANK,EQ,2023-07-18,"1,897.05","1,895.35","1,908.00","1,879.35","1,890.05","1,890.85","1,892.48","57,95,645","10,96,81,47,018.95","1,93,929","12,62,297",21.78
KOTAKBANK,EQ,2023-07-19,"1,890.85","1,894.80","1,915.00","1,891.55","1,907.80","1,906.60","1,906.02","33,77,787","6,43,81,28,333.30","1,23,817","12,22,946",36.21
KOTAKBANK,EQ,2023-07-20,"1,906.60","1,901.00","1,962.40","1,892.90","1,956.55","1,956.90","1,935.69","93,05,585","18,01,27,26,375.50","1,93,079","42,20,762",45.36
KOTAKBANK,EQ,2023-07-21,"1,956.90","1,951.90","1,987.75","1,950.60","1,970.00","1,970.20","1,969.47","38,49,750","7,58,19,55,586.20","1,31,451","14,53,915",37.77
KOTAKBANK,EQ,2023-07-24,"1,970.20","1,950.00","1,950.00","1,888.20","1,893.85","1,897.25","1,905.36","70,33,093","13,40,05,45,283.25","2,34,475","33,05,034",46.99
KOTAKBANK,EQ,2023-07-25,"1,897.25","1,901.00","1,902.00","1,856.45","1,871.65","1,875.50","1,878.76","79,44,916","14,92,65,76,404.75","2,33,574","28,69,878",36.12
KOTAKBANK,EQ,2023-07-26,"1,875.50","1,880.00","1,897.90","1,875.65","1,896.80","1,895.30","1,890.71","24,62,073","4,65,50,60,880.80","1,08,952","9,34,891",37.97
KOTAKBANK,EQ,2023-07-27,"1,895.30","1,889.00","1,902.60","1,862.55","1,873.05","1,873.75","1,877.21","62,90,001","11,80,76,37,146.50","1,52,657","29,23,008",46.47
KOTAKBANK,EQ,2023-07-28,"1,873.75","1,869.60","1,885.80","1,861.10","1,871.90","1,876.85","1,875.17","23,02,033","4,31,66,97,759.90","87,193","12,63,697",54.89
KOTAKBANK,EQ,2023-07-31,"1,876.85","1,866.00","1,875.00","1,849.15","1,856.90","1,856.55","1,857.23","40,25,207","7,47,57,37,477.80","1,63,611","23,57,668",58.57
KOTAKBANK,EQ,2023-08-01,"1,856.55","1,850.00","1,865.75","1,844.40","1,850.00","1,850.00","1,850.29","44,67,942","8,26,70,04,832.15","1,81,600","19,40,406",43.43
KOTAKBANK,EQ,2023-08-02,"1,850.00","1,840.55","1,847.90","1,818.05","1,823.40","1,823.70","1,827.30","41,80,451","7,63,89,33,597.30","1,45,863","24,16,512",57.81
KOTAKBANK,EQ,2023-08-03,"1,823.70","1,820.10","1,833.85","1,805.85","1,822.00","1,823.25","1,817.28","70,15,292","12,74,87,43,995.95","1,95,125","22,74,929",32.43
KOTAKBANK,EQ,2023-08-04,"1,823.25","1,829.00","1,842.80","1,811.15","1,837.00","1,838.50","1,828.93","54,43,532","9,95,58,26,212.25","1,46,245","20,15,147",37.02
KOTAKBANK,EQ,2023-08-07,"1,838.50","1,845.00","1,845.00","1,826.40","1,832.55","1,831.55","1,831.31","37,08,310","6,79,10,56,465.30","1,07,097","20,29,799",54.74
KOTAKBANK,EQ,2023-08-08,"1,831.55","1,831.50","1,842.65","1,822.05","1,830.50","1,828.00","1,831.90","40,89,623","7,49,17,98,321.45","1,35,117","11,45,702",28.01
KOTAKBANK,EQ,2023-08-09,"1,828.00","1,834.00","1,834.00","1,816.75","1,826.00","1,831.50","1,826.30","26,24,324","4,79,27,90,851.95","1,07,626","14,66,929",55.9
KOTAKBANK,EQ,2023-08-10,"1,831.50","1,825.75","1,832.40","1,796.00","1,797.30","1,800.85","1,810.25","51,12,099","9,25,41,83,486.10","1,98,906","18,94,006",37.05
KOTAKBANK,EQ,2023-08-11,"1,800.85","1,798.00","1,800.00","1,782.00","1,793.50","1,791.45","1,788.40","42,65,616","7,62,86,06,493.80","1,56,986","27,35,494",64.13
KOTAKBANK,EQ,2023-08-14,"1,791.45","1,789.00","1,802.35","1,785.00","1,795.00","1,794.10","1,794.58","32,99,919","5,92,19,53,076.35","1,42,754","15,60,324",47.28
KOTAKBANK,EQ,2023-08-16,"1,794.10","1,787.00","1,789.85","1,777.50","1,786.00","1,786.20","1,783.70","18,83,940","3,36,03,91,590.05","46,498","11,35,387",60.27
KOTAKBANK,EQ,2023-08-17,"1,786.20","1,782.00","1,787.40","1,763.00","1,767.00","1,765.70","1,774.21","51,31,739","9,10,47,97,109.40","1,65,598","23,01,267",44.84
KOTAKBANK,EQ,2023-08-18,"1,765.70","1,757.10","1,768.40","1,746.50","1,749.40","1,750.80","1,760.15","41,13,292","7,23,99,97,220.45","1,36,537","26,93,542",65.48
KOTAKBANK,EQ,2023-08-21,"1,750.80","1,751.00","1,772.60","1,748.85","1,762.00","1,760.35","1,760.41","39,55,468","6,96,32,30,702.70","1,24,546","25,25,385",63.85
KOTAKBANK,EQ,2023-08-22,"1,760.35","1,769.00","1,772.00","1,758.45","1,759.85","1,763.10","1,764.86","33,28,812","5,87,48,74,515.15","1,27,021","15,09,893",45.36
KOTAKBANK,EQ,2023-08-23,"1,763.10","1,769.80","1,781.90","1,754.00","1,778.00","1,780.05","1,768.63","33,38,285","5,90,41,90,828.90","1,44,885","17,97,586",53.85
KOTAKBANK,EQ,2023-08-24,"1,780.05","1,789.00","1,799.00","1,776.25","1,777.50","1,780.95","1,784.25","41,23,791","7,35,78,93,719.10","1,63,551","11,62,914",28.2
KOTAKBANK,EQ,2023-08-25,"1,780.95","1,771.20","1,789.35","1,767.00","1,773.05","1,778.85","1,778.33","20,43,350","3,63,37,58,062.20","1,01,900","8,51,926",41.69
KOTAKBANK,EQ,2023-08-28,"1,778.85","1,778.85","1,796.60","1,774.65","1,795.00","1,790.35","1,787.84","19,80,536","3,54,08,81,628.15","1,27,554","11,73,051",59.23
KOTAKBANK,EQ,2023-08-29,"1,790.35","1,796.95","1,797.55","1,779.00","1,781.95","1,783.10","1,789.70","27,08,692","4,84,77,46,472.20","1,23,689","13,01,788",48.06
KOTAKBANK,EQ,2023-08-30,"1,783.10","1,791.00","1,792.95","1,765.00","1,770.00","1,774.90","1,782.65","25,95,896","4,62,75,82,903.05","1,32,787","14,59,830",56.24
KOTAKBANK,EQ,2023-08-31,"1,774.90","1,774.90","1,783.80","1,754.30","1,759.95","1,758.75","1,765.09","83,14,010","14,67,50,07,294.00","2,45,208","51,27,517",61.67
KOTAKBANK,EQ,2023-09-01,"1,758.75","1,763.90","1,779.60","1,754.35","1,772.50","1,771.10","1,768.46","26,95,210","4,76,63,66,216.55","1,58,059","14,60,075",54.17
KOTAKBANK,EQ,2023-09-04,"1,771.10","1,777.40","1,789.00","1,757.30","1,764.60","1,762.20","1,766.81","46,97,683","8,29,99,09,305.60","1,63,590","28,93,101",61.59
KOTAKBANK,EQ,2023-09-05,"1,762.20","1,765.00","1,783.00","1,763.10","1,770.00","1,771.05","1,774.53","42,57,343","7,55,48,01,134.95","2,02,652","15,45,191",36.29
KOTAKBANK,EQ,2023-09-06,"1,771.05","1,771.00","1,777.00","1,760.20","1,776.00","1,770.30","1,769.56","62,20,223","11,00,70,68,218.60","3,07,880","23,50,142",37.78
KOTAKBANK,EQ,2023-09-07,"1,770.30","1,775.00","1,792.35","1,767.30","1,787.00","1,789.00","1,780.88","22,08,089","3,93,23,45,838.55","82,337","10,45,166",47.33
KOTAKBANK,EQ,2023-09-08,"1,789.00","1,797.00","1,805.00","1,781.55","1,793.50","1,793.20","1,793.37","23,86,182","4,27,93,06,171.70","76,540","11,93,691",50.03
KOTAKBANK,EQ,2023-09-11,"1,793.20","1,800.00","1,811.50","1,795.25","1,809.50","1,807.90","1,806.09","23,16,902","4,18,45,26,895.55","1,33,403","14,77,262",63.76
KOTAKBANK,EQ,2023-09-12,"1,807.90","1,819.00","1,819.00","1,796.40","1,811.75","1,811.20","1,807.72","34,08,966","6,16,24,44,751.10","1,62,316","12,77,863",37.49
KOTAKBANK,EQ,2023-09-13,"1,811.20","1,800.60","1,836.00","1,800.60","1,828.00","1,824.60","1,825.25","59,31,870","10,82,71,53,713.55","1,46,715","25,89,816",43.66
KOTAKBANK,EQ,2023-09-14,"1,824.60","1,828.00","1,831.75","1,814.00","1,822.50","1,821.55","1,821.46","25,59,423","4,66,18,83,298.95","1,50,951","9,70,620",37.92
KOTAKBANK,EQ,2023-09-15,"1,821.55","1,816.20","1,823.45","1,811.00","1,812.50","1,813.90","1,816.27","41,21,540","7,48,58,11,656.85","1,27,870","29,50,951",71.6
KOTAKBANK,EQ,2023-09-18,"1,813.90","1,811.00","1,812.00","1,794.00","1,797.60","1,798.35","1,802.13","39,70,112","7,15,46,52,233.40","1,41,933","21,93,216",55.24
KOTAKBANK,EQ,2023-09-20,"1,798.35","1,786.95","1,803.45","1,775.70","1,793.00","1,789.45","1,789.64","53,68,143","9,60,70,65,704.70","2,01,861","18,18,618",33.88
KOTAKBANK,EQ,2023-09-21,"1,789.45","1,784.00","1,790.80","1,751.00","1,755.00","1,755.70","1,774.79","47,84,751","8,49,19,27,834.25","1,84,588","27,00,184",56.43
KOTAKBANK,EQ,2023-09-22,"1,755.70","1,758.00","1,769.90","1,752.15","1,760.90","1,756.45","1,761.00","37,10,123","6,53,35,20,381.20","1,63,883","24,85,927",67.0
KOTAKBANK,EQ,2023-09-25,"1,756.45","1,764.00","1,789.30","1,756.80","1,786.00","1,784.40","1,777.37","22,26,567","3,95,74,44,358.15","1,01,848","13,73,310",61.68
KOTAKBANK,EQ,2023-09-26,"1,784.40","1,776.10","1,781.80","1,753.70","1,770.00","1,764.10","1,765.55","36,56,167","6,45,51,54,454.95","1,47,362","22,09,659",60.44
KOTAKBANK,EQ,2023-09-27,"1,764.10","1,764.00","1,771.10","1,750.00","1,769.70","1,765.15","1,760.84","30,04,206","5,28,99,15,294.15","1,25,432","19,72,653",65.66
KOTAKBANK,EQ,2023-09-28,"1,765.15","1,762.20","1,771.90","1,729.00","1,731.90","1,733.20","1,741.66","82,63,197","14,39,16,67,453.75","1,66,796","44,89,526",54.33
KOTAKBANK,EQ,2023-09-29,"1,733.20","1,744.00","1,744.00","1,732.95","1,736.35","1,735.70","1,737.21","35,71,729","6,20,48,34,653.20","1,31,659","23,76,279",66.53
KOTAKBANK,EQ,2023-10-03,"1,735.70","1,730.00","1,735.00","1,715.45","1,730.00","1,727.05","1,723.30","55,34,869","9,53,82,52,302.65","1,78,673","35,02,704",63.28
KOTAKBANK,EQ,2023-10-04,"1,727.05","1,715.00","1,727.00","1,709.00","1,727.00","1,722.05","1,718.13","62,20,979","10,68,84,62,768.15","1,93,947","40,02,309",64.34
KOTAKBANK,EQ,2023-10-05,"1,722.05","1,730.00","1,747.00","1,721.15","1,733.30","1,734.25","1,736.68","29,66,801","5,15,23,92,778.75","1,31,248","17,90,307",60.34
KOTAKBANK,EQ,2023-10-06,"1,734.25","1,735.30","1,747.00","1,730.20","1,743.90","1,743.90","1,741.49","19,92,323","3,46,96,04,697.15","1,07,776","11,32,686",56.85
KOTAKBANK,EQ,2023-10-09,"1,743.90","1,730.00","1,733.80","1,717.05","1,718.45","1,719.30","1,726.93","18,39,513","3,17,67,01,616.40","1,23,235","11,31,436",61.51
KOTAKBANK,EQ,2023-10-10,"1,719.30","1,727.50","1,768.70","1,720.60","1,761.00","1,756.10","1,750.29","33,68,982","5,89,66,91,216.90","1,35,168","13,65,498",40.53
KOTAKBANK,EQ,2023-10-11,"1,756.10","1,760.05","1,779.95","1,760.05","1,774.00","1,771.40","1,772.91","34,99,844","6,20,48,95,618.50","1,31,073","15,86,668",45.34
KOTAKBANK,EQ,2023-10-12,"1,771.40","1,775.00","1,776.90","1,761.25","1,764.00","1,763.85","1,765.82","23,83,827","4,20,94,15,718.00","1,00,995","14,53,657",60.98
KOTAKBANK,EQ,2023-10-13,"1,763.85","1,755.00","1,769.95","1,752.15","1,754.00","1,762.00","1,762.85","21,23,927","3,74,41,71,344.25","89,860","13,74,688",64.72
KOTAKBANK,EQ,2023-10-16,"1,762.00","1,761.00","1,762.15","1,746.45","1,750.00","1,749.75","1,755.35","15,79,957","2,77,33,75,545.00","77,300","9,62,938",60.95
KOTAKBANK,EQ,2023-10-17,"1,749.75","1,755.00","1,774.80","1,750.80","1,774.80","1,771.55","1,760.59","32,17,357","5,66,44,48,644.15","86,694","20,55,244",63.88
KOTAKBANK,EQ,2023-10-18,"1,771.55","1,773.00","1,775.20","1,745.10","1,753.00","1,753.40","1,755.98","30,51,680","5,35,86,77,575.60","1,67,803","17,69,145",57.97
KOTAKBANK,EQ,2023-10-19,"1,753.40","1,742.00","1,753.40","1,735.60","1,738.65","1,738.45","1,742.42","19,93,179","3,47,29,64,904.55","1,39,090","9,95,913",49.97
KOTAKBANK,EQ,2023-10-20,"1,738.45","1,733.50","1,773.20","1,732.65","1,770.00","1,769.60","1,759.16","40,72,383","7,16,39,93,326.70","2,05,538","29,37,311",72.13
KOTAKBANK,EQ,2023-10-23,"1,769.60","1,769.00","1,769.00","1,722.45","1,736.95","1,740.75","1,746.88","75,46,442","13,18,27,35,920.00","2,66,673","49,94,292",66.18
KOTAKBANK,EQ,2023-10-25,"1,740.75","1,749.00","1,761.75","1,722.00","1,734.85","1,728.05","1,743.13","35,12,668","6,12,30,20,897.95","1,90,645","22,03,413",62.73
KOTAKBANK,EQ,2023-10-26,"1,728.05","1,727.70","1,727.70","1,689.00","1,694.95","1,694.85","1,702.42","62,79,280","10,68,99,42,968.45","2,70,417","39,03,446",62.16
KOTAKBANK,EQ,2023-10-27,"1,694.85","1,708.00","1,708.00","1,689.00","1,705.00","1,702.70","1,699.41","29,74,830","5,05,54,64,646.55","1,79,367","18,59,519",62.51
KOTAKBANK,EQ,2023-10-30,"1,702.70","1,702.00","1,720.90","1,688.40","1,719.30","1,717.50","1,708.30","15,11,563","2,58,22,01,540.95","95,921","7,97,757",52.78
KOTAKBANK,EQ,2023-10-31,"1,717.50","1,727.70","1,747.00","1,716.85","1,736.00","1,739.40","1,735.28","48,39,336","8,39,76,00,793.50","1,88,165","28,98,093",59.89
KOTAKBANK,EQ,2023-11-01,"1,739.40","1,731.00","1,735.95","1,717.85","1,724.00","1,724.40","1,725.56","25,28,105","4,36,23,90,293.70","1,56,679","8,71,734",34.48
KOTAKBANK,EQ,2023-11-02,"1,724.40","1,735.00","1,758.65","1,732.10","1,736.20","1,737.70","1,742.87","25,50,558","4,44,52,89,289.00","1,21,898","10,74,227",42.12
KOTAKBANK,EQ,2023-11-03,"1,737.70","1,740.00","1,744.25","1,730.10","1,733.00","1,733.25","1,736.96","15,58,958","2,70,78,51,181.05","1,16,013","8,21,782",52.71
KOTAKBANK,EQ,2023-11-06,"1,733.25","1,744.00","1,747.00","1,732.00","1,739.00","1,740.20","1,739.56","11,86,685","2,06,43,10,854.15","89,384","8,49,081",71.55
KOTAKBANK,EQ,2023-11-07,"1,740.20","1,735.15","1,754.40","1,726.10","1,753.00","1,751.25","1,739.29","35,99,603","6,26,07,70,587.85","1,54,676","13,20,541",36.69
KOTAKBANK,EQ,2023-11-08,"1,751.25","1,753.00","1,760.95","1,740.00","1,748.00","1,746.25","1,744.84","36,42,837","6,35,61,81,025.55","1,73,692","11,23,786",30.85
KOTAKBANK,EQ,2023-11-09,"1,746.25","1,745.90","1,756.70","1,739.10","1,747.25","1,744.95","1,748.46","19,43,711","3,39,84,91,912.15","96,130","8,56,438",44.06
KOTAKBANK,EQ,2023-11-10,"1,744.95","1,734.60","1,749.25","1,734.60","1,746.20","1,745.45","1,740.28","16,34,799","2,84,50,15,619.15","87,989","7,53,338",46.08
KOTAKBANK,EQ,2023-11-12,"1,745.45","1,752.00","1,755.90","1,747.00","1,752.00","1,752.50","1,751.49","2,00,366","35,09,38,283.10","12,354","69,665",34.77
KOTAKBANK,EQ,2023-11-13,"1,752.50","1,751.00","1,752.20","1,733.50","1,747.80","1,748.20","1,743.77","28,55,277","4,97,89,44,879.20","1,28,958","14,26,203",49.95
KOTAKBANK,EQ,2023-11-15,"1,748.20","1,761.00","1,772.30","1,750.15","1,771.20","1,769.50","1,764.43","34,32,271","6,05,60,10,588.90","1,60,269","15,36,400",44.76
KOTAKBANK,EQ,2023-11-16,"1,769.50","1,771.00","1,783.40","1,765.00","1,771.70","1,772.85","1,775.14","20,79,116","3,69,07,25,273.55","1,22,717","12,90,913",62.09
KOTAKBANK,EQ,2023-11-17,"1,772.85","1,760.00","1,784.25","1,759.30","1,760.60","1,764.60","1,770.03","27,10,870","4,79,83,15,248.45","1,17,012","18,33,081",67.62
KOTAKBANK,EQ,2023-11-20,"1,764.60","1,756.00","1,775.95","1,750.10","1,770.00","1,770.55","1,765.84","19,23,651","3,39,68,54,106.65","1,02,973","10,82,319",56.26
KOTAKBANK,EQ,2023-11-21,"1,770.55","1,778.95","1,778.95","1,760.65","1,768.00","1,767.20","1,767.68","27,05,765","4,78,29,31,267.20","1,18,394","12,12,303",44.8
KOTAKBANK,EQ,2023-11-22,"1,767.20","1,758.00","1,763.00","1,737.50","1,744.90","1,745.65","1,748.67","45,13,732","7,89,30,27,589.30","1,55,148","23,58,754",52.26
KOTAKBANK,EQ,2023-11-23,"1,745.65","1,740.05","1,748.80","1,737.00","1,739.85","1,739.30","1,740.81","28,36,289","4,93,74,36,228.20","1,13,367","18,18,330",64.11
KOTAKBANK,EQ,2023-11-24,"1,739.30","1,739.50","1,749.50","1,733.70","1,746.90","1,744.00","1,741.21","25,61,979","4,46,09,43,032.20","99,695","16,52,128",64.49
KOTAKBANK,EQ,2023-11-28,"1,744.00","1,745.00","1,748.00","1,738.00","1,741.00","1,742.25","1,743.24","33,49,292","5,83,86,16,744.15","1,71,075","25,44,226",75.96
KOTAKBANK,EQ,2023-11-29,"1,742.25","1,748.50","1,759.25","1,740.20","1,759.00","1,753.45","1,750.27","34,73,140","6,07,89,21,881.35","1,47,723","26,41,067",76.04
KOTAKBANK,EQ,2023-11-30,"1,753.45","1,756.45","1,766.00","1,745.95","1,756.80","1,755.45","1,754.35","62,54,947","10,97,33,87,600.00","1,61,309","37,97,676",60.71
KOTAKBANK,EQ,2023-12-01,"1,755.45","1,760.00","1,766.00","1,748.25","1,749.70","1,750.50","1,754.06","20,02,378","3,51,22,81,987.10","91,571","10,88,403",54.36
KOTAKBANK,EQ,2023-12-04,"1,750.50","1,770.00","1,825.95","1,752.65","1,819.20","1,818.55","1,794.86","45,79,173","8,21,89,60,519.45","1,63,512","21,12,481",46.13
KOTAKBANK,EQ,2023-12-05,"1,818.55","1,828.00","1,837.00","1,808.50","1,827.00","1,828.45","1,824.58","55,71,472","10,16,56,22,022.90","1,70,570","26,32,382",47.25
KOTAKBANK,EQ,2023-12-06,"1,828.45","1,832.05","1,839.35","1,813.15","1,823.00","1,821.40","1,822.20","46,95,880","8,55,68,21,954.05","1,18,584","25,48,057",54.26
KOTAKBANK,EQ,2023-12-07,"1,821.40","1,825.00","1,836.85","1,813.40","1,825.50","1,826.85","1,827.78","25,00,642","4,57,06,10,954.05","1,11,436","15,91,115",63.63
KOTAKBANK,EQ,2023-12-08,"1,826.85","1,826.85","1,843.00","1,820.70","1,842.60","1,838.45","1,830.23","29,85,466","5,46,40,82,637.15","1,61,295","17,80,410",59.64
KOTAKBANK,EQ,2023-12-11,"1,838.45","1,845.00","1,861.65","1,840.30","1,846.00","1,844.05","1,849.92","32,05,833","5,93,05,47,218.90","1,24,946","17,19,625",53.64
KOTAKBANK,EQ,2023-12-12,"1,844.05","1,848.00","1,853.00","1,819.05","1,821.05","1,824.35","1,835.50","38,14,962","7,00,23,69,561.70","1,38,759","22,96,598",60.2
KOTAKBANK,EQ,2023-12-13,"1,824.35","1,824.00","1,835.75","1,813.10","1,825.00","1,826.20","1,824.79","32,51,332","5,93,30,08,248.65","1,53,977","17,31,685",53.26
KOTAKBANK,EQ,2023-12-14,"1,826.20","1,844.00","1,865.45","1,832.45","1,853.95","1,853.85","1,854.98","48,78,863","9,05,01,93,935.05","1,78,441","31,19,156",63.93
KOTAKBANK,EQ,2023-12-15,"1,853.85","1,865.00","1,865.00","1,842.75","1,849.00","1,850.60","1,853.60","38,77,197","7,18,67,91,060.35","1,50,215","26,97,748",69.58
KOTAKBANK,EQ,2023-12-18,"1,850.60","1,845.20","1,855.90","1,840.00","1,848.00","1,846.95","1,848.73","37,58,730","6,94,88,76,400.55","1,33,095","27,62,769",73.5
KOTAKBANK,EQ,2023-12-19,"1,846.95","1,849.85","1,854.85","1,835.70","1,852.05","1,846.55","1,843.96","30,88,923","5,69,58,43,236.60","1,57,727","20,03,085",64.85
KOTAKBANK,EQ,2023-12-20,"1,846.55","1,852.15","1,864.00","1,815.30","1,817.55","1,826.50","1,845.50","39,68,562","7,32,39,88,300.00","1,96,835","23,17,330",58.39
KOTAKBANK,EQ,2023-12-21,"1,826.50","1,821.00","1,857.45","1,805.00","1,854.90","1,852.70","1,836.39","24,03,840","4,41,43,96,933.10","1,11,794","11,86,435",49.36
KOTAKBANK,EQ,2023-12-22,"1,852.70","1,854.70","1,879.65","1,851.00","1,856.90","1,860.50","1,865.73","33,09,295","6,17,42,35,232.50","1,37,257","14,56,018",44.0
KOTAKBANK,EQ,2023-12-26,"1,860.50","1,867.00","1,899.00","1,857.15","1,886.15","1,886.85","1,882.96","43,50,669","8,19,21,33,975.45","2,00,354","28,51,857",65.55
KOTAKBANK,EQ,2023-12-27,"1,886.85","1,894.00","1,910.00","1,883.15","1,898.00","1,902.35","1,897.66","34,07,243","6,46,57,81,778.15","1,35,534","20,66,203",60.64
KOTAKBANK,EQ,2023-12-28,"1,902.35","1,911.00","1,926.50","1,903.10","1,920.00","1,921.35","1,916.33","49,50,014","9,48,58,71,600.95","1,98,195","29,89,187",60.39
KOTAKBANK,EQ,2023-12-29,"1,921.35","1,912.10","1,917.75","1,890.05","1,904.00","1,908.10","1,902.12","24,46,170","4,65,29,18,668.55","1,02,513","14,59,688",59.67
KOTAKBANK,EQ,2024-01-01,"1,908.10","1,909.00","1,919.00","1,893.10","1,897.00","1,909.15","1,910.57","14,25,902","2,72,42,88,902.90","86,759","5,87,673",41.21
KOTAKBANK,EQ,2024-01-02,"1,909.15","1,908.00","1,908.00","1,860.10","1,864.80","1,865.05","1,877.17","51,20,796","9,61,26,22,351.80","1,62,114","32,58,114",63.63
KOTAKBANK,EQ,2024-01-03,"1,865.05","1,864.00","1,870.00","1,847.65","1,867.00","1,865.90","1,858.80","37,81,515","7,02,90,85,128.15","1,26,546","19,88,434",52.58
KOTAKBANK,EQ,2024-01-04,"1,865.90","1,871.50","1,871.50","1,860.55","1,865.00","1,863.60","1,865.64","28,65,766","5,34,64,84,257.85","1,03,534","20,38,699",71.14
KOTAKBANK,EQ,2024-01-05,"1,863.60","1,865.50","1,869.90","1,841.40","1,844.80","1,847.60","1,851.55","77,99,341","14,44,08,94,609.95","1,38,035","61,03,501",78.26
KOTAKBANK,EQ,2024-01-08,"1,847.60","1,848.00","1,851.45","1,818.60","1,825.85","1,826.10","1,828.99","1,22,53,167","22,41,09,69,572.80","1,57,824","99,97,606",81.59
KOTAKBANK,EQ,2024-01-09,"1,826.10","1,837.00","1,858.00","1,821.00","1,823.65","1,826.65","1,841.97","43,39,223","7,99,27,04,220.70","1,82,490","23,24,024",53.56
KOTAKBANK,EQ,2024-01-10,"1,826.65","1,820.80","1,832.50","1,811.60","1,820.90","1,820.80","1,819.95","70,52,758","12,83,56,36,972.80","1,06,304","53,93,522",76.47
KOTAKBANK,EQ,2024-01-11,"1,820.80","1,832.00","1,841.40","1,815.35","1,823.25","1,822.85","1,829.35","41,70,070","7,62,85,03,106.75","1,34,802","29,11,982",69.83
KOTAKBANK,EQ,2024-01-12,"1,822.85","1,825.00","1,842.55","1,814.40","1,836.00","1,833.25","1,828.60","21,72,621","3,97,28,52,359.45","1,24,812","12,47,409",57.41
KOTAKBANK,EQ,2024-01-15,"1,833.25","1,843.00","1,853.60","1,836.25","1,851.00","1,851.50","1,847.47","61,72,312","11,40,31,52,021.35","1,38,618","43,81,108",70.98
KOTAKBANK,EQ,2024-01-16,"1,851.50","1,850.55","1,860.95","1,841.00","1,848.00","1,848.00","1,852.63","46,50,898","8,61,64,14,355.05","1,54,076","33,24,792",71.49
KOTAKBANK,EQ,2024-01-17,"1,848.00","1,823.05","1,834.65","1,776.10","1,778.50","1,779.65","1,796.13","1,08,36,883","19,46,44,38,752.80","3,65,051","50,24,290",46.36
KOTAKBANK,EQ,2024-01-18,"1,779.65","1,770.00","1,792.70","1,764.60","1,777.70","1,777.25","1,778.26","42,93,450","7,63,48,69,689.25","1,75,035","27,62,537",64.34
KOTAKBANK,EQ,2024-01-19,"1,777.25","1,787.05","1,799.95","1,754.15","1,760.90","1,764.30","1,776.06","45,60,329","8,09,94,35,323.05","2,11,697","27,09,440",59.41
KOTAKBANK,EQ,2024-01-20,"1,764.30","1,774.45","1,829.45","1,758.10","1,810.00","1,806.80","1,799.54","54,56,020","9,81,83,46,527.45","2,22,642","12,80,067",23.46
KOTAKBANK,EQ,2024-01-23,"1,806.80","1,801.00","1,824.90","1,763.90","1,783.85","1,784.50","1,793.79","67,80,824","12,16,33,92,178.80","2,49,294","36,66,888",54.08
KOTAKBANK,EQ,2024-01-24,"1,784.50","1,789.00","1,803.50","1,762.90","1,785.05","1,788.60","1,782.94","32,68,351","5,82,72,70,802.00","1,61,148","18,26,422",55.88
KOTAKBANK,EQ,2024-01-25,"1,788.60","1,790.00","1,797.60","1,752.40","1,775.00","1,768.40","1,768.48","67,02,170","11,85,26,34,771.20","1,68,914","38,31,512",57.17
KOTAKBANK,EQ,2024-01-29,"1,768.40","1,785.30","1,830.05","1,776.00","1,825.50","1,822.90","1,813.82","52,36,148","9,49,74,28,317.80","1,90,474","34,38,576",65.67
KOTAKBANK,EQ,2024-01-30,"1,822.90","1,825.00","1,839.45","1,803.35","1,819.05","1,823.60","1,818.67","38,29,187","6,96,40,39,094.70","1,69,223","17,43,702",45.54
KOTAKBANK,EQ,2024-01-31,"1,823.60","1,816.00","1,841.45","1,788.50","1,826.50","1,825.25","1,819.65","81,17,401","14,77,08,24,924.70","2,64,271","49,88,519",61.45
KOTAKBANK,EQ,2024-02-01,"1,825.25","1,830.00","1,832.05","1,813.20","1,822.95","1,822.75","1,823.28","20,72,168","3,77,81,50,516.95","1,34,971","11,17,249",53.92
KOTAKBANK,EQ,2024-02-02,"1,822.75","1,841.80","1,850.00","1,818.40","1,824.35","1,822.95","1,830.87","50,49,876","9,24,56,55,754.80","2,08,951","26,14,565",51.77
KOTAKBANK,EQ,2024-02-05,"1,822.95","1,825.00","1,826.95","1,799.00","1,803.00","1,808.35","1,807.78","34,60,806","6,25,63,83,704.40","1,41,610","9,42,704",27.24
KOTAKBANK,EQ,2024-02-06,"1,808.35","1,814.00","1,814.00","1,783.15","1,790.00","1,787.00","1,792.58","46,91,897","8,41,05,90,256.45","1,53,546","26,82,057",57.16
KOTAKBANK,EQ,2024-02-07,"1,787.00","1,791.00","1,809.80","1,784.00","1,801.00","1,792.60","1,795.30","45,92,224","8,24,44,37,884.40","1,75,736","12,26,464",26.71
KOTAKBANK,EQ,2024-02-08,"1,792.60","1,801.55","1,803.80","1,727.05","1,730.00","1,729.70","1,752.92","45,42,774","7,96,30,97,233.80","1,95,490","26,49,211",58.32
KOTAKBANK,EQ,2024-02-09,"1,729.70","1,730.00","1,749.00","1,719.00","1,742.00","1,742.45","1,735.48","40,63,976","7,05,29,51,259.15","2,16,599","26,56,671",65.37
KOTAKBANK,EQ,2024-02-12,"1,742.45","1,743.00","1,749.00","1,691.10","1,714.40","1,709.55","1,711.72","45,06,489","7,71,38,39,682.75","2,25,685","27,02,945",59.98
KOTAKBANK,EQ,2024-02-13,"1,709.55","1,713.00","1,745.10","1,709.00","1,733.00","1,737.15","1,730.31","44,92,334","7,77,31,48,615.10","1,66,991","14,43,742",32.14
KOTAKBANK,EQ,2024-02-14,"1,737.15","1,723.65","1,764.80","1,712.15","1,746.20","1,748.95","1,743.15","38,50,323","6,71,16,71,823.50","1,78,386","12,91,029",33.53
KOTAKBANK,EQ,2024-02-15,"1,748.95","1,755.00","1,757.45","1,720.05","1,741.95","1,739.25","1,732.60","25,41,670","4,40,36,99,039.15","1,22,623","11,77,352",46.32
KOTAKBANK,EQ,2024-02-16,"1,739.25","1,749.95","1,751.00","1,732.20","1,735.00","1,735.25","1,739.00","16,43,146","2,85,74,31,997.15","75,009","7,82,730",47.64
KOTAKBANK,EQ,2024-02-19,"1,735.25","1,744.00","1,744.00","1,726.15","1,732.00","1,731.40","1,732.69","44,47,954","7,70,69,31,243.00","95,716","34,52,208",77.61
KOTAKBANK,EQ,2024-02-20,"1,731.40","1,739.70","1,768.65","1,737.35","1,766.80","1,762.50","1,754.58","76,11,124","13,35,43,07,021.05","1,64,156","49,28,563",64.75
KOTAKBANK,EQ,2024-02-21,"1,762.50","1,769.00","1,769.00","1,740.55","1,742.40","1,746.10","1,751.43","41,84,871","7,32,95,25,260.15","1,25,718","25,29,717",60.45
KOTAKBANK,EQ,2024-02-22,"1,746.10","1,744.50","1,745.00","1,714.20","1,729.00","1,724.75","1,723.94","62,00,760","10,68,97,45,179.00","1,68,286","36,43,618",58.76
KOTAKBANK,EQ,2024-02-23,"1,724.75","1,724.50","1,732.75","1,715.40","1,720.00","1,724.00","1,724.85","34,53,766","5,95,72,25,169.05","1,19,363","22,83,405",66.11
KOTAKBANK,EQ,2024-02-26,"1,724.00","1,722.10","1,725.40","1,701.95","1,707.00","1,706.30","1,708.41","59,58,066","10,17,88,38,019.20","1,96,020","45,86,487",76.98
KOTAKBANK,EQ,2024-02-27,"1,706.30","1,713.00","1,714.95","1,697.00","1,708.20","1,706.75","1,705.85","44,31,652","7,55,97,30,682.85","1,41,466","28,34,799",63.97
KOTAKBANK,EQ,2024-02-28,"1,706.75","1,711.00","1,712.85","1,675.20","1,680.00","1,683.60","1,697.95","30,76,327","5,22,34,55,663.80","1,35,413","20,58,955",66.93
KOTAKBANK,EQ,2024-02-29,"1,683.60","1,687.00","1,702.25","1,667.40","1,697.00","1,689.45","1,685.21","66,06,975","11,13,41,69,035.85","2,26,212","34,01,024",51.48
KOTAKBANK,EQ,2024-03-01,"1,689.45","1,695.50","1,730.25","1,695.00","1,727.05","1,727.70","1,718.07","34,44,150","5,91,73,03,158.70","1,58,870","23,30,484",67.66
KOTAKBANK,EQ,2024-03-02,"1,727.70","1,728.00","1,733.00","1,717.20","1,724.80","1,723.70","1,725.03","1,79,918","31,03,63,475.15","6,024","80,769",44.89
KOTAKBANK,EQ,2024-03-04,"1,723.70","1,727.95","1,741.50","1,718.50","1,726.95","1,727.20","1,728.36","27,77,198","4,80,00,06,360.60","1,24,195","16,55,317",59.6
KOTAKBANK,EQ,2024-03-05,"1,727.20","1,726.90","1,727.20","1,708.95","1,718.00","1,715.70","1,717.21","31,22,194","5,36,14,78,284.60","1,60,439","19,72,372",63.17
KOTAKBANK,EQ,2024-03-06,"1,715.70","1,722.85","1,771.95","1,718.40","1,759.70","1,759.75","1,753.89","74,51,712","13,06,94,48,343.15","2,77,871","37,08,328",49.76
KOTAKBANK,EQ,2024-03-07,"1,759.75","1,759.75","1,764.90","1,745.00","1,749.70","1,748.05","1,751.40","31,39,360","5,49,82,74,059.75","1,10,711","19,93,999",63.52
KOTAKBANK,EQ,2024-03-11,"1,748.05","1,765.90","1,769.85","1,724.25","1,728.90","1,729.65","1,731.68","36,40,143","6,30,35,75,876.45","1,77,715","24,48,410",67.26
KOTAKBANK,EQ,2024-03-12,"1,729.65","1,734.90","1,743.45","1,707.35","1,722.40","1,720.35","1,724.45","1,02,43,298","17,66,40,82,429.40","1,81,880","65,93,801",64.37
KOTAKBANK,EQ,2024-03-13,"1,720.35","1,720.35","1,742.75","1,717.20","1,725.30","1,729.55","1,732.97","58,16,083","10,07,90,71,674.10","1,86,372","28,95,050",49.78
KOTAKBANK,EQ,2024-03-14,"1,729.55","1,725.00","1,757.85","1,719.15","1,739.95","1,742.40","1,738.22","48,09,633","8,36,01,98,413.40","1,62,973","23,97,698",49.85
KOTAKBANK,EQ,2024-03-15,"1,742.40","1,735.80","1,756.00","1,721.20","1,734.00","1,738.30","1,737.91","1,55,07,454","26,95,05,38,168.15","1,90,092","1,16,40,377",75.06
KOTAKBANK,EQ,2024-03-18,"1,738.30","1,737.40","1,744.85","1,715.30","1,736.00","1,737.90","1,733.30","23,14,143","4,01,11,07,841.95","90,848","11,06,322",47.81
KOTAKBANK,EQ,2024-03-19,"1,737.90","1,734.85","1,756.90","1,730.55","1,750.65","1,749.65","1,747.48","44,81,075","7,83,05,98,447.00","1,75,628","23,59,651",52.66
KOTAKBANK,EQ,2024-03-20,"1,749.65","1,751.40","1,768.50","1,730.80","1,766.50","1,765.40","1,755.81","44,20,886","7,76,22,38,931.70","1,64,106","20,25,335",45.81
KOTAKBANK,EQ,2024-03-21,"1,765.40","1,772.10","1,790.65","1,764.30","1,764.35","1,772.15","1,777.51","37,83,681","6,72,55,33,618.90","1,32,017","22,94,444",60.64
KOTAKBANK,EQ,2024-03-22,"1,772.15","1,769.90","1,782.50","1,765.00","1,774.95","1,776.40","1,773.49","70,61,283","12,52,31,26,654.50","1,67,350","52,95,399",74.99
KOTAKBANK,EQ,2024-03-26,"1,776.40","1,765.00","1,775.40","1,750.00","1,757.00","1,753.70","1,763.39","53,03,630","9,35,23,43,573.60","1,56,430","35,53,508",67.0
KOTAKBANK,EQ,2024-03-27,"1,753.70","1,758.00","1,779.80","1,753.90","1,774.95","1,775.60","1,772.20","82,31,130","14,58,71,71,850.60","2,79,280","48,75,665",59.23
KOTAKBANK,EQ,2024-03-28,"1,775.60","1,777.95","1,803.90","1,774.20","1,789.95","1,785.50","1,787.73","66,30,072","11,85,27,48,965.95","2,17,469","40,24,574",60.7
KOTAKBANK,EQ,2024-04-01,"1,785.50","1,795.00","1,817.65","1,786.50","1,790.00","1,790.70","1,797.83","28,85,880","5,18,83,16,497.65","89,906","16,04,268",55.59
KOTAKBANK,EQ,2024-04-02,"1,790.70","1,793.90","1,798.00","1,754.45","1,756.70","1,757.40","1,767.37","68,51,190","12,10,85,78,807.45","1,39,312","51,11,130",74.6
KOTAKBANK,EQ,2024-04-03,"1,757.40","1,753.50","1,756.70","1,729.00","1,733.00","1,731.15","1,736.79","1,26,83,551","22,02,86,33,396.75","2,04,934","93,47,045",73.69
KOTAKBANK,EQ,2024-04-04,"1,731.15","1,747.00","1,751.70","1,723.30","1,748.50","1,749.15","1,734.98","1,31,25,292","22,77,21,23,468.25","2,40,673","92,47,642",70.46
KOTAKBANK,EQ,2024-04-05,"1,749.15","1,749.05","1,787.20","1,740.10","1,783.95","1,785.15","1,769.14","65,58,023","11,60,20,33,478.60","1,79,454","47,60,848",72.6
KOTAKBANK,EQ,2024-04-08,"1,785.15","1,793.80","1,801.85","1,785.10","1,786.25","1,788.40","1,791.85","26,34,811","4,72,11,84,898.50","1,78,251","17,92,538",68.03
KOTAKBANK,EQ,2024-04-09,"1,788.40","1,790.35","1,793.00","1,775.70","1,785.00","1,780.60","1,782.06","23,73,231","4,22,92,51,402.05","94,921","12,79,199",53.9
KOTAKBANK,EQ,2024-04-10,"1,780.60","1,788.90","1,829.90","1,784.00","1,820.90","1,825.95","1,816.69","55,25,818","10,03,87,03,728.15","1,62,236","30,61,167",55.4
KOTAKBANK,EQ,2024-04-12,"1,825.95","1,811.00","1,818.10","1,799.35","1,813.00","1,813.05","1,809.82","39,66,227","7,17,81,72,963.55","1,77,986","21,83,988",55.06
KOTAKBANK,EQ,2024-04-15,"1,813.05","1,789.95","1,809.70","1,780.00","1,797.65","1,798.15","1,798.79","43,19,868","7,77,05,17,914.10","1,76,261","26,88,203",62.23
KOTAKBANK,EQ,2024-04-16,"1,798.15","1,778.00","1,804.60","1,775.65","1,797.50","1,792.60","1,792.54","40,96,778","7,34,36,46,356.35","1,23,020","25,61,438",62.52
KOTAKBANK,EQ,2024-04-18,"1,792.60","1,790.05","1,813.00","1,783.10","1,786.95","1,786.75","1,799.22","42,50,740","7,64,80,35,660.35","1,51,438","24,26,559",57.09
KOTAKBANK,EQ,2024-04-19,"1,786.75","1,764.00","1,805.00","1,763.00","1,789.90","1,792.65","1,785.29","38,70,380","6,90,97,41,099.15","1,16,751","22,90,832",59.19
KOTAKBANK,EQ,2024-04-22,"1,792.65","1,813.00","1,822.50","1,800.00","1,811.00","1,809.95","1,808.94","61,51,139","11,12,70,22,117.10","1,30,734","44,78,473",72.81
KOTAKBANK,EQ,2024-04-23,"1,809.95","1,810.00","1,829.00","1,803.10","1,810.00","1,813.05","1,819.67","59,56,005","10,83,79,87,745.20","1,38,088","45,74,902",76.81
KOTAKBANK,EQ,2024-04-24,"1,813.05","1,812.00","1,845.50","1,807.80","1,842.95","1,842.80","1,834.61","32,95,077","6,04,51,66,786.65","1,38,869","18,76,224",56.94
KOTAKBANK,EQ,2024-04-25,"1,842.80","1,665.00","1,697.80","1,602.00","1,645.00","1,642.45","1,654.95","6,61,79,079","1,09,52,31,83,171.70","12,86,396","4,06,53,282",61.43
KOTAKBANK,EQ,2024-04-26,"1,642.45","1,642.45","1,655.00","1,605.00","1,614.70","1,608.50","1,626.45","2,21,46,849","36,02,07,05,428.95","8,43,281","1,55,62,952",70.27
KOTAKBANK,EQ,2024-04-29,"1,608.50","1,610.10","1,647.25","1,609.50","1,641.95","1,640.40","1,634.41","1,12,27,409","18,35,02,41,317.30","3,25,650","54,43,785",48.49
KOTAKBANK,EQ,2024-04-30,"1,640.40","1,640.40","1,647.00","1,620.00","1,623.65","1,623.95","1,632.34","1,82,06,448","29,71,90,51,437.75","3,23,710","1,16,77,076",64.14
KOTAKBANK,EQ,2024-05-02,"1,623.95","1,590.00","1,594.50","1,552.40","1,578.00","1,575.65","1,571.97","2,66,40,478","41,87,80,25,655.40","7,68,827","1,76,05,898",66.09
KOTAKBANK,EQ,2024-05-03,"1,575.65","1,583.00","1,587.90","1,543.85","1,550.30","1,546.70","1,558.18","1,61,23,589","25,12,35,02,089.55","3,96,109","1,15,88,314",71.87
KOTAKBANK,EQ,2024-05-06,"1,546.70","1,605.00","1,633.00","1,594.00","1,624.40","1,624.30","1,617.00","2,16,08,211","34,94,05,72,076.10","4,65,000","1,21,56,994",56.26
KOTAKBANK,EQ,2024-05-07,"1,624.30","1,628.70","1,647.35","1,618.00","1,643.00","1,643.90","1,633.50","98,66,785","16,11,73,53,599.65","2,78,218","68,73,469",69.66
KOTAKBANK,EQ,2024-05-08,"1,643.90","1,640.00","1,657.45","1,636.10","1,648.00","1,648.35","1,646.82","98,53,753","16,22,73,22,072.55","2,72,776","70,81,979",71.87
KOTAKBANK,EQ,2024-05-09,"1,648.35","1,648.00","1,661.85","1,637.00","1,641.70","1,643.10","1,648.61","46,56,044","7,67,60,06,219.80","2,21,616","28,15,406",60.47
KOTAKBANK,EQ,2024-05-10,"1,643.10","1,643.00","1,653.10","1,615.90","1,623.00","1,627.95","1,633.35","1,17,69,402","19,22,35,09,123.50","1,74,659","93,78,605",79.69
KOTAKBANK,EQ,2024-05-13,"1,627.95","1,627.00","1,643.65","1,616.00","1,642.00","1,641.20","1,628.07","58,39,248","9,50,67,18,166.20","1,52,243","37,01,048",63.38
KOTAKBANK,EQ,2024-05-14,"1,641.20","1,642.00","1,650.00","1,632.50","1,646.00","1,646.30","1,644.98","42,82,026","7,04,38,64,746.00","1,39,089","31,58,677",73.77
KOTAKBANK,EQ,2024-05-15,"1,646.30","1,649.70","1,654.00","1,637.05","1,649.00","1,650.80","1,647.90","52,60,900","8,66,94,23,081.75","1,55,446","33,73,213",64.12
KOTAKBANK,EQ,2024-05-16,"1,650.80","1,655.00","1,675.00","1,647.20","1,670.90","1,672.05","1,662.31","69,98,357","11,63,34,33,291.60","2,15,021","46,76,279",66.82
KOTAKBANK,EQ,2024-05-17,"1,672.05","1,674.00","1,705.65","1,665.00","1,694.80","1,696.55","1,692.70","96,17,451","16,27,94,34,847.15","2,20,296","77,12,868",80.2
KOTAKBANK,EQ,2024-05-18,"1,696.55","1,698.00","1,704.00","1,691.95","1,695.25","1,696.95","1,697.90","2,91,295","49,45,90,820.05","9,605","1,48,976",51.14
KOTAKBANK,EQ,2024-05-21,"1,696.95","1,692.00","1,715.00","1,690.00","1,693.85","1,698.25","1,702.11","58,10,167","9,88,95,24,473.50","1,78,219","44,16,242",76.01
KOTAKBANK,EQ,2024-05-22,"1,698.25","1,702.80","1,704.95","1,681.10","1,700.00","1,699.55","1,694.96","60,58,697","10,26,92,43,891.65","1,80,048","36,01,884",59.45
KOTAKBANK,EQ,2024-05-23,"1,699.55","1,700.00","1,713.60","1,697.05","1,706.90","1,709.05","1,705.98","56,81,295","9,69,21,94,036.30","2,13,959","38,74,859",68.2
KOTAKBANK,EQ,2024-05-24,"1,709.05","1,711.00","1,717.85","1,694.70","1,702.00","1,703.45","1,702.56","49,36,177","8,40,41,30,864.35","1,31,622","37,01,473",74.99
KOTAKBANK,EQ,2024-05-27,"1,703.45","1,703.45","1,722.00","1,702.50","1,710.00","1,711.00","1,715.21","34,54,287","5,92,48,41,407.85","1,18,635","19,87,506",57.54
KOTAKBANK,EQ,2024-05-28,"1,711.00","1,712.30","1,716.00","1,698.00","1,700.00","1,703.65","1,706.34","37,16,141","6,34,10,03,810.80","1,23,637","23,97,445",64.51
KOTAKBANK,EQ,2024-05-29,"1,703.65","1,698.00","1,710.90","1,682.20","1,694.90","1,687.85","1,693.66","49,52,472","8,38,77,93,898.45","1,67,761","25,89,030",52.28
KOTAKBANK,EQ,2024-05-30,"1,687.85","1,684.35","1,707.60","1,683.00","1,690.00","1,690.10","1,696.65","55,80,489","9,46,81,32,457.70","1,80,503","34,82,665",62.41
KOTAKBANK,EQ,2024-05-31,"1,690.10","1,703.00","1,703.00","1,660.55","1,693.95","1,680.40","1,677.21","1,28,04,476","21,47,58,16,197.10","2,30,874","85,63,358",66.88
KOTAKBANK,EQ,2024-06-03,"1,680.40","1,721.45","1,738.85","1,700.10","1,720.45","1,718.05","1,715.51","98,01,071","16,81,38,32,818.25","2,75,070","53,94,893",55.04
KOTAKBANK,EQ,2024-06-04,"1,718.05","1,703.25","1,715.50","1,602.45","1,644.10","1,637.95","1,652.92","1,52,29,468","25,17,30,93,500.90","4,05,960","76,16,434",50.01
KOTAKBANK,EQ,2024-06-05,"1,637.95","1,662.55","1,724.75","1,645.00","1,715.00","1,718.10","1,698.85","1,44,26,318","24,50,81,03,095.75","4,73,721","77,93,664",54.02
KOTAKBANK,EQ,2024-06-06,"1,718.10","1,721.00","1,738.50","1,703.80","1,730.10","1,734.70","1,726.24","63,59,901","10,97,87,08,786.10","3,62,167","35,48,375",55.79
KOTAKBANK,EQ,2024-06-07,"1,734.70","1,730.05","1,758.65","1,722.00","1,752.30","1,753.70","1,744.68","46,08,146","8,03,97,51,893.85","1,94,178","26,51,727",57.54
KOTAKBANK,EQ,2024-06-10,"1,753.70","1,750.10","1,773.45","1,736.15","1,742.70","1,745.65","1,751.58","48,48,044","8,49,17,52,227.90","2,62,572","32,99,745",68.06
KOTAKBANK,EQ,2024-06-11,"1,745.65","1,746.60","1,747.20","1,717.10","1,722.90","1,720.00","1,727.48","41,05,647","7,09,24,41,376.95","2,77,914","23,49,734",57.23
KOTAKBANK,EQ,2024-06-12,"1,720.00","1,720.10","1,734.00","1,712.90","1,716.50","1,715.75","1,719.03","58,81,576","10,11,06,27,339.65","2,91,752","38,38,652",65.27
KOTAKBANK,EQ,2024-06-13,"1,715.75","1,731.40","1,737.55","1,719.00","1,725.00","1,726.35","1,726.76","60,16,145","10,38,84,65,918.90","1,48,221","45,69,721",75.96
KOTAKBANK,EQ,2024-06-14,"1,726.35","1,723.00","1,734.90","1,710.40","1,721.00","1,717.20","1,718.58","31,53,666","5,41,98,16,736.50","1,53,027","18,13,124",57.49
KOTAKBANK,EQ,2024-06-18,"1,717.20","1,718.60","1,724.65","1,703.25","1,721.40","1,719.40","1,713.98","57,07,330","9,78,22,59,639.05","1,93,650","41,75,570",73.16
KOTAKBANK,EQ,2024-06-19,"1,719.40","1,729.00","1,763.05","1,715.00","1,745.00","1,746.70","1,743.01","99,59,798","17,35,99,86,714.90","2,54,785","48,72,855",48.93
KOTAKBANK,EQ,2024-06-20,"1,746.70","1,765.00","1,789.85","1,760.30","1,765.00","1,766.25","1,773.63","92,43,104","16,39,38,67,107.10","3,28,896","55,43,240",59.97
KOTAKBANK,EQ,2024-06-21,"1,766.25","1,770.00","1,789.00","1,745.30","1,770.00","1,775.65","1,772.78","1,90,31,689","33,73,90,72,477.35","2,29,568","1,44,26,663",75.8
KOTAKBANK,EQ,2024-06-24,"1,775.65","1,757.15","1,775.20","1,749.75","1,770.30","1,772.55","1,766.32","42,28,888","7,46,95,63,381.25","2,59,063","22,37,668",52.91
KOTAKBANK,EQ,2024-06-25,"1,772.55","1,776.55","1,798.25","1,763.00","1,782.20","1,781.90","1,782.60","59,33,859","10,57,77,25,284.45","1,84,438","24,31,035",40.97
KOTAKBANK,EQ,2024-06-26,"1,781.90","1,780.00","1,816.00","1,776.10","1,797.70","1,798.15","1,800.83","66,85,932","12,04,01,98,918.10","1,99,227","36,85,050",55.12
KOTAKBANK,EQ,2024-06-27,"1,798.15","1,791.00","1,838.00","1,785.00","1,830.00","1,830.55","1,820.67","1,33,42,769","24,29,28,06,682.80","2,85,748","89,35,625",66.97
KOTAKBANK,EQ,2024-06-28,"1,830.55","1,822.20","1,847.95","1,798.90","1,803.00","1,802.50","1,815.79","49,69,007","9,02,26,71,229.60","1,88,936","30,00,649",60.39
KOTAKBANK,EQ,2024-07-01,"1,802.50","1,802.50","1,813.15","1,790.00","1,804.70","1,808.10","1,803.59","29,01,510","5,23,31,40,959.40","94,314","14,02,784",48.35
KOTAKBANK,EQ,2024-07-02,"1,808.10","1,820.95","1,820.95","1,737.10","1,763.15","1,769.60","1,765.43","96,25,017","16,99,22,97,342.25","3,08,325","50,83,446",52.81
KOTAKBANK,EQ,2024-07-03,"1,769.60","1,765.80","1,815.85","1,752.20","1,809.00","1,810.70","1,796.13","89,81,003","16,13,10,77,019.15","1,93,759","34,50,869",38.42
KOTAKBANK,EQ,2024-07-04,"1,810.70","1,806.60","1,838.55","1,801.30","1,832.00","1,833.85","1,826.92","50,68,893","9,26,04,80,577.55","1,33,980","33,52,862",66.15
KOTAKBANK,EQ,2024-07-05,"1,833.85","1,820.00","1,857.95","1,818.45","1,844.60","1,852.70","1,842.31","34,65,653","6,38,47,99,258.35","1,72,885","18,04,391",52.06
KOTAKBANK,EQ,2024-07-08,"1,852.70","1,854.00","1,857.25","1,835.45","1,855.80","1,853.20","1,849.51","38,61,203","7,14,13,30,515.45","98,979","23,48,682",60.83
KOTAKBANK,EQ,2024-07-09,"1,853.20","1,861.20","1,870.00","1,830.00","1,845.00","1,847.85","1,845.45","39,20,211","7,23,45,38,293.70","1,08,590","20,78,412",53.02
KOTAKBANK,EQ,2024-07-10,"1,847.85","1,843.00","1,844.50","1,820.20","1,833.00","1,829.85","1,829.47","56,29,789","10,29,95,53,281.95","1,59,838","33,06,247",58.73
KOTAKBANK,EQ,2024-07-11,"1,829.85","1,830.85","1,852.00","1,821.55","1,839.40","1,844.50","1,837.24","46,15,372","8,47,95,60,846.35","1,72,868","32,53,565",70.49
KOTAKBANK,EQ,2024-07-12,"1,844.50","1,844.50","1,851.00","1,826.25","1,834.00","1,832.85","1,836.44","42,40,855","7,78,80,82,222.95","1,44,533","23,95,308",56.48
KOTAKBANK,EQ,2024-07-15,"1,832.85","1,839.00","1,857.90","1,826.65","1,841.00","1,843.55","1,844.26","59,09,996","10,89,95,95,298.85","1,57,771","29,38,029",49.71
KOTAKBANK,EQ,2024-07-16,"1,843.55","1,842.10","1,849.10","1,800.90","1,806.90","1,805.30","1,815.63","65,42,702","11,87,91,57,103.65","1,32,538","46,90,723",71.69
KOTAKBANK,EQ,2024-07-18,"1,805.30","1,805.00","1,831.20","1,793.15","1,815.00","1,826.75","1,809.30","75,90,838","13,73,41,30,255.70","2,19,186","54,66,121",72.01
KOTAKBANK,EQ,2024-07-19,"1,826.75","1,818.50","1,831.00","1,805.95","1,812.00","1,821.60","1,820.41","41,38,865","7,53,44,34,906.20","1,00,947","28,40,051",68.62
KOTAKBANK,EQ,2024-07-22,"1,821.60","1,821.00","1,821.00","1,748.90","1,762.45","1,757.55","1,766.11","1,07,42,361","18,97,21,72,826.45","2,54,309","66,16,007",61.59
KOTAKBANK,EQ,2024-07-23,"1,757.55","1,769.00","1,780.50","1,739.15","1,767.00","1,768.90","1,761.76","61,55,196","10,84,39,89,331.30","2,09,964","27,05,404",43.95
KOTAKBANK,EQ,2024-07-24,"1,768.90","1,767.95","1,780.90","1,729.05","1,743.55","1,746.20","1,755.01","74,87,207","13,14,01,25,950.50","2,16,515","31,60,380",42.21
KOTAKBANK,EQ,2024-07-25,"1,746.20","1,732.00","1,779.00","1,732.00","1,778.20","1,775.15","1,762.97","30,96,397","5,45,88,47,338.20","1,23,838","15,49,010",50.03
KOTAKBANK,EQ,2024-07-26,"1,775.15","1,758.10","1,829.85","1,758.10","1,811.15","1,813.85","1,809.11","53,09,351","9,60,51,74,308.50","1,61,309","32,10,103",60.46
KOTAKBANK,EQ,2024-07-29,"1,813.85","1,824.70","1,827.00","1,783.50","1,794.55","1,793.90","1,801.96","80,06,367","14,42,71,55,460.30","1,93,529","37,39,188",46.7
KOTAKBANK,EQ,2024-07-30,"1,793.90","1,793.90","1,806.65","1,781.30","1,784.75","1,786.10","1,792.18","56,79,537","10,17,87,30,045.95","2,03,612","33,55,111",59.07
KOTAKBANK,EQ,2024-07-31,"1,786.10","1,793.00","1,816.00","1,773.15","1,811.05","1,807.90","1,797.18","58,06,257","10,43,48,75,567.50","1,39,672","34,71,243",59.78
KOTAKBANK,EQ,2024-08-01,"1,807.90","1,807.10","1,818.25","1,786.25","1,790.75","1,792.65","1,795.22","38,16,044","6,85,06,40,105.70","90,063","21,80,009",57.13
KOTAKBANK,EQ,2024-08-02,"1,792.65","1,781.10","1,810.00","1,775.00","1,797.50","1,803.45","1,800.14","32,42,589","5,83,71,17,425.05","1,03,291","19,47,618",60.06
KOTAKBANK,EQ,2024-08-05,"1,803.45","1,770.20","1,805.60","1,768.55","1,775.00","1,773.65","1,776.34","49,11,818","8,72,50,35,250.70","1,42,289","29,34,683",59.75
KOTAKBANK,EQ,2024-08-06,"1,773.65","1,785.00","1,792.20","1,760.00","1,766.00","1,770.55","1,772.84","39,24,022","6,95,66,48,909.00","1,50,433","21,72,302",55.36
KOTAKBANK,EQ,2024-08-07,"1,770.55","1,785.00","1,786.60","1,760.05","1,776.60","1,776.55","1,769.26","35,37,745","6,25,91,81,323.05","1,61,112","14,77,062",41.75
KOTAKBANK,EQ,2024-08-08,"1,776.55","1,766.65","1,781.80","1,762.65","1,770.00","1,772.75","1,772.61","24,72,221","4,38,22,82,901.40","1,34,538","13,84,062",55.98
KOTAKBANK,EQ,2024-08-09,"1,772.75","1,785.05","1,785.45","1,765.00","1,769.85","1,769.65","1,773.93","24,64,443","4,37,17,40,495.25","1,06,828","15,88,034",64.44
KOTAKBANK,EQ,2024-08-12,"1,769.65","1,761.00","1,791.05","1,751.25","1,775.00","1,772.55","1,777.96","45,44,443","8,07,98,29,777.35","1,91,595","24,46,783",53.84
KOTAKBANK,EQ,2024-08-13,"1,772.55","1,763.00","1,791.50","1,746.10","1,752.90","1,752.05","1,766.18","35,30,319","6,23,51,74,692.40","1,79,591","16,16,563",45.79
KOTAKBANK,EQ,2024-08-14,"1,752.05","1,755.00","1,760.00","1,744.55","1,749.00","1,747.90","1,751.67","25,85,649","4,52,91,94,759.95","1,47,601","13,79,774",53.36
KOTAKBANK,EQ,2024-08-16,"1,747.90","1,762.00","1,785.75","1,746.00","1,776.30","1,777.30","1,769.69","29,61,871","5,24,15,85,368.55","1,57,418","17,67,676",59.68
KOTAKBANK,EQ,2024-08-19,"1,777.30","1,780.55","1,790.00","1,771.00","1,778.00","1,781.35","1,781.40","21,72,279","3,86,96,99,061.00","74,928","10,84,583",49.93
KOTAKBANK,EQ,2024-08-20,"1,781.35","1,783.00","1,813.05","1,776.25","1,805.90","1,805.65","1,804.27","31,15,486","5,62,11,76,001.50","1,13,743","17,46,731",56.07
KOTAKBANK,EQ,2024-08-21,"1,805.65","1,800.00","1,817.00","1,787.35","1,814.00","1,812.95","1,803.78","57,17,190","10,31,25,26,114.30","1,11,593","28,14,467",49.23
KOTAKBANK,EQ,2024-08-22,"1,812.95","1,814.00","1,824.30","1,805.80","1,821.00","1,821.50","1,816.14","32,17,988","5,84,43,27,526.35","99,422","21,26,705",66.09
KOTAKBANK,EQ,2024-08-23,"1,821.50","1,821.50","1,827.90","1,812.70","1,819.90","1,818.00","1,820.93","18,15,186","3,30,53,26,284.70","70,567","11,65,724",64.22
KOTAKBANK,EQ,2024-08-26,"1,818.00","1,820.00","1,822.95","1,809.70","1,809.85","1,812.50","1,815.59","23,56,257","4,27,80,02,385.30","92,570","14,30,325",60.7
KOTAKBANK,EQ,2024-08-27,"1,812.50","1,811.05","1,813.10","1,791.70","1,802.45","1,803.35","1,803.04","45,41,696","8,18,88,38,559.50","1,15,217","26,97,127",59.39
KOTAKBANK,EQ,2024-08-28,"1,803.35","1,796.00","1,805.90","1,785.85","1,787.00","1,791.30","1,796.36","42,80,796","7,68,98,39,840.30","1,18,402","23,48,763",54.87
KOTAKBANK,EQ,2024-08-29,"1,791.30","1,783.25","1,798.50","1,773.00","1,777.85","1,777.25","1,783.73","55,31,158","9,86,60,69,133.00","1,49,451","37,40,068",67.62
KOTAKBANK,EQ,2024-08-30,"1,777.25","1,777.30","1,790.00","1,774.35","1,780.00","1,780.80","1,781.33","74,58,172","13,28,54,28,435.20","1,35,803","57,47,737",77.07
KOTAKBANK,EQ,2024-09-02,"1,780.80","1,782.00","1,793.45","1,772.70","1,781.00","1,780.25","1,780.79","40,48,520","7,20,95,50,815.95","1,40,634","23,99,276",59.26
KOTAKBANK,EQ,2024-09-03,"1,780.25","1,780.05","1,786.45","1,772.35","1,783.90","1,783.80","1,780.67","51,96,273","9,25,28,33,306.85","1,35,950","25,59,605",49.26
KOTAKBANK,EQ,2024-09-04,"1,783.80","1,770.00","1,788.30","1,763.50","1,785.00","1,783.80","1,776.99","31,92,443","5,67,29,37,622.95","1,13,660","16,45,989",51.56
KOTAKBANK,EQ,2024-09-05,"1,783.80","1,781.25","1,786.35","1,760.00","1,778.00","1,777.95","1,778.18","35,73,005","6,35,34,51,117.55","96,283","23,55,482",65.92
KOTAKBANK,EQ,2024-09-06,"1,777.95","1,767.55","1,781.95","1,756.50","1,767.50","1,764.15","1,770.08","32,54,880","5,76,14,10,780.35","1,38,942","19,33,936",59.42
KOTAKBANK,EQ,2024-09-09,"1,764.15","1,767.70","1,793.95","1,758.45","1,789.90","1,790.15","1,777.50","34,36,461","6,10,83,06,059.40","93,412","19,26,180",56.05
KOTAKBANK,EQ,2024-09-10,"1,790.15","1,798.00","1,799.65","1,778.05","1,789.55","1,791.60","1,790.94","34,97,612","6,26,40,02,967.40","1,44,423","20,64,447",59.02
KOTAKBANK,EQ,2024-09-11,"1,791.60","1,795.00","1,805.45","1,785.00","1,790.95","1,789.25","1,792.50","37,33,872","6,69,29,67,035.75","1,28,263","14,64,404",39.22
KOTAKBANK,EQ,2024-09-12,"1,789.25","1,803.90","1,834.15","1,795.15","1,831.00","1,827.45","1,818.78","63,65,508","11,57,74,32,282.55","2,27,889","42,71,081",67.1
KOTAKBANK,EQ,2024-09-13,"1,827.45","1,837.00","1,837.00","1,816.75","1,822.00","1,820.35","1,824.90","20,56,720","3,75,32,98,175.70","85,096","12,17,052",59.17
KOTAKBANK,EQ,2024-09-16,"1,820.35","1,833.00","1,845.70","1,828.30","1,829.40","1,831.30","1,835.44","27,30,634","5,01,19,05,673.10","95,268","16,54,665",60.6
KOTAKBANK,EQ,2024-09-17,"1,831.30","1,839.40","1,853.40","1,830.65","1,845.00","1,846.65","1,844.31","36,74,862","6,77,75,85,065.05","1,27,276","21,73,826",59.15
KOTAKBANK,EQ,2024-09-18,"1,846.65","1,850.00","1,859.45","1,835.60","1,838.50","1,839.70","1,846.17","68,77,499","12,69,70,29,706.20","1,02,376","47,59,105",69.2
KOTAKBANK,EQ,2024-09-19,"1,839.70","1,849.90","1,875.00","1,845.10","1,872.00","1,871.95","1,862.62","28,92,430","5,38,74,99,759.65","1,21,253","15,02,194",51.94
KOTAKBANK,EQ,2024-09-20,"1,871.95","1,874.00","1,926.30","1,870.00","1,909.30","1,904.50","1,900.54","1,88,49,579","35,82,42,85,619.50","2,43,759","1,32,42,294",70.25
KOTAKBANK,EQ,2024-09-23,"1,904.50","1,914.95","1,942.00","1,908.20","1,936.10","1,934.70","1,929.55","36,86,272","7,11,28,38,901.85","1,35,814","22,67,545",61.51
KOTAKBANK,EQ,2024-09-24,"1,934.70","1,935.00","1,938.60","1,909.60","1,914.90","1,914.70","1,917.39","37,09,386","7,11,23,50,674.65","1,73,661","23,69,509",63.88
KOTAKBANK,EQ,2024-09-25,"1,914.70","1,910.05","1,922.70","1,894.30","1,899.00","1,897.95","1,901.45","33,07,467","6,28,89,96,515.30","1,72,108","21,14,853",63.94
KOTAKBANK,EQ,2024-09-26,"1,897.95","1,895.00","1,913.30","1,884.30","1,903.35","1,902.30","1,900.38","42,04,513","7,99,01,56,159.20","2,11,057","31,08,605",73.93
KOTAKBANK,EQ,2024-09-27,"1,902.30","1,900.00","1,910.00","1,866.30","1,876.85","1,872.45","1,876.50","66,43,112","12,46,57,77,260.75","2,27,984","54,12,015",81.47
KOTAKBANK,EQ,2024-09-30,"1,872.45","1,856.70","1,884.45","1,843.10","1,859.95","1,853.95","1,856.54","32,46,840","6,02,79,04,246.00","1,11,916","22,17,154",68.29
KOTAKBANK,EQ,2024-10-01,"1,853.95","1,847.00","1,884.75","1,847.00","1,881.65","1,879.40","1,871.58","48,71,526","9,11,74,42,067.90","1,73,249","32,16,307",66.02
KOTAKBANK,EQ,2024-10-03,"1,879.40","1,857.90","1,863.65","1,815.80","1,824.60","1,822.80","1,838.11","63,63,232","11,69,63,44,986.45","2,56,840","49,27,309",77.43
KOTAKBANK,EQ,2024-10-04,"1,822.80","1,815.50","1,850.00","1,798.35","1,813.00","1,809.00","1,819.18","37,34,632","6,79,39,81,253.35","1,94,803","19,34,265",51.79
KOTAKBANK,EQ,2024-10-07,"1,809.00","1,810.00","1,836.40","1,769.40","1,795.30","1,790.25","1,801.29","74,46,633","13,41,35,16,755.75","2,41,836","28,21,709",37.89
KOTAKBANK,EQ,2024-10-08,"1,790.25","1,800.00","1,814.00","1,781.85","1,805.10","1,803.40","1,802.84","50,97,103","9,18,92,69,087.70","1,67,492","35,13,167",68.92
KOTAKBANK,EQ,2024-10-09,"1,803.40","1,801.00","1,820.00","1,789.90","1,804.90","1,800.80","1,803.69","70,78,802","12,76,79,51,879.30","2,37,657","33,70,417",47.61
KOTAKBANK,EQ,2024-10-10,"1,800.80","1,809.90","1,884.00","1,805.30","1,870.00","1,876.10","1,863.15","59,05,798","11,00,33,68,846.40","2,51,969","30,08,378",50.94
KOTAKBANK,EQ,2024-10-11,"1,876.10","1,872.20","1,893.60","1,861.15","1,884.45","1,882.40","1,882.02","52,11,580","9,80,83,16,489.40","1,32,738","38,90,465",74.65
KOTAKBANK,EQ,2024-10-14,"1,882.40","1,885.05","1,916.00","1,882.45","1,912.75","1,910.80","1,908.56","43,91,138","8,38,07,53,954.80","1,58,328","32,01,788",72.91
KOTAKBANK,EQ,2024-10-15,"1,910.80","1,912.20","1,915.35","1,887.45","1,895.40","1,895.20","1,897.44","42,95,493","8,15,04,57,993.80","1,71,087","32,95,321",76.72
KOTAKBANK,EQ,2024-10-16,"1,895.20","1,884.00","1,892.45","1,868.15","1,869.90","1,876.35","1,877.48","31,45,556","5,90,57,04,932.85","1,69,770","20,20,210",64.22
KOTAKBANK,EQ,2024-10-17,"1,876.35","1,876.35","1,878.30","1,851.30","1,859.55","1,864.05","1,862.70","35,41,432","6,59,66,33,546.30","1,17,717","26,74,032",75.51
KOTAKBANK,EQ,2024-10-18,"1,864.05","1,868.00","1,878.50","1,848.00","1,871.85","1,871.05","1,868.42","38,34,767","7,16,49,68,183.00","1,73,161","24,91,471",64.97
KOTAKBANK,EQ,2024-10-21,"1,871.05","1,850.00","1,855.00","1,735.00","1,782.50","1,789.20","1,777.26","1,31,78,137","23,42,09,71,357.40","3,94,637","77,87,912",59.1
KOTAKBANK,EQ,2024-10-22,"1,789.20","1,791.95","1,795.50","1,758.85","1,776.55","1,763.15","1,768.34","54,94,382","9,71,59,12,165.05","2,53,121","29,04,513",52.86
KOTAKBANK,EQ,2024-10-23,"1,763.15","1,761.15","1,787.05","1,758.10","1,765.95","1,767.80","1,769.98","28,36,137","5,01,99,00,681.95","1,04,559","15,14,348",53.39
KOTAKBANK,EQ,2024-10-24,"1,767.80","1,766.00","1,772.75","1,750.30","1,765.00","1,762.20","1,760.17","23,16,820","4,07,80,04,286.30","1,12,834","15,63,790",67.5
KOTAKBANK,EQ,2024-10-25,"1,762.20","1,765.00","1,786.50","1,757.00","1,770.00","1,768.85","1,768.11","28,29,227","5,00,23,93,369.65","1,01,475","15,93,924",56.34
KOTAKBANK,EQ,2024-10-28,"1,768.85","1,768.00","1,780.65","1,745.05","1,753.00","1,749.85","1,757.63","33,02,148","5,80,39,58,310.50","1,43,061","19,14,081",57.96
KOTAKBANK,EQ,2024-10-29,"1,749.85","1,743.50","1,767.15","1,730.70","1,762.00","1,760.20","1,751.03","41,58,119","7,28,09,96,077.55","1,60,046","23,44,084",56.37
KOTAKBANK,EQ,2024-10-30,"1,760.20","1,727.00","1,760.00","1,726.60","1,736.00","1,734.60","1,740.87","43,85,949","7,63,53,61,099.90","1,54,139","23,64,383",53.91
KOTAKBANK,EQ,2024-10-31,"1,734.60","1,727.35","1,746.60","1,723.95","1,736.00","1,731.10","1,731.86","29,44,670","5,09,97,61,084.25","1,37,185","18,96,334",64.4
KOTAKBANK,EQ,2024-11-01,"1,731.10","1,739.60","1,754.15","1,736.35","1,742.00","1,744.40","1,744.77","1,82,489","31,84,00,710.20","13,278","69,988",38.35
KOTAKBANK,EQ,2024-11-04,"1,744.40","1,744.00","1,744.00","1,724.25","1,729.00","1,729.35","1,732.43","28,84,830","4,99,77,63,262.60","1,33,956","13,31,396",46.15
KOTAKBANK,EQ,2024-11-05,"1,729.35","1,721.50","1,760.50","1,711.00","1,758.95","1,757.15","1,738.96","40,28,615","7,00,56,07,167.55","1,29,659","20,83,828",51.73
KOTAKBANK,EQ,2024-11-06,"1,757.15","1,760.10","1,768.45","1,746.60","1,764.00","1,762.60","1,758.94","36,52,252","6,42,40,77,996.50","1,04,633","21,99,948",60.24
KOTAKBANK,EQ,2024-11-07,"1,762.60","1,763.00","1,765.00","1,733.00","1,745.50","1,746.90","1,743.87","30,60,984","5,33,79,47,937.20","91,821","21,95,759",71.73
KOTAKBANK,EQ,2024-11-08,"1,746.90","1,745.00","1,764.10","1,738.90","1,749.00","1,745.80","1,750.25","36,46,825","6,38,28,45,119.50","1,21,297","25,35,313",69.52
KOTAKBANK,EQ,2024-11-11,"1,745.80","1,745.00","1,763.30","1,737.20","1,740.35","1,744.00","1,748.58","32,05,030","5,60,42,43,328.40","1,37,845","15,92,987",49.7
KOTAKBANK,EQ,2024-11-12,"1,744.00","1,744.80","1,749.40","1,715.20","1,721.00","1,721.40","1,727.77","32,28,390","5,57,79,16,066.10","1,59,904","19,08,915",59.13
KOTAKBANK,EQ,2024-11-13,"1,721.40","1,714.00","1,728.15","1,679.05","1,693.50","1,687.85","1,700.86","35,93,490","6,11,20,33,524.80","1,39,342","17,92,152",49.87
KOTAKBANK,EQ,2024-11-14,"1,687.85","1,690.00","1,712.60","1,689.80","1,708.55","1,707.90","1,704.18","33,27,758","5,67,11,07,695.60","1,72,759","24,09,019",72.39
KOTAKBANK,EQ,2024-11-18,"1,707.90","1,714.00","1,728.25","1,699.70","1,719.15","1,722.75","1,718.88","20,82,415","3,57,94,13,983.40","85,669","14,29,002",68.62
KOTAKBANK,EQ,2024-11-19,"1,722.75","1,729.80","1,739.80","1,713.50","1,722.50","1,727.75","1,730.43","27,59,663","4,77,53,93,473.75","1,14,959","17,79,219",64.47
KOTAKBANK,EQ,2024-11-21,"1,727.75","1,715.10","1,740.75","1,703.75","1,739.00","1,737.10","1,726.98","32,94,059","5,68,87,57,638.40","1,30,418","17,66,410",53.62
KOTAKBANK,EQ,2024-11-22,"1,737.10","1,734.00","1,772.20","1,732.90","1,761.80","1,761.45","1,758.21","35,53,726","6,24,81,95,787.20","1,28,374","26,05,053",73.3
KOTAKBANK,EQ,2024-11-25,"1,761.45","1,782.00","1,794.60","1,766.90","1,792.00","1,790.75","1,784.63","68,71,432","12,26,29,84,351.90","1,44,617","49,92,708",72.66
KOTAKBANK,EQ,2024-11-26,"1,790.75","1,795.00","1,795.95","1,775.00","1,782.45","1,783.60","1,784.96","23,12,739","4,12,81,55,813.85","1,17,967","12,86,071",55.61
KOTAKBANK,EQ,2024-11-27,"1,783.60","1,780.95","1,805.50","1,779.10","1,780.00","1,783.20","1,793.18","32,02,444","5,74,25,71,715.75","1,11,680","16,56,976",51.74
KOTAKBANK,EQ,2024-11-28,"1,783.20","1,783.25","1,788.90","1,753.50","1,763.80","1,759.20","1,764.96","39,71,395","7,00,93,52,953.25","1,40,917","27,80,888",70.02
KOTAKBANK,EQ,2024-11-29,"1,759.20","1,757.00","1,773.60","1,757.00","1,761.25","1,765.25","1,765.40","29,87,994","5,27,49,93,125.40","1,34,558","21,19,083",70.92
KOTAKBANK,EQ,2024-12-02,"1,765.25","1,765.00","1,772.60","1,746.00","1,755.75","1,753.95","1,751.35","42,65,280","7,47,00,08,318.25","95,812","28,77,164",67.46
KOTAKBANK,EQ,2024-12-03,"1,753.95","1,760.00","1,761.20","1,740.00","1,750.00","1,749.90","1,748.39","39,71,650","6,94,40,10,927.60","1,44,219","30,86,428",77.71
KOTAKBANK,EQ,2024-12-04,"1,749.90","1,752.00","1,767.00","1,746.40","1,759.65","1,757.50","1,757.65","31,86,786","5,60,12,47,088.65","1,31,153","23,90,260",75.01
KOTAKBANK,EQ,2024-12-05,"1,757.50","1,764.00","1,788.65","1,748.00","1,776.00","1,775.15","1,770.99","56,97,229","10,08,97,63,308.95","2,09,634","36,81,232",64.61
KOTAKBANK,EQ,2024-12-06,"1,775.15","1,773.90","1,785.05","1,761.00","1,775.25","1,776.95","1,775.82","25,95,882","4,60,98,16,700.45","1,20,678","19,06,323",73.44
KOTAKBANK,EQ,2024-12-09,"1,776.95","1,768.10","1,804.95","1,768.10","1,786.95","1,786.25","1,791.83","25,54,023","4,57,63,74,690.75","1,20,368","17,68,696",69.25
KOTAKBANK,EQ,2024-12-10,"1,786.25","1,783.25","1,802.80","1,783.25","1,799.10","1,794.70","1,792.96","19,79,884","3,54,98,47,420.65","92,144","14,70,268",74.26
KOTAKBANK,EQ,2024-12-11,"1,794.70","1,796.00","1,806.80","1,789.95","1,795.00","1,794.70","1,797.73","23,93,428","4,30,27,48,698.80","1,46,978","18,36,914",76.75
KOTAKBANK,EQ,2024-12-12,"1,794.70","1,790.00","1,796.45","1,765.35","1,773.00","1,768.70","1,773.09","34,88,259","6,18,49,81,441.45","1,38,972","25,43,780",72.92
KOTAKBANK,EQ,2024-12-13,"1,768.70","1,758.35","1,809.00","1,748.05","1,804.90","1,805.65","1,777.45","38,93,531","6,92,05,51,942.50","1,87,325","25,22,056",64.78
KOTAKBANK,EQ,2024-12-16,"1,805.65","1,803.00","1,813.00","1,793.85","1,800.00","1,804.45","1,801.41","29,89,393","5,38,51,36,225.40","1,05,342","20,58,757",68.87
KOTAKBANK,EQ,2024-12-17,"1,804.45","1,796.10","1,806.85","1,775.00","1,781.00","1,784.05","1,784.47","35,92,861","6,41,13,61,535.85","1,14,350","25,55,416",71.12
KOTAKBANK,EQ,2024-12-18,"1,784.05","1,782.00","1,786.70","1,770.35","1,780.00","1,780.00","1,779.73","35,29,430","6,28,14,49,565.45","1,01,262","25,07,467",71.04
KOTAKBANK,EQ,2024-12-19,"1,780.00","1,763.45","1,768.00","1,745.40","1,763.45","1,762.10","1,756.92","40,74,080","7,15,78,51,905.40","1,34,049","30,15,670",74.02
KOTAKBANK,EQ,2024-12-20,"1,762.10","1,755.00","1,768.85","1,733.35","1,748.70","1,743.55","1,744.90","1,46,85,688","25,62,50,36,882.65","1,54,525","1,15,89,230",78.92
KOTAKBANK,EQ,2024-12-23,"1,743.55","1,747.50","1,764.20","1,740.00","1,742.05","1,745.35","1,748.55","27,48,036","4,80,50,70,781.30","95,146","17,97,121",65.4
KOTAKBANK,EQ,2024-12-24,"1,745.35","1,742.55","1,754.65","1,738.05","1,750.00","1,749.05","1,747.17","27,12,625","4,73,94,11,815.30","86,550","12,66,810",46.7
KOTAKBANK,EQ,2024-12-26,"1,749.05","1,756.80","1,769.45","1,742.05","1,759.15","1,752.80","1,755.21","11,32,006","1,98,69,02,884.85","69,593","5,34,499",47.22
KOTAKBANK,EQ,2024-12-27,"1,752.80","1,760.00","1,777.20","1,754.00","1,760.05","1,759.90","1,762.95","24,48,271","4,31,61,86,371.90","65,635","17,47,624",71.38
KOTAKBANK,EQ,2024-12-30,"1,759.90","1,765.00","1,781.00","1,733.50","1,741.20","1,740.70","1,750.47","55,02,772","9,63,24,26,366.60","1,51,204","28,51,598",51.82
KOTAKBANK,EQ,2024-12-31,"1,740.70","1,735.05","1,796.60","1,735.05","1,785.00","1,786.05","1,781.30","47,31,698","8,42,85,61,946.85","1,50,931","25,19,817",53.25
