Symbol,Series,Date,Prev Close,Open Price,High Price,Low Price,Last Price,Close Price,Average Price,Total Traded Quantity,Turnover ₹,No. of Trades,Deliverable Qty,% Dly Qt to Traded Qty
MARUTI,EQ,2014-01-01,"1,763.90","1,770.00","1,776.90","1,756.55","1,763.00","1,764.00","1,767.52","2,14,453","37,90,49,358.65","8,019","56,682",26.43
MARUTI,EQ,2014-01-02,"1,764.00","1,759.00","1,814.80","1,759.00","1,770.00","1,768.40","1,795.52","15,65,710","2,81,12,57,306.35","32,695","11,19,167",71.48
MARUTI,EQ,2014-01-03,"1,768.40","1,766.00","1,808.65","1,752.25","1,807.00","1,798.60","1,783.20","5,83,504","1,04,05,01,737.65","28,778","2,42,527",41.56
MARUTI,EQ,2014-01-06,"1,798.60","1,805.00","1,819.40","1,792.55","1,808.00","1,807.70","1,805.20","5,49,379","99,17,36,292.90","40,747","2,61,298",47.56
MARUTI,EQ,2014-01-07,"1,807.70","1,838.00","1,854.25","1,820.10","1,849.00","1,845.75","1,842.78","16,14,578","2,97,53,05,365.65","64,159","9,37,964",58.09
MARUTI,EQ,2014-01-08,"1,845.75","1,850.00","1,860.00","1,827.05","1,850.40","1,837.50","1,842.67","13,98,622","2,57,72,00,159.20","46,114","6,06,233",43.35
MARUTI,EQ,2014-01-09,"1,837.50","1,858.80","1,859.00","1,801.10","1,811.45","1,811.80","1,827.79","9,47,521","1,73,18,73,596.65","54,092","5,23,538",55.25
MARUTI,EQ,2014-01-10,"1,811.80","1,811.10","1,814.55","1,768.00","1,791.05","1,794.10","1,798.18","6,70,378","1,20,54,62,507.55","41,112","3,68,259",54.93
MARUTI,EQ,2014-01-13,"1,794.10","1,800.00","1,814.75","1,765.00","1,787.70","1,782.75","1,785.90","5,59,984","1,00,00,73,467.85","24,506","2,29,645",41.01
MARUTI,EQ,2014-01-14,"1,782.75","1,783.00","1,791.80","1,759.10","1,770.85","1,773.35","1,771.58","5,30,939","94,06,02,003.50","36,970","2,00,039",37.68
MARUTI,EQ,2014-01-15,"1,773.35","1,790.00","1,807.00","1,767.10","1,803.00","1,800.10","1,788.35","6,12,338","1,09,50,76,669.50","34,081","2,84,225",46.42
MARUTI,EQ,2014-01-16,"1,800.10","1,803.10","1,810.80","1,785.00","1,786.65","1,789.85","1,794.91","4,29,527","77,09,62,851.85","23,834","2,23,661",52.07
MARUTI,EQ,2014-01-17,"1,789.85","1,778.20","1,808.80","1,766.30","1,777.00","1,775.20","1,787.74","3,10,359","55,48,40,080.30","18,283","99,540",32.07
MARUTI,EQ,2014-01-20,"1,775.20","1,774.00","1,797.35","1,762.00","1,779.90","1,778.20","1,780.57","3,40,046","60,54,75,045.35","12,708","1,69,044",49.71
MARUTI,EQ,2014-01-21,"1,778.20","1,782.00","1,812.70","1,782.00","1,802.00","1,801.90","1,804.15","5,41,958","97,77,73,367.30","24,532","2,67,998",49.45
MARUTI,EQ,2014-01-22,"1,801.90","1,805.50","1,819.00","1,795.00","1,805.30","1,807.85","1,809.59","4,24,767","76,86,52,980.30","22,093","2,30,000",54.15
MARUTI,EQ,2014-01-23,"1,807.85","1,796.10","1,819.90","1,788.45","1,792.00","1,793.80","1,806.12","4,93,794","89,18,51,647.85","22,476","2,52,591",51.15
MARUTI,EQ,2014-01-24,"1,793.80","1,784.90","1,804.90","1,769.25","1,770.80","1,774.25","1,785.19","3,77,713","67,42,89,917.65","18,148","1,52,356",40.34
MARUTI,EQ,2014-01-27,"1,774.25","1,755.00","1,755.00","1,690.00","1,703.95","1,702.30","1,710.75","9,23,081","1,57,91,57,282.10","55,790","5,91,488",64.08
MARUTI,EQ,2014-01-28,"1,702.30","1,715.00","1,751.50","1,540.40","1,543.40","1,566.00","1,623.33","65,99,087","10,71,25,05,678.25","1,91,743","26,38,908",39.99
MARUTI,EQ,2014-01-29,"1,566.00","1,615.20","1,697.80","1,615.20","1,675.05","1,673.85","1,669.77","67,37,926","11,25,07,70,803.70","2,29,212","36,52,775",54.21
MARUTI,EQ,2014-01-30,"1,673.85","1,668.00","1,674.00","1,625.60","1,633.40","1,635.90","1,643.99","16,51,215","2,71,45,74,011.05","78,978","9,49,044",57.48
MARUTI,EQ,2014-01-31,"1,635.90","1,655.00","1,655.00","1,620.85","1,641.40","1,636.25","1,635.36","7,29,347","1,19,27,42,562.35","43,804","4,14,471",56.83
MARUTI,EQ,2014-02-03,"1,636.25","1,620.00","1,660.00","1,613.05","1,614.85","1,618.50","1,630.85","9,57,497","1,56,15,37,855.10","46,845","5,11,893",53.46
MARUTI,EQ,2014-02-04,"1,618.50","1,601.00","1,630.00","1,590.00","1,619.85","1,619.65","1,614.05","7,03,285","1,13,51,37,285.75","29,784","4,09,609",58.24
MARUTI,EQ,2014-02-05,"1,619.65","1,619.00","1,623.10","1,602.10","1,606.00","1,606.70","1,609.70","6,27,278","1,00,97,29,640.90","34,074","3,70,591",59.08
MARUTI,EQ,2014-02-06,"1,606.70","1,610.20","1,644.95","1,593.00","1,643.00","1,639.70","1,622.31","12,37,835","2,00,81,52,353.00","37,502","8,88,787",71.80
MARUTI,EQ,2014-02-07,"1,639.70","1,654.95","1,670.40","1,648.50","1,666.00","1,664.95","1,662.42","9,21,283","1,53,15,61,492.90","45,377","6,49,570",70.51
MARUTI,EQ,2014-02-10,"1,664.95","1,665.00","1,701.60","1,665.00","1,682.60","1,688.85","1,683.26","8,96,683","1,50,93,50,857.45","38,532","6,21,877",69.35
MARUTI,EQ,2014-02-11,"1,688.85","1,690.25","1,698.00","1,668.10","1,677.00","1,678.15","1,677.89","2,94,694","49,44,64,491.80","13,202","1,86,549",63.30
MARUTI,EQ,2014-02-12,"1,678.15","1,685.00","1,689.80","1,643.10","1,645.00","1,647.70","1,657.63","4,42,825","73,40,41,563.75","16,399","2,43,269",54.94
MARUTI,EQ,2014-02-13,"1,647.70","1,646.00","1,658.80","1,632.50","1,634.00","1,641.25","1,643.44","4,39,092","72,16,19,867.95","27,025","2,44,889",55.77
MARUTI,EQ,2014-02-14,"1,641.25","1,642.00","1,653.55","1,615.65","1,640.05","1,643.40","1,634.44","4,51,950","73,86,86,471.70","35,772","2,79,423",61.83
MARUTI,EQ,2014-02-17,"1,643.40","1,635.00","1,674.90","1,635.00","1,670.50","1,665.70","1,657.98","6,17,227","1,02,33,48,699.70","20,013","2,38,679",38.67
MARUTI,EQ,2014-02-18,"1,665.70","1,675.00","1,733.65","1,666.10","1,706.00","1,708.45","1,702.21","9,54,637","1,62,49,91,304.20","39,224","4,18,222",43.81
MARUTI,EQ,2014-02-19,"1,708.45","1,714.00","1,721.00","1,692.00","1,695.65","1,698.10","1,702.99","3,41,015","58,07,44,321.20","17,006","1,33,391",39.12
MARUTI,EQ,2014-02-20,"1,698.10","1,697.00","1,706.00","1,674.20","1,682.00","1,683.30","1,688.88","3,44,996","58,26,56,823.90","18,581","1,67,211",48.47
MARUTI,EQ,2014-02-21,"1,683.30","1,686.10","1,702.40","1,671.55","1,672.70","1,675.60","1,686.24","3,40,948","57,49,19,784.00","22,035","1,78,195",52.26
MARUTI,EQ,2014-02-24,"1,675.60","1,675.00","1,695.00","1,645.80","1,683.00","1,684.40","1,678.31","3,26,898","54,86,35,637.40","21,061","98,371",30.09
MARUTI,EQ,2014-02-25,"1,684.40","1,690.10","1,693.90","1,672.40","1,678.00","1,678.00","1,679.21","2,45,384","41,20,50,832.05","16,439","1,11,770",45.55
MARUTI,EQ,2014-02-26,"1,678.00","1,668.00","1,684.10","1,651.00","1,670.50","1,664.05","1,665.35","5,84,837","97,39,56,500.15","25,505","2,97,786",50.92
MARUTI,EQ,2014-02-28,"1,664.05","1,640.00","1,659.05","1,573.00","1,592.00","1,589.00","1,591.10","17,68,632","2,81,40,79,092.00","1,21,660","9,07,009",51.28
MARUTI,EQ,2014-03-03,"1,589.00","1,582.00","1,616.90","1,575.00","1,582.50","1,582.20","1,593.00","10,60,385","1,68,91,89,894.35","81,950","5,52,363",52.09
MARUTI,EQ,2014-03-04,"1,582.20","1,577.00","1,603.00","1,550.00","1,600.05","1,597.40","1,580.08","7,97,764","1,26,05,30,035.15","36,271","1,90,421",23.87
MARUTI,EQ,2014-03-05,"1,597.40","1,614.70","1,636.95","1,593.55","1,621.90","1,625.40","1,620.77","7,28,060","1,18,00,18,221.90","30,932","1,75,919",24.16
MARUTI,IL,2014-03-05,"1,445.45","1,625.00","1,640.00","1,625.00",-,"1,640.00","1,635.50","55,546","9,08,45,440.00",3,"55,546",100.00
MARUTI,EQ,2014-03-06,"1,625.40","1,629.70","1,657.00","1,618.00","1,648.00","1,650.45","1,637.40","4,22,906","69,24,68,158.50","16,774","1,11,481",26.36
MARUTI,EQ,2014-03-07,"1,650.45","1,655.00","1,747.00","1,640.20","1,738.00","1,735.05","1,706.01","9,44,177","1,61,07,79,024.75","35,540","3,56,216",37.73
MARUTI,EQ,2014-03-10,"1,735.05","1,730.00","1,817.25","1,716.65","1,799.45","1,801.10","1,777.13","13,24,717","2,35,41,96,919.55","59,960","4,96,590",37.49
MARUTI,EQ,2014-03-11,"1,801.10","1,804.00","1,811.70","1,744.80","1,752.00","1,754.15","1,775.87","7,03,249","1,24,88,75,344.15","34,014","2,43,219",34.59
MARUTI,EQ,2014-03-12,"1,754.15","1,725.00","1,791.00","1,680.00","1,763.00","1,764.05","1,745.89","14,43,683","2,52,05,10,849.30","50,798","1,82,076",12.61
MARUTI,EQ,2014-03-13,"1,764.05","1,766.00","1,790.90","1,733.00","1,748.00","1,747.35","1,767.46","6,41,720","1,13,42,12,121.10","23,905","1,73,188",26.99
MARUTI,EQ,2014-03-14,"1,747.35","1,715.00","1,756.35","1,710.00","1,737.00","1,738.45","1,735.77","5,88,996","1,02,23,59,556.00","22,231","83,990",14.26
MARUTI,EQ,2014-03-18,"1,738.45","1,900.00","1,909.00","1,852.25","1,869.50","1,868.20","1,870.92","17,95,672","3,35,95,64,578.90","62,885","3,72,537",20.75
MARUTI,IL,2014-03-18,"1,640.00","1,901.00","1,915.00","1,901.00",-,"1,915.00","1,914.00","3,08,284","59,00,55,860.00",8,"3,08,284",100.00
MARUTI,EQ,2014-03-19,"1,868.20","1,873.00","1,889.00","1,850.75","1,864.60","1,869.75","1,868.37","6,21,508","1,16,12,07,892.75","31,913","1,82,542",29.37
MARUTI,IL,2014-03-19,"1,915.00","1,900.00","1,900.00","1,900.00",-,"1,900.00","1,900.00","3,48,039","66,12,74,100.00",10,"3,48,039",100.00
MARUTI,EQ,2014-03-20,"1,869.75","1,869.00","1,874.80","1,848.05","1,860.80","1,856.55","1,863.14","3,10,199","57,79,42,884.85","17,464","66,582",21.46
MARUTI,IL,2014-03-20,"1,900.00","1,885.00","1,900.00","1,885.00",-,"1,900.00","1,891.70","1,22,569","23,18,63,215.00",7,"1,22,569",100.00
MARUTI,IL,2014-03-21,"1,900.00","1,900.00","1,900.00","1,887.00",-,"1,887.55","1,899.02","4,40,000","83,55,70,081.40",23,"4,40,000",100.00
MARUTI,EQ,2014-03-21,"1,856.55","1,856.55","1,879.25","1,856.55","1,867.95","1,868.55","1,869.20","2,84,182","53,11,92,735.50","16,736","66,249",23.31
MARUTI,EQ,2014-03-22,"1,868.55","1,871.00","1,878.90","1,868.65","1,869.15","1,872.50","1,873.37","37,419","7,00,99,757.10","1,681","8,440",22.56
MARUTI,IL,2014-03-24,"1,887.55","1,915.00","1,915.00","1,915.00",-,"1,915.00","1,915.00","3,74,281","71,67,48,115.00",8,"3,74,281",100.00
MARUTI,EQ,2014-03-24,"1,872.50","1,877.65","1,903.00","1,873.25","1,882.00","1,886.30","1,887.10","3,29,812","62,23,89,791.85","13,445","74,263",22.52
MARUTI,EQ,2014-03-25,"1,886.30","1,881.00","1,912.00","1,875.85","1,911.00","1,901.70","1,894.30","3,95,158","74,85,46,270.20","19,440","1,73,320",43.86
MARUTI,EQ,2014-03-26,"1,901.70","1,911.00","1,949.00","1,911.00","1,940.00","1,937.10","1,938.09","6,34,815","1,23,03,31,376.35","25,631","2,86,812",45.18
MARUTI,IL,2014-03-26,"1,915.00","1,980.00","1,980.00","1,980.00",-,"1,980.00","1,980.00","1,04,105","20,61,27,900.00",5,"1,04,105",100.00
MARUTI,IL,2014-03-27,"1,980.00","1,983.00","1,983.00","1,983.00",-,"1,983.00","1,983.00","2,794","55,40,502.00",1,-,-
MARUTI,EQ,2014-03-27,"1,937.10","1,941.00","1,968.40","1,920.15","1,931.50","1,935.55","1,939.84","8,25,829","1,60,19,73,507.45","25,656","3,06,321",37.09
MARUTI,EQ,2014-03-28,"1,935.55","1,935.90","1,956.55","1,920.10","1,927.00","1,931.40","1,935.93","3,26,409","63,19,04,984.15","13,198","1,37,440",42.11
MARUTI,EQ,2014-03-31,"1,931.40","1,937.95","1,980.00","1,925.00","1,967.05","1,971.75","1,960.48","4,37,613","85,79,30,843.15","18,507","1,47,907",33.80
MARUTI,EQ,2014-04-01,"1,971.75","1,976.00","1,980.00","1,922.10","1,927.00","1,930.85","1,944.93","2,88,560","56,12,28,606.25","12,985","68,993",23.91
MARUTI,EQ,2014-04-02,"1,930.85","1,935.00","1,948.70","1,922.85","1,935.85","1,933.20","1,936.34","2,68,932","52,07,43,929.10","11,297","77,867",28.95
MARUTI,EQ,2014-04-03,"1,933.20","1,940.00","1,964.40","1,927.00","1,940.30","1,939.70","1,942.35","3,07,539","59,73,48,926.90","13,048","1,07,769",35.04
MARUTI,EQ,2014-04-04,"1,939.70","1,940.00","1,950.00","1,917.15","1,925.00","1,927.20","1,933.74","1,95,927","37,88,72,453.30","8,163","71,179",36.33
MARUTI,EQ,2014-04-07,"1,927.20","1,925.00","1,936.00","1,872.00","1,906.00","1,904.95","1,897.68","3,19,401","60,61,22,144.65","15,414","89,584",28.05
MARUTI,IL,2014-04-09,"1,983.00","1,913.00","1,913.00","1,913.00",-,"1,913.00","1,913.00","14,191","2,71,47,383.00",1,-,-
MARUTI,EQ,2014-04-09,"1,904.95","1,890.00","1,940.00","1,876.00","1,933.70","1,932.50","1,914.53","6,98,363","1,33,70,40,344.55","36,905","2,21,015",31.65
MARUTI,EQ,2014-04-10,"1,932.50","1,933.00","1,973.50","1,916.10","1,949.00","1,959.95","1,954.95","4,86,855","95,17,77,905.85","18,849","1,44,089",29.60
MARUTI,EQ,2014-04-11,"1,959.95","1,941.00","1,948.70","1,923.15","1,936.25","1,935.70","1,933.72","5,04,763","97,60,70,021.50","18,600","1,88,410",37.33
MARUTI,EQ,2014-04-15,"1,935.70","1,924.30","1,948.60","1,904.00","1,925.00","1,927.20","1,921.29","2,28,758","43,95,10,885.75","8,913","1,02,250",44.70
MARUTI,EQ,2014-04-16,"1,927.20","1,929.25","1,964.80","1,926.45","1,935.30","1,935.25","1,948.09","3,71,554","72,38,21,882.80","19,426","1,80,721",48.64
MARUTI,EQ,2014-04-17,"1,935.25","1,937.50","1,961.50","1,915.90","1,960.10","1,951.35","1,948.73","3,37,629","65,79,48,048.00","18,799","1,88,381",55.80
MARUTI,EQ,2014-04-21,"1,951.35","1,953.45","2,001.00","1,953.45","1,989.40","1,988.30","1,986.94","4,81,905","95,75,17,292.55","27,682","1,88,784",39.17
MARUTI,EQ,2014-04-22,"1,988.30","1,998.95","2,006.85","1,967.00","1,977.00","1,975.60","1,983.21","3,23,792","64,21,48,065.20","19,104","93,936",29.01
MARUTI,EQ,2014-04-23,"1,975.60","1,984.90","1,994.00","1,969.00","1,985.00","1,982.05","1,982.10","3,98,691","79,02,47,245.45","16,899","1,70,063",42.66
MARUTI,IL,2014-04-23,"1,913.00","1,991.00","1,991.00","1,991.00",-,"1,991.00","1,991.00","50,000","9,95,50,000.00",1,"50,000",100.00
MARUTI,EQ,2014-04-25,"1,982.05","1,990.00","1,994.00","1,917.00","1,955.00","1,956.20","1,943.67","10,64,921","2,06,98,54,822.85","38,593","3,04,112",28.56
MARUTI,EQ,2014-04-28,"1,956.20","1,950.00","1,966.80","1,936.95","1,951.75","1,950.45","1,952.58","2,58,675","50,50,83,213.10","14,492","51,068",19.74
MARUTI,EQ,2014-04-29,"1,950.45","1,955.00","1,961.00","1,910.30","1,915.70","1,916.50","1,934.98","3,35,612","64,94,02,740.75","20,362","90,640",27.01
MARUTI,EQ,2014-04-30,"1,916.50","1,921.10","1,940.80","1,911.00","1,927.00","1,923.00","1,928.50","2,43,902","47,03,63,816.15","12,751","89,987",36.89
MARUTI,EQ,2014-05-02,"1,923.00","1,895.00","1,908.70","1,880.05","1,883.40","1,883.40","1,892.15","3,24,650","61,42,85,840.45","13,721","1,19,498",36.81
MARUTI,EQ,2014-05-05,"1,883.40","1,883.00","1,916.40","1,866.00","1,898.85","1,897.85","1,891.02","3,52,889","66,73,21,516.85","14,913","1,23,689",35.05
MARUTI,EQ,2014-05-06,"1,897.85","1,899.00","1,916.05","1,883.00","1,910.00","1,910.25","1,902.39","2,39,206","45,50,63,693.10","11,999","94,183",39.37
MARUTI,EQ,2014-05-07,"1,910.25","1,905.20","1,907.20","1,878.10","1,887.85","1,881.25","1,888.11","2,46,112","46,46,85,540.45","6,185","1,43,501",58.31
MARUTI,EQ,2014-05-08,"1,881.25","1,888.00","1,900.00","1,876.20","1,900.00","1,896.60","1,892.63","1,80,796","34,21,79,468.85","11,931","66,787",36.94
MARUTI,EQ,2014-05-09,"1,896.60","1,880.00","1,983.75","1,880.00","1,976.15","1,974.85","1,953.16","4,57,287","89,31,56,670.25","23,085","1,89,982",41.55
MARUTI,EQ,2014-05-12,"1,974.85","1,975.00","2,064.85","1,965.05","2,052.95","2,049.90","2,029.35","5,55,623","1,12,75,54,807.55","30,399","1,94,832",35.07
MARUTI,IL,2014-05-13,"1,991.00","2,100.00","2,145.00","2,100.00",-,"2,145.00","2,131.75","1,39,234","29,68,11,930.00",58,"1,39,234",100.00
MARUTI,EQ,2014-05-13,"2,049.90","2,080.00","2,120.00","2,042.55","2,090.30","2,090.35","2,091.43","5,28,807","1,10,59,65,329.25","24,689","1,91,570",36.23
MARUTI,EQ,2014-05-14,"2,090.35","2,092.00","2,120.00","2,059.50","2,082.00","2,085.20","2,077.22","3,29,237","68,38,98,800.20","20,592","1,40,755",42.75
MARUTI,EQ,2014-05-15,"2,085.20","2,082.00","2,127.00","2,078.00","2,127.00","2,117.85","2,107.30","4,41,637","93,06,62,807.10","30,422","2,42,602",54.93
MARUTI,IL,2014-05-16,"2,145.00","2,250.00","2,250.00","2,250.00",-,"2,250.00","2,250.00","72,000","16,20,00,000.00",2,"72,000",100.00
MARUTI,EQ,2014-05-16,"2,117.85","2,200.00","2,318.50","2,140.10","2,157.65","2,152.15","2,224.43","8,08,438","1,79,83,13,173.75","35,150","3,75,793",46.48
MARUTI,EQ,2014-05-19,"2,152.15","2,190.00","2,250.00","2,190.00","2,211.95","2,214.65","2,228.23","4,90,566","1,09,30,93,463.25","21,615","3,03,475",61.86
MARUTI,IL,2014-05-20,"2,250.00","2,230.00","2,230.00","2,230.00",-,"2,230.00","2,230.00","70,400","15,69,92,000.00",21,"70,400",100.00
MARUTI,EQ,2014-05-20,"2,214.65","2,222.00","2,236.80","2,182.55","2,190.90","2,194.00","2,203.84","2,25,127","49,61,43,375.50","10,259","1,00,323",44.56
MARUTI,EQ,2014-05-21,"2,194.00","2,201.00","2,209.95","2,166.00","2,166.00","2,169.20","2,181.69","1,86,665","40,72,44,273.80","15,997","96,625",51.76
MARUTI,EQ,2014-05-22,"2,169.20","2,204.95","2,287.00","2,204.95","2,256.45","2,264.80","2,266.31","6,79,922","1,54,09,12,761.00","28,352","2,94,031",43.24
MARUTI,EQ,2014-05-23,"2,264.80","2,278.70","2,403.00","2,265.35","2,390.15","2,385.85","2,319.45","3,97,790","92,26,55,205.15","19,261","94,476",23.75
MARUTI,IL,2014-05-26,"2,230.00","2,485.00","2,485.00","2,485.00",-,"2,485.00","2,485.00","13,212","3,28,31,820.00",2,"2,966",22.45
MARUTI,EQ,2014-05-26,"2,385.85","2,407.50","2,505.00","2,314.05","2,340.10","2,341.30","2,431.79","7,78,712","1,89,36,63,196.60","32,119","2,78,205",35.73
MARUTI,EQ,2014-05-27,"2,341.30","2,345.95","2,368.00","2,289.00","2,300.00","2,302.05","2,326.56","2,41,821","56,26,10,673.70","14,061","57,026",23.58
MARUTI,IL,2014-05-27,"2,485.00","2,361.00","2,361.00","2,361.00",-,"2,361.00","2,361.00","6,50,000","1,53,46,50,000.00",18,"6,50,000",100.00
MARUTI,EQ,2014-05-28,"2,302.05","2,290.00","2,360.30","2,285.25","2,310.00","2,309.95","2,318.88","3,52,579","81,75,87,098.25","16,212","84,647",24.01
MARUTI,EQ,2014-05-29,"2,309.95","2,303.10","2,337.70","2,255.05","2,313.55","2,305.85","2,301.31","3,52,983","81,23,22,013.00","13,436","1,11,919",31.71
MARUTI,EQ,2014-05-30,"2,305.85","2,314.15","2,339.95","2,254.00","2,266.15","2,271.80","2,294.53","1,89,180","43,40,79,671.50","10,660","53,173",28.11
MARUTI,EQ,2014-06-02,"2,271.80","2,270.00","2,340.35","2,270.00","2,339.00","2,324.30","2,316.00","2,46,577","57,10,73,536.10","11,434","63,451",25.73
MARUTI,EQ,2014-06-03,"2,324.30","2,344.70","2,356.80","2,310.00","2,342.30","2,336.85","2,338.01","3,72,134","87,00,53,804.20","14,850","1,72,895",46.46
MARUTI,EQ,2014-06-04,"2,336.85","2,339.30","2,393.05","2,338.00","2,377.75","2,372.05","2,371.23","2,96,026","70,19,46,862.80","15,244","59,856",20.22
MARUTI,EQ,2014-06-05,"2,372.05","2,410.00","2,427.00","2,367.15","2,371.00","2,381.20","2,393.67","5,53,410","1,32,46,82,144.20","28,945","2,01,383",36.39
MARUTI,IL,2014-06-05,"2,361.00","2,425.00","2,425.00","2,425.00",-,"2,425.00","2,425.00","50,000","12,12,50,000.00",2,"50,000",100.00
MARUTI,IL,2014-06-06,"2,425.00","2,429.00","2,429.00","2,429.00",-,"2,429.00","2,429.00","37,000","8,98,73,000.00",2,"37,000",100.00
MARUTI,EQ,2014-06-06,"2,381.20","2,402.00","2,412.90","2,380.00","2,388.00","2,392.05","2,394.88","2,52,012","60,35,39,503.80","9,514","1,16,682",46.30
MARUTI,IL,2014-06-09,"2,429.00","2,450.00","2,450.00","2,450.00",-,"2,450.00","2,450.00","50,000","12,25,00,000.00",2,"50,000",100.00
MARUTI,EQ,2014-06-09,"2,392.05","2,415.00","2,449.00","2,387.05","2,432.50","2,435.15","2,423.73","3,15,081","76,36,71,343.50","13,426","86,910",27.58
MARUTI,IL,2014-06-10,"2,450.00","2,490.00","2,490.00","2,490.00",-,"2,490.00","2,490.00","2,88,850","71,92,36,500.00",13,"2,88,850",100.00
MARUTI,EQ,2014-06-10,"2,435.15","2,475.00","2,484.00","2,411.00","2,473.45","2,464.30","2,453.90","5,59,445","1,37,28,22,605.15","24,317","1,97,732",35.34
MARUTI,EQ,2014-06-11,"2,464.30","2,470.00","2,482.50","2,433.00","2,440.00","2,448.55","2,455.43","3,95,488","97,10,93,061.65","25,015","1,47,897",37.40
MARUTI,EQ,2014-06-12,"2,448.55","2,420.00","2,488.35","2,406.75","2,486.80","2,480.85","2,463.66","4,46,513","1,10,00,54,724.60","19,474","1,97,843",44.31
MARUTI,EQ,2014-06-13,"2,480.85","2,485.00","2,496.00","2,393.55","2,404.80","2,403.35","2,445.95","3,28,108","80,25,36,288.80","15,222","1,02,768",31.32
MARUTI,IL,2014-06-13,"2,490.00","2,480.00","2,480.00","2,480.00",-,"2,480.00","2,480.00","50,000","12,40,00,000.00",2,"50,000",100.00
MARUTI,EQ,2014-06-16,"2,403.35","2,399.00","2,409.00","2,360.50","2,380.00","2,381.15","2,381.72","2,25,806","53,78,07,346.65","16,920","77,301",34.23
MARUTI,IL,2014-06-17,"2,480.00","2,411.00","2,416.00","2,411.00",-,"2,416.00","2,414.04","2,30,000","55,52,30,000.00",10,"2,30,000",100.00
MARUTI,EQ,2014-06-17,"2,381.15","2,388.00","2,422.50","2,381.00","2,407.00","2,414.45","2,403.53","1,90,284","45,73,53,537.70","9,858","53,805",28.28
MARUTI,EQ,2014-06-18,"2,414.45","2,415.00","2,449.00","2,400.00","2,435.00","2,435.00","2,426.40","5,01,190","1,21,60,87,931.80","25,913","2,59,838",51.84
MARUTI,EQ,2014-06-19,"2,435.00","2,441.00","2,449.00","2,371.00","2,371.25","2,380.05","2,398.56","3,05,893","73,37,02,156.70","20,106","1,18,562",38.76
MARUTI,IL,2014-06-19,"2,416.00","2,380.00","2,380.00","2,380.00",-,"2,380.00","2,380.00",100,"2,38,000.00",1,100,100.00
MARUTI,EQ,2014-06-20,"2,380.05","2,363.25","2,397.35","2,362.00","2,365.15","2,366.40","2,377.94","1,35,952","32,32,85,204.60","9,454","43,047",31.66
MARUTI,EQ,2014-06-23,"2,366.40","2,392.00","2,394.95","2,351.05","2,385.00","2,380.30","2,372.90","1,58,501","37,61,06,957.40","8,853","40,461",25.53
MARUTI,EQ,2014-06-24,"2,380.30","2,390.00","2,422.00","2,389.20","2,419.00","2,414.60","2,407.13","2,17,974","52,46,90,792.40","9,391","1,04,294",47.85
MARUTI,IL,2014-06-24,"2,380.00","2,407.00","2,409.00","2,407.00",-,"2,409.00","2,408.43","1,40,000","33,71,80,000.00",5,"1,40,000",100.00
MARUTI,EQ,2014-06-25,"2,414.60","2,414.95","2,528.00","2,391.10","2,464.00","2,471.00","2,441.58","4,30,866","1,05,19,94,633.35","17,162","1,72,175",39.96
MARUTI,EQ,2014-06-26,"2,471.00","2,485.00","2,503.95","2,437.50","2,480.35","2,486.90","2,471.11","5,39,042","1,33,20,31,392.30","23,707","1,51,715",28.15
MARUTI,EQ,2014-06-27,"2,486.90","2,480.05","2,480.05","2,440.00","2,443.00","2,454.70","2,462.18","1,51,990","37,42,26,100.00","9,079","43,071",28.34
MARUTI,EQ,2014-06-30,"2,454.70","2,454.95","2,469.50","2,428.20","2,437.50","2,439.35","2,446.91","2,40,672","58,89,02,342.80","14,562","88,913",36.94
MARUTI,EQ,2014-07-01,"2,439.35","2,453.80","2,605.40","2,446.60","2,582.50","2,583.80","2,552.18","15,05,073","3,84,12,10,485.50","70,942","5,03,772",33.47
MARUTI,IL,2014-07-02,"2,409.00","2,690.00","2,690.00","2,690.00",-,"2,690.00","2,690.00","8,339","2,24,31,910.00",1,"8,339",100.00
MARUTI,EQ,2014-07-02,"2,583.80","2,593.80","2,665.00","2,568.25","2,641.35","2,641.95","2,628.60","7,75,548","2,03,86,03,881.35","37,878","1,65,604",21.35
MARUTI,IL,2014-07-03,"2,690.00","2,650.00","2,710.00","2,650.00",-,"2,699.00","2,698.58","47,492","12,81,60,896.05",88,"39,682",83.56
MARUTI,EQ,2014-07-03,"2,641.95","2,650.00","2,662.00","2,615.00","2,633.10","2,629.90","2,637.03","3,95,691","1,04,34,48,810.45","18,847","79,430",20.07
MARUTI,EQ,2014-07-04,"2,629.90","2,627.00","2,654.30","2,616.65","2,643.00","2,642.50","2,638.74","3,46,996","91,56,32,823.50","16,099","1,01,753",29.32
MARUTI,EQ,2014-07-07,"2,642.50","2,649.00","2,660.00","2,618.60","2,645.00","2,638.85","2,635.09","2,52,391","66,50,71,902.00","9,741","66,715",26.43
MARUTI,EQ,2014-07-08,"2,638.85","2,660.00","2,661.15","2,578.00","2,600.00","2,589.65","2,608.79","3,25,370","84,88,22,830.25","14,218","1,27,887",39.31
MARUTI,EQ,2014-07-09,"2,589.65","2,607.00","2,607.00","2,492.20","2,524.90","2,516.45","2,558.08","4,06,355","1,03,94,88,843.60","20,630","1,51,337",37.24
MARUTI,IL,2014-07-10,"2,699.00","2,540.00","2,540.00","2,540.00",-,"2,540.00","2,540.00","15,000","3,81,00,000.00",1,"15,000",100.00
MARUTI,EQ,2014-07-10,"2,516.45","2,517.00","2,630.00","2,490.00","2,526.75","2,531.70","2,542.44","3,49,298","88,80,70,493.80","16,813","78,884",22.58
MARUTI,EQ,2014-07-11,"2,531.70","2,525.00","2,560.95","2,472.00","2,506.95","2,504.65","2,511.30","2,73,178","68,60,30,694.15","19,090","79,841",29.23
MARUTI,EQ,2014-07-14,"2,504.65","2,482.00","2,525.55","2,482.00","2,508.10","2,509.65","2,509.32","1,42,260","35,69,76,448.25","8,430","31,046",21.82
MARUTI,EQ,2014-07-15,"2,509.65","2,526.00","2,549.35","2,507.00","2,519.00","2,518.45","2,524.73","1,71,337","43,25,80,028.90","8,642","47,055",27.46
MARUTI,EQ,2014-07-16,"2,518.45","2,524.95","2,584.80","2,502.00","2,579.75","2,572.15","2,542.30","2,55,637","64,99,06,736.55","12,428","45,743",17.89
MARUTI,EQ,2014-07-17,"2,572.15","2,575.00","2,579.75","2,527.25","2,557.00","2,560.35","2,553.25","2,14,428","54,74,87,436.00","14,615","85,353",39.80
MARUTI,EQ,2014-07-18,"2,560.35","2,550.00","2,553.20","2,505.00","2,517.60","2,524.60","2,521.86","2,60,815","65,77,38,165.60","13,053","85,975",32.96
MARUTI,EQ,2014-07-21,"2,524.60","2,524.60","2,573.00","2,524.60","2,534.80","2,541.35","2,553.81","2,38,243","60,84,26,652.65","14,294","71,451",29.99
MARUTI,EQ,2014-07-22,"2,541.35","2,545.80","2,561.00","2,493.65","2,515.10","2,513.40","2,527.18","2,36,100","59,66,68,223.60","11,144","62,765",26.58
MARUTI,EQ,2014-07-23,"2,513.40","2,525.15","2,529.45","2,479.00","2,490.00","2,490.05","2,499.47","2,53,475","63,35,52,320.05","12,723","1,25,061",49.34
MARUTI,EQ,2014-07-24,"2,490.05","2,500.00","2,511.00","2,485.00","2,492.00","2,498.70","2,497.12","2,88,868","72,13,37,413.70","18,119","82,158",28.44
MARUTI,EQ,2014-07-25,"2,498.70","2,497.00","2,537.00","2,496.90","2,506.20","2,509.30","2,519.23","2,30,984","58,19,02,284.70","13,138","93,889",40.65
MARUTI,IL,2014-07-25,"2,540.00","2,545.00","2,545.00","2,545.00",-,"2,545.00","2,545.00","32,000","8,14,40,000.00",1,"32,000",100.00
MARUTI,EQ,2014-07-28,"2,509.30","2,510.00","2,525.00","2,492.60","2,502.00","2,505.50","2,510.24","1,82,179","45,73,12,311.30","7,242","71,817",39.42
MARUTI,EQ,2014-07-30,"2,505.50","2,509.95","2,560.00","2,485.00","2,553.05","2,552.45","2,529.47","1,89,655","47,97,26,787.85","11,304","80,242",42.31
MARUTI,EQ,2014-07-31,"2,552.45","2,564.75","2,590.00","2,511.40","2,522.00","2,524.05","2,551.36","9,58,095","2,44,44,42,918.95","41,512","2,53,837",26.49
MARUTI,EQ,2014-08-01,"2,524.05","2,510.00","2,626.55","2,509.00","2,579.00","2,586.00","2,592.77","9,43,610","2,44,65,66,347.75","48,870","2,09,470",22.20
MARUTI,EQ,2014-08-04,"2,586.00","2,590.00","2,660.00","2,571.40","2,660.00","2,645.70","2,618.34","4,80,503","1,25,81,19,569.20","23,457","1,76,855",36.81
MARUTI,EQ,2014-08-05,"2,645.70","2,653.70","2,675.00","2,628.60","2,658.00","2,665.85","2,656.79","4,12,319","1,09,54,43,952.65","20,535","1,00,780",24.44
MARUTI,EQ,2014-08-06,"2,665.85","2,654.00","2,670.00","2,630.35","2,641.75","2,637.00","2,649.83","2,38,191","63,11,64,627.85","15,749","66,013",27.71
MARUTI,EQ,2014-08-07,"2,637.00","2,629.50","2,667.00","2,629.50","2,653.00","2,649.40","2,651.63","2,86,075","75,85,64,914.35","13,947","73,011",25.52
MARUTI,EQ,2014-08-08,"2,649.40","2,629.00","2,635.00","2,593.50","2,623.00","2,622.60","2,613.37","2,66,242","69,57,90,068.05","19,986","1,04,906",39.40
MARUTI,EQ,2014-08-11,"2,622.60","2,639.00","2,672.00","2,635.05","2,665.00","2,664.55","2,657.09","2,26,565","60,20,02,578.60","11,457","47,321",20.89
MARUTI,EQ,2014-08-12,"2,664.55","2,672.00","2,684.95","2,647.20","2,656.05","2,664.25","2,662.26","2,23,239","59,43,21,280.55","11,086","91,352",40.92
MARUTI,EQ,2014-08-13,"2,664.25","2,653.30","2,674.95","2,643.00","2,645.50","2,650.95","2,654.86","1,86,796","49,59,16,902.75","7,912","84,257",45.11
MARUTI,EQ,2014-08-14,"2,650.95","2,645.00","2,693.00","2,645.00","2,670.00","2,666.55","2,672.84","3,11,544","83,27,06,932.50","16,213","1,08,705",34.89
MARUTI,EQ,2014-08-18,"2,666.55","2,651.15","2,722.50","2,651.15","2,709.60","2,703.55","2,697.12","3,59,547","96,97,41,709.75","24,965","85,883",23.89
MARUTI,EQ,2014-08-19,"2,703.55","2,715.00","2,760.00","2,712.20","2,755.00","2,749.30","2,736.77","4,04,906","1,10,81,35,874.80","23,776","1,42,181",35.11
MARUTI,EQ,2014-08-20,"2,749.30","2,749.00","2,755.00","2,724.95","2,737.00","2,737.85","2,735.40","2,12,477","58,12,10,474.15","14,716","92,959",43.75
MARUTI,EQ,2014-08-21,"2,737.85","2,743.95","2,771.00","2,738.10","2,751.55","2,750.55","2,756.51","2,06,504","56,92,31,030.20","9,276","52,364",25.36
MARUTI,EQ,2014-08-22,"2,750.55","2,756.00","2,767.90","2,729.00","2,767.90","2,754.85","2,746.81","1,92,631","52,91,19,952.70","7,757","46,652",24.22
MARUTI,EQ,2014-08-25,"2,754.85","2,781.00","2,824.95","2,779.20","2,810.05","2,805.85","2,802.15","3,90,940","1,09,54,71,974.35","22,679","82,470",21.10
MARUTI,EQ,2014-08-26,"2,805.85","2,785.00","2,799.90","2,755.00","2,781.00","2,772.40","2,774.58","2,95,099","81,87,76,871.40","13,542","1,43,338",48.57
MARUTI,EQ,2014-08-27,"2,772.40","2,785.00","2,798.65","2,760.75","2,773.00","2,769.25","2,772.05","3,08,090","85,40,40,901.85","14,189","1,65,106",53.59
MARUTI,EQ,2014-08-28,"2,769.25","2,775.00","2,803.70","2,761.70","2,776.80","2,784.50","2,784.93","4,44,326","1,23,74,16,681.55","22,977","2,16,770",48.79
MARUTI,EQ,2014-09-01,"2,784.50","2,804.00","2,930.00","2,792.00","2,927.60","2,912.80","2,874.44","6,40,846","1,84,20,74,857.25","34,230","1,07,336",16.75
MARUTI,EQ,2014-09-02,"2,912.80","2,929.00","2,966.00","2,907.80","2,917.00","2,915.05","2,926.82","4,31,825","1,26,38,73,896.55","21,433","1,32,794",30.75
MARUTI,EQ,2014-09-03,"2,915.05","2,940.00","2,942.00","2,897.00","2,904.00","2,908.55","2,914.93","4,23,897","1,23,56,29,049.65","16,933","1,92,218",45.35
MARUTI,IL,2014-09-03,"2,545.00","3,000.00","3,005.00","3,000.00",-,"3,005.00","3,004.49","2,45,100","73,64,00,000.00",16,"2,45,100",100.00
MARUTI,IL,2014-09-04,"3,005.00","3,007.00","3,007.00","3,007.00",-,"3,007.00","3,007.00","7,249","2,17,97,743.00",1,"7,249",100.00
MARUTI,EQ,2014-09-04,"2,908.55","2,910.00","2,923.55","2,883.10","2,894.25","2,897.75","2,899.49","2,54,066","73,66,61,355.85","12,749","1,12,992",44.47
MARUTI,EQ,2014-09-05,"2,897.75","2,872.00","2,901.95","2,859.90","2,885.00","2,880.75","2,882.38","2,62,632","75,70,04,469.15","14,489","1,13,083",43.06
MARUTI,EQ,2014-09-08,"2,880.75","2,875.00","2,924.40","2,856.00","2,923.25","2,915.65","2,892.41","3,93,871","1,13,92,36,636.25","19,152","1,63,760",41.58
MARUTI,IL,2014-09-09,"3,007.00","3,010.00","3,010.00","3,010.00",-,"3,010.00","3,010.00","62,555","18,82,90,550.00",5,"62,555",100.00
MARUTI,EQ,2014-09-09,"2,915.65","2,930.00","2,932.00","2,903.00","2,913.00","2,910.00","2,912.09","1,94,446","56,62,44,494.00","12,463","76,998",39.60
MARUTI,IL,2014-09-10,"3,010.00","3,000.00","3,000.00","3,000.00",-,"3,000.00","3,000.00","58,817","17,64,51,000.00",4,"58,817",100.00
MARUTI,EQ,2014-09-10,"2,910.00","2,891.05","2,919.95","2,885.00","2,910.60","2,906.95","2,906.30","1,85,112","53,79,91,774.70","8,948","62,756",33.90
MARUTI,EQ,2014-09-11,"2,906.95","2,905.00","2,924.00","2,876.25","2,922.95","2,917.10","2,903.40","2,80,993","81,58,34,011.65","19,912","76,931",27.38
MARUTI,EQ,2014-09-12,"2,917.10","2,921.00","2,979.00","2,921.00","2,975.20","2,971.80","2,959.46","4,53,657","1,34,25,78,692.25","24,869","1,72,984",38.13
MARUTI,IL,2014-09-15,"3,000.00","3,072.00","3,075.05","3,072.00",-,"3,075.05","3,073.49","25,940","7,97,26,375.35",2,"25,940",100.00
MARUTI,EQ,2014-09-15,"2,971.80","2,970.90","2,974.40","2,930.00","2,963.05","2,962.60","2,957.58","2,87,604","85,06,12,998.95","19,570","99,878",34.73
MARUTI,EQ,2014-09-16,"2,962.60","2,955.00","2,980.30","2,931.00","2,956.00","2,950.35","2,954.63","3,60,771","1,06,59,45,216.60","16,542","2,30,147",63.79
MARUTI,IL,2014-09-16,"3,075.05","3,090.00","3,090.00","3,090.00",-,"3,090.00","3,090.00","20,532","6,34,43,880.00",1,"20,532",100.00
MARUTI,EQ,2014-09-17,"2,950.35","2,950.00","2,985.00","2,916.25","2,982.00","2,967.20","2,946.64","3,13,982","92,51,90,750.90","14,855","1,29,097",41.12
MARUTI,EQ,2014-09-18,"2,967.20","2,978.00","3,060.00","2,960.00","3,054.10","3,042.70","3,019.77","3,69,872","1,11,69,29,901.30","22,815","76,960",20.81
MARUTI,EQ,2014-09-19,"3,042.70","3,045.20","3,094.00","3,030.00","3,076.30","3,082.40","3,060.27","2,76,972","84,76,08,076.70","14,552","65,582",23.68
MARUTI,EQ,2014-09-22,"3,082.40","3,074.30","3,085.00","3,041.50","3,065.05","3,066.20","3,064.78","2,28,956","70,17,00,500.25","11,865","44,007",19.22
MARUTI,EQ,2014-09-23,"3,066.20","3,079.00","3,112.00","3,054.10","3,060.00","3,061.80","3,085.47","3,31,237","1,02,20,23,208.95","22,761","71,811",21.68
MARUTI,EQ,2014-09-24,"3,061.80","3,075.00","3,090.00","3,031.00","3,079.90","3,071.80","3,059.01","2,11,358","64,65,45,696.35","10,272","70,890",33.54
MARUTI,EQ,2014-09-25,"3,071.80","3,075.00","3,100.00","3,043.00","3,057.00","3,057.25","3,066.96","3,18,285","97,61,65,783.25","13,601","1,64,496",51.68
MARUTI,EQ,2014-09-26,"3,057.25","3,040.30","3,087.00","2,961.90","3,035.00","3,038.00","3,026.06","2,90,099","87,78,56,685.45","16,848","72,298",24.92
MARUTI,EQ,2014-09-29,"3,038.00","3,036.00","3,037.00","3,001.85","3,014.50","3,008.15","3,015.31","2,17,945","65,71,70,701.10","13,494","97,132",44.57
MARUTI,IL,2014-09-30,"3,090.00","3,185.00","3,212.00","3,185.00",-,"3,212.00","3,203.66","57,875","18,54,11,875.00",5,"17,875",30.89
MARUTI,EQ,2014-09-30,"3,008.15","3,018.00","3,078.00","3,013.80","3,060.60","3,062.85","3,053.72","2,93,390","89,59,30,577.20","14,300","1,10,778",37.76
MARUTI,EQ,2014-10-01,"3,062.85","3,048.00","3,081.90","2,961.15","2,971.00","2,970.95","3,000.42","5,13,843","1,54,17,46,767.45","25,375","1,82,580",35.53
MARUTI,IL,2014-10-01,"3,212.00","3,120.00","3,120.00","3,120.00",-,"3,120.00","3,120.00","40,000","12,48,00,000.00",2,-,-
MARUTI,EQ,2014-10-07,"2,970.95","2,971.00","2,994.00","2,934.00","2,945.00","2,938.65","2,967.64","2,95,318","87,63,97,564.75","18,780","1,03,405",35.01
MARUTI,EQ,2014-10-08,"2,938.65","2,939.00","2,968.00","2,924.05","2,949.10","2,951.10","2,948.41","2,83,872","83,69,70,831.05","18,910","78,000",27.48
MARUTI,EQ,2014-10-09,"2,951.10","2,961.00","3,013.55","2,961.00","3,005.55","3,006.20","2,993.11","2,92,837","87,64,93,810.15","16,645","1,08,991",37.22
MARUTI,EQ,2014-10-10,"3,006.20","2,990.10","2,995.00","2,942.00","2,962.00","2,966.20","2,973.97","2,49,861","74,30,78,452.15","16,485","1,14,061",45.65
MARUTI,EQ,2014-10-13,"2,966.20","2,941.00","2,980.00","2,925.05","2,970.00","2,972.85","2,961.74","1,58,747","47,01,67,942.60","9,938","39,368",24.80
MARUTI,EQ,2014-10-14,"2,972.85","2,980.10","2,992.70","2,957.10","2,959.00","2,962.10","2,970.95","1,76,342","52,39,02,805.10","9,735","73,124",41.47
MARUTI,EQ,2014-10-16,"2,962.10","2,956.10","2,980.00","2,912.00","2,920.00","2,936.85","2,951.89","1,68,761","49,81,63,349.60","8,835","67,622",40.07
MARUTI,EQ,2014-10-17,"2,936.85","2,940.00","2,960.70","2,902.00","2,945.10","2,941.10","2,928.05","2,83,917","83,13,24,315.35","18,299","1,35,394",47.69
MARUTI,EQ,2014-10-20,"2,941.10","2,978.00","3,014.80","2,978.00","3,001.00","3,003.70","2,999.82","1,96,994","59,09,45,902.70","13,027","94,451",47.95
MARUTI,EQ,2014-10-21,"3,003.70","3,015.00","3,084.75","3,010.00","3,077.00","3,075.70","3,050.35","2,20,013","67,11,15,587.80","13,759","68,351",31.07
MARUTI,EQ,2014-10-22,"3,075.70","3,092.00","3,189.00","3,085.40","3,174.00","3,177.20","3,149.08","3,98,874","1,25,60,86,594.80","23,258","1,51,885",38.08
MARUTI,EQ,2014-10-23,"3,177.20","3,185.00","3,193.50","3,155.00","3,160.05","3,165.50","3,167.70","52,382","16,59,30,687.15","3,904","9,464",18.07
MARUTI,EQ,2014-10-27,"3,165.50","3,171.00","3,190.00","3,105.50","3,171.05","3,169.70","3,165.61","1,60,160","50,70,04,704.40","11,728","53,914",33.66
MARUTI,EQ,2014-10-28,"3,169.70","3,169.70","3,169.70","3,130.05","3,150.05","3,151.35","3,146.57","2,20,379","69,34,38,005.80","14,621","1,13,729",51.61
MARUTI,EQ,2014-10-29,"3,151.35","3,166.00","3,219.00","3,145.40","3,201.40","3,205.40","3,181.01","2,28,343","72,63,61,730.25","11,073","79,743",34.92
MARUTI,EQ,2014-10-30,"3,205.40","3,221.85","3,299.00","3,171.00","3,232.20","3,240.25","3,240.58","12,74,329","4,12,95,70,232.35","63,962","2,32,747",18.26
MARUTI,IL,2014-10-31,"3,120.00","3,360.00","3,360.00","3,360.00",-,"3,360.00","3,360.00","20,000","6,72,00,000.00",3,"20,000",100.00
MARUTI,EQ,2014-10-31,"3,240.25","3,265.00","3,350.00","3,246.25","3,332.05","3,337.25","3,309.98","9,02,391","2,98,68,98,065.25","38,839","2,59,999",28.81
MARUTI,EQ,2014-11-03,"3,337.25","3,330.00","3,334.00","3,276.00","3,284.15","3,286.85","3,292.13","4,52,092","1,48,83,47,262.45","20,095","1,98,826",43.98
MARUTI,EQ,2014-11-05,"3,286.85","3,295.00","3,327.85","3,280.00","3,289.35","3,288.95","3,310.21","2,67,172","88,43,95,304.15","13,180","1,07,843",40.36
MARUTI,IL,2014-11-07,"3,360.00","3,300.00","3,300.00","3,300.00",-,"3,300.00","3,300.00","47,779","15,76,70,700.00",4,"47,779",100.00
MARUTI,EQ,2014-11-07,"3,288.95","3,286.00","3,318.70","3,249.15","3,284.00","3,288.35","3,287.21","3,02,843","99,55,07,816.50","14,982","83,078",27.43
MARUTI,EQ,2014-11-10,"3,288.35","3,285.00","3,315.00","3,268.05","3,300.00","3,307.80","3,295.17","2,07,284","68,30,35,655.75","9,850","90,829",43.82
MARUTI,EQ,2014-11-11,"3,307.80","3,298.00","3,334.90","3,291.15","3,325.00","3,329.00","3,317.20","2,13,365","70,77,74,473.25","14,079","41,044",19.24
MARUTI,EQ,2014-11-12,"3,329.00","3,329.00","3,371.30","3,310.00","3,369.00","3,359.75","3,349.05","2,61,098","87,44,29,429.45","14,842","65,053",24.92
MARUTI,IL,2014-11-12,"3,300.00","3,377.00","3,377.00","3,377.00",-,"3,377.00","3,377.00","25,000","8,44,25,000.00",1,"25,000",100.00
MARUTI,EQ,2014-11-13,"3,359.75","3,370.00","3,396.00","3,321.70","3,324.60","3,328.55","3,360.60","2,35,947","79,29,24,240.90","15,178","69,654",29.52
MARUTI,EQ,2014-11-14,"3,328.55","3,329.10","3,344.00","3,320.30","3,322.80","3,329.55","3,333.40","1,15,687","38,56,31,244.75","6,560","29,575",25.56
MARUTI,EQ,2014-11-17,"3,329.55","3,321.95","3,370.00","3,313.10","3,338.00","3,341.20","3,345.19","1,86,565","62,40,94,851.85","12,794","40,667",21.80
MARUTI,EQ,2014-11-18,"3,341.20","3,341.00","3,376.75","3,324.55","3,358.85","3,364.60","3,357.91","2,76,896","92,97,92,624.20","16,157","59,930",21.64
MARUTI,EQ,2014-11-19,"3,364.60","3,378.00","3,395.00","3,323.60","3,332.00","3,343.40","3,357.85","2,13,795","71,78,91,370.60","11,696","42,922",20.08
MARUTI,IL,2014-11-19,"3,377.00","3,420.00","3,420.00","3,420.00",-,"3,420.00","3,420.00","2,24,332","76,72,15,440.00",9,"2,24,332",100.00
MARUTI,IL,2014-11-20,"3,420.00","3,395.00","3,395.00","3,389.00",-,"3,389.00","3,394.38","1,44,795","49,14,89,025.00",8,"1,44,795",100.00
MARUTI,EQ,2014-11-20,"3,343.40","3,343.00","3,364.80","3,312.00","3,320.35","3,335.50","3,336.67","1,64,288","54,81,74,129.70","9,971","66,122",40.25
MARUTI,EQ,2014-11-21,"3,335.50","3,333.05","3,364.00","3,305.55","3,346.05","3,355.05","3,340.35","2,61,401","87,31,69,647.90","10,339","1,30,967",50.10
MARUTI,EQ,2014-11-24,"3,355.05","3,350.35","3,363.10","3,334.00","3,360.00","3,353.10","3,347.32","1,56,584","52,41,37,146.35","7,347","67,042",42.82
MARUTI,EQ,2014-11-25,"3,353.10","3,358.00","3,388.00","3,281.65","3,294.00","3,288.85","3,324.23","3,43,894","1,14,31,82,101.50","24,505","1,26,380",36.75
MARUTI,IL,2014-11-25,"3,389.00","3,385.00","3,390.00","3,385.00",-,"3,390.00","3,385.48","1,03,693","35,10,50,805.00",16,"1,03,693",100.00
MARUTI,EQ,2014-11-26,"3,288.85","3,280.00","3,306.90","3,248.70","3,273.30","3,284.00","3,277.56","2,23,306","73,18,98,037.25","13,167","58,876",26.37
MARUTI,EQ,2014-11-27,"3,284.00","3,286.70","3,305.40","3,257.20","3,264.75","3,263.45","3,274.37","2,44,311","79,99,63,395.70","9,784","1,16,722",47.78
MARUTI,EQ,2014-11-28,"3,263.45","3,279.00","3,359.70","3,276.00","3,346.05","3,346.20","3,328.75","2,75,680","91,76,69,934.10","23,332","1,11,417",40.42
MARUTI,IL,2014-12-01,"3,390.00","3,440.00","3,440.00","3,440.00",-,"3,440.00","3,440.00","16,414","5,64,64,160.00",1,"16,414",100.00
MARUTI,EQ,2014-12-01,"3,346.20","3,341.00","3,432.00","3,335.00","3,384.00","3,389.15","3,397.99","5,10,490","1,73,46,39,204.70","26,162","1,61,195",31.58
MARUTI,EQ,2014-12-02,"3,389.15","3,395.00","3,395.00","3,352.05","3,365.30","3,356.85","3,365.76","1,65,773","55,79,52,743.35","10,120","58,442",35.25
MARUTI,EQ,2014-12-03,"3,356.85","3,365.85","3,414.70","3,365.85","3,394.00","3,391.50","3,398.30","2,86,735","97,44,10,346.65","17,894","82,641",28.82
MARUTI,IL,2014-12-04,"3,440.00","3,440.00","3,440.00","3,440.00",-,"3,440.00","3,440.00","40,000","13,76,00,000.00",4,"40,000",100.00
MARUTI,EQ,2014-12-04,"3,391.50","3,392.00","3,415.00","3,384.20","3,401.00","3,406.85","3,400.81","1,99,285","67,77,30,390.25","11,107","67,553",33.90
MARUTI,EQ,2014-12-05,"3,406.85","3,411.00","3,417.00","3,390.00","3,405.00","3,410.10","3,407.26","1,40,056","47,72,06,754.45","5,179","62,809",44.85
MARUTI,IL,2014-12-05,"3,440.00","3,435.00","3,435.00","3,435.00",-,"3,435.00","3,435.00","3,062","1,05,17,970.00",1,"3,062",100.00
MARUTI,EQ,2014-12-08,"3,410.10","3,430.00","3,440.00","3,366.10","3,374.00","3,379.85","3,395.76","2,03,336","69,04,80,040.25","15,421","81,937",40.30
MARUTI,EQ,2014-12-09,"3,379.85","3,390.00","3,390.00","3,319.80","3,330.00","3,336.55","3,343.67","2,21,590","74,09,24,215.70","12,354","1,15,139",51.96
MARUTI,EQ,2014-12-10,"3,336.55","3,323.05","3,345.00","3,303.20","3,320.65","3,323.40","3,321.24","2,36,136","78,42,63,259.40","15,114","66,224",28.04
MARUTI,EQ,2014-12-11,"3,323.40","3,325.00","3,352.00","3,286.75","3,350.00","3,341.10","3,327.25","1,56,314","52,00,95,432.00","8,125","33,396",21.36
MARUTI,IL,2014-12-12,"3,435.00","3,437.00","3,437.00","3,437.00",-,"3,437.00","3,437.00","36,153","12,42,57,861.00",2,"36,153",100.00
MARUTI,EQ,2014-12-12,"3,341.10","3,352.00","3,394.40","3,342.30","3,382.00","3,379.30","3,372.43","2,41,538","81,45,69,478.65","14,128","99,387",41.15
MARUTI,EQ,2014-12-15,"3,379.30","3,374.00","3,379.90","3,346.30","3,372.60","3,368.75","3,363.63","1,35,240","45,48,97,065.15","7,471","46,359",34.28
MARUTI,EQ,2014-12-16,"3,368.75","3,345.00","3,383.70","3,301.50","3,307.00","3,309.85","3,329.66","2,17,196","72,31,87,896.45","13,496","66,534",30.63
MARUTI,EQ,2014-12-17,"3,309.85","3,290.00","3,315.00","3,250.75","3,252.00","3,261.95","3,269.68","2,67,012","87,30,44,271.90","14,930","1,12,418",42.10
MARUTI,EQ,2014-12-18,"3,261.95","3,300.00","3,399.25","3,270.05","3,380.65","3,385.30","3,343.53","2,83,235","94,70,04,686.15","13,184","1,06,064",37.45
MARUTI,EQ,2014-12-19,"3,385.30","3,401.00","3,462.00","3,350.25","3,355.00","3,359.40","3,406.15","4,73,560","1,61,30,18,180.70","29,148","1,47,201",31.08
MARUTI,EQ,2014-12-22,"3,359.40","3,381.95","3,412.50","3,358.10","3,387.60","3,393.50","3,386.88","1,94,933","66,02,13,950.70","9,814","78,935",40.49
MARUTI,EQ,2014-12-23,"3,393.50","3,395.00","3,424.00","3,385.10","3,391.00","3,398.70","3,403.83","2,02,035","68,76,92,795.10","11,866","83,580",41.37
MARUTI,EQ,2014-12-24,"3,398.70","3,400.00","3,420.00","3,332.80","3,367.00","3,365.50","3,383.66","4,03,056","1,36,38,04,461.35","14,920","1,87,985",46.64
MARUTI,EQ,2014-12-26,"3,365.50","3,367.00","3,388.70","3,326.00","3,330.45","3,333.10","3,345.83","2,10,882","70,55,74,858.75","10,979","66,336",31.46
MARUTI,EQ,2014-12-29,"3,333.10","3,335.05","3,380.00","3,335.05","3,344.90","3,347.20","3,355.40","2,11,257","70,88,51,926.70","9,374","89,909",42.56
MARUTI,EQ,2014-12-30,"3,347.20","3,350.00","3,368.65","3,339.45","3,350.00","3,347.25","3,351.14","1,09,577","36,72,07,941.70","6,534","35,258",32.18
MARUTI,EQ,2014-12-31,"3,347.25","3,305.00","3,341.90","3,299.75","3,327.20","3,329.80","3,329.10","2,81,626","93,75,60,368.25","11,471","1,31,685",46.76
MARUTI,EQ,2015-01-01,"3,329.80","3,320.25","3,360.00","3,320.25","3,342.00","3,340.75","3,345.04","2,99,232","1,00,09,42,414.20","10,315","1,40,596",46.99
MARUTI,EQ,2015-01-02,"3,340.75","3,360.00","3,383.00","3,350.50","3,360.00","3,359.60","3,365.71","2,33,924","78,73,20,596.05","10,656","1,08,279",46.29
MARUTI,EQ,2015-01-05,"3,359.60","3,382.00","3,469.35","3,376.05","3,448.00","3,447.80","3,446.39","5,36,747","1,84,98,40,982.70","29,571","2,56,277",47.75
MARUTI,EQ,2015-01-06,"3,447.80","3,439.00","3,439.00","3,382.50","3,393.90","3,395.25","3,408.41","4,22,743","1,44,08,82,885.05","20,162","1,93,779",45.84
MARUTI,EQ,2015-01-07,"3,395.25","3,400.00","3,458.95","3,382.05","3,449.70","3,437.75","3,419.57","3,69,241","1,26,26,44,030.65","19,251","1,33,255",36.09
MARUTI,EQ,2015-01-08,"3,437.75","3,465.00","3,509.55","3,444.00","3,484.00","3,475.50","3,480.66","4,22,022","1,46,89,16,514.10","18,029","1,85,290",43.91
MARUTI,EQ,2015-01-09,"3,475.50","3,500.00","3,507.70","3,429.95","3,464.80","3,468.20","3,470.50","1,94,054","67,34,64,173.30","10,538","59,548",30.69
MARUTI,EQ,2015-01-12,"3,468.20","3,470.00","3,483.65","3,445.15","3,459.00","3,462.90","3,463.15","1,52,803","52,91,79,759.85","6,208","74,754",48.92
MARUTI,EQ,2015-01-13,"3,462.90","3,483.80","3,515.00","3,462.10","3,468.25","3,468.25","3,485.46","2,37,771","82,87,40,850.00","11,085","1,02,347",43.04
MARUTI,EQ,2015-01-14,"3,468.25","3,471.85","3,531.00","3,461.30","3,510.00","3,516.00","3,506.85","4,29,069","1,50,46,80,576.25","14,297","2,61,546",60.96
MARUTI,IL,2015-01-14,"3,437.00","3,610.00","3,610.00","3,604.95",-,"3,610.00","3,607.67","1,33,283","48,08,40,630.00",24,"1,33,283",100.00
MARUTI,EQ,2015-01-15,"3,516.00","3,550.35","3,638.65","3,540.00","3,610.00","3,625.80","3,603.92","6,70,686","2,41,70,96,120.40","22,771","4,01,127",59.81
MARUTI,EQ,2015-01-16,"3,625.80","3,615.25","3,625.00","3,592.05","3,618.50","3,616.60","3,610.91","3,79,075","1,36,88,07,040.55","11,607","2,43,659",64.28
MARUTI,IL,2015-01-16,"3,610.00","3,716.00","3,765.00","3,710.00",-,"3,765.00","3,746.71","2,29,825","86,10,88,275.00",36,"2,29,825",100.00
MARUTI,EQ,2015-01-19,"3,616.60","3,627.70","3,642.50","3,615.20","3,616.85","3,626.25","3,629.77","1,92,537","69,88,65,360.35","7,979","1,02,603",53.29
MARUTI,IL,2015-01-19,"3,765.00","3,790.00","3,790.00","3,790.00",-,"3,790.00","3,790.00","5,000","1,89,50,000.00",1,"5,000",100.00
MARUTI,IL,2015-01-20,"3,790.00","3,747.00","3,747.00","3,747.00",-,"3,747.00","3,747.00","1,37,300","51,44,63,100.00",6,"1,37,300",100.00
MARUTI,EQ,2015-01-20,"3,626.25","3,618.00","3,636.00","3,584.50","3,605.50","3,605.55","3,603.44","3,33,315","1,20,10,79,905.65","12,252","2,28,861",68.66
MARUTI,EQ,2015-01-21,"3,605.55","3,623.00","3,690.00","3,592.00","3,621.45","3,634.70","3,653.12","4,02,419","1,47,00,84,110.00","16,163","1,53,544",38.16
MARUTI,IL,2015-01-21,"3,747.00","3,720.00","3,720.00","3,720.00",-,"3,720.00","3,720.00","24,918","9,26,94,960.00",2,"24,918",100.00
MARUTI,EQ,2015-01-22,"3,634.70","3,648.00","3,648.00","3,592.10","3,598.90","3,597.25","3,606.92","3,18,883","1,15,01,85,984.40","11,328","1,64,333",51.53
MARUTI,EQ,2015-01-23,"3,597.25","3,634.00","3,639.75","3,575.00","3,603.05","3,606.70","3,605.11","3,37,571","1,21,69,79,140.20","13,842","1,71,565",50.82
MARUTI,EQ,2015-01-27,"3,606.70","3,644.95","3,704.70","3,585.15","3,695.00","3,687.90","3,649.22","12,78,436","4,66,52,91,818.45","60,969","2,10,768",16.49
MARUTI,EQ,2015-01-28,"3,687.90","3,692.00","3,758.50","3,692.00","3,722.20","3,725.80","3,731.18","6,72,705","2,50,99,83,688.00","33,944","2,74,420",40.79
MARUTI,EQ,2015-01-29,"3,725.80","3,745.00","3,745.00","3,677.00","3,685.50","3,688.80","3,691.93","6,03,103","2,22,66,11,128.75","24,774","3,85,855",63.98
MARUTI,EQ,2015-01-30,"3,688.80","3,700.00","3,741.00","3,626.55","3,633.35","3,647.35","3,691.89","2,84,786","1,05,13,99,224.90","16,947","1,09,583",38.48
MARUTI,EQ,2015-02-02,"3,647.35","3,647.35","3,725.00","3,620.00","3,668.00","3,669.45","3,686.94","3,19,679","1,17,86,37,565.25","17,852","99,216",31.04
MARUTI,EQ,2015-02-03,"3,669.45","3,708.00","3,708.00","3,600.00","3,603.00","3,607.85","3,637.99","2,20,676","80,28,16,573.75","12,859","74,567",33.79
MARUTI,EQ,2015-02-04,"3,607.85","3,620.00","3,634.00","3,550.50","3,558.95","3,557.55","3,584.84","2,03,545","72,96,76,867.80","10,941","83,328",40.94
MARUTI,EQ,2015-02-05,"3,557.55","3,579.00","3,597.00","3,508.00","3,517.05","3,522.70","3,551.33","3,79,633","1,34,82,00,749.65","25,641","1,88,583",49.68
MARUTI,EQ,2015-02-06,"3,522.70","3,529.75","3,533.50","3,490.00","3,508.75","3,502.60","3,505.74","1,98,214","69,48,86,269.30","10,947","78,838",39.77
MARUTI,IL,2015-02-06,"3,720.00","3,518.00","3,518.00","3,509.00",-,"3,509.00","3,512.00","30,000","10,53,60,000.00",3,"30,000",100.00
MARUTI,EQ,2015-02-09,"3,502.60","3,490.00","3,497.20","3,400.00","3,406.70","3,411.30","3,451.09","2,86,868","99,00,07,968.10","18,855","1,58,791",55.35
MARUTI,EQ,2015-02-10,"3,411.30","3,393.00","3,478.00","3,360.00","3,405.00","3,393.85","3,410.48","5,47,537","1,86,73,64,886.90","33,377","2,32,539",42.47
MARUTI,IL,2015-02-10,"3,509.00","3,431.00","3,450.00","3,410.00",-,"3,450.00","3,430.33","30,000","10,29,10,000.00",6,"30,000",100.00
MARUTI,IL,2015-02-11,"3,450.00","3,455.00","3,455.00","3,455.00",-,"3,455.00","3,455.00","26,000","8,98,30,000.00",1,-,-
MARUTI,EQ,2015-02-11,"3,393.85","3,406.00","3,470.80","3,406.00","3,461.00","3,454.75","3,446.95","3,41,769","1,17,80,60,710.05","17,843","1,41,871",41.51
MARUTI,EQ,2015-02-12,"3,454.75","3,468.00","3,559.75","3,468.00","3,553.00","3,551.90","3,534.53","4,36,882","1,54,41,71,802.40","25,009","1,81,270",41.49
MARUTI,EQ,2015-02-13,"3,551.90","3,565.00","3,627.00","3,531.30","3,620.00","3,616.95","3,594.96","3,21,186","1,15,46,51,299.65","21,864","1,31,661",40.99
MARUTI,EQ,2015-02-16,"3,616.95","3,620.00","3,650.00","3,561.50","3,564.10","3,572.10","3,600.50","2,60,901","93,93,75,036.80","14,632","93,889",35.99
MARUTI,EQ,2015-02-18,"3,572.10","3,575.00","3,584.00","3,547.05","3,559.00","3,564.95","3,565.92","1,61,803","57,69,76,077.70","10,849","57,266",35.39
MARUTI,EQ,2015-02-19,"3,564.95","3,575.00","3,615.00","3,562.15","3,599.90","3,595.15","3,590.91","2,14,789","77,12,87,032.60","14,358","77,717",36.18
MARUTI,EQ,2015-02-20,"3,595.15","3,610.00","3,614.00","3,542.00","3,544.85","3,547.35","3,567.59","2,40,749","85,88,92,549.15","14,556","77,099",32.02
MARUTI,EQ,2015-02-23,"3,547.35","3,561.00","3,575.00","3,532.85","3,553.00","3,545.90","3,554.91","1,63,132","57,99,19,384.20","11,304","53,771",32.96
MARUTI,EQ,2015-02-24,"3,545.90","3,573.85","3,600.00","3,553.20","3,594.75","3,588.30","3,578.16","1,43,983","51,51,94,173.95","8,269","31,129",21.62
MARUTI,EQ,2015-02-25,"3,588.30","3,595.00","3,615.00","3,564.10","3,579.50","3,579.90","3,587.70","1,73,339","62,18,88,368.15","7,773","75,592",43.61
MARUTI,EQ,2015-02-26,"3,579.90","3,567.30","3,581.90","3,483.15","3,498.90","3,496.85","3,514.47","4,29,598","1,50,98,11,021.55","15,103","2,60,216",60.57
MARUTI,EQ,2015-02-27,"3,496.85","3,497.00","3,618.85","3,496.85","3,600.00","3,604.40","3,571.58","3,78,654","1,35,23,93,980.65","17,613","1,58,858",41.95
MARUTI,EQ,2015-02-28,"3,604.40","3,604.00","3,634.00","3,560.15","3,621.45","3,620.85","3,604.64","2,55,838","92,22,03,548.25","14,524","44,120",17.25
MARUTI,EQ,2015-03-02,"3,620.85","3,648.10","3,730.00","3,632.25","3,730.00","3,711.45","3,685.21","3,86,182","1,42,31,63,159.85","19,390","1,31,693",34.10
MARUTI,EQ,2015-03-03,"3,711.45","3,718.00","3,734.35","3,689.55","3,714.95","3,708.65","3,715.56","2,06,296","76,65,04,334.60","10,514","73,637",35.69
MARUTI,EQ,2015-03-04,"3,708.65","3,750.00","3,789.70","3,647.25","3,673.95","3,678.40","3,724.09","3,40,907","1,26,95,68,504.15","12,528","1,34,610",39.49
MARUTI,EQ,2015-03-05,"3,678.40","3,677.00","3,711.25","3,641.35","3,675.00","3,678.75","3,674.67","1,52,837","56,16,24,931.25","10,514","47,226",30.90
MARUTI,EQ,2015-03-09,"3,678.75","3,632.30","3,690.90","3,623.00","3,675.00","3,671.30","3,661.31","2,18,786","80,10,43,993.65","10,361","1,00,521",45.94
MARUTI,EQ,2015-03-10,"3,671.30","3,689.00","3,689.00","3,640.25","3,653.90","3,646.75","3,659.29","1,82,667","66,84,31,358.75","10,321","78,739",43.11
MARUTI,EQ,2015-03-11,"3,646.75","3,642.05","3,672.00","3,615.35","3,652.05","3,656.45","3,643.77","1,98,508","72,33,16,644.00","10,874","75,216",37.89
MARUTI,EQ,2015-03-12,"3,656.45","3,667.40","3,719.95","3,662.10","3,685.00","3,685.20","3,696.20","3,08,505","1,14,02,96,037.65","18,246","1,62,557",52.69
MARUTI,EQ,2015-03-13,"3,685.20","3,705.00","3,717.20","3,625.10","3,650.00","3,650.70","3,652.10","3,63,024","1,32,57,99,220.10","15,539","2,06,956",57.01
MARUTI,EQ,2015-03-16,"3,650.70","3,651.00","3,677.00","3,637.80","3,645.40","3,647.05","3,658.88","1,82,829","66,89,49,530.45","8,427","1,08,942",59.59
MARUTI,EQ,2015-03-17,"3,647.05","3,665.00","3,688.95","3,623.55","3,656.00","3,661.55","3,664.75","1,85,250","67,88,94,252.85","9,936","1,13,030",61.01
MARUTI,EQ,2015-03-18,"3,661.55","3,663.00","3,678.00","3,642.30","3,660.65","3,664.90","3,664.21","1,77,261","64,95,21,974.20","10,770","1,00,167",56.51
MARUTI,EQ,2015-03-19,"3,664.90","3,671.00","3,695.00","3,648.00","3,654.00","3,655.00","3,672.18","2,52,139","92,58,98,709.05","11,497","1,55,580",61.70
MARUTI,EQ,2015-03-20,"3,655.00","3,640.00","3,672.80","3,610.00","3,620.00","3,623.85","3,634.07","2,06,403","75,00,83,578.65","13,578","1,29,689",62.83
MARUTI,EQ,2015-03-23,"3,623.85","3,625.05","3,639.20","3,583.05","3,589.20","3,594.40","3,599.72","1,92,986","69,46,94,809.90","15,246","1,07,422",55.66
MARUTI,EQ,2015-03-24,"3,594.40","3,625.00","3,635.00","3,567.05","3,596.05","3,587.30","3,602.75","2,27,226","81,86,39,163.05","13,459","1,09,697",48.28
MARUTI,IL,2015-03-25,"3,455.00","3,720.00","3,725.00","3,720.00",-,"3,725.00","3,721.32","91,802","34,16,25,015.00",4,"91,802",100.00
MARUTI,EQ,2015-03-25,"3,587.30","3,590.00","3,628.90","3,573.30","3,608.60","3,614.75","3,607.01","2,01,854","72,80,89,546.15","13,971","1,09,830",54.41
MARUTI,EQ,2015-03-26,"3,614.75","3,605.00","3,622.95","3,537.95","3,555.30","3,561.45","3,587.51","4,89,101","1,75,46,55,039.25","27,476","2,86,119",58.50
MARUTI,EQ,2015-03-27,"3,561.45","3,570.00","3,619.75","3,545.60","3,609.15","3,610.05","3,582.22","2,04,071","73,10,27,283.65","13,126","91,513",44.84
MARUTI,EQ,2015-03-30,"3,610.05","3,629.00","3,674.00","3,600.45","3,662.00","3,660.95","3,643.17","1,52,167","55,43,70,388.10","10,475","56,976",37.44
MARUTI,EQ,2015-03-31,"3,660.95","3,659.85","3,727.70","3,659.85","3,695.35","3,697.35","3,706.40","2,94,635","1,09,20,34,696.50","13,882","1,54,123",52.31
MARUTI,EQ,2015-04-01,"3,697.35","3,699.95","3,757.55","3,600.00","3,638.15","3,644.70","3,659.60","6,94,487","2,54,15,47,513.40","38,784","1,95,448",28.14
MARUTI,EQ,2015-04-06,"3,644.70","3,646.00","3,670.90","3,619.00","3,628.10","3,628.95","3,632.78","2,62,771","95,45,88,975.00","15,304","1,48,632",56.56
MARUTI,EQ,2015-04-07,"3,628.95","3,640.00","3,650.00","3,578.00","3,615.00","3,599.90","3,604.00","3,06,684","1,10,52,88,697.40","15,131","1,54,981",50.53
MARUTI,EQ,2015-04-08,"3,599.90","3,615.00","3,664.90","3,606.00","3,625.00","3,628.70","3,634.15","2,56,031","93,04,55,587.90","12,843","1,08,696",42.45
MARUTI,EQ,2015-04-09,"3,628.70","3,639.00","3,667.00","3,625.00","3,656.00","3,659.20","3,646.71","2,38,584","87,00,46,750.75","13,885","1,33,857",56.10
MARUTI,EQ,2015-04-10,"3,659.20","3,660.00","3,688.35","3,633.40","3,655.35","3,666.60","3,661.23","2,01,302","73,70,13,518.15","15,049","96,388",47.88
MARUTI,EQ,2015-04-13,"3,666.60","3,661.00","3,680.00","3,642.75","3,679.00","3,665.20","3,659.45","2,18,690","80,02,84,507.05","11,704","1,32,121",60.41
MARUTI,EQ,2015-04-15,"3,665.20","3,655.00","3,729.00","3,650.40","3,671.55","3,680.25","3,697.64","2,32,802","86,08,18,505.90","12,875","65,783",28.26
MARUTI,EQ,2015-04-16,"3,680.25","3,676.25","3,718.70","3,662.25","3,664.15","3,677.90","3,690.80","2,06,305","76,14,29,986.60","16,220","87,929",42.62
MARUTI,EQ,2015-04-17,"3,677.90","3,666.15","3,682.90","3,636.35","3,637.00","3,646.80","3,660.63","99,056","36,26,07,712.20","6,092","30,537",30.83
MARUTI,EQ,2015-04-20,"3,646.80","3,627.00","3,648.40","3,584.60","3,605.05","3,608.05","3,610.07","1,75,033","63,18,82,092.30","10,110","95,980",54.84
MARUTI,EQ,2015-04-21,"3,608.05","3,605.00","3,607.25","3,470.00","3,490.15","3,490.15","3,517.93","4,82,786","1,69,84,06,524.00","25,791","2,93,269",60.75
MARUTI,EQ,2015-04-22,"3,490.15","3,491.05","3,508.10","3,386.10","3,490.00","3,462.95","3,446.29","4,22,446","1,45,58,71,343.95","21,713","1,90,251",45.04
MARUTI,EQ,2015-04-23,"3,462.95","3,490.00","3,535.55","3,480.00","3,496.65","3,494.45","3,502.50","2,34,616","82,17,42,720.35","13,021","91,936",39.19
MARUTI,EQ,2015-04-24,"3,494.45","3,486.00","3,565.00","3,434.10","3,556.00","3,541.40","3,517.61","3,32,449","1,16,94,27,403.50","18,952","1,03,465",31.12
MARUTI,EQ,2015-04-27,"3,541.40","3,563.20","3,684.00","3,520.20","3,650.30","3,648.40","3,616.94","18,04,129","6,52,54,31,998.00","85,482","4,12,758",22.88
MARUTI,EQ,2015-04-28,"3,648.40","3,664.00","3,838.80","3,660.00","3,830.00","3,822.60","3,760.72","11,29,937","4,24,93,81,625.45","80,938","2,89,475",25.62
MARUTI,EQ,2015-04-29,"3,822.60","3,839.00","3,873.00","3,746.65","3,754.00","3,766.20","3,815.80","7,03,698","2,68,51,70,728.60","45,025","1,22,102",17.35
MARUTI,EQ,2015-04-30,"3,766.20","3,760.00","3,793.00","3,709.95","3,735.40","3,725.85","3,747.51","5,92,304","2,21,96,62,717.85","32,590","3,00,367",50.71
MARUTI,EQ,2015-05-04,"3,725.85","3,797.00","3,840.00","3,726.75","3,762.00","3,757.75","3,781.45","4,78,823","1,81,06,46,214.50","25,244","1,34,097",28.01
MARUTI,EQ,2015-05-05,"3,757.75","3,753.00","3,805.00","3,736.55","3,790.05","3,793.05","3,783.51","4,58,196","1,73,35,87,214.50","28,031","2,20,298",48.08
MARUTI,EQ,2015-05-06,"3,793.05","3,788.00","3,788.00","3,623.55","3,630.00","3,634.55","3,684.48","4,30,929","1,58,77,47,499.75","24,636","1,60,175",37.17
MARUTI,EQ,2015-05-07,"3,634.55","3,626.00","3,626.00","3,520.00","3,533.40","3,543.60","3,571.45","4,69,950","1,67,84,01,461.15","29,880","1,99,202",42.39
MARUTI,EQ,2015-05-08,"3,543.60","3,561.45","3,620.00","3,561.45","3,612.05","3,610.55","3,601.09","4,95,595","1,78,46,82,734.30","27,101","1,95,721",39.49
MARUTI,EQ,2015-05-11,"3,610.55","3,633.90","3,674.40","3,616.15","3,640.35","3,651.70","3,648.36","2,88,810","1,05,36,84,174.50","17,619","69,300",24.00
MARUTI,EQ,2015-05-12,"3,651.70","3,650.00","3,652.95","3,555.00","3,582.00","3,577.45","3,586.24","3,32,314","1,19,17,59,091.55","27,574","1,68,968",50.85
MARUTI,EQ,2015-05-13,"3,577.45","3,620.00","3,632.00","3,544.40","3,605.00","3,604.10","3,582.62","3,37,505","1,20,91,53,096.70","22,787","92,456",27.39
MARUTI,EQ,2015-05-14,"3,604.10","3,604.95","3,653.50","3,552.00","3,650.00","3,646.50","3,615.26","2,87,801","1,04,04,75,721.90","15,069","61,502",21.37
MARUTI,EQ,2015-05-15,"3,646.50","3,640.00","3,684.00","3,626.00","3,658.00","3,671.20","3,659.78","2,08,258","76,21,78,485.25","12,940","64,225",30.84
MARUTI,EQ,2015-05-18,"3,671.20","3,675.00","3,706.40","3,652.00","3,703.00","3,697.60","3,683.70","1,83,483","67,58,96,607.50","11,478","58,288",31.77
MARUTI,EQ,2015-05-19,"3,697.60","3,695.00","3,729.90","3,685.00","3,703.00","3,706.75","3,714.15","1,75,567","65,20,82,452.95","11,131","62,378",35.53
MARUTI,EQ,2015-05-20,"3,706.75","3,707.10","3,749.95","3,707.00","3,707.00","3,711.90","3,731.33","2,18,115","81,38,58,749.45","11,900","76,814",35.22
MARUTI,EQ,2015-05-21,"3,711.90","3,711.90","3,729.90","3,691.45","3,693.25","3,698.10","3,706.16","1,98,709","73,64,47,771.65","10,927","73,792",37.14
MARUTI,EQ,2015-05-22,"3,698.10","3,703.00","3,728.80","3,694.60","3,702.00","3,702.55","3,706.99","1,35,158","50,10,29,327.75","8,911","53,181",39.35
MARUTI,EQ,2015-05-25,"3,702.55","3,696.20","3,717.00","3,681.00","3,698.50","3,692.75","3,697.48","81,113","29,99,13,575.55","5,031","23,745",29.27
MARUTI,EQ,2015-05-26,"3,692.75","3,696.00","3,730.00","3,672.00","3,725.00","3,726.45","3,717.81","2,52,919","94,03,03,947.75","11,521","1,23,985",49.02
MARUTI,EQ,2015-05-27,"3,726.45","3,700.00","3,750.00","3,699.00","3,721.50","3,721.90","3,730.13","2,83,565","1,05,77,35,440.85","15,766","1,34,994",47.61
MARUTI,EQ,2015-05-28,"3,721.90","3,726.00","3,738.95","3,696.05","3,715.00","3,708.90","3,711.83","3,17,937","1,18,01,29,587.40","13,956","1,77,730",55.90
MARUTI,IL,2015-05-29,"3,725.00","3,750.00","3,750.00","3,750.00",-,"3,750.00","3,750.00",151,"5,66,250.00",1,151,100.00
MARUTI,EQ,2015-05-29,"3,708.90","3,720.00","3,788.95","3,693.05","3,781.15","3,785.70","3,771.59","4,32,656","1,63,17,99,760.40","20,846","2,62,123",60.58
MARUTI,EQ,2015-06-01,"3,785.70","3,785.90","3,898.95","3,774.40","3,871.15","3,882.85","3,859.75","5,71,376","2,20,53,67,648.00","31,276","1,76,024",30.81
MARUTI,EQ,2015-06-02,"3,882.85","3,880.00","3,887.30","3,815.05","3,817.00","3,831.40","3,851.24","3,29,350","1,26,84,05,664.15","17,905","1,26,837",38.51
MARUTI,IL,2015-06-03,"3,750.00","3,932.00","3,932.00","3,932.00",-,"3,932.00","3,932.00","7,123","2,80,07,636.00",1,"7,123",100.00
MARUTI,EQ,2015-06-03,"3,831.40","3,805.00","3,820.00","3,752.00","3,797.40","3,777.20","3,778.49","2,77,700","1,04,92,87,670.25","14,396","1,43,249",51.58
MARUTI,EQ,2015-06-04,"3,777.20","3,799.00","3,813.00","3,747.00","3,772.80","3,772.05","3,782.43","1,93,996","73,37,76,837.45","19,007","62,028",31.97
MARUTI,EQ,2015-06-05,"3,772.05","3,769.00","3,799.90","3,751.00","3,757.05","3,759.45","3,775.58","2,53,728","95,79,70,298.35","13,651","1,19,075",46.93
MARUTI,IL,2015-06-08,"3,932.00","3,910.00","3,910.00","3,910.00",-,"3,910.00","3,910.00","35,000","13,68,50,000.00",2,"35,000",100.00
MARUTI,EQ,2015-06-08,"3,759.45","3,786.00","3,804.55","3,716.00","3,718.00","3,723.50","3,750.00","3,03,682","1,13,88,06,807.65","39,895","1,12,234",36.96
MARUTI,EQ,2015-06-09,"3,723.50","3,710.00","3,726.95","3,675.80","3,700.00","3,692.30","3,699.97","2,09,963","77,68,56,188.75","12,943","79,177",37.71
MARUTI,EQ,2015-06-10,"3,692.30","3,702.95","3,748.90","3,694.15","3,745.10","3,742.55","3,731.86","2,39,272","89,29,29,947.15","10,944","1,35,677",56.70
MARUTI,EQ,2015-06-11,"3,742.55","3,752.05","3,778.95","3,691.35","3,710.90","3,701.40","3,732.79","2,26,654","84,60,52,662.30","12,025","62,541",27.59
MARUTI,EQ,2015-06-12,"3,701.40","3,701.10","3,755.00","3,695.50","3,754.00","3,736.80","3,721.53","1,73,412","64,53,58,714.50","12,190","29,601",17.07
MARUTI,EQ,2015-06-15,"3,736.80","3,737.50","3,789.90","3,731.00","3,765.15","3,767.40","3,765.89","1,75,936","66,25,54,843.80","10,112","58,453",33.22
MARUTI,EQ,2015-06-16,"3,767.40","3,767.40","3,810.55","3,744.70","3,810.00","3,789.60","3,765.28","2,28,783","86,14,31,001.30","13,030","1,09,591",47.90
MARUTI,EQ,2015-06-17,"3,789.60","3,805.00","3,824.90","3,793.00","3,797.30","3,808.75","3,808.54","2,91,820","1,11,14,09,121.85","16,410","1,14,685",39.30
MARUTI,EQ,2015-06-18,"3,808.75","3,813.00","3,891.95","3,812.00","3,888.00","3,861.10","3,845.67","2,32,645","89,46,76,034.50","15,515","1,03,250",44.38
MARUTI,EQ,2015-06-19,"3,861.10","3,879.00","3,949.50","3,862.00","3,948.00","3,937.35","3,909.97","3,09,290","1,20,93,15,141.35","20,655","93,057",30.09
MARUTI,EQ,2015-06-22,"3,937.35","3,955.05","3,994.90","3,955.05","3,980.00","3,980.65","3,976.79","2,30,791","91,78,08,063.95","19,937","54,212",23.49
MARUTI,EQ,2015-06-23,"3,980.65","3,982.00","4,028.50","3,955.30","4,012.95","4,017.15","4,002.85","3,30,957","1,32,47,70,447.90","24,923","1,18,493",35.80
MARUTI,EQ,2015-06-24,"4,017.15","4,024.00","4,035.65","3,987.05","3,995.00","4,009.30","4,011.44","3,06,048","1,22,76,92,242.20","17,011","1,24,137",40.56
MARUTI,EQ,2015-06-25,"4,009.30","3,984.00","4,043.70","3,983.60","4,040.20","4,031.50","4,021.14","2,40,888","96,86,45,021.95","16,162","72,218",29.98
MARUTI,IL,2015-06-25,"3,910.00","4,215.00","4,215.00","4,215.00",-,"4,215.00","4,215.00","36,776","15,50,10,840.00",2,"36,776",100.00
MARUTI,EQ,2015-06-26,"4,031.50","4,026.00","4,077.40","4,006.15","4,063.00","4,069.95","4,050.21","2,91,925","1,18,23,56,397.35","18,118","98,502",33.74
MARUTI,EQ,2015-06-29,"4,069.95","4,020.00","4,025.75","3,961.10","3,997.80","3,993.30","3,989.45","3,44,044","1,37,25,45,199.25","18,246","1,33,576",38.83
MARUTI,EQ,2015-06-30,"3,993.30","3,985.25","4,060.00","3,985.25","4,017.20","4,023.35","4,029.15","3,40,789","1,37,30,90,410.45","27,808","1,18,516",34.78
MARUTI,EQ,2015-07-01,"4,023.35","4,034.90","4,089.85","4,026.00","4,030.35","4,031.70","4,055.91","3,80,963","1,54,51,53,394.90","18,979","1,31,638",34.55
MARUTI,EQ,2015-07-02,"4,031.70","4,031.50","4,049.00","3,981.15","3,989.00","3,993.40","4,015.29","3,22,025","1,29,30,24,915.30","15,159","1,50,384",46.70
MARUTI,EQ,2015-07-03,"3,993.40","3,993.40","4,020.00","3,977.10","4,005.00","3,998.90","3,995.85","2,79,389","1,11,63,96,320.40","15,755","1,07,303",38.41
MARUTI,EQ,2015-07-06,"3,998.90","3,984.90","4,005.00","3,975.05","3,988.00","3,987.95","3,986.09","3,32,811","1,32,66,15,344.90","19,793","1,67,680",50.38
MARUTI,EQ,2015-07-07,"3,987.95","3,989.00","4,003.80","3,955.70","3,973.00","3,972.15","3,970.75","2,87,981","1,14,34,99,484.65","18,076","1,25,384",43.54
MARUTI,IL,2015-07-08,"4,215.00","4,030.00","4,030.00","4,030.00",-,"4,030.00","4,030.00","14,000","5,64,20,000.00",2,"14,000",100.00
MARUTI,EQ,2015-07-08,"3,972.15","3,950.00","3,969.00","3,907.00","3,948.00","3,949.00","3,942.69","2,52,360","99,49,77,961.80","17,181","78,291",31.02
MARUTI,EQ,2015-07-09,"3,949.00","3,950.00","3,967.90","3,928.50","3,931.00","3,935.65","3,938.60","1,28,065","50,43,97,070.80","7,974","62,580",48.87
MARUTI,EQ,2015-07-10,"3,935.65","3,949.70","3,962.00","3,918.90","3,936.35","3,934.40","3,939.46","1,84,572","72,71,13,164.40","12,454","53,628",29.06
MARUTI,EQ,2015-07-13,"3,934.40","3,958.70","4,040.00","3,940.00","4,037.60","4,035.25","4,002.99","3,35,198","1,34,17,94,675.30","20,083","1,19,626",35.69
MARUTI,EQ,2015-07-14,"4,035.25","4,049.70","4,058.95","4,020.15","4,045.00","4,050.65","4,044.17","2,51,002","1,01,50,95,107.25","15,411","1,22,865",48.95
MARUTI,EQ,2015-07-15,"4,050.65","4,071.00","4,179.95","4,071.00","4,151.55","4,152.15","4,149.78","5,51,469","2,28,84,76,564.70","33,711","1,03,479",18.76
MARUTI,EQ,2015-07-16,"4,152.15","4,166.00","4,190.00","4,156.00","4,175.75","4,178.15","4,176.37","3,21,651","1,34,33,33,061.05","20,712","1,37,955",42.89
MARUTI,EQ,2015-07-17,"4,178.15","4,186.00","4,228.95","4,164.10","4,185.00","4,193.00","4,195.35","2,41,023","1,01,11,75,225.20","17,885","66,421",27.56
MARUTI,EQ,2015-07-20,"4,193.00","4,208.00","4,219.00","4,161.10","4,173.00","4,176.05","4,182.84","2,07,897","86,96,00,850.55","10,030","1,04,140",50.09
MARUTI,EQ,2015-07-21,"4,176.05","4,176.95","4,194.95","4,141.45","4,157.35","4,152.85","4,167.32","1,46,004","60,84,45,601.75","9,424","68,474",46.90
MARUTI,IL,2015-07-21,"4,030.00","4,213.00","4,213.00","4,213.00",-,"4,213.00","4,213.00","6,250","2,63,31,250.00",1,"6,250",100.00
MARUTI,EQ,2015-07-22,"4,152.85","4,139.80","4,199.00","4,134.00","4,180.05","4,191.15","4,187.91","3,05,466","1,27,92,63,090.15","13,856","2,09,838",68.69
MARUTI,EQ,2015-07-23,"4,191.15","4,198.90","4,245.50","4,193.05","4,233.20","4,234.05","4,231.50","2,29,845","97,25,90,039.90","14,631","1,00,881",43.89
MARUTI,EQ,2015-07-24,"4,234.05","4,237.95","4,261.90","4,205.40","4,233.45","4,234.20","4,236.22","2,26,189","95,81,85,723.20","11,607","84,129",37.19
MARUTI,EQ,2015-07-27,"4,234.20","4,241.55","4,241.55","4,166.60","4,184.00","4,178.10","4,199.77","2,20,316","92,52,77,087.30","18,161","94,810",43.03
MARUTI,EQ,2015-07-28,"4,178.10","4,207.90","4,242.00","4,151.60","4,200.00","4,196.95","4,198.98","9,40,179","3,94,77,88,694.90","54,526","1,74,821",18.59
MARUTI,EQ,2015-07-29,"4,196.95","4,224.90","4,309.50","4,171.20","4,274.00","4,273.70","4,243.81","8,19,323","3,47,70,53,659.15","50,526","2,11,907",25.86
MARUTI,EQ,2015-07-30,"4,273.70","4,310.00","4,318.00","4,281.05","4,288.85","4,296.45","4,296.66","2,94,361","1,26,47,70,378.40","19,006","1,22,799",41.72
MARUTI,EQ,2015-07-31,"4,296.45","4,297.00","4,359.00","4,284.20","4,332.00","4,331.45","4,333.04","2,97,226","1,28,78,91,984.90","14,982","1,24,858",42.01
MARUTI,EQ,2015-08-03,"4,331.45","4,380.00","4,439.00","4,380.00","4,434.00","4,427.05","4,421.42","3,41,893","1,51,16,52,882.45","22,731","1,30,491",38.17
MARUTI,EQ,2015-08-04,"4,427.05","4,449.00","4,453.95","4,411.45","4,439.65","4,438.80","4,433.30","3,13,075","1,38,79,54,902.25","14,652","1,34,484",42.96
MARUTI,EQ,2015-08-05,"4,438.80","4,457.00","4,484.00","4,422.25","4,469.40","4,471.65","4,461.12","1,98,485","88,54,66,330.85","10,229","86,209",43.43
MARUTI,EQ,2015-08-06,"4,471.65","4,461.00","4,478.35","4,430.05","4,454.00","4,452.10","4,454.20","1,84,121","82,01,12,160.95","12,346","83,323",45.25
MARUTI,EQ,2015-08-07,"4,452.10","4,450.70","4,468.20","4,430.10","4,457.00","4,452.95","4,447.11","1,44,268","64,15,76,119.15","7,758","71,583",49.62
MARUTI,EQ,2015-08-10,"4,452.95","4,470.00","4,507.95","4,446.00","4,500.00","4,497.15","4,493.51","2,41,899","1,08,69,75,832.55","11,519","1,06,802",44.15
MARUTI,EQ,2015-08-11,"4,497.15","4,510.00","4,534.00","4,465.05","4,507.95","4,504.30","4,509.80","2,16,773","97,76,03,664.05","13,415","54,981",25.36
MARUTI,EQ,2015-08-12,"4,504.30","4,490.00","4,511.40","4,416.00","4,444.00","4,447.40","4,455.93","2,21,776","98,82,18,425.80","12,426","73,696",33.23
MARUTI,EQ,2015-08-13,"4,447.40","4,477.00","4,522.70","4,430.15","4,522.25","4,492.85","4,462.82","2,61,773","1,16,82,46,511.20","12,583","1,52,666",58.32
MARUTI,EQ,2015-08-14,"4,492.85","4,509.50","4,589.00","4,490.50","4,586.70","4,572.50","4,541.01","1,81,419","82,38,24,729.40","12,468","45,324",24.98
MARUTI,EQ,2015-08-17,"4,572.50","4,584.95","4,587.00","4,535.50","4,549.95","4,549.80","4,559.92","1,57,066","71,62,09,079.55","8,363","44,134",28.10
MARUTI,EQ,2015-08-18,"4,549.80","4,555.00","4,648.00","4,536.00","4,647.90","4,634.00","4,593.40","1,72,443","79,20,99,683.70","11,190","41,363",23.99
MARUTI,EQ,2015-08-19,"4,634.00","4,627.00","4,687.00","4,605.70","4,670.00","4,671.85","4,647.93","2,55,128","1,18,58,16,457.10","19,272","99,883",39.15
MARUTI,EQ,2015-08-20,"4,671.85","4,630.00","4,692.40","4,601.25","4,655.00","4,634.15","4,648.16","2,79,387","1,29,86,36,448.20","18,243","98,968",35.42
MARUTI,EQ,2015-08-21,"4,634.15","4,611.00","4,613.85","4,529.00","4,566.00","4,567.35","4,564.76","3,10,480","1,41,72,67,498.30","27,192","1,51,962",48.94
MARUTI,EQ,2015-08-24,"4,567.35","4,350.00","4,452.55","4,207.55","4,232.00","4,241.80","4,332.67","9,30,804","4,03,28,65,096.65","41,770","4,31,833",46.39
MARUTI,EQ,2015-08-25,"4,241.80","4,299.00","4,369.00","4,062.10","4,199.05","4,199.00","4,186.44","9,15,511","3,83,27,35,554.10","56,067","4,11,279",44.92
MARUTI,EQ,2015-08-26,"4,199.00","4,197.00","4,256.40","4,111.40","4,206.00","4,207.05","4,207.24","6,12,412","2,57,65,65,929.15","32,729","3,27,823",53.53
MARUTI,EQ,2015-08-27,"4,207.05","4,255.00","4,272.90","4,186.00","4,199.90","4,203.75","4,209.19","7,95,947","3,35,02,91,281.00","30,451","5,34,028",67.09
MARUTI,IL,2015-08-27,"4,213.00","4,250.00","4,250.00","4,250.00",-,"4,250.00","4,250.00","91,572","38,91,81,000.00",5,"91,572",100.00
MARUTI,EQ,2015-08-28,"4,203.75","4,250.00","4,292.00","4,175.00","4,208.15","4,205.85","4,230.47","3,72,560","1,57,61,03,931.80","23,521","1,40,176",37.63
MARUTI,EQ,2015-08-31,"4,205.85","4,199.00","4,233.00","4,142.35","4,174.90","4,167.20","4,178.82","2,98,281","1,24,64,61,893.00","19,032","1,30,651",43.80
MARUTI,EQ,2015-09-01,"4,167.20","4,170.00","4,199.45","4,046.20","4,053.20","4,061.45","4,110.83","6,05,386","2,48,86,35,929.00","34,915","2,54,554",42.05
MARUTI,IL,2015-09-02,"4,250.00","4,033.00","4,033.00","4,033.00",-,"4,033.00","4,033.00","1,03,000","41,53,99,000.00",5,"1,03,000",100.00
MARUTI,EQ,2015-09-02,"4,061.45","4,083.00","4,089.95","4,010.00","4,031.10","4,030.00","4,042.05","3,92,078","1,58,47,99,091.75","32,132","1,62,524",41.45
MARUTI,EQ,2015-09-03,"4,030.00","4,059.00","4,162.30","4,040.05","4,146.00","4,143.25","4,119.43","5,14,445","2,11,92,18,052.75","39,879","2,47,194",48.05
MARUTI,EQ,2015-09-04,"4,143.25","4,137.00","4,139.70","4,051.20","4,055.00","4,063.30","4,072.05","3,16,141","1,28,73,41,028.95","24,708","1,21,406",38.40
MARUTI,EQ,2015-09-07,"4,063.30","4,067.90","4,128.50","4,045.00","4,060.00","4,069.60","4,090.94","3,00,049","1,22,74,82,346.35","33,711","74,287",24.76
MARUTI,EQ,2015-09-08,"4,069.60","4,106.00","4,155.85","4,077.00","4,152.00","4,139.30","4,117.01","2,92,997","1,20,62,72,111.55","28,874","86,065",29.37
MARUTI,EQ,2015-09-09,"4,139.30","4,210.00","4,319.00","4,187.65","4,296.95","4,305.15","4,259.35","5,89,734","2,51,18,82,251.85","37,048","2,21,313",37.53
MARUTI,EQ,2015-09-10,"4,305.15","4,255.00","4,317.95","4,225.15","4,309.10","4,301.45","4,277.81","3,21,362","1,37,47,25,011.45","19,723","1,03,223",32.12
MARUTI,IL,2015-09-11,"4,033.00","4,333.00","4,333.00","4,333.00",-,"4,333.00","4,333.00","1,03,538","44,86,30,154.00",10,"1,03,538",100.00
MARUTI,EQ,2015-09-11,"4,301.45","4,329.00","4,360.00","4,308.60","4,316.45","4,317.75","4,326.29","2,81,728","1,21,88,37,786.00","18,040","95,164",33.78
MARUTI,EQ,2015-09-14,"4,317.75","4,330.00","4,347.00","4,285.00","4,310.30","4,319.50","4,322.48","2,07,396","89,64,64,985.45","14,380","76,002",36.65
MARUTI,EQ,2015-09-15,"4,319.50","4,375.50","4,419.10","4,320.00","4,325.00","4,337.20","4,371.24","7,34,807","3,21,20,15,236.40","53,102","3,56,048",48.45
MARUTI,EQ,2015-09-16,"4,337.20","4,377.00","4,377.00","4,330.10","4,357.50","4,355.60","4,357.68","4,18,079","1,82,18,52,756.30","34,859","2,33,657",55.89
MARUTI,EQ,2015-09-18,"4,355.60","4,379.30","4,478.30","4,355.60","4,406.15","4,400.85","4,427.18","6,21,252","2,75,03,95,965.95","51,801","3,25,740",52.43
MARUTI,EQ,2015-09-21,"4,400.85","4,397.95","4,509.00","4,387.10","4,508.00","4,490.25","4,457.42","6,42,858","2,86,54,90,878.45","55,478","3,77,217",58.68
MARUTI,EQ,2015-09-22,"4,490.25","4,508.00","4,519.90","4,440.50","4,443.00","4,473.05","4,489.12","9,24,289","4,14,92,41,214.90","51,563","6,08,947",65.88
MARUTI,EQ,2015-09-23,"4,473.05","4,459.00","4,523.00","4,413.25","4,505.00","4,497.65","4,476.10","8,80,695","3,94,20,78,989.95","37,160","4,66,343",52.95
MARUTI,EQ,2015-09-24,"4,497.65","4,499.50","4,604.00","4,484.75","4,575.00","4,566.65","4,564.58","10,98,076","5,01,22,56,986.40","54,823","7,18,637",65.45
MARUTI,EQ,2015-09-28,"4,566.65","4,570.00","4,615.00","4,516.75","4,540.00","4,536.25","4,556.13","6,84,352","3,11,79,94,835.35","42,344","4,80,474",70.21
MARUTI,EQ,2015-09-29,"4,536.25","4,509.95","4,740.00","4,467.00","4,683.45","4,682.30","4,586.71","12,22,175","5,60,57,58,650.20","66,715","5,24,132",42.89
MARUTI,EQ,2015-09-30,"4,682.30","4,710.00","4,763.45","4,657.55","4,670.00","4,685.60","4,708.95","8,35,777","3,93,56,35,958.85","68,076","4,49,708",53.81
MARUTI,EQ,2015-10-01,"4,685.60","4,720.00","4,721.90","4,570.00","4,579.00","4,580.35","4,608.39","10,87,189","5,01,01,89,039.80","62,432","5,53,149",50.88
MARUTI,EQ,2015-10-05,"4,580.35","4,570.00","4,570.00","4,389.00","4,422.00","4,414.05","4,454.65","19,49,365","8,68,37,34,773.25","1,24,841","11,42,362",58.60
MARUTI,EQ,2015-10-06,"4,414.05","4,449.00","4,449.00","4,338.05","4,364.95","4,354.00","4,372.86","11,59,174","5,06,89,03,581.30","75,128","6,69,996",57.80
MARUTI,EQ,2015-10-07,"4,354.00","4,352.25","4,437.90","4,345.05","4,370.45","4,364.50","4,394.32","8,01,302","3,52,11,74,237.80","86,044","4,02,724",50.26
MARUTI,EQ,2015-10-08,"4,364.50","4,380.00","4,407.00","4,332.20","4,360.00","4,353.75","4,370.29","7,26,218","3,17,37,81,731.75","68,620","4,63,660",63.85
MARUTI,EQ,2015-10-09,"4,353.75","4,390.00","4,397.20","4,262.75","4,269.00","4,276.35","4,311.74","8,16,648","3,52,11,72,781.20","48,409","5,00,618",61.30
MARUTI,EQ,2015-10-12,"4,276.35","4,310.90","4,322.65","4,216.50","4,229.00","4,231.85","4,262.21","8,37,794","3,57,08,53,549.10","59,743","5,10,394",60.92
MARUTI,EQ,2015-10-13,"4,231.85","4,231.00","4,288.00","4,229.15","4,269.00","4,273.85","4,260.91","6,05,082","2,57,82,00,936.95","48,783","3,95,537",65.37
MARUTI,EQ,2015-10-14,"4,273.85","4,270.90","4,295.60","4,242.00","4,244.00","4,249.75","4,263.67","6,56,029","2,79,70,92,016.95","41,130","4,34,350",66.21
MARUTI,EQ,2015-10-15,"4,249.75","4,269.90","4,389.15","4,261.00","4,381.05","4,377.40","4,340.87","9,82,419","4,26,45,55,137.65","54,022","6,78,348",69.05
MARUTI,EQ,2015-10-16,"4,377.40","4,410.00","4,461.00","4,381.05","4,447.00","4,450.25","4,427.90","9,29,525","4,11,58,43,642.15","57,116","5,55,618",59.77
MARUTI,EQ,2015-10-19,"4,450.25","4,465.00","4,478.00","4,408.10","4,457.00","4,458.95","4,447.91","5,94,941","2,64,62,43,731.95","39,372","3,50,115",58.85
MARUTI,EQ,2015-10-20,"4,458.95","4,467.90","4,516.70","4,441.65","4,505.00","4,508.75","4,486.66","6,75,597","3,03,11,72,853.35","46,709","4,29,948",63.64
MARUTI,EQ,2015-10-21,"4,508.75","4,489.00","4,524.70","4,450.00","4,467.00","4,474.70","4,489.10","3,16,565","1,42,10,92,683.00","26,800","1,17,361",37.07
MARUTI,EQ,2015-10-23,"4,474.70","4,500.80","4,508.00","4,371.10","4,383.00","4,380.90","4,411.70","6,21,558","2,74,21,25,530.30","68,611","3,66,238",58.92
MARUTI,EQ,2015-10-26,"4,380.90","4,400.00","4,452.00","4,375.80","4,393.90","4,385.15","4,421.75","5,35,165","2,36,63,63,504.75","44,537","2,86,063",53.45
MARUTI,EQ,2015-10-27,"4,385.15","4,409.00","4,518.00","4,376.60","4,517.00","4,497.00","4,447.36","12,90,318","5,73,85,08,963.90","99,359","3,17,849",24.63
MARUTI,EQ,2015-10-28,"4,497.00","4,530.00","4,559.00","4,472.00","4,489.95","4,495.20","4,515.82","9,89,227","4,46,71,75,747.30","82,001","3,72,324",37.64
MARUTI,EQ,2015-10-29,"4,495.20","4,501.50","4,512.55","4,419.25","4,446.00","4,439.55","4,450.42","9,07,407","4,03,83,42,819.50","55,332","4,99,646",55.06
MARUTI,EQ,2015-10-30,"4,439.55","4,446.00","4,467.90","4,400.10","4,462.00","4,449.00","4,430.25","7,38,321","3,27,09,44,483.75","60,428","4,86,202",65.85
MARUTI,EQ,2015-11-02,"4,449.00","4,470.00","4,525.05","4,425.20","4,482.00","4,495.75","4,488.12","6,03,730","2,70,96,14,507.45","46,693","2,56,975",42.56
MARUTI,EQ,2015-11-03,"4,495.75","4,519.90","4,521.20","4,465.05","4,467.00","4,482.55","4,486.75","3,20,901","1,43,98,02,308.60","33,034","1,57,175",48.98
MARUTI,EQ,2015-11-04,"4,482.55","4,487.75","4,536.55","4,455.10","4,521.35","4,520.55","4,507.91","6,60,804","2,97,88,45,421.10","53,432","3,54,944",53.71
MARUTI,EQ,2015-11-05,"4,520.55","4,518.95","4,555.00","4,496.40","4,518.00","4,526.60","4,534.49","4,06,256","1,84,21,63,843.75","36,538","2,07,331",51.03
MARUTI,EQ,2015-11-06,"4,526.60","4,532.95","4,535.35","4,481.05","4,533.95","4,522.80","4,514.81","3,61,975","1,63,42,47,283.30","34,747","1,90,828",52.72
MARUTI,EQ,2015-11-09,"4,522.80","4,440.00","4,639.00","4,440.00","4,627.00","4,628.20","4,595.08","7,29,714","3,35,30,92,128.05","53,824","4,04,470",55.43
MARUTI,EQ,2015-11-10,"4,628.20","4,649.50","4,729.95","4,629.75","4,715.15","4,712.70","4,688.92","9,09,977","4,26,68,09,235.25","58,353","5,52,606",60.73
MARUTI,EQ,2015-11-11,"4,712.70","4,730.00","4,757.10","4,723.05","4,745.00","4,746.75","4,742.18","86,592","41,06,34,792.25","6,232","28,199",32.57
MARUTI,EQ,2015-11-13,"4,746.75","4,734.45","4,737.25","4,602.40","4,620.00","4,619.80","4,666.97","9,83,107","4,58,81,30,513.50","91,593","5,88,917",59.90
MARUTI,EQ,2015-11-16,"4,619.80","4,600.00","4,664.00","4,572.90","4,659.60","4,646.90","4,626.04","6,44,299","2,98,05,53,565.75","42,355","3,62,779",56.31
MARUTI,EQ,2015-11-17,"4,646.90","4,645.40","4,676.15","4,618.00","4,634.95","4,632.25","4,647.76","6,38,262","2,96,64,87,053.70","67,663","4,31,694",67.64
MARUTI,EQ,2015-11-18,"4,632.25","4,634.50","4,652.00","4,525.00","4,537.00","4,533.25","4,574.09","7,25,994","3,32,07,59,315.05","49,429","4,71,436",64.94
MARUTI,EQ,2015-11-19,"4,533.25","4,580.90","4,661.50","4,571.05","4,654.20","4,650.35","4,622.90","10,30,684","4,76,47,45,157.80","49,161","7,06,553",68.55
MARUTI,EQ,2015-11-20,"4,650.35","4,666.00","4,766.00","4,631.00","4,735.00","4,737.90","4,722.85","9,17,455","4,33,29,99,435.65","63,851","5,22,587",56.96
MARUTI,EQ,2015-11-23,"4,737.90","4,730.00","4,790.00","4,702.35","4,737.90","4,736.25","4,742.25","10,34,126","4,90,40,82,849.50","80,086","6,37,530",61.65
MARUTI,EQ,2015-11-24,"4,736.25","4,724.05","4,724.05","4,621.00","4,634.00","4,639.90","4,654.33","12,87,988","5,99,47,24,080.95","86,092","8,75,422",67.97
MARUTI,EQ,2015-11-26,"4,639.90","4,659.95","4,659.95","4,577.95","4,617.30","4,606.55","4,610.97","14,36,728","6,62,47,10,978.80","71,806","10,36,784",72.16
MARUTI,EQ,2015-11-27,"4,606.55","4,680.00","4,680.00","4,556.40","4,577.85","4,580.05","4,584.34","12,31,876","5,64,73,36,696.45","79,924","9,12,598",74.08
MARUTI,EQ,2015-11-30,"4,580.05","4,586.00","4,700.00","4,492.10","4,555.00","4,606.90","4,616.86","1,05,67,769","48,78,99,23,691.50","2,20,554","82,38,140",77.96
MARUTI,EQ,2015-12-01,"4,606.90","4,609.00","4,616.00","4,531.35","4,545.00","4,556.20","4,568.66","15,06,622","6,88,32,43,243.85","1,00,696","7,88,104",52.31
MARUTI,EQ,2015-12-02,"4,556.20","4,600.00","4,627.35","4,556.20","4,619.00","4,618.80","4,593.94","11,23,497","5,16,12,72,904.40","45,553","7,76,081",69.08
MARUTI,EQ,2015-12-03,"4,618.80","4,609.00","4,644.70","4,600.50","4,630.20","4,627.05","4,627.85","5,67,288","2,62,53,24,480.40","42,293","3,48,302",61.40
MARUTI,EQ,2015-12-04,"4,627.05","4,610.00","4,634.00","4,579.15","4,603.00","4,600.35","4,600.60","5,81,041","2,67,31,36,867.00","49,441","3,99,488",68.75
MARUTI,EQ,2015-12-07,"4,600.35","4,622.00","4,640.00","4,558.00","4,559.95","4,564.20","4,591.12","4,93,623","2,26,62,84,713.70","48,673","3,05,720",61.93
MARUTI,EQ,2015-12-08,"4,564.20","4,540.00","4,579.80","4,520.00","4,544.00","4,542.55","4,543.76","5,77,670","2,62,47,91,789.90","75,804","3,61,678",62.61
MARUTI,EQ,2015-12-09,"4,542.55","4,538.80","4,542.00","4,470.00","4,473.55","4,479.10","4,498.52","6,07,147","2,73,12,64,897.75","56,760","3,85,711",63.53
MARUTI,EQ,2015-12-10,"4,479.10","4,495.00","4,519.80","4,406.05","4,517.45","4,498.10","4,454.65","5,06,406","2,25,58,60,086.65","52,525","2,13,544",42.17
MARUTI,EQ,2015-12-11,"4,498.10","4,519.75","4,528.00","4,412.00","4,497.00","4,480.75","4,482.01","5,32,721","2,38,76,61,216.50","38,968","1,77,481",33.32
MARUTI,EQ,2015-12-14,"4,480.75","4,478.90","4,590.00","4,471.50","4,590.00","4,576.80","4,547.05","4,84,617","2,20,35,75,744.05","39,445","2,08,032",42.93
MARUTI,EQ,2015-12-15,"4,576.80","4,605.00","4,634.00","4,563.10","4,630.85","4,620.00","4,599.52","5,81,111","2,67,28,30,874.00","45,679","3,16,185",54.41
MARUTI,EQ,2015-12-16,"4,620.00","4,655.00","4,657.15","4,604.00","4,612.65","4,619.40","4,625.61","3,57,572","1,65,39,89,841.00","30,689","1,45,865",40.79
MARUTI,EQ,2015-12-17,"4,619.40","4,650.00","4,679.00","4,573.85","4,671.00","4,666.75","4,621.60","4,43,534","2,04,98,37,395.20","32,580","1,49,139",33.63
MARUTI,EQ,2015-12-18,"4,666.75","4,684.70","4,702.00","4,611.50","4,617.00","4,620.45","4,650.51","6,82,206","3,17,26,08,296.80","55,478","3,61,400",52.98
MARUTI,EQ,2015-12-21,"4,620.45","4,626.90","4,660.00","4,616.25","4,635.00","4,639.10","4,637.79","2,74,072","1,27,10,88,881.95","22,316","1,35,206",49.33
MARUTI,EQ,2015-12-22,"4,639.10","4,630.00","4,644.95","4,602.05","4,620.90","4,617.20","4,619.68","2,07,127","95,68,60,693.45","21,201","93,311",45.05
MARUTI,EQ,2015-12-23,"4,617.20","4,635.00","4,656.00","4,620.00","4,633.00","4,634.95","4,636.99","2,27,939","1,05,69,50,369.80","24,569","1,06,144",46.57
MARUTI,EQ,2015-12-24,"4,634.95","4,633.25","4,634.35","4,586.15","4,600.00","4,598.40","4,602.97","1,62,732","74,90,50,601.85","10,796","71,088",43.68
MARUTI,EQ,2015-12-28,"4,598.40","4,598.40","4,645.95","4,588.00","4,635.55","4,640.00","4,624.29","2,72,134","1,25,84,26,475.75","18,983","1,36,589",50.19
MARUTI,EQ,2015-12-29,"4,640.00","4,641.95","4,655.90","4,612.80","4,635.80","4,636.90","4,634.21","2,53,128","1,17,30,48,485.05","32,544","1,24,509",49.19
MARUTI,EQ,2015-12-30,"4,636.90","4,637.00","4,642.90","4,575.00","4,580.00","4,587.20","4,607.01","2,65,170","1,22,16,40,032.15","19,516","1,68,306",63.47
MARUTI,EQ,2015-12-31,"4,587.20","4,587.00","4,637.00","4,566.30","4,620.00","4,621.95","4,605.93","4,22,019","1,94,37,89,898.60","23,884","2,46,861",58.50
MARUTI,EQ,2016-01-01,"4,621.95","4,621.00","4,668.00","4,602.35","4,635.00","4,638.50","4,640.33","2,43,597","1,13,03,70,615.95","13,215","66,147",27.15
MARUTI,EQ,2016-01-04,"4,638.50","4,635.00","4,657.00","4,571.75","4,576.10","4,580.65","4,605.24","4,05,501","1,86,74,28,618.25","47,259","2,25,616",55.64
MARUTI,EQ,2016-01-05,"4,580.65","4,599.95","4,600.75","4,557.25","4,570.80","4,566.95","4,576.38","5,09,285","2,33,06,79,393.65","56,079","2,53,015",49.68
MARUTI,EQ,2016-01-06,"4,566.95","4,592.00","4,593.00","4,468.00","4,481.25","4,480.80","4,529.56","5,93,742","2,68,93,89,650.00","48,830","3,04,808",51.34
MARUTI,EQ,2016-01-07,"4,480.80","4,449.70","4,449.70","4,251.85","4,290.00","4,267.90","4,300.52","12,00,069","5,16,09,18,392.35","98,089","7,50,968",62.58
MARUTI,EQ,2016-01-08,"4,267.90","4,286.30","4,325.00","4,195.80","4,223.80","4,214.75","4,241.34","9,94,652","4,21,86,58,760.05","85,443","5,99,112",60.23
MARUTI,EQ,2016-01-11,"4,214.75","4,190.00","4,300.00","4,117.00","4,292.00","4,272.40","4,249.00","8,65,799","3,67,87,76,101.35","76,323","4,49,107",51.87
MARUTI,EQ,2016-01-12,"4,272.40","4,310.00","4,324.80","4,260.00","4,269.00","4,266.70","4,285.12","4,81,142","2,06,17,49,733.35","42,088","2,38,050",49.48
MARUTI,EQ,2016-01-13,"4,266.70","4,298.00","4,310.00","4,221.35","4,285.00","4,291.25","4,275.97","4,31,206","1,84,38,24,724.85","34,740","1,75,582",40.72
MARUTI,EQ,2016-01-14,"4,291.25","4,239.00","4,289.00","4,212.70","4,255.90","4,248.25","4,245.93","4,02,026","1,70,69,75,877.65","33,782","1,99,160",49.54
MARUTI,EQ,2016-01-15,"4,248.25","4,265.00","4,340.00","4,254.00","4,263.45","4,273.35","4,297.97","5,92,183","2,54,51,84,249.20","42,488","3,69,356",62.37
MARUTI,EQ,2016-01-18,"4,273.35","4,279.00","4,289.25","4,172.85","4,215.00","4,236.20","4,229.12","3,96,124","1,67,52,55,245.60","31,108","1,92,637",48.63
MARUTI,EQ,2016-01-19,"4,236.20","4,241.00","4,244.95","4,165.00","4,190.00","4,198.15","4,199.25","4,99,001","2,09,54,27,877.00","48,534","2,66,510",53.41
MARUTI,EQ,2016-01-20,"4,198.15","4,169.85","4,189.95","4,028.50","4,055.00","4,058.95","4,102.66","6,79,992","2,78,97,77,295.95","48,233","4,17,421",61.39
MARUTI,EQ,2016-01-21,"4,058.95","4,084.95","4,084.95","3,870.00","3,901.00","3,891.70","3,938.99","12,12,801","4,77,72,13,081.65","79,616","5,76,813",47.56
MARUTI,EQ,2016-01-22,"3,891.70","3,942.95","4,119.90","3,930.15","4,092.30","4,104.95","4,032.43","10,63,413","4,28,81,33,398.40","1,00,255","5,15,479",48.47
MARUTI,EQ,2016-01-25,"4,104.95","4,125.95","4,172.00","4,073.90","4,082.00","4,081.35","4,117.92","6,08,634","2,50,63,08,573.15","61,514","3,04,756",50.07
MARUTI,EQ,2016-01-27,"4,081.35","4,131.00","4,179.00","4,092.00","4,128.65","4,111.95","4,126.59","8,86,550","3,65,84,27,180.80","63,684","4,78,611",53.99
MARUTI,EQ,2016-01-28,"4,111.95","4,080.00","4,139.90","4,031.00","4,109.00","4,103.30","4,087.22","16,77,354","6,85,57,10,826.35","86,331","7,57,841",45.18
MARUTI,EQ,2016-01-29,"4,103.30","3,925.00","4,124.00","3,923.00","4,111.95","4,095.85","4,027.63","21,47,231","8,64,82,58,243.10","1,07,024","10,25,694",47.77
MARUTI,EQ,2016-02-01,"4,095.85","4,100.90","4,119.00","3,933.65","3,951.15","3,948.25","3,993.92","19,04,034","7,60,45,67,476.85","1,27,161","11,34,260",59.57
MARUTI,EQ,2016-02-02,"3,948.25","3,952.60","3,985.00","3,851.55","3,866.00","3,874.95","3,932.85","9,02,619","3,54,98,65,939.25","82,329","4,84,239",53.65
MARUTI,EQ,2016-02-03,"3,874.95","3,870.00","3,870.00","3,784.65","3,835.00","3,828.35","3,827.20","11,01,308","4,21,49,23,757.25","1,18,081","6,74,083",61.21
MARUTI,EQ,2016-02-04,"3,828.35","3,864.00","3,881.90","3,774.00","3,793.05","3,794.65","3,835.36","5,97,800","2,29,27,76,878.65","51,372","2,29,778",38.44
MARUTI,EQ,2016-02-05,"3,794.65","3,784.70","3,790.00","3,693.30","3,731.40","3,723.40","3,730.07","12,45,857","4,64,71,27,669.80","88,327","7,14,375",57.34
MARUTI,EQ,2016-02-08,"3,723.40","3,749.00","3,789.00","3,715.05","3,728.00","3,732.55","3,751.49","5,59,505","2,09,89,78,741.55","38,015","2,36,914",42.34
MARUTI,EQ,2016-02-09,"3,732.55","3,685.00","3,689.00","3,620.00","3,659.90","3,657.10","3,649.25","6,57,011","2,39,75,96,135.30","48,137","3,06,090",46.59
MARUTI,EQ,2016-02-10,"3,657.10","3,639.85","3,718.00","3,600.00","3,694.60","3,678.55","3,649.54","7,95,377","2,90,27,56,483.25","68,653","3,15,170",39.63
MARUTI,EQ,2016-02-11,"3,678.55","3,651.10","3,664.30","3,518.50","3,546.00","3,541.45","3,575.04","10,66,224","3,81,17,88,609.70","77,171","5,72,514",53.7
MARUTI,EQ,2016-02-12,"3,541.45","3,570.00","3,588.00","3,461.00","3,544.50","3,549.65","3,528.18","12,11,696","4,27,50,82,286.05","1,20,898","6,66,922",55.04
MARUTI,EQ,2016-02-15,"3,549.65","3,605.95","3,724.90","3,604.40","3,716.05","3,711.25","3,668.99","11,82,286","4,33,77,91,561.80","75,276","7,23,855",61.23
MARUTI,EQ,2016-02-16,"3,711.25","3,725.25","3,748.95","3,651.20","3,693.05","3,705.20","3,711.46","7,53,873","2,79,79,67,802.55","59,182","3,43,386",45.55
MARUTI,EQ,2016-02-17,"3,705.20","3,679.90","3,755.00","3,661.50","3,751.00","3,749.15","3,705.56","6,52,019","2,41,60,93,837.90","46,872","2,89,367",44.38
MARUTI,EQ,2016-02-18,"3,749.15","3,781.25","3,796.85","3,622.10","3,646.00","3,653.25","3,696.28","12,43,826","4,59,75,28,207.25","1,07,775","7,19,092",57.81
MARUTI,EQ,2016-02-19,"3,653.25","3,640.00","3,640.00","3,559.00","3,560.00","3,579.15","3,589.82","7,18,677","2,57,99,20,065.20","55,734","3,46,077",48.15
MARUTI,EQ,2016-02-22,"3,579.15","3,539.00","3,545.00","3,491.55","3,524.30","3,520.80","3,520.71","12,91,463","4,54,68,71,760.15","1,01,853","7,62,687",59.06
MARUTI,EQ,2016-02-23,"3,520.80","3,530.00","3,568.45","3,480.00","3,488.00","3,487.40","3,523.75","7,96,836","2,80,78,51,327.80","79,805","3,80,931",47.81
MARUTI,EQ,2016-02-24,"3,487.40","3,499.95","3,530.00","3,480.00","3,492.00","3,489.70","3,505.96","6,05,914","2,12,43,08,290.20","41,041","2,28,698",37.74
MARUTI,EQ,2016-02-25,"3,489.70","3,509.65","3,510.00","3,401.00","3,430.00","3,414.15","3,452.06","8,40,542","2,90,16,03,810.05","52,811","4,39,806",52.32
MARUTI,EQ,2016-02-26,"3,414.15","3,452.00","3,459.10","3,375.10","3,420.50","3,409.20","3,404.26","8,31,491","2,83,06,10,992.25","87,260","4,67,783",56.26
MARUTI,EQ,2016-02-29,"3,409.20","3,425.00","3,434.95","3,193.25","3,263.00","3,236.50","3,292.67","22,18,323","7,30,42,14,182.90","1,55,052","12,36,925",55.76
MARUTI,EQ,2016-03-01,"3,236.50","3,200.90","3,510.00","3,200.90","3,496.00","3,494.40","3,405.29","19,24,803","6,55,45,09,862.05","1,44,008","7,50,822",39.01
MARUTI,EQ,2016-03-02,"3,494.40","3,542.95","3,627.70","3,540.05","3,615.00","3,612.65","3,587.43","12,36,996","4,43,76,40,821.50","1,15,762","7,28,196",58.87
MARUTI,EQ,2016-03-03,"3,612.65","3,625.80","3,647.00","3,578.00","3,611.00","3,608.65","3,607.23","7,42,263","2,67,75,09,945.15","63,584","3,14,358",42.35
MARUTI,EQ,2016-03-04,"3,608.65","3,619.00","3,619.00","3,526.00","3,567.00","3,555.10","3,557.12","6,10,234","2,17,06,75,205.50","50,616","2,58,199",42.31
MARUTI,EQ,2016-03-08,"3,555.10","3,552.95","3,598.95","3,450.60","3,457.00","3,462.65","3,515.57","11,00,041","3,86,72,74,753.20","65,159","6,75,919",61.44
MARUTI,EQ,2016-03-09,"3,462.65","3,454.85","3,600.00","3,441.10","3,596.30","3,576.40","3,528.49","7,52,948","2,65,67,72,683.60","64,673","2,75,397",36.58
MARUTI,EQ,2016-03-10,"3,576.40","3,600.00","3,634.70","3,573.40","3,625.00","3,627.20","3,613.71","10,16,572","3,67,36,01,235.50","55,035","5,67,561",55.83
MARUTI,EQ,2016-03-11,"3,627.20","3,633.70","3,690.00","3,616.05","3,636.00","3,641.20","3,655.80","10,02,559","3,66,51,58,842.35","52,365","5,13,379",51.21
MARUTI,EQ,2016-03-14,"3,641.20","3,660.00","3,684.00","3,627.05","3,644.00","3,648.15","3,657.35","4,83,295","1,76,75,77,926.75","53,819","2,00,692",41.53
MARUTI,EQ,2016-03-15,"3,648.15","3,670.00","3,679.90","3,615.50","3,656.05","3,654.55","3,653.89","6,88,839","2,51,69,41,845.35","45,931","3,93,388",57.11
MARUTI,EQ,2016-03-16,"3,654.55","3,650.00","3,675.00","3,637.50","3,672.55","3,667.35","3,658.10","4,59,188","1,67,97,55,921.40","40,999","2,30,698",50.24
MARUTI,EQ,2016-03-17,"3,667.35","3,686.35","3,750.00","3,620.00","3,627.20","3,635.45","3,703.51","7,10,449","2,63,11,54,025.05","47,359","3,74,652",52.73
MARUTI,EQ,2016-03-18,"3,635.45","3,640.00","3,649.70","3,557.05","3,622.95","3,621.40","3,598.86","10,73,782","3,86,43,89,916.85","86,011","6,22,777",58.0
MARUTI,EQ,2016-03-21,"3,621.40","3,630.10","3,678.80","3,605.00","3,669.05","3,669.55","3,645.49","4,74,712","1,73,05,59,017.20","49,130","1,97,425",41.59
MARUTI,EQ,2016-03-22,"3,669.55","3,669.00","3,735.95","3,652.00","3,690.00","3,699.55","3,700.57","7,13,115","2,63,89,34,652.20","56,169","2,81,685",39.5
MARUTI,EQ,2016-03-23,"3,699.55","3,711.85","3,744.00","3,666.45","3,723.10","3,736.00","3,719.68","5,86,282","2,18,07,82,776.85","39,296","2,67,026",45.55
MARUTI,EQ,2016-03-28,"3,736.00","3,759.00","3,777.80","3,629.95","3,649.85","3,638.95","3,693.61","7,43,468","2,74,60,80,870.20","44,373","3,53,642",47.57
MARUTI,EQ,2016-03-29,"3,638.95","3,649.00","3,769.00","3,645.00","3,725.00","3,729.95","3,720.14","6,86,482","2,55,38,08,156.40","50,485","2,25,799",32.89
MARUTI,EQ,2016-03-30,"3,729.95","3,745.00","3,749.90","3,684.00","3,725.00","3,727.45","3,712.58","8,72,340","3,23,86,34,488.75","62,332","4,91,214",56.31
MARUTI,EQ,2016-03-31,"3,727.45","3,739.50","3,748.75","3,664.00","3,710.25","3,716.30","3,707.67","12,23,191","4,53,51,82,617.85","95,065","7,66,492",62.66
MARUTI,EQ,2016-04-01,"3,716.30","3,700.45","3,764.95","3,682.00","3,720.00","3,723.20","3,721.40","7,69,731","2,86,44,75,194.20","54,670","2,50,525",32.55
MARUTI,EQ,2016-04-04,"3,723.20","3,735.00","3,751.50","3,676.00","3,678.90","3,683.25","3,702.86","2,99,849","1,11,02,99,764.95","31,029","1,00,943",33.66
MARUTI,EQ,2016-04-05,"3,683.25","3,676.00","3,696.90","3,536.50","3,546.00","3,554.85","3,625.91","8,26,024","2,99,50,90,893.00","76,175","4,17,936",50.6
MARUTI,EQ,2016-04-06,"3,554.85","3,568.00","3,607.30","3,546.00","3,566.00","3,573.05","3,575.53","6,64,480","2,37,58,66,109.65","56,543","2,98,542",44.93
MARUTI,EQ,2016-04-07,"3,573.05","3,556.50","3,556.50","3,450.00","3,468.00","3,471.00","3,473.37","12,21,608","4,24,31,02,109.65","81,200","7,04,887",57.7
MARUTI,EQ,2016-04-08,"3,471.00","3,460.00","3,474.00","3,418.50","3,437.05","3,430.65","3,440.73","16,31,533","5,61,36,64,274.80","1,08,104","10,97,854",67.29
MARUTI,EQ,2016-04-11,"3,430.65","3,437.00","3,488.00","3,423.00","3,480.00","3,478.65","3,461.00","9,70,375","3,35,84,66,684.05","61,944","5,59,444",57.65
MARUTI,EQ,2016-04-12,"3,478.65","3,470.20","3,609.85","3,465.05","3,564.50","3,573.70","3,560.20","14,04,427","5,00,00,34,431.00","75,193","6,60,862",47.06
MARUTI,EQ,2016-04-13,"3,573.70","3,613.00","3,745.35","3,606.60","3,744.00","3,731.60","3,685.30","11,07,727","4,08,23,02,709.05","92,172","5,00,333",45.17
MARUTI,EQ,2016-04-18,"3,731.60","3,720.80","3,750.00","3,680.00","3,712.80","3,718.95","3,723.49","9,99,621","3,72,20,78,116.80","81,798","6,72,015",67.23
MARUTI,EQ,2016-04-20,"3,718.95","3,724.35","3,724.35","3,651.00","3,665.10","3,670.05","3,673.78","18,30,988","6,72,66,41,353.85","76,006","11,65,465",63.65
MARUTI,EQ,2016-04-21,"3,670.05","3,695.00","3,737.25","3,674.00","3,703.00","3,705.30","3,712.27","19,28,958","7,16,08,20,070.70","1,08,146","10,72,117",55.58
MARUTI,EQ,2016-04-22,"3,705.30","3,703.00","3,833.00","3,680.10","3,815.20","3,816.05","3,783.27","11,65,761","4,41,03,86,976.10","75,696","3,55,750",30.52
MARUTI,EQ,2016-04-25,"3,816.05","3,806.10","3,842.00","3,715.15","3,730.00","3,727.95","3,759.82","8,38,216","3,15,15,41,408.50","55,604","2,59,595",30.97
MARUTI,EQ,2016-04-26,"3,727.95","3,704.05","3,894.00","3,691.90","3,858.00","3,871.55","3,816.67","27,82,566","10,62,01,36,865.95","1,52,175","5,70,981",20.52
MARUTI,EQ,2016-04-27,"3,871.55","3,841.10","3,932.75","3,830.25","3,848.00","3,859.40","3,883.87","13,88,262","5,39,18,26,630.10","1,25,518","4,70,924",33.92
MARUTI,EQ,2016-04-28,"3,859.40","3,819.00","3,854.00","3,735.10","3,749.00","3,747.95","3,799.05","18,21,236","6,91,89,74,060.30","1,15,721","9,00,824",49.46
MARUTI,EQ,2016-04-29,"3,747.95","3,742.00","3,820.00","3,725.00","3,795.00","3,794.65","3,775.06","9,62,848","3,63,48,06,826.45","59,631","2,40,933",25.02
MARUTI,EQ,2016-05-02,"3,794.65","3,799.90","3,840.00","3,751.60","3,837.00","3,830.85","3,803.40","7,62,337","2,89,94,71,775.00","49,634","2,11,624",27.76
MARUTI,EQ,2016-05-03,"3,830.85","3,840.80","3,879.00","3,795.70","3,814.00","3,819.95","3,840.24","7,95,697","3,05,56,64,481.50","39,572","3,41,378",42.9
MARUTI,EQ,2016-05-04,"3,819.95","3,800.00","3,844.00","3,796.05","3,810.00","3,811.55","3,821.50","5,57,609","2,13,09,02,853.05","31,876","1,88,651",33.83
MARUTI,EQ,2016-05-05,"3,811.55","3,825.00","3,850.00","3,802.00","3,843.50","3,836.85","3,826.99","4,85,772","1,85,90,45,999.80","31,755","1,80,078",37.07
MARUTI,EQ,2016-05-06,"3,836.85","3,829.95","3,835.00","3,802.00","3,825.00","3,818.95","3,815.01","4,11,877","1,57,13,14,189.30","26,975","1,96,821",47.79
MARUTI,EQ,2016-05-09,"3,818.95","3,830.00","3,878.00","3,825.00","3,858.00","3,846.50","3,850.37","7,71,389","2,97,01,35,056.95","44,020","4,18,974",54.31
MARUTI,EQ,2016-05-10,"3,846.50","3,850.50","3,897.05","3,835.10","3,858.00","3,844.80","3,860.86","10,94,666","4,22,63,56,607.50","65,022","6,34,199",57.94
MARUTI,EQ,2016-05-11,"3,844.80","3,800.00","3,898.00","3,790.00","3,892.05","3,890.05","3,869.56","6,79,706","2,63,01,60,927.60","45,864","2,37,340",34.92
MARUTI,EQ,2016-05-12,"3,890.05","3,884.85","3,909.80","3,841.50","3,861.95","3,854.20","3,869.22","8,57,976","3,31,96,94,063.70","55,184","4,01,465",46.79
MARUTI,EQ,2016-05-13,"3,854.20","3,856.00","3,877.90","3,828.00","3,851.00","3,846.25","3,851.24","4,35,056","1,67,55,06,194.00","28,853","2,05,822",47.31
MARUTI,EQ,2016-05-16,"3,846.25","3,870.00","3,895.00","3,840.00","3,890.00","3,881.60","3,861.13","8,78,812","3,39,32,07,080.15","32,098","5,41,627",61.63
MARUTI,EQ,2016-05-17,"3,881.60","3,891.05","3,969.00","3,886.25","3,945.05","3,950.70","3,935.36","8,65,028","3,40,41,99,572.05","60,596","4,41,987",51.1
MARUTI,EQ,2016-05-18,"3,950.70","3,928.80","3,939.00","3,805.05","3,907.10","3,914.90","3,871.50","19,21,044","7,43,73,28,389.60","1,08,452","9,06,748",47.2
MARUTI,EQ,2016-05-19,"3,914.90","3,900.00","3,940.00","3,881.00","3,907.10","3,926.60","3,914.53","6,79,821","2,66,11,80,713.05","60,638","3,62,106",53.26
MARUTI,EQ,2016-05-20,"3,926.60","3,883.80","3,959.00","3,881.10","3,941.90","3,944.95","3,932.10","4,85,214","1,90,79,09,862.95","32,060","1,19,331",24.59
MARUTI,EQ,2016-05-23,"3,944.95","3,964.00","3,968.30","3,900.00","3,904.00","3,913.85","3,943.75","3,48,354","1,37,38,21,327.90","34,901","1,19,281",34.24
MARUTI,EQ,2016-05-24,"3,913.85","3,913.80","3,937.95","3,893.15","3,928.95","3,924.20","3,918.66","2,83,533","1,11,10,68,158.65","22,748","77,964",27.5
MARUTI,EQ,2016-05-25,"3,924.20","3,948.00","4,072.00","3,940.00","4,064.00","4,060.95","4,021.76","8,42,663","3,38,89,84,230.30","56,975","3,66,233",43.46
MARUTI,EQ,2016-05-26,"4,060.95","4,064.00","4,125.00","4,027.20","4,120.00","4,118.00","4,092.98","10,74,664","4,39,85,80,879.25","70,910","5,06,993",47.18
MARUTI,EQ,2016-05-27,"4,118.00","4,114.70","4,162.00","4,091.05","4,132.20","4,146.60","4,137.10","8,80,888","3,64,43,24,779.15","63,173","4,20,168",47.7
MARUTI,EQ,2016-05-30,"4,146.60","4,132.00","4,155.20","4,054.00","4,069.15","4,071.75","4,097.51","5,55,311","2,27,53,90,334.55","38,393","2,30,239",41.46
MARUTI,EQ,2016-05-31,"4,071.75","4,060.00","4,180.00","4,055.05","4,154.05","4,161.60","4,136.45","7,75,477","3,20,77,19,371.25","56,298","4,00,004",51.58
MARUTI,EQ,2016-06-01,"4,161.60","4,170.70","4,199.95","4,150.00","4,154.55","4,165.35","4,172.46","6,47,041","2,69,97,49,767.60","38,211","2,43,209",37.59
MARUTI,EQ,2016-06-02,"4,165.35","4,150.00","4,194.95","4,124.00","4,184.00","4,186.65","4,161.11","4,11,143","1,71,08,09,486.25","29,759","1,68,675",41.03
MARUTI,EQ,2016-06-03,"4,186.65","4,192.15","4,235.00","4,180.00","4,213.00","4,217.95","4,216.39","5,91,630","2,49,45,43,010.90","40,641","3,04,232",51.42
MARUTI,EQ,2016-06-06,"4,217.95","4,216.00","4,217.00","4,118.00","4,140.00","4,142.00","4,151.62","4,43,085","1,83,95,19,061.30","33,705","1,72,249",38.87
MARUTI,EQ,2016-06-07,"4,142.00","4,175.00","4,188.95","4,118.00","4,135.05","4,135.65","4,152.54","4,71,388","1,95,74,58,492.65","40,749","1,88,712",40.03
MARUTI,EQ,2016-06-08,"4,135.65","4,131.00","4,169.80","4,124.70","4,164.95","4,160.10","4,151.82","4,17,715","1,73,42,76,992.05","44,789","1,59,787",38.25
MARUTI,EQ,2016-06-09,"4,160.10","4,152.05","4,189.75","4,140.00","4,169.90","4,169.15","4,164.66","3,05,434","1,27,20,28,413.05","18,017","1,06,905",35.0
MARUTI,EQ,2016-06-10,"4,169.15","4,165.10","4,197.00","4,100.00","4,100.05","4,111.50","4,151.21","4,64,892","1,92,98,63,129.45","29,214","1,88,624",40.57
MARUTI,EQ,2016-06-13,"4,111.50","4,074.00","4,150.00","4,062.00","4,149.00","4,134.75","4,105.78","3,85,639","1,58,33,48,107.65","22,704","94,408",24.48
MARUTI,EQ,2016-06-14,"4,134.75","4,145.00","4,155.90","4,096.00","4,099.95","4,104.50","4,122.69","4,03,193","1,66,22,41,655.30","26,394","2,00,788",49.8
MARUTI,EQ,2016-06-15,"4,104.50","4,125.00","4,215.00","4,112.10","4,211.50","4,209.60","4,159.51","5,10,807","2,12,47,06,746.75","46,671","2,34,044",45.82
MARUTI,EQ,2016-06-16,"4,209.60","4,160.00","4,164.00","4,062.00","4,080.00","4,084.10","4,097.22","11,18,517","4,58,28,09,069.80","77,331","5,51,844",49.34
MARUTI,EQ,2016-06-17,"4,084.10","4,115.00","4,158.00","4,093.45","4,093.45","4,114.50","4,131.40","9,51,658","3,93,16,82,187.55","64,248","6,03,941",63.46
MARUTI,EQ,2016-06-20,"4,114.50","4,076.55","4,144.80","4,065.70","4,138.00","4,133.20","4,119.16","6,67,114","2,74,79,50,789.85","38,774","3,71,267",55.65
MARUTI,EQ,2016-06-21,"4,133.20","4,146.00","4,168.10","4,109.00","4,145.00","4,157.40","4,142.61","5,12,383","2,12,26,03,379.85","33,914","2,73,750",53.43
MARUTI,EQ,2016-06-22,"4,157.40","4,145.00","4,180.50","4,125.05","4,150.00","4,151.35","4,160.36","4,17,540","1,73,71,18,191.90","36,824","2,01,196",48.19
MARUTI,EQ,2016-06-23,"4,151.35","4,151.90","4,175.00","4,120.45","4,165.80","4,168.60","4,148.69","3,41,093","1,41,50,90,774.05","29,066","1,35,836",39.82
MARUTI,EQ,2016-06-24,"4,168.60","4,053.00","4,092.10","3,866.60","4,084.00","4,070.05","4,021.30","15,59,787","6,27,23,76,889.60","83,301","7,90,264",50.66
MARUTI,EQ,2016-06-27,"4,070.05","4,061.00","4,061.00","4,004.10","4,026.00","4,025.10","4,029.19","8,36,629","3,37,09,39,472.90","61,694","5,05,725",60.45
MARUTI,EQ,2016-06-28,"4,025.10","4,041.10","4,081.95","4,040.00","4,076.45","4,078.70","4,065.38","6,26,447","2,54,67,46,740.60","47,968","3,06,777",48.97
MARUTI,EQ,2016-06-29,"4,078.70","4,100.00","4,141.00","4,089.20","4,122.75","4,131.25","4,116.45","6,46,945","2,66,31,18,818.70","33,389","3,08,323",47.66
MARUTI,EQ,2016-06-30,"4,131.25","4,179.90","4,200.00","4,145.55","4,199.70","4,187.20","4,168.83","7,70,542","3,21,22,56,705.25","66,636","4,96,953",64.49
MARUTI,EQ,2016-07-01,"4,187.20","4,188.60","4,214.20","4,132.00","4,166.00","4,165.40","4,168.15","8,04,652","3,35,39,06,492.90","46,307","3,74,458",46.54
MARUTI,EQ,2016-07-04,"4,165.40","4,171.00","4,190.50","4,155.75","4,180.00","4,173.80","4,172.85","3,43,648","1,43,39,91,305.30","21,737","1,73,028",50.35
MARUTI,EQ,2016-07-05,"4,173.80","4,180.00","4,202.00","4,150.00","4,176.00","4,173.35","4,175.78","2,82,439","1,17,94,02,903.45","20,168","88,784",31.43
MARUTI,EQ,2016-07-07,"4,173.35","4,181.10","4,189.90","4,125.00","4,145.90","4,141.10","4,145.93","3,25,843","1,35,09,22,349.70","28,158","1,41,665",43.48
MARUTI,EQ,2016-07-08,"4,141.10","4,142.00","4,175.65","4,126.00","4,163.90","4,161.80","4,159.41","2,61,295","1,08,68,33,437.90","14,950","1,02,813",39.35
MARUTI,EQ,2016-07-11,"4,161.80","4,190.00","4,285.90","4,189.95","4,265.15","4,272.05","4,253.54","5,18,428","2,20,51,55,548.90","39,163","2,17,111",41.88
MARUTI,EQ,2016-07-12,"4,272.05","4,300.00","4,382.00","4,291.00","4,362.00","4,370.40","4,351.06","6,88,921","2,99,75,36,909.80","52,090","3,01,232",43.73
MARUTI,EQ,2016-07-13,"4,370.40","4,350.00","4,360.00","4,301.00","4,312.90","4,321.40","4,321.73","4,16,940","1,80,19,02,055.00","32,998","1,77,202",42.5
MARUTI,EQ,2016-07-14,"4,321.40","4,326.00","4,439.00","4,326.00","4,422.10","4,428.30","4,398.90","6,37,580","2,80,46,51,042.75","61,143","3,11,212",48.81
MARUTI,EQ,2016-07-15,"4,428.30","4,450.00","4,493.55","4,404.50","4,477.00","4,472.05","4,456.00","6,54,076","2,91,45,60,944.30","60,458","3,36,948",51.52
MARUTI,EQ,2016-07-18,"4,472.05","4,477.00","4,564.40","4,432.40","4,456.25","4,454.75","4,517.06","6,84,924","3,09,38,43,435.70","49,256","3,93,856",57.5
MARUTI,EQ,2016-07-19,"4,454.75","4,455.20","4,499.00","4,440.00","4,475.00","4,485.70","4,470.14","3,78,788","1,69,32,34,732.05","57,286","1,62,214",42.82
MARUTI,EQ,2016-07-20,"4,485.70","4,471.85","4,510.00","4,452.05","4,465.75","4,469.15","4,477.33","3,57,560","1,60,09,13,643.80","32,812","1,87,037",52.31
MARUTI,EQ,2016-07-21,"4,469.15","4,489.00","4,493.05","4,405.25","4,415.00","4,413.70","4,443.93","2,52,227","1,12,08,77,949.90","23,091","1,04,881",41.58
MARUTI,EQ,2016-07-22,"4,413.70","4,421.00","4,449.00","4,405.00","4,419.90","4,414.70","4,424.84","3,39,886","1,50,39,41,615.25","26,972","1,58,345",46.59
MARUTI,EQ,2016-07-25,"4,414.70","4,427.00","4,565.00","4,421.00","4,552.00","4,550.55","4,518.01","4,99,616","2,25,72,69,483.10","30,461","1,92,772",38.58
MARUTI,EQ,2016-07-26,"4,550.55","4,575.15","4,584.00","4,451.15","4,470.90","4,471.30","4,522.62","18,28,186","8,26,81,86,391.30","1,05,500","7,22,490",39.52
MARUTI,EQ,2016-07-27,"4,471.30","4,510.30","4,628.00","4,510.00","4,555.10","4,558.15","4,573.32","12,12,744","5,54,62,61,097.95","96,172","5,88,693",48.54
MARUTI,EQ,2016-07-28,"4,558.15","4,579.00","4,784.00","4,570.55","4,759.00","4,763.50","4,715.12","18,79,461","8,86,18,78,507.95","1,44,253","8,86,709",47.18
MARUTI,EQ,2016-07-29,"4,763.50","4,751.00","4,824.00","4,720.55","4,765.00","4,757.60","4,766.17","7,99,265","3,80,94,32,635.15","55,850","2,89,361",36.2
MARUTI,EQ,2016-08-01,"4,757.60","4,798.95","4,885.00","4,772.25","4,869.05","4,866.25","4,845.32","12,06,974","5,84,81,72,359.40","63,151","5,35,855",44.4
MARUTI,EQ,2016-08-02,"4,866.25","4,900.00","5,039.00","4,880.00","5,000.00","4,986.05","4,980.88","16,11,134","8,02,48,62,506.60","1,09,584","8,10,732",50.32
MARUTI,EQ,2016-08-03,"4,986.05","5,014.90","5,020.00","4,853.15","4,870.00","4,873.85","4,913.32","10,19,631","5,00,97,76,068.85","81,920","4,14,908",40.69
MARUTI,EQ,2016-08-04,"4,873.85","4,945.00","4,945.00","4,869.35","4,890.00","4,889.65","4,906.17","7,27,097","3,56,72,61,551.35","52,929","2,81,609",38.73
MARUTI,EQ,2016-08-05,"4,889.65","4,919.00","4,965.00","4,900.00","4,941.95","4,941.65","4,935.98","5,98,288","2,95,31,37,501.60","41,838","3,01,951",50.47
MARUTI,EQ,2016-08-08,"4,941.65","4,980.00","5,010.00","4,960.05","4,986.95","4,991.75","4,992.06","4,74,502","2,36,87,44,665.15","40,952","2,36,550",49.85
MARUTI,EQ,2016-08-09,"4,991.75","5,009.90","5,021.75","4,915.40","4,957.00","4,960.85","4,958.42","5,08,711","2,52,24,03,485.85","41,547","2,36,975",46.58
MARUTI,EQ,2016-08-10,"4,960.85","4,975.00","4,980.00","4,850.00","4,862.10","4,861.60","4,894.40","5,12,317","2,50,74,84,596.95","38,288","2,54,857",49.75
MARUTI,EQ,2016-08-11,"4,861.60","4,862.10","4,923.50","4,805.00","4,869.10","4,878.65","4,870.20","6,23,156","3,03,48,97,101.15","61,962","3,07,869",49.4
MARUTI,EQ,2016-08-12,"4,878.65","4,882.00","4,940.00","4,847.10","4,900.00","4,898.60","4,888.23","6,86,072","3,35,36,80,781.30","42,131","3,90,654",56.94
MARUTI,EQ,2016-08-16,"4,898.60","4,948.00","4,948.00","4,852.00","4,858.00","4,864.20","4,895.80","7,93,106","3,88,28,92,015.15","33,657","5,76,483",72.69
MARUTI,EQ,2016-08-17,"4,864.20","4,860.00","4,911.30","4,849.10","4,890.00","4,889.85","4,883.43","4,98,247","2,43,31,54,413.20","66,170","2,98,332",59.88
MARUTI,EQ,2016-08-18,"4,889.85","4,920.85","4,950.00","4,901.00","4,911.55","4,915.85","4,929.14","4,79,572","2,36,38,77,107.05","25,209","2,80,901",58.57
MARUTI,EQ,2016-08-19,"4,915.85","4,916.00","4,933.20","4,889.05","4,901.00","4,900.10","4,908.24","4,26,426","2,09,29,99,034.70","27,427","2,53,366",59.42
MARUTI,EQ,2016-08-22,"4,900.10","4,896.00","4,897.00","4,828.00","4,835.00","4,837.75","4,850.13","2,92,890","1,42,05,54,293.25","31,581","1,28,577",43.9
MARUTI,EQ,2016-08-23,"4,837.75","4,835.05","4,855.20","4,800.00","4,834.00","4,833.80","4,829.73","2,70,869","1,30,82,24,512.80","23,255","1,07,044",39.52
MARUTI,EQ,2016-08-24,"4,833.80","4,890.00","4,983.80","4,886.45","4,941.15","4,948.55","4,951.58","9,52,400","4,71,58,80,607.45","73,605","4,83,395",50.76
MARUTI,EQ,2016-08-25,"4,948.55","4,973.80","4,982.80","4,906.25","4,932.45","4,933.70","4,937.38","9,14,319","4,51,43,38,113.70","67,826","5,89,849",64.51
MARUTI,EQ,2016-08-26,"4,933.70","4,934.80","4,964.90","4,910.10","4,916.00","4,920.90","4,931.81","3,37,715","1,66,55,46,042.75","32,101","1,61,812",47.91
MARUTI,EQ,2016-08-29,"4,920.90","4,925.00","4,955.00","4,920.90","4,930.00","4,927.40","4,934.17","2,99,611","1,47,83,31,979.30","30,886","1,78,941",59.72
MARUTI,EQ,2016-08-30,"4,927.40","4,955.00","5,103.90","4,951.00","5,060.05","5,067.65","5,060.77","9,96,156","5,04,13,18,682.20","51,893","4,61,457",46.32
MARUTI,EQ,2016-08-31,"5,067.65","5,063.90","5,103.85","5,036.30","5,056.00","5,053.65","5,072.87","8,04,288","4,08,00,48,433.30","78,969","4,75,709",59.15
MARUTI,EQ,2016-09-01,"5,053.65","5,074.00","5,100.00","5,019.30","5,058.00","5,060.75","5,064.28","8,70,402","4,40,79,62,775.30","63,936","4,95,808",56.96
MARUTI,EQ,2016-09-02,"5,060.75","5,078.00","5,188.65","5,075.00","5,165.00","5,160.45","5,150.43","9,56,049","4,92,40,67,377.75","73,642","5,66,271",59.23
MARUTI,EQ,2016-09-06,"5,160.45","5,201.00","5,335.00","5,201.00","5,323.10","5,319.70","5,279.09","9,70,024","5,12,08,39,223.60","66,218","5,81,689",59.97
MARUTI,EQ,2016-09-07,"5,319.70","5,319.00","5,362.00","5,290.10","5,337.00","5,336.05","5,334.42","7,34,051","3,91,57,33,176.45","55,739","4,43,167",60.37
MARUTI,EQ,2016-09-08,"5,336.05","5,321.00","5,499.00","5,319.00","5,486.55","5,489.40","5,436.43","9,42,300","5,12,27,45,860.45","65,175","4,38,283",46.51
MARUTI,EQ,2016-09-09,"5,489.40","5,489.70","5,489.95","5,377.05","5,399.95","5,403.00","5,421.90","5,47,599","2,96,90,29,183.20","50,129","2,38,413",43.54
MARUTI,EQ,2016-09-12,"5,403.00","5,305.00","5,350.00","5,251.00","5,330.00","5,329.00","5,313.33","7,95,632","4,22,74,53,474.85","70,180","4,12,812",51.88
MARUTI,EQ,2016-09-14,"5,329.00","5,330.05","5,384.75","5,330.05","5,356.00","5,363.90","5,360.16","5,39,702","2,89,28,87,534.85","40,233","2,92,942",54.28
MARUTI,EQ,2016-09-15,"5,363.90","5,356.00","5,461.00","5,349.55","5,452.00","5,452.40","5,421.63","7,04,384","3,81,89,06,904.70","55,161","4,12,202",58.52
MARUTI,EQ,2016-09-16,"5,452.40","5,473.00","5,619.90","5,473.00","5,540.00","5,573.30","5,567.35","16,69,960","9,29,72,47,548.30","1,02,638","11,06,847",66.28
MARUTI,EQ,2016-09-19,"5,573.30","5,569.00","5,569.00","5,485.00","5,497.00","5,491.90","5,507.45","6,32,835","3,48,53,07,597.65","63,173","3,58,336",56.62
MARUTI,EQ,2016-09-20,"5,491.90","5,525.00","5,560.00","5,498.35","5,515.00","5,514.85","5,526.08","4,23,083","2,33,79,90,549.95","53,597","2,06,060",48.7
MARUTI,EQ,2016-09-21,"5,514.85","5,526.00","5,542.50","5,462.10","5,495.00","5,501.25","5,504.39","5,49,370","3,02,39,47,011.50","51,936","2,61,912",47.67
MARUTI,EQ,2016-09-22,"5,501.25","5,565.35","5,634.10","5,564.95","5,587.00","5,597.10","5,600.92","5,26,494","2,94,88,49,508.50","47,292","2,69,131",51.12
MARUTI,EQ,2016-09-23,"5,597.10","5,630.00","5,630.00","5,565.60","5,611.00","5,601.80","5,603.50","5,59,592","3,13,56,76,118.95","44,474","2,98,346",53.31
MARUTI,EQ,2016-09-26,"5,601.80","5,586.00","5,625.00","5,555.55","5,557.70","5,568.90","5,581.61","4,18,297","2,33,47,69,328.40","42,826","1,95,295",46.69
MARUTI,EQ,2016-09-27,"5,568.90","5,598.95","5,599.95","5,500.00","5,514.90","5,511.40","5,541.94","4,27,991","2,37,19,00,042.25","30,814","2,45,402",57.34
MARUTI,EQ,2016-09-28,"5,511.40","5,510.60","5,555.00","5,506.00","5,528.10","5,521.80","5,526.32","4,49,876","2,48,61,58,734.10","33,570","2,85,031",63.36
MARUTI,EQ,2016-09-29,"5,521.80","5,575.00","5,577.00","5,395.00","5,460.00","5,438.60","5,468.32","6,93,217","3,79,07,33,982.70","43,003","3,44,028",49.63
MARUTI,EQ,2016-09-30,"5,438.60","5,420.00","5,497.50","5,382.60","5,490.20","5,477.30","5,432.09","6,46,631","3,51,25,58,553.25","52,712","3,17,278",49.07
MARUTI,EQ,2016-10-03,"5,477.30","5,661.00","5,720.00","5,631.80","5,680.10","5,681.00","5,677.34","8,40,940","4,77,42,99,552.55","67,507","3,55,184",42.24
MARUTI,EQ,2016-10-04,"5,681.00","5,715.15","5,717.95","5,650.00","5,673.85","5,680.00","5,678.60","4,64,913","2,64,00,53,187.40","54,277","2,25,492",48.5
MARUTI,EQ,2016-10-05,"5,680.00","5,707.00","5,767.00","5,673.00","5,689.00","5,689.20","5,719.56","6,44,731","3,68,75,80,532.10","40,985","3,15,700",48.97
MARUTI,EQ,2016-10-06,"5,689.20","5,700.00","5,745.60","5,700.00","5,710.00","5,710.45","5,717.76","4,16,860","2,38,35,03,640.90","32,749","2,41,731",57.99
MARUTI,EQ,2016-10-07,"5,710.45","5,709.45","5,717.25","5,667.30","5,683.00","5,683.80","5,688.40","3,09,473","1,76,04,05,483.75","24,338","1,66,458",53.79
MARUTI,EQ,2016-10-10,"5,683.80","5,724.90","5,734.40","5,695.95","5,714.10","5,712.35","5,712.60","2,05,840","1,17,58,82,335.00","14,200","1,00,643",48.89
MARUTI,EQ,2016-10-13,"5,712.35","5,690.00","5,752.80","5,652.60","5,745.00","5,718.55","5,694.50","4,41,169","2,51,22,35,008.00","58,390","2,56,535",58.15
MARUTI,EQ,2016-10-14,"5,718.55","5,760.20","5,766.95","5,669.10","5,686.10","5,690.45","5,699.38","3,52,350","2,00,81,75,649.90","30,517","1,63,608",46.43
MARUTI,EQ,2016-10-17,"5,690.45","5,699.00","5,699.00","5,574.60","5,600.00","5,599.10","5,627.36","4,00,595","2,25,42,90,683.60","41,185","2,25,553",56.3
MARUTI,EQ,2016-10-18,"5,599.10","5,621.00","5,645.35","5,580.10","5,620.00","5,626.70","5,617.22","4,87,798","2,74,00,67,758.35","47,939","2,96,698",60.82
MARUTI,EQ,2016-10-19,"5,626.70","5,633.70","5,647.90","5,593.05","5,596.95","5,604.60","5,614.39","3,84,608","2,15,93,40,336.05","56,100","2,08,125",54.11
MARUTI,EQ,2016-10-20,"5,604.60","5,615.00","5,683.50","5,615.00","5,640.00","5,644.50","5,650.74","3,11,728","1,76,14,95,142.75","39,371","1,45,769",46.76
MARUTI,EQ,2016-10-21,"5,644.50","5,650.50","5,670.00","5,616.00","5,645.00","5,650.20","5,645.34","2,24,567","1,26,77,57,641.40","28,021","1,04,348",46.47
MARUTI,EQ,2016-10-24,"5,650.20","5,666.00","5,748.00","5,666.00","5,710.00","5,713.90","5,712.33","4,12,403","2,35,57,80,353.95","29,035","2,20,278",53.41
MARUTI,EQ,2016-10-25,"5,713.90","5,734.00","5,799.00","5,725.65","5,798.00","5,781.45","5,762.14","3,39,506","1,95,62,81,753.90","28,118","1,52,298",44.86
MARUTI,EQ,2016-10-26,"5,781.45","5,796.60","5,898.00","5,785.00","5,870.00","5,869.10","5,848.30","5,90,811","3,45,52,40,624.20","47,014","2,43,383",41.19
MARUTI,EQ,2016-10-27,"5,869.10","5,897.00","5,948.00","5,789.10","5,885.00","5,860.15","5,880.84","18,64,862","10,96,69,46,847.50","1,08,721","5,01,939",26.92
MARUTI,EQ,2016-10-28,"5,860.15","5,922.00","5,928.55","5,865.75","5,875.20","5,876.15","5,892.14","9,35,542","5,51,23,48,645.95","78,584","5,81,067",62.11
MARUTI,EQ,2016-10-30,"5,876.15","5,900.00","5,903.75","5,880.00","5,900.00","5,896.15","5,895.47","61,556","36,29,01,438.10","4,781","22,026",35.78
MARUTI,EQ,2016-11-01,"5,896.15","5,919.00","5,974.00","5,855.20","5,875.00","5,878.10","5,896.51","11,63,831","6,86,25,38,365.10","94,968","6,54,878",56.27
MARUTI,EQ,2016-11-02,"5,878.10","5,805.00","5,864.90","5,785.00","5,797.10","5,794.60","5,820.09","5,22,312","3,03,99,05,127.75","64,067","2,70,658",51.82
MARUTI,EQ,2016-11-03,"5,794.60","5,799.90","5,859.90","5,780.00","5,810.10","5,805.55","5,821.80","5,85,730","3,41,00,02,100.60","49,492","3,17,519",54.21
MARUTI,EQ,2016-11-04,"5,805.55","5,789.00","5,789.00","5,667.30","5,706.00","5,704.85","5,708.01","6,79,821","3,88,04,25,730.10","77,629","3,73,941",55.01
MARUTI,EQ,2016-11-07,"5,704.85","5,763.00","5,784.85","5,708.00","5,715.30","5,715.95","5,737.40","5,32,212","3,05,35,15,021.75","48,877","3,52,538",66.24
MARUTI,EQ,2016-11-08,"5,715.95","5,727.80","5,731.00","5,581.50","5,688.25","5,669.00","5,636.81","6,84,050","3,85,58,57,551.85","57,613","3,87,468",56.64
MARUTI,EQ,2016-11-09,"5,669.00","5,305.00","5,553.00","5,305.00","5,410.00","5,392.95","5,423.57","12,99,603","7,04,84,92,361.30","68,667","7,10,740",54.69
MARUTI,EQ,2016-11-10,"5,392.95","5,505.50","5,517.25","5,305.00","5,309.00","5,328.50","5,400.98","9,42,971","5,09,29,65,475.35","95,693","5,26,956",55.88
MARUTI,EQ,2016-11-11,"5,328.50","5,290.00","5,292.95","5,103.00","5,119.05","5,134.25","5,188.18","10,58,491","5,49,16,44,759.25","93,638","5,51,544",52.11
MARUTI,EQ,2016-11-15,"5,134.25","5,101.90","5,119.05","4,806.40","4,830.00","4,846.60","4,892.68","27,93,900","13,66,96,63,166.75","1,36,012","16,26,039",58.2
MARUTI,EQ,2016-11-16,"4,846.60","4,924.00","5,009.40","4,901.55","4,980.10","4,990.80","4,966.64","19,52,224","9,69,60,00,227.95","99,071","10,40,430",53.29
MARUTI,EQ,2016-11-17,"4,990.80","5,030.00","5,048.00","4,916.30","4,920.00","4,925.55","4,959.72","6,68,715","3,31,66,37,910.20","73,239","3,13,816",46.93
MARUTI,EQ,2016-11-18,"4,925.55","4,935.00","4,989.90","4,887.90","4,940.00","4,950.90","4,949.50","6,99,355","3,46,14,56,978.95","59,976","3,21,894",46.03
MARUTI,EQ,2016-11-21,"4,950.90","4,990.00","4,990.00","4,765.30","4,800.00","4,787.45","4,849.13","8,64,696","4,19,30,21,584.00","73,503","4,78,048",55.29
MARUTI,EQ,2016-11-22,"4,787.45","4,830.00","4,956.00","4,825.55","4,948.00","4,934.55","4,896.44","8,45,997","4,14,23,75,931.30","63,310","4,88,673",57.76
MARUTI,EQ,2016-11-23,"4,934.55","4,945.00","4,945.00","4,860.00","4,892.00","4,880.85","4,891.85","7,57,744","3,70,67,68,591.65","46,094","4,20,618",55.51
MARUTI,EQ,2016-11-24,"4,880.85","4,862.00","4,883.90","4,804.00","4,816.90","4,830.15","4,843.27","5,50,368","2,66,55,79,853.10","40,727","3,07,490",55.87
MARUTI,EQ,2016-11-25,"4,830.15","4,849.00","4,905.00","4,792.45","4,870.00","4,873.60","4,864.30","6,69,501","3,25,66,53,755.10","50,809","3,32,972",49.73
MARUTI,EQ,2016-11-28,"4,873.60","4,866.00","4,913.00","4,833.00","4,895.00","4,893.75","4,889.40","13,87,068","6,78,19,30,626.85","55,811","9,60,937",69.28
MARUTI,EQ,2016-11-29,"4,893.75","4,898.00","5,119.00","4,896.00","5,104.00","5,088.15","5,052.75","8,74,897","4,42,06,32,257.45","65,629","3,77,892",43.19
MARUTI,EQ,2016-11-30,"5,088.15","5,110.55","5,282.00","5,100.10","5,265.00","5,266.00","5,204.70","12,70,618","6,61,31,89,286.35","89,569","6,17,292",48.58
MARUTI,EQ,2016-12-01,"5,266.00","5,266.00","5,307.50","5,204.25","5,228.00","5,252.10","5,257.64","12,21,883","6,42,42,25,847.95","73,084","5,05,004",41.33
MARUTI,EQ,2016-12-02,"5,252.10","5,220.00","5,236.20","5,046.00","5,051.00","5,068.10","5,153.82","7,72,281","3,98,01,99,883.45","61,022","2,94,170",38.09
MARUTI,EQ,2016-12-05,"5,068.10","5,063.90","5,219.90","5,055.00","5,216.10","5,202.95","5,145.06","5,78,935","2,97,86,55,541.40","50,672","1,46,904",25.37
MARUTI,EQ,2016-12-06,"5,202.95","5,220.00","5,261.00","5,118.05","5,132.00","5,135.20","5,194.35","6,46,660","3,35,89,78,445.30","65,117","2,37,408",36.71
MARUTI,EQ,2016-12-07,"5,135.20","5,150.95","5,209.75","5,035.05","5,130.00","5,116.65","5,143.42","5,90,462","3,03,69,95,577.45","58,670","2,00,155",33.9
MARUTI,EQ,2016-12-08,"5,116.65","5,172.00","5,269.90","5,170.00","5,242.50","5,234.60","5,235.29","8,45,955","4,42,88,23,745.30","81,413","4,34,027",51.31
MARUTI,EQ,2016-12-09,"5,234.60","5,290.00","5,312.50","5,201.20","5,234.00","5,235.00","5,249.35","5,62,518","2,95,28,55,303.35","57,752","2,19,778",39.07
MARUTI,EQ,2016-12-12,"5,235.00","5,228.00","5,228.00","5,120.05","5,150.00","5,144.40","5,159.27","3,57,439","1,84,41,22,787.60","37,838","1,41,851",39.69
MARUTI,EQ,2016-12-13,"5,144.40","5,178.75","5,207.00","5,134.05","5,160.00","5,163.15","5,173.88","4,84,291","2,50,56,62,118.90","45,941","2,31,390",47.78
MARUTI,EQ,2016-12-14,"5,163.15","5,179.95","5,214.75","5,130.20","5,139.75","5,141.05","5,168.64","3,71,699","1,92,11,77,672.90","39,584","1,40,707",37.86
MARUTI,EQ,2016-12-15,"5,141.05","5,099.95","5,197.00","5,080.00","5,153.00","5,152.05","5,155.24","4,57,317","2,35,75,77,713.15","49,226","1,87,577",41.02
MARUTI,EQ,2016-12-16,"5,152.05","5,174.50","5,207.00","5,151.20","5,189.00","5,188.65","5,186.72","11,70,505","6,07,10,76,452.45","71,724","7,76,926",66.38
MARUTI,EQ,2016-12-19,"5,188.65","5,175.00","5,195.45","5,104.05","5,117.20","5,115.05","5,134.12","3,69,118","1,89,50,96,606.20","44,736","2,02,526",54.87
MARUTI,EQ,2016-12-20,"5,115.05","5,135.90","5,147.50","5,072.00","5,110.00","5,108.00","5,110.64","3,77,676","1,93,01,67,659.55","41,459","1,60,296",42.44
MARUTI,EQ,2016-12-21,"5,108.00","5,119.40","5,160.00","5,073.55","5,159.65","5,137.85","5,131.03","4,13,072","2,11,94,86,223.90","48,389","1,93,422",46.83
MARUTI,EQ,2016-12-22,"5,137.85","5,144.00","5,144.00","5,053.00","5,095.00","5,084.40","5,092.15","3,99,573","2,03,46,84,947.05","40,981","1,73,948",43.53
MARUTI,EQ,2016-12-23,"5,084.40","5,050.00","5,214.00","5,041.00","5,210.00","5,197.15","5,137.96","5,89,006","3,02,62,91,840.90","51,112","1,45,776",24.75
MARUTI,EQ,2016-12-26,"5,197.15","5,179.00","5,257.80","5,151.10","5,174.00","5,167.35","5,192.70","5,10,998","2,65,34,58,429.85","50,261","1,61,600",31.62
MARUTI,EQ,2016-12-27,"5,167.35","5,185.00","5,237.40","5,117.20","5,217.00","5,224.00","5,184.75","4,86,703","2,52,34,32,348.75","41,274","1,43,277",29.44
MARUTI,EQ,2016-12-28,"5,224.00","5,250.00","5,278.00","5,219.45","5,239.95","5,231.25","5,246.94","5,95,514","3,12,46,27,431.25","46,855","2,85,107",47.88
MARUTI,EQ,2016-12-29,"5,231.25","5,217.20","5,349.00","5,217.20","5,345.50","5,314.80","5,284.21","6,55,325","3,46,28,74,921.80","56,686","3,11,207",47.49
MARUTI,EQ,2016-12-30,"5,314.80","5,347.00","5,377.90","5,303.00","5,315.30","5,319.55","5,341.23","5,59,886","2,99,04,80,369.60","52,154","2,26,519",40.46
MARUTI,EQ,2017-01-02,"5,319.55","5,320.05","5,474.20","5,267.80","5,470.00","5,466.00","5,386.21","6,51,321","3,50,81,48,908.55","47,570","1,34,496",20.65
MARUTI,EQ,2017-01-03,"5,466.00","5,466.00","5,524.20","5,432.60","5,511.25","5,508.40","5,485.36","6,31,753","3,46,53,93,242.30","40,885","2,52,967",40.04
MARUTI,EQ,2017-01-04,"5,508.40","5,530.00","5,554.70","5,494.00","5,511.00","5,502.15","5,521.15","6,79,443","3,75,13,04,398.70","40,184","3,95,562",58.22
MARUTI,EQ,2017-01-05,"5,502.15","5,525.10","5,649.90","5,525.10","5,649.90","5,634.95","5,600.23","7,44,210","4,16,77,47,463.75","71,260","3,38,220",45.45
MARUTI,EQ,2017-01-06,"5,634.95","5,650.00","5,657.30","5,597.00","5,637.00","5,615.55","5,616.11","5,44,695","3,05,90,65,958.45","51,306","2,57,379",47.25
MARUTI,EQ,2017-01-09,"5,615.55","5,644.80","5,680.00","5,610.60","5,675.35","5,658.50","5,655.48","3,45,094","1,95,16,71,534.90","35,490","1,29,257",37.46
MARUTI,EQ,2017-01-10,"5,658.50","5,680.00","5,693.70","5,641.00","5,681.00","5,674.85","5,667.34","4,10,444","2,32,61,26,082.30","44,830","1,80,207",43.91
MARUTI,EQ,2017-01-11,"5,674.85","5,691.00","5,772.90","5,691.00","5,760.50","5,762.35","5,738.02","5,39,326","3,09,46,61,109.00","57,368","2,83,690",52.6
MARUTI,EQ,2017-01-12,"5,762.35","5,770.00","5,795.00","5,742.00","5,794.90","5,777.35","5,766.08","4,21,634","2,43,11,75,297.45","34,236","1,98,674",47.12
MARUTI,EQ,2017-01-13,"5,777.35","5,792.00","5,794.00","5,683.65","5,698.45","5,699.50","5,710.48","10,86,873","6,20,65,71,206.55","57,943","3,20,516",29.49
MARUTI,EQ,2017-01-16,"5,699.50","5,697.95","5,725.20","5,661.00","5,674.00","5,676.90","5,683.20","2,90,142","1,64,89,34,388.05","23,251","94,247",32.48
MARUTI,EQ,2017-01-17,"5,676.90","5,690.00","5,718.90","5,657.05","5,662.15","5,669.40","5,680.30","3,43,048","1,94,86,15,290.90","39,349","1,45,908",42.53
MARUTI,EQ,2017-01-18,"5,669.40","5,685.00","5,719.00","5,665.00","5,680.00","5,684.45","5,692.66","3,08,483","1,75,60,88,073.00","35,631","1,53,042",49.61
MARUTI,EQ,2017-01-19,"5,684.45","5,675.00","5,728.00","5,675.00","5,717.00","5,718.35","5,704.07","2,39,027","1,36,34,26,406.25","21,187","95,921",40.13
MARUTI,EQ,2017-01-20,"5,718.35","5,717.00","5,749.00","5,642.00","5,678.00","5,668.95","5,701.89","4,44,280","2,53,32,34,364.95","26,561","2,31,055",52.01
MARUTI,EQ,2017-01-23,"5,668.95","5,668.95","5,712.75","5,643.80","5,696.00","5,700.00","5,685.68","2,97,515","1,69,15,74,395.85","23,061","1,31,456",44.18
MARUTI,EQ,2017-01-24,"5,700.00","5,704.00","5,745.75","5,688.95","5,740.00","5,737.20","5,729.49","3,01,613","1,72,80,89,864.35","30,061","1,45,104",48.11
MARUTI,EQ,2017-01-25,"5,737.20","5,763.90","5,834.00","5,708.05","5,825.00","5,802.55","5,774.80","11,48,793","6,63,40,52,767.20","75,448","2,95,146",25.69
MARUTI,EQ,2017-01-27,"5,802.55","5,842.00","5,927.70","5,825.05","5,916.00","5,915.90","5,891.72","5,76,906","3,39,89,68,196.25","65,532","1,88,286",32.64
MARUTI,EQ,2017-01-30,"5,915.90","5,916.00","5,939.00","5,885.00","5,894.15","5,894.95","5,906.74","3,23,448","1,91,05,22,746.30","39,036","1,49,857",46.33
MARUTI,EQ,2017-01-31,"5,894.95","5,889.00","5,934.90","5,875.50","5,899.95","5,894.25","5,902.40","3,74,637","2,21,12,57,402.30","43,066","1,86,720",49.84
MARUTI,EQ,2017-02-01,"5,894.25","5,900.00","6,203.50","5,886.00","6,195.10","6,179.20","6,038.30","12,12,008","7,31,84,73,660.40","92,497","3,22,076",26.57
MARUTI,EQ,2017-02-02,"6,179.20","6,170.00","6,218.35","6,130.00","6,134.90","6,144.35","6,168.26","7,45,214","4,59,66,74,205.75","70,588","3,56,314",47.81
MARUTI,EQ,2017-02-03,"6,144.35","6,147.90","6,156.65","6,096.55","6,132.00","6,115.45","6,121.58","3,04,078","1,86,14,37,210.75","34,361","1,25,873",41.39
MARUTI,EQ,2017-02-06,"6,115.45","6,157.00","6,187.00","6,125.00","6,145.00","6,149.70","6,152.61","3,22,223","1,98,25,11,228.05","38,621","1,48,084",45.96
MARUTI,EQ,2017-02-07,"6,149.70","6,166.00","6,231.50","6,144.00","6,201.10","6,213.20","6,189.66","4,56,427","2,82,51,28,782.40","46,594","1,99,491",43.71
MARUTI,EQ,2017-02-08,"6,213.20","6,219.70","6,233.90","6,165.15","6,192.20","6,194.65","6,197.84","4,10,369","2,54,34,00,369.95","39,235","2,13,454",52.02
MARUTI,EQ,2017-02-09,"6,194.65","6,195.50","6,204.00","6,111.60","6,153.10","6,157.10","6,156.16","5,11,610","3,14,95,54,064.25","46,518","2,88,803",56.45
MARUTI,EQ,2017-02-10,"6,157.10","6,170.00","6,173.75","6,096.40","6,110.00","6,112.25","6,127.09","2,84,471","1,74,29,79,647.25","26,845","1,44,862",50.92
MARUTI,EQ,2017-02-13,"6,112.25","6,092.00","6,139.90","6,002.00","6,012.00","6,022.00","6,048.77","4,04,675","2,44,77,85,114.95","41,543","2,31,026",57.09
MARUTI,EQ,2017-02-14,"6,022.00","6,045.00","6,045.00","5,928.10","5,934.25","5,939.85","5,965.90","4,39,745","2,62,34,75,139.45","41,629","2,73,437",62.18
MARUTI,EQ,2017-02-15,"5,939.85","5,950.00","5,961.80","5,842.20","5,859.55","5,862.70","5,892.58","6,09,791","3,59,32,41,456.60","53,148","3,51,027",57.57
MARUTI,EQ,2017-02-16,"5,862.70","5,860.00","6,037.95","5,860.00","6,030.75","6,024.55","5,975.37","5,76,390","3,44,41,45,136.10","43,660","2,07,001",35.91
MARUTI,EQ,2017-02-17,"6,024.55","6,038.00","6,055.85","5,955.05","5,979.60","5,989.75","6,001.98","3,26,378","1,95,89,12,787.05","30,030","1,05,559",32.34
MARUTI,EQ,2017-02-20,"5,989.75","5,989.75","6,120.75","5,912.30","6,083.00","6,093.15","6,051.59","5,04,439","3,05,26,59,965.60","37,778","1,55,451",30.82
MARUTI,EQ,2017-02-21,"6,093.15","6,071.10","6,090.65","6,043.00","6,062.00","6,063.15","6,060.81","2,87,864","1,74,46,88,898.90","34,020","1,37,975",47.93
MARUTI,EQ,2017-02-22,"6,063.15","6,073.00","6,116.15","6,040.00","6,071.05","6,079.65","6,080.75","4,31,264","2,62,24,09,520.50","54,482","2,06,260",47.83
MARUTI,EQ,2017-02-23,"6,079.65","6,090.00","6,092.10","6,015.05","6,030.00","6,031.00","6,057.44","4,61,009","2,79,25,35,432.15","50,333","2,62,964",57.04
MARUTI,EQ,2017-02-27,"6,031.00","6,005.00","6,050.95","5,940.00","5,940.00","5,951.50","5,987.00","3,94,395","2,36,12,44,650.15","38,715","1,91,833",48.64
MARUTI,EQ,2017-02-28,"5,951.50","5,946.30","6,000.00","5,914.80","5,927.00","5,922.50","5,949.53","5,58,820","3,32,47,14,705.45","53,664","3,35,280",60.0
MARUTI,EQ,2017-03-01,"5,922.50","5,960.00","5,998.80","5,885.15","5,915.50","5,919.60","5,938.83","5,59,896","3,32,51,27,757.90","50,986","1,95,417",34.9
MARUTI,EQ,2017-03-02,"5,919.60","5,951.00","5,998.80","5,900.25","5,928.75","5,918.75","5,946.37","4,73,769","2,81,72,03,941.90","52,375","1,95,525",41.27
MARUTI,EQ,2017-03-03,"5,918.75","5,924.00","5,928.95","5,875.00","5,892.00","5,887.75","5,891.63","3,62,057","2,13,31,07,402.30","37,327","1,60,180",44.24
MARUTI,EQ,2017-03-06,"5,887.75","5,925.50","5,974.80","5,912.00","5,927.00","5,934.85","5,941.90","3,61,209","2,14,62,67,752.35","44,620","1,87,984",52.04
MARUTI,EQ,2017-03-07,"5,934.85","5,931.00","5,954.00","5,881.00","5,885.10","5,888.50","5,902.29","3,73,103","2,20,21,62,498.05","35,893","2,21,465",59.36
MARUTI,EQ,2017-03-08,"5,888.50","5,895.00","5,904.90","5,800.00","5,875.20","5,864.15","5,846.94","6,39,968","3,74,18,54,744.65","68,147","3,95,717",61.83
MARUTI,EQ,2017-03-09,"5,864.15","5,884.00","5,975.00","5,864.15","5,958.95","5,964.40","5,941.96","5,98,391","3,55,56,16,365.60","59,159","2,31,355",38.66
MARUTI,EQ,2017-03-10,"5,964.40","5,997.00","6,008.40","5,936.05","5,947.00","5,955.60","5,963.66","4,43,986","2,64,77,81,136.45","46,047","2,32,108",52.28
MARUTI,EQ,2017-03-14,"5,955.60","6,060.00","6,144.40","6,010.00","6,134.90","6,132.40","6,086.74","8,75,005","5,32,59,27,797.60","86,743","4,48,500",51.26
MARUTI,EQ,2017-03-15,"6,132.40","6,115.00","6,168.80","6,092.50","6,128.00","6,137.35","6,136.58","3,84,040","2,35,66,93,558.80","45,913","1,61,845",42.14
MARUTI,EQ,2017-03-16,"6,137.35","6,159.60","6,186.30","6,131.70","6,153.00","6,155.45","6,155.24","2,52,721","1,55,55,58,722.30","35,083","1,22,887",48.63
MARUTI,EQ,2017-03-17,"6,155.45","6,165.00","6,226.80","6,150.00","6,191.00","6,192.60","6,193.21","10,48,024","6,49,06,34,219.70","64,547","6,67,470",63.69
MARUTI,EQ,2017-03-20,"6,192.60","6,220.00","6,220.00","6,151.10","6,164.90","6,158.90","6,169.59","2,07,710","1,28,14,86,199.20","23,029","94,627",45.56
MARUTI,EQ,2017-03-21,"6,158.90","6,164.75","6,200.55","6,051.85","6,090.00","6,076.30","6,106.34","5,32,134","3,24,93,91,582.15","49,984","3,38,539",63.62
MARUTI,EQ,2017-03-22,"6,076.30","6,046.40","6,053.40","5,977.40","6,007.90","6,005.80","6,005.67","4,62,793","2,77,93,81,004.85","55,819","2,58,536",55.86
MARUTI,EQ,2017-03-23,"6,005.80","6,015.90","6,069.00","6,015.90","6,027.85","6,034.80","6,039.91","4,47,530","2,70,30,41,743.20","36,568","2,87,514",64.24
MARUTI,EQ,2017-03-24,"6,034.80","6,047.00","6,047.00","5,992.10","6,009.90","6,004.65","6,009.90","5,73,292","3,44,54,30,239.30","41,707","4,41,703",77.05
MARUTI,EQ,2017-03-27,"6,004.65","5,977.00","6,020.00","5,965.65","5,985.00","5,985.80","5,990.57","3,40,512","2,03,98,62,524.65","31,993","1,96,270",57.64
MARUTI,EQ,2017-03-28,"5,985.80","5,971.20","6,049.00","5,962.55","5,980.05","5,974.25","6,003.55","5,05,962","3,03,75,68,114.05","46,713","3,00,845",59.46
MARUTI,EQ,2017-03-29,"5,974.25","6,008.90","6,008.90","5,929.35","5,940.00","5,944.15","5,971.51","4,94,597","2,95,34,92,118.25","51,134","2,62,927",53.16
MARUTI,EQ,2017-03-30,"5,944.15","5,965.00","6,000.90","5,935.05","5,951.00","5,956.60","5,962.99","8,98,999","5,36,07,19,636.60","80,501","5,63,476",62.68
MARUTI,EQ,2017-03-31,"5,956.60","5,952.00","6,041.00","5,940.10","6,035.00","6,015.70","6,001.98","5,01,939","3,01,26,26,665.05","39,654","2,85,013",56.78
MARUTI,EQ,2017-04-03,"6,015.70","6,095.00","6,095.00","6,030.00","6,069.05","6,072.00","6,060.50","3,78,716","2,29,52,09,632.50","34,732","1,91,482",50.56
MARUTI,EQ,2017-04-05,"6,072.00","6,110.00","6,359.00","6,071.05","6,335.00","6,342.40","6,248.28","10,76,674","6,72,73,64,064.00","83,249","4,65,369",43.22
MARUTI,EQ,2017-04-06,"6,342.40","6,335.00","6,336.00","6,260.00","6,266.15","6,291.65","6,285.78","5,05,863","3,17,97,41,845.05","39,709","2,18,070",43.11
MARUTI,EQ,2017-04-07,"6,291.65","6,250.00","6,336.00","6,236.05","6,265.00","6,259.35","6,293.16","4,67,235","2,94,03,83,397.50","30,380","1,81,851",38.92
MARUTI,EQ,2017-04-10,"6,259.35","6,282.00","6,307.80","6,245.05","6,265.00","6,268.85","6,276.64","3,18,486","1,99,90,23,416.25","35,669","1,40,243",44.03
MARUTI,EQ,2017-04-11,"6,268.85","6,274.80","6,305.00","6,230.00","6,241.25","6,247.80","6,268.99","3,73,105","2,33,89,90,588.60","45,238","2,04,494",54.81
MARUTI,EQ,2017-04-12,"6,247.80","6,263.90","6,263.90","6,126.70","6,149.40","6,154.50","6,170.16","4,15,372","2,56,29,13,020.55","55,591","1,75,656",42.29
MARUTI,EQ,2017-04-13,"6,154.50","6,155.00","6,175.00","6,066.90","6,070.60","6,077.95","6,112.54","3,86,820","2,36,44,52,097.95","50,276","2,16,743",56.03
MARUTI,EQ,2017-04-17,"6,077.95","6,070.60","6,137.50","6,021.00","6,122.00","6,115.55","6,100.27","3,42,286","2,08,80,37,690.25","45,316","1,30,889",38.24
MARUTI,EQ,2017-04-18,"6,115.55","6,120.00","6,234.35","6,120.00","6,126.00","6,137.15","6,185.69","4,53,391","2,80,45,36,312.25","43,700","2,01,735",44.49
MARUTI,EQ,2017-04-19,"6,137.15","6,131.90","6,222.35","6,113.80","6,206.00","6,196.95","6,167.82","3,66,504","2,26,05,29,605.20","54,250","1,84,760",50.41
MARUTI,EQ,2017-04-20,"6,196.95","6,200.00","6,303.15","6,188.00","6,255.00","6,273.50","6,255.28","4,66,934","2,92,08,00,662.45","48,658","2,26,381",48.48
MARUTI,EQ,2017-04-21,"6,273.50","6,283.90","6,295.05","6,177.00","6,181.95","6,185.80","6,223.73","2,94,827","1,83,49,24,206.30","27,790","1,14,999",39.01
MARUTI,EQ,2017-04-24,"6,185.80","6,223.20","6,335.00","6,200.00","6,304.85","6,318.35","6,280.19","4,26,893","2,68,09,71,030.15","49,820","1,93,574",45.34
MARUTI,EQ,2017-04-25,"6,318.35","6,327.70","6,350.00","6,282.50","6,330.35","6,337.20","6,322.24","3,84,281","2,42,95,17,074.20","51,267","2,02,802",52.77
MARUTI,EQ,2017-04-26,"6,337.20","6,335.00","6,424.75","6,311.00","6,395.45","6,406.30","6,390.89","5,40,500","3,45,42,75,110.50","58,174","2,05,721",38.06
MARUTI,EQ,2017-04-27,"6,406.30","6,439.00","6,450.00","6,320.35","6,355.00","6,374.05","6,399.44","10,87,684","6,96,05,68,020.70","78,321","2,43,289",22.37
MARUTI,EQ,2017-04-28,"6,374.05","6,410.00","6,589.80","6,390.55","6,511.00","6,524.85","6,512.12","9,49,573","6,18,37,31,922.05","78,498","2,72,535",28.7
MARUTI,EQ,2017-05-02,"6,524.85","6,676.00","6,730.00","6,618.00","6,690.00","6,705.50","6,674.49","8,88,539","5,93,05,42,978.55","83,017","3,22,973",36.35
MARUTI,EQ,2017-05-03,"6,705.50","6,714.80","6,714.95","6,631.10","6,656.00","6,644.00","6,660.28","3,70,021","2,46,44,42,630.60","33,758","1,57,112",42.46
MARUTI,EQ,2017-05-04,"6,644.00","6,662.00","6,686.95","6,626.00","6,632.00","6,639.80","6,648.03","3,72,533","2,47,66,08,891.70","45,343","1,86,615",50.09
MARUTI,EQ,2017-05-05,"6,639.80","6,625.55","6,676.40","6,602.00","6,649.00","6,654.15","6,648.45","3,37,498","2,24,38,38,753.85","28,278","1,68,055",49.79
MARUTI,EQ,2017-05-08,"6,654.15","6,688.00","6,703.65","6,612.55","6,626.00","6,630.55","6,661.82","2,08,481","1,38,88,62,241.40","26,270","90,691",43.5
MARUTI,EQ,2017-05-09,"6,630.55","6,666.00","6,666.00","6,615.00","6,632.00","6,629.30","6,639.94","2,15,203","1,42,89,34,947.35","31,420","1,17,456",54.58
MARUTI,EQ,2017-05-10,"6,629.30","6,645.00","6,754.00","6,635.90","6,746.80","6,737.75","6,705.54","2,95,859","1,98,38,92,893.10","34,189","1,41,822",47.94
MARUTI,EQ,2017-05-11,"6,737.75","6,749.00","6,789.40","6,711.10","6,755.00","6,762.50","6,757.96","2,59,056","1,75,06,89,239.00","34,610","98,498",38.02
MARUTI,EQ,2017-05-12,"6,762.50","6,798.00","6,798.00","6,691.00","6,727.00","6,730.20","6,727.51","2,56,491","1,72,55,45,143.75","27,117","1,16,411",45.39
MARUTI,EQ,2017-05-15,"6,730.20","6,759.40","6,839.10","6,733.45","6,824.00","6,823.90","6,796.84","3,36,356","2,28,61,57,837.90","31,377","1,54,743",46.01
MARUTI,EQ,2017-05-16,"6,823.90","6,850.00","6,977.55","6,830.00","6,968.40","6,953.95","6,902.22","7,07,624","4,88,41,73,800.35","49,047","3,60,641",50.97
MARUTI,EQ,2017-05-17,"6,953.95","6,950.00","6,979.00","6,885.85","6,945.00","6,958.20","6,931.60","4,45,461","3,08,77,57,535.30","65,280","2,60,033",58.37
MARUTI,EQ,2017-05-18,"6,958.20","6,918.30","6,948.00","6,814.45","6,822.00","6,831.05","6,869.68","4,06,814","2,79,46,83,945.35","37,063","1,88,907",46.44
MARUTI,EQ,2017-05-19,"6,831.05","6,854.80","6,893.90","6,691.55","6,756.30","6,790.55","6,791.60","5,52,223","3,75,04,75,037.30","64,293","2,34,662",42.49
MARUTI,EQ,2017-05-22,"6,790.55","6,803.95","6,843.95","6,689.25","6,694.30","6,701.70","6,732.22","3,27,493","2,20,47,55,982.95","36,146","1,58,645",48.44
MARUTI,EQ,2017-05-23,"6,701.70","6,765.00","6,910.00","6,743.65","6,867.95","6,878.85","6,855.36","9,56,457","6,55,68,60,387.15","98,981","4,14,258",43.31
MARUTI,EQ,2017-05-24,"6,878.85","6,903.00","6,912.55","6,813.00","6,865.00","6,869.65","6,863.75","4,33,647","2,97,64,44,464.50","48,950","1,91,595",44.18
MARUTI,EQ,2017-05-25,"6,869.65","6,879.95","7,018.00","6,835.00","6,970.00","6,985.70","6,916.65","4,35,721","3,01,37,29,805.95","44,648","1,77,404",40.72
MARUTI,EQ,2017-05-26,"6,985.70","6,971.15","7,085.05","6,936.20","7,068.05","7,064.80","7,049.70","3,73,937","2,63,61,44,373.95","30,388","92,677",24.78
MARUTI,EQ,2017-05-29,"7,064.80","7,050.00","7,197.80","7,025.55","7,144.00","7,134.45","7,130.02","4,27,378","3,04,72,15,056.00","46,353","1,31,172",30.69
MARUTI,EQ,2017-05-30,"7,134.45","7,134.45","7,206.60","7,084.15","7,138.05","7,147.50","7,136.66","4,03,698","2,88,10,54,388.05","34,630","1,66,452",41.23
MARUTI,EQ,2017-05-31,"7,147.50","7,138.00","7,248.00","7,134.95","7,219.75","7,211.00","7,211.55","6,50,259","4,68,93,75,538.75","69,023","3,55,423",54.66
MARUTI,EQ,2017-06-01,"7,211.00","7,242.00","7,245.00","7,110.10","7,150.00","7,146.60","7,165.03","6,49,217","4,65,16,60,714.40","74,481","2,76,770",42.63
MARUTI,EQ,2017-06-02,"7,146.60","7,182.00","7,187.70","7,100.00","7,110.60","7,114.70","7,135.00","3,10,268","2,21,37,61,589.20","33,719","1,53,510",49.48
MARUTI,EQ,2017-06-05,"7,114.70","7,139.80","7,161.90","7,091.10","7,116.05","7,125.70","7,126.86","2,96,147","2,11,05,99,116.05","31,551","1,37,016",46.27
MARUTI,EQ,2017-06-06,"7,125.70","7,134.00","7,154.30","7,085.05","7,118.95","7,112.10","7,110.16","3,24,579","2,30,78,09,562.65","45,217","1,97,591",60.88
MARUTI,EQ,2017-06-07,"7,112.10","7,135.00","7,225.00","7,107.60","7,198.00","7,205.70","7,189.75","5,18,152","3,72,53,80,789.55","44,672","1,92,737",37.2
MARUTI,EQ,2017-06-08,"7,205.70","7,199.00","7,274.95","7,198.00","7,260.00","7,249.50","7,231.51","4,26,525","3,08,44,19,776.25","56,722","2,29,606",53.83
MARUTI,EQ,2017-06-09,"7,249.50","7,271.00","7,480.90","7,230.00","7,474.90","7,464.85","7,384.15","11,22,640","8,28,97,42,220.90","91,222","3,95,926",35.27
MARUTI,EQ,2017-06-12,"7,464.85","7,445.00","7,450.00","7,355.50","7,375.00","7,373.65","7,395.21","4,54,342","3,35,99,55,209.20","45,067","1,92,329",42.33
MARUTI,EQ,2017-06-13,"7,373.65","7,394.60","7,455.00","7,335.00","7,342.00","7,348.95","7,394.22","6,07,567","4,49,24,81,373.45","58,498","2,56,546",42.23
MARUTI,EQ,2017-06-14,"7,348.95","7,343.00","7,392.45","7,331.85","7,352.00","7,351.05","7,359.55","2,77,472","2,04,20,69,845.15","36,585","1,16,310",41.92
MARUTI,EQ,2017-06-15,"7,351.05","7,348.35","7,393.00","7,272.15","7,302.95","7,312.30","7,323.55","3,88,150","2,84,26,35,979.65","44,880","1,66,096",42.79
MARUTI,EQ,2017-06-16,"7,312.30","7,332.00","7,360.05","7,250.00","7,272.00","7,263.90","7,284.75","5,47,028","3,98,49,61,154.25","51,164","3,43,895",62.87
MARUTI,EQ,2017-06-19,"7,263.90","7,314.00","7,322.15","7,235.00","7,250.00","7,249.25","7,267.32","3,72,747","2,70,88,72,699.55","37,153","2,14,919",57.66
MARUTI,EQ,2017-06-20,"7,249.25","7,265.00","7,283.65","7,190.30","7,207.05","7,207.25","7,242.38","7,57,716","5,48,76,64,321.95","54,031","5,13,331",67.75
MARUTI,EQ,2017-06-21,"7,207.25","7,220.00","7,284.50","7,153.30","7,279.00","7,268.20","7,227.20","4,60,423","3,32,75,67,635.15","46,064","2,30,633",50.09
MARUTI,EQ,2017-06-22,"7,268.20","7,291.00","7,352.00","7,288.00","7,320.00","7,316.10","7,326.33","4,36,033","3,19,45,23,105.05","64,237","2,39,676",54.97
MARUTI,EQ,2017-06-23,"7,316.10","7,321.25","7,331.65","7,205.00","7,225.00","7,219.15","7,235.37","3,55,854","2,57,47,35,785.95","53,841","1,78,046",50.03
MARUTI,EQ,2017-06-27,"7,219.15","7,239.50","7,267.20","7,155.10","7,175.00","7,183.35","7,190.30","3,65,667","2,62,92,53,656.90","42,155","1,77,272",48.48
MARUTI,EQ,2017-06-28,"7,183.35","7,213.95","7,324.00","7,205.00","7,230.10","7,225.05","7,259.60","6,37,214","4,62,59,18,523.60","61,871","3,08,168",48.36
MARUTI,EQ,2017-06-29,"7,225.05","7,254.90","7,290.00","7,205.00","7,213.80","7,224.35","7,238.32","5,43,979","3,93,74,95,489.85","40,635","3,03,446",55.78
MARUTI,EQ,2017-06-30,"7,224.35","7,214.80","7,233.60","7,157.15","7,201.25","7,217.60","7,193.36","3,67,886","2,64,63,35,813.40","48,492","1,98,560",53.97
MARUTI,EQ,2017-07-03,"7,217.60","7,238.90","7,365.00","7,211.20","7,359.00","7,354.00","7,322.32","5,56,846","4,07,74,05,610.50","58,041","2,20,432",39.59
MARUTI,EQ,2017-07-04,"7,354.00","7,386.00","7,415.05","7,340.00","7,364.00","7,376.15","7,377.94","4,28,293","3,15,99,20,421.60","45,813","1,69,247",39.52
MARUTI,EQ,2017-07-05,"7,376.15","7,374.75","7,394.00","7,332.00","7,378.00","7,377.65","7,367.13","2,73,869","2,01,76,27,913.15","40,371","1,52,185",55.57
MARUTI,EQ,2017-07-06,"7,377.65","7,377.65","7,498.00","7,376.20","7,476.75","7,474.05","7,455.72","4,16,512","3,10,53,95,941.65","48,144","1,86,357",44.74
MARUTI,EQ,2017-07-07,"7,474.05","7,470.00","7,474.05","7,420.00","7,428.00","7,432.80","7,437.78","3,39,803","2,52,73,80,002.10","32,659","1,89,042",55.63
MARUTI,EQ,2017-07-10,"7,432.80","7,500.50","7,500.50","6,700.00","7,433.30","7,430.45","7,437.62","47,433","35,27,88,666.40","4,351","22,111",46.62
MARUTI,EQ,2017-07-11,"7,430.45","7,473.90","7,495.00","7,400.00","7,452.20","7,457.00","7,444.31","4,23,681","3,15,40,12,268.35","56,319","2,30,854",54.49
MARUTI,EQ,2017-07-12,"7,457.00","7,485.00","7,485.00","7,435.10","7,463.10","7,476.65","7,466.77","2,33,096","1,74,04,73,302.15","28,925","1,19,139",51.11
MARUTI,EQ,2017-07-13,"7,476.65","7,490.00","7,574.50","7,465.15","7,561.00","7,567.55","7,535.89","4,72,029","3,55,71,57,294.85","42,641","2,32,821",49.32
MARUTI,EQ,2017-07-14,"7,567.55","7,574.95","7,588.95","7,520.00","7,560.90","7,557.25","7,551.75","2,67,450","2,01,97,14,625.95","37,160","1,07,831",40.32
MARUTI,EQ,2017-07-17,"7,557.25","7,571.95","7,578.00","7,504.30","7,508.80","7,522.30","7,533.01","2,89,180","2,17,83,95,267.90","44,010","1,94,450",67.24
MARUTI,EQ,2017-07-18,"7,522.30","7,525.00","7,591.50","7,515.00","7,538.00","7,549.35","7,561.58","3,87,214","2,92,79,50,723.55","68,082","2,65,121",68.47
MARUTI,EQ,2017-07-19,"7,549.35","7,564.25","7,584.00","7,535.00","7,555.55","7,561.50","7,561.92","2,23,986","1,69,37,64,179.60","41,923","1,19,098",53.17
MARUTI,EQ,2017-07-20,"7,561.50","7,580.00","7,584.50","7,480.05","7,495.00","7,490.95","7,509.19","2,90,547","2,18,17,71,499.25","43,947","1,80,912",62.27
MARUTI,EQ,2017-07-21,"7,490.95","7,500.00","7,549.90","7,445.00","7,529.00","7,543.00","7,510.65","4,34,483","3,26,32,51,529.60","52,723","2,44,127",56.19
MARUTI,EQ,2017-07-24,"7,543.00","7,554.00","7,569.00","7,495.00","7,538.30","7,554.55","7,536.89","3,57,195","2,69,21,38,343.75","47,264","2,17,768",60.97
MARUTI,EQ,2017-07-25,"7,554.55","7,573.00","7,573.00","7,493.55","7,500.00","7,504.85","7,522.08","3,23,585","2,43,40,31,513.05","68,674","2,09,230",64.66
MARUTI,EQ,2017-07-26,"7,504.85","7,539.00","7,595.00","7,504.00","7,576.00","7,565.25","7,546.40","3,77,790","2,85,09,54,339.95","57,294","2,21,051",58.51
MARUTI,EQ,2017-07-27,"7,565.25","7,615.00","7,683.40","7,536.00","7,570.00","7,599.60","7,614.31","11,48,259","8,74,31,97,157.95","89,004","2,76,048",24.04
MARUTI,EQ,2017-07-28,"7,599.60","7,617.00","7,673.60","7,584.00","7,624.10","7,630.45","7,628.19","4,59,181","3,50,27,19,276.00","40,044","1,97,321",42.97
MARUTI,EQ,2017-07-31,"7,630.45","7,664.00","7,765.00","7,651.00","7,745.10","7,750.05","7,729.18","5,05,371","3,90,61,01,481.40","50,366","2,62,226",51.89
MARUTI,EQ,2017-08-01,"7,750.05","7,759.90","7,920.00","7,725.00","7,855.00","7,856.10","7,852.81","10,96,934","8,61,40,19,508.65","95,741","5,17,735",47.2
MARUTI,EQ,2017-08-02,"7,856.10","7,878.90","7,880.00","7,775.00","7,784.90","7,795.50","7,820.73","4,14,448","3,24,12,84,717.40","54,770","2,23,096",53.83
MARUTI,EQ,2017-08-03,"7,795.50","7,794.00","7,829.00","7,711.00","7,750.00","7,737.40","7,754.12","2,87,116","2,22,63,32,584.25","40,515","1,52,494",53.11
MARUTI,EQ,2017-08-04,"7,737.40","7,750.00","7,804.90","7,740.00","7,775.00","7,770.30","7,773.88","3,25,021","2,52,66,74,563.35","35,254","1,58,758",48.85
MARUTI,EQ,2017-08-07,"7,770.30","7,779.50","7,892.35","7,771.00","7,845.00","7,838.65","7,846.65","3,27,318","2,56,83,50,274.30","44,503","1,43,208",43.75
MARUTI,EQ,2017-08-08,"7,838.65","7,849.00","7,885.00","7,736.90","7,762.00","7,755.90","7,790.15","3,19,951","2,49,24,66,150.40","37,840","1,30,310",40.73
MARUTI,EQ,2017-08-09,"7,755.90","7,759.00","7,795.00","7,639.10","7,654.95","7,661.60","7,722.02","2,85,089","2,20,14,62,995.05","28,758","1,26,346",44.32
MARUTI,EQ,2017-08-10,"7,661.60","7,637.35","7,640.00","7,538.90","7,600.35","7,578.75","7,589.69","3,85,730","2,92,75,70,408.80","63,051","1,93,165",50.08
MARUTI,EQ,2017-08-11,"7,578.75","7,501.90","7,533.80","7,380.00","7,480.00","7,457.40","7,462.49","6,76,390","5,04,75,56,976.35","71,324","3,75,421",55.5
MARUTI,EQ,2017-08-14,"7,457.40","7,516.00","7,647.00","7,515.00","7,594.90","7,608.45","7,597.84","3,28,598","2,49,66,35,810.55","40,458","1,09,842",33.43
MARUTI,EQ,2017-08-16,"7,608.45","7,649.10","7,720.10","7,585.05","7,715.00","7,701.15","7,667.42","4,88,766","3,74,75,76,507.10","51,358","2,04,795",41.9
MARUTI,EQ,2017-08-17,"7,701.15","7,701.00","7,708.85","7,565.00","7,575.00","7,582.45","7,628.97","3,21,296","2,45,11,57,583.00","32,268","1,27,876",39.8
MARUTI,EQ,2017-08-18,"7,582.45","7,551.00","7,624.00","7,531.35","7,594.90","7,598.80","7,575.20","3,32,924","2,52,19,65,187.95","44,490","1,53,437",46.09
MARUTI,EQ,2017-08-21,"7,598.80","7,629.00","7,658.05","7,490.00","7,503.80","7,501.90","7,551.36","2,77,519","2,09,56,45,278.80","34,374","1,07,382",38.69
MARUTI,EQ,2017-08-22,"7,501.90","7,540.00","7,567.50","7,475.10","7,507.85","7,496.10","7,508.61","2,78,131","2,08,83,77,613.55","37,257","1,03,984",37.39
MARUTI,EQ,2017-08-23,"7,496.10","7,548.00","7,590.00","7,501.00","7,570.00","7,573.05","7,552.37","2,58,051","1,94,88,96,428.90","32,876","76,894",29.8
MARUTI,EQ,2017-08-24,"7,573.05","7,536.00","7,635.00","7,483.60","7,609.95","7,612.85","7,567.76","4,36,912","3,30,64,45,863.75","35,771","1,96,033",44.87
MARUTI,EQ,2017-08-28,"7,612.85","7,649.00","7,649.00","7,568.05","7,575.20","7,579.00","7,596.99","3,91,028","2,97,06,34,097.70","53,876","2,37,910",60.84
MARUTI,EQ,2017-08-29,"7,579.00","7,565.00","7,575.55","7,495.05","7,507.85","7,521.50","7,528.80","3,68,309","2,77,29,23,688.65","44,461","1,79,324",48.69
MARUTI,EQ,2017-08-30,"7,521.50","7,603.00","7,639.35","7,532.50","7,559.90","7,557.45","7,580.64","4,71,048","3,57,08,46,999.40","66,653","2,10,250",44.63
MARUTI,EQ,2017-08-31,"7,557.45","7,564.90","7,720.40","7,532.00","7,720.00","7,700.30","7,654.15","5,86,954","4,49,26,34,864.65","58,236","2,51,970",42.93
MARUTI,EQ,2017-09-01,"7,700.30","7,747.50","7,834.90","7,730.00","7,807.00","7,812.30","7,800.66","6,27,407","4,89,41,85,802.50","56,655","2,19,393",34.97
MARUTI,EQ,2017-09-04,"7,812.30","7,840.00","7,876.00","7,756.75","7,804.95","7,821.50","7,822.24","3,62,724","2,83,73,14,016.50","33,764","67,830",18.7
MARUTI,EQ,2017-09-05,"7,821.50","7,843.00","7,855.95","7,801.00","7,817.00","7,817.20","7,828.47","1,82,518","1,42,88,36,167.80","20,755","62,635",34.32
MARUTI,EQ,2017-09-06,"7,817.20","7,800.00","7,904.00","7,770.00","7,851.35","7,846.65","7,849.13","3,40,420","2,67,20,01,273.20","31,039","76,899",22.59
MARUTI,EQ,2017-09-07,"7,846.65","7,888.00","7,949.00","7,858.50","7,920.00","7,919.20","7,915.91","3,89,478","3,08,30,71,578.65","43,184","1,53,101",39.31
MARUTI,EQ,2017-09-08,"7,919.20","7,940.45","7,979.75","7,892.00","7,968.00","7,970.75","7,951.99","3,41,309","2,71,40,85,580.10","38,432","98,137",28.75
MARUTI,EQ,2017-09-11,"7,970.75","8,000.00","8,168.00","8,000.00","8,144.00","8,142.40","8,108.94","5,47,463","4,43,93,45,930.90","53,484","2,20,154",40.21
MARUTI,EQ,2017-09-12,"8,142.40","8,192.00","8,192.00","8,116.00","8,136.30","8,154.50","8,157.53","3,87,447","3,16,06,11,115.65","33,808","1,66,881",43.07
MARUTI,EQ,2017-09-13,"8,154.50","8,161.90","8,200.00","8,100.15","8,110.45","8,122.60","8,151.60","3,71,832","3,03,10,24,979.30","34,721","2,03,726",54.79
MARUTI,EQ,2017-09-14,"8,122.60","8,139.95","8,164.95","8,042.05","8,071.30","8,070.25","8,088.42","2,93,890","2,37,71,04,613.00","36,115","99,509",33.86
MARUTI,EQ,2017-09-15,"8,070.25","8,076.95","8,119.10","8,043.50","8,099.00","8,099.75","8,092.26","4,00,099","3,23,77,04,045.35","31,988","2,28,565",57.13
MARUTI,EQ,2017-09-18,"8,099.75","8,130.70","8,185.00","8,130.70","8,168.00","8,157.85","8,160.00","2,19,992","1,79,51,34,282.25","22,767","1,00,409",45.64
MARUTI,EQ,2017-09-19,"8,157.85","8,178.00","8,184.95","8,124.45","8,143.90","8,131.70","8,155.04","2,45,577","2,00,26,89,705.50","26,708","1,35,456",55.16
MARUTI,EQ,2017-09-20,"8,131.70","8,164.40","8,164.40","8,109.10","8,118.50","8,120.15","8,124.92","1,85,837","1,50,99,11,111.25","24,416","98,768",53.15
MARUTI,EQ,2017-09-21,"8,120.15","8,101.00","8,170.90","8,075.10","8,170.00","8,144.95","8,120.19","2,58,168","2,09,63,73,370.40","31,776","1,32,281",51.24
MARUTI,EQ,2017-09-22,"8,144.95","8,145.00","8,175.50","8,050.00","8,058.00","8,068.20","8,101.02","3,66,359","2,96,78,82,620.75","55,761","1,79,857",49.09
MARUTI,EQ,2017-09-25,"8,068.20","8,074.00","8,089.00","7,855.05","7,978.15","7,964.95","7,929.98","6,26,129","4,96,51,89,872.65","60,944","3,27,164",52.25
MARUTI,EQ,2017-09-26,"7,964.95","7,980.00","7,980.05","7,869.10","7,879.00","7,889.90","7,910.53","4,40,508","3,48,46,52,885.95","52,873","2,57,433",58.44
MARUTI,EQ,2017-09-27,"7,889.90","7,949.00","7,978.00","7,715.00","7,735.00","7,739.95","7,831.68","5,64,788","4,42,32,36,344.65","48,920","2,18,687",38.72
MARUTI,EQ,2017-09-28,"7,739.95","7,735.10","7,920.00","7,651.00","7,902.30","7,897.35","7,820.87","7,68,225","6,00,81,89,951.05","72,357","3,18,837",41.5
MARUTI,EQ,2017-09-29,"7,897.35","7,960.00","8,007.80","7,925.00","7,984.00","7,978.20","7,970.25","4,86,217","3,87,52,72,090.20","55,603","2,30,262",47.36
MARUTI,EQ,2017-10-03,"7,978.20","8,055.35","8,069.05","7,855.00","7,867.15","7,888.30","7,911.91","5,16,298","4,08,49,02,733.95","78,087","2,25,861",43.75
MARUTI,EQ,2017-10-04,"7,888.30","7,894.00","7,933.90","7,830.60","7,838.00","7,847.20","7,883.88","3,01,347","2,37,57,82,274.15","33,581","1,20,614",40.02
MARUTI,EQ,2017-10-05,"7,847.20","7,836.00","7,901.00","7,807.20","7,832.00","7,831.05","7,850.97","2,72,177","2,13,68,53,487.95","36,700","94,712",34.8
MARUTI,EQ,2017-10-06,"7,831.05","7,864.95","7,919.00","7,845.05","7,906.90","7,903.20","7,882.20","4,40,453","3,47,17,40,181.75","36,002","1,54,233",35.02
MARUTI,EQ,2017-10-09,"7,903.20","7,909.00","7,957.00","7,866.70","7,891.20","7,896.70","7,906.04","2,61,839","2,07,01,09,977.90","34,666","1,15,479",44.1
MARUTI,EQ,2017-10-10,"7,896.70","7,890.50","7,934.90","7,885.30","7,886.00","7,893.70","7,909.70","2,24,485","1,77,56,07,927.20","32,869","1,26,536",56.37
MARUTI,EQ,2017-10-11,"7,893.70","7,892.00","7,898.85","7,801.00","7,830.00","7,825.15","7,837.28","6,44,166","5,04,85,07,647.45","96,296","4,01,237",62.29
MARUTI,EQ,2017-10-12,"7,825.15","7,845.00","7,918.00","7,830.00","7,897.85","7,904.25","7,878.22","3,96,436","3,12,32,09,690.05","33,477","1,57,885",39.83
MARUTI,EQ,2017-10-13,"7,904.25","7,900.00","7,940.00","7,860.05","7,872.00","7,874.15","7,885.25","3,28,108","2,58,72,12,307.20","38,728","2,03,901",62.14
MARUTI,EQ,2017-10-16,"7,874.15","7,900.00","7,935.00","7,814.00","7,847.00","7,842.00","7,854.84","5,02,632","3,94,80,95,685.80","58,158","2,75,290",54.77
MARUTI,EQ,2017-10-17,"7,842.00","7,851.00","7,902.30","7,830.90","7,856.00","7,838.90","7,861.99","3,04,861","2,39,68,13,464.25","29,378","1,35,132",44.33
MARUTI,EQ,2017-10-18,"7,838.90","7,859.00","7,873.05","7,748.20","7,780.00","7,784.05","7,802.69","4,89,207","3,81,71,31,311.90","45,687","1,71,926",35.14
MARUTI,EQ,2017-10-19,"7,784.05","7,803.00","7,803.00","7,690.00","7,694.00","7,731.10","7,754.30","1,15,449","89,52,26,478.50","13,032","58,460",50.64
MARUTI,EQ,2017-10-23,"7,731.10","7,748.80","7,860.00","7,714.00","7,859.00","7,818.50","7,769.78","4,71,496","3,66,34,20,846.20","60,700","2,37,896",50.46
MARUTI,EQ,2017-10-24,"7,818.50","7,865.30","7,932.20","7,841.60","7,875.00","7,875.00","7,888.17","3,54,257","2,79,44,41,066.65","41,502","1,55,480",43.89
MARUTI,EQ,2017-10-25,"7,875.00","7,930.00","7,945.00","7,810.30","7,855.10","7,870.20","7,870.86","2,54,379","2,00,21,81,670.20","34,624","1,25,543",49.35
MARUTI,EQ,2017-10-26,"7,870.20","7,900.00","8,086.00","7,866.20","8,063.60","8,068.05","8,006.01","6,84,763","5,48,22,22,450.50","67,778","3,05,073",44.55
MARUTI,EQ,2017-10-27,"8,068.05","8,123.95","8,240.00","8,062.60","8,101.20","8,114.45","8,173.53","12,01,080","9,81,70,58,884.75","93,252","2,76,626",23.03
MARUTI,EQ,2017-10-30,"8,114.45","8,200.00","8,279.00","8,163.30","8,195.00","8,195.25","8,228.63","7,26,605","5,97,89,60,903.35","74,718","4,25,517",58.56
MARUTI,EQ,2017-10-31,"8,195.25","8,195.00","8,226.50","8,167.20","8,220.00","8,211.25","8,203.57","3,18,652","2,61,40,85,103.90","42,480","1,60,128",50.25
MARUTI,EQ,2017-11-01,"8,211.25","8,251.00","8,256.45","8,160.00","8,246.00","8,238.40","8,211.73","6,31,375","5,18,46,82,776.15","64,104","3,74,692",59.35
MARUTI,EQ,2017-11-02,"8,238.40","8,250.00","8,273.95","8,201.00","8,227.60","8,225.80","8,232.59","2,47,753","2,03,96,47,678.70","29,360","1,43,780",58.03
MARUTI,EQ,2017-11-03,"8,225.80","8,235.00","8,242.90","8,175.00","8,220.00","8,219.40","8,211.87","2,88,916","2,37,25,39,982.60","28,858","1,62,490",56.24
MARUTI,EQ,2017-11-06,"8,219.40","8,209.50","8,370.55","8,199.35","8,305.00","8,310.20","8,311.45","3,92,588","3,26,29,75,798.95","53,195","1,79,650",45.76
MARUTI,EQ,2017-11-07,"8,310.20","8,348.00","8,348.00","8,210.00","8,218.00","8,220.30","8,258.42","3,48,296","2,87,63,76,265.50","38,541","1,96,157",56.32
MARUTI,EQ,2017-11-08,"8,220.30","8,218.00","8,285.05","8,204.90","8,250.00","8,232.00","8,238.43","1,99,176","1,64,08,97,076.45","35,425","98,912",49.66
MARUTI,EQ,2017-11-09,"8,232.00","8,273.70","8,273.70","8,148.70","8,230.00","8,204.80","8,207.20","4,42,672","3,63,30,96,642.30","52,502","2,79,558",63.15
MARUTI,EQ,2017-11-10,"8,204.80","8,198.80","8,234.90","8,111.05","8,198.60","8,183.50","8,184.39","3,51,694","2,87,84,02,106.40","36,501","1,85,404",52.72
MARUTI,EQ,2017-11-13,"8,183.50","8,185.00","8,219.05","8,080.00","8,105.00","8,109.20","8,150.26","1,81,361","1,47,81,40,060.55","25,071","78,619",43.35
MARUTI,EQ,2017-11-14,"8,109.20","8,129.00","8,186.00","8,109.00","8,130.05","8,122.95","8,145.31","2,37,427","1,93,39,15,506.30","39,671","1,40,229",59.06
MARUTI,EQ,2017-11-15,"8,122.95","8,100.00","8,180.00","8,087.00","8,139.00","8,127.25","8,132.61","2,75,441","2,24,00,53,456.20","34,870","1,48,486",53.91
MARUTI,EQ,2017-11-16,"8,127.25","8,130.00","8,234.85","8,129.25","8,188.00","8,163.70","8,178.27","3,21,844","2,63,21,26,894.75","36,729","1,37,760",42.8
MARUTI,EQ,2017-11-17,"8,163.70","8,218.00","8,362.45","8,218.00","8,337.00","8,348.35","8,297.68","4,19,255","3,47,88,45,719.25","40,095","1,68,406",40.17
MARUTI,EQ,2017-11-20,"8,348.35","8,377.00","8,449.00","8,350.00","8,439.90","8,425.65","8,411.14","3,72,037","3,12,92,56,520.05","45,047","1,68,026",45.16
MARUTI,EQ,2017-11-21,"8,425.65","8,446.00","8,449.45","8,401.00","8,425.00","8,424.80","8,423.36","2,55,180","2,14,94,73,720.95","45,061","1,63,658",64.13
MARUTI,EQ,2017-11-22,"8,424.80","8,448.00","8,525.00","8,444.00","8,517.00","8,513.15","8,487.13","3,83,442","3,25,43,22,661.90","37,823","2,08,271",54.32
MARUTI,EQ,2017-11-23,"8,513.15","8,512.00","8,519.00","8,443.50","8,456.00","8,463.40","8,483.14","2,89,808","2,45,84,82,404.45","31,433","1,66,123",57.32
MARUTI,EQ,2017-11-24,"8,463.40","8,463.40","8,540.00","8,463.40","8,485.25","8,487.95","8,502.23","3,43,432","2,91,99,36,481.90","38,999","1,65,459",48.18
MARUTI,EQ,2017-11-27,"8,487.95","8,486.00","8,524.20","8,445.00","8,511.00","8,508.60","8,485.46","1,72,254","1,46,16,55,073.75","27,035","78,183",45.39
MARUTI,EQ,2017-11-28,"8,508.60","8,490.60","8,658.00","8,476.05","8,627.00","8,624.15","8,603.03","4,56,041","3,92,33,34,848.00","44,156","1,98,488",43.52
MARUTI,EQ,2017-11-29,"8,624.15","8,649.00","8,696.00","8,576.00","8,670.00","8,671.35","8,621.32","3,82,984","3,30,18,25,763.60","40,703","2,27,852",59.49
MARUTI,EQ,2017-11-30,"8,671.35","8,650.00","8,676.00","8,575.00","8,595.00","8,599.10","8,612.19","5,82,023","5,01,24,91,441.65","61,073","3,69,336",63.46
MARUTI,EQ,2017-12-01,"8,599.10","8,660.00","8,695.00","8,593.00","8,615.00","8,609.00","8,646.25","4,36,589","3,77,48,56,327.50","35,601","1,55,494",35.62
MARUTI,EQ,2017-12-04,"8,609.00","8,659.75","8,659.95","8,480.55","8,510.00","8,500.80","8,541.44","2,42,191","2,06,86,60,173.60","33,504","94,460",39.0
MARUTI,EQ,2017-12-05,"8,500.80","8,519.95","8,554.95","8,476.50","8,500.00","8,500.40","8,510.00","2,13,998","1,82,11,22,204.15","24,230","83,269",38.91
MARUTI,EQ,2017-12-06,"8,500.40","8,494.00","8,638.75","8,450.05","8,617.00","8,612.40","8,545.60","4,20,876","3,59,66,39,628.95","40,290","2,34,855",55.8
MARUTI,EQ,2017-12-07,"8,612.40","8,615.90","8,988.25","8,614.55","8,900.00","8,882.40","8,793.19","8,34,850","7,34,09,94,603.60","70,927","3,80,028",45.52
MARUTI,EQ,2017-12-08,"8,882.40","8,929.80","9,119.00","8,899.00","9,064.90","9,042.25","9,050.19","10,06,694","9,11,07,72,379.80","90,359","3,03,983",30.2
MARUTI,EQ,2017-12-11,"9,042.25","9,108.00","9,167.00","9,089.75","9,145.00","9,133.80","9,121.82","5,64,023","5,14,49,17,118.90","50,800","2,61,335",46.33
MARUTI,EQ,2017-12-12,"9,133.80","9,150.00","9,218.50","9,100.00","9,126.20","9,131.35","9,156.37","4,91,488","4,50,02,48,434.80","53,060","1,68,868",34.36
MARUTI,EQ,2017-12-13,"9,131.35","9,091.00","9,176.00","9,075.00","9,130.10","9,120.65","9,122.37","4,46,829","4,07,61,38,628.25","52,453","1,91,262",42.8
MARUTI,EQ,2017-12-14,"9,120.65","9,127.00","9,146.80","9,046.00","9,132.00","9,112.75","9,091.86","6,55,484","5,95,95,70,660.35","51,393","2,37,211",36.19
MARUTI,EQ,2017-12-15,"9,112.75","9,170.00","9,236.30","9,147.30","9,150.00","9,165.90","9,179.96","6,20,495","5,69,61,22,041.10","88,978","3,61,065",58.19
MARUTI,EQ,2017-12-18,"9,165.90","9,110.00","9,344.00","8,990.15","9,313.95","9,309.10","9,221.68","6,58,668","6,07,40,24,968.65","77,589","2,96,443",45.01
MARUTI,EQ,2017-12-19,"9,309.10","9,345.00","9,858.00","9,326.00","9,846.00","9,801.50","9,603.52","12,75,759","12,25,17,74,244.45","1,13,969","3,69,478",28.96
MARUTI,EQ,2017-12-20,"9,801.50","9,966.00","9,996.40","9,700.25","9,755.40","9,733.90","9,848.56","12,16,280","11,97,86,07,066.35","1,27,449","3,25,474",26.76
MARUTI,EQ,2017-12-21,"9,733.90","9,788.00","9,817.40","9,610.05","9,621.00","9,631.05","9,670.56","8,49,633","8,21,64,25,577.55","87,710","4,58,426",53.96
MARUTI,EQ,2017-12-22,"9,631.05","9,665.00","9,824.80","9,605.00","9,700.00","9,700.00","9,722.76","8,14,330","7,91,75,35,052.05","85,605","1,64,894",20.25
MARUTI,EQ,2017-12-26,"9,700.00","9,741.00","9,765.00","9,616.20","9,678.00","9,679.00","9,681.71","5,42,587","5,25,31,72,153.05","53,215","1,99,017",36.68
MARUTI,EQ,2017-12-27,"9,679.00","9,694.00","9,750.70","9,629.10","9,633.00","9,644.10","9,688.52","4,02,886","3,90,33,67,073.55","41,249","1,60,416",39.82
MARUTI,EQ,2017-12-28,"9,644.10","9,693.50","9,693.50","9,615.80","9,641.00","9,629.20","9,641.70","6,59,995","6,36,34,70,665.35","47,922","2,71,790",41.18
MARUTI,EQ,2017-12-29,"9,629.20","9,659.00","9,769.00","9,650.00","9,735.30","9,729.55","9,717.74","4,71,554","4,58,24,38,133.60","41,973","1,34,352",28.49
MARUTI,EQ,2018-01-01,"9,729.55","9,749.00","9,789.00","9,629.80","9,644.00","9,651.90","9,708.58","4,26,354","4,13,92,91,259.90","37,440","1,19,356",27.99
MARUTI,EQ,2018-01-02,"9,651.90","9,699.00","9,718.60","9,525.00","9,562.00","9,554.05","9,595.64","4,51,227","4,32,98,11,183.55","61,125","1,75,478",38.89
MARUTI,EQ,2018-01-03,"9,554.05","9,597.00","9,598.00","9,402.00","9,420.00","9,416.60","9,473.05","6,58,281","6,23,59,28,501.70","1,06,581","3,75,445",57.03
MARUTI,EQ,2018-01-04,"9,416.60","9,450.00","9,488.00","9,367.20","9,393.35","9,386.25","9,414.19","5,62,919","5,29,94,26,703.70","65,015","3,22,077",57.22
MARUTI,EQ,2018-01-05,"9,386.25","9,458.00","9,532.00","9,412.55","9,448.70","9,433.85","9,467.87","7,32,512","6,93,53,29,131.25","54,879","3,73,095",50.93
MARUTI,EQ,2018-01-08,"9,433.85","9,488.00","9,495.00","9,425.00","9,432.00","9,448.95","9,454.08","2,94,549","2,78,46,91,187.85","49,765","1,44,447",49.04
MARUTI,EQ,2018-01-09,"9,448.95","9,464.80","9,491.45","9,361.00","9,385.10","9,383.55","9,404.84","4,27,590","4,02,14,14,257.70","54,413","2,24,410",52.48
MARUTI,EQ,2018-01-10,"9,383.55","9,387.80","9,454.85","9,315.90","9,375.00","9,375.85","9,391.06","3,94,826","3,70,78,34,529.90","43,035","1,49,235",37.8
MARUTI,EQ,2018-01-11,"9,375.85","9,410.00","9,430.00","9,326.00","9,333.65","9,339.80","9,369.98","3,69,158","3,45,90,03,400.85","64,488","1,71,587",46.48
MARUTI,EQ,2018-01-12,"9,339.80","9,387.00","9,494.75","9,355.10","9,460.00","9,459.15","9,434.22","6,85,141","6,46,37,70,956.20","78,642","2,19,721",32.07
MARUTI,EQ,2018-01-15,"9,459.15","9,499.95","9,508.55","9,340.00","9,352.00","9,358.45","9,399.27","3,85,462","3,62,30,62,630.30","61,177","1,86,997",48.51
MARUTI,EQ,2018-01-16,"9,358.45","9,371.00","9,408.65","9,300.00","9,323.30","9,322.05","9,339.32","3,64,816","3,40,71,33,763.20","55,695","1,76,929",48.5
MARUTI,EQ,2018-01-17,"9,322.05","9,316.00","9,368.80","9,256.00","9,316.00","9,313.90","9,313.66","3,90,461","3,63,66,21,749.00","50,530","1,92,317",49.25
MARUTI,EQ,2018-01-18,"9,313.90","9,350.00","9,518.90","9,332.00","9,360.00","9,368.70","9,423.35","6,86,971","6,47,35,64,967.25","77,350","2,64,322",38.48
MARUTI,EQ,2018-01-19,"9,368.70","9,325.00","9,396.00","9,282.00","9,335.00","9,323.95","9,325.82","5,42,339","5,05,77,56,683.00","54,917","2,10,313",38.78
MARUTI,EQ,2018-01-22,"9,323.95","9,349.00","9,356.75","9,271.60","9,316.00","9,310.10","9,302.60","4,54,188","4,22,51,30,878.00","51,211","2,76,102",60.79
MARUTI,EQ,2018-01-23,"9,310.10","9,347.00","9,429.30","9,290.00","9,405.00","9,393.40","9,361.77","5,61,948","5,26,08,29,481.75","63,992","2,65,348",47.22
MARUTI,EQ,2018-01-24,"9,393.40","9,419.00","9,519.95","9,340.45","9,431.00","9,434.95","9,453.29","5,68,489","5,37,40,93,001.50","55,283","2,31,918",40.8
MARUTI,EQ,2018-01-25,"9,434.95","9,485.00","9,485.00","9,250.00","9,299.90","9,278.20","9,360.69","7,05,224","6,60,13,80,856.75","93,277","2,69,164",38.17
MARUTI,EQ,2018-01-29,"9,278.20","9,481.00","9,714.00","9,461.00","9,612.45","9,630.70","9,613.06","15,46,624","14,86,77,96,305.10","1,53,005","6,69,561",43.29
MARUTI,EQ,2018-01-30,"9,630.70","9,620.00","9,675.50","9,550.00","9,569.80","9,571.55","9,611.01","5,73,988","5,51,66,06,062.95","84,126","2,27,058",39.56
MARUTI,EQ,2018-01-31,"9,571.55","9,558.05","9,585.00","9,458.90","9,500.00","9,509.70","9,524.06","4,62,650","4,40,63,04,638.55","56,342","2,29,961",49.71
MARUTI,EQ,2018-02-01,"9,509.70","9,545.00","9,563.70","9,312.00","9,389.00","9,401.85","9,446.91","5,50,971","5,20,49,71,689.50","66,405","2,04,521",37.12
MARUTI,EQ,2018-02-02,"9,401.85","9,359.00","9,359.00","8,940.00","8,990.60","8,990.60","9,108.42","9,84,189","8,96,44,08,095.00","1,14,727","4,75,759",48.34
MARUTI,EQ,2018-02-05,"8,990.60","8,850.15","9,120.00","8,688.00","9,118.90","9,080.60","8,969.13","6,51,062","5,83,94,60,119.50","94,033","2,19,393",33.7
MARUTI,EQ,2018-02-06,"9,080.60","8,700.00","9,113.50","8,661.60","9,015.00","8,984.60","8,888.85","8,40,339","7,46,96,48,791.05","98,644","3,07,541",36.6
MARUTI,EQ,2018-02-07,"8,984.60","9,170.00","9,170.00","8,873.00","8,885.20","8,921.80","9,029.42","5,09,440","4,59,99,47,565.05","73,755","1,98,554",38.97
MARUTI,EQ,2018-02-08,"8,921.80","8,988.90","9,060.00","8,915.00","9,040.00","9,030.70","9,016.30","4,65,683","4,19,87,36,652.15","57,917","1,84,344",39.59
MARUTI,EQ,2018-02-09,"9,030.70","8,906.00","8,986.55","8,870.00","8,940.00","8,936.10","8,943.68","3,64,892","3,26,34,78,454.95","56,541","1,62,179",44.45
MARUTI,EQ,2018-02-12,"8,936.10","8,960.00","9,150.00","8,960.00","9,099.50","9,117.85","9,072.79","4,08,523","3,70,64,43,932.85","51,209","1,35,321",33.12
MARUTI,EQ,2018-02-14,"9,117.85","9,149.90","9,157.50","8,986.00","8,992.00","9,001.60","9,069.53","3,57,737","3,24,45,07,012.70","36,057","1,46,088",40.84
MARUTI,EQ,2018-02-15,"9,001.60","9,049.00","9,090.00","9,001.00","9,021.00","9,020.25","9,042.07","2,50,781","2,26,75,79,838.55","31,051","72,204",28.79
MARUTI,EQ,2018-02-16,"9,020.25","9,039.90","9,070.00","8,806.85","8,848.00","8,836.95","8,896.11","6,32,659","5,62,82,02,393.05","66,036","2,84,269",44.93
MARUTI,EQ,2018-02-19,"8,836.95","8,856.00","8,865.85","8,691.65","8,734.00","8,724.85","8,754.02","4,36,138","3,81,79,61,734.00","66,470","1,85,048",42.43
MARUTI,EQ,2018-02-20,"8,724.85","8,745.00","8,768.95","8,650.00","8,715.00","8,722.65","8,702.71","5,17,802","4,50,62,82,849.40","62,723","2,37,029",45.78
MARUTI,EQ,2018-02-21,"8,722.65","8,771.00","8,795.00","8,708.20","8,779.00","8,782.75","8,756.38","4,71,756","4,13,08,73,219.95","48,956","2,40,949",51.07
MARUTI,EQ,2018-02-22,"8,782.75","8,769.00","8,769.00","8,601.50","8,624.95","8,634.05","8,675.34","6,38,857","5,54,23,04,256.50","63,126","3,75,124",58.72
MARUTI,EQ,2018-02-23,"8,634.05","8,665.00","8,738.95","8,655.05","8,706.00","8,698.80","8,703.19","5,67,960","4,94,30,66,141.55","60,544","3,25,690",57.34
MARUTI,EQ,2018-02-26,"8,698.80","8,758.00","9,055.00","8,750.05","9,050.00","9,005.35","8,885.19","8,69,374","7,72,45,49,757.15","86,734","4,45,840",51.28
MARUTI,EQ,2018-02-27,"9,005.35","9,093.00","9,114.95","8,872.60","8,889.00","8,891.20","8,979.17","6,84,609","6,14,72,21,395.00","75,237","2,59,715",37.94
MARUTI,EQ,2018-02-28,"8,891.20","8,870.00","8,934.00","8,772.00","8,854.00","8,850.95","8,857.66","6,80,125","6,02,43,19,219.35","78,550","3,25,306",47.83
MARUTI,EQ,2018-03-01,"8,850.95","8,874.00","8,936.05","8,811.35","8,875.20","8,873.45","8,874.72","6,09,369","5,40,79,81,971.70","57,421","2,50,904",41.17
MARUTI,EQ,2018-03-05,"8,873.45","8,867.00","8,867.00","8,775.00","8,800.90","8,795.10","8,815.67","3,88,180","3,42,20,67,060.40","54,455","2,03,811",52.5
MARUTI,EQ,2018-03-06,"8,795.10","8,855.55","8,885.00","8,600.00","8,621.80","8,616.50","8,763.87","5,43,686","4,76,47,95,688.80","65,967","2,76,688",50.89
MARUTI,EQ,2018-03-07,"8,616.50","8,621.80","8,713.85","8,552.00","8,695.00","8,679.10","8,652.76","5,98,715","5,18,05,38,685.55","67,299","2,67,461",44.67
MARUTI,EQ,2018-03-08,"8,679.10","8,700.20","8,775.00","8,651.00","8,725.20","8,729.35","8,719.51","5,33,856","4,65,49,64,405.20","75,601","2,24,520",42.06
MARUTI,EQ,2018-03-09,"8,729.35","8,760.00","8,774.00","8,650.00","8,676.90","8,660.60","8,707.51","3,23,450","2,81,64,44,505.35","42,682","1,28,267",39.66
MARUTI,EQ,2018-03-12,"8,660.60","8,719.00","8,826.80","8,681.10","8,815.00","8,810.30","8,754.34","4,38,339","3,83,73,68,675.90","57,071","2,03,138",46.34
MARUTI,EQ,2018-03-13,"8,810.30","8,810.00","8,848.00","8,691.00","8,760.00","8,756.05","8,753.68","5,21,943","4,56,89,24,440.65","63,425","2,19,674",42.09
MARUTI,EQ,2018-03-14,"8,756.05","8,735.00","8,874.00","8,725.05","8,850.00","8,846.30","8,796.27","4,11,769","3,62,20,32,545.95","36,105","1,42,939",34.71
MARUTI,EQ,2018-03-15,"8,846.30","8,839.90","8,875.00","8,800.95","8,819.80","8,837.55","8,835.80","3,13,431","2,76,94,15,105.75","39,119","1,08,788",34.71
MARUTI,EQ,2018-03-16,"8,837.55","8,869.00","8,869.00","8,649.40","8,692.00","8,676.55","8,724.13","6,22,932","5,43,45,37,851.90","78,294","3,83,071",61.49
MARUTI,EQ,2018-03-19,"8,676.55","8,711.50","8,800.00","8,703.55","8,768.75","8,773.50","8,756.26","5,71,830","5,00,70,90,606.75","84,389","3,18,933",55.77
MARUTI,EQ,2018-03-20,"8,773.50","8,764.45","8,845.50","8,735.00","8,809.00","8,802.40","8,798.05","4,08,924","3,59,77,33,808.65","47,220","1,96,663",48.09
MARUTI,EQ,2018-03-21,"8,802.40","8,839.90","8,945.00","8,825.05","8,870.00","8,874.65","8,900.34","5,16,020","4,59,27,55,850.95","75,934","2,39,650",46.44
MARUTI,EQ,2018-03-22,"8,874.65","8,870.00","8,910.50","8,684.40","8,694.00","8,696.55","8,785.75","4,71,749","4,14,46,68,071.65","65,846","2,18,647",46.35
MARUTI,EQ,2018-03-23,"8,696.55","8,612.55","8,640.50","8,542.10","8,590.00","8,607.25","8,599.85","6,44,482","5,54,24,48,606.80","68,284","3,55,558",55.17
MARUTI,EQ,2018-03-26,"8,607.25","8,607.00","8,798.00","8,605.00","8,773.00","8,765.30","8,717.28","4,47,858","3,90,41,02,884.40","63,469","1,86,710",41.69
MARUTI,EQ,2018-03-27,"8,765.30","8,815.00","8,887.00","8,767.15","8,855.00","8,852.30","8,835.89","4,23,455","3,74,16,02,576.15","48,066","1,46,170",34.52
MARUTI,EQ,2018-03-28,"8,852.30","8,812.00","9,084.00","8,801.00","8,854.00","8,861.10","8,934.72","11,94,227","10,67,00,85,393.10","1,39,727","4,64,913",38.93
MARUTI,EQ,2018-04-02,"8,861.10","8,990.00","9,088.00","8,953.25","9,015.00","9,008.20","9,023.67","5,52,649","4,98,69,20,471.95","72,289","2,55,418",46.22
MARUTI,EQ,2018-04-03,"9,008.20","9,008.95","9,060.00","8,955.00","9,022.00","9,026.45","9,007.49","3,39,709","3,05,99,25,390.95","40,301","1,19,707",35.24
MARUTI,EQ,2018-04-04,"9,026.45","9,078.00","9,149.40","8,980.60","9,011.00","9,013.50","9,080.88","4,88,280","4,43,40,13,857.05","49,912","1,46,299",29.96
MARUTI,EQ,2018-04-05,"9,013.50","9,050.00","9,157.65","9,050.00","9,116.80","9,132.60","9,112.90","2,36,956","2,15,93,56,649.75","28,727","76,031",32.09
MARUTI,EQ,2018-04-06,"9,132.60","9,165.00","9,230.00","9,042.55","9,195.00","9,206.20","9,119.91","4,29,514","3,91,71,29,893.85","40,778","1,62,097",37.74
MARUTI,EQ,2018-04-09,"9,206.20","9,220.00","9,308.15","9,184.70","9,304.00","9,292.65","9,274.91","4,26,170","3,95,26,90,359.40","46,131","1,75,623",41.21
MARUTI,EQ,2018-04-10,"9,292.65","9,290.00","9,315.45","9,239.00","9,253.00","9,273.45","9,276.95","2,99,119","2,77,49,12,786.35","39,329","1,01,814",34.04
MARUTI,EQ,2018-04-11,"9,273.45","9,290.00","9,350.00","9,208.55","9,294.00","9,302.50","9,289.43","3,18,010","2,95,41,31,698.80","43,880","93,730",29.47
MARUTI,EQ,2018-04-12,"9,302.50","9,290.00","9,290.00","9,181.10","9,202.45","9,204.45","9,229.75","3,00,797","2,77,62,81,391.05","46,854","1,38,743",46.13
MARUTI,EQ,2018-04-13,"9,204.45","9,267.00","9,267.00","9,106.25","9,126.00","9,123.95","9,168.37","3,66,224","3,35,76,78,882.20","43,992","1,33,488",36.45
MARUTI,EQ,2018-04-16,"9,123.95","9,100.00","9,245.00","9,065.00","9,223.30","9,232.00","9,179.58","2,71,057","2,48,81,90,156.70","30,288","72,393",26.71
MARUTI,EQ,2018-04-17,"9,232.00","9,241.00","9,242.00","9,137.55","9,162.00","9,160.35","9,169.10","3,42,578","3,14,11,31,142.00","58,922","1,77,743",51.88
MARUTI,EQ,2018-04-18,"9,160.35","9,178.00","9,227.45","9,095.90","9,130.00","9,121.50","9,173.66","4,52,854","4,15,43,26,778.75","35,789","2,88,998",63.82
MARUTI,EQ,2018-04-19,"9,121.50","9,144.00","9,183.75","9,068.00","9,088.00","9,077.65","9,113.40","2,56,088","2,33,38,33,562.60","43,040","1,17,010",45.69
MARUTI,EQ,2018-04-20,"9,077.65","9,082.00","9,108.15","9,012.95","9,035.75","9,025.00","9,047.84","3,03,913","2,74,97,57,415.70","36,943","1,17,757",38.75
MARUTI,EQ,2018-04-23,"9,025.00","9,039.90","9,125.00","9,005.95","9,069.90","9,064.85","9,075.48","3,02,205","2,74,26,56,125.30","43,912","1,35,333",44.78
MARUTI,EQ,2018-04-24,"9,064.85","9,095.00","9,142.55","9,031.00","9,080.00","9,064.65","9,083.80","3,12,103","2,83,50,79,955.85","36,510","1,80,395",57.8
MARUTI,EQ,2018-04-25,"9,064.65","9,059.00","9,068.80","8,908.00","8,937.00","8,934.60","8,968.63","4,88,641","4,38,24,38,065.80","58,982","3,04,891",62.4
MARUTI,EQ,2018-04-26,"8,934.60","8,949.00","8,981.00","8,890.00","8,945.00","8,946.45","8,937.26","6,14,321","5,49,03,46,542.10","49,096","3,37,324",54.91
MARUTI,EQ,2018-04-27,"8,946.45","9,015.00","9,137.00","8,715.10","8,769.00","8,783.35","8,916.98","18,73,816","16,70,87,70,706.55","1,58,265","6,23,399",33.27
MARUTI,EQ,2018-04-30,"8,783.35","8,790.00","8,904.20","8,760.30","8,808.85","8,814.95","8,816.14","4,97,504","4,38,60,65,721.25","64,158","2,46,088",49.46
MARUTI,EQ,2018-05-02,"8,814.95","8,915.00","8,998.00","8,725.00","8,765.15","8,744.50","8,855.06","8,06,846","7,14,46,66,042.65","1,18,240","4,74,314",58.79
MARUTI,EQ,2018-05-03,"8,744.50","8,765.00","8,799.00","8,700.00","8,759.00","8,755.95","8,738.32","4,06,825","3,55,49,68,621.05","56,850","2,12,806",52.31
MARUTI,EQ,2018-05-04,"8,755.95","8,784.00","8,790.00","8,665.00","8,680.00","8,678.20","8,698.54","4,90,244","4,26,44,08,377.60","72,979","2,75,662",56.23
MARUTI,EQ,2018-05-07,"8,678.20","8,693.00","8,770.00","8,660.00","8,736.05","8,743.70","8,717.56","3,42,702","2,98,75,24,031.25","63,174","1,94,177",56.66
MARUTI,EQ,2018-05-08,"8,743.70","8,785.00","8,806.20","8,690.00","8,770.15","8,775.20","8,764.95","4,04,969","3,54,95,34,588.50","44,865","2,45,637",60.66
MARUTI,EQ,2018-05-09,"8,775.20","8,795.00","8,795.00","8,705.00","8,720.85","8,718.35","8,726.68","3,14,057","2,74,06,76,243.95","51,561","1,96,209",62.48
MARUTI,EQ,2018-05-10,"8,718.35","8,758.00","8,758.00","8,690.00","8,708.55","8,704.95","8,712.78","2,98,598","2,60,16,19,415.45","48,550","1,89,158",63.35
MARUTI,EQ,2018-05-11,"8,704.95","8,738.00","8,765.00","8,702.05","8,721.60","8,750.30","8,730.04","2,64,405","2,30,82,65,686.65","38,803","1,50,831",57.05
MARUTI,EQ,2018-05-14,"8,750.30","8,751.00","8,760.00","8,688.10","8,702.35","8,707.00","8,717.46","2,76,620","2,41,14,24,056.10","47,216","1,72,581",62.39
MARUTI,EQ,2018-05-15,"8,707.00","8,725.00","8,750.35","8,639.00","8,725.00","8,726.60","8,719.20","5,06,107","4,41,28,46,810.90","66,001","3,37,807",66.75
MARUTI,EQ,2018-05-16,"8,726.60","8,675.00","8,733.45","8,675.00","8,695.60","8,695.60","8,705.02","2,88,597","2,51,22,41,648.45","63,410","1,74,919",60.61
MARUTI,EQ,2018-05-17,"8,695.60","8,725.00","8,766.45","8,661.20","8,672.00","8,697.50","8,726.05","3,79,606","3,31,24,61,898.35","46,952","2,25,105",59.3
MARUTI,EQ,2018-05-18,"8,697.50","8,700.80","8,725.00","8,496.00","8,518.00","8,510.95","8,587.18","6,03,507","5,18,24,21,772.50","65,350","4,01,133",66.47
MARUTI,EQ,2018-05-21,"8,510.95","8,518.00","8,524.80","8,255.50","8,434.95","8,428.50","8,380.22","8,72,463","7,31,14,34,968.90","1,07,122","5,15,676",59.11
MARUTI,EQ,2018-05-22,"8,428.50","8,416.00","8,586.40","8,371.25","8,556.10","8,560.65","8,508.98","4,10,467","3,49,26,56,122.40","57,096","2,04,839",49.9
MARUTI,EQ,2018-05-23,"8,560.65","8,560.00","8,564.80","8,458.20","8,482.00","8,497.40","8,504.30","3,99,631","3,39,85,83,196.90","65,778","2,61,968",65.55
MARUTI,EQ,2018-05-24,"8,497.40","8,500.10","8,518.30","8,400.00","8,429.00","8,410.75","8,430.91","2,92,331","2,46,46,16,797.30","32,920","1,55,733",53.27
MARUTI,EQ,2018-05-25,"8,410.75","8,412.00","8,574.00","8,395.15","8,564.00","8,548.15","8,487.93","5,19,151","4,40,65,18,426.05","67,053","2,86,141",55.12
MARUTI,EQ,2018-05-28,"8,548.15","8,560.00","8,785.00","8,555.10","8,710.00","8,709.30","8,700.69","4,46,264","3,88,28,02,865.50","63,851","1,68,473",37.75
MARUTI,EQ,2018-05-29,"8,709.30","8,718.00","8,840.00","8,680.00","8,704.65","8,714.90","8,775.99","6,65,121","5,83,70,92,839.75","70,286","3,05,624",45.95
MARUTI,EQ,2018-05-30,"8,714.90","8,669.00","8,669.00","8,572.85","8,587.65","8,588.20","8,603.90","5,08,262","4,37,30,33,452.95","83,679","3,22,767",63.5
MARUTI,EQ,2018-05-31,"8,588.20","8,639.00","8,639.10","8,515.90","8,552.05","8,537.20","8,550.12","6,79,959","5,81,37,33,680.95","73,456","3,20,942",47.2
MARUTI,EQ,2018-06-01,"8,537.20","8,610.00","8,848.40","8,590.05","8,798.00","8,808.85","8,752.36","10,02,010","8,76,99,49,766.50","1,00,027","3,03,175",30.26
MARUTI,EQ,2018-06-04,"8,808.85","8,840.00","8,840.00","8,726.05","8,746.00","8,749.85","8,762.81","3,80,690","3,33,59,12,407.80","56,992","1,86,961",49.11
MARUTI,EQ,2018-06-05,"8,749.85","8,750.00","8,830.00","8,680.00","8,825.00","8,810.40","8,782.85","4,00,886","3,52,09,21,844.40","43,772","1,95,184",48.69
MARUTI,EQ,2018-06-06,"8,810.40","8,829.00","8,870.00","8,810.00","8,830.00","8,842.35","8,845.48","3,28,784","2,90,82,53,790.80","45,366","1,25,180",38.07
MARUTI,EQ,2018-06-07,"8,842.35","8,874.00","8,934.80","8,865.00","8,908.00","8,911.25","8,907.55","2,67,961","2,38,68,74,831.15","33,259","1,25,833",46.96
MARUTI,EQ,2018-06-08,"8,911.25","8,894.00","8,950.00","8,871.00","8,945.00","8,932.45","8,909.74","2,87,823","2,56,44,28,591.35","32,321","1,18,532",41.18
MARUTI,EQ,2018-06-11,"8,932.45","8,960.00","9,046.00","8,921.50","9,034.95","9,022.65","8,995.01","3,37,828","3,03,87,66,590.95","55,837","1,80,719",53.49
MARUTI,EQ,2018-06-12,"9,022.65","9,039.00","9,065.00","8,955.00","9,016.75","9,016.75","9,024.47","3,43,452","3,09,94,71,196.05","43,633","1,28,578",37.44
MARUTI,EQ,2018-06-13,"9,016.75","9,030.00","9,094.95","8,943.00","8,960.00","8,967.35","9,042.70","3,69,407","3,34,04,35,062.70","45,044","1,34,992",36.54
MARUTI,EQ,2018-06-14,"8,967.35","8,932.05","9,019.95","8,908.00","8,986.25","8,958.00","8,957.01","2,69,078","2,41,01,33,955.85","38,691","1,31,057",48.71
MARUTI,EQ,2018-06-15,"8,958.00","8,995.00","8,995.00","8,901.00","8,965.00","8,951.60","8,940.05","4,96,572","4,43,93,77,719.30","57,928","2,83,835",57.16
MARUTI,EQ,2018-06-18,"8,951.60","8,947.50","9,050.40","8,937.95","8,973.50","8,973.45","9,006.03","3,05,144","2,74,81,34,825.90","48,765","1,48,846",48.78
MARUTI,EQ,2018-06-19,"8,973.45","8,970.00","8,984.80","8,820.05","8,849.00","8,862.60","8,883.62","3,50,407","3,11,28,83,419.95","51,603","1,77,760",50.73
MARUTI,EQ,2018-06-20,"8,862.60","8,873.00","8,970.00","8,863.00","8,945.50","8,948.30","8,926.33","3,25,981","2,90,98,14,170.90","60,896","1,68,669",51.74
MARUTI,EQ,2018-06-21,"8,948.30","8,978.00","8,986.00","8,852.95","8,860.00","8,863.05","8,890.24","3,13,349","2,78,57,48,276.90","41,271","1,65,984",52.97
MARUTI,EQ,2018-06-22,"8,863.05","8,865.00","8,887.00","8,810.00","8,866.00","8,874.90","8,849.51","3,19,027","2,82,32,31,340.05","40,213","1,23,596",38.74
MARUTI,EQ,2018-06-25,"8,874.90","8,869.00","8,869.00","8,780.00","8,792.00","8,793.00","8,808.49","2,54,954","2,24,57,60,061.70","37,727","1,49,754",58.74
MARUTI,EQ,2018-06-26,"8,793.00","8,793.00","8,985.35","8,750.00","8,920.00","8,931.35","8,894.80","3,87,769","3,44,91,27,473.75","53,269","1,78,999",46.16
MARUTI,EQ,2018-06-27,"8,931.35","8,935.95","9,012.00","8,873.00","8,879.20","8,898.30","8,944.28","5,01,622","4,48,66,50,022.05","55,762","2,86,553",57.13
MARUTI,EQ,2018-06-28,"8,898.30","8,892.00","8,894.05","8,735.05","8,760.05","8,771.30","8,829.70","3,76,404","3,32,35,33,134.40","47,478","1,99,015",52.87
MARUTI,EQ,2018-06-29,"8,771.30","8,750.30","8,900.00","8,750.30","8,815.30","8,825.60","8,828.90","4,58,807","4,05,07,60,567.45","53,434","2,08,040",45.34
MARUTI,EQ,2018-07-02,"8,825.60","8,878.00","8,935.00","8,800.05","8,806.30","8,821.05","8,853.08","2,98,529","2,64,29,01,128.70","37,422","1,17,164",39.25
MARUTI,EQ,2018-07-03,"8,821.05","8,825.00","8,995.00","8,750.00","8,988.75","8,975.15","8,923.42","3,75,718","3,35,26,89,812.95","47,597","1,57,476",41.91
MARUTI,EQ,2018-07-04,"8,975.15","9,014.00","9,249.25","8,952.50","9,224.95","9,220.80","9,113.47","6,56,141","5,97,97,21,222.60","69,720","3,31,966",50.59
MARUTI,EQ,2018-07-05,"9,220.80","9,228.00","9,395.00","9,225.75","9,345.10","9,347.05","9,314.16","8,87,919","8,27,02,17,041.75","78,918","4,89,549",55.13
MARUTI,EQ,2018-07-06,"9,347.05","9,315.00","9,413.95","9,260.00","9,310.00","9,317.50","9,358.18","5,08,241","4,75,62,10,487.45","58,785","1,56,868",30.86
MARUTI,EQ,2018-07-09,"9,317.50","9,395.00","9,419.85","9,350.00","9,368.00","9,374.90","9,383.82","3,31,872","3,11,42,25,789.60","41,013","1,73,053",52.14
MARUTI,EQ,2018-07-10,"9,374.90","9,380.00","9,545.90","9,380.00","9,540.00","9,531.00","9,479.88","4,85,745","4,60,48,03,092.75","79,830","2,27,565",46.85
MARUTI,EQ,2018-07-11,"9,531.00","9,529.00","9,529.35","9,361.00","9,390.95","9,384.70","9,443.81","3,28,446","3,10,17,82,445.75","56,681","1,40,558",42.79
MARUTI,EQ,2018-07-12,"9,384.70","9,448.00","9,508.00","9,325.25","9,355.00","9,347.00","9,423.58","3,36,960","3,17,53,70,321.00","51,403","1,19,661",35.51
MARUTI,EQ,2018-07-13,"9,347.00","9,408.00","9,495.00","9,362.25","9,399.55","9,431.05","9,431.65","5,11,150","4,82,09,87,998.40","58,259","2,04,944",40.09
MARUTI,EQ,2018-07-16,"9,431.05","9,429.00","9,498.90","9,355.00","9,383.00","9,385.30","9,422.16","2,16,426","2,03,91,99,756.65","30,569","58,463",27.01
MARUTI,EQ,2018-07-17,"9,385.30","9,351.15","9,479.70","9,347.00","9,439.70","9,445.40","9,413.01","4,57,123","4,30,29,05,448.30","55,263","3,11,499",68.14
MARUTI,EQ,2018-07-18,"9,445.40","9,482.30","9,534.00","9,296.90","9,371.15","9,366.80","9,425.00","4,30,624","4,05,86,30,035.20","64,268","1,55,299",36.06
MARUTI,EQ,2018-07-19,"9,366.80","9,408.00","9,434.00","9,350.00","9,392.00","9,389.10","9,396.82","1,99,983","1,87,92,04,115.80","32,778","66,823",33.41
MARUTI,EQ,2018-07-20,"9,389.10","9,392.00","9,464.00","9,335.00","9,400.00","9,398.95","9,412.41","2,72,916","2,56,87,97,344.70","39,966","84,923",31.12
MARUTI,EQ,2018-07-23,"9,398.95","9,448.00","9,750.00","9,372.00","9,703.60","9,701.00","9,583.03","6,07,813","5,82,46,90,783.90","75,407","2,51,600",41.39
MARUTI,EQ,2018-07-24,"9,701.00","9,778.00","9,929.00","9,725.00","9,842.00","9,832.45","9,850.96","7,49,626","7,38,45,34,260.35","96,801","3,07,586",41.03
MARUTI,EQ,2018-07-25,"9,832.45","9,853.00","9,875.85","9,701.00","9,769.00","9,758.95","9,770.80","3,84,750","3,75,93,14,567.95","51,181","1,30,726",33.98
MARUTI,EQ,2018-07-26,"9,758.95","9,819.80","9,831.70","9,361.00","9,390.00","9,396.25","9,510.08","12,61,317","11,99,52,30,624.35","1,51,687","3,80,582",30.17
MARUTI,EQ,2018-07-27,"9,396.25","9,402.00","9,442.20","9,290.00","9,318.00","9,310.40","9,355.78","6,72,141","6,28,84,00,289.30","90,158","2,89,801",43.12
MARUTI,EQ,2018-07-30,"9,310.40","9,320.00","9,404.50","9,233.00","9,390.00","9,381.90","9,314.18","5,39,464","5,02,46,65,757.60","67,499","2,59,494",48.1
MARUTI,EQ,2018-07-31,"9,381.90","9,400.00","9,548.85","9,355.00","9,535.00","9,520.55","9,475.97","4,26,388","4,04,04,40,867.00","54,998","1,99,298",46.74
MARUTI,EQ,2018-08-01,"9,520.55","9,535.00","9,587.75","9,300.00","9,327.00","9,341.60","9,378.71","7,00,719","6,57,18,40,183.10","1,00,095","2,84,369",40.58
MARUTI,EQ,2018-08-02,"9,341.60","9,327.00","9,327.00","9,120.00","9,129.40","9,142.40","9,183.33","8,75,157","8,03,68,53,056.25","1,30,492","5,38,853",61.57
MARUTI,EQ,2018-08-03,"9,142.40","9,150.00","9,230.00","9,150.00","9,195.00","9,187.00","9,190.74","4,70,958","4,32,84,50,900.75","55,423","2,21,424",47.02
MARUTI,EQ,2018-08-06,"9,187.00","9,247.50","9,300.00","9,200.00","9,287.00","9,286.40","9,270.91","2,37,693","2,20,36,30,186.75","35,886","92,801",39.04
MARUTI,EQ,2018-08-07,"9,286.40","9,316.00","9,420.00","9,271.00","9,409.00","9,411.50","9,353.03","3,81,993","3,57,27,92,629.85","50,950","1,78,590",46.75
MARUTI,EQ,2018-08-08,"9,411.50","9,449.00","9,449.00","9,183.05","9,210.00","9,207.40","9,293.66","6,38,498","5,93,39,83,086.60","88,880","3,93,005",61.55
MARUTI,EQ,2018-08-09,"9,207.40","9,239.00","9,239.00","9,060.00","9,146.00","9,146.05","9,129.02","6,51,728","5,94,96,37,962.85","87,329","3,65,023",56.01
MARUTI,EQ,2018-08-10,"9,146.05","9,150.00","9,210.00","9,105.00","9,119.90","9,148.25","9,160.32","4,27,827","3,91,90,31,429.30","53,676","1,55,886",36.44
MARUTI,EQ,2018-08-13,"9,148.25","9,119.45","9,185.00","9,012.20","9,107.00","9,080.85","9,118.51","3,48,201","3,17,50,74,577.65","43,632","1,37,134",39.38
MARUTI,EQ,2018-08-14,"9,080.85","9,079.00","9,158.80","9,046.25","9,135.00","9,132.60","9,113.52","3,44,056","3,13,55,62,091.85","44,020","1,69,223",49.18
MARUTI,EQ,2018-08-16,"9,132.60","9,124.00","9,235.95","9,085.00","9,202.20","9,200.55","9,185.68","4,65,479","4,27,57,41,566.55","64,361","2,62,992",56.5
MARUTI,EQ,2018-08-17,"9,200.55","9,243.00","9,286.50","9,130.00","9,149.95","9,152.10","9,214.55","4,77,538","4,40,02,97,534.15","54,995","1,97,799",41.42
MARUTI,EQ,2018-08-20,"9,152.10","9,170.70","9,217.80","9,062.00","9,075.00","9,074.35","9,106.91","4,49,317","4,09,18,90,845.85","67,184","2,48,454",55.3
MARUTI,BL,2018-08-21,"1,066.00","9,074.35","9,074.35","9,074.35","9,074.35","9,074.35","9,074.35","1,47,408","1,33,76,31,784.80",1,"1,47,408",100.0
MARUTI,EQ,2018-08-21,"9,074.35","9,110.00","9,130.00","9,050.40","9,110.10","9,113.30","9,096.64","3,80,824","3,46,42,18,300.90","51,706","2,25,278",59.16
MARUTI,EQ,2018-08-23,"9,113.30","9,145.00","9,256.00","9,100.10","9,225.15","9,223.30","9,184.06","7,51,705","6,90,37,05,046.15","81,564","2,75,298",36.62
MARUTI,EQ,2018-08-24,"9,223.30","9,240.00","9,279.90","9,142.10","9,163.00","9,163.80","9,201.91","4,01,110","3,69,09,76,213.10","53,533","1,71,518",42.76
MARUTI,EQ,2018-08-27,"9,163.80","9,209.00","9,274.00","9,200.00","9,255.00","9,245.25","9,247.24","3,26,945","3,02,33,39,810.95","53,735","2,00,394",61.29
MARUTI,EQ,2018-08-28,"9,245.25","9,277.55","9,446.50","9,215.00","9,407.40","9,427.95","9,373.68","6,84,054","6,41,21,01,534.80","77,077","3,12,745",45.72
MARUTI,EQ,2018-08-29,"9,427.95","9,421.00","9,468.30","9,339.65","9,354.75","9,368.10","9,397.28","4,33,440","4,07,31,55,249.70","49,961","1,62,981",37.6
MARUTI,EQ,2018-08-30,"9,368.10","9,370.00","9,370.00","9,182.65","9,215.00","9,205.80","9,263.86","6,74,292","6,24,65,46,645.20","74,010","4,45,523",66.07
MARUTI,EQ,2018-08-31,"9,205.80","9,208.00","9,255.00","9,080.30","9,099.00","9,096.40","9,149.81","6,34,522","5,80,57,57,420.15","74,988","3,27,834",51.67
MARUTI,EQ,2018-09-03,"9,096.40","9,100.00","9,118.95","8,875.00","8,876.00","8,902.15","8,976.04","9,92,161","8,90,56,77,307.20","1,02,638","6,24,156",62.91
MARUTI,EQ,2018-09-04,"8,902.15","8,912.00","8,999.00","8,835.45","8,890.90","8,868.50","8,914.14","5,30,967","4,73,31,16,695.35","74,198","2,24,155",42.22
MARUTI,EQ,2018-09-05,"8,868.50","8,871.00","8,950.00","8,790.60","8,935.00","8,896.10","8,849.61","4,91,163","4,34,65,99,744.35","69,587","2,54,032",51.72
MARUTI,EQ,2018-09-06,"8,896.10","8,967.70","8,967.70","8,741.00","8,754.50","8,759.85","8,797.28","6,87,535","6,04,84,35,827.85","1,10,563","3,82,191",55.59
MARUTI,EQ,2018-09-07,"8,759.85","8,775.00","8,789.00","8,634.25","8,714.90","8,719.20","8,717.15","6,36,918","5,55,21,08,857.05","96,643","2,33,414",36.65
MARUTI,EQ,2018-09-10,"8,719.20","8,700.00","8,750.00","8,625.00","8,634.85","8,639.40","8,660.35","5,77,299","4,99,96,12,605.30","82,186","3,14,475",54.47
MARUTI,EQ,2018-09-11,"8,639.40","8,668.00","8,699.90","8,479.60","8,485.00","8,517.05","8,583.77","5,52,622","4,74,35,82,215.15","65,367","2,07,098",37.48
MARUTI,EQ,2018-09-12,"8,517.05","8,539.00","8,539.00","8,401.00","8,505.00","8,493.95","8,474.03","6,34,678","5,37,82,78,314.00","95,051","3,03,824",47.87
MARUTI,EQ,2018-09-14,"8,493.95","8,593.00","8,700.00","8,580.35","8,600.15","8,626.70","8,650.71","7,54,169","6,52,40,93,706.35","93,703","4,51,614",59.88
MARUTI,EQ,2018-09-17,"8,626.70","8,587.00","8,659.70","8,517.00","8,520.00","8,537.80","8,571.77","4,22,191","3,61,89,24,481.70","50,692","2,22,138",52.62
MARUTI,EQ,2018-09-18,"8,537.80","8,537.70","8,596.50","8,380.20","8,395.00","8,399.15","8,479.84","5,07,455","4,30,31,37,820.45","72,260","2,63,189",51.86
MARUTI,EQ,2018-09-19,"8,399.15","8,425.50","8,448.40","8,191.05","8,202.00","8,210.35","8,294.38","9,59,340","7,95,71,28,662.95","1,23,995","5,72,189",59.64
MARUTI,EQ,2018-09-21,"8,210.35","8,260.00","8,325.00","7,599.65","8,044.00","8,040.15","8,106.09","16,46,047","13,34,30,10,403.20","1,55,883","7,60,121",46.18
MARUTI,EQ,2018-09-24,"8,040.15","8,070.00","8,070.00","7,590.70","7,793.10","7,793.05","7,756.61","18,01,469","13,97,32,86,680.35","2,18,317","10,04,631",55.77
MARUTI,EQ,2018-09-25,"7,793.05","7,750.00","8,018.25","7,680.00","8,001.00","7,999.45","7,899.77","11,59,438","9,15,92,91,584.60","1,25,218","3,93,299",33.92
MARUTI,EQ,2018-09-26,"7,999.45","8,075.00","8,089.90","7,822.55","7,835.05","7,842.55","7,903.25","7,54,963","5,96,66,63,079.80","88,383","3,76,207",49.83
MARUTI,EQ,2018-09-27,"7,842.55","7,850.00","7,878.00","7,510.20","7,584.00","7,553.05","7,630.87","15,94,739","12,16,92,45,444.30","1,47,460","10,01,798",62.82
MARUTI,EQ,2018-09-28,"7,553.05","7,620.00","7,648.20","7,292.65","7,320.50","7,347.95","7,438.20","14,13,254","10,51,20,62,542.95","1,54,117","6,85,050",48.47
MARUTI,EQ,2018-10-01,"7,347.95","7,354.00","7,485.00","7,206.00","7,465.00","7,463.95","7,349.50","10,34,603","7,60,38,19,539.55","1,15,011","3,86,469",37.35
MARUTI,EQ,2018-10-03,"7,463.95","7,400.00","7,410.70","7,211.00","7,217.00","7,246.00","7,294.28","11,48,091","8,37,44,96,827.45","1,63,628","5,24,425",45.68
MARUTI,EQ,2018-10-04,"7,246.00","7,150.00","7,288.00","7,021.00","7,155.30","7,198.75","7,178.10","11,04,174","7,92,58,74,609.25","1,45,923","4,55,056",41.21
MARUTI,EQ,2018-10-05,"7,198.75","7,054.80","7,220.00","6,801.85","6,826.00","6,904.35","7,032.74","14,81,376","10,41,81,36,537.60","1,65,927","6,67,898",45.09
MARUTI,EQ,2018-10-08,"6,904.35","6,915.00","6,989.00","6,774.25","6,877.00","6,889.75","6,895.52","13,93,849","9,61,13,12,576.30","1,64,404","5,18,841",37.22
MARUTI,EQ,2018-10-09,"6,889.75","6,819.75","6,940.00","6,661.00","6,675.00","6,699.45","6,793.47","10,79,041","7,33,04,30,274.50","1,39,061","3,93,803",36.5
MARUTI,EQ,2018-10-10,"6,699.45","6,748.00","7,050.00","6,723.25","6,997.00","6,985.85","6,943.34","11,62,309","8,07,03,02,445.80","1,38,552","3,91,289",33.66
MARUTI,EQ,2018-10-11,"6,985.85","6,800.00","6,950.00","6,705.20","6,886.00","6,875.50","6,840.64","8,69,569","5,94,84,09,775.90","1,10,684","3,10,700",35.73
MARUTI,EQ,2018-10-12,"6,875.50","6,950.00","7,326.00","6,950.00","7,303.00","7,287.20","7,202.65","10,53,651","7,58,90,82,389.55","1,56,061","3,60,349",34.2
MARUTI,EQ,2018-10-15,"7,287.20","7,320.00","7,340.00","7,126.05","7,166.00","7,182.00","7,196.72","6,82,234","4,90,98,45,694.80","91,140","1,61,286",23.64
MARUTI,EQ,2018-10-16,"7,182.00","7,214.00","7,278.00","7,123.80","7,137.55","7,150.90","7,201.98","6,37,012","4,58,77,48,717.30","78,853","2,26,371",35.54
MARUTI,EQ,2018-10-17,"7,150.90","7,237.65","7,245.00","6,853.45","6,901.00","6,885.60","7,003.51","10,21,019","7,15,07,19,634.25","1,37,424","3,94,795",38.67
MARUTI,EQ,2018-10-19,"6,885.60","6,830.00","6,965.00","6,715.50","6,760.00","6,756.45","6,808.89","9,03,940","6,15,48,29,122.40","1,28,810","3,76,259",41.62
MARUTI,EQ,2018-10-22,"6,756.45","6,818.00","6,905.00","6,722.05","6,827.00","6,812.20","6,828.04","7,74,016","5,28,50,12,306.10","81,920","2,91,472",37.66
MARUTI,EQ,2018-10-23,"6,812.20","6,779.00","6,857.00","6,666.00","6,785.00","6,771.30","6,761.60","7,34,440","4,96,59,90,372.50","1,07,060","2,94,847",40.15
MARUTI,EQ,2018-10-24,"6,771.30","6,850.00","6,885.00","6,690.00","6,750.05","6,768.30","6,769.63","6,81,526","4,61,36,78,882.85","82,132","2,18,529",32.06
MARUTI,EQ,2018-10-25,"6,768.30","6,700.00","6,853.70","6,620.20","6,725.00","6,723.20","6,715.70","21,01,936","14,11,59,67,044.90","2,12,468","6,21,554",29.57
MARUTI,EQ,2018-10-26,"6,723.20","6,750.00","6,795.00","6,500.00","6,705.00","6,717.30","6,709.99","8,74,526","5,86,80,56,515.70","1,07,735","2,42,307",27.71
MARUTI,EQ,2018-10-29,"6,717.30","6,722.00","6,810.00","6,691.05","6,800.00","6,798.70","6,757.99","5,05,428","3,41,56,75,984.45","60,608","1,25,596",24.85
MARUTI,EQ,2018-10-30,"6,798.70","6,798.00","6,868.95","6,675.20","6,687.40","6,697.00","6,777.51","7,71,389","5,22,80,95,858.15","92,315","2,99,092",38.77
MARUTI,EQ,2018-10-31,"6,697.00","6,760.00","6,760.00","6,500.00","6,600.00","6,616.40","6,587.75","13,15,746","8,66,78,03,735.70","1,56,184","5,16,444",39.25
MARUTI,EQ,2018-11-01,"6,616.40","6,648.95","6,739.95","6,600.00","6,702.00","6,711.75","6,680.99","8,42,039","5,62,56,56,731.95","1,05,325","2,34,784",27.88
MARUTI,EQ,2018-11-02,"6,711.75","6,769.80","7,159.00","6,750.05","7,135.50","7,135.45","7,012.52","18,34,118","12,86,17,83,274.75","1,86,815","6,37,470",34.76
MARUTI,EQ,2018-11-05,"7,135.45","7,138.00","7,254.70","7,060.05","7,165.00","7,177.25","7,187.58","10,40,315","7,47,73,43,532.50","1,24,693","3,67,060",35.28
MARUTI,EQ,2018-11-06,"7,177.25","7,195.00","7,238.00","7,050.00","7,059.00","7,075.00","7,131.54","6,67,413","4,75,96,85,186.85","73,701","2,14,358",32.12
MARUTI,EQ,2018-11-07,"7,075.00","7,140.00","7,143.00","7,090.00","7,119.00","7,127.90","7,124.05","1,27,507","90,83,66,502.20","16,406","42,281",33.16
MARUTI,EQ,2018-11-09,"7,127.90","7,130.00","7,315.00","7,040.85","7,276.45","7,283.50","7,235.45","9,86,090","7,13,48,00,150.00","1,33,000","3,98,978",40.46
MARUTI,EQ,2018-11-12,"7,283.50","7,300.00","7,352.50","7,052.00","7,057.70","7,087.80","7,193.93","6,87,443","4,94,54,17,990.60","87,178","2,15,795",31.39
MARUTI,EQ,2018-11-13,"7,087.80","7,049.95","7,168.75","7,021.00","7,140.00","7,150.45","7,117.04","5,72,295","4,07,30,44,268.90","73,260","1,05,195",18.38
MARUTI,EQ,2018-11-14,"7,150.45","7,180.10","7,409.00","7,180.10","7,350.20","7,369.05","7,300.09","11,12,945","8,12,45,99,471.15","1,31,257","4,14,038",37.2
MARUTI,EQ,2018-11-15,"7,369.05","7,378.90","7,515.10","7,333.55","7,459.60","7,478.30","7,454.84","10,48,278","7,81,47,41,020.10","1,25,768","4,33,751",41.38
MARUTI,EQ,2018-11-16,"7,478.30","7,500.00","7,544.05","7,302.55","7,340.00","7,341.20","7,422.99","8,06,420","5,98,60,49,737.60","99,480","2,64,918",32.85
MARUTI,EQ,2018-11-19,"7,341.20","7,360.00","7,449.00","7,290.00","7,444.75","7,411.65","7,356.99","5,77,408","4,24,79,82,872.25","80,709","1,79,405",31.07
MARUTI,EQ,2018-11-20,"7,411.65","7,411.65","7,444.50","7,311.65","7,323.60","7,333.95","7,374.40","6,37,243","4,69,92,86,893.65","83,909","1,88,564",29.59
MARUTI,EQ,2018-11-21,"7,333.95","7,340.00","7,466.00","7,331.50","7,419.00","7,424.50","7,394.39","7,01,156","5,18,46,21,116.15","85,499","2,44,433",34.86
MARUTI,EQ,2018-11-22,"7,424.50","7,393.95","7,480.00","7,361.20","7,390.05","7,411.10","7,427.17","6,68,352","4,96,39,62,368.85","93,783","2,11,052",31.58
MARUTI,EQ,2018-11-26,"7,411.10","7,425.00","7,577.75","7,387.30","7,565.00","7,554.70","7,492.68","8,99,481","6,73,95,26,984.30","1,01,376","3,19,149",35.48
MARUTI,EQ,2018-11-27,"7,554.70","7,570.00","7,657.80","7,500.75","7,650.00","7,647.60","7,594.62","7,83,389","5,94,95,40,660.20","88,904","2,60,971",33.31
MARUTI,EQ,2018-11-28,"7,647.60","7,658.00","7,680.50","7,549.60","7,550.20","7,574.20","7,612.09","6,86,734","5,22,74,77,889.45","72,251","2,61,793",38.12
MARUTI,EQ,2018-11-29,"7,574.20","7,613.00","7,642.00","7,531.00","7,546.80","7,546.75","7,578.45","7,25,583","5,49,87,94,474.30","60,407","3,61,074",49.76
MARUTI,EQ,2018-11-30,"7,546.75","7,574.00","7,727.00","7,570.05","7,649.00","7,661.60","7,665.85","8,69,715","6,66,71,08,302.90","99,703","3,36,489",38.69
MARUTI,EQ,2018-12-03,"7,661.60","7,688.50","7,800.00","7,630.10","7,773.80","7,779.95","7,714.77","7,72,869","5,96,25,08,014.65","81,780","2,23,486",28.92
MARUTI,EQ,2018-12-04,"7,779.95","7,780.00","7,784.95","7,701.00","7,715.00","7,721.65","7,730.29","5,51,195","4,26,08,96,474.60","70,895","1,88,286",34.16
MARUTI,EQ,2018-12-05,"7,721.65","7,696.70","7,739.90","7,520.00","7,546.90","7,554.05","7,639.45","7,04,296","5,38,04,36,339.15","80,941","3,00,147",42.62
MARUTI,EQ,2018-12-06,"7,554.05","7,450.05","7,486.30","7,180.00","7,201.00","7,209.70","7,277.83","13,39,030","9,74,52,30,364.85","1,50,020","4,57,201",34.14
MARUTI,EQ,2018-12-07,"7,209.70","7,244.00","7,349.95","7,201.00","7,315.10","7,313.95","7,288.07","6,88,881","5,02,06,10,745.60","73,287","1,66,833",24.22
MARUTI,EQ,2018-12-10,"7,313.95","7,200.00","7,395.00","7,170.00","7,325.00","7,350.50","7,315.00","7,85,024","5,74,24,50,933.30","89,077","2,42,388",30.88
MARUTI,EQ,2018-12-11,"7,350.50","7,240.50","7,346.00","7,215.55","7,305.00","7,305.35","7,281.39","8,43,166","6,13,94,20,477.95","1,04,002","2,88,500",34.22
MARUTI,EQ,2018-12-12,"7,305.35","7,340.00","7,507.30","7,295.00","7,464.50","7,471.85","7,455.41","6,43,037","4,79,41,03,557.50","72,063","1,97,880",30.77
MARUTI,EQ,2018-12-13,"7,471.85","7,477.50","7,700.00","7,477.50","7,666.50","7,670.50","7,622.80","8,81,204","6,71,72,37,950.00","1,01,662","2,48,106",28.16
MARUTI,EQ,2018-12-14,"7,670.50","7,684.00","7,690.00","7,545.95","7,676.00","7,662.15","7,613.76","6,76,653","5,15,18,71,526.70","90,491","2,08,083",30.75
MARUTI,EQ,2018-12-17,"7,662.15","7,691.90","7,800.00","7,650.00","7,717.65","7,734.05","7,739.25","7,12,296","5,51,26,38,446.40","89,891","1,74,341",24.48
MARUTI,EQ,2018-12-18,"7,734.05","7,710.00","7,785.00","7,655.00","7,768.00","7,772.35","7,732.85","6,58,919","5,09,53,20,404.95","73,064","1,60,395",24.34
MARUTI,EQ,2018-12-19,"7,772.35","7,781.00","7,949.75","7,781.00","7,915.10","7,936.00","7,886.00","8,56,358","6,75,32,41,146.05","1,05,351","3,06,096",35.74
MARUTI,EQ,2018-12-20,"7,936.00","7,850.00","7,919.00","7,763.65","7,812.30","7,807.05","7,845.50","8,24,303","6,46,70,70,333.10","84,180","2,42,794",29.45
MARUTI,EQ,2018-12-21,"7,807.05","7,830.00","7,835.00","7,515.00","7,539.00","7,536.30","7,618.48","12,57,227","9,57,81,52,697.90","1,47,049","3,88,751",30.92
MARUTI,EQ,2018-12-24,"7,536.30","7,560.00","7,595.65","7,470.00","7,529.15","7,529.15","7,533.81","6,11,297","4,60,53,94,253.10","61,083","61,722",10.1
MARUTI,EQ,2018-12-26,"7,529.15","7,488.00","7,600.00","7,402.00","7,552.50","7,569.10","7,507.34","5,94,156","4,46,05,33,827.70","61,884","83,624",14.07
MARUTI,EQ,2018-12-27,"7,569.10","7,649.00","7,668.85","7,479.30","7,501.10","7,499.95","7,575.64","7,04,523","5,33,72,16,115.20","63,646","1,16,051",16.47
MARUTI,EQ,2018-12-28,"7,499.95","7,548.00","7,580.00","7,490.00","7,518.00","7,505.55","7,529.16","6,16,845","4,64,43,27,086.45","69,397","1,61,648",26.21
MARUTI,EQ,2018-12-31,"7,505.55","7,550.00","7,572.75","7,443.10","7,452.00","7,465.50","7,516.95","5,47,975","4,11,91,01,631.50","55,374","1,37,752",25.14
MARUTI,EQ,2019-01-01,"7,465.50","7,449.75","7,494.00","7,395.00","7,476.85","7,476.80","7,443.84","6,25,360","4,65,50,79,100.35","55,211","56,614",9.05
MARUTI,EQ,2019-01-02,"7,476.80","7,445.00","7,460.00","7,244.00","7,269.00","7,267.85","7,338.30","8,91,844","6,54,46,20,434.90","97,563","2,82,890",31.72
MARUTI,EQ,2019-01-03,"7,267.85","7,280.00","7,350.00","7,185.60","7,191.00","7,203.95","7,271.97","7,15,168","5,20,06,78,866.40","86,856","2,16,975",30.34
MARUTI,EQ,2019-01-04,"7,203.95","7,239.00","7,309.00","7,161.20","7,249.95","7,234.50","7,236.84","7,74,445","5,60,45,32,562.90","76,134","1,54,216",19.91
MARUTI,EQ,2019-01-07,"7,234.50","7,310.00","7,407.00","7,300.00","7,376.00","7,362.05","7,360.72","6,87,845","5,06,30,34,150.55","66,024","2,34,828",34.14
MARUTI,EQ,2019-01-08,"7,362.05","7,380.00","7,454.80","7,322.10","7,440.00","7,439.50","7,400.56","5,16,841","3,82,49,10,448.40","59,758","1,46,377",28.32
MARUTI,EQ,2019-01-09,"7,439.50","7,460.50","7,529.00","7,414.00","7,481.00","7,492.90","7,490.62","7,40,580","5,54,74,04,597.15","77,462","2,73,866",36.98
MARUTI,EQ,2019-01-10,"7,492.90","7,500.00","7,511.00","7,360.15","7,367.00","7,391.60","7,444.34","4,52,699","3,37,00,45,089.95","48,105","1,35,341",29.90
MARUTI,EQ,2019-01-11,"7,391.60","7,382.70","7,400.00","7,282.00","7,307.00","7,320.50","7,332.02","4,88,399","3,58,09,50,024.20","52,691","1,47,844",30.27
MARUTI,EQ,2019-01-14,"7,320.50","7,330.00","7,433.35","7,257.00","7,425.00","7,408.70","7,336.79","4,24,152","3,11,19,15,153.25","53,821","87,990",20.74
MARUTI,EQ,2019-01-15,"7,408.70","7,430.00","7,470.00","7,317.00","7,349.00","7,355.15","7,381.23","4,91,196","3,62,56,28,249.45","62,664","1,33,373",27.15
MARUTI,EQ,2019-01-16,"7,355.15","7,349.50","7,384.00","7,291.10","7,304.05","7,310.25","7,329.03","4,24,769","3,11,31,43,898.70","52,831","1,17,708",27.71
MARUTI,EQ,2019-01-17,"7,310.25","7,339.00","7,398.95","7,307.50","7,330.00","7,336.25","7,352.95","4,62,725","3,40,23,92,796.55","58,345","1,43,639",31.04
MARUTI,EQ,2019-01-18,"7,336.25","7,345.00","7,379.95","7,318.00","7,370.00","7,357.95","7,350.76","3,34,555","2,45,92,32,487.00","36,092","1,13,631",33.96
MARUTI,EQ,2019-01-21,"7,357.95","7,358.00","7,380.00","7,161.00","7,188.00","7,208.40","7,266.86","6,54,537","4,75,64,31,916.75","99,182","2,81,325",42.98
MARUTI,EQ,2019-01-22,"7,208.40","7,180.00","7,180.00","7,054.50","7,056.00","7,068.85","7,095.48","8,96,521","6,36,12,44,400.55","1,28,669","3,28,030",36.59
MARUTI,EQ,2019-01-23,"7,068.85","7,050.00","7,132.25","7,025.00","7,044.00","7,045.40","7,065.07","7,02,474","4,96,30,30,699.60","67,947","1,67,068",23.78
MARUTI,EQ,2019-01-24,"7,045.40","7,059.90","7,098.00","7,014.40","7,058.70","7,040.60","7,058.58","5,20,703","3,67,54,24,081.60","58,624","1,36,838",26.28
MARUTI,EQ,2019-01-25,"7,040.60","7,054.00","7,133.00","6,410.00","6,469.90","6,513.40","6,687.48","30,62,762","20,48,21,45,241.70","2,79,196","10,18,169",33.24
MARUTI,EQ,2019-01-28,"6,513.40","6,512.50","6,610.00","6,317.70","6,510.50","6,511.05","6,463.35","23,98,091","15,49,97,07,388.90","2,64,941",-,-
MARUTI,EQ,2019-01-29,"6,511.05","6,480.00","6,619.15","6,447.40","6,520.00","6,526.95","6,538.70","11,01,399","7,20,17,12,458.35","1,24,843","3,74,079",33.96
MARUTI,EQ,2019-01-30,"6,526.95","6,559.00","6,588.00","6,508.00","6,565.00","6,548.25","6,542.56","5,83,773","3,81,93,71,533.70","70,798","2,43,280",41.67
MARUTI,EQ,2019-01-31,"6,548.25","6,575.00","6,660.05","6,460.05","6,635.00","6,641.15","6,548.88","9,26,270","6,06,60,27,944.50","1,10,666","3,94,294",42.57
MARUTI,EQ,2019-02-01,"6,641.15","6,679.00","7,204.00","6,652.55","6,930.00","6,962.30","6,951.19","25,45,419","17,69,36,98,166.80","2,63,029","7,15,227",28.10
MARUTI,EQ,2019-02-04,"6,962.30","6,975.00","7,039.00","6,851.65","7,005.65","6,988.20","6,954.72","6,58,776","4,58,16,05,508.05","76,227","1,34,185",20.37
MARUTI,EQ,2019-02-05,"6,988.20","6,995.00","7,125.00","6,985.40","7,125.00","7,093.60","7,059.63","6,81,498","4,81,11,21,560.20","73,807","2,14,352",31.45
MARUTI,EQ,2019-02-06,"7,093.60","7,120.00","7,220.00","7,067.00","7,195.05","7,183.40","7,140.65","5,67,827","4,05,46,52,959.75","61,950","1,51,919",26.75
MARUTI,EQ,2019-02-07,"7,183.40","7,201.00","7,320.00","7,185.10","7,286.00","7,302.55","7,272.30","6,90,174","5,01,91,53,995.30","76,768","2,10,891",30.56
MARUTI,EQ,2019-02-08,"7,302.55","7,270.00","7,300.00","7,100.00","7,115.20","7,134.25","7,191.38","5,76,159","4,14,33,78,212.10","78,367","1,52,964",26.55
MARUTI,EQ,2019-02-11,"7,134.25","7,150.00","7,209.95","7,051.10","7,198.65","7,177.90","7,133.32","5,02,244","3,58,26,69,583.60","63,736","76,418",15.22
MARUTI,EQ,2019-02-12,"7,177.90","7,193.00","7,230.00","7,127.95","7,141.00","7,162.50","7,188.98","4,94,592","3,55,56,09,756.80","65,794","1,24,192",25.11
MARUTI,EQ,2019-02-13,"7,162.50","7,157.00","7,165.00","6,994.35","7,061.00","7,028.25","7,082.84","5,63,690","3,99,25,25,118.35","87,718","1,69,043",29.99
MARUTI,EQ,2019-02-14,"7,028.25","7,036.70","7,111.20","6,990.00","7,039.90","7,017.50","7,040.30","6,22,311","4,38,12,58,068.75","78,325","2,01,614",32.40
MARUTI,EQ,2019-02-15,"7,017.50","7,027.40","7,058.70","6,900.00","6,915.00","6,930.05","6,972.04","7,68,798","5,36,00,92,163.50","85,622","2,70,670",35.21
MARUTI,EQ,2019-02-18,"6,930.05","6,964.70","6,997.80","6,817.00","6,834.95","6,842.70","6,877.06","5,09,963","3,50,70,46,836.70","67,398","1,45,375",28.51
MARUTI,EQ,2019-02-19,"6,842.70","6,855.00","6,915.90","6,771.00","6,815.00","6,804.55","6,866.95","4,93,861","3,39,13,20,281.95","59,750","1,24,406",25.19
MARUTI,EQ,2019-02-20,"6,804.55","6,842.00","6,888.00","6,804.40","6,849.95","6,849.90","6,844.34","5,34,284","3,65,68,18,737.95","58,220","2,32,211",43.46
MARUTI,EQ,2019-02-21,"6,849.90","6,868.95","6,879.65","6,715.00","6,818.05","6,801.55","6,779.81","7,22,938","4,90,13,79,180.85","90,347","2,31,221",31.98
MARUTI,EQ,2019-02-22,"6,801.55","6,827.00","6,939.00","6,819.05","6,919.00","6,912.40","6,899.91","7,64,535","5,27,52,20,020.00","67,465","2,99,071",39.12
MARUTI,EQ,2019-02-25,"6,912.40","6,948.00","6,984.90","6,870.05","6,930.20","6,924.90","6,926.21","4,95,728","3,43,35,18,426.20","62,728","1,40,476",28.34
MARUTI,EQ,2019-02-26,"6,924.90","6,885.00","6,975.00","6,812.60","6,900.00","6,904.30","6,895.74","6,73,415","4,64,36,95,673.40","67,933","1,75,993",26.13
MARUTI,EQ,2019-02-27,"6,904.30","6,943.00","7,048.00","6,853.20","6,947.25","6,968.50","6,960.32","9,61,829","6,69,46,36,021.55","1,00,907","2,75,595",28.65
MARUTI,EQ,2019-02-28,"6,968.50","7,010.00","7,040.00","6,801.00","6,831.95","6,829.70","6,881.48","10,31,563","7,09,86,85,243.80","1,20,214","3,63,696",35.26
MARUTI,EQ,2019-03-01,"6,829.70","6,876.80","6,950.00","6,827.25","6,938.95","6,935.15","6,894.86","7,68,822","5,30,09,20,300.50","70,081","1,99,576",25.96
MARUTI,EQ,2019-03-05,"6,935.15","6,950.00","7,158.15","6,894.45","7,130.00","7,117.75","7,040.88","8,38,538","5,90,40,42,757.90","88,633","2,54,992",30.41
MARUTI,EQ,2019-03-06,"7,117.75","7,137.85","7,144.90","7,010.00","7,053.00","7,056.90","7,071.79","5,57,197","3,94,03,79,306.10","57,525","1,49,798",26.88
MARUTI,EQ,2019-03-07,"7,056.90","7,078.00","7,092.50","7,002.00","7,020.00","7,029.05","7,036.35","3,96,771","2,79,18,20,856.35","48,429","1,43,098",36.07
MARUTI,EQ,2019-03-08,"7,029.05","6,975.00","7,025.00","6,951.00","6,960.00","6,967.70","6,987.80","4,86,432","3,39,90,88,644.55","53,304","1,28,275",26.37
MARUTI,EQ,2019-03-11,"6,967.70","6,980.00","7,121.60","6,975.00","7,068.05","7,081.90","7,075.19","7,20,905","5,10,05,41,634.55","87,743","2,95,672",41.01
MARUTI,EQ,2019-03-12,"7,081.90","7,097.00","7,232.00","7,096.00","7,130.30","7,157.20","7,182.59","8,28,847","5,95,32,69,620.75","79,990","2,82,481",34.08
MARUTI,EQ,2019-03-13,"7,157.20","7,177.00","7,202.95","7,050.00","7,094.00","7,091.05","7,111.31","5,34,982","3,80,44,21,750.75","60,144","1,60,090",29.92
MARUTI,EQ,2019-03-14,"7,091.05","7,103.00","7,148.00","7,047.25","7,091.00","7,086.30","7,086.66","5,84,482","4,14,20,23,832.20","77,800","2,08,109",35.61
MARUTI,EQ,2019-03-15,"7,086.30","7,109.00","7,157.00","7,060.00","7,103.60","7,084.00","7,098.49","8,61,945","6,11,85,08,750.45","68,340","4,78,516",55.52
MARUTI,EQ,2019-03-18,"7,084.00","7,077.45","7,077.45","6,776.60","6,902.00","6,909.10","6,877.73","15,25,653","10,49,30,33,072.60","2,03,794","6,63,894",43.52
MARUTI,EQ,2019-03-19,"6,909.10","6,900.00","6,901.95","6,809.25","6,816.00","6,825.20","6,849.50","8,16,763","5,59,44,19,494.95","86,822","3,81,843",46.75
MARUTI,EQ,2019-03-20,"6,825.20","6,860.00","6,860.00","6,650.00","6,652.00","6,673.55","6,743.05","10,17,560","6,86,14,55,439.25","1,22,454","4,28,875",42.15
MARUTI,EQ,2019-03-22,"6,673.55","6,567.00","6,716.30","6,532.35","6,555.00","6,552.70","6,595.68","17,15,983","11,31,80,68,782.30","1,46,685","8,31,869",48.48
MARUTI,BL,2019-03-22,"9,074.35","6,673.55","6,673.55","6,673.55","6,673.55","6,673.55","6,673.55","52,597","35,10,08,709.35",1,"52,597",100.00
MARUTI,EQ,2019-03-25,"6,552.70","6,515.00","6,621.00","6,491.20","6,520.00","6,522.60","6,538.23","10,93,184","7,14,74,89,392.60","1,05,876","3,68,528",33.71
MARUTI,EQ,2019-03-26,"6,522.60","6,558.00","6,600.00","6,480.00","6,595.00","6,585.70","6,541.39","9,09,087","5,94,66,95,604.85","1,00,956","3,32,174",36.54
MARUTI,EQ,2019-03-27,"6,585.70","6,628.00","6,640.00","6,500.00","6,505.05","6,518.00","6,564.08","8,87,601","5,82,62,80,100.00","95,393","3,37,095",37.98
MARUTI,EQ,2019-03-28,"6,518.00","6,535.00","6,625.00","6,501.20","6,609.80","6,596.25","6,558.69","9,49,713","6,22,88,72,558.55","1,00,996","4,12,194",43.40
MARUTI,EQ,2019-03-29,"6,596.25","6,610.00","6,775.00","6,565.10","6,672.00","6,672.55","6,699.93","14,58,092","9,76,91,19,265.40","1,48,778","5,74,358",39.39
MARUTI,EQ,2019-04-01,"6,672.55","6,730.80","6,870.00","6,700.00","6,840.00","6,840.70","6,812.42","11,42,386","7,78,24,14,880.90","1,14,137","3,07,952",26.96
MARUTI,EQ,2019-04-02,"6,840.70","6,859.45","6,900.70","6,785.50","6,890.00","6,889.70","6,862.02","8,66,805","5,94,80,33,441.40","91,325","2,84,610",32.83
MARUTI,EQ,2019-04-03,"6,889.70","6,896.00","7,098.00","6,896.00","7,091.00","7,072.90","7,021.88","14,91,021","10,46,97,74,729.35","1,15,921","6,86,335",46.03
MARUTI,EQ,2019-04-04,"7,072.90","7,120.00","7,170.00","7,061.65","7,108.90","7,113.10","7,117.87","13,88,375","9,88,22,71,361.00","1,16,312","5,80,291",41.80
MARUTI,EQ,2019-04-05,"7,113.10","7,095.00","7,143.95","7,050.00","7,103.70","7,107.70","7,102.19","7,29,603","5,18,17,79,937.60","68,649","2,72,990",37.42
MARUTI,EQ,2019-04-08,"7,107.70","7,107.00","7,150.00","7,044.70","7,127.00","7,129.45","7,102.35","4,98,374","3,53,96,27,821.20","54,468","1,70,698",34.25
MARUTI,EQ,2019-04-09,"7,129.45","7,134.00","7,235.00","7,080.00","7,230.00","7,216.55","7,155.98","7,41,669","5,30,73,71,261.10","66,791","2,74,138",36.96
MARUTI,EQ,2019-04-10,"7,216.55","7,218.95","7,218.95","7,144.60","7,176.50","7,186.35","7,179.12","5,90,107","4,23,64,48,139.60","58,826","1,64,500",27.88
MARUTI,EQ,2019-04-11,"7,186.35","7,186.95","7,220.00","7,150.00","7,196.00","7,187.85","7,181.47","6,09,539","4,37,73,88,415.50","54,248","2,56,379",42.06
MARUTI,EQ,2019-04-12,"7,187.85","7,188.90","7,357.00","7,161.05","7,348.00","7,342.85","7,280.17","9,29,935","6,77,00,86,682.85","81,115","3,02,564",32.54
MARUTI,EQ,2019-04-15,"7,342.85","7,351.05","7,389.95","7,295.00","7,352.00","7,352.50","7,344.14","5,85,205","4,29,78,29,669.50","62,806","2,13,194",36.43
MARUTI,EQ,2019-04-16,"7,352.50","7,369.90","7,475.00","7,350.00","7,460.95","7,458.55","7,437.45","7,07,823","5,26,43,97,805.80","92,307","2,50,466",35.39
MARUTI,EQ,2019-04-18,"7,458.55","7,533.10","7,539.35","7,434.05","7,440.00","7,447.45","7,478.62","7,13,163","5,33,34,78,619.75","56,292","2,70,991",38.00
MARUTI,EQ,2019-04-22,"7,447.45","7,422.00","7,424.90","7,300.00","7,325.00","7,321.25","7,350.38","4,79,609","3,52,53,06,803.55","54,650","1,93,413",40.33
MARUTI,EQ,2019-04-23,"7,321.25","7,327.00","7,388.90","7,006.00","7,061.00","7,048.90","7,231.32","9,52,628","6,88,87,61,860.05","76,805","3,85,812",40.50
MARUTI,EQ,2019-04-24,"7,048.90","7,065.00","7,101.95","6,910.00","6,994.35","7,016.70","6,989.53","10,63,510","7,43,34,34,629.20","1,22,009","3,55,176",33.40
MARUTI,EQ,2019-04-25,"7,016.70","7,014.75","7,144.95","6,865.00","6,880.00","6,905.25","6,965.15","30,75,510","21,42,14,00,565.20","2,75,395","7,87,916",25.62
MARUTI,EQ,2019-04-26,"6,905.25","6,805.00","6,886.85","6,750.00","6,844.40","6,842.85","6,805.20","19,99,920","13,60,98,55,777.05","1,74,307","7,32,024",36.60
MARUTI,EQ,2019-04-30,"6,842.85","6,700.00","6,750.00","6,630.00","6,638.60","6,666.40","6,683.07","16,40,025","10,96,04,05,883.90","1,66,409","8,27,943",50.48
MARUTI,EQ,2019-05-02,"6,666.40","6,550.00","6,709.95","6,525.00","6,670.00","6,683.25","6,643.36","13,37,101","8,88,28,41,034.60","1,15,121","4,68,278",35.02
MARUTI,EQ,2019-05-03,"6,683.25","6,675.00","6,780.00","6,675.00","6,705.50","6,710.00","6,743.66","7,95,679","5,36,57,89,580.70","67,142","3,14,151",39.48
MARUTI,EQ,2019-05-06,"6,710.00","6,659.00","6,732.00","6,639.30","6,706.25","6,709.65","6,698.71","4,80,317","3,21,75,05,520.05","50,892","1,10,501",23.01
MARUTI,EQ,2019-05-07,"6,709.65","6,744.90","6,785.25","6,680.00","6,693.00","6,702.00","6,737.56","5,86,684","3,95,28,20,674.40","69,696","1,98,757",33.88
MARUTI,EQ,2019-05-08,"6,702.00","6,679.00","6,693.00","6,616.00","6,650.00","6,650.15","6,655.70","5,52,749","3,67,89,29,102.20","59,897","2,28,920",41.41
MARUTI,EQ,2019-05-09,"6,650.15","6,637.00","6,678.00","6,600.00","6,609.85","6,624.95","6,646.86","5,70,000","3,78,87,09,570.90","71,334","2,57,451",45.17
MARUTI,EQ,2019-05-10,"6,624.95","6,623.00","6,664.90","6,575.00","6,630.00","6,631.60","6,622.41","6,08,669","4,03,08,55,439.15","75,423","2,47,688",40.69
MARUTI,EQ,2019-05-13,"6,631.60","6,626.00","6,659.30","6,500.00","6,523.00","6,543.75","6,603.04","5,55,672","3,66,91,22,665.40","74,137","2,41,880",43.53
MARUTI,EQ,2019-05-14,"6,543.75","6,511.00","6,612.00","6,450.00","6,580.00","6,576.20","6,549.98","8,43,313","5,52,36,83,293.35","92,532","4,22,207",50.07
MARUTI,EQ,2019-05-15,"6,576.20","6,590.00","6,640.00","6,463.30","6,467.00","6,493.75","6,571.26","6,12,357","4,02,39,59,332.45","71,165","2,16,633",35.38
MARUTI,EQ,2019-05-16,"6,493.75","6,506.00","6,527.30","6,441.40","6,480.00","6,479.65","6,478.72","5,55,991","3,60,21,10,443.10","53,765","2,04,499",36.78
MARUTI,EQ,2019-05-17,"6,479.65","6,497.00","6,790.00","6,485.00","6,769.95","6,706.85","6,608.78","7,82,196","5,16,93,60,544.35","82,076","2,86,662",36.65
MARUTI,EQ,2019-05-20,"6,706.85","6,875.00","7,150.00","6,860.00","7,089.00","7,084.60","7,032.43","12,86,198","9,04,50,95,148.05","1,58,544","6,12,553",47.63
MARUTI,EQ,2019-05-21,"7,084.60","7,105.00","7,137.75","6,818.00","6,871.80","6,875.35","6,988.32","9,73,836","6,80,54,78,189.20","1,32,504","3,55,326",36.49
MARUTI,EQ,2019-05-22,"6,875.35","6,877.20","6,930.55","6,841.00","6,900.00","6,899.80","6,896.05","6,45,280","4,44,98,82,435.60","84,382","3,15,350",48.87
MARUTI,EQ,2019-05-23,"6,899.80","6,996.00","7,049.10","6,830.00","6,902.20","6,929.25","6,970.56","13,64,516","9,51,14,40,775.35","1,72,058","5,86,570",42.99
MARUTI,EQ,2019-05-24,"6,929.25","6,964.95","7,120.00","6,886.75","7,090.00","7,093.15","7,027.47","10,02,742","7,04,67,39,033.35","1,15,405","4,45,518",44.43
MARUTI,EQ,2019-05-27,"7,093.15","7,095.00","7,193.90","6,900.05","7,036.65","7,068.45","7,092.46","10,22,289","7,25,05,47,210.50","1,18,094","3,69,818",36.18
MARUTI,EQ,2019-05-28,"7,068.45","7,067.00","7,130.00","7,031.50","7,043.50","7,054.65","7,071.19","9,15,732","6,47,53,12,499.80","1,00,359","5,31,607",58.05
MARUTI,EQ,2019-05-29,"7,054.65","7,001.00","7,009.00","6,870.00","6,880.00","6,891.45","6,936.62","7,68,022","5,32,74,77,410.35","77,100","3,25,040",42.32
MARUTI,EQ,2019-05-30,"6,891.45","6,890.00","6,921.00","6,825.00","6,847.55","6,867.70","6,872.77","8,50,456","5,84,49,91,842.60","75,608","4,66,690",54.88
MARUTI,EQ,2019-05-31,"6,867.70","6,891.00","6,961.30","6,825.00","6,830.00","6,869.85","6,894.50","10,84,204","7,47,50,47,661.45","95,717","4,44,436",40.99
MARUTI,EQ,2019-06-03,"6,869.85","6,760.00","7,055.00","6,760.00","7,035.05","7,022.90","6,952.57","11,57,809","8,04,97,48,466.80","1,03,872","3,07,974",26.60
MARUTI,EQ,2019-06-04,"7,022.90","7,000.00","7,099.00","6,971.75","7,080.65","7,051.80","7,020.96","5,75,281","4,03,90,23,299.50","61,414","1,74,369",30.31
MARUTI,EQ,2019-06-06,"7,051.80","7,060.20","7,099.00","6,928.00","6,980.00","6,988.70","7,023.41","7,20,856","5,06,28,65,011.65","82,118","2,47,521",34.34
MARUTI,EQ,2019-06-07,"6,988.70","6,990.00","6,990.00","6,862.65","6,950.00","6,948.25","6,939.99","4,70,376","3,26,44,02,531.70","58,091","1,34,510",28.60
MARUTI,EQ,2019-06-10,"6,948.25","6,980.00","7,043.30","6,922.00","6,995.00","6,969.95","6,974.91","3,95,116","2,75,58,98,692.85","50,060","98,232",24.86
MARUTI,EQ,2019-06-11,"6,969.95","6,989.95","7,018.20","6,930.00","6,963.70","6,978.30","6,970.40","3,87,309","2,69,96,97,432.70","51,692","1,46,934",37.94
MARUTI,EQ,2019-06-12,"6,978.30","6,963.80","6,967.95","6,825.05","6,866.00","6,852.00","6,881.07","4,94,886","3,40,53,46,796.10","61,309","1,45,137",29.33
MARUTI,EQ,2019-06-13,"6,852.00","6,843.00","6,863.70","6,766.30","6,770.00","6,784.70","6,809.00","5,61,159","3,82,09,31,953.05","64,664","2,36,670",42.18
MARUTI,EQ,2019-06-14,"6,784.70","6,775.00","6,839.00","6,727.35","6,744.00","6,747.40","6,768.04","4,49,930","3,04,51,44,274.75","47,943","1,22,815",27.30
MARUTI,EQ,2019-06-17,"6,747.40","6,749.40","6,768.05","6,560.50","6,590.00","6,581.65","6,645.88","5,67,397","3,77,08,50,931.75","70,473","2,44,986",40.10
MARUTI,EQ,2019-06-18,"6,581.65","6,604.50","6,649.00","6,390.00","6,485.00","6,439.00","6,512.14","10,48,826","6,83,01,01,386.40","98,693","3,92,537",35.76
MARUTI,EQ,2019-06-19,"6,439.00","6,485.00","6,560.65","6,380.00","6,389.95","6,424.65","6,476.71","7,15,496","4,63,40,56,851.05","72,465","1,79,150",25.04
MARUTI,EQ,2019-06-20,"6,424.65","6,390.00","6,649.00","6,340.25","6,629.00","6,616.75","6,486.49","9,92,450","6,43,75,16,526.25","91,432","3,61,244",36.40
MARUTI,EQ,2019-06-21,"6,616.75","6,549.00","6,549.00","6,370.20","6,425.00","6,417.25","6,443.31","13,45,890","8,67,19,83,752.55","1,43,708","3,97,989",29.57
MARUTI,EQ,2019-06-24,"6,417.25","6,411.00","6,497.10","6,322.85","6,456.00","6,459.90","6,417.75","9,11,826","5,85,18,67,572.65","87,935","2,19,825",24.11
MARUTI,EQ,2019-06-25,"6,459.90","6,459.00","6,540.00","6,427.35","6,509.00","6,522.50","6,501.51","5,80,392","3,77,34,26,143.70","55,789","1,71,883",29.61
MARUTI,EQ,2019-06-26,"6,522.50","6,519.00","6,557.80","6,460.10","6,468.00","6,480.30","6,501.77","5,72,239","3,72,05,65,277.75","56,207","1,72,173",30.09
MARUTI,EQ,2019-06-27,"6,480.30","6,496.20","6,575.00","6,475.00","6,482.00","6,486.70","6,521.87","10,22,011","6,66,54,26,409.50","1,11,315","3,86,311",37.80
MARUTI,EQ,2019-06-28,"6,486.70","6,500.00","6,550.00","6,475.00","6,539.00","6,534.65","6,523.49","6,18,701","4,03,60,89,916.30","59,961","1,66,944",26.98
MARUTI,EQ,2019-07-01,"6,534.65","6,600.00","6,618.00","6,490.00","6,501.00","6,507.85","6,528.23","7,54,667","4,92,66,40,760.05","64,626","1,31,425",17.41
MARUTI,EQ,2019-07-02,"6,507.85","6,510.05","6,588.80","6,482.00","6,582.00","6,560.00","6,528.06","5,18,084","3,38,20,83,492.90","45,162","1,23,163",23.77
MARUTI,EQ,2019-07-03,"6,560.00","6,582.00","6,590.00","6,515.05","6,532.35","6,533.80","6,554.19","5,17,709","3,39,31,65,296.30","44,855","1,57,061",30.34
MARUTI,EQ,2019-07-04,"6,533.80","6,540.00","6,588.00","6,510.20","6,531.00","6,544.45","6,555.09","5,76,449","3,77,86,73,868.75","52,529","1,90,463",33.04
MARUTI,EQ,2019-07-05,"6,544.45","6,547.20","6,579.00","6,300.00","6,320.00","6,360.00","6,483.81","8,66,460","5,61,79,65,484.55","80,160","3,55,385",41.02
MARUTI,EQ,2019-07-08,"6,360.00","6,280.10","6,283.15","5,985.65","6,052.85","6,038.70","6,091.11","19,27,495","11,74,05,85,131.45","2,02,330","6,85,092",35.54
MARUTI,EQ,2019-07-09,"6,038.70","6,060.00","6,070.00","5,910.00","5,950.00","5,945.45","5,990.44","13,37,999","8,01,51,96,039.80","1,49,864","4,42,584",33.08
MARUTI,EQ,2019-07-10,"5,945.45","5,959.00","5,995.00","5,900.00","5,920.00","5,927.90","5,939.74","8,09,385","4,80,75,36,078.95","89,147","2,17,619",26.89
MARUTI,EQ,2019-07-11,"5,927.90","5,974.00","6,050.00","5,930.00","6,013.00","6,031.20","5,992.93","7,79,113","4,66,91,72,506.70","74,508","2,05,315",26.35
MARUTI,EQ,2019-07-12,"6,031.20","6,017.70","6,090.00","5,951.95","5,956.00","5,971.45","6,024.52","7,19,883","4,33,69,51,396.55","78,770","1,94,720",27.05
MARUTI,EQ,2019-07-15,"5,971.45","5,980.00","6,096.00","5,955.00","6,079.95","6,079.70","6,038.46","6,75,004","4,07,59,87,631.85","68,190","2,28,313",33.82
MARUTI,EQ,2019-07-16,"6,079.70","6,079.95","6,172.00","6,056.00","6,153.95","6,158.05","6,134.82","6,27,259","3,84,81,23,380.45","61,750","2,07,477",33.08
MARUTI,EQ,2019-07-17,"6,158.05","6,168.00","6,174.00","6,050.00","6,059.00","6,075.70","6,109.23","5,98,778","3,65,80,71,964.80","56,232","2,33,217",38.95
MARUTI,EQ,2019-07-18,"6,075.70","6,054.40","6,055.70","5,857.50","5,875.00","5,882.35","5,938.43","10,97,857","6,51,95,42,734.40","1,05,839","3,62,847",33.05
MARUTI,EQ,2019-07-19,"5,882.35","5,885.00","5,910.95","5,710.10","5,775.00","5,769.10","5,791.16","12,28,672","7,11,54,41,159.25","1,45,071","4,28,768",34.90
MARUTI,EQ,2019-07-22,"5,769.10","5,780.00","5,940.00","5,745.05","5,910.00","5,912.50","5,868.62","8,97,510","5,26,71,43,187.25","88,243","2,24,319",24.99
MARUTI,EQ,2019-07-23,"5,912.50","5,910.00","5,972.40","5,820.20","5,855.30","5,873.75","5,898.71","8,41,517","4,96,38,68,755.65","88,218","2,76,328",32.84
MARUTI,EQ,2019-07-24,"5,873.75","5,865.00","5,865.00","5,725.30","5,765.05","5,768.00","5,791.11","8,00,687","4,63,68,70,286.85","97,250","3,46,028",43.22
MARUTI,EQ,2019-07-25,"5,768.00","5,789.10","5,844.95","5,701.05","5,747.50","5,756.75","5,762.53","9,90,461","5,70,75,58,859.25","83,962","3,77,503",38.11
MARUTI,EQ,2019-07-26,"5,756.75","5,728.00","5,955.00","5,683.90","5,820.00","5,805.65","5,804.34","23,46,714","13,62,11,32,997.85","2,01,684","5,21,217",22.21
MARUTI,EQ,2019-07-29,"5,805.65","5,770.00","5,770.00","5,540.00","5,545.00","5,561.25","5,618.36","15,48,125","8,69,79,30,742.80","1,30,316","4,51,320",29.15
MARUTI,EQ,2019-07-30,"5,561.25","5,562.00","5,644.85","5,492.00","5,521.80","5,507.15","5,554.32","11,89,163","6,60,49,91,463.35","1,19,245","2,64,345",22.23
MARUTI,EQ,2019-07-31,"5,507.15","5,525.80","5,582.30","5,446.05","5,470.00","5,469.70","5,516.50","10,53,202","5,80,99,90,797.55","1,07,035","3,26,382",30.99
MARUTI,EQ,2019-08-01,"5,469.70","5,469.70","5,615.00","5,450.00","5,586.00","5,572.60","5,509.86","11,34,178","6,24,91,65,414.15","1,31,995","2,72,877",24.06
MARUTI,EQ,2019-08-02,"5,572.60","5,539.60","5,724.00","5,485.00","5,710.00","5,689.35","5,627.21","13,91,678","7,83,12,66,660.15","1,41,373","3,01,250",21.65
MARUTI,EQ,2019-08-05,"5,689.35","5,600.00","5,695.00","5,452.00","5,667.50","5,670.35","5,594.63","11,22,496","6,27,99,49,817.65","1,12,301","2,81,501",25.08
MARUTI,EQ,2019-08-06,"5,670.35","5,640.00","5,849.00","5,640.00","5,830.00","5,833.30","5,774.41","11,25,521","6,49,92,21,773.80","1,21,115","3,86,940",34.38
MARUTI,EQ,2019-08-07,"5,833.30","5,833.95","5,867.00","5,735.70","5,736.00","5,775.00","5,797.06","9,55,090","5,53,67,12,222.70","94,517","3,14,935",32.97
MARUTI,EQ,2019-08-08,"5,775.00","5,725.00","5,947.00","5,725.00","5,934.25","5,902.25","5,804.27","8,31,725","4,82,75,58,066.00","79,045","2,12,115",25.50
MARUTI,EQ,2019-08-09,"5,902.25","5,937.65","6,155.00","5,927.20","6,100.25","6,099.90","6,052.75","14,45,079","8,74,67,06,387.25","1,39,928","3,44,775",23.86
MARUTI,EQ,2019-08-13,"6,099.90","6,099.70","6,123.00","5,791.55","5,792.00","5,815.45","5,906.60","9,09,354","5,37,11,87,419.40","92,700","2,75,322",30.28
MARUTI,EQ,2019-08-14,"5,815.45","5,792.00","5,933.40","5,710.00","5,823.00","5,816.00","5,831.34","10,30,939","6,01,17,58,849.75","1,14,881","2,07,013",20.08
MARUTI,EQ,2019-08-16,"5,816.00","5,805.00","5,995.00","5,590.00","5,970.00","5,975.05","5,885.70","12,07,075","7,10,44,81,192.15","1,29,048","2,05,790",17.05
MARUTI,EQ,2019-08-19,"5,975.05","5,999.00","6,024.40","5,911.60","6,003.00","5,982.55","5,974.86","9,02,389","5,39,16,43,802.50","85,283","1,87,046",20.73
MARUTI,EQ,2019-08-20,"5,982.55","6,003.00","6,233.00","5,959.05","6,223.00","6,190.95","6,124.73","21,98,337","13,46,42,11,807.00","1,65,532","7,96,418",36.23
MARUTI,EQ,2019-08-21,"6,190.95","6,223.00","6,276.00","6,141.00","6,250.90","6,228.90","6,219.46","21,28,640","13,23,89,83,427.15","1,64,691","6,78,600",31.88
MARUTI,EQ,2019-08-22,"6,228.90","6,200.00","6,298.50","6,168.00","6,198.00","6,208.55","6,228.18","15,51,394","9,66,23,66,526.10","1,42,240","5,35,153",34.49
MARUTI,EQ,2019-08-23,"6,208.55","6,160.00","6,279.60","6,040.00","6,250.90","6,254.35","6,175.49","12,32,405","7,61,07,00,093.90","1,38,478","2,37,375",19.26
MARUTI,EQ,2019-08-26,"6,254.35","6,460.00","6,466.70","6,116.15","6,234.15","6,255.55","6,243.79","15,52,155","9,69,13,29,741.00","1,52,471","2,70,003",17.40
MARUTI,EQ,2019-08-27,"6,255.55","6,297.50","6,340.00","6,256.00","6,260.20","6,277.75","6,297.13","10,78,065","6,78,87,15,373.95","1,07,538","2,85,385",26.47
MARUTI,EQ,2019-08-28,"6,277.75","6,248.00","6,248.00","6,070.00","6,109.95","6,103.40","6,147.63","12,42,304","7,63,72,19,530.50","1,20,487","3,41,367",27.48
MARUTI,EQ,2019-08-29,"6,103.40","6,103.40","6,198.00","6,065.00","6,150.00","6,110.20","6,127.93","10,06,756","6,16,93,30,665.55","84,377","2,77,420",27.56
MARUTI,EQ,2019-08-30,"6,110.20","6,144.00","6,159.25","6,052.90","6,108.35","6,123.75","6,111.18","7,94,518","4,85,54,45,233.15","81,325","1,68,023",21.15
MARUTI,EQ,2019-09-03,"6,123.75","6,035.00","6,130.00","6,002.25","6,049.70","6,049.70","6,064.24","11,73,373","7,11,56,11,551.35","99,898","3,55,059",30.26
MARUTI,EQ,2019-09-04,"6,049.70","6,062.00","6,076.20","5,800.00","5,805.20","5,830.75","5,892.04","19,64,992","11,57,78,05,367.15","1,61,677","6,43,073",32.73
MARUTI,EQ,2019-09-05,"5,830.75","5,805.00","5,998.00","5,791.25","5,977.40","5,968.65","5,910.61","11,49,196","6,79,24,46,704.90","98,164","1,35,033",11.75
MARUTI,EQ,2019-09-06,"5,968.65","5,997.70","6,220.00","5,962.10","6,199.90","6,186.95","6,092.33","15,24,051","9,28,50,17,702.30","1,40,253","2,46,592",16.18
MARUTI,EQ,2019-09-09,"6,186.95","6,085.00","6,366.95","6,040.00","6,355.05","6,335.50","6,220.02","20,61,193","12,82,06,59,102.80","1,77,089","6,59,132",31.98
MARUTI,EQ,2019-09-11,"6,335.50","6,330.00","6,630.00","6,285.10","6,580.00","6,597.30","6,500.22","24,92,039","16,19,88,07,339.70","1,97,737","7,30,864",29.33
MARUTI,EQ,2019-09-12,"6,597.30","6,565.00","6,640.00","6,370.00","6,398.75","6,392.05","6,491.28","18,92,862","12,28,71,02,494.45","1,52,225","3,39,532",17.94
MARUTI,EQ,2019-09-13,"6,392.05","6,434.00","6,512.80","6,340.00","6,445.70","6,450.30","6,441.54","19,29,801","12,43,08,89,061.80","1,43,210","2,76,640",14.34
MARUTI,EQ,2019-09-16,"6,450.30","6,349.90","6,489.00","6,340.10","6,399.00","6,412.75","6,417.49","13,77,371","8,83,92,61,359.35","1,21,546","2,01,181",14.61
MARUTI,EQ,2019-09-17,"6,412.75","6,410.00","6,445.85","6,110.00","6,116.30","6,130.40","6,261.06","17,06,567","10,68,49,14,766.20","1,38,251","3,44,956",20.21
MARUTI,EQ,2019-09-18,"6,130.40","6,165.00","6,211.80","5,986.60","6,105.00","6,095.05","6,083.27","19,55,137","11,89,36,28,117.15","1,54,690","3,20,209",16.38
MARUTI,EQ,2019-09-19,"6,095.05","6,139.00","6,175.00","5,942.40","5,987.70","5,971.75","6,056.96","17,21,431","10,42,66,37,456.05","1,30,046","3,23,570",18.80
MARUTI,EQ,2019-09-20,"5,971.75","6,015.00","6,949.80","5,982.45","6,601.00","6,591.95","6,513.47","48,92,962","31,87,01,57,868.40","4,07,715","12,51,204",25.57
MARUTI,EQ,2019-09-23,"6,591.95","6,676.10","7,000.00","6,676.10","6,885.10","6,897.85","6,891.10","31,40,286","21,64,00,15,382.95","2,82,219","12,92,336",41.15
MARUTI,EQ,2019-09-24,"6,897.85","6,935.00","7,177.90","6,855.00","7,033.20","7,009.10","6,996.14","23,54,230","16,47,05,32,686.50","2,24,403","4,39,089",18.65
MARUTI,EQ,2019-09-25,"7,009.10","7,000.00","7,000.00","6,602.00","6,700.00","6,638.50","6,752.87","22,96,343","15,50,69,07,735.30","2,02,225","6,59,970",28.74
MARUTI,EQ,2019-09-26,"6,638.50","6,700.00","6,899.90","6,681.05","6,855.00","6,857.45","6,809.38","18,93,865","12,89,60,40,085.80","1,53,357","3,72,831",19.69
MARUTI,EQ,2019-09-27,"6,857.45","6,860.00","6,915.00","6,735.00","6,765.30","6,773.70","6,801.12","14,57,894","9,91,53,10,112.10","1,23,866","1,48,967",10.22
MARUTI,EQ,2019-09-30,"6,773.70","6,773.00","6,809.60","6,640.00","6,700.00","6,715.80","6,698.81","12,64,165","8,46,83,98,992.15","99,286","2,33,999",18.51
MARUTI,EQ,2019-10-01,"6,715.80","6,720.00","6,850.00","6,650.00","6,786.60","6,782.00","6,762.40","14,73,158","9,96,20,77,964.40","1,26,618","1,23,077",8.35
MARUTI,EQ,2019-10-03,"6,782.00","6,786.60","6,794.95","6,680.00","6,743.10","6,754.05","6,733.72","8,50,852","5,72,94,02,012.60","89,067","1,72,543",20.28
MARUTI,EQ,2019-10-04,"6,754.05","6,793.00","6,845.90","6,618.40","6,645.95","6,649.60","6,762.15","10,65,056","7,20,20,67,211.75","93,392","1,78,145",16.73
MARUTI,EQ,2019-10-07,"6,649.60","6,674.70","6,699.00","6,558.15","6,639.00","6,629.85","6,636.21","6,96,713","4,62,35,34,607.75","68,054","90,886",13.04
MARUTI,EQ,2019-10-09,"6,629.85","6,628.00","6,743.80","6,590.00","6,730.00","6,719.55","6,691.03","10,17,731","6,80,96,64,534.60","83,048","2,18,687",21.49
MARUTI,EQ,2019-10-10,"6,719.55","6,700.00","6,742.10","6,558.25","6,624.00","6,605.45","6,639.63","9,85,523","6,54,35,13,002.35","80,370","84,641",8.59
MARUTI,EQ,2019-10-11,"6,605.45","6,626.30","6,720.00","6,626.30","6,692.80","6,698.90","6,681.63","8,35,065","5,57,95,96,060.40","63,691","1,05,040",12.58
MARUTI,EQ,2019-10-14,"6,698.90","6,697.95","6,874.55","6,696.05","6,805.40","6,821.10","6,774.60","9,63,217","6,52,54,12,654.00","72,532","2,29,446",23.82
MARUTI,EQ,2019-10-15,"6,821.10","6,811.00","7,019.00","6,809.00","6,995.00","6,985.75","6,951.84","12,76,061","8,87,09,78,185.20","98,230","1,84,230",14.44
MARUTI,EQ,2019-10-16,"6,985.75","7,003.45","7,013.90","6,895.00","6,977.00","6,975.00","6,958.16","8,76,844","6,10,12,25,216.15","84,164","2,50,951",28.62
MARUTI,EQ,2019-10-17,"6,975.00","6,977.00","7,155.55","6,940.00","7,126.00","7,123.90","7,027.01","12,48,295","8,77,17,79,630.85","89,325","4,15,007",33.25
MARUTI,EQ,2019-10-18,"7,123.90","7,081.30","7,450.00","7,061.65","7,350.00","7,302.30","7,225.40","14,63,126","10,57,16,73,041.45","1,14,860","5,56,218",38.02
MARUTI,EQ,2019-10-22,"7,302.30","7,333.00","7,392.00","7,232.00","7,262.25","7,256.25","7,313.80","9,59,552","7,01,79,69,456.70","90,739","2,29,762",23.94
MARUTI,EQ,2019-10-23,"7,256.25","7,201.05","7,472.00","7,200.00","7,415.20","7,440.25","7,381.04","12,78,695","9,43,80,98,512.75","1,03,063","2,58,231",20.19
MARUTI,EQ,2019-10-24,"7,440.25","7,460.00","7,475.00","7,271.00","7,390.00","7,391.40","7,386.60","16,58,859","12,25,33,27,172.30","1,57,094","2,76,210",16.65
MARUTI,EQ,2019-10-25,"7,391.40","7,396.50","7,509.00","7,353.85","7,460.30","7,471.15","7,442.20","13,53,615","10,07,38,77,372.65","1,64,781","2,97,170",21.95
MARUTI,EQ,2019-10-27,"7,471.15","7,477.00","7,500.00","7,392.05","7,412.00","7,422.10","7,444.90","1,28,352","95,55,68,179.00","12,869","22,464",17.50
MARUTI,EQ,2019-10-29,"7,422.10","7,416.00","7,758.70","7,381.85","7,750.00","7,721.30","7,612.92","13,96,732","10,63,32,12,797.45","1,57,536","5,05,877",36.22
MARUTI,EQ,2019-10-30,"7,721.30","7,744.00","7,753.65","7,539.70","7,562.00","7,556.95","7,625.75","12,43,366","9,48,15,92,083.20","1,27,442","3,14,143",25.27
MARUTI,EQ,2019-10-31,"7,556.95","7,612.90","7,645.00","7,502.00","7,559.45","7,559.40","7,568.25","10,67,275","8,07,74,06,378.60","1,09,160","2,94,848",27.63
MARUTI,EQ,2019-11-01,"7,559.40","7,599.95","7,649.00","7,545.10","7,602.00","7,618.65","7,603.25","11,51,035","8,75,16,11,320.35","95,019","2,12,054",18.42
MARUTI,EQ,2019-11-04,"7,618.65","7,550.00","7,625.00","7,407.45","7,429.95","7,424.00","7,494.28","8,24,953","6,18,24,28,853.75","75,458","1,62,110",19.65
MARUTI,EQ,2019-11-05,"7,424.00","7,429.95","7,541.95","7,325.00","7,395.95","7,389.00","7,421.46","12,07,089","8,95,83,57,460.85","1,00,603","2,43,140",20.14
MARUTI,EQ,2019-11-06,"7,389.00","7,395.00","7,415.00","7,295.00","7,310.00","7,311.15","7,338.92","9,23,041","6,77,41,24,387.20","76,497","3,52,481",38.19
MARUTI,EQ,2019-11-07,"7,311.15","7,357.00","7,357.00","7,241.00","7,292.10","7,287.15","7,286.46","8,77,885","6,39,66,71,247.55","75,660","2,17,058",24.73
MARUTI,EQ,2019-11-08,"7,287.15","7,286.45","7,370.00","7,178.05","7,192.65","7,200.55","7,286.11","9,83,936","7,16,90,66,091.90","75,540","2,48,436",25.25
MARUTI,EQ,2019-11-11,"7,200.55","7,160.00","7,237.45","7,074.00","7,121.30","7,137.30","7,137.71","8,64,507","6,17,06,01,866.10","82,023","2,04,279",23.63
MARUTI,EQ,2019-11-13,"7,137.30","7,130.00","7,169.85","7,095.00","7,145.00","7,154.60","7,133.06","6,87,017","4,90,05,33,229.70","59,645","1,95,757",28.49
MARUTI,EQ,2019-11-14,"7,154.60","7,160.00","7,270.00","7,160.00","7,246.00","7,247.15","7,232.45","8,02,462","5,80,37,65,744.80","68,287","1,62,744",20.28
MARUTI,EQ,2019-11-15,"7,247.15","7,300.00","7,359.00","7,116.20","7,140.00","7,147.20","7,248.07","10,49,492","7,60,67,87,177.65","86,228","2,79,058",26.59
MARUTI,EQ,2019-11-18,"7,147.20","7,150.00","7,177.00","7,075.00","7,105.05","7,098.45","7,120.09","5,37,228","3,82,51,13,892.85","48,810","82,593",15.37
MARUTI,EQ,2019-11-19,"7,098.45","7,146.00","7,155.00","7,032.00","7,054.00","7,045.45","7,078.54","7,55,114","5,34,51,01,655.45","82,585","2,47,077",32.72
MARUTI,EQ,2019-11-20,"7,045.45","7,120.00","7,218.00","7,044.00","7,120.00","7,152.75","7,144.30","12,89,948","9,21,57,71,943.10","93,566","4,32,376",33.52
MARUTI,EQ,2019-11-21,"7,152.75","7,150.00","7,200.00","7,004.80","7,017.00","7,019.05","7,106.45","7,63,454","5,42,54,44,943.40","67,829","2,33,687",30.61
MARUTI,EQ,2019-11-22,"7,019.05","7,034.00","7,077.45","7,000.00","7,065.00","7,060.45","7,041.13","6,85,503","4,82,67,18,519.80","54,409","1,92,065",28.02
MARUTI,EQ,2019-11-25,"7,060.45","7,075.20","7,263.50","7,040.30","7,238.00","7,236.10","7,180.61","9,52,419","6,83,89,53,466.15","81,904","2,71,845",28.54
MARUTI,EQ,2019-11-26,"7,236.10","7,238.00","7,274.00","7,084.00","7,130.00","7,125.00","7,171.27","12,49,810","8,96,27,24,392.30","94,714","5,90,705",47.26
MARUTI,EQ,2019-11-27,"7,125.00","7,166.60","7,300.00","7,166.60","7,299.00","7,294.40","7,254.47","10,70,680","7,76,72,11,209.75","86,402","3,12,798",29.21
MARUTI,EQ,2019-11-28,"7,294.40","7,299.80","7,321.10","7,220.95","7,255.65","7,261.25","7,260.77","6,02,077","4,37,15,43,716.80","47,860","1,56,626",26.01
MARUTI,EQ,2019-11-29,"7,261.25","7,254.00","7,293.85","7,132.00","7,253.35","7,245.85","7,215.71","7,92,083","5,71,54,39,563.35","63,587","1,75,104",22.11
MARUTI,EQ,2019-12-02,"7,245.85","7,291.00","7,294.85","7,106.75","7,129.00","7,139.35","7,174.28","7,03,838","5,04,95,34,364.55","54,287","1,67,213",23.76
MARUTI,EQ,2019-12-03,"7,139.35","7,142.65","7,240.00","7,060.00","7,127.50","7,138.80","7,161.86","6,68,269","4,78,60,49,338.35","53,077","83,750",12.53
MARUTI,EQ,2019-12-04,"7,138.80","7,129.80","7,170.00","7,052.00","7,076.10","7,076.10","7,101.76","7,37,723","5,23,91,34,460.05","57,207","1,97,031",26.71
MARUTI,EQ,2019-12-05,"7,076.10","7,090.00","7,125.15","6,990.55","6,995.00","7,012.85","7,056.26","6,02,894","4,25,41,76,128.55","53,458","1,37,860",22.87
MARUTI,EQ,2019-12-06,"7,012.85","7,012.85","7,050.00","6,864.10","6,886.75","6,886.70","6,950.34","7,70,911","5,35,80,89,807.75","69,329","1,16,126",15.06
MARUTI,EQ,2019-12-09,"6,886.70","7,007.00","7,108.00","6,952.35","7,011.95","6,994.75","7,023.88","14,79,832","10,39,41,66,354.70","1,15,549","3,26,462",22.06
MARUTI,EQ,2019-12-10,"6,994.75","7,019.00","7,048.95","6,905.00","6,982.15","6,963.65","6,969.35","7,90,378","5,50,84,20,269.85","68,946","1,78,646",22.60
MARUTI,EQ,2019-12-11,"6,963.65","7,000.00","7,035.00","6,955.20","6,985.85","6,993.20","6,993.48","6,03,048","4,21,74,03,800.50","56,994","1,49,777",24.84
MARUTI,EQ,2019-12-12,"6,993.20","7,030.40","7,045.95","6,975.50","7,000.00","6,999.80","7,003.06","9,32,863","6,53,28,93,219.80","56,242","5,21,775",55.93
MARUTI,EQ,2019-12-13,"6,999.80","7,043.95","7,249.00","7,030.15","7,242.00","7,214.95","7,143.20","11,99,360","8,56,72,68,416.95","1,05,681","4,40,127",36.70
MARUTI,EQ,2019-12-16,"7,214.95","7,240.00","7,257.70","7,125.00","7,134.95","7,140.05","7,183.39","7,27,854","5,22,84,58,868.55","59,941","2,08,210",28.61
MARUTI,EQ,2019-12-17,"7,140.05","7,209.90","7,276.50","7,166.00","7,189.10","7,195.15","7,211.21","9,39,918","6,77,79,42,085.30","79,678","2,72,131",28.95
MARUTI,EQ,2019-12-18,"7,195.15","7,220.00","7,254.95","7,164.00","7,240.05","7,240.65","7,209.42","8,41,740","6,06,84,61,334.75","61,450","3,08,996",36.71
MARUTI,EQ,2019-12-19,"7,240.65","7,248.95","7,310.00","7,166.00","7,230.00","7,240.65","7,262.25","10,01,697","7,27,45,77,372.10","69,342","3,17,278",31.67
MARUTI,EQ,2019-12-20,"7,240.65","7,240.65","7,304.35","7,227.50","7,255.00","7,261.50","7,265.58","6,79,779","4,93,89,90,587.70","68,095","2,26,214",33.28
MARUTI,EQ,2019-12-23,"7,261.50","7,275.00","7,378.60","7,250.10","7,374.70","7,360.90","7,329.56","9,14,067","6,69,97,09,957.00","69,493","2,52,290",27.60
MARUTI,EQ,2019-12-24,"7,360.90","7,397.00","7,423.70","7,302.00","7,319.50","7,327.80","7,373.16","8,50,537","6,27,11,44,686.50","66,849","1,40,503",16.52
MARUTI,EQ,2019-12-26,"7,327.80","7,334.00","7,343.45","7,222.00","7,237.25","7,240.90","7,282.31","5,56,360","4,05,15,88,542.55","41,162","1,05,301",18.93
MARUTI,EQ,2019-12-27,"7,240.90","7,268.00","7,368.50","7,251.40","7,354.20","7,344.90","7,302.96","6,65,383","4,85,92,65,146.05","44,849","1,82,392",27.41
MARUTI,EQ,2019-12-30,"7,344.90","7,378.00","7,431.95","7,341.60","7,415.00","7,416.25","7,387.18","7,39,631","5,46,37,87,167.85","57,365","2,34,375",31.69
MARUTI,EQ,2019-12-31,"7,416.25","7,412.50","7,412.50","7,355.25","7,370.00","7,368.60","7,377.02","5,60,622","4,13,57,21,059.70","40,633","1,56,039",27.83
MARUTI,EQ,2020-01-01,"7,368.60","7,377.00","7,409.95","7,282.05","7,308.00","7,311.70","7,339.10","6,34,725","4,65,83,07,412.85","42,182","94,094",14.82
MARUTI,EQ,2020-01-02,"7,311.70","7,327.60","7,368.00","7,312.00","7,316.45","7,329.85","7,339.32","6,16,838","4,52,71,73,729.35","51,801","1,73,302",28.10
MARUTI,EQ,2020-01-03,"7,329.85","7,328.95","7,332.00","7,226.00","7,250.35","7,254.25","7,275.61","5,71,967","4,16,14,07,040.80","42,037","1,52,281",26.62
MARUTI,EQ,2020-01-06,"7,254.25","7,200.00","7,210.00","7,026.50","7,032.00","7,042.40","7,074.03","7,48,516","5,29,50,28,129.05","64,186","2,35,356",31.44
MARUTI,EQ,2020-01-07,"7,042.40","7,100.00","7,165.60","7,026.40","7,075.00","7,073.60","7,089.61","5,90,500","4,18,64,15,011.40","50,872","1,13,291",19.19
MARUTI,EQ,2020-01-08,"7,073.60","7,060.00","7,116.65","6,980.45","7,035.00","7,035.20","7,034.09","7,93,313","5,58,02,33,047.20","54,674","2,54,739",32.11
MARUTI,EQ,2020-01-09,"7,035.20","7,140.00","7,240.00","7,102.00","7,240.00","7,227.90","7,180.72","7,98,184","5,73,15,36,546.55","60,422","2,12,618",26.64
MARUTI,EQ,2020-01-10,"7,227.90","7,261.40","7,349.90","7,234.40","7,329.00","7,330.50","7,299.43","7,47,847","5,45,88,57,956.80","59,339","2,67,982",35.83
MARUTI,EQ,2020-01-13,"7,330.50","7,332.00","7,370.00","7,279.80","7,364.00","7,352.70","7,325.48","5,37,399","3,93,67,03,056.85","45,690","1,65,929",30.88
MARUTI,EQ,2020-01-14,"7,352.70","7,355.00","7,412.40","7,325.60","7,390.00","7,386.80","7,377.09","5,48,522","4,04,64,94,825.80","46,069","1,79,085",32.65
MARUTI,EQ,2020-01-15,"7,386.80","7,388.95","7,505.00","7,353.00","7,482.00","7,482.95","7,419.98","6,92,726","5,14,00,14,822.30","46,714","2,65,556",38.33
MARUTI,EQ,2020-01-16,"7,482.95","7,456.50","7,521.00","7,421.20","7,469.90","7,462.65","7,466.23","6,40,207","4,77,99,33,299.20","45,686","2,20,985",34.52
MARUTI,EQ,2020-01-17,"7,462.65","7,469.00","7,569.90","7,432.55","7,550.85","7,520.15","7,499.26","7,50,738","5,62,99,78,077.55","49,650","3,16,998",42.22
MARUTI,EQ,2020-01-20,"7,520.15","7,521.25","7,529.50","7,421.05","7,440.00","7,449.60","7,468.19","4,07,828","3,04,57,37,844.20","37,148","1,38,592",33.98
MARUTI,EQ,2020-01-21,"7,449.60","7,411.50","7,434.65","7,287.80","7,297.90","7,302.65","7,350.84","4,42,561","3,25,31,96,112.05","36,589","1,30,675",29.53
MARUTI,EQ,2020-01-22,"7,302.65","7,340.00","7,374.95","7,107.95","7,145.00","7,135.60","7,165.57","10,48,435","7,51,26,36,152.90","88,307","4,45,035",42.45
MARUTI,EQ,2020-01-23,"7,135.60","7,145.40","7,220.00","7,123.15","7,132.95","7,147.10","7,163.31","5,89,326","4,22,15,23,381.85","43,298","1,48,780",25.25
MARUTI,EQ,2020-01-24,"7,147.10","7,148.80","7,210.00","7,111.25","7,130.00","7,128.45","7,154.51","6,45,723","4,61,98,31,010.25","50,530","2,45,191",37.97
MARUTI,EQ,2020-01-27,"7,128.45","7,101.50","7,225.00","7,061.00","7,125.00","7,148.80","7,163.25","5,73,149","4,10,56,10,539.80","47,664","1,27,650",22.27
MARUTI,EQ,2020-01-28,"7,148.80","7,179.95","7,219.95","6,963.00","6,999.00","6,997.05","7,076.43","16,14,448","11,42,45,31,373.55","1,51,546","3,34,719",20.73
MARUTI,EQ,2020-01-29,"6,997.05","7,010.00","7,116.25","6,975.00","7,022.00","7,010.30","7,043.38","10,01,252","7,05,22,01,123.75","1,16,694","3,14,006",31.36
MARUTI,EQ,2020-01-30,"7,010.30","7,020.00","7,049.00","6,981.00","7,020.00","7,020.45","7,014.30","5,79,174","4,06,24,97,416.75","48,242","1,58,571",27.38
MARUTI,EQ,2020-01-31,"7,020.45","7,035.00","7,064.00","6,895.55","6,927.00","6,913.50","6,966.75","8,68,935","6,05,36,51,158.65","87,940","3,37,744",38.87
MARUTI,EQ,2020-02-01,"6,913.50","6,915.00","7,109.80","6,740.30","6,775.00","6,812.65","6,939.09","14,12,932","9,80,44,58,184.70","1,49,692","3,76,648",26.66
MARUTI,EQ,2020-02-03,"6,812.65","6,780.00","7,044.85","6,780.00","7,010.00","7,011.30","6,946.13","10,10,531","7,01,92,75,548.45","1,15,802","2,80,991",27.81
MARUTI,EQ,2020-02-04,"7,011.30","7,020.00","7,215.00","7,001.00","7,196.30","7,199.60","7,133.75","9,73,311","6,94,33,61,735.55","77,101","3,68,821",37.89
MARUTI,EQ,2020-02-05,"7,199.60","7,215.00","7,231.60","7,025.60","7,050.00","7,040.90","7,100.88","7,18,489","5,10,19,02,850.00","67,964","2,45,611",34.18
MARUTI,EQ,2020-02-06,"7,040.90","7,075.00","7,120.35","6,976.80","7,014.20","7,021.60","7,040.99","8,75,714","6,16,58,91,109.55","66,469","3,59,122",41.01
MARUTI,EQ,2020-02-07,"7,021.60","7,039.00","7,050.00","6,935.00","6,970.00","6,971.75","6,976.03","6,45,814","4,50,52,15,041.00","55,241","2,28,690",35.41
MARUTI,EQ,2020-02-10,"6,971.75","6,975.00","6,989.10","6,851.10","6,894.60","6,892.90","6,899.40","5,93,773","4,09,66,74,552.90","53,020","1,46,478",24.67
MARUTI,EQ,2020-02-11,"6,892.90","6,950.00","7,089.00","6,912.30","7,026.00","7,033.75","7,035.67","7,43,160","5,22,86,26,894.85","62,908","1,63,459",22.00
MARUTI,EQ,2020-02-12,"7,033.75","7,056.10","7,110.00","7,007.95","7,048.00","7,043.30","7,061.19","5,99,364","4,23,22,21,558.10","42,309","1,77,690",29.65
MARUTI,EQ,2020-02-13,"7,043.30","7,050.00","7,056.00","6,925.00","6,995.00","7,005.05","6,971.87","7,23,169","5,04,18,43,859.50","49,754","2,94,135",40.67
MARUTI,EQ,2020-02-14,"7,005.05","7,000.05","7,088.95","6,901.00","6,915.00","6,913.80","6,988.30","6,14,859","4,29,68,19,104.45","57,126","1,79,738",29.23
MARUTI,EQ,2020-02-17,"6,913.80","6,920.00","6,980.00","6,880.00","6,925.00","6,906.75","6,927.10","4,63,548","3,21,10,43,086.15","33,826","83,770",18.07
MARUTI,EQ,2020-02-18,"6,906.75","6,925.00","6,930.00","6,735.80","6,795.00","6,781.10","6,786.65","8,30,678","5,63,75,20,586.70","72,639","3,69,879",44.53
MARUTI,EQ,2020-02-19,"6,781.10","6,850.00","6,854.95","6,624.60","6,763.00","6,756.60","6,734.72","10,33,939","6,96,32,93,978.80","98,165","3,06,845",29.68
MARUTI,EQ,2020-02-20,"6,756.60","6,761.00","6,807.55","6,720.00","6,740.10","6,757.60","6,772.50","6,82,513","4,62,23,17,506.90","57,024","2,93,356",42.98
MARUTI,EQ,2020-02-24,"6,757.60","6,710.00","6,710.00","6,439.80","6,475.00","6,470.40","6,552.55","10,91,346","7,15,10,99,771.80","1,16,104","4,32,890",39.67
MARUTI,EQ,2020-02-25,"6,470.40","6,505.40","6,510.00","6,376.55","6,411.25","6,414.55","6,447.27","9,64,897","6,22,09,55,759.00","1,20,005","3,49,731",36.25
MARUTI,EQ,2020-02-26,"6,414.55","6,350.00","6,368.85","6,186.05","6,260.00","6,234.85","6,285.00","15,80,738","9,93,49,32,440.00","1,16,894","7,84,034",49.60
MARUTI,EQ,2020-02-27,"6,234.85","6,230.00","6,338.05","6,166.80","6,291.00","6,289.80","6,259.71","14,92,657","9,34,35,94,036.05","1,43,056","6,25,297",41.89
MARUTI,EQ,2020-02-28,"6,289.80","6,163.05","6,367.35","6,103.20","6,294.05","6,283.10","6,235.61","14,68,843","9,15,91,34,308.35","1,17,164","5,80,678",39.53
MARUTI,EQ,2020-03-02,"6,283.10","6,400.95","6,439.55","6,250.00","6,300.00","6,285.15","6,332.12","12,19,764","7,72,36,95,156.50","96,971","4,13,139",33.87
MARUTI,EQ,2020-03-03,"6,285.15","6,318.00","6,422.15","6,280.50","6,386.10","6,386.05","6,344.80","8,49,199","5,38,80,01,212.60","90,279","2,72,466",32.09
MARUTI,EQ,2020-03-04,"6,386.05","6,390.00","6,424.00","6,209.00","6,380.00","6,384.35","6,334.46","9,04,360","5,72,86,34,377.25","82,506","3,31,340",36.64
MARUTI,EQ,2020-03-05,"6,384.35","6,411.90","6,464.00","6,330.20","6,348.00","6,365.95","6,390.88","6,45,853","4,12,75,68,322.90","65,335","1,32,462",20.51
MARUTI,EQ,2020-03-06,"6,365.95","6,196.40","6,480.00","6,100.15","6,393.10","6,445.95","6,331.23","11,40,899","7,22,32,92,485.55","98,103","4,36,085",38.22
MARUTI,EQ,2020-03-09,"6,445.95","6,301.00","6,374.00","6,079.40","6,225.00","6,201.10","6,240.68","10,82,031","6,75,26,11,537.40","1,13,127","3,79,095",35.04
MARUTI,EQ,2020-03-11,"6,201.10","6,160.00","6,310.95","6,105.00","6,137.95","6,146.30","6,177.52","9,37,029","5,78,85,18,295.35","1,00,403","2,20,842",23.57
MARUTI,EQ,2020-03-12,"6,146.30","5,939.30","5,939.30","5,555.55","5,642.25","5,643.15","5,742.20","13,45,986","7,72,89,17,382.75","1,39,523","5,78,348",42.97
MARUTI,EQ,2020-03-13,"5,643.15","5,325.20","6,063.50","4,803.05","5,900.00","5,838.60","5,608.16","14,80,275","8,30,16,16,079.85","1,51,656","5,34,850",36.13
MARUTI,EQ,2020-03-16,"5,838.60","5,638.60","5,688.00","5,400.00","5,460.00","5,480.25","5,562.31","9,33,424","5,19,19,95,753.90","1,12,598","4,22,419",45.25
MARUTI,EQ,2020-03-17,"5,480.25","5,502.00","5,746.95","5,502.00","5,600.00","5,603.95","5,646.01","12,38,640","6,99,33,71,024.15","1,27,952","5,38,382",43.47
MARUTI,EQ,2020-03-18,"5,603.95","5,671.00","5,688.80","5,312.55","5,370.20","5,352.65","5,419.95","9,73,406","5,27,58,13,532.30","1,13,820","3,99,010",40.99
MARUTI,EQ,2020-03-19,"5,352.65","4,870.00","5,096.60","4,652.55","4,859.00","4,819.55","4,874.22","25,54,586","12,45,16,21,373.00","2,50,425","10,72,273",41.97
MARUTI,EQ,2020-03-20,"4,819.55","4,869.00","5,225.00","4,812.60","5,094.00","5,079.20","5,040.51","16,14,608","8,13,84,43,331.40","1,66,562","6,64,312",41.14
MARUTI,EQ,2020-03-23,"5,079.20","4,575.00","4,790.00","4,141.00","4,178.00","4,220.35","4,371.69","15,31,989","6,69,73,82,876.00","2,34,867","9,34,064",60.97
MARUTI,EQ,2020-03-24,"4,220.35","4,341.00","4,570.00","4,030.00","4,545.00","4,486.45","4,361.25","17,46,713","7,61,78,59,746.45","1,86,957","8,14,032",46.60
MARUTI,EQ,2020-03-25,"4,486.45","4,439.00","5,159.40","4,310.10","4,960.00","5,005.95","4,785.80","17,28,820","8,27,37,87,423.90","1,72,520","6,91,280",39.99
MARUTI,EQ,2020-03-26,"5,005.95","5,024.45","5,120.00","4,750.00","4,950.00","4,878.00","4,926.22","13,38,798","6,59,52,06,823.45","1,62,802","3,89,493",29.09
MARUTI,EQ,2020-03-27,"4,878.00","5,100.00","5,136.50","4,555.00","4,655.00","4,646.10","4,753.66","13,39,446","6,36,72,69,207.60","1,73,761","3,86,250",28.84
MARUTI,EQ,2020-03-30,"4,646.10","4,587.45","4,639.95","4,270.00","4,360.00","4,328.45","4,423.18","15,28,083","6,75,89,82,842.00","1,57,181","6,27,863",41.09
MARUTI,EQ,2020-03-31,"4,328.45","4,450.00","4,468.05","4,210.00","4,288.30","4,288.30","4,288.74","21,40,288","9,17,91,35,849.65","2,00,296","10,36,284",48.42
MARUTI,EQ,2020-04-01,"4,288.30","4,290.00","4,424.85","4,190.10","4,229.00","4,246.35","4,273.79","13,23,857","5,65,78,89,879.15","1,47,374","3,25,257",24.57
MARUTI,EQ,2020-04-03,"4,246.35","4,250.00","4,267.00","4,001.10","4,011.50","4,011.50","4,099.78","17,24,863","7,07,15,62,250.80","1,74,626","6,41,298",37.18
MARUTI,EQ,2020-04-07,"4,011.50","4,150.00","4,612.90","4,120.00","4,525.95","4,553.65","4,325.97","26,88,425","11,63,00,36,387.35","2,57,463","11,96,696",44.51
MARUTI,EQ,2020-04-08,"4,553.65","4,406.50","4,925.00","4,406.50","4,700.00","4,698.10","4,702.68","27,98,838","13,16,20,32,684.55","2,52,470","6,72,515",24.03
MARUTI,EQ,2020-04-09,"4,698.10","4,794.45","5,399.00","4,736.20","5,350.00","5,326.65","5,116.97","37,86,661","19,37,62,15,716.55","3,10,721","13,17,700",34.80
MARUTI,EQ,2020-04-13,"5,326.65","5,285.00","5,343.40","5,001.00","5,270.00","5,283.15","5,166.27","21,92,269","11,32,58,58,702.60","2,21,195",-,-
MARUTI,EQ,2020-04-15,"5,283.15","5,307.50","5,350.00","5,041.00","5,090.00","5,094.30","5,211.13","20,94,529","10,91,48,72,831.65","1,95,907","5,84,118",27.89
MARUTI,EQ,2020-04-16,"5,094.30","5,017.00","5,228.00","4,970.00","5,148.00","5,130.80","5,112.87","17,52,170","8,95,86,15,439.60","1,61,573","3,34,200",19.07
MARUTI,EQ,2020-04-17,"5,130.80","5,325.00","5,602.95","5,211.70","5,579.00","5,505.00","5,357.87","21,92,907","11,74,93,09,949.15","1,88,848","6,23,330",28.42
MARUTI,EQ,2020-04-20,"5,505.00","5,512.00","5,573.95","5,280.00","5,297.30","5,331.35","5,390.28","15,55,313","8,38,35,79,546.40","1,33,978","2,74,417",17.64
MARUTI,EQ,2020-04-21,"5,331.35","5,131.30","5,131.30","4,884.50","5,009.95","5,001.10","5,001.21","18,43,174","9,21,81,04,936.15","1,74,888","5,47,983",29.73
MARUTI,EQ,2020-04-22,"5,001.10","5,009.00","5,248.25","4,991.00","5,168.00","5,180.85","5,134.59","19,91,789","10,22,70,14,548.90","1,61,876","3,43,528",17.25
MARUTI,EQ,2020-04-23,"5,180.85","5,169.00","5,244.60","5,045.00","5,160.00","5,156.35","5,172.04","14,54,065","7,52,04,81,407.15","1,05,193","2,05,914",14.16
MARUTI,EQ,2020-04-24,"5,156.35","5,100.00","5,140.00","5,030.00","5,050.00","5,045.65","5,082.53","10,70,905","5,44,29,08,928.55","79,318","1,18,072",11.03
MARUTI,EQ,2020-04-27,"5,045.65","5,150.10","5,225.00","4,991.55","5,056.40","5,056.35","5,126.94","14,32,342","7,34,35,31,404.50","1,14,838","3,06,046",21.37
MARUTI,EQ,2020-04-28,"5,056.35","5,090.00","5,120.00","4,990.25","5,050.10","5,052.70","5,039.02","11,72,062","5,90,60,42,783.00","1,04,156","3,48,077",29.70
MARUTI,EQ,2020-04-29,"5,052.70","5,100.00","5,100.00","5,011.05","5,055.00","5,068.45","5,059.57","10,38,100","5,25,23,40,581.75","85,789","2,73,732",26.37
MARUTI,EQ,2020-04-30,"5,068.45","5,122.00","5,425.00","5,122.00","5,343.00","5,358.80","5,331.09","23,41,400","12,48,22,15,133.05","2,39,910","6,85,598",29.28
MARUTI,EQ,2020-05-04,"5,358.80","5,096.00","5,130.25","4,840.00","4,914.45","4,886.30","4,947.33","17,42,871","8,62,25,60,854.95","1,76,618","5,93,271",34.04
MARUTI,EQ,2020-05-05,"4,886.30","4,995.00","5,029.55","4,800.00","4,835.00","4,829.85","4,879.35","15,70,620","7,66,36,01,550.40","1,22,623","3,52,042",22.41
MARUTI,EQ,2020-05-06,"4,829.85","4,841.20","5,000.00","4,710.00","4,841.95","4,843.25","4,854.89","22,14,534","10,75,13,28,639.55","1,44,640","6,40,252",28.91
MARUTI,EQ,2020-05-07,"4,843.25","4,899.50","4,935.35","4,735.00","4,751.65","4,749.30","4,828.35","15,30,824","7,39,13,54,582.95","1,20,915","3,60,437",23.55
MARUTI,EQ,2020-05-08,"4,749.30","4,874.00","4,879.00","4,637.50","4,660.00","4,654.15","4,710.00","18,28,146","8,61,05,63,200.60","1,38,370","5,41,728",29.63
MARUTI,EQ,2020-05-11,"4,654.15","4,750.00","5,014.60","4,730.15","4,923.00","4,937.80","4,915.93","31,76,498","15,61,54,44,377.30","2,90,010","7,63,104",24.02
MARUTI,EQ,2020-05-12,"4,937.80","4,914.00","4,985.00","4,690.05","4,951.95","4,951.30","4,848.14","31,24,772","15,14,93,26,903.70","2,29,570","4,85,975",15.55
MARUTI,EQ,2020-05-13,"4,951.30","5,250.00","5,317.45","4,986.25","5,000.00","5,036.10","5,140.21","33,04,851","16,98,76,35,340.45","2,62,911","7,02,054",21.24
MARUTI,EQ,2020-05-14,"5,036.10","4,905.00","5,145.00","4,852.15","5,105.00","5,114.05","5,044.45","25,90,715","13,06,87,27,254.90","1,97,759","2,25,140",8.69
MARUTI,EQ,2020-05-15,"5,114.05","5,110.00","5,123.20","4,961.15","5,099.00","5,100.40","5,046.67","21,82,575","11,01,47,31,950.25","1,55,847","2,22,360",10.19
MARUTI,EQ,2020-05-18,"5,100.40","5,080.40","5,095.00","4,680.55","4,736.00","4,720.95","4,816.74","31,64,147","15,24,08,60,423.30","2,51,987","8,71,183",27.53
MARUTI,EQ,2020-05-19,"4,720.95","4,842.00","4,900.00","4,755.75","4,810.00","4,805.30","4,832.13","21,08,189","10,18,70,38,993.15","1,67,596","3,20,154",15.19
MARUTI,EQ,2020-05-20,"4,805.30","4,754.00","4,920.00","4,745.50","4,902.00","4,891.95","4,831.92","15,18,297","7,33,62,94,666.25","1,29,952","2,16,913",14.29
MARUTI,EQ,2020-05-21,"4,891.95","4,890.00","5,073.80","4,851.05","5,041.40","5,050.10","5,007.92","18,68,172","9,35,56,60,060.30","1,39,637","3,74,747",20.06
MARUTI,EQ,2020-05-22,"5,050.10","5,010.00","5,150.00","4,930.75","5,126.25","5,134.30","5,033.15","19,35,877","9,74,35,64,241.45","1,47,394","3,05,869",15.80
MARUTI,EQ,2020-05-26,"5,134.30","5,200.00","5,285.80","5,160.65","5,275.05","5,246.15","5,213.11","15,08,804","7,86,55,59,880.70","1,43,430","2,92,660",19.40
MARUTI,EQ,2020-05-27,"5,246.15","5,270.00","5,291.00","5,135.40","5,220.00","5,244.40","5,215.60","15,34,657","8,00,41,59,975.45","1,22,984","1,47,583",9.62
MARUTI,EQ,2020-05-28,"5,244.40","5,267.00","5,495.00","5,220.00","5,450.00","5,468.35","5,402.30","23,25,387","12,56,24,47,019.05","1,78,909","4,99,214",21.47
MARUTI,EQ,2020-05-29,"5,468.35","5,375.00","5,666.75","5,375.00","5,581.10","5,610.80","5,532.37","33,86,741","18,73,67,17,522.05","1,99,610","14,02,622",41.42
MARUTI,EQ,2020-06-01,"5,610.80","5,690.00","5,864.65","5,666.90","5,758.00","5,793.60","5,790.13","23,41,043","13,55,49,41,145.95","1,55,689","5,45,309",23.29
MARUTI,EQ,2020-06-02,"5,793.60","5,797.75","5,849.00","5,625.10","5,685.00","5,690.10","5,721.99","21,10,720","12,07,75,23,692.45","1,58,952","4,54,994",21.56
MARUTI,EQ,2020-06-03,"5,690.10","5,730.00","5,832.00","5,606.00","5,638.90","5,624.00","5,700.87","16,52,859","9,42,27,31,962.90","1,32,971","3,71,252",22.46
MARUTI,EQ,2020-06-04,"5,624.00","5,658.00","5,719.95","5,572.00","5,706.55","5,690.20","5,649.52","16,42,052","9,27,68,07,167.90","1,40,640","2,37,009",14.43
MARUTI,EQ,2020-06-05,"5,690.20","5,728.30","5,785.00","5,671.10","5,757.00","5,746.20","5,741.54","12,36,660","7,10,03,38,170.65","1,13,824","1,91,418",15.48
MARUTI,EQ,2020-06-08,"5,746.20","5,850.00","5,850.00","5,701.50","5,735.00","5,734.80","5,762.86","11,76,769","6,78,15,55,122.85","1,27,415","1,34,370",11.42
MARUTI,EQ,2020-06-09,"5,734.80","5,754.00","5,787.00","5,620.00","5,663.45","5,662.30","5,695.32","13,36,815","7,61,35,92,636.55","1,20,413","1,73,218",12.96
MARUTI,EQ,2020-06-10,"5,662.30","5,655.00","5,740.00","5,615.00","5,685.75","5,675.60","5,685.19","14,32,292","8,14,28,51,994.25","1,48,469","1,80,964",12.63
MARUTI,EQ,2020-06-11,"5,675.60","5,637.00","5,689.00","5,400.30","5,419.00","5,426.15","5,542.88","17,66,482","9,79,14,03,129.25","1,59,656","4,42,517",25.05
MARUTI,EQ,2020-06-12,"5,426.15","5,201.00","5,608.30","5,201.00","5,550.00","5,561.75","5,383.34","20,64,628","11,11,46,00,580.15","1,79,002","3,41,936",16.56
MARUTI,EQ,2020-06-15,"5,561.75","5,520.00","5,585.00","5,391.05","5,486.05","5,475.75","5,485.02","15,30,606","8,39,54,05,157.90","1,09,610","2,82,448",18.45
MARUTI,EQ,2020-06-16,"5,475.75","5,590.00","5,612.55","5,400.00","5,493.50","5,502.20","5,516.19","11,84,933","6,53,63,16,484.05","1,04,585","1,15,893",9.78
MARUTI,EQ,2020-06-17,"5,502.20","5,445.00","5,813.45","5,445.00","5,725.00","5,726.20","5,706.13","34,54,869","19,71,39,48,719.20","2,46,638","7,86,159",22.76
MARUTI,EQ,2020-06-18,"5,726.20","5,695.00","5,758.00","5,641.00","5,724.00","5,714.40","5,704.55","15,80,217","9,01,44,23,191.75","1,08,109","2,41,882",15.31
MARUTI,EQ,2020-06-19,"5,714.40","5,751.00","5,935.00","5,707.00","5,895.00","5,897.35","5,847.98","18,54,591","10,84,56,15,849.40","1,38,228","3,49,016",18.82
MARUTI,EQ,2020-06-22,"5,897.35","5,900.00","5,975.00","5,806.35","5,897.00","5,896.00","5,884.18","14,97,825","8,81,34,72,099.55","1,26,056","2,18,863",14.61
MARUTI,EQ,2020-06-23,"5,896.00","5,900.00","6,007.20","5,862.55","5,890.00","5,886.50","5,924.36","13,98,189","8,28,33,78,649.65","98,519","2,72,794",19.51
MARUTI,EQ,2020-06-24,"5,886.50","5,938.00","5,938.00","5,730.00","5,760.00","5,755.35","5,828.53","12,68,492","7,39,34,45,097.35","1,02,407","3,43,499",27.08
MARUTI,EQ,2020-06-25,"5,755.35","5,677.00","5,846.80","5,651.00","5,756.00","5,762.30","5,778.04","12,66,213","7,31,62,29,888.75","1,01,597","2,33,593",18.45
MARUTI,EQ,2020-06-26,"5,762.30","5,800.00","5,810.00","5,695.00","5,745.00","5,754.90","5,736.35","10,63,059","6,09,80,75,256.70","98,170","1,61,019",15.15
MARUTI,EQ,2020-06-29,"5,754.90","5,730.00","5,800.00","5,650.00","5,701.00","5,678.70","5,702.69","11,02,655","6,28,81,00,845.40","93,831","2,25,779",20.48
MARUTI,EQ,2020-06-30,"5,678.70","5,750.00","5,874.50","5,681.45","5,830.00","5,838.30","5,806.09","20,15,839","11,70,41,48,721.60","1,40,161","4,35,446",21.60
MARUTI,EQ,2020-07-01,"5,838.30","5,838.30","5,885.00","5,775.00","5,795.00","5,803.10","5,815.43","12,84,965","7,47,26,20,274.00","91,004","1,83,034",14.24
MARUTI,EQ,2020-07-02,"5,803.10","5,850.00","5,960.00","5,762.80","5,938.00","5,948.45","5,866.62","14,70,951","8,62,95,17,143.70","1,09,150","2,87,700",19.56
MARUTI,EQ,2020-07-03,"5,948.45","5,948.45","5,988.60","5,883.05","5,916.00","5,932.10","5,935.57","10,59,779","6,29,03,94,582.90","87,711","85,535",8.07
MARUTI,EQ,2020-07-06,"5,932.10","5,963.45","6,147.70","5,925.00","6,135.00","6,123.60","6,045.46","13,85,087","8,37,34,86,835.40","1,05,457","1,83,667",13.26
MARUTI,EQ,2020-07-07,"6,123.60","6,140.00","6,250.00","6,092.65","6,212.85","6,226.75","6,187.36","17,99,721","11,13,55,25,711.75","1,32,528","4,76,086",26.45
MARUTI,EQ,2020-07-08,"6,226.75","6,226.75","6,235.00","6,022.60","6,049.80","6,044.40","6,124.25","12,04,104","7,37,42,33,971.90","1,07,505","2,94,304",24.44
MARUTI,EQ,2020-07-09,"6,044.40","6,080.00","6,096.00","5,931.35","6,020.00","6,002.35","5,994.28","10,43,433","6,25,46,30,547.85","90,297","1,91,108",18.32
MARUTI,EQ,2020-07-10,"6,002.35","5,980.00","6,085.10","5,921.00","5,964.00","5,955.65","5,986.88","11,68,905","6,99,80,94,624.00","1,02,190","1,01,731",8.70
MARUTI,EQ,2020-07-13,"5,955.65","6,000.00","6,059.25","5,927.80","6,006.20","5,988.85","5,988.05","10,35,124","6,19,83,73,071.95","80,418","1,97,689",19.10
MARUTI,EQ,2020-07-14,"5,988.85","5,951.00","5,958.75","5,750.00","5,778.95","5,771.75","5,817.51","16,02,939","9,32,51,07,046.10","1,35,530","5,26,489",32.85
MARUTI,EQ,2020-07-15,"5,771.75","5,810.00","5,879.80","5,755.00","5,809.10","5,801.30","5,817.70","12,46,712","7,25,29,96,208.35","98,323","2,94,213",23.60
MARUTI,EQ,2020-07-16,"5,801.30","5,809.00","5,920.00","5,752.00","5,873.80","5,875.35","5,849.80","10,18,659","5,95,89,54,596.05","86,516","1,76,880",17.36
MARUTI,EQ,2020-07-17,"5,875.35","5,898.00","5,956.00","5,851.00","5,931.50","5,919.50","5,909.33","8,10,164","4,78,75,28,745.90","68,796","1,17,796",14.54
MARUTI,EQ,2020-07-20,"5,919.50","5,935.00","5,936.00","5,812.00","5,875.00","5,867.50","5,864.05","9,12,611","5,35,15,96,920.50","85,254","1,51,710",16.62
MARUTI,EQ,2020-07-21,"5,867.50","5,919.50","6,150.00","5,900.00","6,115.30","6,130.85","6,080.33","18,54,694","11,27,71,49,637.60","1,51,091","3,50,907",18.92
MARUTI,EQ,2020-07-22,"6,130.85","6,117.00","6,129.00","5,939.70","6,013.00","6,003.40","6,034.25","11,40,094","6,87,96,14,116.95","1,02,729","2,54,649",22.34
MARUTI,EQ,2020-07-23,"6,003.40","6,013.00","6,090.00","5,967.95","6,047.35","6,065.95","6,047.91","7,01,702","4,24,38,33,460.10","61,215","78,069",11.13
MARUTI,EQ,2020-07-24,"6,065.95","6,010.00","6,047.35","5,932.10","5,990.50","6,000.70","5,985.18","7,93,324","4,74,81,87,299.55","78,265","1,06,961",13.48
MARUTI,EQ,2020-07-27,"6,000.70","6,008.00","6,062.85","5,928.05","6,056.00","6,043.30","6,001.19","9,02,597","5,41,66,57,162.10","79,430","1,44,621",16.02
MARUTI,EQ,2020-07-28,"6,043.30","6,050.00","6,320.35","6,031.15","6,265.00","6,282.80","6,206.76","17,74,866","11,01,61,75,527.00","1,39,344","3,23,590",18.23
MARUTI,EQ,2020-07-29,"6,282.80","6,269.95","6,295.00","6,118.95","6,192.00","6,185.15","6,196.86","20,57,207","12,74,82,14,359.50","1,54,097","4,70,601",22.88
MARUTI,EQ,2020-07-30,"6,185.15","6,184.05","6,393.65","6,170.05","6,260.00","6,265.40","6,318.70","22,17,867","14,01,40,45,828.35","1,56,205","4,90,512",22.12
MARUTI,EQ,2020-07-31,"6,265.40","6,265.00","6,379.85","6,209.00","6,260.00","6,262.75","6,287.71","16,13,555","10,14,55,60,781.10","1,18,083","3,87,927",24.04
MARUTI,EQ,2020-08-03,"6,262.75","6,380.00","6,437.45","6,125.05","6,172.00","6,165.20","6,247.42","18,36,582","11,47,38,91,228.30","1,42,978","3,81,819",20.79
MARUTI,EQ,2020-08-04,"6,165.20","6,199.00","6,376.85","6,185.00","6,360.55","6,358.95","6,301.15","12,23,516","7,70,95,52,984.55","1,02,411","2,00,366",16.38
MARUTI,EQ,2020-08-05,"6,358.95","6,388.90","6,597.70","6,380.00","6,517.00","6,526.25","6,523.90","22,78,683","14,86,58,89,021.95","1,68,264","5,03,778",22.11
MARUTI,EQ,2020-08-06,"6,526.25","6,534.95","6,585.85","6,434.40","6,551.25","6,555.75","6,498.88","12,33,253","8,01,47,64,094.60","1,03,982","1,48,369",12.03
MARUTI,EQ,2020-08-07,"6,555.75","6,498.00","6,749.50","6,481.85","6,665.00","6,679.00","6,645.66","15,68,000","10,42,04,00,274.55","1,22,724","2,86,218",18.25
MARUTI,EQ,2020-08-10,"6,679.00","6,690.00","6,728.70","6,576.00","6,599.00","6,608.90","6,645.25","16,01,753","10,64,40,45,510.15","1,03,576","2,92,695",18.27
MARUTI,EQ,2020-08-11,"6,608.90","6,665.00","6,713.50","6,611.00","6,648.70","6,649.20","6,656.90","8,80,811","5,86,34,68,565.65","75,125","1,03,962",11.80
MARUTI,EQ,2020-08-12,"6,649.20","6,609.95","6,778.05","6,592.10","6,730.05","6,730.30","6,708.04","11,14,994","7,47,94,27,644.70","76,689","2,11,836",19.00
MARUTI,EQ,2020-08-13,"6,730.30","6,729.95","6,772.00","6,655.00","6,732.00","6,731.65","6,720.91","10,87,096","7,30,62,79,354.80","82,991","1,35,660",12.48
MARUTI,EQ,2020-08-14,"6,731.65","6,740.00","6,745.15","6,552.05","6,598.95","6,588.20","6,637.52","9,05,798","6,01,22,49,380.45","76,687","1,60,256",17.69
MARUTI,EQ,2020-08-17,"6,588.20","6,660.00","6,789.95","6,588.20","6,760.10","6,768.40","6,703.34","10,28,545","6,89,46,90,547.40","80,388","1,51,803",14.76
MARUTI,EQ,2020-08-18,"6,768.40","6,768.40","6,924.90","6,760.90","6,891.00","6,893.10","6,866.97","13,22,542","9,08,18,51,848.60","94,241","2,53,888",19.20
MARUTI,EQ,2020-08-19,"6,893.10","6,924.00","7,014.70","6,885.05","6,999.45","6,990.30","6,967.39","13,26,450","9,24,18,98,711.45","86,982","2,99,212",22.56
MARUTI,EQ,2020-08-20,"6,990.30","6,891.10","6,999.00","6,880.05","6,964.00","6,974.70","6,961.60","9,58,233","6,67,08,35,970.25","64,977","1,40,623",14.68
MARUTI,EQ,2020-08-21,"6,974.70","7,048.00","7,065.00","6,951.00","6,980.00","6,973.00","6,997.52","9,71,836","6,80,04,45,838.30","76,543","1,92,098",19.77
MARUTI,EQ,2020-08-24,"6,973.00","6,985.00","7,100.00","6,955.00","7,091.45","7,082.50","7,038.05","9,61,178","6,76,48,15,408.55","78,921","1,82,906",19.03
MARUTI,EQ,2020-08-25,"7,082.50","7,100.00","7,175.70","7,075.65","7,111.00","7,109.95","7,130.69","10,47,628","7,47,03,10,210.90","81,427","2,03,871",19.46
MARUTI,EQ,2020-08-26,"7,109.95","7,110.00","7,158.00","6,972.00","7,017.05","7,008.65","7,059.20","9,92,395","7,00,55,14,681.50","91,608","3,27,710",33.02
MARUTI,EQ,2020-08-27,"7,008.65","7,043.00","7,127.70","6,960.80","7,114.50","7,098.00","7,025.05","11,58,982","8,14,19,05,586.90","86,504","4,57,423",39.47
MARUTI,EQ,2020-08-28,"7,098.00","7,125.00","7,156.00","7,028.45","7,106.60","7,104.10","7,101.60","10,19,984","7,24,35,16,750.30","88,135","1,67,530",16.42
MARUTI,EQ,2020-08-31,"7,104.10","7,138.00","7,160.00","6,790.45","6,815.45","6,839.95","6,927.38","15,80,778","10,95,06,43,154.45","1,30,089","5,29,677",33.51
MARUTI,EQ,2020-09-01,"6,839.95","6,860.45","7,018.70","6,802.00","6,912.00","6,905.65","6,929.84","11,17,127","7,74,15,13,231.55","93,743","1,92,159",17.20
MARUTI,EQ,2020-09-02,"6,905.65","6,905.50","6,980.00","6,852.40","6,931.05","6,920.75","6,913.90","7,76,393","5,36,79,00,766.50","66,495","1,57,689",20.31
MARUTI,EQ,2020-09-03,"6,920.75","6,925.00","7,116.90","6,920.75","7,075.05","7,072.60","7,049.13","9,47,751","6,68,08,20,760.15","94,430","1,92,005",20.26
MARUTI,EQ,2020-09-04,"7,072.60","6,985.00","7,324.00","6,965.05","7,210.00","7,190.10","7,222.25","21,85,296","15,78,27,64,147.00","1,60,897","2,74,118",12.54
MARUTI,EQ,2020-09-07,"7,190.10","7,225.00","7,300.00","7,129.25","7,222.25","7,209.15","7,211.66","13,48,919","9,72,79,44,733.05","1,08,181","1,96,685",14.58
MARUTI,EQ,2020-09-08,"7,209.15","7,220.00","7,278.00","7,137.65","7,220.00","7,224.00","7,224.01","11,45,075","8,27,20,33,370.55","87,288","3,51,196",30.67
MARUTI,EQ,2020-09-09,"7,224.00","7,200.00","7,256.35","7,121.20","7,227.00","7,215.25","7,184.74","12,73,303","9,14,83,49,628.65","1,02,091","4,67,218",36.69
MARUTI,EQ,2020-09-10,"7,215.25","7,264.00","7,299.40","7,168.00","7,219.20","7,231.65","7,232.95","9,78,701","7,07,88,92,166.60","71,947","2,48,131",25.35
MARUTI,EQ,2020-09-11,"7,231.65","7,279.95","7,349.90","7,175.00","7,181.20","7,193.60","7,248.64","13,83,019","10,02,50,04,989.80","1,05,158","2,60,032",18.80
MARUTI,EQ,2020-09-14,"7,193.60","7,219.00","7,239.60","7,085.00","7,110.05","7,128.85","7,152.02","10,03,493","7,17,70,00,743.30","77,457","2,47,294",24.64
MARUTI,EQ,2020-09-15,"7,128.85","7,164.00","7,175.00","7,005.00","7,050.00","7,052.80","7,071.67","8,94,418","6,32,50,31,614.55","62,872","2,03,426",22.74
MARUTI,EQ,2020-09-16,"7,052.80","7,074.00","7,169.00","7,041.00","7,055.00","7,057.95","7,092.58","9,20,587","6,52,93,34,712.40","70,542","2,07,318",22.52
MARUTI,EQ,2020-09-17,"7,057.95","7,049.50","7,112.90","6,941.00","7,110.00","7,085.85","7,007.85","11,33,421","7,94,28,43,434.50","1,01,117","2,35,674",20.79
MARUTI,EQ,2020-09-18,"7,085.85","7,148.00","7,149.00","6,931.60","6,956.75","6,964.75","7,018.94","11,43,560","8,02,65,79,901.15","89,872","3,59,894",31.47
MARUTI,EQ,2020-09-21,"6,964.75","6,964.75","6,986.90","6,590.00","6,631.50","6,626.95","6,762.10","12,90,483","8,72,63,77,367.25","1,19,484","3,70,840",28.74
MARUTI,EQ,2020-09-22,"6,626.95","6,675.00","6,685.95","6,312.35","6,415.55","6,440.55","6,455.87","26,66,025","17,21,15,15,580.25","2,29,779","8,58,980",32.22
MARUTI,EQ,2020-09-23,"6,440.55","6,462.00","6,549.95","6,380.00","6,489.00","6,501.30","6,481.09","14,56,257","9,43,81,28,597.85","1,29,964","3,20,564",22.01
MARUTI,EQ,2020-09-24,"6,501.30","6,435.00","6,486.80","6,270.15","6,301.55","6,297.70","6,322.38","12,37,679","7,82,50,72,047.85","1,15,569","5,17,986",41.85
MARUTI,EQ,2020-09-25,"6,297.70","6,395.00","6,518.55","6,331.00","6,488.00","6,497.70","6,433.34","13,16,469","8,46,92,88,870.80","1,10,741","3,54,475",26.93
MARUTI,EQ,2020-09-28,"6,497.70","6,579.00","6,720.00","6,542.30","6,711.90","6,703.00","6,670.16","10,99,630","7,33,47,06,220.85","1,00,545","3,52,259",32.03
MARUTI,EQ,2020-09-29,"6,703.00","6,749.00","6,813.30","6,671.00","6,739.00","6,742.75","6,745.04","11,99,391","8,08,99,42,113.70","93,606","3,14,859",26.25
MARUTI,EQ,2020-09-30,"6,742.75","6,710.00","6,779.95","6,671.00","6,733.00","6,743.45","6,728.28","8,12,841","5,46,90,18,802.05","77,755","1,65,269",20.33
MARUTI,EQ,2020-10-01,"6,743.45","6,838.20","6,909.00","6,775.40","6,795.00","6,796.30","6,842.01","12,56,003","8,59,35,84,731.70","97,656","3,26,967",26.03
MARUTI,EQ,2020-10-05,"6,796.30","6,865.00","6,877.60","6,745.00","6,835.00","6,818.85","6,814.17","8,33,481","5,67,94,78,383.55","67,471","2,12,263",25.47
MARUTI,EQ,2020-10-06,"6,818.85","6,858.00","6,939.80","6,830.00","6,891.00","6,892.40","6,893.38","7,56,215","5,21,28,75,293.70","64,506","1,29,607",17.14
MARUTI,EQ,2020-10-07,"6,892.40","6,920.00","7,070.00","6,865.55","7,052.10","7,046.90","6,989.94","11,01,957","7,70,26,18,064.20","97,040","2,90,600",26.37
MARUTI,EQ,2020-10-08,"7,046.90","7,090.00","7,140.00","7,021.00","7,068.15","7,079.85","7,074.26","8,51,205","6,02,16,47,929.25","72,570","1,85,537",21.80
MARUTI,EQ,2020-10-09,"7,079.85","7,060.00","7,159.00","7,001.00","7,059.50","7,062.40","7,082.16","8,39,682","5,94,67,64,105.75","64,951","1,96,410",23.39
MARUTI,EQ,2020-10-12,"7,062.40","7,110.00","7,155.00","7,005.00","7,135.00","7,136.65","7,092.96","7,99,713","5,67,23,29,507.40","63,216","2,01,144",25.15
MARUTI,EQ,2020-10-13,"7,136.65","7,135.00","7,185.00","7,022.00","7,028.00","7,032.90","7,099.92","8,19,418","5,81,78,01,716.80","65,990","2,04,620",24.97
MARUTI,EQ,2020-10-14,"7,032.90","7,040.00","7,075.00","6,927.45","6,990.00","7,002.35","6,984.67","7,79,634","5,44,54,84,594.05","53,493","1,64,201",21.06
MARUTI,EQ,2020-10-15,"7,002.35","7,029.00","7,049.90","6,857.70","6,874.80","6,892.60","6,971.27","6,81,321","4,74,96,74,139.90","54,699","1,26,297",18.54
MARUTI,EQ,2020-10-16,"6,892.60","6,895.00","6,980.00","6,863.00","6,905.00","6,894.90","6,920.24","6,57,914","4,55,29,22,593.95","49,182","1,38,393",21.04
MARUTI,EQ,2020-10-19,"6,894.90","6,975.00","6,980.00","6,825.00","6,845.55","6,851.95","6,873.55","5,48,472","3,76,99,48,634.95","44,043","98,893",18.03
MARUTI,EQ,2020-10-20,"6,851.95","6,817.00","6,949.00","6,810.00","6,845.00","6,844.60","6,877.34","6,59,864","4,53,81,09,284.65","63,746","2,05,553",31.15
MARUTI,EQ,2020-10-21,"6,844.60","6,904.00","6,947.60","6,764.65","6,860.00","6,861.85","6,876.18","9,11,969","6,27,08,64,676.75","83,787","2,38,572",26.16
MARUTI,EQ,2020-10-22,"6,861.85","6,828.00","6,860.00","6,775.20","6,809.00","6,811.55","6,808.01","5,84,542","3,97,95,69,604.85","51,489","1,73,752",29.72
MARUTI,EQ,2020-10-23,"6,811.55","6,858.00","7,124.70","6,832.00","7,102.00","7,103.25","7,021.17","17,58,999","12,35,02,26,605.50","1,30,909","3,97,760",22.61
MARUTI,EQ,2020-10-26,"7,103.25","7,100.00","7,161.30","6,935.05","7,056.50","7,054.80","7,056.34","15,59,361","11,00,33,86,754.05","1,33,834","3,67,279",23.55
MARUTI,EQ,2020-10-27,"7,054.80","7,067.00","7,209.75","7,053.00","7,148.00","7,158.40","7,139.86","14,61,819","10,43,71,82,840.50","1,67,498","5,41,628",37.05
MARUTI,EQ,2020-10-28,"7,158.40","7,194.95","7,332.00","7,110.00","7,173.00","7,186.05","7,240.73","16,45,177","11,91,22,83,599.25","1,79,960","4,92,932",29.96
MARUTI,EQ,2020-10-29,"7,186.05","7,114.00","7,199.00","6,986.70","7,084.00","7,117.70","7,092.42","14,34,853","10,17,65,81,548.45","1,35,003","2,71,487",18.92
MARUTI,EQ,2020-10-30,"7,117.70","7,079.05","7,110.00","6,881.00","6,938.00","6,965.15","6,979.63","13,60,249","9,49,40,32,473.25","1,04,074","2,70,369",19.88
MARUTI,EQ,2020-11-02,"6,965.15","7,044.90","7,053.40","6,850.00","6,875.45","6,868.35","6,919.73","10,59,351","7,33,04,21,439.95","81,137","2,01,745",19.04
MARUTI,EQ,2020-11-03,"6,868.35","6,940.00","6,963.25","6,852.45","6,909.50","6,913.35","6,911.86","9,26,491","6,40,37,74,788.80","77,876","2,51,139",27.11
MARUTI,EQ,2020-11-04,"6,913.35","6,913.35","7,054.00","6,909.50","6,952.00","6,954.05","6,976.60","9,01,404","6,28,87,38,535.00","92,135","2,18,157",24.20
MARUTI,EQ,2020-11-05,"6,954.05","7,020.00","7,104.90","6,979.65","7,098.00","7,092.80","7,057.99","8,43,221","5,95,14,43,565.80","75,538","2,92,162",34.65
MARUTI,EQ,2020-11-06,"7,092.80","7,092.00","7,135.00","6,890.00","6,900.00","6,907.60","6,977.64","13,78,439","9,61,82,51,913.70","1,29,824","5,18,949",37.65
MARUTI,EQ,2020-11-09,"6,907.60","6,989.95","7,032.60","6,815.00","6,862.85","6,872.15","6,887.51","14,79,540","10,19,03,52,638.65","1,23,273","6,05,879",40.95
MARUTI,EQ,2020-11-10,"6,872.15","6,973.10","6,974.00","6,761.45","6,796.00","6,793.45","6,805.87","16,95,413","11,53,87,52,657.75","1,78,870","8,62,220",50.86
MARUTI,EQ,2020-11-11,"6,793.45","6,859.00","6,904.00","6,753.10","6,855.00","6,857.35","6,849.57","14,81,918","10,15,05,03,579.50","1,26,580","6,72,076",45.35
MARUTI,EQ,2020-11-12,"6,857.35","6,857.00","6,930.00","6,792.00","6,830.00","6,836.85","6,849.14","14,18,041","9,71,23,61,756.45","1,10,725","6,37,888",44.98
MARUTI,EQ,2020-11-13,"6,836.85","6,880.00","6,880.00","6,786.00","6,812.80","6,809.25","6,820.16","9,70,632","6,61,98,68,811.30","86,303","3,59,690",37.06
MARUTI,EQ,2020-11-14,"6,809.25","6,850.00","6,859.90","6,835.00","6,852.00","6,852.25","6,851.62","1,28,193","87,83,29,280.10","15,604","56,078",43.74
MARUTI,EQ,2020-11-17,"6,852.25","6,865.00","6,996.90","6,863.00","6,987.00","6,981.45","6,945.06","12,43,068","8,63,31,80,855.50","1,05,517","5,27,415",42.43
MARUTI,EQ,2020-11-18,"6,981.45","6,979.95","7,070.00","6,948.00","7,057.50","7,054.30","7,017.14","14,00,300","9,82,60,94,883.05","1,08,676","4,58,370",32.73
MARUTI,EQ,2020-11-19,"7,054.30","7,031.00","7,130.00","6,915.20","6,949.00","6,963.30","7,064.08","13,05,695","9,22,35,29,939.50","1,07,063","3,55,421",27.22
MARUTI,EQ,2020-11-20,"6,963.30","6,959.55","7,020.00","6,904.00","6,959.00","6,965.85","6,966.07","9,23,474","6,43,29,88,472.95","69,257","2,30,846",25.00
MARUTI,EQ,2020-11-23,"6,965.85","7,040.00","7,044.00","6,932.60","6,986.50","6,987.75","6,982.52","7,35,755","5,13,74,24,418.45","62,356","2,96,127",40.25
MARUTI,EQ,2020-11-24,"6,987.75","7,050.00","7,209.00","7,050.00","7,139.50","7,158.40","7,162.39","19,10,670","13,68,49,65,590.60","1,50,270","6,34,221",33.19
MARUTI,EQ,2020-11-25,"7,158.40","7,250.00","7,252.35","7,017.00","7,057.00","7,055.70","7,142.88","9,47,742","6,76,96,10,176.95","87,048","2,72,695",28.77
MARUTI,EQ,2020-11-26,"7,055.70","7,080.00","7,098.00","6,903.00","7,004.00","6,994.25","6,961.20","10,68,945","7,44,11,41,747.75","97,102","2,83,794",26.55
MARUTI,EQ,2020-11-27,"6,994.25","7,040.30","7,111.00","6,930.00","6,985.00","7,035.80","7,048.97","21,23,905","14,97,13,37,733.10","1,08,503","11,84,902",55.79
MARUTI,EQ,2020-12-01,"7,035.80","7,141.80","7,141.80","6,975.20","7,100.00","7,101.70","7,068.01","10,76,695","7,61,00,88,466.30","89,996","3,66,922",34.08
MARUTI,EQ,2020-12-02,"7,101.70","7,110.00","7,220.00","7,105.00","7,204.00","7,206.50","7,181.43","11,06,734","7,94,79,28,581.40","92,259","3,83,038",34.61
MARUTI,EQ,2020-12-03,"7,206.50","7,250.00","7,782.85","7,249.60","7,735.00","7,739.10","7,574.14","38,46,792","29,13,61,25,689.65","2,96,652","10,18,274",26.47
MARUTI,EQ,2020-12-04,"7,739.10","7,798.00","7,882.65","7,641.25","7,800.00","7,803.15","7,784.46","23,93,536","18,63,23,82,682.95","1,70,701","6,15,814",25.73
MARUTI,EQ,2020-12-07,"7,803.15","7,828.80","7,835.00","7,690.00","7,738.05","7,743.40","7,766.34","10,37,296","8,05,59,89,987.25","76,049","3,22,903",31.13
MARUTI,EQ,2020-12-08,"7,743.40","7,748.00","8,013.15","7,700.00","7,754.00","7,762.70","7,828.18","18,85,285","14,75,83,58,263.90","1,44,666","3,12,975",16.60
MARUTI,EQ,2020-12-09,"7,762.70","7,775.00","7,799.95","7,692.00","7,708.00","7,709.25","7,726.95","8,22,760","6,35,74,25,825.30","79,099","2,51,115",30.52
MARUTI,EQ,2020-12-10,"7,709.25","7,760.00","7,850.00","7,710.00","7,727.90","7,736.00","7,776.21","11,86,739","9,22,83,30,393.20","88,280","1,66,849",14.06
MARUTI,EQ,2020-12-11,"7,736.00","7,779.95","7,795.70","7,700.00","7,715.20","7,733.55","7,738.70","7,06,875","5,47,02,94,540.80","50,626","1,83,137",25.91
MARUTI,EQ,2020-12-14,"7,733.55","7,810.00","7,825.00","7,655.00","7,684.00","7,696.80","7,713.84","10,38,032","8,00,72,11,706.10","85,812","2,82,168",27.18
MARUTI,EQ,2020-12-15,"7,696.80","7,696.80","7,790.00","7,640.55","7,772.00","7,765.25","7,720.89","8,91,801","6,88,54,95,987.85","72,561","2,74,127",30.74
MARUTI,EQ,2020-12-16,"7,765.25","7,820.00","7,899.00","7,770.00","7,773.00","7,796.35","7,820.28","9,63,504","7,53,48,66,640.50","78,504","2,19,833",22.82
MARUTI,EQ,2020-12-17,"7,796.35","7,799.90","7,831.90","7,625.00","7,664.00","7,694.00","7,743.96","7,34,075","5,68,46,46,346.30","55,091","2,60,899",35.54
MARUTI,EQ,2020-12-18,"7,694.00","7,714.00","7,727.00","7,541.75","7,560.00","7,559.75","7,601.76","10,78,328","8,19,71,85,519.25","86,152","4,23,555",39.28
MARUTI,EQ,2020-12-21,"7,559.75","7,560.00","7,599.00","7,278.10","7,340.00","7,376.10","7,497.25","9,70,306","7,27,46,22,541.95","80,870","2,43,586",25.10
MARUTI,EQ,2020-12-22,"7,376.10","7,380.00","7,438.00","7,205.10","7,401.00","7,395.40","7,323.74","11,38,240","8,33,61,78,647.50","1,04,411","3,95,569",34.75
MARUTI,EQ,2020-12-23,"7,395.40","7,400.40","7,555.60","7,394.00","7,450.00","7,449.95","7,474.90","9,51,805","7,11,46,45,570.30","84,300","2,62,458",27.57
MARUTI,EQ,2020-12-24,"7,449.95","7,507.25","7,532.75","7,414.20","7,449.00","7,446.05","7,463.58","5,89,281","4,39,81,47,154.50","50,741","1,12,711",19.13
MARUTI,EQ,2020-12-28,"7,446.05","7,465.00","7,543.00","7,454.00","7,484.00","7,483.00","7,492.13","5,21,320","3,90,57,98,161.95","52,080","1,08,261",20.77
MARUTI,EQ,2020-12-29,"7,483.00","7,520.00","7,545.00","7,418.30","7,447.50","7,452.35","7,469.74","5,38,719","4,02,40,91,462.30","50,326","1,43,100",26.56
MARUTI,EQ,2020-12-30,"7,452.35","7,497.00","7,635.00","7,430.00","7,610.00","7,612.90","7,546.90","10,29,800","7,77,17,95,536.10","81,204","2,01,109",19.53
MARUTI,EQ,2020-12-31,"7,612.90","7,614.65","7,697.00","7,580.00","7,654.00","7,649.60","7,646.68","9,08,515","6,94,71,19,527.40","76,829","2,39,335",26.34
MARUTI,EQ,2021-01-01,"7,649.60","7,654.00","7,748.50","7,650.00","7,687.00","7,691.30","7,704.92","7,67,574","5,91,40,93,729.80","55,693","93,385",12.17
MARUTI,EQ,2021-01-04,"7,691.30","7,739.00","7,755.20","7,642.60","7,691.05","7,702.30","7,697.13","5,98,645","4,60,78,46,932.35","55,195","1,71,586",28.66
MARUTI,EQ,2021-01-05,"7,702.30","7,660.00","7,673.00","7,586.00","7,657.20","7,655.45","7,635.41","5,62,668","4,29,62,03,492.30","57,426","1,47,432",26.20
MARUTI,EQ,2021-01-06,"7,655.45","7,654.00","7,749.00","7,555.50","7,625.25","7,628.60","7,670.88","8,40,678","6,44,87,36,327.00","66,618","2,04,373",24.31
MARUTI,EQ,2021-01-07,"7,628.60","7,676.00","7,704.40","7,552.10","7,576.85","7,566.05","7,620.30","6,42,968","4,89,96,11,001.50","65,629","1,98,399",30.86
MARUTI,EQ,2021-01-08,"7,566.05","7,600.00","8,060.00","7,600.00","8,003.90","8,014.90","7,900.46","25,57,157","20,20,27,26,188.90","2,06,469","6,28,669",24.58
MARUTI,EQ,2021-01-11,"8,014.90","8,099.00","8,288.00","7,882.40","8,230.00","8,232.75","8,134.13","21,82,019","17,74,88,15,820.20","1,73,268","3,74,554",17.17
MARUTI,EQ,2021-01-12,"8,232.75","8,161.00","8,329.00","8,140.00","8,160.00","8,188.05","8,225.92","15,14,072","12,45,46,31,354.70","1,21,926","3,38,140",22.33
MARUTI,EQ,2021-01-13,"8,188.05","8,188.00","8,250.00","8,111.00","8,132.00","8,139.85","8,179.95","8,77,225","7,17,56,59,474.25","75,670","1,71,171",19.51
MARUTI,EQ,2021-01-14,"8,139.85","8,164.80","8,180.00","8,023.45","8,154.00","8,149.45","8,119.67","7,18,274","5,83,21,47,158.25","75,675","1,64,673",22.93
MARUTI,EQ,2021-01-15,"8,149.45","8,157.15","8,219.50","8,000.05","8,011.00","8,024.75","8,083.19","7,51,177","6,07,19,03,149.30","66,900","1,16,035",15.45
MARUTI,EQ,2021-01-18,"8,024.75","8,011.00","8,023.95","7,745.00","7,768.40","7,830.65","7,846.21","7,71,183","6,05,08,63,814.10","83,183","1,60,751",20.84
MARUTI,EQ,2021-01-19,"7,830.65","7,900.00","7,990.30","7,835.00","7,905.00","7,922.60","7,920.93","7,79,892","6,17,74,73,124.60","71,087","1,38,955",17.82
MARUTI,EQ,2021-01-20,"7,922.60","7,882.00","8,170.00","7,860.25","8,125.00","8,144.95","8,057.51","9,99,226","8,05,12,74,046.10","88,074","1,55,107",15.52
MARUTI,EQ,2021-01-21,"8,144.95","8,205.00","8,267.00","8,021.45","8,089.00","8,076.75","8,194.49","7,69,494","6,30,56,13,188.40","84,321","1,71,412",22.28
MARUTI,EQ,2021-01-22,"8,076.75","8,085.00","8,308.00","8,000.00","8,024.00","8,048.85","8,163.61","11,72,914","9,57,52,12,952.35","1,06,358","1,72,071",14.67
MARUTI,EQ,2021-01-25,"8,048.85","8,117.00","8,164.70","7,950.10","8,009.10","7,981.50","8,070.49","7,53,043","6,07,74,26,597.30","71,327","1,55,311",20.62
MARUTI,EQ,2021-01-27,"7,981.50","7,992.95","8,090.00","7,820.50","7,861.45","7,870.90","7,972.54","10,80,785","8,61,65,97,069.65","1,16,041","2,34,241",21.67
MARUTI,EQ,2021-01-28,"7,870.90","7,840.00","7,984.55","7,562.00","7,600.00","7,588.50","7,765.46","20,85,637","16,19,59,27,096.60","1,93,839","3,74,460",17.95
MARUTI,EQ,2021-01-29,"7,588.50","7,685.00","7,685.00","7,170.00","7,222.00","7,206.65","7,377.31","30,69,968","22,64,80,90,785.35","2,81,099","10,65,452",34.71
MARUTI,EQ,2021-02-01,"7,206.65","7,265.20","7,475.00","7,152.00","7,430.00","7,399.80","7,315.28","16,11,478","11,78,84,10,804.05","1,79,773","2,90,905",18.05
MARUTI,EQ,2021-02-02,"7,399.80","7,534.90","7,769.75","7,490.15","7,661.00","7,654.70","7,651.32","17,00,845","13,01,37,01,956.10","1,28,518","4,50,748",26.50
MARUTI,EQ,2021-02-03,"7,654.70","7,680.00","7,716.45","7,475.85","7,585.00","7,589.20","7,579.50","14,91,567","11,30,53,35,855.30","1,23,946","3,50,427",23.49
MARUTI,EQ,2021-02-04,"7,589.20","7,600.00","7,765.00","7,529.05","7,635.25","7,640.00","7,673.20","11,98,036","9,19,27,74,643.55","1,00,546","2,86,052",23.88
MARUTI,EQ,2021-02-05,"7,640.00","7,680.00","7,736.00","7,461.00","7,501.00","7,494.15","7,541.65","11,28,089","8,50,76,56,251.40","1,16,860","3,28,854",29.15
MARUTI,EQ,2021-02-08,"7,494.15","7,515.00","7,638.00","7,474.50","7,572.90","7,574.60","7,574.24","9,12,372","6,91,05,21,423.50","84,897","1,74,287",19.10
MARUTI,EQ,2021-02-09,"7,574.60","7,581.00","7,680.00","7,574.00","7,630.00","7,627.05","7,637.82","9,25,127","7,06,59,57,943.25","83,533","2,97,189",32.12
MARUTI,EQ,2021-02-10,"7,627.05","7,605.20","7,674.90","7,506.05","7,629.00","7,621.70","7,589.42","10,15,600","7,70,78,14,316.55","97,257","2,33,643",23.01
MARUTI,EQ,2021-02-11,"7,621.70","7,600.00","7,744.00","7,567.65","7,659.00","7,667.35","7,669.83","8,18,869","6,28,05,85,001.50","67,413","1,78,948",21.85
MARUTI,EQ,2021-02-12,"7,667.35","7,620.10","7,675.00","7,525.90","7,570.00","7,568.50","7,603.77","7,56,833","5,75,47,83,099.10","64,775","1,94,262",25.67
MARUTI,EQ,2021-02-15,"7,568.50","7,600.00","7,649.10","7,580.00","7,600.00","7,596.65","7,611.43","4,70,093","3,57,80,80,133.05","48,456","78,160",16.63
MARUTI,EQ,2021-02-16,"7,596.65","7,639.00","7,799.00","7,625.25","7,690.00","7,697.05","7,717.76","13,21,126","10,19,61,38,362.05","1,10,476","2,87,777",21.78
MARUTI,EQ,2021-02-17,"7,697.05","7,679.95","7,691.50","7,471.30","7,501.00","7,503.20","7,564.37","10,23,548","7,74,24,98,278.50","87,935","3,83,157",37.43
MARUTI,EQ,2021-02-18,"7,503.20","7,574.85","7,579.05","7,460.00","7,495.00","7,497.55","7,516.97","8,21,462","6,17,49,06,515.90","79,177","2,00,788",24.44
MARUTI,EQ,2021-02-19,"7,497.55","7,448.00","7,486.40","7,285.00","7,332.50","7,323.00","7,382.49","10,13,887","7,48,50,08,224.10","1,05,979","2,75,316",27.15
MARUTI,EQ,2021-02-22,"7,323.00","7,323.00","7,325.00","7,056.00","7,060.00","7,086.45","7,151.55","15,02,068","10,74,21,07,736.65","1,74,597","6,06,694",40.39
MARUTI,EQ,2021-02-23,"7,086.45","7,118.80","7,122.35","6,938.00","6,975.00","6,970.50","7,004.31","15,89,884","11,13,60,35,988.55","1,55,033","6,88,121",43.28
MARUTI,EQ,2021-02-24,"6,970.50","6,905.00","7,036.00","6,877.50","6,955.00","6,952.95","6,969.92","12,25,254","8,53,99,21,159.00","1,17,844","5,40,301",44.10
MARUTI,EQ,2021-02-25,"6,952.95","7,065.00","7,069.00","6,915.00","6,926.05","6,930.35","6,955.90","17,40,066","12,10,37,31,876.15","1,35,168","9,04,726",51.99
MARUTI,EQ,2021-02-26,"6,930.35","6,900.00","7,075.00","6,822.20","6,851.00","6,866.15","6,937.04","26,87,534","18,64,35,37,042.30","2,60,516","9,11,816",33.93
MARUTI,EQ,2021-03-01,"6,866.15","6,977.00","7,032.85","6,917.05","7,024.90","7,015.00","6,987.36","14,17,600","9,90,52,78,802.95","1,33,457","6,37,032",44.94
MARUTI,EQ,2021-03-02,"7,015.00","7,060.00","7,235.00","7,030.00","7,223.00","7,214.10","7,138.08","13,95,296","9,95,97,31,633.85","1,15,867","6,44,925",46.22
MARUTI,EQ,2021-03-03,"7,214.10","7,245.60","7,262.30","7,101.20","7,129.25","7,124.70","7,132.69","7,96,258","5,67,94,58,771.70","88,189","2,91,539",36.61
MARUTI,EQ,2021-03-04,"7,124.70","7,080.00","7,175.20","7,011.00","7,123.00","7,131.60","7,108.26","9,06,310","6,44,22,88,873.90","98,839","2,78,461",30.72
MARUTI,EQ,2021-03-05,"7,131.60","7,130.00","7,315.00","7,070.00","7,251.00","7,249.00","7,236.86","18,21,165","13,17,95,07,568.65","1,36,188","8,02,724",44.08
MARUTI,EQ,2021-03-08,"7,249.00","7,264.90","7,338.80","7,216.00","7,248.10","7,259.50","7,277.95","9,77,572","7,11,47,22,046.30","95,403","3,72,383",38.09
MARUTI,EQ,2021-03-09,"7,259.50","7,329.40","7,329.40","7,256.00","7,300.00","7,301.55","7,291.37","6,78,485","4,94,70,88,435.65","69,419","3,28,281",48.38
MARUTI,EQ,2021-03-10,"7,301.55","7,320.00","7,387.00","7,251.00","7,260.65","7,272.10","7,318.80","6,59,270","4,82,50,62,453.90","99,069","2,34,347",35.55
MARUTI,EQ,2021-03-12,"7,272.10","7,300.00","7,313.00","7,061.40","7,100.75","7,096.20","7,151.12","9,46,720","6,77,01,10,491.20","1,14,353","3,41,569",36.08
MARUTI,EQ,2021-03-15,"7,096.20","7,145.00","7,162.95","7,011.00","7,076.00","7,089.30","7,071.09","7,00,309","4,95,19,47,146.40","87,619","2,23,307",31.89
MARUTI,EQ,2021-03-16,"7,089.30","7,100.00","7,200.00","7,100.00","7,155.00","7,150.30","7,156.16","7,96,357","5,69,88,59,492.45","89,199","3,33,378",41.86
MARUTI,EQ,2021-03-17,"7,150.30","7,160.00","7,169.95","7,043.50","7,075.00","7,064.65","7,098.99","6,88,581","4,88,82,28,216.20","66,862","3,57,004",51.85
MARUTI,EQ,2021-03-18,"7,064.65","7,125.00","7,242.00","7,060.00","7,108.00","7,113.75","7,159.91","9,84,545","7,04,92,56,728.40","1,11,880","3,27,984",33.31
MARUTI,EQ,2021-03-19,"7,113.75","7,059.95","7,149.95","6,905.50","7,114.90","7,113.55","7,022.41","8,38,756","5,89,00,89,951.25","1,03,254","2,20,746",26.32
MARUTI,EQ,2021-03-22,"7,113.55","7,104.00","7,142.50","7,050.20","7,106.00","7,101.25","7,088.01","5,33,767","3,78,33,47,551.15","72,385","1,74,907",32.77
MARUTI,EQ,2021-03-23,"7,101.25","7,138.00","7,225.00","7,130.00","7,172.00","7,186.25","7,189.58","7,57,590","5,44,67,52,223.35","85,127","2,53,656",33.48
MARUTI,EQ,2021-03-24,"7,186.25","7,136.00","7,158.40","7,049.95","7,060.00","7,066.20","7,093.04","4,57,147","3,24,25,62,774.15","63,062","1,37,921",30.17
MARUTI,EQ,2021-03-25,"7,066.20","7,050.00","7,059.00","6,755.25","6,792.00","6,786.85","6,842.51","13,38,767","9,16,05,24,406.75","1,81,801","5,11,237",38.19
MARUTI,EQ,2021-03-26,"6,786.85","6,889.00","6,898.95","6,771.00","6,789.00","6,784.45","6,808.28","9,11,299","6,20,43,82,981.00","1,08,503","3,96,139",43.47
MARUTI,EQ,2021-03-30,"6,784.45","6,811.00","6,875.00","6,740.00","6,854.45","6,851.80","6,805.37","10,88,917","7,41,04,84,724.10","1,05,581","5,18,822",47.65
MARUTI,EQ,2021-03-31,"6,851.80","6,852.30","6,939.90","6,795.20","6,864.75","6,859.20","6,874.85","7,35,382","5,05,56,37,429.15","84,020","2,42,359",32.96
MARUTI,EQ,2021-04-01,"6,859.20","6,950.00","6,991.50","6,855.00","6,922.00","6,923.90","6,928.21","6,60,759","4,57,78,78,601.15","57,833","1,70,697",25.83
MARUTI,EQ,2021-04-05,"6,923.90","6,908.50","6,908.50","6,724.60","6,773.00","6,768.55","6,785.21","6,68,129","4,53,33,93,260.80","76,303","2,21,541",33.16
MARUTI,EQ,2021-04-06,"6,768.55","6,818.25","6,846.95","6,720.00","6,767.20","6,751.30","6,786.69","6,28,262","4,26,38,20,393.30","69,291","1,79,244",28.53
MARUTI,EQ,2021-04-07,"6,751.30","6,790.00","6,885.00","6,775.05","6,865.20","6,865.00","6,847.39","5,98,115","4,09,55,25,836.10","57,449","2,55,548",42.73
MARUTI,EQ,2021-04-08,"6,865.00","6,881.00","6,939.30","6,806.85","6,831.00","6,826.85","6,885.70","6,04,553","4,16,27,69,048.75","58,345","2,81,504",46.56
MARUTI,EQ,2021-04-09,"6,826.85","6,850.00","6,875.25","6,778.00","6,835.00","6,827.10","6,827.68","6,41,327","4,37,87,73,598.00","60,183","2,77,643",43.29
MARUTI,EQ,2021-04-12,"6,827.10","6,739.85","6,739.85","6,502.15","6,533.00","6,520.60","6,565.82","10,20,746","6,70,20,32,190.25","1,34,956","5,05,862",49.56
MARUTI,EQ,2021-04-13,"6,520.60","6,520.00","6,845.40","6,468.80","6,825.00","6,815.80","6,733.61","9,95,718","6,70,47,76,133.05","1,07,496","2,83,343",28.46
MARUTI,EQ,2021-04-15,"6,815.80","6,846.60","6,846.85","6,551.00","6,643.00","6,644.25","6,640.08","12,67,365","8,41,54,09,818.65","1,38,313","5,81,577",45.89
MARUTI,EQ,2021-04-16,"6,644.25","6,675.00","6,784.85","6,606.05","6,633.00","6,648.10","6,680.14","10,00,325","6,68,23,14,283.55","81,274","3,42,948",34.28
MARUTI,EQ,2021-04-19,"6,648.10","6,500.35","6,530.00","6,415.00","6,515.00","6,511.75","6,477.28","7,72,219","5,00,18,76,840.25","94,720","3,23,706",41.92
MARUTI,EQ,2021-04-20,"6,511.75","6,615.00","6,678.70","6,558.55","6,640.00","6,646.65","6,616.92","9,14,142","6,04,88,00,237.55","69,676","4,01,144",43.88
MARUTI,EQ,2021-04-22,"6,646.65","6,625.95","6,674.90","6,545.00","6,648.00","6,650.10","6,631.11","6,67,911","4,42,89,93,452.85","75,599","3,29,978",49.40
MARUTI,EQ,2021-04-23,"6,650.10","6,560.00","6,714.70","6,560.00","6,684.00","6,676.10","6,651.34","7,09,306","4,71,78,36,315.35","64,854","2,75,503",38.84
MARUTI,EQ,2021-04-26,"6,676.10","6,690.20","6,789.00","6,600.00","6,645.00","6,638.90","6,678.34","9,37,344","6,25,99,02,831.80","74,474","4,64,999",49.61
MARUTI,EQ,2021-04-27,"6,638.90","6,669.95","6,709.00","6,542.00","6,552.00","6,568.75","6,620.68","16,10,651","10,66,35,98,294.60","1,30,986","5,88,617",36.55
MARUTI,EQ,2021-04-28,"6,568.75","6,568.75","6,650.00","6,545.00","6,581.00","6,573.80","6,598.62","14,06,270","9,27,94,37,297.75","1,17,843","6,72,435",47.82
MARUTI,EQ,2021-04-29,"6,573.80","6,635.00","6,647.45","6,552.00","6,562.00","6,565.65","6,580.77","7,57,075","4,98,21,35,010.10","64,393","3,52,987",46.63
MARUTI,EQ,2021-04-30,"6,565.65","6,537.10","6,559.60","6,421.00","6,438.35","6,455.65","6,500.51","8,49,997","5,52,54,18,155.00","95,248","3,82,594",45.01
MARUTI,EQ,2021-05-03,"6,455.65","6,430.00","6,622.00","6,400.00","6,600.00","6,597.85","6,568.74","8,34,923","5,48,43,91,485.25","71,917","1,62,249",19.43
MARUTI,EQ,2021-05-04,"6,597.85","6,639.95","6,648.50","6,482.00","6,506.00","6,508.25","6,544.51","5,07,170","3,31,91,77,168.75","53,256","1,23,041",24.26
MARUTI,EQ,2021-05-05,"6,508.25","6,557.70","6,599.00","6,483.00","6,590.00","6,590.10","6,551.00","4,99,160","3,26,99,98,391.45","52,446","1,17,735",23.59
MARUTI,EQ,2021-05-06,"6,590.10","6,590.00","6,709.00","6,575.70","6,657.00","6,666.65","6,664.20","5,20,125","3,46,62,16,114.70","55,167","1,90,241",36.58
MARUTI,EQ,2021-05-07,"6,666.65","6,679.00","6,754.55","6,640.00","6,694.05","6,703.05","6,697.04","6,05,050","4,05,20,43,615.00","62,112","2,35,152",38.86
MARUTI,EQ,2021-05-10,"6,703.05","6,675.20","6,773.15","6,660.10","6,765.00","6,764.00","6,738.56","5,41,534","3,64,91,58,066.95","59,183","2,32,526",42.94
MARUTI,EQ,2021-05-11,"6,764.00","6,680.15","6,749.00","6,660.25","6,740.00","6,736.65","6,709.69","4,06,046","2,72,44,41,701.35","46,189","1,30,971",32.26
MARUTI,EQ,2021-05-12,"6,736.65","6,730.00","6,840.00","6,685.00","6,825.00","6,817.55","6,771.29","7,70,204","5,21,52,71,527.50","73,266","3,11,842",40.49
MARUTI,EQ,2021-05-14,"6,817.55","6,840.00","6,842.15","6,700.20","6,720.00","6,736.40","6,745.87","6,47,029","4,36,47,73,225.50","77,290","3,02,500",46.75
MARUTI,EQ,2021-05-17,"6,736.40","6,716.50","6,838.40","6,697.55","6,715.00","6,717.85","6,764.44","9,95,827","6,73,62,07,944.85","85,734","6,30,130",63.28
MARUTI,EQ,2021-05-18,"6,717.85","6,788.00","6,864.00","6,715.45","6,812.00","6,811.10","6,798.40","8,05,827","5,47,83,37,822.85","74,323","3,08,871",38.33
MARUTI,EQ,2021-05-19,"6,811.10","6,799.00","6,854.95","6,760.00","6,771.00","6,775.90","6,796.41","4,32,774","2,94,13,08,356.60","49,718","1,47,826",34.16
MARUTI,EQ,2021-05-20,"6,775.90","6,780.80","6,814.70","6,729.50","6,739.00","6,737.85","6,765.64","4,70,476","3,18,30,70,495.75","53,092","2,07,817",44.17
MARUTI,EQ,2021-05-21,"6,737.85","6,780.00","6,835.50","6,744.25","6,811.10","6,814.65","6,796.16","4,34,363","2,95,20,02,095.55","46,661","1,79,876",41.41
MARUTI,EQ,2021-05-24,"6,814.65","6,802.00","6,965.00","6,802.00","6,882.00","6,871.60","6,904.36","10,27,484","7,09,41,18,134.50","99,839","3,08,603",30.03
MARUTI,EQ,2021-05-25,"6,871.60","6,939.95","6,948.00","6,888.00","6,910.00","6,911.80","6,915.45","4,38,736","3,03,40,58,739.70","46,895","1,53,247",34.93
MARUTI,EQ,2021-05-26,"6,911.80","6,926.00","7,051.00","6,912.00","7,024.00","7,034.30","6,996.06","6,91,574","4,83,82,91,406.15","68,086","2,79,281",40.38
MARUTI,EQ,2021-05-27,"7,034.30","7,022.00","7,069.00","6,951.15","6,968.00","6,968.90","6,996.16","9,22,091","6,45,10,98,364.60","76,583","5,08,186",55.11
MARUTI,EQ,2021-05-28,"6,968.90","6,988.60","7,047.00","6,940.50","6,965.00","6,970.00","6,978.71","3,93,809","2,74,82,76,839.55","39,040","1,39,376",35.39
MARUTI,EQ,2021-05-31,"6,970.00","6,955.00","7,100.00","6,924.05","7,075.05","7,086.30","7,046.96","7,18,277","5,06,16,72,191.60","63,467","3,22,432",44.89
MARUTI,EQ,2021-06-01,"7,086.30","7,107.55","7,143.00","7,047.05","7,085.00","7,091.15","7,100.25","6,42,841","4,56,43,30,191.90","56,757","2,37,134",36.89
MARUTI,EQ,2021-06-02,"7,091.15","7,063.45","7,197.70","7,063.45","7,185.50","7,184.70","7,141.97","5,98,862","4,27,70,55,762.80","65,123","2,89,848",48.40
MARUTI,EQ,2021-06-03,"7,184.70","7,200.00","7,230.00","7,165.05","7,202.00","7,209.50","7,200.92","4,01,590","2,89,18,18,209.75","48,913","1,67,785",41.78
MARUTI,EQ,2021-06-04,"7,209.50","7,200.00","7,272.00","7,151.10","7,219.50","7,214.70","7,218.27","5,75,591","4,15,47,73,651.35","52,647","2,28,971",39.78
MARUTI,EQ,2021-06-07,"7,214.70","7,221.00","7,328.85","7,211.10","7,273.00","7,275.65","7,281.32","5,20,482","3,78,97,95,837.25","53,602","2,24,477",43.13
MARUTI,EQ,2021-06-08,"7,275.65","7,317.50","7,366.45","7,295.20","7,336.95","7,336.75","7,332.90","5,38,816","3,95,10,82,086.10","57,394","2,99,547",55.59
MARUTI,EQ,2021-06-09,"7,336.75","7,310.20","7,339.20","7,200.00","7,238.55","7,239.00","7,253.80","4,43,778","3,21,90,76,289.75","54,241","1,80,247",40.62
MARUTI,EQ,2021-06-10,"7,239.00","7,258.00","7,279.45","7,174.05","7,209.50","7,199.90","7,209.21","2,78,027","2,00,43,55,855.15","41,656","1,08,735",39.11
MARUTI,EQ,2021-06-11,"7,199.90","7,244.00","7,244.00","7,186.40","7,215.00","7,223.80","7,219.08","2,53,689","1,83,14,00,190.70","43,956","1,24,909",49.24
MARUTI,EQ,2021-06-14,"7,223.80","7,195.00","7,212.95","7,095.05","7,181.15","7,177.85","7,147.84","3,22,353","2,30,41,27,409.05","37,207","1,43,497",44.52
MARUTI,EQ,2021-06-15,"7,177.85","7,181.15","7,228.85","7,156.30","7,165.00","7,166.25","7,177.53","2,07,625","1,49,02,35,163.85","36,310","89,173",42.95
MARUTI,EQ,2021-06-16,"7,166.25","7,166.00","7,193.75","7,070.00","7,108.50","7,114.25","7,119.34","2,83,007","2,01,48,23,315.20","45,004","1,28,623",45.45
MARUTI,EQ,2021-06-17,"7,114.25","7,060.00","7,099.10","6,931.10","6,955.00","6,969.35","7,009.75","5,95,255","4,17,25,86,651.80","66,183","3,33,094",55.96
MARUTI,EQ,2021-06-18,"6,969.35","6,989.85","6,989.85","6,821.00","6,960.00","6,959.35","6,913.65","7,97,389","5,51,28,68,857.35","97,087","4,12,856",51.78
MARUTI,EQ,2021-06-21,"6,959.35","6,870.00","6,925.00","6,842.00","6,890.10","6,899.90","6,886.61","4,43,795","3,05,62,41,297.00","60,269","2,49,341",56.18
MARUTI,EQ,2021-06-22,"6,899.90","6,940.00","7,299.95","6,930.00","7,257.50","7,265.40","7,201.24","17,57,310","12,65,48,04,727.60","1,71,579","5,49,897",31.29
MARUTI,EQ,2021-06-23,"7,265.40","7,266.10","7,479.00","7,240.05","7,432.10","7,432.70","7,417.45","22,27,399","16,52,16,13,555.70","2,21,087","10,32,732",46.36
MARUTI,EQ,2021-06-24,"7,432.70","7,448.80","7,550.00","7,410.10","7,531.00","7,527.45","7,497.38","10,41,762","7,81,04,89,981.45","95,406","4,57,296",43.90
MARUTI,EQ,2021-06-25,"7,527.45","7,540.00","7,665.00","7,540.00","7,623.00","7,649.00","7,627.10","12,16,123","9,27,54,93,385.90","1,14,428","7,07,447",58.17
MARUTI,EQ,2021-06-28,"7,649.00","7,698.00","7,698.00","7,571.40","7,596.00","7,596.25","7,608.92","4,33,364","3,29,74,31,604.65","50,498","1,63,967",37.84
MARUTI,EQ,2021-06-29,"7,596.25","7,596.00","7,601.00","7,452.55","7,503.00","7,487.50","7,502.99","4,80,219","3,60,30,78,960.05","52,711","2,05,273",42.75
MARUTI,EQ,2021-06-30,"7,487.50","7,505.50","7,646.60","7,492.60","7,539.90","7,515.90","7,557.97","7,29,267","5,51,17,75,636.30","94,722","3,32,638",45.61
MARUTI,EQ,2021-07-01,"7,515.90","7,500.00","7,605.00","7,495.05","7,584.55","7,584.40","7,563.96","5,84,331","4,41,98,58,255.50","57,959","2,55,187",43.67
MARUTI,EQ,2021-07-02,"7,584.40","7,625.00","7,634.50","7,546.55","7,564.00","7,573.85","7,577.27","4,34,905","3,29,53,93,570.50","48,194","2,38,506",54.84
MARUTI,EQ,2021-07-05,"7,573.85","7,596.30","7,690.00","7,583.00","7,591.95","7,599.45","7,629.31","4,84,183","3,69,39,80,814.45","47,506","1,81,475",37.48
MARUTI,EQ,2021-07-06,"7,599.45","7,600.00","7,657.95","7,487.45","7,508.50","7,514.95","7,567.52","4,25,103","3,21,69,73,391.70","41,040","1,18,295",27.83
MARUTI,EQ,2021-07-07,"7,514.95","7,528.00","7,581.00","7,433.65","7,450.00","7,449.40","7,486.85","3,95,336","2,95,98,23,179.85","44,726","1,81,681",45.96
MARUTI,EQ,2021-07-08,"7,449.40","7,455.00","7,498.00","7,385.00","7,400.00","7,401.20","7,426.17","3,91,940","2,91,06,12,976.25","40,411","1,21,213",30.93
MARUTI,EQ,2021-07-09,"7,401.20","7,381.00","7,447.90","7,343.40","7,423.00","7,425.70","7,401.23","4,00,686","2,96,55,68,184.70","53,081","1,80,958",45.16
MARUTI,EQ,2021-07-12,"7,425.70","7,500.00","7,589.80","7,451.05","7,467.00","7,470.10","7,519.78","4,96,478","3,73,34,07,274.95","55,325","1,09,130",21.98
MARUTI,EQ,2021-07-13,"7,470.10","7,520.00","7,529.20","7,404.00","7,433.10","7,430.35","7,442.70","3,50,032","2,60,51,81,428.50","43,258","1,60,054",45.73
MARUTI,EQ,2021-07-14,"7,430.35","7,436.00","7,449.00","7,310.00","7,325.00","7,326.75","7,343.64","4,60,178","3,37,93,80,585.60","60,474","1,86,672",40.57
MARUTI,EQ,2021-07-15,"7,326.75","7,357.00","7,358.00","7,268.00","7,305.00","7,307.00","7,300.47","4,30,055","3,13,96,05,459.20","52,872","2,06,473",48.01
MARUTI,EQ,2021-07-16,"7,307.00","7,333.00","7,333.00","7,272.80","7,296.95","7,303.55","7,299.47","2,81,552","2,05,51,79,407.70","34,289","1,43,479",50.96
MARUTI,EQ,2021-07-19,"7,303.55","7,251.70","7,297.00","7,151.10","7,179.00","7,165.55","7,205.57","3,86,598","2,78,56,59,741.75","62,117","1,50,598",38.95
MARUTI,EQ,2021-07-20,"7,165.55","7,180.00","7,265.00","7,144.45","7,220.00","7,232.70","7,203.49","4,13,816","2,98,09,18,506.10","52,165","1,42,420",34.42
MARUTI,EQ,2021-07-22,"7,232.70","7,302.00","7,325.00","7,246.30","7,287.00","7,299.55","7,297.27","4,39,934","3,21,03,15,937.20","54,932","2,59,844",59.06
MARUTI,EQ,2021-07-23,"7,299.55","7,300.00","7,375.00","7,277.00","7,283.50","7,293.85","7,334.62","4,36,330","3,20,03,14,442.60","55,896","2,07,353",47.52
MARUTI,EQ,2021-07-26,"7,293.85","7,307.00","7,360.00","7,180.00","7,236.00","7,235.80","7,241.33","4,31,758","3,12,65,00,843.30","60,183","2,07,254",48.00
MARUTI,EQ,2021-07-27,"7,235.80","7,241.30","7,320.00","7,160.85","7,243.30","7,240.25","7,242.97","4,17,171","3,02,15,58,595.95","49,284","1,92,839",46.23
MARUTI,EQ,2021-07-28,"7,240.25","7,280.00","7,312.00","7,063.00","7,145.00","7,165.05","7,195.08","7,39,427","5,32,02,39,329.75","1,00,898","2,55,290",34.53
MARUTI,EQ,2021-07-29,"7,165.05","7,130.00","7,130.00","6,936.00","6,999.00","6,993.50","7,011.57","15,19,226","10,65,21,65,758.75","1,52,249","7,00,971",46.14
MARUTI,EQ,2021-07-30,"6,993.50","7,000.00","7,095.00","6,964.90","6,994.00","6,977.70","7,019.44","7,15,546","5,02,27,34,358.15","81,523","3,42,335",47.84
MARUTI,EQ,2021-08-02,"6,977.70","7,100.00","7,107.45","7,031.00","7,073.00","7,076.95","7,063.48","4,33,760","3,06,38,55,017.85","50,547","1,89,072",43.59
MARUTI,EQ,2021-08-03,"7,076.95","7,124.95","7,221.00","7,086.10","7,193.00","7,199.40","7,142.67","4,70,570","3,36,11,25,626.55","45,616","1,97,209",41.91
MARUTI,EQ,2021-08-04,"7,199.40","7,220.00","7,248.60","7,003.50","7,120.00","7,102.90","7,137.39","4,84,122","3,45,53,67,472.25","71,352","1,54,278",31.87
MARUTI,EQ,2021-08-05,"7,102.90","7,072.00","7,079.95","7,006.00","7,042.55","7,027.55","7,040.06","4,95,133","3,48,57,64,017.70","57,473","2,26,912",45.83
MARUTI,EQ,2021-08-06,"7,027.55","7,054.80","7,168.50","7,042.55","7,108.00","7,100.80","7,117.96","5,17,575","3,68,40,77,538.25","59,187","1,80,669",34.91
MARUTI,EQ,2021-08-09,"7,100.80","7,135.00","7,165.00","7,038.00","7,092.00","7,081.75","7,086.34","2,64,983","1,87,77,58,454.30","28,989","1,12,149",42.32
MARUTI,EQ,2021-08-10,"7,081.75","7,045.20","7,104.90","6,995.00","7,006.00","7,001.95","7,032.13","3,56,726","2,50,85,43,834.10","45,106","1,85,930",52.12
MARUTI,EQ,2021-08-11,"7,001.95","7,002.00","7,095.00","6,925.15","7,023.80","7,021.50","6,993.36","4,14,311","2,89,74,27,386.65","53,559","1,69,439",40.90
MARUTI,EQ,2021-08-12,"7,021.50","7,022.00","7,084.80","6,985.00","7,009.50","7,012.00","7,023.98","3,30,283","2,31,99,00,982.60","44,040","1,41,166",42.74
MARUTI,EQ,2021-08-13,"7,012.00","7,030.00","7,049.90","6,973.85","6,997.55","7,002.20","7,007.10","4,31,784","3,02,55,54,557.50","60,651","2,33,255",54.02
MARUTI,EQ,2021-08-16,"7,002.20","6,982.50","7,018.00","6,810.00","6,820.35","6,826.85","6,879.64","7,50,966","5,16,63,73,334.35","91,331","3,92,733",52.30
MARUTI,EQ,2021-08-17,"6,826.85","6,800.00","6,943.00","6,746.40","6,890.00","6,885.40","6,817.62","7,52,517","5,13,03,77,936.30","91,340","3,10,735",41.29
MARUTI,EQ,2021-08-18,"6,885.40","6,943.75","6,943.75","6,820.00","6,841.60","6,840.10","6,869.05","4,34,144","2,98,21,55,413.00","46,160","1,79,992",41.46
MARUTI,EQ,2021-08-20,"6,840.10","6,815.00","6,914.65","6,780.00","6,839.00","6,850.90","6,857.99","6,57,982","4,51,24,34,046.95","89,530","3,52,694",53.60
MARUTI,EQ,2021-08-23,"6,850.90","6,905.00","6,918.00","6,801.00","6,835.00","6,825.90","6,847.81","5,37,302","3,67,93,41,824.35","45,522","2,92,131",54.37
MARUTI,EQ,2021-08-24,"6,825.90","6,789.50","6,852.00","6,740.60","6,795.00","6,803.20","6,799.56","6,46,993","4,39,92,64,639.15","62,582","2,32,782",35.98
MARUTI,EQ,2021-08-25,"6,803.20","6,838.00","6,838.00","6,700.00","6,714.00","6,711.45","6,753.74","7,22,194","4,87,75,12,734.35","79,601","4,36,133",60.39
MARUTI,EQ,2021-08-26,"6,711.45","6,700.00","6,701.35","6,591.00","6,609.95","6,608.60","6,625.81","11,99,429","7,94,71,87,899.40","93,067","7,96,214",66.38
MARUTI,EQ,2021-08-27,"6,608.60","6,629.75","6,694.60","6,600.00","6,628.40","6,624.85","6,629.08","14,28,388","9,46,88,98,445.60","76,154","9,98,109",69.88
MARUTI,EQ,2021-08-30,"6,624.85","6,690.00","6,810.00","6,653.85","6,802.00","6,796.90","6,752.74","8,19,447","5,53,35,11,851.25","72,020","3,99,510",48.75
MARUTI,EQ,2021-08-31,"6,796.90","6,820.00","6,872.00","6,763.55","6,836.30","6,846.10","6,839.16","9,38,326","6,41,73,61,066.60","68,746","5,83,067",62.14
MARUTI,EQ,2021-09-01,"6,846.10","6,799.95","6,820.00","6,702.35","6,786.00","6,784.90","6,764.87","11,08,476","7,49,87,01,412.95","1,24,234","6,09,996",55.03
MARUTI,EQ,2021-09-02,"6,784.90","6,852.70","6,858.95","6,708.20","6,780.00","6,792.90","6,766.53","7,41,052","5,01,43,50,831.20","76,284","4,07,456",54.98
MARUTI,EQ,2021-09-03,"6,792.90","6,770.00","6,958.00","6,751.60","6,869.00","6,863.10","6,878.17","11,96,077","8,22,68,21,156.80","1,28,742","5,30,274",44.33
MARUTI,EQ,2021-09-06,"6,863.10","6,925.00","6,954.00","6,838.00","6,840.00","6,846.90","6,890.45","8,97,444","6,18,37,96,170.50","91,930","5,45,747",60.81
MARUTI,EQ,2021-09-07,"6,846.90","6,879.90","6,929.90","6,853.70","6,878.00","6,877.15","6,879.83","7,43,783","5,11,71,01,687.70","1,14,167","4,83,960",65.07
MARUTI,EQ,2021-09-08,"6,877.15","6,852.10","6,858.35","6,756.00","6,780.00","6,781.25","6,797.04","8,47,767","5,76,23,08,726.00","1,15,677","4,60,250",54.29
MARUTI,EQ,2021-09-09,"6,781.25","6,750.00","6,818.45","6,740.00","6,800.00","6,802.25","6,784.97","5,15,702","3,49,90,23,753.20","54,757","2,33,568",45.29
MARUTI,EQ,2021-09-13,"6,802.25","6,835.50","6,895.45","6,813.30","6,873.60","6,873.70","6,858.54","5,08,397","3,48,68,60,596.40","60,477","2,90,602",57.16
MARUTI,EQ,2021-09-14,"6,873.70","6,910.00","6,955.00","6,851.10","6,893.00","6,894.45","6,905.55","8,17,280","5,64,37,65,795.45","63,253","4,39,314",53.75
MARUTI,EQ,2021-09-15,"6,894.45","6,938.00","6,938.00","6,880.00","6,913.05","6,909.00","6,904.10","3,10,138","2,14,12,24,022.50","40,109","1,38,313",44.60
MARUTI,EQ,2021-09-16,"6,909.00","6,913.30","6,949.00","6,870.00","6,930.00","6,930.95","6,907.34","5,56,648","3,84,49,54,603.55","61,217","3,56,173",63.99
MARUTI,EQ,2021-09-17,"6,930.95","6,955.00","7,064.75","6,950.00","7,014.90","7,014.45","7,016.13","9,80,793","6,88,13,72,304.65","93,525","4,25,418",43.37
MARUTI,EQ,2021-09-20,"7,014.45","6,979.90","7,015.45","6,906.20","6,942.50","6,950.40","6,961.98","5,50,405","3,83,19,09,518.80","59,177","2,86,725",52.09
MARUTI,EQ,2021-09-21,"6,950.40","6,912.50","6,939.70","6,741.00","6,780.00","6,777.00","6,788.91","10,85,249","7,36,76,55,832.75","1,35,019","6,94,586",64.00
MARUTI,EQ,2021-09-22,"6,777.00","6,820.00","6,846.00","6,785.00","6,821.00","6,831.00","6,815.93","5,48,623","3,73,93,76,181.85","51,499","3,10,469",56.59
MARUTI,EQ,2021-09-23,"6,831.00","6,868.00","6,879.90","6,821.00","6,843.00","6,846.70","6,847.94","4,32,740","2,96,33,79,024.20","44,526","2,36,985",54.76
MARUTI,EQ,2021-09-24,"6,846.70","6,850.00","7,037.80","6,848.00","6,953.30","6,952.25","6,914.88","16,49,962","11,40,92,93,128.50","94,067","8,02,803",48.66
MARUTI,EQ,2021-09-27,"6,952.25","6,974.00","7,448.00","6,974.00","7,400.00","7,403.45","7,279.90","26,46,138","19,26,36,08,353.75","2,52,643","9,38,516",35.47
MARUTI,EQ,2021-09-28,"7,403.45","7,448.00","7,521.55","7,333.50","7,400.00","7,423.85","7,433.52","13,46,961","10,01,26,56,031.85","1,57,632","4,79,556",35.60
MARUTI,EQ,2021-09-29,"7,423.85","7,390.50","7,465.00","7,291.00","7,382.00","7,384.05","7,372.24","6,43,556","4,74,44,52,005.25","81,531","2,45,736",38.18
MARUTI,EQ,2021-09-30,"7,384.05","7,384.75","7,408.05","7,301.05","7,320.05","7,338.05","7,347.22","6,25,717","4,59,72,81,699.70","82,903","3,86,633",61.79
MARUTI,EQ,2021-10-01,"7,338.05","7,220.00","7,220.00","7,090.00","7,152.00","7,162.30","7,156.29","9,01,588","6,45,20,25,168.30","99,315","3,34,664",37.12
MARUTI,BL,2021-10-04,"6,673.55","7,162.30","7,162.30","7,162.30","7,162.30","7,162.30","7,162.30","1,27,042","90,99,12,916.60",1,-,-
MARUTI,EQ,2021-10-04,"7,162.30","7,180.00","7,214.95","7,131.80","7,154.95","7,170.30","7,171.65","4,66,994","3,34,91,16,023.95","54,266","2,58,497",55.35
MARUTI,EQ,2021-10-05,"7,170.30","7,164.80","7,300.00","7,155.65","7,250.00","7,258.25","7,255.64","5,46,004","3,96,16,10,932.30","67,008","2,14,801",39.34
MARUTI,EQ,2021-10-06,"7,258.25","7,270.90","7,281.50","7,164.25","7,193.50","7,199.25","7,217.79","7,26,695","5,24,51,33,706.50","63,528","4,76,939",65.63
MARUTI,EQ,2021-10-07,"7,199.25","7,234.95","7,555.00","7,225.25","7,495.00","7,492.50","7,467.25","16,46,727","12,29,65,18,879.05","1,50,776","6,64,388",40.35
MARUTI,EQ,2021-10-08,"7,492.50","7,548.70","7,571.95","7,401.15","7,409.30","7,430.00","7,476.49","6,30,622","4,71,48,41,448.20","56,059","3,72,117",59.01
MARUTI,EQ,2021-10-11,"7,430.00","7,420.20","7,814.80","7,419.80","7,680.00","7,700.80","7,692.98","10,69,536","8,22,79,23,709.05","95,503","5,27,841",49.35
MARUTI,EQ,2021-10-12,"7,700.80","7,687.90","7,750.00","7,630.05","7,690.00","7,693.80","7,693.24","4,06,814","3,12,97,19,433.45","61,729","1,79,193",44.05
MARUTI,EQ,2021-10-13,"7,693.80","7,740.00","7,749.95","7,436.55","7,495.00","7,482.15","7,586.43","10,84,436","8,22,69,97,979.50","97,387","6,20,864",57.25
MARUTI,EQ,2021-10-14,"7,482.15","7,540.00","7,560.00","7,445.00","7,498.15","7,496.90","7,500.84","8,31,546","6,23,72,89,463.50","83,141","5,78,890",69.62
MARUTI,EQ,2021-10-18,"7,496.90","7,405.00","7,705.30","7,405.00","7,650.05","7,657.00","7,633.77","9,13,963","6,97,69,80,267.55","72,232","5,23,569",57.29
MARUTI,EQ,2021-10-19,"7,657.00","7,670.20","7,768.60","7,585.00","7,613.10","7,655.65","7,677.23","6,58,869","5,05,82,87,231.80","66,791","3,39,649",51.55
MARUTI,EQ,2021-10-20,"7,655.65","7,615.00","7,667.35","7,515.00","7,609.20","7,590.75","7,579.95","4,88,082","3,69,96,39,594.05","45,076","2,76,471",56.64
MARUTI,EQ,2021-10-21,"7,590.75","7,650.00","7,650.00","7,485.00","7,565.60","7,575.25","7,570.24","5,63,128","4,26,30,15,836.50","46,786","3,13,562",55.68
MARUTI,EQ,2021-10-22,"7,575.25","7,600.00","7,625.00","7,386.55","7,410.00","7,408.90","7,471.64","2,24,520","1,67,75,31,538.05","31,638","62,554",27.86
MARUTI,EQ,2021-10-25,"7,408.90","7,355.00","7,396.05","7,219.65","7,256.00","7,260.60","7,285.22","2,48,058","1,80,71,56,570.60","39,214","76,016",30.64
MARUTI,EQ,2021-10-26,"7,260.60","7,265.00","7,337.95","7,210.20","7,294.00","7,297.35","7,275.61","2,92,203","2,12,59,55,587.65","35,450","1,32,268",45.27
MARUTI,EQ,2021-10-27,"7,297.35","7,285.00","7,461.25","7,244.00","7,350.00","7,356.25","7,353.54","12,18,064","8,95,70,84,048.10","1,26,817","2,76,867",22.73
MARUTI,EQ,2021-10-28,"7,356.25","7,250.00","7,529.70","7,235.05","7,365.00","7,369.70","7,415.34","9,61,511","7,12,99,31,436.90","1,41,959","3,59,014",37.34
MARUTI,EQ,2021-10-29,"7,369.70","7,350.00","7,550.00","7,294.85","7,456.05","7,482.40","7,484.02","8,19,875","6,13,59,59,228.80","88,409","4,40,283",53.70
MARUTI,EQ,2021-11-01,"7,482.40","7,401.00","7,666.00","7,401.00","7,602.65","7,615.55","7,580.31","10,05,690","7,62,34,38,017.25","74,955","6,51,868",64.82
MARUTI,EQ,2021-11-02,"7,615.55","7,647.95","7,910.00","7,630.80","7,790.00","7,791.75","7,828.89","13,02,733","10,19,89,54,222.30","1,16,675","4,61,267",35.41
MARUTI,EQ,2021-11-03,"7,791.75","7,791.75","7,842.25","7,711.60","7,727.00","7,734.25","7,782.19","6,56,492","5,10,89,45,765.55","52,652","3,88,537",59.18
MARUTI,EQ,2021-11-04,"7,734.25","7,774.70","7,819.95","7,735.50","7,760.05","7,747.40","7,762.55","53,365","41,42,48,232.65","7,684","17,523",32.84
MARUTI,EQ,2021-11-08,"7,747.40","7,759.95","7,882.60","7,672.00","7,697.95","7,684.60","7,746.18","4,28,433","3,31,87,19,889.00","44,304","2,02,529",47.27
MARUTI,EQ,2021-11-09,"7,684.60","7,709.00","7,764.50","7,538.70","7,583.05","7,577.55","7,605.20","6,32,879","4,81,31,70,272.50","52,807","3,28,438",51.90
MARUTI,EQ,2021-11-10,"7,577.55","7,570.00","7,580.00","7,460.00","7,514.90","7,511.65","7,508.27","5,62,432","4,22,28,91,357.30","53,959","3,48,183",61.91
MARUTI,EQ,2021-11-11,"7,511.65","7,512.00","7,567.50","7,442.00","7,468.00","7,453.45","7,491.24","4,86,991","3,64,81,68,537.45","63,248","2,70,578",55.56
MARUTI,EQ,2021-11-12,"7,453.45","7,530.00","7,544.00","7,442.00","7,479.00","7,479.85","7,475.84","3,49,666","2,61,40,48,200.40","32,755","2,00,436",57.32
MARUTI,EQ,2021-11-15,"7,479.85","7,452.00","7,579.85","7,452.00","7,503.10","7,503.10","7,509.68","3,14,414","2,36,11,49,776.30","35,157","1,55,358",49.41
MARUTI,EQ,2021-11-16,"7,503.10","7,545.00","8,128.75","7,535.05","8,049.55","8,050.35","7,944.21","26,19,355","20,80,86,98,928.20","2,39,335","6,35,851",24.28
MARUTI,EQ,2021-11-17,"8,050.35","8,035.00","8,350.00","8,015.05","8,240.00","8,274.75","8,214.14","23,77,268","19,52,72,09,332.10","2,13,201","8,55,292",35.98
MARUTI,EQ,2021-11-18,"8,274.75","8,234.00","8,368.00","8,001.10","8,099.75","8,117.15","8,181.17","13,37,493","10,94,22,56,532.85","1,44,331","3,24,076",24.23
MARUTI,EQ,2021-11-22,"8,117.15","8,158.00","8,187.85","7,806.55","7,880.00","7,864.40","7,921.33","6,72,298","5,32,54,91,495.75","76,787","2,53,711",37.74
MARUTI,EQ,2021-11-23,"7,864.40","7,849.10","7,953.95","7,805.00","7,844.75","7,854.00","7,873.82","5,67,198","4,46,60,12,226.55","78,030","2,39,283",42.19
MARUTI,EQ,2021-11-24,"7,854.00","7,865.50","7,897.95","7,636.60","7,636.60","7,669.45","7,717.48","5,71,078","4,40,72,83,241.80","73,284","2,58,529",45.27
MARUTI,EQ,2021-11-25,"7,669.45","7,640.00","7,719.40","7,435.00","7,571.00","7,572.50","7,531.22","10,07,618","7,58,85,88,260.40","61,483","6,50,123",64.52
MARUTI,EQ,2021-11-26,"7,572.50","7,520.00","7,520.00","7,130.00","7,150.00","7,170.50","7,280.55","11,54,876","8,40,81,28,599.20","1,26,991","5,60,500",48.53
MARUTI,EQ,2021-11-29,"7,170.50","7,166.00","7,210.00","6,990.70","7,137.50","7,149.50","7,134.95","7,33,010","5,22,99,88,255.85","82,351","3,43,132",46.81
MARUTI,EQ,2021-11-30,"7,149.50","7,149.50","7,250.00","7,015.55","7,055.00","7,067.80","7,146.03","12,87,938","9,20,36,38,120.90","1,05,865","7,69,059",59.71
MARUTI,EQ,2021-12-01,"7,067.80","7,191.00","7,380.00","7,130.05","7,300.50","7,273.25","7,261.18","16,69,583","12,12,31,36,350.00","1,47,857","5,43,269",32.54
MARUTI,EQ,2021-12-02,"7,273.25","7,285.00","7,355.45","7,245.65","7,306.45","7,324.95","7,292.46","6,18,573","4,51,09,16,342.55","66,146","1,98,162",32.04
MARUTI,EQ,2021-12-03,"7,324.95","7,305.00","7,329.00","7,148.75","7,200.00","7,208.70","7,240.20","6,03,798","4,37,16,20,439.60","61,913","2,02,101",33.47
MARUTI,EQ,2021-12-06,"7,208.70","7,193.00","7,200.00","7,021.00","7,050.05","7,042.85","7,080.91","6,09,507","4,31,58,66,085.45","68,413","1,78,862",29.35
MARUTI,EQ,2021-12-07,"7,042.85","7,129.00","7,261.80","7,091.20","7,190.00","7,186.60","7,189.89","6,37,151","4,58,10,43,445.30","64,247","2,28,168",35.81
MARUTI,EQ,2021-12-08,"7,186.60","7,225.00","7,497.85","7,151.10","7,415.55","7,434.90","7,322.85","9,30,339","6,81,27,32,913.20","1,01,965","1,89,467",20.37
MARUTI,EQ,2021-12-09,"7,434.90","7,469.00","7,469.00","7,325.00","7,405.00","7,421.75","7,408.75","6,15,037","4,55,66,52,787.65","71,922","2,12,228",34.51
MARUTI,EQ,2021-12-10,"7,421.75","7,380.00","7,475.00","7,357.95","7,416.00","7,425.65","7,429.33","4,31,682","3,20,71,08,751.85","40,531","1,40,362",32.52
MARUTI,EQ,2021-12-13,"7,425.65","7,485.00","7,575.90","7,425.00","7,498.95","7,516.40","7,514.08","8,83,009","6,63,50,01,195.30","83,445","4,48,035",50.74
MARUTI,EQ,2021-12-14,"7,516.40","7,516.80","7,556.30","7,457.80","7,498.75","7,493.15","7,511.53","7,49,704","5,63,14,24,505.50","57,755","3,76,246",50.19
MARUTI,EQ,2021-12-15,"7,493.15","7,476.00","7,640.00","7,453.05","7,561.00","7,567.95","7,556.16","5,29,018","3,99,73,46,813.55","60,380","1,63,433",30.89
MARUTI,EQ,2021-12-16,"7,567.95","7,591.50","7,621.00","7,406.00","7,472.00","7,450.80","7,467.16","5,95,582","4,44,73,08,458.75","60,215","2,76,775",46.47
MARUTI,EQ,2021-12-17,"7,450.80","7,480.00","7,480.00","7,241.00","7,300.90","7,296.60","7,283.66","10,81,907","7,88,02,45,259.30","81,779","5,45,008",50.37
MARUTI,EQ,2021-12-20,"7,296.60","7,200.00","7,321.55","7,035.85","7,291.85","7,286.60","7,161.74","8,67,425","6,21,22,75,278.35","87,806","4,52,014",52.11
MARUTI,EQ,2021-12-21,"7,286.60","7,306.50","7,404.95","7,284.00","7,295.00","7,315.15","7,340.52","4,15,744","3,05,17,78,650.25","49,228","1,36,412",32.81
MARUTI,EQ,2021-12-22,"7,315.15","7,305.50","7,454.00","7,305.50","7,407.00","7,423.75","7,402.43","3,68,978","2,73,13,34,470.40","53,903","1,31,845",35.73
MARUTI,EQ,2021-12-23,"7,423.75","7,481.00","7,500.00","7,355.00","7,369.00","7,387.15","7,414.01","2,49,919","1,85,29,01,817.90","34,812","69,616",27.86
MARUTI,EQ,2021-12-24,"7,387.15","7,441.00","7,449.85","7,252.15","7,287.95","7,317.10","7,335.79","3,57,447","2,62,21,57,313.00","39,510","62,060",17.36
MARUTI,EQ,2021-12-27,"7,317.10","7,277.10","7,330.00","7,186.20","7,280.00","7,289.50","7,279.08","1,90,180","1,38,43,35,634.25","24,395","31,301",16.46
MARUTI,EQ,2021-12-28,"7,289.50","7,320.00","7,359.00","7,255.10","7,305.00","7,297.45","7,307.20","2,14,533","1,56,76,35,808.95","25,835","61,553",28.69
MARUTI,EQ,2021-12-29,"7,297.45","7,297.70","7,365.00","7,240.45","7,350.00","7,350.05","7,318.86","2,87,776","2,10,61,93,318.55","26,514","1,00,564",34.95
MARUTI,EQ,2021-12-30,"7,350.05","7,350.00","7,395.15","7,255.40","7,273.00","7,282.25","7,314.25","2,96,041","2,16,53,18,597.80","31,764","1,23,559",41.74
MARUTI,EQ,2021-12-31,"7,282.25","7,290.05","7,449.50","7,290.05","7,420.00","7,426.45","7,412.34","3,13,398","2,32,30,13,729.65","36,924","95,572",30.50
MARUTI,EQ,2022-01-03,"7,426.45","7,420.00","7,605.95","7,420.00","7,529.95","7,523.90","7,529.53","4,56,599","3,43,79,75,801.75","46,690","94,358",20.67
MARUTI,EQ,2022-01-04,"7,523.90","7,600.00","7,649.00","7,520.00","7,615.00","7,630.10","7,606.66","4,95,182","3,76,66,82,263.10","51,866","1,32,092",26.68
MARUTI,EQ,2022-01-05,"7,630.10","7,624.85","7,808.00","7,605.60","7,771.90","7,775.35","7,730.63","7,10,043","5,48,90,83,028.45","75,781","3,20,998",45.21
MARUTI,EQ,2022-01-06,"7,775.35","7,782.00","7,899.45","7,683.95","7,872.00","7,882.10","7,835.89","7,39,981","5,79,84,09,397.60","72,448","2,56,188",34.62
MARUTI,EQ,2022-01-07,"7,882.10","7,882.10","7,944.80","7,835.50","7,911.00","7,906.00","7,890.89","5,23,116","4,12,78,52,063.50","53,377","2,46,323",47.09
MARUTI,EQ,2022-01-10,"7,906.00","7,950.00","8,232.00","7,924.15","8,118.90","8,125.60","8,135.69","8,27,930","6,73,57,79,745.20","1,03,098","2,26,323",27.34
MARUTI,EQ,2022-01-11,"8,125.60","8,100.00","8,162.45","8,069.30","8,138.00","8,143.85","8,114.04","6,88,923","5,58,99,47,764.55","79,062","4,14,854",60.22
MARUTI,EQ,2022-01-12,"8,143.85","8,200.00","8,200.00","8,115.00","8,138.00","8,170.75","8,160.54","2,88,174","2,35,16,55,311.45","40,617","1,28,185",44.48
MARUTI,EQ,2022-01-13,"8,170.75","8,175.00","8,260.00","7,952.00","8,066.00","8,077.05","8,083.00","6,84,931","5,53,62,95,377.95","64,397","2,84,024",41.47
MARUTI,EQ,2022-01-14,"8,077.05","7,951.00","8,145.00","7,951.00","8,081.05","8,084.20","8,087.33","2,99,536","2,42,24,46,883.60","36,320","96,620",32.26
MARUTI,EQ,2022-01-17,"8,084.20","8,124.80","8,368.90","8,100.10","8,261.00","8,265.50","8,289.21","8,62,249","7,14,73,61,747.00","94,522","2,97,268",34.48
MARUTI,EQ,2022-01-18,"8,265.50","8,248.95","8,248.95","7,891.50","7,929.00","7,915.15","8,016.06","7,85,199","6,29,42,03,850.80","92,055","3,23,818",41.24
MARUTI,EQ,2022-01-19,"7,915.15","7,929.00","8,060.00","7,860.00","8,055.00","8,015.70","7,935.61","6,81,632","5,40,91,63,990.70","76,718","3,31,483",48.63
MARUTI,EQ,2022-01-20,"8,015.70","8,000.00","8,140.00","7,997.55","8,048.00","8,036.35","8,070.80","5,22,850","4,21,98,19,715.40","86,492","1,88,548",36.06
MARUTI,EQ,2022-01-21,"8,036.35","7,970.00","8,244.00","7,856.05","8,180.00","8,189.60","8,149.06","10,41,476","8,48,70,50,939.20","99,619","4,64,284",44.58
MARUTI,EQ,2022-01-24,"8,189.60","8,189.00","8,332.80","7,952.80","8,038.45","8,052.30","8,137.00","11,53,538","9,38,63,43,804.80","1,47,137","5,37,695",46.61
MARUTI,EQ,2022-01-25,"8,052.30","7,990.00","8,664.00","7,887.90","8,650.10","8,602.60","8,358.73","21,62,832","18,07,85,38,691.25","2,29,372","7,12,872",32.96
MARUTI,EQ,2022-01-27,"8,602.60","8,656.00","8,971.65","8,400.05","8,801.00","8,820.20","8,669.56","28,99,559","25,13,78,95,081.35","2,72,736","10,31,182",35.56
MARUTI,EQ,2022-01-28,"8,820.20","8,795.00","8,930.00","8,522.35","8,537.15","8,550.95","8,690.84","10,45,088","9,08,26,94,526.70","1,24,804","3,46,637",33.17
MARUTI,EQ,2022-01-31,"8,550.95","8,625.00","8,720.00","8,552.80","8,584.95","8,597.30","8,649.14","5,61,419","4,85,57,92,761.70","71,011","1,93,611",34.49
MARUTI,EQ,2022-02-01,"8,597.30","8,693.00","8,790.80","8,351.00","8,567.95","8,559.40","8,574.32","8,19,689","7,02,82,71,780.45","95,010","2,55,204",31.13
MARUTI,EQ,2022-02-02,"8,559.40","8,579.70","8,683.00","8,440.25","8,530.00","8,515.25","8,545.64","5,80,433","4,96,01,69,942.45","88,013","2,10,042",36.19
MARUTI,EQ,2022-02-03,"8,515.25","8,550.00","8,798.00","8,522.70","8,579.00","8,593.65","8,679.83","8,10,019","7,03,08,27,258.15","1,10,587","1,45,605",17.98
MARUTI,EQ,2022-02-04,"8,593.65","8,639.90","8,680.00","8,492.10","8,534.10","8,550.55","8,554.22","4,04,421","3,45,95,05,532.10","53,568","1,39,754",34.56
MARUTI,EQ,2022-02-07,"8,550.55","8,545.00","8,615.00","8,400.00","8,505.00","8,511.65","8,481.50","4,46,099","3,78,35,90,528.15","69,565","1,18,693",26.61
MARUTI,EQ,2022-02-08,"8,511.65","8,616.70","8,789.10","8,436.05","8,604.85","8,599.45","8,606.22","9,98,182","8,59,05,74,058.30","1,11,099","2,71,811",27.23
MARUTI,EQ,2022-02-09,"8,599.45","8,622.00","8,989.80","8,622.00","8,960.75","8,949.45","8,872.05","14,03,525","12,45,21,47,437.05","1,38,958","5,52,702",39.38
MARUTI,EQ,2022-02-10,"8,949.45","9,050.00","9,050.00","8,789.90","8,799.00","8,805.45","8,863.21","8,11,887","7,19,59,27,011.55","96,059","3,41,625",42.08
MARUTI,EQ,2022-02-11,"8,805.45","8,738.00","8,865.00","8,673.30","8,732.00","8,737.15","8,776.48","6,71,572","5,89,40,40,940.05","77,804","2,29,313",34.15
MARUTI,EQ,2022-02-14,"8,737.15","8,500.00","8,615.05","8,325.00","8,361.00","8,366.40","8,441.82","9,95,540","8,40,41,70,767.90","1,05,940","4,50,692",45.27
MARUTI,EQ,2022-02-15,"8,366.40","8,410.00","8,664.25","8,356.50","8,610.00","8,622.70","8,497.26","6,82,766","5,80,16,43,588.40","87,718","2,11,964",31.04
MARUTI,EQ,2022-02-16,"8,622.70","8,720.00","8,736.40","8,544.00","8,566.00","8,582.95","8,617.72","4,22,704","3,64,27,45,459.55","53,955","1,10,602",26.17
MARUTI,EQ,2022-02-17,"8,582.95","8,575.00","8,658.30","8,525.00","8,541.00","8,552.45","8,574.04","3,05,313","2,61,77,64,682.70","33,791","53,201",17.43
MARUTI,EQ,2022-02-18,"8,552.45","8,550.00","8,645.95","8,520.05","8,544.05","8,569.10","8,592.96","3,85,273","3,31,06,33,883.20","52,373","1,38,062",35.83
MARUTI,EQ,2022-02-21,"8,569.10","8,544.05","8,724.25","8,443.60","8,606.00","8,612.70","8,610.76","6,26,049","5,39,07,60,636.15","70,754","2,21,789",35.43
MARUTI,EQ,2022-02-22,"8,612.70","8,495.00","8,659.80","8,384.85","8,642.00","8,622.80","8,522.96","6,20,828","5,29,12,94,242.25","96,897","2,55,565",41.17
MARUTI,EQ,2022-02-23,"8,622.80","8,690.00","8,789.95","8,655.20","8,690.00","8,698.85","8,731.99","5,57,954","4,87,20,47,841.45","85,991","2,10,776",37.78
MARUTI,EQ,2022-02-24,"8,698.85","8,402.00","8,587.25","8,155.00","8,195.00","8,210.15","8,334.67","9,47,351","7,89,58,54,502.15","1,41,883","4,00,535",42.28
MARUTI,EQ,2022-02-25,"8,210.15","8,260.00","8,466.00","8,209.55","8,355.40","8,356.10","8,333.04","13,44,343","11,20,24,65,978.50","1,29,963","6,20,734",46.17
MARUTI,EQ,2022-02-28,"8,356.10","8,300.00","8,339.95","8,114.10","8,304.90","8,314.15","8,241.60","9,61,303","7,92,26,72,680.90","1,22,221","4,97,971",51.80
MARUTI,EQ,2022-03-02,"8,314.15","8,197.70","8,199.00","7,764.00","7,815.15","7,814.20","7,918.44","17,83,011","14,11,86,69,484.45","2,02,170","8,69,422",48.76
MARUTI,EQ,2022-03-03,"7,814.20","7,924.00","7,939.95","7,558.50","7,608.00","7,595.55","7,701.54","10,50,154","8,08,78,03,108.30","1,32,535","3,59,985",34.28
MARUTI,EQ,2022-03-04,"7,595.55","7,482.00","7,519.20","7,130.00","7,235.00","7,247.30","7,261.25","25,11,658","18,23,77,73,165.65","2,59,318","12,21,039",48.61
MARUTI,EQ,2022-03-07,"7,247.30","6,992.00","7,029.85","6,730.00","6,775.95","6,769.05","6,821.03","24,69,925","16,84,74,42,411.00","2,85,790","13,48,983",54.62
MARUTI,EQ,2022-03-08,"6,769.05","6,705.00","6,855.00","6,536.55","6,803.00","6,806.30","6,646.61","28,40,376","18,87,88,62,134.95","2,36,017","14,13,290",49.76
MARUTI,EQ,2022-03-09,"6,806.30","6,874.00","7,078.10","6,777.00","7,021.35","7,026.85","6,918.36","18,27,539","12,64,35,76,266.30","1,74,151","8,13,220",44.50
MARUTI,EQ,2022-03-10,"7,026.85","7,255.00","7,399.85","7,177.30","7,195.75","7,211.80","7,270.31","15,35,070","11,16,04,38,439.10","1,49,607","6,09,171",39.68
MARUTI,EQ,2022-03-11,"7,211.80","7,200.00","7,200.00","7,080.00","7,099.00","7,102.55","7,118.54","10,24,452","7,29,25,97,779.40","1,16,914","4,60,164",44.92
MARUTI,EQ,2022-03-14,"7,102.55","7,050.00","7,335.00","7,012.00","7,298.60","7,316.75","7,186.66","10,23,874","7,35,82,36,560.15","1,24,653","3,94,933",38.57
MARUTI,EQ,2022-03-15,"7,316.75","7,321.00","7,620.00","7,318.00","7,408.00","7,420.10","7,492.90","15,86,111","11,88,45,69,028.75","1,64,532","5,15,898",32.53
MARUTI,EQ,2022-03-16,"7,420.10","7,570.00","7,595.75","7,440.00","7,479.70","7,485.80","7,497.48","5,84,457","4,38,19,54,669.35","60,391","1,31,592",22.52
MARUTI,EQ,2022-03-17,"7,485.80","7,574.00","7,741.95","7,530.00","7,686.00","7,693.00","7,665.99","11,33,271","8,68,76,43,495.80","1,10,232","4,93,430",43.54
MARUTI,EQ,2022-03-21,"7,693.00","7,844.00","7,940.00","7,650.00","7,672.00","7,705.55","7,841.59","13,54,525","10,62,16,24,882.65","1,47,370","3,78,430",27.94
MARUTI,EQ,2022-03-22,"7,705.55","7,714.95","7,809.00","7,536.65","7,763.95","7,766.65","7,686.40","10,93,502","8,40,50,93,322.25","1,13,852","2,53,712",23.20
MARUTI,EQ,2022-03-23,"7,766.65","7,800.00","7,862.80","7,611.00","7,631.00","7,644.85","7,683.62","8,08,597","6,21,29,52,229.90","94,741","2,15,844",26.69
MARUTI,EQ,2022-03-24,"7,644.85","7,599.30","7,655.00","7,526.35","7,533.00","7,556.95","7,592.16","5,65,485","4,29,32,53,390.20","68,889","1,85,329",32.77
MARUTI,EQ,2022-03-25,"7,556.95","7,515.00","7,542.30","7,385.00","7,429.00","7,415.45","7,435.39","6,86,637","5,10,54,15,005.00","78,438","1,90,539",27.75
MARUTI,EQ,2022-03-28,"7,415.45","7,425.00","7,539.00","7,413.00","7,482.00","7,477.35","7,470.94","5,99,515","4,47,89,39,398.45","59,165","1,86,405",31.09
MARUTI,EQ,2022-03-29,"7,477.35","7,535.00","7,563.10","7,401.00","7,462.00","7,439.15","7,492.26","4,46,257","3,34,34,72,722.45","53,410","1,13,360",25.40
MARUTI,EQ,2022-03-30,"7,439.15","7,521.00","7,629.95","7,490.00","7,587.80","7,598.60","7,587.36","5,89,206","4,47,05,18,305.60","66,368","1,80,901",30.70
MARUTI,EQ,2022-03-31,"7,598.60","7,598.55","7,652.75","7,528.00","7,563.25","7,561.30","7,576.32","4,34,317","3,29,05,25,644.05","55,841","1,63,798",37.71
MARUTI,EQ,2022-04-01,"7,561.30","7,574.00","7,729.00","7,517.35","7,670.00","7,700.05","7,631.34","4,49,386","3,42,94,17,143.80","57,135","1,11,801",24.88
MARUTI,EQ,2022-04-04,"7,700.05","7,650.00","7,794.00","7,631.65","7,769.00","7,774.80","7,718.17","4,91,029","3,78,98,45,804.35","57,286","1,69,247",34.47
MARUTI,EQ,2022-04-05,"7,774.80","7,781.00","7,900.00","7,730.00","7,739.95","7,761.85","7,826.44","4,88,132","3,82,03,36,476.80","66,985","1,66,619",34.13
MARUTI,EQ,2022-04-06,"7,761.85","7,739.00","7,849.00","7,675.00","7,740.00","7,744.20","7,755.53","3,93,628","3,05,27,95,449.45","49,080","1,11,901",28.43
MARUTI,EQ,2022-04-07,"7,744.20","7,659.75","7,748.00","7,621.05","7,647.45","7,640.50","7,681.01","4,58,566","3,52,22,50,465.95","68,809","1,98,206",43.22
MARUTI,EQ,2022-04-08,"7,640.50","7,708.80","7,730.50","7,515.40","7,570.90","7,557.95","7,586.29","8,49,846","6,44,71,75,236.30","95,928","4,73,609",55.73
MARUTI,EQ,2022-04-11,"7,557.95","7,614.85","7,616.55","7,485.00","7,569.00","7,565.40","7,546.25","4,96,254","3,74,48,55,773.75","75,935","2,05,266",41.36
MARUTI,EQ,2022-04-12,"7,565.40","7,540.00","7,711.50","7,500.00","7,605.00","7,618.35","7,619.12","5,98,047","4,55,65,91,025.85","80,645","1,71,008",28.59
MARUTI,EQ,2022-04-13,"7,618.35","7,618.35","7,704.95","7,440.00","7,445.00","7,469.50","7,551.81","5,27,991","3,98,72,88,239.70","76,062","2,03,603",38.56
MARUTI,EQ,2022-04-18,"7,469.50","7,374.50","7,599.00","7,355.00","7,579.50","7,573.50","7,500.98","5,51,783","4,13,89,14,923.40","72,417","1,89,590",34.36
MARUTI,EQ,2022-04-19,"7,573.50","7,580.00","7,678.00","7,350.00","7,373.65","7,435.10","7,565.19","4,25,990","3,22,26,96,872.50","61,187","1,70,347",39.99
MARUTI,EQ,2022-04-20,"7,435.10","7,499.00","7,699.00","7,472.60","7,696.10","7,666.70","7,630.03","5,42,622","4,14,02,22,001.35","66,115","1,37,048",25.26
MARUTI,EQ,2022-04-21,"7,666.70","7,709.80","7,899.80","7,686.05","7,871.00","7,879.20","7,797.04","7,72,708","6,02,48,38,044.85","81,006","2,69,098",34.83
MARUTI,EQ,2022-04-22,"7,879.20","7,789.00","8,016.65","7,731.00","7,900.00","7,904.50","7,925.54","9,60,818","7,61,50,02,212.25","1,11,790","2,46,048",25.61
MARUTI,EQ,2022-04-25,"7,904.50","7,810.00","7,998.00","7,810.00","7,901.00","7,912.35","7,939.42","7,01,521","5,56,96,67,940.90","83,026","2,06,932",29.50
MARUTI,EQ,2022-04-26,"7,912.35","8,000.00","8,067.50","7,830.00","7,888.00","7,906.75","7,941.16","8,01,963","6,36,85,18,523.80","85,041","2,97,027",37.04
MARUTI,EQ,2022-04-27,"7,906.75","7,851.00","7,865.00","7,720.00","7,770.00","7,788.40","7,792.56","5,70,519","4,44,58,01,321.80","59,020","2,36,803",41.51
MARUTI,EQ,2022-04-28,"7,788.40","7,844.00","7,940.00","7,766.70","7,908.70","7,888.15","7,880.30","5,61,932","4,42,81,90,137.05","65,937","1,94,516",34.62
MARUTI,EQ,2022-04-29,"7,888.15","7,918.00","7,946.50","7,626.00","7,681.00","7,717.80","7,823.78","11,62,749","9,09,70,95,810.55","1,12,350","3,25,903",28.03
MARUTI,EQ,2022-05-02,"7,717.80","7,665.00","7,750.00","7,544.30","7,631.00","7,634.75","7,652.73","5,44,053","4,16,34,93,248.10","64,426","1,86,532",34.29
MARUTI,EQ,2022-05-04,"7,634.75","7,650.00","7,747.00","7,356.50","7,409.95","7,397.90","7,571.47","5,99,211","4,53,69,11,096.95","79,168","2,28,360",38.11
MARUTI,EQ,2022-05-05,"7,397.90","7,450.00","7,538.00","7,380.15","7,393.45","7,407.65","7,460.57","5,24,174","3,91,06,35,069.75","67,052","2,08,402",39.76
MARUTI,EQ,2022-05-06,"7,407.65","7,314.00","7,359.90","7,156.65","7,277.00","7,279.25","7,279.51","6,50,559","4,73,57,50,867.40","82,648","2,83,655",43.60
MARUTI,EQ,2022-05-09,"7,279.25","7,201.50","7,424.50","7,130.00","7,363.50","7,360.30","7,270.37","5,70,578","4,14,83,10,443.30","86,351","2,04,396",35.82
MARUTI,EQ,2022-05-10,"7,360.30","7,350.15","7,575.00","7,350.15","7,486.35","7,515.90","7,503.14","6,63,616","4,97,92,06,614.50","86,150","2,32,151",34.98
MARUTI,EQ,2022-05-11,"7,515.90","7,519.00","7,559.55","7,346.60","7,385.00","7,396.45","7,426.96","6,05,312","4,49,56,26,729.70","83,944","2,32,820",38.46
MARUTI,EQ,2022-05-12,"7,396.45","7,221.50","7,323.95","7,210.80","7,270.00","7,253.65","7,266.95","5,71,754","4,15,49,10,396.10","1,01,051","2,33,993",40.93
MARUTI,EQ,2022-05-13,"7,253.65","7,340.00","7,340.00","7,062.35","7,125.00","7,101.95","7,225.46","7,03,097","5,08,01,98,049.20","1,02,940","2,80,955",39.96
MARUTI,EQ,2022-05-16,"7,101.95","7,157.00","7,305.35","7,150.00","7,262.00","7,247.60","7,253.43","3,69,545","2,68,04,69,304.45","62,720","1,02,521",27.74
MARUTI,EQ,2022-05-17,"7,247.60","7,280.00","7,584.65","7,255.05","7,540.00","7,532.80","7,451.50","8,11,448","6,04,65,01,215.35","1,07,701","3,55,213",43.78
MARUTI,EQ,2022-05-18,"7,532.80","7,566.00","7,640.15","7,509.60","7,565.00","7,566.55","7,580.72","5,76,970","4,37,38,48,642.30","70,181","2,54,996",44.20
MARUTI,EQ,2022-05-19,"7,566.55","7,450.00","7,525.00","7,385.05","7,397.00","7,404.55","7,433.10","3,63,255","2,70,01,12,476.40","48,746","1,11,337",30.65
MARUTI,EQ,2022-05-20,"7,404.55","7,520.55","7,648.90","7,450.00","7,600.00","7,586.60","7,588.43","7,42,204","5,63,21,65,612.75","76,935","3,26,834",44.04
MARUTI,EQ,2022-05-23,"7,586.60","7,800.10","7,954.85","7,776.10","7,891.15","7,897.45","7,887.53","11,61,175","9,15,88,07,647.05","1,52,371","3,47,057",29.89
MARUTI,EQ,2022-05-24,"7,897.45","7,919.00","7,941.95","7,791.30","7,799.60","7,802.65","7,846.36","5,81,609","4,56,35,16,191.30","58,967","2,60,111",44.72
MARUTI,EQ,2022-05-25,"7,802.65","7,840.00","7,859.50","7,696.05","7,782.10","7,787.25","7,756.97","4,54,335","3,52,42,64,510.95","48,202","1,69,543",37.32
MARUTI,EQ,2022-05-26,"7,787.25","7,800.00","7,839.95","7,620.00","7,816.00","7,805.00","7,739.64","4,76,799","3,69,02,51,081.80","62,657","1,14,559",24.03
MARUTI,EQ,2022-05-27,"7,805.00","7,925.00","7,965.90","7,833.00","7,935.00","7,942.95","7,909.07","4,31,411","3,41,20,59,284.75","53,387","1,15,636",26.80
MARUTI,EQ,2022-05-30,"7,942.95","7,980.20","8,060.00","7,951.00","8,008.00","8,013.90","8,018.90","3,89,517","3,12,34,96,167.35","53,232","1,15,223",29.58
MARUTI,EQ,2022-05-31,"8,013.90","8,013.90","8,100.00","7,900.00","7,999.70","7,966.35","7,973.65","24,94,005","19,88,63,18,261.55","1,14,303","14,45,488",57.96
MARUTI,EQ,2022-06-01,"7,966.35","7,975.05","8,068.90","7,880.10","7,930.00","7,939.40","7,958.64","5,22,004","4,15,44,40,191.20","55,488","1,80,450",34.57
MARUTI,EQ,2022-06-02,"7,939.40","7,925.00","7,972.00","7,855.60","7,917.10","7,925.40","7,911.20","3,52,848","2,79,14,50,518.35","47,573","1,09,618",31.07
MARUTI,EQ,2022-06-03,"7,925.40","7,950.00","7,995.00","7,681.00","7,704.00","7,705.05","7,817.47","5,91,905","4,62,72,00,329.20","68,235","2,50,480",42.32
MARUTI,EQ,2022-06-06,"7,705.05","7,690.00","7,776.90","7,591.45","7,725.25","7,710.55","7,684.79","6,06,990","4,66,45,90,803.95","51,055","2,57,099",42.36
MARUTI,EQ,2022-06-07,"7,710.55","7,615.05","7,820.00","7,555.00","7,815.00","7,809.40","7,700.49","9,91,192","7,63,26,61,367.70","80,801","4,46,372",45.03
MARUTI,EQ,2022-06-08,"7,809.40","7,824.00","7,921.00","7,720.70","7,885.05","7,892.45","7,832.62","8,13,596","6,37,25,89,698.75","1,06,960","3,65,930",44.98
MARUTI,EQ,2022-06-09,"7,892.45","7,848.00","8,010.00","7,830.10","7,924.00","7,929.85","7,935.68","6,87,937","5,45,92,47,887.80","80,203","2,54,691",37.02
MARUTI,EQ,2022-06-10,"7,929.85","7,826.00","7,988.20","7,826.00","7,922.00","7,935.10","7,935.34","4,42,921","3,51,47,26,745.25","50,733","1,57,881",35.65
MARUTI,EQ,2022-06-13,"7,935.10","7,849.95","7,967.35","7,793.75","7,901.40","7,901.60","7,891.94","5,65,826","4,46,54,64,840.55","84,579","1,98,189",35.03
MARUTI,EQ,2022-06-14,"7,901.60","7,805.00","7,901.40","7,750.00","7,802.75","7,811.65","7,834.51","5,53,462","4,33,61,04,630.75","65,570","2,32,727",42.05
MARUTI,EQ,2022-06-15,"7,811.65","7,816.00","7,929.00","7,816.00","7,840.00","7,853.45","7,871.43","6,04,566","4,75,88,00,363.50","59,478","2,91,959",48.29
MARUTI,EQ,2022-06-16,"7,853.45","7,938.00","8,025.00","7,805.00","7,814.25","7,833.60","7,928.05","13,19,566","10,46,15,85,488.85","1,03,351","5,60,605",42.48
MARUTI,EQ,2022-06-17,"7,833.60","7,805.00","7,849.70","7,646.15","7,684.15","7,688.15","7,718.53","13,17,656","10,17,03,69,447.85","1,25,851","6,88,174",52.23
MARUTI,EQ,2022-06-20,"7,688.15","7,699.80","7,784.10","7,626.00","7,669.90","7,660.95","7,702.39","10,43,423","8,03,68,49,300.30","90,767","5,88,672",56.42
MARUTI,EQ,2022-06-21,"7,660.95","7,714.95","7,840.00","7,625.15","7,784.95","7,780.60","7,778.85","9,54,884","7,42,78,96,750.05","97,203","5,77,545",60.48
MARUTI,EQ,2022-06-22,"7,780.60","7,750.00","7,869.00","7,716.60","7,780.00","7,782.75","7,804.31","7,96,824","6,21,86,60,495.40","85,926","3,52,455",44.23
MARUTI,EQ,2022-06-23,"7,782.75","7,810.00","8,317.80","7,803.00","8,300.30","8,271.00","8,131.25","16,76,430","13,63,14,66,291.15","1,65,434","5,46,965",32.63
MARUTI,EQ,2022-06-24,"8,271.00","8,310.00","8,390.00","8,238.30","8,360.00","8,363.20","8,309.16","11,56,788","9,61,19,41,929.05","1,26,098","4,40,274",38.06
MARUTI,EQ,2022-06-27,"8,363.20","8,444.00","8,546.70","8,391.25","8,425.00","8,448.75","8,479.39","9,21,090","7,81,02,84,349.65","84,768","3,47,144",37.69
MARUTI,EQ,2022-06-28,"8,448.75","8,415.25","8,539.90","8,381.05","8,499.00","8,489.70","8,489.90","6,91,242","5,86,85,76,091.05","74,571","2,47,853",35.86
MARUTI,EQ,2022-06-29,"8,489.70","8,389.95","8,530.00","8,370.00","8,492.00","8,508.90","8,480.48","6,55,413","5,55,82,17,482.55","67,908","2,18,140",33.28
MARUTI,EQ,2022-06-30,"8,508.90","8,500.00","8,634.60","8,435.60","8,438.10","8,470.75","8,550.58","11,30,302","9,66,47,40,856.25","1,23,481","5,28,488",46.76
MARUTI,EQ,2022-07-01,"8,470.75","8,440.00","8,450.00","8,305.60","8,399.95","8,402.60","8,369.57","5,30,569","4,44,06,34,460.20","57,093","2,25,342",42.47
MARUTI,EQ,2022-07-04,"8,402.60","8,402.60","8,467.60","8,320.00","8,440.00","8,443.35","8,388.19","6,25,431","5,24,62,33,481.30","67,442","3,20,207",51.20
MARUTI,EQ,2022-07-05,"8,443.35","8,498.50","8,508.55","8,335.00","8,339.35","8,348.70","8,412.49","6,10,290","5,13,40,60,750.70","64,720","2,88,668",47.30
MARUTI,EQ,2022-07-06,"8,348.70","8,377.00","8,652.45","8,370.00","8,629.55","8,630.05","8,547.64","9,76,098","8,34,33,37,876.55","1,38,604","5,05,340",51.77
MARUTI,EQ,2022-07-07,"8,630.05","8,695.00","8,700.00","8,576.20","8,595.00","8,606.40","8,633.95","5,47,662","4,72,84,85,228.20","60,980","2,70,506",49.39
MARUTI,EQ,2022-07-08,"8,606.40","8,620.00","8,656.95","8,445.00","8,463.60","8,475.95","8,500.21","6,86,327","5,83,39,22,976.80","67,516","3,95,317",57.60
MARUTI,EQ,2022-07-11,"8,475.95","8,451.70","8,525.00","8,416.10","8,504.85","8,507.65","8,478.93","5,36,114","4,54,56,74,731.75","47,318","3,08,007",57.45
MARUTI,EQ,2022-07-12,"8,507.65","8,495.00","8,497.45","8,376.25","8,399.00","8,419.70","8,428.97","4,24,358","3,57,69,00,255.60","41,093","2,00,453",47.24
MARUTI,EQ,2022-07-13,"8,419.70","8,454.00","8,488.15","8,381.00","8,454.00","8,440.20","8,439.47","4,13,855","3,49,27,15,003.75","45,637","1,72,740",41.74
MARUTI,EQ,2022-07-14,"8,440.20","8,464.95","8,587.35","8,450.00","8,561.05","8,567.75","8,525.37","6,06,496","5,17,06,02,637.25","62,968","3,14,591",51.87
MARUTI,EQ,2022-07-15,"8,567.75","8,596.00","8,799.00","8,576.20","8,771.15","8,778.05","8,679.67","6,31,246","5,47,90,04,521.85","70,213","2,49,820",39.58
MARUTI,EQ,2022-07-18,"8,778.05","8,802.00","8,843.00","8,684.00","8,719.00","8,704.80","8,772.75","4,78,682","4,19,93,56,314.50","56,063","2,52,205",52.69
MARUTI,EQ,2022-07-19,"8,704.80","8,699.95","8,798.90","8,667.45","8,708.70","8,715.85","8,730.81","4,78,458","4,17,73,24,353.65","42,171","2,27,202",47.49
MARUTI,EQ,2022-07-20,"8,715.85","8,775.50","8,865.45","8,720.20","8,739.95","8,749.05","8,800.39","3,98,132","3,50,37,17,428.85","56,553","1,90,131",47.76
MARUTI,EQ,2022-07-21,"8,749.05","8,793.00","8,831.90","8,722.05","8,820.00","8,797.00","8,773.50","4,21,090","3,69,44,32,051.50","49,409","2,16,829",51.49
MARUTI,EQ,2022-07-22,"8,797.00","8,850.00","8,889.00","8,791.00","8,830.00","8,830.95","8,842.37","4,15,294","3,67,21,82,209.00","62,751","2,02,434",48.74
MARUTI,EQ,2022-07-25,"8,830.95","8,828.50","8,858.60","8,490.00","8,610.00","8,621.60","8,649.55","6,23,462","5,39,26,66,180.00","75,752","2,93,410",47.06
MARUTI,BL,2022-07-25,"7,162.30","8,830.95","8,830.95","8,830.95","8,830.95","8,830.95","8,830.95","1,63,847","1,44,69,24,664.65",1,-,-
MARUTI,EQ,2022-07-26,"8,621.60","8,622.00","8,625.40","8,471.35","8,510.00","8,525.85","8,552.39","4,29,454","3,67,28,58,907.40","59,921","2,10,015",48.90
MARUTI,EQ,2022-07-27,"8,525.85","8,555.55","8,707.45","8,460.00","8,650.00","8,658.10","8,574.49","12,98,855","11,13,70,21,838.00","1,19,869","3,70,204",28.50
MARUTI,EQ,2022-07-28,"8,658.10","8,700.00","8,770.15","8,628.80","8,718.80","8,721.05","8,697.66","7,25,196","6,30,75,06,126.10","77,344","3,30,647",45.59
MARUTI,EQ,2022-07-29,"8,721.05","8,764.70","8,943.00","8,730.00","8,766.00","8,773.55","8,815.93","8,21,432","7,24,16,90,615.05","88,258","3,87,229",47.14
MARUTI,EQ,2022-08-01,"8,773.55","8,850.00","9,085.00","8,822.60","8,994.75","9,003.40","8,986.93","10,09,408","9,07,14,75,240.95","1,19,678","3,62,043",35.87
MARUTI,EQ,2022-08-02,"9,003.40","8,985.00","9,196.85","8,954.00","9,135.05","9,173.05","9,080.90","8,48,311","7,70,34,24,051.20","93,578","3,18,047",37.49
MARUTI,EQ,2022-08-03,"9,173.05","9,144.75","9,144.75","8,855.60","8,954.65","8,959.45","8,963.63","7,53,729","6,75,61,46,244.85","90,744","2,71,178",35.98
MARUTI,EQ,2022-08-04,"8,959.45","9,024.00","9,048.00","8,830.00","8,964.00","8,966.70","8,925.63","6,43,264","5,74,15,38,598.30","86,582","2,42,909",37.76
MARUTI,EQ,2022-08-05,"8,966.70","8,966.80","8,985.20","8,810.00","8,858.00","8,841.20","8,871.72","5,58,385","4,95,38,33,386.95","62,779","2,52,081",45.14
MARUTI,BL,2022-08-08,"8,830.95","8,841.20","8,841.20","8,841.20","8,841.20","8,841.20","8,841.20","1,63,848","1,44,86,12,937.60",1,-,-
MARUTI,EQ,2022-08-08,"8,841.20","8,841.20","8,998.00","8,841.00","8,914.90","8,921.95","8,923.54","5,20,993","4,64,91,00,891.75","66,218","2,66,555",51.16
MARUTI,EQ,2022-08-10,"8,921.95","8,938.60","8,999.50","8,826.00","8,880.00","8,879.70","8,879.79","4,45,375","3,95,48,38,255.10","62,150","2,22,077",49.86
MARUTI,EQ,2022-08-11,"8,879.70","8,955.70","8,998.00","8,724.00","8,800.00","8,813.85","8,844.12","5,08,318","4,49,56,23,365.65","64,683","2,10,213",41.35
MARUTI,EQ,2022-08-12,"8,813.85","8,815.00","8,815.00","8,675.00","8,695.95","8,699.20","8,707.72","7,12,782","6,20,67,05,276.00","71,377","4,39,273",61.63
MARUTI,EQ,2022-08-16,"8,699.20","8,737.15","9,040.00","8,705.05","8,992.00","9,003.70","8,928.52","9,63,726","8,60,46,50,651.65","1,16,159","4,32,488",44.88
MARUTI,EQ,2022-08-17,"9,003.70","9,010.00","9,070.00","8,920.00","8,930.75","8,944.35","8,978.63","6,23,749","5,60,04,09,630.70","71,616","2,80,693",45.00
MARUTI,EQ,2022-08-18,"8,944.35","8,925.00","9,012.40","8,877.00","8,950.00","8,947.70","8,935.87","4,42,229","3,95,17,00,230.50","49,764","2,15,930",48.83
MARUTI,EQ,2022-08-19,"8,947.70","8,955.45","8,968.00","8,715.00","8,754.00","8,778.95","8,814.36","5,72,597","5,04,70,76,287.95","60,462","2,49,038",43.49
MARUTI,EQ,2022-08-22,"8,778.95","8,751.00","8,767.45","8,602.20","8,644.70","8,628.00","8,667.98","4,88,485","4,23,41,76,233.65","50,814","2,23,838",45.82
MARUTI,EQ,2022-08-23,"8,628.00","8,607.00","8,757.00","8,564.00","8,720.00","8,720.50","8,683.21","5,58,231","4,84,72,38,098.25","61,452","2,67,501",47.92
MARUTI,EQ,2022-08-24,"8,720.50","8,660.00","8,772.00","8,594.00","8,683.00","8,704.00","8,680.43","4,42,582","3,84,18,01,593.05","49,238","2,06,233",46.60
MARUTI,EQ,2022-08-25,"8,704.00","8,721.00","8,835.00","8,680.00","8,737.00","8,735.90","8,768.89","5,25,721","4,60,99,90,473.90","52,586","2,71,760",51.69
MARUTI,EQ,2022-08-26,"8,735.90","8,800.00","8,832.75","8,706.20","8,728.00","8,720.60","8,760.09","3,98,063","3,48,70,67,922.55","59,105","2,06,252",51.81
MARUTI,EQ,2022-08-29,"8,720.60","8,602.60","8,859.90","8,590.00","8,835.00","8,834.20","8,778.41","4,59,057","4,02,97,92,282.35","54,577","1,67,414",36.47
MARUTI,EQ,2022-08-30,"8,834.20","8,884.80","9,164.00","8,870.00","9,051.00","9,082.25","9,067.49","10,16,312","9,21,54,03,526.40","96,862","4,37,441",43.04
MARUTI,EQ,2022-09-01,"9,082.25","8,949.95","9,233.65","8,941.00","9,026.50","9,024.50","9,108.80","8,88,864","8,09,64,84,458.60","1,05,299","4,02,423",45.27
MARUTI,EQ,2022-09-02,"9,024.50","9,026.50","9,149.90","8,902.10","8,910.00","8,919.60","9,028.63","6,32,909","5,71,43,01,582.55","64,451","2,66,331",42.08
MARUTI,EQ,2022-09-05,"8,919.60","8,900.00","9,016.80","8,875.00","8,950.10","8,950.05","8,949.65","3,86,455","3,45,86,35,079.00","43,621","1,71,463",44.37
MARUTI,EQ,2022-09-06,"8,950.05","8,984.30","9,022.75","8,870.00","8,880.95","8,888.75","8,942.31","3,97,902","3,55,81,63,864.35","36,226","1,74,310",43.81
MARUTI,EQ,2022-09-07,"8,888.75","8,864.00","8,873.55","8,760.00","8,778.00","8,784.90","8,811.90","4,96,785","4,37,76,19,315.15","67,979","2,72,719",54.90
MARUTI,EQ,2022-09-08,"8,784.90","8,829.00","8,885.10","8,780.00","8,796.55","8,790.65","8,831.11","4,28,924","3,78,78,74,486.20","42,815","2,28,104",53.18
MARUTI,EQ,2022-09-09,"8,790.65","8,834.65","8,989.00","8,730.00","8,953.00","8,946.00","8,861.50","6,32,296","5,60,30,91,999.95","70,143","2,56,085",40.50
MARUTI,EQ,2022-09-12,"8,946.00","8,969.90","9,012.30","8,904.00","8,922.00","8,927.65","8,954.11","3,83,641","3,43,51,62,246.00","48,059","1,93,731",50.50
MARUTI,EQ,2022-09-13,"8,927.65","8,972.30","8,989.05","8,910.90","8,927.00","8,926.50","8,940.18","4,05,093","3,62,16,03,947.55","49,211","2,50,321",61.79
MARUTI,EQ,2022-09-14,"8,926.50","8,859.85","9,000.00","8,825.70","8,980.05","8,967.20","8,953.07","5,09,547","4,56,20,08,252.90","69,023","2,69,631",52.92
MARUTI,EQ,2022-09-15,"8,967.20","9,030.05","9,325.00","9,030.00","9,216.00","9,209.75","9,228.04","13,92,132","12,84,66,55,616.75","1,40,458","4,60,412",33.07
MARUTI,EQ,2022-09-16,"9,209.75","9,209.50","9,315.90","9,020.05","9,173.50","9,189.65","9,160.39","10,56,382","9,67,68,76,203.60","92,586","4,37,549",41.42
MARUTI,EQ,2022-09-19,"9,189.65","9,175.30","9,343.45","9,070.00","9,290.00","9,280.85","9,216.42","7,27,024","6,70,05,61,779.20","76,964","2,77,907",38.23
MARUTI,EQ,2022-09-20,"9,280.85","9,339.00","9,430.00","9,250.00","9,282.00","9,300.85","9,366.72","7,47,257","6,99,93,46,953.45","86,603","3,49,522",46.77
MARUTI,EQ,2022-09-21,"9,300.85","9,300.00","9,398.00","9,211.45","9,255.00","9,247.90","9,289.54","4,40,725","4,09,41,34,375.20","62,995","1,99,012",45.16
MARUTI,EQ,2022-09-22,"9,247.90","9,199.00","9,435.00","9,186.00","9,419.00","9,401.85","9,341.71","5,11,112","4,77,46,58,991.95","77,963","1,77,748",34.78
MARUTI,EQ,2022-09-23,"9,401.85","9,397.95","9,451.00","9,277.35","9,320.00","9,343.45","9,347.35","5,74,213","5,36,73,67,147.80","72,811","2,39,332",41.68
MARUTI,EQ,2022-09-26,"9,343.45","9,270.30","9,270.30","8,800.00","8,801.00","8,834.95","8,956.04","8,65,432","7,75,08,44,219.55","98,224","4,55,639",52.65
MARUTI,EQ,2022-09-27,"8,834.95","8,890.00","8,908.95","8,670.50","8,777.00","8,774.05","8,773.53","6,86,285","6,02,11,42,055.00","89,908","2,55,491",37.23
MARUTI,EQ,2022-09-28,"8,774.05","8,720.00","8,850.00","8,660.05","8,702.00","8,726.75","8,765.21","6,63,740","5,81,78,20,226.85","84,909","3,48,208",52.46
MARUTI,EQ,2022-09-29,"8,726.75","8,770.40","8,800.00","8,604.10","8,660.00","8,624.85","8,680.27","8,17,007","7,09,18,40,349.50","1,10,082","4,73,382",57.94
MARUTI,EQ,2022-09-30,"8,624.85","8,668.00","8,872.00","8,558.20","8,836.00","8,828.15","8,738.90","6,58,982","5,75,87,77,673.70","81,947","3,13,919",47.64
MARUTI,EQ,2022-10-03,"8,828.15","8,970.00","8,970.00","8,510.00","8,569.00","8,547.00","8,624.96","11,23,076","9,68,64,88,363.70","1,23,632","5,84,513",52.05
MARUTI,BL,2022-10-03,"8,841.20","8,828.15","8,828.15","8,828.15","8,828.15","8,828.15","8,828.15","1,56,509","1,38,16,84,928.35",1,-,-
MARUTI,EQ,2022-10-04,"8,547.00","8,699.00","8,758.55","8,630.00","8,690.00","8,690.50","8,693.37","5,03,140","4,37,39,80,340.60","73,590","1,93,078",38.37
MARUTI,EQ,2022-10-06,"8,690.50","8,734.00","8,825.00","8,690.50","8,710.00","8,703.00","8,753.55","4,74,445","4,15,30,77,438.45","70,037","2,28,413",48.14
MARUTI,EQ,2022-10-07,"8,703.00","8,750.00","8,845.60","8,711.00","8,783.85","8,779.10","8,784.28","4,28,616","3,76,50,81,423.70","55,955","1,26,437",29.50
MARUTI,EQ,2022-10-10,"8,779.10","8,675.00","8,876.45","8,658.00","8,852.00","8,862.40","8,804.48","4,11,218","3,62,05,62,068.50","56,296","1,52,899",37.18
MARUTI,EQ,2022-10-11,"8,862.40","8,811.00","8,850.00","8,665.00","8,679.15","8,684.15","8,757.11","4,22,610","3,70,08,43,330.30","61,935","1,91,963",45.42
MARUTI,EQ,2022-10-12,"8,684.15","8,698.00","8,720.00","8,590.60","8,684.00","8,686.60","8,663.28","3,80,365","3,29,52,10,077.35","68,960","1,65,187",43.43
MARUTI,EQ,2022-10-13,"8,686.60","8,665.00","8,785.45","8,592.00","8,664.00","8,649.55","8,664.43","3,55,605","3,08,11,14,685.70","52,563","1,51,257",42.54
MARUTI,EQ,2022-10-14,"8,649.55","8,760.00","8,766.60","8,606.30","8,625.00","8,617.30","8,683.38","2,74,160","2,38,06,35,414.05","47,450","1,04,772",38.22
MARUTI,EQ,2022-10-17,"8,617.30","8,610.00","8,749.70","8,567.05","8,744.00","8,723.80","8,672.31","3,04,671","2,64,22,00,270.85","44,762","1,28,906",42.31
MARUTI,EQ,2022-10-18,"8,723.80","8,765.05","8,888.25","8,752.05","8,800.00","8,807.35","8,823.90","3,69,973","3,26,46,03,252.10","51,596","1,69,480",45.81
MARUTI,EQ,2022-10-19,"8,807.35","8,851.40","8,855.00","8,695.00","8,702.00","8,719.35","8,773.88","3,85,416","3,38,15,92,274.25","65,629","2,09,668",54.40
MARUTI,EQ,2022-10-20,"8,719.35","8,700.00","8,739.20","8,611.00","8,712.05","8,707.40","8,688.30","3,28,270","2,85,21,09,446.40","44,479","1,71,538",52.26
MARUTI,EQ,2022-10-21,"8,707.40","8,730.00","8,794.00","8,641.00","8,699.90","8,703.30","8,718.78","3,56,203","3,10,56,55,790.15","58,127","2,03,216",57.05
MARUTI,EQ,2022-10-24,"8,703.30","8,788.80","8,788.80","8,745.85","8,760.00","8,765.45","8,767.89","30,052","26,34,92,658.25","5,352","9,272",30.85
MARUTI,EQ,2022-10-25,"8,765.45","8,820.00","9,017.00","8,797.40","9,010.10","9,005.00","8,944.30","7,27,441","6,50,64,50,628.05","90,435","3,89,605",53.56
MARUTI,BL,2022-10-25,"8,828.15","8,765.45","8,765.45","8,765.45","8,765.45","8,765.45","8,765.45","1,01,789","89,22,26,390.05",1,-,-
MARUTI,EQ,2022-10-27,"9,005.00","9,050.00","9,076.95","8,902.00","9,070.00","9,041.95","9,006.59","8,49,108","7,64,75,71,505.85","1,05,315","5,21,220",61.38
MARUTI,EQ,2022-10-28,"9,041.95","9,095.00","9,549.95","9,051.00","9,548.00","9,492.55","9,303.69","18,73,029","17,42,60,85,634.65","1,83,797","4,07,777",21.77
MARUTI,EQ,2022-10-31,"9,492.55","9,650.00","9,769.00","9,451.10","9,535.00","9,527.60","9,621.59","19,32,020","18,58,91,07,459.70","1,92,682","6,87,839",35.60
MARUTI,EQ,2022-11-01,"9,527.60","9,635.00","9,636.90","9,375.00","9,435.00","9,454.60","9,491.95","8,05,517","7,64,59,23,256.40","1,00,273","4,07,792",50.62
MARUTI,EQ,2022-11-02,"9,454.60","9,445.00","9,454.60","9,210.00","9,224.15","9,229.40","9,272.54","7,88,679","7,31,30,57,753.00","94,581","4,39,370",55.71
MARUTI,EQ,2022-11-03,"9,229.40","9,210.00","9,310.00","9,164.40","9,234.95","9,239.10","9,225.31","6,16,860","5,69,07,25,446.55","74,435","2,47,573",40.13
MARUTI,EQ,2022-11-04,"9,239.10","9,257.90","9,324.00","9,191.05","9,231.00","9,229.50","9,249.93","4,65,775","4,30,83,87,867.60","54,337","2,13,869",45.92
MARUTI,EQ,2022-11-07,"9,229.50","9,277.00","9,352.80","9,254.30","9,326.00","9,333.30","9,309.73","4,69,017","4,36,64,23,082.05","48,554","2,14,736",45.78
MARUTI,EQ,2022-11-09,"9,333.30","9,480.35","9,480.85","9,220.00","9,230.15","9,253.50","9,300.67","6,17,256","5,74,08,94,055.90","64,160","3,49,608",56.64
MARUTI,EQ,2022-11-10,"9,253.50","9,201.00","9,250.75","9,071.00","9,109.00","9,097.25","9,121.00","4,45,700","4,06,52,30,559.95","49,250","2,31,869",52.02
MARUTI,EQ,2022-11-11,"9,097.25","9,200.00","9,240.00","9,050.00","9,100.00","9,087.55","9,131.45","4,61,074","4,21,02,73,421.75","44,553","2,21,304",48.00
MARUTI,EQ,2022-11-14,"9,087.55","9,100.00","9,163.05","8,992.55","9,155.00","9,152.35","9,122.51","2,82,822","2,58,00,46,161.70","42,163","1,01,912",36.03
MARUTI,BL,2022-11-14,"8,765.45","9,087.55","9,087.55","9,087.55","9,087.55","9,087.55","9,087.55","1,89,200","1,71,93,64,460.00",1,-,-
MARUTI,EQ,2022-11-15,"9,152.35","9,190.00","9,203.55","9,130.00","9,155.20","9,162.20","9,166.35","3,59,888","3,29,88,60,534.85","43,687","2,17,101",60.32
MARUTI,EQ,2022-11-16,"9,162.20","9,160.00","9,252.50","9,099.85","9,120.00","9,134.95","9,181.03","3,50,737","3,22,01,28,298.15","38,035","1,70,264",48.54
MARUTI,EQ,2022-11-17,"9,134.95","9,101.00","9,169.60","8,970.00","8,982.00","8,986.45","9,040.93","4,09,572","3,70,29,12,825.55","55,274","1,99,554",48.72
MARUTI,EQ,2022-11-18,"8,986.45","9,010.00","9,023.95","8,836.00","8,853.75","8,848.05","8,888.39","5,15,615","4,58,29,89,142.10","64,539","2,61,179",50.65
MARUTI,EQ,2022-11-21,"8,848.05","8,825.00","8,929.20","8,786.00","8,856.95","8,865.20","8,859.39","5,20,644","4,61,25,89,969.90","63,043","2,76,427",53.09
MARUTI,EQ,2022-11-22,"8,865.20","8,875.00","8,934.95","8,859.05","8,887.15","8,873.75","8,888.06","4,55,948","4,05,24,93,296.60","65,505","2,86,561",62.85
MARUTI,EQ,2022-11-23,"8,873.75","8,940.00","8,989.00","8,902.00","8,945.00","8,934.50","8,940.34","6,21,006","5,55,20,07,404.75","67,341","3,39,109",54.61
MARUTI,EQ,2022-11-24,"8,934.50","8,968.90","8,994.90","8,921.00","8,992.95","8,967.10","8,951.88","4,55,343","4,07,61,76,202.60","47,457","2,43,207",53.41
MARUTI,EQ,2022-11-25,"8,967.10","9,000.00","9,080.00","8,947.50","9,025.00","9,019.50","9,030.58","5,45,439","4,92,56,30,174.80","55,058","2,70,189",49.54
MARUTI,EQ,2022-11-28,"9,019.50","9,028.00","9,104.10","8,950.00","8,968.00","8,985.40","9,032.40","4,39,956","3,97,38,59,541.50","46,475","2,49,082",56.62
MARUTI,EQ,2022-11-29,"8,985.40","8,985.00","9,024.75","8,888.00","8,915.00","8,910.20","8,949.33","6,06,692","5,42,94,87,093.25","1,00,476","3,29,068",54.24
MARUTI,EQ,2022-11-30,"8,910.20","8,924.00","9,020.00","8,870.00","8,990.00","8,974.15","8,935.52","10,87,650","9,71,87,16,516.15","1,14,796","7,28,552",66.98
MARUTI,EQ,2022-12-01,"8,974.15","9,019.05","9,025.00","8,930.00","8,960.00","8,958.15","8,968.06","6,94,489","6,22,82,21,139.15","80,117","4,17,569",60.13
MARUTI,EQ,2022-12-02,"8,958.15","8,820.00","8,928.90","8,754.75","8,823.00","8,815.85","8,825.90","9,71,612","8,57,53,48,570.45","1,11,529","4,46,718",45.98
MARUTI,EQ,2022-12-05,"8,815.85","8,844.00","8,853.20","8,765.00","8,786.95","8,792.05","8,792.31","5,19,621","4,56,86,70,945.75","78,677","3,22,614",62.09
MARUTI,EQ,2022-12-06,"8,792.05","8,777.20","8,800.00","8,694.95","8,715.00","8,717.35","8,736.56","5,51,379","4,81,71,58,364.90","75,499","3,13,063",56.78
MARUTI,EQ,2022-12-07,"8,717.35","8,720.00","8,747.85","8,641.00","8,652.00","8,659.15","8,689.25","5,46,450","4,74,82,42,515.80","82,307","3,55,134",64.99
MARUTI,EQ,2022-12-08,"8,659.15","8,665.00","8,711.00","8,606.05","8,681.00","8,682.70","8,670.30","4,76,001","4,12,70,69,174.05","67,879","2,99,690",62.96
MARUTI,EQ,2022-12-09,"8,682.70","8,707.00","8,763.75","8,545.45","8,610.50","8,613.35","8,630.50","7,90,406","6,82,16,00,944.15","96,097","4,99,922",63.25
MARUTI,EQ,2022-12-12,"8,613.35","8,609.00","8,693.30","8,515.30","8,659.30","8,659.75","8,632.67","4,45,039","3,84,18,76,421.70","76,726","2,52,741",56.79
MARUTI,EQ,2022-12-13,"8,659.75","8,662.00","8,697.35","8,610.00","8,623.95","8,620.70","8,644.81","3,30,236","2,85,48,26,910.05","47,499","2,07,854",62.94
MARUTI,EQ,2022-12-14,"8,620.70","8,650.00","8,677.70","8,596.05","8,649.00","8,641.60","8,630.52","3,43,670","2,96,60,51,811.45","40,427","2,06,181",59.99
MARUTI,EQ,2022-12-15,"8,641.60","8,641.00","8,673.60","8,575.00","8,585.00","8,584.15","8,610.60","4,72,176","4,06,57,19,145.10","44,402","3,01,466",63.85
MARUTI,EQ,2022-12-16,"8,584.15","8,559.50","8,588.00","8,446.00","8,478.00","8,485.80","8,507.31","6,24,222","5,31,04,47,935.55","72,107","3,81,741",61.15
MARUTI,EQ,2022-12-19,"8,485.80","8,498.80","8,621.45","8,451.00","8,618.00","8,603.85","8,557.67","4,64,106","3,97,16,66,833.65","51,994","2,75,142",59.28
MARUTI,EQ,2022-12-20,"8,603.85","8,584.40","8,584.40","8,432.05","8,510.95","8,524.35","8,504.91","6,94,906","5,91,01,11,203.00","85,811","4,51,270",64.94
MARUTI,EQ,2022-12-21,"8,524.35","8,524.35","8,566.95","8,288.30","8,339.95","8,350.40","8,398.76","8,00,720","6,72,50,52,413.60","1,16,637","4,90,441",61.25
MARUTI,EQ,2022-12-22,"8,350.40","8,356.65","8,384.00","8,288.00","8,330.00","8,334.35","8,330.14","5,80,858","4,83,86,31,015.90","93,760","3,18,081",54.76
MARUTI,EQ,2022-12-23,"8,334.35","8,299.70","8,329.95","8,122.85","8,145.00","8,141.60","8,204.19","5,03,012","4,12,68,07,846.70","84,614","2,47,830",49.27
MARUTI,EQ,2022-12-26,"8,141.60","8,147.00","8,346.00","8,076.05","8,258.90","8,256.80","8,222.45","3,15,102","2,59,09,10,966.30","48,585","1,36,800",43.41
MARUTI,EQ,2022-12-27,"8,256.80","8,298.95","8,315.00","8,230.80","8,315.00","8,305.45","8,279.05","4,23,308","3,50,45,90,187.85","39,069","2,66,050",62.85
MARUTI,EQ,2022-12-28,"8,305.45","8,315.00","8,453.50","8,287.60","8,415.00","8,421.05","8,405.36","5,38,632","4,52,73,95,346.90","58,185","2,31,413",42.96
MARUTI,EQ,2022-12-29,"8,421.05","8,370.00","8,449.00","8,333.00","8,444.00","8,435.80","8,389.01","4,52,134","3,79,29,57,873.95","51,057","2,78,542",61.61
MARUTI,EQ,2022-12-30,"8,435.80","8,470.00","8,490.00","8,362.25","8,413.00","8,394.60","8,423.45","4,33,976","3,65,55,73,363.35","50,883","2,35,384",54.24
MARUTI,EQ,2023-01-02,"8,394.60","8,365.00","8,454.00","8,337.60","8,408.00","8,403.30","8,405.90","3,98,159","3,34,68,84,016.15","48,615","2,07,098",52.01
MARUTI,EQ,2023-01-03,"8,403.30","8,380.00","8,402.00","8,304.15","8,390.00","8,382.75","8,363.88","4,93,207","4,12,51,21,885.85","79,882","3,01,315",61.09
MARUTI,EQ,2023-01-04,"8,382.75","8,376.00","8,537.05","8,311.05","8,419.00","8,422.80","8,421.22","5,66,744","4,77,26,78,127.50","67,370","2,62,363",46.29
MARUTI,EQ,2023-01-05,"8,422.80","8,444.95","8,475.00","8,390.05","8,470.00","8,461.10","8,428.69","4,17,716","3,52,08,00,140.80","70,713","2,33,382",55.87
MARUTI,EQ,2023-01-06,"8,461.10","8,460.00","8,483.95","8,350.00","8,370.00","8,383.05","8,397.40","3,68,978","3,09,84,57,159.20","53,443","2,06,253",55.9
MARUTI,EQ,2023-01-09,"8,383.05","8,424.85","8,446.95","8,325.10","8,380.00","8,377.00","8,385.69","6,13,406","5,14,38,33,217.05","92,471","3,90,583",63.67
MARUTI,EQ,2023-01-10,"8,377.00","8,380.00","8,410.00","8,262.90","8,304.00","8,293.15","8,316.61","4,93,677","4,10,57,20,227.40","74,247","3,06,311",62.05
MARUTI,EQ,2023-01-11,"8,293.15","8,334.65","8,334.65","8,249.15","8,298.45","8,284.45","8,289.45","3,27,536","2,71,50,92,146.35","56,685","1,72,791",52.75
MARUTI,EQ,2023-01-12,"8,284.45","8,315.00","8,377.00","8,260.00","8,365.00","8,369.20","8,332.84","2,83,772","2,36,46,26,252.95","57,766","1,28,131",45.15
MARUTI,EQ,2023-01-13,"8,369.20","8,397.00","8,500.05","8,351.00","8,454.20","8,453.40","8,450.10","7,05,220","5,95,91,82,204.15","77,785","4,38,916",62.24
MARUTI,EQ,2023-01-16,"8,453.40","8,480.00","8,514.30","8,343.60","8,360.05","8,380.10","8,399.80","5,00,575","4,20,47,30,719.10","63,773","2,70,808",54.1
MARUTI,EQ,2023-01-17,"8,380.10","8,409.85","8,493.30","8,342.15","8,478.05","8,479.35","8,428.57","4,09,248","3,44,93,76,289.90","51,540","2,37,566",58.05
MARUTI,EQ,2023-01-18,"8,479.35","8,473.00","8,537.40","8,464.30","8,495.00","8,494.05","8,500.81","4,02,883","3,42,48,33,436.20","52,978","2,24,069",55.62
MARUTI,EQ,2023-01-19,"8,494.05","8,479.00","8,519.00","8,456.50","8,490.00","8,501.65","8,493.36","1,84,776","1,56,93,69,353.50","33,758","78,526",42.5
MARUTI,EQ,2023-01-20,"8,501.65","8,462.05","8,500.00","8,412.00","8,420.00","8,439.80","8,458.94","3,46,337","2,92,96,43,905.85","71,153","1,87,939",54.26
MARUTI,EQ,2023-01-23,"8,439.80","8,480.00","8,482.00","8,377.90","8,425.00","8,417.10","8,423.65","4,10,827","3,46,06,64,360.35","79,850","2,74,967",66.93
MARUTI,EQ,2023-01-24,"8,417.10","8,450.00","8,718.00","8,417.00","8,696.00","8,698.80","8,604.69","10,39,571","8,94,51,85,007.00","1,10,751","2,72,786",26.24
MARUTI,EQ,2023-01-25,"8,698.80","8,747.90","8,833.00","8,680.30","8,770.00","8,784.10","8,773.29","11,31,883","9,93,03,37,994.90","1,28,225","4,40,449",38.91
MARUTI,EQ,2023-01-27,"8,784.10","8,828.45","8,889.00","8,620.10","8,754.00","8,737.50","8,730.17","7,43,546","6,49,12,85,266.50","95,748","3,59,517",48.35
MARUTI,EQ,2023-01-30,"8,737.50","8,779.00","8,865.00","8,718.00","8,825.00","8,817.00","8,798.64","10,36,998","9,12,41,74,860.80","1,18,767","7,64,191",73.69
MARUTI,EQ,2023-01-31,"8,817.00","8,856.90","8,943.85","8,830.20","8,900.00","8,895.30","8,897.60","6,43,670","5,72,71,16,371.70","86,665","4,08,423",63.45
MARUTI,EQ,2023-02-01,"8,895.30","8,937.00","9,030.45","8,673.90","8,764.95","8,768.85","8,861.69","7,07,460","6,26,92,91,995.00","73,003","3,29,914",46.63
MARUTI,EQ,2023-02-02,"8,768.85","8,765.00","8,940.00","8,751.10","8,855.00","8,870.15","8,863.37","4,56,995","4,05,05,17,443.00","59,983","2,51,449",55.02
MARUTI,EQ,2023-02-03,"8,870.15","8,940.00","8,963.00","8,845.15","8,923.30","8,942.30","8,910.84","3,51,157","3,12,91,04,651.85","46,064","1,93,396",55.07
MARUTI,EQ,2023-02-06,"8,942.30","8,926.95","8,936.00","8,820.00","8,890.00","8,908.00","8,878.82","2,05,161","1,82,15,87,649.90","40,772","90,845",44.28
MARUTI,EQ,2023-02-07,"8,908.00","8,908.00","8,920.00","8,752.55","8,760.00","8,762.45","8,797.99","3,18,669","2,80,36,46,153.35","56,430","1,67,657",52.61
MARUTI,EQ,2023-02-08,"8,762.45","8,773.00","8,854.50","8,673.05","8,825.00","8,834.70","8,789.11","3,91,645","3,44,22,11,700.90","59,543","2,14,176",54.69
MARUTI,EQ,2023-02-09,"8,834.70","8,802.30","8,833.00","8,700.00","8,798.00","8,801.20","8,774.33","3,92,186","3,44,11,70,550.35","46,380","1,98,244",50.55
MARUTI,EQ,2023-02-10,"8,801.20","8,797.80","8,875.00","8,772.95","8,800.00","8,811.35","8,819.84","2,76,298","2,43,69,05,367.40","53,805","1,26,448",45.77
MARUTI,EQ,2023-02-13,"8,811.35","8,787.00","8,864.40","8,755.70","8,807.05","8,809.45","8,814.49","2,53,037","2,23,03,91,801.80","33,967","1,28,066",50.61
MARUTI,EQ,2023-02-14,"8,809.45","8,815.00","8,847.00","8,765.00","8,779.80","8,774.45","8,803.32","2,27,030","1,99,86,17,825.45","38,120","1,07,891",47.52
MARUTI,EQ,2023-02-15,"8,774.45","8,774.45","8,895.70","8,742.00","8,855.00","8,845.35","8,836.98","4,52,568","3,99,93,33,591.85","64,188","2,51,438",55.56
MARUTI,EQ,2023-02-16,"8,845.35","8,880.00","8,880.00","8,790.00","8,796.05","8,805.10","8,832.95","2,47,514","2,18,62,78,643.90","42,442","1,22,146",49.35
MARUTI,EQ,2023-02-17,"8,805.10","8,787.00","8,874.00","8,749.75","8,820.00","8,807.75","8,826.87","2,14,587","1,89,41,30,570.00","32,853","83,916",39.11
MARUTI,EQ,2023-02-20,"8,807.75","8,807.75","8,849.00","8,675.25","8,685.00","8,693.65","8,748.94","2,98,434","2,61,09,82,525.45","46,059","1,62,729",54.53
MARUTI,EQ,2023-02-21,"8,693.65","8,694.00","8,720.00","8,638.45","8,675.00","8,669.85","8,666.14","3,23,478","2,80,33,04,805.40","66,784","1,86,855",57.76
MARUTI,EQ,2023-02-22,"8,669.85","8,675.50","8,719.00","8,585.00","8,663.45","8,658.95","8,655.80","3,63,931","3,15,01,12,526.55","58,071","2,02,979",55.77
MARUTI,EQ,2023-02-23,"8,658.95","8,693.45","8,747.45","8,616.00","8,705.00","8,696.25","8,684.68","3,17,544","2,75,77,69,161.15","42,134","1,81,971",57.31
MARUTI,EQ,2023-02-24,"8,696.25","8,711.00","8,740.00","8,609.30","8,630.00","8,660.50","8,673.90","2,42,982","2,10,76,02,292.65","34,249","1,29,030",53.1
MARUTI,EQ,2023-02-27,"8,660.50","8,630.00","8,643.05","8,530.00","8,640.25","8,632.20","8,599.97","2,20,225","1,89,39,28,993.70","39,742","86,177",39.13
MARUTI,EQ,2023-02-28,"8,632.20","8,650.00","8,709.00","8,605.30","8,654.00","8,624.35","8,649.43","3,70,998","3,20,89,21,698.00","50,494","2,09,456",56.46
MARUTI,EQ,2023-03-01,"8,624.35","8,620.00","8,776.25","8,620.00","8,754.95","8,764.15","8,732.10","3,33,441","2,91,16,40,573.60","43,337","1,56,213",46.85
MARUTI,EQ,2023-03-02,"8,764.15","8,771.00","8,771.00","8,509.10","8,536.00","8,548.75","8,603.89","6,03,893","5,19,58,29,480.40","78,005","3,52,405",58.36
MARUTI,EQ,2023-03-03,"8,548.75","8,592.05","8,629.00","8,550.00","8,610.00","8,601.25","8,592.12","4,37,977","3,76,31,52,733.50","55,214","2,99,304",68.34
MARUTI,EQ,2023-03-06,"8,601.25","8,640.00","8,663.00","8,590.95","8,640.00","8,631.45","8,629.17","2,75,417","2,37,66,21,411.45","55,952","1,66,608",60.49
MARUTI,EQ,2023-03-08,"8,631.45","8,625.00","8,712.05","8,610.05","8,694.00","8,693.90","8,672.58","3,48,171","3,01,95,39,160.15","60,531","2,02,239",58.09
MARUTI,EQ,2023-03-09,"8,693.90","8,725.00","8,737.00","8,534.05","8,554.00","8,541.95","8,619.64","4,31,466","3,71,90,80,236.15","59,282","2,57,944",59.78
MARUTI,EQ,2023-03-10,"8,541.95","8,530.00","8,628.00","8,480.10","8,600.00","8,601.55","8,565.93","5,16,128","4,42,11,13,821.85","65,591","3,18,464",61.7
MARUTI,EQ,2023-03-13,"8,601.55","8,601.55","8,637.30","8,481.10","8,528.00","8,518.40","8,549.43","4,79,314","4,09,78,59,281.15","45,181","3,47,704",72.54
MARUTI,EQ,2023-03-14,"8,518.40","8,544.95","8,544.95","8,445.00","8,515.00","8,512.15","8,484.81","3,49,510","2,96,55,26,727.20","48,637","1,56,767",44.85
MARUTI,EQ,2023-03-15,"8,512.15","8,650.00","8,704.95","8,440.00","8,449.65","8,474.95","8,575.43","5,09,229","4,36,68,59,212.65","66,441","1,92,589",37.82
MARUTI,EQ,2023-03-16,"8,474.95","8,460.10","8,533.40","8,411.00","8,455.00","8,437.45","8,464.67","3,40,261","2,88,01,96,973.15","57,519","1,87,329",55.05
MARUTI,EQ,2023-03-17,"8,437.45","8,503.00","8,510.95","8,293.55","8,310.00","8,316.85","8,357.14","4,71,602","3,94,12,43,158.05","66,513","2,84,745",60.38
MARUTI,EQ,2023-03-20,"8,316.85","8,316.85","8,316.85","8,130.00","8,230.00","8,219.60","8,192.41","4,88,199","3,99,95,25,557.60","85,979","2,63,901",54.06
MARUTI,EQ,2023-03-21,"8,219.60","8,245.00","8,275.00","8,215.00","8,224.50","8,228.40","8,239.45","2,87,497","2,36,88,17,606.55","42,833","1,51,998",52.87
MARUTI,EQ,2023-03-22,"8,228.40","8,236.00","8,289.60","8,217.00","8,263.00","8,252.40","8,250.59","2,18,120","1,79,96,19,214.75","53,159","1,34,168",61.51
MARUTI,EQ,2023-03-23,"8,252.40","8,264.00","8,375.00","8,232.60","8,359.00","8,353.20","8,338.41","5,40,553","4,50,73,54,540.60","62,415","3,22,220",59.61
MARUTI,EQ,2023-03-24,"8,353.20","8,353.20","8,386.50","8,211.00","8,260.00","8,242.90","8,302.24","3,91,840","3,25,31,50,940.75","56,415","2,11,613",54.0
MARUTI,EQ,2023-03-27,"8,242.90","8,250.00","8,316.80","8,229.55","8,315.00","8,278.35","8,269.77","3,64,326","3,01,28,92,559.65","69,650","2,39,720",65.8
MARUTI,EQ,2023-03-28,"8,278.35","8,305.90","8,355.60","8,140.00","8,210.00","8,208.80","8,220.87","3,60,349","2,96,23,82,006.40","51,063","1,92,763",53.49
MARUTI,EQ,2023-03-29,"8,208.80","8,249.85","8,319.10","8,187.50","8,275.00","8,295.30","8,243.35","3,39,851","2,80,15,10,464.65","50,433","1,93,618",56.97
MARUTI,EQ,2023-03-31,"8,295.30","8,325.95","8,370.00","8,257.05","8,302.00","8,292.15","8,298.89","4,78,757","3,97,31,51,862.05","60,862","3,43,580",71.77
MARUTI,EQ,2023-04-03,"8,292.15","8,412.85","8,579.00","8,390.35","8,508.00","8,503.05","8,501.01","6,27,265","5,33,23,84,252.55","78,760","3,10,383",49.48
MARUTI,EQ,2023-04-05,"8,503.05","8,521.95","8,548.00","8,430.00","8,456.00","8,447.05","8,455.19","2,72,888","2,30,73,20,637.15","37,788","1,46,116",53.54
MARUTI,EQ,2023-04-06,"8,447.05","8,464.00","8,535.00","8,377.10","8,508.00","8,516.65","8,476.90","3,09,551","2,62,40,34,168.60","32,939","1,48,683",48.03
MARUTI,EQ,2023-04-10,"8,516.65","8,456.60","8,555.80","8,403.05","8,534.00","8,535.15","8,482.41","3,08,275","2,61,49,15,538.60","46,590","1,12,417",36.47
MARUTI,EQ,2023-04-11,"8,535.15","8,580.00","8,670.95","8,545.00","8,654.00","8,659.55","8,629.00","4,09,240","3,53,13,31,424.45","44,336","2,26,661",55.39
MARUTI,EQ,2023-04-12,"8,659.55","8,672.00","8,709.95","8,591.00","8,624.00","8,621.05","8,662.87","4,08,458","3,53,84,20,321.75","47,658","2,78,598",68.21
MARUTI,EQ,2023-04-13,"8,621.05","8,628.05","8,704.00","8,620.00","8,660.00","8,670.80","8,668.81","4,80,202","4,16,27,81,442.45","48,558","3,40,580",70.92
MARUTI,EQ,2023-04-17,"8,670.80","8,850.00","8,850.00","8,650.00","8,672.45","8,674.65","8,693.36","4,89,356","4,25,41,47,674.95","64,423","3,02,152",61.74
MARUTI,EQ,2023-04-18,"8,674.65","8,692.95","8,748.80","8,690.00","8,745.00","8,732.65","8,726.58","2,76,111","2,40,95,03,396.95","42,864","1,64,710",59.65
MARUTI,EQ,2023-04-19,"8,732.65","8,690.05","8,741.80","8,662.45","8,674.30","8,679.95","8,691.62","2,80,819","2,44,07,70,841.45","33,057","1,62,650",57.92
MARUTI,EQ,2023-04-20,"8,679.95","8,670.00","8,739.90","8,665.15","8,704.00","8,714.65","8,717.25","3,69,060","3,21,71,87,122.75","50,811","2,69,002",72.89
MARUTI,EQ,2023-04-21,"8,714.65","8,679.40","8,704.00","8,550.00","8,566.05","8,558.45","8,599.82","4,24,157","3,64,76,72,199.55","42,775","2,92,617",68.99
MARUTI,EQ,2023-04-24,"8,558.45","8,577.00","8,577.00","8,444.75","8,472.00","8,466.15","8,476.39","5,43,745","4,60,89,95,080.15","55,665","3,82,948",70.43
MARUTI,EQ,2023-04-25,"8,466.15","8,510.00","8,525.00","8,420.00","8,489.00","8,468.90","8,454.48","9,06,406","7,66,31,89,418.60","54,492","7,28,351",80.36
MARUTI,EQ,2023-04-26,"8,468.90","8,527.00","8,550.00","8,434.90","8,485.00","8,506.90","8,495.98","9,59,058","8,14,81,32,924.35","83,340","4,31,139",44.95
MARUTI,EQ,2023-04-27,"8,506.90","8,570.00","8,570.00","8,471.25","8,555.00","8,542.95","8,512.61","5,36,521","4,56,71,95,084.65","53,914","3,27,229",60.99
MARUTI,EQ,2023-04-28,"8,542.95","8,593.00","8,612.45","8,535.10","8,606.00","8,589.55","8,576.85","3,87,567","3,32,41,05,783.55","53,686","2,52,718",65.21
MARUTI,EQ,2023-05-02,"8,589.55","8,622.70","8,827.00","8,606.00","8,765.20","8,776.85","8,736.34","8,65,562","7,56,18,40,948.15","74,287","5,20,625",60.15
MARUTI,EQ,2023-05-03,"8,776.85","8,770.00","8,828.00","8,715.05","8,804.50","8,797.30","8,798.66","5,37,008","4,72,49,53,410.10","59,622","3,61,127",67.25
MARUTI,EQ,2023-05-04,"8,797.30","8,796.65","8,822.95","8,743.00","8,795.00","8,800.60","8,780.97","2,71,926","2,38,77,74,680.95","35,872","1,51,870",55.85
MARUTI,EQ,2023-05-05,"8,800.60","8,800.60","8,988.00","8,790.00","8,950.00","8,948.65","8,926.06","9,51,591","8,49,39,61,463.95","59,958","6,52,452",68.56
MARUTI,EQ,2023-05-08,"8,948.65","9,046.00","9,120.95","8,960.00","9,062.05","9,076.25","9,056.62","6,78,780","6,14,74,50,057.70","76,671","4,00,825",59.05
MARUTI,EQ,2023-05-09,"9,076.25","9,083.00","9,140.00","9,051.85","9,110.00","9,111.55","9,102.91","4,15,394","3,78,12,95,565.75","45,385","2,54,104",61.17
MARUTI,EQ,2023-05-10,"9,111.55","9,128.80","9,180.00","9,060.00","9,144.95","9,168.15","9,115.25","3,66,827","3,34,37,19,121.50","64,875","2,40,165",65.47
MARUTI,EQ,2023-05-11,"9,168.15","9,242.95","9,315.00","9,142.05","9,260.00","9,260.90","9,245.10","6,44,550","5,95,89,27,392.80","65,745","4,13,884",64.21
MARUTI,EQ,2023-05-12,"9,260.90","9,260.95","9,329.80","9,232.65","9,272.00","9,295.40","9,275.88","4,03,028","3,73,84,40,470.40","57,527","2,36,084",58.58
MARUTI,EQ,2023-05-15,"9,295.40","9,242.00","9,307.50","9,185.40","9,200.05","9,207.30","9,233.32","2,59,316","2,39,43,47,052.55","45,117","1,37,787",53.13
MARUTI,EQ,2023-05-16,"9,207.30","9,219.10","9,229.30","9,057.10","9,074.95","9,071.35","9,112.41","4,48,981","4,09,13,00,130.60","67,682","2,53,926",56.56
MARUTI,EQ,2023-05-17,"9,071.35","9,080.35","9,132.00","9,032.05","9,122.15","9,119.40","9,083.78","2,90,482","2,63,86,74,503.95","44,537","1,48,346",51.07
MARUTI,EQ,2023-05-18,"9,119.40","9,144.95","9,150.00","9,044.10","9,068.95","9,053.30","9,090.66","2,72,497","2,47,71,78,262.30","40,717","1,48,752",54.59
MARUTI,EQ,2023-05-19,"9,053.30","9,060.00","9,118.20","8,960.55","9,108.00","9,105.95","9,021.45","5,43,472","4,90,29,04,246.25","30,517","3,77,945",69.54
MARUTI,EQ,2023-05-22,"9,105.95","9,090.00","9,169.70","9,073.85","9,150.00","9,156.65","9,144.98","1,82,115","1,66,54,37,934.75","27,045","1,00,962",55.44
MARUTI,EQ,2023-05-23,"9,156.65","9,169.00","9,235.00","9,156.75","9,190.00","9,200.70","9,201.24","2,69,008","2,47,52,07,117.80","31,647","1,63,527",60.79
MARUTI,EQ,2023-05-24,"9,200.70","9,168.00","9,318.20","9,159.00","9,277.00","9,270.75","9,277.46","4,70,365","4,36,37,91,600.30","47,175","2,96,241",62.98
MARUTI,EQ,2023-05-25,"9,270.75","9,220.75","9,293.40","9,216.05","9,282.05","9,281.85","9,262.50","2,18,979","2,02,82,93,008.15","28,075","1,03,546",47.29
MARUTI,EQ,2023-05-26,"9,281.85","9,333.00","9,415.00","9,311.25","9,400.00","9,399.95","9,385.38","3,46,760","3,25,44,74,348.25","49,140","1,95,446",56.36
MARUTI,EQ,2023-05-29,"9,399.95","9,435.00","9,488.80","9,312.05","9,334.00","9,333.50","9,369.96","2,36,834","2,21,91,26,179.60","29,993","1,18,304",49.95
MARUTI,EQ,2023-05-30,"9,333.50","9,380.00","9,402.90","9,300.00","9,400.00","9,383.35","9,367.82","3,72,004","3,48,48,66,364.50","44,620","2,61,349",70.25
MARUTI,EQ,2023-05-31,"9,383.35","9,449.95","9,449.95","9,267.60","9,325.00","9,367.70","9,357.38","16,14,766","15,10,99,83,758.15","82,790","13,06,888",80.93
MARUTI,EQ,2023-06-01,"9,367.70","9,337.50","9,377.55","9,222.00","9,330.00","9,328.30","9,306.45","3,78,706","3,52,44,09,606.20","46,443","1,65,855",43.8
MARUTI,EQ,2023-06-02,"9,328.30","9,389.00","9,525.15","9,312.70","9,500.25","9,485.35","9,428.06","4,45,105","4,19,64,76,839.35","44,282","2,48,550",55.84
MARUTI,EQ,2023-06-05,"9,485.35","9,552.50","9,640.00","9,488.55","9,585.00","9,582.10","9,588.84","4,34,649","4,16,77,78,434.55","54,879","2,00,150",46.05
MARUTI,EQ,2023-06-06,"9,582.10","9,629.00","9,770.00","9,611.00","9,715.00","9,736.20","9,718.17","5,42,318","5,27,03,36,890.95","72,431","2,43,096",44.83
MARUTI,EQ,2023-06-07,"9,736.20","9,788.00","9,800.00","9,650.50","9,673.00","9,707.50","9,729.88","4,53,747","4,41,49,05,766.90","64,634","2,53,815",55.94
MARUTI,EQ,2023-06-08,"9,707.50","9,733.00","9,765.00","9,625.50","9,650.25","9,658.60","9,680.90","2,73,746","2,65,01,07,758.35","36,258","1,58,906",58.05
MARUTI,EQ,2023-06-09,"9,658.60","9,675.50","9,713.90","9,611.10","9,635.00","9,627.80","9,656.06","1,61,389","1,55,83,81,631.20","27,995","1,03,294",64.0
MARUTI,EQ,2023-06-12,"9,627.80","9,625.00","9,700.00","9,537.65","9,550.40","9,550.45","9,561.79","3,16,879","3,02,99,30,516.55","42,034","2,17,254",68.56
MARUTI,EQ,2023-06-13,"9,550.45","9,588.00","9,618.05","9,505.65","9,515.70","9,517.50","9,552.46","5,61,014","5,35,90,61,697.30","41,757","4,48,518",79.95
MARUTI,EQ,2023-06-14,"9,517.50","9,520.00","9,599.00","9,490.50","9,530.00","9,532.50","9,544.05","3,28,167","3,13,20,43,090.30","38,303","1,89,274",57.68
MARUTI,EQ,2023-06-15,"9,532.50","9,555.00","9,697.80","9,543.00","9,593.05","9,594.85","9,628.01","4,59,978","4,42,86,72,734.55","48,197","2,62,383",57.04
MARUTI,EQ,2023-06-16,"9,594.85","9,595.05","9,643.40","9,552.00","9,605.00","9,603.70","9,603.49","6,82,099","6,55,05,31,145.60","75,190","5,10,562",74.85
MARUTI,EQ,2023-06-19,"9,603.70","9,638.00","9,642.15","9,510.00","9,540.00","9,532.00","9,581.29","3,95,006","3,78,46,65,309.40","40,835","2,85,275",72.22
MARUTI,EQ,2023-06-20,"9,532.00","9,530.00","9,538.90","9,420.00","9,515.05","9,492.10","9,476.15","6,12,713","5,80,61,63,235.70","67,707","4,65,931",76.04
MARUTI,EQ,2023-06-21,"9,492.10","9,502.00","9,537.00","9,396.05","9,420.15","9,440.85","9,446.39","3,56,331","3,36,60,42,252.20","50,988","2,45,842",68.99
MARUTI,EQ,2023-06-22,"9,440.85","9,439.05","9,494.35","9,373.80","9,410.00","9,403.05","9,429.94","2,88,487","2,72,04,14,872.85","45,384","1,62,442",56.31
MARUTI,EQ,2023-06-23,"9,403.05","9,420.00","9,427.00","9,305.00","9,325.00","9,327.30","9,351.80","3,09,138","2,89,09,98,081.50","42,141","1,86,585",60.36
MARUTI,EQ,2023-06-26,"9,327.30","9,327.30","9,520.00","9,300.00","9,470.00","9,470.20","9,418.77","4,05,168","3,81,61,82,793.25","64,056","2,37,246",58.55
MARUTI,EQ,2023-06-27,"9,470.20","9,490.00","9,500.00","9,395.05","9,440.00","9,461.00","9,445.46","3,39,375","3,20,55,52,606.60","55,284","2,33,511",68.81
MARUTI,EQ,2023-06-28,"9,461.00","9,475.45","9,575.00","9,432.55","9,544.90","9,540.65","9,527.27","4,82,586","4,59,77,29,163.55","74,441","3,48,796",72.28
MARUTI,EQ,2023-06-30,"9,540.65","9,569.00","9,853.50","9,541.00","9,779.00","9,789.05","9,750.92","8,45,006","8,23,95,86,283.05","90,932","4,42,936",52.42
MARUTI,EQ,2023-07-03,"9,789.05","9,742.05","9,785.85","9,656.55","9,676.25","9,673.00","9,697.47","3,98,066","3,86,02,34,867.00","52,768","2,25,718",56.7
MARUTI,EQ,2023-07-04,"9,673.00","9,700.00","9,716.50","9,620.05","9,649.00","9,647.40","9,651.35","2,47,673","2,39,03,79,578.15","35,742","1,44,948",58.52
MARUTI,EQ,2023-07-05,"9,647.40","9,697.00","10,036.95","9,675.00","9,990.10","9,992.30","9,885.78","8,15,044","8,05,73,49,422.15","83,869","3,16,643",38.85
MARUTI,EQ,2023-07-06,"9,992.30","9,999.95","10,016.30","9,815.20","9,865.00","9,859.40","9,886.72","6,52,120","6,44,73,26,770.30","75,764","3,25,813",49.96
MARUTI,EQ,2023-07-07,"9,859.40","9,854.00","9,945.00","9,815.00","9,835.00","9,850.25","9,867.18","4,57,050","4,50,97,93,409.80","49,467","2,43,779",53.34
MARUTI,EQ,2023-07-10,"9,850.25","9,854.00","9,933.35","9,719.75","9,764.70","9,736.30","9,815.04","2,72,008","2,66,97,70,018.90","45,115","1,38,392",50.88
MARUTI,EQ,2023-07-11,"9,736.30","9,796.00","9,956.85","9,736.30","9,900.00","9,900.15","9,896.29","5,68,772","5,62,87,32,827.65","55,818","3,30,189",58.05
MARUTI,EQ,2023-07-12,"9,900.15","9,895.00","9,950.00","9,805.00","9,833.00","9,835.80","9,861.81","5,52,967","5,45,32,54,194.25","67,024","3,40,105",61.51
MARUTI,EQ,2023-07-13,"9,835.80","9,852.95","9,898.95","9,612.00","9,671.00","9,647.55","9,720.05","5,19,564","5,05,01,86,594.40","68,793","2,94,618",56.7
MARUTI,EQ,2023-07-14,"9,647.55","9,701.95","9,727.30","9,591.00","9,605.00","9,603.65","9,633.83","4,98,441","4,80,18,94,293.10","50,693","2,99,855",60.16
MARUTI,EQ,2023-07-17,"9,603.65","9,647.00","9,699.00","9,555.00","9,691.90","9,689.55","9,614.12","4,44,583","4,27,42,76,111.55","53,157","2,67,774",60.23
MARUTI,EQ,2023-07-18,"9,689.55","9,710.20","9,766.30","9,601.70","9,655.00","9,665.65","9,670.63","3,20,985","3,10,41,28,234.40","41,698","1,46,487",45.64
MARUTI,EQ,2023-07-19,"9,665.65","9,651.00","9,666.00","9,525.65","9,612.80","9,607.55","9,614.98","4,50,254","4,32,91,81,084.85","52,742","2,99,460",66.51
MARUTI,EQ,2023-07-20,"9,607.55","9,620.00","9,785.00","9,575.45","9,777.00","9,772.50","9,696.19","4,66,813","4,52,63,05,506.90","50,923","2,07,895",44.53
MARUTI,EQ,2023-07-21,"9,772.50","9,720.00","9,845.00","9,703.00","9,765.10","9,770.05","9,774.80","3,28,483","3,21,08,54,797.45","39,991","1,00,989",30.74
MARUTI,EQ,2023-07-24,"9,770.05","9,770.05","9,815.00","9,680.00","9,697.00","9,694.80","9,736.00","3,58,506","3,49,04,13,168.95","38,060","1,99,272",55.58
MARUTI,EQ,2023-07-25,"9,694.80","9,624.00","9,774.95","9,616.80","9,760.00","9,758.60","9,718.00","2,40,998","2,34,20,17,795.35","37,586","89,343",37.07
MARUTI,EQ,2023-07-26,"9,758.60","9,761.50","9,810.00","9,725.25","9,747.00","9,756.35","9,765.42","2,09,861","2,04,93,80,316.90","34,665","1,07,319",51.14
MARUTI,EQ,2023-07-27,"9,756.35","9,770.00","9,827.15","9,691.65","9,751.00","9,753.60","9,754.92","2,56,672","2,50,38,14,938.05","44,498","1,33,379",51.96
MARUTI,EQ,2023-07-28,"9,753.60","9,739.00","9,750.00","9,546.40","9,660.00","9,670.30","9,631.72","3,81,151","3,67,11,39,736.70","54,528","1,99,110",52.24
MARUTI,EQ,2023-07-31,"9,670.30","9,670.30","9,837.70","9,606.00","9,813.00","9,820.75","9,766.65","6,00,060","5,86,05,74,500.05","83,802","2,74,088",45.68
MARUTI,EQ,2023-08-01,"9,820.75","9,760.00","9,892.00","9,650.05","9,704.00","9,716.75","9,742.70","13,94,528","13,58,64,66,758.15","1,32,237","6,08,873",43.66
MARUTI,EQ,2023-08-02,"9,716.75","9,715.00","9,793.45","9,520.35","9,625.00","9,653.80","9,632.53","6,72,815","6,48,09,09,326.85","96,094","3,30,737",49.16
MARUTI,EQ,2023-08-03,"9,653.80","9,598.85","9,659.95","9,515.60","9,520.00","9,543.70","9,593.72","6,14,897","5,89,91,47,052.95","55,387","3,36,788",54.77
MARUTI,EQ,2023-08-04,"9,543.70","9,560.00","9,616.00","9,427.00","9,447.00","9,470.40","9,527.63","5,40,470","5,14,93,96,866.95","62,897","3,26,850",60.48
MARUTI,EQ,2023-08-07,"9,470.40","9,490.00","9,539.80","9,422.00","9,525.00","9,523.80","9,498.87","3,66,329","3,47,97,13,011.05","41,961","1,79,631",49.04
MARUTI,EQ,2023-08-08,"9,523.80","9,539.95","9,623.00","9,505.00","9,540.05","9,542.55","9,569.26","4,30,636","4,12,08,67,494.10","64,141","2,55,205",59.26
MARUTI,EQ,2023-08-09,"9,542.55","9,540.00","9,540.05","9,417.50","9,468.00","9,463.10","9,460.76","4,04,602","3,82,78,40,931.80","50,469","2,52,813",62.48
MARUTI,EQ,2023-08-10,"9,463.10","9,463.10","9,500.00","9,342.05","9,400.00","9,397.60","9,412.80","5,23,490","4,92,75,07,564.70","69,010","3,09,081",59.04
MARUTI,EQ,2023-08-11,"9,397.60","9,397.60","9,469.00","9,344.00","9,366.50","9,356.85","9,387.37","4,98,504","4,67,96,39,335.25","63,453","2,91,621",58.5
MARUTI,EQ,2023-08-14,"9,356.85","9,360.00","9,364.00","9,257.90","9,300.00","9,321.65","9,321.87","3,36,864","3,14,02,03,166.00","44,663","1,94,169",57.64
MARUTI,EQ,2023-08-16,"9,321.65","9,334.00","9,437.75","9,254.15","9,402.40","9,419.55","9,346.20","3,36,363","3,14,37,16,122.15","40,265","1,76,211",52.39
MARUTI,EQ,2023-08-17,"9,419.55","9,414.90","9,474.75","9,350.00","9,374.40","9,375.30","9,398.61","4,02,798","3,78,57,41,485.25","61,445","2,44,598",60.72
MARUTI,EQ,2023-08-18,"9,375.30","9,350.00","9,470.00","9,336.65","9,460.90","9,456.05","9,430.89","4,00,745","3,77,93,81,467.40","50,532","2,26,840",56.6
MARUTI,EQ,2023-08-21,"9,456.05","9,455.55","9,469.00","9,413.25","9,434.00","9,438.80","9,441.38","3,75,347","3,54,37,94,814.80","45,410","2,80,794",74.81
MARUTI,EQ,2023-08-22,"9,438.80","9,420.20","9,508.05","9,409.70","9,490.00","9,491.90","9,474.32","4,35,930","4,13,01,39,859.00","53,311","2,93,672",67.37
MARUTI,EQ,2023-08-23,"9,491.90","9,519.00","9,640.00","9,446.00","9,595.00","9,600.95","9,562.25","5,46,842","5,22,90,38,851.60","58,891","3,17,184",58.0
MARUTI,EQ,2023-08-24,"9,600.95","9,661.65","9,661.65","9,555.00","9,560.00","9,573.70","9,606.93","3,85,559","3,70,40,39,844.45","56,302","2,53,366",65.71
MARUTI,EQ,2023-08-25,"9,573.70","9,554.00","9,624.75","9,485.00","9,513.70","9,505.70","9,558.47","3,46,449","3,31,15,21,395.65","41,180","1,93,128",55.75
MARUTI,EQ,2023-08-28,"9,505.70","9,514.95","9,670.00","9,510.00","9,600.00","9,597.70","9,612.36","3,25,938","3,13,30,34,245.90","35,764","1,53,048",46.96
MARUTI,EQ,2023-08-29,"9,597.70","9,600.00","9,684.75","9,506.00","9,634.95","9,621.25","9,620.76","3,17,224","3,05,19,37,365.65","34,317","1,46,749",46.26
MARUTI,EQ,2023-08-30,"9,621.25","9,660.00","9,817.95","9,610.00","9,790.00","9,796.40","9,729.82","5,43,634","5,28,94,63,342.75","50,125","3,15,030",57.95
MARUTI,EQ,2023-08-31,"9,796.40","9,770.10","10,065.00","9,770.10","10,000.00","10,003.80","9,989.32","15,81,818","15,80,12,93,328.40","1,49,957","8,67,226",54.82
MARUTI,EQ,2023-09-01,"10,003.80","9,999.00","10,397.95","9,951.35","10,320.10","10,331.25","10,210.53","11,93,178","12,18,29,85,617.30","1,26,234","5,91,266",49.55
MARUTI,EQ,2023-09-04,"10,331.25","10,401.00","10,467.95","10,286.30","10,365.00","10,362.45","10,376.66","8,19,552","8,50,42,13,131.30","1,36,523","4,70,240",57.38
MARUTI,EQ,2023-09-05,"10,362.45","10,350.00","10,412.70","10,245.80","10,255.85","10,262.10","10,320.89","5,07,107","5,23,37,97,178.05","52,341","3,01,060",59.37
MARUTI,EQ,2023-09-06,"10,262.10","10,260.00","10,260.00","10,130.15","10,225.00","10,178.85","10,173.32","6,63,758","6,75,26,22,890.15","64,328","4,61,631",69.55
MARUTI,EQ,2023-09-07,"10,178.85","10,150.00","10,300.90","10,150.00","10,293.00","10,280.75","10,242.15","4,45,805","4,56,60,00,264.20","55,113","2,29,976",51.59
MARUTI,EQ,2023-09-08,"10,280.75","10,399.00","10,400.00","10,300.00","10,345.00","10,332.00","10,349.04","4,39,721","4,55,06,89,814.80","54,561","2,41,002",54.81
MARUTI,EQ,2023-09-11,"10,332.00","10,345.00","10,550.00","10,344.00","10,540.00","10,533.85","10,488.38","5,98,050","6,27,25,77,462.75","72,835","3,61,220",60.4
MARUTI,EQ,2023-09-12,"10,533.85","10,544.00","10,568.40","10,405.00","10,500.00","10,503.60","10,483.48","5,68,773","5,96,27,17,891.80","67,867","3,46,098",60.85
MARUTI,EQ,2023-09-13,"10,503.60","10,500.00","10,536.40","10,440.00","10,461.00","10,473.40","10,468.27","3,01,707","3,15,83,51,626.85","55,384","1,90,739",63.22
MARUTI,EQ,2023-09-14,"10,473.40","10,465.05","10,580.00","10,431.05","10,478.35","10,488.15","10,501.76","5,01,196","5,26,34,40,185.80","71,988","2,76,157",55.1
MARUTI,EQ,2023-09-15,"10,488.15","10,489.30","10,550.00","10,477.40","10,534.55","10,525.25","10,523.66","5,44,616","5,73,13,55,495.75","81,999","3,85,532",70.79
MARUTI,EQ,2023-09-18,"10,525.25","10,500.05","10,623.65","10,494.05","10,501.00","10,522.10","10,556.60","4,30,213","4,54,15,88,640.95","57,632","2,73,924",63.67
MARUTI,EQ,2023-09-20,"10,522.10","10,494.05","10,494.05","10,337.55","10,342.10","10,346.75","10,392.10","5,45,106","5,66,47,93,346.15","79,042","3,89,006",71.36
MARUTI,EQ,2023-09-21,"10,346.75","10,343.05","10,345.00","10,206.50","10,280.00","10,284.30","10,259.44","5,77,252","5,92,22,80,655.45","85,501","3,57,117",61.87
MARUTI,EQ,2023-09-22,"10,284.30","10,378.00","10,566.75","10,308.45","10,552.60","10,535.15","10,466.18","9,86,206","10,32,18,04,670.75","1,08,106","6,24,489",63.32
MARUTI,EQ,2023-09-25,"10,535.15","10,535.15","10,720.00","10,530.00","10,588.20","10,588.20","10,641.67","7,56,801","8,05,36,25,226.00","73,046","4,24,141",56.04
MARUTI,EQ,2023-09-26,"10,588.20","10,631.90","10,633.95","10,526.55","10,570.00","10,556.65","10,557.15","4,52,503","4,77,71,40,069.85","60,903","3,03,146",66.99
MARUTI,EQ,2023-09-27,"10,556.65","10,550.00","10,706.00","10,525.00","10,690.00","10,680.75","10,603.31","4,58,359","4,86,01,22,315.50","62,792","2,80,572",61.21
MARUTI,EQ,2023-09-28,"10,680.75","10,650.50","10,705.00","10,532.05","10,575.00","10,565.35","10,617.43","5,98,144","6,35,07,50,171.45","62,570","3,53,654",59.13
MARUTI,EQ,2023-09-29,"10,565.35","10,541.00","10,705.50","10,510.55","10,586.70","10,610.60","10,627.03","4,81,725","5,11,93,08,066.20","53,397","1,76,437",36.63
MARUTI,EQ,2023-10-03,"10,610.60","10,709.80","10,709.80","10,303.30","10,327.00","10,346.90","10,381.57","6,23,006","6,46,77,81,468.80","91,323","3,78,655",60.78
MARUTI,EQ,2023-10-04,"10,346.90","10,283.90","10,283.90","10,090.00","10,144.00","10,129.85","10,146.41","4,07,793","4,13,76,35,895.95","58,666","2,00,865",49.26
MARUTI,EQ,2023-10-05,"10,129.85","10,181.95","10,270.95","10,109.00","10,262.10","10,210.15","10,178.13","3,77,196","3,83,91,50,700.60","78,362","1,71,918",45.58
MARUTI,EQ,2023-10-06,"10,210.15","10,283.00","10,332.95","10,260.00","10,300.00","10,302.05","10,299.91","3,35,700","3,45,76,79,741.95","51,566","1,94,753",58.01
MARUTI,EQ,2023-10-09,"10,302.05","10,250.00","10,334.40","10,183.95","10,226.00","10,244.80","10,260.09","2,30,083","2,36,06,72,534.35","42,675","1,18,303",51.42
MARUTI,EQ,2023-10-10,"10,244.80","10,290.00","10,417.00","10,270.10","10,349.95","10,375.00","10,375.13","3,48,342","3,61,40,92,378.40","45,964","1,89,762",54.48
MARUTI,EQ,2023-10-11,"10,375.00","10,349.95","10,440.00","10,340.05","10,408.25","10,412.10","10,407.00","1,93,526","2,01,40,25,370.35","33,960","95,030",49.1
MARUTI,EQ,2023-10-12,"10,412.10","10,460.00","10,624.55","10,420.20","10,595.00","10,580.90","10,553.58","5,69,237","6,00,74,87,869.60","70,391","2,40,752",42.29
MARUTI,EQ,2023-10-13,"10,580.90","10,534.05","10,745.05","10,529.80","10,738.00","10,727.55","10,668.82","6,25,954","6,67,81,88,714.55","81,089","3,30,609",52.82
MARUTI,EQ,2023-10-16,"10,727.55","10,729.95","10,810.85","10,665.00","10,702.00","10,704.50","10,727.79","3,04,196","3,26,33,50,555.70","46,774","1,45,662",47.88
MARUTI,EQ,2023-10-17,"10,704.50","10,730.00","10,797.85","10,565.30","10,720.05","10,750.80","10,720.02","4,74,718","5,08,89,88,778.80","58,873","2,21,261",46.61
MARUTI,EQ,2023-10-18,"10,750.80","10,755.00","10,809.85","10,711.05","10,775.00","10,788.45","10,771.47","2,67,435","2,88,06,67,676.70","49,701","1,27,826",47.8
MARUTI,EQ,2023-10-19,"10,788.45","10,700.00","10,798.70","10,700.00","10,782.20","10,771.70","10,763.76","2,86,284","3,08,14,92,837.95","58,678","1,31,677",46.0
MARUTI,EQ,2023-10-20,"10,771.70","10,763.10","10,799.00","10,695.70","10,716.00","10,725.65","10,745.54","2,32,512","2,49,84,67,832.45","53,000","1,17,417",50.5
MARUTI,EQ,2023-10-23,"10,725.65","10,681.00","10,724.65","10,530.45","10,587.50","10,553.65","10,606.83","2,27,925","2,41,75,62,818.05","35,941","1,14,015",50.02
MARUTI,EQ,2023-10-25,"10,553.65","10,520.00","10,647.45","10,501.60","10,620.00","10,588.85","10,586.22","4,01,105","4,24,61,85,516.65","66,487","2,25,465",56.21
MARUTI,EQ,2023-10-26,"10,588.85","10,539.00","10,594.00","10,392.50","10,411.00","10,424.15","10,461.87","5,06,129","5,29,50,57,074.45","1,00,714","2,90,069",57.31
MARUTI,EQ,2023-10-27,"10,424.15","10,440.05","10,845.00","10,440.00","10,535.00","10,560.70","10,665.75","11,16,713","11,91,05,77,273.75","1,35,498","4,86,228",43.54
MARUTI,EQ,2023-10-30,"10,560.70","10,700.00","10,700.00","10,245.00","10,399.00","10,397.70","10,427.57","9,91,168","10,33,54,70,460.50","1,31,977","4,76,045",48.03
MARUTI,EQ,2023-10-31,"10,397.70","10,490.00","10,490.00","10,321.00","10,390.00","10,392.30","10,411.82","4,39,996","4,58,11,57,843.30","66,003","2,21,270",50.29
MARUTI,EQ,2023-11-01,"10,392.30","10,390.10","10,422.20","10,188.65","10,209.70","10,227.75","10,272.86","6,99,116","7,18,19,23,305.55","1,01,963","3,66,444",52.42
MARUTI,EQ,2023-11-02,"10,227.75","10,290.30","10,345.00","10,201.00","10,318.00","10,303.60","10,274.45","5,69,194","5,84,81,54,699.55","79,562","3,19,372",56.11
MARUTI,EQ,2023-11-03,"10,303.60","10,318.00","10,370.00","10,241.00","10,285.05","10,276.30","10,297.15","5,17,582","5,32,96,19,809.95","65,712","3,47,646",67.17
MARUTI,EQ,2023-11-06,"10,276.30","10,338.95","10,338.95","10,252.00","10,289.00","10,284.85","10,286.44","4,90,459","5,04,50,77,478.20","64,956","3,52,640",71.9
MARUTI,EQ,2023-11-07,"10,284.85","10,300.00","10,326.00","10,235.85","10,255.30","10,253.30","10,281.51","2,64,935","2,72,39,31,147.95","42,546","1,55,458",58.68
MARUTI,EQ,2023-11-08,"10,253.30","10,320.00","10,340.45","10,260.60","10,321.00","10,322.30","10,310.09","2,87,006","2,95,90,56,566.70","48,752","1,78,184",62.08
MARUTI,EQ,2023-11-09,"10,322.30","10,349.95","10,449.60","10,316.75","10,401.00","10,400.35","10,401.96","3,10,536","3,23,01,83,156.75","54,605","96,055",30.93
MARUTI,EQ,2023-11-10,"10,400.35","10,375.00","10,416.40","10,320.00","10,395.00","10,388.80","10,376.76","2,06,395","2,14,17,11,755.25","33,950","99,929",48.42
MARUTI,EQ,2023-11-12,"10,388.80","10,450.00","10,495.00","10,415.15","10,430.00","10,431.40","10,434.43","27,259","28,44,32,241.90","4,730","10,881",39.92
MARUTI,EQ,2023-11-13,"10,431.40","10,429.00","10,429.00","10,363.65","10,400.30","10,398.40","10,395.10","2,61,891","2,72,23,82,260.65","24,477","1,85,797",70.94
MARUTI,EQ,2023-11-15,"10,398.40","10,497.00","10,497.00","10,375.05","10,463.80","10,456.05","10,425.13","4,36,538","4,55,09,67,038.65","57,181","3,28,810",75.32
MARUTI,EQ,2023-11-16,"10,456.05","10,480.00","10,543.70","10,409.20","10,490.00","10,484.50","10,482.19","4,88,715","5,12,28,04,615.85","78,115","2,98,077",60.99
MARUTI,EQ,2023-11-17,"10,484.50","10,500.00","10,606.80","10,499.15","10,529.35","10,523.50","10,545.91","4,03,772","4,25,81,44,712.40","67,287","2,30,322",57.04
MARUTI,EQ,2023-11-20,"10,523.50","10,500.00","10,593.35","10,500.00","10,568.00","10,566.25","10,554.12","2,34,246","2,47,22,61,189.80","34,745","1,44,255",61.58
MARUTI,EQ,2023-11-21,"10,566.25","10,619.00","10,619.00","10,500.00","10,537.00","10,535.15","10,538.17","3,12,242","3,29,04,59,127.25","41,565","2,23,044",71.43
MARUTI,EQ,2023-11-22,"10,535.15","10,550.00","10,551.25","10,420.00","10,490.00","10,494.55","10,473.07","3,78,891","3,96,81,53,782.55","59,972","2,74,404",72.42
MARUTI,EQ,2023-11-23,"10,494.55","10,487.80","10,525.00","10,394.05","10,490.00","10,488.50","10,455.13","4,53,820","4,74,47,46,938.45","89,410","2,83,876",62.55
MARUTI,EQ,2023-11-24,"10,488.50","10,505.95","10,566.50","10,462.00","10,481.00","10,515.65","10,514.92","3,80,306","3,99,88,87,577.90","50,988","2,28,085",59.97
MARUTI,EQ,2023-11-28,"10,515.65","10,539.95","10,556.40","10,506.00","10,535.00","10,537.55","10,531.85","2,68,026","2,82,28,09,045.50","57,657","1,75,794",65.59
MARUTI,EQ,2023-11-29,"10,537.55","10,570.00","10,634.55","10,525.70","10,580.00","10,599.25","10,566.92","3,43,341","3,62,80,55,916.15","51,944","2,07,587",60.46
MARUTI,EQ,2023-11-30,"10,599.25","10,581.00","10,649.00","10,546.10","10,625.00","10,608.70","10,595.76","6,65,660","7,05,31,73,745.25","70,689","4,76,437",71.57
MARUTI,EQ,2023-12-01,"10,608.70","10,608.00","10,759.00","10,533.05","10,559.00","10,585.70","10,654.73","5,91,519","6,30,24,72,707.80","71,261","2,35,787",39.86
MARUTI,EQ,2023-12-04,"10,585.70","10,695.00","10,695.10","10,425.00","10,593.00","10,599.45","10,537.27","6,25,235","6,58,82,71,133.25","1,01,101","3,57,310",57.15
MARUTI,EQ,2023-12-05,"10,599.45","10,650.90","10,770.00","10,563.40","10,700.00","10,721.90","10,692.55","5,80,996","6,21,23,26,239.00","84,880","3,48,854",60.04
MARUTI,EQ,2023-12-06,"10,721.90","10,721.90","10,748.95","10,590.00","10,615.00","10,625.75","10,660.78","4,64,163","4,94,83,40,822.00","96,899","3,10,194",66.83
MARUTI,EQ,2023-12-07,"10,625.75","10,790.00","10,932.85","10,635.00","10,690.00","10,696.65","10,751.25","7,04,413","7,57,33,19,990.35","89,617","3,42,156",48.57
MARUTI,EQ,2023-12-08,"10,696.65","10,730.00","10,748.00","10,551.00","10,628.80","10,618.55","10,626.93","5,48,373","5,82,75,19,818.75","1,03,497","3,23,495",58.99
MARUTI,EQ,2023-12-11,"10,618.55","10,630.00","10,638.00","10,500.05","10,554.65","10,541.75","10,567.15","5,79,749","6,12,62,96,682.05","80,626","4,37,521",75.47
MARUTI,EQ,2023-12-12,"10,541.75","10,620.00","10,624.00","10,301.10","10,350.00","10,338.40","10,443.84","10,88,687","11,37,00,75,446.40","1,47,099","8,12,602",74.64
MARUTI,EQ,2023-12-13,"10,338.40","10,360.00","10,412.90","10,260.00","10,408.00","10,380.05","10,335.43","6,03,469","6,23,71,10,090.75","88,899","3,96,787",65.75
MARUTI,EQ,2023-12-14,"10,380.05","10,440.00","10,495.00","10,312.30","10,370.65","10,353.20","10,360.25","6,35,475","6,58,36,77,888.75","1,25,161","4,45,006",70.03
MARUTI,EQ,2023-12-15,"10,353.20","10,459.00","10,476.75","9,832.60","10,297.40","10,286.40","10,266.04","12,44,681","12,77,79,40,480.90","1,80,830","7,04,622",56.61
MARUTI,EQ,2023-12-18,"10,286.40","10,295.00","10,350.90","10,226.20","10,310.00","10,319.60","10,293.03","6,52,498","6,71,61,79,657.25","1,09,012","4,69,476",71.95
MARUTI,EQ,2023-12-19,"10,319.60","10,319.60","10,377.00","10,206.20","10,238.50","10,233.60","10,250.80","5,85,734","6,00,42,39,635.55","91,728","4,25,026",72.56
MARUTI,EQ,2023-12-20,"10,233.60","10,240.00","10,309.05","9,990.00","10,050.00","10,081.25","10,182.40","9,64,051","9,81,63,57,097.50","1,57,086","6,34,857",65.85
MARUTI,EQ,2023-12-21,"10,081.25","10,000.00","10,099.25","9,900.00","10,035.00","10,012.85","10,021.63","7,39,806","7,41,40,61,141.90","1,34,363","4,71,003",63.67
MARUTI,EQ,2023-12-22,"10,012.85","10,050.00","10,318.30","10,030.00","10,214.70","10,217.15","10,207.12","6,52,545","6,66,06,04,500.60","1,06,029","2,79,512",42.83
MARUTI,EQ,2023-12-26,"10,217.15","10,270.00","10,281.20","10,114.70","10,277.00","10,270.65","10,222.88","3,95,273","4,04,08,26,646.20","52,448","1,96,875",49.81
MARUTI,EQ,2023-12-27,"10,270.65","10,286.00","10,305.35","10,230.00","10,280.05","10,288.50","10,266.37","3,97,675","4,08,26,80,440.85","66,502","2,67,614",67.29
MARUTI,EQ,2023-12-28,"10,288.50","10,310.95","10,310.95","10,187.00","10,283.00","10,271.60","10,253.57","5,84,234","5,99,04,83,486.05","1,70,259","3,95,572",67.71
MARUTI,EQ,2023-12-29,"10,271.60","10,280.45","10,396.65","10,273.00","10,301.85","10,302.35","10,326.68","7,05,227","7,28,26,51,423.25","1,12,561","4,64,796",65.91
MARUTI,EQ,2024-01-01,"10,302.35","10,345.00","10,345.00","10,214.65","10,270.00","10,283.30","10,274.79","4,11,724","4,23,03,79,485.40","58,748","2,55,206",61.98
MARUTI,EQ,2024-01-02,"10,283.30","10,283.30","10,294.70","10,151.05","10,190.00","10,197.75","10,202.56","7,76,837","7,92,57,27,784.70","1,21,457","5,64,333",72.64
MARUTI,EQ,2024-01-03,"10,197.75","10,200.00","10,210.00","10,065.00","10,068.00","10,077.65","10,101.72","5,21,046","5,26,34,60,733.35","90,507","3,80,089",72.95
MARUTI,EQ,2024-01-04,"10,077.65","10,100.00","10,120.00","9,985.55","9,995.00","10,015.30","10,012.71","7,11,733","7,12,63,74,356.90","1,30,325","5,29,829",74.44
MARUTI,EQ,2024-01-05,"10,015.30","10,010.65","10,075.00","9,970.00","10,000.00","10,017.00","10,008.08","6,73,131","6,73,67,50,766.65","1,05,880","4,68,881",69.66
MARUTI,EQ,2024-01-08,"10,017.00","10,005.00","10,128.95","9,911.90","9,951.00","9,946.70","9,984.92","6,00,153","5,99,24,78,656.65","1,03,108","4,16,366",69.38
MARUTI,EQ,2024-01-09,"9,946.70","9,975.00","10,042.65","9,890.00","10,035.00","10,024.10","9,973.98","6,66,469","6,64,73,51,361.70","86,922","4,25,129",63.79
MARUTI,EQ,2024-01-10,"10,024.10","10,049.95","10,050.75","9,950.00","9,994.00","10,010.20","10,004.80","4,81,699","4,81,93,02,152.40","63,008","3,19,882",66.41
MARUTI,EQ,2024-01-11,"10,010.20","10,025.10","10,124.10","10,000.00","10,010.00","10,011.10","10,056.45","10,24,815","10,30,60,01,328.75","1,26,184","7,54,073",73.58
MARUTI,EQ,2024-01-12,"10,011.10","10,025.00","10,044.95","9,935.95","9,970.00","9,965.65","9,971.01","8,50,190","8,47,72,54,762.80","1,02,727","6,05,716",71.24
MARUTI,EQ,2024-01-15,"9,965.65","9,985.10","10,098.80","9,948.00","10,088.00","10,086.90","10,023.92","4,63,380","4,64,48,85,147.75","68,460","2,98,046",64.32
MARUTI,EQ,2024-01-16,"10,086.90","10,086.85","10,240.00","10,060.00","10,195.85","10,183.55","10,187.24","5,36,823","5,46,87,47,111.50","59,152","2,67,449",49.82
MARUTI,EQ,2024-01-17,"10,183.55","10,124.00","10,161.80","9,996.45","10,000.00","10,051.70","10,070.60","6,10,250","6,14,55,84,008.40","72,635","3,74,562",61.38
MARUTI,EQ,2024-01-18,"10,051.70","9,946.05","10,050.00","9,737.65","9,918.00","9,924.50","9,920.10","6,14,860","6,09,94,70,047.30","1,07,833","3,49,965",56.92
MARUTI,EQ,2024-01-19,"9,924.50","9,960.00","10,051.65","9,949.05","10,050.00","10,037.70","10,014.13","3,77,018","3,77,55,07,917.50","75,518","2,43,025",64.46
MARUTI,EQ,2024-01-20,"10,037.70","10,037.70","10,067.00","9,938.95","9,971.00","9,972.55","10,000.49","92,601","92,60,54,991.20","18,605","27,604",29.81
MARUTI,EQ,2024-01-23,"9,972.55","9,862.00","9,973.00","9,832.10","9,860.00","9,860.45","9,902.81","9,56,269","9,46,97,50,914.85","1,29,308","7,08,076",74.05
MARUTI,EQ,2024-01-24,"9,860.45","9,860.00","10,000.00","9,755.00","9,950.00","9,988.20","9,892.98","4,59,092","4,54,17,86,784.95","84,208","3,04,267",66.28
MARUTI,EQ,2024-01-25,"9,988.20","9,988.20","9,999.80","9,816.55","9,879.75","9,881.00","9,888.25","7,18,817","7,10,78,40,601.25","1,07,441","5,24,979",73.03
MARUTI,EQ,2024-01-29,"9,881.00","9,931.15","10,035.00","9,875.05","9,990.00","9,991.40","9,992.75","4,46,516","4,46,19,22,561.20","75,414","2,98,669",66.89
MARUTI,EQ,2024-01-30,"9,991.40","10,010.85","10,033.50","9,931.50","9,950.00","9,951.65","9,984.28","3,99,869","3,99,24,02,870.35","70,659","2,27,767",56.96
MARUTI,EQ,2024-01-31,"9,951.65","9,959.30","10,235.60","9,913.00","10,161.05","10,186.90","10,118.24","9,97,024","10,08,81,25,611.35","1,30,672","4,87,329",48.88
MARUTI,EQ,2024-02-01,"10,186.90","10,210.00","10,699.80","10,204.00","10,603.20","10,637.95","10,554.38","18,69,594","19,73,24,02,602.60","2,30,650","8,20,758",43.9
MARUTI,EQ,2024-02-02,"10,637.95","10,598.00","10,711.60","10,540.40","10,630.00","10,655.45","10,645.38","8,14,940","8,67,53,42,978.90","1,22,140","4,79,402",58.83
MARUTI,EQ,2024-02-05,"10,655.45","10,602.00","10,759.95","10,400.00","10,429.50","10,428.55","10,547.46","3,65,105","3,85,09,31,249.35","66,523","1,92,693",52.78
MARUTI,EQ,2024-02-06,"10,428.55","10,499.95","10,856.75","10,458.00","10,830.00","10,844.85","10,739.93","8,29,040","8,90,38,33,889.60","1,01,664","4,85,430",58.55
MARUTI,EQ,2024-02-07,"10,844.85","10,860.00","10,973.50","10,786.80","10,920.00","10,935.70","10,881.92","5,60,808","6,10,26,67,386.20","85,035","3,34,359",59.62
MARUTI,EQ,2024-02-08,"10,935.70","10,951.00","10,951.00","10,689.95","10,745.00","10,743.90","10,760.89","5,57,082","5,99,46,96,014.20","83,365","2,45,010",43.98
MARUTI,EQ,2024-02-09,"10,743.90","10,711.25","10,770.00","10,611.10","10,710.00","10,732.85","10,715.08","6,45,489","6,91,64,64,211.60","1,07,179","3,98,713",61.77
MARUTI,EQ,2024-02-12,"10,732.85","10,700.00","10,748.95","10,650.05","10,707.00","10,709.70","10,706.58","1,90,655","2,04,12,63,487.85","39,408","1,01,401",53.19
MARUTI,EQ,2024-02-13,"10,709.70","10,730.00","10,830.00","10,640.15","10,803.35","10,794.50","10,769.31","3,97,979","4,28,59,57,291.65","65,269","2,46,260",61.88
MARUTI,EQ,2024-02-14,"10,794.50","10,705.00","11,050.00","10,703.40","11,040.00","11,027.95","10,907.02","3,54,676","3,86,84,58,664.90","54,121","1,77,113",49.94
MARUTI,EQ,2024-02-15,"11,027.95","11,040.00","11,133.00","10,980.00","11,064.75","11,090.25","11,060.09","4,47,248","4,94,66,03,223.80","69,002","2,54,694",56.95
MARUTI,EQ,2024-02-16,"11,090.25","11,120.00","11,480.00","11,098.00","11,298.65","11,380.40","11,369.57","7,16,486","8,14,61,41,193.75","1,02,807","3,22,698",45.04
MARUTI,EQ,2024-02-19,"11,380.40","11,380.40","11,613.05","11,333.05","11,512.00","11,483.35","11,483.63","5,81,383","6,67,63,86,291.85","69,356","3,45,574",59.44
MARUTI,EQ,2024-02-20,"11,483.35","11,440.00","11,479.95","11,315.85","11,415.00","11,446.45","11,416.42","3,55,044","4,05,33,33,068.60","47,449","2,02,811",57.12
MARUTI,EQ,2024-02-21,"11,446.45","11,456.00","11,521.00","11,370.00","11,450.20","11,465.85","11,444.25","3,48,461","3,98,78,75,374.85","69,878","1,81,847",52.19
MARUTI,EQ,2024-02-22,"11,465.85","11,500.00","11,695.00","11,391.25","11,695.00","11,657.80","11,564.40","5,84,406","6,75,83,03,125.80","1,01,222","3,07,819",52.67
MARUTI,EQ,2024-02-23,"11,657.80","11,704.95","11,720.00","11,475.20","11,520.00","11,535.60","11,579.16","4,72,884","5,47,56,01,069.75","73,897","2,62,090",55.42
MARUTI,EQ,2024-02-26,"11,535.60","11,505.00","11,533.95","11,416.45","11,473.05","11,467.00","11,481.35","2,77,700","3,18,83,69,777.35","45,051","1,63,163",58.76
MARUTI,EQ,2024-02-27,"11,467.00","11,415.00","11,562.90","11,384.25","11,456.15","11,500.65","11,475.98","3,07,585","3,52,98,39,746.10","49,386","1,72,800",56.18
MARUTI,EQ,2024-02-28,"11,500.65","11,471.00","11,498.95","11,130.00","11,160.00","11,152.80","11,276.73","3,58,812","4,04,62,26,321.85","60,022","1,88,173",52.44
MARUTI,EQ,2024-02-29,"11,152.80","11,155.00","11,349.00","11,129.50","11,300.00","11,288.35","11,278.93","9,43,841","10,64,55,17,435.90","87,508","6,53,512",69.24
MARUTI,EQ,2024-03-01,"11,288.35","11,295.00","11,675.00","11,295.00","11,635.15","11,620.95","11,524.30","4,87,355","5,61,64,27,564.25","79,404","2,84,425",58.36
MARUTI,EQ,2024-03-02,"11,620.95","11,650.00","11,679.95","11,530.70","11,545.00","11,567.20","11,605.30","16,113","18,69,96,160.50","3,154","7,597",47.15
MARUTI,EQ,2024-03-04,"11,567.20","11,600.00","11,677.30","11,544.15","11,597.00","11,594.15","11,593.19","3,69,936","4,28,87,38,837.50","56,575","2,59,069",70.03
MARUTI,EQ,2024-03-05,"11,594.15","11,596.05","11,730.00","11,561.80","11,682.00","11,670.60","11,652.20","3,20,702","3,73,68,83,368.25","53,127","1,80,268",56.21
MARUTI,EQ,2024-03-06,"11,670.60","11,670.60","11,679.00","11,518.40","11,577.85","11,567.05","11,581.33","6,39,542","7,40,67,44,061.20","59,593","4,94,472",77.32
MARUTI,EQ,2024-03-07,"11,567.05","11,571.05","11,633.50","11,421.15","11,504.55","11,510.05","11,521.69","2,55,325","2,94,17,75,830.90","49,633","1,28,237",50.23
MARUTI,EQ,2024-03-11,"11,510.05","11,515.15","11,555.90","11,350.05","11,400.00","11,395.55","11,419.11","5,25,344","5,99,89,63,418.35","73,992","3,84,299",73.15
MARUTI,EQ,2024-03-12,"11,395.55","11,400.00","11,575.90","11,381.00","11,502.00","11,509.90","11,504.19","2,83,816","3,26,50,73,047.55","57,764","1,33,081",46.89
MARUTI,EQ,2024-03-13,"11,509.90","11,510.00","11,554.85","11,267.60","11,397.35","11,390.15","11,381.49","3,85,204","4,38,41,94,903.05","74,934","2,26,103",58.7
MARUTI,EQ,2024-03-14,"11,390.15","11,401.75","11,460.00","11,302.05","11,374.00","11,404.60","11,401.41","5,23,058","5,96,35,99,571.85","87,175","2,87,384",54.94
MARUTI,EQ,2024-03-15,"11,404.60","11,380.00","11,521.05","11,314.05","11,392.00","11,476.65","11,442.14","9,72,333","11,12,55,72,703.55","1,18,142","6,85,183",70.47
MARUTI,EQ,2024-03-18,"11,476.65","11,436.65","11,665.40","11,366.30","11,630.00","11,636.30","11,518.27","3,11,049","3,58,27,46,048.05","49,651","1,82,763",58.76
MARUTI,EQ,2024-03-19,"11,636.30","11,542.10","11,679.95","11,456.15","11,592.45","11,597.05","11,570.35","4,09,259","4,73,52,69,810.60","64,104","2,50,597",61.23
MARUTI,EQ,2024-03-20,"11,597.05","11,651.15","12,025.00","11,651.15","11,925.25","11,941.15","11,931.75","10,31,037","12,30,20,75,906.50","1,49,226","5,20,820",50.51
MARUTI,EQ,2024-03-21,"11,941.15","11,999.00","12,000.00","11,825.35","11,897.90","11,908.15","11,909.11","5,44,311","6,48,22,57,651.95","93,682","2,86,921",52.71
MARUTI,EQ,2024-03-22,"11,908.15","11,890.05","12,427.30","11,890.05","12,304.00","12,337.70","12,231.52","10,62,263","12,99,30,89,605.70","1,58,758","4,48,499",42.22
MARUTI,EQ,2024-03-26,"12,337.70","12,285.55","12,321.90","12,141.20","12,285.70","12,250.55","12,246.13","5,07,568","6,21,57,42,733.55","83,198","2,75,104",54.2
MARUTI,EQ,2024-03-27,"12,250.55","12,290.00","12,722.70","12,285.70","12,560.00","12,510.35","12,558.32","8,78,986","11,03,85,84,403.15","1,31,094","3,74,449",42.6
MARUTI,EQ,2024-03-28,"12,510.35","12,569.95","12,726.80","12,385.50","12,607.00","12,600.35","12,581.50","8,60,324","10,82,41,66,248.25","1,40,600","3,91,816",45.54
MARUTI,EQ,2024-04-01,"12,600.35","12,613.35","12,689.00","12,506.15","12,595.35","12,569.60","12,589.00","3,14,676","3,96,14,57,536.20","54,715","1,41,125",44.85
MARUTI,EQ,2024-04-02,"12,569.60","12,624.95","12,648.00","12,462.25","12,540.90","12,552.45","12,537.96","3,33,508","4,18,15,09,273.65","46,838","1,44,143",43.22
MARUTI,EQ,2024-04-03,"12,552.45","12,450.00","12,525.50","12,412.55","12,450.00","12,427.85","12,460.56","2,71,935","3,38,84,62,032.10","54,532","1,41,592",52.07
MARUTI,EQ,2024-04-04,"12,427.85","12,490.00","12,649.00","12,318.05","12,570.00","12,567.25","12,479.53","4,91,166","6,12,95,21,883.55","1,04,953","1,66,440",33.89
MARUTI,EQ,2024-04-05,"12,567.25","12,492.00","12,557.90","12,384.50","12,424.15","12,421.60","12,457.94","2,31,600","2,88,52,58,331.45","44,321","95,401",41.19
MARUTI,EQ,2024-04-08,"12,421.60","12,450.00","12,927.65","12,450.00","12,835.05","12,865.10","12,797.32","5,70,422","7,29,98,75,492.15","95,474","2,51,521",44.09
MARUTI,EQ,2024-04-09,"12,865.10","12,865.10","12,985.70","12,780.00","12,868.25","12,888.00","12,884.82","3,14,466","4,05,18,37,111.50","64,082","1,11,459",35.44
MARUTI,EQ,2024-04-10,"12,888.00","12,933.00","12,958.00","12,600.90","12,675.00","12,682.75","12,734.87","4,64,239","5,91,20,23,282.40","75,887","2,14,024",46.1
MARUTI,EQ,2024-04-12,"12,682.75","12,660.00","12,660.00","12,225.00","12,269.00","12,266.55","12,432.13","9,73,366","12,10,10,14,755.30","1,59,549","5,73,411",58.91
MARUTI,EQ,2024-04-15,"12,266.55","12,199.50","12,510.00","12,032.95","12,410.00","12,422.85","12,308.01","8,31,257","10,23,11,21,977.70","1,30,235","3,69,251",44.42
MARUTI,EQ,2024-04-16,"12,422.85","12,308.00","12,549.90","12,275.35","12,510.00","12,502.70","12,458.12","5,79,183","7,21,55,33,288.35","1,00,252","2,90,341",50.13
MARUTI,EQ,2024-04-18,"12,502.70","12,570.00","12,602.00","12,320.05","12,420.00","12,405.00","12,499.91","6,79,117","8,48,89,04,261.25","1,37,181","3,35,326",49.38
MARUTI,EQ,2024-04-19,"12,405.00","12,399.90","12,759.40","12,225.00","12,690.00","12,710.95","12,508.19","6,35,535","7,94,93,92,946.75","1,06,592","2,10,181",33.07
MARUTI,EQ,2024-04-22,"12,710.95","12,783.15","12,879.15","12,659.00","12,798.95","12,785.50","12,781.92","3,42,212","4,37,41,26,526.45","54,006","1,43,827",42.03
MARUTI,EQ,2024-04-23,"12,785.50","12,845.00","13,024.50","12,776.30","12,975.00","12,996.25","12,919.70","3,97,281","5,13,27,50,795.35","56,174","1,78,167",44.85
MARUTI,EQ,2024-04-24,"12,996.25","13,000.00","13,073.95","12,900.00","12,905.00","12,944.05","12,985.22","2,96,364","3,84,83,50,962.55","55,824","1,23,947",41.82
MARUTI,EQ,2024-04-25,"12,944.05","12,964.00","12,980.70","12,740.35","12,906.85","12,922.50","12,864.09","6,40,725","8,24,23,45,878.60","1,09,507","2,71,137",42.32
MARUTI,EQ,2024-04-26,"12,922.50","12,922.00","13,045.00","12,660.00","12,760.00","12,703.35","12,806.25","7,04,626","9,02,36,17,924.10","1,22,451","2,95,984",42.01
MARUTI,EQ,2024-04-29,"12,703.35","12,800.05","12,994.80","12,603.00","12,698.05","12,689.85","12,727.29","6,13,937","7,81,37,55,770.95","97,692","2,29,079",37.31
MARUTI,EQ,2024-04-30,"12,689.85","12,786.00","12,996.00","12,740.20","12,800.00","12,817.50","12,868.49","5,28,776","6,80,45,48,414.40","82,164","2,38,097",45.03
MARUTI,EQ,2024-05-02,"12,817.50","12,750.00","12,844.15","12,514.80","12,771.00","12,805.35","12,750.93","8,14,923","10,39,10,29,836.10","1,55,560","3,39,143",41.62
MARUTI,EQ,2024-05-03,"12,805.35","12,817.95","12,830.00","12,411.40","12,479.00","12,492.15","12,574.38","8,34,990","10,49,94,83,656.90","1,69,996","4,36,659",52.3
MARUTI,EQ,2024-05-06,"12,492.15","12,550.00","12,646.40","12,372.50","12,455.00","12,439.30","12,494.98","3,42,231","4,27,61,67,937.90","58,057","1,69,861",49.63
MARUTI,EQ,2024-05-07,"12,439.30","12,472.40","12,508.50","12,239.00","12,392.00","12,364.05","12,346.13","6,04,375","7,46,16,92,345.00","48,921","4,43,944",73.46
MARUTI,EQ,2024-05-08,"12,364.05","12,392.00","12,559.95","12,325.00","12,535.40","12,543.55","12,464.20","3,99,669","4,98,15,54,383.90","78,910","1,85,016",46.29
MARUTI,EQ,2024-05-09,"12,543.55","12,540.00","12,739.80","12,436.75","12,516.00","12,504.65","12,573.79","5,04,590","6,34,46,09,244.95","1,12,321","1,97,091",39.06
MARUTI,EQ,2024-05-10,"12,504.65","12,505.00","12,696.95","12,501.00","12,644.00","12,675.50","12,645.80","3,28,670","4,15,62,95,156.25","62,329","1,48,903",45.3
MARUTI,EQ,2024-05-13,"12,675.50","12,660.00","12,708.40","12,477.55","12,695.00","12,673.85","12,590.17","2,81,421","3,54,31,38,173.30","54,359","1,50,916",53.63
MARUTI,EQ,2024-05-14,"12,673.85","12,673.85","12,840.00","12,651.40","12,799.35","12,814.20","12,794.63","3,31,037","4,23,54,96,471.80","61,842","1,80,779",54.61
MARUTI,EQ,2024-05-15,"12,814.20","12,820.00","12,872.40","12,700.00","12,758.50","12,767.30","12,778.57","2,32,030","2,96,50,12,289.30","43,976","1,15,783",49.9
MARUTI,EQ,2024-05-16,"12,767.30","12,848.00","12,848.00","12,300.00","12,492.45","12,497.65","12,468.99","9,14,201","11,39,91,62,154.35","1,70,530","4,48,373",49.05
MARUTI,EQ,2024-05-17,"12,497.65","12,515.15","12,665.90","12,322.30","12,620.00","12,641.50","12,525.57","8,09,226","10,13,60,13,499.80","1,13,646","4,54,950",56.22
MARUTI,EQ,2024-05-18,"12,641.50","12,647.95","12,693.45","12,565.40","12,612.00","12,600.15","12,634.63","17,550","22,17,37,736.80","3,169","7,336",41.8
MARUTI,EQ,2024-05-21,"12,600.15","12,600.15","12,678.90","12,441.80","12,461.65","12,473.30","12,537.02","4,43,136","5,55,56,02,946.15","72,811","2,82,642",63.78
MARUTI,EQ,2024-05-22,"12,473.30","12,427.80","12,563.00","12,363.10","12,522.35","12,531.35","12,495.02","2,80,015","3,49,87,92,302.65","43,004","1,33,784",47.78
MARUTI,EQ,2024-05-23,"12,531.35","12,566.05","12,975.10","12,473.05","12,890.00","12,934.90","12,821.10","7,68,732","9,85,59,92,740.00","1,33,241","3,77,174",49.06
MARUTI,EQ,2024-05-24,"12,934.90","12,865.00","13,034.00","12,811.00","13,000.05","13,000.45","12,966.11","6,24,801","8,10,12,37,980.75","90,903","3,91,968",62.73
MARUTI,EQ,2024-05-27,"13,000.45","13,023.45","13,058.50","12,777.00","12,900.00","12,906.10","12,892.64","4,64,953","5,99,44,71,564.35","63,002","2,68,695",57.79
MARUTI,EQ,2024-05-28,"12,906.10","12,890.00","12,985.95","12,800.25","12,812.00","12,818.60","12,884.62","3,33,806","4,30,09,62,222.00","49,739","1,94,333",58.22
MARUTI,EQ,2024-05-29,"12,818.60","12,818.00","12,850.05","12,750.00","12,780.00","12,788.65","12,794.43","3,53,706","4,52,54,67,852.15","48,645","2,21,848",62.72
MARUTI,EQ,2024-05-30,"12,788.65","12,721.00","12,810.00","12,550.00","12,570.00","12,598.00","12,642.41","5,24,559","6,63,16,89,817.05","80,385","3,25,306",62.02
MARUTI,EQ,2024-05-31,"12,598.00","12,598.00","12,633.35","12,330.00","12,425.00","12,399.30","12,458.05","9,08,304","11,31,56,99,332.90","1,07,729","4,57,010",50.31
MARUTI,EQ,2024-06-03,"12,399.30","12,825.00","12,825.00","12,402.55","12,490.00","12,476.15","12,502.27","4,85,936","6,07,53,05,462.15","67,208","2,72,673",56.11
MARUTI,EQ,2024-06-04,"12,476.15","12,596.60","12,597.20","11,561.45","12,204.65","12,176.05","12,190.13","8,25,928","10,06,81,69,077.55","1,21,623","4,43,743",53.73
MARUTI,EQ,2024-06-05,"12,176.05","12,180.00","12,614.10","12,125.10","12,511.55","12,502.60","12,464.87","4,47,581","5,57,90,39,494.65","90,538","2,46,417",55.06
MARUTI,EQ,2024-06-06,"12,502.60","12,511.55","12,690.00","12,468.00","12,684.50","12,673.50","12,617.71","4,47,536","5,64,68,78,338.00","1,02,493","2,18,029",48.72
MARUTI,EQ,2024-06-07,"12,673.50","12,582.35","12,828.00","12,582.35","12,790.00","12,810.90","12,740.77","5,32,480","6,78,42,07,680.00","81,384","2,70,492",50.8
MARUTI,EQ,2024-06-10,"12,810.90","12,765.15","12,920.00","12,627.90","12,741.00","12,717.55","12,737.36","2,93,471","3,73,80,44,824.20","50,300","1,58,331",53.95
MARUTI,EQ,2024-06-11,"12,717.55","12,743.50","12,939.55","12,655.20","12,870.00","12,863.65","12,827.27","3,58,807","4,60,25,13,909.40","56,304","1,85,571",51.72
MARUTI,EQ,2024-06-12,"12,863.65","12,863.65","12,951.60","12,802.00","12,842.55","12,849.35","12,876.73","3,02,719","3,89,80,29,605.35","77,621","1,67,899",55.46
MARUTI,EQ,2024-06-13,"12,849.35","12,940.00","12,940.00","12,739.60","12,840.00","12,846.85","12,824.40","2,97,240","3,81,19,24,108.80","57,819","1,64,586",55.37
MARUTI,EQ,2024-06-14,"12,846.85","12,831.50","12,895.00","12,778.80","12,832.60","12,845.20","12,842.82","2,16,967","2,78,64,67,879.50","39,581","1,17,837",54.31
MARUTI,EQ,2024-06-18,"12,845.20","12,878.40","12,880.00","12,542.05","12,570.00","12,560.95","12,622.35","8,23,306","10,39,20,58,284.80","1,00,425","5,34,932",64.97
MARUTI,EQ,2024-06-19,"12,560.95","12,610.00","12,625.00","12,200.00","12,234.00","12,242.10","12,374.40","6,94,871","8,59,86,13,595.30","1,09,806","4,22,294",60.77
MARUTI,EQ,2024-06-20,"12,242.10","12,246.00","12,305.50","12,135.00","12,160.00","12,149.50","12,191.11","9,07,751","11,06,64,89,820.90","1,12,661","5,82,325",64.15
MARUTI,EQ,2024-06-21,"12,149.50","12,220.00","12,366.25","12,083.50","12,167.00","12,201.50","12,193.95","9,47,800","11,55,74,28,719.30","1,69,905","5,02,043",52.97
MARUTI,EQ,2024-06-24,"12,201.50","12,181.00","12,289.00","12,041.00","12,239.90","12,183.40","12,174.02","5,50,862","6,70,62,03,982.85","77,934","3,29,990",59.9
MARUTI,EQ,2024-06-25,"12,183.40","12,201.40","12,237.80","12,072.05","12,125.00","12,116.60","12,139.33","5,94,272","7,21,40,62,067.25","73,270","4,10,569",69.09
MARUTI,EQ,2024-06-26,"12,116.60","12,117.00","12,323.85","12,067.70","12,199.80","12,198.25","12,214.42","4,47,931","5,47,12,18,119.45","75,918","2,57,820",57.56
MARUTI,EQ,2024-06-27,"12,198.25","12,200.00","12,227.30","12,010.00","12,185.00","12,178.75","12,117.50","12,30,852","14,91,48,46,122.15","2,17,341","7,56,423",61.46
MARUTI,EQ,2024-06-28,"12,178.75","12,184.95","12,201.50","12,004.15","12,025.00","12,033.85","12,102.65","11,60,395","14,04,38,49,352.00","1,39,131","8,88,402",76.56
MARUTI,EQ,2024-07-01,"12,033.85","12,045.00","12,260.00","12,005.55","12,100.00","12,108.65","12,124.61","11,34,926","13,76,05,39,308.15","1,22,841","7,27,688",64.12
MARUTI,EQ,2024-07-02,"12,108.65","12,149.95","12,149.95","11,995.00","12,029.90","12,042.60","12,051.14","6,87,181","8,28,13,11,644.75","67,854","4,83,328",70.33
MARUTI,EQ,2024-07-03,"12,042.60","12,115.00","12,150.00","11,960.00","12,134.00","12,123.65","12,065.45","4,67,532","5,64,09,83,697.50","53,158","2,89,980",62.02
MARUTI,EQ,2024-07-04,"12,123.65","12,135.00","12,210.00","12,071.80","12,080.00","12,089.60","12,118.11","2,99,684","3,63,16,03,542.50","46,273","1,62,638",54.27
MARUTI,EQ,2024-07-05,"12,089.60","12,069.15","12,137.45","12,021.90","12,100.00","12,104.05","12,084.74","4,06,926","4,91,75,96,374.60","75,811","2,46,942",60.68
MARUTI,EQ,2024-07-08,"12,104.05","12,104.00","12,112.00","11,966.00","12,045.00","12,023.60","12,023.51","4,96,933","5,97,48,77,989.65","65,581","3,34,887",67.39
MARUTI,EQ,2024-07-09,"12,023.60","12,325.00","12,959.95","12,264.05","12,807.00","12,827.70","12,709.23","21,14,130","26,86,89,56,638.95","2,44,903","6,06,524",28.69
MARUTI,EQ,2024-07-10,"12,827.70","12,950.05","13,300.00","12,732.65","12,780.25","12,772.80","13,027.14","20,70,520","26,97,29,55,419.45","2,52,066","5,48,805",26.51
MARUTI,EQ,2024-07-11,"12,772.80","12,800.00","12,923.80","12,695.05","12,730.25","12,715.20","12,800.23","6,08,983","7,79,51,19,866.75","1,00,891","2,81,891",46.29
MARUTI,EQ,2024-07-12,"12,715.20","12,620.00","12,669.90","12,475.00","12,599.00","12,562.50","12,578.58","6,74,746","8,48,73,49,609.50","93,175","3,26,738",48.42
MARUTI,EQ,2024-07-15,"12,562.50","12,600.00","12,768.50","12,590.00","12,645.00","12,643.95","12,673.77","6,97,192","8,83,60,54,040.85","79,937","4,20,194",60.27
MARUTI,EQ,2024-07-16,"12,643.95","12,643.00","12,798.00","12,581.75","12,640.00","12,639.55","12,667.60","3,47,810","4,40,59,19,034.55","50,006","1,70,518",49.03
MARUTI,EQ,2024-07-18,"12,639.55","12,633.00","12,680.00","12,463.00","12,651.45","12,644.05","12,593.75","3,91,216","4,92,68,76,858.50","80,921","1,48,094",37.85
MARUTI,EQ,2024-07-19,"12,644.05","12,650.00","12,710.00","12,496.45","12,535.00","12,524.30","12,568.68","3,51,955","4,42,36,09,908.95","55,345","1,70,485",48.44
MARUTI,EQ,2024-07-22,"12,524.30","12,500.00","12,658.95","12,400.05","12,627.00","12,641.25","12,586.14","2,49,631","3,14,18,91,581.95","38,556","1,20,804",48.39
MARUTI,EQ,2024-07-23,"12,641.25","12,720.00","12,734.95","12,360.00","12,625.40","12,629.05","12,617.22","3,32,258","4,19,21,72,299.65","55,901","1,34,716",40.55
MARUTI,EQ,2024-07-24,"12,629.05","12,634.00","12,663.20","12,458.20","12,495.80","12,487.25","12,530.38","2,85,860","3,58,19,34,400.95","46,134","1,36,469",47.74
MARUTI,EQ,2024-07-25,"12,487.25","12,388.05","12,525.00","12,388.05","12,490.00","12,509.20","12,464.52","3,96,789","4,94,57,82,606.90","51,259","2,25,328",56.79
MARUTI,EQ,2024-07-26,"12,509.20","12,470.00","12,743.10","12,389.20","12,670.00","12,663.70","12,601.17","5,37,693","6,77,55,62,946.00","85,479","2,82,768",52.59
MARUTI,EQ,2024-07-29,"12,663.70","12,709.00","12,773.70","12,603.00","12,755.00","12,751.55","12,721.15","3,88,263","4,93,91,52,362.45","61,322","2,25,391",58.05
MARUTI,EQ,2024-07-30,"12,751.55","12,760.00","12,968.80","12,709.90","12,890.00","12,873.65","12,859.85","5,26,539","6,77,12,12,940.35","65,332","2,48,429",47.18
MARUTI,EQ,2024-07-31,"12,873.65","12,980.00","13,375.00","12,895.15","13,375.00","13,115.80","13,029.53","8,36,405","10,89,79,66,962.35","89,369","3,61,247",43.19
MARUTI,EQ,2024-08-01,"13,115.80","13,393.00","13,680.00","13,112.00","13,343.05","13,359.05","13,394.30","20,40,384","27,32,95,05,959.15","2,60,139","6,14,334",30.11
MARUTI,EQ,2024-08-02,"13,359.05","13,126.00","13,174.90","12,673.05","12,697.10","12,726.40","12,826.91","13,33,355","17,10,28,26,826.80","1,56,599","7,48,350",56.13
MARUTI,EQ,2024-08-05,"12,726.40","12,490.00","12,490.00","12,027.65","12,217.00","12,200.85","12,260.73","11,31,415","13,87,19,76,740.75","1,42,652","5,89,150",52.07
MARUTI,EQ,2024-08-06,"12,200.85","12,390.00","12,554.90","12,110.00","12,170.05","12,131.10","12,316.66","6,23,565","7,68,02,40,220.35","88,224","2,71,895",43.6
MARUTI,EQ,2024-08-07,"12,131.10","12,399.00","12,450.00","12,265.90","12,381.00","12,371.50","12,346.46","4,33,514","5,35,23,62,471.20","53,868","2,17,697",50.22
MARUTI,EQ,2024-08-08,"12,371.50","12,371.00","12,392.70","12,152.15","12,219.00","12,218.85","12,250.61","3,58,577","4,39,27,87,988.00","68,340","1,43,129",39.92
MARUTI,EQ,2024-08-09,"12,218.85","12,390.00","12,390.00","12,195.10","12,204.00","12,224.20","12,249.39","3,20,211","3,92,23,89,051.25","47,795","1,66,422",51.97
MARUTI,EQ,2024-08-12,"12,224.20","12,200.00","12,370.00","12,100.00","12,274.75","12,273.25","12,282.70","2,91,212","3,57,68,68,354.40","45,531","1,32,651",45.55
MARUTI,EQ,2024-08-13,"12,273.25","12,337.00","12,340.05","12,122.00","12,143.00","12,176.25","12,234.96","4,64,483","5,68,29,31,890.60","72,377","2,58,354",55.62
MARUTI,EQ,2024-08-14,"12,176.25","12,239.00","12,239.00","12,130.00","12,211.65","12,205.65","12,183.45","4,49,827","5,48,04,45,895.55","59,866","3,08,220",68.52
MARUTI,EQ,2024-08-16,"12,205.65","12,314.95","12,343.95","12,111.00","12,207.55","12,213.30","12,212.04","5,52,732","6,74,99,83,326.90","88,507","3,46,186",62.63
MARUTI,EQ,2024-08-19,"12,213.30","12,195.00","12,244.05","12,126.80","12,145.00","12,149.80","12,172.45","2,77,319","3,37,56,50,716.50","44,336","1,47,408",53.15
MARUTI,EQ,2024-08-20,"12,149.80","12,160.50","12,310.00","12,150.10","12,208.00","12,214.95","12,218.85","4,71,927","5,76,64,07,142.50","43,796","3,15,372",66.83
MARUTI,EQ,2024-08-21,"12,214.95","12,214.95","12,248.95","12,177.05","12,218.05","12,220.95","12,216.72","2,95,984","3,61,59,54,054.30","37,207","1,89,763",64.11
MARUTI,EQ,2024-08-22,"12,220.95","12,280.00","12,325.00","12,181.00","12,305.05","12,276.35","12,244.04","5,01,316","6,13,81,35,178.60","61,928","3,54,068",70.63
MARUTI,EQ,2024-08-23,"12,276.35","12,300.00","12,375.05","12,254.40","12,272.00","12,302.30","12,309.91","4,40,809","5,42,63,17,504.20","57,997","2,23,908",50.79
MARUTI,EQ,2024-08-26,"12,302.30","12,325.00","12,334.50","12,222.00","12,250.05","12,243.80","12,278.48","2,32,805","2,85,84,91,488.55","41,863","1,30,317",55.98
MARUTI,EQ,2024-08-27,"12,243.80","12,245.00","12,530.00","12,225.10","12,478.00","12,496.90","12,419.15","4,77,609","5,93,15,00,002.45","60,523","2,07,442",43.43
MARUTI,EQ,2024-08-28,"12,496.90","12,500.00","12,519.95","12,330.00","12,330.00","12,357.50","12,393.31","3,13,227","3,88,19,18,785.60","48,109","1,65,685",52.9
MARUTI,EQ,2024-08-29,"12,357.50","12,343.00","12,480.00","12,250.00","12,450.00","12,453.80","12,346.29","6,08,598","7,51,39,25,308.00","77,935","3,82,443",62.84
MARUTI,EQ,2024-08-30,"12,453.80","12,460.00","12,570.00","12,316.20","12,461.80","12,403.00","12,413.42","22,71,179","28,19,31,05,736.65","1,13,338","16,70,252",73.54
MARUTI,EQ,2024-09-02,"12,403.00","12,373.00","12,525.00","12,350.40","12,425.00","12,427.40","12,426.24","3,31,514","4,11,94,72,422.30","52,645","1,75,385",52.9
MARUTI,EQ,2024-09-03,"12,427.40","12,474.00","12,474.30","12,359.90","12,390.00","12,397.10","12,409.04","4,45,514","5,52,83,99,620.90","56,211","3,11,256",69.86
MARUTI,EQ,2024-09-04,"12,397.10","12,325.05","12,398.00","12,234.10","12,370.00","12,336.25","12,314.66","7,35,076","9,05,22,08,609.25","79,704","5,18,204",70.5
MARUTI,EQ,2024-09-05,"12,336.25","12,337.00","12,370.00","12,230.00","12,300.00","12,298.60","12,284.88","5,95,865","7,32,01,27,826.35","72,135","4,07,473",68.38
MARUTI,EQ,2024-09-06,"12,298.60","12,250.00","12,304.85","12,094.70","12,251.00","12,186.15","12,176.28","7,33,354","8,92,95,25,991.05","91,896","4,69,265",63.99
MARUTI,EQ,2024-09-09,"12,186.15","12,197.50","12,219.85","12,102.00","12,148.00","12,145.75","12,146.75","4,15,790","5,05,04,97,820.50","52,974","2,64,492",63.61
MARUTI,EQ,2024-09-10,"12,145.75","12,150.10","12,288.05","12,098.00","12,278.90","12,263.40","12,185.57","2,85,122","3,47,43,73,260.35","47,400","1,61,714",56.72
MARUTI,EQ,2024-09-11,"12,263.40","12,260.00","12,334.00","12,165.00","12,260.55","12,242.60","12,254.75","3,49,799","4,28,66,97,621.25","59,970","2,00,266",57.25
MARUTI,EQ,2024-09-12,"12,242.60","12,262.10","12,427.00","12,151.35","12,375.00","12,400.85","12,292.95","5,47,830","6,73,44,45,068.95","78,307","3,15,251",57.55
MARUTI,EQ,2024-09-13,"12,400.85","12,365.00","12,395.00","12,291.05","12,308.55","12,316.05","12,326.08","3,61,093","4,45,08,61,000.20","55,312","2,22,239",61.55
MARUTI,EQ,2024-09-16,"12,316.05","12,321.95","12,364.00","12,256.00","12,275.00","12,289.00","12,299.05","1,70,114","2,09,22,40,213.35","26,578","1,05,938",62.27
MARUTI,EQ,2024-09-17,"12,289.00","12,285.00","12,285.00","12,151.65","12,251.25","12,245.75","12,206.81","5,68,161","6,93,54,32,744.50","52,581","4,01,515",70.67
MARUTI,EQ,2024-09-18,"12,245.75","12,240.05","12,337.95","12,170.00","12,170.00","12,204.10","12,248.61","1,82,282","2,23,27,01,567.85","31,562","97,636",53.56
MARUTI,EQ,2024-09-19,"12,204.10","12,259.95","12,410.00","12,206.40","12,329.05","12,351.50","12,343.79","4,65,608","5,74,73,68,310.15","73,078","2,65,761",57.08
MARUTI,EQ,2024-09-20,"12,351.50","12,360.40","12,705.15","12,360.05","12,619.90","12,614.50","12,599.01","8,75,654","11,03,23,73,210.85","1,15,129","3,95,305",45.14
MARUTI,EQ,2024-09-23,"12,614.50","12,625.00","12,749.00","12,625.00","12,667.20","12,683.10","12,691.05","2,35,586","2,98,98,33,690.35","38,677","1,19,837",50.87
MARUTI,EQ,2024-09-24,"12,683.10","12,583.10","12,778.95","12,583.10","12,732.35","12,738.60","12,710.20","4,25,916","5,41,34,77,306.90","59,143","2,57,432",60.44
MARUTI,EQ,2024-09-25,"12,738.60","12,727.25","12,816.20","12,611.00","12,774.75","12,785.30","12,725.35","3,41,172","4,34,15,32,486.05","47,231","1,76,364",51.69
MARUTI,EQ,2024-09-26,"12,785.30","12,835.00","13,411.00","12,830.00","13,358.65","13,383.80","13,239.08","14,71,069","19,47,56,06,621.05","1,84,004","4,66,626",31.72
MARUTI,EQ,2024-09-27,"13,383.80","13,383.00","13,541.65","13,274.45","13,456.60","13,495.60","13,460.91","8,65,698","11,65,30,87,003.85","1,12,769","4,81,296",55.6
MARUTI,EQ,2024-09-30,"13,495.60","13,343.55","13,500.00","13,208.70","13,246.70","13,238.00","13,348.67","4,15,743","5,54,96,16,171.45","67,884","2,10,713",50.68
MARUTI,EQ,2024-10-01,"13,238.00","13,238.00","13,300.45","13,000.05","13,148.00","13,166.00","13,122.30","3,88,888","5,10,31,03,288.50","65,952","2,05,631",52.88
MARUTI,EQ,2024-10-03,"13,166.00","12,941.05","13,148.00","12,592.30","12,699.00","12,647.35","12,779.56","8,63,520","11,03,54,04,864.50","1,51,765","5,66,985",65.66
MARUTI,EQ,2024-10-04,"12,647.35","12,689.90","12,877.85","12,512.50","12,603.00","12,605.75","12,668.27","6,79,362","8,60,63,41,316.75","1,39,069","3,24,062",47.7
MARUTI,EQ,2024-10-07,"12,605.75","12,626.05","12,648.00","12,378.00","12,541.00","12,527.50","12,516.31","4,65,500","5,82,63,42,143.85","72,300","2,65,801",57.1
MARUTI,EQ,2024-10-08,"12,527.50","12,502.25","12,630.10","12,462.05","12,540.05","12,531.95","12,532.18","3,87,060","4,85,07,06,431.10","55,133","2,39,385",61.85
MARUTI,EQ,2024-10-09,"12,531.95","12,554.95","12,850.00","12,540.50","12,741.10","12,760.70","12,744.49","4,65,231","5,92,91,33,201.70","63,644","2,40,086",51.61
MARUTI,EQ,2024-10-10,"12,760.70","12,798.90","12,965.00","12,711.50","12,935.00","12,944.10","12,872.11","4,92,698","6,34,20,63,492.70","1,00,100","2,84,525",57.75
MARUTI,EQ,2024-10-11,"12,944.10","12,944.10","12,980.00","12,725.00","12,792.10","12,776.65","12,834.53","2,74,243","3,51,97,79,381.65","67,576","1,41,961",51.76
MARUTI,EQ,2024-10-14,"12,776.65","12,775.00","12,799.00","12,462.30","12,551.00","12,537.85","12,584.76","4,88,067","6,14,22,04,005.80","82,037","3,18,676",65.29
MARUTI,EQ,2024-10-15,"12,537.85","12,709.00","12,709.00","12,355.00","12,450.00","12,446.75","12,451.12","5,32,135","6,62,56,75,777.60","66,774","3,14,017",59.01
MARUTI,EQ,2024-10-16,"12,446.75","12,414.05","12,454.95","12,231.00","12,367.85","12,383.90","12,332.42","4,18,138","5,15,66,55,371.00","76,630","2,37,199",56.73
MARUTI,EQ,2024-10-17,"12,383.90","12,400.00","12,420.10","12,070.00","12,108.00","12,143.75","12,129.01","8,75,937","10,62,42,47,294.75","1,12,510","5,61,563",64.11
MARUTI,EQ,2024-10-18,"12,143.75","12,070.00","12,141.25","11,844.45","12,127.00","12,105.10","12,059.40","5,06,871","6,11,25,59,479.65","78,390","2,58,753",51.05
MARUTI,EQ,2024-10-21,"12,105.10","12,145.55","12,250.00","11,944.55","12,140.05","12,175.90","12,140.16","3,75,275","4,55,58,97,320.75","73,282","1,78,587",47.59
MARUTI,EQ,2024-10-22,"12,175.90","12,215.95","12,289.80","11,840.00","11,955.00","11,923.30","11,982.45","9,04,901","10,84,29,28,866.90","1,40,557","5,83,415",64.47
MARUTI,EQ,2024-10-23,"11,923.30","11,923.30","12,119.90","11,753.45","11,921.55","11,956.20","11,988.39","4,12,638","4,94,68,65,248.70","88,463","2,29,806",55.69
MARUTI,EQ,2024-10-24,"11,956.20","11,998.95","11,998.95","11,636.90","11,789.00","11,763.70","11,762.76","5,52,495","6,49,88,63,500.85","1,01,531","3,13,992",56.83
MARUTI,EQ,2024-10-25,"11,763.70","11,763.60","11,794.30","11,440.00","11,490.00","11,502.85","11,523.43","6,24,582","7,19,73,27,790.35","1,15,797","3,55,332",56.89
MARUTI,EQ,2024-10-28,"11,502.85","11,504.80","11,632.65","11,440.00","11,480.00","11,483.25","11,516.32","6,13,830","7,06,90,63,740.65","65,806","4,13,208",67.32
MARUTI,EQ,2024-10-29,"11,483.25","11,450.00","11,483.00","10,742.45","11,005.00","11,046.00","11,035.75","22,68,683","25,03,66,12,497.25","2,57,624","10,61,152",46.77
MARUTI,EQ,2024-10-30,"11,046.00","10,979.00","11,520.00","10,945.00","11,264.70","11,256.45","11,313.49","16,72,966","18,92,70,87,189.15","2,17,046","7,86,705",47.02
MARUTI,EQ,2024-10-31,"11,256.45","11,225.00","11,247.55","11,050.00","11,110.85","11,076.45","11,107.61","8,38,211","9,31,05,24,893.55","1,05,127","5,32,340",63.51
MARUTI,EQ,2024-11-01,"11,076.45","11,150.00","11,209.55","11,080.00","11,103.90","11,110.00","11,143.15","65,670","73,17,70,383.35","10,283","18,833",28.68
MARUTI,EQ,2024-11-04,"11,110.00","11,295.00","11,295.00","10,860.00","11,064.35","11,052.45","10,993.40","4,44,462","4,88,61,48,091.35","77,295","2,02,117",45.47
MARUTI,EQ,2024-11-05,"11,052.45","11,042.00","11,275.00","11,011.90","11,184.95","11,170.10","11,189.33","3,21,159","3,59,35,54,657.15","58,838","1,08,423",33.76
MARUTI,EQ,2024-11-06,"11,170.10","11,219.00","11,430.00","11,172.60","11,351.00","11,354.25","11,336.35","4,16,027","4,71,62,29,708.15","76,183","2,18,922",52.62
MARUTI,EQ,2024-11-07,"11,354.25","11,305.15","11,385.00","11,186.60","11,270.00","11,300.15","11,283.33","5,30,194","5,98,23,52,197.10","77,768","3,37,003",63.56
MARUTI,EQ,2024-11-08,"11,300.15","11,260.50","11,344.00","11,125.60","11,302.00","11,303.00","11,255.77","2,69,993","3,03,89,80,419.40","55,270","1,08,311",40.12
MARUTI,EQ,2024-11-11,"11,303.00","11,331.50","11,518.15","11,310.00","11,390.00","11,399.70","11,450.26","4,50,681","5,16,04,13,428.50","74,035","1,76,051",39.06
MARUTI,EQ,2024-11-12,"11,399.70","11,392.05","11,516.90","11,107.25","11,125.00","11,143.10","11,266.67","5,49,747","6,19,38,15,636.30","73,758","3,46,670",63.06
MARUTI,EQ,2024-11-13,"11,143.10","11,140.00","11,142.85","10,864.30","11,092.90","11,049.60","11,008.05","5,07,710","5,58,88,98,411.65","96,997","2,84,558",56.05
MARUTI,EQ,2024-11-14,"11,049.60","11,055.00","11,117.70","10,892.10","10,992.95","11,006.05","10,978.75","4,31,348","4,73,56,61,111.20","76,909","2,36,843",54.91
MARUTI,EQ,2024-11-18,"11,006.05","10,950.00","11,182.95","10,915.00","11,116.60","11,093.95","11,068.76","3,33,440","3,69,07,68,649.25","72,197","1,74,408",52.31
MARUTI,EQ,2024-11-19,"11,093.95","11,090.00","11,195.25","10,896.40","10,958.20","10,959.30","11,071.95","8,64,067","9,56,69,08,508.05","97,405","6,55,104",75.82
MARUTI,EQ,2024-11-21,"10,959.30","10,921.15","10,958.20","10,770.00","10,859.50","10,861.45","10,875.51","5,40,201","5,87,49,59,799.00","1,09,856","3,15,288",58.36
MARUTI,EQ,2024-11-22,"10,861.45","10,905.00","11,106.65","10,827.25","11,070.05","11,063.60","10,981.18","4,93,678","5,42,11,67,557.30","98,447","2,94,731",59.7
MARUTI,EQ,2024-11-25,"11,063.60","11,202.00","11,247.95","10,990.05","11,003.20","11,025.15","11,081.45","6,35,726","7,04,47,64,680.25","75,150","4,27,294",67.21
MARUTI,EQ,2024-11-26,"11,025.15","11,025.15","11,077.95","10,891.45","10,936.00","10,943.95","10,971.86","4,06,586","4,46,10,02,867.70","71,327","2,37,748",58.47
MARUTI,EQ,2024-11-27,"10,943.95","10,936.00","11,116.90","10,870.00","11,070.00","11,058.35","11,035.07","3,43,332","3,78,86,91,559.80","58,479","1,79,761",52.36
MARUTI,EQ,2024-11-28,"11,058.35","11,060.40","11,080.60","10,888.00","10,980.00","10,949.85","10,963.95","6,07,669","6,66,24,52,812.80","95,499","3,73,280",61.43
MARUTI,EQ,2024-11-29,"10,949.85","10,949.95","11,130.10","10,920.00","11,081.15","11,074.20","11,053.40","3,38,207","3,73,83,38,428.95","65,947","1,78,374",52.74
MARUTI,EQ,2024-12-02,"11,074.20","11,151.00","11,330.00","11,151.00","11,230.00","11,239.30","11,264.75","4,46,880","5,03,39,90,444.55","81,378","1,62,757",36.42
MARUTI,EQ,2024-12-03,"11,239.30","11,250.00","11,309.00","11,203.00","11,260.95","11,279.25","11,269.46","2,58,644","2,91,47,77,764.80","58,440","1,41,400",54.67
MARUTI,EQ,2024-12-04,"11,279.25","11,281.00","11,300.00","11,106.00","11,125.00","11,129.85","11,194.43","5,54,674","6,20,92,57,358.00","85,627","3,77,881",68.13
MARUTI,EQ,2024-12-05,"11,129.85","11,134.95","11,270.00","11,031.00","11,176.00","11,182.25","11,135.26","5,45,501","6,07,42,94,099.75","1,07,290","2,68,927",49.3
MARUTI,EQ,2024-12-06,"11,182.25","11,200.00","11,375.95","11,121.00","11,303.00","11,317.95","11,258.53","4,17,214","4,69,72,17,136.05","73,352","1,93,477",46.37
MARUTI,EQ,2024-12-09,"11,317.95","11,322.00","11,368.90","11,252.55","11,260.00","11,279.80","11,291.51","2,54,485","2,87,35,18,865.45","43,967","1,47,214",57.85
MARUTI,EQ,2024-12-10,"11,279.80","11,275.00","11,314.35","11,170.00","11,219.80","11,198.20","11,219.43","4,10,569","4,60,63,48,473.40","52,912","2,82,287",68.76
MARUTI,EQ,2024-12-11,"11,198.20","11,229.90","11,320.85","11,220.60","11,291.95","11,277.75","11,282.80","2,26,584","2,55,65,02,779.95","39,648","1,19,947",52.94
MARUTI,EQ,2024-12-12,"11,277.75","11,299.35","11,299.35","11,078.25","11,137.50","11,167.40","11,161.43","3,96,561","4,42,61,87,410.10","58,050","1,83,646",46.31
MARUTI,EQ,2024-12-13,"11,167.40","11,137.40","11,290.00","11,033.60","11,271.50","11,272.55","11,190.39","2,63,579","2,94,95,51,493.20","53,494","1,06,831",40.53
MARUTI,EQ,2024-12-16,"11,272.55","11,255.55","11,329.45","11,205.00","11,262.35","11,277.00","11,264.08","2,23,389","2,51,62,71,554.65","45,400","1,11,717",50.01
MARUTI,EQ,2024-12-17,"11,277.00","11,263.00","11,272.45","11,059.70","11,085.00","11,108.55","11,148.06","2,95,445","3,29,36,37,998.30","47,479","1,49,955",50.76
MARUTI,EQ,2024-12-18,"11,108.55","11,085.00","11,098.05","10,970.10","11,012.00","11,002.45","11,013.37","4,97,103","5,47,47,80,876.45","63,628","3,03,316",61.02
MARUTI,EQ,2024-12-19,"11,002.45","10,888.00","11,035.40","10,852.45","10,955.00","10,955.35","10,953.92","4,35,360","4,76,88,96,625.55","57,581","2,45,506",56.39
MARUTI,EQ,2024-12-20,"10,955.35","10,940.00","11,077.00","10,865.95","10,868.90","10,901.05","10,959.32","4,04,608","4,43,42,29,374.10","65,375","1,89,854",46.92
MARUTI,EQ,2024-12-23,"10,901.05","10,928.00","10,989.80","10,755.40","10,810.00","10,822.00","10,859.93","2,37,165","2,57,55,96,341.20","48,860","1,05,167",44.34
MARUTI,EQ,2024-12-24,"10,822.00","10,822.00","10,887.45","10,725.00","10,745.05","10,736.60","10,791.53","1,51,149","1,63,11,28,921.55","29,801","63,572",42.06
MARUTI,EQ,2024-12-26,"10,736.60","10,770.50","10,974.80","10,770.00","10,911.80","10,896.00","10,902.71","3,49,811","3,81,38,89,415.60","54,811","1,54,007",44.03
MARUTI,EQ,2024-12-27,"10,896.00","10,929.50","11,133.00","10,912.60","10,957.95","10,941.05","11,012.72","2,57,973","2,84,09,85,273.70","49,503","91,694",35.54
MARUTI,EQ,2024-12-30,"10,941.05","10,941.05","10,950.00","10,750.10","10,804.25","10,798.95","10,841.52","3,35,481","3,63,71,24,685.20","53,845","2,12,091",63.22
MARUTI,EQ,2024-12-31,"10,798.95","10,765.00","10,893.70","10,750.60","10,860.00","10,858.40","10,832.98","1,98,997","2,15,57,30,883.15","31,049","98,672",49.58
