Symbol,Series,Date,Prev Close,Open Price,High Price,Low Price,Last Price,Close Price,Average Price,Total Traded Quantity,Turnover ₹,No. of Trades,Deliverable Qty,% Dly Qt to Traded Qty
TATAGLOBAL,EQ,2014-01-01,160.45,160.85,162.65,159.9,160.35,160.5,161.34,"19,58,707","31,60,15,359.85","16,590","9,32,759",47.62
TATAGLOBAL,EQ,2014-01-02,160.5,160.5,161.75,153.75,154.6,154.95,158.35,"21,16,255","33,51,02,523.10","29,664","8,97,620",42.42
TATAGLOBAL,EQ,2014-01-03,154.95,154.45,157.0,153.65,156.75,156.35,155.26,"18,16,178","28,19,87,115.25","18,457","7,78,171",42.85
TATAGLOBAL,EQ,2014-01-06,156.35,156.95,158.6,155.1,157.15,156.8,156.71,"15,38,685","24,11,31,492.75","11,358","5,56,781",36.19
TATAGLOBAL,EQ,2014-01-07,156.8,157.0,158.2,155.2,156.5,156.5,156.67,"12,44,854","19,50,30,513.00","10,361","3,79,584",30.49
TATAGLOBAL,EQ,2014-01-08,156.5,157.1,159.3,156.0,157.2,157.1,157.49,"21,22,772","33,43,21,617.65","24,878","10,27,892",48.42
TATAGLOBAL,EQ,2014-01-09,157.1,157.4,158.5,156.15,157.1,157.25,157.33,"17,40,722","27,38,71,758.55","19,610","8,01,733",46.06
TATAGLOBAL,EQ,2014-01-10,157.25,158.05,159.95,154.75,155.55,155.95,158.25,"25,20,546","39,88,80,937.90","35,454","10,87,882",43.16
TATAGLOBAL,EQ,2014-01-13,155.95,156.1,156.8,151.9,153.55,152.9,153.85,"23,40,369","36,00,62,659.10","26,348","10,54,871",45.07
TATAGLOBAL,EQ,2014-01-14,152.9,153.05,154.5,150.3,151.9,152.05,152.13,"21,75,698","33,09,88,838.70","27,469","12,44,639",57.21
TATAGLOBAL,EQ,2014-01-15,152.05,152.85,152.85,150.4,152.0,152.05,151.68,"11,17,786","16,95,43,761.95","9,475","4,68,837",41.94
TATAGLOBAL,EQ,2014-01-16,152.05,152.25,152.9,148.5,149.0,149.05,149.82,"21,42,240","32,09,53,810.00","20,196","11,87,458",55.43
TATAGLOBAL,EQ,2014-01-17,149.05,149.5,150.25,145.8,146.5,146.2,147.74,"18,84,689","27,84,42,244.30","33,786","9,40,472",49.9
TATAGLOBAL,EQ,2014-01-20,146.2,146.25,149.3,146.25,148.35,148.3,148.04,"25,49,468","37,74,16,548.70","18,119","14,20,494",55.72
TATAGLOBAL,EQ,2014-01-21,148.3,148.5,150.1,147.55,147.8,147.85,148.55,"19,92,324","29,59,64,912.65","14,551","10,72,615",53.84
TATAGLOBAL,EQ,2014-01-22,147.85,148.35,152.2,148.1,149.6,149.85,150.12,"45,86,839","68,85,96,067.70","25,573","21,13,912",46.09
TATAGLOBAL,EQ,2014-01-23,149.85,149.05,150.35,147.5,148.1,148.2,148.48,"11,91,923","17,69,79,323.50","9,938","4,83,758",40.59
TATAGLOBAL,EQ,2014-01-24,148.2,147.25,147.85,143.65,144.5,144.25,145.36,"20,15,494","29,29,81,104.75","19,011","9,22,978",45.79
TATAGLOBAL,EQ,2014-01-27,144.25,143.0,144.9,140.3,141.25,141.35,142.23,"17,98,083","25,57,45,249.60","16,268","7,69,122",42.77
TATAGLOBAL,EQ,2014-01-28,141.35,140.9,143.0,138.4,139.0,138.95,140.75,"22,81,455","32,11,22,405.20","18,481","12,34,669",54.12
TATAGLOBAL,EQ,2014-01-29,138.95,140.0,144.4,139.6,141.8,142.15,142.42,"24,41,955","34,77,94,526.00","17,284","10,25,920",42.01
TATAGLOBAL,EQ,2014-01-30,142.15,141.8,144.75,139.7,141.1,140.45,141.71,"49,43,283","70,05,22,321.25","36,283","23,85,085",48.25
TATAGLOBAL,EQ,2014-01-31,140.45,141.35,143.0,139.65,140.5,141.0,140.98,"25,55,790","36,03,26,506.60","22,711","13,52,111",52.9
TATAGLOBAL,EQ,2014-02-03,141.0,140.85,142.95,140.0,140.5,140.7,141.27,"21,40,205","30,23,42,275.90","22,524","8,94,479",41.79
TATAGLOBAL,EQ,2014-02-04,140.7,141.2,143.7,138.5,143.4,143.15,141.37,"28,66,989","40,52,98,374.45","23,282","16,86,716",58.83
TATAGLOBAL,EQ,2014-02-05,143.15,143.15,144.85,142.55,143.1,143.05,143.92,"14,18,289","20,41,24,812.85","11,243","6,58,487",46.43
TATAGLOBAL,EQ,2014-02-06,143.05,144.3,144.3,140.15,141.35,141.15,141.79,"29,05,219","41,19,19,500.15","19,473","18,23,737",62.77
TATAGLOBAL,EQ,2014-02-07,141.15,142.45,144.5,141.8,143.7,143.35,143.41,"20,53,488","29,44,81,639.85","13,798","9,47,647",46.15
TATAGLOBAL,EQ,2014-02-10,143.35,144.35,144.5,142.7,143.5,143.6,143.84,"14,11,856","20,30,87,937.50","9,188","8,60,250",60.93
TATAGLOBAL,EQ,2014-02-11,143.6,144.2,145.85,143.05,144.65,144.85,144.57,"14,65,761","21,19,11,460.40","13,068","5,74,903",39.22
TATAGLOBAL,EQ,2014-02-12,144.85,145.3,145.9,143.5,144.05,144.05,144.26,"14,86,914","21,45,07,288.65","14,061","8,42,154",56.64
TATAGLOBAL,EQ,2014-02-13,144.05,144.0,144.85,141.15,141.5,141.75,142.37,"13,90,278","19,79,29,769.30","16,338","8,20,920",59.05
TATAGLOBAL,EQ,2014-02-14,141.75,141.55,142.4,139.1,140.9,140.55,140.6,"10,60,283","14,90,75,082.95","17,934","4,64,873",43.84
TATAGLOBAL,EQ,2014-02-17,140.55,140.55,141.35,137.7,138.9,138.9,139.13,"10,78,151","14,99,99,620.00","31,773","5,09,339",47.24
TATAGLOBAL,EQ,2014-02-18,138.9,139.1,140.95,138.35,140.25,140.2,139.99,"12,94,179","18,11,72,785.55","13,775","5,81,542",44.94
TATAGLOBAL,EQ,2014-02-19,140.2,140.35,141.75,139.6,140.25,140.35,140.64,"8,82,447","12,41,11,455.35","11,403","3,55,537",40.29
TATAGLOBAL,EQ,2014-02-20,140.35,139.35,141.95,139.15,141.25,141.1,141.01,"7,84,045","11,05,59,292.70","9,064","2,53,428",32.32
TATAGLOBAL,EQ,2014-02-21,141.1,141.25,143.0,141.2,142.0,142.0,142.16,"12,04,144","17,11,81,203.70","12,807","4,95,425",41.14
TATAGLOBAL,EQ,2014-02-24,142.0,142.75,143.0,141.8,142.9,142.7,142.48,"6,13,301","8,73,84,958.20","8,552","2,63,610",42.98
TATAGLOBAL,EQ,2014-02-25,142.7,143.2,143.55,141.0,141.1,141.2,142.0,"10,34,913","14,69,54,015.20","12,724","5,05,969",48.89
TATAGLOBAL,EQ,2014-02-26,141.2,141.7,141.9,139.1,140.4,139.8,140.2,"18,68,445","26,19,51,981.20","14,797","11,77,180",63.0
TATAGLOBAL,EQ,2014-02-28,139.8,140.15,142.15,139.15,139.85,139.7,140.36,"18,52,558","26,00,31,566.05","19,963","10,90,947",58.89
TATAGLOBAL,EQ,2014-03-03,139.7,139.95,141.0,135.25,135.75,135.95,137.76,"29,79,960","41,05,11,012.70","41,112","18,27,884",61.34
TATAGLOBAL,EQ,2014-03-04,135.95,136.8,141.15,135.9,141.05,140.4,139.62,"29,95,506","41,82,17,791.60","35,340","10,90,624",36.41
TATAGLOBAL,EQ,2014-03-05,140.4,141.45,142.25,139.45,140.85,140.9,140.66,"23,17,544","32,59,92,659.80","19,277","11,28,119",48.68
TATAGLOBAL,EQ,2014-03-06,140.9,141.5,143.0,140.15,142.95,142.55,141.38,"30,10,530","42,56,23,333.50","42,635","17,02,232",56.54
TATAGLOBAL,EQ,2014-03-07,142.55,143.5,144.35,141.3,143.0,143.3,143.08,"29,10,251","41,63,87,273.20","26,624","14,14,043",48.59
TATAGLOBAL,EQ,2014-03-10,143.3,143.9,145.1,142.25,143.4,143.8,144.07,"21,27,241","30,64,65,727.30","27,688","11,00,350",51.73
TATAGLOBAL,EQ,2014-03-11,143.8,143.8,146.0,143.0,146.0,145.15,144.29,"21,10,986","30,45,87,885.90","21,201","9,75,146",46.19
TATAGLOBAL,EQ,2014-03-12,145.15,146.05,147.5,145.15,145.6,145.65,146.5,"21,09,508","30,90,43,485.90","15,126","7,65,989",36.31
TATAGLOBAL,EQ,2014-03-13,145.65,146.0,146.9,141.9,142.45,142.55,144.51,"12,40,884","17,93,25,765.40","11,298","5,03,921",40.61
TATAGLOBAL,EQ,2014-03-14,142.55,142.0,143.4,141.0,142.4,142.7,142.31,"12,37,254","17,60,75,975.90","9,671","4,85,068",39.21
TATAGLOBAL,EQ,2014-03-18,142.7,142.7,144.8,142.55,143.4,143.15,143.48,"9,26,631","13,29,52,455.15","9,910","3,11,511",33.62
TATAGLOBAL,EQ,2014-03-19,143.15,143.2,143.8,141.1,141.5,141.3,141.99,"19,82,788","28,15,35,342.00","15,037","13,91,066",70.16
TATAGLOBAL,EQ,2014-03-20,141.3,140.7,143.2,140.7,141.1,141.4,142.16,"15,78,311","22,43,74,336.75","12,684","8,69,139",55.07
TATAGLOBAL,EQ,2014-03-21,141.4,143.0,146.0,142.45,143.7,143.4,144.31,"27,71,806","39,99,94,412.65","17,632","10,36,956",37.41
TATAGLOBAL,EQ,2014-03-22,143.4,144.15,144.15,143.2,143.7,143.65,143.63,"1,25,170","1,79,77,701.65","1,346","56,381",45.04
TATAGLOBAL,EQ,2014-03-24,143.65,143.15,144.85,142.5,142.8,142.85,143.3,"12,39,544","17,76,32,238.90","10,927","6,17,421",49.81
TATAGLOBAL,EQ,2014-03-25,142.85,142.55,144.0,142.4,143.0,142.9,143.0,"12,14,418","17,36,62,941.25","8,112","6,53,775",53.83
TATAGLOBAL,EQ,2014-03-26,142.9,144.0,144.8,142.25,142.5,142.75,143.28,"17,63,657","25,26,89,926.50","13,354","8,63,909",48.98
TATAGLOBAL,EQ,2014-03-27,142.75,143.0,143.75,141.3,141.9,141.8,142.14,"31,47,980","44,74,48,582.15","16,635","22,66,743",72.01
TATAGLOBAL,EQ,2014-03-28,141.8,142.85,148.6,142.3,148.2,148.0,145.7,"39,12,192","57,00,15,338.75","24,627","20,37,822",52.09
TATAGLOBAL,EQ,2014-03-31,148.0,150.0,152.7,148.1,150.05,150.05,150.31,"41,43,774","62,28,56,543.85","34,558","13,96,633",33.7
TATAGLOBAL,EQ,2014-04-01,150.05,151.45,154.75,148.8,154.7,154.25,152.41,"48,63,298","74,12,34,246.45","38,560","20,07,985",41.29
TATAGLOBAL,EQ,2014-04-02,154.25,155.0,155.65,152.1,153.35,153.5,153.39,"25,96,842","39,83,19,562.75","20,443","9,48,976",36.54
TATAGLOBAL,EQ,2014-04-03,153.5,154.0,154.3,149.4,151.5,151.55,151.59,"23,46,430","35,57,02,601.50","16,322","10,93,448",46.6
TATAGLOBAL,EQ,2014-04-04,151.55,152.0,153.8,150.15,152.95,152.2,152.16,"19,70,278","29,97,99,558.60","13,872","8,66,145",43.96
TATAGLOBAL,EQ,2014-04-07,152.2,149.3,152.5,148.25,151.25,151.45,150.64,"14,76,512","22,24,22,468.95","12,500","4,93,956",33.45
TATAGLOBAL,EQ,2014-04-09,151.45,152.75,155.95,152.5,154.2,154.4,154.47,"31,83,552","49,17,50,412.95","20,415","13,58,875",42.68
TATAGLOBAL,EQ,2014-04-10,154.4,155.1,155.3,152.1,152.75,153.1,153.79,"20,17,657","31,02,93,520.45","13,377","7,86,886",39.0
TATAGLOBAL,EQ,2014-04-11,153.1,152.2,154.0,151.75,152.25,152.75,152.86,"17,88,771","27,34,32,112.00","14,429","9,25,594",51.74
TATAGLOBAL,EQ,2014-04-15,152.75,153.85,154.9,151.1,152.8,153.05,153.34,"14,64,343","22,45,40,264.75","11,012","5,61,694",38.36
TATAGLOBAL,EQ,2014-04-16,153.05,153.25,153.95,150.0,150.75,150.5,151.62,"11,48,162","17,40,82,249.10","10,271","4,18,677",36.46
TATAGLOBAL,EQ,2014-04-17,150.5,151.0,158.2,151.0,157.5,157.45,154.94,"46,44,106","71,95,40,496.50","25,738","24,44,672",52.64
TATAGLOBAL,EQ,2014-04-21,157.45,158.25,160.0,155.55,156.5,156.15,157.92,"29,39,902","46,42,57,616.45","20,852","11,37,104",38.68
TATAGLOBAL,EQ,2014-04-22,156.15,156.95,159.3,156.15,158.1,157.85,157.88,"22,43,023","35,41,28,264.60","21,632","10,94,239",48.78
TATAGLOBAL,EQ,2014-04-23,157.85,157.85,159.4,155.05,156.0,156.1,157.39,"32,77,200","51,57,87,711.00","28,821","19,26,723",58.79
TATAGLOBAL,EQ,2014-04-25,156.1,156.5,157.0,151.85,153.0,152.95,154.15,"18,67,200","28,78,24,870.60","18,509","7,11,011",38.08
TATAGLOBAL,EQ,2014-04-28,152.95,153.0,154.55,151.75,153.05,152.85,152.65,"14,52,937","22,17,95,285.45","11,344","6,82,405",46.97
TATAGLOBAL,EQ,2014-04-29,152.85,153.0,154.1,151.0,151.2,151.3,152.41,"12,94,813","19,73,42,636.95","9,956","6,38,656",49.32
TATAGLOBAL,EQ,2014-04-30,151.3,152.45,153.5,146.5,149.9,149.45,150.75,"24,60,179","37,08,74,828.40","18,178","13,60,976",55.32
TATAGLOBAL,EQ,2014-05-02,149.45,149.45,150.9,147.8,148.35,148.35,148.8,"12,07,233","17,96,36,073.40","12,805","4,41,731",36.59
TATAGLOBAL,EQ,2014-05-05,148.35,148.6,148.6,146.4,146.7,146.7,147.42,"10,58,888","15,60,96,540.85","13,711","5,03,036",47.51
TATAGLOBAL,EQ,2014-05-06,146.7,147.05,148.3,144.9,145.25,145.1,146.2,"12,31,593","18,00,53,530.45","9,089","7,29,464",59.23
TATAGLOBAL,EQ,2014-05-07,145.1,145.05,146.4,144.15,144.7,144.6,145.4,"9,79,792","14,24,64,042.75","9,543","4,67,728",47.74
TATAGLOBAL,EQ,2014-05-08,144.6,145.05,145.55,142.1,142.25,142.45,143.29,"14,75,651","21,14,42,971.30","12,534","6,09,831",41.33
TATAGLOBAL,EQ,2014-05-09,142.45,142.1,145.95,142.1,145.0,145.0,144.61,"12,19,063","17,62,87,922.30","12,043","5,47,375",44.9
TATAGLOBAL,EQ,2014-05-12,145.0,145.8,146.7,144.15,144.65,144.55,145.17,"17,89,879","25,98,41,889.80","18,242","10,72,649",59.93
TATAGLOBAL,EQ,2014-05-13,144.55,145.5,149.7,145.5,146.7,146.4,147.25,"23,52,331","34,63,90,276.15","23,209","10,91,352",46.39
TATAGLOBAL,EQ,2014-05-14,146.4,147.0,148.5,145.4,147.15,147.3,147.17,"18,51,834","27,25,38,771.10","17,849","10,04,448",54.24
TATAGLOBAL,EQ,2014-05-15,147.3,148.0,148.05,143.85,144.0,144.2,145.27,"22,08,007","32,07,68,200.00","29,357","12,11,467",54.87
TATAGLOBAL,EQ,2014-05-16,144.2,146.35,147.5,143.25,144.95,144.75,145.26,"36,58,879","53,14,80,371.10","23,883","20,43,623",55.85
TATAGLOBAL,EQ,2014-05-19,144.75,146.0,151.6,145.25,150.6,150.7,148.37,"49,70,218","73,74,52,438.30","32,334","24,08,736",48.46
TATAGLOBAL,EQ,2014-05-20,150.7,152.95,154.85,151.05,153.35,153.45,153.4,"33,51,574","51,41,37,866.55","23,101","12,42,479",37.07
TATAGLOBAL,EQ,2014-05-21,153.45,155.6,155.6,151.55,153.0,153.1,153.8,"25,39,045","39,05,09,441.30","16,334","9,83,242",38.72
TATAGLOBAL,EQ,2014-05-22,153.1,154.5,157.4,153.4,155.75,155.55,155.95,"32,46,095","50,62,35,395.75","26,237","14,41,180",44.4
TATAGLOBAL,EQ,2014-05-23,155.55,156.0,158.45,155.1,157.4,157.55,156.91,"30,14,828","47,30,58,008.60","18,100","12,96,025",42.99
TATAGLOBAL,EQ,2014-05-26,157.55,158.5,163.0,152.75,156.45,156.45,159.95,"56,29,757","90,04,66,802.70","33,278","21,48,230",38.16
TATAGLOBAL,EQ,2014-05-27,156.45,157.3,157.8,153.0,156.0,156.4,155.6,"17,48,577","27,20,84,676.65","14,771","7,20,927",41.23
TATAGLOBAL,EQ,2014-05-28,156.4,157.0,158.2,154.75,156.55,156.25,156.62,"16,55,825","25,93,43,572.85","11,756","6,98,084",42.16
TATAGLOBAL,EQ,2014-05-29,156.25,154.5,154.5,148.0,148.65,148.9,149.47,"50,50,078","75,48,40,044.70","36,551","27,27,901",54.02
TATAGLOBAL,EQ,2014-05-30,148.9,150.0,151.0,145.35,148.95,149.1,147.93,"42,93,795","63,51,86,122.35","28,595","21,99,262",51.22
TATAGLOBAL,EQ,2014-06-02,149.1,149.4,149.9,146.6,147.5,147.5,147.51,"33,08,467","48,80,48,481.00","24,857","20,74,747",62.71
TATAGLOBAL,EQ,2014-06-03,147.5,148.0,151.85,147.75,150.2,150.3,150.33,"30,14,557","45,31,68,331.80","23,092","12,59,447",41.78
TATAGLOBAL,EQ,2014-06-04,150.3,150.0,154.0,150.0,152.95,153.0,152.33,"47,64,627","72,58,02,729.50","40,893","26,61,964",55.87
TATAGLOBAL,EQ,2014-06-05,153.0,154.3,154.8,151.15,154.4,154.05,153.23,"25,56,595","39,17,45,368.00","18,613","8,85,911",34.65
TATAGLOBAL,EQ,2014-06-06,154.05,157.0,176.8,155.2,170.75,171.1,165.12,"1,70,64,363","2,81,76,93,992.00","99,752","59,83,506",35.06
TATAGLOBAL,EQ,2014-06-09,171.1,173.85,175.45,170.1,171.3,171.2,172.47,"87,72,925","1,51,30,66,905.20","57,050","31,01,501",35.35
TATAGLOBAL,EQ,2014-06-10,171.2,171.65,177.15,166.1,174.25,174.85,173.28,"1,16,93,055","2,02,62,26,312.15","75,667","37,19,367",31.81
TATAGLOBAL,EQ,2014-06-11,174.85,175.8,176.1,165.05,168.0,169.35,170.99,"74,14,725","1,26,78,57,068.35","71,131","26,81,897",36.17
TATAGLOBAL,EQ,2014-06-12,169.35,168.4,171.5,165.65,168.9,168.65,169.1,"41,31,952","69,87,00,792.35","29,079","13,59,981",32.91
TATAGLOBAL,EQ,2014-06-13,168.65,170.0,173.95,161.15,163.3,163.7,167.27,"65,09,643","1,08,88,75,731.00","48,296","17,59,763",27.03
TATAGLOBAL,EQ,2014-06-16,163.7,162.3,166.7,161.6,166.6,166.0,164.34,"41,49,164","68,18,61,405.35","35,467","15,69,752",37.83
TATAGLOBAL,EQ,2014-06-17,166.0,166.0,167.95,163.7,167.0,167.05,165.91,"26,44,231","43,87,12,221.95","20,044","11,00,945",41.64
TATAGLOBAL,EQ,2014-06-18,167.05,167.0,169.0,162.1,163.0,163.55,165.56,"30,59,834","50,65,77,148.50","25,265","10,23,960",33.46
TATAGLOBAL,EQ,2014-06-19,163.55,164.6,165.35,161.3,162.3,162.9,163.07,"29,57,708","48,23,26,799.10","22,371","11,02,896",37.29
TATAGLOBAL,EQ,2014-06-20,162.9,162.6,165.4,161.85,162.25,162.35,163.32,"24,74,896","40,41,91,423.00","20,393","8,89,517",35.94
TATAGLOBAL,EQ,2014-06-23,162.35,166.0,171.2,164.8,167.65,167.95,168.52,"89,15,917","1,50,24,93,113.40","65,009","29,28,434",32.85
TATAGLOBAL,EQ,2014-06-24,167.95,167.45,169.5,165.5,167.0,167.3,167.62,"43,94,262","73,65,65,507.55","24,872","14,87,978",33.86
TATAGLOBAL,EQ,2014-06-25,167.3,166.3,170.75,166.3,168.95,169.5,169.05,"45,12,185","76,27,67,768.30","31,292","16,29,209",36.11
TATAGLOBAL,EQ,2014-06-26,169.5,169.0,169.65,165.6,167.5,167.8,167.55,"50,84,653","85,19,47,079.05","21,416","22,57,995",44.41
TATAGLOBAL,EQ,2014-06-27,167.8,168.0,172.95,168.0,170.8,171.1,171.06,"54,70,675","93,58,11,455.30","31,525","18,71,730",34.21
TATAGLOBAL,EQ,2014-06-30,171.1,172.45,175.0,172.05,172.5,172.75,173.64,"58,84,830","1,02,18,16,543.15","31,599","30,05,010",51.06
TATAGLOBAL,EQ,2014-07-01,172.75,173.35,176.6,171.5,175.2,174.8,174.22,"53,79,012","93,71,11,096.50","30,779","22,22,040",41.31
TATAGLOBAL,EQ,2014-07-02,174.8,176.25,176.8,173.1,173.95,174.35,175.15,"37,96,609","66,49,76,939.75","26,977","18,46,234",48.63
TATAGLOBAL,EQ,2014-07-03,174.35,175.0,175.0,168.35,169.25,169.2,170.7,"54,74,004","93,44,37,727.95","39,929","23,17,274",42.33
TATAGLOBAL,EQ,2014-07-04,169.2,168.1,171.2,166.0,168.1,167.85,168.67,"42,46,788","71,63,26,887.05","31,058","19,58,919",46.13
TATAGLOBAL,EQ,2014-07-07,167.85,168.1,169.6,166.65,167.0,167.05,167.6,"20,54,919","34,44,06,761.55","15,729","6,63,475",32.29
TATAGLOBAL,EQ,2014-07-08,167.05,167.65,167.65,157.75,158.05,158.7,162.6,"33,49,829","54,46,75,018.05","25,354","13,17,272",39.32
TATAGLOBAL,EQ,2014-07-09,158.7,158.0,159.6,152.75,155.2,154.95,156.01,"34,88,714","54,42,64,845.10","23,105","12,06,896",34.59
TATAGLOBAL,EQ,2014-07-10,154.95,155.45,161.35,149.25,154.8,155.45,155.19,"32,84,116","50,96,64,166.50","24,813","7,33,994",22.35
TATAGLOBAL,EQ,2014-07-11,155.45,154.8,156.3,149.15,149.5,149.8,151.85,"31,88,567","48,41,91,445.00","20,784","12,41,666",38.94
TATAGLOBAL,EQ,2014-07-14,149.8,148.85,153.2,148.5,152.3,151.8,151.24,"24,43,696","36,95,87,819.15","18,031","9,42,934",38.59
TATAGLOBAL,EQ,2014-07-15,151.8,152.35,154.0,151.5,153.9,153.75,153.15,"18,59,780","28,48,19,010.80","11,374","7,28,991",39.2
TATAGLOBAL,EQ,2014-07-16,153.75,153.75,157.7,153.2,157.5,157.2,155.99,"25,39,258","39,60,97,301.45","22,604","9,09,536",35.82
TATAGLOBAL,EQ,2014-07-17,157.2,157.25,161.0,156.25,160.2,160.35,158.71,"21,16,223","33,58,74,909.90","14,469","5,28,349",24.97
TATAGLOBAL,EQ,2014-07-18,160.35,159.85,163.0,157.7,160.5,160.65,160.77,"49,74,108","79,96,80,215.35","35,744","16,37,393",32.92
TATAGLOBAL,EQ,2014-07-21,160.65,161.5,162.45,158.75,159.05,159.2,160.37,"19,38,059","31,08,11,038.90","16,666","7,38,428",38.1
TATAGLOBAL,EQ,2014-07-22,159.2,159.5,161.4,156.7,158.55,158.7,159.23,"27,00,600","43,00,12,226.20","20,015","8,04,266",29.78
TATAGLOBAL,EQ,2014-07-23,158.7,159.5,159.7,155.7,156.95,156.8,157.41,"30,01,729","47,24,95,570.70","20,872","15,41,827",51.36
TATAGLOBAL,EQ,2014-07-24,156.8,156.7,157.9,155.95,156.9,156.55,156.95,"28,94,662","45,43,20,502.20","18,202","16,41,418",56.7
TATAGLOBAL,EQ,2014-07-25,156.55,156.2,157.4,152.55,152.9,153.5,154.15,"31,56,927","48,66,55,269.10","21,206","16,06,583",50.89
TATAGLOBAL,EQ,2014-07-28,153.5,152.5,156.2,152.05,154.6,155.2,153.76,"27,89,011","42,88,36,247.90","18,638","12,24,404",43.9
TATAGLOBAL,EQ,2014-07-30,155.2,155.95,155.95,152.45,152.8,152.9,153.11,"27,57,448","42,21,98,018.50","12,248","15,99,016",57.99
TATAGLOBAL,EQ,2014-07-31,152.9,152.8,155.15,152.5,153.75,153.5,153.82,"41,55,508","63,92,00,891.05","18,093","25,11,902",60.45
TATAGLOBAL,EQ,2014-08-01,153.5,152.0,156.85,151.75,154.7,154.3,155.07,"23,61,557","36,62,11,100.80","16,283","11,18,792",47.38
TATAGLOBAL,EQ,2014-08-04,154.3,155.05,155.9,153.75,155.9,155.5,154.88,"16,77,773","25,98,58,349.90","10,007","4,85,529",28.94
TATAGLOBAL,EQ,2014-08-05,155.5,154.1,155.6,152.5,154.9,154.9,154.45,"17,88,911","27,62,96,521.30","11,336","6,62,889",37.06
TATAGLOBAL,EQ,2014-08-06,154.9,153.65,156.5,153.5,153.65,153.8,155.28,"18,90,055","29,34,90,512.10","12,861","5,98,639",31.67
TATAGLOBAL,EQ,2014-08-07,153.8,153.6,155.1,152.65,154.05,154.15,154.02,"15,57,133","23,98,36,193.75","9,714","5,57,455",35.8
TATAGLOBAL,EQ,2014-08-08,154.15,152.7,152.9,149.55,150.2,150.65,150.87,"23,93,314","36,10,85,327.80","13,578","11,73,036",49.01
TATAGLOBAL,EQ,2014-08-11,150.65,150.7,153.0,150.7,151.9,151.9,151.78,"12,12,104","18,39,76,794.35","6,972","6,23,264",51.42
TATAGLOBAL,EQ,2014-08-12,151.9,151.5,154.8,151.5,154.65,154.45,153.79,"12,82,122","19,71,83,286.05","10,120","6,04,781",47.17
TATAGLOBAL,EQ,2014-08-13,154.45,153.1,154.3,150.3,150.75,151.15,151.7,"15,21,138","23,07,57,200.10","11,724","8,15,365",53.6
TATAGLOBAL,EQ,2014-08-14,151.15,152.65,152.9,150.75,152.2,152.1,151.85,"12,20,808","18,53,85,649.50","11,124","5,57,969",45.7
TATAGLOBAL,EQ,2014-08-18,152.1,152.2,155.35,151.55,154.2,154.4,153.85,"12,12,265","18,65,07,001.20","10,676","4,93,424",40.7
TATAGLOBAL,EQ,2014-08-19,154.4,155.35,157.7,154.9,156.1,156.5,156.36,"18,35,749","28,70,42,218.40","12,816","7,38,112",40.21
TATAGLOBAL,EQ,2014-08-20,156.5,156.55,159.5,156.25,158.0,158.5,158.2,"31,27,760","49,47,96,932.75","21,189","15,02,634",48.04
TATAGLOBAL,EQ,2014-08-21,158.5,158.5,160.4,156.2,157.45,157.1,158.44,"18,03,100","28,56,86,481.50","14,878","4,14,051",22.96
TATAGLOBAL,EQ,2014-08-22,157.1,158.5,158.5,155.0,156.0,155.45,156.27,"12,73,200","19,89,68,812.05","13,755","5,58,671",43.88
TATAGLOBAL,EQ,2014-08-25,155.45,155.5,157.8,155.0,155.5,155.45,156.09,"14,98,748","23,39,38,349.45","12,676","4,94,860",33.02
TATAGLOBAL,EQ,2014-08-26,155.45,154.4,155.5,151.35,153.0,152.95,153.3,"9,54,442","14,63,14,188.40","7,506","3,44,478",36.09
TATAGLOBAL,EQ,2014-08-27,152.95,153.35,154.85,152.5,153.05,153.1,153.8,"10,30,109","15,84,32,756.90","8,334","4,30,562",41.8
TATAGLOBAL,EQ,2014-08-28,153.1,153.4,154.0,150.0,150.95,150.5,151.2,"30,46,168","46,05,77,172.10","17,830","18,48,542",60.68
TATAGLOBAL,EQ,2014-09-01,150.5,151.1,154.35,151.1,153.75,153.9,153.17,"16,11,331","24,68,06,978.60","12,926","7,40,689",45.97
TATAGLOBAL,EQ,2014-09-02,153.9,153.0,156.85,153.0,155.3,155.4,155.47,"19,03,051","29,58,66,761.05","15,331","6,84,375",35.96
TATAGLOBAL,EQ,2014-09-03,155.4,156.8,156.8,153.55,154.2,154.25,154.75,"18,08,768","27,99,10,074.05","17,808","8,90,941",49.26
TATAGLOBAL,EQ,2014-09-04,154.25,154.0,163.9,154.0,163.6,162.2,159.31,"56,85,443","90,57,72,489.20","35,351","21,30,087",37.47
TATAGLOBAL,EQ,2014-09-05,162.2,163.8,164.5,160.05,161.9,162.25,162.42,"44,36,559","72,05,70,445.20","29,517","12,89,195",29.06
TATAGLOBAL,EQ,2014-09-08,162.25,163.05,166.5,162.5,164.35,164.6,164.73,"34,03,585","56,06,73,892.25","23,445","10,65,144",31.29
TATAGLOBAL,EQ,2014-09-09,164.6,165.1,166.25,162.6,164.7,165.2,164.52,"20,16,606","33,17,67,972.80","15,867","5,80,475",28.78
TATAGLOBAL,EQ,2014-09-10,165.2,163.5,165.0,160.5,162.35,162.55,162.99,"19,64,477","32,01,92,748.70","14,926","6,65,626",33.88
TATAGLOBAL,EQ,2014-09-11,162.55,162.85,169.85,161.0,167.5,167.4,167.02,"61,85,414","1,03,30,87,448.40","37,422","18,49,629",29.9
TATAGLOBAL,EQ,2014-09-12,167.4,168.0,171.35,166.4,168.9,169.55,168.86,"43,25,265","73,03,70,157.70","25,350","14,70,611",34.0
TATAGLOBAL,EQ,2014-09-15,169.55,169.0,170.85,166.35,166.7,167.2,168.31,"27,33,612","46,00,90,768.65","17,145","9,28,846",33.98
TATAGLOBAL,EQ,2014-09-16,167.2,167.05,167.6,158.0,159.8,159.45,161.71,"37,86,842","61,23,67,243.85","20,642","16,67,575",44.04
TATAGLOBAL,EQ,2014-09-17,159.45,160.7,162.7,156.9,161.1,161.6,159.93,"27,48,845","43,96,30,517.35","19,805","10,21,347",37.16
TATAGLOBAL,EQ,2014-09-18,161.6,160.05,165.7,160.05,164.65,164.85,163.77,"22,43,468","36,74,19,735.35","20,118","8,26,797",36.85
TATAGLOBAL,EQ,2014-09-19,164.85,165.7,172.9,164.1,168.95,168.6,169.16,"62,77,667","1,06,19,18,731.40","39,553","17,50,333",27.88
TATAGLOBAL,EQ,2014-09-22,168.6,168.0,172.0,167.05,169.5,170.6,169.76,"43,42,518","73,71,90,404.25","42,512","16,69,609",38.45
TATAGLOBAL,EQ,2014-09-23,170.6,170.2,171.8,163.65,164.9,164.45,168.02,"30,86,572","51,86,10,319.95","21,727","6,73,201",21.81
TATAGLOBAL,EQ,2014-09-24,164.45,165.2,166.75,161.8,165.0,164.75,164.21,"22,19,635","36,44,90,202.90","14,676","3,81,507",17.19
TATAGLOBAL,EQ,2014-09-25,164.75,165.4,165.65,159.1,161.2,160.3,161.11,"29,73,253","47,90,08,633.65","15,073","9,44,820",31.78
TATAGLOBAL,EQ,2014-09-26,160.3,159.0,161.95,154.45,160.1,159.65,158.58,"29,24,724","46,37,96,461.00","18,088","8,90,020",30.43
TATAGLOBAL,EQ,2014-09-29,159.65,160.0,161.9,158.3,159.0,159.0,159.96,"20,96,263","33,53,22,241.45","14,182","8,79,996",41.98
TATAGLOBAL,EQ,2014-09-30,159.0,159.1,162.4,157.6,159.4,159.35,160.0,"19,17,772","30,68,50,543.75","16,230","5,45,326",28.44
TATAGLOBAL,EQ,2014-10-01,159.35,160.0,162.0,158.4,158.7,158.85,159.85,"11,98,264","19,15,37,463.80","9,808","2,72,562",22.75
TATAGLOBAL,EQ,2014-10-07,158.85,158.25,161.65,158.0,159.3,158.8,160.06,"22,84,463","36,56,40,231.85","21,625","9,63,277",42.17
TATAGLOBAL,EQ,2014-10-08,158.8,158.0,161.0,157.75,160.1,160.25,159.93,"15,24,087","24,37,49,350.10","11,300","4,38,644",28.78
TATAGLOBAL,EQ,2014-10-09,160.25,160.45,163.35,160.45,161.15,161.25,161.75,"32,16,539","52,02,86,538.15","35,862","16,00,406",49.76
TATAGLOBAL,EQ,2014-10-10,161.25,160.65,163.9,158.7,159.85,160.25,161.26,"36,24,666","58,45,16,181.50","31,367","19,69,217",54.33
TATAGLOBAL,EQ,2014-10-13,160.25,159.6,160.0,157.05,157.4,157.5,157.99,"20,22,489","31,95,34,372.85","14,058","7,98,279",39.47
TATAGLOBAL,EQ,2014-10-14,157.5,158.4,159.3,156.0,156.0,156.4,157.43,"19,67,222","30,97,03,866.65","16,660","7,00,946",35.63
TATAGLOBAL,EQ,2014-10-16,156.4,156.05,158.25,151.05,152.35,152.35,155.3,"22,54,205","35,00,77,592.80","17,742","10,29,714",45.68
TATAGLOBAL,EQ,2014-10-17,152.35,152.75,153.9,150.8,153.25,153.35,152.6,"39,46,921","60,23,07,248.70","33,554","25,76,160",65.27
TATAGLOBAL,EQ,2014-10-20,153.35,154.55,155.65,153.35,155.0,154.7,154.66,"20,73,712","32,07,18,834.90","19,192","11,69,357",56.39
TATAGLOBAL,EQ,2014-10-21,154.7,154.1,156.35,153.4,155.75,155.55,155.18,"25,84,790","40,11,20,455.35","25,811","15,08,762",58.37
TATAGLOBAL,EQ,2014-10-22,155.55,156.8,157.5,155.5,156.3,156.5,156.56,"20,10,555","31,47,75,368.35","20,923","10,91,735",54.3
TATAGLOBAL,EQ,2014-10-23,156.5,157.6,159.0,157.1,158.15,158.35,158.24,"5,26,665","8,33,41,918.40","7,452","3,25,729",61.85
TATAGLOBAL,EQ,2014-10-27,158.35,159.25,159.25,155.95,156.45,156.3,157.26,"10,19,575","16,03,40,717.70","9,012","3,95,643",38.8
TATAGLOBAL,EQ,2014-10-28,156.3,156.75,157.55,156.05,156.35,156.35,156.59,"11,53,614","18,06,42,332.80","8,827","4,65,121",40.32
TATAGLOBAL,EQ,2014-10-29,156.35,157.0,158.25,156.6,157.4,157.3,157.56,"10,79,352","17,00,60,331.40","16,560","4,53,382",42.01
TATAGLOBAL,EQ,2014-10-30,157.3,157.15,158.95,156.9,157.25,157.45,157.66,"45,89,900","72,36,34,687.10","19,961","31,86,458",69.42
TATAGLOBAL,EQ,2014-10-31,157.45,158.9,161.2,158.05,160.15,160.1,160.08,"47,50,346","76,04,23,654.35","38,868","28,81,611",60.66
TATAGLOBAL,EQ,2014-11-03,160.1,161.0,164.2,160.1,163.3,163.75,162.8,"27,13,036","44,16,86,245.00","17,009","11,37,040",41.91
TATAGLOBAL,EQ,2014-11-05,163.75,164.8,165.0,160.45,161.35,161.65,162.6,"24,28,509","39,48,84,928.30","16,585","10,14,195",41.76
TATAGLOBAL,EQ,2014-11-07,161.65,157.9,161.5,157.0,160.75,160.9,159.99,"26,00,609","41,60,75,045.40","30,455","11,49,036",44.18
TATAGLOBAL,EQ,2014-11-10,160.9,161.05,162.6,157.25,157.65,157.75,158.98,"15,70,697","24,97,12,186.15","14,070","6,70,080",42.66
TATAGLOBAL,EQ,2014-11-11,157.75,158.7,159.65,157.4,158.0,158.25,158.49,"16,62,143","26,34,39,413.15","13,324","7,67,827",46.2
TATAGLOBAL,EQ,2014-11-12,158.25,158.85,158.85,155.3,155.5,155.85,156.78,"18,87,415","29,59,17,411.90","15,709","11,02,909",58.43
TATAGLOBAL,EQ,2014-11-13,155.85,156.7,156.95,154.0,154.25,154.2,154.93,"20,38,270","31,57,94,804.45","14,713","9,80,040",48.08
TATAGLOBAL,EQ,2014-11-14,154.2,154.95,156.15,153.65,155.25,155.25,154.81,"26,34,731","40,78,76,485.05","22,028","16,73,363",63.51
TATAGLOBAL,EQ,2014-11-17,155.25,154.35,161.9,154.35,159.95,159.9,159.53,"46,43,861","74,08,48,638.70","37,374","24,07,540",51.84
TATAGLOBAL,EQ,2014-11-18,159.9,160.5,161.35,158.6,159.45,159.4,159.7,"17,09,932","27,30,69,546.90","11,148","7,46,863",43.68
TATAGLOBAL,EQ,2014-11-19,159.4,160.2,163.35,157.25,157.55,157.85,160.66,"37,13,745","59,66,46,629.95","24,270","18,37,298",49.47
TATAGLOBAL,EQ,2014-11-20,157.85,157.1,158.1,154.6,156.95,156.95,156.54,"16,70,273","26,14,64,917.60","12,994","6,73,280",40.31
TATAGLOBAL,EQ,2014-11-21,156.95,157.2,158.9,156.1,156.75,156.75,157.26,"15,41,039","24,23,46,141.70","12,399","6,43,026",41.73
TATAGLOBAL,EQ,2014-11-24,156.75,157.0,158.3,155.75,156.6,156.95,156.76,"18,32,296","28,72,27,519.20","12,520","7,58,433",41.39
TATAGLOBAL,EQ,2014-11-25,156.95,157.2,157.55,152.5,154.2,154.2,154.11,"17,04,935","26,27,55,912.85","13,004","6,96,146",40.83
TATAGLOBAL,EQ,2014-11-26,154.2,154.05,155.8,153.25,154.9,155.3,154.8,"16,34,296","25,29,81,726.20","9,887","8,05,424",49.28
TATAGLOBAL,EQ,2014-11-27,155.3,159.5,162.4,155.7,161.7,161.0,160.09,"70,62,154","1,13,06,08,832.80","35,536","35,55,645",50.35
TATAGLOBAL,EQ,2014-11-28,161.0,162.25,163.9,159.65,161.2,161.3,161.67,"37,13,876","60,04,17,113.35","23,596","15,52,856",41.81
TATAGLOBAL,EQ,2014-12-01,161.3,161.85,162.9,159.25,159.6,159.55,160.61,"18,93,457","30,41,02,167.80","11,668","8,14,146",43.0
TATAGLOBAL,EQ,2014-12-02,159.55,159.7,164.25,157.2,164.0,163.35,161.27,"34,73,392","56,01,51,484.55","18,839","13,47,192",38.79
TATAGLOBAL,EQ,2014-12-03,163.35,164.9,165.9,162.75,162.95,163.25,164.18,"28,26,458","46,40,57,600.25","17,775","8,41,278",29.76
TATAGLOBAL,EQ,2014-12-04,163.25,163.7,164.2,161.4,163.15,163.4,162.83,"16,91,661","27,54,58,543.05","13,067","5,21,433",30.82
TATAGLOBAL,EQ,2014-12-05,163.4,163.5,164.8,160.65,160.65,161.1,162.88,"14,51,138","23,63,59,044.75","12,763","5,35,435",36.9
TATAGLOBAL,EQ,2014-12-08,161.1,160.95,161.45,157.7,158.15,158.3,159.42,"15,80,445","25,19,47,086.40","12,310","6,30,188",39.87
TATAGLOBAL,EQ,2014-12-09,158.3,158.75,158.85,154.1,154.7,154.85,156.16,"13,39,740","20,92,18,482.65","10,152","5,56,578",41.54
TATAGLOBAL,EQ,2014-12-10,154.85,154.0,157.4,154.0,156.05,156.0,156.07,"11,02,295","17,20,32,494.30","7,370","4,25,513",38.6
TATAGLOBAL,EQ,2014-12-11,156.0,156.0,157.2,154.4,155.35,155.65,155.86,"10,06,074","15,68,10,508.45","9,971","3,37,371",33.53
TATAGLOBAL,EQ,2014-12-12,155.65,155.2,157.0,152.5,152.8,152.95,155.08,"13,76,256","21,34,24,785.10","11,366","5,33,486",38.76
TATAGLOBAL,EQ,2014-12-15,152.95,152.1,154.2,151.4,151.5,151.6,152.38,"15,10,454","23,01,64,281.80","15,748","6,57,059",43.5
TATAGLOBAL,EQ,2014-12-16,151.6,150.7,152.2,143.3,144.55,144.25,147.55,"28,71,674","42,37,13,358.60","22,547","12,92,634",45.01
TATAGLOBAL,EQ,2014-12-17,144.25,144.3,145.85,137.05,145.25,145.0,142.94,"49,75,475","71,11,69,783.15","24,657","24,60,820",49.46
TATAGLOBAL,EQ,2014-12-18,145.0,146.45,149.0,146.35,147.6,147.5,147.81,"15,38,715","22,74,31,585.40","10,709","5,69,163",36.99
TATAGLOBAL,EQ,2014-12-19,147.5,148.5,149.7,146.55,147.35,147.4,147.95,"14,56,641","21,55,16,876.80","10,684","5,34,185",36.67
TATAGLOBAL,EQ,2014-12-22,147.4,147.55,148.25,145.6,147.7,147.5,147.06,"16,57,451","24,37,43,504.75","15,930","7,08,664",42.76
TATAGLOBAL,EQ,2014-12-23,147.5,147.8,149.05,146.75,148.7,148.3,147.98,"13,96,448","20,66,45,266.20","11,595","5,63,839",40.38
TATAGLOBAL,EQ,2014-12-24,148.3,148.95,149.9,146.1,146.95,146.9,147.46,"69,40,283","1,02,34,08,563.80","20,982","41,35,008",59.58
TATAGLOBAL,EQ,2014-12-26,146.9,147.15,148.0,145.6,146.6,146.85,146.51,"9,99,836","14,64,88,716.10","6,520","3,50,116",35.02
TATAGLOBAL,EQ,2014-12-29,146.85,147.15,149.9,147.15,148.6,148.65,148.51,"9,13,003","13,55,87,090.40","7,811","2,96,809",32.51
TATAGLOBAL,EQ,2014-12-30,148.65,148.8,149.6,148.1,149.0,149.05,148.91,"7,47,441","11,13,02,566.15","6,402","2,78,761",37.3
TATAGLOBAL,EQ,2014-12-31,149.05,148.8,151.85,148.65,150.8,150.95,150.87,"13,47,935","20,33,65,611.50","10,029","6,42,607",47.67
TATAGLOBAL,EQ,2015-01-01,150.95,150.95,151.75,150.35,150.5,150.7,151.05,"5,35,692","8,09,15,105.70","3,852","2,57,022",47.98
TATAGLOBAL,EQ,2015-01-02,150.7,150.9,153.2,150.55,153.0,152.5,152.42,"20,43,127","31,14,04,214.40","18,737","12,28,602",60.13
TATAGLOBAL,EQ,2015-01-05,152.5,151.65,154.5,151.65,153.15,152.95,153.03,"18,73,161","28,66,56,179.80","9,788","11,59,558",61.9
TATAGLOBAL,EQ,2015-01-06,152.95,151.95,151.95,147.0,148.55,148.15,149.17,"23,90,258","35,65,59,495.65","12,182","15,61,391",65.32
TATAGLOBAL,EQ,2015-01-07,148.15,147.2,149.2,146.0,148.55,148.45,147.66,"27,70,541","40,90,98,920.50","11,069","17,67,353",63.79
TATAGLOBAL,EQ,2015-01-08,148.45,149.9,154.5,149.5,154.0,153.7,152.7,"22,92,977","35,01,38,898.40","14,435","11,58,928",50.54
TATAGLOBAL,EQ,2015-01-09,153.7,154.5,157.7,153.3,155.1,155.6,155.1,"40,13,444","62,24,83,018.80","24,558","22,49,648",56.05
TATAGLOBAL,EQ,2015-01-12,155.6,156.35,158.7,155.2,156.85,157.35,157.28,"16,47,105","25,90,48,709.55","11,530","8,35,700",50.74
TATAGLOBAL,EQ,2015-01-13,157.35,157.55,157.9,154.2,155.4,155.25,155.12,"15,58,189","24,17,13,765.30","8,690","7,87,308",50.53
TATAGLOBAL,EQ,2015-01-14,155.25,155.05,157.0,153.8,154.85,154.85,154.73,"13,83,172","21,40,11,434.75","9,027","7,05,111",50.98
TATAGLOBAL,EQ,2015-01-15,154.85,156.6,157.6,154.05,155.15,155.65,156.1,"11,83,917","18,48,09,794.00","14,749","5,39,793",45.59
TATAGLOBAL,EQ,2015-01-16,155.65,155.0,155.75,153.75,154.75,154.3,154.48,"12,99,810","20,07,98,373.95","14,227","7,33,843",56.46
TATAGLOBAL,EQ,2015-01-19,154.3,154.3,157.8,154.3,156.4,156.55,156.32,"10,00,172","15,63,51,706.85","7,495","4,09,641",40.96
TATAGLOBAL,EQ,2015-01-20,156.55,156.8,157.45,155.6,156.8,156.35,156.48,"12,11,357","18,95,52,539.65","11,284","5,71,891",47.21
TATAGLOBAL,EQ,2015-01-21,156.35,157.4,159.4,156.65,158.0,158.0,158.11,"26,96,995","42,64,26,689.85","19,549","11,46,141",42.5
TATAGLOBAL,EQ,2015-01-22,158.0,157.1,160.6,157.1,159.05,158.85,158.8,"23,26,838","36,95,00,662.30","18,186","13,51,910",58.1
TATAGLOBAL,EQ,2015-01-23,158.85,159.15,162.15,156.9,160.5,161.15,159.7,"24,37,301","38,92,41,451.70","15,494","11,01,807",45.21
TATAGLOBAL,EQ,2015-01-27,161.15,161.0,162.0,158.6,159.3,159.4,159.95,"16,34,586","26,14,45,140.50","16,325","8,28,911",50.71
TATAGLOBAL,EQ,2015-01-28,159.4,158.8,159.9,157.65,158.45,158.75,158.62,"18,19,031","28,85,36,623.85","10,775","8,47,542",46.59
TATAGLOBAL,EQ,2015-01-29,158.75,158.95,160.75,157.3,157.9,158.25,158.54,"28,23,390","44,76,22,281.15","16,943","14,71,042",52.1
TATAGLOBAL,EQ,2015-01-30,158.25,158.95,162.4,154.05,159.75,158.7,158.51,"40,94,370","64,90,15,149.00","22,613","12,71,696",31.06
TATAGLOBAL,EQ,2015-02-02,158.7,157.9,167.75,157.75,163.45,163.6,164.13,"54,23,705","89,01,67,418.50","28,803","20,84,714",38.44
TATAGLOBAL,EQ,2015-02-03,163.6,164.0,164.5,159.2,160.0,160.45,161.42,"19,27,234","31,10,98,576.55","14,237","5,31,415",27.57
TATAGLOBAL,EQ,2015-02-04,160.45,160.7,163.1,157.65,158.4,158.55,160.54,"15,67,779","25,16,83,454.95","10,874","5,84,153",37.26
TATAGLOBAL,EQ,2015-02-05,158.55,159.25,159.8,153.5,154.2,154.75,156.37,"24,03,931","37,59,08,523.70","10,917","12,86,225",53.51
TATAGLOBAL,EQ,2015-02-06,154.75,154.4,154.7,151.55,153.0,152.4,152.74,"13,92,578","21,26,96,622.95","11,001","4,74,743",34.09
TATAGLOBAL,EQ,2015-02-09,152.4,151.5,152.9,148.7,149.35,149.55,150.24,"14,70,539","22,09,29,694.55","12,840","7,06,860",48.07
TATAGLOBAL,EQ,2015-02-10,149.55,148.9,153.15,148.0,151.8,151.55,150.98,"17,19,968","25,96,82,603.70","17,190","6,77,765",39.41
TATAGLOBAL,EQ,2015-02-11,151.55,151.2,154.7,151.2,154.65,154.35,153.32,"11,31,718","17,35,13,583.90","8,823","4,79,796",42.4
TATAGLOBAL,EQ,2015-02-12,154.35,154.95,156.8,153.2,155.5,155.2,154.89,"17,27,098","26,75,01,911.05","10,925","8,18,089",47.37
TATAGLOBAL,EQ,2015-02-13,155.2,155.65,158.95,154.85,157.3,157.4,157.32,"15,65,871","24,63,47,738.80","10,875","5,95,044",38.0
TATAGLOBAL,EQ,2015-02-16,157.4,157.85,157.95,154.75,155.3,155.15,156.1,"6,96,970","10,87,98,496.50","4,935","1,64,776",23.64
TATAGLOBAL,EQ,2015-02-18,155.15,155.5,158.0,155.05,156.6,156.85,157.09,"11,22,120","17,62,77,730.50","8,061","5,87,776",52.38
TATAGLOBAL,EQ,2015-02-19,156.85,157.4,158.5,154.45,157.25,157.0,156.94,"13,77,032","21,61,16,288.00","8,451","5,15,284",37.42
TATAGLOBAL,EQ,2015-02-20,157.0,157.75,162.25,156.6,159.8,159.7,160.2,"28,86,605","46,24,44,951.75","16,665","9,87,802",34.22
TATAGLOBAL,EQ,2015-02-23,159.7,160.95,161.5,155.3,155.5,155.95,158.52,"16,14,558","25,59,43,867.60","11,227","5,85,854",36.29
TATAGLOBAL,EQ,2015-02-24,155.95,156.0,157.3,153.6,154.9,155.55,155.06,"14,04,899","21,78,49,091.20","12,237","4,81,747",34.29
TATAGLOBAL,EQ,2015-02-25,155.55,155.55,156.25,153.1,153.9,153.5,154.45,"15,46,220","23,88,08,916.20","8,527","8,49,522",54.94
TATAGLOBAL,EQ,2015-02-26,153.5,153.9,154.5,151.9,153.5,152.55,153.04,"29,60,597","45,31,00,745.65","21,288","17,35,607",58.62
TATAGLOBAL,EQ,2015-02-27,152.55,153.4,156.55,153.15,156.45,156.05,155.38,"15,40,677","23,93,90,403.25","15,092","7,52,549",48.85
TATAGLOBAL,EQ,2015-02-28,156.05,156.75,157.0,152.8,155.3,154.9,154.82,"8,16,168","12,63,62,370.20","7,080","1,94,731",23.86
TATAGLOBAL,EQ,2015-03-02,154.9,155.5,158.9,155.0,158.5,158.35,157.02,"12,11,587","19,02,40,328.55","13,564","5,11,156",42.19
TATAGLOBAL,EQ,2015-03-03,158.35,158.5,164.9,157.15,163.2,163.55,162.04,"43,14,580","69,91,32,250.00","26,441","19,26,115",44.64
TATAGLOBAL,EQ,2015-03-04,163.55,164.0,164.35,157.0,157.2,158.35,160.75,"22,04,041","35,43,10,599.80","18,399","8,50,332",38.58
TATAGLOBAL,EQ,2015-03-05,158.35,157.9,161.4,156.1,159.35,159.3,158.82,"14,19,036","22,53,67,709.75","14,325","4,10,496",28.93
TATAGLOBAL,EQ,2015-03-09,159.3,159.05,162.85,157.25,158.8,159.05,160.81,"22,81,047","36,68,10,326.50","18,557","7,19,540",31.54
TATAGLOBAL,EQ,2015-03-10,159.05,159.65,161.0,155.8,157.75,157.25,158.85,"13,54,766","21,51,98,892.65","18,169","4,22,585",31.19
TATAGLOBAL,EQ,2015-03-11,157.25,157.35,159.5,156.7,157.5,157.85,158.02,"17,73,712","28,02,86,255.20","21,601","6,07,239",34.24
TATAGLOBAL,EQ,2015-03-12,157.85,158.5,161.4,157.85,160.2,160.0,159.91,"21,30,596","34,06,93,956.45","18,636","8,04,807",37.77
TATAGLOBAL,EQ,2015-03-13,160.0,160.95,161.1,153.55,155.25,154.85,156.26,"22,48,388","35,13,26,351.20","16,358","8,88,686",39.53
TATAGLOBAL,EQ,2015-03-16,154.85,154.95,155.65,152.85,155.0,154.75,154.09,"13,43,251","20,69,88,257.85","9,359","5,34,630",39.8
TATAGLOBAL,EQ,2015-03-17,154.75,155.25,157.3,155.25,156.5,156.7,156.17,"14,16,285","22,11,86,766.25","11,160","5,73,177",40.47
TATAGLOBAL,EQ,2015-03-18,156.7,156.9,158.25,155.4,155.8,155.85,156.85,"12,68,390","19,89,44,128.30","12,430","4,91,962",38.79
TATAGLOBAL,EQ,2015-03-19,155.85,156.65,157.35,152.7,153.1,153.85,154.46,"17,76,564","27,44,13,873.20","9,524","9,32,525",52.49
TATAGLOBAL,EQ,2015-03-20,153.85,153.75,153.75,149.0,149.75,149.95,150.59,"18,34,524","27,62,52,036.70","17,811","8,00,467",43.63
TATAGLOBAL,EQ,2015-03-23,149.95,149.8,150.55,146.9,147.0,147.2,148.2,"12,29,406","18,21,98,760.80","15,199","4,86,887",39.6
TATAGLOBAL,EQ,2015-03-24,147.2,147.35,148.95,146.2,148.5,147.95,147.7,"13,28,198","19,61,72,778.50","12,046","7,01,751",52.83
TATAGLOBAL,EQ,2015-03-25,147.95,148.0,149.4,147.75,149.0,149.0,148.57,"15,66,031","23,26,57,435.10","10,444","8,88,579",56.74
TATAGLOBAL,EQ,2015-03-26,149.0,148.05,149.55,146.5,147.25,147.3,148.43,"20,29,247","30,12,11,255.95","11,050","13,52,856",66.67
TATAGLOBAL,EQ,2015-03-27,147.3,148.45,149.2,142.7,145.75,145.75,145.43,"20,99,157","30,52,80,466.85","19,974","11,56,635",55.1
TATAGLOBAL,EQ,2015-03-30,145.75,147.1,150.25,146.55,150.25,149.75,148.28,"8,18,899","12,14,30,380.65","5,813","3,01,837",36.86
TATAGLOBAL,EQ,2015-03-31,149.75,150.25,151.2,148.3,148.85,148.8,149.85,"13,83,972","20,73,89,232.60","13,192","7,52,878",54.4
TATAGLOBAL,EQ,2015-04-01,148.8,148.8,151.95,148.8,151.0,151.1,150.85,"5,75,050","8,67,44,252.25","4,920","2,23,828",38.92
TATAGLOBAL,EQ,2015-04-06,151.1,151.95,152.1,149.8,152.1,151.45,150.96,"8,43,471","12,73,34,217.50","6,731","5,23,006",62.01
TATAGLOBAL,EQ,2015-04-07,151.45,152.4,152.4,149.9,151.25,151.1,151.23,"18,10,409","27,37,88,847.45","16,598","11,06,452",61.12
TATAGLOBAL,EQ,2015-04-08,151.1,151.8,153.7,150.8,151.9,151.6,152.17,"11,42,129","17,37,96,322.55","7,131","5,44,792",47.7
TATAGLOBAL,EQ,2015-04-09,151.6,152.35,153.0,151.0,151.95,152.05,152.04,"8,52,909","12,96,79,863.25","6,390","4,13,605",48.49
TATAGLOBAL,EQ,2015-04-10,152.05,152.7,162.5,152.05,160.9,161.2,159.52,"63,49,564","1,01,28,78,336.80","33,468","29,24,788",46.06
TATAGLOBAL,EQ,2015-04-13,161.2,161.65,162.75,158.6,160.55,161.5,160.7,"31,22,578","50,17,83,083.00","19,344","14,65,324",46.93
TATAGLOBAL,EQ,2015-04-15,161.5,161.45,163.5,157.85,158.65,158.95,160.9,"42,15,595","67,82,76,704.60","24,861","19,34,245",45.88
TATAGLOBAL,EQ,2015-04-16,158.95,158.9,160.25,156.05,159.35,159.3,158.51,"13,73,494","21,77,08,711.30","10,650","3,62,001",26.36
TATAGLOBAL,EQ,2015-04-17,159.3,159.25,161.2,157.0,157.25,157.55,159.19,"12,23,180","19,47,21,159.85","7,609","3,45,391",28.24
TATAGLOBAL,EQ,2015-04-20,157.55,157.3,157.75,151.2,152.9,153.25,153.82,"17,53,170","26,96,66,884.50","9,109","7,94,283",45.31
TATAGLOBAL,EQ,2015-04-21,153.25,152.9,154.65,149.65,150.2,150.2,151.47,"30,96,387","46,90,09,652.60","26,213","17,77,121",57.39
TATAGLOBAL,EQ,2015-04-22,150.2,150.9,151.75,145.85,148.85,149.65,149.17,"27,19,219","40,56,14,751.75","13,746","11,27,843",41.48
TATAGLOBAL,EQ,2015-04-23,149.65,151.0,152.5,149.9,150.0,150.2,151.09,"23,12,755","34,94,39,167.60","11,786","9,44,622",40.84
TATAGLOBAL,EQ,2015-04-24,150.2,150.65,150.65,146.2,146.7,147.25,148.24,"11,79,218","17,48,11,603.10","7,260","5,15,683",43.73
TATAGLOBAL,EQ,2015-04-27,147.25,147.65,148.15,141.4,141.8,142.15,143.01,"30,07,045","43,00,52,429.65","24,317","15,05,923",50.08
TATAGLOBAL,EQ,2015-04-28,142.15,141.6,144.15,141.0,141.9,141.95,142.3,"37,01,269","52,66,82,760.05","13,696","23,18,971",62.65
TATAGLOBAL,EQ,2015-04-29,141.95,142.25,143.35,141.5,142.4,142.55,142.54,"18,36,583","26,17,77,798.65","12,043","9,66,764",52.64
TATAGLOBAL,EQ,2015-04-30,142.55,142.25,143.15,140.4,142.8,142.1,141.94,"24,56,804","34,87,14,376.05","12,987","11,13,030",45.3
TATAGLOBAL,EQ,2015-05-04,142.1,143.4,144.9,142.55,143.45,143.55,143.55,"11,03,984","15,84,73,127.00","8,025","3,56,616",32.3
TATAGLOBAL,EQ,2015-05-05,143.55,143.85,145.9,143.5,144.6,144.55,144.72,"17,85,800","25,84,34,358.00","8,689","5,96,635",33.41
TATAGLOBAL,EQ,2015-05-06,144.55,144.25,144.95,138.75,139.9,139.8,140.6,"22,81,538","32,07,89,964.95","14,355","10,73,079",47.03
TATAGLOBAL,EQ,2015-05-07,139.8,139.0,140.45,136.6,137.65,137.75,138.41,"23,66,296","32,75,21,821.50","12,569","11,44,694",48.37
TATAGLOBAL,EQ,2015-05-08,137.75,139.0,141.85,138.3,140.95,141.05,140.63,"15,72,681","22,11,63,915.60","12,499","6,93,644",44.11
TATAGLOBAL,EQ,2015-05-11,141.05,141.4,143.9,140.55,143.1,143.35,142.4,"23,41,680","33,34,45,276.65","12,540","11,36,659",48.54
TATAGLOBAL,EQ,2015-05-12,143.35,143.3,145.5,139.4,142.65,142.85,142.52,"30,19,872","43,03,90,548.15","17,310","16,34,762",54.13
TATAGLOBAL,EQ,2015-05-13,142.85,143.15,145.9,143.05,144.25,144.55,144.48,"22,27,212","32,17,76,785.10","11,607","10,59,764",47.58
TATAGLOBAL,EQ,2015-05-14,144.55,145.05,146.9,143.65,146.45,146.3,145.99,"13,73,721","20,05,46,668.00","15,009","6,99,835",50.94
TATAGLOBAL,EQ,2015-05-15,146.3,146.85,148.5,145.45,146.1,147.4,146.85,"22,32,739","32,78,77,739.85","14,492","10,32,068",46.22
TATAGLOBAL,EQ,2015-05-18,147.4,147.75,150.45,147.65,147.95,147.95,148.69,"14,97,623","22,26,75,344.70","9,309","4,70,764",31.43
TATAGLOBAL,EQ,2015-05-19,147.95,147.8,149.25,146.8,147.45,147.55,148.28,"11,38,811","16,88,58,126.10","10,532","4,57,599",40.18
TATAGLOBAL,EQ,2015-05-20,147.55,147.45,148.75,144.55,146.05,145.95,146.74,"16,48,427","24,18,83,362.30","8,778","7,57,196",45.93
TATAGLOBAL,EQ,2015-05-21,145.95,146.15,147.5,145.05,146.85,146.65,146.32,"7,02,795","10,28,35,275.15","9,732","2,19,968",31.3
TATAGLOBAL,EQ,2015-05-22,146.65,147.0,149.15,146.55,147.8,147.95,148.15,"10,10,894","14,97,67,588.40","9,967","4,78,869",47.37
TATAGLOBAL,EQ,2015-05-25,147.95,147.5,149.45,146.75,146.75,147.45,148.21,"8,72,187","12,92,69,019.75","8,689","2,85,107",32.69
TATAGLOBAL,EQ,2015-05-26,147.45,146.8,149.7,146.8,148.5,148.8,148.62,"11,18,631","16,62,47,300.65","9,150","4,19,374",37.49
TATAGLOBAL,EQ,2015-05-27,148.8,147.4,150.0,147.4,148.95,148.7,148.86,"9,09,189","13,53,39,366.50","7,471","2,88,933",31.78
TATAGLOBAL,EQ,2015-05-28,148.7,149.4,150.3,143.0,144.6,144.9,146.07,"51,32,085","74,96,33,293.90","21,826","22,18,710",43.23
TATAGLOBAL,EQ,2015-05-29,144.9,143.05,146.65,143.05,146.1,146.25,145.1,"13,43,454","19,49,39,181.80","8,002","6,64,708",49.48
TATAGLOBAL,EQ,2015-06-01,146.25,145.3,146.4,144.8,145.05,145.15,145.32,"5,69,531","8,27,64,018.20","6,645","2,20,743",38.76
TATAGLOBAL,EQ,2015-06-02,145.15,145.0,145.75,140.0,140.05,140.8,142.77,"20,77,218","29,65,55,606.65","11,191","12,94,322",62.31
TATAGLOBAL,EQ,2015-06-03,140.8,140.6,141.2,136.5,137.0,137.35,138.37,"22,71,136","31,42,58,430.70","9,327","13,93,774",61.37
TATAGLOBAL,EQ,2015-06-04,137.35,137.65,138.6,136.0,138.05,137.75,137.25,"21,32,044","29,26,24,634.70","12,651","12,22,787",57.35
TATAGLOBAL,EQ,2015-06-05,137.75,137.9,139.7,136.85,138.2,138.5,138.44,"7,56,591","10,47,42,170.50","5,621","3,32,834",43.99
TATAGLOBAL,EQ,2015-06-08,138.5,138.8,138.8,134.0,134.9,134.85,135.09,"19,37,914","26,17,88,619.65","15,852","8,94,382",46.15
TATAGLOBAL,EQ,2015-06-09,134.85,135.0,138.9,134.0,137.2,137.55,136.75,"8,77,704","12,00,24,003.05","8,407","3,15,432",35.94
TATAGLOBAL,EQ,2015-06-10,137.55,137.6,138.7,136.0,136.4,136.6,137.03,"7,99,419","10,95,41,358.80","5,607","2,84,045",35.53
TATAGLOBAL,EQ,2015-06-11,136.6,137.0,137.75,133.6,133.9,134.4,135.49,"15,86,596","21,49,61,540.25","9,138","8,37,673",52.8
TATAGLOBAL,EQ,2015-06-12,134.4,133.6,134.45,125.7,127.9,128.15,129.56,"26,41,286","34,22,09,661.35","16,253","9,56,720",36.22
TATAGLOBAL,EQ,2015-06-15,128.15,127.85,130.9,127.1,128.5,129.1,128.81,"19,33,262","24,90,29,647.95","12,180","6,62,522",34.27
TATAGLOBAL,EQ,2015-06-16,129.1,128.95,129.5,126.8,129.15,128.7,127.99,"13,41,209","17,16,65,318.55","9,169","5,63,249",42.0
TATAGLOBAL,EQ,2015-06-17,128.7,129.3,134.15,128.85,132.15,132.35,132.26,"22,39,733","29,62,17,630.85","17,076","11,04,987",49.34
TATAGLOBAL,EQ,2015-06-18,132.35,132.95,133.9,132.3,133.2,132.6,133.14,"9,70,883","12,92,66,539.30","5,806","5,44,387",56.07
TATAGLOBAL,EQ,2015-06-19,132.6,133.2,136.2,132.65,134.05,133.75,134.63,"12,78,156","17,20,83,132.45","8,565","3,31,389",25.93
TATAGLOBAL,EQ,2015-06-22,133.75,133.75,136.45,133.7,134.9,135.0,135.2,"10,19,044","13,77,74,935.90","8,463","5,52,117",54.18
TATAGLOBAL,EQ,2015-06-23,135.0,135.6,135.9,133.0,134.0,133.85,134.1,"21,15,793","28,37,30,800.35","9,973","12,73,558",60.19
TATAGLOBAL,EQ,2015-06-24,133.85,133.35,135.25,132.5,133.0,133.2,133.9,"16,96,146","22,71,11,267.75","10,894","5,45,092",32.14
TATAGLOBAL,EQ,2015-06-25,133.2,132.9,136.4,132.6,136.0,135.7,134.77,"27,36,280","36,87,65,260.45","12,653","14,97,042",54.71
TATAGLOBAL,EQ,2015-06-26,135.7,133.2,135.0,132.3,133.55,133.85,133.58,"9,28,889","12,40,79,966.40","6,039","3,82,858",41.22
TATAGLOBAL,EQ,2015-06-29,133.85,132.0,132.0,128.2,129.6,129.55,129.45,"13,97,938","18,09,60,124.20","14,992","6,03,041",43.14
TATAGLOBAL,EQ,2015-06-30,129.55,129.75,132.75,129.15,132.0,132.2,131.47,"43,32,991","56,96,62,352.50","9,723","15,74,618",36.34
TATAGLOBAL,EQ,2015-07-01,132.2,132.5,136.1,131.3,134.95,135.55,134.44,"26,67,661","35,86,44,303.80","10,781","18,87,665",70.76
TATAGLOBAL,EQ,2015-07-02,135.55,135.45,138.05,135.1,136.9,137.1,136.92,"18,26,569","25,00,99,618.25","10,259","9,72,344",53.23
TATAGLOBAL,EQ,2015-07-03,137.1,137.5,138.6,135.25,135.8,136.1,136.73,"10,32,972","14,12,33,109.15","6,706","3,85,715",37.34
TATAGLOBAL,EQ,2015-07-06,136.1,133.1,135.6,132.2,134.9,135.0,133.87,"12,60,314","16,87,12,275.75","7,617","4,79,603",38.05
TATAGLOBAL,EQ,2015-07-07,135.0,135.6,141.65,135.1,138.05,138.2,138.96,"31,33,999","43,55,12,896.40","21,438","11,62,602",37.1
TATAGLOBAL,EQ,2015-07-08,138.2,136.1,138.0,134.2,134.65,134.9,135.72,"16,08,817","21,83,56,653.90","9,878","5,87,428",36.51
TATAGLOBAL,EQ,2015-07-09,134.9,134.9,135.7,133.2,134.45,133.95,134.7,"10,49,069","14,13,09,890.30","6,121","4,72,992",45.09
TATAGLOBAL,EQ,2015-07-10,133.95,134.8,135.6,133.8,134.7,134.55,134.54,"15,90,741","21,40,21,748.65","13,587","11,28,740",70.96
TATAGLOBAL,EQ,2015-07-13,134.55,134.9,137.8,134.25,136.8,136.8,136.48,"17,20,786","23,48,59,483.05","9,391","10,40,360",60.46
TATAGLOBAL,EQ,2015-07-14,136.8,137.0,138.2,135.75,137.1,137.05,137.12,"19,74,367","27,07,29,583.30","8,824","12,53,939",63.51
TATAGLOBAL,EQ,2015-07-15,137.05,137.5,139.5,136.6,138.5,138.15,138.13,"15,30,200","21,13,73,798.45","8,980","7,87,503",51.46
TATAGLOBAL,EQ,2015-07-16,138.15,138.95,138.95,136.6,138.05,138.0,137.83,"8,04,974","11,09,53,520.15","6,430","2,52,823",31.41
TATAGLOBAL,EQ,2015-07-17,138.0,138.9,140.0,137.25,138.75,139.0,138.53,"21,08,950","29,21,62,730.00","13,412","12,62,204",59.85
TATAGLOBAL,EQ,2015-07-20,139.0,138.2,142.55,138.2,141.45,141.75,141.1,"23,94,358","33,78,35,196.40","14,655","13,39,970",55.96
TATAGLOBAL,EQ,2015-07-21,141.75,140.1,141.9,136.9,137.25,137.5,139.56,"19,65,237","27,42,65,416.60","11,598","11,78,162",59.95
TATAGLOBAL,EQ,2015-07-22,137.5,137.0,140.0,134.5,139.5,139.5,139.22,"13,10,150","18,23,96,443.10","10,470","8,20,474",62.62
TATAGLOBAL,EQ,2015-07-23,139.5,139.95,142.2,139.4,140.85,140.85,141.31,"20,09,103","28,39,12,708.90","13,282","9,36,944",46.63
TATAGLOBAL,EQ,2015-07-24,140.85,140.85,142.3,140.1,140.25,140.8,141.13,"15,42,474","21,76,94,183.80","12,915","9,99,065",64.77
TATAGLOBAL,EQ,2015-07-27,140.8,140.6,140.6,136.75,137.3,137.55,138.07,"12,45,996","17,20,29,427.15","11,128","6,75,453",54.21
TATAGLOBAL,EQ,2015-07-28,137.55,137.8,138.5,136.15,137.25,137.45,137.4,"12,94,926","17,79,17,401.60","11,517","6,27,087",48.43
TATAGLOBAL,EQ,2015-07-29,137.45,138.15,138.9,137.25,138.75,138.65,138.15,"11,50,281","15,89,07,674.85","8,358","6,47,938",56.33
TATAGLOBAL,EQ,2015-07-30,138.65,137.7,137.7,135.5,137.15,137.15,136.5,"18,48,759","25,23,61,305.10","9,750","11,49,846",62.2
TATAGLOBAL,EQ,2015-07-31,137.15,136.0,142.8,135.35,140.0,140.2,140.09,"23,28,615","32,62,18,321.40","14,266","9,82,271",42.18
TATAGLOBAL,EQ,2015-08-03,140.2,141.4,143.85,140.25,140.8,140.85,141.91,"16,73,236","23,74,56,655.25","10,833","6,48,856",38.78
TATAGLOBAL,EQ,2015-08-04,140.85,143.4,144.75,141.0,143.05,143.3,142.94,"21,17,898","30,27,32,560.00","12,497","8,39,803",39.65
TATAGLOBAL,EQ,2015-08-05,143.3,144.2,144.65,141.8,142.2,142.15,142.94,"15,50,830","22,16,78,438.05","7,932","7,69,686",49.63
TATAGLOBAL,EQ,2015-08-06,142.15,142.0,147.3,141.0,143.5,143.75,143.92,"38,35,649","55,20,39,688.40","18,391","9,68,295",25.24
TATAGLOBAL,EQ,2015-08-07,143.75,142.95,145.0,141.6,141.75,141.95,142.81,"9,92,867","14,17,94,931.55","6,333","3,36,772",33.92
TATAGLOBAL,EQ,2015-08-10,141.95,142.0,142.65,138.25,138.85,138.95,140.4,"12,48,444","17,52,86,833.20","5,806","7,50,410",60.11
TATAGLOBAL,EQ,2015-08-11,138.95,139.2,140.8,136.2,136.8,137.7,137.89,"12,69,206","17,50,13,686.20","7,223","7,25,246",57.14
TATAGLOBAL,EQ,2015-08-12,137.7,137.7,137.7,132.1,132.8,133.05,134.88,"11,97,225","16,14,86,607.80","9,479","5,03,367",42.04
TATAGLOBAL,EQ,2015-08-13,133.05,134.5,134.75,129.4,130.1,130.0,131.96,"10,74,691","14,18,20,661.40","7,039","4,55,563",42.39
TATAGLOBAL,EQ,2015-08-14,130.0,131.2,133.7,129.75,132.2,132.1,131.92,"17,14,304","22,61,47,685.05","9,348","6,90,385",40.27
TATAGLOBAL,EQ,2015-08-17,132.1,132.5,132.9,130.7,131.3,131.0,131.51,"7,98,673","10,50,35,455.65","5,737","3,79,235",47.48
TATAGLOBAL,EQ,2015-08-18,131.0,134.2,136.4,132.55,134.35,134.15,134.44,"21,89,190","29,43,20,114.80","12,487","6,40,520",29.26
TATAGLOBAL,EQ,2015-08-19,134.15,134.5,134.8,131.5,132.75,133.8,133.12,"15,04,926","20,03,37,016.25","6,788","7,34,261",48.79
TATAGLOBAL,EQ,2015-08-20,133.8,133.3,135.0,131.75,132.5,132.9,132.97,"13,54,813","18,01,52,953.30","7,151","6,65,822",49.14
TATAGLOBAL,EQ,2015-08-21,132.9,131.5,132.2,127.0,130.0,130.4,130.27,"10,43,785","13,59,78,833.70","7,259","3,88,022",37.17
TATAGLOBAL,EQ,2015-08-24,130.4,128.9,128.9,112.5,115.5,114.85,120.47,"37,63,375","45,33,73,640.10","22,217","18,57,876",49.37
TATAGLOBAL,EQ,2015-08-25,114.85,116.1,119.4,108.55,117.75,117.55,114.92,"50,56,575","58,10,86,386.95","23,800","29,32,466",57.99
TATAGLOBAL,EQ,2015-08-26,117.55,117.95,119.8,115.15,116.7,117.3,118.0,"14,04,188","16,56,95,063.40","10,569","6,13,863",43.72
TATAGLOBAL,EQ,2015-08-27,117.3,119.25,119.45,115.9,116.3,116.35,116.81,"68,57,158","80,09,99,684.00","43,974","53,41,118",77.89
TATAGLOBAL,EQ,2015-08-28,116.35,118.35,120.4,117.0,117.85,118.15,118.78,"34,90,011","41,45,58,078.95","31,109","18,52,128",53.07
TATAGLOBAL,EQ,2015-08-31,118.15,117.8,120.15,116.85,119.7,119.6,119.12,"20,10,188","23,94,47,290.70","22,387","11,06,378",55.04
TATAGLOBAL,EQ,2015-09-01,119.6,118.75,118.75,114.05,115.05,115.2,116.47,"27,16,732","31,64,18,280.55","25,103","15,25,334",56.15
TATAGLOBAL,EQ,2015-09-02,115.2,116.1,119.35,115.5,118.65,118.85,118.17,"19,27,201","22,77,35,639.85","20,718","10,52,342",54.6
TATAGLOBAL,EQ,2015-09-03,118.85,120.75,125.0,119.0,124.6,124.15,123.11,"46,88,477","57,72,21,737.90","34,345","25,01,422",53.35
TATAGLOBAL,EQ,2015-09-04,124.15,124.55,124.55,116.75,120.75,120.2,119.95,"24,96,844","29,94,96,661.85","12,644","11,80,555",47.28
TATAGLOBAL,EQ,2015-09-07,120.2,121.6,122.45,118.35,119.9,120.45,120.52,"13,49,442","16,26,40,000.70","9,499","5,42,328",40.19
TATAGLOBAL,EQ,2015-09-08,120.45,121.4,122.1,117.0,120.7,120.95,119.64,"14,14,288","16,92,05,931.25","11,638","3,93,431",27.82
TATAGLOBAL,EQ,2015-09-09,120.95,122.1,124.5,121.55,123.2,123.65,123.64,"15,69,358","19,40,34,468.75","9,043","7,18,905",45.81
TATAGLOBAL,EQ,2015-09-10,123.65,122.0,124.6,120.0,123.35,123.75,122.44,"10,42,265","12,76,09,860.25","5,772","3,21,038",30.8
TATAGLOBAL,EQ,2015-09-11,123.75,124.8,125.3,122.7,122.95,123.25,123.95,"7,84,377","9,72,27,258.65","4,255","3,28,461",41.88
TATAGLOBAL,EQ,2015-09-14,123.25,124.1,124.5,121.65,124.1,124.05,123.02,"7,89,201","9,70,85,769.55","5,547","2,61,077",33.08
TATAGLOBAL,EQ,2015-09-15,124.05,124.05,126.45,124.05,125.0,125.4,125.26,"9,39,558","11,76,88,853.45","4,738","4,45,048",47.37
TATAGLOBAL,EQ,2015-09-16,125.4,126.95,126.95,122.15,123.0,123.1,123.52,"6,95,624","8,59,20,432.50","5,075","3,46,651",49.83
TATAGLOBAL,EQ,2015-09-18,123.1,124.0,126.0,122.9,125.3,125.45,124.77,"12,84,690","16,02,91,676.55","8,393","6,57,927",51.21
TATAGLOBAL,EQ,2015-09-21,125.45,123.05,126.2,123.05,125.3,125.5,125.41,"6,23,623","7,82,07,978.30","5,355","1,98,934",31.9
TATAGLOBAL,EQ,2015-09-22,125.5,126.2,127.0,122.9,124.0,123.9,124.95,"12,84,630","16,05,09,408.40","8,992","5,69,097",44.3
TATAGLOBAL,EQ,2015-09-23,123.9,123.35,125.35,122.25,124.95,125.0,124.04,"10,55,109","13,08,77,769.35","4,942","4,50,166",42.67
TATAGLOBAL,EQ,2015-09-24,125.0,124.8,125.95,123.65,124.0,124.2,124.38,"10,11,551","12,58,14,596.35","8,847","5,58,378",55.2
TATAGLOBAL,EQ,2015-09-28,124.2,125.0,128.0,123.8,127.1,127.1,126.67,"12,53,307","15,87,58,074.40","7,037","6,75,143",53.87
TATAGLOBAL,EQ,2015-09-29,127.1,126.5,127.6,123.1,126.0,126.6,125.7,"10,09,942","12,69,47,724.00","10,933","3,61,422",35.79
TATAGLOBAL,EQ,2015-09-30,126.6,127.4,129.4,126.65,127.65,127.8,128.01,"9,15,110","11,71,43,838.55","9,168","2,96,974",32.45
TATAGLOBAL,EQ,2015-10-01,127.8,128.95,131.2,127.4,129.85,130.05,129.34,"12,18,988","15,76,65,642.00","12,145","5,43,697",44.6
TATAGLOBAL,EQ,2015-10-05,130.05,131.45,132.45,130.1,131.85,131.85,131.37,"7,46,173","9,80,21,066.45","5,492","3,22,018",43.16
TATAGLOBAL,EQ,2015-10-06,131.85,132.5,132.55,129.6,130.8,130.55,131.0,"10,09,128","13,21,98,540.55","7,022","5,46,701",54.18
TATAGLOBAL,EQ,2015-10-07,130.55,132.1,133.95,131.6,132.6,133.05,132.77,"9,94,870","13,20,85,144.15","7,322","2,48,677",25.0
TATAGLOBAL,EQ,2015-10-08,133.05,134.9,134.9,131.85,133.8,133.35,133.09,"8,46,622","11,26,75,796.90","5,577","3,49,454",41.28
TATAGLOBAL,EQ,2015-10-09,133.35,134.0,135.35,133.35,134.6,134.7,134.77,"13,17,037","17,75,00,393.00","9,477","8,71,006",66.13
TATAGLOBAL,EQ,2015-10-12,134.7,135.0,136.0,133.9,134.5,134.55,134.8,"5,66,886","7,64,13,528.85","3,415","2,32,539",41.02
TATAGLOBAL,EQ,2015-10-13,134.55,134.55,134.7,131.7,132.05,132.3,133.05,"10,28,678","13,68,62,310.80","6,115","5,13,837",49.95
TATAGLOBAL,EQ,2015-10-14,132.3,133.0,135.0,132.4,134.2,134.0,134.01,"14,28,493","19,14,34,788.75","5,464","9,33,830",65.37
TATAGLOBAL,EQ,2015-10-15,134.0,134.2,135.0,133.2,134.3,134.7,134.18,"5,91,991","7,94,30,619.00","3,759","2,96,919",50.16
TATAGLOBAL,EQ,2015-10-16,134.7,135.0,135.2,132.6,133.65,134.0,133.72,"3,57,403","4,77,90,948.75","4,455","1,47,169",41.18
TATAGLOBAL,EQ,2015-10-19,134.0,133.6,135.1,133.25,134.45,134.7,134.48,"4,05,056","5,44,70,592.20","4,186","1,98,249",48.94
TATAGLOBAL,EQ,2015-10-20,134.7,134.7,141.9,134.65,139.0,139.4,139.59,"24,69,431","34,46,98,334.40","12,883","10,88,455",44.08
TATAGLOBAL,EQ,2015-10-21,139.4,139.7,139.7,135.6,137.45,137.55,137.78,"5,89,717","8,12,50,340.15","4,604","1,26,049",21.37
TATAGLOBAL,EQ,2015-10-23,137.55,138.7,140.0,136.85,138.0,137.8,138.35,"4,13,539","5,72,14,506.25","6,646","1,59,792",38.64
TATAGLOBAL,EQ,2015-10-26,137.8,138.4,140.2,137.2,138.9,138.9,139.05,"7,34,224","10,20,96,030.50","7,867","2,66,733",36.33
TATAGLOBAL,EQ,2015-10-27,138.9,138.7,139.1,135.1,135.55,135.8,136.52,"8,81,996","12,04,09,275.45","8,523","3,34,024",37.87
TATAGLOBAL,EQ,2015-10-28,135.8,135.8,136.95,135.0,135.75,135.6,135.99,"5,93,469","8,07,08,194.65","6,287","2,42,406",40.85
TATAGLOBAL,EQ,2015-10-29,135.6,135.9,138.5,134.8,136.05,135.9,136.49,"20,84,196","28,44,73,857.25","9,502","10,38,520",49.83
TATAGLOBAL,EQ,2015-10-30,135.9,137.0,137.25,131.0,134.4,133.45,134.47,"7,74,022","10,40,84,627.50","5,090","2,26,720",29.29
TATAGLOBAL,EQ,2015-11-02,133.45,134.0,135.0,130.95,132.6,132.65,132.27,"6,21,684","8,22,29,278.75","5,283","2,36,306",38.01
TATAGLOBAL,EQ,2015-11-03,132.65,133.3,134.15,130.8,131.5,131.75,132.29,"5,19,168","6,86,80,296.00","5,518","1,07,335",20.67
TATAGLOBAL,EQ,2015-11-04,131.75,132.0,133.5,131.4,131.85,131.75,132.58,"5,57,561","7,39,22,514.45","7,833","1,55,169",27.83
TATAGLOBAL,EQ,2015-11-05,131.75,131.75,132.6,127.5,127.5,128.0,129.99,"8,92,494","11,60,19,067.50","6,430","3,72,447",41.73
TATAGLOBAL,EQ,2015-11-06,128.0,126.8,128.25,124.75,125.85,125.85,126.25,"8,58,491","10,83,85,322.10","8,313","3,08,348",35.92
TATAGLOBAL,EQ,2015-11-09,125.85,124.9,129.45,123.0,129.15,128.8,128.01,"11,07,840","14,18,13,868.70","6,721","5,65,512",51.05
TATAGLOBAL,EQ,2015-11-10,128.8,127.3,128.45,125.3,125.7,125.7,126.66,"5,25,833","6,66,03,000.55","3,659","1,64,710",31.32
TATAGLOBAL,EQ,2015-11-11,125.7,126.7,130.0,126.7,128.2,127.9,127.81,"1,00,180","1,28,04,366.10",970,"53,793",53.7
TATAGLOBAL,EQ,2015-11-13,127.9,128.0,129.0,126.25,127.75,128.0,127.58,"7,37,584","9,40,97,721.05","5,884","4,55,961",61.82
TATAGLOBAL,EQ,2015-11-16,128.0,127.8,129.4,126.5,128.0,128.15,128.11,"5,80,961","7,44,29,713.70","6,102","2,74,742",47.29
TATAGLOBAL,EQ,2015-11-17,128.15,129.7,134.0,128.3,133.95,132.5,132.17,"11,52,357","15,23,05,267.75","9,623","2,81,285",24.41
TATAGLOBAL,EQ,2015-11-18,132.5,133.65,133.65,128.1,128.2,128.75,130.62,"9,22,793","12,05,33,052.00","7,558","3,35,181",36.32
TATAGLOBAL,EQ,2015-11-19,128.75,129.6,131.4,129.25,131.25,130.9,130.57,"4,88,288","6,37,57,700.60","4,253","1,54,303",31.6
TATAGLOBAL,EQ,2015-11-20,130.9,131.05,136.0,131.05,134.25,133.8,134.63,"11,49,754","15,47,91,367.15","10,473","3,76,779",32.77
TATAGLOBAL,EQ,2015-11-23,133.8,134.8,135.0,131.25,133.15,132.95,132.84,"8,42,444","11,19,08,933.25","5,589","2,48,242",29.47
TATAGLOBAL,EQ,2015-11-24,132.95,133.0,135.7,132.5,134.65,134.35,134.52,"6,13,392","8,25,12,811.25","6,809","2,01,322",32.82
TATAGLOBAL,EQ,2015-11-26,134.35,134.6,136.25,134.15,136.0,134.95,135.0,"19,04,180","25,70,62,075.65","14,785","11,42,370",59.99
TATAGLOBAL,EQ,2015-11-27,134.95,134.9,138.4,134.9,136.95,136.95,136.96,"11,52,280","15,78,14,603.70","8,211","4,30,611",37.37
TATAGLOBAL,EQ,2015-11-30,136.95,138.0,138.1,135.9,137.55,137.55,137.12,"8,49,968","11,65,47,739.50","7,373","2,92,024",34.36
TATAGLOBAL,EQ,2015-12-01,137.55,138.05,139.1,135.0,135.85,136.25,136.12,"9,11,482","12,40,70,243.00","6,237","2,98,191",32.71
TATAGLOBAL,EQ,2015-12-02,136.25,136.4,137.8,135.0,135.95,136.2,136.46,"5,65,383","7,71,53,386.00","4,607","1,23,766",21.89
TATAGLOBAL,EQ,2015-12-03,136.2,136.1,136.8,134.2,134.9,134.9,135.11,"6,89,892","9,32,09,970.35","3,762","2,81,737",40.84
TATAGLOBAL,EQ,2015-12-04,134.9,134.0,135.0,132.75,133.6,133.65,133.71,"7,58,581","10,14,28,402.40","5,058","3,69,496",48.71
TATAGLOBAL,EQ,2015-12-07,133.65,134.1,135.8,134.1,135.2,135.35,135.08,"4,76,940","6,44,24,535.45","3,381","2,35,934",49.47
TATAGLOBAL,EQ,2015-12-08,135.35,134.95,138.5,134.5,134.6,135.0,136.01,"12,71,238","17,28,99,941.35","6,673","5,91,648",46.54
TATAGLOBAL,EQ,2015-12-09,135.0,135.15,136.3,130.4,132.2,132.15,134.24,"11,52,536","15,47,18,932.05","4,962","6,49,106",56.32
TATAGLOBAL,EQ,2015-12-10,132.15,132.15,135.8,131.9,135.0,135.3,134.56,"7,04,236","9,47,58,653.10","3,624","3,24,707",46.11
TATAGLOBAL,EQ,2015-12-11,135.3,135.3,135.8,131.2,133.5,133.2,133.6,"8,36,942","11,18,17,811.20","3,128","4,24,343",50.7
TATAGLOBAL,EQ,2015-12-14,133.2,131.9,135.0,131.65,134.2,134.35,133.8,"7,73,849","10,35,44,424.75","7,456","3,28,083",42.4
TATAGLOBAL,EQ,2015-12-15,134.35,134.85,134.85,132.75,134.0,133.85,133.79,"5,89,790","7,89,07,974.00","4,126","1,85,981",31.53
TATAGLOBAL,EQ,2015-12-16,133.85,134.4,138.85,134.15,137.2,136.55,136.73,"11,91,657","16,29,29,416.25","7,703","3,89,380",32.68
TATAGLOBAL,EQ,2015-12-17,136.55,137.6,142.8,136.3,142.35,142.2,140.09,"17,07,401","23,91,92,677.50","12,453","4,60,396",26.96
TATAGLOBAL,EQ,2015-12-18,142.2,142.45,144.0,141.0,142.2,141.9,142.31,"11,47,660","16,33,27,379.10","7,726","3,54,465",30.89
TATAGLOBAL,EQ,2015-12-21,141.9,141.55,144.3,141.3,142.95,142.9,142.85,"10,40,800","14,86,74,348.35","6,702","2,84,475",27.33
TATAGLOBAL,EQ,2015-12-22,142.9,143.6,144.0,140.3,141.0,141.2,141.98,"6,09,093","8,64,76,895.90","7,345","3,10,945",51.05
TATAGLOBAL,EQ,2015-12-23,141.2,142.0,142.8,141.05,142.15,142.0,141.83,"5,61,726","7,96,71,569.90","5,568","2,97,325",52.93
TATAGLOBAL,EQ,2015-12-24,142.0,143.0,146.45,142.0,144.6,144.8,144.87,"14,28,993","20,70,13,960.90","13,052","5,02,096",35.14
TATAGLOBAL,EQ,2015-12-28,144.8,144.9,145.25,143.45,143.85,144.05,144.13,"7,80,709","11,25,27,220.15","4,080","4,15,675",53.24
TATAGLOBAL,EQ,2015-12-29,144.05,144.4,144.4,141.2,141.9,141.9,142.4,"12,60,484","17,94,94,465.10","6,117","6,63,499",52.64
TATAGLOBAL,EQ,2015-12-30,141.9,142.5,147.4,141.5,146.25,146.35,144.97,"17,46,109","25,31,27,465.65","11,462","6,13,674",35.15
TATAGLOBAL,EQ,2015-12-31,146.35,147.0,148.0,144.2,146.5,146.2,146.15,"14,64,755","21,40,74,180.95","11,235","5,59,529",38.2
TATAGLOBAL,EQ,2016-01-01,146.2,146.05,148.8,145.5,146.4,146.4,147.07,"7,81,067","11,48,71,024.05","5,012","3,82,784",49.01
TATAGLOBAL,EQ,2016-01-04,146.4,145.9,147.2,142.25,143.0,143.7,143.91,"9,50,484","13,67,84,077.15","6,768","3,69,558",38.88
TATAGLOBAL,EQ,2016-01-05,143.7,144.0,149.5,142.2,148.65,148.35,146.12,"15,02,760","21,95,83,745.05","9,260","4,09,423",27.24
TATAGLOBAL,EQ,2016-01-06,148.35,147.1,149.8,144.5,145.2,145.25,146.93,"8,34,054","12,25,46,538.25","6,150","1,99,370",23.9
TATAGLOBAL,EQ,2016-01-07,145.25,144.1,144.7,139.0,139.5,140.05,141.27,"10,34,747","14,61,83,744.50","5,865","2,93,247",28.34
TATAGLOBAL,EQ,2016-01-08,140.05,140.65,146.75,140.1,144.1,144.45,143.4,"12,84,440","18,41,83,664.20","8,489","1,53,167",11.92
TATAGLOBAL,EQ,2016-01-11,144.45,143.2,144.0,140.95,141.6,141.9,142.64,"12,01,860","17,14,29,986.50","11,937","4,42,034",36.78
TATAGLOBAL,EQ,2016-01-12,141.9,142.4,143.45,138.05,139.9,139.5,140.19,"13,53,097","18,96,91,985.35","8,052","3,60,660",26.65
TATAGLOBAL,EQ,2016-01-13,139.5,141.75,141.95,130.3,135.4,135.6,135.55,"19,07,971","25,86,27,532.85","14,137","4,59,035",24.06
TATAGLOBAL,EQ,2016-01-14,135.6,132.1,136.25,131.15,133.9,134.05,133.92,"14,31,102","19,16,52,862.90","8,957","3,25,309",22.73
TATAGLOBAL,EQ,2016-01-15,134.05,135.0,135.4,127.5,127.65,128.5,130.79,"17,56,768","22,97,60,571.20","11,079","6,76,971",38.54
TATAGLOBAL,EQ,2016-01-18,128.5,128.0,129.0,121.05,122.0,121.85,124.49,"20,65,711","25,71,55,103.65","10,761","8,00,366",38.75
TATAGLOBAL,EQ,2016-01-19,121.85,122.95,127.0,121.55,126.45,126.4,125.16,"14,11,260","17,66,27,665.85","15,679","5,61,251",39.77
TATAGLOBAL,EQ,2016-01-20,126.4,124.6,124.6,120.5,122.8,122.55,122.13,"12,78,069","15,60,90,561.65","10,382","2,88,317",22.56
TATAGLOBAL,EQ,2016-01-21,122.55,123.05,124.55,119.5,121.55,121.75,122.04,"13,22,358","16,13,85,298.45","10,284","4,27,671",32.34
TATAGLOBAL,EQ,2016-01-22,121.75,123.85,126.9,121.95,125.3,125.55,124.43,"10,84,192","13,49,04,959.25","7,592","3,59,272",33.14
TATAGLOBAL,EQ,2016-01-25,125.55,125.85,127.0,123.4,124.15,124.3,125.37,"6,82,689","8,55,90,629.95","5,149","1,50,919",22.11
TATAGLOBAL,EQ,2016-01-27,124.3,124.95,125.95,123.3,124.45,124.45,124.52,"6,55,053","8,15,65,004.50","4,793","2,14,539",32.75
TATAGLOBAL,EQ,2016-01-28,124.45,124.95,125.4,122.6,123.2,123.15,123.53,"15,39,708","19,01,94,313.05","6,946","9,78,051",63.52
TATAGLOBAL,EQ,2016-01-29,123.15,124.1,127.45,123.35,126.75,126.5,125.58,"9,25,581","11,62,35,002.70","8,528","2,37,226",25.63
TATAGLOBAL,EQ,2016-02-01,126.5,126.8,128.3,125.2,126.6,126.6,126.95,"5,92,819","7,52,60,792.75","9,352","1,23,327",20.8
TATAGLOBAL,EQ,2016-02-02,126.6,127.4,127.7,123.55,124.1,124.25,125.63,"7,34,748","9,23,04,340.75","7,735","1,14,350",15.56
TATAGLOBAL,EQ,2016-02-03,124.25,123.05,124.8,121.0,121.65,121.75,123.18,"8,77,186","10,80,51,635.70","7,384","1,90,593",21.73
TATAGLOBAL,EQ,2016-02-04,121.75,123.1,123.4,120.4,122.5,121.6,121.97,"11,20,485","13,66,68,494.85","9,629","2,73,238",24.39
TATAGLOBAL,EQ,2016-02-05,121.6,121.9,123.95,121.45,123.5,122.5,122.51,"7,97,137","9,76,55,127.15","5,417","1,31,694",16.52
TATAGLOBAL,EQ,2016-02-08,122.5,123.05,126.1,122.5,123.85,123.9,124.54,"12,27,619","15,28,90,693.00","9,349","2,69,252",21.93
TATAGLOBAL,EQ,2016-02-09,123.9,123.0,124.4,120.1,121.25,120.75,121.62,"11,09,232","13,49,00,029.25","9,102","3,62,354",32.67
TATAGLOBAL,EQ,2016-02-10,120.75,120.5,121.0,116.45,118.65,118.35,118.07,"16,54,991","19,54,04,095.50","9,946","4,63,494",28.01
TATAGLOBAL,EQ,2016-02-11,118.35,112.7,115.8,102.4,107.0,105.25,108.72,"55,24,328","60,05,93,383.15","28,978","23,11,472",41.84
TATAGLOBAL,EQ,2016-02-12,105.25,103.25,106.4,100.0,104.45,104.3,103.15,"20,87,141","21,52,85,872.05","13,286","6,14,726",29.45
TATAGLOBAL,EQ,2016-02-15,104.3,105.1,108.45,105.1,105.9,106.0,106.59,"10,91,675","11,63,61,661.70","6,752","3,31,054",30.33
TATAGLOBAL,EQ,2016-02-16,106.0,107.7,108.9,102.2,102.6,102.65,105.28,"13,41,261","14,12,03,155.95","9,643","3,52,336",26.27
TATAGLOBAL,EQ,2016-02-17,102.65,103.0,104.6,101.1,104.35,104.0,102.84,"12,68,061","13,04,05,238.80","8,211","2,85,837",22.54
TATAGLOBAL,EQ,2016-02-18,104.0,105.4,106.5,102.5,105.0,104.55,104.54,"14,29,030","14,93,93,647.15","10,868","4,52,557",31.67
TATAGLOBAL,EQ,2016-02-19,104.55,105.0,108.2,104.25,107.25,107.3,106.78,"13,40,622","14,31,57,343.10","9,599","6,32,483",47.18
TATAGLOBAL,EQ,2016-02-22,107.3,107.3,109.85,107.0,109.0,109.1,108.82,"11,51,733","12,53,33,755.55","9,016","2,94,574",25.58
TATAGLOBAL,EQ,2016-02-23,109.1,109.0,109.5,105.1,106.5,106.65,107.16,"10,37,357","11,11,60,493.20","6,278","2,32,501",22.41
TATAGLOBAL,EQ,2016-02-24,106.65,106.2,108.3,105.0,106.8,106.7,106.78,"7,58,132","8,09,55,452.20","5,856","1,36,823",18.05
TATAGLOBAL,EQ,2016-02-25,106.7,107.8,108.05,102.5,107.2,106.2,106.14,"93,64,686","99,39,52,328.70","14,304","22,46,646",23.99
TATAGLOBAL,EQ,2016-02-26,106.2,107.95,108.5,103.8,104.8,104.75,105.46,"23,81,968","25,12,02,911.55","14,562","8,38,898",35.22
TATAGLOBAL,EQ,2016-02-29,104.75,105.0,107.1,101.6,103.8,103.55,104.87,"16,39,500","17,19,38,496.15","9,780","5,75,058",35.08
TATAGLOBAL,EQ,2016-03-01,103.55,104.2,109.5,104.2,109.0,108.9,107.42,"14,81,271","15,91,11,599.15","10,336","4,59,304",31.01
TATAGLOBAL,EQ,2016-03-02,108.9,110.0,112.75,109.45,109.6,109.9,110.68,"12,20,668","13,51,06,200.85","7,456","3,97,702",32.58
TATAGLOBAL,EQ,2016-03-03,109.9,110.5,111.25,107.95,109.85,109.5,109.68,"12,60,507","13,82,47,349.30","11,152","4,52,636",35.91
TATAGLOBAL,EQ,2016-03-04,109.5,110.0,113.9,109.15,113.75,113.25,111.54,"13,77,634","15,36,63,547.30","12,561","5,21,588",37.86
TATAGLOBAL,EQ,2016-03-08,113.25,114.3,116.4,113.1,115.6,115.65,114.9,"16,77,380","19,27,33,625.70","18,243","7,62,446",45.45
TATAGLOBAL,EQ,2016-03-09,115.65,115.65,117.5,114.55,116.7,116.85,116.55,"15,55,016","18,12,31,096.15","16,807","6,06,596",39.01
TATAGLOBAL,EQ,2016-03-10,116.85,117.8,118.1,115.4,116.9,116.45,116.36,"11,77,827","13,70,57,118.50","6,673","5,29,566",44.96
TATAGLOBAL,EQ,2016-03-11,116.45,116.55,117.6,115.05,115.95,115.85,116.02,"11,70,769","13,58,31,837.40","5,108","7,03,818",60.12
TATAGLOBAL,EQ,2016-03-14,115.85,116.05,117.35,113.9,115.5,115.65,115.13,"16,09,295","18,52,74,772.20","9,223","6,58,421",40.91
TATAGLOBAL,EQ,2016-03-15,115.65,116.0,116.4,115.0,115.7,115.45,115.43,"10,82,982","12,50,13,585.90","4,674","5,91,610",54.63
TATAGLOBAL,EQ,2016-03-16,115.45,115.7,116.1,114.1,115.25,115.1,115.05,"9,64,165","11,09,22,637.30","4,918","5,46,107",56.64
TATAGLOBAL,EQ,2016-03-17,115.1,116.0,116.95,115.0,116.0,115.8,115.77,"13,96,728","16,17,02,488.85","8,954","6,64,967",47.61
TATAGLOBAL,EQ,2016-03-18,115.8,116.5,119.65,115.95,118.6,118.9,118.44,"20,62,464","24,42,84,801.15","14,860","12,02,428",58.3
TATAGLOBAL,EQ,2016-03-21,118.9,119.2,120.9,118.75,119.7,119.9,119.87,"8,39,802","10,06,63,425.20","6,515","3,59,240",42.78
TATAGLOBAL,EQ,2016-03-22,119.9,121.05,123.3,120.45,121.5,121.4,121.99,"14,69,400","17,92,48,990.60","7,403","5,55,490",37.8
TATAGLOBAL,EQ,2016-03-23,121.4,121.6,122.15,118.65,119.5,119.45,120.19,"12,30,385","14,78,75,625.20","6,372","5,95,272",48.38
TATAGLOBAL,EQ,2016-03-28,119.45,120.0,121.0,118.5,119.05,119.4,119.62,"13,82,616","16,53,92,142.95","10,555","6,64,659",48.07
TATAGLOBAL,EQ,2016-03-29,119.4,119.1,120.4,118.4,119.0,119.3,119.33,"35,88,313","42,82,06,116.35","14,907","17,32,630",48.29
TATAGLOBAL,EQ,2016-03-30,119.3,119.9,125.0,119.5,121.45,121.4,120.69,"19,22,207","23,19,84,860.70","12,546","11,03,450",57.41
TATAGLOBAL,EQ,2016-03-31,121.4,122.0,122.3,120.3,121.2,121.25,121.2,"16,27,181","19,72,21,270.90","9,213","7,93,576",48.77
TATAGLOBAL,EQ,2016-04-01,121.25,122.0,124.2,120.2,122.15,122.55,122.25,"15,32,533","18,73,56,779.55","9,203","4,52,944",29.56
TATAGLOBAL,EQ,2016-04-04,122.55,122.85,123.45,120.75,120.85,121.2,121.82,"8,31,737","10,13,24,679.05","5,675","2,86,467",34.44
TATAGLOBAL,EQ,2016-04-05,121.2,121.0,121.15,118.0,118.2,118.25,119.42,"16,63,091","19,86,04,123.55","9,215","9,59,690",57.71
TATAGLOBAL,EQ,2016-04-06,118.25,119.6,120.0,115.0,118.35,118.85,118.76,"13,27,276","15,76,31,577.05","6,473","6,89,934",51.98
TATAGLOBAL,EQ,2016-04-07,118.85,118.1,120.4,118.1,118.4,118.7,119.45,"11,47,382","13,70,58,531.80","6,022","4,15,734",36.23
TATAGLOBAL,EQ,2016-04-08,118.7,118.5,119.0,117.0,117.6,117.7,118.08,"6,48,096","7,65,28,751.10","3,463","3,66,241",56.51
TATAGLOBAL,EQ,2016-04-11,117.7,118.0,120.25,117.85,119.35,119.5,119.42,"10,50,521","12,54,56,084.40","4,647","5,30,696",50.52
TATAGLOBAL,EQ,2016-04-12,119.5,119.5,120.1,118.05,118.6,118.35,119.03,"7,88,617","9,38,67,400.50","12,178","4,03,233",51.13
TATAGLOBAL,EQ,2016-04-13,118.35,119.05,121.35,118.95,120.5,120.65,120.22,"9,28,735","11,16,51,746.60","6,695","3,70,940",39.94
TATAGLOBAL,EQ,2016-04-18,120.65,120.85,121.0,119.1,120.4,120.0,120.04,"7,65,331","9,18,68,060.70","5,258","4,28,867",56.04
TATAGLOBAL,EQ,2016-04-20,120.0,120.2,123.2,119.55,121.8,121.85,121.09,"15,72,869","19,04,58,803.45","7,824","7,50,520",47.72
TATAGLOBAL,EQ,2016-04-21,121.85,122.4,122.75,119.55,120.1,120.1,120.96,"8,92,645","10,79,74,257.45","5,163","3,86,457",43.29
TATAGLOBAL,EQ,2016-04-22,120.1,119.0,121.85,119.0,120.3,120.25,120.61,"7,16,365","8,63,98,334.80","4,589","2,83,054",39.51
TATAGLOBAL,EQ,2016-04-25,120.25,120.4,121.9,120.0,120.9,121.2,120.64,"7,82,130","9,43,57,080.85","6,850","2,86,204",36.59
TATAGLOBAL,EQ,2016-04-26,121.2,120.6,122.5,120.6,121.55,121.8,121.88,"9,84,070","11,99,34,329.10","4,884","2,71,786",27.62
TATAGLOBAL,EQ,2016-04-27,121.8,122.5,123.95,121.95,122.4,122.4,122.94,"19,49,554","23,96,79,175.55","9,921","6,05,162",31.04
TATAGLOBAL,EQ,2016-04-28,122.4,122.5,123.5,120.0,120.4,120.3,120.78,"21,42,054","25,87,18,183.40","8,893","13,28,187",62.01
TATAGLOBAL,EQ,2016-04-29,120.3,121.0,121.05,119.0,120.1,120.05,119.8,"8,69,948","10,42,21,835.70","3,931","3,97,525",45.7
TATAGLOBAL,EQ,2016-05-02,120.05,119.35,121.8,119.0,121.7,121.1,119.93,"7,17,595","8,60,63,966.00","5,675","3,05,633",42.59
TATAGLOBAL,EQ,2016-05-03,121.1,121.6,122.55,119.15,119.2,119.45,120.81,"13,56,187","16,38,36,212.90","10,983","6,50,699",47.98
TATAGLOBAL,EQ,2016-05-04,119.45,119.8,119.8,116.3,116.65,116.95,117.99,"8,94,057","10,54,90,324.95","7,161","3,43,875",38.46
TATAGLOBAL,EQ,2016-05-05,116.95,117.0,117.8,115.3,117.0,116.35,116.58,"7,45,000","8,68,49,550.15","5,429","2,51,073",33.7
TATAGLOBAL,EQ,2016-05-06,116.35,116.55,119.5,115.8,118.7,118.1,118.05,"6,54,231","7,72,29,224.95","5,657","2,11,538",32.33
TATAGLOBAL,EQ,2016-05-09,118.1,118.9,120.4,117.45,118.6,118.75,119.04,"12,07,381","14,37,25,157.25","9,649","6,95,434",57.6
TATAGLOBAL,EQ,2016-05-10,118.75,119.0,119.95,118.0,118.4,118.2,118.83,"5,26,190","6,25,28,752.30","4,158","1,91,494",36.39
TATAGLOBAL,EQ,2016-05-11,118.2,117.0,118.25,116.3,117.5,117.3,117.52,"6,22,661","7,31,77,843.65","4,408","1,78,834",28.72
TATAGLOBAL,EQ,2016-05-12,117.3,117.75,119.2,117.25,119.0,118.95,118.17,"5,96,225","7,04,54,083.30","4,010","2,57,195",43.14
TATAGLOBAL,EQ,2016-05-13,118.95,118.0,120.7,118.0,119.5,119.55,119.56,"11,03,386","13,19,17,608.30","8,090","6,20,807",56.26
TATAGLOBAL,EQ,2016-05-16,119.55,119.55,121.0,118.45,120.75,120.65,119.92,"6,88,646","8,25,83,036.90","6,073","3,68,355",53.49
TATAGLOBAL,EQ,2016-05-17,120.65,121.0,121.4,119.6,120.5,120.35,120.45,"10,68,540","12,87,07,956.40","7,200","3,18,326",29.79
TATAGLOBAL,EQ,2016-05-18,120.35,120.0,121.75,119.55,120.65,120.95,120.9,"6,41,976","7,76,13,791.05","8,366","2,49,465",38.86
TATAGLOBAL,EQ,2016-05-19,120.95,120.0,122.0,118.95,119.8,119.95,120.41,"10,85,102","13,06,61,739.65","4,446","6,94,000",63.96
TATAGLOBAL,EQ,2016-05-20,119.95,119.9,121.15,119.5,120.1,120.05,120.22,"4,66,672","5,61,05,277.90","7,694","1,84,547",39.55
TATAGLOBAL,EQ,2016-05-23,120.05,120.5,124.1,119.7,120.5,120.4,122.06,"13,96,870","17,05,08,667.80","8,327","6,50,029",46.53
TATAGLOBAL,EQ,2016-05-24,120.4,121.7,122.2,119.7,121.7,121.75,120.48,"14,38,192","17,32,79,714.70","8,159","7,16,576",49.82
TATAGLOBAL,EQ,2016-05-25,121.75,120.0,121.0,119.15,119.5,119.5,119.91,"17,87,665","21,43,66,453.10","7,688","10,54,223",58.97
TATAGLOBAL,EQ,2016-05-26,119.5,120.0,120.25,118.15,118.35,118.6,119.03,"13,83,549","16,46,86,591.55","6,949","9,73,002",70.33
TATAGLOBAL,EQ,2016-05-27,118.6,118.1,119.4,116.85,117.05,117.3,118.01,"6,76,137","7,97,87,705.50","5,674","2,90,080",42.9
TATAGLOBAL,EQ,2016-05-30,117.3,118.0,119.65,117.3,117.9,117.95,118.45,"6,92,008","8,19,70,792.70","3,564","2,82,896",40.88
TATAGLOBAL,EQ,2016-05-31,117.95,117.8,119.1,117.55,118.1,117.75,118.11,"6,58,231","7,77,45,182.45","4,866","3,54,625",53.88
TATAGLOBAL,EQ,2016-06-01,117.75,118.2,119.45,117.85,117.9,118.05,118.56,"5,81,341","6,89,22,198.70","5,801","1,84,669",31.77
TATAGLOBAL,EQ,2016-06-02,118.05,118.5,119.8,117.65,119.65,119.25,118.54,"5,49,738","6,51,64,308.90","4,144","2,31,032",42.03
TATAGLOBAL,EQ,2016-06-03,119.25,120.95,122.1,119.7,120.35,120.2,120.7,"17,83,456","21,52,68,484.30","10,535","8,16,018",45.75
TATAGLOBAL,EQ,2016-06-06,120.2,120.35,121.2,118.6,119.35,119.3,119.44,"8,66,406","10,34,82,391.55","4,561","2,59,025",29.9
TATAGLOBAL,EQ,2016-06-07,119.3,119.4,120.35,118.85,119.7,119.35,119.69,"6,90,551","8,26,50,419.10","4,598","2,95,523",42.8
TATAGLOBAL,EQ,2016-06-08,119.35,119.3,126.5,118.9,126.0,124.4,123.52,"23,90,316","29,52,56,996.35","12,590","7,79,735",32.62
TATAGLOBAL,EQ,2016-06-09,124.4,127.3,127.45,124.6,125.05,124.95,125.82,"28,25,223","35,54,62,200.15","15,750","7,55,369",26.74
TATAGLOBAL,EQ,2016-06-10,124.95,125.3,126.0,122.7,123.75,123.65,124.25,"9,00,666","11,19,05,465.20","8,287","2,78,261",30.9
TATAGLOBAL,EQ,2016-06-13,123.65,122.0,129.0,122.0,127.9,128.15,126.83,"43,05,954","54,61,08,629.70","28,649","10,22,030",23.74
TATAGLOBAL,EQ,2016-06-14,128.15,129.4,129.5,126.0,126.35,126.5,127.65,"29,02,578","37,05,09,069.00","19,196","8,05,241",27.74
TATAGLOBAL,EQ,2016-06-15,126.5,127.25,128.15,126.6,126.75,127.0,127.35,"16,62,070","21,16,65,846.75","20,229","5,41,558",32.58
TATAGLOBAL,EQ,2016-06-16,127.0,126.9,128.55,123.8,125.8,126.1,126.35,"14,89,092","18,81,44,661.05","10,652","3,20,220",21.5
TATAGLOBAL,EQ,2016-06-17,126.1,126.5,128.35,124.7,125.4,125.7,126.82,"17,17,907","21,78,64,578.05","9,609","3,80,768",22.16
TATAGLOBAL,EQ,2016-06-20,125.7,124.55,127.15,124.55,126.0,126.15,126.06,"7,32,869","9,23,88,311.10","6,223","2,36,146",32.22
TATAGLOBAL,EQ,2016-06-21,126.15,126.3,126.8,125.1,125.15,125.45,125.97,"4,47,117","5,63,24,597.70","2,608","1,55,713",34.83
TATAGLOBAL,EQ,2016-06-22,125.45,125.6,128.65,124.7,127.0,127.25,127.01,"27,92,498","35,46,81,152.90","17,055","8,07,212",28.91
TATAGLOBAL,EQ,2016-06-23,127.25,127.5,128.15,125.6,126.4,126.75,126.7,"14,08,701","17,84,78,931.85","8,199","5,34,743",37.96
TATAGLOBAL,EQ,2016-06-24,126.75,120.5,124.85,117.1,123.4,124.25,120.67,"35,85,896","43,27,24,773.30","16,510","11,53,228",32.16
TATAGLOBAL,EQ,2016-06-27,124.25,124.75,126.4,124.3,125.95,125.95,125.61,"21,62,032","27,15,76,955.15","9,181","9,81,115",45.38
TATAGLOBAL,EQ,2016-06-28,125.95,127.5,128.6,126.75,128.25,127.85,127.77,"25,63,561","32,75,45,869.50","15,752","11,87,983",46.34
TATAGLOBAL,EQ,2016-06-29,127.85,128.15,130.9,128.1,129.55,129.7,129.83,"27,35,697","35,51,67,611.90","12,811","10,37,401",37.92
TATAGLOBAL,EQ,2016-06-30,129.7,130.5,131.95,129.45,131.6,131.2,130.63,"28,10,587","36,71,52,455.55","15,004","13,55,427",48.23
TATAGLOBAL,EQ,2016-07-01,131.2,132.0,136.75,131.5,134.25,134.9,134.64,"53,79,977","72,43,79,007.00","44,546","27,56,841",51.24
TATAGLOBAL,EQ,2016-07-04,134.9,135.6,135.8,133.8,134.5,134.1,134.51,"11,44,671","15,39,68,037.40","12,639","4,14,476",36.21
TATAGLOBAL,EQ,2016-07-05,134.1,134.25,136.15,133.2,133.75,133.9,134.64,"9,42,568","12,69,09,919.25","5,996","2,74,532",29.13
TATAGLOBAL,EQ,2016-07-07,133.9,133.5,136.4,133.45,134.4,134.45,135.09,"21,25,346","28,71,10,458.15","15,011","10,19,972",47.99
TATAGLOBAL,EQ,2016-07-08,134.45,134.45,134.6,131.45,132.55,132.6,132.53,"12,96,935","17,18,88,069.55","18,492","7,35,868",56.74
TATAGLOBAL,EQ,2016-07-11,132.6,134.0,135.0,132.7,133.1,133.1,133.75,"16,89,644","22,59,90,711.60","14,041","9,77,666",57.86
TATAGLOBAL,EQ,2016-07-12,133.1,133.45,135.15,132.5,132.75,132.9,133.86,"16,12,081","21,57,91,438.75","13,586","5,58,438",34.64
TATAGLOBAL,EQ,2016-07-13,132.9,132.9,133.8,131.1,132.2,132.15,132.15,"13,06,338","17,26,28,724.20","10,113","6,96,925",53.35
TATAGLOBAL,EQ,2016-07-14,132.15,132.9,133.3,131.6,132.9,132.6,132.52,"10,93,389","14,48,92,744.40","8,551","5,81,050",53.14
TATAGLOBAL,EQ,2016-07-15,132.6,134.0,134.5,132.25,132.6,132.6,133.06,"15,87,827","21,12,70,796.40","13,948","7,91,097",49.82
TATAGLOBAL,EQ,2016-07-18,132.6,133.0,133.45,129.15,129.55,129.95,131.57,"22,83,784","30,04,79,147.00","13,641","14,77,763",64.71
TATAGLOBAL,EQ,2016-07-19,129.95,131.5,131.5,128.8,130.95,130.05,129.98,"39,03,542","50,74,00,445.55","9,096","29,45,340",75.45
TATAGLOBAL,EQ,2016-07-20,130.05,130.35,134.8,130.35,133.9,133.85,133.49,"18,87,075","25,18,99,311.40","9,969","7,36,181",39.01
TATAGLOBAL,EQ,2016-07-21,133.85,134.8,134.8,131.15,131.55,131.8,132.73,"18,84,426","25,01,24,629.10","9,920","7,09,651",37.66
TATAGLOBAL,EQ,2016-07-22,131.8,131.9,132.9,131.2,131.3,131.5,131.68,"20,12,357","26,49,89,247.65","7,687","11,51,294",57.21
TATAGLOBAL,EQ,2016-07-25,131.5,131.75,134.0,131.2,133.25,133.45,132.54,"16,56,721","21,95,84,224.60","17,921","8,08,247",48.79
TATAGLOBAL,EQ,2016-07-26,133.45,133.45,134.55,130.55,131.2,131.15,132.68,"12,71,947","16,87,67,429.35","17,570","6,76,272",53.17
TATAGLOBAL,EQ,2016-07-27,131.15,131.45,138.75,131.45,137.65,137.45,136.4,"35,76,969","48,78,82,204.30","19,369","12,01,267",33.58
TATAGLOBAL,EQ,2016-07-28,137.45,138.0,142.25,136.55,140.1,140.15,140.0,"37,54,038","52,55,56,268.55","19,887","14,80,136",39.43
TATAGLOBAL,EQ,2016-07-29,140.15,140.9,144.7,139.2,142.5,142.15,142.38,"30,56,272","43,51,61,428.25","16,000","12,51,930",40.96
TATAGLOBAL,EQ,2016-08-01,142.15,143.0,144.85,138.25,141.0,141.0,142.04,"19,87,955","28,23,73,396.70","8,786","8,62,369",43.38
TATAGLOBAL,EQ,2016-08-02,141.0,141.0,141.8,138.1,138.4,138.4,140.13,"11,75,233","16,46,87,246.80","5,026","5,58,599",47.53
TATAGLOBAL,EQ,2016-08-03,138.4,138.4,140.05,135.1,135.6,135.75,137.55,"14,51,654","19,96,69,489.60","9,197","7,36,806",50.76
TATAGLOBAL,EQ,2016-08-04,135.75,136.0,139.4,135.5,138.15,138.3,137.87,"15,15,003","20,88,77,983.75","19,943","4,98,314",32.89
TATAGLOBAL,EQ,2016-08-05,138.3,138.5,140.65,138.5,139.45,139.1,139.25,"14,27,614","19,88,01,861.60","10,130","8,15,829",57.15
TATAGLOBAL,EQ,2016-08-08,139.1,138.55,143.5,138.4,142.7,142.9,141.83,"24,30,227","34,46,81,188.85","15,137","8,22,674",33.85
TATAGLOBAL,EQ,2016-08-09,142.9,143.9,147.0,139.15,142.7,143.25,143.89,"85,49,636","1,23,02,18,349.60","35,691","26,67,987",31.21
TATAGLOBAL,EQ,2016-08-10,143.25,144.25,144.5,137.25,137.45,137.75,140.27,"32,89,526","46,14,10,481.55","18,553","8,93,260",27.15
TATAGLOBAL,EQ,2016-08-11,137.75,137.5,139.25,135.75,137.9,137.3,137.58,"11,40,212","15,68,72,439.10","8,182","3,08,602",27.07
TATAGLOBAL,EQ,2016-08-12,137.3,137.8,139.45,136.0,136.75,136.95,138.13,"10,24,054","14,14,49,273.85","5,483","4,37,317",42.7
TATAGLOBAL,EQ,2016-08-16,136.95,136.9,139.1,136.1,137.65,138.05,137.52,"15,18,494","20,88,29,964.65","9,130","4,06,647",26.78
TATAGLOBAL,EQ,2016-08-17,138.05,138.8,139.4,137.15,137.7,137.65,138.11,"7,78,141","10,74,70,252.75","4,525","1,80,529",23.2
TATAGLOBAL,EQ,2016-08-18,137.65,138.45,139.55,137.85,138.75,138.85,138.71,"9,01,208","12,50,07,680.85","5,892","2,41,957",26.85
TATAGLOBAL,EQ,2016-08-19,138.85,139.85,141.85,138.75,141.05,141.25,140.48,"22,98,138","32,28,51,463.15","14,826","5,97,089",25.98
TATAGLOBAL,EQ,2016-08-22,141.25,142.0,142.05,138.0,138.4,138.4,139.27,"13,98,679","19,47,98,351.50","7,244","3,85,819",27.58
TATAGLOBAL,EQ,2016-08-23,138.4,138.7,141.0,138.4,139.9,139.6,139.61,"12,82,978","17,91,18,895.75","6,831","3,39,090",26.43
TATAGLOBAL,EQ,2016-08-24,139.6,140.4,142.45,139.8,140.2,140.25,140.85,"29,56,023","41,63,70,228.25","12,890","11,15,105",37.72
TATAGLOBAL,EQ,2016-08-25,140.25,143.4,145.5,140.1,140.6,140.45,142.93,"48,68,511","69,58,79,030.35","28,888","16,24,659",33.37
TATAGLOBAL,EQ,2016-08-26,140.45,141.0,141.7,138.9,139.8,139.9,140.18,"14,68,343","20,58,33,422.10","6,687","3,86,395",26.32
TATAGLOBAL,EQ,2016-08-29,139.9,140.55,141.15,137.8,139.05,139.0,139.1,"16,04,324","22,31,58,492.55","8,526","5,12,829",31.97
TATAGLOBAL,EQ,2016-08-30,139.0,139.65,140.75,138.75,140.1,140.2,139.82,"18,32,319","25,61,91,022.15","7,118","8,56,006",46.72
TATAGLOBAL,EQ,2016-08-31,140.2,140.1,141.6,140.0,140.1,140.25,140.52,"14,01,308","19,69,16,337.15","7,199","6,43,052",45.89
TATAGLOBAL,EQ,2016-09-01,140.25,140.25,143.35,140.0,141.1,141.1,141.74,"24,93,654","35,34,56,006.55","12,315","10,82,837",43.42
TATAGLOBAL,EQ,2016-09-02,141.1,141.4,142.6,141.0,141.8,141.6,141.83,"16,81,308","23,84,64,734.75","7,645","7,94,694",47.27
TATAGLOBAL,EQ,2016-09-06,141.6,141.9,143.25,141.25,141.7,141.75,142.43,"13,00,643","18,52,51,686.05","6,394","5,68,762",43.73
TATAGLOBAL,EQ,2016-09-07,141.75,141.75,144.2,141.3,142.5,142.2,142.81,"23,81,717","34,01,41,790.25","10,741","10,54,673",44.28
TATAGLOBAL,EQ,2016-09-08,142.2,142.25,143.5,141.8,142.25,142.2,142.6,"11,55,009","16,47,00,361.50","4,255","4,63,049",40.09
TATAGLOBAL,EQ,2016-09-09,142.2,142.2,142.7,138.8,139.5,139.7,140.68,"11,99,464","16,87,44,146.25","6,817","5,29,238",44.12
TATAGLOBAL,EQ,2016-09-12,139.7,137.9,138.4,134.95,135.5,135.3,136.11,"22,48,691","30,60,59,354.15","8,117","15,13,418",67.3
TATAGLOBAL,EQ,2016-09-14,135.3,135.2,138.2,135.1,137.5,137.45,136.68,"10,45,853","14,29,45,727.90","5,960","4,33,513",41.45
TATAGLOBAL,EQ,2016-09-15,137.45,137.35,138.5,136.3,137.0,137.0,137.25,"14,51,283","19,91,87,522.40","11,575","6,07,990",41.89
TATAGLOBAL,EQ,2016-09-16,137.0,138.35,141.7,137.85,139.7,139.85,139.78,"30,29,995","42,35,34,714.50","26,552","15,76,447",52.03
TATAGLOBAL,EQ,2016-09-19,139.85,139.85,141.3,138.95,139.55,139.9,139.87,"13,62,666","19,06,01,781.60","7,241","5,98,513",43.92
TATAGLOBAL,EQ,2016-09-20,139.9,139.7,140.35,137.5,137.65,138.0,138.73,"17,87,917","24,80,39,782.30","9,223","8,81,833",49.32
TATAGLOBAL,EQ,2016-09-21,138.0,138.0,140.35,137.6,138.0,138.05,138.93,"16,35,459","22,72,10,835.85","16,274","7,09,557",43.39
TATAGLOBAL,EQ,2016-09-22,138.05,139.15,139.95,137.7,138.55,138.9,138.74,"12,04,798","16,71,51,630.70","21,944","5,07,165",42.1
TATAGLOBAL,EQ,2016-09-23,138.9,138.9,144.0,138.1,142.25,142.4,141.42,"35,38,509","50,04,06,903.10","19,219","11,52,464",32.57
TATAGLOBAL,EQ,2016-09-26,142.4,143.45,144.25,140.0,140.45,140.65,142.22,"27,69,361","39,38,53,989.75","15,126","9,48,239",34.24
TATAGLOBAL,EQ,2016-09-27,140.65,140.9,146.4,140.55,146.25,144.55,143.1,"33,16,650","47,46,09,258.65","18,917","10,47,402",31.58
TATAGLOBAL,EQ,2016-09-28,144.55,148.1,149.15,145.6,146.85,146.75,147.38,"64,64,628","95,27,29,419.40","33,526","21,77,900",33.69
TATAGLOBAL,EQ,2016-09-29,146.75,147.9,148.0,134.35,137.4,137.0,139.29,"47,53,568","66,21,12,361.70","20,308","19,76,737",41.58
TATAGLOBAL,EQ,2016-09-30,137.0,136.95,140.9,136.2,139.55,139.6,138.7,"14,71,713","20,41,22,648.25","11,952","3,08,461",20.96
TATAGLOBAL,EQ,2016-10-03,139.6,140.95,143.15,139.8,142.45,142.35,142.19,"19,27,658","27,41,00,435.05","18,256","8,12,317",42.14
TATAGLOBAL,EQ,2016-10-04,142.35,142.5,143.25,138.75,142.0,141.8,141.24,"26,78,079","37,82,64,688.35","12,156","7,31,814",27.33
TATAGLOBAL,EQ,2016-10-05,141.8,141.95,154.4,140.45,152.85,153.3,149.41,"97,41,635","1,45,54,90,100.55","52,784","25,63,140",26.31
TATAGLOBAL,EQ,2016-10-06,153.3,153.95,155.45,148.6,151.25,150.9,152.29,"62,56,632","95,28,09,623.70","34,623","13,06,260",20.88
TATAGLOBAL,EQ,2016-10-07,150.9,152.3,154.5,150.6,151.4,151.25,152.14,"40,97,231","62,33,39,627.15","24,220","14,82,585",36.19
TATAGLOBAL,EQ,2016-10-10,151.25,151.9,153.95,151.1,152.15,151.65,152.44,"20,63,455","31,45,51,133.00","14,502","6,72,220",32.58
TATAGLOBAL,EQ,2016-10-13,151.65,151.45,153.0,145.1,147.5,147.85,148.61,"31,16,651","46,31,63,005.95","18,753","8,99,432",28.86
TATAGLOBAL,EQ,2016-10-14,147.85,149.0,154.2,147.4,153.3,153.2,151.21,"39,68,866","60,01,16,307.55","21,467","12,64,874",31.87
TATAGLOBAL,EQ,2016-10-17,153.2,153.0,154.25,149.2,150.15,150.25,151.77,"31,80,180","48,26,61,937.85","18,612","9,16,777",28.83
TATAGLOBAL,EQ,2016-10-18,150.25,150.95,152.7,150.75,151.4,151.9,151.75,"27,36,835","41,53,10,021.05","14,576","14,09,840",51.51
TATAGLOBAL,EQ,2016-10-19,151.9,152.0,157.7,150.85,154.15,154.6,155.73,"66,85,790","1,04,11,70,905.70","35,705","23,42,717",35.04
TATAGLOBAL,EQ,2016-10-20,154.6,155.95,156.65,151.95,152.5,152.35,153.83,"27,80,284","42,76,91,806.60","19,240","7,67,060",27.59
TATAGLOBAL,EQ,2016-10-21,152.35,152.45,154.2,151.15,151.95,152.5,152.29,"17,51,366","26,67,12,538.75","9,433","4,97,689",28.42
TATAGLOBAL,EQ,2016-10-24,152.5,152.9,156.0,152.0,153.5,154.05,154.69,"27,15,234","42,00,25,625.65","14,209","10,01,349",36.88
TATAGLOBAL,EQ,2016-10-25,154.05,149.05,151.75,148.4,149.95,150.0,149.88,"32,34,883","48,48,43,387.70","15,848","7,88,127",24.36
TATAGLOBAL,EQ,2016-10-26,150.0,148.0,151.2,144.05,144.5,145.4,147.54,"35,86,046","52,90,79,645.65","19,016","12,30,985",34.33
TATAGLOBAL,EQ,2016-10-27,145.4,139.5,141.2,135.65,138.0,137.75,138.58,"85,24,741","1,18,13,66,489.00","42,639","26,39,524",30.96
TATAGLOBAL,EQ,2016-10-28,137.75,138.0,141.3,138.0,139.5,139.95,140.07,"22,81,364","31,95,53,886.15","11,548","6,51,301",28.55
TATAGLOBAL,EQ,2016-10-30,139.95,140.65,141.0,139.0,139.2,139.4,139.84,"4,28,310","5,98,94,694.35","2,724","2,65,308",61.94
TATAGLOBAL,EQ,2016-11-01,139.4,139.4,140.75,138.3,138.5,138.6,139.39,"14,97,745","20,87,69,702.40","9,189","5,28,702",35.3
TATAGLOBAL,EQ,2016-11-02,138.6,138.0,138.0,134.5,134.95,134.95,135.8,"20,26,448","27,51,98,723.10","27,288","9,65,391",47.64
TATAGLOBAL,EQ,2016-11-03,134.95,134.1,136.25,130.8,131.5,131.35,132.65,"20,63,211","27,36,83,629.25","17,579","8,28,088",40.14
TATAGLOBAL,EQ,2016-11-04,131.35,131.0,132.0,126.0,126.4,126.85,128.57,"46,14,456","59,32,75,871.65","17,869","21,87,113",47.4
TATAGLOBAL,EQ,2016-11-07,126.85,127.7,130.4,127.25,128.35,128.0,128.84,"19,48,286","25,10,16,898.70","11,567","8,93,053",45.84
TATAGLOBAL,EQ,2016-11-08,128.0,130.0,131.0,126.55,127.95,127.45,128.56,"27,58,553","35,46,47,765.40","16,166","12,52,301",45.4
TATAGLOBAL,EQ,2016-11-09,127.45,118.0,122.9,114.95,122.3,121.9,118.58,"52,72,740","62,52,64,096.10","22,932","20,03,341",37.99
TATAGLOBAL,EQ,2016-11-10,121.9,124.0,127.1,123.65,125.3,125.4,125.6,"21,70,482","27,26,11,961.25","13,087","9,01,782",41.55
TATAGLOBAL,EQ,2016-11-11,125.4,123.0,125.35,117.25,119.8,118.65,120.2,"30,58,329","36,76,04,498.80","15,153","9,95,788",32.56
TATAGLOBAL,EQ,2016-11-15,118.65,119.8,119.8,114.25,116.9,117.0,117.27,"24,05,650","28,21,05,387.90","20,436","9,69,678",40.31
TATAGLOBAL,EQ,2016-11-16,117.0,123.1,125.3,120.4,120.8,121.3,122.59,"47,03,414","57,66,07,425.20","26,292","14,44,274",30.71
TATAGLOBAL,EQ,2016-11-17,121.3,121.7,122.8,115.2,118.4,118.6,120.26,"13,06,586","15,71,34,258.90","11,959","4,41,688",33.8
TATAGLOBAL,EQ,2016-11-18,118.6,118.9,121.0,118.3,120.9,120.1,119.9,"20,08,909","24,08,64,786.85","11,121","10,59,355",52.73
TATAGLOBAL,EQ,2016-11-21,120.1,120.1,121.8,114.9,115.8,115.65,117.52,"19,76,322","23,22,62,502.85","12,505","10,20,433",51.63
TATAGLOBAL,EQ,2016-11-22,115.65,117.8,118.8,116.05,117.45,117.3,117.15,"34,11,500","39,96,57,298.25","12,954","24,05,141",70.5
TATAGLOBAL,EQ,2016-11-23,117.3,118.8,118.9,116.85,117.75,117.65,117.53,"21,70,944","25,51,58,359.55","14,507","12,74,653",58.71
TATAGLOBAL,EQ,2016-11-24,117.65,117.65,117.65,114.5,115.2,115.1,115.8,"22,20,419","25,71,17,264.60","9,424","13,00,842",58.59
TATAGLOBAL,EQ,2016-11-25,115.1,116.0,119.2,115.6,118.8,118.5,117.31,"14,74,301","17,29,49,981.05","8,812","5,67,903",38.52
TATAGLOBAL,EQ,2016-11-28,118.5,118.55,121.8,117.5,120.75,120.95,120.66,"17,38,935","20,98,11,779.00","11,141","7,69,710",44.26
TATAGLOBAL,EQ,2016-11-29,120.95,122.8,124.2,121.5,122.45,121.95,122.59,"19,93,986","24,44,39,094.35","12,570","8,79,690",44.12
TATAGLOBAL,EQ,2016-11-30,121.95,122.95,124.4,122.5,123.8,123.85,123.61,"16,16,908","19,98,62,592.25","10,161","8,66,292",53.58
TATAGLOBAL,EQ,2016-12-01,123.85,124.65,124.65,121.55,121.85,121.9,123.39,"12,05,710","14,87,75,645.95","7,920","6,42,851",53.32
TATAGLOBAL,EQ,2016-12-02,121.9,121.5,123.4,120.3,121.7,121.55,121.78,"13,43,432","16,36,00,008.00","8,399","6,14,471",45.74
TATAGLOBAL,EQ,2016-12-05,121.55,121.45,124.85,121.1,124.0,123.65,123.18,"14,01,882","17,26,86,642.85","9,434","6,32,290",45.1
TATAGLOBAL,EQ,2016-12-06,123.65,123.8,125.25,122.8,123.6,123.4,124.2,"14,86,818","18,46,66,152.50","8,454","5,18,397",34.87
TATAGLOBAL,EQ,2016-12-07,123.4,124.35,124.5,120.75,122.5,122.3,122.98,"12,17,621","14,97,38,727.10","7,917","5,67,762",46.63
TATAGLOBAL,EQ,2016-12-08,122.3,123.0,125.1,123.0,123.75,123.85,124.18,"10,90,370","13,54,01,657.10","8,513","5,41,849",49.69
TATAGLOBAL,EQ,2016-12-09,123.85,124.35,124.6,123.5,123.7,123.9,124.03,"9,20,060","11,41,18,377.05","6,015","5,03,342",54.71
TATAGLOBAL,EQ,2016-12-12,123.9,123.9,125.0,122.1,123.45,123.35,123.87,"7,60,874","9,42,51,051.80","4,812","3,15,802",41.51
TATAGLOBAL,EQ,2016-12-13,123.35,124.05,125.0,123.05,123.4,123.35,123.7,"5,02,421","6,21,50,792.70","4,072","1,43,608",28.58
TATAGLOBAL,EQ,2016-12-14,123.35,123.85,124.8,122.4,122.95,122.75,123.68,"8,26,188","10,21,86,408.25","7,041","3,01,620",36.51
TATAGLOBAL,EQ,2016-12-15,122.75,122.5,126.85,122.2,124.4,124.45,124.73,"22,12,399","27,59,52,084.55","12,351","10,42,748",47.13
TATAGLOBAL,EQ,2016-12-16,124.45,125.0,125.0,122.95,124.0,124.3,123.93,"8,04,735","9,97,32,620.65","4,993","3,30,256",41.04
TATAGLOBAL,EQ,2016-12-19,124.3,124.8,126.1,124.0,124.05,124.3,125.0,"9,23,038","11,53,80,279.20","7,359","2,32,426",25.18
TATAGLOBAL,EQ,2016-12-20,124.3,124.8,125.0,120.75,121.2,121.25,122.3,"6,46,197","7,90,27,559.55","4,594","1,84,188",28.5
TATAGLOBAL,EQ,2016-12-21,121.25,120.75,122.95,120.75,121.95,121.6,122.06,"6,77,057","8,26,43,767.35","5,656","2,41,562",35.68
TATAGLOBAL,EQ,2016-12-22,121.6,122.4,122.4,119.0,119.3,119.4,119.85,"8,39,802","10,06,48,797.45","5,947","3,08,268",36.71
TATAGLOBAL,EQ,2016-12-23,119.4,119.5,119.8,118.0,118.7,118.85,118.9,"7,49,376","8,91,01,531.50","5,064","2,66,592",35.58
TATAGLOBAL,EQ,2016-12-26,118.85,118.8,118.85,116.3,117.4,117.0,117.29,"4,25,216","4,98,72,719.60","3,796","1,06,199",24.98
TATAGLOBAL,EQ,2016-12-27,117.0,117.0,121.05,116.45,120.05,120.55,119.53,"7,28,501","8,70,77,327.05","8,382","2,77,369",38.07
TATAGLOBAL,EQ,2016-12-28,120.55,119.2,122.0,119.2,119.8,119.6,120.82,"8,66,902","10,47,42,011.90","8,257","3,35,696",38.72
TATAGLOBAL,EQ,2016-12-29,119.6,119.6,122.15,119.6,121.3,121.1,121.06,"10,25,503","12,41,44,150.00","6,145","3,39,204",33.08
TATAGLOBAL,EQ,2016-12-30,121.1,121.1,123.3,121.1,122.0,122.0,122.32,"10,17,447","12,44,54,300.85","4,408","4,29,978",42.26
TATAGLOBAL,EQ,2017-01-02,122.0,122.8,124.2,121.35,123.55,123.55,122.85,"11,02,178","13,54,06,433.10","6,117","4,28,401",38.87
TATAGLOBAL,EQ,2017-01-03,123.55,122.8,125.4,122.8,124.75,124.45,124.38,"5,80,430","7,21,93,400.75","4,024","1,63,685",28.2
TATAGLOBAL,EQ,2017-01-04,124.45,125.0,126.05,123.8,124.1,124.45,124.8,"6,56,213","8,18,97,703.65","4,883","1,33,402",20.33
TATAGLOBAL,EQ,2017-01-05,124.45,124.75,125.65,124.55,125.3,125.2,125.15,"5,03,565","6,30,23,209.15","3,533","1,52,311",30.25
TATAGLOBAL,EQ,2017-01-06,125.2,125.4,126.95,124.05,124.5,124.65,125.39,"12,55,021","15,73,66,864.15","6,835","5,17,654",41.25
TATAGLOBAL,EQ,2017-01-09,124.65,124.75,125.5,123.95,124.75,124.75,124.76,"4,14,927","5,17,65,127.40","2,052","1,49,458",36.02
TATAGLOBAL,EQ,2017-01-10,124.75,125.5,125.5,123.8,124.5,124.45,124.37,"5,33,212","6,63,16,171.60","7,015","1,68,319",31.57
TATAGLOBAL,EQ,2017-01-11,124.45,125.0,127.9,124.55,127.65,127.55,126.51,"8,39,283","10,61,75,245.00","6,474","3,96,528",47.25
TATAGLOBAL,EQ,2017-01-12,127.55,128.3,128.4,124.05,124.9,125.15,125.68,"14,03,598","17,64,04,945.00","10,494","4,38,003",31.21
TATAGLOBAL,EQ,2017-01-13,125.15,126.9,130.9,126.65,128.15,128.35,129.05,"36,17,760","46,68,88,421.45","22,962","9,06,695",25.06
TATAGLOBAL,EQ,2017-01-16,128.35,128.2,128.4,127.0,127.6,127.65,127.72,"5,38,746","6,88,06,101.05","3,524","1,61,755",30.02
TATAGLOBAL,EQ,2017-01-17,127.65,128.6,129.4,126.55,127.5,127.6,128.03,"8,51,814","10,90,56,981.20","5,528","3,37,040",39.57
TATAGLOBAL,EQ,2017-01-18,127.6,128.0,130.45,127.7,128.5,128.65,129.03,"10,59,940","13,67,67,858.60","6,309","4,55,734",43.0
TATAGLOBAL,EQ,2017-01-19,128.65,129.8,131.55,129.15,130.25,130.5,130.49,"13,08,883","17,08,01,760.15","9,932","3,95,773",30.24
TATAGLOBAL,EQ,2017-01-20,130.5,130.25,131.35,126.0,126.9,126.4,128.29,"9,61,631","12,33,64,022.35","8,023","3,93,642",40.93
TATAGLOBAL,EQ,2017-01-23,126.4,127.6,128.4,126.6,127.65,127.9,127.67,"7,46,313","9,52,82,689.30","4,916","2,36,243",31.65
TATAGLOBAL,EQ,2017-01-24,127.9,128.8,128.95,126.85,128.5,128.45,127.77,"9,96,229","12,72,85,219.00","8,834","2,10,671",21.15
TATAGLOBAL,EQ,2017-01-25,128.45,129.25,129.25,127.45,128.3,128.35,128.23,"9,09,771","11,66,60,227.00","3,968","5,03,525",55.35
TATAGLOBAL,EQ,2017-01-27,128.35,128.35,129.95,128.35,128.8,129.2,129.32,"7,59,876","9,82,69,655.80","5,303","2,50,640",32.98
TATAGLOBAL,EQ,2017-01-30,129.2,129.1,131.8,128.1,130.25,130.45,130.1,"12,56,759","16,35,00,934.35","9,366","3,60,824",28.71
TATAGLOBAL,EQ,2017-01-31,130.45,130.5,132.0,128.5,128.7,128.85,130.11,"16,14,154","21,00,15,925.55","9,157","5,77,552",35.78
TATAGLOBAL,EQ,2017-02-01,128.85,129.05,130.65,127.35,129.85,130.1,129.36,"12,21,969","15,80,77,650.90","7,793","3,06,363",25.07
TATAGLOBAL,EQ,2017-02-02,130.1,132.45,138.8,132.4,137.4,137.65,136.55,"66,52,685","90,84,00,459.35","36,382","14,59,211",21.93
TATAGLOBAL,EQ,2017-02-03,137.65,138.2,143.9,137.1,141.55,141.85,141.11,"35,69,132","50,36,54,640.85","21,177","9,41,975",26.39
TATAGLOBAL,EQ,2017-02-06,141.85,141.9,144.75,141.2,142.8,142.75,142.85,"21,27,506","30,39,12,637.70","11,331","7,07,767",33.27
TATAGLOBAL,EQ,2017-02-07,142.75,142.1,145.8,140.1,141.9,141.65,143.12,"22,05,918","31,57,08,814.60","11,313","7,08,473",32.12
TATAGLOBAL,EQ,2017-02-08,141.65,141.95,146.9,141.35,145.85,146.15,144.34,"21,62,887","31,21,95,169.30","14,442","9,97,260",46.11
TATAGLOBAL,EQ,2017-02-09,146.15,146.0,147.15,143.05,143.75,143.9,144.7,"17,26,818","24,98,72,051.60","14,218","6,74,146",39.04
TATAGLOBAL,EQ,2017-02-10,143.9,143.95,145.5,142.6,144.0,143.95,144.06,"13,67,413","19,69,94,275.70","10,959","5,68,663",41.59
TATAGLOBAL,EQ,2017-02-13,143.95,144.9,146.85,141.25,141.5,141.95,143.13,"22,24,197","31,83,39,238.00","11,417","11,67,415",52.49
TATAGLOBAL,EQ,2017-02-14,141.95,142.4,143.7,139.95,140.9,141.2,141.8,"13,95,593","19,78,89,200.40","11,840","5,06,079",36.26
TATAGLOBAL,EQ,2017-02-15,141.2,140.9,142.85,138.0,138.4,138.75,140.14,"11,93,620","16,72,79,482.90","13,741","3,55,634",29.79
TATAGLOBAL,EQ,2017-02-16,138.75,139.2,140.7,138.1,140.65,140.1,139.44,"9,42,382","13,14,08,331.05","8,231","2,97,259",31.54
TATAGLOBAL,EQ,2017-02-17,140.1,140.9,141.95,139.65,139.8,140.15,140.86,"9,52,450","13,41,57,971.20","20,366","3,56,199",37.4
TATAGLOBAL,EQ,2017-02-20,140.15,141.0,142.6,139.8,141.4,141.6,141.29,"15,17,679","21,44,39,328.75","14,376","5,01,629",33.05
TATAGLOBAL,EQ,2017-02-21,141.6,142.15,143.2,141.0,141.7,141.6,141.71,"16,71,915","23,69,22,394.60","11,398","7,85,611",46.99
TATAGLOBAL,EQ,2017-02-22,141.6,142.55,142.75,139.6,139.75,140.0,140.98,"12,96,093","18,27,19,398.30","12,253","5,08,082",39.2
TATAGLOBAL,EQ,2017-02-23,140.0,140.05,140.9,138.7,139.1,139.25,139.66,"13,40,126","18,71,67,062.15","8,563","7,62,256",56.88
TATAGLOBAL,EQ,2017-02-27,139.25,139.0,140.45,138.35,138.45,138.9,139.47,"11,29,032","15,74,64,955.95","9,506","6,29,047",55.72
TATAGLOBAL,EQ,2017-02-28,138.9,139.15,139.85,136.75,138.15,138.05,137.98,"15,13,693","20,88,58,451.40","16,145","7,38,698",48.8
TATAGLOBAL,EQ,2017-03-01,138.05,138.5,145.8,138.25,144.1,143.6,143.64,"49,19,352","70,66,19,663.95","23,356","14,04,238",28.55
TATAGLOBAL,EQ,2017-03-02,143.6,145.45,145.75,140.05,141.1,141.1,142.67,"17,65,255","25,18,52,336.15","15,410","5,47,467",31.01
TATAGLOBAL,EQ,2017-03-03,141.1,141.1,144.2,140.1,143.25,143.35,142.35,"16,72,938","23,81,45,505.85","9,070","5,34,582",31.95
TATAGLOBAL,EQ,2017-03-06,143.35,143.95,145.2,142.1,142.8,143.25,143.57,"20,43,052","29,33,15,079.85","12,344","8,92,532",43.69
TATAGLOBAL,EQ,2017-03-07,143.25,143.0,144.15,142.2,142.4,142.75,143.03,"7,27,617","10,40,71,624.35","8,787","3,19,409",43.9
TATAGLOBAL,EQ,2017-03-08,142.75,142.4,143.0,140.05,140.8,141.4,141.48,"11,03,877","15,61,79,081.20","8,764","4,57,193",41.42
TATAGLOBAL,EQ,2017-03-09,141.4,140.6,142.35,140.2,140.6,140.8,141.25,"10,73,015","15,15,66,655.50","6,545","4,12,745",38.47
TATAGLOBAL,EQ,2017-03-10,140.8,140.85,142.25,136.75,137.15,137.1,138.99,"16,71,172","23,22,75,075.75","11,022","5,17,063",30.94
TATAGLOBAL,EQ,2017-03-14,137.1,140.2,140.4,138.6,139.6,139.5,139.57,"8,38,219","11,69,87,774.30","7,163","2,95,020",35.2
TATAGLOBAL,EQ,2017-03-15,139.5,139.6,142.1,139.3,140.95,140.9,141.08,"12,79,451","18,05,02,734.55","9,685","5,45,567",42.64
TATAGLOBAL,EQ,2017-03-16,140.9,141.6,145.5,141.35,144.45,144.7,144.11,"39,87,646","57,46,46,397.70","24,590","19,91,184",49.93
TATAGLOBAL,EQ,2017-03-17,144.7,145.7,145.7,142.25,144.5,144.8,144.2,"18,98,811","27,38,13,766.15","17,912","8,59,170",45.25
TATAGLOBAL,EQ,2017-03-20,144.8,144.8,147.45,144.8,146.55,146.45,146.52,"26,75,495","39,20,25,836.75","18,990","12,08,109",45.15
TATAGLOBAL,EQ,2017-03-21,146.45,147.0,148.45,145.1,145.6,145.9,146.59,"29,55,856","43,32,95,915.40","22,525","15,89,123",53.76
TATAGLOBAL,EQ,2017-03-22,145.9,145.55,145.55,142.2,142.75,143.1,143.62,"23,06,755","33,13,05,158.55","16,669","10,81,449",46.88
TATAGLOBAL,EQ,2017-03-23,143.1,143.9,152.5,143.2,151.7,151.6,148.73,"64,22,298","95,52,10,025.80","33,442","19,44,437",30.28
TATAGLOBAL,EQ,2017-03-24,151.6,152.9,153.15,150.5,150.85,151.15,151.64,"34,85,991","52,86,28,073.50","36,723","12,29,065",35.26
TATAGLOBAL,EQ,2017-03-27,151.15,151.0,151.9,148.0,148.0,148.6,149.37,"29,33,289","43,81,40,592.60","18,596","9,30,873",31.73
TATAGLOBAL,EQ,2017-03-28,148.6,149.9,153.9,148.0,153.0,150.55,150.01,"27,40,120","41,10,54,515.95","13,350","17,15,107",62.59
TATAGLOBAL,EQ,2017-03-29,150.55,151.7,153.0,149.5,150.1,150.6,151.39,"20,92,924","31,68,40,542.05","16,598","7,89,585",37.73
TATAGLOBAL,EQ,2017-03-30,150.6,151.45,152.75,149.7,150.0,150.15,150.78,"30,22,795","45,57,84,190.80","16,033","16,54,615",54.74
TATAGLOBAL,EQ,2017-03-31,150.15,151.45,152.1,150.1,150.5,150.55,151.14,"11,93,137","18,03,30,771.15","17,747","6,43,353",53.92
TATAGLOBAL,EQ,2017-04-03,150.55,150.65,153.5,150.3,151.3,151.9,152.24,"17,88,548","27,22,96,281.50","8,402","6,25,849",34.99
TATAGLOBAL,EQ,2017-04-05,151.9,152.8,154.8,151.0,152.75,152.65,153.11,"20,11,288","30,79,38,269.00","12,300","7,96,560",39.6
TATAGLOBAL,EQ,2017-04-06,152.65,152.9,154.35,151.25,152.55,153.05,152.86,"22,95,942","35,09,66,790.90","13,409","7,70,731",33.57
TATAGLOBAL,EQ,2017-04-07,153.05,152.8,154.45,150.0,150.0,150.6,152.44,"14,44,642","22,02,25,111.25","7,821","4,71,739",32.65
TATAGLOBAL,EQ,2017-04-10,150.6,151.5,152.25,149.4,150.55,150.95,150.71,"18,57,915","28,00,01,461.75","13,033","6,42,132",34.56
TATAGLOBAL,EQ,2017-04-11,150.95,151.5,153.75,151.05,153.7,153.4,152.42,"20,64,221","31,46,21,240.75","16,211","9,99,487",48.42
TATAGLOBAL,EQ,2017-04-12,153.4,153.95,153.95,150.3,151.8,151.75,152.03,"19,07,247","28,99,59,630.45","15,715","7,33,567",38.46
TATAGLOBAL,EQ,2017-04-13,151.75,152.0,153.0,149.8,150.0,150.5,151.69,"12,72,204","19,29,80,700.10","11,262","4,77,454",37.53
TATAGLOBAL,EQ,2017-04-17,150.5,151.0,151.0,148.55,149.05,149.45,149.53,"8,30,703","12,42,12,333.90","6,908","2,75,450",33.16
TATAGLOBAL,EQ,2017-04-18,149.45,149.1,152.5,147.5,147.7,148.15,150.65,"15,63,947","23,56,02,957.80","8,492","4,58,205",29.3
TATAGLOBAL,EQ,2017-04-19,148.15,147.9,150.8,147.5,150.6,150.2,149.42,"10,92,317","16,32,16,812.40","6,413","3,52,818",32.3
TATAGLOBAL,EQ,2017-04-20,150.2,150.25,153.6,150.25,152.0,152.15,152.31,"15,40,540","23,46,42,930.10","9,856","6,14,523",39.89
TATAGLOBAL,EQ,2017-04-21,152.15,153.5,153.9,149.7,151.2,151.3,151.97,"12,93,698","19,66,06,927.85","5,993","5,20,499",40.23
TATAGLOBAL,EQ,2017-04-24,151.3,151.0,153.25,151.0,151.5,151.95,152.14,"10,79,887","16,42,95,794.65","6,821","4,29,787",39.8
TATAGLOBAL,EQ,2017-04-25,151.95,152.4,153.15,151.0,151.6,151.7,152.0,"9,45,527","14,37,22,994.95","8,881","3,87,001",40.93
TATAGLOBAL,EQ,2017-04-26,151.7,152.45,156.6,151.6,154.05,153.75,154.58,"41,61,713","64,33,13,733.25","25,744","10,88,539",26.16
TATAGLOBAL,EQ,2017-04-27,153.75,155.0,155.4,151.55,152.0,152.1,152.92,"13,88,038","21,22,53,649.30","9,849","5,55,045",39.99
TATAGLOBAL,EQ,2017-04-28,152.1,153.4,154.7,152.0,152.8,153.1,153.33,"11,32,516","17,36,47,694.05","6,765","3,18,394",28.11
TATAGLOBAL,EQ,2017-05-02,153.1,154.3,161.45,153.75,157.5,157.7,158.7,"68,27,849","1,08,35,57,885.05","36,545","17,37,057",25.44
TATAGLOBAL,EQ,2017-05-03,157.7,158.85,158.85,155.55,156.25,156.2,156.65,"15,23,044","23,85,92,059.90","11,033","4,43,659",29.13
TATAGLOBAL,EQ,2017-05-04,156.2,156.3,158.3,154.8,155.0,155.35,156.12,"16,53,237","25,81,07,149.70","9,125","5,61,188",33.94
TATAGLOBAL,EQ,2017-05-05,155.35,156.5,156.5,151.1,152.0,152.3,153.61,"13,49,536","20,73,08,748.80","9,000","4,24,519",31.46
TATAGLOBAL,EQ,2017-05-08,152.3,152.8,154.15,151.95,152.45,152.6,153.06,"12,39,593","18,97,26,063.30","9,609","2,58,313",20.84
TATAGLOBAL,EQ,2017-05-09,152.6,153.2,155.15,152.55,154.0,154.05,153.79,"9,39,148","14,44,34,291.15","7,703","2,44,231",26.01
TATAGLOBAL,EQ,2017-05-10,154.05,154.9,156.35,153.9,154.65,154.85,154.93,"11,86,929","18,38,89,927.85","9,454","2,85,087",24.02
TATAGLOBAL,EQ,2017-05-11,154.85,155.0,156.2,153.2,153.75,154.0,154.53,"5,89,464","9,10,88,018.25","4,272","1,81,186",30.74
TATAGLOBAL,EQ,2017-05-12,154.0,154.0,154.75,151.65,152.6,152.65,152.58,"9,40,916","14,35,63,063.10","8,232","4,02,377",42.76
TATAGLOBAL,EQ,2017-05-15,152.65,152.65,155.0,152.45,154.55,154.6,153.96,"10,12,554","15,58,95,745.35","8,109","3,78,223",37.35
TATAGLOBAL,EQ,2017-05-16,154.6,154.6,155.45,153.0,153.85,154.45,154.16,"13,06,020","20,13,40,543.95","21,672","4,28,273",32.79
TATAGLOBAL,EQ,2017-05-17,154.45,154.0,154.65,152.5,152.5,152.85,153.21,"11,61,590","17,79,67,306.00","13,238","3,76,063",32.37
TATAGLOBAL,EQ,2017-05-18,152.85,152.0,152.6,147.0,147.1,147.5,149.69,"12,33,917","18,47,06,743.30","8,370","3,64,413",29.53
TATAGLOBAL,EQ,2017-05-19,147.5,149.5,153.8,148.35,149.3,149.5,151.48,"27,44,849","41,57,98,417.55","18,470","6,98,221",25.44
TATAGLOBAL,EQ,2017-05-22,149.5,149.8,151.15,147.2,147.95,147.8,148.9,"10,98,727","16,36,01,808.85","7,391","3,27,209",29.78
TATAGLOBAL,EQ,2017-05-23,147.8,148.05,148.4,143.65,144.7,144.75,145.53,"13,55,129","19,72,12,611.05","8,627","4,42,084",32.62
TATAGLOBAL,EQ,2017-05-24,144.75,145.2,146.1,140.2,142.0,141.7,143.05,"17,55,862","25,11,74,982.95","11,900","6,45,653",36.77
TATAGLOBAL,EQ,2017-05-25,141.7,143.45,144.65,142.1,143.25,143.05,143.36,"18,42,806","26,41,77,762.95","12,689","8,02,438",43.54
TATAGLOBAL,EQ,2017-05-26,143.05,144.0,147.25,143.5,146.9,146.9,145.88,"14,17,686","20,68,13,679.95","10,125","5,78,177",40.78
TATAGLOBAL,EQ,2017-05-29,146.9,147.2,147.5,143.9,144.9,145.4,145.9,"9,77,041","14,25,46,283.50","7,157","3,04,657",31.18
TATAGLOBAL,EQ,2017-05-30,145.4,145.0,146.2,143.7,145.45,145.55,145.17,"15,13,053","21,96,49,209.40","7,932","3,68,739",24.37
TATAGLOBAL,EQ,2017-05-31,145.55,148.55,151.0,147.55,149.7,149.4,149.31,"33,25,237","49,64,88,576.20","26,664","8,04,706",24.2
TATAGLOBAL,EQ,2017-06-01,149.4,148.35,154.0,148.25,153.05,152.4,151.93,"29,52,069","44,85,21,211.55","21,343","11,26,102",38.15
TATAGLOBAL,EQ,2017-06-02,152.4,153.1,158.35,152.15,154.6,154.85,155.98,"36,03,942","56,21,36,503.15","24,482","13,56,167",37.63
TATAGLOBAL,EQ,2017-06-05,154.85,155.05,156.5,152.9,154.8,154.95,154.8,"16,47,207","25,49,94,748.70","24,138","7,24,592",43.99
TATAGLOBAL,EQ,2017-06-06,154.95,155.0,155.65,152.2,152.5,153.0,153.64,"12,90,705","19,83,00,342.85","18,406","6,61,272",51.23
TATAGLOBAL,EQ,2017-06-07,153.0,152.65,156.4,152.4,155.1,155.55,154.7,"19,43,703","30,06,85,749.20","17,525","8,17,736",42.07
TATAGLOBAL,EQ,2017-06-08,155.55,155.1,156.9,153.4,154.2,154.6,155.0,"14,79,812","22,93,75,599.50","20,690","6,87,575",46.46
TATAGLOBAL,EQ,2017-06-09,154.6,154.9,155.65,152.8,154.0,154.4,154.1,"13,19,642","20,33,52,098.30","14,165","3,33,396",25.26
TATAGLOBAL,EQ,2017-06-12,154.4,153.5,154.5,151.75,151.8,152.1,152.89,"14,38,107","21,98,66,799.30","13,289","4,25,473",29.59
TATAGLOBAL,EQ,2017-06-13,152.1,152.45,157.7,151.7,155.75,156.45,154.76,"34,63,217","53,59,77,590.35","34,084","16,83,526",48.61
TATAGLOBAL,EQ,2017-06-14,156.45,156.95,160.45,155.05,158.15,158.45,158.62,"48,15,053","76,37,52,979.40","31,792","14,45,174",30.01
TATAGLOBAL,EQ,2017-06-15,158.45,158.45,162.75,157.6,158.75,159.1,160.27,"36,47,423","58,45,75,272.05","27,880","11,49,368",31.51
TATAGLOBAL,EQ,2017-06-16,159.1,159.95,161.8,157.7,157.8,158.2,159.7,"19,68,954","31,44,41,326.70","14,344","5,48,047",27.83
TATAGLOBAL,EQ,2017-06-19,158.2,159.0,159.55,155.9,156.3,156.4,156.89,"13,62,450","21,37,50,707.75","7,995","8,09,277",59.4
TATAGLOBAL,EQ,2017-06-20,156.4,156.75,158.65,155.55,156.6,156.85,157.14,"12,12,404","19,05,11,888.00","10,178","4,94,782",40.81
TATAGLOBAL,EQ,2017-06-21,156.85,156.8,159.4,156.05,156.65,156.8,157.61,"27,70,731","43,66,89,448.60","14,958","10,23,211",36.93
TATAGLOBAL,EQ,2017-06-22,156.8,157.0,158.6,154.0,154.2,154.75,155.76,"22,16,575","34,52,47,463.85","10,696","12,36,778",55.8
TATAGLOBAL,EQ,2017-06-23,154.75,154.6,155.0,149.8,151.3,151.15,151.67,"19,80,476","30,03,78,895.10","12,627","11,34,123",57.27
TATAGLOBAL,EQ,2017-06-27,151.15,151.15,151.95,145.75,147.4,147.35,147.99,"14,65,569","21,68,84,423.50","10,846","6,38,457",43.56
TATAGLOBAL,EQ,2017-06-28,147.35,147.25,150.2,146.4,149.0,149.15,148.53,"21,35,161","31,71,41,617.70","12,426","13,16,584",61.66
TATAGLOBAL,EQ,2017-06-29,149.15,149.95,151.7,147.9,149.5,148.5,150.26,"22,80,933","34,27,42,659.65","10,529","11,11,514",48.73
TATAGLOBAL,EQ,2017-06-30,148.5,148.0,151.7,147.1,150.5,150.65,150.28,"18,54,572","27,87,01,536.05","10,827","10,90,750",58.81
TATAGLOBAL,EQ,2017-07-03,150.65,152.5,155.65,150.75,151.65,151.6,152.57,"86,80,232","1,32,43,65,483.65","18,728","34,07,298",39.25
TATAGLOBAL,EQ,2017-07-04,151.6,153.7,154.15,149.75,150.1,150.05,151.61,"30,80,845","46,70,91,984.60","12,431","16,11,433",52.3
TATAGLOBAL,EQ,2017-07-05,150.05,151.5,157.1,150.0,156.3,156.15,154.53,"58,49,123","90,38,87,775.85","20,465","30,17,219",51.58
TATAGLOBAL,EQ,2017-07-06,156.15,156.5,157.8,152.75,153.25,153.35,154.86,"48,73,097","75,46,36,961.15","15,735","24,44,866",50.17
TATAGLOBAL,EQ,2017-07-07,153.35,153.15,158.9,153.1,157.65,157.75,156.87,"64,42,241","1,01,06,02,079.20","30,079","36,46,607",56.6
TATAGLOBAL,EQ,2017-07-10,157.75,159.0,167.85,157.1,167.2,166.55,165.21,"47,61,386","78,66,07,936.00","22,914","19,29,221",40.52
TATAGLOBAL,EQ,2017-07-11,166.55,167.05,172.8,167.05,169.25,169.5,170.17,"1,25,71,250","2,13,92,59,397.35","80,588","47,04,247",37.42
TATAGLOBAL,EQ,2017-07-12,169.5,171.05,174.8,169.0,173.35,173.75,172.91,"1,06,23,109","1,83,68,34,422.35","49,022","37,36,200",35.17
TATAGLOBAL,EQ,2017-07-13,173.75,175.35,176.7,171.2,174.75,175.4,173.96,"52,22,043","90,84,43,457.45","35,904","14,12,631",27.05
TATAGLOBAL,EQ,2017-07-14,175.4,175.9,175.9,172.05,174.25,174.2,174.19,"28,31,387","49,32,13,251.80","15,878","9,20,476",32.51
TATAGLOBAL,EQ,2017-07-17,174.2,174.25,179.3,172.6,176.95,177.0,177.08,"48,82,663","86,46,00,076.05","26,144","12,18,260",24.95
TATAGLOBAL,EQ,2017-07-18,177.0,176.1,178.7,173.05,173.95,173.75,175.66,"32,64,325","57,34,23,257.75","17,128","8,09,652",24.8
TATAGLOBAL,EQ,2017-07-19,173.75,173.8,177.4,173.7,175.1,175.15,175.77,"41,61,102","73,13,98,735.15","24,241","15,34,500",36.88
TATAGLOBAL,EQ,2017-07-20,175.15,175.4,176.25,170.3,171.0,171.3,172.94,"27,91,324","48,27,35,248.75","12,325","8,72,677",31.26
TATAGLOBAL,EQ,2017-07-21,171.3,171.9,173.85,169.7,172.5,172.2,172.13,"46,70,938","80,39,92,090.60","26,911","19,46,160",41.67
TATAGLOBAL,EQ,2017-07-24,172.2,172.2,174.3,169.45,170.4,170.0,172.05,"26,36,591","45,36,30,081.70","32,055","11,54,620",43.79
TATAGLOBAL,EQ,2017-07-25,170.0,170.5,172.25,169.2,171.7,171.15,171.14,"21,03,806","36,00,42,051.10","12,147","10,30,333",48.97
TATAGLOBAL,EQ,2017-07-26,171.15,172.0,175.35,170.75,172.35,172.2,173.11,"38,03,339","65,83,98,158.10","14,993","15,08,381",39.66
TATAGLOBAL,EQ,2017-07-27,172.2,173.85,173.85,167.7,168.4,168.4,170.1,"23,70,296","40,31,92,237.00","15,058","7,66,915",32.36
TATAGLOBAL,EQ,2017-07-28,168.4,167.9,170.65,166.85,168.85,169.15,168.54,"22,90,563","38,60,48,154.35","9,886","10,09,333",44.06
TATAGLOBAL,EQ,2017-07-31,169.15,169.5,172.4,168.35,170.1,169.55,170.34,"18,96,521","32,30,49,877.30","9,155","7,38,687",38.95
TATAGLOBAL,EQ,2017-08-01,169.55,171.0,171.75,166.75,167.8,167.5,169.22,"21,40,964","36,22,90,367.70","11,145","7,82,618",36.55
TATAGLOBAL,EQ,2017-08-02,167.5,168.0,168.55,164.2,164.85,165.1,165.97,"20,09,220","33,34,75,316.40","8,761","7,66,105",38.13
TATAGLOBAL,EQ,2017-08-03,165.1,165.95,169.4,164.5,167.0,166.65,167.36,"28,95,078","48,45,25,552.75","15,032","12,07,358",41.7
TATAGLOBAL,EQ,2017-08-04,166.65,164.7,167.6,163.85,166.35,166.45,166.0,"22,98,689","38,15,79,061.60","12,142","8,11,972",35.32
TATAGLOBAL,EQ,2017-08-07,166.45,167.0,171.7,167.0,170.5,170.45,170.25,"25,48,868","43,39,35,420.55","13,291","6,53,752",25.65
TATAGLOBAL,EQ,2017-08-08,170.45,171.8,171.8,165.6,166.25,166.0,168.1,"23,72,930","39,88,91,023.95","12,355","6,53,973",27.56
TATAGLOBAL,EQ,2017-08-09,166.0,165.5,166.9,160.45,161.0,162.1,164.26,"12,67,995","20,82,82,623.90","7,630","4,43,057",34.94
TATAGLOBAL,EQ,2017-08-10,162.1,161.85,163.5,153.2,157.3,156.0,158.73,"24,70,478","39,21,41,602.00","12,218","9,31,080",37.69
TATAGLOBAL,EQ,2017-08-11,156.0,155.1,164.8,152.05,163.4,164.2,159.74,"60,27,593","96,28,50,873.50","24,236","17,13,817",28.43
TATAGLOBAL,EQ,2017-08-14,164.2,166.0,180.3,165.1,177.3,178.75,174.12,"93,68,807","1,63,12,72,980.80","43,360","31,25,244",33.36
TATAGLOBAL,EQ,2017-08-16,178.75,182.5,196.75,181.5,194.0,193.85,191.0,"2,91,91,015","5,57,55,07,594.35","1,58,360","47,84,903",16.39
TATAGLOBAL,EQ,2017-08-17,193.85,194.0,197.4,189.8,190.9,190.6,193.13,"1,03,81,703","2,00,50,08,584.25","65,442","23,65,043",22.78
TATAGLOBAL,EQ,2017-08-18,190.6,189.8,196.4,188.05,195.7,194.4,192.51,"1,00,30,010","1,93,08,68,727.45","59,892","24,12,190",24.05
TATAGLOBAL,EQ,2017-08-21,194.4,196.65,203.0,194.4,196.5,196.15,199.46,"1,57,44,338","3,14,03,66,892.10","94,301","29,18,310",18.54
TATAGLOBAL,EQ,2017-08-22,196.15,197.15,199.5,188.85,190.6,189.85,193.1,"74,66,196","1,44,17,10,427.15","44,082","14,87,896",19.93
TATAGLOBAL,EQ,2017-08-23,189.85,191.5,197.45,189.15,196.75,196.55,193.06,"75,22,673","1,45,22,90,259.75","45,316","21,91,402",29.13
TATAGLOBAL,EQ,2017-08-24,196.55,197.3,198.3,193.7,194.2,194.25,195.33,"45,87,179","89,60,23,314.40","23,571","13,28,423",28.96
TATAGLOBAL,EQ,2017-08-28,194.25,195.0,196.3,192.05,193.9,193.3,193.98,"36,84,762","71,47,51,960.85","21,868","11,64,724",31.61
TATAGLOBAL,EQ,2017-08-29,193.3,192.95,197.5,189.35,190.55,190.35,193.14,"56,79,382","1,09,69,25,468.60","30,844","11,63,783",20.49
TATAGLOBAL,EQ,2017-08-30,190.35,193.0,198.15,192.35,197.5,197.05,195.65,"71,73,447","1,40,34,73,791.45","32,577","19,76,604",27.55
TATAGLOBAL,EQ,2017-08-31,197.05,198.5,200.7,196.1,198.2,198.0,198.6,"77,60,949","1,54,13,60,282.80","39,301","19,21,408",24.76
TATAGLOBAL,EQ,2017-09-01,198.0,198.25,200.65,196.3,197.8,197.6,198.27,"34,01,210","67,43,58,973.55","16,084","8,27,356",24.33
TATAGLOBAL,EQ,2017-09-04,197.6,198.0,198.4,190.5,193.3,193.3,193.53,"43,72,250","84,61,60,413.55","21,428","9,63,181",22.03
TATAGLOBAL,EQ,2017-09-05,193.3,194.3,197.4,193.3,197.15,196.7,195.76,"34,42,385","67,38,89,236.25","17,800","6,56,840",19.08
TATAGLOBAL,EQ,2017-09-06,196.7,195.1,207.2,194.6,206.5,205.95,204.17,"1,44,90,021","2,95,84,23,753.85","73,865","22,67,716",15.65
TATAGLOBAL,EQ,2017-09-07,205.95,207.95,209.3,204.8,205.4,205.75,206.92,"58,62,028","1,21,29,81,510.55","28,187","18,25,319",31.14
TATAGLOBAL,EQ,2017-09-08,205.75,206.1,210.8,205.45,206.55,206.9,208.28,"64,30,260","1,33,93,10,340.05","39,823","18,29,909",28.46
TATAGLOBAL,EQ,2017-09-11,206.9,209.2,211.05,207.3,209.4,209.25,209.19,"33,93,087","70,98,11,816.65","19,205","7,29,705",21.51
TATAGLOBAL,EQ,2017-09-12,209.25,212.0,213.65,210.15,211.7,212.05,211.9,"48,84,083","1,03,49,32,237.60","23,890","15,10,899",30.94
TATAGLOBAL,EQ,2017-09-13,212.05,214.65,214.95,206.2,208.8,207.3,210.66,"46,37,092","97,68,64,086.20","26,012","13,97,920",30.15
TATAGLOBAL,EQ,2017-09-14,207.3,208.5,213.8,207.35,212.5,212.05,210.23,"29,80,684","62,66,22,637.25","16,383","7,14,573",23.97
TATAGLOBAL,EQ,2017-09-15,212.05,211.0,213.7,208.85,210.1,210.55,210.9,"26,08,124","55,00,50,919.10","15,126","5,31,751",20.39
TATAGLOBAL,EQ,2017-09-18,210.55,212.65,215.0,210.7,213.45,213.3,212.84,"24,91,966","53,03,91,880.70","17,266","6,27,560",25.18
TATAGLOBAL,EQ,2017-09-19,213.3,213.0,220.2,212.85,216.4,216.2,217.52,"95,80,786","2,08,40,29,049.15","55,631","26,29,720",27.45
TATAGLOBAL,EQ,2017-09-20,216.2,216.4,216.85,213.1,213.65,213.7,214.47,"29,06,933","62,34,52,639.70","19,145","9,56,493",32.9
TATAGLOBAL,EQ,2017-09-21,213.7,214.0,214.8,207.3,213.5,212.2,211.32,"29,14,695","61,59,43,463.55","17,084","6,22,405",21.35
TATAGLOBAL,EQ,2017-09-22,212.2,211.0,211.0,200.0,201.2,201.15,205.38,"38,51,873","79,11,12,827.10","24,352","11,28,700",29.3
TATAGLOBAL,EQ,2017-09-25,201.15,201.45,202.0,192.3,197.0,196.65,195.96,"40,19,965","78,77,38,650.35","22,835","8,85,385",22.02
TATAGLOBAL,EQ,2017-09-26,196.65,196.0,206.45,195.3,204.95,204.65,201.66,"55,46,594","1,11,85,49,540.05","37,476","14,29,752",25.78
TATAGLOBAL,EQ,2017-09-27,204.65,206.5,207.0,196.65,198.5,198.6,201.96,"33,31,256","67,27,72,804.80","21,216","7,25,118",21.77
TATAGLOBAL,EQ,2017-09-28,198.6,199.05,204.5,198.7,204.0,203.15,202.34,"46,02,566","93,12,65,364.45","22,139","19,52,752",42.43
TATAGLOBAL,EQ,2017-09-29,203.15,204.5,209.9,203.4,206.6,205.8,206.93,"37,21,338","77,00,43,915.40","22,978","9,54,046",25.64
TATAGLOBAL,EQ,2017-10-03,205.8,207.25,210.55,205.0,206.85,206.45,207.39,"19,85,873","41,18,57,238.60","13,929","5,03,842",25.37
TATAGLOBAL,EQ,2017-10-04,206.45,207.3,207.7,203.15,205.7,204.95,205.22,"19,64,885","40,32,27,684.85","10,943","6,68,819",34.04
TATAGLOBAL,EQ,2017-10-05,204.95,204.95,210.55,204.55,210.5,209.45,208.08,"22,28,532","46,37,19,316.25","15,533","5,13,543",23.04
TATAGLOBAL,EQ,2017-10-06,209.45,210.0,212.25,208.65,209.6,209.6,210.4,"25,34,607","53,32,71,810.10","16,521","6,77,504",26.73
TATAGLOBAL,EQ,2017-10-09,209.6,209.65,211.35,207.65,208.25,208.3,208.95,"16,53,094","34,54,21,569.25","8,298","6,47,964",39.2
TATAGLOBAL,EQ,2017-10-10,208.3,209.5,211.15,207.7,208.5,208.45,209.28,"21,25,747","44,48,79,560.40","8,992","6,94,230",32.66
TATAGLOBAL,EQ,2017-10-11,208.45,209.45,216.0,205.6,209.75,209.4,212.28,"68,91,689","1,46,29,37,778.15","34,256","16,88,535",24.5
TATAGLOBAL,EQ,2017-10-12,209.4,211.0,212.9,208.0,212.0,212.0,210.73,"39,02,627","82,24,13,305.35","15,275","14,42,559",36.96
TATAGLOBAL,EQ,2017-10-13,212.0,211.0,214.2,209.25,210.0,210.25,211.69,"31,71,251","67,13,26,172.30","12,901","12,23,756",38.59
TATAGLOBAL,EQ,2017-10-16,210.25,210.3,211.85,207.1,209.4,209.6,209.28,"26,58,347","55,63,39,921.20","12,959","9,82,798",36.97
TATAGLOBAL,EQ,2017-10-17,209.6,210.4,213.35,209.05,210.55,210.3,211.02,"32,69,191","68,98,79,070.20","19,974","11,48,612",35.13
TATAGLOBAL,EQ,2017-10-18,210.3,211.45,211.45,205.6,207.5,206.8,207.6,"46,87,271","97,30,60,403.90","25,505","27,58,717",58.86
TATAGLOBAL,EQ,2017-10-19,206.8,207.9,207.95,203.7,203.85,204.6,205.71,"5,32,661","10,95,72,921.15","4,601","3,15,589",59.25
TATAGLOBAL,EQ,2017-10-23,204.6,205.5,207.45,202.6,203.75,203.1,204.22,"29,52,899","60,30,30,002.05","13,813","13,28,790",45.0
TATAGLOBAL,EQ,2017-10-24,203.1,204.0,210.25,203.55,209.7,209.65,207.45,"35,68,231","74,02,19,637.25","19,137","11,16,153",31.28
TATAGLOBAL,EQ,2017-10-25,209.65,211.0,211.5,203.0,205.0,205.3,205.94,"26,40,192","54,37,30,526.80","13,767","7,62,971",28.9
TATAGLOBAL,EQ,2017-10-26,205.3,204.95,210.85,203.4,209.7,209.8,208.32,"49,64,383","1,03,41,96,685.75","22,441","20,33,605",40.96
TATAGLOBAL,EQ,2017-10-27,209.8,211.3,221.8,209.75,221.7,220.5,216.58,"88,91,566","1,92,57,33,475.90","67,805","24,76,683",27.85
TATAGLOBAL,EQ,2017-10-30,220.5,225.0,230.25,222.5,226.5,226.8,226.25,"1,39,53,152","3,15,69,50,870.60","80,592","67,50,271",48.38
TATAGLOBAL,EQ,2017-10-31,226.8,226.95,228.25,223.15,227.5,226.95,226.02,"51,75,219","1,16,96,96,206.40","30,639","21,02,352",40.62
TATAGLOBAL,EQ,2017-11-01,226.95,226.95,231.4,226.35,228.0,227.8,228.31,"36,08,627","82,38,83,403.70","30,386","10,88,022",30.15
TATAGLOBAL,EQ,2017-11-02,227.8,227.9,231.25,223.4,226.95,226.35,226.72,"78,66,167","1,78,34,15,885.65","25,046","47,69,575",60.63
TATAGLOBAL,EQ,2017-11-03,226.35,227.0,227.9,224.35,225.5,225.3,225.53,"19,20,643","43,31,70,013.95","15,697","8,53,733",44.45
TATAGLOBAL,EQ,2017-11-06,225.3,224.9,236.9,224.0,234.45,234.7,233.02,"69,94,467","1,62,98,61,617.90","40,070","18,57,431",26.56
TATAGLOBAL,EQ,2017-11-07,234.7,235.0,235.5,221.3,225.0,225.0,228.1,"53,06,883","1,21,05,05,255.95","24,763","21,00,169",39.57
TATAGLOBAL,EQ,2017-11-08,225.0,226.0,228.0,222.55,225.4,224.5,225.01,"32,99,527","74,24,32,124.00","21,014","13,33,946",40.43
TATAGLOBAL,EQ,2017-11-09,224.5,225.8,241.6,225.3,239.85,240.45,234.71,"1,12,99,727","2,65,21,92,991.55","60,406","26,60,034",23.54
TATAGLOBAL,EQ,2017-11-10,240.45,240.7,244.0,234.65,236.3,236.15,239.56,"77,26,311","1,85,09,13,276.35","43,264","18,50,296",23.95
TATAGLOBAL,EQ,2017-11-13,236.15,236.3,239.8,232.85,233.95,234.4,236.57,"29,23,051","69,14,92,286.50","18,785","6,95,169",23.78
TATAGLOBAL,EQ,2017-11-14,234.4,234.7,248.0,228.4,246.4,246.7,239.17,"1,58,47,309","3,79,01,49,368.50","82,238","21,95,449",13.85
TATAGLOBAL,EQ,2017-11-15,246.7,237.9,253.35,237.9,252.15,250.9,248.92,"1,78,05,319","4,43,21,85,616.65","88,789","48,19,682",27.07
TATAGLOBAL,EQ,2017-11-16,250.9,254.0,254.65,247.2,251.25,251.95,250.79,"62,92,626","1,57,81,35,408.80","34,898","10,20,079",16.21
TATAGLOBAL,EQ,2017-11-17,251.95,252.25,260.8,250.8,258.95,259.9,256.81,"68,57,865","1,76,11,62,997.50","41,618","8,99,368",13.11
TATAGLOBAL,EQ,2017-11-20,259.9,261.15,276.25,259.25,275.15,274.9,267.84,"1,34,58,563","3,60,47,39,362.35","91,394","29,72,344",22.09
TATAGLOBAL,EQ,2017-11-21,274.9,275.9,280.75,271.15,273.5,273.15,276.27,"1,20,63,135","3,33,27,37,245.85","68,733","22,69,701",18.82
TATAGLOBAL,EQ,2017-11-22,273.15,273.5,275.85,267.75,275.0,274.05,272.05,"50,15,906","1,36,45,79,009.30","36,131","8,28,628",16.52
TATAGLOBAL,EQ,2017-11-23,274.05,273.15,276.95,270.5,276.25,274.8,274.1,"33,71,088","92,40,30,750.65","26,173","5,28,539",15.68
TATAGLOBAL,EQ,2017-11-24,274.8,275.05,280.0,275.05,277.2,278.7,277.63,"38,55,810","1,07,04,90,945.80","23,566","7,71,601",20.01
TATAGLOBAL,EQ,2017-11-27,278.7,277.5,278.4,274.3,277.75,277.45,276.43,"22,08,868","61,06,04,791.15","18,029","4,53,053",20.51
TATAGLOBAL,EQ,2017-11-28,277.45,277.0,289.8,276.5,287.2,287.75,286.25,"1,12,58,640","3,22,27,87,474.95","61,697","18,28,063",16.24
TATAGLOBAL,EQ,2017-11-29,287.75,287.3,290.65,278.3,279.05,280.2,284.14,"64,64,166","1,83,67,29,040.55","34,958","14,85,965",22.99
TATAGLOBAL,EQ,2017-11-30,280.2,278.9,292.2,277.55,288.1,287.1,285.96,"99,44,314","2,84,36,36,333.75","80,798","20,57,397",20.69
TATAGLOBAL,EQ,2017-12-01,287.1,288.45,293.6,282.6,284.0,283.55,288.63,"71,50,041","2,06,37,33,370.25","47,059","11,29,720",15.8
TATAGLOBAL,EQ,2017-12-04,283.55,285.0,286.5,276.4,280.3,279.05,280.27,"57,84,862","1,62,12,96,698.85","30,234","15,93,218",27.54
TATAGLOBAL,EQ,2017-12-05,279.05,279.4,283.75,278.15,280.4,279.95,280.8,"48,76,970","1,36,94,43,661.70","35,680","11,45,375",23.49
TATAGLOBAL,EQ,2017-12-06,279.95,278.9,282.95,273.6,275.3,274.95,277.61,"43,58,618","1,21,00,11,336.25","23,660","10,69,711",24.54
TATAGLOBAL,EQ,2017-12-07,274.95,276.0,284.85,275.65,284.8,284.0,279.12,"38,20,082","1,06,62,59,929.95","20,603","13,25,581",34.7
TATAGLOBAL,EQ,2017-12-08,284.0,287.55,289.9,285.05,288.05,288.45,287.49,"42,97,335","1,23,54,21,322.05","33,551","13,93,497",32.43
TATAGLOBAL,EQ,2017-12-11,288.45,290.0,299.55,285.9,297.85,298.35,294.95,"80,45,275","2,37,29,26,522.70","52,715","12,86,179",15.99
TATAGLOBAL,EQ,2017-12-12,298.35,298.6,298.6,286.65,287.45,287.8,293.11,"68,74,578","2,01,50,21,819.10","66,080","26,41,959",38.43
TATAGLOBAL,EQ,2017-12-13,287.8,290.0,292.5,282.2,284.8,284.45,287.88,"67,99,578","1,95,74,90,770.65","53,142","12,23,614",18.0
TATAGLOBAL,EQ,2017-12-14,284.45,288.0,288.25,279.2,284.5,284.3,283.6,"55,75,066","1,58,10,92,981.15","37,318","12,63,781",22.67
TATAGLOBAL,EQ,2017-12-15,284.3,289.0,289.95,286.15,287.1,286.85,287.65,"30,36,814","87,35,38,563.05","20,339","8,35,439",27.51
TATAGLOBAL,EQ,2017-12-18,286.85,280.0,293.95,275.1,291.6,290.85,287.75,"59,12,782","1,70,13,96,782.20","35,083","11,95,849",20.22
TATAGLOBAL,EQ,2017-12-19,290.85,292.0,301.45,291.7,300.7,300.65,297.89,"83,83,608","2,49,73,97,043.80","48,729","13,75,810",16.41
TATAGLOBAL,EQ,2017-12-20,300.65,301.0,303.8,297.75,302.0,300.85,301.55,"46,92,403","1,41,49,91,661.05","30,288","9,00,589",19.19
TATAGLOBAL,EQ,2017-12-21,300.85,302.25,303.0,298.15,300.2,300.15,300.23,"22,80,137","68,45,56,398.30","13,045","5,27,821",23.15
TATAGLOBAL,EQ,2017-12-22,300.15,301.0,306.35,299.7,302.8,302.75,303.4,"47,03,911","1,42,71,47,321.25","30,383","7,33,544",15.59
TATAGLOBAL,EQ,2017-12-26,302.75,303.7,307.7,300.55,305.5,305.95,305.16,"39,56,481","1,20,73,55,386.40","23,353","6,52,085",16.48
TATAGLOBAL,EQ,2017-12-27,305.95,305.5,308.8,302.5,305.65,305.55,306.6,"33,15,278","1,01,64,50,812.35","24,677","10,05,673",30.33
TATAGLOBAL,EQ,2017-12-28,305.55,306.5,309.3,303.55,306.8,306.6,306.58,"46,20,000","1,41,64,22,106.55","19,593","20,05,494",43.41
TATAGLOBAL,EQ,2017-12-29,306.6,308.05,318.0,306.35,316.05,316.4,314.0,"68,74,520","2,15,86,26,417.10","35,397","16,14,716",23.49
TATAGLOBAL,EQ,2018-01-01,316.4,317.75,317.8,311.8,313.45,312.9,314.49,"16,02,814","50,40,75,391.25","11,239","3,52,884",22.02
TATAGLOBAL,EQ,2018-01-02,312.9,314.3,314.95,307.55,310.7,311.15,310.38,"20,14,415","62,52,42,002.10","13,041","4,14,501",20.58
TATAGLOBAL,EQ,2018-01-03,311.15,311.9,315.15,310.15,310.95,311.2,312.05,"20,73,353","64,69,92,287.00","17,176","5,60,633",27.04
TATAGLOBAL,EQ,2018-01-04,311.2,312.0,313.5,307.25,312.3,312.25,309.94,"27,03,849","83,80,41,178.55","21,654","7,38,627",27.32
TATAGLOBAL,EQ,2018-01-05,312.25,312.3,315.85,310.35,312.85,312.95,313.09,"18,96,601","59,38,15,638.15","21,965","5,49,164",28.96
TATAGLOBAL,EQ,2018-01-08,312.95,314.65,319.2,312.2,317.45,317.6,315.64,"21,71,903","68,55,32,216.15","17,249","5,06,969",23.34
TATAGLOBAL,EQ,2018-01-09,317.6,317.6,319.65,314.0,314.7,315.3,316.41,"24,11,068","76,28,80,154.85","21,448","6,04,593",25.08
TATAGLOBAL,EQ,2018-01-10,315.3,315.0,319.1,312.55,314.25,314.1,315.57,"25,17,494","79,44,49,170.20","18,519","4,84,235",19.23
TATAGLOBAL,EQ,2018-01-11,314.1,314.0,316.7,311.8,313.1,313.3,313.41,"34,81,728","1,09,11,98,832.65","21,523","16,46,281",47.28
TATAGLOBAL,EQ,2018-01-12,313.3,315.05,328.35,315.0,325.95,325.75,322.03,"1,44,84,043","4,66,43,39,298.80","83,642","43,12,721",29.78
TATAGLOBAL,EQ,2018-01-15,325.75,327.7,328.75,321.65,323.7,323.0,325.32,"45,19,030","1,47,01,50,829.05","45,622","15,34,205",33.95
TATAGLOBAL,EQ,2018-01-16,323.0,323.0,326.9,311.45,317.6,316.4,318.6,"46,83,847","1,49,22,72,142.90","35,141","9,92,357",21.19
TATAGLOBAL,EQ,2018-01-17,316.4,313.85,317.0,307.55,314.05,313.55,313.08,"37,42,677","1,17,17,45,506.10","22,661","4,76,342",12.73
TATAGLOBAL,EQ,2018-01-18,313.55,315.05,315.75,301.4,304.5,305.45,308.12,"34,08,593","1,05,02,65,143.85","28,222","9,49,267",27.85
TATAGLOBAL,EQ,2018-01-19,305.45,306.0,310.0,300.95,309.9,308.35,306.12,"36,53,286","1,11,83,30,554.00","30,635","12,60,600",34.51
TATAGLOBAL,EQ,2018-01-22,308.35,307.05,314.95,306.6,309.0,308.85,310.27,"32,78,437","1,01,71,94,250.85","24,514","7,83,581",23.9
TATAGLOBAL,EQ,2018-01-23,308.85,310.7,310.7,304.05,307.7,307.2,307.07,"44,16,130","1,35,60,72,223.15","27,394","20,18,871",45.72
TATAGLOBAL,EQ,2018-01-24,307.2,306.0,310.7,302.8,303.7,304.25,305.62,"21,54,759","65,85,36,723.05","16,372","5,13,946",23.85
TATAGLOBAL,EQ,2018-01-25,304.25,304.0,311.25,301.65,305.3,304.25,306.28,"36,31,793","1,11,23,41,452.05","21,767","10,28,407",28.32
TATAGLOBAL,EQ,2018-01-29,304.25,305.25,306.8,300.7,301.3,301.8,303.82,"18,06,919","54,89,76,800.20","13,614","4,08,690",22.62
TATAGLOBAL,EQ,2018-01-30,301.8,300.95,307.3,299.45,304.0,304.0,303.9,"25,90,100","78,71,39,769.20","20,899","6,39,459",24.69
TATAGLOBAL,EQ,2018-01-31,304.0,302.9,303.7,286.1,291.15,290.65,295.12,"53,97,599","1,59,29,24,777.55","38,078","15,07,221",27.92
TATAGLOBAL,EQ,2018-02-01,290.65,290.25,294.9,278.6,289.55,288.35,288.01,"45,93,306","1,32,29,01,427.30","27,282","7,86,195",17.12
TATAGLOBAL,EQ,2018-02-02,288.35,284.0,285.0,260.25,274.6,274.85,274.38,"66,97,007","1,83,75,08,497.15","47,484","17,86,222",26.67
TATAGLOBAL,EQ,2018-02-05,274.85,265.1,276.9,255.15,275.5,273.1,269.06,"68,33,906","1,83,86,98,566.70","39,215","17,01,740",24.9
TATAGLOBAL,EQ,2018-02-06,273.1,259.0,270.3,253.25,266.0,266.7,261.64,"70,44,561","1,84,31,55,002.50","59,245","20,44,593",29.02
TATAGLOBAL,EQ,2018-02-07,266.7,270.0,284.4,270.0,279.65,280.15,279.31,"80,55,761","2,25,00,69,121.50","58,152","28,67,591",35.6
TATAGLOBAL,EQ,2018-02-08,280.15,282.0,286.5,276.1,280.4,280.45,282.3,"58,63,983","1,65,53,84,050.35","49,685","21,44,319",36.57
TATAGLOBAL,EQ,2018-02-09,280.45,271.1,279.8,271.1,278.65,278.25,277.28,"31,21,544","86,55,43,216.55","25,904","10,41,587",33.37
TATAGLOBAL,EQ,2018-02-12,278.25,282.4,289.6,279.7,284.25,285.1,285.38,"45,83,181","1,30,79,38,802.65","34,217","12,56,050",27.41
TATAGLOBAL,EQ,2018-02-14,285.1,287.95,289.0,280.9,281.5,281.95,285.19,"24,55,660","70,03,26,388.70","20,760","5,79,527",23.6
TATAGLOBAL,EQ,2018-02-15,281.95,284.35,285.25,276.0,279.85,279.05,281.24,"18,07,307","50,82,78,773.00","13,574","3,07,249",17.0
TATAGLOBAL,EQ,2018-02-16,279.05,280.25,282.75,274.2,275.5,275.6,276.88,"19,25,414","53,31,06,593.05","16,403","4,59,427",23.86
TATAGLOBAL,EQ,2018-02-19,275.6,277.0,277.05,263.0,269.0,267.95,268.0,"26,20,461","70,22,81,745.65","26,169","5,41,752",20.67
TATAGLOBAL,EQ,2018-02-20,267.95,268.7,274.2,261.65,263.0,262.85,267.46,"51,20,799","1,36,95,83,445.95","23,332","17,90,442",34.96
TATAGLOBAL,EQ,2018-02-21,262.85,265.0,268.85,262.2,266.5,266.6,266.03,"36,38,163","96,78,53,119.45","35,241","10,74,934",29.55
TATAGLOBAL,EQ,2018-02-22,266.6,265.95,269.9,261.1,262.9,262.15,263.23,"54,66,484","1,43,89,22,298.55","32,950","33,63,802",61.54
TATAGLOBAL,EQ,2018-02-23,262.15,264.2,271.9,263.0,271.2,270.7,268.98,"38,95,920","1,04,79,22,991.35","50,726","14,54,558",37.34
TATAGLOBAL,EQ,2018-02-26,270.7,273.55,274.8,271.55,274.8,273.5,273.05,"36,72,359","1,00,27,43,303.80","36,856","18,20,326",49.57
TATAGLOBAL,EQ,2018-02-27,273.5,275.0,279.7,273.1,275.4,275.0,276.44,"47,78,178","1,32,08,64,843.20","34,517","18,45,520",38.62
TATAGLOBAL,EQ,2018-02-28,275.0,273.0,277.0,272.0,275.4,275.5,275.16,"28,08,234","77,27,14,044.55","22,483","12,81,887",45.65
TATAGLOBAL,EQ,2018-03-01,275.5,275.0,277.35,274.1,275.45,274.85,275.29,"23,22,191","63,92,67,215.30","20,802","11,60,831",49.99
TATAGLOBAL,EQ,2018-03-05,274.85,274.8,276.95,270.55,276.6,275.65,273.74,"46,80,138","1,28,11,25,361.40","49,554","30,54,560",65.27
TATAGLOBAL,EQ,2018-03-06,275.65,276.7,283.1,271.45,272.5,274.15,278.22,"66,01,857","1,83,67,88,955.70","37,295","28,15,062",42.64
TATAGLOBAL,EQ,2018-03-07,274.15,272.0,274.45,265.15,268.9,268.9,269.66,"48,47,214","1,30,70,84,186.75","62,989","21,55,270",44.46
TATAGLOBAL,EQ,2018-03-08,268.9,270.5,274.2,265.0,273.15,273.4,270.13,"22,46,589","60,68,79,892.75","25,892","5,66,628",25.22
TATAGLOBAL,EQ,2018-03-09,273.4,275.9,275.9,266.6,268.5,268.35,271.07,"16,14,381","43,76,16,458.75","22,574","3,77,067",23.36
TATAGLOBAL,EQ,2018-03-12,268.35,270.0,276.65,269.7,276.0,276.05,272.96,"25,83,575","70,52,02,316.05","29,549","8,89,475",34.43
TATAGLOBAL,EQ,2018-03-13,276.05,278.05,281.3,273.2,278.2,278.2,277.55,"30,95,190","85,90,74,537.95","25,806","8,61,645",27.84
TATAGLOBAL,EQ,2018-03-14,278.2,275.25,281.25,275.25,279.0,278.5,278.6,"20,56,369","57,29,13,568.45","13,586","5,10,643",24.83
TATAGLOBAL,EQ,2018-03-15,278.5,278.0,284.4,277.25,279.55,279.6,280.81,"28,77,987","80,81,81,411.10","24,615","6,11,371",21.24
TATAGLOBAL,EQ,2018-03-16,279.6,280.8,282.7,271.05,272.55,272.4,276.35,"27,62,357","76,33,85,750.55","22,917","8,01,876",29.03
TATAGLOBAL,EQ,2018-03-19,272.4,272.6,273.0,258.35,260.65,260.6,263.02,"36,65,423","96,40,91,423.85","31,827","8,88,134",24.23
TATAGLOBAL,EQ,2018-03-20,260.6,259.7,263.65,255.1,263.3,262.05,260.99,"28,55,717","74,53,21,353.25","22,977","7,20,214",25.22
TATAGLOBAL,EQ,2018-03-21,262.05,265.3,266.3,262.15,262.9,263.2,264.12,"14,77,158","39,01,51,436.50","13,828","3,89,459",26.37
TATAGLOBAL,EQ,2018-03-22,263.2,264.65,264.65,257.6,259.1,258.85,259.84,"16,81,596","43,69,46,470.35","25,744","4,56,716",27.16
TATAGLOBAL,EQ,2018-03-23,258.85,251.05,258.9,250.0,258.2,257.9,255.0,"22,97,852","58,59,44,995.40","17,234","5,23,071",22.76
TATAGLOBAL,EQ,2018-03-26,257.9,258.05,263.5,253.7,263.45,262.2,259.47,"24,40,719","63,32,92,568.25","21,349","8,86,322",36.31
TATAGLOBAL,EQ,2018-03-27,262.2,264.0,265.75,260.75,264.0,263.8,263.45,"30,71,911","80,92,82,856.25","18,957","13,44,109",43.75
TATAGLOBAL,EQ,2018-03-28,263.8,261.25,264.0,257.5,259.15,258.75,260.63,"22,83,408","59,51,17,681.20","18,761","9,13,770",40.02
TATAGLOBAL,EQ,2018-04-02,258.75,259.35,278.4,259.35,277.45,276.95,271.04,"66,10,831","1,79,18,02,099.45","45,240","20,20,016",30.56
TATAGLOBAL,EQ,2018-04-03,276.95,276.0,277.55,271.7,275.3,274.8,274.09,"26,13,360","71,62,95,092.40","14,476","8,03,674",30.75
TATAGLOBAL,EQ,2018-04-04,274.8,276.7,279.05,269.55,270.15,270.25,273.32,"32,83,985","89,75,76,865.95","22,809","11,09,850",33.8
TATAGLOBAL,EQ,2018-04-05,270.25,274.55,277.0,271.5,273.0,273.0,273.09,"26,58,707","72,60,79,449.55","16,579","11,35,468",42.71
TATAGLOBAL,EQ,2018-04-06,273.0,274.8,275.65,271.0,272.7,272.7,272.54,"18,52,060","50,47,57,677.25","11,797","7,60,701",41.07
TATAGLOBAL,EQ,2018-04-09,272.7,275.0,281.65,273.0,276.75,277.8,278.76,"46,23,765","1,28,89,29,084.55","34,646","12,66,445",27.39
TATAGLOBAL,EQ,2018-04-10,277.8,280.2,280.7,274.1,275.8,275.5,276.84,"21,90,930","60,65,35,856.90","16,894","4,75,725",21.71
TATAGLOBAL,EQ,2018-04-11,275.5,276.1,276.35,271.5,273.85,273.85,273.22,"19,96,390","54,54,47,359.75","18,248","8,26,612",41.41
TATAGLOBAL,EQ,2018-04-12,273.85,273.9,277.8,271.65,273.9,273.85,274.34,"21,49,205","58,96,21,011.25","16,276","5,91,573",27.53
TATAGLOBAL,EQ,2018-04-13,273.85,274.0,277.35,271.75,275.7,275.5,274.23,"21,96,800","60,24,34,356.75","16,081","7,32,319",33.34
TATAGLOBAL,EQ,2018-04-16,275.5,274.0,280.2,272.55,279.4,279.65,276.19,"30,30,999","83,71,23,652.05","18,622","9,96,780",32.89
TATAGLOBAL,EQ,2018-04-17,279.65,282.0,285.25,277.5,280.6,280.95,282.03,"57,99,262","1,63,55,69,483.75","38,364","18,88,024",32.56
TATAGLOBAL,EQ,2018-04-18,280.95,282.3,287.45,279.25,285.35,284.1,284.3,"47,19,061","1,34,16,31,882.75","34,198","9,65,207",20.45
TATAGLOBAL,EQ,2018-04-19,284.1,286.0,288.65,283.6,285.55,286.2,286.2,"24,34,183","69,66,56,499.50","18,273","4,73,751",19.46
TATAGLOBAL,EQ,2018-04-20,286.2,285.95,288.8,283.65,286.0,286.3,286.32,"25,23,492","72,25,36,087.45","17,528","3,64,645",14.45
TATAGLOBAL,EQ,2018-04-23,286.3,287.7,287.8,282.65,283.2,283.6,284.12,"16,87,369","47,94,16,382.35","14,408","5,00,060",29.64
TATAGLOBAL,EQ,2018-04-24,283.6,283.0,288.0,281.8,283.7,283.15,285.02,"21,31,466","60,75,19,785.95","17,538","4,66,192",21.87
TATAGLOBAL,EQ,2018-04-25,283.15,283.05,291.25,282.05,289.1,289.1,287.38,"48,04,882","1,38,08,09,022.70","41,591","13,45,246",28.0
TATAGLOBAL,EQ,2018-04-26,289.1,292.5,293.65,288.75,291.2,291.2,291.36,"49,42,803","1,44,01,34,982.10","28,703","11,91,614",24.11
TATAGLOBAL,EQ,2018-04-27,291.2,293.45,294.4,291.05,291.4,292.1,292.9,"18,58,644","54,43,93,696.30","14,039","5,06,799",27.27
TATAGLOBAL,EQ,2018-04-30,292.1,293.9,298.5,292.05,297.85,297.55,296.3,"30,46,154","90,25,86,519.15","17,397","10,71,631",35.18
TATAGLOBAL,EQ,2018-05-02,297.55,297.4,300.0,289.4,293.0,292.75,295.03,"18,57,277","54,79,59,600.40","15,514","6,71,007",36.13
TATAGLOBAL,EQ,2018-05-03,292.75,292.75,292.75,283.1,286.45,286.65,287.19,"25,61,225","73,55,62,847.85","23,062","13,12,708",51.25
TATAGLOBAL,EQ,2018-05-04,286.65,287.05,291.5,282.3,287.9,287.8,286.84,"13,99,442","40,14,09,726.10","11,151","2,47,985",17.72
TATAGLOBAL,EQ,2018-05-07,287.8,288.8,295.5,287.0,295.05,294.2,291.44,"18,48,551","53,87,46,151.80","17,361","3,35,969",18.17
TATAGLOBAL,EQ,2018-05-08,294.2,296.0,296.2,287.25,289.5,289.7,290.47,"17,20,983","49,98,86,946.05","19,458","4,86,017",28.24
TATAGLOBAL,EQ,2018-05-09,289.7,289.6,294.35,288.6,292.0,292.0,291.75,"18,20,409","53,10,99,928.15","15,239","5,08,143",27.91
TATAGLOBAL,EQ,2018-05-10,292.0,292.95,293.0,283.45,284.15,285.25,287.42,"14,46,384","41,57,17,467.60","13,276","4,42,902",30.62
TATAGLOBAL,EQ,2018-05-11,285.25,284.4,290.5,284.4,287.0,287.5,287.96,"19,74,327","56,85,22,373.05","19,116","4,05,102",20.52
TATAGLOBAL,EQ,2018-05-14,287.5,280.0,281.35,251.85,257.0,255.9,261.03,"1,68,22,847","4,39,13,37,497.75","1,16,236","48,42,658",28.79
TATAGLOBAL,EQ,2018-05-15,255.9,256.45,259.5,240.75,242.45,242.65,248.16,"92,98,329","2,30,74,67,788.45","68,146","19,77,709",21.27
TATAGLOBAL,EQ,2018-05-16,242.65,240.0,245.6,237.25,241.4,241.1,241.7,"63,28,483","1,52,95,86,647.25","45,101","15,79,229",24.95
TATAGLOBAL,EQ,2018-05-17,241.1,243.5,249.3,242.5,247.5,247.5,247.21,"71,08,750","1,75,73,66,362.30","53,621","32,58,736",45.84
TATAGLOBAL,EQ,2018-05-18,247.5,248.3,248.95,243.35,245.1,244.7,245.74,"32,97,714","81,03,64,980.95","32,220","15,97,592",48.45
TATAGLOBAL,EQ,2018-05-21,244.7,244.1,248.35,240.55,244.0,243.55,244.08,"31,80,360","77,62,71,472.50","39,001","14,89,523",46.84
TATAGLOBAL,EQ,2018-05-22,243.55,244.0,251.1,244.0,247.6,247.15,247.97,"31,75,432","78,74,04,503.35","43,628","13,30,674",41.91
TATAGLOBAL,EQ,2018-05-23,247.15,246.5,252.35,245.55,250.0,250.2,249.7,"42,95,785","1,07,26,50,397.45","51,417","24,06,122",56.01
TATAGLOBAL,EQ,2018-05-24,250.2,251.0,255.5,247.3,255.0,254.5,252.64,"29,21,253","73,80,23,632.40","28,216","12,57,477",43.05
TATAGLOBAL,EQ,2018-05-25,254.5,252.2,259.4,252.2,258.5,257.85,257.02,"20,71,496","53,24,07,807.85","15,644","7,57,462",36.57
TATAGLOBAL,EQ,2018-05-28,257.85,254.7,262.2,254.65,260.7,260.65,259.04,"26,49,349","68,62,75,194.30","22,085","9,46,240",35.72
TATAGLOBAL,EQ,2018-05-29,260.65,257.4,262.7,257.0,257.9,257.5,259.6,"22,35,734","58,03,90,755.15","19,117","9,31,339",41.66
TATAGLOBAL,EQ,2018-05-30,257.5,254.0,266.0,253.2,265.7,264.5,261.83,"41,54,146","1,08,76,90,304.15","29,553","15,92,821",38.34
TATAGLOBAL,EQ,2018-05-31,264.5,267.0,272.0,260.7,269.05,269.2,266.28,"34,69,905","92,39,61,799.30","31,163","15,21,303",43.84
TATAGLOBAL,EQ,2018-06-01,269.2,269.7,269.7,258.55,265.1,263.25,263.85,"26,22,839","69,20,49,053.90","23,833","9,14,754",34.88
TATAGLOBAL,EQ,2018-06-04,263.25,265.0,265.4,253.5,255.5,255.25,258.72,"18,19,147","47,06,53,863.45","13,781","6,20,387",34.1
TATAGLOBAL,EQ,2018-06-05,255.25,255.5,264.7,254.8,264.2,263.75,262.13,"42,08,120","1,10,30,56,171.80","48,275","13,44,279",31.94
TATAGLOBAL,EQ,2018-06-06,263.75,262.75,266.7,260.35,265.55,265.75,263.56,"20,52,017","54,08,38,070.75","15,527","5,63,747",27.47
TATAGLOBAL,EQ,2018-06-07,265.75,266.9,269.7,263.3,267.0,267.1,266.86,"15,27,128","40,75,26,182.75","15,597","3,50,609",22.96
TATAGLOBAL,EQ,2018-06-08,267.1,263.7,269.35,263.55,266.7,266.95,266.77,"11,04,173","29,45,63,771.40","9,922","2,32,465",21.05
TATAGLOBAL,EQ,2018-06-11,266.95,265.6,271.25,262.7,263.25,263.7,267.62,"35,38,690","94,70,29,777.70","30,428","10,81,537",30.56
TATAGLOBAL,EQ,2018-06-12,263.7,262.75,268.4,262.75,267.2,267.6,265.98,"12,06,633","32,09,39,830.40","11,315","3,63,471",30.12
TATAGLOBAL,EQ,2018-06-13,267.6,267.0,270.5,265.35,270.0,269.6,268.68,"12,32,644","33,11,86,641.35","22,443","4,31,921",35.04
TATAGLOBAL,EQ,2018-06-14,269.6,269.8,278.75,268.2,278.0,277.8,276.06,"36,46,744","1,00,67,32,234.70","31,753","7,16,576",19.65
TATAGLOBAL,EQ,2018-06-15,277.8,279.15,281.0,271.45,272.2,272.15,274.92,"31,33,233","86,14,03,343.50","25,944","11,08,504",35.38
TATAGLOBAL,EQ,2018-06-18,272.15,271.55,276.85,269.15,274.9,275.35,273.38,"15,41,522","42,14,24,143.65","15,888","4,80,883",31.2
TATAGLOBAL,EQ,2018-06-19,275.35,274.65,274.65,266.05,267.0,267.05,267.32,"62,24,725","1,66,40,21,185.65","32,003","34,86,348",56.01
TATAGLOBAL,EQ,2018-06-20,267.05,263.7,264.75,257.0,260.55,260.85,260.01,"33,67,252","87,55,17,892.10","46,449","12,10,179",35.94
TATAGLOBAL,EQ,2018-06-21,260.85,258.05,262.35,255.5,258.15,258.2,258.44,"30,20,580","78,06,40,222.90","28,177","13,30,215",44.04
TATAGLOBAL,EQ,2018-06-22,258.2,257.9,263.55,256.45,261.95,262.1,261.92,"24,59,832","64,42,71,388.50","27,298","7,73,067",31.43
TATAGLOBAL,EQ,2018-06-25,262.1,260.1,266.95,260.1,264.55,264.5,264.51,"21,03,452","55,63,81,638.85","17,866","7,95,064",37.8
TATAGLOBAL,EQ,2018-06-26,264.5,264.8,269.7,263.3,264.6,267.35,266.56,"22,08,389","58,86,60,600.95","21,433","6,00,477",27.19
TATAGLOBAL,EQ,2018-06-27,267.35,265.1,268.4,261.2,263.15,265.6,264.3,"22,34,204","59,05,04,551.15","15,633","7,04,622",31.54
TATAGLOBAL,EQ,2018-06-28,265.6,263.0,268.25,261.45,265.05,263.95,264.18,"45,11,203","1,19,17,49,697.75","29,348","14,15,035",31.37
TATAGLOBAL,EQ,2018-06-29,263.95,262.7,270.15,262.7,269.2,269.35,265.6,"20,77,927","55,19,01,565.15","14,681","8,42,404",40.54
TATAGLOBAL,EQ,2018-07-02,269.35,271.0,273.1,263.25,264.5,264.45,266.03,"36,61,633","97,40,90,095.80","15,948","19,69,625",53.79
TATAGLOBAL,EQ,2018-07-03,264.45,264.5,284.5,262.7,280.1,281.0,276.84,"66,76,660","1,84,83,40,764.50","48,979","10,75,976",16.12
TATAGLOBAL,EQ,2018-07-04,281.0,281.0,281.0,275.35,277.7,277.3,277.91,"35,98,212","99,99,81,870.30","30,225","7,20,167",20.01
TATAGLOBAL,EQ,2018-07-05,277.3,277.45,282.4,270.0,271.8,271.25,276.21,"23,38,411","64,59,01,354.85","25,977","3,54,938",15.18
TATAGLOBAL,EQ,2018-07-06,271.25,269.8,273.25,265.7,266.2,266.3,269.17,"20,22,333","54,43,53,252.95","16,252","3,45,797",17.1
TATAGLOBAL,EQ,2018-07-09,266.3,268.25,276.2,267.0,275.3,275.25,272.02,"22,67,486","61,68,09,813.40","17,313","7,11,267",31.37
TATAGLOBAL,EQ,2018-07-10,275.25,275.9,277.8,272.55,274.55,274.75,275.01,"12,84,523","35,32,62,595.35","13,606","2,34,077",18.22
TATAGLOBAL,EQ,2018-07-11,274.75,274.8,275.45,267.45,270.0,269.8,270.77,"14,07,688","38,11,57,006.55","16,858","3,13,026",22.24
TATAGLOBAL,EQ,2018-07-12,269.8,270.4,272.45,264.35,264.5,265.2,268.66,"22,50,217","60,45,36,603.10","22,922","6,68,731",29.72
TATAGLOBAL,EQ,2018-07-13,265.2,265.0,265.75,257.55,258.3,258.9,262.25,"33,57,333","88,04,56,604.80","30,884","15,22,826",45.36
TATAGLOBAL,EQ,2018-07-16,258.9,257.9,257.9,242.1,243.9,243.25,247.96,"34,54,849","85,66,75,274.90","32,198","13,12,529",37.99
TATAGLOBAL,EQ,2018-07-17,243.25,241.55,251.85,240.3,247.5,247.9,246.83,"31,58,004","77,94,77,115.70","35,824","10,51,849",33.31
TATAGLOBAL,EQ,2018-07-18,247.9,248.4,249.6,232.7,238.1,238.65,239.9,"33,43,525","80,21,21,921.60","30,564","10,13,114",30.3
TATAGLOBAL,EQ,2018-07-19,238.65,239.7,243.3,228.6,232.5,233.1,235.22,"42,23,216","99,34,05,983.50","38,589","10,50,215",24.87
TATAGLOBAL,EQ,2018-07-20,233.1,231.25,240.95,231.25,238.9,238.6,237.86,"30,03,282","71,43,47,449.25","21,592","7,19,860",23.97
TATAGLOBAL,EQ,2018-07-23,238.6,238.9,244.25,235.25,243.05,243.3,240.05,"23,51,769","56,45,47,886.70","18,330","3,92,924",16.71
TATAGLOBAL,EQ,2018-07-24,243.3,244.0,249.2,241.9,246.3,246.3,246.1,"22,78,457","56,07,30,385.55","21,429","5,06,875",22.25
TATAGLOBAL,EQ,2018-07-25,246.3,248.5,248.5,235.8,236.05,236.9,242.23,"23,10,430","55,96,44,466.30","16,499","8,54,783",37.0
TATAGLOBAL,EQ,2018-07-26,236.9,235.9,242.95,234.5,239.5,239.1,239.31,"39,96,921","95,65,09,567.90","22,638","18,34,556",45.9
TATAGLOBAL,EQ,2018-07-27,239.1,241.0,243.95,239.15,242.5,242.25,241.59,"15,81,985","38,21,96,733.70","14,280","4,63,659",29.31
TATAGLOBAL,EQ,2018-07-30,242.25,243.7,247.0,240.9,243.65,242.2,243.34,"18,67,720","45,44,83,493.30","19,276","3,60,655",19.31
TATAGLOBAL,EQ,2018-07-31,242.2,243.4,249.65,241.5,247.1,246.9,246.87,"44,22,342","1,09,17,34,425.55","30,014","10,71,909",24.24
TATAGLOBAL,EQ,2018-08-01,246.9,248.7,254.95,234.35,235.1,235.65,243.55,"1,32,72,609","3,23,25,56,229.80","1,03,740","24,58,715",18.52
TATAGLOBAL,EQ,2018-08-02,235.65,232.5,238.05,230.4,235.0,235.45,233.8,"57,00,851","1,33,28,52,103.00","52,892","12,81,453",22.48
TATAGLOBAL,EQ,2018-08-03,235.45,236.0,239.0,232.0,235.2,234.65,235.06,"33,57,945","78,93,32,384.80","23,584","8,75,911",26.08
TATAGLOBAL,EQ,2018-08-06,234.65,235.15,240.45,234.15,240.0,239.5,237.48,"25,60,616","60,80,86,815.40","24,694","7,48,825",29.24
TATAGLOBAL,EQ,2018-08-07,239.5,241.0,241.55,235.3,237.5,237.6,238.22,"19,63,538","46,77,57,767.25","17,942","3,92,885",20.01
TATAGLOBAL,EQ,2018-08-08,237.6,237.25,240.5,235.05,236.35,236.35,238.22,"18,07,313","43,05,39,171.60","23,078","5,37,875",29.76
TATAGLOBAL,EQ,2018-08-09,236.35,236.65,239.85,235.3,237.25,237.3,237.45,"11,27,248","26,76,63,232.15","11,397","2,86,126",25.38
TATAGLOBAL,EQ,2018-08-10,237.3,237.3,237.95,231.1,233.65,233.55,233.71,"20,35,594","47,57,48,185.35","18,397","7,98,422",39.22
TATAGLOBAL,EQ,2018-08-13,233.55,233.0,236.45,232.25,235.2,234.55,234.71,"19,48,583","45,73,56,755.35","15,245","10,16,683",52.18
TATAGLOBAL,EQ,2018-08-14,234.55,235.0,238.5,235.0,237.4,237.55,236.57,"18,85,288","44,59,95,955.00","16,895","8,57,957",45.51
TATAGLOBAL,EQ,2018-08-16,237.55,236.05,242.0,235.95,240.35,239.35,239.34,"25,51,480","61,06,80,946.85","20,989","10,36,774",40.63
TATAGLOBAL,EQ,2018-08-17,239.35,240.8,244.5,239.2,242.7,243.0,242.6,"28,38,238","68,85,51,623.65","28,267","10,69,789",37.69
TATAGLOBAL,EQ,2018-08-20,243.0,244.0,247.0,243.0,244.7,245.15,245.05,"16,90,225","41,41,83,389.75","11,880","6,12,503",36.24
TATAGLOBAL,EQ,2018-08-21,245.15,246.9,246.9,239.25,240.9,240.55,242.71,"32,72,005","79,41,40,113.25","18,557","18,77,968",57.4
TATAGLOBAL,EQ,2018-08-23,240.55,240.3,240.6,233.1,235.5,235.45,235.68,"15,53,953","36,62,36,005.75","31,900","4,09,729",26.37
TATAGLOBAL,EQ,2018-08-24,235.45,234.5,237.2,230.2,231.5,231.0,233.32,"18,38,417","42,89,35,097.45","19,957","8,42,532",45.83
TATAGLOBAL,EQ,2018-08-27,231.0,231.8,239.35,231.05,236.8,237.05,235.67,"19,90,020","46,89,93,511.95","16,372","5,51,607",27.72
TATAGLOBAL,EQ,2018-08-28,237.05,237.0,239.3,231.3,232.9,233.35,234.62,"23,74,782","55,71,77,470.25","16,319","9,89,503",41.67
TATAGLOBAL,EQ,2018-08-29,233.35,233.85,237.7,232.7,234.2,234.55,235.21,"13,94,661","32,80,32,641.70","13,745","3,47,133",24.89
TATAGLOBAL,EQ,2018-08-30,234.55,235.35,237.3,232.1,237.3,236.0,235.08,"19,21,327","45,16,57,007.50","14,371","7,47,659",38.91
TATAGLOBAL,EQ,2018-08-31,236.0,237.0,239.75,232.95,234.65,234.3,235.95,"33,53,833","79,13,21,297.80","22,017","12,90,926",38.49
TATAGLOBAL,EQ,2018-09-03,234.3,236.0,243.55,235.05,236.85,236.7,239.15,"52,42,852","1,25,38,38,631.60","28,451","15,89,711",30.32
TATAGLOBAL,EQ,2018-09-04,236.7,238.2,238.2,222.6,223.45,223.7,229.65,"35,54,859","81,63,81,604.50","33,527","14,99,635",42.19
TATAGLOBAL,EQ,2018-09-05,223.7,222.0,224.6,215.2,222.1,222.4,220.8,"30,23,097","66,74,93,234.10","27,922","7,25,925",24.01
TATAGLOBAL,EQ,2018-09-06,222.4,224.0,225.0,218.2,220.95,221.05,221.8,"17,38,824","38,56,71,774.30","17,256","3,49,915",20.12
TATAGLOBAL,EQ,2018-09-07,221.05,221.0,224.5,219.1,223.15,222.95,222.54,"12,32,507","27,42,84,491.60","13,239","3,33,066",27.02
TATAGLOBAL,EQ,2018-09-10,222.95,222.5,235.15,220.65,221.05,222.0,227.98,"75,14,106","1,71,30,28,587.70","77,370","21,43,412",28.53
TATAGLOBAL,EQ,2018-09-11,222.0,222.5,225.4,214.85,216.35,216.0,220.46,"35,08,990","77,35,81,383.90","40,154","11,75,838",33.51
TATAGLOBAL,EQ,2018-09-12,216.0,216.35,223.7,212.65,221.65,222.65,218.82,"45,70,939","1,00,02,00,774.70","51,585","17,91,380",39.19
TATAGLOBAL,EQ,2018-09-14,222.65,223.45,236.7,223.3,234.0,233.95,231.81,"63,77,909","1,47,84,49,794.10","64,765","28,70,710",45.01
TATAGLOBAL,EQ,2018-09-17,233.95,233.15,238.0,230.25,236.4,236.6,234.8,"31,70,894","74,45,40,988.15","23,125","10,16,811",32.07
TATAGLOBAL,EQ,2018-09-18,236.6,237.9,239.25,233.5,235.5,235.05,235.72,"26,14,794","61,63,69,768.30","21,560","5,85,001",22.37
TATAGLOBAL,EQ,2018-09-19,235.05,235.95,237.2,233.45,234.6,234.9,235.14,"13,62,058","32,02,77,860.90","11,729","2,01,681",14.81
TATAGLOBAL,EQ,2018-09-21,234.9,235.0,237.0,227.95,233.75,234.6,233.34,"53,95,319","1,25,89,59,127.30","31,953","18,37,039",34.05
TATAGLOBAL,EQ,2018-09-24,234.6,233.55,239.2,230.75,234.0,233.3,233.67,"34,23,509","79,99,54,844.35","21,310","12,66,632",37.0
TATAGLOBAL,EQ,2018-09-25,233.3,233.3,236.75,232.0,236.25,236.1,234.27,"23,49,368","55,03,89,580.45","17,280","5,68,482",24.2
TATAGLOBAL,EQ,2018-09-26,236.1,240.0,240.0,232.5,235.0,234.25,234.22,"22,40,909","52,48,59,987.95","20,118","6,30,602",28.14
TATAGLOBAL,EQ,2018-09-27,234.25,234.55,236.8,231.1,233.8,233.25,233.33,"50,82,859","1,18,59,94,821.10","27,760","22,03,420",43.35
TATAGLOBAL,EQ,2018-09-28,233.25,234.05,235.95,230.2,233.5,233.75,233.31,"30,69,914","71,62,34,879.95","19,199","10,61,627",34.58
TATAGLOBAL,EQ,2018-10-01,233.75,234.55,234.6,221.05,230.3,230.9,227.14,"15,34,749","34,86,04,841.35","12,997","2,21,098",14.41
TATAGLOBAL,EQ,2018-10-03,230.9,230.0,237.5,225.75,226.45,227.6,231.79,"17,08,590","39,60,26,886.00","17,129","3,12,674",18.3
TATAGLOBAL,EQ,2018-10-04,227.6,223.5,227.8,216.15,217.25,218.2,220.72,"17,28,786","38,15,78,800.25","24,377","5,23,822",30.3
TATAGLOBAL,EQ,2018-10-05,218.2,217.0,218.6,205.9,210.25,209.2,210.46,"35,19,515","74,07,05,530.85","43,655","12,06,147",34.27
TATAGLOBAL,EQ,2018-10-08,209.2,208.0,222.25,206.85,216.0,215.15,216.77,"46,42,146","1,00,62,82,593.10","61,964","16,07,254",34.62
TATAGLOBAL,EQ,2018-10-09,215.15,215.5,219.15,209.6,215.0,216.5,213.65,"18,44,462","39,40,69,858.55","22,136","3,60,467",19.54
TATAGLOBAL,EQ,2018-10-10,216.5,215.0,229.65,215.0,228.25,228.4,224.64,"29,19,278","65,57,94,911.45","31,179","7,05,341",24.16
TATAGLOBAL,EQ,2018-10-11,228.4,215.0,229.7,215.0,225.6,224.6,223.42,"12,93,881","28,90,85,198.55","11,639","1,86,833",14.44
TATAGLOBAL,EQ,2018-10-12,224.6,226.25,232.35,225.5,228.7,229.1,229.59,"11,65,527","26,75,90,981.15","16,106","2,45,418",21.06
TATAGLOBAL,EQ,2018-10-15,229.1,229.7,237.0,226.8,234.8,234.9,232.43,"12,24,339","28,45,68,245.95","12,369","1,43,493",11.72
TATAGLOBAL,EQ,2018-10-16,234.9,237.1,237.7,233.05,234.4,235.45,235.17,"17,23,113","40,52,25,108.75","66,562","7,19,991",41.78
TATAGLOBAL,EQ,2018-10-17,235.45,237.7,240.8,229.45,231.3,231.1,236.32,"29,45,914","69,61,64,871.05","60,593","10,38,795",35.26
TATAGLOBAL,EQ,2018-10-19,231.1,230.3,232.7,225.5,227.75,227.2,228.47,"15,27,904","34,90,78,089.25","17,409","6,66,074",43.59
TATAGLOBAL,EQ,2018-10-22,227.2,229.45,231.6,222.0,223.05,223.25,227.45,"35,29,711","80,28,37,092.45","37,540","8,11,562",22.99
TATAGLOBAL,EQ,2018-10-23,223.25,221.1,222.2,214.75,219.55,218.3,218.33,"14,16,279","30,92,15,236.80","15,712","4,54,864",32.12
TATAGLOBAL,EQ,2018-10-24,218.3,220.1,221.25,217.05,219.55,219.8,219.68,"21,71,956","47,71,33,670.90","21,565","11,25,471",51.82
TATAGLOBAL,EQ,2018-10-25,219.8,217.9,224.7,216.0,224.4,222.1,221.45,"32,88,126","72,81,52,000.25","23,135","20,80,464",63.27
TATAGLOBAL,EQ,2018-10-26,222.1,223.0,223.0,215.75,216.9,217.6,219.15,"12,54,856","27,49,98,495.10","13,742","3,73,740",29.78
TATAGLOBAL,EQ,2018-10-29,217.6,217.0,221.45,217.0,220.1,220.0,219.62,"9,66,687","21,23,06,846.50","8,613","1,68,887",17.47
TATAGLOBAL,EQ,2018-10-30,220.0,220.9,228.8,219.4,227.95,227.3,224.65,"22,30,812","50,11,42,301.05","24,878","5,03,272",22.56
TATAGLOBAL,EQ,2018-10-31,227.3,218.2,220.9,205.0,216.8,217.85,214.96,"96,09,975","2,06,57,68,896.75","95,354","22,93,064",23.86
TATAGLOBAL,EQ,2018-11-01,217.85,218.0,220.5,216.4,217.15,217.75,218.35,"21,17,862","46,24,43,760.45","28,007","7,68,382",36.28
TATAGLOBAL,EQ,2018-11-02,217.75,220.0,223.5,216.9,217.75,217.65,221.08,"17,01,852","37,62,46,925.80","15,135","6,53,781",38.42
TATAGLOBAL,EQ,2018-11-05,217.65,217.5,221.35,217.05,219.75,219.85,219.12,"9,77,010","21,40,78,049.25","12,967","2,84,694",29.14
TATAGLOBAL,EQ,2018-11-06,219.85,220.75,221.75,213.15,213.5,213.8,216.6,"11,14,288","24,13,57,199.80","10,583","3,54,007",31.77
TATAGLOBAL,EQ,2018-11-07,213.8,215.0,216.55,214.8,215.2,215.2,215.3,"1,80,558","3,88,73,541.50","2,239","1,04,095",57.65
TATAGLOBAL,EQ,2018-11-09,215.2,215.0,215.6,208.55,211.5,209.5,211.47,"32,91,284","69,59,98,856.40","29,141","19,08,413",57.98
TATAGLOBAL,EQ,2018-11-12,209.5,211.0,217.0,210.2,214.7,214.7,214.01,"25,54,231","54,66,23,319.35","21,246","4,61,537",18.07
TATAGLOBAL,EQ,2018-11-13,214.7,214.0,221.2,211.8,221.0,219.95,216.06,"17,73,622","38,32,09,156.05","19,111","6,07,150",34.23
TATAGLOBAL,EQ,2018-11-14,219.95,220.55,221.45,216.5,217.45,217.4,218.1,"13,16,163","28,70,51,172.45","15,873","5,14,964",39.13
TATAGLOBAL,EQ,2018-11-15,217.4,217.95,222.5,216.7,221.0,221.45,220.46,"11,46,455","25,27,50,538.65","10,521","3,06,692",26.75
TATAGLOBAL,EQ,2018-11-16,221.45,221.5,224.25,218.55,222.3,221.8,221.52,"8,17,962","18,11,94,532.90","10,387","2,15,375",26.33
TATAGLOBAL,EQ,2018-11-19,221.8,222.0,225.5,221.5,224.1,224.15,223.64,"9,04,579","20,22,98,787.95","10,135","2,33,562",25.82
TATAGLOBAL,EQ,2018-11-20,224.15,223.0,224.85,215.0,215.0,215.95,219.28,"9,13,551","20,03,20,603.95","10,068","2,66,822",29.21
TATAGLOBAL,EQ,2018-11-21,215.95,215.0,220.45,215.0,219.85,219.0,218.4,"11,68,853","25,52,74,967.35","11,206","3,63,665",31.11
TATAGLOBAL,EQ,2018-11-22,219.0,219.0,219.7,214.8,215.75,215.9,217.03,"9,67,411","20,99,53,307.15","7,279","4,20,938",43.51
TATAGLOBAL,EQ,2018-11-26,215.9,217.45,218.9,213.0,218.1,217.65,215.75,"14,52,206","31,33,19,601.40","11,701","3,34,905",23.06
TATAGLOBAL,EQ,2018-11-27,217.65,218.95,219.95,214.0,217.75,217.75,216.77,"18,63,491","40,39,51,364.70","15,165","8,63,371",46.33
TATAGLOBAL,EQ,2018-11-28,217.75,217.4,221.45,215.2,215.65,216.0,218.0,"9,77,424","21,30,78,516.05","8,768","2,73,531",27.98
TATAGLOBAL,EQ,2018-11-29,216.0,217.0,220.65,213.9,218.5,218.75,217.51,"21,73,966","47,28,62,416.45","14,217","12,61,288",58.02
TATAGLOBAL,EQ,2018-11-30,218.75,216.25,220.6,216.25,217.65,218.65,218.53,"10,44,674","22,82,88,647.70","12,029","4,26,992",40.87
TATAGLOBAL,EQ,2018-12-03,218.65,218.5,219.2,214.3,215.15,214.75,215.97,"10,99,033","23,73,58,101.60","10,667","4,31,653",39.28
TATAGLOBAL,EQ,2018-12-04,214.75,214.75,216.75,208.8,210.15,209.5,211.16,"19,08,684","40,30,38,843.25","27,992","8,41,144",44.07
TATAGLOBAL,EQ,2018-12-05,209.5,209.0,212.5,205.4,212.0,211.7,210.03,"30,55,629","64,17,64,732.95","28,608","10,51,376",34.41
TATAGLOBAL,EQ,2018-12-06,211.7,210.5,211.65,207.0,207.0,208.15,208.56,"12,70,790","26,50,41,876.30","13,863","3,12,701",24.61
TATAGLOBAL,EQ,2018-12-07,208.15,208.55,209.5,203.3,206.0,206.55,205.89,"14,22,582","29,28,97,832.05","12,722","4,30,247",30.24
TATAGLOBAL,EQ,2018-12-10,206.55,203.0,209.6,197.05,197.05,198.2,204.2,"25,14,120","51,33,75,837.90","29,414","7,11,606",28.3
TATAGLOBAL,EQ,2018-12-11,198.2,195.0,203.8,195.0,202.85,202.85,199.91,"18,18,568","36,35,48,515.10","14,885","5,79,951",31.89
TATAGLOBAL,EQ,2018-12-12,202.85,203.15,213.9,203.0,212.65,212.95,210.54,"17,55,046","36,95,14,314.60","12,882","4,76,900",27.17
TATAGLOBAL,EQ,2018-12-13,212.95,213.35,215.7,210.25,212.9,212.4,213.28,"11,96,911","25,52,82,230.05","15,875","4,56,605",38.15
TATAGLOBAL,EQ,2018-12-14,212.4,212.0,213.35,210.0,213.3,212.35,211.82,"8,60,565","18,22,86,281.30","7,640","2,70,646",31.45
TATAGLOBAL,EQ,2018-12-17,212.35,212.8,213.4,209.5,210.0,210.05,210.28,"13,03,397","27,40,80,795.05","15,188","7,33,478",56.27
TATAGLOBAL,EQ,2018-12-18,210.05,209.8,213.5,208.95,211.0,210.1,210.87,"13,95,195","29,42,03,153.85","12,176","7,13,230",51.12
TATAGLOBAL,EQ,2018-12-19,210.1,210.6,214.65,209.55,210.1,210.15,211.63,"24,59,567","52,05,18,328.80","16,492","12,49,949",50.82
TATAGLOBAL,EQ,2018-12-20,210.15,209.5,213.1,208.6,210.15,210.2,210.45,"12,63,237","26,58,48,532.00","9,094","5,03,202",39.83
TATAGLOBAL,EQ,2018-12-21,210.2,211.0,219.6,210.8,215.0,215.4,216.78,"56,54,362","1,22,57,26,965.80","66,821","20,16,323",35.66
TATAGLOBAL,EQ,2018-12-24,215.4,215.55,224.0,215.4,219.05,219.05,220.41,"58,08,490","1,28,02,56,837.35","51,970","14,12,082",24.31
TATAGLOBAL,EQ,2018-12-26,219.05,220.4,220.4,212.4,217.95,218.55,216.22,"15,98,566","34,56,42,433.15","12,549","1,44,385",9.03
TATAGLOBAL,EQ,2018-12-27,218.55,221.8,224.9,215.2,220.1,220.05,219.91,"95,09,683","2,09,12,50,235.95","34,084","56,34,002",59.24
TATAGLOBAL,EQ,2018-12-28,220.05,221.75,223.3,219.55,220.75,220.8,221.23,"22,63,147","50,06,85,865.35","16,825","6,94,245",30.68
TATAGLOBAL,EQ,2018-12-31,220.8,222.0,223.65,218.85,219.55,219.4,220.64,"9,65,858","21,31,08,943.50","7,124","2,80,665",29.06
TATAGLOBAL,EQ,2019-01-01,219.4,219.95,221.05,218.05,218.95,219.1,219.42,"7,16,275","15,71,62,530.45","4,948","1,84,696",25.79
TATAGLOBAL,EQ,2019-01-02,219.1,219.0,220.35,213.6,214.2,214.6,216.34,"10,81,778","23,40,31,031.15","11,081","3,17,094",29.31
TATAGLOBAL,EQ,2019-01-03,214.6,214.95,215.35,209.9,210.55,210.05,211.47,"20,96,553","44,33,50,164.55","16,491","12,61,728",60.18
TATAGLOBAL,EQ,2019-01-04,210.05,210.6,214.9,210.0,213.5,213.8,212.92,"12,13,181","25,83,05,381.70","9,867","2,08,999",17.23
TATAGLOBAL,EQ,2019-01-07,213.8,214.6,216.95,214.0,214.75,214.95,215.52,"8,71,903","18,79,16,643.20","7,134","2,35,829",27.05
TATAGLOBAL,EQ,2019-01-08,214.95,214.6,216.15,212.7,215.35,215.15,214.73,"5,90,293","12,67,53,163.05","5,725","1,52,838",25.89
TATAGLOBAL,EQ,2019-01-09,215.15,216.0,216.7,210.65,212.55,212.6,213.24,"9,08,322","19,36,88,285.85","8,623","3,13,930",34.56
TATAGLOBAL,EQ,2019-01-10,212.6,212.05,215.2,212.05,213.2,214.15,213.95,"7,15,378","15,30,56,065.95","9,031","2,62,717",36.72
TATAGLOBAL,EQ,2019-01-11,214.15,214.0,215.25,211.3,211.85,211.9,212.53,"6,98,106","14,83,71,101.85","5,641","2,52,255",36.13
TATAGLOBAL,EQ,2019-01-14,211.9,211.75,214.25,209.65,212.55,213.5,212.05,"10,36,107","21,97,01,849.10","10,354","3,87,495",37.40
TATAGLOBAL,EQ,2019-01-15,213.5,213.1,215.25,212.6,214.5,214.3,214.16,"6,49,313","13,90,58,164.40","6,189","1,80,107",27.74
TATAGLOBAL,EQ,2019-01-16,214.3,214.4,219.2,213.85,216.8,216.45,217.36,"10,88,457","23,65,84,916.30","16,518","2,72,297",25.02
TATAGLOBAL,EQ,2019-01-17,216.45,216.5,218.75,215.05,218.0,218.15,217.0,"12,67,904","27,51,39,301.80","10,325","4,71,679",37.20
TATAGLOBAL,EQ,2019-01-18,218.15,218.4,218.5,213.7,215.85,216.25,215.61,"7,71,653","16,63,79,289.10","5,577","2,62,486",34.02
TATAGLOBAL,EQ,2019-01-21,216.25,216.2,216.95,210.0,210.1,210.5,212.05,"10,05,521","21,32,24,722.15","9,111","4,71,698",46.91
TATAGLOBAL,EQ,2019-01-22,210.5,209.7,212.55,209.2,212.2,212.1,211.0,"6,82,384","14,39,82,729.95","6,289","2,01,629",29.55
TATAGLOBAL,EQ,2019-01-23,212.1,211.5,214.8,210.0,211.0,210.6,212.01,"9,37,183","19,86,96,050.45","14,354","4,08,750",43.61
TATAGLOBAL,EQ,2019-01-24,210.6,212.1,212.65,209.45,210.8,210.8,210.77,"10,59,068","22,32,24,492.45","20,156","5,06,202",47.80
TATAGLOBAL,EQ,2019-01-25,210.8,211.0,212.05,206.05,207.5,207.05,209.01,"17,23,705","36,02,78,864.80","11,711","9,76,896",56.67
TATAGLOBAL,EQ,2019-01-28,207.05,207.0,210.3,201.35,209.0,209.25,207.09,"16,29,992","33,75,61,467.00","19,233",-,-
TATAGLOBAL,EQ,2019-01-29,209.25,210.0,210.4,202.2,206.0,204.85,205.24,"13,25,502","27,20,51,687.55","17,003","5,01,515",37.84
TATAGLOBAL,EQ,2019-01-30,204.85,203.75,206.55,201.9,205.8,204.5,204.01,"14,07,845","28,72,17,722.90","38,370","4,99,298",35.47
TATAGLOBAL,EQ,2019-01-31,204.5,205.8,206.0,200.8,202.85,203.8,203.51,"25,84,783","52,60,19,285.80","16,717","15,08,372",58.36
TATAGLOBAL,EQ,2019-02-01,203.8,203.8,207.8,201.65,205.2,204.1,204.86,"9,48,332","19,42,75,344.55","7,381","2,40,938",25.41
TATAGLOBAL,EQ,2019-02-04,204.1,203.5,204.45,198.0,199.0,199.85,200.59,"11,15,503","22,37,62,899.15","8,042","4,48,144",40.17
TATAGLOBAL,EQ,2019-02-05,199.85,198.5,200.05,179.3,185.65,185.95,188.79,"83,31,711","1,57,29,61,824.30","58,326","22,65,261",27.19
TATAGLOBAL,EQ,2019-02-06,185.95,184.0,189.75,178.1,188.2,188.45,184.15,"34,59,646","63,70,79,803.95","27,032","8,56,387",24.75
TATAGLOBAL,EQ,2019-02-07,188.45,188.3,192.45,186.65,191.15,191.1,190.2,"19,68,302","37,43,80,069.75","17,903","5,38,019",27.33
TATAGLOBAL,EQ,2019-02-08,191.1,190.0,191.5,184.4,185.1,185.7,186.77,"12,80,248","23,91,09,314.55","11,843","2,85,578",22.31
TATAGLOBAL,EQ,2019-02-11,185.7,185.9,186.0,177.05,179.95,179.75,179.52,"34,60,117","62,11,55,980.70","20,903","21,37,033",61.76
TATAGLOBAL,EQ,2019-02-12,179.75,179.05,189.0,178.6,187.3,186.55,186.03,"28,05,228","52,18,55,954.05","20,899","10,46,158",37.29
TATAGLOBAL,EQ,2019-02-13,186.55,187.0,187.7,182.85,185.25,185.0,185.37,"16,18,836","30,00,84,215.00","15,276","6,13,711",37.91
TATAGLOBAL,EQ,2019-02-14,185.0,183.15,190.4,182.95,190.0,188.9,187.26,"9,97,833","18,68,55,145.40","11,371","2,76,771",27.74
TATAGLOBAL,EQ,2019-02-15,188.9,191.0,191.0,184.2,185.4,186.15,186.81,"16,24,523","30,34,82,603.30","15,443","5,65,007",34.78
TATAGLOBAL,EQ,2019-02-18,186.15,186.15,186.5,181.5,183.0,182.75,183.05,"10,26,852","18,79,69,573.25","10,068","1,87,538",18.26
TATAGLOBAL,EQ,2019-02-19,182.75,182.6,188.8,182.25,184.2,184.5,186.4,"9,84,628","18,35,38,357.10","7,613","1,32,408",13.45
TATAGLOBAL,EQ,2019-02-20,184.5,184.5,189.3,184.5,188.45,188.7,187.59,"9,93,170","18,63,04,347.05","14,541","4,43,006",44.61
TATAGLOBAL,EQ,2019-02-21,188.7,188.0,194.9,187.55,191.3,190.65,192.63,"25,11,829","48,38,50,222.55","24,404","5,93,862",23.64
TATAGLOBAL,EQ,2019-02-22,190.65,190.0,192.05,188.05,190.25,189.25,189.67,"12,43,941","23,59,33,129.20","8,449","3,07,997",24.76
TATAGLOBAL,EQ,2019-02-25,189.25,190.1,193.2,188.55,190.55,191.1,191.1,"13,73,833","26,25,36,686.70","8,935","4,51,129",32.84
TATAGLOBAL,EQ,2019-02-26,191.1,189.75,192.25,185.35,191.5,191.65,189.77,"12,71,388","24,12,75,646.95","9,609","3,61,733",28.45
TATAGLOBAL,EQ,2019-02-27,191.65,192.0,195.0,190.1,191.75,192.7,193.01,"18,16,786","35,06,56,379.90","17,118","7,13,458",39.27
TATAGLOBAL,EQ,2019-02-28,192.7,192.4,195.0,191.55,193.95,193.7,193.57,"10,90,108","21,10,10,757.70","7,584","4,28,462",39.30
TATAGLOBAL,EQ,2019-03-01,193.7,194.0,197.85,193.2,197.45,197.3,195.91,"12,92,085","25,31,32,976.30","8,856","3,87,108",29.96
TATAGLOBAL,EQ,2019-03-05,197.3,197.6,199.9,196.6,197.4,197.55,198.05,"19,10,560","37,83,85,857.40","11,621","8,53,290",44.66
TATAGLOBAL,EQ,2019-03-06,197.55,198.5,203.25,196.1,198.0,197.95,199.59,"17,16,592","34,26,10,013.10","18,124","3,61,260",21.05
TATAGLOBAL,EQ,2019-03-07,197.95,198.8,199.9,196.15,196.9,196.6,197.53,"9,33,729","18,44,41,802.25","6,354","2,79,272",29.91
TATAGLOBAL,EQ,2019-03-08,196.6,196.0,197.6,192.6,193.3,193.2,194.32,"15,42,933","29,98,16,597.85","16,156","4,96,575",32.18
TATAGLOBAL,EQ,2019-03-11,193.2,192.05,203.0,192.05,203.0,202.5,199.88,"35,92,265","71,80,13,015.80","25,193","9,65,124",26.87
TATAGLOBAL,EQ,2019-03-12,202.5,204.45,206.2,203.15,204.75,204.9,204.49,"19,91,333","40,72,17,582.95","14,697","5,81,628",29.21
TATAGLOBAL,EQ,2019-03-13,204.9,205.95,208.75,202.25,203.0,202.85,206.15,"26,90,181","55,45,68,496.90","28,042","6,10,434",22.69
TATAGLOBAL,EQ,2019-03-14,202.85,204.0,211.8,203.0,206.5,206.2,207.83,"65,63,662","1,36,41,05,962.35","62,427","15,08,478",22.98
TATAGLOBAL,EQ,2019-03-15,206.2,207.4,208.6,202.35,203.4,203.2,205.02,"20,25,761","41,53,11,750.10","16,125","6,23,228",30.77
TATAGLOBAL,EQ,2019-03-18,203.2,204.9,205.0,198.55,200.6,200.25,200.79,"16,08,207","32,29,16,220.60","10,828","5,26,081",32.71
TATAGLOBAL,EQ,2019-03-19,200.25,200.55,205.5,200.3,202.55,203.3,203.74,"17,92,277","36,51,58,731.35","16,908","8,04,911",44.91
TATAGLOBAL,EQ,2019-03-20,203.3,203.85,204.0,197.15,198.5,198.1,200.25,"21,58,406","43,22,10,595.40","10,254","12,52,675",58.04
TATAGLOBAL,EQ,2019-03-22,198.1,199.3,201.85,195.2,195.9,195.75,198.54,"12,98,095","25,77,20,607.05","10,776","3,52,168",27.13
TATAGLOBAL,EQ,2019-03-25,195.75,195.0,199.5,193.6,196.0,196.65,196.62,"16,58,129","32,60,18,874.10","10,977","4,27,713",25.79
TATAGLOBAL,EQ,2019-03-26,196.65,195.65,197.5,194.05,196.1,196.05,195.8,"11,54,541","22,60,55,249.45","8,946","3,65,062",31.62
TATAGLOBAL,EQ,2019-03-27,196.05,196.5,200.2,195.1,196.0,196.6,198.15,"19,62,815","38,89,32,825.30","20,787","5,66,444",28.86
TATAGLOBAL,EQ,2019-03-28,196.6,197.5,200.55,196.75,199.15,198.95,198.92,"15,86,111","31,55,14,123.55","30,089","5,44,481",34.33
TATAGLOBAL,EQ,2019-03-29,198.95,199.0,206.2,198.85,204.2,203.95,203.37,"28,89,335","58,76,16,941.05","25,506","9,52,780",32.98
TATAGLOBAL,EQ,2019-04-01,203.95,204.55,209.3,204.2,208.1,208.1,207.25,"19,15,582","39,70,03,084.25","16,781","7,46,650",38.98
TATAGLOBAL,EQ,2019-04-02,208.1,208.0,214.7,207.55,211.8,211.9,212.4,"39,13,611","83,12,44,456.10","29,368","7,53,090",19.24
TATAGLOBAL,EQ,2019-04-03,211.9,212.65,213.2,207.35,208.7,208.35,210.63,"23,30,970","49,09,61,776.15","22,007","9,63,060",41.32
TATAGLOBAL,EQ,2019-04-04,208.35,208.4,212.4,205.65,211.2,211.35,209.27,"20,89,235","43,72,17,689.15","23,976","7,74,400",37.07
TATAGLOBAL,EQ,2019-04-05,211.35,211.4,215.5,210.05,212.0,211.3,212.66,"27,61,691","58,72,97,936.25","18,101","8,73,254",31.62
TATAGLOBAL,EQ,2019-04-08,211.3,212.0,214.7,210.0,210.4,211.7,212.53,"15,57,504","33,10,16,995.35","13,171","4,99,224",32.05
TATAGLOBAL,EQ,2019-04-09,211.7,211.9,211.9,207.95,210.3,210.25,209.73,"8,27,540","17,35,62,995.65","8,239","3,13,744",37.91
TATAGLOBAL,EQ,2019-04-10,210.25,208.1,211.9,207.75,208.5,208.8,209.35,"11,42,036","23,90,81,845.25","7,161","5,22,955",45.79
TATAGLOBAL,EQ,2019-04-11,208.8,208.7,215.25,208.6,215.0,214.6,212.66,"24,39,649","51,88,12,889.35","17,519","8,50,680",34.87
TATAGLOBAL,EQ,2019-04-12,214.6,215.95,217.25,213.05,215.5,215.15,215.21,"26,20,746","56,40,00,492.65","17,790","4,01,383",15.32
TATAGLOBAL,EQ,2019-04-15,215.15,216.45,218.7,213.9,216.1,216.65,216.96,"26,73,514","58,00,56,104.15","16,469","8,60,325",32.18
TATAGLOBAL,EQ,2019-04-16,216.65,217.4,217.4,214.55,215.8,215.7,215.5,"11,43,488","24,64,21,642.50","9,177","4,56,937",39.96
TATAGLOBAL,EQ,2019-04-18,215.7,215.7,216.8,207.3,207.65,208.85,209.97,"28,18,804","59,18,71,473.70","18,785","13,00,369",46.13
TATAGLOBAL,EQ,2019-04-22,208.85,208.15,213.45,208.0,209.2,209.35,211.01,"20,03,793","42,28,27,929.80","13,976","4,80,743",23.99
TATAGLOBAL,EQ,2019-04-23,209.35,209.8,210.85,204.0,208.05,209.6,207.8,"32,17,791","66,86,71,072.75","21,794","6,18,550",19.22
TATAGLOBAL,EQ,2019-04-24,209.6,204.0,211.95,200.65,209.1,208.9,206.32,"96,68,429","1,99,47,93,563.90","62,288","19,36,527",20.03
TATAGLOBAL,EQ,2019-04-25,208.9,209.4,212.85,207.3,212.0,211.2,210.05,"32,28,599","67,81,51,524.65","25,423","8,89,832",27.56
TATAGLOBAL,EQ,2019-04-26,211.2,213.0,216.9,209.7,213.35,213.2,213.75,"25,10,185","53,65,51,958.55","28,724","5,15,185",20.52
TATAGLOBAL,EQ,2019-04-30,213.2,211.0,213.05,207.3,209.1,209.2,209.9,"23,70,602","49,75,86,872.45","27,806","8,39,017",35.39
TATAGLOBAL,EQ,2019-05-02,209.2,208.1,210.05,205.05,205.15,206.3,207.54,"22,71,545","47,14,36,784.15","10,314","12,87,252",56.67
TATAGLOBAL,EQ,2019-05-03,206.3,205.9,207.45,203.35,204.0,204.0,205.25,"16,39,544","33,65,09,135.25","9,723","8,48,050",51.72
TATAGLOBAL,EQ,2019-05-06,204.0,202.9,206.0,202.05,202.2,202.65,203.83,"10,68,557","21,77,99,893.35","7,194","5,11,818",47.90
TATAGLOBAL,EQ,2019-05-07,202.65,203.1,206.0,198.8,200.0,199.75,203.28,"14,53,964","29,55,57,070.15","8,106","4,72,314",32.48
TATAGLOBAL,EQ,2019-05-08,199.75,200.0,202.25,198.25,199.3,199.45,199.81,"14,52,184","29,01,65,694.35","10,123","4,06,563",28.00
TATAGLOBAL,EQ,2019-05-09,199.45,199.3,200.95,195.1,199.0,198.6,198.46,"13,65,985","27,10,87,964.55","15,046","4,73,275",34.65
TATAGLOBAL,EQ,2019-05-10,198.6,198.6,201.4,197.55,198.25,198.5,199.74,"12,46,805","24,90,31,537.60","6,428","3,32,562",26.67
TATAGLOBAL,EQ,2019-05-13,198.5,197.25,204.3,197.0,200.05,199.85,202.04,"28,27,684","57,12,98,000.45","17,570","8,53,392",30.18
TATAGLOBAL,EQ,2019-05-14,199.85,202.0,204.9,197.25,201.35,200.25,201.45,"41,90,535","84,41,94,544.85","31,996","10,38,008",24.77
TATAGLOBAL,EQ,2019-05-15,200.25,202.3,204.9,198.1,198.6,199.25,201.6,"25,81,825","52,05,01,325.60","17,962","9,73,190",37.69
TATAGLOBAL,EQ,2019-05-16,199.25,207.0,223.0,197.15,221.4,220.8,212.39,"2,73,98,307","5,81,92,35,194.35","1,58,647","41,51,113",15.15
TATAGLOBAL,EQ,2019-05-17,220.8,220.0,238.3,218.6,235.55,235.4,228.63,"1,79,55,568","4,10,51,03,774.00","1,05,501","19,05,487",10.61
TATAGLOBAL,EQ,2019-05-20,235.4,239.8,241.95,231.5,234.15,235.85,235.92,"75,07,001","1,77,10,61,751.70","47,854","18,65,719",24.85
TATAGLOBAL,EQ,2019-05-21,235.85,235.0,237.0,229.7,232.1,232.5,232.8,"43,96,346","1,02,34,55,707.30","30,538","10,51,479",23.92
TATAGLOBAL,EQ,2019-05-22,232.5,233.0,236.0,230.15,233.4,234.05,233.13,"32,74,093","76,32,82,909.35","19,717","11,40,901",34.85
TATAGLOBAL,EQ,2019-05-23,234.05,238.0,238.0,229.2,230.95,230.3,232.25,"32,87,277","76,34,56,954.65","27,236","12,46,793",37.93
TATAGLOBAL,EQ,2019-05-24,230.3,230.7,236.4,227.9,235.5,234.9,233.52,"23,95,433","55,93,89,523.20","17,544","6,06,834",25.33
TATAGLOBAL,EQ,2019-05-27,234.9,237.2,237.5,232.25,233.5,233.4,233.72,"18,32,951","42,83,98,724.70","13,532","6,31,401",34.45
TATAGLOBAL,EQ,2019-05-28,233.4,235.4,243.75,233.75,236.75,237.3,237.92,"41,21,336","98,05,46,371.35","45,497","13,28,730",32.24
TATAGLOBAL,EQ,2019-05-29,237.3,236.9,239.9,232.4,234.25,234.35,235.89,"24,45,735","57,69,24,382.30","19,425","4,91,880",20.11
TATAGLOBAL,EQ,2019-05-30,234.35,234.1,238.15,233.0,237.0,236.85,235.28,"14,42,935","33,94,90,180.90","11,362","4,97,258",34.46
TATAGLOBAL,EQ,2019-05-31,236.85,237.0,246.25,235.35,244.7,244.0,242.12,"65,68,324","1,59,03,04,079.75","51,743","22,68,712",34.54
TATAGLOBAL,EQ,2019-06-03,244.0,245.0,247.4,242.3,244.95,244.95,245.04,"32,79,574","80,36,16,353.95","33,750","10,55,851",32.19
TATAGLOBAL,EQ,2019-06-04,244.95,244.6,258.7,244.0,253.8,253.45,253.86,"1,09,43,654","2,77,81,24,372.50","89,627","27,17,606",24.83
TATAGLOBAL,EQ,2019-06-06,253.45,253.0,257.4,246.75,250.25,252.5,253.14,"58,22,991","1,47,40,60,755.10","52,419","18,60,221",31.95
TATAGLOBAL,EQ,2019-06-07,252.5,251.5,259.85,247.65,256.8,257.0,255.75,"60,12,221","1,53,76,25,115.70","43,480","11,66,909",19.41
TATAGLOBAL,EQ,2019-06-10,257.0,257.0,259.05,250.65,253.4,252.7,254.67,"30,98,985","78,92,15,547.85","31,777","9,67,620",31.22
TATAGLOBAL,EQ,2019-06-11,252.7,253.45,256.7,250.6,255.6,255.35,253.5,"24,40,220","61,85,86,916.95","22,669","6,67,812",27.37
TATAGLOBAL,EQ,2019-06-12,255.35,254.8,257.45,253.25,255.0,255.15,255.48,"20,28,664","51,82,73,674.80","18,287","5,65,299",27.87
TATAGLOBAL,EQ,2019-06-13,255.15,255.2,255.9,251.15,252.9,253.85,253.35,"12,32,935","31,23,65,342.65","9,954","2,13,146",17.29
TATAGLOBAL,EQ,2019-06-14,253.85,253.0,254.85,246.1,246.25,247.05,249.62,"19,14,763","47,79,56,543.80","21,447","6,18,552",32.30
TATAGLOBAL,EQ,2019-06-17,247.05,246.5,251.8,243.35,246.25,245.7,247.08,"18,18,946","44,94,28,395.90","16,831","3,93,356",20.45
TATAGLOBAL,EQ,2019-06-18,245.7,246.25,248.65,245.05,248.5,247.8,247.02,"17,52,118","43,28,07,202.90","25,551","4,25,552",22.37
TATAGLOBAL,EQ,2019-06-19,247.8,248.6,250.2,243.15,245.6,245.3,246.24,"25,03,805","61,65,41,435.25","25,092","9,34,524",37.32
TATAGLOBAL,EQ,2019-06-20,245.3,244.85,256.8,244.7,256.0,255.85,249.86,"46,02,715","1,15,00,42,074.75","32,805","18,06,084",39.24
TATAGLOBAL,EQ,2019-06-21,255.85,255.85,264.0,253.5,261.4,261.8,259.97,"37,60,383","97,75,80,909.80","26,825","9,34,918",24.86
TATAGLOBAL,EQ,2019-06-24,261.8,261.0,263.0,256.75,260.1,259.95,259.54,"22,81,154","59,20,45,793.15","21,062","4,13,736",18.14
TATAGLOBAL,EQ,2019-06-25,259.95,260.0,260.7,256.85,258.8,259.15,258.8,"16,99,986","43,99,55,071.00","13,993","3,96,757",23.34
TATAGLOBAL,EQ,2019-06-26,259.15,260.0,275.0,258.3,272.6,272.65,268.9,"83,91,203","2,25,63,89,013.20","78,391","29,54,214",35.21
TATAGLOBAL,EQ,2019-06-27,272.65,274.0,277.4,269.3,272.0,273.8,273.22,"36,85,617","1,00,69,73,574.95","28,405","9,04,318",24.54
TATAGLOBAL,EQ,2019-06-28,273.8,273.8,273.8,267.5,269.55,269.7,269.64,"23,22,676","62,62,92,130.25","20,077","8,90,670",38.35
TATAGLOBAL,EQ,2019-07-01,269.7,270.1,272.7,268.5,272.1,271.55,270.32,"14,25,361","38,53,07,767.20","10,215","5,91,341",41.49
TATAGLOBAL,EQ,2019-07-02,271.55,273.3,275.0,269.5,271.35,271.8,271.75,"17,02,477","46,26,42,563.55","15,697","4,52,607",26.59
TATAGLOBAL,EQ,2019-07-03,271.8,271.0,273.9,269.95,271.4,271.65,271.68,"10,27,844","27,92,40,782.80","18,495","3,57,280",34.76
TATAGLOBAL,EQ,2019-07-04,271.65,272.2,273.0,268.6,269.55,269.65,270.51,"20,67,702","55,93,37,515.25","11,437","12,75,761",61.70
TATAGLOBAL,EQ,2019-07-05,269.65,270.0,272.2,263.25,265.25,266.6,268.75,"18,04,483","48,49,47,110.65","14,600","7,64,917",42.39
TATAGLOBAL,EQ,2019-07-08,266.6,265.0,266.95,260.55,264.25,263.55,263.54,"14,29,701","37,67,87,017.05","13,232","4,99,859",34.96
TATAGLOBAL,EQ,2019-07-09,263.55,263.1,266.25,261.45,263.3,263.55,264.31,"17,23,027","45,54,16,744.45","11,475","7,76,776",45.08
TATAGLOBAL,EQ,2019-07-10,263.55,263.3,264.7,250.3,251.45,251.65,255.68,"28,61,877","73,17,12,700.75","34,410","9,93,113",34.70
TATAGLOBAL,EQ,2019-07-11,251.65,253.0,259.55,252.15,255.5,255.95,256.3,"20,71,153","53,08,42,504.65","19,813","5,61,693",27.12
TATAGLOBAL,EQ,2019-07-12,255.95,255.0,260.2,253.15,257.8,257.95,256.69,"10,87,977","27,92,68,259.30","15,866","2,27,165",20.88
TATAGLOBAL,EQ,2019-07-15,257.95,260.0,260.0,253.5,253.75,254.3,255.24,"18,32,470","46,77,19,903.10","11,333","10,77,110",58.78
TATAGLOBAL,EQ,2019-07-16,254.3,254.3,261.0,254.0,259.1,259.55,258.62,"12,45,709","32,21,61,539.25","14,625","2,11,971",17.02
TATAGLOBAL,EQ,2019-07-17,259.55,258.65,263.5,255.95,256.85,257.0,259.16,"26,31,378","68,19,43,244.05","31,742","6,64,635",25.26
TATAGLOBAL,EQ,2019-07-18,257.0,256.7,258.75,254.25,255.0,255.1,256.2,"10,82,809","27,74,20,845.75","16,229","4,26,047",39.35
TATAGLOBAL,EQ,2019-07-19,255.1,256.0,256.35,245.6,248.95,248.85,248.64,"27,50,857","68,39,64,129.25","33,298","9,41,881",34.24
TATAGLOBAL,EQ,2019-07-22,248.85,249.0,255.5,247.1,251.5,251.6,252.09,"17,40,529","43,87,74,632.75","17,661","6,42,757",36.93
TATAGLOBAL,EQ,2019-07-23,251.6,250.0,253.25,249.0,250.4,250.4,250.8,"14,41,755","36,15,84,946.00","12,282","7,47,664",51.86
TATAGLOBAL,EQ,2019-07-24,250.4,250.0,252.1,248.0,248.25,249.9,249.27,"17,61,267","43,90,23,496.40","23,056","8,69,239",49.35
TATAGLOBAL,EQ,2019-07-25,249.9,249.8,254.6,249.3,253.0,251.6,252.26,"15,09,879","38,08,74,753.40","15,021","6,57,961",43.58
TATAGLOBAL,EQ,2019-07-26,251.6,251.95,260.5,250.4,258.5,258.35,257.42,"20,06,636","51,65,39,385.65","19,001","4,48,086",22.33
TATAGLOBAL,EQ,2019-07-29,258.35,258.5,259.95,252.6,256.6,256.0,255.88,"12,08,093","30,91,26,558.05","14,247","2,39,943",19.86
TATAGLOBAL,EQ,2019-07-30,256.0,257.0,259.2,247.7,250.4,249.7,253.03,"15,77,476","39,91,50,223.60","13,940","5,39,341",34.19
TATAGLOBAL,EQ,2019-07-31,249.7,247.0,254.45,245.7,250.6,251.6,250.74,"14,79,989","37,10,93,863.85","18,669","2,81,314",19.01
TATAGLOBAL,EQ,2019-08-01,251.6,252.0,262.5,250.5,258.7,258.75,258.87,"53,62,278","1,38,81,22,251.30","50,598","11,91,237",22.22
TATAGLOBAL,EQ,2019-08-02,258.75,258.7,269.75,254.4,265.35,265.6,263.01,"35,87,924","94,36,66,844.50","32,155","6,40,777",17.86
TATAGLOBAL,EQ,2019-08-05,265.6,264.35,266.4,259.7,261.5,260.9,262.63,"22,98,112","60,35,50,774.15","21,157","2,65,540",11.55
TATAGLOBAL,EQ,2019-08-06,260.9,262.0,273.2,261.95,269.05,270.55,269.17,"28,99,938","78,05,88,275.30","25,090","4,14,091",14.28
TATAGLOBAL,EQ,2019-08-07,270.55,271.25,274.35,268.35,269.55,269.4,271.07,"17,61,095","47,73,72,829.20","18,776","3,72,205",21.13
TATAGLOBAL,EQ,2019-08-08,269.4,271.5,272.7,266.85,270.55,270.9,270.04,"18,23,157","49,23,28,270.90","19,909","4,87,248",26.73
TATAGLOBAL,EQ,2019-08-09,270.9,272.0,273.9,264.75,265.65,265.5,268.11,"21,92,096","58,77,14,563.70","18,673","9,93,761",45.33
TATAGLOBAL,EQ,2019-08-13,265.5,264.5,268.1,261.8,262.85,263.6,265.14,"10,60,200","28,11,05,751.95","16,050","2,57,577",24.30
TATAGLOBAL,EQ,2019-08-14,263.6,264.1,269.7,261.2,266.2,267.0,265.55,"13,31,862","35,36,73,107.65","12,219","4,39,762",33.02
TATAGLOBAL,EQ,2019-08-16,267.0,265.85,269.5,263.8,266.5,266.85,266.78,"8,23,258","21,96,31,501.45","9,560","1,72,596",20.96
TATAGLOBAL,EQ,2019-08-19,266.85,267.4,271.0,266.2,268.2,268.2,268.76,"13,32,431","35,81,09,855.35","20,837","3,30,683",24.82
TATAGLOBAL,EQ,2019-08-20,268.2,268.95,270.35,263.65,265.4,265.9,266.65,"6,00,434","16,01,04,175.40","9,692","1,24,276",20.70
TATAGLOBAL,EQ,2019-08-21,265.9,266.0,266.0,259.6,260.45,261.45,262.39,"12,22,492","32,07,71,205.60","16,857","5,24,673",42.92
TATAGLOBAL,EQ,2019-08-22,261.45,261.0,262.85,256.65,257.3,258.7,260.47,"8,64,809","22,52,52,602.35","18,765","2,84,398",32.89
TATAGLOBAL,EQ,2019-08-23,258.7,259.55,267.25,256.85,266.6,265.95,263.36,"13,76,595","36,25,45,130.30","14,055","4,43,312",32.20
TATAGLOBAL,EQ,2019-08-26,265.95,269.25,273.9,265.8,269.6,269.05,269.7,"17,91,288","48,31,07,059.95","35,745","6,49,772",36.27
TATAGLOBAL,EQ,2019-08-27,269.05,270.0,271.3,264.85,267.8,266.4,266.88,"14,20,227","37,90,25,462.05","18,509","7,21,647",50.81
TATAGLOBAL,EQ,2019-08-28,266.4,270.0,281.3,267.6,280.6,280.05,277.01,"76,32,634","2,11,43,31,881.85","65,143","13,34,828",17.49
TATAGLOBAL,EQ,2019-08-29,280.05,281.0,282.0,271.45,275.1,274.55,275.5,"42,31,503","1,16,57,67,117.70","43,527","9,85,812",23.30
TATAGLOBAL,EQ,2019-08-30,274.55,275.5,280.45,274.9,278.05,278.5,277.79,"27,14,305","75,40,03,562.90","29,968","7,72,683",28.47
TATAGLOBAL,EQ,2019-09-03,278.5,277.0,279.6,270.2,270.75,271.2,275.29,"16,19,484","44,58,20,944.10","22,970","4,71,992",29.14
TATAGLOBAL,EQ,2019-09-04,271.2,271.95,272.9,262.35,267.0,267.0,266.19,"22,61,160","60,19,04,233.80","22,888","7,79,478",34.47
TATAGLOBAL,EQ,2019-09-05,267.0,268.0,269.25,263.45,264.0,264.45,266.06,"14,01,218","37,28,05,494.10","17,554","5,50,922",39.32
TATAGLOBAL,EQ,2019-09-06,264.45,265.0,266.3,259.55,263.5,262.75,262.25,"12,55,736","32,93,14,149.95","16,401","2,80,962",22.37
TATAGLOBAL,EQ,2019-09-09,262.75,263.5,267.35,261.7,263.65,263.8,264.36,"26,40,504","69,80,30,604.25","21,202","13,07,012",49.50
TATAGLOBAL,EQ,2019-09-11,263.8,265.95,267.8,257.2,257.95,259.35,261.43,"26,67,978","69,74,83,818.95","27,055","11,96,432",44.84
TATAGLOBAL,EQ,2019-09-12,259.35,259.8,263.9,258.2,263.2,262.3,261.57,"27,44,024","71,77,64,822.40","25,448","11,92,454",43.46
TATAGLOBAL,EQ,2019-09-13,262.3,263.9,264.5,256.0,258.8,259.0,259.92,"30,50,128","79,27,95,990.80","31,190","9,55,757",31.33
TATAGLOBAL,EQ,2019-09-16,259.0,256.5,259.4,255.7,256.85,257.5,257.56,"10,44,609","26,90,52,935.70","12,117","2,68,256",25.68
TATAGLOBAL,EQ,2019-09-17,257.5,258.0,260.8,255.0,256.0,256.25,258.13,"22,37,086","57,74,62,164.25","21,477","10,01,858",44.78
TATAGLOBAL,EQ,2019-09-18,256.25,258.0,261.35,253.5,260.0,259.75,258.64,"23,60,120","61,04,26,127.70","29,030","8,26,416",35.02
TATAGLOBAL,EQ,2019-09-19,259.75,259.7,259.7,250.65,254.3,254.45,253.88,"35,46,569","90,03,92,035.15","29,456","8,12,498",22.91
TATAGLOBAL,EQ,2019-09-20,254.45,254.1,270.65,249.95,267.3,267.35,263.46,"48,03,062","1,26,53,91,900.80","41,495","13,36,393",27.82
TATAGLOBAL,EQ,2019-09-23,267.35,266.0,277.0,265.2,273.0,273.65,273.04,"98,11,055","2,67,88,53,795.15","60,489","57,76,757",58.88
TATAGLOBAL,EQ,2019-09-24,273.65,274.0,277.5,271.95,275.0,275.0,274.62,"21,60,946","59,34,42,186.55","28,495","8,29,916",38.41
TATAGLOBAL,EQ,2019-09-25,275.0,274.5,281.25,271.3,280.0,279.45,276.26,"32,73,970","90,44,54,711.20","24,472","15,85,634",48.43
TATAGLOBAL,EQ,2019-09-26,279.45,281.9,284.85,277.15,279.9,279.9,280.74,"49,37,972","1,38,63,10,665.50","40,106","19,84,822",40.20
TATAGLOBAL,EQ,2019-09-27,279.9,279.9,287.7,278.6,282.0,281.95,284.28,"42,89,026","1,21,92,98,026.10","37,929","14,02,958",32.71
TATAGLOBAL,EQ,2019-09-30,281.95,281.95,281.95,275.35,276.0,276.0,277.94,"20,57,195","57,17,75,752.40","12,158","8,98,741",43.69
TATAGLOBAL,EQ,2019-10-01,276.0,276.0,276.85,267.35,271.0,270.65,272.86,"35,32,083","96,37,50,680.30","17,635","19,08,805",54.04
TATAGLOBAL,EQ,2019-10-03,270.65,270.0,274.35,268.5,272.4,272.75,272.37,"15,09,727","41,12,01,691.50","22,454","6,03,744",39.99
TATAGLOBAL,EQ,2019-10-04,272.75,274.1,274.9,262.65,266.05,266.2,268.09,"31,82,068","85,30,94,093.15","29,585","15,94,688",50.11
TATAGLOBAL,EQ,2019-10-07,266.2,267.75,269.1,262.85,265.0,265.7,266.4,"10,72,461","28,57,06,565.40","10,455","5,32,056",49.61
TATAGLOBAL,EQ,2019-10-09,265.7,266.1,271.65,264.25,269.85,269.95,268.68,"20,22,400","54,33,71,787.15","14,431","9,14,760",45.23
TATAGLOBAL,EQ,2019-10-10,269.95,269.9,272.45,265.1,266.5,266.65,268.1,"8,80,540","23,60,74,270.60","6,831","2,10,211",23.87
TATAGLOBAL,EQ,2019-10-11,266.65,268.25,273.9,265.85,272.0,272.05,269.49,"35,86,098","96,64,07,310.50","14,938","20,32,151",56.67
TATAGLOBAL,EQ,2019-10-14,272.05,274.0,277.8,273.0,275.5,275.75,275.59,"20,40,226","56,22,72,036.25","15,666","5,86,431",28.74
TATAGLOBAL,EQ,2019-10-15,275.75,277.45,278.45,273.8,277.6,277.75,277.14,"10,09,890","27,98,79,566.65","15,472","2,58,067",25.55
TATAGLOBAL,EQ,2019-10-16,277.75,277.9,279.0,273.7,274.6,275.55,276.43,"8,14,304","22,50,98,348.75","6,575","1,27,351",15.64
TATAGLOBAL,EQ,2019-10-17,275.55,276.35,280.25,271.75,278.8,279.45,274.88,"19,81,158","54,45,87,869.80","16,335","7,95,346",40.15
TATAGLOBAL,EQ,2019-10-18,279.45,279.4,285.2,275.8,281.05,282.0,280.11,"32,98,797","92,40,12,217.35","22,999","13,44,293",40.75
TATAGLOBAL,EQ,2019-10-22,282.0,283.35,287.9,280.55,281.4,281.75,283.55,"19,98,064","56,65,44,235.70","22,336","7,91,725",39.62
TATAGLOBAL,EQ,2019-10-23,281.75,284.0,284.6,277.0,277.2,278.85,280.8,"12,18,611","34,21,88,738.40","13,041","2,14,128",17.57
TATAGLOBAL,EQ,2019-10-24,278.85,279.0,285.0,278.1,281.5,281.1,281.78,"13,20,404","37,20,60,836.70","10,385","3,98,898",30.21
TATAGLOBAL,EQ,2019-10-25,281.1,281.95,281.95,277.35,277.4,279.6,279.48,"13,38,263","37,40,13,269.40","20,526","5,05,342",37.76
TATAGLOBAL,EQ,2019-10-27,279.6,279.6,281.65,278.15,280.0,279.85,279.71,"2,77,674","7,76,69,176.50","3,037","98,683",35.54
TATAGLOBAL,EQ,2019-10-29,279.85,281.85,288.0,278.7,287.95,283.4,281.39,"26,90,746","75,71,50,863.05","22,927","11,35,458",42.20
TATAGLOBAL,EQ,2019-10-30,283.4,288.0,295.0,284.7,292.05,291.75,290.16,"56,28,792","1,63,32,64,086.45","53,311","16,34,030",29.03
TATAGLOBAL,EQ,2019-10-31,291.75,290.0,319.8,283.7,317.0,317.0,307.19,"2,10,60,789","6,46,97,44,627.75","1,38,477","49,67,161",23.58
TATAGLOBAL,EQ,2019-11-01,317.0,316.8,322.5,304.3,304.5,304.95,312.24,"91,41,707","2,85,44,26,877.25","62,907","41,18,270",45.05
TATAGLOBAL,EQ,2019-11-04,304.95,305.1,312.25,301.4,307.0,306.6,308.01,"58,79,974","1,81,10,89,680.70","49,236","24,18,153",41.13
TATAGLOBAL,EQ,2019-11-05,306.6,306.6,308.15,299.55,300.0,300.5,302.31,"26,21,087","79,23,86,910.25","32,469","12,17,709",46.46
TATAGLOBAL,EQ,2019-11-06,300.5,300.0,305.8,299.0,299.45,299.9,301.54,"37,08,046","1,11,81,27,768.70","28,177","15,61,103",42.10
TATAGLOBAL,EQ,2019-11-07,299.9,300.5,302.5,296.3,302.0,300.85,299.54,"20,03,799","60,02,18,117.15","39,147","6,48,119",32.34
TATAGLOBAL,EQ,2019-11-08,300.85,299.0,299.0,294.0,294.6,295.2,296.38,"46,89,759","1,38,99,66,219.95","29,741","22,09,165",47.11
TATAGLOBAL,EQ,2019-11-11,295.2,292.0,297.45,292.0,294.25,294.95,295.06,"37,94,293","1,11,95,26,476.05","30,457","17,71,259",46.68
TATAGLOBAL,EQ,2019-11-13,294.95,296.2,296.7,287.4,289.5,289.5,291.08,"25,79,434","75,08,30,066.35","35,716","10,26,034",39.78
TATAGLOBAL,EQ,2019-11-14,289.5,287.0,296.85,285.25,295.55,295.5,292.38,"49,84,429","1,45,73,46,017.60","32,628","25,20,066",50.56
TATAGLOBAL,EQ,2019-11-15,295.5,295.55,302.5,295.55,298.95,297.75,299.51,"36,44,187","1,09,14,70,763.10","35,662","10,16,163",27.88
TATAGLOBAL,EQ,2019-11-18,297.75,296.5,307.0,296.5,305.55,305.3,304.22,"36,35,065","1,10,58,77,275.65","36,434","11,62,602",31.98
TATAGLOBAL,EQ,2019-11-19,305.3,306.45,308.4,300.9,302.5,302.5,304.37,"16,72,538","50,90,69,771.90","25,025","7,02,645",42.01
TATAGLOBAL,EQ,2019-11-20,302.5,304.9,307.9,301.0,305.7,306.8,305.09,"20,44,550","62,37,67,817.20","20,007","6,25,710",30.60
TATAGLOBAL,EQ,2019-11-21,306.8,306.8,311.95,300.35,302.2,301.8,307.5,"29,83,373","91,73,94,072.25","28,286","5,94,806",19.94
TATAGLOBAL,EQ,2019-11-22,301.8,303.0,303.0,296.7,299.4,299.6,299.76,"21,67,799","64,98,18,979.45","33,614","9,15,036",42.21
TATAGLOBAL,EQ,2019-11-25,299.6,299.9,305.65,299.05,302.5,302.15,303.04,"14,83,132","44,94,50,801.45","16,423","4,46,927",30.13
TATAGLOBAL,EQ,2019-11-26,302.15,303.8,305.05,298.05,299.1,299.5,300.6,"21,71,513","65,27,47,790.70","18,415","10,83,384",49.89
TATAGLOBAL,EQ,2019-11-27,299.5,301.0,308.7,298.7,308.7,307.35,303.92,"26,47,248","80,45,46,125.15","24,011","12,13,708",45.85
TATAGLOBAL,EQ,2019-11-28,307.35,308.1,321.75,307.5,317.35,318.7,315.14,"83,88,284","2,64,34,95,768.85","54,826","41,06,210",48.95
TATAGLOBAL,EQ,2019-11-29,318.7,318.0,324.9,314.55,322.6,323.15,319.86,"48,91,923","1,56,47,09,044.70","42,713","15,65,133",31.99
TATAGLOBAL,EQ,2019-12-02,323.15,324.8,325.3,316.0,316.2,316.8,319.84,"20,25,042","64,76,93,712.50","18,814","6,37,129",31.46
TATAGLOBAL,EQ,2019-12-03,316.8,316.2,316.8,310.2,313.45,314.4,313.98,"15,64,692","49,12,75,139.55","25,634","4,64,724",29.70
TATAGLOBAL,EQ,2019-12-04,314.4,312.2,319.95,311.65,318.0,318.9,317.48,"16,59,772","52,69,42,769.90","16,523","4,36,540",26.30
TATAGLOBAL,EQ,2019-12-05,318.9,321.3,321.95,312.5,315.8,315.6,315.45,"28,87,465","91,08,57,407.80","31,057","6,97,921",24.17
TATAGLOBAL,EQ,2019-12-06,315.6,316.0,319.85,312.5,313.0,313.75,315.74,"16,92,801","53,44,78,349.90","17,958","5,97,913",35.32
TATAGLOBAL,EQ,2019-12-09,313.75,312.1,317.0,311.55,315.0,315.45,315.24,"11,18,398","35,25,63,844.65","13,741","3,24,972",29.06
TATAGLOBAL,EQ,2019-12-10,315.45,316.0,317.0,311.35,312.85,312.85,313.09,"12,92,439","40,46,48,759.35","14,016","5,08,353",39.33
TATAGLOBAL,EQ,2019-12-11,312.85,311.5,315.5,309.35,314.35,314.35,313.05,"18,54,516","58,05,61,589.60","29,348","7,15,654",38.59
TATAGLOBAL,EQ,2019-12-12,314.35,314.6,327.55,314.35,323.45,323.55,322.53,"55,68,413","1,79,59,75,713.50","52,323","14,91,066",26.78
TATAGLOBAL,EQ,2019-12-13,323.55,323.9,330.05,321.6,327.7,328.05,326.21,"46,06,412","1,50,26,47,014.70","53,775","15,11,234",32.81
TATAGLOBAL,EQ,2019-12-16,328.05,329.0,329.4,320.55,322.9,322.25,325.41,"21,44,758","69,79,25,451.10","18,684","3,90,129",18.19
TATAGLOBAL,EQ,2019-12-17,322.25,323.8,329.9,322.55,326.5,325.15,326.76,"29,18,086","95,35,01,573.95","28,234","6,01,704",20.62
TATAGLOBAL,EQ,2019-12-18,325.15,325.0,326.45,304.6,313.25,312.35,317.06,"47,90,723","1,51,89,34,509.90","41,016","11,62,301",24.26
TATAGLOBAL,EQ,2019-12-19,312.35,312.4,316.35,309.1,314.0,313.95,312.56,"53,60,691","1,67,55,41,631.10","36,805","14,51,184",27.07
TATAGLOBAL,EQ,2019-12-20,313.95,313.35,315.0,311.25,313.2,312.65,313.2,"17,99,384","56,35,65,122.70","17,048","4,01,292",22.30
TATAGLOBAL,EQ,2019-12-23,312.65,318.2,322.9,313.7,314.65,314.9,318.15,"60,65,714","1,92,98,24,757.10","61,451","15,72,383",25.92
TATAGLOBAL,EQ,2019-12-24,314.9,315.05,318.4,312.5,314.6,315.35,315.45,"19,33,222","60,98,44,093.50","23,352","7,07,210",36.58
TATAGLOBAL,EQ,2019-12-26,315.35,315.0,319.7,312.05,313.25,312.9,316.18,"33,23,173","1,05,07,17,092.10","31,928","7,97,711",24.00
TATAGLOBAL,EQ,2019-12-27,312.9,314.0,319.5,313.0,317.8,318.45,316.76,"23,57,762","74,68,51,605.35","26,492","9,62,194",40.81
TATAGLOBAL,EQ,2019-12-30,318.45,318.45,322.75,317.05,320.9,321.4,320.21,"29,10,244","93,18,75,148.60","23,433","10,14,166",34.85
TATAGLOBAL,EQ,2019-12-31,321.4,321.4,326.0,319.6,321.25,321.35,323.09,"26,16,389","84,53,28,411.35","28,386","7,08,562",27.08
TATAGLOBAL,EQ,2020-01-01,321.35,321.35,324.75,318.65,323.45,323.85,322.17,"15,14,293","48,78,56,611.45","12,138","4,23,427",27.96
TATAGLOBAL,EQ,2020-01-02,323.85,323.6,327.45,321.1,323.3,323.35,323.8,"30,91,351","1,00,09,69,920.20","28,845","13,43,633",43.46
TATAGLOBAL,EQ,2020-01-03,323.35,323.8,323.8,317.0,318.2,318.2,319.6,"17,18,884","54,93,50,664.60","18,535","5,83,956",33.97
TATAGLOBAL,EQ,2020-01-06,318.2,315.25,318.15,310.4,312.0,312.1,314.16,"17,12,158","53,78,90,833.55","19,514","3,34,843",19.56
TATAGLOBAL,EQ,2020-01-07,312.1,314.0,319.4,312.0,314.3,314.9,315.5,"21,46,089","67,70,93,960.35","20,194","4,25,353",19.82
TATAGLOBAL,EQ,2020-01-08,314.9,312.2,317.35,311.5,316.1,316.25,314.66,"15,21,535","47,87,70,831.20","16,702","4,72,673",31.07
TATAGLOBAL,EQ,2020-01-09,316.25,318.05,330.0,317.4,328.0,328.55,325.78,"43,02,141","1,40,15,65,098.55","30,119","19,86,493",46.17
TATAGLOBAL,EQ,2020-01-10,328.55,329.9,343.3,329.05,342.0,341.35,339.36,"1,01,09,760","3,43,08,11,121.50","77,059","32,02,018",31.67
TATAGLOBAL,EQ,2020-01-13,341.35,343.0,353.85,342.05,353.0,352.95,349.42,"73,99,348","2,58,54,54,052.95","68,666","21,05,329",28.45
TATAGLOBAL,EQ,2020-01-14,352.95,360.5,392.0,358.0,389.1,389.6,378.47,"4,49,97,621","17,03,04,32,248.15","3,04,985","99,69,825",22.16
TATAGLOBAL,EQ,2020-01-15,389.6,389.5,395.95,385.0,390.6,391.45,390.56,"2,44,37,080","9,54,40,26,552.35","2,06,689","47,22,895",19.33
TATAGLOBAL,EQ,2020-01-16,391.45,392.5,393.0,382.2,383.75,384.25,385.86,"1,21,18,796","4,67,61,77,293.45","91,099","56,76,776",46.84
TATAGLOBAL,EQ,2020-01-17,384.25,383.7,384.0,376.6,380.55,380.3,379.95,"54,95,593","2,08,80,60,838.25","47,856","18,15,946",33.04
TATAGLOBAL,EQ,2020-01-20,380.3,380.3,385.5,377.1,382.05,383.15,381.72,"76,18,479","2,90,81,48,194.85","52,096","34,41,543",45.17
TATAGLOBAL,EQ,2020-01-21,383.15,382.0,389.4,379.05,385.8,385.8,384.17,"59,81,471","2,29,79,16,093.35","46,503","18,08,669",30.24
TATAGLOBAL,EQ,2020-01-22,385.8,388.85,388.85,382.2,385.0,385.05,385.19,"41,48,230","1,59,78,42,481.95","39,773","14,76,771",35.60
TATAGLOBAL,EQ,2020-01-23,385.05,385.0,399.45,383.4,393.8,393.25,395.16,"1,10,73,810","4,37,58,97,428.45","84,065","24,94,062",22.52
TATAGLOBAL,EQ,2020-01-24,393.25,394.75,394.75,383.75,384.35,384.6,388.15,"60,33,580","2,34,19,59,355.00","82,542","22,21,602",36.82
TATAGLOBAL,EQ,2020-01-27,384.6,383.8,389.4,380.45,381.5,382.4,385.13,"37,35,041","1,43,84,94,905.60","42,767","8,83,301",23.65
TATAGLOBAL,EQ,2020-01-28,382.4,382.8,387.6,378.25,381.8,380.7,382.92,"27,10,063","1,03,77,25,822.50","34,727","7,90,170",29.16
TATAGLOBAL,EQ,2020-01-29,380.7,384.9,393.3,382.25,383.95,383.45,387.61,"65,00,722","2,51,97,71,364.00","63,947","12,75,577",19.62
TATAGLOBAL,EQ,2020-01-30,383.45,385.7,385.8,380.15,381.9,381.6,382.63,"22,97,423","87,90,72,423.80","21,962","6,62,209",28.82
TATAGLOBAL,EQ,2020-01-31,381.6,382.6,386.65,380.0,384.0,383.4,383.4,"26,81,230","1,02,79,93,355.00","23,054","9,44,299",35.22
TATAGLOBAL,EQ,2020-02-01,383.4,382.95,388.5,370.0,375.55,372.65,381.07,"24,79,916","94,50,27,417.35","22,227","8,60,911",34.72
TATAGLOBAL,EQ,2020-02-03,372.65,373.75,382.0,367.5,382.0,378.85,376.96,"33,18,729","1,25,10,20,531.00","30,550","10,31,806",31.09
TATAGLOBAL,EQ,2020-02-04,378.85,384.0,384.0,375.55,380.3,379.9,379.25,"53,27,138","2,02,03,25,852.50","58,986","20,87,812",39.19
TATAGLOBAL,EQ,2020-02-05,379.9,382.0,408.0,381.0,394.6,394.6,397.48,"2,35,79,395","9,37,24,10,455.35","2,10,807","50,49,254",21.41
TATAGLOBAL,EQ,2020-02-06,394.6,396.0,397.35,387.35,392.25,392.05,391.1,"49,85,380","1,94,97,94,986.65","47,648","16,53,935",33.18
TATAGLOBAL,EQ,2020-02-07,392.05,391.1,404.0,390.55,395.75,396.7,399.3,"1,13,08,676","4,51,56,10,459.35","1,11,017","35,72,245",31.59
TATAGLOBAL,EQ,2020-02-10,396.7,398.45,398.45,388.35,392.5,392.3,391.98,"31,45,276","1,23,28,78,391.25","40,639","8,02,457",25.51
TATAGLOBAL,EQ,2020-02-11,392.3,395.0,399.0,389.25,390.45,390.6,394.19,"41,71,668","1,64,44,41,023.20","58,263","12,75,937",30.59
TATAGLOBAL,EQ,2020-02-12,390.6,391.7,396.75,391.6,395.8,395.15,394.71,"40,18,932","1,58,63,30,939.30","27,632","15,89,327",39.55
TATAGLOBAL,EQ,2020-02-13,395.15,394.55,397.85,389.55,392.3,392.55,392.34,"28,60,031","1,12,20,95,836.80","34,795","9,13,334",31.93
TATAGLOBAL,EQ,2020-02-14,392.55,393.0,400.0,390.5,396.65,396.9,396.42,"47,33,600","1,87,64,89,158.65","53,023","9,88,682",20.89
TATAGLOBAL,EQ,2020-02-17,396.9,397.7,401.9,375.85,381.6,381.05,390.91,"95,37,335","3,72,81,99,412.55","92,823","24,13,259",25.30
TATAGLOBAL,EQ,2020-02-18,381.05,380.0,386.5,373.2,382.45,382.0,379.33,"74,02,772","2,80,81,02,945.60","72,493","14,60,499",19.73
TATAGLOBAL,EQ,2020-02-19,382.0,383.0,386.35,377.6,383.9,383.15,382.62,"43,26,781","1,65,55,28,995.65","50,696","17,14,439",39.62
TATAGLOBAL,EQ,2020-02-20,383.15,383.15,384.95,379.1,380.15,380.5,381.31,"51,37,245","1,95,89,02,384.25","50,510","30,53,816",59.44
TATAGLOBAL,EQ,2020-02-24,380.5,378.9,379.85,367.75,370.0,369.1,374.03,"30,17,687","1,12,87,16,840.45","41,746","14,34,066",47.52
TATAGLOBAL,EQ,2020-02-25,369.1,370.5,374.0,365.55,370.5,369.0,370.76,"36,59,466","1,35,67,74,489.95","42,987","14,83,879",40.55
TATAGLOBAL,EQ,2020-02-26,369.0,367.6,370.15,361.2,365.9,365.65,366.49,"28,08,589","1,02,93,30,980.35","31,397","11,11,073",39.56
TATACONSUM,EQ,2020-02-27,365.65,364.1,365.65,360.25,363.0,363.3,362.83,"18,27,751","66,31,71,933.10","25,087","9,56,756",52.35
TATACONSUM,EQ,2020-02-28,363.3,357.95,357.95,341.55,348.8,346.15,346.51,"44,94,646","1,55,74,22,798.00","36,885","30,22,910",67.26
TATACONSUM,EQ,2020-03-02,346.15,351.05,355.25,333.6,338.0,338.8,348.01,"38,37,169","1,33,53,80,992.30","48,165","21,15,419",55.13
TATACONSUM,EQ,2020-03-03,338.8,340.6,357.7,340.6,357.65,355.3,351.15,"42,04,156","1,47,62,69,561.60","76,287","20,77,781",49.42
TATACONSUM,EQ,2020-03-04,355.3,356.2,357.6,339.0,348.8,349.2,346.99,"23,31,888","80,91,51,918.25","49,946","11,02,198",47.27
TATACONSUM,EQ,2020-03-05,349.2,353.75,357.1,347.0,347.15,348.5,351.97,"18,90,082","66,52,52,992.70","52,394","9,11,685",48.24
TATACONSUM,EQ,2020-03-06,348.5,340.0,346.9,334.15,342.4,344.5,343.0,"44,69,801","1,53,31,54,944.25","63,442","29,99,896",67.11
TATACONSUM,EQ,2020-03-09,344.5,338.0,340.85,319.15,325.95,330.1,331.66,"56,53,412","1,87,49,84,979.65","47,319","23,80,543",42.11
TATACONSUM,EQ,2020-03-11,330.1,326.85,337.75,325.0,327.15,327.85,331.09,"34,75,868","1,15,08,13,147.45","28,129","23,77,438",68.40
TATACONSUM,EQ,2020-03-12,327.85,320.0,320.0,297.2,305.85,303.45,305.13,"54,05,030","1,64,92,20,111.50","76,325","29,52,471",54.62
TATACONSUM,EQ,2020-03-13,303.45,273.55,327.8,258.0,326.05,324.25,307.89,"74,28,604","2,28,71,97,412.35","67,999","45,91,456",61.81
TATACONSUM,EQ,2020-03-16,324.25,305.3,314.3,296.6,305.0,300.3,304.79,"36,95,163","1,12,62,64,804.85","98,388","18,16,079",49.15
TATACONSUM,EQ,2020-03-17,300.3,305.0,308.7,282.0,285.0,283.85,291.94,"33,07,865","96,57,04,346.35","86,334","18,17,649",54.95
TATACONSUM,EQ,2020-03-18,283.85,285.0,288.6,262.0,268.2,267.45,270.24,"40,38,726","1,09,14,21,908.50","80,378","22,73,910",56.30
TATACONSUM,EQ,2020-03-19,267.45,258.0,265.5,232.25,248.05,250.75,249.1,"63,19,923","1,57,43,21,944.75","1,15,205","28,00,328",44.31
TATACONSUM,EQ,2020-03-20,250.75,247.0,273.4,244.5,265.0,264.2,260.04,"39,07,691","1,01,61,70,855.25","52,348","14,34,751",36.72
TATACONSUM,EQ,2020-03-23,264.2,240.0,247.9,225.0,225.05,226.5,236.48,"29,22,955","69,12,07,574.45","55,578","16,41,482",56.16
TATACONSUM,EQ,2020-03-24,226.5,249.15,256.1,213.7,254.45,249.05,239.63,"60,54,692","1,45,08,90,429.15","73,889","32,19,188",53.17
TATACONSUM,EQ,2020-03-25,249.05,248.1,282.45,246.9,279.5,277.15,269.68,"39,64,419","1,06,91,32,800.85","84,168","19,16,967",48.35
TATACONSUM,EQ,2020-03-26,277.15,279.5,293.55,263.45,283.0,279.05,282.0,"33,35,026","94,04,72,399.40","55,305","14,94,452",44.81
TATACONSUM,EQ,2020-03-27,279.05,290.0,294.95,279.25,290.0,284.75,287.47,"29,80,927","85,69,34,007.50","67,462","16,75,248",56.20
TATACONSUM,EQ,2020-03-30,284.75,282.5,284.0,272.65,281.85,281.4,278.88,"29,01,726","80,92,26,223.25","85,070","17,06,064",58.79
TATACONSUM,EQ,2020-03-31,281.4,291.5,297.0,284.85,294.95,294.85,291.93,"32,70,034","95,46,19,437.35","87,485","20,39,399",62.37
TATACONSUM,EQ,2020-04-01,294.85,292.85,304.0,277.35,279.25,280.0,284.01,"55,32,600","1,57,13,39,021.70","1,05,227","37,74,106",68.22
TATACONSUM,EQ,2020-04-03,280.0,286.0,286.0,264.0,267.0,267.15,269.05,"59,90,376","1,61,17,27,533.50","1,18,890","29,14,165",48.65
TATACONSUM,EQ,2020-04-07,267.15,280.0,286.75,271.0,283.65,284.55,279.55,"64,92,026","1,81,48,60,244.00","1,14,263","43,27,140",66.65
TATACONSUM,EQ,2020-04-08,284.55,282.7,296.0,276.7,296.0,294.4,291.43,"53,31,494","1,55,37,41,190.00","78,114","31,06,881",58.27
TATACONSUM,EQ,2020-04-09,294.4,301.4,319.0,300.2,307.8,309.05,308.35,"76,99,408","2,37,41,34,247.80","1,51,296","37,49,218",48.69
TATACONSUM,EQ,2020-04-13,309.05,315.0,315.0,301.1,303.7,305.05,307.64,"36,99,875","1,13,82,33,290.90","1,27,468",-,-
TATACONSUM,EQ,2020-04-15,305.05,311.1,322.75,305.0,317.9,315.65,314.42,"57,21,837","1,79,90,35,812.20","1,81,704","28,79,980",50.33
TATACONSUM,EQ,2020-04-16,315.65,317.85,333.7,315.65,323.9,324.05,323.34,"82,11,111","2,65,49,81,085.30","2,12,380","44,65,717",54.39
TATACONSUM,EQ,2020-04-17,324.05,334.95,336.4,316.85,325.0,324.5,326.0,"48,45,929","1,57,97,60,351.00","1,54,935","27,13,019",55.99
TATACONSUM,EQ,2020-04-20,324.5,324.6,332.85,321.15,324.2,324.7,326.25,"36,21,444","1,18,15,03,415.35","1,26,402","16,88,059",46.61
TATACONSUM,EQ,2020-04-21,324.7,318.0,320.0,311.0,312.05,312.4,315.09,"34,62,477","1,09,10,05,253.05","1,04,334","22,32,224",64.47
TATACONSUM,EQ,2020-04-22,312.4,314.65,335.45,310.0,334.95,330.15,321.29,"46,45,157","1,49,24,31,193.10","1,12,395","26,68,189",57.44
TATACONSUM,EQ,2020-04-23,330.15,338.0,339.8,325.3,329.65,329.95,333.46,"37,47,888","1,24,97,73,724.85","65,023","13,90,526",37.10
TATACONSUM,EQ,2020-04-24,329.95,323.0,336.85,323.0,328.0,326.1,329.68,"54,38,859","1,79,30,90,219.00","1,45,139","31,63,741",58.17
TATACONSUM,EQ,2020-04-27,326.1,331.95,351.35,331.25,349.55,349.35,343.34,"74,26,428","2,54,98,10,456.40","1,39,971","43,07,308",58.00
TATACONSUM,EQ,2020-04-28,349.35,352.85,355.6,340.45,345.45,342.9,345.27,"37,67,231","1,30,07,04,388.05","96,506","20,11,172",53.39
TATACONSUM,EQ,2020-04-29,342.9,343.0,356.0,343.0,351.8,354.0,352.29,"36,53,520","1,28,70,99,981.30","85,376","21,69,806",59.39
TATACONSUM,EQ,2020-04-30,354.0,359.95,361.4,349.85,350.75,351.6,355.13,"47,60,235","1,69,05,10,875.85","63,824","25,52,056",53.61
TATACONSUM,EQ,2020-05-04,351.6,340.0,347.2,333.0,335.5,334.95,338.89,"33,85,502","1,14,73,25,658.55","1,17,378","18,83,414",55.63
TATACONSUM,EQ,2020-05-05,334.95,339.0,342.9,327.85,329.45,329.5,332.38,"28,33,278","94,17,23,468.20","61,029","16,10,911",56.86
TATACONSUM,EQ,2020-05-06,329.5,331.45,341.2,325.65,336.0,335.55,334.44,"36,42,689","1,21,82,75,711.20","36,958","22,65,685",62.20
TATACONSUM,EQ,2020-05-07,335.55,335.95,344.6,328.8,343.25,341.3,339.1,"36,05,559","1,22,26,38,154.95","73,442","21,32,217",59.14
TATACONSUM,EQ,2020-05-08,341.3,347.0,355.5,344.1,348.8,348.75,349.81,"32,47,803","1,13,61,17,029.55","63,670","16,22,667",49.96
TATACONSUM,EQ,2020-05-11,348.75,353.85,365.0,349.05,356.05,355.0,359.8,"47,92,046","1,72,41,58,072.80","1,04,386","25,18,453",52.55
TATACONSUM,EQ,2020-05-12,355.0,354.45,363.3,346.65,358.5,358.7,355.75,"32,58,000","1,15,90,21,154.55","92,237","13,54,876",41.59
TATACONSUM,EQ,2020-05-13,358.7,375.0,375.0,348.5,355.1,356.35,356.82,"85,36,960","3,04,61,23,292.55","2,31,357","45,43,437",53.22
TATACONSUM,EQ,2020-05-14,356.35,350.0,364.5,350.0,363.55,362.8,360.29,"51,20,949","1,84,50,21,974.65","1,66,438","25,05,041",48.92
TATACONSUM,EQ,2020-05-15,362.8,353.1,367.75,349.1,350.65,352.2,356.84,"94,52,903","3,37,31,53,921.65","1,70,087","50,54,912",53.47
TATACONSUM,EQ,2020-05-18,352.2,351.2,355.8,343.4,348.1,347.1,349.39,"41,81,455","1,46,09,67,513.50","84,886","19,69,193",47.09
TATACONSUM,EQ,2020-05-19,347.1,350.9,363.0,349.25,357.3,358.05,357.76,"56,96,557","2,03,79,84,887.60","1,32,251","25,51,391",44.79
TATACONSUM,EQ,2020-05-20,358.05,359.6,363.8,356.55,361.35,360.75,359.91,"34,89,683","1,25,59,75,522.20","86,913","17,03,889",48.83
TATACONSUM,EQ,2020-05-21,360.75,363.9,366.4,355.3,359.05,360.3,360.82,"38,83,273","1,40,11,67,526.20","90,164","25,01,155",64.41
TATACONSUM,EQ,2020-05-22,360.3,361.55,366.95,356.2,361.85,362.45,363.37,"39,58,853","1,43,85,38,159.15","87,379","19,17,147",48.43
TATACONSUM,EQ,2020-05-26,362.45,366.8,376.45,360.0,372.0,371.95,371.01,"77,28,762","2,86,74,34,713.45","2,22,372","48,33,747",62.54
TATACONSUM,EQ,2020-05-27,371.95,374.6,375.7,362.2,366.35,368.55,367.65,"33,84,200","1,24,42,06,731.95","92,233","16,40,718",48.48
TATACONSUM,EQ,2020-05-28,368.55,367.95,373.4,366.0,369.6,371.15,370.85,"33,90,919","1,25,75,27,290.80","1,57,993","19,94,902",58.83
TATACONSUM,EQ,2020-05-29,371.15,370.55,382.8,357.35,361.05,366.9,368.7,"6,35,52,596","23,43,17,68,787.40","4,15,763","3,26,04,318",51.30
TATACONSUM,EQ,2020-06-01,366.9,368.5,369.4,359.5,362.0,362.85,363.23,"96,37,219","3,50,04,96,227.80","1,57,699","54,94,489",57.01
TATACONSUM,EQ,2020-06-02,362.85,362.85,370.0,361.3,367.5,367.45,367.63,"26,38,814","97,01,01,923.00","58,250","14,24,637",53.99
TATACONSUM,EQ,2020-06-03,367.45,372.0,372.0,364.55,367.0,366.65,367.49,"40,27,688","1,48,01,33,154.80","1,25,808","20,87,407",51.83
TATACONSUM,EQ,2020-06-04,366.65,369.5,383.5,366.0,383.5,381.5,375.62,"45,35,656","1,70,36,90,925.20","97,143","17,00,574",37.49
TATACONSUM,EQ,2020-06-05,381.5,384.0,387.8,377.0,379.85,379.75,380.91,"31,40,726","1,19,63,46,484.65","45,451","15,39,527",49.02
TATACONSUM,EQ,2020-06-08,379.75,384.0,385.95,377.55,379.0,379.45,381.32,"15,65,959","59,71,26,725.45","40,773","6,61,314",42.23
TATACONSUM,EQ,2020-06-09,379.45,382.0,388.85,379.5,384.65,384.25,385.11,"26,35,662","1,01,50,30,951.10","47,054","10,65,998",40.45
TATACONSUM,EQ,2020-06-10,384.25,385.95,393.95,380.2,384.95,384.65,386.46,"34,09,853","1,31,77,75,579.35","59,943","10,54,600",30.93
TATACONSUM,EQ,2020-06-11,384.65,386.0,386.5,374.4,376.0,375.8,379.68,"28,56,042","1,08,43,73,857.55","44,440","11,51,624",40.32
TATACONSUM,EQ,2020-06-12,375.8,365.1,373.05,365.1,371.75,371.0,369.55,"31,79,903","1,17,51,36,631.30","50,177","17,71,349",55.70
TATACONSUM,EQ,2020-06-15,371.0,371.5,379.95,366.4,370.5,370.0,371.82,"22,93,579","85,27,89,805.50","47,464","11,10,836",48.43
TATACONSUM,EQ,2020-06-16,370.0,376.0,377.95,360.25,369.0,369.05,369.12,"23,43,185","86,49,12,688.70","35,821","10,52,584",44.92
TATACONSUM,EQ,2020-06-17,369.05,366.0,373.25,366.0,370.0,369.6,369.78,"25,56,996","94,55,17,442.10","39,041","12,56,424",49.14
TATACONSUM,EQ,2020-06-18,369.6,367.8,374.0,365.0,373.35,372.15,369.18,"19,29,542","71,23,49,908.00","21,059","9,94,858",51.56
TATACONSUM,EQ,2020-06-19,372.15,373.85,383.0,373.35,379.0,377.3,377.1,"42,49,130","1,60,23,58,226.05","35,476","30,98,711",72.93
TATACONSUM,EQ,2020-06-22,377.3,383.0,385.15,377.6,382.65,381.1,380.98,"26,23,145","99,93,65,666.35","47,377","14,39,936",54.89
TATACONSUM,EQ,2020-06-23,381.1,383.9,391.9,382.0,389.4,390.85,388.71,"38,34,537","1,49,05,36,221.30","61,984","19,62,889",51.19
TATACONSUM,EQ,2020-06-24,390.85,391.9,394.9,379.35,382.45,383.1,384.97,"38,89,495","1,49,73,52,506.30","92,441","20,64,310",53.07
TATACONSUM,EQ,2020-06-25,383.1,380.0,389.4,377.6,384.0,384.0,384.37,"19,61,942","75,41,20,191.30","24,227","10,43,741",53.20
TATACONSUM,EQ,2020-06-26,384.0,387.1,388.95,382.5,386.35,385.65,384.94,"17,59,164","67,71,80,910.30","19,822","10,16,914",57.81
TATACONSUM,EQ,2020-06-29,385.65,387.05,392.3,382.15,386.5,386.55,387.63,"27,64,410","1,07,15,69,364.10","35,381","13,03,711",47.16
TATACONSUM,EQ,2020-06-30,386.55,388.0,391.8,385.9,388.0,387.45,388.95,"18,61,565","72,40,48,353.05","28,759","9,32,248",50.08
TATACONSUM,EQ,2020-07-01,387.45,385.0,388.5,380.5,385.0,384.5,385.19,"16,11,560","62,07,62,859.70","21,543","7,38,869",45.85
TATACONSUM,EQ,2020-07-02,384.5,385.0,395.0,384.55,395.0,390.8,388.78,"26,07,208","1,01,36,27,506.25","45,083","13,92,462",53.41
TATACONSUM,EQ,2020-07-03,390.8,395.0,402.3,392.65,396.0,396.45,397.49,"32,23,338","1,28,12,42,640.90","62,872","12,11,045",37.57
TATACONSUM,EQ,2020-07-06,396.45,400.05,408.45,397.3,406.8,405.7,404.18,"40,73,356","1,64,63,73,173.05","85,665","18,30,799",44.95
TATACONSUM,EQ,2020-07-07,405.7,408.4,414.4,403.7,412.9,412.7,410.76,"40,88,132","1,67,92,37,141.10","69,815","15,54,204",38.02
TATACONSUM,EQ,2020-07-08,412.7,416.15,436.3,414.85,431.3,432.4,428.95,"69,78,409","2,99,33,86,837.85","97,532","19,85,851",28.46
TATACONSUM,EQ,2020-07-09,432.4,433.05,437.3,428.85,433.9,433.35,432.97,"28,08,388","1,21,59,50,460.90","66,200","7,17,447",25.55
TATACONSUM,EQ,2020-07-10,433.35,429.55,437.75,428.65,430.6,430.1,432.17,"37,65,369","1,62,72,79,950.10","48,495","18,68,410",49.62
TATACONSUM,EQ,2020-07-13,430.1,430.1,433.55,422.0,424.45,424.45,427.78,"25,52,387","1,09,18,67,223.60","65,897","11,34,142",44.43
TATACONSUM,EQ,2020-07-14,424.45,420.0,426.45,417.5,418.0,419.35,422.11,"32,32,206","1,36,43,31,556.00","37,363","19,12,972",59.18
TATACONSUM,EQ,2020-07-15,419.35,422.85,423.1,411.35,412.2,413.05,417.94,"20,76,567","86,78,84,385.85","38,576","9,04,808",43.57
TATACONSUM,EQ,2020-07-16,413.05,415.4,415.8,407.15,410.4,410.3,410.01,"20,27,081","83,11,28,791.15","40,155","11,29,391",55.72
TATACONSUM,EQ,2020-07-17,410.3,411.4,424.5,411.0,424.5,423.0,417.25,"27,40,799","1,14,36,04,158.30","45,301","12,84,266",46.86
TATACONSUM,EQ,2020-07-20,423.0,426.7,426.7,417.95,423.2,423.1,421.74,"16,80,913","70,89,08,944.90","38,007","7,20,582",42.87
TATACONSUM,EQ,2020-07-21,423.1,424.0,424.75,408.4,409.95,409.45,414.98,"27,52,464","1,14,22,27,691.60","51,568","16,53,944",60.09
TATACONSUM,EQ,2020-07-22,409.45,410.0,417.4,404.0,406.6,407.0,411.49,"26,20,408","1,07,82,69,976.15","32,532","8,47,919",32.36
TATACONSUM,EQ,2020-07-23,407.0,409.6,412.35,402.7,405.15,404.4,405.97,"29,92,497","1,21,48,70,698.55","33,741","19,58,583",65.45
TATACONSUM,EQ,2020-07-24,404.4,404.7,415.0,402.35,408.4,408.45,409.63,"31,24,083","1,27,97,11,332.75","55,630","10,95,750",35.07
TATACONSUM,EQ,2020-07-27,408.45,408.45,414.0,404.3,407.75,408.45,409.96,"31,32,821","1,28,43,45,988.10","33,059","15,16,369",48.40
TATACONSUM,EQ,2020-07-28,408.45,409.95,416.4,409.0,413.0,413.05,412.44,"35,00,424","1,44,37,00,424.65","48,979","18,62,151",53.20
TATACONSUM,EQ,2020-07-29,413.05,417.0,429.9,417.0,428.9,427.7,425.14,"59,38,179","2,52,45,77,119.55","71,893","24,68,125",41.56
TATACONSUM,EQ,2020-07-30,427.7,430.4,432.0,421.55,425.6,424.9,426.95,"18,66,344","79,68,26,687.95","24,286","7,37,161",39.50
TATACONSUM,EQ,2020-07-31,424.9,425.0,434.0,425.0,428.5,428.05,429.95,"31,15,208","1,33,93,89,177.70","56,399","7,97,766",25.61
TATACONSUM,EQ,2020-08-03,428.05,428.95,440.0,427.7,435.0,434.1,434.16,"29,17,293","1,26,65,80,791.40","42,612","12,69,847",43.53
TATACONSUM,EQ,2020-08-04,434.1,439.4,452.3,436.0,450.0,449.75,445.55,"68,16,093","3,03,69,09,616.60","1,11,668","23,26,799",34.14
TATACONSUM,EQ,2020-08-05,449.75,465.0,471.8,440.3,448.0,447.6,455.59,"2,01,78,367","9,19,31,24,883.55","2,03,373","53,28,337",26.41
TATACONSUM,EQ,2020-08-06,447.6,450.0,489.0,449.05,483.0,484.75,471.71,"1,58,82,667","7,49,19,98,085.75","1,87,087","39,59,089",24.93
TATACONSUM,EQ,2020-08-07,484.75,487.6,529.95,482.7,517.0,518.6,513.22,"3,05,60,093","15,68,40,91,741.05","3,17,227","63,75,426",20.86
TATACONSUM,EQ,2020-08-10,518.6,520.95,526.0,510.7,521.1,520.3,518.9,"68,32,826","3,54,55,30,495.50","93,863","15,20,326",22.25
TATACONSUM,EQ,2020-08-11,520.3,524.5,527.9,514.3,516.4,515.9,519.83,"46,90,415","2,43,82,22,754.20","53,872","17,29,899",36.88
TATACONSUM,EQ,2020-08-12,515.9,515.2,522.0,509.15,518.0,517.55,517.15,"38,83,868","2,00,85,38,419.40","59,789","14,85,184",38.24
TATACONSUM,EQ,2020-08-13,517.55,520.0,543.0,518.55,541.0,539.05,536.24,"78,77,240","4,22,41,16,672.60","1,13,930","16,69,489",21.19
TATACONSUM,EQ,2020-08-14,539.05,541.95,544.5,530.55,538.75,537.5,538.74,"59,22,027","3,19,04,13,152.30","79,932","20,74,338",35.03
TATACONSUM,EQ,2020-08-17,537.5,541.15,548.0,538.3,545.55,543.75,542.97,"50,44,208","2,73,88,71,828.90","59,987","20,97,593",41.58
TATACONSUM,EQ,2020-08-18,543.75,545.55,553.4,542.5,545.0,545.75,548.05,"33,28,165","1,82,40,00,798.75","49,311","9,46,981",28.45
TATACONSUM,EQ,2020-08-19,545.75,547.45,551.1,542.35,548.1,548.2,546.45,"35,97,625","1,96,59,20,148.00","37,633","15,63,929",43.47
TATACONSUM,EQ,2020-08-20,548.2,541.4,553.2,540.05,550.0,549.25,546.03,"48,12,376","2,62,77,14,718.20","50,921","13,09,211",27.21
TATACONSUM,EQ,2020-08-21,549.25,553.0,556.95,544.15,545.9,545.8,548.59,"29,53,395","1,62,02,14,998.90","45,633","13,17,183",44.60
TATACONSUM,EQ,2020-08-24,545.8,546.5,550.0,543.55,545.45,545.55,545.75,"21,23,227","1,15,87,55,192.45","47,262","12,46,886",58.73
TATACONSUM,EQ,2020-08-25,545.55,547.4,547.7,541.25,544.9,545.55,543.78,"18,50,495","1,00,62,70,339.30","43,048","9,93,998",53.72
TATACONSUM,EQ,2020-08-26,545.55,544.9,561.4,544.7,549.0,549.15,553.86,"57,78,039","3,20,02,31,859.45","84,180","21,17,994",36.66
TATACONSUM,EQ,2020-08-27,549.15,552.8,553.85,543.5,545.65,544.65,546.12,"25,72,198","1,40,47,40,538.70","29,927","14,63,083",56.88
TATACONSUM,EQ,2020-08-28,544.65,547.9,555.85,544.0,548.1,547.05,549.23,"26,92,947","1,47,90,58,556.90","31,808","15,81,227",58.72
TATACONSUM,EQ,2020-08-31,547.05,549.0,552.35,528.2,533.9,532.35,536.64,"55,43,930","2,97,50,97,203.50","74,850","34,36,392",61.98
TATACONSUM,EQ,2020-09-01,532.35,526.0,549.8,526.0,549.5,548.5,542.09,"38,54,981","2,08,97,32,283.75","82,066","18,53,026",48.07
TATACONSUM,EQ,2020-09-02,548.5,552.0,556.0,542.1,548.3,549.85,548.32,"40,42,692","2,21,67,06,081.40","68,739","20,57,266",50.89
TATACONSUM,EQ,2020-09-03,549.85,548.5,591.95,548.5,576.35,578.5,576.22,"1,20,52,262","6,94,47,75,348.90","1,82,293","20,18,292",16.75
TATACONSUM,EQ,2020-09-04,578.5,568.95,587.4,566.6,568.0,569.05,577.22,"64,64,047","3,73,11,57,802.75","87,216","13,87,798",21.47
TATACONSUM,EQ,2020-09-07,569.05,570.0,572.0,542.0,545.45,545.3,548.83,"52,54,308","2,88,37,23,052.00","94,903","20,79,915",39.58
TATACONSUM,EQ,2020-09-08,545.3,547.2,548.7,533.65,534.9,538.35,543.31,"38,91,955","2,11,45,47,996.85","85,572","18,71,576",48.09
TATACONSUM,EQ,2020-09-09,538.35,534.0,540.9,529.15,535.4,534.75,533.88,"43,92,057","2,34,48,48,796.90","71,117","23,11,408",52.63
TATACONSUM,EQ,2020-09-10,534.75,538.0,548.9,534.15,546.3,546.55,541.94,"37,87,088","2,05,23,83,497.65","58,573","10,06,474",26.58
TATACONSUM,EQ,2020-09-11,546.55,549.8,553.0,540.95,547.95,548.4,547.61,"34,51,646","1,89,01,60,106.40","72,007","10,15,443",29.42
TATACONSUM,EQ,2020-09-14,548.4,552.0,555.2,543.4,546.0,546.5,549.56,"28,09,333","1,54,38,90,634.40","51,007","11,15,789",39.72
TATACONSUM,EQ,2020-09-15,546.5,547.0,550.5,540.5,541.9,542.35,544.4,"18,13,411","98,72,26,752.40","56,147","9,00,795",49.67
TATACONSUM,EQ,2020-09-16,542.35,541.95,546.35,537.55,541.45,542.4,542.45,"21,27,939","1,15,42,97,267.15","54,598","8,97,758",42.19
TATACONSUM,EQ,2020-09-17,542.4,542.0,552.0,533.15,548.25,548.3,545.48,"37,25,336","2,03,20,96,730.45","61,060","9,43,015",25.31
TATACONSUM,EQ,2020-09-18,548.3,551.05,553.25,537.3,540.9,540.6,542.75,"93,95,458","5,09,93,76,882.95","81,634","53,03,923",56.45
TATACONSUM,EQ,2020-09-21,540.6,540.6,542.3,502.0,503.0,507.75,523.36,"38,86,373","2,03,39,85,703.25","76,708","15,57,770",40.08
TATACONSUM,EQ,2020-09-22,507.75,504.45,511.7,490.4,503.8,504.4,503.88,"51,13,531","2,57,65,81,522.95","71,116","21,98,560",42.99
TATACONSUM,EQ,2020-09-23,504.4,506.0,510.9,490.0,490.6,493.55,498.42,"42,84,384","2,13,54,34,407.85","79,437","25,66,882",59.91
TATACONSUM,EQ,2020-09-24,493.55,489.9,492.85,478.0,486.5,488.65,486.57,"96,47,490","4,69,41,64,002.35","88,567","64,76,374",67.13
TATACONSUM,EQ,2020-09-25,488.65,498.8,512.0,495.3,509.8,509.8,507.01,"51,53,485","2,61,28,92,474.30","75,038","16,84,350",32.68
TATACONSUM,EQ,2020-09-28,509.8,514.0,522.0,503.55,516.3,517.0,511.84,"55,54,225","2,84,28,91,474.15","63,980","20,81,496",37.48
TATACONSUM,EQ,2020-09-29,517.0,519.6,527.0,500.1,502.0,503.25,508.54,"49,18,426","2,50,12,11,984.60","66,037","22,23,268",45.20
TATACONSUM,EQ,2020-09-30,503.25,507.0,515.5,495.55,499.0,499.95,505.56,"62,52,290","3,16,09,03,761.70","89,175","27,06,377",43.29
TATACONSUM,EQ,2020-10-01,499.95,508.55,511.2,499.1,508.8,509.1,506.82,"30,70,369","1,55,61,10,264.45","45,549","8,31,201",27.07
TATACONSUM,EQ,2020-10-05,509.1,513.4,513.4,502.1,503.0,503.55,505.77,"20,23,148","1,02,32,39,563.20","28,021","9,61,024",47.50
TATACONSUM,EQ,2020-10-06,503.55,507.0,513.5,502.85,505.95,505.6,507.81,"29,73,464","1,50,99,51,924.85","52,624","10,86,428",36.54
TATACONSUM,EQ,2020-10-07,505.6,507.0,511.0,501.6,504.95,505.05,505.55,"21,57,279","1,09,06,08,967.00","38,084","6,99,413",32.42
TATACONSUM,EQ,2020-10-08,505.05,506.8,508.3,485.0,489.0,488.25,493.0,"54,19,804","2,67,19,40,642.00","94,733","26,42,173",48.75
TATACONSUM,EQ,2020-10-09,488.25,490.2,493.05,470.05,472.9,471.25,478.83,"67,21,697","3,21,85,28,781.20","1,18,523","35,24,852",52.44
TATACONSUM,EQ,2020-10-12,471.25,474.5,483.6,470.35,474.05,474.7,476.12,"44,22,571","2,10,56,90,974.35","71,003","15,62,103",35.32
TATACONSUM,EQ,2020-10-13,474.7,473.8,477.5,467.05,468.45,468.95,473.02,"22,60,828","1,06,94,12,183.40","51,911","10,47,786",46.35
TATACONSUM,EQ,2020-10-14,468.95,468.7,491.4,463.55,490.35,489.8,482.01,"80,21,661","3,86,65,18,085.00","1,05,387","19,56,849",24.39
TATACONSUM,EQ,2020-10-15,489.8,493.0,494.2,471.0,474.45,474.1,483.62,"47,00,097","2,27,30,81,224.20","78,477","15,45,208",32.88
TATACONSUM,EQ,2020-10-16,474.1,478.75,486.7,475.05,478.0,477.1,480.59,"43,13,466","2,07,30,29,149.45","58,479","11,17,413",25.91
TATACONSUM,EQ,2020-10-19,477.1,481.9,484.25,472.05,476.6,475.85,477.76,"31,62,082","1,51,07,10,828.85","51,504","13,73,009",43.42
TATACONSUM,EQ,2020-10-20,475.85,476.0,484.0,475.15,476.3,477.9,478.99,"27,36,592","1,31,07,91,767.35","67,117","12,59,711",46.03
TATACONSUM,EQ,2020-10-21,477.9,479.7,482.3,458.95,464.5,465.3,470.22,"49,07,270","2,30,75,08,487.45","71,357","19,80,271",40.35
TATACONSUM,EQ,2020-10-22,465.3,465.65,470.5,460.45,466.95,466.2,466.09,"34,60,945","1,61,31,25,807.35","73,891","13,16,213",38.03
TATACONSUM,EQ,2020-10-23,466.2,469.95,474.0,466.2,472.8,472.8,471.21,"26,19,244","1,23,42,21,072.60","38,356","8,60,773",32.86
TATACONSUM,EQ,2020-10-26,472.8,474.9,484.3,470.15,476.8,476.95,477.78,"61,02,542","2,91,57,03,002.50","87,691","24,28,932",39.80
TATACONSUM,EQ,2020-10-27,476.95,478.0,501.65,478.0,501.0,498.75,493.06,"1,04,55,347","5,15,51,51,301.90","2,37,914","51,09,823",48.87
TATACONSUM,EQ,2020-10-28,498.75,501.8,504.8,489.55,492.45,492.85,496.7,"51,95,487","2,58,05,94,935.80","73,287","19,24,224",37.04
TATACONSUM,EQ,2020-10-29,492.85,488.6,495.4,484.3,492.2,492.0,492.12,"43,66,108","2,14,86,58,121.60","45,845","24,72,548",56.63
TATACONSUM,EQ,2020-10-30,492.0,494.0,500.3,488.9,494.0,492.85,493.15,"44,03,239","2,17,14,39,948.10","79,913","23,83,663",54.13
TATACONSUM,EQ,2020-11-02,492.85,494.0,498.2,488.3,493.85,493.75,493.04,"61,05,178","3,01,00,82,438.80","77,058","27,09,378",44.38
TATACONSUM,EQ,2020-11-03,493.75,497.8,504.55,488.3,490.2,489.5,492.48,"81,03,580","3,99,08,81,849.35","81,029","40,70,335",50.23
TATACONSUM,EQ,2020-11-04,489.5,491.0,498.55,489.0,494.5,492.75,491.48,"50,24,804","2,46,95,90,763.70","65,401","20,53,759",40.87
TATACONSUM,EQ,2020-11-05,492.75,497.0,509.2,495.85,506.65,506.45,504.64,"52,08,756","2,62,85,54,782.70","72,352","17,81,698",34.21
TATACONSUM,EQ,2020-11-06,506.45,507.75,510.35,501.45,503.2,504.2,505.86,"32,09,659","1,62,36,50,768.45","48,719","11,86,208",36.96
TATACONSUM,EQ,2020-11-09,504.2,511.0,517.85,505.5,508.6,509.85,511.94,"61,79,187","3,16,33,88,482.60","94,166","20,51,292",33.20
TATACONSUM,EQ,2020-11-10,509.85,511.2,513.5,495.0,497.0,498.4,501.69,"32,55,303","1,63,31,44,103.05","67,659","11,21,576",34.45
TATACONSUM,EQ,2020-11-11,498.4,499.5,504.9,495.0,504.55,503.45,500.37,"29,12,596","1,45,73,66,479.35","44,316","10,87,371",37.33
TATACONSUM,EQ,2020-11-12,503.45,505.0,512.5,502.2,507.8,508.75,507.62,"27,37,879","1,38,98,04,580.30","37,952","7,99,382",29.20
TATACONSUM,EQ,2020-11-13,508.75,509.8,519.0,508.2,514.5,513.25,514.64,"40,05,435","2,06,13,72,258.90","66,439","11,33,052",28.29
TATACONSUM,EQ,2020-11-14,513.25,517.85,518.9,515.0,515.25,516.15,516.81,"5,30,739","27,42,91,385.50","15,849","2,94,994",55.58
TATACONSUM,EQ,2020-11-17,516.15,518.0,521.85,513.1,517.8,518.3,518.48,"27,74,413","1,43,84,70,413.45","59,938","14,72,377",53.07
TATACONSUM,EQ,2020-11-18,518.3,518.3,524.0,514.0,517.0,516.9,519.73,"36,93,589","1,91,96,57,157.30","58,162","19,17,794",51.92
TATACONSUM,EQ,2020-11-19,516.9,515.9,528.0,512.25,514.8,515.6,520.43,"36,55,576","1,90,24,82,695.85","51,084","16,37,959",44.81
TATACONSUM,EQ,2020-11-20,515.6,520.25,523.8,515.6,519.3,519.05,519.47,"27,67,344","1,43,75,38,448.65","39,996","14,05,599",50.79
TATACONSUM,EQ,2020-11-23,519.05,520.0,534.9,519.0,520.0,521.65,527.42,"53,14,636","2,80,30,67,468.90","1,03,808","22,01,284",41.42
TATACONSUM,EQ,2020-11-24,521.65,524.2,530.7,521.65,526.0,526.85,527.16,"40,70,241","2,14,56,73,853.35","61,871","20,19,133",49.61
TATACONSUM,EQ,2020-11-25,526.85,529.25,529.4,508.4,515.95,514.8,515.93,"29,41,845","1,51,77,74,118.55","58,276","13,45,119",45.72
TATACONSUM,EQ,2020-11-26,514.8,516.5,523.6,505.05,520.0,519.85,517.68,"35,66,655","1,84,63,78,039.45","57,395","13,09,207",36.71
TATACONSUM,EQ,2020-11-27,519.85,520.8,545.3,520.55,537.05,538.0,536.52,"1,88,53,563","10,11,53,65,283.40","1,54,113","1,50,98,885",80.09
TATACONSUM,EQ,2020-12-01,538.0,554.0,554.0,525.3,529.9,529.3,536.24,"51,05,352","2,73,76,77,757.05","69,180","18,99,646",37.21
TATACONSUM,EQ,2020-12-02,529.3,532.0,541.8,530.1,538.35,539.25,537.7,"36,94,795","1,98,66,98,266.85","57,247","13,35,139",36.14
TATACONSUM,EQ,2020-12-03,539.25,541.0,552.9,540.0,550.0,550.4,547.47,"38,59,218","2,11,28,20,332.95","60,636","20,49,324",53.10
TATACONSUM,EQ,2020-12-04,550.4,552.0,566.9,549.75,563.0,563.5,560.83,"41,70,295","2,33,88,37,478.50","72,617","18,26,516",43.80
TATACONSUM,EQ,2020-12-07,563.5,563.95,570.0,561.0,567.0,567.85,566.7,"37,07,125","2,10,08,11,318.00","53,120","19,82,398",53.48
TATACONSUM,EQ,2020-12-08,567.85,570.0,570.0,558.0,563.1,562.75,564.16,"28,66,169","1,61,69,71,832.60","81,437","12,73,073",44.42
TATACONSUM,EQ,2020-12-09,562.75,564.0,570.0,560.35,566.2,565.5,566.47,"25,67,264","1,45,42,78,922.90","55,588","13,20,239",51.43
TATACONSUM,EQ,2020-12-10,565.5,562.0,584.7,560.2,583.0,579.9,574.13,"45,78,520","2,62,86,78,259.60","58,382","15,57,869",34.03
TATACONSUM,EQ,2020-12-11,579.9,584.8,589.35,570.55,575.0,576.4,579.25,"34,41,778","1,99,36,66,794.35","57,735","9,34,051",27.14
TATACONSUM,EQ,2020-12-14,576.4,579.8,583.0,572.1,577.0,577.0,578.0,"24,82,828","1,43,50,69,013.65","46,273","8,05,792",32.45
TATACONSUM,EQ,2020-12-15,577.0,577.0,580.65,566.5,572.65,571.3,574.06,"34,11,634","1,95,84,71,594.90","61,306","16,58,319",48.61
TATACONSUM,EQ,2020-12-16,571.3,574.9,585.2,573.7,584.0,583.6,580.4,"36,86,970","2,13,98,99,009.05","63,090","14,89,429",40.40
TATACONSUM,EQ,2020-12-17,583.6,584.95,593.4,575.55,577.65,577.3,583.45,"36,08,243","2,10,52,30,913.40","62,208","13,45,409",37.29
TATACONSUM,EQ,2020-12-18,577.3,578.0,581.9,567.5,573.5,573.55,572.83,"50,68,565","2,90,34,00,891.80","53,275","28,46,431",56.16
TATACONSUM,EQ,2020-12-21,573.55,574.0,579.95,553.7,560.0,562.75,567.26,"48,16,486","2,73,22,00,662.10","85,360","26,82,029",55.68
TATACONSUM,EQ,2020-12-22,562.75,559.8,578.05,551.0,575.5,576.0,567.3,"32,64,707","1,85,20,66,528.00","77,281","13,53,331",41.45
TATACONSUM,EQ,2020-12-23,576.0,577.8,606.85,573.05,606.6,605.3,594.28,"75,82,654","4,50,62,08,420.95","1,00,716","25,64,374",33.82
TATACONSUM,EQ,2020-12-24,605.3,615.0,616.1,597.05,601.0,601.0,605.99,"52,95,707","3,20,91,34,925.00","74,792","15,11,193",28.54
TATACONSUM,EQ,2020-12-28,601.0,607.7,611.95,599.2,604.1,602.45,605.04,"23,51,027","1,42,24,75,482.20","42,471","7,51,222",31.95
TATACONSUM,EQ,2020-12-29,602.45,607.7,607.7,593.2,599.0,598.6,597.8,"21,14,428","1,26,40,05,998.70","41,133","7,70,678",36.45
TATACONSUM,EQ,2020-12-30,598.6,598.8,604.0,590.05,593.65,594.35,594.42,"22,97,999","1,36,59,68,158.75","36,023","10,65,412",46.36
TATACONSUM,EQ,2020-12-31,594.35,597.45,599.75,587.0,590.5,589.9,591.78,"23,22,873","1,37,46,35,965.25","44,920","9,86,538",42.47
TATACONSUM,EQ,2021-01-01,589.9,593.0,606.8,591.0,601.75,601.5,602.38,"36,06,724","2,17,26,26,903.20","51,714","8,09,702",22.45
TATACONSUM,EQ,2021-01-04,601.5,606.95,606.95,597.5,605.4,604.0,603.55,"21,20,531","1,27,98,43,164.40","36,080","7,41,748",34.98
TATACONSUM,EQ,2021-01-05,604.0,604.0,614.3,601.1,608.65,609.55,609.01,"38,13,409","2,32,24,09,394.70","67,056","10,61,235",27.83
TATACONSUM,EQ,2021-01-06,609.55,613.0,613.8,595.4,605.75,604.95,606.23,"21,67,700","1,31,41,28,414.35","51,037","7,68,644",35.46
TATACONSUM,EQ,2021-01-07,604.95,609.7,610.3,598.55,601.95,600.85,603.71,"21,95,640","1,32,55,30,120.55","49,781","10,61,151",48.33
TATACONSUM,EQ,2021-01-08,600.85,606.8,612.5,602.6,607.95,609.55,607.91,"34,58,752","2,10,26,12,715.45","57,544","15,38,239",44.47
TATACONSUM,EQ,2021-01-11,609.55,613.0,632.8,609.5,632.5,629.0,621.63,"63,60,644","3,95,39,39,456.30","94,959","17,66,796",27.78
TATACONSUM,EQ,2021-01-12,629.0,632.6,634.9,620.0,623.45,624.3,626.09,"45,62,628","2,85,65,94,777.45","80,565","13,12,363",28.76
TATACONSUM,EQ,2021-01-13,624.3,626.8,633.0,611.3,619.95,620.4,623.76,"36,60,044","2,28,29,86,621.75","74,518","13,51,305",36.92
TATACONSUM,EQ,2021-01-14,620.4,622.9,623.0,608.65,613.5,614.0,615.5,"35,76,000","2,20,10,39,942.05","60,830","21,63,917",60.51
TATACONSUM,EQ,2021-01-15,614.0,610.0,613.5,595.0,602.0,602.4,602.72,"44,92,648","2,70,78,11,033.10","1,03,868","22,41,375",49.89
TATACONSUM,EQ,2021-01-18,602.4,601.5,601.5,581.0,582.8,584.75,589.52,"33,46,718","1,97,29,49,731.50","68,749","13,48,809",40.3
TATACONSUM,EQ,2021-01-19,584.75,590.0,591.0,577.35,582.4,582.7,582.29,"57,43,934","3,34,46,54,201.60","1,05,986","31,45,514",54.76
TATACONSUM,EQ,2021-01-20,582.7,588.0,602.7,583.6,598.0,596.65,595.91,"61,56,865","3,66,89,47,018.05","1,02,282","11,76,444",19.11
TATACONSUM,EQ,2021-01-21,596.65,603.4,612.75,590.05,599.3,595.25,604.53,"45,06,198","2,72,41,39,314.40","64,521","8,93,652",19.83
TATACONSUM,EQ,2021-01-22,595.25,599.2,606.9,582.6,585.5,584.75,595.98,"43,07,126","2,56,69,73,908.05","62,947","16,09,830",37.38
TATACONSUM,EQ,2021-01-25,584.75,587.8,589.85,570.0,573.55,573.6,578.74,"20,16,556","1,16,70,58,870.35","42,891","4,99,284",24.76
TATACONSUM,EQ,2021-01-27,573.6,573.0,588.55,566.55,573.0,572.65,578.75,"36,62,455","2,11,96,47,818.45","72,804","11,65,107",31.81
TATACONSUM,EQ,2021-01-28,572.65,571.9,576.0,561.5,565.5,564.6,566.14,"47,69,073","2,69,99,66,124.95","79,782","20,51,184",43.01
TATACONSUM,EQ,2021-01-29,564.6,574.0,574.0,554.25,555.0,559.8,565.14,"35,93,336","2,03,07,36,747.70","85,816","18,85,223",52.46
TATACONSUM,EQ,2021-02-01,559.8,563.0,588.75,554.35,588.5,584.15,571.02,"47,07,518","2,68,80,71,446.75","79,921","18,83,328",40.01
TATACONSUM,EQ,2021-02-02,584.15,590.0,596.4,567.15,575.95,575.35,576.38,"57,13,446","3,29,31,27,783.45","85,412","20,78,297",36.38
TATACONSUM,EQ,2021-02-03,575.35,589.0,598.0,571.0,579.8,580.15,585.43,"1,05,99,727","6,20,53,67,264.25","1,53,279","26,24,497",24.76
TATACONSUM,EQ,2021-02-04,580.15,585.0,590.0,577.55,588.6,588.05,584.37,"38,16,120","2,23,00,37,918.70","49,090","13,02,283",34.13
TATACONSUM,EQ,2021-02-05,588.05,593.9,600.0,589.2,592.95,592.5,595.49,"59,18,498","3,52,43,88,973.60","98,195","20,80,509",35.15
TATACONSUM,EQ,2021-02-08,592.5,595.0,604.8,594.9,598.0,597.1,600.29,"39,70,852","2,38,36,78,616.90","99,098","14,00,400",35.27
TATACONSUM,EQ,2021-02-09,597.1,597.0,607.5,594.55,598.75,598.7,601.94,"30,72,281","1,84,93,23,900.50","54,668","10,83,303",35.26
TATACONSUM,EQ,2021-02-10,598.7,600.75,605.95,597.3,602.0,600.75,601.81,"24,35,907","1,46,59,49,464.70","39,565","8,71,698",35.79
TATACONSUM,EQ,2021-02-11,600.75,603.3,622.0,598.35,611.0,610.35,614.53,"70,33,762","4,32,24,76,064.20","90,860","18,44,667",26.23
TATACONSUM,EQ,2021-02-12,610.35,616.2,616.2,603.5,607.0,607.5,607.93,"36,21,853","2,20,18,22,584.05","45,177","14,49,877",40.03
TATACONSUM,EQ,2021-02-15,607.5,608.0,625.5,607.4,625.5,623.1,616.32,"32,34,989","1,99,37,94,979.65","55,471","11,82,021",36.54
TATACONSUM,EQ,2021-02-16,623.1,629.9,634.95,617.55,628.15,628.35,627.15,"64,18,986","4,02,56,91,649.05","1,15,263","20,84,181",32.47
TATACONSUM,EQ,2021-02-17,628.35,636.0,645.7,624.25,632.85,632.15,633.9,"85,56,599","5,42,40,49,396.50","1,40,067","17,35,091",20.28
TATACONSUM,EQ,2021-02-18,632.15,637.45,643.4,621.15,623.95,624.0,630.86,"44,57,424","2,81,20,11,709.00","60,277","20,27,584",45.49
TATACONSUM,EQ,2021-02-19,624.0,624.0,626.1,610.45,617.7,616.95,618.82,"30,13,104","1,86,45,56,914.70","52,868","11,14,649",36.99
TATACONSUM,EQ,2021-02-22,616.95,619.0,623.55,612.0,618.95,618.3,617.83,"30,20,000","1,86,58,55,682.10","45,404","12,56,634",41.61
TATACONSUM,EQ,2021-02-23,618.3,619.9,635.0,616.0,629.0,627.5,628.22,"42,22,282","2,65,25,23,890.45","61,689","10,85,906",25.72
TATACONSUM,EQ,2021-02-24,627.5,654.0,654.0,615.0,624.0,625.95,636.57,"1,04,79,819","6,67,10,93,211.35","1,74,846","28,57,000",27.26
TATACONSUM,EQ,2021-02-25,625.95,628.9,639.15,624.35,629.0,628.5,629.57,"49,77,348","3,13,35,81,454.50","80,771","17,92,677",36.02
TATACONSUM,EQ,2021-02-26,628.5,625.0,625.9,604.5,606.0,609.15,614.79,"55,47,291","3,41,03,95,483.30","1,12,396","27,73,983",50.01
TATACONSUM,EQ,2021-03-01,609.15,614.9,628.5,609.2,627.05,624.55,618.76,"25,30,243","1,56,56,03,834.65","51,929","9,92,148",39.21
TATACONSUM,EQ,2021-03-02,624.55,628.5,636.0,622.0,631.35,632.35,629.65,"30,51,386","1,92,13,08,201.50","54,560","12,30,322",40.32
TATACONSUM,EQ,2021-03-03,632.35,635.0,648.0,633.0,637.5,636.9,639.74,"36,01,961","2,30,43,07,931.25","71,634","14,06,377",39.04
TATACONSUM,EQ,2021-03-04,636.9,634.9,643.85,628.8,632.0,631.1,635.89,"26,21,353","1,66,68,91,185.10","44,422","11,69,818",44.63
TATACONSUM,EQ,2021-03-05,631.1,633.7,643.5,618.0,623.6,622.65,629.58,"28,39,628","1,78,77,60,575.10","63,490","10,12,541",35.66
TATACONSUM,EQ,2021-03-08,622.65,626.9,628.2,615.0,616.0,616.05,620.19,"19,39,925","1,20,31,29,619.15","39,057","10,73,306",55.33
TATACONSUM,EQ,2021-03-09,616.05,618.8,620.9,602.0,612.4,611.7,610.46,"30,65,358","1,87,12,75,874.80","67,341","15,05,452",49.11
TATACONSUM,EQ,2021-03-10,611.7,616.8,623.65,615.0,621.5,620.95,619.18,"27,78,304","1,72,02,66,180.60","73,925","12,82,673",46.17
TATACONSUM,EQ,2021-03-12,620.95,623.0,624.8,613.4,614.9,615.25,618.56,"18,84,687","1,16,57,92,316.75","36,218","9,60,333",50.95
TATACONSUM,EQ,2021-03-15,615.25,617.1,618.8,602.4,608.85,607.65,607.85,"27,65,589","1,68,10,58,148.05","60,437","14,56,199",52.65
TATACONSUM,EQ,2021-03-16,607.65,611.55,618.0,608.5,611.9,610.65,612.24,"24,80,801","1,51,88,47,029.65","51,812","10,61,398",42.78
TATACONSUM,EQ,2021-03-17,610.65,612.0,612.4,600.1,602.95,603.35,604.71,"22,63,020","1,36,84,76,908.25","51,053","11,22,859",49.62
TATACONSUM,EQ,2021-03-18,603.35,606.0,608.2,587.0,597.5,594.9,596.15,"33,87,208","2,01,92,87,336.15","71,183","15,26,869",45.08
TATACONSUM,EQ,2021-03-19,594.9,590.0,607.65,577.05,601.0,600.25,597.18,"48,74,177","2,91,07,79,426.85","73,936","27,72,019",56.87
TATACONSUM,EQ,2021-03-22,600.25,603.0,623.05,596.25,621.5,620.55,613.59,"31,54,483","1,93,55,59,868.35","53,177","13,35,022",42.32
TATACONSUM,EQ,2021-03-23,620.55,621.0,640.0,620.55,633.5,634.1,633.71,"49,40,745","3,13,09,85,932.45","79,630","19,65,072",39.77
TATACONSUM,EQ,2021-03-24,634.1,632.8,639.15,624.65,632.1,629.1,630.6,"29,38,251","1,85,28,64,797.55","52,557","14,89,734",50.7
TATACONSUM,EQ,2021-03-25,629.1,634.0,634.2,611.0,613.0,614.85,616.73,"29,81,311","1,83,86,61,921.60","61,244","12,51,897",41.99
TATACONSUM,EQ,2021-03-26,614.85,620.0,634.95,615.1,628.0,628.3,626.34,"35,57,256","2,22,80,68,855.75","54,981","17,02,935",47.87
TATACONSUM,EQ,2021-03-30,628.3,630.85,637.6,617.55,630.7,628.9,628.06,"1,98,95,352","12,49,54,39,318.05","1,10,012","1,45,98,890",73.38
TATACONSUM,EQ,2021-03-31,628.9,630.0,645.7,630.0,636.5,638.9,637.81,"44,24,477","2,82,19,61,354.70","73,298","15,17,574",34.3
TATACONSUM,EQ,2021-04-01,638.9,641.0,652.95,640.65,650.1,650.15,647.78,"38,44,057","2,49,00,89,082.15","63,736","12,86,121",33.46
TATACONSUM,EQ,2021-04-05,650.15,651.95,651.95,639.2,641.9,644.95,645.41,"35,68,896","2,30,33,88,331.45","58,587","12,84,735",36.0
TATACONSUM,EQ,2021-04-06,644.95,645.2,679.0,638.1,675.0,674.55,665.47,"76,36,739","5,08,19,84,479.00","1,18,411","14,42,273",18.89
TATACONSUM,EQ,2021-04-07,674.55,674.95,674.95,659.15,664.85,665.75,667.43,"38,98,156","2,60,17,27,208.50","72,835","12,40,624",31.83
TATACONSUM,EQ,2021-04-08,665.75,667.05,677.2,666.8,670.0,670.7,671.71,"24,77,848","1,66,43,91,503.35","52,952","9,36,993",37.81
TATACONSUM,EQ,2021-04-09,670.7,670.0,685.0,665.0,684.5,679.8,673.91,"25,66,543","1,72,96,27,334.65","42,869","7,53,383",29.35
TATACONSUM,EQ,2021-04-12,679.8,675.0,675.6,650.0,656.9,655.6,661.67,"42,01,041","2,77,97,13,022.30","94,854","13,90,163",33.09
TATACONSUM,EQ,2021-04-13,655.6,657.0,677.9,656.0,663.8,663.95,666.45,"30,65,417","2,04,29,41,975.95","55,326","8,07,754",26.35
TATACONSUM,EQ,2021-04-15,663.95,662.8,674.0,647.15,660.5,659.3,658.3,"31,93,956","2,10,25,92,260.95","55,675","14,47,937",45.33
TATACONSUM,EQ,2021-04-16,659.3,662.8,676.55,660.3,668.95,671.3,670.73,"27,08,331","1,81,65,63,984.85","47,686","7,25,051",26.77
TATACONSUM,EQ,2021-04-19,671.3,662.0,668.8,651.5,664.4,664.1,659.85,"26,20,095","1,72,88,82,225.40","52,197","8,89,486",33.95
TATACONSUM,EQ,2021-04-20,664.1,677.35,698.0,666.3,678.0,680.1,685.13,"82,30,341","5,63,88,41,912.70","1,39,886","12,50,212",15.19
TATACONSUM,EQ,2021-04-22,680.1,680.7,680.7,663.0,667.05,665.5,668.64,"30,13,453","2,01,49,05,207.20","65,775","10,50,449",34.86
TATACONSUM,EQ,2021-04-23,665.5,667.0,675.7,661.0,665.9,664.6,668.72,"23,29,094","1,55,75,03,552.05","42,170","6,12,198",26.28
TATACONSUM,EQ,2021-04-26,664.6,667.0,675.0,662.05,672.0,670.2,670.1,"18,45,322","1,23,65,59,302.80","36,853","6,50,991",35.28
TATACONSUM,EQ,2021-04-27,670.2,674.95,679.9,668.1,674.2,673.7,673.19,"22,58,769","1,52,05,90,998.55","44,696","10,30,341",45.62
TATACONSUM,EQ,2021-04-28,673.7,677.0,693.0,675.0,676.0,677.15,683.03,"39,00,923","2,66,44,44,385.35","79,174","10,81,040",27.71
TATACONSUM,EQ,2021-04-29,677.15,678.35,680.45,666.0,672.25,671.85,671.57,"32,47,095","2,18,06,36,998.65","68,121","12,24,494",37.71
TATACONSUM,EQ,2021-04-30,671.85,671.0,678.0,665.05,669.0,669.5,671.36,"22,06,232","1,48,11,69,734.45","39,765","10,03,136",45.47
TATACONSUM,EQ,2021-05-03,669.5,661.85,682.5,661.0,679.55,677.1,676.12,"19,85,777","1,34,26,24,179.40","38,632","3,46,367",17.44
TATACONSUM,EQ,2021-05-04,677.1,681.0,686.3,641.55,648.0,645.25,653.68,"74,00,792","4,83,77,21,416.25","1,68,508","26,31,827",35.56
TATACONSUM,EQ,2021-05-05,645.25,649.0,656.0,640.05,652.0,649.05,648.11,"33,32,318","2,15,96,94,886.25","72,439","9,44,163",28.33
TATACONSUM,EQ,2021-05-06,649.05,652.0,654.95,638.15,651.15,653.1,646.41,"40,00,163","2,58,57,39,332.30","1,07,512","13,68,684",34.22
TATACONSUM,EQ,2021-05-07,653.1,636.0,642.0,614.0,629.95,629.0,625.35,"1,45,98,653","9,12,93,03,863.85","2,84,858","40,56,310",27.79
TATACONSUM,EQ,2021-05-10,629.0,627.0,636.95,621.0,634.0,633.15,629.7,"50,26,811","3,16,53,75,090.70","1,11,644","16,18,086",32.19
TATACONSUM,EQ,2021-05-11,633.15,628.0,649.9,625.0,640.2,641.6,642.09,"46,19,231","2,96,59,79,835.30","80,391","12,62,084",27.32
TATACONSUM,EQ,2021-05-12,641.6,645.0,646.7,631.1,639.65,640.05,639.69,"31,37,276","2,00,68,76,168.60","61,067","12,51,118",39.88
TATACONSUM,EQ,2021-05-14,640.05,640.5,649.5,638.05,644.5,645.15,644.9,"29,27,148","1,88,77,22,393.60","57,042","6,92,843",23.67
TATACONSUM,EQ,2021-05-17,645.15,646.0,657.4,640.1,653.6,653.3,650.17,"26,59,352","1,72,90,36,721.65","55,144","7,21,413",27.13
TATACONSUM,EQ,2021-05-18,653.3,658.0,658.0,648.0,653.0,653.0,653.39,"22,67,368","1,48,14,75,830.60","40,423","8,27,377",36.49
TATACONSUM,EQ,2021-05-19,653.0,652.0,661.0,650.7,653.0,653.2,654.52,"32,02,046","2,09,57,90,246.95","63,863","14,52,587",45.36
TATACONSUM,EQ,2021-05-20,653.2,656.0,656.0,640.1,643.7,644.9,646.79,"21,02,743","1,36,00,23,296.70","36,146","8,13,870",38.71
TATACONSUM,EQ,2021-05-21,644.9,645.05,652.5,644.3,649.65,649.7,648.08,"18,33,201","1,18,80,60,606.65","36,393","8,59,937",46.91
TATACONSUM,EQ,2021-05-24,649.7,650.0,654.7,638.5,640.75,640.1,643.12,"26,69,967","1,71,71,17,871.05","61,059","13,96,538",52.31
TATACONSUM,EQ,2021-05-25,640.1,641.0,652.0,641.0,651.1,649.95,647.13,"20,85,253","1,34,94,24,842.70","53,498","8,97,133",43.02
TATACONSUM,EQ,2021-05-26,649.95,652.0,655.0,640.65,641.55,641.9,644.98,"23,14,694","1,49,29,35,888.35","36,223","11,92,147",51.5
TATACONSUM,EQ,2021-05-27,641.9,643.5,652.0,641.15,650.0,648.55,646.81,"35,43,940","2,29,22,65,495.75","52,520","23,39,020",66.0
TATACONSUM,EQ,2021-05-28,648.55,650.5,657.7,646.3,652.75,654.95,653.43,"28,81,977","1,88,31,68,452.20","49,334","14,63,117",50.77
TATACONSUM,EQ,2021-05-31,654.95,659.95,665.0,650.2,663.4,663.85,658.89,"34,17,033","2,25,14,50,785.45","93,456","15,66,325",45.84
TATACONSUM,EQ,2021-06-01,663.85,665.8,667.25,656.8,666.0,665.8,663.4,"23,55,484","1,56,26,32,450.30","69,042","11,49,306",48.79
TATACONSUM,EQ,2021-06-02,665.8,665.5,674.75,660.15,673.7,673.55,669.72,"30,21,421","2,02,34,91,928.75","66,898","14,73,399",48.77
TATACONSUM,EQ,2021-06-03,673.55,676.0,683.0,673.25,678.2,680.0,679.18,"24,85,855","1,68,83,35,176.20","52,947","11,67,654",46.97
TATACONSUM,EQ,2021-06-04,680.0,680.85,689.95,675.0,685.55,686.95,685.71,"23,98,771","1,64,48,64,166.20","50,452","9,91,372",41.33
TATACONSUM,EQ,2021-06-07,686.95,690.0,707.0,687.3,701.6,699.95,700.06,"35,11,853","2,45,85,13,702.15","77,473","11,17,170",31.81
TATACONSUM,EQ,2021-06-08,699.95,705.15,715.4,701.6,709.05,710.45,710.68,"39,81,598","2,82,96,28,346.70","81,544","11,70,355",29.39
TATACONSUM,EQ,2021-06-09,710.45,712.3,714.85,700.75,703.0,702.85,707.3,"30,39,558","2,14,98,84,489.45","88,208","16,32,068",53.69
TATACONSUM,EQ,2021-06-10,702.85,704.3,718.75,704.0,708.0,707.7,711.06,"25,71,253","1,82,83,15,877.45","59,865","7,80,636",30.36
TATACONSUM,EQ,2021-06-11,707.7,714.15,717.35,709.5,716.0,715.4,714.55,"21,71,601","1,55,17,10,337.80","52,885","10,31,287",47.49
TATACONSUM,EQ,2021-06-14,715.4,715.4,717.0,702.6,717.0,714.75,713.68,"17,98,953","1,28,38,73,232.45","50,643","7,27,474",40.44
TATACONSUM,EQ,2021-06-15,714.75,718.0,724.1,715.4,718.2,719.5,720.35,"23,87,652","1,71,99,46,098.00","45,274","10,38,909",43.51
TATACONSUM,EQ,2021-06-16,719.5,724.0,737.75,721.0,734.65,735.9,731.0,"41,34,529","3,02,23,42,577.40","79,498","9,50,875",23.0
TATACONSUM,EQ,2021-06-17,735.9,730.55,747.3,724.85,744.15,745.0,740.66,"41,67,585","3,08,67,45,894.10","82,222","13,64,023",32.73
TATACONSUM,EQ,2021-06-18,745.0,746.0,747.45,732.1,737.9,739.8,740.29,"37,62,934","2,78,56,53,946.85","59,254","21,11,842",56.12
TATACONSUM,EQ,2021-06-21,739.8,729.0,743.95,727.85,743.5,742.55,736.26,"15,94,856","1,17,42,33,590.85","57,818","6,15,980",38.62
TATACONSUM,EQ,2021-06-22,742.55,748.0,758.75,742.35,757.5,756.7,752.67,"33,46,784","2,51,90,30,784.75","80,242","14,79,984",44.22
TATACONSUM,EQ,2021-06-23,756.7,760.0,765.0,751.85,759.0,757.85,758.95,"29,52,360","2,24,06,88,506.40","77,090","10,25,978",34.75
TATACONSUM,EQ,2021-06-24,757.85,762.0,763.8,754.0,758.0,757.45,758.59,"16,68,843","1,26,59,66,070.80","45,963","6,53,943",39.19
TATACONSUM,EQ,2021-06-25,757.45,755.0,763.45,753.5,758.45,757.6,758.84,"15,88,289","1,20,52,61,803.95","38,406","8,29,162",52.2
TATACONSUM,EQ,2021-06-28,757.6,762.0,769.7,759.0,767.35,765.65,765.51,"14,86,902","1,13,82,35,047.95","45,389","5,23,983",35.24
TATACONSUM,EQ,2021-06-29,765.65,766.4,771.9,755.85,761.05,758.05,762.18,"15,06,378","1,14,81,37,977.10","50,164","7,02,844",46.66
TATACONSUM,EQ,2021-06-30,758.05,765.0,768.35,749.4,756.15,754.4,757.91,"17,33,070","1,31,35,19,476.65","47,546","6,98,841",40.32
TATACONSUM,EQ,2021-07-01,754.4,755.8,760.0,750.0,758.0,756.05,757.01,"19,14,434","1,44,92,37,529.30","28,778","11,40,704",59.58
TATACONSUM,EQ,2021-07-02,756.05,757.9,768.8,753.2,765.15,763.6,763.1,"19,16,135","1,46,21,97,093.35","49,432","7,00,979",36.58
TATACONSUM,EQ,2021-07-05,763.6,770.45,771.5,765.0,767.3,766.3,767.87,"10,20,895","78,39,17,411.25","29,564","3,10,939",30.46
TATACONSUM,EQ,2021-07-06,766.3,768.0,769.0,758.0,761.2,762.6,761.88,"14,11,602","1,07,54,76,436.85","33,762","6,91,537",48.99
TATACONSUM,EQ,2021-07-07,762.6,759.0,766.05,751.25,765.05,763.05,758.38,"21,04,914","1,59,63,33,553.55","37,980","7,79,384",37.03
TATACONSUM,EQ,2021-07-08,763.05,762.95,766.0,757.0,762.25,763.3,760.08,"15,40,033","1,17,05,43,316.90","30,189","7,11,949",46.23
TATACONSUM,EQ,2021-07-09,763.3,763.0,772.75,759.7,766.8,765.95,767.14,"11,51,792","88,35,85,407.30","34,325","2,74,352",23.82
TATACONSUM,EQ,2021-07-12,765.95,771.0,786.85,769.1,776.15,775.9,780.66,"29,92,685","2,33,62,65,089.85","62,897","3,87,807",12.96
TATACONSUM,EQ,2021-07-13,775.9,780.9,780.9,766.7,771.0,772.85,771.72,"15,00,414","1,15,79,05,225.55","59,888","7,55,796",50.37
TATACONSUM,EQ,2021-07-14,772.85,773.6,776.7,763.4,768.0,768.2,768.05,"10,94,262","84,04,50,553.55","35,233","5,23,007",47.8
TATACONSUM,EQ,2021-07-15,768.2,769.0,774.6,763.5,770.25,772.35,768.04,"9,65,602","74,16,20,705.60","24,588","5,51,748",57.14
TATACONSUM,EQ,2021-07-16,772.35,772.35,774.95,761.4,762.0,763.0,764.3,"9,80,383","74,93,10,196.55","39,016","5,24,887",53.54
TATACONSUM,EQ,2021-07-19,763.0,761.0,770.0,758.55,766.2,765.55,766.1,"16,95,546","1,29,89,63,608.95","30,712","9,13,898",53.9
TATACONSUM,EQ,2021-07-20,765.55,762.0,768.0,747.0,756.0,757.1,755.54,"21,95,159","1,65,85,29,595.35","39,280","14,39,133",65.56
TATACONSUM,EQ,2021-07-22,757.1,763.5,765.9,755.1,765.1,764.2,759.73,"14,64,419","1,11,25,58,501.20","34,973","8,96,952",61.25
TATACONSUM,EQ,2021-07-23,764.2,767.15,777.0,766.0,776.85,775.15,773.05,"20,21,122","1,56,24,23,572.20","52,412","9,60,496",47.52
TATACONSUM,EQ,2021-07-26,775.15,780.25,786.0,770.8,777.0,776.35,778.34,"21,54,261","1,67,67,54,774.75","54,433","5,91,340",27.45
TATACONSUM,EQ,2021-07-27,776.35,780.4,788.15,764.0,767.45,769.75,775.9,"20,01,824","1,55,32,25,186.35","61,060","7,01,196",35.03
TATACONSUM,EQ,2021-07-28,769.75,768.95,770.0,739.2,755.0,754.9,752.06,"31,12,462","2,34,07,54,483.60","78,219","12,41,426",39.89
TATACONSUM,EQ,2021-07-29,754.9,755.0,759.9,748.5,751.9,751.2,752.18,"17,42,057","1,31,03,47,074.45","38,029","9,20,057",52.81
TATACONSUM,EQ,2021-07-30,751.2,752.0,762.0,745.2,755.0,756.25,756.7,"16,13,176","1,22,06,89,472.80","35,161","8,84,955",54.86
TATACONSUM,EQ,2021-08-02,756.25,763.0,771.0,756.6,759.7,759.55,761.9,"20,54,226","1,56,51,07,195.75","45,934","10,25,923",49.94
TATACONSUM,EQ,2021-08-03,759.55,760.0,770.75,759.55,766.8,767.65,766.3,"29,46,289","2,25,77,42,953.55","51,952","15,38,141",52.21
TATACONSUM,EQ,2021-08-04,767.65,770.0,770.0,755.15,759.0,758.75,758.84,"54,26,419","4,11,77,90,369.25","96,860","32,18,909",59.32
TATACONSUM,EQ,2021-08-05,758.75,761.0,770.7,757.3,770.5,768.35,762.94,"24,69,893","1,88,43,73,657.60","50,748","14,29,845",57.89
TATACONSUM,EQ,2021-08-06,768.35,773.0,798.35,772.0,780.0,781.35,783.89,"78,49,735","6,15,33,50,299.00","91,259","40,75,878",51.92
TATACONSUM,EQ,2021-08-09,781.35,783.45,783.45,763.0,765.9,764.85,770.23,"16,61,739","1,27,99,19,840.70","51,153","5,99,795",36.09
TATACONSUM,EQ,2021-08-10,764.85,765.9,774.55,761.05,771.0,771.9,767.81,"14,29,806","1,09,78,16,838.55","36,704","5,70,835",39.92
TATACONSUM,EQ,2021-08-11,771.9,771.9,774.2,752.0,765.0,765.0,761.1,"13,91,781","1,05,92,90,030.10","45,493","5,86,991",42.18
TATACONSUM,EQ,2021-08-12,765.0,765.65,776.2,763.0,774.0,774.25,770.64,"8,80,420","67,84,90,642.65","25,845","4,83,069",54.87
TATACONSUM,EQ,2021-08-13,774.25,777.0,810.8,774.3,805.25,807.45,800.05,"79,56,492","6,36,56,11,301.40","1,60,406","19,25,188",24.2
TATACONSUM,EQ,2021-08-16,807.45,807.4,815.45,800.1,802.5,802.15,806.51,"26,04,160","2,10,02,91,854.45","58,196","7,66,068",29.42
TATACONSUM,EQ,2021-08-17,802.15,805.0,835.0,805.0,832.9,832.8,824.78,"75,80,699","6,25,24,14,154.25","1,48,412","12,94,922",17.08
TATACONSUM,EQ,2021-08-18,832.8,839.25,844.85,830.15,840.4,841.4,837.49,"30,48,603","2,55,31,82,838.40","68,965","5,72,390",18.78
TATACONSUM,EQ,2021-08-20,841.4,832.95,852.4,826.7,839.6,847.3,841.84,"37,82,381","3,18,41,70,878.45","84,585","10,41,079",27.52
TATACONSUM,EQ,2021-08-23,847.3,849.65,849.7,823.0,834.0,832.5,833.49,"21,61,681","1,80,17,37,956.00","59,661","5,00,716",23.16
TATACONSUM,EQ,2021-08-24,832.5,833.5,840.45,827.0,838.3,836.9,833.9,"11,70,096","97,57,42,918.00","36,956","4,02,926",34.44
TATACONSUM,EQ,2021-08-25,836.9,836.1,850.65,833.25,839.45,836.0,841.82,"17,77,820","1,49,66,00,999.80","45,848","4,23,635",23.83
TATACONSUM,EQ,2021-08-26,836.0,842.0,856.8,834.55,854.5,853.3,846.39,"24,64,570","2,08,59,89,327.45","56,223","6,53,840",26.53
TATACONSUM,EQ,2021-08-27,853.3,853.95,860.9,844.0,846.35,847.95,851.11,"23,66,396","2,01,40,72,853.95","55,437","5,95,756",25.18
TATACONSUM,EQ,2021-08-30,847.95,850.0,862.75,850.0,859.0,860.5,857.49,"18,75,514","1,60,82,25,341.55","34,213","7,48,086",39.89
TATACONSUM,EQ,2021-08-31,860.5,862.0,867.7,856.45,866.75,864.95,862.94,"21,32,008","1,83,98,03,306.75","43,049","11,88,837",55.76
TATACONSUM,EQ,2021-09-01,864.95,871.1,874.7,852.3,865.4,867.45,865.49,"20,51,666","1,77,56,90,938.85","48,457","9,14,531",44.58
TATACONSUM,EQ,2021-09-02,867.45,866.4,875.0,862.05,870.65,871.45,871.23,"13,14,628","1,14,53,48,602.65","42,872","5,48,130",41.69
TATACONSUM,EQ,2021-09-03,871.45,873.55,873.55,862.15,868.05,869.85,867.45,"10,75,187","93,26,75,911.00","42,900","4,54,848",42.3
TATACONSUM,EQ,2021-09-06,869.85,869.85,877.65,863.0,869.0,870.05,871.11,"9,85,142","85,81,68,608.75","30,190","3,97,321",40.33
TATACONSUM,EQ,2021-09-07,870.05,870.0,889.0,864.95,866.95,868.3,878.37,"28,40,271","2,49,48,19,725.10","74,434","5,44,019",19.15
TATACONSUM,EQ,2021-09-08,868.3,874.3,881.35,855.55,879.0,879.8,870.25,"16,01,842","1,39,40,07,844.65","44,255","6,37,509",39.8
TATACONSUM,EQ,2021-09-09,879.8,875.0,887.55,872.55,874.9,875.6,878.41,"16,85,368","1,48,04,43,810.50","47,194","7,06,752",41.93
TATACONSUM,EQ,2021-09-13,875.6,876.8,884.0,870.7,880.1,882.1,878.67,"10,64,009","93,49,08,354.20","34,302","4,71,717",44.33
TATACONSUM,EQ,2021-09-14,882.1,884.8,885.9,877.6,880.2,881.3,881.85,"6,22,424","54,88,87,241.60","24,422","2,75,536",44.27
TATACONSUM,EQ,2021-09-15,881.3,885.0,887.4,870.5,872.9,871.55,875.43,"19,45,751","1,70,33,66,208.85","50,490","12,79,433",65.76
TATACONSUM,EQ,2021-09-16,871.55,873.5,883.0,871.35,874.95,874.0,875.72,"12,94,536","1,13,36,47,571.25","37,571","5,35,170",41.34
TATACONSUM,EQ,2021-09-17,874.0,879.9,881.0,866.3,872.65,874.15,873.66,"18,29,129","1,59,80,31,561.45","36,062","9,82,732",53.73
TATACONSUM,EQ,2021-09-20,874.15,870.05,876.95,855.0,857.45,857.0,865.48,"10,81,450","93,59,69,146.15","45,883","4,88,650",45.18
TATACONSUM,EQ,2021-09-21,857.0,855.0,864.45,851.0,859.85,858.9,858.08,"14,78,291","1,26,84,93,605.75","33,920","7,47,102",50.54
TATACONSUM,EQ,2021-09-22,858.9,862.0,863.35,851.9,854.7,854.15,856.15,"9,82,114","84,08,37,665.15","27,948","5,62,018",57.23
TATACONSUM,EQ,2021-09-23,854.15,857.15,859.75,849.05,850.0,850.65,852.88,"14,64,265","1,24,88,45,808.35","37,521","10,15,900",69.38
TATACONSUM,EQ,2021-09-24,850.65,850.65,852.0,834.0,836.9,836.75,840.04,"28,46,056","2,39,08,13,431.35","63,558","18,23,876",64.08
TATACONSUM,EQ,2021-09-27,836.75,837.1,842.4,829.0,834.0,835.05,835.25,"14,33,229","1,19,70,99,935.20","51,946","7,26,374",50.68
TATACONSUM,EQ,2021-09-28,835.05,837.0,837.4,817.0,822.5,822.7,824.46,"19,33,307","1,59,39,33,988.25","55,167","10,72,262",55.46
TATACONSUM,EQ,2021-09-29,822.7,824.5,829.4,811.0,822.9,823.45,820.92,"21,56,442","1,77,02,57,745.65","57,577","9,28,307",43.05
TATACONSUM,EQ,2021-09-30,823.45,823.0,823.95,810.85,812.9,813.6,816.0,"16,22,014","1,32,35,61,236.95","53,605","8,61,986",53.14
TATACONSUM,EQ,2021-10-01,813.6,812.9,820.0,796.0,801.25,801.25,803.65,"19,89,799","1,59,90,92,138.10","69,777","9,02,673",45.37
TATACONSUM,EQ,2021-10-04,801.25,805.05,817.25,801.75,817.25,814.3,810.92,"17,09,463","1,38,62,29,822.10","63,460","7,30,749",42.75
TATACONSUM,EQ,2021-10-05,814.3,815.0,819.2,799.7,803.25,801.45,804.13,"34,99,870","2,81,43,37,580.05","84,504","21,78,490",62.24
TATACONSUM,EQ,2021-10-06,801.45,809.35,834.0,803.0,821.35,820.65,822.5,"52,15,518","4,28,97,85,709.30","1,14,733","12,15,174",23.3
TATACONSUM,EQ,2021-10-07,820.65,828.0,830.7,821.35,825.0,824.55,825.68,"15,00,439","1,23,88,80,449.30","37,842","4,94,584",32.96
TATACONSUM,EQ,2021-10-08,824.55,826.9,828.95,812.45,818.0,818.75,819.98,"17,47,911","1,43,32,59,978.00","51,108","8,07,829",46.22
TATACONSUM,EQ,2021-10-11,818.75,821.4,826.5,813.0,818.0,816.25,818.17,"17,72,719","1,45,03,77,535.60","40,374","12,09,140",68.21
TATACONSUM,EQ,2021-10-12,816.25,817.5,823.0,813.6,818.0,816.15,817.46,"12,46,493","1,01,89,60,975.90","39,430","5,53,928",44.44
TATACONSUM,EQ,2021-10-13,816.15,820.0,854.0,818.05,851.75,848.15,842.78,"72,33,280","6,09,60,88,154.25","1,25,906","22,20,698",30.7
TATACONSUM,EQ,2021-10-14,848.15,859.95,860.0,846.0,847.0,849.6,852.6,"23,52,197","2,00,54,71,819.95","61,650","10,24,371",43.55
TATACONSUM,EQ,2021-10-18,849.6,863.0,863.0,842.05,846.0,843.95,849.48,"19,14,236","1,62,61,12,867.30","62,358","9,23,871",48.26
TATACONSUM,EQ,2021-10-19,843.95,849.0,862.0,840.1,844.0,843.3,851.81,"19,15,361","1,63,15,27,251.25","47,813","5,69,399",29.73
TATACONSUM,EQ,2021-10-20,843.3,841.0,851.9,822.55,829.0,826.95,835.08,"15,35,158","1,28,19,72,299.90","52,877","4,49,202",29.26
TATACONSUM,EQ,2021-10-21,826.95,837.15,838.75,808.0,817.0,814.8,819.08,"22,57,911","1,84,94,03,425.60","60,637","8,05,447",35.67
TATACONSUM,EQ,2021-10-22,814.8,818.65,821.8,790.0,792.4,795.25,805.71,"29,48,977","2,37,60,06,159.40","77,459","12,75,445",43.25
TATACONSUM,EQ,2021-10-25,795.25,793.0,800.6,773.6,786.25,788.95,785.82,"29,54,698","2,32,18,51,072.65","80,656","12,26,814",41.52
TATACONSUM,EQ,2021-10-26,788.95,786.1,811.9,786.1,810.6,808.9,800.75,"17,76,800","1,42,27,65,142.20","43,410","7,35,904",41.42
TATACONSUM,EQ,2021-10-27,808.9,812.0,821.2,809.65,816.5,818.75,816.43,"19,30,632","1,57,62,32,737.55","45,843","9,46,886",49.05
TATACONSUM,EQ,2021-10-28,818.75,818.0,822.55,805.95,808.1,809.7,813.39,"18,22,874","1,48,27,15,121.15","41,648","9,31,576",51.1
TATACONSUM,EQ,2021-10-29,809.7,807.0,818.5,794.15,812.0,809.5,808.69,"22,20,844","1,79,59,84,422.75","56,127","10,45,027",47.06
TATACONSUM,EQ,2021-11-01,809.5,821.5,830.0,806.0,826.0,824.9,820.72,"15,52,830","1,27,44,37,455.35","60,715","5,79,044",37.29
TATACONSUM,EQ,2021-11-02,824.9,827.9,836.0,822.8,833.0,833.8,831.61,"12,51,565","1,04,08,19,961.95","29,033","4,95,123",39.56
TATACONSUM,EQ,2021-11-03,833.8,833.0,839.0,820.05,825.0,826.9,828.97,"10,44,563","86,59,16,225.75","28,547","4,85,792",46.51
TATACONSUM,EQ,2021-11-04,826.9,834.0,834.6,826.0,828.0,827.4,828.75,"1,75,837","14,57,25,571.75","10,815","1,00,641",57.24
TATACONSUM,EQ,2021-11-08,827.4,830.0,838.2,817.05,835.0,836.35,829.87,"8,91,122","73,95,11,660.80","32,362","3,13,580",35.19
TATACONSUM,EQ,2021-11-09,836.35,835.9,841.5,826.0,834.5,835.65,834.46,"14,81,130","1,23,59,37,217.95","44,352","7,69,534",51.96
TATACONSUM,EQ,2021-11-10,835.65,837.05,846.0,830.75,840.25,842.4,840.19,"13,71,873","1,15,26,29,784.50","36,399","6,88,362",50.18
TATACONSUM,EQ,2021-11-11,842.4,842.15,842.15,823.4,838.7,837.65,832.15,"14,11,243","1,17,43,71,960.75","34,793","7,29,652",51.7
TATACONSUM,EQ,2021-11-12,837.65,842.25,852.85,840.0,847.5,847.9,847.36,"11,80,441","1,00,02,55,306.35","34,285","5,07,289",42.97
TATACONSUM,EQ,2021-11-15,847.9,852.5,858.0,847.45,851.0,852.55,853.46,"11,90,768","1,01,62,74,103.45","34,065","6,06,098",50.9
TATACONSUM,EQ,2021-11-16,852.55,855.9,858.0,830.05,832.85,833.4,845.19,"16,69,041","1,41,06,63,330.55","42,090","8,09,477",48.5
TATACONSUM,EQ,2021-11-17,833.4,833.9,847.35,832.5,834.8,836.4,839.4,"14,39,354","1,20,81,92,721.75","58,781","7,19,516",49.99
TATACONSUM,EQ,2021-11-18,836.4,837.2,843.0,822.3,827.55,832.05,829.92,"11,32,067","93,95,27,431.10","52,248","5,87,150",51.87
TATACONSUM,EQ,2021-11-22,832.05,832.05,839.05,807.45,809.0,812.75,824.76,"19,51,384","1,60,94,16,659.80","71,876","10,06,226",51.56
TATACONSUM,EQ,2021-11-23,812.75,802.0,823.85,802.0,821.0,820.95,816.7,"10,25,086","83,71,92,320.10","48,327","4,08,349",39.84
TATACONSUM,EQ,2021-11-24,820.95,824.0,830.0,796.0,798.0,798.95,810.08,"16,34,131","1,32,37,77,007.80","68,767","8,43,623",51.63
TATACONSUM,EQ,2021-11-25,798.95,799.0,810.5,795.6,809.65,807.8,802.91,"17,67,252","1,41,89,38,813.90","49,340","3,45,170",19.53
TATACONSUM,EQ,2021-11-26,807.8,800.2,805.0,763.15,769.9,766.7,777.03,"26,16,604","2,03,31,73,332.90","87,806","12,66,979",48.42
TATACONSUM,EQ,2021-11-29,766.7,766.75,774.9,749.25,766.5,766.0,766.05,"15,84,564","1,21,38,55,520.00","61,834","6,51,058",41.09
TATACONSUM,EQ,2021-11-30,766.0,765.0,789.65,764.2,781.0,778.6,778.95,"35,29,356","2,74,92,09,131.50","82,944","19,17,897",54.34
TATACONSUM,EQ,2021-12-01,778.6,789.9,790.85,767.45,774.0,772.8,777.46,"12,63,844","98,25,84,367.85","55,741","5,30,848",42.0
TATACONSUM,EQ,2021-12-02,772.8,772.8,780.9,763.55,773.75,773.25,770.55,"17,66,820","1,36,14,19,395.55","66,113","10,25,055",58.02
TATACONSUM,EQ,2021-12-03,773.25,767.5,781.0,767.1,774.8,774.3,774.53,"14,08,239","1,09,07,20,180.75","38,852","7,56,310",53.71
TATACONSUM,EQ,2021-12-06,774.3,777.0,778.0,745.55,748.25,747.6,757.92,"16,54,143","1,25,37,11,530.05","61,177","8,25,533",49.91
TATACONSUM,EQ,2021-12-07,747.6,758.35,765.5,744.0,761.0,760.7,755.61,"17,41,795","1,31,61,19,772.30","64,039","8,07,513",46.36
TATACONSUM,EQ,2021-12-08,760.7,758.6,773.65,758.6,770.9,772.15,765.55,"10,02,435","76,74,10,197.60","49,340","4,83,878",48.27
TATACONSUM,EQ,2021-12-09,772.15,773.0,779.05,766.05,778.1,777.5,772.82,"9,35,828","72,32,22,885.75","38,433","4,42,114",47.24
TATACONSUM,EQ,2021-12-10,777.5,781.65,781.95,765.35,769.5,769.65,769.97,"14,12,794","1,08,78,10,794.10","38,119","5,61,978",39.78
TATACONSUM,EQ,2021-12-13,769.65,774.0,777.25,752.0,755.95,754.1,761.93,"19,44,410","1,48,15,03,321.20","77,037","12,28,953",63.2
TATACONSUM,EQ,2021-12-14,754.1,753.0,753.95,732.4,740.0,739.5,741.18,"23,33,787","1,72,97,47,916.80","85,102","11,90,920",51.03
TATACONSUM,EQ,2021-12-15,739.5,742.0,750.5,735.2,745.9,746.3,744.05,"16,76,700","1,24,75,47,034.60","50,302","8,29,645",49.48
TATACONSUM,EQ,2021-12-16,746.3,747.0,750.0,735.3,742.5,740.25,739.8,"14,52,909","1,07,48,64,413.95","59,908","7,97,173",54.87
TATACONSUM,EQ,2021-12-17,740.25,738.0,738.8,721.05,725.0,726.35,727.06,"16,93,819","1,23,15,04,279.60","61,632","9,91,700",58.55
TATACONSUM,EQ,2021-12-20,726.35,717.45,719.55,696.6,709.45,709.55,706.39,"25,20,192","1,78,02,26,296.15","86,980","14,49,962",57.53
TATACONSUM,EQ,2021-12-21,709.55,710.55,725.6,704.8,704.95,705.7,710.67,"26,95,789","1,91,58,14,927.65","46,076","13,05,136",48.41
TATACONSUM,EQ,2021-12-22,705.7,706.2,717.55,703.8,713.65,714.95,710.55,"10,35,751","73,59,48,476.05","34,750","4,33,368",41.84
TATACONSUM,EQ,2021-12-23,714.95,720.0,729.6,712.25,726.0,726.75,720.22,"10,95,354","78,88,97,689.55","34,086","4,88,559",44.6
TATACONSUM,EQ,2021-12-24,726.75,729.0,729.0,714.0,718.0,718.95,720.02,"9,31,510","67,07,04,481.75","26,621","3,43,328",36.86
TATACONSUM,EQ,2021-12-27,718.95,710.0,724.5,706.75,719.9,718.5,715.38,"6,91,930","49,49,92,008.20","27,459","2,05,437",29.69
TATACONSUM,EQ,2021-12-28,718.5,722.3,729.55,719.4,726.0,726.95,725.49,"8,19,253","59,43,56,564.00","25,640","4,22,890",51.62
TATACONSUM,EQ,2021-12-29,726.95,728.0,728.9,720.0,724.85,726.65,725.07,"7,83,940","56,84,14,821.15","25,332","3,89,659",49.71
TATACONSUM,EQ,2021-12-30,726.65,729.0,737.85,725.3,729.1,728.0,731.54,"22,30,935","1,63,20,15,641.50","50,679","6,27,269",28.12
TATACONSUM,EQ,2021-12-31,728.0,730.0,745.0,729.05,743.6,743.45,739.12,"8,65,277","63,95,44,138.20","25,110","3,29,390",38.07
TATACONSUM,EQ,2022-01-03,743.45,747.0,749.4,740.0,749.0,748.0,746.26,"9,25,699","69,08,16,385.25","29,884","4,58,486",49.53
TATACONSUM,EQ,2022-01-04,748.0,752.0,756.7,731.05,739.0,738.85,737.66,"23,52,482","1,73,53,22,861.20","58,936","10,42,262",44.3
TATACONSUM,EQ,2022-01-05,738.85,740.25,743.5,726.5,733.5,733.6,731.26,"20,76,552","1,51,84,95,970.40","55,714","10,08,543",48.57
TATACONSUM,EQ,2022-01-06,733.6,733.0,734.95,722.55,726.4,725.45,726.94,"20,77,754","1,51,03,99,339.80","59,362","9,37,090",45.1
TATACONSUM,EQ,2022-01-07,725.45,725.45,744.65,725.05,738.15,736.1,735.54,"21,07,056","1,54,98,26,803.65","44,501","8,17,756",38.81
TATACONSUM,EQ,2022-01-10,736.1,740.45,743.0,731.0,733.2,731.9,735.81,"15,92,097","1,17,14,73,704.75","35,250","8,71,676",54.75
TATACONSUM,EQ,2022-01-11,731.9,736.45,743.6,730.75,737.0,738.65,737.18,"19,05,347","1,40,45,81,526.30","50,163","9,54,386",50.09
TATACONSUM,EQ,2022-01-12,738.65,743.0,743.3,733.15,735.6,736.1,735.96,"18,17,215","1,33,73,89,759.40","49,795","11,69,350",64.35
TATACONSUM,EQ,2022-01-13,736.1,737.0,739.45,723.6,731.3,730.2,728.24,"16,04,671","1,16,85,79,415.80","64,409","7,20,023",44.87
TATACONSUM,EQ,2022-01-14,730.2,730.2,777.0,727.0,760.8,762.5,761.63,"87,33,345","6,65,15,40,701.20","1,62,032","22,93,293",26.26
TATACONSUM,EQ,2022-01-17,762.5,768.0,771.35,759.25,764.1,765.1,765.55,"18,57,366","1,42,19,14,511.30","58,079","7,53,311",40.56
TATACONSUM,EQ,2022-01-18,765.1,763.8,770.0,728.4,734.95,731.45,745.95,"26,74,149","1,99,47,84,912.70","75,099","10,38,897",38.85
TATACONSUM,EQ,2022-01-19,731.45,734.95,738.0,714.0,719.0,717.65,719.46,"24,26,249","1,74,55,77,388.25","80,682","10,01,276",41.27
TATACONSUM,EQ,2022-01-20,717.65,728.05,746.25,717.2,726.05,723.45,729.97,"52,97,725","3,86,71,98,728.45","1,55,322","16,92,733",31.95
TATACONSUM,EQ,2022-01-21,723.45,721.0,742.95,712.0,724.65,726.55,732.62,"48,54,277","3,55,63,55,179.10","1,41,479","23,80,444",49.04
TATACONSUM,EQ,2022-01-24,726.55,725.0,725.0,688.5,691.55,691.45,698.91,"31,14,690","2,17,68,77,984.95","90,187","12,46,076",40.01
TATACONSUM,EQ,2022-01-25,691.45,690.0,709.95,675.0,708.2,707.75,698.15,"20,30,546","1,41,76,29,179.65","87,255","8,58,645",42.29
TATACONSUM,EQ,2022-01-27,707.75,700.0,709.5,687.5,706.5,705.95,701.86,"31,18,535","2,18,87,64,789.70","1,04,651","19,32,871",61.98
TATACONSUM,EQ,2022-01-28,705.95,706.5,729.9,706.5,718.5,717.9,722.87,"20,74,152","1,49,93,49,045.15","67,547","8,67,373",41.82
TATACONSUM,EQ,2022-01-31,717.9,726.0,736.95,722.05,727.0,727.3,728.76,"16,82,459","1,22,61,13,120.55","61,126","6,54,210",38.88
TATACONSUM,EQ,2022-02-01,727.3,732.0,739.0,717.05,737.9,736.1,730.43,"20,63,749","1,50,74,18,980.10","49,817","10,26,586",49.74
TATACONSUM,EQ,2022-02-02,736.1,741.6,744.9,734.6,741.85,742.45,740.39,"17,71,997","1,31,19,75,205.45","44,828","9,65,347",54.48
TATACONSUM,EQ,2022-02-03,742.45,750.0,769.0,733.35,734.95,738.1,751.51,"81,54,082","6,12,78,38,052.60","1,89,655","14,05,225",17.23
TATACONSUM,EQ,2022-02-04,738.1,741.0,746.55,722.2,732.5,733.8,732.65,"19,31,658","1,41,52,38,620.80","62,799","6,19,579",32.07
TATACONSUM,EQ,2022-02-07,733.8,729.0,736.75,702.05,705.4,704.8,714.71,"19,08,753","1,36,42,02,909.65","64,955","7,03,359",36.85
TATACONSUM,EQ,2022-02-08,704.8,705.1,710.0,691.35,696.65,697.1,698.4,"24,10,446","1,68,34,50,108.90","66,944","11,56,275",47.97
TATACONSUM,EQ,2022-02-09,697.1,706.0,709.0,696.55,701.45,700.2,702.41,"22,06,837","1,55,01,08,798.55","41,971","8,45,612",38.32
TATACONSUM,EQ,2022-02-10,700.2,706.25,711.0,699.0,705.6,706.7,706.8,"17,70,292","1,25,12,47,720.75","71,319","9,46,885",53.49
TATACONSUM,EQ,2022-02-11,706.7,695.0,703.1,690.0,702.0,701.0,696.64,"20,13,324","1,40,25,55,408.75","73,823","10,49,818",52.14
TATACONSUM,EQ,2022-02-14,701.0,689.0,700.8,684.05,690.1,694.3,693.61,"20,69,409","1,43,53,71,330.15","78,185","12,00,105",57.99
TATACONSUM,EQ,2022-02-15,694.3,693.0,706.0,689.15,701.7,702.0,700.02,"22,09,622","1,54,67,72,306.35","57,809","10,43,802",47.24
TATACONSUM,EQ,2022-02-16,702.0,705.5,708.35,696.05,698.5,701.0,702.39,"12,17,196","85,49,46,482.25","37,081","5,11,392",42.01
TATACONSUM,EQ,2022-02-17,701.0,701.5,726.15,701.5,720.0,720.35,717.2,"34,42,092","2,46,86,84,694.55","67,010","9,21,862",26.78
TATACONSUM,EQ,2022-02-18,720.35,715.6,724.6,712.2,717.45,717.5,717.45,"16,86,289","1,20,98,20,971.00","42,193","8,12,012",48.15
TATACONSUM,EQ,2022-02-21,717.5,710.5,721.35,704.5,712.0,713.2,713.07,"15,42,807","1,10,01,28,641.25","31,271","6,53,771",42.38
TATACONSUM,EQ,2022-02-22,713.2,690.0,716.9,690.0,713.35,715.2,708.44,"18,61,977","1,31,91,00,228.85","48,728","8,98,684",48.27
TATACONSUM,EQ,2022-02-23,715.2,715.0,731.2,714.1,721.6,723.25,725.55,"18,16,654","1,31,80,81,848.15","45,832","7,45,014",41.01
TATACONSUM,EQ,2022-02-24,723.25,699.0,714.55,674.05,676.2,677.7,693.05,"30,91,298","2,14,24,22,939.80","90,992","12,89,983",41.73
TATACONSUM,EQ,2022-02-25,677.7,690.0,713.35,685.6,708.95,709.5,706.48,"17,71,881","1,25,17,95,077.60","58,832","7,21,514",40.72
TATACONSUM,EQ,2022-02-28,709.5,699.5,720.8,694.55,716.0,718.6,711.4,"19,35,344","1,37,68,04,290.20","45,262","9,44,390",48.8
TATACONSUM,EQ,2022-03-02,718.6,711.95,718.6,701.55,710.0,711.0,708.84,"19,38,441","1,37,40,37,846.00","56,272","8,67,378",44.75
TATACONSUM,EQ,2022-03-03,711.0,712.15,718.75,684.55,688.75,687.05,699.53,"21,12,330","1,47,76,47,291.00","64,170","10,96,413",51.91
TATACONSUM,EQ,2022-03-04,687.05,688.4,688.4,657.5,669.75,669.95,669.92,"28,33,168","1,89,79,92,926.30","85,030","13,68,150",48.29
TATACONSUM,EQ,2022-03-07,669.95,659.0,673.5,650.2,662.0,659.85,661.97,"21,37,318","1,41,48,31,292.15","79,237","10,09,639",47.24
TATACONSUM,EQ,2022-03-08,659.85,659.0,687.75,658.0,685.0,683.7,672.58,"28,50,859","1,91,74,23,220.20","73,152","10,20,530",35.8
TATACONSUM,EQ,2022-03-09,683.7,685.0,705.9,678.3,699.9,699.15,697.28,"19,20,634","1,33,92,17,832.00","46,028","6,85,891",35.71
TATACONSUM,EQ,2022-03-10,699.15,705.55,727.5,705.55,721.0,724.2,719.09,"25,74,455","1,85,12,58,258.95","68,975","11,97,706",46.52
TATACONSUM,EQ,2022-03-11,724.2,724.3,726.05,707.45,716.0,716.45,713.16,"23,05,707","1,64,43,36,069.90","60,692","8,32,511",36.11
TATACONSUM,EQ,2022-03-14,716.45,720.0,724.0,709.65,720.5,722.25,719.84,"15,84,725","1,14,07,50,206.30","44,145","6,90,056",43.54
TATACONSUM,EQ,2022-03-15,722.25,724.0,774.0,723.75,748.9,748.6,755.39,"93,86,502","7,09,05,03,323.10","1,85,383","24,03,665",25.61
TATACONSUM,EQ,2022-03-16,748.6,754.0,755.55,740.6,747.7,747.85,747.04,"19,59,778","1,46,40,36,115.05","53,518","5,74,302",29.3
TATACONSUM,EQ,2022-03-17,747.85,758.0,774.45,754.25,772.0,772.3,768.51,"30,99,238","2,38,18,04,161.50","83,399","12,57,924",40.59
TATACONSUM,EQ,2022-03-21,772.3,772.0,773.85,745.3,748.5,747.8,756.94,"18,89,226","1,43,00,34,788.20","49,793","9,41,735",49.85
TATACONSUM,EQ,2022-03-22,747.8,750.0,758.0,731.4,753.0,752.9,743.44,"30,47,970","2,26,59,84,243.45","67,096","6,58,597",21.61
TATACONSUM,EQ,2022-03-23,752.9,759.5,760.0,745.1,748.0,748.8,751.42,"11,03,251","82,90,05,855.20","32,041","4,35,456",39.47
TATACONSUM,EQ,2022-03-24,748.8,748.0,751.6,738.7,739.85,740.5,744.1,"11,79,087","87,73,52,919.20","37,679","4,84,374",41.08
TATACONSUM,EQ,2022-03-25,740.5,740.0,740.0,708.6,734.0,733.35,727.55,"29,68,621","2,15,98,30,064.90","68,050","10,31,177",34.74
TATACONSUM,EQ,2022-03-28,733.35,734.0,746.2,728.15,738.9,741.25,737.26,"18,33,105","1,35,14,80,865.75","58,661","6,18,459",33.74
TATACONSUM,EQ,2022-03-29,741.25,742.0,747.75,735.6,741.0,743.2,742.11,"9,85,708","73,14,99,907.90","45,488","3,75,805",38.13
TATACONSUM,EQ,2022-03-30,743.2,750.0,782.75,749.0,765.5,765.85,770.45,"83,28,100","6,41,64,02,252.80","1,76,864","18,35,167",22.04
TATACONSUM,EQ,2022-03-31,765.85,767.95,780.0,765.9,777.3,777.4,775.76,"28,92,133","2,24,35,96,371.70","72,973","12,30,596",42.55
TATACONSUM,EQ,2022-04-01,777.4,779.95,792.5,779.0,788.25,789.8,787.9,"30,82,307","2,42,85,57,379.75","65,026","14,20,728",46.09
TATACONSUM,EQ,2022-04-04,789.8,792.0,795.0,781.75,787.0,788.1,787.49,"15,65,651","1,23,29,37,389.45","46,695","5,27,064",33.66
TATACONSUM,EQ,2022-04-05,788.1,791.0,810.0,788.2,804.0,806.65,799.45,"29,12,280","2,32,82,09,048.50","67,012","12,12,484",41.63
TATACONSUM,EQ,2022-04-06,806.65,810.45,812.5,797.05,807.4,809.25,806.16,"20,04,175","1,61,56,84,567.70","58,279","8,12,211",40.53
TATACONSUM,EQ,2022-04-07,809.25,809.0,818.3,802.05,805.0,804.9,811.62,"19,65,237","1,59,50,31,652.75","56,194","7,28,863",37.09
TATACONSUM,EQ,2022-04-08,804.9,810.5,819.85,804.0,817.5,817.7,813.69,"14,06,219","1,14,42,22,095.25","46,981","4,73,442",33.67
TATACONSUM,EQ,2022-04-11,817.7,817.7,824.0,809.5,821.8,821.5,819.09,"12,31,236","1,00,84,91,383.20","38,627","5,34,860",43.44
TATACONSUM,EQ,2022-04-12,821.5,821.5,822.85,802.55,811.55,812.1,811.01,"11,93,490","96,79,32,308.50","37,121","4,82,147",40.4
TATACONSUM,EQ,2022-04-13,812.1,812.1,823.5,811.05,816.2,817.6,817.72,"10,36,739","84,77,63,791.10","35,694","4,14,391",39.97
TATACONSUM,EQ,2022-04-18,817.6,816.2,824.9,809.0,822.5,822.3,817.22,"14,80,954","1,21,02,61,049.70","50,018","6,56,659",44.34
TATACONSUM,EQ,2022-04-19,822.3,825.0,836.85,784.85,788.0,791.35,815.41,"24,60,482","2,00,63,01,435.80","69,159","10,27,403",41.76
TATACONSUM,EQ,2022-04-20,791.35,800.0,813.45,792.1,810.1,810.45,804.24,"15,22,453","1,22,44,14,775.90","43,214","5,91,451",38.85
TATACONSUM,EQ,2022-04-21,810.45,812.0,822.0,804.25,818.95,820.05,815.19,"13,44,250","1,09,58,17,569.60","40,579","7,03,577",52.34
TATACONSUM,EQ,2022-04-22,820.05,818.0,821.6,803.1,811.6,815.6,812.91,"18,80,668","1,52,88,05,348.50","47,740","9,82,999",52.27
TATACONSUM,EQ,2022-04-25,815.6,802.0,809.9,789.55,794.6,792.75,797.07,"11,93,621","95,13,94,514.30","38,720","5,21,561",43.7
TATACONSUM,EQ,2022-04-26,792.75,798.25,824.35,795.0,821.0,822.05,816.49,"12,85,209","1,04,93,57,625.10","35,081","5,39,813",42.0
TATACONSUM,EQ,2022-04-27,822.05,814.9,817.85,796.3,798.95,798.6,804.72,"11,86,809","95,50,51,021.75","42,567","5,58,195",47.03
TATACONSUM,EQ,2022-04-28,798.6,810.85,819.0,799.6,811.0,811.65,809.25,"18,02,590","1,45,87,39,853.15","49,004","9,84,992",54.64
TATACONSUM,EQ,2022-04-29,811.65,815.0,835.25,813.0,824.35,823.75,826.41,"22,68,921","1,87,50,63,107.55","57,689","10,42,904",45.96
TATACONSUM,EQ,2022-05-02,823.75,823.3,828.65,810.0,823.0,824.4,820.45,"14,39,813","1,18,12,96,725.10","47,962","4,34,120",30.15
TATACONSUM,EQ,2022-05-04,824.4,824.4,832.0,800.8,805.4,803.3,817.03,"18,17,504","1,48,49,50,937.85","58,671","7,78,575",42.84
TATACONSUM,EQ,2022-05-05,803.3,810.0,812.0,772.5,779.25,776.35,785.12,"50,79,723","3,98,82,16,837.90","1,15,139","9,24,945",18.21
TATACONSUM,EQ,2022-05-06,776.35,770.0,778.5,762.95,763.0,764.95,769.49,"20,03,395","1,54,15,84,980.65","55,818","5,43,540",27.13
TATACONSUM,EQ,2022-05-09,764.95,763.0,768.0,754.0,757.5,758.25,760.04,"17,42,459","1,32,43,34,385.65","43,767","7,03,246",40.36
TATACONSUM,EQ,2022-05-10,758.25,759.45,772.45,743.05,746.0,745.8,757.61,"13,26,184","1,00,47,32,158.15","46,950","4,50,053",33.94
TATACONSUM,EQ,2022-05-11,745.8,745.8,758.8,738.0,745.65,744.1,747.04,"12,87,768","96,20,17,912.25","45,448","4,18,330",32.48
TATACONSUM,EQ,2022-05-12,744.1,742.0,748.0,728.0,741.0,738.05,735.7,"14,88,552","1,09,51,33,918.75","50,389","7,10,372",47.72
TATACONSUM,EQ,2022-05-13,738.05,747.0,761.25,735.05,735.65,737.6,749.39,"14,81,400","1,11,01,51,666.50","49,063","5,79,320",39.11
TATACONSUM,EQ,2022-05-16,737.6,739.0,744.45,730.0,735.0,735.5,735.86,"8,29,085","61,00,88,338.85","23,115","2,76,892",33.4
TATACONSUM,EQ,2022-05-17,735.5,737.0,742.75,721.05,737.5,734.25,730.39,"25,36,701","1,85,27,87,273.45","67,113","13,61,604",53.68
TATACONSUM,EQ,2022-05-18,734.25,736.85,757.9,733.8,757.0,754.3,748.89,"27,50,146","2,05,95,59,190.10","64,516","8,09,280",29.43
TATACONSUM,EQ,2022-05-19,754.3,745.0,746.45,718.65,722.3,721.3,730.1,"15,04,820","1,09,86,67,279.95","57,033","5,74,346",38.17
TATACONSUM,EQ,2022-05-20,721.3,735.0,742.75,731.4,739.95,739.6,738.99,"12,05,301","89,07,01,792.05","34,893","5,48,910",45.54
TATACONSUM,EQ,2022-05-23,739.6,745.0,748.75,728.05,730.1,729.7,736.99,"9,70,827","71,54,91,031.95","29,711","3,63,293",37.42
TATACONSUM,EQ,2022-05-24,729.7,735.0,738.0,710.0,716.95,715.15,717.86,"15,13,724","1,08,66,40,403.55","37,769","6,49,691",42.92
TATACONSUM,EQ,2022-05-25,715.15,719.7,723.95,710.05,720.45,716.2,716.81,"8,22,598","58,96,48,229.80","23,916","2,72,947",33.18
TATACONSUM,EQ,2022-05-26,716.2,722.3,724.85,698.0,722.55,722.25,712.02,"13,39,748","95,39,30,660.55","45,747","2,83,906",21.19
TATACONSUM,EQ,2022-05-27,722.25,730.0,731.6,722.6,727.0,725.45,726.5,"10,39,408","75,51,33,156.85","40,860","3,90,764",37.59
TATACONSUM,EQ,2022-05-30,725.45,731.0,753.0,729.1,750.0,750.15,744.36,"11,45,649","85,27,77,464.50","31,347","4,30,740",37.6
TATACONSUM,EQ,2022-05-31,750.15,753.0,779.95,743.0,774.0,759.75,758.12,"61,25,585","4,64,39,44,815.80","58,646","45,96,764",75.04
TATACONSUM,EQ,2022-06-01,759.75,760.0,780.5,757.75,762.0,761.1,767.53,"16,41,729","1,26,00,80,265.75","41,880","6,21,600",37.86
TATACONSUM,EQ,2022-06-02,761.1,757.0,760.5,747.0,757.65,758.25,754.41,"6,30,109","47,53,60,426.60","27,214","1,66,285",26.39
TATACONSUM,EQ,2022-06-03,758.25,760.0,771.0,752.05,754.5,753.9,759.24,"17,47,685","1,32,69,20,822.45","34,297","7,48,110",42.81
TATACONSUM,EQ,2022-06-06,753.9,756.75,770.0,745.3,766.4,763.65,758.82,"14,41,390","1,09,37,59,238.95","27,940","6,73,222",46.71
TATACONSUM,EQ,2022-06-07,763.65,762.0,762.0,746.1,754.0,756.6,752.97,"13,46,609","1,01,39,55,376.25","28,672","5,66,411",42.06
TATACONSUM,EQ,2022-06-08,756.6,754.35,764.85,739.1,756.85,757.15,752.68,"24,61,233","1,85,25,30,039.65","50,762","8,25,912",33.56
TATACONSUM,EQ,2022-06-09,757.15,749.0,759.2,742.3,754.0,754.4,752.82,"8,82,672","66,44,90,988.15","28,821","3,45,914",39.19
TATACONSUM,EQ,2022-06-10,754.4,750.0,771.4,747.05,757.0,756.6,759.82,"32,30,970","2,45,49,49,841.85","81,771","7,94,839",24.6
TATACONSUM,EQ,2022-06-13,756.6,752.0,754.15,726.0,739.95,735.95,740.22,"14,55,794","1,07,76,07,754.05","48,463","5,66,287",38.9
TATACONSUM,EQ,2022-06-14,735.95,734.0,749.0,731.65,736.9,735.85,739.72,"12,09,734","89,48,67,777.75","36,525","3,81,888",31.57
TATACONSUM,EQ,2022-06-15,735.85,739.0,746.45,732.5,736.6,737.75,738.04,"8,42,942","62,21,25,589.55","24,522","2,61,795",31.06
TATACONSUM,EQ,2022-06-16,737.75,748.75,748.75,719.05,723.0,724.95,729.64,"10,60,953","77,41,13,605.95","37,659","3,86,100",36.39
TATACONSUM,EQ,2022-06-17,724.95,723.05,728.5,708.8,713.0,711.65,715.82,"13,29,315","95,15,48,467.90","49,016","5,50,380",41.4
TATACONSUM,EQ,2022-06-20,711.65,718.45,722.75,705.0,715.55,716.85,714.68,"10,28,878","73,53,20,085.10","38,369","3,41,233",33.17
TATACONSUM,EQ,2022-06-21,716.85,720.0,733.0,720.0,727.0,727.25,727.48,"8,16,577","59,40,42,104.85","22,771","2,19,041",26.82
TATACONSUM,EQ,2022-06-22,727.25,727.0,727.0,707.0,710.2,708.95,712.76,"11,90,195","84,83,25,324.40","45,408","4,54,482",38.19
TATACONSUM,EQ,2022-06-23,708.95,710.0,719.7,706.75,718.0,718.45,712.93,"7,14,841","50,96,30,698.95","30,049","2,01,544",28.19
TATACONSUM,EQ,2022-06-24,718.45,722.0,735.0,720.1,729.9,729.0,728.47,"10,13,159","73,80,56,647.45","32,696","3,58,528",35.39
TATACONSUM,EQ,2022-06-27,729.0,735.1,737.1,724.5,730.0,729.4,731.21,"6,95,465","50,85,28,762.75","24,387","1,88,940",27.17
TATACONSUM,EQ,2022-06-28,729.4,730.0,740.0,722.1,740.0,736.85,732.66,"8,78,300","64,34,94,855.65","31,010","3,25,775",37.09
TATACONSUM,EQ,2022-06-29,736.85,730.05,743.8,716.0,718.4,720.0,730.61,"17,41,451","1,27,23,23,001.90","48,279","7,55,356",43.38
TATACONSUM,EQ,2022-06-30,720.0,722.0,722.0,703.1,704.75,706.35,709.49,"20,30,048","1,44,03,02,694.85","67,171","7,65,043",37.69
TATACONSUM,EQ,2022-07-01,706.35,700.0,722.95,697.0,721.5,719.55,711.11,"9,54,981","67,90,93,344.55","27,711","2,34,919",24.6
TATACONSUM,EQ,2022-07-04,719.55,723.0,731.85,714.55,730.0,730.15,724.28,"12,81,683","92,82,99,886.20","30,132","6,50,722",50.77
TATACONSUM,EQ,2022-07-05,730.15,732.0,739.25,726.1,727.3,729.05,733.39,"13,67,769","1,00,31,12,850.85","41,039","6,32,893",46.27
TATACONSUM,EQ,2022-07-06,729.05,721.25,751.85,721.25,748.1,749.95,741.55,"13,51,519","1,00,22,24,299.40","32,875","5,57,951",41.28
TATACONSUM,EQ,2022-07-07,749.95,753.0,759.6,750.0,752.0,754.85,755.52,"20,64,199","1,55,95,36,717.85","36,548","11,89,493",57.62
TATACONSUM,EQ,2022-07-08,754.85,756.5,764.35,755.05,760.0,761.4,760.75,"14,56,394","1,10,79,46,169.75","33,849","6,65,835",45.72
TATACONSUM,EQ,2022-07-11,761.4,761.55,770.0,758.4,764.0,765.9,764.7,"12,87,117","98,42,60,088.60","27,228","5,78,339",44.93
TATACONSUM,EQ,2022-07-12,765.9,760.0,762.0,752.15,754.5,756.45,756.24,"6,09,080","46,06,08,516.25","21,299","2,28,060",37.44
TATACONSUM,EQ,2022-07-13,756.45,758.0,768.0,757.0,762.9,762.55,762.87,"6,97,646","53,22,10,316.90","23,993","2,23,987",32.11
TATACONSUM,EQ,2022-07-14,762.55,765.0,778.8,759.3,768.0,765.85,769.38,"16,97,611","1,30,61,14,410.35","47,667","5,53,535",32.61
TATACONSUM,EQ,2022-07-15,765.85,766.25,792.65,766.25,790.9,790.55,785.44,"30,02,946","2,35,86,45,907.90","66,460","8,01,827",26.7
TATACONSUM,EQ,2022-07-18,790.55,797.8,797.95,787.8,794.0,794.35,792.89,"13,35,985","1,05,92,94,125.95","38,003","5,58,198",41.78
TATACONSUM,EQ,2022-07-19,794.35,790.9,793.35,784.2,788.0,787.25,787.88,"11,84,051","93,28,85,673.35","40,603","5,71,654",48.28
TATACONSUM,EQ,2022-07-20,787.25,791.0,801.2,787.5,793.3,795.0,794.08,"11,73,216","93,16,31,261.70","34,220","4,68,359",39.92
TATACONSUM,EQ,2022-07-21,795.0,795.0,820.65,793.35,818.5,818.3,810.05,"22,45,980","1,81,93,62,493.65","73,749","10,87,627",48.43
TATACONSUM,EQ,2022-07-22,818.3,818.3,824.0,801.15,803.0,804.05,809.91,"17,46,104","1,41,41,87,400.65","48,904","7,20,546",41.27
TATACONSUM,EQ,2022-07-25,804.05,804.05,813.8,801.25,805.9,807.95,806.62,"9,40,240","75,84,18,047.45","30,272","3,55,977",37.86
TATACONSUM,EQ,2022-07-26,807.95,805.9,809.7,788.25,791.5,790.85,794.73,"11,46,412","91,10,89,483.40","26,298","6,05,996",52.86
TATACONSUM,EQ,2022-07-27,790.85,790.0,803.7,787.05,802.0,801.6,796.83,"10,56,918","84,21,83,694.50","29,564","4,79,847",45.4
TATACONSUM,EQ,2022-07-28,801.6,804.0,809.9,798.6,804.5,806.6,804.34,"11,92,580","95,92,39,988.10","34,269","5,06,294",42.45
TATACONSUM,EQ,2022-07-29,806.6,809.0,814.7,803.8,811.05,811.65,809.33,"8,67,439","70,20,41,267.00","29,620","3,90,181",44.98
TATACONSUM,EQ,2022-08-01,811.65,812.0,814.5,799.45,811.65,811.1,806.96,"12,69,287","1,02,42,66,852.50","34,591","7,13,789",56.24
TATACONSUM,EQ,2022-08-02,811.1,813.0,826.0,806.25,808.1,811.6,817.44,"21,61,684","1,76,70,41,521.90","57,515","8,11,703",37.55
TATACONSUM,EQ,2022-08-03,811.6,811.6,815.4,801.55,812.95,812.75,807.42,"9,08,414","73,34,75,104.80","28,653","4,48,725",49.4
TATACONSUM,EQ,2022-08-04,812.75,792.3,798.0,781.1,788.0,789.25,790.4,"1,53,58,133","12,13,91,30,476.15","1,17,350","72,90,681",47.47
TATACONSUM,EQ,2022-08-05,789.25,785.05,793.4,782.1,784.85,784.8,788.09,"21,09,882","1,66,27,74,498.60","49,954","10,44,881",49.52
TATACONSUM,EQ,2022-08-08,784.8,781.5,793.9,781.0,789.25,788.7,788.67,"9,47,150","74,69,92,599.35","33,547","4,52,292",47.75
TATACONSUM,EQ,2022-08-10,788.7,788.7,793.7,786.35,790.0,790.55,790.5,"11,85,175","93,68,75,162.25","36,124","6,25,345",52.76
TATACONSUM,EQ,2022-08-11,790.55,794.55,798.55,771.6,773.0,773.45,777.39,"33,71,339","2,62,08,49,930.05","81,761","15,39,742",45.67
TATACONSUM,EQ,2022-08-12,773.45,773.45,775.9,760.55,763.7,763.45,764.78,"22,57,305","1,72,63,42,219.35","77,745","11,77,688",52.17
TATACONSUM,EQ,2022-08-16,763.45,767.3,780.6,765.3,778.9,779.5,776.43,"18,04,736","1,40,12,48,445.25","46,511","8,67,376",48.06
TATACONSUM,EQ,2022-08-17,779.5,780.5,796.55,780.5,795.0,793.5,788.67,"30,21,532","2,38,29,98,104.50","50,361","19,45,879",64.4
TATACONSUM,EQ,2022-08-18,793.5,793.0,813.8,791.0,807.15,807.85,806.29,"31,91,360","2,57,31,61,181.70","75,210","13,64,793",42.77
TATACONSUM,EQ,2022-08-19,807.85,807.15,809.5,784.1,785.9,786.95,794.71,"17,67,351","1,40,45,35,980.10","36,954","8,86,429",50.16
TATACONSUM,EQ,2022-08-22,786.95,785.9,796.95,780.1,793.5,793.95,791.62,"21,66,778","1,71,52,73,004.40","55,592","9,64,640",44.52
TATACONSUM,EQ,2022-08-23,793.95,791.9,811.65,787.0,808.0,809.35,800.77,"18,90,327","1,51,37,20,619.65","41,655","8,58,955",45.44
TATACONSUM,EQ,2022-08-24,809.35,805.0,813.0,798.5,803.1,805.7,804.81,"13,55,374","1,09,08,14,006.50","41,659","6,36,150",46.94
TATACONSUM,EQ,2022-08-25,805.7,808.0,811.9,797.5,802.0,801.85,806.3,"12,67,482","1,02,19,68,248.80","39,783","6,07,282",47.91
TATACONSUM,EQ,2022-08-26,801.85,805.9,810.8,798.8,801.5,801.95,804.75,"12,54,230","1,00,93,41,578.65","39,662","5,03,847",40.17
TATACONSUM,EQ,2022-08-29,801.95,790.0,816.7,783.85,806.3,806.15,805.49,"21,81,301","1,75,70,26,147.50","49,680","9,75,871",44.74
TATACONSUM,EQ,2022-08-30,806.15,809.0,813.95,806.3,809.5,809.65,809.35,"26,92,962","2,17,95,60,646.15","45,982","19,88,018",73.82
TATACONSUM,EQ,2022-09-01,809.65,809.65,842.0,806.0,841.0,838.4,827.29,"62,28,307","5,15,25,98,116.80","1,41,644","28,22,442",45.32
TATACONSUM,EQ,2022-09-02,838.4,845.0,847.0,830.7,831.8,833.7,838.39,"18,85,440","1,58,07,30,457.45","53,236","6,77,456",35.93
TATACONSUM,EQ,2022-09-05,833.7,834.0,841.15,829.05,838.5,837.45,836.74,"15,53,679","1,30,00,31,437.15","36,145","8,89,037",57.22
TATACONSUM,EQ,2022-09-06,837.45,841.65,845.8,816.0,818.75,818.25,828.18,"26,20,566","2,17,03,01,903.85","64,011","13,76,359",52.52
TATACONSUM,EQ,2022-09-07,818.25,815.0,827.5,814.05,823.1,825.1,822.84,"13,21,905","1,08,77,14,985.45","34,652","5,11,627",38.7
TATACONSUM,EQ,2022-09-08,825.1,829.25,831.6,815.0,817.9,819.1,820.48,"10,94,898","89,83,40,289.80","37,126","5,63,438",51.46
TATACONSUM,EQ,2022-09-09,819.1,827.0,827.0,813.15,815.4,816.3,818.98,"8,84,012","72,39,87,260.65","43,688","3,78,900",42.86
TATACONSUM,EQ,2022-09-12,816.3,820.4,831.0,820.4,826.0,825.5,825.97,"13,00,582","1,07,42,42,478.65","40,080","4,96,445",38.17
TATACONSUM,EQ,2022-09-13,825.5,829.95,852.0,829.7,849.0,849.0,841.16,"33,10,733","2,78,48,40,558.20","87,761","15,54,151",46.94
TATACONSUM,EQ,2022-09-14,849.0,842.9,861.15,838.55,840.0,840.25,847.94,"38,18,926","3,23,82,20,358.85","89,504","11,27,703",29.53
TATACONSUM,EQ,2022-09-15,840.25,844.5,848.0,830.2,836.95,837.4,836.29,"16,97,675","1,41,97,54,112.40","76,574","8,88,731",52.35
TATACONSUM,EQ,2022-09-16,837.4,839.7,839.7,791.2,797.8,795.2,803.33,"47,86,431","3,84,50,97,014.20","1,18,904","24,48,916",51.16
TATACONSUM,EQ,2022-09-19,795.2,799.2,802.2,787.35,792.5,793.0,793.62,"17,07,558","1,35,51,57,422.50","51,860","8,94,232",52.37
TATACONSUM,EQ,2022-09-20,793.0,797.0,812.9,795.95,803.0,804.2,805.8,"15,47,208","1,24,67,46,666.40","39,270","8,22,141",53.14
TATACONSUM,EQ,2022-09-21,804.2,804.2,811.0,798.1,804.5,804.2,803.82,"10,82,534","87,01,60,911.80","41,932","4,23,231",39.1
TATACONSUM,EQ,2022-09-22,804.2,800.55,807.75,788.0,804.5,803.2,799.27,"12,55,234","1,00,32,66,269.05","36,633","5,06,037",40.31
TATACONSUM,EQ,2022-09-23,803.2,803.0,806.3,779.5,781.95,781.55,787.98,"12,29,421","96,87,54,994.55","50,029","5,63,084",45.8
TATACONSUM,EQ,2022-09-26,781.55,779.0,785.95,762.0,785.95,780.85,774.93,"14,31,943","1,10,96,49,394.30","57,299","6,29,334",43.95
TATACONSUM,EQ,2022-09-27,780.85,784.8,801.4,781.05,800.25,797.85,793.0,"18,30,866","1,45,18,79,496.10","49,883","7,85,964",42.93
TATACONSUM,EQ,2022-09-28,797.85,795.95,804.2,790.05,792.75,793.65,797.86,"14,15,083","1,12,90,34,327.85","43,356","6,82,966",48.26
TATACONSUM,EQ,2022-09-29,793.65,797.65,803.7,790.3,796.0,792.6,796.42,"11,36,839","90,54,00,563.25","46,006","5,73,334",50.43
TATACONSUM,EQ,2022-09-30,792.6,791.0,806.0,787.0,803.9,802.85,795.95,"14,36,359","1,14,32,66,051.20","45,133","7,49,835",52.2
TATACONSUM,EQ,2022-10-03,802.85,802.85,804.8,776.0,778.2,777.95,787.66,"16,52,675","1,30,17,47,723.20","55,739","9,35,270",56.59
TATACONSUM,EQ,2022-10-04,777.95,786.75,792.45,781.2,784.75,785.15,786.54,"12,38,967","97,44,99,313.95","36,990","6,45,824",52.13
TATACONSUM,EQ,2022-10-06,785.15,790.0,799.6,784.1,794.0,794.3,793.39,"20,67,042","1,63,99,71,368.50","50,133","11,53,041",55.78
TATACONSUM,EQ,2022-10-07,794.3,787.9,793.9,779.05,781.2,780.9,783.02,"10,53,907","82,52,35,503.00","46,394","5,79,678",55.0
TATACONSUM,EQ,2022-10-10,780.9,769.25,775.05,755.0,758.7,757.15,760.84,"23,34,168","1,77,59,18,659.75","70,735","12,94,495",55.46
TATACONSUM,EQ,2022-10-11,757.15,758.0,759.85,740.25,742.6,742.6,750.0,"19,56,824","1,46,76,23,231.85","60,265","9,36,482",47.86
TATACONSUM,EQ,2022-10-12,742.6,745.5,759.0,738.8,755.5,757.35,750.9,"13,72,962","1,03,09,62,571.65","47,000","6,11,451",44.54
TATACONSUM,EQ,2022-10-13,757.35,754.95,760.2,749.15,756.55,757.4,755.81,"11,98,492","90,58,35,253.05","29,936","7,07,250",59.01
TATACONSUM,EQ,2022-10-14,757.4,768.95,768.95,760.0,760.1,761.25,764.34,"12,78,730","97,73,87,704.75","35,158","6,95,385",54.38
TATACONSUM,EQ,2022-10-17,761.25,761.25,771.95,757.3,763.35,763.15,765.83,"9,40,646","72,03,71,863.45","40,218","4,33,550",46.09
TATACONSUM,EQ,2022-10-18,763.15,767.0,776.0,763.55,773.0,774.35,771.21,"13,61,691","1,05,01,46,195.90","35,062","7,12,640",52.33
TATACONSUM,EQ,2022-10-19,774.35,774.45,777.0,761.1,763.8,764.55,767.8,"11,15,277","85,63,08,286.15","42,271","5,68,450",50.97
TATACONSUM,EQ,2022-10-20,764.55,761.55,772.0,755.5,771.0,770.7,766.72,"9,55,562","73,26,46,953.65","38,211","4,29,764",44.97
TATACONSUM,EQ,2022-10-21,770.7,773.0,780.85,755.05,764.85,761.65,767.54,"16,92,279","1,29,88,95,027.30","57,976","5,23,298",30.92
TATACONSUM,EQ,2022-10-24,761.65,770.0,776.0,764.85,772.0,770.95,772.38,"2,92,558","22,59,67,164.20","14,754","1,43,380",49.01
TATACONSUM,EQ,2022-10-25,770.95,770.0,776.8,764.65,767.5,766.95,771.64,"8,71,995","67,28,62,813.10","30,403","3,20,323",36.73
TATACONSUM,EQ,2022-10-27,766.95,774.75,779.5,759.6,770.65,770.05,768.67,"16,92,389","1,30,08,87,896.85","48,528","7,46,619",44.12
TATACONSUM,EQ,2022-10-28,770.05,773.45,773.45,759.5,761.4,761.35,761.88,"15,98,314","1,21,77,20,480.35","36,149","10,80,748",67.62
TATACONSUM,EQ,2022-10-31,761.35,765.2,772.45,761.9,770.35,770.15,766.62,"9,97,865","76,49,84,512.65","33,529","5,87,699",58.9
TATACONSUM,EQ,2022-11-01,770.15,773.0,784.5,767.4,774.25,774.85,774.23,"18,93,673","1,46,61,47,505.90","51,026","10,20,576",53.89
TATACONSUM,EQ,2022-11-02,774.85,776.0,778.2,764.7,767.25,768.05,768.43,"10,73,726","82,50,84,414.40","25,701","6,73,222",62.7
TATACONSUM,EQ,2022-11-03,768.05,768.05,770.0,756.65,764.0,762.75,762.15,"15,73,795","1,19,94,69,401.30","69,208","10,20,735",64.86
TATACONSUM,EQ,2022-11-04,762.75,761.0,767.0,759.2,766.0,764.3,763.0,"9,40,199","71,73,74,810.60","58,047","5,24,441",55.78
TATACONSUM,EQ,2022-11-07,764.3,768.15,776.45,764.3,770.05,772.15,770.2,"10,04,208","77,34,38,250.20","44,322","4,80,510",47.85
TATACONSUM,EQ,2022-11-09,772.15,778.5,781.8,765.85,770.2,770.15,773.21,"12,56,533","97,15,61,640.60","32,438","6,31,922",50.29
TATACONSUM,EQ,2022-11-10,770.15,770.0,771.7,762.05,767.75,768.7,766.34,"8,39,329","64,32,07,915.30","50,010","4,54,700",54.17
TATACONSUM,EQ,2022-11-11,768.7,772.55,779.85,770.05,771.8,773.2,774.2,"9,21,004","71,30,37,070.85","34,310","4,74,356",51.5
TATACONSUM,EQ,2022-11-14,773.2,773.35,775.0,766.5,767.1,767.75,768.9,"7,08,750","54,49,59,865.25","26,238","4,04,724",57.1
TATACONSUM,EQ,2022-11-15,767.75,767.75,774.0,763.5,773.65,772.75,768.02,"7,56,436","58,09,54,522.05","21,028","4,18,919",55.38
TATACONSUM,EQ,2022-11-16,772.75,772.75,774.2,764.8,770.0,769.55,767.31,"10,71,710","82,23,37,913.50","24,297","6,15,042",57.39
TATACONSUM,EQ,2022-11-17,769.55,766.0,789.45,766.0,784.5,786.0,784.11,"29,44,879","2,30,91,07,427.95","74,382","8,72,340",29.62
TATACONSUM,EQ,2022-11-18,786.0,789.35,793.0,769.25,777.0,775.7,781.02,"14,17,103","1,10,67,90,895.50","39,877","2,86,671",20.23
TATACONSUM,EQ,2022-11-21,775.7,774.3,775.45,762.3,770.4,770.95,769.1,"7,60,664","58,50,25,928.80","24,820","2,52,680",33.22
TATACONSUM,EQ,2022-11-22,770.95,771.0,776.9,766.2,772.0,771.3,772.42,"8,68,523","67,08,62,909.85","26,170","4,30,173",49.53
TATACONSUM,EQ,2022-11-23,771.3,773.1,776.0,765.0,771.0,770.15,770.04,"8,75,779","67,43,81,245.35","22,040","4,75,369",54.28
TATACONSUM,EQ,2022-11-24,770.15,787.85,795.0,781.25,793.2,792.75,789.21,"62,11,909","4,90,24,74,362.90","94,677","13,49,563",21.73
TATACONSUM,EQ,2022-11-25,792.75,798.75,799.5,780.0,788.4,789.15,788.39,"23,85,612","1,88,08,04,103.10","46,263","9,35,247",39.2
TATACONSUM,EQ,2022-11-28,789.15,789.0,808.9,785.0,804.0,804.3,798.96,"20,43,706","1,63,28,42,936.40","45,194","9,64,716",47.2
TATACONSUM,EQ,2022-11-29,804.3,804.95,811.9,803.05,804.8,805.05,807.5,"12,78,339","1,03,22,59,772.30","38,851","4,52,493",35.4
TATACONSUM,EQ,2022-11-30,805.05,805.05,821.95,804.25,816.0,818.05,815.49,"33,90,682","2,76,50,72,327.75","49,628","20,38,271",60.11
TATACONSUM,EQ,2022-12-01,818.05,821.9,821.9,810.15,811.05,813.2,813.9,"9,66,282","78,64,55,913.95","29,759","4,21,462",43.62
TATACONSUM,EQ,2022-12-02,813.2,810.0,812.5,792.2,795.05,795.55,799.11,"28,82,169","2,30,31,82,417.00","47,166","18,58,191",64.47
TATACONSUM,EQ,2022-12-05,795.55,795.55,803.0,788.6,799.0,800.5,796.84,"15,40,201","1,22,72,98,316.65","36,748","7,57,380",49.17
TATACONSUM,EQ,2022-12-06,800.5,800.0,800.0,793.55,798.95,797.65,796.69,"8,26,214","65,82,38,972.60","22,794","3,50,015",42.36
TATACONSUM,EQ,2022-12-07,797.65,799.9,806.5,797.05,799.0,799.35,801.39,"20,20,441","1,61,91,66,079.60","38,629","10,87,126",53.81
TATACONSUM,EQ,2022-12-08,799.35,800.55,807.95,796.5,803.2,804.2,804.03,"8,05,216","64,74,14,366.35","26,232","3,87,485",48.12
TATACONSUM,EQ,2022-12-09,804.2,804.2,809.9,801.0,802.0,803.3,805.93,"10,80,966","87,11,85,473.70","33,000","4,87,498",45.1
TATACONSUM,EQ,2022-12-12,803.3,803.0,813.0,799.2,811.15,810.05,807.11,"9,48,219","76,53,18,959.95","36,433","5,68,786",59.98
TATACONSUM,EQ,2022-12-13,810.05,812.0,814.45,804.7,806.8,807.6,810.09,"12,24,742","99,21,57,231.80","36,060","7,85,915",64.17
TATACONSUM,EQ,2022-12-14,807.6,808.4,817.0,807.35,813.1,815.45,812.6,"9,71,275","78,92,53,255.55","30,384","6,01,230",61.9
TATACONSUM,EQ,2022-12-15,815.45,815.4,815.45,802.05,803.0,804.9,806.9,"7,83,051","63,18,45,876.55","32,265","4,48,606",57.29
TATACONSUM,EQ,2022-12-16,804.9,803.3,804.95,795.0,802.55,801.55,801.22,"8,49,333","68,05,01,342.05","29,839","4,29,012",50.51
TATACONSUM,EQ,2022-12-19,801.55,801.15,810.0,798.45,807.05,808.85,804.69,"11,20,217","90,14,31,575.30","38,718","6,10,364",54.49
TATACONSUM,EQ,2022-12-20,808.85,808.5,809.95,800.1,807.7,808.3,804.75,"6,77,159","54,49,46,893.05","21,725","3,85,159",56.88
TATACONSUM,EQ,2022-12-21,808.3,809.0,811.9,801.0,802.6,802.6,806.27,"8,11,513","65,43,02,487.90","30,312","3,96,368",48.84
TATACONSUM,EQ,2022-12-22,802.6,802.75,809.0,787.0,797.15,798.65,796.64,"10,17,965","81,09,49,218.50","31,667","4,83,476",47.49
TATACONSUM,EQ,2022-12-23,798.65,793.05,797.9,775.8,780.15,779.0,784.37,"12,16,647","95,42,95,402.45","51,177","6,00,679",49.37
TATACONSUM,EQ,2022-12-26,779.0,779.0,783.7,773.0,775.75,775.3,776.27,"10,14,226","78,73,14,187.05","43,288","5,35,881",52.84
TATACONSUM,EQ,2022-12-27,775.3,778.8,781.0,770.6,777.7,777.85,775.42,"6,01,101","46,61,04,451.10","28,453","1,93,312",32.16
TATACONSUM,EQ,2022-12-28,777.85,778.0,782.9,773.15,780.0,780.15,778.89,"6,10,240","47,53,09,723.85","24,574","3,03,470",49.73
TATACONSUM,EQ,2022-12-29,780.15,779.0,779.0,763.1,776.05,776.1,769.32,"16,91,955","1,30,16,54,896.95","49,574","8,43,985",49.88
TATACONSUM,EQ,2022-12-30,776.1,778.0,782.3,765.0,772.0,766.95,771.88,"7,15,796","55,25,06,235.30","30,964","3,10,128",43.33
TATACONSUM,EQ,2023-01-02,766.95,769.90,771.00,758.10,762.00,762.30,762.62,"10,61,086","80,92,08,747.60","40,877","5,23,529",49.34
TATACONSUM,EQ,2023-01-03,762.30,765.00,767.90,759.10,767.60,767.15,764.17,"7,85,495","60,02,51,188.60","32,161","4,41,718",56.23
TATACONSUM,EQ,2023-01-04,767.15,767.50,767.50,759.40,761.65,762.25,762.70,"10,04,383","76,60,38,896.10","41,952","6,23,867",62.11
TATACONSUM,EQ,2023-01-05,762.25,762.00,781.00,760.10,764.00,763.85,767.85,"31,98,519","2,45,59,83,504.45","65,444","16,13,834",50.46
TATACONSUM,EQ,2023-01-06,763.85,763.80,770.85,759.05,762.05,761.35,764.53,"6,03,050","46,10,50,439.05","27,177","2,45,273",40.67
TATACONSUM,EQ,2023-01-09,761.35,765.20,768.80,761.10,767.50,766.95,765.02,"7,29,173","55,78,31,834.70","40,496","3,82,804",52.5
TATACONSUM,EQ,2023-01-10,766.95,766.95,772.80,764.55,769.40,769.25,768.74,"8,73,061","67,11,56,224.70","31,979","4,18,748",47.96
TATACONSUM,EQ,2023-01-11,769.25,772.00,772.75,755.50,758.95,759.30,761.85,"6,88,374","52,44,35,652.65","36,401","3,58,020",52.01
TATACONSUM,EQ,2023-01-12,759.30,760.00,763.85,752.00,754.00,754.25,755.37,"7,63,021","57,63,61,319.00","35,974","4,22,827",55.41
TATACONSUM,EQ,2023-01-13,754.25,755.10,757.60,750.00,752.80,752.90,753.46,"10,67,599","80,43,98,251.25","31,013","7,14,729",66.95
TATACONSUM,EQ,2023-01-16,752.90,752.10,755.00,745.10,747.40,747.25,747.96,"8,38,829","62,74,07,201.20","30,903","4,99,578",59.56
TATACONSUM,EQ,2023-01-17,747.25,744.00,752.80,741.60,751.00,750.05,746.82,"14,27,736","1,06,62,61,920.45","59,113","9,61,360",67.33
TATACONSUM,EQ,2023-01-18,750.05,750.00,752.70,746.55,751.00,750.50,750.19,"7,47,592","56,08,39,315.35","29,485","5,00,753",66.98
TATACONSUM,EQ,2023-01-19,750.50,750.20,752.75,737.60,738.00,738.50,742.14,"11,40,422","84,63,48,362.90","51,424","7,48,885",65.67
TATACONSUM,EQ,2023-01-20,738.50,738.00,742.90,736.00,738.50,738.45,739.42,"8,78,832","64,98,29,572.10","32,499","4,92,943",56.09
TATACONSUM,EQ,2023-01-23,738.45,739.15,743.90,734.00,742.10,742.45,739.61,"6,82,160","50,45,31,384.35","30,232","3,25,370",47.7
TATACONSUM,EQ,2023-01-24,742.45,743.85,749.50,740.00,740.55,740.90,743.57,"6,53,737","48,60,97,075.55","37,249","3,60,463",55.14
TATACONSUM,EQ,2023-01-25,740.90,740.35,742.50,731.20,739.00,740.05,735.66,"8,68,627","63,90,17,851.85","36,222","4,93,864",56.86
TATACONSUM,EQ,2023-01-27,740.05,740.05,745.90,725.70,736.00,735.25,734.18,"7,72,860","56,74,21,026.35","40,748","3,45,903",44.76
TATACONSUM,EQ,2023-01-30,735.25,736.00,740.35,727.55,736.55,735.65,735.21,"12,95,677","95,25,89,693.05","55,649","8,65,291",66.78
TATACONSUM,EQ,2023-01-31,735.65,736.00,739.40,725.05,730.00,729.50,729.70,"21,89,899","1,59,79,65,164.60","1,12,108","16,04,812",73.28
TATACONSUM,EQ,2023-02-01,729.50,737.25,748.40,731.25,739.10,740.80,740.45,"9,33,031","69,08,65,795.25","40,464","3,59,332",38.51
TATACONSUM,EQ,2023-02-02,740.80,738.80,742.75,732.80,737.00,737.15,737.67,"7,04,702","51,98,36,142.80","35,827","3,12,866",44.4
TATACONSUM,EQ,2023-02-03,737.15,737.15,741.00,720.45,725.00,726.60,727.19,"17,52,697","1,27,45,40,219.35","77,624","9,01,834",51.45
TATACONSUM,EQ,2023-02-06,726.60,728.40,732.50,721.00,730.00,729.75,728.11,"8,52,170","62,04,70,746.95","33,527","3,62,752",42.57
TATACONSUM,EQ,2023-02-07,729.75,731.80,734.95,722.00,727.40,728.20,727.86,"12,44,247","90,56,40,526.15","43,971","4,23,800",34.06
TATACONSUM,EQ,2023-02-08,728.20,731.85,731.85,721.10,724.00,724.40,723.30,"15,21,104","1,10,02,19,211.90","35,900","9,24,466",60.78
TATACONSUM,EQ,2023-02-09,724.40,724.50,726.35,720.80,722.00,721.95,722.59,"6,88,243","49,73,19,276.15","33,658","3,85,555",56.02
TATACONSUM,EQ,2023-02-10,721.95,722.00,728.00,719.15,726.50,726.60,724.39,"6,51,630","47,20,35,942.50","34,263","3,03,294",46.54
TATACONSUM,EQ,2023-02-13,726.60,726.60,729.50,716.00,717.80,717.80,721.39,"5,99,763","43,26,60,060.85","33,943","2,87,031",47.86
TATACONSUM,EQ,2023-02-14,717.80,718.00,723.75,715.00,721.05,721.00,720.07,"5,63,171","40,55,20,541.80","32,104","2,74,025",48.66
TATACONSUM,EQ,2023-02-15,721.00,721.05,729.80,717.20,729.00,728.10,722.54,"7,27,403","52,55,76,721.60","29,217","4,06,865",55.93
TATACONSUM,EQ,2023-02-16,728.10,732.20,735.50,728.10,733.75,732.60,732.11,"8,37,121","61,28,63,391.50","42,932","4,58,852",54.81
TATACONSUM,EQ,2023-02-17,732.60,731.20,734.80,724.15,725.00,726.25,729.34,"6,24,402","45,54,01,126.85","19,656","3,53,157",56.56
TATACONSUM,EQ,2023-02-20,726.25,726.95,729.45,718.60,722.00,721.80,720.71,"13,16,763","94,89,97,739.60","33,996","9,20,995",69.94
TATACONSUM,EQ,2023-02-21,721.80,725.45,730.00,722.05,726.30,726.20,726.17,"6,73,449","48,90,35,230.75","27,255","3,06,659",45.54
TATACONSUM,EQ,2023-02-22,726.20,726.00,734.00,719.85,722.90,721.45,724.26,"16,90,647","1,22,44,63,547.95","47,937","7,90,797",46.77
TATACONSUM,EQ,2023-02-23,721.45,722.95,724.95,715.00,715.50,716.10,717.93,"11,65,270","83,65,86,051.85","35,840","6,91,744",59.36
TATACONSUM,EQ,2023-02-24,716.10,717.00,721.35,713.60,717.00,716.15,716.65,"10,40,351","74,55,70,894.65","29,640","5,90,776",56.79
TATACONSUM,EQ,2023-02-27,716.15,720.00,720.50,700.00,711.85,710.30,707.41,"10,64,436","75,29,96,678.35","38,917","4,82,162",45.3
TATACONSUM,EQ,2023-02-28,710.30,712.00,717.75,705.55,715.95,715.30,713.93,"23,95,442","1,71,01,78,090.00","30,572","18,41,080",76.86
TATACONSUM,EQ,2023-03-01,715.30,712.95,716.90,709.55,716.90,715.25,714.00,"9,91,540","70,79,57,679.80","28,710","6,09,645",61.48
TATACONSUM,EQ,2023-03-02,715.25,716.85,718.35,705.85,707.00,707.35,711.54,"9,69,963","69,01,64,163.65","29,991","5,76,648",59.45
TATACONSUM,EQ,2023-03-03,707.35,709.00,713.25,706.20,709.05,709.85,709.24,"8,73,264","61,93,55,389.55","34,941","4,44,594",50.91
TATACONSUM,EQ,2023-03-06,709.85,713.00,718.75,709.95,714.00,713.60,715.33,"7,39,338","52,88,69,428.00","27,465","4,51,268",61.04
TATACONSUM,EQ,2023-03-08,713.60,713.00,723.20,710.80,719.85,720.50,718.46,"10,26,628","73,75,88,726.75","35,571","4,80,580",46.81
TATACONSUM,EQ,2023-03-09,720.50,722.85,722.85,708.10,710.75,709.25,714.41,"9,05,544","64,69,26,105.05","27,396","5,33,729",58.94
TATACONSUM,EQ,2023-03-10,709.25,707.00,710.20,701.35,705.10,704.40,705.77,"9,70,983","68,52,91,589.70","34,171","5,94,188",61.19
TATACONSUM,EQ,2023-03-13,704.40,705.00,707.30,691.75,695.70,694.15,698.08,"11,58,330","80,86,12,415.75","49,727","6,92,572",59.79
TATACONSUM,EQ,2023-03-14,694.15,696.00,700.00,689.45,693.95,693.30,694.88,"15,01,579","1,04,34,11,950.15","46,084","9,76,269",65.02
TATACONSUM,EQ,2023-03-15,693.30,696.00,699.95,686.60,689.80,687.55,692.33,"11,19,482","77,50,46,475.10","49,390","7,19,496",64.27
TATACONSUM,EQ,2023-03-16,687.55,689.00,696.45,689.00,694.15,694.00,693.66,"9,74,834","67,62,00,509.50","42,439","5,02,550",51.55
TATACONSUM,EQ,2023-03-17,694.00,698.00,708.65,694.40,708.00,706.20,704.68,"21,11,478","1,48,79,26,373.05","34,574","14,31,658",67.8
TATACONSUM,EQ,2023-03-20,706.20,691.00,706.75,691.00,703.45,702.60,697.72,"10,18,438","71,05,88,687.90","38,046","4,63,362",45.5
TATACONSUM,EQ,2023-03-21,702.60,704.10,706.00,700.00,701.00,700.90,702.70,"7,21,243","50,68,18,051.15","29,285","3,97,041",55.05
TATACONSUM,EQ,2023-03-22,700.90,701.00,716.20,701.00,711.55,710.90,711.09,"7,76,214","55,19,60,843.85","25,992","2,12,112",27.33
TATACONSUM,EQ,2023-03-23,710.90,711.55,713.95,705.80,706.50,707.15,709.67,"5,87,643","41,70,31,540.85","27,442","3,21,164",54.65
TATACONSUM,EQ,2023-03-24,707.15,707.00,709.70,698.85,701.10,702.35,703.36,"9,60,470","67,55,56,293.65","30,789","4,66,163",48.53
TATACONSUM,EQ,2023-03-27,702.35,706.90,707.40,697.20,697.45,699.35,705.43,"36,95,292","2,60,67,76,976.20","32,804","30,40,085",82.27
TATACONSUM,EQ,2023-03-28,699.35,690.00,699.65,690.00,696.00,696.05,696.35,"11,13,702","77,55,27,738.05","31,594","6,82,243",61.26
TATACONSUM,EQ,2023-03-29,696.05,696.05,703.00,694.80,698.00,697.55,698.82,"11,60,832","81,12,09,026.45","45,247","7,37,943",63.57
TATACONSUM,EQ,2023-03-31,697.55,700.15,711.00,698.55,711.00,708.85,707.58,"9,72,962","68,84,44,255.20","25,636","6,25,533",64.29
TATACONSUM,EQ,2023-04-03,708.85,710.00,718.50,709.30,716.95,717.05,714.89,"7,97,533","57,01,50,795.15","28,954","3,71,898",46.63
TATACONSUM,EQ,2023-04-05,717.05,717.00,728.40,715.00,727.65,727.40,723.95,"9,47,741","68,61,16,972.00","31,510","3,79,296",40.02
TATACONSUM,EQ,2023-04-06,727.40,727.30,731.45,722.50,730.00,730.50,728.22,"7,38,748","53,79,71,640.80","27,344","4,05,324",54.87
TATACONSUM,EQ,2023-04-10,730.50,727.00,730.65,720.00,721.80,720.65,722.70,"9,16,628","66,24,45,680.05","25,035","5,37,423",58.63
TATACONSUM,EQ,2023-04-11,720.65,725.95,725.95,715.70,718.00,717.30,718.53,"7,76,167","55,76,97,671.75","33,547","4,80,029",61.85
TATACONSUM,EQ,2023-04-12,717.30,720.90,723.60,716.35,719.15,718.40,718.89,"7,02,063","50,47,03,087.75","27,052","3,41,368",48.62
TATACONSUM,EQ,2023-04-13,718.40,722.00,723.70,717.65,718.00,719.60,720.31,"5,02,380","36,18,69,878.90","28,932","2,32,304",46.24
TATACONSUM,EQ,2023-04-17,719.60,717.00,719.25,711.50,713.60,713.20,714.32,"11,80,651","84,33,64,866.90","29,572","7,22,143",61.16
TATACONSUM,EQ,2023-04-18,713.20,716.20,719.90,706.70,707.45,707.05,710.59,"13,23,608","94,05,48,128.85","44,731","9,76,980",73.81
TATACONSUM,EQ,2023-04-19,707.05,708.00,708.90,698.25,701.00,700.85,700.86,"12,35,220","86,57,19,112.50","37,187","7,01,371",56.78
TATACONSUM,EQ,2023-04-20,700.85,699.00,704.40,696.45,703.00,703.40,700.51,"12,63,116","88,48,28,930.70","57,731","8,44,864",66.89
TATACONSUM,EQ,2023-04-21,703.40,703.40,705.00,697.00,700.90,700.40,699.91,"9,66,029","67,61,35,184.10","34,792","6,04,478",62.57
TATACONSUM,EQ,2023-04-24,700.40,706.00,735.00,706.00,734.50,732.55,725.14,"60,09,290","4,35,75,89,617.25","89,170","23,81,251",39.63
TATACONSUM,EQ,2023-04-25,732.55,736.00,738.00,728.35,734.95,734.45,733.08,"17,83,879","1,30,77,33,419.45","44,960","6,79,131",38.07
TATACONSUM,EQ,2023-04-26,734.45,733.95,749.00,724.00,745.55,746.70,737.11,"37,25,680","2,74,62,40,708.85","97,239","14,03,629",37.67
TATACONSUM,EQ,2023-04-27,746.70,743.00,755.25,742.15,754.90,754.00,750.83,"16,64,942","1,25,00,96,406.60","68,296","7,52,385",45.19
TATACONSUM,EQ,2023-04-28,754.00,758.00,765.00,751.50,761.90,763.85,760.21,"12,61,145","95,87,36,414.60","48,155","8,15,390",64.65
TATACONSUM,EQ,2023-05-02,763.85,767.95,783.05,764.95,778.00,779.60,774.77,"14,38,425","1,11,44,44,505.55","58,435","7,87,568",54.75
TATACONSUM,EQ,2023-05-03,779.60,777.90,786.85,774.70,780.00,781.40,781.22,"11,89,150","92,89,85,579.45","36,366","4,98,913",41.96
TATACONSUM,EQ,2023-05-04,781.40,773.00,782.65,768.90,776.00,775.50,775.25,"10,01,352","77,63,01,948.80","33,048","4,69,882",46.92
TATACONSUM,EQ,2023-05-05,775.50,777.90,782.20,775.00,777.00,776.25,777.69,"6,17,459","48,01,89,849.05","22,878","3,13,473",50.77
TATACONSUM,EQ,2023-05-08,776.25,776.80,789.80,776.40,786.35,788.90,785.76,"10,48,005","82,34,84,843.10","37,560","6,30,584",60.17
TATACONSUM,EQ,2023-05-09,788.90,789.65,792.20,785.00,787.30,789.00,788.89,"6,52,399","51,46,72,394.45","31,413","3,51,911",53.94
TATACONSUM,EQ,2023-05-10,789.00,789.00,792.00,784.80,791.00,791.15,789.28,"4,76,497","37,60,90,723.60","21,571","2,75,269",57.77
TATACONSUM,EQ,2023-05-11,791.15,791.15,791.50,786.00,787.50,789.45,788.44,"9,68,940","76,39,52,185.10","39,535","6,79,566",70.13
TATACONSUM,EQ,2023-05-12,789.45,788.00,795.25,784.80,787.80,789.05,789.31,"7,47,655","59,01,34,983.45","24,387","4,57,136",61.14
TATACONSUM,EQ,2023-05-15,789.05,789.00,791.40,784.20,787.00,786.95,787.96,"8,03,643","63,32,40,876.05","30,489","3,21,079",39.95
TATACONSUM,EQ,2023-05-16,786.95,787.50,789.70,784.80,787.00,786.25,786.93,"6,58,173","51,79,37,972.90","26,934","3,75,617",57.07
TATACONSUM,EQ,2023-05-17,786.25,786.25,786.60,772.85,779.65,778.25,777.85,"9,07,649","70,60,18,968.10","29,646","4,95,404",54.58
TATACONSUM,EQ,2023-05-18,778.25,783.40,786.00,775.00,776.45,776.30,780.23,"10,04,449","78,37,02,172.75","23,367","5,79,206",57.66
TATACONSUM,EQ,2023-05-19,776.30,771.90,771.90,756.45,765.75,765.45,762.90,"12,33,831","94,12,93,601.00","33,389","6,73,320",54.57
TATACONSUM,EQ,2023-05-22,765.45,765.45,768.00,760.20,767.10,766.10,764.75,"5,48,104","41,91,63,034.95","22,466","2,52,671",46.1
TATACONSUM,EQ,2023-05-23,766.10,766.05,771.55,762.05,770.00,770.05,768.44,"8,26,476","63,50,96,694.90","25,321","4,30,657",52.11
TATACONSUM,EQ,2023-05-24,770.05,767.40,774.60,765.55,771.00,771.15,770.75,"8,61,728","66,41,79,457.20","27,294","3,40,768",39.54
TATACONSUM,EQ,2023-05-25,771.15,765.05,782.45,765.05,780.95,780.30,777.91,"9,80,266","76,25,62,342.35","40,587","3,52,830",35.99
TATACONSUM,EQ,2023-05-26,780.30,784.00,791.00,781.15,790.95,789.70,788.11,"9,61,268","75,75,83,631.20","36,063","4,75,495",49.47
TATACONSUM,EQ,2023-05-29,789.70,791.00,797.00,790.25,792.75,794.25,793.64,"11,71,159","92,94,72,795.90","35,182","5,19,766",44.38
TATACONSUM,EQ,2023-05-30,794.25,792.55,797.00,788.25,789.65,790.90,791.66,"6,01,270","47,60,02,604.85","27,891","3,06,043",50.9
TATACONSUM,EQ,2023-05-31,790.90,787.05,800.00,787.05,795.95,798.65,797.60,"22,01,928","1,75,62,51,014.20","39,757","17,09,539",77.64
TATACONSUM,EQ,2023-06-01,798.65,798.90,801.45,789.35,792.00,793.65,797.50,"7,03,293","56,08,79,301.45","32,810","4,15,785",59.12
TATACONSUM,EQ,2023-06-02,793.65,795.50,799.85,793.00,795.00,796.05,796.57,"6,97,200","55,53,72,028.65","35,520","4,16,150",59.69
TATACONSUM,EQ,2023-06-05,796.05,796.95,800.45,790.60,792.00,792.45,795.15,"7,74,985","61,62,32,218.60","33,825","4,11,361",53.08
TATACONSUM,EQ,2023-06-06,792.45,792.95,795.95,784.45,792.50,792.10,790.05,"7,44,002","58,78,01,631.05","43,099","4,44,776",59.78
TATACONSUM,EQ,2023-06-07,792.10,794.00,824.00,791.50,822.90,823.10,814.78,"39,71,089","3,23,55,44,880.35","1,01,728","18,41,979",46.38
TATACONSUM,EQ,2023-06-08,823.10,824.80,824.80,805.20,806.05,807.10,814.49,"11,17,198","90,99,46,488.55","43,994","5,85,749",52.43
TATACONSUM,EQ,2023-06-09,807.10,810.70,811.85,799.00,801.00,801.00,805.11,"8,35,145","67,23,86,392.30","31,093","5,21,748",62.47
TATACONSUM,EQ,2023-06-12,801.00,802.95,807.85,799.35,801.85,800.75,801.70,"31,68,760","2,54,03,96,060.10","33,080","28,05,090",88.52
TATACONSUM,EQ,2023-06-13,800.75,802.35,821.10,802.35,819.50,819.90,814.45,"26,97,513","2,19,69,94,741.75","43,397","17,62,164",65.33
TATACONSUM,EQ,2023-06-14,819.90,822.80,865.00,816.00,862.25,862.50,854.38,"76,52,583","6,53,81,78,724.55","1,99,993","21,79,578",28.48
TATACONSUM,EQ,2023-06-15,862.50,864.00,872.40,856.00,863.05,865.00,864.61,"31,06,263","2,68,56,90,772.95","75,850","9,84,788",31.7
TATACONSUM,EQ,2023-06-16,865.00,868.00,870.45,852.05,863.00,862.75,862.10,"17,54,715","1,51,27,31,377.25","49,430","7,59,012",43.26
TATACONSUM,EQ,2023-06-19,862.75,866.45,870.00,854.85,856.50,857.00,861.56,"13,08,412","1,12,72,70,305.20","41,264","6,24,286",47.71
TATACONSUM,EQ,2023-06-20,857.00,857.00,867.00,847.30,859.60,858.90,855.82,"11,78,858","1,00,88,89,502.55","39,200","5,75,552",48.82
TATACONSUM,EQ,2023-06-21,858.90,859.00,877.20,853.05,858.95,860.15,864.57,"14,39,299","1,24,43,80,041.75","50,208","4,86,201",33.78
TATACONSUM,EQ,2023-06-22,860.15,862.00,862.00,840.60,842.00,841.90,847.55,"9,88,651","83,79,27,616.65","44,670","3,82,901",38.73
TATACONSUM,EQ,2023-06-23,841.90,842.00,846.20,831.65,842.70,840.85,840.92,"8,06,171","67,79,27,700.00","32,388","2,69,841",33.47
TATACONSUM,EQ,2023-06-26,840.85,854.00,866.00,847.85,861.90,862.55,860.23,"30,22,935","2,60,04,19,938.50","71,480","6,35,094",21.01
TATACONSUM,EQ,2023-06-27,862.55,863.95,868.10,852.60,853.90,854.20,858.59,"11,31,450","97,14,46,318.80","34,607","4,68,634",41.42
TATACONSUM,EQ,2023-06-28,854.20,854.50,860.00,851.00,857.00,854.95,856.23,"9,14,411","78,29,42,220.00","35,499","4,50,363",49.25
TATACONSUM,EQ,2023-06-30,854.95,850.05,863.55,850.05,860.20,860.90,858.10,"13,94,632","1,19,67,35,464.35","51,478","7,87,920",56.5
TATACONSUM,EQ,2023-07-03,860.90,866.95,866.95,856.45,858.95,858.85,859.75,"12,26,135","1,05,41,68,873.90","45,466","7,36,020",60.03
TATACONSUM,EQ,2023-07-04,858.85,858.65,861.70,852.20,855.90,855.55,856.17,"7,59,030","64,98,59,830.35","37,448","4,76,852",62.82
TATACONSUM,EQ,2023-07-05,855.55,859.00,861.25,841.15,846.45,845.90,847.13,"25,37,154","2,14,92,94,330.85","50,953","16,44,791",64.83
TATACONSUM,EQ,2023-07-06,845.90,845.90,847.55,841.40,845.25,845.05,844.91,"23,63,769","1,99,71,83,741.90","54,797","16,66,386",70.5
TATACONSUM,EQ,2023-07-07,845.05,845.05,852.50,831.80,834.00,833.25,842.86,"18,11,594","1,52,69,22,792.55","59,191","8,46,901",46.75
TATACONSUM,EQ,2023-07-10,833.25,841.50,841.50,822.00,827.00,825.65,827.56,"11,77,214","97,42,11,436.75","30,515","7,00,540",59.51
TATACONSUM,EQ,2023-07-11,825.65,826.00,843.00,825.75,842.50,840.30,834.86,"21,67,322","1,80,94,08,297.25","47,927","14,83,933",68.47
TATACONSUM,EQ,2023-07-12,840.30,844.95,847.80,838.80,842.90,843.25,844.08,"14,35,731","1,21,18,65,447.30","46,405","9,37,888",65.32
TATACONSUM,EQ,2023-07-13,843.25,847.00,849.00,835.20,837.00,837.35,842.65,"9,85,928","83,07,96,132.10","33,034","4,97,955",50.51
TATACONSUM,EQ,2023-07-14,837.35,838.95,852.75,833.60,852.00,851.50,845.61,"17,05,168","1,44,19,04,555.10","42,160","10,11,276",59.31
TATACONSUM,EQ,2023-07-17,851.50,855.10,860.70,849.35,851.00,852.60,853.68,"12,00,820","1,02,51,19,845.80","42,060","6,33,908",52.79
TATACONSUM,EQ,2023-07-18,852.60,854.20,863.00,848.45,859.00,858.70,855.77,"14,12,514","1,20,87,81,305.95","41,562","8,97,958",63.57
TATACONSUM,EQ,2023-07-19,858.70,864.95,864.95,854.40,859.00,860.45,859.90,"9,52,601","81,91,43,264.95","36,896","5,36,292",56.3
TATACONSUM,EQ,2023-07-20,860.45,860.00,875.00,854.55,875.00,873.10,867.29,"13,81,298","1,19,79,89,324.25","64,984","6,79,710",49.21
TATACONSUM,EQ,2023-07-21,873.10,873.70,876.40,849.60,852.90,852.35,861.91,"12,30,534","1,06,06,05,008.10","46,009","5,77,078",46.9
TATACONSUM,EQ,2023-07-24,852.35,854.00,867.00,848.90,860.20,863.10,860.58,"11,49,904","98,95,84,683.50","32,777","5,55,332",48.29
TATACONSUM,EQ,2023-07-25,863.10,863.10,869.50,856.00,869.00,868.55,864.06,"8,73,678","75,49,05,964.35","36,427","4,58,308",52.46
TATACONSUM,EQ,2023-07-26,868.55,873.95,883.95,869.55,870.10,873.90,876.30,"19,40,116","1,70,01,19,245.05","78,581","6,96,065",35.88
TATACONSUM,EQ,2023-07-27,873.90,875.95,880.00,847.70,850.20,850.05,856.80,"32,03,072","2,74,43,95,602.35","80,739","16,98,173",53.02
TATACONSUM,EQ,2023-07-28,850.05,854.25,860.40,842.00,859.40,859.35,856.61,"23,65,708","2,02,64,96,234.90","44,613","14,93,585",63.13
TATACONSUM,EQ,2023-07-31,859.35,859.35,860.85,852.50,859.00,859.30,858.27,"14,54,789","1,24,85,98,781.35","45,453","10,00,212",68.75
TATACONSUM,EQ,2023-08-01,859.30,861.90,863.30,853.10,857.00,856.75,857.53,"9,87,812","84,70,80,219.65","44,159","6,12,898",62.05
TATACONSUM,EQ,2023-08-02,856.75,855.00,855.00,838.20,840.80,843.05,842.78,"16,04,731","1,35,24,39,859.50","48,837","9,70,486",60.48
TATACONSUM,EQ,2023-08-03,843.05,840.00,841.65,832.55,834.90,835.40,837.71,"13,75,222","1,15,20,37,475.05","44,649","7,85,721",57.13
TATACONSUM,EQ,2023-08-04,835.40,837.05,841.60,832.30,834.00,834.80,835.09,"8,87,582","74,12,08,315.20","30,907","5,77,837",65.1
TATACONSUM,EQ,2023-08-07,834.80,836.95,840.65,829.50,835.30,837.80,835.85,"11,06,208","92,46,27,826.90","39,736","7,80,512",70.56
TATACONSUM,EQ,2023-08-08,837.80,839.00,853.10,833.75,846.00,847.45,842.80,"12,52,297","1,05,54,37,231.25","40,626","7,23,842",57.8
TATACONSUM,EQ,2023-08-09,847.45,851.00,862.45,847.65,860.85,860.20,854.13,"17,04,615","1,45,59,68,178.85","38,792","11,22,414",65.85
TATACONSUM,EQ,2023-08-10,860.20,861.15,863.20,848.00,850.70,850.55,852.62,"9,41,390","80,26,47,774.20","34,575","4,70,321",49.96
TATACONSUM,EQ,2023-08-11,850.55,849.70,853.85,835.00,835.80,836.90,840.05,"9,09,080","76,36,74,939.80","31,864","5,42,667",59.69
TATACONSUM,EQ,2023-08-14,836.90,838.85,845.90,829.65,845.00,844.70,840.85,"7,54,694","63,45,80,827.45","32,827","4,25,291",56.35
TATACONSUM,EQ,2023-08-16,844.70,840.90,843.45,836.80,838.00,840.70,840.15,"3,60,863","30,31,78,743.30","14,680","1,48,076",41.03
TATACONSUM,EQ,2023-08-17,840.70,835.00,845.95,835.00,844.90,844.25,841.71,"11,05,325","93,03,64,637.35","51,743","7,63,217",69.05
TATACONSUM,EQ,2023-08-18,844.25,845.00,848.95,835.50,843.40,842.55,843.26,"11,45,798","96,62,01,450.75","38,556","6,77,220",59.1
TATACONSUM,EQ,2023-08-21,842.55,846.00,849.40,840.80,847.05,848.50,846.19,"6,80,778","57,60,70,617.10","25,781","4,24,065",62.29
TATACONSUM,EQ,2023-08-22,848.50,847.00,851.55,844.00,846.50,848.80,849.15,"7,82,931","66,48,22,092.40","34,701","4,58,289",58.54
TATACONSUM,EQ,2023-08-23,848.80,848.00,848.00,840.35,844.00,844.55,843.94,"5,16,482","43,58,80,973.90","24,957","2,94,674",57.05
TATACONSUM,EQ,2023-08-24,844.55,845.00,854.80,842.10,845.00,844.20,847.26,"14,82,572","1,25,61,26,302.25","33,702","10,18,670",68.71
TATACONSUM,EQ,2023-08-25,844.20,840.00,846.15,830.15,831.00,832.55,836.20,"11,49,261","96,10,08,108.00","29,831","8,23,941",71.69
TATACONSUM,EQ,2023-08-28,832.55,832.50,842.95,828.25,840.00,841.80,837.08,"6,49,996","54,40,99,213.45","36,459","3,12,369",48.06
TATACONSUM,EQ,2023-08-29,841.80,841.00,843.95,836.00,837.90,838.25,838.92,"6,06,053","50,84,29,388.55","25,215","2,94,663",48.62
TATACONSUM,EQ,2023-08-30,838.25,841.00,849.30,838.70,848.00,848.35,846.21,"6,04,884","51,18,56,983.30","24,450","2,68,655",44.41
TATACONSUM,EQ,2023-08-31,848.35,848.35,851.45,829.05,837.00,834.35,836.89,"20,25,392","1,69,50,38,046.00","49,577","13,16,338",64.99
TATACONSUM,EQ,2023-09-01,834.35,833.00,847.40,833.00,843.35,844.15,842.70,"6,61,741","55,76,49,158.85","36,286","2,83,916",42.9
TATACONSUM,EQ,2023-09-04,844.15,844.00,849.00,837.00,843.30,846.05,843.01,"7,05,024","59,43,45,390.70","29,092","3,60,476",51.13
TATACONSUM,EQ,2023-09-05,846.05,847.00,852.40,843.05,847.00,846.30,847.59,"7,45,626","63,19,83,010.10","29,982","3,85,475",51.7
TATACONSUM,EQ,2023-09-06,846.30,845.80,883.00,845.50,881.05,878.90,868.21,"36,18,782","3,14,18,79,702.85","94,086","13,94,454",38.53
TATACONSUM,EQ,2023-09-07,878.90,865.70,866.95,854.00,858.95,858.70,858.74,"34,58,930","2,97,03,27,828.30","76,712","12,21,523",35.32
TATACONSUM,EQ,2023-09-08,858.70,864.00,864.85,851.75,853.30,853.10,855.86,"9,01,217","77,13,14,235.15","29,341","4,40,376",48.86
TATACONSUM,EQ,2023-09-11,853.10,855.50,864.95,854.75,863.00,862.60,860.96,"10,39,583","89,50,37,072.70","46,295","6,02,239",57.93
TATACONSUM,EQ,2023-09-12,862.60,867.00,874.00,856.00,863.45,864.75,865.27,"17,95,152","1,55,32,99,626.85","61,982","8,35,119",46.52
TATACONSUM,EQ,2023-09-13,864.75,862.00,891.25,860.15,890.00,889.30,879.65,"28,12,359","2,47,38,89,866.00","69,388","13,24,763",47.11
TATACONSUM,EQ,2023-09-14,889.30,895.00,897.70,881.00,883.10,884.55,886.54,"22,05,160","1,95,49,56,492.90","73,555","10,67,973",48.43
TATACONSUM,EQ,2023-09-15,884.55,887.55,889.75,873.50,876.45,875.90,877.34,"11,04,866","96,93,48,131.95","42,144","5,53,509",50.1
TATACONSUM,EQ,2023-09-18,875.90,883.00,885.95,875.90,879.00,880.95,881.52,"10,84,407","95,59,31,619.35","34,214","5,57,950",51.45
TATACONSUM,EQ,2023-09-20,880.95,880.80,880.90,865.00,868.50,869.70,870.63,"9,24,868","80,52,21,565.05","36,785","4,28,733",46.36
TATACONSUM,EQ,2023-09-21,869.70,869.00,874.00,861.20,870.10,871.00,869.50,"11,65,593","1,01,34,78,894.35","65,458","4,32,969",37.15
TATACONSUM,EQ,2023-09-22,871.00,871.00,889.85,870.05,877.00,877.75,879.44,"15,18,828","1,33,57,23,670.50","51,025","6,56,324",43.21
TATACONSUM,EQ,2023-09-25,877.75,881.95,905.60,870.55,905.60,900.60,892.27,"27,00,627","2,40,96,95,697.95","81,137","13,10,489",48.53
TATACONSUM,EQ,2023-09-26,900.60,907.60,909.90,891.50,893.00,895.20,901.55,"20,64,298","1,86,10,59,864.00","62,927","10,42,473",50.5
TATACONSUM,EQ,2023-09-27,895.20,899.00,904.00,886.90,890.95,888.85,891.92,"12,33,749","1,10,04,01,769.15","37,485","5,11,255",41.44
TATACONSUM,EQ,2023-09-28,888.85,894.80,896.00,870.10,880.00,876.50,880.81,"18,01,983","1,58,72,07,333.00","55,298","7,91,120",43.9
TATACONSUM,EQ,2023-09-29,876.50,885.90,885.90,873.70,877.50,876.90,878.73,"8,17,204","71,80,97,801.20","35,059","3,97,695",48.67
TATACONSUM,EQ,2023-10-03,876.90,870.00,879.55,864.10,873.85,871.90,871.55,"11,83,376","1,03,13,74,310.90","46,356","6,09,756",51.53
TATACONSUM,EQ,2023-10-04,871.90,867.00,869.85,855.00,865.00,864.75,863.56,"6,23,081","53,80,69,519.35","39,540","3,03,388",48.69
TATACONSUM,EQ,2023-10-05,864.75,866.05,869.25,857.50,861.70,860.20,861.69,"7,49,977","64,62,44,712.95","50,800","3,31,744",44.23
TATACONSUM,EQ,2023-10-06,860.20,861.00,877.50,861.00,874.45,874.75,872.73,"9,60,117","83,79,24,099.45","42,692","3,08,760",32.16
TATACONSUM,EQ,2023-10-09,874.75,868.00,883.85,866.80,879.65,880.65,877.70,"12,00,788","1,05,39,28,844.20","40,324","5,74,023",47.8
TATACONSUM,EQ,2023-10-10,880.65,885.00,892.40,881.75,888.10,888.75,888.10,"8,70,512","77,31,05,941.70","42,728","3,92,692",45.11
TATACONSUM,EQ,2023-10-11,888.75,895.00,897.20,886.20,887.00,888.40,892.67,"10,62,565","94,85,17,416.50","36,559","5,72,964",53.92
TATACONSUM,EQ,2023-10-12,888.40,888.90,894.15,883.20,892.50,892.35,890.43,"7,75,364","69,04,10,124.10","65,756","3,37,434",43.52
TATACONSUM,EQ,2023-10-13,892.35,890.25,918.00,888.85,911.50,913.35,909.59,"51,20,134","4,65,72,24,576.80","1,41,364","19,96,670",39.0
TATACONSUM,EQ,2023-10-16,913.35,917.80,917.80,906.05,909.00,908.60,912.31,"15,24,935","1,39,12,09,433.35","59,929","8,61,702",56.51
TATACONSUM,EQ,2023-10-17,908.60,912.05,928.00,905.15,907.00,907.85,919.34,"32,28,492","2,96,80,94,086.35","79,088","16,66,021",51.6
TATACONSUM,EQ,2023-10-18,907.85,912.45,915.00,892.10,895.25,895.70,899.24,"12,18,914","1,09,60,99,247.90","67,788","5,58,106",45.79
TATACONSUM,EQ,2023-10-19,895.70,896.00,900.40,879.05,895.00,895.40,890.24,"14,30,475","1,27,34,59,505.75","79,724","5,41,674",37.87
TATACONSUM,EQ,2023-10-20,895.40,891.95,901.80,888.65,899.95,898.95,894.95,"22,95,312","2,05,41,78,356.75","69,635","17,16,781",74.8
TATACONSUM,EQ,2023-10-23,898.95,898.75,906.05,880.25,881.80,883.10,892.78,"9,73,113","86,87,76,344.30","49,066","4,76,735",48.99
TATACONSUM,EQ,2023-10-25,883.10,883.30,894.45,882.35,889.05,890.00,888.92,"15,31,972","1,36,17,95,532.50","61,781","8,74,083",57.06
TATACONSUM,EQ,2023-10-26,890.00,883.25,886.95,872.00,878.00,880.35,880.14,"19,66,650","1,73,09,28,634.55","86,324","10,18,152",51.77
TATACONSUM,EQ,2023-10-27,880.35,880.00,894.50,876.00,890.00,891.10,889.25,"7,97,507","70,91,84,024.45","42,330","4,54,248",56.96
TATACONSUM,EQ,2023-10-30,891.10,886.00,896.00,880.20,892.85,893.55,890.14,"11,47,541","1,02,14,73,467.00","58,630","6,73,879",58.72
TATACONSUM,EQ,2023-10-31,893.55,899.50,903.40,892.00,900.05,900.50,898.64,"10,82,510","97,27,91,612.70","42,597","6,17,757",57.07
TATACONSUM,EQ,2023-11-01,900.50,906.00,920.00,895.70,904.75,903.15,909.76,"26,78,745","2,43,70,22,939.30","82,998","12,16,299",45.41
TATACONSUM,EQ,2023-11-02,903.15,910.15,917.70,903.55,911.00,911.25,911.35,"10,82,513","98,65,49,320.60","55,170","3,92,383",36.25
TATACONSUM,EQ,2023-11-03,911.25,912.00,919.30,911.25,913.00,913.70,915.48,"9,01,911","82,56,83,324.65","43,360","5,20,865",57.75
TATACONSUM,EQ,2023-11-06,913.70,916.75,923.70,916.00,919.40,918.65,919.22,"7,42,374","68,24,06,580.45","34,320","4,37,358",58.91
TATACONSUM,EQ,2023-11-07,918.65,920.00,923.70,913.00,923.50,922.05,919.58,"8,19,721","75,37,99,048.25","52,127","5,39,776",65.85
TATACONSUM,EQ,2023-11-08,922.05,922.50,929.45,914.15,914.85,916.30,921.42,"10,90,425","1,00,47,41,713.50","39,900","7,68,513",70.48
TATACONSUM,EQ,2023-11-09,916.30,916.30,918.95,898.35,902.95,902.85,903.18,"31,94,352","2,88,50,69,811.20","58,849","22,06,620",69.08
TATACONSUM,EQ,2023-11-10,902.85,902.85,916.85,896.50,914.35,912.70,905.88,"38,46,444","3,48,44,23,739.45","53,525","27,16,933",70.63
TATACONSUM,EQ,2023-11-12,912.70,922.00,922.00,914.00,914.00,915.30,917.51,"1,57,797","14,47,79,842.10","8,162","71,319",45.2
TATACONSUM,EQ,2023-11-13,915.30,914.00,920.45,907.10,917.00,916.55,915.35,"9,04,887","82,82,88,496.80","42,750","4,83,896",53.48
TATACONSUM,EQ,2023-11-15,916.55,921.40,932.00,916.35,929.00,929.60,924.90,"15,64,164","1,44,66,98,495.10","67,693","10,09,102",64.51
TATACONSUM,EQ,2023-11-16,929.60,933.00,933.00,918.00,920.50,920.05,925.50,"13,15,309","1,21,73,21,183.30","61,912","6,28,586",47.79
TATACONSUM,EQ,2023-11-17,920.05,922.00,934.00,921.00,934.00,930.85,929.17,"9,61,365","89,32,73,824.55","47,244","5,87,830",61.15
TATACONSUM,EQ,2023-11-20,930.85,935.50,940.85,928.20,931.00,930.85,933.21,"11,69,030","1,09,09,53,315.35","57,787","5,23,268",44.76
TATACONSUM,EQ,2023-11-21,930.85,906.00,931.50,906.00,928.30,927.70,927.11,"8,04,344","74,57,18,365.35","38,984","4,04,475",50.29
TATACONSUM,EQ,2023-11-22,927.70,931.45,939.80,922.25,929.10,928.25,930.70,"8,85,449","82,40,86,970.95","35,797","3,56,014",40.21
TATACONSUM,EQ,2023-11-23,928.25,929.15,937.70,927.00,934.70,933.00,931.59,"9,07,511","84,54,30,378.65","50,572","5,54,093",61.06
TATACONSUM,EQ,2023-11-24,933.00,934.70,936.85,924.00,929.00,926.90,928.36,"5,21,207","48,38,70,062.00","31,584","2,95,121",56.62
TATACONSUM,EQ,2023-11-28,926.90,925.00,934.95,924.75,932.00,931.85,930.40,"9,04,835","84,18,57,815.70","52,755","5,81,921",64.31
TATACONSUM,EQ,2023-11-29,931.85,934.95,937.90,930.00,933.80,933.55,934.26,"10,47,897","97,90,04,008.70","56,942","7,57,639",72.3
TATACONSUM,EQ,2023-11-30,933.55,932.00,948.20,932.00,938.60,940.75,940.05,"29,82,505","2,80,37,09,450.75","85,175","15,90,728",53.34
TATACONSUM,EQ,2023-12-01,940.75,945.90,952.90,939.75,943.00,942.85,945.03,"11,29,388","1,06,73,10,273.25","42,963","6,58,711",58.32
TATACONSUM,EQ,2023-12-04,942.85,954.00,956.50,941.95,945.50,946.65,947.77,"11,12,904","1,05,47,72,322.30","66,590","5,43,969",48.88
TATACONSUM,EQ,2023-12-05,946.65,946.70,954.15,944.15,949.60,950.05,949.96,"7,92,716","75,30,50,697.30","45,596","4,45,913",56.25
TATACONSUM,EQ,2023-12-06,950.05,954.00,963.00,948.90,951.70,951.70,954.70,"9,82,484","93,79,81,330.55","40,877","4,26,302",43.39
TATACONSUM,EQ,2023-12-07,951.70,952.00,959.55,950.05,957.00,956.90,955.83,"9,33,106","89,18,90,850.35","45,557","5,93,994",63.66
TATACONSUM,EQ,2023-12-08,956.90,960.00,961.85,943.80,946.50,946.60,950.64,"6,49,090","61,70,51,675.65","47,533","4,18,019",64.4
TATACONSUM,EQ,2023-12-11,946.60,949.90,953.00,944.05,951.25,950.45,949.20,"4,76,174","45,19,82,544.40","25,288","2,38,274",50.04
TATACONSUM,EQ,2023-12-12,950.45,953.05,961.95,943.60,949.65,948.75,952.95,"7,32,063","69,76,19,681.25","41,454","3,34,743",45.73
TATACONSUM,EQ,2023-12-13,948.75,948.00,959.70,946.50,956.15,957.30,954.12,"8,99,820","85,85,39,105.00","35,589","6,57,849",73.11
TATACONSUM,EQ,2023-12-14,957.30,960.80,960.80,944.10,953.50,950.45,950.95,"19,80,762","1,88,36,02,150.50","79,217","13,30,862",67.19
TATACONSUM,EQ,2023-12-15,950.45,959.95,959.95,948.90,952.30,954.70,954.20,"11,55,502","1,10,25,81,398.55","54,170","7,75,635",67.13
TATACONSUM,EQ,2023-12-18,954.70,956.00,958.20,945.30,947.00,949.70,952.34,"9,99,922","95,22,68,930.15","42,970","5,89,813",58.99
TATACONSUM,EQ,2023-12-19,949.70,953.00,978.00,949.15,967.85,966.15,969.38,"38,97,491","3,77,81,65,058.90","1,30,767","11,78,941",30.25
TATACONSUM,EQ,2023-12-20,966.15,975.00,"1,010.00",966.15,976.05,976.30,989.81,"44,65,789","4,42,02,62,189.95","1,49,138","13,30,447",29.79
TATACONSUM,EQ,2023-12-21,976.30,976.00,983.90,963.05,978.65,979.30,977.01,"15,88,905","1,55,23,83,265.25","86,494","7,23,570",45.54
TATACONSUM,EQ,2023-12-22,979.30,986.00,998.30,979.65,989.85,992.80,991.21,"14,91,449","1,47,83,40,078.85","68,028","8,84,819",59.33
TATACONSUM,EQ,2023-12-26,992.80,993.00,"1,017.00",992.80,"1,006.50","1,007.35","1,008.70","18,04,990","1,82,06,87,823.35","73,087","7,17,082",39.73
TATACONSUM,EQ,2023-12-27,"1,007.35","1,014.95","1,029.00","1,010.10","1,027.00","1,026.75","1,019.90","17,99,498","1,83,53,03,185.45","1,00,036","10,86,127",60.36
TATACONSUM,EQ,2023-12-28,"1,026.75","1,030.75","1,050.00","1,025.30","1,048.55","1,041.00","1,034.62","20,52,402","2,12,34,60,750.60","1,05,204","13,68,149",66.66
TATACONSUM,EQ,2023-12-29,"1,041.00","1,053.95","1,094.00","1,047.70","1,089.00","1,086.80","1,076.92","50,17,576","5,40,35,39,953.75","1,58,474","16,59,027",33.06
TATACONSUM,EQ,2024-01-01,"1,086.80","1,093.85","1,093.85","1,076.00","1,079.75","1,080.10","1,083.11","9,36,544","1,01,43,78,482.20","53,508","3,11,780",33.29
TATACONSUM,EQ,2024-01-02,"1,080.10","1,086.35","1,103.05","1,079.50","1,097.50","1,097.75","1,093.86","26,35,193","2,88,25,41,417.95","1,11,067","13,93,654",52.89
TATACONSUM,EQ,2024-01-03,"1,097.75","1,097.95","1,099.10","1,082.70","1,089.80","1,084.95","1,090.99","11,00,701","1,20,08,48,343.30","60,395","5,46,219",49.62
TATACONSUM,EQ,2024-01-04,"1,084.95","1,088.10","1,128.60","1,086.15","1,123.65","1,125.55","1,117.08","27,77,186","3,10,23,30,438.35","1,25,598","12,41,095",44.69
TATACONSUM,EQ,2024-01-05,"1,125.55","1,125.00","1,131.15","1,117.05","1,120.80","1,122.95","1,124.24","12,07,155","1,35,71,33,128.35","51,090","5,83,396",48.33
TATACONSUM,EQ,2024-01-08,"1,122.95","1,125.05","1,129.00","1,094.65","1,102.10","1,104.95","1,105.43","17,22,755","1,90,43,78,530.60","1,00,670","9,37,797",54.44
TATACONSUM,EQ,2024-01-09,"1,104.95","1,106.00","1,120.15","1,106.00","1,108.70","1,111.65","1,114.28","9,98,355","1,11,24,46,404.70","56,020","5,91,860",59.28
TATACONSUM,EQ,2024-01-10,"1,111.65","1,112.00","1,117.70","1,101.00","1,114.90","1,113.95","1,109.59","9,33,127","1,03,53,86,977.95","50,039","5,34,827",57.32
TATACONSUM,EQ,2024-01-11,"1,113.95","1,117.00","1,124.95","1,112.05","1,120.00","1,119.25","1,118.51","10,84,035","1,21,25,03,027.10","58,045","6,72,566",62.04
TATACONSUM,EQ,2024-01-12,"1,119.25","1,125.45","1,165.55","1,123.85","1,154.10","1,159.00","1,153.09","60,18,282","6,93,96,22,815.55","1,39,807","36,97,056",61.43
TATACONSUM,EQ,2024-01-15,"1,159.00","1,190.00","1,190.95","1,134.75","1,152.50","1,150.80","1,152.01","42,37,485","4,88,16,10,595.20","1,33,829","20,76,050",48.99
TATACONSUM,EQ,2024-01-16,"1,150.80","1,152.55","1,162.55","1,142.00","1,146.00","1,143.70","1,152.47","14,49,691","1,67,07,18,325.70","70,087","7,16,694",49.44
TATACONSUM,EQ,2024-01-17,"1,143.70","1,134.00","1,152.95","1,131.90","1,138.00","1,138.60","1,142.18","12,72,932","1,45,39,20,474.70","59,792","7,49,235",58.86
TATACONSUM,EQ,2024-01-18,"1,138.60","1,134.95","1,150.00","1,122.50","1,143.85","1,146.80","1,138.70","12,18,211","1,38,71,75,842.90","86,852","5,28,896",43.42
TATACONSUM,EQ,2024-01-19,"1,146.80","1,156.75","1,165.60","1,146.70","1,159.55","1,161.70","1,157.28","9,00,162","1,04,17,42,949.55","50,021","4,05,771",45.08
TATACONSUM,EQ,2024-01-20,"1,161.70","1,168.00","1,169.00","1,148.10","1,151.00","1,150.10","1,156.27","3,32,777","38,47,81,384.25","19,120","1,31,728",39.58
TATACONSUM,EQ,2024-01-23,"1,150.10","1,158.95","1,166.00","1,138.25","1,145.10","1,145.65","1,151.50","9,33,643","1,07,50,90,625.10","57,704","3,90,693",41.85
TATACONSUM,EQ,2024-01-24,"1,145.65","1,145.60","1,161.00","1,134.00","1,160.00","1,159.00","1,150.26","10,40,096","1,19,63,78,876.55","41,118","5,82,119",55.97
TATACONSUM,EQ,2024-01-25,"1,159.00","1,160.00","1,163.65","1,132.35","1,135.00","1,136.75","1,144.68","11,25,321","1,28,81,27,051.30","54,429","6,44,161",57.24
TATACONSUM,EQ,2024-01-29,"1,136.75","1,136.75","1,149.20","1,135.00","1,142.00","1,141.05","1,141.98","15,88,430","1,81,39,49,162.45","63,480","10,98,279",69.14
TATACONSUM,EQ,2024-01-30,"1,141.05","1,144.95","1,147.20","1,120.65","1,125.55","1,122.90","1,132.01","7,98,009","90,33,51,484.70","42,356","4,87,435",61.08
TATACONSUM,EQ,2024-01-31,"1,122.90","1,125.00","1,127.50","1,112.00","1,119.00","1,118.00","1,117.89","24,28,738","2,71,50,59,742.45","91,841","17,42,462",71.74
TATACONSUM,EQ,2024-02-01,"1,118.00","1,118.00","1,134.90","1,108.00","1,132.00","1,129.65","1,119.38","47,28,358","5,29,28,35,709.20","1,00,332","31,30,816",66.21
TATACONSUM,EQ,2024-02-02,"1,129.65","1,132.00","1,170.70","1,132.00","1,162.85","1,162.75","1,147.40","17,41,322","1,99,80,00,795.15","60,775","9,57,556",54.99
TATACONSUM,EQ,2024-02-05,"1,162.75","1,169.90","1,177.00","1,146.30","1,152.50","1,150.75","1,161.31","12,66,268","1,47,05,26,139.60","64,374","4,77,824",37.73
TATACONSUM,EQ,2024-02-06,"1,150.75","1,142.10","1,166.80","1,142.10","1,160.55","1,163.55","1,158.74","12,19,085","1,41,25,99,356.00","57,085","7,37,553",60.5
TATACONSUM,EQ,2024-02-07,"1,163.55","1,168.05","1,175.00","1,153.05","1,170.70","1,166.20","1,164.54","8,64,874","1,00,71,84,238.25","56,908","4,02,375",46.52
TATACONSUM,EQ,2024-02-08,"1,166.20","1,160.00","1,162.90","1,125.00","1,140.95","1,137.90","1,140.10","24,77,973","2,82,51,26,989.85","1,36,361","8,26,865",33.37
TATACONSUM,EQ,2024-02-09,"1,137.90","1,142.00","1,149.40","1,119.85","1,128.00","1,129.25","1,132.66","9,17,196","1,03,88,71,730.45","48,645","3,60,873",39.35
TATACONSUM,EQ,2024-02-12,"1,129.25","1,130.05","1,134.40","1,075.00","1,121.90","1,122.20","1,123.89","8,98,953","1,01,03,25,741.20","42,725","4,24,425",47.21
TATACONSUM,EQ,2024-02-13,"1,122.20","1,123.00","1,141.30","1,118.20","1,137.00","1,137.80","1,131.33","8,86,148","1,00,25,27,784.45","54,226","4,46,426",50.38
TATACONSUM,EQ,2024-02-14,"1,137.80","1,135.05","1,139.85","1,120.00","1,139.00","1,135.60","1,129.04","12,06,706","1,36,24,15,623.30","49,150","7,88,332",65.33
TATACONSUM,EQ,2024-02-15,"1,135.60","1,140.05","1,146.75","1,127.25","1,134.35","1,131.40","1,134.79","12,78,358","1,45,06,70,681.55","60,290","7,07,021",55.31
TATACONSUM,EQ,2024-02-16,"1,131.40","1,135.00","1,149.40","1,132.40","1,148.95","1,147.45","1,143.59","12,13,292","1,38,75,05,627.85","48,787","8,11,092",66.85
TATACONSUM,EQ,2024-02-19,"1,147.45","1,150.00","1,164.25","1,144.50","1,154.50","1,155.00","1,155.85","9,61,914","1,11,18,26,780.15","42,333","4,23,218",44.0
TATACONSUM,EQ,2024-02-20,"1,155.00","1,154.50","1,159.00","1,138.80","1,153.00","1,154.40","1,150.23","10,56,193","1,21,48,67,231.00","58,462","6,99,040",66.18
TATACONSUM,EQ,2024-02-21,"1,154.40","1,155.00","1,171.90","1,150.05","1,158.00","1,160.75","1,160.84","14,45,959","1,67,85,34,255.60","80,717","7,29,529",50.45
TATACONSUM,EQ,2024-02-22,"1,160.75","1,161.00","1,164.75","1,142.45","1,156.70","1,159.50","1,152.45","16,89,403","1,94,69,48,709.40","99,777","7,32,328",43.35
TATACONSUM,EQ,2024-02-23,"1,159.50","1,158.00","1,165.60","1,155.20","1,158.60","1,160.30","1,160.18","12,80,859","1,48,60,29,676.00","64,777","8,98,437",70.14
TATACONSUM,EQ,2024-02-26,"1,160.30","1,159.00","1,182.80","1,149.45","1,178.00","1,177.10","1,167.87","12,92,210","1,50,91,29,775.80","64,641","6,91,798",53.54
TATACONSUM,EQ,2024-02-27,"1,177.10","1,182.00","1,189.70","1,174.95","1,181.00","1,183.60","1,183.28","15,84,564","1,87,49,77,287.40","76,748","8,84,761",55.84
TATACONSUM,EQ,2024-02-28,"1,183.60","1,189.75","1,205.00","1,163.10","1,163.10","1,167.95","1,189.07","21,70,054","2,58,03,56,821.65","97,849","7,52,505",34.68
TATACONSUM,EQ,2024-02-29,"1,167.95","1,166.95","1,199.00","1,150.60","1,192.00","1,190.05","1,184.86","27,22,341","3,22,56,02,468.60","95,895","15,50,209",56.94
TATACONSUM,EQ,2024-03-01,"1,190.05","1,204.00","1,213.65","1,194.25","1,199.30","1,201.00","1,204.11","18,04,771","2,17,31,46,579.80","59,804","10,94,046",60.62
TATACONSUM,EQ,2024-03-02,"1,201.00","1,209.00","1,213.00","1,200.00","1,207.00","1,207.25","1,206.75","1,49,379","18,02,62,599.05","9,734","85,653",57.34
TATACONSUM,EQ,2024-03-04,"1,207.25","1,206.95","1,214.00","1,190.00","1,202.55","1,203.25","1,201.71","7,90,960","95,05,03,042.45","75,562","4,13,990",52.34
TATACONSUM,EQ,2024-03-05,"1,203.25","1,206.85","1,211.90","1,196.00","1,200.00","1,200.60","1,202.43","8,67,925","1,04,36,22,296.60","53,199","4,87,802",56.2
TATACONSUM,EQ,2024-03-06,"1,200.60","1,203.80","1,223.00","1,192.00","1,219.50","1,220.05","1,209.51","13,67,260","1,65,37,15,433.15","76,186","6,71,808",49.14
TATACONSUM,EQ,2024-03-07,"1,220.05","1,228.00","1,268.90","1,216.75","1,265.00","1,261.55","1,246.41","35,22,952","4,39,10,33,684.45","1,31,787","14,76,983",41.92
TATACONSUM,EQ,2024-03-11,"1,261.55","1,263.00","1,269.00","1,209.00","1,223.00","1,220.65","1,224.52","26,09,165","3,19,49,85,468.55","1,24,557","11,51,985",44.15
TATACONSUM,EQ,2024-03-12,"1,220.65","1,227.45","1,227.85","1,209.15","1,217.75","1,215.20","1,216.12","10,89,396","1,32,48,37,740.20","75,265","5,51,512",50.63
TATACONSUM,EQ,2024-03-13,"1,215.20","1,215.50","1,217.40","1,170.70","1,179.00","1,178.95","1,190.41","20,50,756","2,44,12,35,776.60","97,215","12,46,822",60.8
TATACONSUM,EQ,2024-03-14,"1,178.95","1,160.05","1,205.05","1,160.05","1,202.80","1,198.35","1,192.08","22,11,062","2,63,57,59,801.70","98,884","13,00,452",58.82
TATACONSUM,EQ,2024-03-15,"1,198.35","1,200.00","1,219.85","1,175.90","1,210.00","1,212.15","1,204.69","28,43,465","3,42,55,08,030.95","62,518","20,18,157",70.98
TATACONSUM,EQ,2024-03-18,"1,212.15","1,213.05","1,217.65","1,184.30","1,188.50","1,186.95","1,192.65","8,03,158","95,78,82,939.25","37,164","4,03,821",50.28
TATACONSUM,EQ,2024-03-19,"1,186.95","1,184.90","1,184.90","1,139.85","1,149.75","1,146.25","1,152.80","21,52,306","2,48,11,88,386.65","1,09,316","12,40,426",57.63
TATACONSUM,EQ,2024-03-20,"1,146.25","1,143.10","1,153.40","1,111.70","1,122.45","1,124.05","1,125.25","20,70,193","2,32,94,92,196.45","1,04,758","11,93,312",57.64
TATACONSUM,EQ,2024-03-21,"1,124.05","1,134.00","1,138.95","1,121.50","1,136.00","1,133.95","1,132.27","19,01,034","2,15,24,83,099.90","73,465","12,25,362",64.46
TATACONSUM,EQ,2024-03-22,"1,133.95","1,133.95","1,140.00","1,119.00","1,123.70","1,122.75","1,125.02","16,96,377","1,90,84,58,611.45","70,308","12,25,612",72.25
TATACONSUM,EQ,2024-03-26,"1,122.75","1,105.35","1,121.10","1,105.35","1,114.00","1,112.55","1,113.80","24,07,110","2,68,10,41,400.30","1,12,542","18,25,096",75.82
TATACONSUM,EQ,2024-03-27,"1,112.55","1,115.35","1,117.00","1,084.10","1,098.00","1,091.05","1,101.82","19,62,948","2,16,28,22,714.70","76,368","13,35,939",68.06
TATACONSUM,EQ,2024-03-28,"1,091.05","1,103.90","1,109.00","1,093.65","1,100.00","1,096.20","1,099.49","67,21,940","7,39,07,35,636.05","1,20,939","52,34,585",77.87
TATACONSUM,EQ,2024-04-01,"1,096.20","1,100.00","1,104.40","1,083.10","1,087.70","1,086.90","1,091.34","22,29,535","2,43,31,80,084.80","61,607","16,87,677",75.7
TATACONSUM,EQ,2024-04-02,"1,086.90","1,091.80","1,133.40","1,085.10","1,130.95","1,131.15","1,103.85","51,07,047","5,63,73,89,958.55","1,04,903","31,90,449",62.47
TATACONSUM,EQ,2024-04-03,"1,131.15","1,129.00","1,129.00","1,112.80","1,120.00","1,119.50","1,121.91","11,33,287","1,27,14,48,146.05","59,680","4,64,893",41.02
TATACONSUM,EQ,2024-04-04,"1,119.50","1,132.80","1,132.90","1,108.55","1,121.20","1,117.95","1,118.50","24,03,608","2,68,84,42,487.05","1,41,360","9,47,646",39.43
TATACONSUM,EQ,2024-04-05,"1,117.95","1,116.00","1,124.90","1,111.00","1,116.25","1,115.55","1,116.57","6,27,856","70,10,46,346.35","49,066","2,96,164",47.17
TATACONSUM,EQ,2024-04-08,"1,115.55","1,120.00","1,140.45","1,117.00","1,137.35","1,137.35","1,134.40","18,33,218","2,07,96,08,697.20","55,113","9,94,677",54.26
TATACONSUM,EQ,2024-04-09,"1,137.35","1,141.00","1,141.00","1,121.50","1,125.60","1,125.60","1,128.11","11,84,800","1,33,65,86,231.05","44,456","7,63,121",64.41
TATACONSUM,EQ,2024-04-10,"1,125.60","1,130.00","1,151.50","1,118.70","1,138.30","1,145.30","1,137.13","13,74,918","1,56,34,64,683.40","98,445","6,84,782",49.81
TATACONSUM,EQ,2024-04-12,"1,145.30","1,144.35","1,156.65","1,134.45","1,144.70","1,149.45","1,148.23","20,06,949","2,30,44,42,653.00","72,445","10,41,444",51.89
TATACONSUM,EQ,2024-04-15,"1,149.45","1,125.00","1,136.70","1,111.00","1,131.00","1,130.65","1,126.58","19,90,224","2,24,21,43,681.80","98,298","11,25,857",56.57
TATACONSUM,EQ,2024-04-16,"1,130.65","1,117.00","1,138.90","1,113.95","1,137.00","1,135.65","1,132.97","10,51,408","1,19,12,09,609.70","51,387","5,66,335",53.86
TATACONSUM,EQ,2024-04-18,"1,135.65","1,143.00","1,159.00","1,127.55","1,140.00","1,134.55","1,142.57","25,73,549","2,94,04,52,589.00","1,21,006","13,20,612",51.31
TATACONSUM,EQ,2024-04-19,"1,134.55","1,104.50","1,150.60","1,104.05","1,137.35","1,138.10","1,133.58","21,60,942","2,44,96,01,775.05","96,405","11,43,064",52.9
TATACONSUM,EQ,2024-04-22,"1,138.10","1,140.95","1,177.80","1,140.95","1,175.50","1,170.95","1,165.73","22,99,311","2,68,03,75,141.20","88,287","10,16,410",44.2
TATACONSUM,EQ,2024-04-23,"1,170.95","1,173.00","1,179.90","1,152.00","1,172.00","1,173.35","1,167.55","19,30,671","2,25,41,54,455.70","80,804","8,68,379",44.98
TATACONSUM,EQ,2024-04-24,"1,173.35","1,106.00","1,137.70","1,104.00","1,109.00","1,110.15","1,118.61","64,47,489","7,21,22,22,672.50","2,67,351","26,57,598",41.22
TATACONSUM,EQ,2024-04-25,"1,110.15","1,116.00","1,116.00","1,077.40","1,104.85","1,106.25","1,094.89","62,33,672","6,82,51,56,268.30","2,73,667","26,81,818",43.02
TATACONSUM,EQ,2024-04-26,"1,106.25","1,111.80","1,111.80","1,084.05","1,100.75","1,102.65","1,097.62","34,26,210","3,76,06,77,002.40","1,33,419","19,76,552",57.69
TATACONSUM,EQ,2024-04-29,"1,102.65","1,108.90","1,110.40","1,088.90","1,100.40","1,098.50","1,096.61","22,54,895","2,47,27,49,850.50","95,386","13,89,337",61.61
TATACONSUM,EQ,2024-04-30,"1,098.50","1,099.90","1,114.25","1,095.65","1,107.55","1,108.35","1,107.77","25,04,796","2,77,47,49,669.30","74,802","16,15,560",64.5
TATACONSUM,EQ,2024-05-02,"1,108.35","1,114.00","1,114.00","1,081.10","1,092.45","1,091.15","1,093.32","34,23,995","3,74,35,33,093.50","1,66,178","15,96,334",46.62
TATACONSUM,EQ,2024-05-03,"1,091.15","1,095.00","1,114.90","1,089.80","1,095.00","1,094.30","1,103.27","29,35,813","3,23,90,03,010.75","75,566","17,88,223",60.91
TATACONSUM,EQ,2024-05-06,"1,094.30","1,105.00","1,109.65","1,090.05","1,099.00","1,098.15","1,100.01","10,76,304","1,18,39,43,734.35","49,994","5,28,094",49.07
TATACONSUM,EQ,2024-05-07,"1,098.15","1,095.05","1,121.55","1,090.10","1,099.00","1,099.40","1,104.86","26,14,541","2,88,87,07,049.30","1,12,589","11,73,907",44.9
TATACONSUM,EQ,2024-05-08,"1,099.40","1,102.40","1,117.85","1,095.15","1,114.00","1,115.05","1,111.20","10,71,294","1,19,04,23,299.70","53,237","5,18,457",48.4
TATACONSUM,EQ,2024-05-09,"1,115.05","1,114.00","1,114.70","1,078.00","1,083.00","1,085.05","1,092.22","17,43,688","1,90,44,95,293.40","1,03,352","8,62,545",49.47
TATACONSUM,EQ,2024-05-10,"1,085.05","1,087.95","1,093.95","1,067.65","1,089.00","1,090.95","1,085.13","10,80,599","1,17,25,88,461.50","60,735","5,10,921",47.28
TATACONSUM,EQ,2024-05-13,"1,090.95","1,086.10","1,101.00","1,076.05","1,096.00","1,096.95","1,088.29","9,33,422","1,01,58,34,247.50","63,869","4,30,434",46.11
TATACONSUM,EQ,2024-05-14,"1,096.95","1,096.00","1,098.40","1,082.20","1,086.00","1,085.45","1,089.00","11,94,960","1,30,13,08,287.25","57,857","7,24,933",60.67
TATACONSUM,EQ,2024-05-15,"1,085.45","1,086.00","1,090.85","1,056.00","1,070.00","1,068.90","1,075.31","19,20,081","2,06,46,74,054.10","82,521","11,54,371",60.12
TATACONSUM,EQ,2024-05-16,"1,068.90","1,071.00","1,102.55","1,057.85","1,098.35","1,099.75","1,077.38","26,65,288","2,87,15,15,110.00","1,75,300","12,08,402",45.34
TATACONSUM,EQ,2024-05-17,"1,099.75","1,093.00","1,101.20","1,089.15","1,096.00","1,095.20","1,094.95","10,69,069","1,17,05,72,519.35","58,940","6,57,701",61.52
TATACONSUM,EQ,2024-05-18,"1,095.20","1,095.00","1,098.25","1,090.25","1,095.00","1,095.20","1,094.77","70,507","7,71,88,760.30","4,162","31,824",45.14
TATACONSUM,EQ,2024-05-21,"1,095.20","1,089.00","1,097.60","1,088.95","1,093.00","1,093.95","1,093.70","9,06,092","99,09,89,077.10","60,239","5,58,020",61.59
TATACONSUM,EQ,2024-05-22,"1,093.95","1,100.00","1,122.00","1,093.95","1,121.40","1,120.35","1,112.81","20,32,291","2,26,15,54,982.80","1,04,452","11,20,964",55.16
TATACONSUM,EQ,2024-05-23,"1,120.35","1,127.45","1,131.20","1,104.00","1,119.45","1,117.95","1,116.96","20,87,340","2,33,14,68,489.65","93,238","7,81,879",37.46
TATACONSUM,EQ,2024-05-24,"1,117.95","1,111.00","1,111.00","1,096.00","1,099.05","1,098.25","1,102.66","14,24,791","1,57,10,57,191.10","51,532","8,40,597",59.0
TATACONSUM,EQ,2024-05-27,"1,098.25","1,099.00","1,110.00","1,086.65","1,087.05","1,087.90","1,098.14","18,81,215","2,06,58,35,697.35","46,573","14,04,494",74.66
TATACONSUM,EQ,2024-05-28,"1,087.90","1,089.00","1,097.95","1,080.00","1,090.35","1,095.55","1,089.90","9,81,637","1,06,98,89,627.45","49,049","5,29,809",53.97
TATACONSUM,EQ,2024-05-29,"1,095.55","1,085.00","1,090.00","1,068.00","1,071.80","1,071.30","1,080.10","15,26,469","1,64,87,33,403.20","55,538","9,76,312",63.96
TATACONSUM,EQ,2024-05-30,"1,071.30","1,071.00","1,074.45","1,052.00","1,073.95","1,067.20","1,059.57","27,43,237","2,90,66,55,971.40","1,21,993","17,27,963",62.99
TATACONSUM,EQ,2024-05-31,"1,067.20","1,069.70","1,070.80","1,048.30","1,054.75","1,060.25","1,060.88","47,87,041","5,07,84,77,105.20","92,460","32,91,210",68.75
TATACONSUM,EQ,2024-06-03,"1,060.25","1,076.40","1,082.90","1,063.35","1,070.10","1,069.15","1,072.59","13,23,788","1,41,98,84,874.45","58,902","7,29,476",55.11
TATACONSUM,EQ,2024-06-04,"1,069.15","1,069.15","1,092.60","1,028.90","1,087.10","1,087.00","1,074.90","32,23,165","3,46,45,65,150.10","1,40,926","16,91,927",52.49
TATACONSUM,EQ,2024-06-05,"1,087.00","1,109.00","1,160.00","1,093.15","1,139.05","1,142.40","1,139.07","60,89,603","6,93,64,75,068.10","2,50,489","34,52,665",56.7
TATACONSUM,EQ,2024-06-06,"1,142.40","1,148.00","1,148.00","1,119.60","1,143.50","1,139.90","1,134.48","26,55,137","3,01,21,97,966.30","1,27,431","12,05,068",45.39
TATACONSUM,EQ,2024-06-07,"1,139.90","1,149.00","1,149.00","1,131.60","1,135.00","1,135.65","1,136.81","18,77,248","2,13,40,75,530.80","65,214","11,13,468",59.31
TATACONSUM,EQ,2024-06-10,"1,135.65","1,139.00","1,143.45","1,125.65","1,130.00","1,133.05","1,136.34","13,92,359","1,58,21,90,228.30","50,902","8,24,759",59.23
TATACONSUM,EQ,2024-06-11,"1,133.05","1,133.05","1,144.80","1,126.70","1,134.85","1,135.60","1,138.57","8,05,013","91,65,65,518.75","35,213","4,18,383",51.97
TATACONSUM,EQ,2024-06-12,"1,135.60","1,142.00","1,142.00","1,123.50","1,125.25","1,124.65","1,129.69","7,73,116","87,33,80,836.60","38,797","3,62,083",46.83
TATACONSUM,EQ,2024-06-13,"1,124.65","1,130.00","1,133.00","1,104.05","1,114.00","1,114.60","1,113.13","16,05,436","1,78,70,64,371.80","68,019","6,51,880",40.6
TATACONSUM,EQ,2024-06-14,"1,114.60","1,114.60","1,124.95","1,110.10","1,112.70","1,112.45","1,117.70","11,07,470","1,23,78,14,739.65","47,773","5,22,726",47.2
TATACONSUM,EQ,2024-06-18,"1,112.45","1,112.45","1,128.30","1,112.45","1,125.95","1,126.90","1,123.49","11,61,864","1,30,53,41,335.15","38,089","8,00,710",68.92
TATACONSUM,EQ,2024-06-19,"1,126.90","1,129.70","1,130.90","1,103.00","1,104.70","1,105.60","1,114.25","12,01,455","1,33,87,26,887.60","53,806","6,96,540",57.97
TATACONSUM,EQ,2024-06-20,"1,105.60","1,108.05","1,108.35","1,096.10","1,103.05","1,103.25","1,100.69","12,23,872","1,34,70,98,206.70","72,536","5,35,908",43.79
TATACONSUM,EQ,2024-06-21,"1,103.25","1,103.30","1,105.00","1,081.80","1,085.00","1,084.90","1,089.81","16,34,958","1,78,18,01,400.35","59,806","10,38,901",63.54
TATACONSUM,EQ,2024-06-24,"1,084.90","1,080.15","1,104.00","1,077.15","1,103.90","1,101.95","1,095.54","9,12,255","99,94,08,675.25","42,497","4,84,973",53.16
TATACONSUM,EQ,2024-06-25,"1,101.95","1,108.15","1,108.20","1,090.00","1,094.50","1,094.60","1,096.69","9,32,314","1,02,24,57,522.90","51,047","5,31,262",56.98
TATACONSUM,EQ,2024-06-26,"1,094.60","1,095.05","1,099.80","1,083.10","1,089.30","1,086.90","1,087.90","10,03,738","1,09,19,68,273.30","62,830","6,49,739",64.73
TATACONSUM,EQ,2024-06-27,"1,086.90","1,090.10","1,096.45","1,077.85","1,084.00","1,085.60","1,083.97","22,72,855","2,46,37,07,339.35","1,16,474","11,66,466",51.32
TATACONSUM,EQ,2024-06-28,"1,085.60","1,085.60","1,104.00","1,085.00","1,098.00","1,097.45","1,096.02","11,29,490","1,23,79,47,139.75","55,557","6,59,494",58.39
TATACONSUM,EQ,2024-07-01,"1,097.45","1,090.10","1,097.45","1,088.00","1,096.00","1,094.55","1,092.17","7,67,705","83,84,62,787.95","48,558","4,69,327",61.13
TATACONSUM,EQ,2024-07-02,"1,094.55","1,096.00","1,110.00","1,080.00","1,110.00","1,105.00","1,096.68","20,26,189","2,22,20,83,259.00","59,555","13,87,251",68.47
TATACONSUM,EQ,2024-07-03,"1,105.00","1,114.00","1,148.60","1,112.05","1,144.25","1,146.35","1,135.27","44,06,793","5,00,29,00,513.80","1,50,349","19,89,412",45.14
TATACONSUM,EQ,2024-07-04,"1,146.35","1,147.55","1,154.80","1,133.30","1,136.70","1,135.20","1,147.39","21,13,837","2,42,53,97,190.20","1,18,371","13,72,185",64.91
TATACONSUM,EQ,2024-07-05,"1,135.20","1,135.40","1,150.95","1,132.70","1,135.30","1,137.40","1,139.68","12,81,630","1,46,06,41,932.10","46,350","8,25,143",64.38
TATACONSUM,EQ,2024-07-08,"1,137.40","1,138.00","1,164.00","1,136.00","1,150.00","1,150.80","1,151.37","19,58,676","2,25,51,53,843.40","59,194","8,35,696",42.67
TATACONSUM,EQ,2024-07-09,"1,150.80","1,161.40","1,168.50","1,140.00","1,142.00","1,142.20","1,149.30","15,45,936","1,77,67,46,425.25","75,317","8,43,728",54.58
TATACONSUM,EQ,2024-07-10,"1,142.20","1,142.20","1,156.75","1,130.00","1,146.25","1,150.80","1,146.61","10,15,150","1,16,39,83,016.75","48,587","4,83,612",47.64
TATACONSUM,EQ,2024-07-11,"1,150.80","1,150.55","1,153.40","1,125.50","1,130.25","1,131.40","1,135.85","18,83,264","2,13,91,05,419.50","75,404","12,68,358",67.35
TATACONSUM,EQ,2024-07-12,"1,131.40","1,135.00","1,154.00","1,130.05","1,152.00","1,152.25","1,146.22","10,92,749","1,25,25,27,943.90","52,913","6,50,556",59.53
TATACONSUM,EQ,2024-07-15,"1,152.25","1,152.50","1,157.00","1,139.80","1,146.75","1,148.80","1,146.91","12,01,063","1,37,75,11,150.75","41,894","7,67,812",63.93
TATACONSUM,EQ,2024-07-16,"1,148.80","1,148.80","1,179.00","1,142.75","1,175.00","1,176.25","1,169.60","21,52,821","2,51,79,39,068.05","77,235","10,11,313",46.98
TATACONSUM,EQ,2024-07-18,"1,176.25","1,175.00","1,194.60","1,170.00","1,192.70","1,193.40","1,184.98","25,59,563","3,03,30,37,286.35","1,17,654","13,15,084",51.38
TATACONSUM,EQ,2024-07-19,"1,193.40","1,200.00","1,200.10","1,183.00","1,187.45","1,188.00","1,191.29","13,85,064","1,65,00,19,677.00","68,905","7,62,681",55.06
TATACONSUM,EQ,2024-07-22,"1,188.00","1,185.00","1,210.90","1,182.25","1,206.00","1,204.80","1,201.75","16,98,551","2,04,12,39,695.15","83,910","8,08,673",47.61
TATACONSUM,EQ,2024-07-23,"1,204.80","1,215.00","1,262.60","1,200.25","1,258.00","1,256.90","1,237.43","51,40,297","6,36,07,80,407.15","1,67,465","23,72,115",46.15
TATACONSUM,EQ,2024-07-24,"1,256.90","1,257.00","1,257.70","1,217.40","1,233.00","1,231.25","1,229.60","33,25,998","4,08,96,47,210.95","1,21,094","18,57,896",55.86
TATACONSUM,EQ,2024-07-25,"1,231.25","1,232.00","1,235.00","1,208.85","1,224.00","1,223.60","1,223.60","24,98,031","3,05,65,90,633.35","86,306","15,10,075",60.45
TATACONSUM,EQ,2024-07-26,"1,223.60","1,216.05","1,218.95","1,205.40","1,212.80","1,213.65","1,211.41","8,02,492","97,21,44,680.60","37,565","3,28,347",40.92
TATACONSUM,EQ,2024-07-29,"1,213.65","1,215.00","1,222.00","1,185.00","1,200.05","1,201.40","1,194.77","19,44,124","2,32,27,85,631.05","80,688","11,02,823",56.73
TATACONSUM,EQ,2024-07-30,"1,201.40","1,206.00","1,211.40","1,189.20","1,195.00","1,194.90","1,197.28","13,31,004","1,59,35,82,369.90","78,851","6,56,745",49.34
TATACONSUM,EQ,2024-07-31,"1,194.90","1,193.00","1,193.00","1,167.00","1,188.00","1,188.95","1,180.91","29,94,289","3,53,59,77,826.65","95,396","15,22,639",50.85
TATACONSUM,EQ,2024-08-01,"1,188.95","1,188.95","1,216.00","1,188.00","1,210.00","1,208.35","1,205.36","16,75,363","2,01,94,12,646.45","71,592","7,66,719",45.76
TATACONSUM,EQ,2024-08-02,"1,208.35","1,200.00","1,220.00","1,190.00","1,192.40","1,193.65","1,204.38","12,62,150","1,52,01,06,576.40","61,455","4,04,558",32.05
TATACONSUM,EQ,2024-08-05,"1,193.65","1,176.00","1,213.60","1,151.00","1,202.00","1,199.40","1,200.25","37,18,458","4,46,30,84,900.10","1,48,915","18,57,171",49.94
TATACONSUM,EQ,2024-08-06,"1,199.40","1,200.00","1,212.10","1,182.85","1,187.00","1,185.60","1,197.80","13,04,014","1,56,19,52,119.45","58,708","5,92,524",45.44
TATACONSUM,EQ,2024-08-07,"1,185.60","1,182.55","1,207.75","1,182.55","1,200.00","1,199.60","1,199.14","7,59,323","91,05,38,025.45","47,616","3,76,579",49.59
TATACONSUM,EQ,2024-08-08,"1,199.60","1,192.00","1,195.00","1,174.00","1,176.05","1,178.30","1,180.51","12,98,997","1,53,34,76,969.20","67,004","6,99,748",53.87
TATACONSUM,EQ,2024-08-09,"1,178.30","1,188.90","1,188.90","1,180.00","1,183.15","1,186.15","1,185.30","4,89,864","58,06,36,782.05","29,354","2,85,556",58.29
TATACONSUM,EQ,2024-08-12,"1,186.15","1,176.00","1,184.35","1,166.05","1,172.65","1,170.80","1,174.99","7,87,584","92,54,07,144.65","52,309","4,07,519",51.74
TATACONSUM,EQ,2024-08-13,"1,170.80","1,172.70","1,182.75","1,167.60","1,180.85","1,178.80","1,177.56","7,85,371","92,48,20,661.10","43,592","4,20,266",53.51
TATACONSUM,EQ,2024-08-14,"1,178.80","1,187.00","1,187.10","1,158.70","1,167.40","1,167.55","1,168.50","9,91,108","1,15,81,13,289.55","63,434","5,75,977",58.11
TATACONSUM,EQ,2024-08-16,"1,167.55","1,168.00","1,190.65","1,168.00","1,187.15","1,187.75","1,182.59","8,31,846","98,37,33,782.40","46,146","4,38,700",52.74
TATACONSUM,EQ,2024-08-19,"1,187.75","1,198.00","1,200.00","1,171.55","1,176.50","1,177.40","1,178.63","6,82,374","80,42,64,767.65","35,525","3,44,286",50.45
TATACONSUM,EQ,2024-08-20,"1,177.40","1,182.95","1,182.95","1,166.75","1,171.45","1,171.20","1,171.67","6,73,329","78,89,16,982.45","40,642","4,34,592",64.54
TATACONSUM,EQ,2024-08-21,"1,171.20","1,171.95","1,181.00","1,167.05","1,180.00","1,177.55","1,173.80","8,02,420","94,18,79,805.10","37,354","4,66,193",58.1
TATACONSUM,EQ,2024-08-22,"1,177.55","1,184.05","1,209.85","1,181.00","1,206.00","1,205.80","1,201.00","20,41,300","2,45,15,98,939.70","75,703","7,60,224",37.24
TATACONSUM,EQ,2024-08-23,"1,205.80","1,212.00","1,215.00","1,194.90","1,196.00","1,196.80","1,203.98","8,52,159","1,02,59,78,656.50","34,002","3,48,656",40.91
TATACONSUM,EQ,2024-08-26,"1,196.80","1,205.00","1,221.85","1,194.05","1,220.00","1,220.05","1,214.51","10,45,317","1,26,95,47,779.20","51,598","5,10,759",48.86
TATACONSUM,EQ,2024-08-27,"1,220.05","1,220.00","1,220.55","1,208.00","1,210.00","1,209.60","1,213.04","4,83,025","58,59,26,454.60","26,355","2,47,650",51.27
TATACONSUM,EQ,2024-08-28,"1,209.60","1,210.00","1,215.35","1,196.60","1,197.30","1,201.15","1,205.96","7,79,730","94,03,22,031.45","39,755","4,61,301",59.16
TATACONSUM,EQ,2024-08-29,"1,201.15","1,201.15","1,208.90","1,185.25","1,195.00","1,198.45","1,196.97","10,62,444","1,27,17,17,219.30","66,299","4,35,989",41.04
TATACONSUM,EQ,2024-08-30,"1,198.45","1,195.00","1,207.50","1,195.00","1,202.50","1,200.15","1,200.20","25,50,399","3,06,09,89,864.70","59,289","20,14,417",78.98
TATACONSUM,EQ,2024-09-02,"1,200.15","1,200.00","1,227.00","1,197.20","1,202.95","1,199.70","1,210.51","18,52,516","2,24,24,82,759.10","77,792","6,63,595",35.82
TATACONSUM,EQ,2024-09-03,"1,199.70","1,209.00","1,218.35","1,196.30","1,197.80","1,199.00","1,207.64","18,84,428","2,27,57,16,669.20","56,348","10,24,379",54.36
TATACONSUM,EQ,2024-09-04,"1,199.00","1,196.05","1,198.95","1,175.00","1,193.45","1,194.95","1,186.82","16,33,635","1,93,88,28,301.20","53,326","8,76,943",53.68
TATACONSUM,EQ,2024-09-05,"1,194.95","1,199.50","1,206.85","1,185.65","1,187.40","1,188.65","1,194.21","10,62,421","1,26,87,49,122.75","41,443","5,45,630",51.36
TATACONSUM,EQ,2024-09-06,"1,188.65","1,188.00","1,191.75","1,168.75","1,175.00","1,173.85","1,177.09","9,89,655","1,16,49,08,998.15","44,843","5,72,907",57.89
TATACONSUM,EQ,2024-09-09,"1,173.85","1,173.85","1,195.95","1,169.90","1,190.65","1,192.05","1,189.32","19,69,830","2,34,27,53,531.80","92,282","8,26,842",41.98
TATACONSUM,EQ,2024-09-10,"1,192.05","1,200.00","1,212.95","1,196.25","1,201.55","1,204.15","1,206.69","18,15,998","2,19,13,55,274.85","90,030","9,61,132",52.93
TATACONSUM,EQ,2024-09-11,"1,204.15","1,209.90","1,219.00","1,201.25","1,203.35","1,204.40","1,209.29","18,37,013","2,22,14,78,696.75","70,635","10,92,971",59.5
TATACONSUM,EQ,2024-09-12,"1,204.40","1,210.00","1,225.95","1,199.35","1,223.00","1,222.75","1,210.69","26,35,403","3,19,06,54,262.00","1,02,064","14,46,606",54.89
TATACONSUM,EQ,2024-09-13,"1,222.75","1,226.00","1,227.00","1,208.05","1,209.90","1,210.30","1,211.85","15,69,211","1,90,16,42,297.60","36,277","9,68,660",61.73
TATACONSUM,EQ,2024-09-16,"1,210.30","1,220.00","1,223.75","1,207.00","1,220.00","1,218.50","1,216.97","9,84,584","1,19,82,07,117.10","45,496","5,50,570",55.92
TATACONSUM,EQ,2024-09-17,"1,218.50","1,223.00","1,234.30","1,212.15","1,218.10","1,220.25","1,221.26","14,50,593","1,77,15,54,540.00","39,585","7,72,443",53.25
TATACONSUM,EQ,2024-09-18,"1,220.25","1,220.25","1,223.40","1,194.00","1,202.10","1,200.85","1,203.62","9,30,896","1,12,04,45,977.35","42,231","5,55,310",59.65
TATACONSUM,EQ,2024-09-19,"1,200.85","1,207.00","1,225.60","1,204.05","1,216.00","1,215.25","1,216.49","27,37,652","3,33,03,22,559.95","70,782","18,39,069",67.18
TATACONSUM,EQ,2024-09-20,"1,215.25","1,220.00","1,230.95","1,213.35","1,220.60","1,216.85","1,219.83","35,33,125","4,30,97,96,616.15","85,596","23,76,940",67.28
TATACONSUM,EQ,2024-09-23,"1,216.85","1,222.00","1,233.65","1,210.25","1,212.40","1,211.55","1,217.88","28,18,001","3,43,19,87,172.50","74,709","15,77,801",55.99
TATACONSUM,EQ,2024-09-24,"1,211.55","1,216.00","1,227.90","1,210.05","1,213.90","1,211.65","1,214.90","33,93,528","4,12,28,02,786.65","50,801","26,23,139",77.3
TATACONSUM,EQ,2024-09-25,"1,211.65","1,213.90","1,216.00","1,182.05","1,189.00","1,189.60","1,190.36","24,48,744","2,91,48,98,473.65","75,670","15,12,379",61.76
TATACONSUM,EQ,2024-09-26,"1,189.60","1,195.00","1,217.00","1,191.15","1,210.95","1,213.45","1,205.19","23,23,705","2,80,04,99,637.65","1,06,338","12,45,879",53.62
TATACONSUM,EQ,2024-09-27,"1,213.45","1,213.95","1,215.70","1,199.00","1,202.00","1,201.55","1,205.26","21,77,204","2,62,40,90,764.55","74,731","15,82,468",72.68
TATACONSUM,EQ,2024-09-30,"1,201.55","1,194.95","1,213.65","1,194.95","1,197.00","1,196.95","1,200.53","12,23,096","1,46,83,65,054.10","44,540","8,46,080",69.18
TATACONSUM,EQ,2024-10-01,"1,196.95","1,196.95","1,205.45","1,191.60","1,195.00","1,196.25","1,197.17","8,92,381","1,06,83,32,277.05","58,771","5,35,819",60.04
TATACONSUM,EQ,2024-10-03,"1,196.25","1,186.00","1,190.00","1,150.15","1,155.20","1,152.75","1,161.65","19,12,206","2,22,13,07,562.35","92,483","12,24,737",64.05
TATACONSUM,EQ,2024-10-04,"1,152.75","1,150.00","1,154.75","1,125.20","1,136.30","1,130.40","1,138.71","17,73,781","2,01,98,20,079.90","78,875","11,09,355",62.54
TATACONSUM,EQ,2024-10-07,"1,130.40","1,130.40","1,142.65","1,106.95","1,115.95","1,111.40","1,118.62","15,42,124","1,72,50,54,005.25","68,854","8,41,437",54.56
TATACONSUM,EQ,2024-10-08,"1,111.40","1,111.40","1,124.40","1,105.45","1,123.90","1,119.05","1,114.53","17,38,272","1,93,73,63,566.15","81,862","11,18,189",64.33
TATACONSUM,EQ,2024-10-09,"1,119.05","1,127.00","1,132.00","1,110.00","1,121.00","1,117.80","1,118.22","13,22,027","1,47,83,11,002.15","58,781","6,81,529",51.55
TATACONSUM,EQ,2024-10-10,"1,117.80","1,117.80","1,129.00","1,111.40","1,116.35","1,114.15","1,118.10","11,76,370","1,31,53,03,211.15","78,107","4,76,796",40.53
TATACONSUM,EQ,2024-10-11,"1,114.15","1,118.00","1,122.35","1,101.65","1,114.00","1,113.10","1,111.57","5,69,469","63,30,01,896.65","34,307","2,14,050",37.59
TATACONSUM,EQ,2024-10-14,"1,113.10","1,120.00","1,138.00","1,105.60","1,115.00","1,113.55","1,113.05","5,13,799","57,18,82,347.50","33,927","2,11,406",41.15
TATACONSUM,EQ,2024-10-15,"1,113.55","1,116.00","1,119.00","1,106.10","1,115.75","1,115.25","1,113.48","7,68,815","85,60,59,783.60","36,403","5,00,299",65.07
TATACONSUM,EQ,2024-10-16,"1,115.25","1,115.20","1,120.00","1,102.10","1,114.75","1,113.95","1,111.21","7,38,403","82,05,23,642.35","43,994","4,24,973",57.55
TATACONSUM,EQ,2024-10-17,"1,113.95","1,113.00","1,117.00","1,087.65","1,088.50","1,090.15","1,096.00","9,75,432","1,06,90,70,987.00","53,313","5,12,842",52.58
TATACONSUM,EQ,2024-10-18,"1,090.15","1,090.15","1,098.15","1,072.05","1,097.00","1,093.25","1,085.04","9,53,926","1,03,50,45,484.50","50,516","4,87,717",51.13
TATACONSUM,EQ,2024-10-21,"1,093.25","1,047.00","1,059.45",986.35,"1,015.90","1,017.05","1,009.60","1,14,84,692","11,59,49,34,034.15","3,19,862","52,29,804",45.54
TATACONSUM,EQ,2024-10-22,"1,017.05","1,023.30","1,023.85",994.50,999.85,998.25,"1,003.77","27,42,491","2,75,28,39,783.35","1,27,208","15,60,263",56.89
TATACONSUM,EQ,2024-10-23,998.25,"1,000.00","1,016.80",995.00,"1,016.00","1,014.55","1,009.28","19,36,612","1,95,45,84,103.10","80,276","10,63,393",54.91
TATACONSUM,EQ,2024-10-24,"1,014.55","1,017.95","1,022.10",994.90,997.60,996.45,"1,003.20","20,14,701","2,02,11,50,585.50","1,07,497","11,96,194",59.37
TATACONSUM,EQ,2024-10-25,996.45,996.90,"1,003.55",970.50,974.60,973.05,980.82,"22,58,366","2,21,50,56,550.25","81,495","14,61,813",64.73
TATACONSUM,EQ,2024-10-28,973.05,973.05,983.35,964.00,980.40,975.90,974.41,"23,64,081","2,30,35,88,005.40","1,22,219","15,31,085",64.76
TATACONSUM,EQ,2024-10-29,975.90,982.00,995.30,973.80,992.45,992.05,987.54,"12,56,095","1,24,04,49,073.55","61,943","7,19,087",57.25
TATACONSUM,EQ,2024-10-30,992.05,991.25,"1,027.00",988.15,"1,022.20","1,022.70","1,018.15","20,48,134","2,08,53,13,025.40","80,224","9,80,298",47.86
TATACONSUM,EQ,2024-10-31,"1,022.70","1,025.00","1,027.90",997.10,"1,002.40","1,002.55","1,004.66","13,81,633","1,38,80,66,213.60","76,018","7,71,896",55.87
TATACONSUM,EQ,2024-11-01,"1,002.55","1,002.55","1,012.00","1,000.00","1,004.20","1,004.10","1,005.06","2,12,772","21,38,48,667.10","13,224","1,05,672",49.66
TATACONSUM,EQ,2024-11-04,"1,004.10",998.00,"1,000.95",976.05,994.50,994.60,987.93,"14,27,199","1,40,99,77,940.70","64,019","7,10,463",49.78
TATACONSUM,EQ,2024-11-05,994.60,985.10,"1,013.10",985.10,999.70,"1,000.75","1,003.25","11,63,041","1,16,68,23,460.55","52,389","5,09,515",43.81
TATACONSUM,EQ,2024-11-06,"1,000.75","1,002.00","1,010.65",997.90,"1,004.05","1,007.05","1,006.02","6,83,591","68,77,07,219.55","40,357","3,64,360",53.3
TATACONSUM,EQ,2024-11-07,"1,007.05","1,007.50","1,010.00",983.55,986.30,984.85,989.71,"11,44,864","1,13,30,84,890.80","52,630","6,89,643",60.24
TATACONSUM,EQ,2024-11-08,984.85,989.00,997.30,975.40,992.50,992.95,991.21,"9,73,252","96,46,98,930.55","49,134","5,33,343",54.8
TATACONSUM,EQ,2024-11-11,992.95,993.20,997.95,973.25,976.85,975.95,985.68,"11,08,758","1,09,28,78,146.20","58,678","6,49,209",58.55
TATACONSUM,EQ,2024-11-12,975.95,975.95,986.35,965.55,967.00,967.55,972.67,"9,68,082","94,16,26,003.10","48,845","5,73,292",59.22
TATACONSUM,EQ,2024-11-13,967.55,965.00,969.95,950.00,954.00,952.75,957.41,"9,48,691","90,82,90,874.70","60,759","5,65,657",59.62
TATACONSUM,EQ,2024-11-14,952.75,950.00,955.25,922.00,930.40,925.00,934.99,"19,50,720","1,82,39,03,628.20","1,04,335","9,73,422",49.9
TATACONSUM,EQ,2024-11-18,925.00,929.80,942.50,916.00,932.00,930.75,928.46,"21,93,819","2,03,68,80,090.10","89,800","11,42,670",52.09
TATACONSUM,EQ,2024-11-19,930.75,935.00,940.50,915.05,917.65,917.15,928.96,"18,44,903","1,71,38,39,316.30","73,737","12,14,229",65.82
TATACONSUM,EQ,2024-11-21,917.15,917.15,922.00,900.50,913.50,911.70,911.31,"15,50,618","1,41,30,95,429.15","90,152","7,72,347",49.81
TATACONSUM,EQ,2024-11-22,911.70,916.25,948.50,912.85,943.00,945.20,938.93,"14,27,895","1,34,06,89,800.20","73,495","7,70,904",53.99
TATACONSUM,EQ,2024-11-25,945.20,950.00,962.75,946.60,955.60,955.70,955.62,"24,68,847","2,35,92,78,889.20","74,102","16,20,973",65.66
TATACONSUM,EQ,2024-11-26,955.70,960.00,967.45,951.95,963.45,963.55,961.49,"6,38,057","61,34,85,418.45","37,828","2,62,250",41.1
TATACONSUM,EQ,2024-11-27,963.55,964.00,965.10,952.70,961.25,960.05,958.63,"7,86,040","75,35,18,759.10","46,046","4,44,871",56.6
TATACONSUM,EQ,2024-11-28,960.05,960.00,972.70,938.30,945.80,941.05,950.23,"18,34,887","1,74,35,69,118.30","1,14,123","10,43,757",56.88
TATACONSUM,EQ,2024-11-29,941.05,941.80,964.40,941.50,958.90,958.65,958.53,"14,82,253","1,42,07,86,905.20","63,521","8,33,290",56.22
TATACONSUM,EQ,2024-12-02,958.65,958.65,962.85,947.30,956.15,957.00,954.73,"9,16,920","87,54,13,154.75","52,790","4,63,686",50.57
TATACONSUM,EQ,2024-12-03,957.00,958.05,959.75,948.65,955.90,955.00,953.18,"13,46,981","1,28,39,10,998.75","93,274","8,67,283",64.39
TATACONSUM,EQ,2024-12-04,955.00,956.00,963.85,949.65,960.20,961.20,958.88,"12,36,061","1,18,52,29,607.55","50,537","8,07,658",65.34
TATACONSUM,EQ,2024-12-05,961.20,965.00,970.95,946.25,965.80,966.45,962.37,"20,43,341","1,96,64,57,693.55","1,01,787","10,29,041",50.36
TATACONSUM,EQ,2024-12-06,966.45,970.00,976.40,964.10,975.50,974.45,972.45,"18,93,714","1,84,15,44,595.75","51,299","9,85,972",52.07
TATACONSUM,EQ,2024-12-09,974.45,974.00,974.00,931.50,934.20,933.95,938.12,"36,79,131","3,45,14,71,956.35","1,06,541","19,68,673",53.51
TATACONSUM,EQ,2024-12-10,933.95,938.50,938.60,925.20,929.30,926.75,929.37,"19,90,270","1,84,96,90,441.25","62,205","13,85,331",69.61
TATACONSUM,EQ,2024-12-11,926.75,931.40,942.95,929.40,934.60,935.05,936.71,"13,56,603","1,27,07,48,584.80","59,234","6,09,300",44.91
TATACONSUM,EQ,2024-12-12,935.05,937.00,938.45,916.00,922.00,921.25,920.81,"19,13,140","1,76,16,40,058.60","82,904","8,36,121",43.7
TATACONSUM,EQ,2024-12-13,921.25,919.25,931.00,907.40,929.00,929.70,921.91,"12,78,151","1,17,83,37,636.95","66,381","5,32,649",41.67
TATACONSUM,EQ,2024-12-16,929.70,929.70,934.65,917.00,920.00,920.35,922.86,"8,48,667","78,31,99,467.80","47,563","3,99,378",47.06
TATACONSUM,EQ,2024-12-17,920.35,920.35,922.00,900.00,903.00,904.90,907.16,"15,97,108","1,44,88,34,958.45","83,975","8,49,505",53.19
TATACONSUM,EQ,2024-12-18,904.90,905.00,916.90,904.45,909.90,909.35,911.11,"11,54,541","1,05,19,12,756.65","47,012","5,84,189",50.6
TATACONSUM,EQ,2024-12-19,909.35,908.00,918.00,901.10,907.00,907.10,911.10,"25,89,001","2,35,88,39,192.10","81,315","13,34,391",51.54
TATACONSUM,EQ,2024-12-20,907.10,907.00,916.50,882.90,894.45,889.45,897.62,"24,41,036","2,19,11,21,687.75","76,349","14,70,406",60.24
TATACONSUM,EQ,2024-12-23,889.45,894.95,906.00,890.00,900.40,902.75,898.31,"10,54,695","94,74,46,171.35","54,923","4,77,488",45.27
TATACONSUM,EQ,2024-12-24,902.75,904.95,912.95,896.80,905.00,907.30,907.84,"10,38,280","94,25,93,704.70","38,242","4,69,222",45.19
TATACONSUM,EQ,2024-12-26,907.30,908.00,911.35,898.60,900.00,900.95,903.51,"5,95,956","53,84,52,783.95","42,475","2,57,122",43.14
TATACONSUM,EQ,2024-12-27,900.95,902.00,911.40,899.00,906.90,907.95,906.92,"8,70,974","78,99,05,392.50","40,906","4,35,485",50.0
TATACONSUM,EQ,2024-12-30,907.95,907.95,912.00,898.70,902.05,903.50,904.56,"18,30,048","1,65,53,96,422.40","64,736","11,91,997",65.13
TATACONSUM,EQ,2024-12-31,903.50,899.00,917.15,893.10,915.00,914.70,909.02,"11,20,133","1,01,82,27,188.95","47,877","6,04,248",53.94
