Symbol,Series,Date,Prev Close,Open Price,High Price,Low Price,Last Price,Close Price,Average Price,Total Traded Quantity,Turnover ₹,No. of Trades,Deliverable Qty,% Dly Qt to Traded Qty
TATASTEEL,EQ,2014-01-01,424.2,425.0,426.8,423.65,426.0,425.9,425.61,"11,93,408","50,79,20,530.40","18,827","3,41,371",28.6
TATASTEEL,EQ,2014-01-02,425.9,426.0,435.5,417.0,418.0,419.2,427.92,"40,00,266","1,71,17,75,549.35","58,196","8,12,554",20.31
TATASTEEL,EQ,2014-01-03,419.2,416.5,419.4,409.0,413.25,412.5,413.1,"31,83,770","1,31,52,02,482.90","47,622","10,28,243",32.3
TATASTEEL,EQ,2014-01-06,412.5,410.95,415.7,404.6,407.7,408.3,410.35,"27,04,614","1,10,98,47,972.40","38,597","5,12,120",18.94
TATASTEEL,EQ,2014-01-07,408.3,409.9,411.9,392.55,393.0,394.7,400.72,"39,00,410","1,56,29,80,259.25","63,469","10,57,570",27.11
TATASTEEL,EQ,2014-01-08,394.7,394.65,397.25,389.6,391.4,392.4,393.53,"45,41,009","1,78,70,33,553.50","93,400","12,82,983",28.25
TATASTEEL,EQ,2014-01-09,392.4,394.35,399.3,387.6,391.2,390.8,393.17,"39,88,227","1,56,80,70,760.95","66,816","8,60,296",21.57
TATASTEEL,EQ,2014-01-10,390.8,392.8,393.2,383.5,384.0,384.5,387.56,"32,65,618","1,26,56,32,066.05","49,272","7,56,926",23.18
TATASTEEL,EQ,2014-01-13,384.5,385.25,389.2,381.75,387.2,385.95,385.61,"27,48,209","1,05,97,35,571.45","45,737","5,72,748",20.84
TATASTEEL,EQ,2014-01-14,385.95,385.0,389.0,373.3,374.25,374.35,379.18,"36,45,778","1,38,24,11,249.20","50,669","9,96,040",27.32
TATASTEEL,EQ,2014-01-15,374.35,376.0,380.0,372.6,375.45,375.0,376.51,"33,07,933","1,24,54,61,759.35","63,933","11,05,226",33.41
TATASTEEL,EQ,2014-01-16,375.0,376.5,384.5,375.85,381.0,381.1,381.69,"36,44,145","1,39,09,42,089.85","49,491","7,58,701",20.82
TATASTEEL,EQ,2014-01-17,381.1,381.0,385.7,375.15,378.3,377.65,379.91,"34,36,367","1,30,55,05,356.65","52,679","10,56,700",30.75
TATASTEEL,EQ,2014-01-20,377.65,377.5,379.25,370.1,374.95,374.55,373.74,"32,85,182","1,22,78,07,036.15","46,328","9,71,223",29.56
TATASTEEL,EQ,2014-01-21,374.55,376.0,386.0,376.0,386.0,383.6,381.24,"40,92,506","1,56,02,31,788.70","45,560","11,98,624",29.29
TATASTEEL,EQ,2014-01-22,383.6,384.3,394.0,384.3,392.85,393.25,390.94,"46,33,136","1,81,12,58,203.65","66,808","11,33,247",24.46
TATASTEEL,EQ,2014-01-23,393.25,392.85,393.0,387.1,388.75,389.25,389.49,"24,97,038","97,25,60,542.75","37,258","5,32,043",21.31
TATASTEEL,EQ,2014-01-24,389.25,385.1,386.0,374.45,376.5,376.0,378.34,"29,81,354","1,12,79,69,758.05","51,220","8,97,255",30.1
TATASTEEL,EQ,2014-01-27,376.0,369.4,369.65,352.0,353.7,353.55,359.43,"44,13,205","1,58,62,21,422.05","70,581","15,95,692",36.16
TATASTEEL,EQ,2014-01-28,353.55,354.0,368.9,352.5,365.8,366.65,361.94,"48,50,538","1,75,55,87,226.75","73,114","12,36,766",25.5
TATASTEEL,EQ,2014-01-29,366.65,368.5,369.35,356.25,359.2,358.0,361.32,"45,38,964","1,64,00,01,422.10","73,680","18,95,553",41.76
TATASTEEL,EQ,2014-01-30,358.0,353.0,354.0,341.2,348.7,346.55,347.04,"56,17,880","1,94,96,25,477.45","87,849","22,13,271",39.4
TATASTEEL,EQ,2014-01-31,346.55,348.4,357.9,347.55,355.7,356.05,354.56,"51,96,593","1,84,24,96,970.20","1,05,350","23,88,283",45.96
TATASTEEL,EQ,2014-02-03,356.05,354.9,354.9,342.05,342.15,343.1,347.17,"35,59,039","1,23,55,96,271.70","85,886","11,75,599",33.03
TATASTEEL,EQ,2014-02-04,343.1,338.05,346.85,336.05,345.2,342.95,342.0,"72,71,517","2,48,68,62,557.15","1,00,456","36,53,835",50.25
TATASTEEL,EQ,2014-02-05,342.95,344.85,360.9,344.05,360.5,359.4,352.14,"47,57,607","1,67,53,48,083.15","79,597","10,57,202",22.22
TATASTEEL,EQ,2014-02-06,359.4,361.9,367.2,356.25,361.5,361.25,361.79,"64,70,705","2,34,10,05,941.30","97,260","21,39,200",33.06
TATASTEEL,EQ,2014-02-07,361.25,362.6,387.0,362.6,386.45,384.45,377.74,"1,17,21,063","4,42,74,95,153.05","1,54,931","42,99,440",36.68
TATASTEEL,EQ,2014-02-10,384.45,386.9,393.2,380.55,382.55,382.5,386.68,"62,43,610","2,41,42,66,861.05","78,889","11,51,170",18.44
TATASTEEL,EQ,2014-02-11,382.5,387.0,393.0,385.3,391.8,389.75,388.37,"42,73,585","1,65,97,40,775.35","57,925","8,35,525",19.55
TATASTEEL,EQ,2014-02-12,389.75,385.55,386.9,372.75,373.8,374.35,378.35,"93,79,584","3,54,88,09,615.85","1,16,319","24,52,619",26.15
TATASTEEL,EQ,2014-02-13,374.35,376.0,378.8,365.2,365.2,367.45,372.89,"58,52,885","2,18,25,05,414.00","87,770","8,36,509",14.29
TATASTEEL,EQ,2014-02-14,367.45,368.9,372.4,359.45,371.95,370.8,366.87,"60,37,488","2,21,49,70,879.10","83,506","10,76,287",17.83
TATASTEEL,EQ,2014-02-17,370.8,371.45,375.4,366.5,375.3,374.05,371.44,"34,31,363","1,27,45,43,392.10","50,643","4,42,845",12.91
TATASTEEL,EQ,2014-02-18,374.05,373.95,381.9,372.1,380.7,379.65,378.72,"36,06,426","1,36,58,18,825.40","56,428","7,53,859",20.9
TATASTEEL,EQ,2014-02-19,379.65,379.85,379.9,371.15,374.0,373.85,374.06,"31,67,125","1,18,47,02,905.05","59,104","7,82,966",24.72
TATASTEEL,EQ,2014-02-20,373.85,369.15,369.8,364.0,366.7,366.75,366.63,"42,79,353","1,56,89,28,304.05","66,517","9,62,660",22.5
TATASTEEL,EQ,2014-02-21,366.75,366.75,375.75,366.75,375.35,374.4,372.76,"31,82,327","1,18,62,53,841.75","53,175","7,94,703",24.97
TATASTEEL,EQ,2014-02-24,374.4,373.8,373.8,366.3,369.3,369.2,368.57,"32,73,797","1,20,66,11,538.60","48,432","11,29,358",34.5
TATASTEEL,EQ,2014-02-25,369.2,369.6,372.05,359.6,360.1,360.55,364.91,"43,86,451","1,60,06,79,415.00","72,971","15,17,506",34.6
TATASTEEL,EQ,2014-02-26,360.55,361.05,362.85,348.4,349.2,349.3,351.92,"1,00,93,075","3,55,19,46,726.40","1,28,397","50,55,371",50.09
TATASTEEL,EQ,2014-02-28,349.3,351.0,354.6,340.7,344.0,343.8,346.69,"98,94,260","3,43,02,01,846.00","1,29,189","37,27,469",37.67
TATASTEEL,EQ,2014-03-03,343.8,344.0,349.5,340.7,344.0,345.3,345.6,"56,95,060","1,96,82,27,947.85","88,470","15,77,371",27.7
TATASTEEL,EQ,2014-03-04,345.3,346.5,352.5,345.35,352.05,351.75,350.45,"57,05,466","1,99,94,79,958.40","77,182","16,06,753",28.16
TATASTEEL,EQ,2014-03-05,351.75,354.8,359.8,351.75,355.1,355.95,356.49,"66,41,895","2,36,77,62,820.30","86,802","23,87,418",35.94
TATASTEEL,EQ,2014-03-06,355.95,358.0,365.4,356.0,365.1,364.2,360.74,"57,00,885","2,05,65,54,893.95","81,581","15,76,773",27.66
TATASTEEL,EQ,2014-03-07,364.2,368.2,373.4,364.55,370.0,371.1,369.91,"63,17,650","2,33,69,60,806.55","94,128","23,08,235",36.54
TATASTEEL,EQ,2014-03-10,371.1,368.25,370.8,362.45,363.1,364.15,366.19,"49,58,200","1,81,56,42,666.45","77,056","13,41,263",27.05
TATASTEEL,EQ,2014-03-11,364.15,364.15,364.4,342.35,343.1,343.75,349.79,"91,47,669","3,19,97,86,701.25","1,32,257","37,98,937",41.53
TATASTEEL,EQ,2014-03-12,343.75,341.0,348.65,337.35,340.0,339.6,342.79,"87,36,836","2,99,49,26,184.35","1,20,377","21,84,465",25.0
TATASTEEL,EQ,2014-03-13,339.6,342.0,347.9,334.25,336.5,336.85,343.13,"55,69,432","1,91,10,29,887.70","92,068","18,11,079",32.52
TATASTEEL,EQ,2014-03-14,336.85,334.0,342.8,332.0,342.7,341.7,338.57,"61,59,893","2,08,55,57,783.75","86,101","14,55,157",23.62
TATASTEEL,EQ,2014-03-18,341.7,346.0,348.0,339.1,340.4,340.7,344.23,"41,53,837","1,42,98,58,002.60","59,362","12,51,684",30.13
TATASTEEL,EQ,2014-03-19,340.7,343.4,359.35,340.2,356.4,356.6,352.76,"95,74,067","3,37,73,81,936.60","1,50,592","27,24,474",28.46
TATASTEEL,EQ,2014-03-20,356.6,357.2,359.85,347.65,350.6,349.95,353.59,"50,69,953","1,79,26,76,089.40","68,318","7,76,156",15.31
TATASTEEL,EQ,2014-03-21,349.95,351.2,365.0,351.2,362.1,362.85,360.73,"81,53,410","2,94,11,77,460.45","1,13,014","24,02,949",29.47
TATASTEEL,EQ,2014-03-22,362.85,362.7,363.75,360.25,362.55,362.3,362.0,"6,63,478","24,01,80,614.15","7,532","1,81,025",27.28
TATASTEEL,EQ,2014-03-24,362.3,364.8,367.0,356.15,364.0,363.1,361.67,"55,81,055","2,01,84,91,001.85","78,524","11,34,278",20.32
TATASTEEL,EQ,2014-03-25,363.1,362.2,371.65,361.55,366.5,367.1,368.22,"52,78,942","1,94,38,35,038.75","80,442","13,18,602",24.98
TATASTEEL,EQ,2014-03-26,367.1,371.4,376.0,370.3,375.2,374.8,373.34,"55,87,071","2,08,58,53,140.20","89,128","17,97,456",32.17
TATASTEEL,EQ,2014-03-27,374.8,375.0,379.45,373.25,375.5,375.4,376.36,"57,41,308","2,16,08,25,210.10","66,925","24,34,964",42.41
TATASTEEL,EQ,2014-03-28,375.4,378.8,383.75,376.0,382.15,381.5,380.03,"37,58,230","1,42,82,46,193.70","53,224","13,56,196",36.09
TATASTEEL,EQ,2014-03-31,381.5,384.65,396.35,383.0,393.8,393.95,389.95,"70,39,653","2,74,51,36,236.85","1,02,231","19,65,575",27.92
TATASTEEL,EQ,2014-04-01,393.95,396.0,403.35,386.5,401.5,401.15,396.63,"83,70,865","3,32,01,59,538.15","1,16,064","26,40,263",31.54
TATASTEEL,EQ,2014-04-02,401.15,402.45,405.0,399.05,403.8,403.45,402.19,"53,62,914","2,15,69,01,329.65","73,848","21,01,540",39.19
TATASTEEL,EQ,2014-04-03,403.45,403.4,412.0,393.75,397.2,397.65,402.22,"70,48,419","2,83,50,19,909.15","95,258","25,64,019",36.38
TATASTEEL,EQ,2014-04-04,397.65,399.9,404.7,395.4,401.95,402.0,401.17,"45,87,278","1,84,02,93,655.45","76,038","14,73,925",32.13
TATASTEEL,EQ,2014-04-07,402.0,402.55,407.5,398.2,407.35,406.65,403.89,"36,93,056","1,49,15,81,363.55","51,863","10,26,192",27.79
TATASTEEL,EQ,2014-04-09,406.65,410.0,419.75,408.0,419.0,418.75,415.44,"49,95,297","2,07,52,31,474.15","85,905","22,10,058",44.24
TATASTEEL,EQ,2014-04-10,418.75,418.9,424.8,411.2,415.35,417.8,418.07,"58,96,562","2,46,51,95,923.25","78,405","16,09,677",27.3
TATASTEEL,EQ,2014-04-11,417.8,415.5,423.5,411.0,418.5,419.85,418.59,"52,46,849","2,19,62,67,420.95","68,708","16,76,526",31.95
TATASTEEL,EQ,2014-04-15,419.85,419.55,424.5,407.7,408.55,409.15,414.79,"46,60,433","1,93,31,14,110.20","57,593","19,53,369",41.91
TATASTEEL,EQ,2014-04-16,409.15,410.5,416.75,404.75,413.0,413.7,412.16,"40,76,328","1,68,00,97,845.95","56,315","8,24,743",20.23
TATASTEEL,EQ,2014-04-17,413.7,412.05,419.9,411.3,418.25,418.9,416.04,"32,81,212","1,36,51,00,544.75","55,910","8,68,798",26.48
TATASTEEL,EQ,2014-04-21,418.9,419.5,425.5,417.55,421.5,423.5,421.44,"37,85,007","1,59,51,50,186.55","54,604","9,68,446",25.59
TATASTEEL,EQ,2014-04-22,423.5,423.9,423.9,418.1,421.4,420.85,421.0,"32,67,173","1,37,54,64,737.70","56,469","9,47,742",29.01
TATASTEEL,EQ,2014-04-23,420.85,421.0,429.3,420.2,427.65,426.55,425.54,"50,84,230","2,16,35,26,647.15","62,594","18,52,940",36.44
TATASTEEL,EQ,2014-04-25,426.55,426.55,432.9,422.35,426.0,426.9,428.05,"47,91,037","2,05,07,86,204.80","73,667","14,71,837",30.72
TATASTEEL,EQ,2014-04-28,426.9,425.0,431.9,424.1,425.9,425.8,428.28,"33,60,036","1,43,90,29,522.65","64,067","10,81,058",32.17
TATASTEEL,EQ,2014-04-29,425.8,425.0,426.25,404.0,405.0,405.5,411.56,"68,60,458","2,82,34,56,383.50","99,458","32,54,671",47.44
TATASTEEL,EQ,2014-04-30,405.5,407.0,407.5,393.25,401.3,400.65,401.38,"71,04,453","2,85,15,91,053.40","98,468","25,31,181",35.63
TATASTEEL,EQ,2014-05-02,400.65,403.0,406.6,388.1,390.05,390.05,393.6,"58,56,380","2,30,50,68,895.55","94,218","20,36,670",34.78
TATASTEEL,EQ,2014-05-05,390.05,390.4,403.8,388.85,396.95,397.55,396.6,"52,44,203","2,07,98,67,371.60","75,745","12,27,041",23.4
TATASTEEL,EQ,2014-05-06,397.55,399.4,404.5,398.65,401.95,401.75,401.91,"36,85,956","1,48,14,06,851.70","56,801","12,32,638",33.44
TATASTEEL,EQ,2014-05-07,401.75,401.15,403.45,396.15,399.5,399.9,400.26,"26,32,775","1,05,38,02,110.20","35,746","4,19,369",15.93
TATASTEEL,EQ,2014-05-08,399.9,401.2,406.25,398.4,401.5,402.0,402.85,"33,02,144","1,33,02,71,163.35","48,377","7,86,132",23.81
TATASTEEL,EQ,2014-05-09,402.0,400.0,420.75,399.1,415.9,416.7,411.11,"64,79,786","2,66,39,11,194.05","88,501","21,34,093",32.93
TATASTEEL,EQ,2014-05-12,416.7,416.95,426.9,416.1,419.9,420.05,422.29,"52,47,544","2,21,59,85,512.65","90,523","20,63,032",39.31
TATASTEEL,EQ,2014-05-13,420.05,424.15,441.5,421.25,425.5,427.1,432.23,"89,28,375","3,85,90,82,423.95","1,22,549","23,87,302",26.74
TATASTEEL,EQ,2014-05-14,427.1,429.95,454.7,429.9,452.5,452.35,444.51,"1,08,59,760","4,82,73,10,555.30","1,39,931","29,19,289",26.88
TATASTEEL,EQ,2014-05-15,452.35,456.9,468.0,450.75,461.0,460.6,459.82,"1,42,71,600","6,56,23,32,887.05","1,77,672","37,63,543",26.37
TATASTEEL,EQ,2014-05-16,460.6,473.0,485.85,427.2,440.0,440.9,456.23,"1,95,19,136","8,90,52,24,390.40","2,12,953","79,91,754",40.94
TATASTEEL,EQ,2014-05-19,440.9,445.0,460.25,435.6,450.95,450.75,449.98,"1,09,68,730","4,93,57,08,123.75","1,31,420","41,07,994",37.45
TATASTEEL,EQ,2014-05-20,450.75,453.5,474.35,453.5,466.9,467.15,467.09,"90,99,253","4,25,01,83,623.00","1,27,100","28,55,366",31.38
TATASTEEL,EQ,2014-05-21,467.15,467.95,470.35,457.2,462.0,462.55,464.48,"54,86,733","2,54,84,79,032.20","90,345","17,74,132",32.33
TATASTEEL,EQ,2014-05-22,462.55,465.0,477.8,464.95,471.9,470.9,473.05,"58,16,329","2,75,14,39,325.55","83,046","22,05,948",37.93
TATASTEEL,EQ,2014-05-23,470.9,472.0,483.0,469.35,479.8,478.2,476.52,"56,94,313","2,71,34,31,474.05","68,198","14,11,033",24.78
TATASTEEL,EQ,2014-05-26,478.2,482.1,495.0,452.6,471.0,467.65,482.31,"77,59,635","3,74,25,38,946.10","96,181","25,59,751",32.99
TATASTEEL,EQ,2014-05-27,467.65,466.35,478.95,461.55,478.0,477.6,471.36,"47,50,585","2,23,92,48,146.25","63,786","9,54,905",20.1
TATASTEEL,EQ,2014-05-28,477.6,480.2,483.5,467.0,470.1,469.25,473.51,"38,15,468","1,80,66,64,926.80","53,972","10,05,057",26.34
TATASTEEL,EQ,2014-05-29,469.25,471.0,474.5,463.4,465.7,465.95,467.87,"42,74,219","1,99,97,94,534.95","53,437","17,69,829",41.41
TATASTEEL,EQ,2014-05-30,465.95,467.0,477.0,463.0,474.5,475.1,473.21,"51,97,150","2,45,93,50,553.25","74,387","22,52,887",43.35
TATASTEEL,EQ,2014-06-02,475.1,475.8,495.6,471.45,494.7,492.9,485.38,"55,57,057","2,69,73,07,876.45","70,539","16,66,825",29.99
TATASTEEL,EQ,2014-06-03,492.9,497.5,528.35,496.0,526.0,526.8,514.58,"1,25,11,741","6,43,82,56,720.00","1,71,258","41,80,997",33.42
TATASTEEL,EQ,2014-06-04,526.8,527.25,543.4,525.1,539.0,537.4,537.47,"1,07,41,509","5,77,32,88,343.00","1,44,970","43,23,448",40.25
TATASTEEL,EQ,2014-06-05,537.4,539.8,560.75,538.05,560.5,556.95,549.09,"91,41,879","5,01,96,78,085.65","2,76,648","35,17,964",38.48
TATASTEEL,EQ,2014-06-06,556.95,564.5,568.75,552.3,560.0,560.65,559.65,"75,66,548","4,23,46,03,635.10","3,17,219","27,18,188",35.92
TATASTEEL,EQ,2014-06-09,560.65,565.0,579.9,560.0,575.4,575.25,573.57,"58,98,562","3,38,32,26,827.95","1,48,155","17,64,055",29.91
TATASTEEL,EQ,2014-06-10,575.25,575.0,575.0,552.45,558.5,558.7,558.4,"55,90,663","3,12,18,52,820.20","85,854","19,42,100",34.74
TATASTEEL,EQ,2014-06-11,558.7,559.9,565.8,545.1,546.5,549.45,555.49,"51,70,644","2,87,22,39,728.85","76,396","13,26,795",25.66
TATASTEEL,EQ,2014-06-12,549.45,549.0,557.95,543.6,550.0,549.65,551.84,"37,18,715","2,05,21,49,291.40","61,500","8,02,369",21.58
TATASTEEL,EQ,2014-06-13,549.65,548.55,553.25,523.95,524.2,525.55,537.87,"43,32,932","2,33,05,74,527.15","72,671","11,71,216",27.03
TATASTEEL,EQ,2014-06-16,525.55,524.7,529.3,512.0,523.5,524.6,520.14,"69,75,041","3,62,80,26,207.05","90,263","27,05,161",38.78
TATASTEEL,EQ,2014-06-17,524.6,525.0,534.2,513.0,533.5,532.3,522.22,"66,67,725","3,48,20,39,567.45","1,35,326","24,24,820",36.37
TATASTEEL,EQ,2014-06-18,532.3,536.1,539.85,518.0,519.9,521.9,529.51,"56,15,331","2,97,33,92,462.80","69,078","17,30,116",30.81
TATASTEEL,EQ,2014-06-19,521.9,525.0,526.4,515.0,517.9,519.45,520.45,"40,81,891","2,12,44,40,159.65","71,970","10,13,439",24.83
TATASTEEL,EQ,2014-06-20,519.45,519.0,534.5,517.8,521.5,519.9,524.93,"54,68,014","2,87,03,37,080.20","90,180","16,94,489",30.99
TATASTEEL,EQ,2014-06-23,519.9,520.9,528.6,520.5,527.45,526.9,525.33,"34,04,063","1,78,82,43,514.70","60,291","8,56,870",25.17
TATASTEEL,EQ,2014-06-24,526.9,527.5,535.9,527.45,533.0,532.3,532.28,"30,21,777","1,60,84,19,901.05","54,535","6,95,170",23.01
TATASTEEL,EQ,2014-06-25,532.3,533.1,538.0,530.1,530.6,530.95,533.62,"22,99,798","1,22,72,21,253.00","38,644","5,70,835",24.82
TATASTEEL,EQ,2014-06-26,530.95,532.0,536.5,523.8,527.15,525.8,528.91,"32,83,972","1,73,69,34,954.55","44,551","11,57,409",35.24
TATASTEEL,EQ,2014-06-27,525.8,528.7,531.0,517.0,518.8,518.9,521.95,"32,05,193","1,67,29,65,734.95","51,737","11,50,363",35.89
TATASTEEL,EQ,2014-06-30,518.9,521.4,530.6,519.75,526.65,528.4,526.88,"37,69,991","1,98,63,39,238.30","41,345","20,01,165",53.08
TATASTEEL,EQ,2014-07-01,528.4,530.0,545.3,530.0,541.25,540.65,540.7,"53,12,672","2,87,25,75,558.10","68,063","16,91,258",31.83
TATASTEEL,EQ,2014-07-02,540.65,547.0,549.9,542.5,543.1,543.5,545.82,"32,52,798","1,77,54,46,771.55","47,176","9,10,964",28.01
TATASTEEL,EQ,2014-07-03,543.5,547.2,549.5,537.25,539.8,539.05,543.29,"33,97,649","1,84,59,01,166.45","50,301","10,14,072",29.85
TATASTEEL,EQ,2014-07-04,539.05,545.0,545.0,531.2,536.55,536.6,537.04,"36,37,783","1,95,36,52,317.60","45,322","11,45,148",31.48
TATASTEEL,EQ,2014-07-07,536.6,537.1,542.9,533.6,535.6,536.05,538.3,"25,44,120","1,36,95,06,433.55","41,772","9,79,136",38.49
TATASTEEL,EQ,2014-07-08,536.05,538.0,539.7,510.0,515.0,513.55,524.89,"36,22,183","1,90,12,48,550.95","56,919","13,86,632",38.28
TATASTEEL,EQ,2014-07-09,513.55,516.0,526.75,511.15,519.5,518.35,519.25,"51,87,706","2,69,37,24,223.45","81,299","19,60,578",37.79
TATASTEEL,EQ,2014-07-10,518.35,520.0,537.85,510.05,520.0,521.4,524.46,"68,31,395","3,58,28,18,434.10","1,01,146","22,76,722",33.33
TATASTEEL,EQ,2014-07-11,521.4,520.0,524.25,499.25,502.0,501.9,509.79,"60,94,463","3,10,68,78,141.65","81,183","24,56,107",40.3
TATASTEEL,EQ,2014-07-14,501.9,496.8,517.4,492.25,514.6,513.4,508.24,"76,59,509","3,89,28,67,056.55","1,14,508","37,17,780",48.54
TATASTEEL,EQ,2014-07-15,513.4,518.8,530.0,514.4,529.35,527.15,521.44,"44,48,855","2,31,98,17,848.10","69,206","16,12,866",36.25
TATASTEEL,EQ,2014-07-16,527.15,531.5,546.0,525.5,545.15,542.7,534.46,"44,08,636","2,35,62,26,423.90","68,883","14,35,517",32.56
TATASTEEL,EQ,2014-07-17,542.7,543.0,560.0,540.25,558.7,558.8,553.8,"70,26,522","3,89,12,67,426.60","92,535","29,09,868",41.41
TATASTEEL,EQ,2014-07-18,558.8,556.0,568.5,549.2,562.75,563.0,561.32,"72,95,335","4,09,50,26,250.25","1,06,978","21,55,837",29.55
TATASTEEL,EQ,2014-07-21,563.0,564.0,571.9,560.15,562.4,562.7,565.28,"43,89,860","2,48,15,11,111.80","86,980","14,48,583",33.0
TATASTEEL,EQ,2014-07-22,562.7,567.0,569.25,555.4,562.5,562.2,562.33,"40,24,568","2,26,31,42,698.70","53,653","7,53,789",18.73
TATASTEEL,EQ,2014-07-23,562.2,565.5,565.95,550.55,555.15,554.55,556.34,"42,19,828","2,34,76,54,544.55","52,593","14,79,021",35.05
TATASTEEL,EQ,2014-07-24,554.55,557.0,571.4,553.15,567.95,568.1,565.47,"63,88,530","3,61,25,47,943.70","96,067","22,00,140",34.44
TATASTEEL,EQ,2014-07-25,568.1,570.0,574.35,552.0,557.0,557.6,561.82,"59,00,847","3,31,52,31,097.10","84,323","15,49,481",26.26
TATASTEEL,EQ,2014-07-28,557.6,560.1,564.4,544.25,547.05,548.5,552.52,"50,45,845","2,78,79,35,638.85","66,429","18,70,687",37.07
TATASTEEL,EQ,2014-07-30,548.5,551.0,551.95,537.4,544.6,546.1,543.26,"61,95,079","3,36,55,25,225.05","90,457","33,99,244",54.87
TATASTEEL,EQ,2014-07-31,546.1,546.5,562.25,543.05,554.65,553.4,555.69,"56,81,377","3,15,71,01,088.05","79,504","22,50,975",39.62
TATASTEEL,EQ,2014-08-01,553.4,548.0,565.9,544.5,548.5,548.75,555.96,"65,45,344","3,63,89,68,467.90","95,527","22,79,504",34.83
TATASTEEL,EQ,2014-08-04,548.75,551.35,557.0,543.85,552.0,551.85,551.18,"55,26,600","3,04,61,73,091.30","58,328","24,99,328",45.22
TATASTEEL,EQ,2014-08-05,551.85,554.1,566.0,545.0,565.5,562.2,553.45,"54,98,695","3,04,32,29,449.65","67,869","14,91,395",27.12
TATASTEEL,EQ,2014-08-06,562.2,562.1,568.8,548.95,550.6,550.5,558.81,"44,82,858","2,50,50,73,953.05","51,920","11,61,083",25.9
TATASTEEL,EQ,2014-08-07,550.5,551.15,562.4,551.0,556.6,555.8,557.67,"64,52,112","3,59,81,66,008.45","79,010","17,95,879",27.83
TATASTEEL,EQ,2014-08-08,555.8,552.2,552.2,535.4,537.8,537.7,542.69,"56,41,167","3,06,14,25,045.10","69,056","17,41,623",30.87
TATASTEEL,EQ,2014-08-11,537.7,544.4,545.85,529.2,535.8,534.75,535.7,"48,25,678","2,58,51,06,352.90","64,790","13,56,629",28.11
TATASTEEL,EQ,2014-08-12,534.75,537.0,547.0,533.1,542.25,542.05,540.87,"58,30,457","3,15,35,03,178.85","76,257","16,66,443",28.58
TATASTEEL,EQ,2014-08-13,542.05,541.9,542.0,528.7,537.15,534.5,535.15,"52,06,555","2,78,63,12,089.85","63,300","11,85,501",22.77
TATASTEEL,EQ,2014-08-14,534.5,533.6,545.9,525.1,539.45,541.7,535.56,"85,53,982","4,58,11,33,292.60","1,20,994","19,13,851",22.37
TATASTEEL,EQ,2014-08-18,541.7,538.05,548.9,537.5,546.5,546.45,544.16,"46,70,295","2,54,14,09,226.75","76,333","13,78,645",29.52
TATASTEEL,EQ,2014-08-19,546.45,549.05,554.0,542.2,542.25,544.1,547.29,"44,49,560","2,43,52,13,492.65","56,753","13,92,381",31.29
TATASTEEL,EQ,2014-08-20,544.1,543.8,551.95,541.6,544.7,545.55,547.01,"44,52,314","2,43,54,48,433.30","63,453","12,59,292",28.28
TATASTEEL,EQ,2014-08-21,545.55,540.0,541.9,533.3,536.45,536.6,537.75,"43,81,550","2,35,61,72,527.50","65,576","14,84,040",33.87
TATASTEEL,EQ,2014-08-22,536.6,538.75,542.35,534.45,538.0,537.75,538.18,"29,16,358","1,56,95,24,067.65","44,693","7,48,043",25.65
TATASTEEL,EQ,2014-08-25,537.75,537.7,540.0,509.75,510.25,512.0,523.5,"56,82,478","2,97,47,90,075.00","75,626","19,07,183",33.56
TATASTEEL,EQ,2014-08-26,512.0,513.45,528.45,512.1,524.95,524.95,523.05,"68,32,634","3,57,38,40,710.75","99,945","23,53,523",34.45
TATASTEEL,EQ,2014-08-27,524.95,528.0,531.9,519.65,523.8,523.2,524.47,"30,90,598","1,62,09,15,670.75","41,348","8,22,558",26.61
TATASTEEL,EQ,2014-08-28,523.2,522.75,527.0,512.3,513.25,513.15,517.62,"42,60,179","2,20,51,49,923.30","48,962","19,39,678",45.53
TATASTEEL,EQ,2014-09-01,513.15,516.85,526.5,512.05,523.65,524.1,519.88,"53,45,574","2,77,90,43,652.50","61,221","19,81,235",37.06
TATASTEEL,EQ,2014-09-02,524.1,524.1,526.9,517.85,519.3,519.2,521.15,"36,84,677","1,92,02,68,178.40","48,211","11,76,927",31.94
TATASTEEL,EQ,2014-09-03,519.2,521.1,530.7,520.75,527.9,526.0,525.9,"54,05,641","2,84,28,38,753.00","69,673","15,43,859",28.56
TATASTEEL,EQ,2014-09-04,526.0,524.65,528.45,504.7,510.45,509.05,513.08,"55,87,461","2,86,68,34,310.65","83,573","17,55,219",31.41
TATASTEEL,EQ,2014-09-05,509.05,509.55,516.0,506.1,514.0,513.4,511.23,"43,91,128","2,24,48,70,928.10","67,338","8,62,649",19.65
TATASTEEL,EQ,2014-09-08,513.4,515.1,519.95,510.6,516.6,517.45,515.71,"37,83,166","1,95,10,04,685.45","56,608","9,75,261",25.78
TATASTEEL,EQ,2014-09-09,517.45,513.0,520.5,510.15,518.3,518.65,516.73,"31,77,200","1,64,17,53,317.25","44,596","6,40,601",20.16
TATASTEEL,EQ,2014-09-10,518.65,515.0,522.95,513.5,520.0,519.2,519.27,"38,36,014","1,99,19,39,846.60","52,064","14,75,128",38.45
TATASTEEL,EQ,2014-09-11,519.2,521.0,524.8,515.0,516.75,517.6,518.71,"42,57,474","2,20,83,80,332.50","50,416","19,54,996",45.92
TATASTEEL,EQ,2014-09-12,517.6,517.6,521.35,514.55,517.0,515.95,517.98,"44,00,187","2,27,91,90,767.50","63,739","22,12,817",50.29
TATASTEEL,EQ,2014-09-15,515.95,513.0,514.0,504.65,506.65,507.7,507.67,"38,98,635","1,97,92,35,241.00","57,819","18,08,155",46.38
TATASTEEL,EQ,2014-09-16,507.7,507.75,508.8,486.55,488.7,490.15,496.41,"54,45,788","2,70,33,60,063.25","72,844","22,44,129",41.21
TATASTEEL,EQ,2014-09-17,490.15,493.0,501.0,485.65,497.95,498.4,494.53,"52,44,467","2,59,35,29,835.90","69,773","18,55,828",35.39
TATASTEEL,EQ,2014-09-18,498.4,496.1,509.5,496.1,505.25,505.45,505.3,"48,70,457","2,46,10,47,256.60","58,504","19,14,842",39.32
TATASTEEL,EQ,2014-09-19,505.45,509.2,512.9,505.15,509.3,511.0,509.97,"49,70,783","2,53,49,53,143.40","61,816","25,45,460",51.21
TATASTEEL,EQ,2014-09-22,511.0,505.0,506.3,498.35,499.05,500.9,501.28,"33,61,564","1,68,50,96,024.10","40,995","12,34,858",36.73
TATASTEEL,EQ,2014-09-23,500.9,500.0,501.8,483.65,483.65,485.6,492.32,"39,85,633","1,96,22,10,106.55","62,336","14,29,895",35.88
TATASTEEL,EQ,2014-09-24,485.6,484.0,486.45,468.65,470.95,472.2,478.64,"69,81,750","3,34,17,35,474.80","1,10,230","27,51,733",39.41
TATASTEEL,EQ,2014-09-25,472.2,473.0,477.25,451.65,463.0,460.4,461.55,"61,48,707","2,83,79,59,866.10","88,235","21,49,241",34.95
TATASTEEL,EQ,2014-09-26,460.4,460.0,477.0,458.45,476.75,474.25,469.78,"40,05,959","1,88,19,08,308.05","77,696","11,02,929",27.53
TATASTEEL,EQ,2014-09-29,474.25,474.35,480.3,464.65,466.0,466.4,470.48,"31,22,197","1,46,89,26,165.70","48,881","8,58,509",27.5
TATASTEEL,EQ,2014-09-30,466.4,466.6,472.95,456.1,457.6,459.05,464.69,"45,52,022","2,11,52,72,534.15","67,761","12,66,257",27.82
TATASTEEL,EQ,2014-10-01,459.05,455.5,457.4,445.5,448.0,448.8,450.15,"47,70,397","2,14,74,07,603.25","79,148","14,83,815",31.1
TATASTEEL,EQ,2014-10-07,448.8,446.75,453.0,438.1,441.0,440.15,443.36,"77,29,823","3,42,71,15,090.95","94,106","38,59,222",49.93
TATASTEEL,EQ,2014-10-08,440.15,437.5,457.8,435.6,457.0,456.15,447.83,"67,06,169","3,00,32,19,078.50","1,09,093","25,13,015",37.47
TATASTEEL,EQ,2014-10-09,456.15,460.1,469.45,457.15,465.0,467.55,463.66,"49,73,938","2,30,62,21,188.25","81,187","15,52,161",31.21
TATASTEEL,EQ,2014-10-10,467.55,459.95,460.0,446.15,447.6,448.05,451.21,"49,36,128","2,22,72,07,211.95","77,239","18,85,520",38.2
TATASTEEL,EQ,2014-10-13,448.05,443.8,459.8,440.15,457.0,457.75,453.07,"37,32,722","1,69,11,83,214.65","67,842","8,46,817",22.69
TATASTEEL,EQ,2014-10-14,457.75,458.1,462.0,440.85,456.7,456.05,453.83,"58,23,642","2,64,29,70,510.65","90,950","14,18,995",24.37
TATASTEEL,EQ,2014-10-16,456.05,460.8,467.6,436.0,436.5,439.1,451.48,"82,66,426","3,73,21,23,838.55","1,11,834","31,86,005",38.54
TATASTEEL,EQ,2014-10-17,439.1,443.6,453.9,436.55,448.15,447.55,446.62,"67,09,248","2,99,64,75,297.35","1,09,036","23,98,151",35.74
TATASTEEL,EQ,2014-10-20,447.55,455.05,457.35,446.35,450.25,450.15,451.8,"43,60,635","1,97,01,22,974.05","61,486","13,39,459",30.72
TATASTEEL,EQ,2014-10-21,450.15,454.0,462.2,452.25,457.05,455.7,456.99,"53,14,210","2,42,85,18,750.55","86,973","15,55,798",29.28
TATASTEEL,EQ,2014-10-22,455.7,461.0,462.85,454.3,457.3,457.15,458.1,"40,22,132","1,84,25,45,257.65","59,720","15,92,528",39.59
TATASTEEL,EQ,2014-10-23,457.15,461.05,461.05,458.05,458.5,459.1,459.21,"6,63,352","30,46,16,667.50","9,871","3,22,465",48.61
TATASTEEL,EQ,2014-10-27,459.1,460.5,461.8,449.05,449.25,450.5,455.45,"37,38,985","1,70,29,24,686.95","53,559","15,78,759",42.22
TATASTEEL,EQ,2014-10-28,450.5,450.1,453.65,446.6,451.1,451.2,450.8,"40,05,382","1,80,56,28,733.40","73,741","15,94,369",39.81
TATASTEEL,EQ,2014-10-29,451.2,454.1,472.9,453.75,472.5,471.7,464.48,"68,67,699","3,18,99,08,309.85","1,05,529","26,49,775",38.58
TATASTEEL,EQ,2014-10-30,471.7,472.0,477.45,468.4,472.4,474.5,473.08,"46,15,504","2,18,34,92,114.60","70,187","15,29,262",33.13
TATASTEEL,EQ,2014-10-31,474.5,478.0,493.5,474.6,489.1,490.0,487.42,"58,48,389","2,85,06,13,505.60","88,642","19,23,655",32.89
TATASTEEL,EQ,2014-11-03,490.0,492.0,494.9,485.45,490.05,489.15,490.65,"37,54,330","1,84,20,68,272.60","50,420","11,80,136",31.43
TATASTEEL,EQ,2014-11-05,489.15,491.0,492.4,477.0,478.3,478.1,482.1,"34,31,914","1,65,45,40,806.75","47,244","12,00,911",34.99
TATASTEEL,EQ,2014-11-07,478.1,479.0,486.8,470.6,471.1,471.4,477.63,"38,73,340","1,85,00,13,602.65","61,390","14,06,348",36.31
TATASTEEL,EQ,2014-11-10,471.4,474.65,476.0,462.5,474.3,470.85,468.03,"44,61,898","2,08,82,81,903.95","96,398","18,15,253",40.68
TATASTEEL,EQ,2014-11-11,470.85,473.2,481.5,471.55,481.25,480.3,477.8,"45,72,372","2,18,46,92,781.05","60,048","17,25,180",37.73
TATASTEEL,EQ,2014-11-12,480.3,480.0,482.7,465.65,468.0,468.35,473.96,"63,48,599","3,00,89,91,050.40","89,429","24,61,206",38.77
TATASTEEL,EQ,2014-11-13,468.35,465.1,475.5,462.15,470.85,471.25,470.73,"59,23,643","2,78,84,31,040.25","89,476","13,82,926",23.35
TATASTEEL,EQ,2014-11-14,471.25,467.0,482.6,467.0,480.5,478.15,477.31,"68,89,390","3,28,83,73,247.10","97,502","25,70,072",37.3
TATASTEEL,EQ,2014-11-17,478.15,476.15,482.95,475.1,478.55,480.1,479.22,"23,78,667","1,13,98,96,630.00","37,342","4,70,094",19.76
TATASTEEL,EQ,2014-11-18,480.1,480.0,489.2,476.75,485.95,486.4,485.48,"39,86,434","1,93,53,14,950.90","61,710","13,44,272",33.72
TATASTEEL,EQ,2014-11-19,486.4,486.1,492.75,469.3,471.1,471.0,481.15,"44,75,299","2,15,32,70,281.20","69,726","9,52,059",21.27
TATASTEEL,EQ,2014-11-20,471.0,471.95,472.8,462.05,466.35,466.6,466.51,"38,71,649","1,80,61,66,672.20","70,937","8,95,891",23.14
TATASTEEL,EQ,2014-11-21,466.6,467.0,472.5,460.1,463.15,462.9,465.4,"39,89,664","1,85,68,07,337.45","63,659","11,34,764",28.44
TATASTEEL,EQ,2014-11-24,462.9,473.0,479.8,470.5,476.9,476.6,476.06,"43,42,517","2,06,73,19,942.50","64,728","13,39,541",30.85
TATASTEEL,EQ,2014-11-25,476.6,475.05,476.0,458.5,464.7,464.45,464.11,"43,66,157","2,02,63,66,707.05","65,423","16,65,758",38.15
TATASTEEL,EQ,2014-11-26,464.45,465.0,468.9,460.45,465.0,466.25,465.36,"35,39,242","1,64,70,21,142.50","51,157","12,34,966",34.89
TATASTEEL,EQ,2014-11-27,466.25,465.0,469.0,459.1,460.5,460.2,461.43,"41,78,119","1,92,79,07,074.35","39,450","26,01,709",62.27
TATASTEEL,EQ,2014-11-28,460.2,461.5,475.25,461.5,473.05,473.35,469.77,"48,27,009","2,26,75,85,168.85","64,645","17,59,494",36.45
TATASTEEL,EQ,2014-12-01,473.35,475.0,475.0,459.15,461.15,461.15,464.8,"30,75,179","1,42,93,27,905.55","47,384","11,00,523",35.79
TATASTEEL,EQ,2014-12-02,461.15,461.0,467.45,460.2,465.85,465.2,464.71,"30,97,160","1,43,92,68,530.90","50,472","8,87,649",28.66
TATASTEEL,EQ,2014-12-03,465.2,467.4,469.65,462.0,463.2,463.75,465.8,"28,06,974","1,30,74,96,367.40","40,273","7,36,416",26.24
TATASTEEL,EQ,2014-12-04,463.75,464.15,467.45,456.7,461.6,461.85,461.45,"33,21,546","1,53,27,16,874.65","60,944","7,69,697",23.17
TATASTEEL,EQ,2014-12-05,461.85,463.5,468.7,459.5,460.8,461.15,464.42,"30,67,638","1,42,46,60,269.85","47,459","10,78,596",35.16
TATASTEEL,EQ,2014-12-08,461.15,464.0,466.0,450.45,450.9,451.85,457.56,"30,55,870","1,39,82,49,012.40","52,961","10,32,424",33.78
TATASTEEL,EQ,2014-12-09,451.85,451.4,451.4,435.05,435.6,436.3,442.73,"40,66,957","1,80,05,79,329.30","67,295","12,11,649",29.79
TATASTEEL,EQ,2014-12-10,436.3,432.4,443.0,427.6,434.2,432.5,436.21,"47,34,292","2,06,51,40,461.15","68,636","17,65,360",37.29
TATASTEEL,EQ,2014-12-11,432.5,431.0,435.0,416.95,417.0,418.75,424.07,"52,71,659","2,23,55,41,441.20","97,234","20,93,807",39.72
TATASTEEL,EQ,2014-12-12,418.75,420.0,422.9,400.05,400.5,402.7,412.53,"65,23,297","2,69,10,63,081.75","1,09,945","21,61,652",33.14
TATASTEEL,EQ,2014-12-15,402.7,399.0,408.35,396.0,400.75,400.95,402.03,"47,97,611","1,92,87,82,792.40","82,743","11,76,944",24.53
TATASTEEL,EQ,2014-12-16,400.95,397.0,402.8,387.0,387.0,389.65,392.95,"57,71,833","2,26,80,37,284.45","81,261","18,34,850",31.79
TATASTEEL,EQ,2014-12-17,389.65,394.0,404.9,387.05,393.75,393.45,397.51,"80,16,501","3,18,66,68,525.45","1,28,840","24,03,374",29.98
TATASTEEL,EQ,2014-12-18,393.45,401.05,405.9,399.5,403.0,401.6,402.47,"44,10,200","1,77,49,62,568.30","67,585","13,05,314",29.6
TATASTEEL,EQ,2014-12-19,401.6,405.6,411.1,403.0,406.25,405.45,407.08,"46,30,339","1,88,49,09,262.80","75,034","15,81,209",34.15
TATASTEEL,EQ,2014-12-22,405.45,406.45,409.6,398.7,404.75,404.05,403.41,"32,54,302","1,31,28,27,108.05","64,327","11,07,376",34.03
TATASTEEL,EQ,2014-12-23,404.05,405.1,406.6,392.7,394.5,394.8,398.07,"37,84,076","1,50,63,42,190.35","58,396","12,93,678",34.19
TATASTEEL,EQ,2014-12-24,394.8,391.25,399.7,391.1,397.0,395.25,395.17,"73,51,514","2,90,51,28,913.90","81,795","38,74,108",52.7
TATASTEEL,EQ,2014-12-26,395.25,396.05,399.7,390.1,396.0,398.25,395.65,"30,20,740","1,19,51,41,425.10","46,848","4,69,749",15.55
TATASTEEL,EQ,2014-12-29,398.25,399.2,410.55,399.0,405.0,404.1,406.39,"40,77,406","1,65,69,97,839.70","63,098","10,11,134",24.8
TATASTEEL,EQ,2014-12-30,404.1,404.4,405.9,395.25,396.5,396.3,398.8,"28,99,074","1,15,61,47,866.70","41,907","7,84,104",27.05
TATASTEEL,EQ,2014-12-31,396.3,397.0,401.75,395.55,399.15,399.4,398.83,"22,52,991","89,85,50,861.50","34,327","3,61,924",16.06
TATASTEEL,EQ,2015-01-01,399.4,397.1,406.0,397.1,405.85,404.45,402.47,"25,31,499","1,01,88,55,511.65","36,733","5,47,909",21.64
TATASTEEL,EQ,2015-01-02,404.45,406.0,413.0,406.0,411.0,410.75,409.65,"34,33,980","1,40,67,21,592.00","53,347","8,48,433",24.71
TATASTEEL,EQ,2015-01-05,410.75,413.0,421.45,413.0,417.95,416.7,418.04,"52,05,645","2,17,61,82,848.65","74,723","13,69,990",26.32
TATASTEEL,EQ,2015-01-06,416.7,414.0,414.0,394.35,395.4,396.5,401.44,"61,70,681","2,47,71,68,714.20","80,489","25,29,632",40.99
TATASTEEL,EQ,2015-01-07,396.5,397.8,397.8,383.6,388.6,388.9,389.94,"47,49,099","1,85,18,48,119.70","78,902","14,06,508",29.62
TATASTEEL,EQ,2015-01-08,388.9,394.0,396.7,390.6,394.15,394.95,393.83,"31,69,917","1,24,83,96,592.80","51,286","7,63,860",24.1
TATASTEEL,EQ,2015-01-09,394.95,402.0,404.9,395.1,398.9,399.65,400.75,"50,61,000","2,02,81,80,156.40","68,789","12,22,094",24.15
TATASTEEL,EQ,2015-01-12,399.65,399.5,399.5,393.0,396.9,396.75,395.99,"26,90,982","1,06,56,14,960.00","39,164","6,10,653",22.69
TATASTEEL,EQ,2015-01-13,396.75,397.0,398.85,390.2,391.4,391.5,394.42,"30,02,748","1,18,43,38,730.15","61,548","7,99,883",26.64
TATASTEEL,EQ,2015-01-14,391.5,391.45,391.45,375.5,375.95,376.85,380.72,"71,29,562","2,71,43,97,796.60","1,09,690","34,12,295",47.86
TATASTEEL,EQ,2015-01-15,376.85,378.8,388.7,372.1,381.0,384.75,380.45,"70,11,341","2,66,74,53,007.30","1,04,821","22,15,768",31.6
TATASTEEL,EQ,2015-01-16,384.75,382.0,385.5,376.3,384.15,383.4,382.35,"45,38,517","1,73,52,86,265.45","94,192","16,43,998",36.22
TATASTEEL,EQ,2015-01-19,383.4,384.6,386.9,380.55,384.7,384.75,383.91,"27,89,825","1,07,10,37,198.55","44,691","7,53,684",27.02
TATASTEEL,EQ,2015-01-20,384.75,385.6,403.6,385.6,403.0,402.0,397.09,"60,17,882","2,38,96,30,604.30","82,554","18,48,684",30.72
TATASTEEL,EQ,2015-01-21,402.0,405.0,406.0,393.5,396.1,397.1,398.5,"38,97,727","1,55,32,58,799.05","72,569","13,28,060",34.07
TATASTEEL,EQ,2015-01-22,397.1,398.0,404.7,396.0,403.4,403.4,400.37,"45,27,709","1,81,27,42,377.20","1,09,129","17,85,985",39.45
TATASTEEL,EQ,2015-01-23,403.4,410.0,412.0,399.0,401.6,403.1,404.33,"45,26,581","1,83,02,20,898.65","68,407","12,08,432",26.7
TATASTEEL,EQ,2015-01-27,403.1,402.8,404.0,395.5,398.0,398.4,398.92,"39,72,311","1,58,46,51,208.50","95,591","19,27,390",48.52
TATASTEEL,EQ,2015-01-28,398.4,397.0,397.0,388.9,389.75,391.15,391.93,"39,95,448","1,56,59,16,845.00","62,476","14,75,520",36.93
TATASTEEL,EQ,2015-01-29,391.15,390.3,392.4,383.7,390.0,390.4,388.54,"51,62,946","2,00,60,13,177.75","69,906","27,40,429",53.08
TATASTEEL,EQ,2015-01-30,390.4,392.5,395.0,386.5,390.7,390.45,391.27,"36,00,813","1,40,88,97,799.45","58,070","13,61,691",37.82
TATASTEEL,EQ,2015-02-02,390.45,389.9,394.8,382.2,383.8,383.85,388.45,"31,79,020","1,23,48,90,214.40","48,880","9,30,230",29.26
TATASTEEL,EQ,2015-02-03,383.85,387.0,387.45,378.1,380.55,381.1,382.7,"34,43,635","1,31,78,74,113.85","60,402","9,93,083",28.84
TATASTEEL,EQ,2015-02-04,381.1,383.9,393.4,383.0,387.75,389.2,388.82,"44,20,502","1,71,87,84,008.30","56,105","11,96,467",27.07
TATASTEEL,EQ,2015-02-05,389.2,391.7,392.8,378.05,378.55,379.25,385.37,"31,02,143","1,19,54,85,556.70","49,533","8,81,855",28.43
TATASTEEL,EQ,2015-02-06,379.25,380.0,380.7,367.0,367.1,368.65,371.56,"45,19,435","1,67,92,60,608.40","75,971","12,98,954",28.74
TATASTEEL,EQ,2015-02-09,368.65,357.0,361.5,346.2,346.3,347.45,353.51,"75,35,773","2,66,39,78,976.35","1,20,196","30,39,265",40.33
TATASTEEL,EQ,2015-02-10,347.45,345.0,360.0,345.0,358.5,357.75,353.16,"52,81,226","1,86,51,00,505.00","72,784","17,65,209",33.42
TATASTEEL,EQ,2015-02-11,357.75,360.0,368.7,353.0,364.4,365.0,361.15,"39,56,657","1,42,89,61,433.85","55,432","9,76,320",24.68
TATASTEEL,EQ,2015-02-12,365.0,366.2,367.4,356.0,365.95,365.3,362.62,"34,15,692","1,23,85,95,597.35","51,910","5,98,600",17.52
TATASTEEL,EQ,2015-02-13,365.3,368.7,371.8,365.25,366.15,366.55,367.92,"37,36,466","1,37,47,36,846.35","51,768","15,38,099",41.16
TATASTEEL,EQ,2015-02-16,366.55,368.75,374.45,368.35,369.15,369.8,371.44,"29,91,370","1,11,11,15,043.40","49,164","10,95,361",36.62
TATASTEEL,EQ,2015-02-18,369.8,371.95,371.95,364.7,368.1,367.5,367.6,"32,32,668","1,18,83,23,784.35","50,588","16,49,345",51.02
TATASTEEL,EQ,2015-02-19,367.5,368.0,379.8,368.0,375.5,375.25,375.21,"77,52,626","2,90,88,91,937.45","79,882","34,29,093",44.23
TATASTEEL,EQ,2015-02-20,375.25,378.0,381.85,373.0,374.0,374.7,378.11,"34,42,401","1,30,16,15,076.00","50,747","8,28,271",24.06
TATASTEEL,EQ,2015-02-23,374.7,376.5,376.9,365.0,365.7,367.35,371.78,"30,85,181","1,14,70,08,442.50","47,991","12,78,858",41.45
TATASTEEL,EQ,2015-02-24,367.35,368.1,370.0,357.2,358.5,359.1,361.65,"32,88,127","1,18,91,56,357.25","45,692","8,89,224",27.04
TATASTEEL,EQ,2015-02-25,359.1,362.8,364.8,350.1,350.95,350.9,356.85,"39,32,349","1,40,32,49,038.45","67,057","15,43,710",39.26
TATASTEEL,EQ,2015-02-26,350.9,352.3,354.9,344.25,345.4,345.2,348.42,"80,64,365","2,80,97,52,377.30","93,115","37,54,885",46.56
TATASTEEL,EQ,2015-02-27,345.2,347.45,354.7,345.8,351.35,350.65,350.81,"50,14,678","1,75,91,83,522.65","1,03,510","24,38,019",48.62
TATASTEEL,EQ,2015-02-28,350.65,356.15,364.55,346.5,355.3,355.25,356.39,"74,96,515","2,67,17,08,956.95","87,187","13,00,061",17.34
TATASTEEL,EQ,2015-03-02,355.25,357.4,359.2,349.0,352.5,352.55,352.23,"43,80,314","1,54,28,82,397.80","58,122","17,03,840",38.9
TATASTEEL,EQ,2015-03-03,352.55,353.0,357.85,349.5,352.45,353.15,353.57,"51,21,104","1,81,06,75,643.40","61,158","19,26,972",37.63
TATASTEEL,EQ,2015-03-04,353.15,356.0,357.15,345.6,346.45,348.15,352.54,"46,73,329","1,64,75,58,673.65","62,960","19,79,065",42.35
TATASTEEL,EQ,2015-03-05,348.15,348.5,349.2,341.25,342.8,343.25,344.17,"47,70,135","1,64,17,15,038.30","70,986","18,85,256",39.52
TATASTEEL,EQ,2015-03-09,343.25,343.25,343.7,335.0,335.35,336.3,339.14,"43,68,765","1,48,16,35,587.20","53,791","20,32,088",46.51
TATASTEEL,EQ,2015-03-10,336.3,338.15,339.0,330.05,332.3,331.6,334.24,"40,91,848","1,36,76,69,024.65","57,140","16,26,552",39.75
TATASTEEL,EQ,2015-03-11,331.6,333.0,335.0,324.25,325.4,325.3,328.67,"46,82,270","1,53,89,10,399.00","61,175","18,97,333",40.52
TATASTEEL,EQ,2015-03-12,325.3,327.7,336.4,327.45,333.3,333.2,332.59,"43,24,521","1,43,82,81,811.00","60,737","10,45,981",24.19
TATASTEEL,EQ,2015-03-13,333.2,336.0,336.45,325.0,327.75,326.5,328.6,"32,79,674","1,07,77,11,768.65","58,178","9,64,778",29.42
TATASTEEL,EQ,2015-03-16,326.5,328.85,328.85,323.1,326.5,326.2,325.49,"27,77,100","90,39,11,608.55","40,519","5,93,614",21.38
TATASTEEL,EQ,2015-03-17,326.2,330.0,336.45,327.1,332.55,332.55,332.06,"43,29,067","1,43,75,11,630.60","55,655","8,98,268",20.75
TATASTEEL,EQ,2015-03-18,332.55,335.7,335.7,329.35,329.9,331.75,332.52,"30,99,693","1,03,07,08,208.05","48,036","9,78,313",31.56
TATASTEEL,EQ,2015-03-19,331.75,334.25,344.8,333.65,334.65,336.6,339.87,"61,48,738","2,08,97,79,723.25","78,270","18,08,987",29.42
TATASTEEL,EQ,2015-03-20,336.6,336.6,341.4,327.0,328.25,328.7,333.71,"57,76,131","1,92,75,76,153.45","84,142","14,28,158",24.73
TATASTEEL,EQ,2015-03-23,328.7,330.45,335.0,328.6,331.7,331.4,331.88,"35,80,330","1,18,82,27,857.20","49,770","9,69,942",27.09
TATASTEEL,EQ,2015-03-24,331.4,330.1,333.9,324.25,327.0,327.15,328.59,"44,53,740","1,46,34,66,512.95","59,615","17,48,483",39.26
TATASTEEL,EQ,2015-03-25,327.15,328.0,328.95,322.0,322.0,323.15,324.49,"35,44,781","1,15,02,43,990.45","52,225","14,84,414",41.88
TATASTEEL,EQ,2015-03-26,323.15,323.0,324.95,314.0,315.6,315.6,318.67,"65,16,994","2,07,67,63,280.95","72,426","30,38,790",46.63
TATASTEEL,EQ,2015-03-27,315.6,317.4,319.35,311.2,314.85,315.1,315.57,"40,19,204","1,26,83,23,664.10","53,487","11,29,121",28.09
TATASTEEL,EQ,2015-03-30,315.1,318.0,324.9,315.15,324.0,322.4,320.02,"29,90,579","95,70,39,556.25","39,825","7,84,388",26.23
TATASTEEL,EQ,2015-03-31,322.4,326.3,326.4,315.2,316.15,316.75,320.48,"39,34,898","1,26,10,75,427.85","59,250","16,33,334",41.51
TATASTEEL,EQ,2015-04-01,316.75,317.0,324.9,316.0,322.75,323.65,320.36,"30,86,061","98,86,38,208.60","41,993","7,94,728",25.75
TATASTEEL,EQ,2015-04-06,323.65,324.4,325.6,316.6,317.4,318.1,318.97,"36,69,674","1,17,05,30,267.45","51,746","15,00,926",40.9
TATASTEEL,EQ,2015-04-07,318.1,320.3,335.2,317.0,334.4,333.5,326.04,"72,93,723","2,37,80,09,165.00","83,152","17,63,296",24.18
TATASTEEL,EQ,2015-04-08,333.5,336.1,338.9,328.6,335.8,336.1,334.88,"62,84,727","2,10,46,51,711.20","83,647","22,87,614",36.4
TATASTEEL,EQ,2015-04-09,336.1,337.5,347.4,337.0,345.7,346.05,343.04,"61,51,508","2,11,01,96,933.30","75,324","19,75,496",32.11
TATASTEEL,EQ,2015-04-10,346.05,345.7,349.0,341.25,342.25,342.7,345.27,"48,16,228","1,66,29,17,588.20","65,211","15,59,580",32.38
TATASTEEL,EQ,2015-04-13,342.7,344.25,348.25,341.1,345.1,345.2,345.37,"34,42,898","1,18,90,67,592.55","58,668","10,86,418",31.56
TATASTEEL,EQ,2015-04-15,345.2,345.0,345.2,336.2,336.75,337.65,340.37,"31,99,963","1,08,91,86,737.15","60,016","14,59,352",45.61
TATASTEEL,EQ,2015-04-16,337.65,338.4,343.35,333.55,337.05,337.7,338.06,"37,70,739","1,27,47,41,980.15","45,444","11,26,123",29.86
TATASTEEL,EQ,2015-04-17,337.7,336.75,352.2,335.15,347.0,346.0,346.9,"69,80,772","2,42,16,28,990.45","81,171","16,67,451",23.89
TATASTEEL,EQ,2015-04-20,346.0,348.5,354.3,339.15,345.0,344.45,348.01,"62,66,956","2,18,09,53,442.50","71,565","14,47,558",23.1
TATASTEEL,EQ,2015-04-21,344.45,346.5,352.0,343.55,348.25,348.25,348.27,"49,95,068","1,73,96,51,171.20","72,661","17,35,546",34.75
TATASTEEL,EQ,2015-04-22,348.25,349.95,354.5,341.25,354.3,351.35,348.55,"47,84,322","1,66,75,83,039.50","56,674","12,91,259",26.99
TATASTEEL,EQ,2015-04-23,351.35,355.0,370.95,354.3,369.8,369.45,365.33,"1,21,92,278","4,45,42,65,099.20","1,73,514","50,01,023",41.02
TATASTEEL,EQ,2015-04-24,369.45,371.8,374.8,362.6,367.95,370.5,370.43,"84,58,618","3,13,32,86,417.80","1,09,642","31,19,113",36.87
TATASTEEL,EQ,2015-04-27,370.5,369.1,372.8,361.5,368.1,368.9,367.6,"49,96,552","1,83,67,46,831.20","65,403","17,64,821",35.32
TATASTEEL,EQ,2015-04-28,368.9,370.0,374.05,366.1,370.65,371.25,370.23,"41,59,900","1,54,01,34,084.95","57,966","13,58,172",32.65
TATASTEEL,EQ,2015-04-29,371.25,371.9,379.3,368.0,371.5,369.95,374.78,"54,52,386","2,04,34,31,704.00","71,631","20,87,207",38.28
TATASTEEL,EQ,2015-04-30,369.95,368.0,368.9,359.1,362.3,360.35,362.47,"61,80,164","2,24,01,17,835.20","59,444","29,95,306",48.47
TATASTEEL,EQ,2015-05-04,360.35,361.55,366.8,357.2,366.0,361.65,361.37,"32,68,455","1,18,11,18,295.55","44,977","9,40,732",28.78
TATASTEEL,EQ,2015-05-05,361.65,364.4,381.0,362.85,379.85,380.1,375.75,"76,65,150","2,88,02,15,201.40","83,674","25,52,300",33.3
TATASTEEL,EQ,2015-05-06,380.1,381.0,384.5,366.0,367.2,367.65,373.28,"59,98,971","2,23,92,77,868.95","69,938","14,06,273",23.44
TATASTEEL,EQ,2015-05-07,367.65,365.85,370.65,360.5,368.0,367.3,365.07,"41,40,828","1,51,17,06,220.20","57,368","10,82,070",26.13
TATASTEEL,EQ,2015-05-08,367.3,370.1,375.0,364.1,367.7,366.7,368.56,"34,52,917","1,27,26,14,160.85","47,691","6,78,485",19.65
TATASTEEL,EQ,2015-05-11,366.7,372.1,381.4,370.5,376.8,377.1,376.99,"44,77,605","1,68,80,10,485.05","65,037","12,47,743",27.87
TATASTEEL,EQ,2015-05-12,377.1,375.35,376.0,352.55,353.0,353.6,360.04,"54,74,619","1,97,10,73,841.95","76,628","20,11,158",36.74
TATASTEEL,EQ,2015-05-13,353.6,356.25,361.5,351.65,360.05,359.5,357.41,"53,96,079","1,92,86,34,253.05","82,880","11,77,127",21.81
TATASTEEL,EQ,2015-05-14,359.5,360.0,367.8,357.35,365.7,366.4,363.66,"37,54,097","1,36,52,20,086.95","53,920","10,18,795",27.14
TATASTEEL,EQ,2015-05-15,366.4,360.0,365.9,355.1,363.6,364.1,361.13,"51,69,337","1,86,68,14,199.25","87,994","12,40,824",24.0
TATASTEEL,EQ,2015-05-18,364.1,365.0,367.0,361.0,363.5,364.15,363.94,"23,93,588","87,11,24,204.90","38,322","5,69,472",23.79
TATASTEEL,EQ,2015-05-19,364.15,364.0,369.95,362.2,368.0,368.35,367.18,"29,39,636","1,07,93,65,510.75","45,517","8,16,033",27.76
TATASTEEL,EQ,2015-05-20,368.35,367.4,367.4,355.55,360.65,361.3,360.93,"64,40,489","2,32,45,72,046.45","82,912","12,02,336",18.67
TATASTEEL,EQ,2015-05-21,361.3,350.0,351.0,341.15,344.0,342.25,344.19,"1,02,55,440","3,52,97,77,966.25","1,18,884","24,79,658",24.18
TATASTEEL,EQ,2015-05-22,342.25,343.0,347.55,340.45,341.55,341.3,343.73,"39,23,140","1,34,85,12,998.30","46,209","8,02,503",20.46
TATASTEEL,EQ,2015-05-25,341.3,339.45,339.85,331.0,332.2,332.0,334.7,"38,94,467","1,30,34,81,965.65","46,230","11,29,726",29.01
TATASTEEL,EQ,2015-05-26,332.0,336.5,336.5,329.3,333.5,332.85,332.86,"28,99,173","96,50,04,827.95","40,187","6,91,531",23.85
TATASTEEL,EQ,2015-05-27,332.85,332.85,334.25,327.1,328.4,328.15,330.03,"28,90,064","95,38,13,917.90","38,037","10,62,335",36.76
TATASTEEL,EQ,2015-05-28,328.15,329.8,330.9,322.15,324.85,324.7,325.41,"46,44,009","1,51,11,90,820.60","58,882","22,67,410",48.82
TATASTEEL,EQ,2015-05-29,324.7,325.0,332.15,325.0,328.7,328.5,328.35,"37,21,535","1,22,19,47,415.30","52,212","16,47,240",44.26
TATASTEEL,EQ,2015-06-01,328.5,329.95,333.1,327.35,329.55,329.65,330.36,"19,77,913","65,34,19,859.25","28,323","6,28,705",31.79
TATASTEEL,EQ,2015-06-02,329.65,330.0,330.9,320.45,320.9,321.75,324.5,"23,15,060","75,12,29,645.30","31,876","7,12,583",30.78
TATASTEEL,EQ,2015-06-03,321.75,322.05,322.95,314.2,317.0,316.25,317.54,"29,34,090","93,16,80,949.70","41,326","10,17,971",34.69
TATASTEEL,EQ,2015-06-04,316.25,317.15,318.75,304.55,307.15,308.05,309.75,"47,50,173","1,47,13,85,516.65","64,873","11,13,748",23.45
TATASTEEL,EQ,2015-06-05,308.05,309.0,317.2,302.25,311.0,311.1,310.09,"50,26,335","1,55,86,09,548.45","65,631","7,67,734",15.27
TATASTEEL,EQ,2015-06-08,311.1,312.0,314.95,301.5,301.7,302.25,305.69,"37,71,355","1,15,28,59,802.65","53,308","9,67,057",25.64
TATASTEEL,EQ,2015-06-09,302.25,296.0,307.35,293.0,304.5,304.75,301.32,"69,43,722","2,09,22,80,915.45","86,789","12,26,078",17.66
TATASTEEL,EQ,2015-06-10,304.75,305.0,307.8,301.7,305.7,306.0,305.17,"29,20,885","89,13,61,090.95","42,266","5,04,161",17.26
TATASTEEL,EQ,2015-06-11,306.0,306.1,306.9,297.2,299.0,298.7,300.96,"39,89,250","1,20,06,09,020.90","57,143","11,36,387",28.49
TATASTEEL,EQ,2015-06-12,298.7,298.0,300.9,294.15,298.05,297.55,297.38,"27,18,499","80,84,35,535.55","39,721","5,63,792",20.74
TATASTEEL,EQ,2015-06-15,297.55,298.0,302.75,296.05,296.35,297.0,298.66,"26,94,931","80,48,66,497.20","35,614","6,96,330",25.84
TATASTEEL,EQ,2015-06-16,297.0,296.8,297.5,291.0,294.4,294.45,293.84,"30,68,405","90,16,28,027.40","43,408","8,19,228",26.7
TATASTEEL,EQ,2015-06-17,294.45,303.7,310.95,298.25,302.85,305.05,305.4,"83,23,477","2,54,19,86,265.25","90,978","14,82,481",17.81
TATASTEEL,EQ,2015-06-18,305.05,304.3,306.5,300.9,303.7,303.7,304.21,"38,79,758","1,18,02,50,881.30","48,074","7,09,680",18.29
TATASTEEL,EQ,2015-06-19,303.7,305.45,309.75,304.1,305.0,304.95,306.68,"32,89,553","1,00,88,28,608.50","43,306","8,98,715",27.32
TATASTEEL,EQ,2015-06-22,304.95,309.0,312.8,307.0,310.7,310.65,309.82,"35,67,461","1,10,52,64,346.55","43,830","7,10,810",19.92
TATASTEEL,EQ,2015-06-23,310.65,311.1,316.7,310.8,313.0,313.05,313.9,"30,13,141","94,58,22,765.60","35,710","5,16,052",17.13
TATASTEEL,EQ,2015-06-24,313.05,314.0,314.4,302.9,303.4,304.55,308.62,"28,31,828","87,39,66,293.30","36,394","8,30,358",29.32
TATASTEEL,EQ,2015-06-25,304.55,303.8,304.8,301.2,303.05,302.7,302.8,"46,08,311","1,39,53,91,483.60","46,272","20,42,758",44.33
TATASTEEL,EQ,2015-06-26,302.7,302.5,303.1,297.0,298.05,298.65,299.4,"33,80,657","1,01,21,57,806.25","39,557","8,65,133",25.59
TATASTEEL,EQ,2015-06-29,298.65,294.0,297.75,287.4,296.6,296.3,292.43,"35,31,575","1,03,27,32,864.70","42,025","7,23,568",20.49
TATASTEEL,EQ,2015-06-30,296.3,296.3,306.5,295.25,306.3,304.6,300.55,"30,62,319","92,03,88,261.35","39,194","8,10,897",26.48
TATASTEEL,EQ,2015-07-01,304.6,305.0,309.0,303.4,307.1,306.95,306.8,"31,43,855","96,45,25,440.00","39,184","8,90,617",28.33
TATASTEEL,EQ,2015-07-02,306.95,307.25,310.45,303.2,304.5,304.35,306.94,"38,40,112","1,17,86,76,504.45","46,638","9,41,881",24.53
TATASTEEL,EQ,2015-07-03,304.35,306.35,307.9,299.55,301.2,301.2,302.88,"27,42,506","83,06,58,130.35","32,087","6,57,737",23.98
TATASTEEL,EQ,2015-07-06,301.2,295.0,299.75,292.0,299.65,299.0,295.66,"37,08,182","1,09,63,57,942.45","46,060","6,81,931",18.39
TATASTEEL,EQ,2015-07-07,299.0,301.7,303.05,296.1,298.55,298.2,299.39,"32,98,732","98,75,99,285.15","42,921","10,49,490",31.81
TATASTEEL,EQ,2015-07-08,298.2,294.0,294.0,281.8,282.0,283.15,286.82,"81,41,937","2,33,52,79,641.45","93,231","31,61,252",38.83
TATASTEEL,EQ,2015-07-09,283.15,283.5,287.4,279.6,281.25,280.5,282.93,"62,14,726","1,75,83,54,133.30","78,849","21,77,320",35.03
TATASTEEL,EQ,2015-07-10,280.5,282.9,284.5,278.75,281.5,280.9,281.1,"40,21,397","1,13,04,15,162.35","67,868","8,98,074",22.33
TATASTEEL,EQ,2015-07-13,280.9,283.5,285.7,279.0,284.2,284.45,282.86,"34,36,859","97,21,42,110.20","39,905","7,85,728",22.86
TATASTEEL,EQ,2015-07-14,284.45,284.75,286.7,280.5,281.0,281.15,282.85,"34,30,737","97,03,95,681.80","36,357","12,00,556",34.99
TATASTEEL,EQ,2015-07-15,281.15,282.7,284.8,279.1,280.9,280.4,281.89,"36,79,789","1,03,72,98,203.00","46,885","11,97,562",32.54
TATASTEEL,EQ,2015-07-16,280.4,285.1,286.5,280.1,281.0,280.8,282.15,"63,13,384","1,78,13,04,455.45","72,257","22,89,934",36.27
TATASTEEL,EQ,2015-07-17,280.8,282.0,286.35,280.0,283.7,284.05,283.87,"64,49,985","1,83,09,68,642.20","68,326","25,19,551",39.06
TATASTEEL,EQ,2015-07-20,284.05,285.0,287.7,283.0,283.3,283.55,284.84,"37,33,723","1,06,34,95,199.40","41,577","11,93,612",31.97
TATASTEEL,EQ,2015-07-21,283.55,284.1,284.1,273.85,274.35,274.7,276.83,"50,95,184","1,41,05,19,449.10","54,261","18,29,441",35.91
TATASTEEL,EQ,2015-07-22,274.7,271.25,281.0,268.7,280.7,280.4,276.04,"59,10,848","1,63,16,21,689.55","59,761","16,39,508",27.74
TATASTEEL,EQ,2015-07-23,280.4,274.0,274.45,269.3,269.6,269.9,271.17,"69,61,219","1,88,76,92,322.65","65,710","31,56,636",45.35
TATASTEEL,EQ,2015-07-24,269.9,269.7,271.65,264.2,264.5,265.05,268.1,"38,10,280","1,02,15,40,909.80","48,771","12,51,897",32.86
TATASTEEL,EQ,2015-07-27,265.05,263.0,263.2,250.05,250.2,250.75,254.65,"76,48,463","1,94,77,06,551.00","86,169","28,60,481",37.4
TATASTEEL,EQ,2015-07-28,250.75,251.0,252.45,246.4,249.2,249.25,249.44,"55,38,500","1,38,15,41,834.45","64,333","15,86,549",28.65
TATASTEEL,EQ,2015-07-29,249.25,251.0,254.65,249.4,250.4,250.55,251.42,"40,03,496","1,00,65,51,776.60","43,942","12,07,250",30.15
TATASTEEL,EQ,2015-07-30,250.55,252.9,253.0,247.55,248.6,248.15,249.52,"51,69,083","1,28,97,92,097.50","50,858","20,31,836",39.31
TATASTEEL,EQ,2015-07-31,248.15,250.0,252.7,245.0,245.7,246.9,249.53,"88,48,138","2,20,78,44,457.50","54,126","51,93,506",58.7
TATASTEEL,EQ,2015-08-03,246.9,246.9,250.8,245.3,247.95,247.95,248.17,"35,56,212","88,25,30,350.40","43,990","8,58,784",24.15
TATASTEEL,EQ,2015-08-04,247.95,249.7,259.75,246.05,258.8,256.3,252.25,"97,23,318","2,45,27,20,122.35","85,418","35,25,638",36.26
TATASTEEL,EQ,2015-08-05,256.3,260.0,268.5,259.95,262.3,262.3,265.02,"79,79,075","2,11,45,90,318.00","77,749","19,25,687",24.13
TATASTEEL,EQ,2015-08-06,262.3,262.35,265.4,256.25,260.25,261.0,261.75,"63,76,740","1,66,91,22,398.95","64,489","15,22,808",23.88
TATASTEEL,EQ,2015-08-07,261.0,261.0,264.55,260.15,262.05,262.05,262.37,"37,91,638","99,48,03,974.75","38,232","9,31,109",24.56
TATASTEEL,EQ,2015-08-10,262.05,262.9,265.0,260.0,260.25,261.15,262.55,"34,01,136","89,29,59,401.80","35,643","6,20,338",18.24
TATASTEEL,EQ,2015-08-11,261.15,259.95,260.0,245.7,247.3,246.8,251.5,"88,27,248","2,22,00,71,873.30","92,274","30,81,173",34.91
TATASTEEL,EQ,2015-08-12,246.8,254.4,257.9,246.1,249.45,249.05,251.95,"1,51,72,684","3,82,27,01,281.30","1,37,126","24,74,100",16.31
TATASTEEL,EQ,2015-08-13,249.05,253.35,253.9,232.3,234.0,233.6,239.6,"1,37,64,560","3,29,79,36,225.85","1,35,831","38,64,065",28.07
TATASTEEL,EQ,2015-08-14,233.6,234.25,239.2,229.0,237.5,237.6,234.77,"90,65,329","2,12,82,27,403.35","94,176","17,59,383",19.41
TATASTEEL,EQ,2015-08-17,237.6,238.5,248.5,234.2,247.5,246.75,242.43,"85,24,452","2,06,65,62,017.75","86,936","23,14,312",27.15
TATASTEEL,EQ,2015-08-18,246.75,248.1,254.9,246.6,252.4,252.35,251.32,"98,05,064","2,46,41,63,192.75","1,12,123","31,45,393",32.08
TATASTEEL,EQ,2015-08-19,252.35,250.1,253.35,246.75,249.55,249.8,250.28,"43,04,085","1,07,72,08,061.05","47,315","9,05,773",21.04
TATASTEEL,EQ,2015-08-20,249.8,247.7,248.4,240.5,242.0,241.55,243.29,"46,26,334","1,12,55,36,509.60","50,296","7,53,801",16.29
TATASTEEL,EQ,2015-08-21,241.55,238.5,238.5,231.5,236.3,237.25,234.9,"52,47,042","1,23,25,35,057.30","55,429","13,49,405",25.72
TATASTEEL,EQ,2015-08-24,237.25,229.3,229.3,202.65,204.45,206.1,218.36,"1,17,11,489","2,55,72,85,885.75","1,15,378","50,58,168",43.19
TATASTEEL,EQ,2015-08-25,206.1,210.0,217.9,200.1,215.0,213.45,209.76,"1,42,06,932","2,97,99,94,202.25","1,25,955","52,69,172",37.09
TATASTEEL,EQ,2015-08-26,213.45,213.0,219.7,208.95,214.8,215.65,213.74,"83,36,683","1,78,19,12,947.70","76,088","21,86,535",26.23
TATASTEEL,EQ,2015-08-27,215.65,220.0,229.8,215.1,227.2,226.4,221.9,"1,42,27,129","3,15,69,67,399.45","1,05,680","50,10,980",35.22
TATASTEEL,EQ,2015-08-28,226.4,232.6,234.6,223.2,229.5,228.95,230.18,"93,87,248","2,16,07,96,754.05","82,025","34,13,964",36.37
TATASTEEL,EQ,2015-08-31,228.95,225.3,228.7,223.65,225.3,225.4,225.64,"57,82,337","1,30,47,12,765.80","54,922","17,45,687",30.19
TATASTEEL,EQ,2015-09-01,225.4,222.0,226.25,213.05,216.4,216.3,220.12,"64,75,249","1,42,53,20,008.90","66,176","14,35,331",22.17
TATASTEEL,EQ,2015-09-02,216.3,218.9,225.9,210.3,220.9,219.5,218.59,"89,09,770","1,94,76,16,262.85","89,182","11,43,330",12.83
TATASTEEL,EQ,2015-09-03,219.5,223.4,232.7,222.1,229.55,229.75,228.33,"70,83,000","1,61,72,93,466.00","72,829","15,20,150",21.46
TATASTEEL,EQ,2015-09-04,229.75,228.9,228.9,217.0,218.9,218.9,220.19,"72,29,850","1,59,19,40,489.60","67,654","18,35,714",25.39
TATASTEEL,EQ,2015-09-07,218.9,221.25,224.0,215.15,215.4,215.85,218.62,"49,33,877","1,07,86,24,206.00","48,161","9,72,683",19.71
TATASTEEL,EQ,2015-09-08,215.85,218.6,233.0,217.3,228.9,228.75,225.85,"82,36,919","1,86,03,46,054.45","76,443","20,45,479",24.83
TATASTEEL,EQ,2015-09-09,228.75,236.0,241.8,232.35,238.9,239.5,238.09,"88,24,007","2,10,09,47,578.80","86,750","18,91,045",21.43
TATASTEEL,EQ,2015-09-10,239.5,236.35,243.0,231.6,242.6,240.2,236.84,"72,52,370","1,71,76,64,862.25","68,900","9,32,292",12.85
TATASTEEL,EQ,2015-09-11,240.2,243.35,243.5,230.9,233.05,232.95,236.51,"59,09,535","1,39,76,58,837.10","61,353","9,96,955",16.87
TATASTEEL,EQ,2015-09-14,232.95,234.0,243.25,234.0,241.0,241.8,239.92,"71,59,139","1,71,76,55,789.00","67,277","15,50,888",21.66
TATASTEEL,EQ,2015-09-15,241.8,241.75,243.85,228.5,228.6,229.15,233.23,"91,48,259","2,13,36,94,122.50","84,683","25,40,812",27.77
TATASTEEL,EQ,2015-09-16,229.15,232.0,233.35,227.1,230.0,230.5,230.47,"71,91,606","1,65,74,74,726.85","68,492","10,25,046",14.25
TATASTEEL,EQ,2015-09-18,230.5,234.0,235.4,227.4,228.45,228.1,231.09,"76,29,706","1,76,31,22,782.45","84,821","22,38,622",29.34
TATASTEEL,EQ,2015-09-21,228.1,226.3,229.3,223.1,226.4,226.45,226.23,"53,74,416","1,21,58,41,965.60","58,387","10,86,103",20.21
TATASTEEL,EQ,2015-09-22,226.45,228.0,228.9,219.2,219.35,220.1,224.3,"50,98,481","1,14,36,03,767.20","57,119","13,26,522",26.02
TATASTEEL,EQ,2015-09-23,220.1,214.4,224.05,214.0,221.35,221.0,218.31,"71,94,580","1,57,06,66,053.00","84,902","11,71,095",16.28
TATASTEEL,EQ,2015-09-24,221.0,220.0,220.75,214.3,215.4,215.15,216.96,"56,34,416","1,22,24,43,922.85","55,213","16,94,277",30.07
TATASTEEL,EQ,2015-09-28,215.15,217.7,218.45,208.5,209.1,209.25,212.86,"57,30,608","1,21,98,23,248.45","57,865","17,43,439",30.42
TATASTEEL,EQ,2015-09-29,209.25,205.0,206.7,199.7,202.55,201.4,202.83,"1,20,85,656","2,45,13,25,169.90","1,15,308","38,65,566",31.98
TATASTEEL,EQ,2015-09-30,201.4,206.9,214.4,205.5,213.9,212.6,209.84,"92,91,880","1,94,97,83,595.55","1,16,064","27,26,107",29.34
TATASTEEL,EQ,2015-10-01,212.6,215.0,215.5,210.25,212.5,212.25,212.4,"48,72,962","1,03,50,10,988.40","45,624","6,94,756",14.26
TATASTEEL,EQ,2015-10-05,212.25,214.9,225.8,214.2,225.5,225.0,220.92,"81,21,342","1,79,41,68,030.55","79,181","26,60,381",32.76
TATASTEEL,EQ,2015-10-06,225.0,227.7,229.0,223.15,226.85,227.5,226.51,"73,59,821","1,66,70,50,520.95","65,212","20,00,116",27.18
TATASTEEL,EQ,2015-10-07,227.5,225.0,237.7,223.6,236.1,236.8,232.05,"98,38,509","2,28,29,84,611.35","87,702","18,78,353",19.09
TATASTEEL,EQ,2015-10-08,236.8,237.9,242.7,236.2,240.7,240.8,239.79,"89,15,502","2,13,78,70,149.25","83,349","16,97,350",19.04
TATASTEEL,EQ,2015-10-09,240.8,242.4,253.0,242.2,253.0,251.1,248.59,"1,05,20,046","2,61,52,09,384.55","1,16,025","25,13,773",23.9
TATASTEEL,EQ,2015-10-12,251.1,255.1,261.95,249.8,250.1,250.85,255.68,"1,05,70,075","2,70,25,28,646.80","1,02,624","23,72,070",22.44
TATASTEEL,EQ,2015-10-13,250.85,248.0,248.65,243.25,244.85,245.0,245.3,"58,21,295","1,42,79,58,847.70","56,734","10,49,431",18.03
TATASTEEL,EQ,2015-10-14,245.0,244.0,253.0,243.55,247.9,248.35,250.12,"62,90,182","1,57,33,04,247.85","58,940","12,98,101",20.64
TATASTEEL,EQ,2015-10-15,248.35,249.15,257.2,248.05,255.65,255.25,252.61,"70,08,049","1,77,03,27,788.00","63,915","10,94,410",15.62
TATASTEEL,EQ,2015-10-16,255.25,255.9,256.7,248.4,253.0,252.9,252.14,"53,26,586","1,34,30,22,578.60","46,244","12,85,246",24.13
TATASTEEL,EQ,2015-10-19,252.9,253.1,254.1,246.75,247.85,248.4,249.18,"44,78,358","1,11,59,08,962.95","45,634","8,73,647",19.51
TATASTEEL,EQ,2015-10-20,248.4,247.05,248.9,240.0,240.45,240.8,244.59,"52,48,509","1,28,37,15,577.50","52,723","11,96,629",22.8
TATASTEEL,EQ,2015-10-21,240.8,241.7,246.45,238.25,245.0,244.4,243.64,"80,42,203","1,95,93,63,944.20","72,881","15,04,375",18.71
TATASTEEL,EQ,2015-10-23,244.4,247.4,251.6,244.15,246.65,246.0,248.13,"50,05,801","1,24,20,69,097.85","54,769","10,91,033",21.8
TATASTEEL,EQ,2015-10-26,246.0,247.35,251.55,246.25,250.05,249.65,249.14,"41,88,032","1,04,34,04,664.80","52,001","9,29,899",22.2
TATASTEEL,EQ,2015-10-27,249.65,248.85,250.3,244.05,245.65,245.95,245.9,"34,03,655","83,69,56,145.75","39,961","8,23,367",24.19
TATASTEEL,EQ,2015-10-28,245.95,244.5,248.5,244.0,246.95,247.15,246.95,"34,36,974","84,87,63,653.20","40,712","8,59,777",25.02
TATASTEEL,EQ,2015-10-29,247.15,246.3,251.45,244.7,249.05,247.6,248.54,"45,89,032","1,14,05,56,431.45","44,511","12,35,192",26.92
TATASTEEL,EQ,2015-10-30,247.6,248.4,254.8,245.15,245.95,246.6,250.0,"61,73,260","1,54,33,23,887.45","57,721","16,21,058",26.26
TATASTEEL,EQ,2015-11-02,246.6,246.5,246.6,236.3,238.5,238.9,239.74,"49,09,596","1,17,70,12,182.45","45,760","14,05,410",28.63
TATASTEEL,EQ,2015-11-03,238.9,241.7,243.0,234.9,235.15,235.7,238.44,"44,92,769","1,07,12,67,842.50","49,220","10,59,929",23.59
TATASTEEL,EQ,2015-11-04,235.7,239.15,240.0,233.85,234.55,235.4,237.02,"48,61,348","1,15,22,21,746.40","42,559","10,58,781",21.78
TATASTEEL,EQ,2015-11-05,235.4,236.0,236.0,224.3,224.55,225.4,228.88,"88,01,639","2,01,45,44,923.95","78,476","19,27,247",21.9
TATASTEEL,EQ,2015-11-06,225.4,218.9,221.85,215.1,219.2,220.25,218.6,"99,06,366","2,16,55,40,802.15","88,102","14,45,877",14.6
TATASTEEL,EQ,2015-11-09,220.25,215.0,224.4,212.65,221.05,222.25,220.13,"62,72,638","1,38,07,86,314.95","62,340","11,90,161",18.97
TATASTEEL,EQ,2015-11-10,222.25,220.8,222.25,217.15,217.6,218.05,218.89,"45,36,410","99,29,59,072.10","40,155","12,56,304",27.69
TATASTEEL,EQ,2015-11-11,218.05,220.45,221.75,219.75,220.75,220.45,220.54,"7,72,162","17,02,90,183.65","11,306","3,89,103",50.39
TATASTEEL,EQ,2015-11-13,220.45,218.7,223.6,216.6,222.45,222.65,221.58,"44,26,975","98,09,38,521.95","48,920","12,16,569",27.48
TATASTEEL,EQ,2015-11-16,222.65,222.85,231.9,220.2,231.9,230.6,227.27,"69,23,327","1,57,34,46,675.60","70,756","20,36,502",29.42
TATASTEEL,EQ,2015-11-17,230.6,231.9,235.75,230.9,235.5,234.55,233.65,"52,40,948","1,22,45,42,067.75","50,298","8,15,677",15.56
TATASTEEL,EQ,2015-11-18,234.55,234.1,235.0,225.2,225.7,225.85,229.99,"52,83,608","1,21,51,93,835.30","48,355","14,55,391",27.55
TATASTEEL,EQ,2015-11-19,225.85,227.5,229.7,225.6,228.75,228.75,227.95,"36,61,120","83,45,52,802.85","37,684","4,94,036",13.49
TATASTEEL,EQ,2015-11-20,228.75,228.1,232.75,228.1,229.8,230.0,230.51,"38,59,405","88,96,49,815.55","35,394","4,37,671",11.34
TATASTEEL,EQ,2015-11-23,230.0,230.85,230.85,223.1,224.7,224.45,225.61,"41,02,378","92,55,35,560.10","37,868","7,23,322",17.63
TATASTEEL,EQ,2015-11-24,224.45,223.35,226.4,222.5,224.3,224.35,224.5,"41,79,013","93,81,97,484.80","38,590","5,70,476",13.65
TATASTEEL,EQ,2015-11-26,224.35,225.5,230.0,224.2,227.65,227.9,227.67,"45,88,073","1,04,45,54,358.50","41,385","12,46,997",27.18
TATASTEEL,EQ,2015-11-27,227.9,227.9,235.0,227.55,231.2,231.25,232.17,"53,93,087","1,25,21,28,375.40","46,785","7,90,222",14.65
TATASTEEL,EQ,2015-11-30,231.25,232.4,234.4,228.8,229.0,229.6,230.93,"45,56,796","1,05,22,81,087.85","53,353","16,86,131",37.0
TATASTEEL,EQ,2015-12-01,229.6,230.8,238.5,230.3,238.35,237.55,236.48,"65,86,598","1,55,75,79,406.30","64,331","12,72,371",19.32
TATASTEEL,EQ,2015-12-02,237.55,239.95,245.9,238.1,243.4,243.85,242.56,"88,58,386","2,14,86,75,332.95","71,507","13,58,117",15.33
TATASTEEL,EQ,2015-12-03,243.85,240.15,243.5,236.8,239.9,240.15,239.83,"71,07,867","1,70,46,73,578.65","55,629","11,19,239",15.75
TATASTEEL,EQ,2015-12-04,240.15,238.05,244.25,237.1,240.5,240.25,241.37,"55,38,118","1,33,67,24,667.50","51,246","6,67,479",12.05
TATASTEEL,EQ,2015-12-07,240.25,244.8,247.5,242.45,243.05,243.55,244.28,"49,36,426","1,20,58,60,185.20","44,568","6,82,400",13.82
TATASTEEL,EQ,2015-12-08,243.55,242.05,243.05,233.5,233.95,234.75,238.26,"45,45,921","1,08,31,18,418.00","41,855","8,29,332",18.24
TATASTEEL,EQ,2015-12-09,234.75,234.0,235.85,224.9,227.3,226.85,229.45,"47,27,674","1,08,47,50,525.35","40,404","7,27,088",15.38
TATASTEEL,EQ,2015-12-10,226.85,227.25,234.75,226.5,233.9,233.0,229.87,"48,04,837","1,10,44,91,263.35","43,389","9,56,470",19.91
TATASTEEL,EQ,2015-12-11,233.0,235.1,243.9,235.1,241.3,240.9,240.67,"1,19,22,435","2,86,93,71,465.05","89,850","22,03,237",18.48
TATASTEEL,EQ,2015-12-14,240.9,239.0,248.9,238.45,245.15,245.0,244.51,"1,13,14,471","2,76,64,82,967.95","97,882","22,65,254",20.02
TATASTEEL,EQ,2015-12-15,245.0,247.0,247.25,241.25,244.55,244.35,243.82,"52,18,812","1,27,24,68,565.45","51,018","9,09,259",17.42
TATASTEEL,EQ,2015-12-16,244.35,246.55,248.6,242.1,245.4,244.7,245.26,"57,59,897","1,41,26,85,002.30","51,031","8,18,802",14.22
TATASTEEL,EQ,2015-12-17,244.7,246.9,257.95,246.05,257.5,257.1,252.72,"1,21,12,293","3,06,10,75,520.55","1,05,512","36,09,398",29.8
TATASTEEL,EQ,2015-12-18,257.1,256.5,257.95,254.0,255.95,255.65,255.62,"69,44,209","1,77,50,55,606.10","52,265","18,53,695",26.69
TATASTEEL,EQ,2015-12-21,255.65,255.5,261.4,254.65,257.55,258.45,259.11,"61,95,237","1,60,52,37,666.10","54,321","9,86,931",15.93
TATASTEEL,EQ,2015-12-22,258.45,259.0,261.8,256.55,257.4,257.4,259.34,"45,44,256","1,17,84,90,603.90","43,044","7,93,807",17.47
TATASTEEL,EQ,2015-12-23,257.4,262.25,266.4,262.25,265.0,264.45,264.81,"77,02,901","2,03,97,79,112.95","66,477","19,52,159",25.34
TATASTEEL,EQ,2015-12-24,264.45,266.0,266.0,260.6,264.0,263.35,262.65,"38,43,796","1,00,95,80,777.15","35,634","4,10,797",10.69
TATASTEEL,EQ,2015-12-28,263.35,263.95,264.3,253.0,254.4,254.1,256.63,"53,17,617","1,36,46,58,271.10","52,111","11,20,779",21.08
TATASTEEL,EQ,2015-12-29,254.1,255.8,257.15,253.35,256.2,255.3,255.36,"38,00,523","97,04,89,216.35","38,433","5,20,454",13.69
TATASTEEL,EQ,2015-12-30,255.3,256.4,261.8,255.1,258.8,258.7,258.8,"68,12,728","1,76,31,24,971.80","61,353","13,16,132",19.32
TATASTEEL,EQ,2015-12-31,258.7,260.0,260.8,256.95,259.05,259.8,258.95,"44,46,690","1,15,14,71,265.00","39,087","7,82,518",17.6
TATASTEEL,EQ,2016-01-01,259.8,259.0,259.9,253.4,257.3,257.4,256.52,"31,51,567","80,84,38,863.35","26,006","2,82,316",8.96
TATASTEEL,EQ,2016-01-04,257.4,255.0,263.2,253.1,259.0,256.9,258.07,"69,81,400","1,80,17,07,718.45","54,636","8,24,379",11.81
TATASTEEL,EQ,2016-01-05,256.9,257.55,276.4,257.55,272.7,274.3,270.04,"1,50,08,921","4,05,30,14,352.85","1,21,198","28,69,328",19.12
TATASTEEL,EQ,2016-01-06,274.3,272.8,274.6,266.0,268.75,268.75,270.19,"74,54,725","2,01,42,28,010.55","74,296","16,04,103",21.52
TATASTEEL,EQ,2016-01-07,268.75,263.0,263.3,248.2,251.0,249.9,255.13,"95,03,720","2,42,46,59,625.55","83,133","27,75,868",29.21
TATASTEEL,EQ,2016-01-08,249.9,252.0,256.3,249.05,254.55,253.6,253.17,"62,99,465","1,59,48,59,684.70","70,345","10,09,276",16.02
TATASTEEL,EQ,2016-01-11,253.6,247.0,253.35,244.25,252.9,251.65,249.03,"60,85,363","1,51,54,29,991.30","56,078","5,55,113",9.12
TATASTEEL,EQ,2016-01-12,251.65,253.05,255.3,243.15,245.55,245.75,248.57,"54,25,352","1,34,85,56,202.10","50,211","9,07,650",16.73
TATASTEEL,EQ,2016-01-13,245.75,248.5,251.8,237.0,246.35,246.6,244.8,"74,82,478","1,83,16,84,848.40","63,311","5,50,501",7.36
TATASTEEL,EQ,2016-01-14,246.6,235.0,242.55,231.5,239.45,238.75,237.54,"88,84,802","2,11,04,90,501.85","71,899","12,13,589",13.66
TATASTEEL,EQ,2016-01-15,238.75,242.5,243.0,228.1,229.5,229.7,235.44,"59,91,645","1,41,06,86,433.40","53,980","12,06,160",20.13
TATASTEEL,EQ,2016-01-18,229.7,229.8,244.0,225.2,237.4,235.9,235.31,"84,17,421","1,98,07,29,415.10","68,248","19,26,158",22.88
TATASTEEL,EQ,2016-01-19,235.9,237.55,240.95,231.25,237.45,238.0,236.47,"63,04,102","1,49,07,06,486.40","59,826","15,06,049",23.89
TATASTEEL,EQ,2016-01-20,238.0,232.8,234.0,226.5,232.2,232.0,230.61,"54,86,812","1,26,53,17,390.65","46,955","6,88,577",12.55
TATASTEEL,EQ,2016-01-21,232.0,234.7,239.35,231.25,236.1,235.6,235.61,"62,45,316","1,47,14,57,916.75","53,883","16,04,991",25.7
TATASTEEL,EQ,2016-01-22,235.6,238.3,250.8,237.65,247.7,247.8,245.03,"65,10,761","1,59,53,26,323.55","1,03,375","10,87,186",16.7
TATASTEEL,EQ,2016-01-25,247.8,249.0,256.4,248.8,255.05,254.9,253.62,"55,76,543","1,41,43,27,939.40","61,284","9,38,328",16.83
TATASTEEL,EQ,2016-01-27,254.9,255.0,259.9,253.4,256.65,257.6,256.8,"62,35,665","1,60,13,44,467.80","59,347","9,36,064",15.01
TATASTEEL,EQ,2016-01-28,257.6,257.0,258.45,252.4,254.0,254.2,254.95,"60,16,704","1,53,39,45,497.75","43,982","20,18,826",33.55
TATASTEEL,EQ,2016-01-29,254.2,254.65,258.8,247.45,248.35,249.7,252.91,"67,47,965","1,70,66,39,761.65","49,299","15,56,086",23.06
TATASTEEL,EQ,2016-02-01,249.7,248.9,254.95,246.5,248.95,249.3,251.22,"44,20,717","1,11,05,89,432.10","40,819","5,32,716",12.05
TATASTEEL,EQ,2016-02-02,249.3,250.25,251.0,230.1,230.2,231.45,237.82,"83,88,473","1,99,49,60,282.35","74,173","20,80,150",24.8
TATASTEEL,EQ,2016-02-03,231.45,227.9,233.9,221.45,222.5,224.0,228.12,"77,91,522","1,77,74,30,936.90","67,232","11,02,318",14.15
TATASTEEL,EQ,2016-02-04,224.0,224.4,228.6,219.0,227.7,225.95,222.82,"1,17,09,422","2,60,90,70,139.65","1,01,475","8,34,469",7.13
TATASTEEL,EQ,2016-02-05,225.95,216.0,238.3,216.0,235.75,233.85,225.72,"2,58,03,399","5,82,43,04,617.15","1,87,555","21,62,113",8.38
TATASTEEL,EQ,2016-02-08,233.85,238.6,243.95,232.05,235.0,234.1,237.11,"1,03,32,441","2,44,99,19,864.20","87,660","12,54,881",12.15
TATASTEEL,EQ,2016-02-09,234.1,230.9,237.3,230.1,236.8,235.5,234.24,"75,62,851","1,77,14,97,033.90","61,391","6,94,496",9.18
TATASTEEL,EQ,2016-02-10,235.5,234.85,237.75,227.1,237.0,235.7,232.33,"76,16,029","1,76,94,62,491.80","67,863","8,43,995",11.08
TATASTEEL,EQ,2016-02-11,235.7,235.95,237.3,220.85,225.5,224.5,228.74,"61,51,670","1,40,71,57,877.85","48,325","9,31,662",15.14
TATASTEEL,EQ,2016-02-12,224.5,226.0,229.35,211.15,216.4,217.5,217.16,"93,73,751","2,03,56,35,064.95","76,135","15,48,590",16.52
TATASTEEL,EQ,2016-02-15,217.5,222.0,248.0,222.0,247.0,246.7,241.23,"1,36,02,332","3,28,13,03,844.45","1,14,510","22,08,655",16.24
TATASTEEL,EQ,2016-02-16,246.7,249.6,251.6,243.15,245.4,244.85,246.45,"91,46,831","2,25,42,45,685.80","82,859","10,01,958",10.95
TATASTEEL,EQ,2016-02-17,244.85,245.0,252.9,238.0,252.35,251.25,244.51,"82,95,421","2,02,83,10,954.15","73,677","8,65,445",10.43
TATASTEEL,EQ,2016-02-18,251.25,255.0,256.5,243.2,250.5,250.85,251.24,"94,59,329","2,37,66,03,321.25","77,776","12,37,603",13.08
TATASTEEL,EQ,2016-02-19,250.85,248.5,254.45,246.85,253.25,253.25,251.5,"67,70,618","1,70,28,18,716.25","65,076","4,76,062",7.03
TATASTEEL,EQ,2016-02-22,253.25,253.6,257.5,251.7,255.55,255.25,254.77,"48,10,335","1,22,55,34,852.80","48,123","4,30,523",8.95
TATASTEEL,EQ,2016-02-23,255.25,255.8,261.6,252.1,252.4,253.55,256.97,"84,52,358","2,17,20,12,746.60","88,915","8,89,090",10.52
TATASTEEL,EQ,2016-02-24,253.55,250.6,253.75,246.95,247.15,247.9,250.92,"47,43,823","1,19,03,34,120.75","44,759","6,06,341",12.78
TATASTEEL,EQ,2016-02-25,247.9,247.1,249.85,244.6,249.5,248.15,247.37,"55,88,168","1,38,23,22,361.45","46,536","15,04,775",26.93
TATASTEEL,EQ,2016-02-26,248.15,249.5,251.7,243.15,248.4,248.45,247.41,"53,36,837","1,32,04,11,137.90","48,012","8,40,005",15.74
TATASTEEL,EQ,2016-02-29,248.45,246.9,263.65,245.1,247.55,249.1,254.47,"98,50,435","2,50,66,39,666.50","96,265","19,14,771",19.44
TATASTEEL,EQ,2016-03-01,249.1,250.0,258.15,246.55,257.5,257.05,252.67,"71,11,226","1,79,67,86,589.60","67,757","6,16,078",8.66
TATASTEEL,EQ,2016-03-02,257.05,260.0,269.5,259.5,269.0,267.55,265.54,"76,45,620","2,03,01,99,032.05","69,701","15,62,185",20.43
TATASTEEL,EQ,2016-03-03,267.55,273.0,289.0,272.1,287.95,287.05,280.88,"1,75,33,077","4,92,47,46,453.05","1,46,221","47,30,273",26.98
TATASTEEL,EQ,2016-03-04,287.05,289.0,291.2,284.5,290.0,288.55,287.83,"91,70,166","2,63,94,35,842.50","86,303","16,12,562",17.58
TATASTEEL,EQ,2016-03-08,288.55,287.8,296.7,287.0,291.4,291.8,293.31,"92,81,598","2,72,24,30,801.35","82,235","20,00,014",21.55
TATASTEEL,EQ,2016-03-09,291.8,283.5,296.5,281.3,296.45,295.4,287.73,"1,01,58,431","2,92,28,74,682.20","85,747","19,75,820",19.45
TATASTEEL,EQ,2016-03-10,295.4,296.3,301.25,293.3,296.0,296.7,297.5,"85,56,968","2,54,57,19,635.30","82,875","13,30,940",15.55
TATASTEEL,EQ,2016-03-11,296.7,296.0,298.2,290.35,294.6,294.05,294.14,"76,33,668","2,24,53,63,797.55","91,910","9,62,430",12.61
TATASTEEL,EQ,2016-03-14,294.05,295.95,300.25,295.25,296.2,296.7,297.08,"44,45,317","1,32,06,18,120.70","46,852","5,91,537",13.31
TATASTEEL,EQ,2016-03-15,296.7,297.0,302.0,294.1,300.0,300.45,298.85,"69,78,051","2,08,54,07,227.35","78,579","10,64,721",15.26
TATASTEEL,EQ,2016-03-16,300.45,300.0,302.75,294.2,299.95,299.5,298.32,"70,39,372","2,09,99,70,769.95","77,294","14,21,712",20.2
TATASTEEL,EQ,2016-03-17,299.5,304.5,305.65,294.9,295.75,295.9,301.24,"80,05,526","2,41,15,47,911.50","78,606","22,08,694",27.59
TATASTEEL,EQ,2016-03-18,295.9,299.7,302.75,296.95,302.35,302.2,300.32,"73,14,488","2,19,66,56,872.20","73,786","15,48,868",21.18
TATASTEEL,EQ,2016-03-21,302.2,302.0,305.95,300.65,304.2,303.55,303.62,"56,51,710","1,71,59,71,865.05","66,538","18,17,619",32.16
TATASTEEL,EQ,2016-03-22,303.55,303.1,311.8,301.35,311.8,309.8,305.94,"65,79,069","2,01,27,69,437.45","62,384","13,62,509",20.71
TATASTEEL,EQ,2016-03-23,309.8,311.8,317.9,310.55,317.0,317.2,313.95,"63,77,772","2,00,23,04,608.55","68,671","10,70,301",16.78
TATASTEEL,EQ,2016-03-28,317.2,318.4,318.4,297.4,299.95,299.15,305.59,"90,69,782","2,77,16,03,065.15","85,276","33,61,991",37.07
TATASTEEL,EQ,2016-03-29,299.15,300.0,307.75,300.0,304.25,303.85,304.66,"59,37,162","1,80,88,24,237.55","58,714","6,46,408",10.89
TATASTEEL,EQ,2016-03-30,303.85,309.45,325.75,305.3,323.5,324.3,317.36,"1,24,38,899","3,94,76,32,766.90","1,11,029","23,40,017",18.81
TATASTEEL,EQ,2016-03-31,324.3,324.9,324.9,314.4,319.05,319.7,319.99,"1,33,49,925","4,27,18,91,827.90","1,18,752","39,41,343",29.52
TATASTEEL,EQ,2016-04-01,319.7,317.65,319.85,313.35,316.7,317.75,316.39,"55,70,019","1,76,22,90,018.85","66,748","7,21,891",12.96
TATASTEEL,EQ,2016-04-04,317.75,315.8,323.1,314.7,320.85,320.35,320.55,"51,67,920","1,65,65,98,714.30","50,256","6,89,189",13.34
TATASTEEL,EQ,2016-04-05,320.35,316.95,319.4,308.3,312.05,312.3,313.91,"57,23,253","1,79,65,68,295.30","56,211","10,91,611",19.07
TATASTEEL,EQ,2016-04-06,312.3,315.0,332.0,313.55,328.35,328.55,325.4,"1,45,91,057","4,74,79,28,982.70","1,34,999","20,29,167",13.91
TATASTEEL,EQ,2016-04-07,328.55,329.9,332.75,322.1,324.6,323.7,327.31,"86,09,454","2,81,79,92,490.55","90,434","10,67,387",12.4
TATASTEEL,EQ,2016-04-08,323.7,323.05,324.8,319.05,322.7,322.1,322.15,"60,80,953","1,95,89,86,518.05","57,247","6,50,449",10.7
TATASTEEL,EQ,2016-04-11,322.1,322.0,333.3,320.05,330.2,331.15,327.35,"90,14,830","2,95,09,62,082.40","88,016","13,44,008",14.91
TATASTEEL,EQ,2016-04-12,331.15,323.9,330.9,318.0,324.75,324.5,325.89,"1,11,10,285","3,62,07,34,110.60","98,934","14,67,424",13.21
TATASTEEL,EQ,2016-04-13,324.5,327.5,336.2,326.0,332.55,332.85,331.69,"1,02,84,415","3,41,12,50,923.95","99,995","21,55,265",20.96
TATASTEEL,EQ,2016-04-18,332.85,331.9,337.25,327.65,336.3,335.55,333.37,"71,92,987","2,39,79,08,188.80","76,458","14,94,554",20.78
TATASTEEL,EQ,2016-04-20,335.55,337.95,359.3,337.7,358.0,357.45,352.3,"1,83,82,196","6,47,61,36,082.25","1,84,468","56,64,886",30.82
TATASTEEL,EQ,2016-04-21,357.45,358.8,364.05,353.1,354.0,354.55,357.13,"1,03,50,647","3,69,65,77,071.95","1,14,335","28,64,945",27.68
TATASTEEL,EQ,2016-04-22,354.55,358.0,363.75,352.3,353.8,353.65,358.14,"1,20,95,871","4,33,20,15,716.50","1,01,778","31,00,348",25.63
TATASTEEL,EQ,2016-04-25,353.65,352.5,353.7,344.55,349.05,347.45,347.37,"61,59,623","2,13,96,86,008.10","61,706","13,65,589",22.17
TATASTEEL,EQ,2016-04-26,347.45,347.15,360.6,347.1,357.8,358.6,355.5,"83,45,302","2,96,67,56,646.50","97,034","13,62,938",16.33
TATASTEEL,EQ,2016-04-27,358.6,358.9,362.4,354.15,356.6,356.75,357.46,"60,27,540","2,15,45,75,065.30","56,291","11,22,131",18.62
TATASTEEL,EQ,2016-04-28,356.75,357.0,362.0,346.15,347.65,347.6,353.63,"1,00,79,174","3,56,43,18,696.35","98,888","27,14,364",26.93
TATASTEEL,EQ,2016-04-29,347.6,347.7,353.9,342.7,352.45,351.1,349.15,"78,04,551","2,72,49,97,780.90","68,160","19,81,902",25.39
TATASTEEL,EQ,2016-05-02,351.1,349.0,351.0,344.4,346.8,346.95,347.99,"41,81,306","1,45,50,43,272.50","39,612","4,74,339",11.34
TATASTEEL,EQ,2016-05-03,346.95,348.75,355.65,347.0,348.8,348.9,351.17,"63,74,681","2,23,86,17,348.20","63,085","11,00,630",17.27
TATASTEEL,EQ,2016-05-04,348.9,346.0,347.25,327.4,329.5,328.75,334.67,"79,57,557","2,66,31,71,132.45","80,316","17,16,702",21.57
TATASTEEL,EQ,2016-05-05,328.75,329.0,334.8,324.15,333.0,331.8,329.31,"83,35,949","2,74,51,51,869.00","78,429","16,67,809",20.01
TATASTEEL,EQ,2016-05-06,331.8,330.0,331.5,325.1,329.6,329.3,328.62,"53,62,816","1,76,23,50,131.60","58,992","6,58,168",12.27
TATASTEEL,EQ,2016-05-09,329.3,330.0,334.95,327.2,329.1,328.7,330.52,"46,58,395","1,53,96,92,021.85","52,388","5,59,928",12.02
TATASTEEL,EQ,2016-05-10,328.7,330.9,337.25,325.15,328.1,328.05,330.56,"1,07,50,089","3,55,35,92,019.05","1,12,474","21,38,822",19.9
TATASTEEL,EQ,2016-05-11,328.05,319.9,332.0,319.15,329.8,329.8,328.6,"56,87,705","1,86,89,63,483.40","61,568","11,12,235",19.56
TATASTEEL,EQ,2016-05-12,329.8,331.25,332.2,326.6,331.0,330.6,329.52,"47,06,634","1,55,09,14,476.20","52,217","10,64,022",22.61
TATASTEEL,EQ,2016-05-13,330.6,327.0,329.35,321.2,321.6,322.65,324.27,"56,02,557","1,81,67,17,241.95","62,844","13,51,731",24.13
TATASTEEL,EQ,2016-05-16,322.65,323.05,327.25,319.4,326.5,326.4,323.8,"39,30,807","1,27,28,10,512.15","43,813","4,83,098",12.29
TATASTEEL,EQ,2016-05-17,326.4,328.8,331.15,324.4,326.2,327.15,327.61,"48,79,761","1,59,86,59,411.90","49,394","8,07,414",16.55
TATASTEEL,EQ,2016-05-18,327.15,325.7,330.2,323.15,330.0,329.05,326.89,"37,59,529","1,22,89,57,252.25","44,575","5,28,100",14.05
TATASTEEL,EQ,2016-05-19,329.05,326.5,337.4,325.0,325.4,326.25,332.03,"65,10,727","2,16,17,32,102.10","65,843","8,36,375",12.85
TATASTEEL,EQ,2016-05-20,326.25,326.2,327.1,321.1,323.0,322.65,323.74,"46,11,092","1,49,27,88,491.20","59,092","13,94,951",30.25
TATASTEEL,EQ,2016-05-23,322.65,324.7,325.75,312.5,314.1,313.55,317.54,"63,97,200","2,03,13,50,076.10","77,835","15,30,210",23.92
TATASTEEL,EQ,2016-05-24,313.55,313.45,318.45,311.25,318.0,317.7,315.05,"50,22,884","1,58,24,40,745.80","54,848","8,36,386",16.65
TATASTEEL,EQ,2016-05-25,317.7,320.0,326.5,318.15,324.35,324.6,322.38,"55,23,886","1,78,08,00,296.80","49,955","9,66,600",17.5
TATASTEEL,EQ,2016-05-26,324.6,320.0,329.35,320.0,327.0,325.2,324.28,"1,28,92,426","4,18,06,99,277.25","1,11,266","42,65,410",33.08
TATASTEEL,EQ,2016-05-27,325.2,326.0,332.0,324.55,331.05,329.6,327.95,"44,04,479","1,44,44,56,592.10","45,224","8,25,407",18.74
TATASTEEL,EQ,2016-05-30,329.6,332.05,334.6,321.45,321.9,322.35,326.13,"66,18,099","2,15,83,34,761.35","65,867","20,30,798",30.69
TATASTEEL,EQ,2016-05-31,322.35,324.5,337.5,320.25,334.05,334.35,330.79,"1,00,42,011","3,32,18,24,551.30","97,358","22,53,179",22.44
TATASTEEL,EQ,2016-06-01,334.35,335.9,339.6,329.4,332.3,332.15,335.2,"64,83,031","2,17,31,19,501.05","61,786","11,86,227",18.3
TATASTEEL,EQ,2016-06-02,332.15,332.0,341.9,330.35,341.9,340.65,337.01,"55,72,983","1,87,81,74,020.85","61,615","12,50,009",22.43
TATASTEEL,EQ,2016-06-03,340.65,344.0,348.3,336.4,337.85,338.55,342.08,"88,32,388","3,02,14,18,728.40","81,915","35,90,685",40.65
TATASTEEL,EQ,2016-06-06,338.55,335.0,340.7,332.15,338.6,337.85,336.99,"49,69,784","1,67,47,66,167.30","59,409","11,14,540",22.43
TATASTEEL,EQ,2016-06-07,337.85,339.55,343.85,337.05,343.55,342.6,341.09,"38,98,620","1,32,97,86,431.95","42,571","6,08,785",15.62
TATASTEEL,EQ,2016-06-08,342.6,343.25,346.45,338.5,341.5,341.5,342.17,"44,66,650","1,52,83,62,012.95","43,354","7,69,901",17.24
TATASTEEL,EQ,2016-06-09,341.5,340.0,346.7,340.0,344.0,342.05,343.59,"59,35,910","2,03,95,11,410.40","60,789","19,50,837",32.87
TATASTEEL,EQ,2016-06-10,342.05,342.0,344.5,333.5,333.7,334.4,338.99,"55,06,426","1,86,66,16,791.40","48,464","14,61,802",26.55
TATASTEEL,EQ,2016-06-13,334.4,328.3,329.95,321.0,322.65,323.1,323.93,"65,76,686","2,13,04,16,768.40","83,347","23,13,018",35.17
TATASTEEL,EQ,2016-06-14,323.1,325.0,327.45,321.3,325.2,324.95,324.51,"40,08,566","1,30,08,00,413.55","55,258","6,81,783",17.01
TATASTEEL,EQ,2016-06-15,324.95,326.1,331.5,323.8,331.05,330.25,327.62,"41,34,184","1,35,44,31,084.25","40,374","9,90,945",23.97
TATASTEEL,EQ,2016-06-16,330.25,329.5,333.5,324.1,329.5,330.5,329.18,"64,90,905","2,13,66,70,702.90","66,010","16,14,672",24.88
TATASTEEL,EQ,2016-06-17,330.5,333.0,333.5,323.8,325.2,325.45,326.56,"57,02,881","1,86,23,60,906.30","85,598","19,46,553",34.13
TATASTEEL,EQ,2016-06-20,325.45,324.4,336.95,322.8,336.75,336.25,331.74,"62,00,742","2,05,70,22,734.15","86,925","17,20,396",27.75
TATASTEEL,EQ,2016-06-21,336.25,336.0,337.7,332.75,333.1,334.05,334.82,"34,90,952","1,16,88,52,334.55","33,537","9,67,012",27.7
TATASTEEL,EQ,2016-06-22,334.05,334.0,334.0,327.05,331.3,332.45,330.82,"46,27,091","1,53,07,53,964.85","74,903","12,81,161",27.69
TATASTEEL,EQ,2016-06-23,332.45,331.5,335.95,327.6,333.0,333.95,331.39,"46,84,494","1,55,23,74,208.75","51,460","10,62,651",22.68
TATASTEEL,EQ,2016-06-24,333.95,307.1,316.4,296.3,311.95,312.65,308.04,"1,44,10,710","4,43,90,66,874.75","1,29,203","23,26,162",16.14
TATASTEEL,EQ,2016-06-27,312.65,309.75,312.55,307.5,309.9,310.5,310.35,"65,79,079","2,04,18,37,687.90","70,794","11,37,354",17.29
TATASTEEL,EQ,2016-06-28,310.5,311.45,314.4,307.0,311.15,311.5,311.14,"79,26,086","2,46,61,22,631.60","64,834","29,24,277",36.89
TATASTEEL,EQ,2016-06-29,311.5,314.0,317.0,312.6,312.9,313.6,314.94,"56,16,012","1,76,87,03,772.20","54,117","19,77,510",35.21
TATASTEEL,EQ,2016-06-30,313.6,315.7,324.25,315.2,323.0,321.95,319.39,"63,92,234","2,04,15,90,186.65","69,968","22,12,412",34.61
TATASTEEL,EQ,2016-07-01,321.95,326.5,330.9,326.4,327.4,328.1,328.91,"49,94,251","1,64,26,36,604.85","50,572","13,87,050",27.77
TATASTEEL,EQ,2016-07-04,328.1,328.7,333.9,327.95,330.6,331.25,331.49,"32,32,796","1,07,16,44,833.40","33,621","6,25,750",19.36
TATASTEEL,EQ,2016-07-05,331.25,332.5,337.4,330.25,332.6,333.65,333.94,"39,43,390","1,31,68,36,154.55","37,295","4,73,769",12.01
TATASTEEL,EQ,2016-07-07,333.65,334.2,337.25,316.3,316.9,317.7,323.09,"1,01,26,780","3,27,18,58,224.80","99,563","21,02,213",20.76
TATASTEEL,EQ,2016-07-08,317.7,314.95,319.4,312.1,317.7,318.35,316.68,"77,64,479","2,45,88,50,147.75","76,133","12,76,471",16.44
TATASTEEL,EQ,2016-07-11,318.35,325.0,329.7,319.65,326.7,327.0,325.29,"76,92,459","2,50,22,55,581.95","83,723","14,46,392",18.8
TATASTEEL,EQ,2016-07-12,327.0,329.95,343.85,329.0,343.45,342.3,336.3,"98,86,586","3,32,48,85,235.10","91,232","26,06,488",26.36
TATASTEEL,EQ,2016-07-13,342.3,344.7,358.65,344.3,356.05,357.75,353.07,"1,33,45,822","4,71,19,88,292.10","1,23,543","23,81,568",17.85
TATASTEEL,EQ,2016-07-14,357.75,358.8,361.35,353.35,359.5,359.3,358.23,"79,70,875","2,85,54,08,470.45","86,737","15,50,385",19.45
TATASTEEL,EQ,2016-07-15,359.3,359.3,374.4,356.75,372.0,372.9,369.32,"1,34,31,169","4,96,04,58,692.20","1,26,440","26,69,199",19.87
TATASTEEL,EQ,2016-07-18,372.9,373.45,379.4,363.5,364.55,365.65,373.32,"76,97,416","2,87,35,84,846.00","83,445","12,90,062",16.76
TATASTEEL,EQ,2016-07-19,365.65,367.95,371.65,362.35,369.9,370.25,367.91,"82,46,048","3,03,37,66,587.20","81,937","23,90,613",28.99
TATASTEEL,EQ,2016-07-20,370.25,372.2,373.0,366.4,368.7,368.45,369.25,"59,07,217","2,18,12,47,774.15","74,395","19,05,085",32.25
TATASTEEL,EQ,2016-07-21,368.45,370.0,370.0,361.1,361.7,362.3,365.06,"53,43,359","1,95,06,39,016.55","54,893","15,57,669",29.15
TATASTEEL,EQ,2016-07-22,362.3,362.3,368.9,356.45,365.0,365.45,363.18,"73,72,910","2,67,76,70,770.45","61,579","17,00,490",23.06
TATASTEEL,EQ,2016-07-25,365.45,365.0,367.8,362.15,362.75,363.65,364.22,"56,76,435","2,06,74,52,280.80","45,031","23,34,921",41.13
TATASTEEL,EQ,2016-07-26,363.65,363.9,375.0,363.05,367.4,367.8,371.22,"77,98,763","2,89,50,68,074.20","74,113","16,77,440",21.51
TATASTEEL,EQ,2016-07-27,367.8,368.9,370.5,354.1,362.7,363.05,361.56,"1,03,59,001","3,74,54,36,365.30","89,879","32,73,595",31.6
TATASTEEL,EQ,2016-07-28,363.05,358.0,359.2,348.65,350.3,349.85,353.09,"1,05,26,709","3,71,68,37,787.80","68,053","51,46,734",48.89
TATASTEEL,EQ,2016-07-29,349.85,351.05,359.0,351.05,354.45,355.05,355.85,"83,49,227","2,97,10,69,605.15","1,00,717","31,62,200",37.87
TATASTEEL,EQ,2016-08-01,355.05,356.15,366.6,354.25,365.1,364.85,361.87,"1,00,82,335","3,64,85,13,773.35","80,189","34,08,695",33.81
TATASTEEL,EQ,2016-08-02,364.85,366.45,370.7,360.1,363.0,361.85,365.78,"81,08,008","2,96,57,23,036.95","91,549","22,66,833",27.96
TATASTEEL,EQ,2016-08-03,361.85,364.65,366.45,354.9,357.3,358.05,360.24,"57,46,762","2,07,01,88,879.10","54,405","13,47,574",23.45
TATASTEEL,EQ,2016-08-04,358.05,360.4,374.9,357.4,373.8,373.8,368.68,"96,39,368","3,55,37,98,330.75","96,430","25,10,450",26.04
TATASTEEL,EQ,2016-08-05,373.8,378.0,383.0,376.5,380.8,381.7,380.21,"91,17,890","3,46,67,51,578.20","1,18,059","22,42,963",24.6
TATASTEEL,EQ,2016-08-08,381.7,382.4,384.5,376.25,379.7,379.55,380.17,"66,62,412","2,53,28,46,910.35","74,342","21,32,669",32.01
TATASTEEL,EQ,2016-08-09,379.55,379.0,382.45,373.6,376.45,375.35,377.67,"56,18,546","2,12,19,51,663.80","50,798","15,38,441",27.38
TATASTEEL,EQ,2016-08-10,375.35,377.9,379.4,368.15,369.15,370.3,372.6,"45,94,009","1,71,17,27,531.35","46,318","7,71,314",16.79
TATASTEEL,EQ,2016-08-11,370.3,370.3,373.6,361.5,369.9,368.35,368.09,"44,19,528","1,62,67,77,419.15","49,491","7,87,478",17.82
TATASTEEL,EQ,2016-08-12,368.35,370.0,378.35,369.35,373.85,374.75,375.08,"44,11,019","1,65,44,87,188.95","55,536","12,62,313",28.62
TATASTEEL,EQ,2016-08-16,374.75,375.0,381.0,373.05,380.3,379.15,377.37,"61,04,127","2,30,35,12,954.20","70,465","29,75,447",48.74
TATASTEEL,EQ,2016-08-17,379.15,379.95,392.95,379.95,391.25,391.85,387.82,"93,53,131","3,62,73,57,228.70","1,16,408","29,47,439",31.51
TATASTEEL,EQ,2016-08-18,391.85,392.5,393.9,385.1,386.8,387.2,388.63,"59,20,398","2,30,08,64,547.25","59,031","16,04,805",27.11
TATASTEEL,EQ,2016-08-19,387.2,389.15,394.65,383.5,390.95,392.15,389.53,"89,47,214","3,48,52,12,991.15","82,993","27,35,259",30.57
TATASTEEL,EQ,2016-08-22,392.15,391.5,391.5,384.5,387.3,388.15,387.55,"55,63,430","2,15,61,31,368.15","61,900","12,84,605",23.09
TATASTEEL,EQ,2016-08-23,388.15,387.95,391.0,378.15,384.5,385.15,385.8,"67,20,835","2,59,28,90,336.90","65,548","14,83,082",22.07
TATASTEEL,EQ,2016-08-24,385.15,385.6,387.3,378.75,379.35,379.95,381.98,"42,61,868","1,62,79,67,766.30","44,749","10,79,805",25.34
TATASTEEL,EQ,2016-08-25,379.95,381.7,382.3,370.5,373.0,372.3,376.94,"47,73,691","1,79,93,93,833.20","52,365","10,94,482",22.93
TATASTEEL,EQ,2016-08-26,372.3,375.0,375.95,367.3,369.0,369.45,370.62,"43,11,789","1,59,80,46,061.60","45,462","9,84,114",22.82
TATASTEEL,EQ,2016-08-29,369.45,368.9,375.45,367.75,374.15,373.75,373.11,"37,18,240","1,38,73,10,232.90","41,719","9,30,247",25.02
TATASTEEL,EQ,2016-08-30,373.75,375.35,379.5,375.0,378.0,377.75,377.61,"38,04,436","1,43,65,94,140.55","42,218","11,88,922",31.25
TATASTEEL,EQ,2016-08-31,377.75,378.0,381.35,368.8,370.1,370.1,374.44,"45,30,361","1,69,63,70,774.25","54,808","12,86,875",28.41
TATASTEEL,EQ,2016-09-01,370.1,371.3,377.7,369.5,374.55,374.6,373.91,"44,53,409","1,66,51,76,316.75","52,415","10,98,548",24.67
TATASTEEL,EQ,2016-09-02,374.6,375.95,376.2,370.4,373.05,374.2,373.14,"28,24,297","1,05,38,51,415.20","27,019","3,73,417",13.22
TATASTEEL,EQ,2016-09-06,374.2,375.0,386.75,374.4,385.0,385.75,382.81,"58,28,507","2,23,11,92,318.45","60,389","21,62,953",37.11
TATASTEEL,EQ,2016-09-07,385.75,387.1,394.15,386.6,390.25,389.95,390.85,"69,65,026","2,72,23,03,804.85","83,143","17,70,874",25.43
TATASTEEL,EQ,2016-09-08,389.95,390.25,408.6,390.25,402.3,403.0,402.87,"1,12,34,744","4,52,61,30,228.60","1,19,210","30,85,105",27.46
TATASTEEL,EQ,2016-09-09,403.0,404.9,406.9,393.25,395.1,394.6,398.32,"59,62,851","2,37,51,44,856.85","74,736","13,62,024",22.84
TATASTEEL,EQ,2016-09-12,394.6,385.0,385.9,370.6,371.95,373.3,378.63,"67,17,365","2,54,33,87,330.75","95,133","15,91,768",23.7
TATASTEEL,EQ,2016-09-14,373.3,370.0,378.0,363.15,374.2,373.9,370.1,"1,11,05,369","4,11,00,79,120.80","1,13,979","16,33,101",14.71
TATASTEEL,EQ,2016-09-15,373.9,374.0,375.1,363.75,366.3,366.4,367.78,"48,75,040","1,79,29,25,125.05","53,131","7,33,728",15.05
TATASTEEL,EQ,2016-09-16,366.4,369.5,371.9,357.6,359.2,358.85,364.76,"60,75,750","2,21,62,14,210.55","58,954","11,18,439",18.41
TATASTEEL,EQ,2016-09-19,358.85,360.0,363.95,355.3,361.5,361.65,360.96,"51,21,611","1,84,87,14,655.95","58,881","7,27,524",14.2
TATASTEEL,EQ,2016-09-20,361.65,364.3,370.0,359.25,365.25,365.6,365.18,"56,97,810","2,08,07,02,461.05","67,421","8,57,369",15.05
TATASTEEL,EQ,2016-09-21,365.6,365.3,372.5,365.3,369.4,369.8,369.82,"68,68,967","2,54,02,57,835.10","71,931","18,71,831",27.25
TATASTEEL,EQ,2016-09-22,369.8,377.7,379.8,372.8,377.3,377.25,376.23,"66,69,414","2,50,92,04,550.90","65,404","22,62,288",33.92
TATASTEEL,EQ,2016-09-23,377.25,377.35,378.4,371.0,371.9,372.0,374.98,"44,61,871","1,67,31,05,779.90","50,480","11,53,932",25.86
TATASTEEL,EQ,2016-09-26,372.0,371.35,376.55,368.4,370.25,369.75,372.66,"43,51,638","1,62,16,99,583.65","47,852","10,69,775",24.58
TATASTEEL,EQ,2016-09-27,369.75,372.6,374.6,366.6,367.65,367.95,369.81,"44,03,977","1,62,86,31,334.70","51,302","8,33,134",18.92
TATASTEEL,EQ,2016-09-28,367.95,368.25,382.2,368.25,381.2,380.35,375.08,"63,38,968","2,37,76,13,323.50","57,210","16,13,897",25.46
TATASTEEL,EQ,2016-09-29,380.35,383.35,383.85,365.0,367.55,368.8,372.61,"1,33,61,086","4,97,84,66,313.70","75,265","58,00,723",43.42
TATASTEEL,EQ,2016-09-30,368.8,367.85,377.45,363.3,375.55,374.25,370.27,"55,06,157","2,03,87,42,400.75","52,975","15,42,572",28.02
TATASTEEL,EQ,2016-10-03,374.25,376.9,384.8,376.3,383.2,382.85,381.73,"44,80,810","1,71,04,57,973.25","45,832","15,22,532",33.98
TATASTEEL,EQ,2016-10-04,382.85,386.0,393.0,382.4,391.55,391.15,388.28,"85,23,432","3,30,95,02,808.90","80,603","18,68,408",21.92
TATASTEEL,EQ,2016-10-05,391.15,395.2,396.5,389.0,389.05,390.7,392.6,"51,54,852","2,02,38,18,025.25","45,806","7,97,253",15.47
TATASTEEL,EQ,2016-10-06,390.7,392.8,395.85,386.55,391.05,389.85,390.89,"77,30,432","3,02,17,84,549.80","66,122","26,77,163",34.63
TATASTEEL,EQ,2016-10-07,389.85,392.9,407.6,390.2,406.55,406.55,400.73,"1,16,10,384","4,65,25,80,115.35","1,13,299","22,59,823",19.46
TATASTEEL,EQ,2016-10-10,406.55,409.9,420.7,409.0,419.3,418.4,416.73,"1,16,42,373","4,85,17,27,676.30","1,18,759","22,67,590",19.48
TATASTEEL,EQ,2016-10-13,418.4,414.0,420.4,408.8,414.8,413.8,414.28,"1,11,06,052","4,60,10,58,833.75","1,28,921","34,79,640",31.33
TATASTEEL,EQ,2016-10-14,413.8,416.0,417.5,409.5,413.0,412.3,412.9,"52,75,390","2,17,82,23,939.35","69,777","9,47,506",17.96
TATASTEEL,EQ,2016-10-17,412.3,412.2,415.8,407.6,411.7,410.8,411.9,"67,12,935","2,76,50,76,999.05","63,865","15,22,290",22.68
TATASTEEL,EQ,2016-10-18,410.8,414.4,426.5,412.1,426.0,424.95,421.77,"75,84,884","3,19,91,02,023.05","75,370","14,63,914",19.3
TATASTEEL,EQ,2016-10-19,424.95,426.0,427.75,421.2,426.7,426.0,425.12,"49,73,722","2,11,44,03,842.60","70,579","9,62,011",19.34
TATASTEEL,EQ,2016-10-20,426.0,427.75,431.9,425.25,428.05,428.55,429.16,"50,62,646","2,17,26,78,520.70","51,935","8,05,917",15.92
TATASTEEL,EQ,2016-10-21,428.55,427.0,428.45,421.7,427.6,427.2,425.21,"41,24,680","1,75,38,51,113.75","50,917","9,82,468",23.82
TATASTEEL,EQ,2016-10-24,427.2,427.45,431.4,425.0,425.8,426.05,427.63,"28,81,988","1,23,24,19,585.60","26,545","5,56,037",19.29
TATASTEEL,EQ,2016-10-25,426.05,410.0,419.2,408.35,414.75,415.25,415.12,"86,96,996","3,61,03,05,561.55","83,978","14,46,328",16.63
TATASTEEL,EQ,2016-10-26,415.25,414.35,418.8,390.9,392.9,398.6,409.27,"83,02,477","3,39,79,95,804.25","89,100","26,61,028",32.05
TATASTEEL,EQ,2016-10-27,398.6,388.0,400.0,383.35,399.05,397.15,393.71,"1,37,09,731","5,39,77,17,215.05","1,12,960","33,42,950",24.38
TATASTEEL,EQ,2016-10-28,397.15,398.75,406.5,397.35,405.05,405.45,402.9,"67,88,166","2,73,49,61,340.10","69,411","19,04,006",28.05
TATASTEEL,EQ,2016-10-30,405.45,407.0,407.95,402.5,403.95,404.7,405.58,"6,37,163","25,84,23,317.80","8,511","1,40,485",22.05
TATASTEEL,EQ,2016-11-01,404.7,404.85,423.95,401.1,417.6,417.7,415.68,"94,73,737","3,93,80,47,685.55","87,673","24,88,227",26.26
TATASTEEL,EQ,2016-11-02,417.7,406.0,416.4,406.0,416.2,413.35,412.02,"74,10,152","3,05,31,67,413.45","88,571","22,21,427",29.98
TATASTEEL,EQ,2016-11-03,413.35,411.0,419.7,398.65,404.3,403.3,408.01,"84,94,155","3,46,56,59,041.70","82,867","17,94,388",21.12
TATASTEEL,EQ,2016-11-04,403.3,403.9,407.6,398.25,403.5,403.1,402.97,"50,96,305","2,05,36,72,357.10","58,466","9,92,338",19.47
TATASTEEL,EQ,2016-11-07,403.1,406.3,415.35,406.3,410.4,412.6,411.68,"45,16,324","1,85,92,65,041.55","58,390","13,79,264",30.54
TATASTEEL,EQ,2016-11-08,412.6,414.0,415.4,405.5,409.55,408.65,410.49,"32,53,417","1,33,54,87,674.50","35,702","6,48,000",19.92
TATASTEEL,EQ,2016-11-09,408.65,380.0,403.9,377.0,400.85,399.35,394.56,"59,12,250","2,33,27,21,920.10","59,458","14,49,050",24.51
TATASTEEL,EQ,2016-11-10,399.35,407.95,439.3,407.95,436.9,437.0,432.21,"1,08,98,034","4,71,01,93,717.20","1,17,768","25,34,505",23.26
TATASTEEL,EQ,2016-11-11,437.0,432.5,441.5,424.0,425.95,426.5,431.93,"87,33,209","3,77,21,20,841.85","80,574","22,91,377",26.24
TATASTEEL,EQ,2016-11-15,426.5,411.5,418.0,391.0,392.5,393.05,400.71,"92,53,517","3,70,80,13,775.15","83,742","34,17,269",36.93
TATASTEEL,EQ,2016-11-16,393.05,397.0,401.4,380.85,391.0,392.75,390.46,"82,30,718","3,21,37,52,908.50","70,779","29,00,212",35.24
TATASTEEL,EQ,2016-11-17,392.75,393.5,398.6,387.0,394.7,392.75,393.33,"43,61,763","1,71,56,13,735.95","56,983","4,81,089",11.03
TATASTEEL,EQ,2016-11-18,392.75,390.05,412.4,381.25,385.0,385.1,386.95,"46,60,147","1,80,32,31,776.55","43,356","4,52,706",9.71
TATASTEEL,EQ,2016-11-21,385.1,385.45,389.6,366.3,373.1,371.45,374.34,"65,66,271","2,45,80,30,676.90","56,723","13,02,629",19.84
TATASTEEL,EQ,2016-11-22,371.45,376.7,379.7,372.8,378.7,378.05,376.88,"41,43,438","1,56,15,72,584.65","52,346","13,16,847",31.78
TATASTEEL,EQ,2016-11-23,378.05,381.0,394.8,380.05,390.0,392.7,388.39,"51,24,218","1,99,01,89,743.90","62,379","10,90,124",21.27
TATASTEEL,EQ,2016-11-24,392.7,387.05,400.7,385.6,397.75,398.15,394.53,"71,17,077","2,80,78,81,461.30","56,939","27,16,415",38.17
TATASTEEL,EQ,2016-11-25,398.15,399.0,413.5,397.5,408.0,408.75,408.86,"70,90,491","2,89,90,20,599.85","85,911","13,77,041",19.42
TATASTEEL,EQ,2016-11-28,408.75,407.9,411.7,402.45,406.2,406.6,407.16,"46,79,209","1,90,51,64,281.70","45,301","12,75,300",27.25
TATASTEEL,EQ,2016-11-29,406.6,415.0,417.6,407.8,409.0,408.95,411.9,"60,15,315","2,47,77,13,101.80","80,460","10,37,761",17.25
TATASTEEL,EQ,2016-11-30,408.95,409.7,416.0,404.3,415.0,415.05,411.81,"53,78,415","2,21,48,60,547.85","74,097","11,45,005",21.29
TATASTEEL,EQ,2016-12-01,415.05,417.35,418.5,407.75,409.25,409.6,412.48,"30,73,859","1,26,79,16,358.60","38,694","5,97,584",19.44
TATASTEEL,EQ,2016-12-02,409.6,405.85,411.9,404.4,407.0,406.4,407.56,"36,23,139","1,47,66,31,717.20","38,723","7,80,767",21.55
TATASTEEL,EQ,2016-12-05,406.4,407.6,414.6,404.55,414.2,413.5,409.32,"35,00,112","1,43,26,81,234.70","39,699","5,44,271",15.55
TATASTEEL,EQ,2016-12-06,413.5,414.0,420.7,412.0,418.1,418.45,416.11,"38,83,470","1,61,59,55,653.30","53,167","7,65,966",19.72
TATASTEEL,EQ,2016-12-07,418.45,419.3,421.4,408.7,413.7,411.9,415.89,"47,00,356","1,95,48,10,462.85","51,771","12,19,583",25.95
TATASTEEL,EQ,2016-12-08,411.9,417.7,432.75,417.0,432.05,431.3,428.24,"94,45,695","4,04,49,78,955.35","1,14,000","27,07,844",28.67
TATASTEEL,EQ,2016-12-09,431.3,432.7,435.35,428.4,430.5,430.55,431.27,"40,94,532","1,76,58,65,651.50","46,073","7,32,176",17.88
TATASTEEL,EQ,2016-12-12,430.55,428.9,430.45,423.15,424.3,424.2,426.51,"24,91,598","1,06,26,84,956.10","39,479","4,24,474",17.04
TATASTEEL,EQ,2016-12-13,424.2,428.95,428.95,417.5,421.55,421.1,420.95,"31,95,158","1,34,49,87,358.45","46,927","4,20,021",13.15
TATASTEEL,EQ,2016-12-14,421.1,422.0,426.2,416.75,418.0,417.75,420.48,"32,47,269","1,36,54,00,288.30","54,098","6,58,240",20.27
TATASTEEL,EQ,2016-12-15,417.75,415.6,427.4,412.85,421.0,419.3,420.5,"44,54,182","1,87,29,87,107.30","56,350","8,90,421",19.99
TATASTEEL,EQ,2016-12-16,419.3,422.8,422.8,412.5,414.5,414.05,415.42,"35,47,889","1,47,38,81,441.75","53,321","11,17,935",31.51
TATASTEEL,EQ,2016-12-19,414.05,411.0,416.3,409.1,409.55,410.35,412.98,"23,47,383","96,94,11,260.75","31,294","5,70,158",24.29
TATASTEEL,EQ,2016-12-20,410.35,411.8,414.0,401.1,403.6,403.5,405.63,"35,41,080","1,43,63,59,986.65","40,984","9,70,426",27.4
TATASTEEL,EQ,2016-12-21,403.5,405.0,408.3,401.4,404.5,404.5,405.36,"27,47,302","1,11,36,40,173.85","37,864","4,94,888",18.01
TATASTEEL,EQ,2016-12-22,404.5,404.5,405.85,390.25,393.0,392.2,395.17,"40,84,454","1,61,40,62,657.20","51,486","6,43,666",15.76
TATASTEEL,EQ,2016-12-23,392.2,393.5,395.55,387.05,390.4,390.85,391.34,"39,92,131","1,56,22,69,468.25","57,406","6,85,173",17.16
TATASTEEL,EQ,2016-12-26,390.85,388.5,389.6,378.5,380.0,380.1,382.54,"32,32,118","1,23,64,20,677.95","59,974","8,06,205",24.94
TATASTEEL,EQ,2016-12-27,380.1,382.0,394.7,377.35,392.7,392.4,386.77,"38,94,041","1,50,61,11,786.30","75,240","8,33,723",21.41
TATASTEEL,EQ,2016-12-28,392.4,393.35,393.75,386.5,389.35,388.45,388.97,"39,40,185","1,53,26,07,718.30","48,877","9,81,340",24.91
TATASTEEL,EQ,2016-12-29,388.45,388.5,393.9,387.25,392.85,392.35,391.36,"34,22,017","1,33,92,24,784.80","48,168","10,79,343",31.54
TATASTEEL,EQ,2016-12-30,392.35,393.0,395.4,388.1,391.0,391.25,391.64,"30,55,022","1,19,64,70,295.55","49,209","6,71,331",21.97
TATASTEEL,EQ,2017-01-02,391.25,393.45,408.35,388.9,406.2,406.75,400.54,"55,78,129","2,23,42,85,879.55","60,588","9,78,184",17.54
TATASTEEL,EQ,2017-01-03,406.75,407.05,408.9,401.25,402.35,403.3,404.44,"33,38,806","1,35,03,33,812.30","33,408","4,67,641",14.01
TATASTEEL,EQ,2017-01-04,403.3,404.1,409.0,401.4,405.2,405.45,405.42,"33,44,043","1,35,57,42,992.10","39,997","7,58,486",22.68
TATASTEEL,EQ,2017-01-05,405.45,409.1,422.5,407.3,419.05,419.3,416.74,"71,96,279","2,99,89,72,632.25","79,299","21,22,808",29.5
TATASTEEL,EQ,2017-01-06,419.3,420.5,425.4,415.6,420.0,419.55,420.6,"41,38,078","1,74,04,84,151.10","53,562","6,71,238",16.22
TATASTEEL,EQ,2017-01-09,419.55,423.7,424.2,419.35,421.15,422.0,422.21,"31,22,769","1,31,84,62,615.45","40,260","7,54,692",24.17
TATASTEEL,EQ,2017-01-10,422.0,422.7,432.5,422.6,431.9,431.9,429.15,"51,18,565","2,19,66,42,517.30","68,912","12,71,508",24.84
TATASTEEL,EQ,2017-01-11,431.9,435.3,450.95,434.65,448.25,448.25,446.56,"1,14,31,250","5,10,47,66,908.25","1,18,080","29,04,707",25.41
TATASTEEL,EQ,2017-01-12,448.25,449.0,451.15,443.25,447.65,447.55,447.5,"53,61,474","2,39,92,49,489.75","72,753","10,85,874",20.25
TATASTEEL,EQ,2017-01-13,447.55,450.0,450.4,441.2,446.3,446.35,445.84,"42,32,151","1,88,68,67,481.10","47,694","5,30,051",12.52
TATASTEEL,EQ,2017-01-16,446.35,444.25,459.5,443.25,459.5,458.45,455.88,"66,75,950","3,04,34,05,575.10","80,835","17,19,670",25.76
TATASTEEL,EQ,2017-01-17,458.45,459.05,459.6,450.9,454.7,454.25,454.44,"33,42,717","1,51,90,72,548.05","41,386","5,39,077",16.13
TATASTEEL,EQ,2017-01-18,454.25,454.75,470.0,454.25,468.95,468.35,466.3,"91,16,932","4,25,12,50,439.00","1,23,399","30,03,292",32.94
TATASTEEL,EQ,2017-01-19,468.35,468.7,468.8,462.35,466.85,467.15,465.87,"34,45,069","1,60,49,40,560.20","44,134","7,05,597",20.48
TATASTEEL,EQ,2017-01-20,467.15,466.0,467.8,452.6,455.5,454.5,459.96,"49,27,321","2,26,63,46,399.05","60,610","14,96,746",30.38
TATASTEEL,EQ,2017-01-23,454.5,450.9,464.0,450.6,462.0,461.8,460.61,"43,49,975","2,00,36,46,984.60","50,319","7,57,193",17.41
TATASTEEL,EQ,2017-01-24,461.8,462.0,466.5,458.55,464.15,464.25,462.74,"37,31,789","1,72,68,51,807.45","45,726","6,63,782",17.79
TATASTEEL,EQ,2017-01-25,464.25,467.0,476.75,466.1,468.5,469.5,471.59,"63,07,571","2,97,46,10,473.15","71,151","14,62,397",23.18
TATASTEEL,EQ,2017-01-27,469.5,469.85,473.8,463.35,468.55,469.3,469.44,"49,77,414","2,33,65,84,638.20","65,351","11,83,325",23.77
TATASTEEL,EQ,2017-01-30,469.3,468.5,468.5,460.15,462.2,462.05,463.46,"33,22,749","1,53,99,49,063.30","36,688","8,63,286",25.98
TATASTEEL,EQ,2017-01-31,462.05,460.2,471.4,460.1,463.5,463.05,465.44,"45,43,771","2,11,48,48,786.40","47,212","7,14,052",15.71
TATASTEEL,EQ,2017-02-01,463.05,464.05,475.9,457.15,474.0,474.6,467.97,"55,72,616","2,60,78,30,759.35","48,320","17,29,879",31.04
TATASTEEL,EQ,2017-02-02,474.6,473.5,480.9,466.25,477.2,476.95,472.73,"59,88,117","2,83,07,79,681.35","61,800","22,43,138",37.46
TATASTEEL,EQ,2017-02-03,476.95,476.9,480.0,468.15,472.15,472.8,473.8,"52,84,757","2,50,39,24,410.80","66,969","18,49,686",35.0
TATASTEEL,EQ,2017-02-06,472.8,474.4,477.6,469.15,472.55,473.4,473.32,"48,06,869","2,27,51,78,580.25","97,801","15,57,747",32.41
TATASTEEL,EQ,2017-02-07,473.4,475.1,479.8,470.05,473.5,472.8,474.09,"48,36,631","2,29,29,87,546.80","46,580","14,06,266",29.08
TATASTEEL,EQ,2017-02-08,472.8,485.0,485.4,467.45,468.0,470.65,476.65,"1,12,87,445","5,38,01,35,217.25","96,196","24,95,233",22.11
TATASTEEL,EQ,2017-02-09,470.65,469.65,473.4,456.5,460.3,459.85,462.13,"64,85,765","2,99,72,50,781.25","74,807","14,92,976",23.02
TATASTEEL,EQ,2017-02-10,459.85,467.0,471.8,460.55,467.05,468.2,466.12,"79,12,091","3,68,79,65,391.50","79,606","25,59,913",32.35
TATASTEEL,EQ,2017-02-13,468.2,473.15,477.0,470.1,472.35,472.6,473.51,"48,98,780","2,31,96,00,113.85","52,944","13,74,425",28.06
TATASTEEL,EQ,2017-02-14,472.6,473.9,474.85,466.1,472.95,472.4,470.24,"32,51,700","1,52,90,75,152.55","38,405","9,09,099",27.96
TATASTEEL,EQ,2017-02-15,472.4,472.7,474.75,457.25,461.55,460.1,464.41,"42,28,709","1,96,38,42,505.00","47,857","7,60,329",17.98
TATASTEEL,EQ,2017-02-16,460.1,464.7,471.5,455.65,471.45,469.95,464.63,"48,20,369","2,23,96,85,546.10","54,147","12,95,069",26.87
TATASTEEL,EQ,2017-02-17,469.95,472.3,474.85,466.65,468.2,468.2,469.29,"39,22,122","1,84,06,07,795.65","40,993","12,39,809",31.61
TATASTEEL,EQ,2017-02-20,468.2,468.0,489.0,464.75,486.4,487.05,481.2,"84,41,156","4,06,18,93,683.65","90,478","19,99,031",23.68
TATASTEEL,EQ,2017-02-21,487.05,488.95,495.9,485.0,490.5,490.95,491.31,"80,63,716","3,96,17,59,598.80","75,051","21,89,287",27.15
TATASTEEL,EQ,2017-02-22,490.95,490.45,491.45,480.6,484.05,484.05,485.02,"50,10,536","2,43,02,06,311.95","60,404","20,17,812",40.27
TATASTEEL,EQ,2017-02-23,484.05,485.1,487.9,478.15,485.0,485.75,484.32,"48,10,464","2,32,97,84,791.65","48,964","14,12,204",29.36
TATASTEEL,EQ,2017-02-27,485.75,485.2,488.15,479.5,480.45,480.6,482.47,"27,30,887","1,31,75,68,274.65","33,406","8,06,210",29.52
TATASTEEL,EQ,2017-02-28,480.6,481.5,485.75,480.45,483.0,482.7,483.23,"34,02,886","1,64,43,66,838.10","41,417","7,90,403",23.23
TATASTEEL,EQ,2017-03-01,482.7,485.0,502.5,483.4,500.05,500.35,494.62,"77,16,571","3,81,67,45,818.70","85,102","17,56,042",22.76
TATASTEEL,EQ,2017-03-02,500.35,502.0,505.6,492.25,494.55,494.65,499.63,"57,22,550","2,85,91,55,333.10","63,873","7,43,090",12.99
TATASTEEL,EQ,2017-03-03,494.65,494.55,497.75,489.55,494.35,495.1,493.62,"33,57,902","1,65,75,20,964.20","59,546","8,63,810",25.72
TATASTEEL,EQ,2017-03-06,495.1,495.1,501.0,490.25,492.15,492.7,494.57,"41,53,429","2,05,41,64,456.00","47,232","7,10,704",17.11
TATASTEEL,EQ,2017-03-07,492.7,493.5,494.0,480.65,482.4,482.0,484.16,"51,23,193","2,48,04,42,363.65","61,331","21,51,949",42.0
TATASTEEL,EQ,2017-03-08,482.0,484.9,486.4,470.1,471.9,472.45,475.62,"59,35,312","2,82,29,60,661.85","72,344","19,75,687",33.29
TATASTEEL,EQ,2017-03-09,472.45,471.9,475.35,467.7,468.5,469.45,470.44,"44,95,787","2,11,50,06,926.45","51,127","13,02,355",28.97
TATASTEEL,EQ,2017-03-10,469.45,468.5,474.4,462.2,467.05,467.75,468.75,"45,23,612","2,12,04,43,765.45","56,519","11,43,295",25.27
TATASTEEL,EQ,2017-03-14,467.75,479.0,479.0,470.45,472.0,472.55,474.29,"55,65,574","2,63,96,92,371.70","74,417","26,34,847",47.34
TATASTEEL,EQ,2017-03-15,472.55,473.95,480.0,470.4,478.0,479.05,475.65,"55,61,866","2,64,54,85,443.10","59,964","25,36,015",45.6
TATASTEEL,EQ,2017-03-16,479.05,484.85,501.0,481.95,500.7,499.65,494.25,"1,03,91,757","5,13,61,74,590.40","1,25,001","36,00,764",34.65
TATASTEEL,EQ,2017-03-17,499.65,503.85,508.75,498.1,501.5,502.2,502.97,"68,00,312","3,42,03,41,827.30","82,904","17,93,675",26.38
TATASTEEL,EQ,2017-03-20,502.2,502.5,502.7,492.0,496.6,496.65,495.59,"39,95,540","1,98,01,51,292.10","56,969","14,93,047",37.37
TATASTEEL,EQ,2017-03-21,496.65,496.9,501.3,492.35,497.0,496.4,497.13,"49,67,685","2,46,95,78,975.90","1,20,923","16,58,576",33.39
TATASTEEL,EQ,2017-03-22,496.4,490.0,493.8,486.4,487.1,488.1,490.38,"46,52,350","2,28,14,40,302.70","74,181","17,80,074",38.26
TATASTEEL,EQ,2017-03-23,488.1,487.5,496.6,487.5,495.9,495.5,492.83,"41,26,938","2,03,38,98,077.85","62,477","17,62,299",42.7
TATASTEEL,EQ,2017-03-24,495.5,496.05,499.9,491.1,491.2,493.2,495.98,"30,82,110","1,52,86,49,598.90","47,327","9,81,057",31.83
TATASTEEL,EQ,2017-03-27,493.2,492.75,492.75,474.65,475.9,476.5,479.18,"61,89,956","2,96,60,89,682.90","73,328","25,03,692",40.45
TATASTEEL,EQ,2017-03-28,476.5,477.55,482.65,477.0,479.85,480.2,480.47,"43,96,544","2,11,24,04,354.90","56,964","19,73,290",44.88
TATASTEEL,EQ,2017-03-29,480.2,482.0,484.9,480.25,484.9,484.4,482.98,"32,64,312","1,57,65,89,228.55","49,310","9,25,888",28.36
TATASTEEL,EQ,2017-03-30,484.4,484.4,486.35,475.8,477.5,477.5,479.79,"46,42,454","2,22,73,93,897.65","47,993","26,15,269",56.33
TATASTEEL,EQ,2017-03-31,477.5,480.65,485.9,479.05,481.75,482.7,483.36,"32,15,307","1,55,41,60,192.10","43,213","8,91,055",27.71
TATASTEEL,EQ,2017-04-03,482.7,486.0,489.9,482.8,486.0,485.85,487.03,"31,40,253","1,52,93,95,155.55","37,792","8,79,325",28.0
TATASTEEL,EQ,2017-04-05,485.85,488.0,498.2,486.65,493.6,493.3,494.24,"49,19,654","2,43,14,82,669.60","61,772","15,89,610",32.31
TATASTEEL,EQ,2017-04-06,493.3,493.7,504.4,483.95,503.4,501.65,494.56,"50,58,885","2,50,19,08,246.70","63,715","13,54,258",26.77
TATASTEEL,EQ,2017-04-07,501.65,500.9,506.35,490.65,492.15,493.2,501.02,"53,79,967","2,69,54,71,045.15","63,086","13,32,244",24.76
TATASTEEL,EQ,2017-04-10,493.2,497.0,498.8,490.4,495.3,495.35,495.11,"29,92,630","1,48,16,73,194.95","38,314","5,30,914",17.74
TATASTEEL,EQ,2017-04-11,495.35,495.5,496.0,486.3,487.9,488.1,489.33,"40,84,688","1,99,87,47,262.55","50,080","12,58,012",30.8
TATASTEEL,EQ,2017-04-12,488.1,490.4,492.55,476.0,477.55,477.4,481.35,"50,07,724","2,41,04,92,483.95","48,529","15,63,876",31.23
TATASTEEL,EQ,2017-04-13,477.4,474.4,479.2,462.2,462.85,463.55,467.55,"59,07,485","2,76,20,40,113.10","71,302","21,44,794",36.31
TATASTEEL,EQ,2017-04-17,463.55,460.1,467.9,459.75,461.95,462.4,463.68,"37,87,898","1,75,63,66,118.20","46,819","5,91,680",15.62
TATASTEEL,EQ,2017-04-18,462.4,467.1,474.0,448.0,448.5,449.9,461.34,"73,07,227","3,37,11,28,985.70","79,953","13,97,459",19.12
TATASTEEL,EQ,2017-04-19,449.9,448.0,455.5,442.05,452.5,450.75,448.92,"94,27,124","4,23,20,32,587.15","1,23,974","35,50,708",37.66
TATASTEEL,EQ,2017-04-20,450.75,450.75,455.8,448.25,455.0,454.4,452.25,"40,22,665","1,81,92,61,348.90","50,021","10,49,449",26.09
TATASTEEL,EQ,2017-04-21,454.4,460.0,460.7,449.1,450.25,450.85,454.26,"46,43,978","2,10,95,62,553.55","55,108","8,40,695",18.1
TATASTEEL,EQ,2017-04-24,450.85,452.0,454.6,447.1,451.1,450.7,451.0,"49,56,153","2,23,52,07,346.95","51,953","16,24,344",32.77
TATASTEEL,EQ,2017-04-25,450.7,453.4,457.9,451.3,454.7,454.65,454.92,"42,50,166","1,93,34,86,424.30","48,350","14,74,939",34.7
TATASTEEL,EQ,2017-04-26,454.65,456.9,463.3,450.8,453.05,453.8,457.98,"46,74,438","2,14,08,16,410.70","77,758","11,43,340",24.46
TATASTEEL,EQ,2017-04-27,453.8,454.0,454.85,444.0,447.0,445.85,447.82,"61,89,923","2,77,19,76,071.65","68,618","25,96,365",41.95
TATASTEEL,EQ,2017-04-28,445.85,448.0,458.7,445.85,448.4,449.25,452.86,"62,56,122","2,83,31,18,629.40","85,736","15,14,399",24.21
TATASTEEL,EQ,2017-05-02,449.25,451.0,454.0,443.4,444.5,445.05,447.28,"46,89,154","2,09,73,58,215.05","47,293","11,78,157",25.13
TATASTEEL,EQ,2017-05-03,445.05,447.3,449.95,437.55,440.6,440.8,441.97,"50,08,822","2,21,37,59,679.95","68,250","13,67,964",27.31
TATASTEEL,EQ,2017-05-04,440.8,447.0,448.0,436.1,441.9,442.45,441.53,"65,35,720","2,88,56,97,108.80","73,479","15,40,372",23.57
TATASTEEL,EQ,2017-05-05,442.45,441.5,441.5,428.0,432.85,433.6,434.9,"57,01,881","2,47,97,40,643.80","65,426","12,76,745",22.39
TATASTEEL,EQ,2017-05-08,433.6,434.0,436.4,428.1,431.2,431.9,431.68,"55,15,622","2,38,10,04,832.45","89,498","26,07,674",47.28
TATASTEEL,EQ,2017-05-09,431.9,432.0,440.0,431.25,433.15,433.5,436.17,"47,38,911","2,06,69,64,085.20","59,330","14,57,569",30.76
TATASTEEL,EQ,2017-05-10,433.5,435.25,438.55,433.1,438.0,437.45,436.38,"35,39,929","1,54,47,56,330.75","58,927","11,12,881",31.44
TATASTEEL,EQ,2017-05-11,437.45,440.7,445.4,439.7,440.0,441.15,442.39,"55,33,078","2,44,77,92,332.15","52,954","13,18,256",23.83
TATASTEEL,EQ,2017-05-12,441.15,442.4,443.9,432.6,436.9,436.7,438.5,"57,96,510","2,54,17,75,306.80","59,134","12,63,251",21.79
TATASTEEL,EQ,2017-05-15,436.7,438.0,456.9,437.8,456.45,456.05,450.95,"97,54,791","4,39,89,71,560.40","96,225","21,53,822",22.08
TATASTEEL,EQ,2017-05-16,456.05,463.05,464.0,455.35,456.7,456.55,458.68,"1,02,98,954","4,72,39,43,817.05","96,730","28,28,872",27.47
TATASTEEL,EQ,2017-05-17,456.55,470.0,499.0,465.8,493.4,493.9,486.34,"4,94,07,351","24,02,87,81,999.65","3,97,293","84,87,784",17.18
TATASTEEL,EQ,2017-05-18,493.9,488.15,496.65,483.6,486.0,486.25,491.14,"1,33,70,374","6,56,67,21,912.15","1,32,577","30,58,218",22.87
TATASTEEL,EQ,2017-05-19,486.25,490.0,496.0,480.25,489.0,489.5,488.95,"90,75,025","4,43,72,02,131.70","90,404","17,30,893",19.07
TATASTEEL,EQ,2017-05-22,489.5,492.85,496.95,484.35,486.8,486.4,489.96,"62,22,549","3,04,87,81,680.50","73,854","15,14,492",24.34
TATASTEEL,EQ,2017-05-23,486.4,489.05,496.85,477.6,489.65,490.4,490.0,"97,79,642","4,79,20,08,442.50","1,10,852","20,14,593",20.6
TATASTEEL,EQ,2017-05-24,490.4,492.5,495.0,481.5,482.75,483.35,487.22,"72,40,413","3,52,76,59,121.50","1,11,701","25,29,944",34.94
TATASTEEL,EQ,2017-05-25,483.35,485.0,487.05,476.7,485.65,484.7,482.02,"64,61,254","3,11,44,61,778.35","70,388","21,16,858",32.76
TATASTEEL,EQ,2017-05-26,484.7,486.9,514.85,485.65,511.3,511.75,508.11,"1,62,40,203","8,25,18,45,150.40","1,96,082","48,78,479",30.04
TATASTEEL,EQ,2017-05-29,511.75,512.1,520.65,506.15,507.05,507.7,512.49,"67,72,389","3,47,07,89,588.80","84,087","8,51,858",12.58
TATASTEEL,EQ,2017-05-30,507.7,508.4,514.0,504.25,512.2,511.85,511.08,"40,82,146","2,08,62,87,117.85","56,976","10,25,671",25.13
TATASTEEL,EQ,2017-05-31,511.85,510.15,515.0,502.5,505.35,504.7,506.89,"43,65,325","2,21,27,49,684.80","84,528","14,46,418",33.13
TATASTEEL,EQ,2017-06-01,504.7,504.7,507.95,494.0,498.0,497.15,498.21,"38,86,388","1,93,62,20,214.45","53,300","7,65,540",19.7
TATASTEEL,EQ,2017-06-02,497.15,501.95,503.2,488.05,492.0,491.95,492.76,"56,81,201","2,79,94,74,070.20","1,08,833","18,20,278",32.04
TATASTEEL,EQ,2017-06-05,491.95,493.0,499.9,487.0,490.2,491.3,493.62,"47,42,679","2,34,11,02,628.85","53,789","8,62,002",18.18
TATASTEEL,EQ,2017-06-06,491.3,493.9,496.5,488.45,489.5,490.3,492.23,"41,23,554","2,02,97,23,347.85","76,414","9,04,764",21.94
TATASTEEL,EQ,2017-06-07,490.3,491.75,494.35,487.0,490.5,490.85,491.16,"32,87,207","1,61,45,53,143.20","50,972","9,85,974",29.99
TATASTEEL,EQ,2017-06-08,490.85,503.0,511.4,497.6,498.35,499.0,505.57,"1,19,28,366","6,03,06,81,690.95","1,22,814","19,75,857",16.56
TATASTEEL,EQ,2017-06-09,499.0,498.4,508.35,495.85,507.0,507.05,502.02,"63,32,939","3,17,92,42,937.75","78,529","9,47,906",14.97
TATASTEEL,EQ,2017-06-12,507.05,507.7,514.2,505.5,508.1,508.4,509.4,"52,83,279","2,69,12,85,287.15","63,037","11,87,339",22.47
TATASTEEL,EQ,2017-06-13,508.4,509.0,512.9,505.5,508.0,508.6,509.49,"59,65,585","3,03,94,08,642.95","63,041","23,90,474",40.07
TATASTEEL,EQ,2017-06-14,508.6,508.0,509.75,501.15,503.05,502.65,504.56,"46,96,131","2,36,94,89,869.05","67,162","15,49,460",32.99
TATASTEEL,EQ,2017-06-15,502.65,500.8,506.5,499.25,502.5,502.55,503.11,"40,78,026","2,05,16,86,995.45","56,188","9,31,582",22.84
TATASTEEL,EQ,2017-06-16,502.55,504.0,507.7,501.15,502.8,501.95,503.7,"34,24,915","1,72,51,13,398.00","45,743","11,93,642",34.85
TATASTEEL,EQ,2017-06-19,501.95,510.3,520.6,507.5,520.4,519.55,514.32,"95,93,934","4,93,43,21,373.90","1,22,546","27,28,354",28.44
TATASTEEL,EQ,2017-06-20,519.55,524.0,525.65,520.5,521.55,522.35,523.06,"59,11,795","3,09,22,35,491.90","80,099","17,04,652",28.83
TATASTEEL,EQ,2017-06-21,522.35,521.3,523.65,515.7,517.5,517.65,519.33,"42,60,883","2,21,27,93,785.40","60,484","10,70,180",25.12
TATASTEEL,EQ,2017-06-22,517.65,521.0,522.35,512.0,513.6,515.0,517.8,"38,12,931","1,97,43,21,008.55","60,119","11,27,610",29.57
TATASTEEL,EQ,2017-06-23,515.0,513.9,513.9,502.7,506.7,507.25,507.58,"39,95,573","2,02,80,70,408.50","55,458","6,38,712",15.99
TATASTEEL,EQ,2017-06-27,507.25,510.0,513.8,503.8,512.2,510.9,509.59,"45,46,092","2,31,66,30,778.95","64,402","13,76,001",30.27
TATASTEEL,EQ,2017-06-28,510.9,512.0,522.85,509.4,521.95,520.6,519.09,"68,96,090","3,57,96,79,373.70","86,351","17,54,803",25.45
TATASTEEL,EQ,2017-06-29,520.6,524.9,536.6,522.05,533.65,535.05,531.14,"96,51,954","5,12,65,11,871.85","1,25,845","30,63,480",31.74
TATASTEEL,EQ,2017-06-30,535.05,534.45,547.9,530.05,545.4,545.75,540.3,"84,69,286","4,57,59,77,852.20","1,24,465","19,09,458",22.55
TATASTEEL,EQ,2017-07-03,545.75,545.5,553.35,542.05,550.75,550.6,549.84,"64,47,865","3,54,52,98,534.40","86,455","27,79,766",43.11
TATASTEEL,EQ,2017-07-04,550.6,551.1,554.55,544.4,546.15,547.55,548.36,"50,39,815","2,76,36,48,424.65","61,877","16,68,764",33.11
TATASTEEL,EQ,2017-07-05,547.55,544.4,552.5,544.0,550.3,549.95,549.58,"47,25,845","2,59,72,29,582.10","60,379","15,07,593",31.9
TATASTEEL,EQ,2017-07-06,549.95,550.0,557.5,549.0,554.1,554.65,554.19,"65,06,592","3,60,58,72,724.60","82,627","33,17,742",50.99
TATASTEEL,EQ,2017-07-07,554.65,553.0,554.9,550.9,552.3,553.35,552.52,"41,00,041","2,26,53,56,231.20","76,805","17,29,494",42.18
TATASTEEL,EQ,2017-07-10,553.35,558.9,561.6,549.1,558.45,559.35,557.99,"10,89,492","60,79,25,299.05","13,001","4,03,815",37.06
TATASTEEL,EQ,2017-07-11,559.35,560.4,561.95,555.2,556.25,556.85,558.22,"49,12,769","2,74,24,11,833.80","1,00,772","24,66,319",50.2
TATASTEEL,EQ,2017-07-12,556.85,560.0,561.2,555.0,558.05,559.1,558.5,"40,61,003","2,26,80,69,481.55","57,089","19,06,852",46.96
TATASTEEL,EQ,2017-07-13,559.1,565.0,566.0,560.2,563.7,563.95,563.45,"42,52,470","2,39,60,34,571.55","73,835","17,05,574",40.11
TATASTEEL,EQ,2017-07-14,563.95,564.9,564.9,556.75,559.5,558.4,560.05,"46,77,703","2,61,97,56,415.95","38,318","19,89,018",42.52
TATASTEEL,EQ,2017-07-17,558.4,562.1,563.75,557.1,559.6,559.8,561.06,"24,60,456","1,38,04,55,411.20","48,259","8,24,833",33.52
TATASTEEL,EQ,2017-07-18,559.8,557.55,569.0,557.0,562.5,563.3,564.22,"34,42,296","1,94,22,12,859.80","38,915","7,25,701",21.08
TATASTEEL,EQ,2017-07-19,563.3,564.0,572.35,563.35,572.0,571.2,568.59,"32,85,956","1,86,83,49,404.65","52,450","8,92,121",27.15
TATASTEEL,EQ,2017-07-20,571.2,562.3,563.75,556.25,557.35,557.2,559.26,"32,60,506","1,82,34,56,773.70","44,227","8,18,007",25.09
TATASTEEL,EQ,2017-07-21,557.2,558.0,558.05,543.65,552.2,553.25,551.62,"32,95,008","1,81,76,04,906.65","50,096","9,58,065",29.08
TATASTEEL,EQ,2017-07-24,553.25,554.4,554.4,547.35,547.7,548.5,550.55,"21,60,449","1,18,94,30,729.40","33,321","6,00,266",27.78
TATASTEEL,EQ,2017-07-25,548.5,548.9,554.05,548.75,552.8,552.95,552.19,"28,40,175","1,56,83,14,152.60","59,643","9,02,941",31.79
TATASTEEL,EQ,2017-07-26,552.95,555.0,567.95,554.1,565.9,565.75,564.64,"70,87,415","4,00,18,20,482.10","74,531","24,85,351",35.07
TATASTEEL,EQ,2017-07-27,565.75,566.95,568.55,558.1,561.05,561.25,562.93,"40,19,198","2,26,25,31,472.65","48,962","21,01,525",52.29
TATASTEEL,EQ,2017-07-28,561.25,560.8,560.8,548.45,552.0,551.9,554.18,"24,11,689","1,33,65,06,015.15","37,165","7,68,345",31.86
TATASTEEL,EQ,2017-07-31,551.9,553.25,571.4,553.25,567.6,567.1,566.83,"56,24,650","3,18,82,44,170.45","64,878","14,81,818",26.35
TATASTEEL,EQ,2017-08-01,567.1,569.7,575.25,568.6,570.95,572.4,571.88,"50,91,142","2,91,15,08,875.95","54,527","22,51,125",44.22
TATASTEEL,EQ,2017-08-02,572.4,573.0,573.8,565.5,567.8,569.25,569.32,"29,87,644","1,70,09,32,770.00","35,581","11,49,606",38.48
TATASTEEL,EQ,2017-08-03,569.25,567.0,568.35,557.55,559.75,559.3,561.01,"32,86,455","1,84,37,32,887.85","51,818","11,30,784",34.41
TATASTEEL,EQ,2017-08-04,559.3,559.4,580.8,559.3,580.8,575.85,569.88,"33,63,291","1,91,66,79,389.15","46,458","9,31,836",27.71
TATASTEEL,EQ,2017-08-07,575.85,585.0,601.65,584.0,600.8,600.05,595.95,"1,10,12,930","6,56,31,65,266.45","1,20,809","27,28,318",24.77
TATASTEEL,EQ,2017-08-08,600.05,610.25,625.5,606.0,614.0,616.45,619.25,"2,00,46,119","12,41,35,49,295.40","1,90,863","34,74,325",17.33
TATASTEEL,EQ,2017-08-09,616.45,616.0,620.4,602.5,605.05,605.05,610.54,"52,02,611","3,17,63,90,548.45","63,304","8,96,039",17.22
TATASTEEL,EQ,2017-08-10,605.05,604.8,614.7,598.05,606.5,604.35,607.69,"76,84,041","4,66,94,95,882.35","1,14,962","23,73,552",30.89
TATASTEEL,EQ,2017-08-11,604.35,600.0,605.95,591.25,601.0,596.75,598.96,"85,79,300","5,13,86,60,046.65","1,03,765","39,35,098",45.87
TATASTEEL,EQ,2017-08-14,596.75,607.4,625.6,605.0,624.0,623.75,618.3,"85,55,920","5,29,01,07,301.25","1,05,143","30,37,950",35.51
TATASTEEL,EQ,2017-08-16,623.75,625.0,632.65,620.45,632.15,631.2,627.38,"73,30,341","4,59,89,25,091.55","79,480","31,30,894",42.71
TATASTEEL,EQ,2017-08-17,631.2,630.1,637.0,624.1,625.0,625.4,630.7,"46,16,610","2,91,16,97,805.60","67,355","15,35,122",33.25
TATASTEEL,EQ,2017-08-18,625.4,622.45,628.75,620.1,628.4,625.65,624.18,"33,86,205","2,11,35,97,234.60","45,111","9,40,635",27.78
TATASTEEL,EQ,2017-08-21,625.65,632.9,638.65,619.1,621.45,621.55,630.85,"41,75,647","2,63,41,86,307.40","55,903","7,07,948",16.95
TATASTEEL,EQ,2017-08-22,621.55,629.95,629.95,614.4,621.6,619.6,620.64,"36,90,708","2,29,05,96,723.45","74,375","10,69,530",28.98
TATASTEEL,EQ,2017-08-23,619.6,624.0,636.45,616.5,635.25,634.6,624.54,"39,18,843","2,44,74,81,393.90","51,548","9,33,132",23.81
TATASTEEL,EQ,2017-08-24,634.6,636.0,640.55,630.6,638.8,639.0,636.55,"49,09,312","3,12,50,24,529.85","81,328","15,04,230",30.64
TATASTEEL,EQ,2017-08-28,639.0,640.15,642.9,631.8,634.75,635.85,637.47,"35,65,779","2,27,30,63,984.75","81,231","12,56,035",35.22
TATASTEEL,EQ,2017-08-29,635.85,635.5,640.45,627.95,629.65,630.2,634.11,"34,43,278","2,18,34,16,918.65","50,623","10,15,539",29.49
TATASTEEL,EQ,2017-08-30,630.2,635.0,641.4,634.1,637.6,638.65,637.73,"35,24,171","2,24,74,77,334.50","63,257","12,34,702",35.04
TATASTEEL,EQ,2017-08-31,638.65,636.95,643.0,632.2,638.0,638.05,637.8,"65,14,220","4,15,47,65,333.80","62,453","27,72,421",42.56
TATASTEEL,EQ,2017-09-01,638.05,639.95,652.75,639.05,650.9,651.2,647.04,"61,52,375","3,98,08,20,217.25","87,392","21,94,150",35.66
TATASTEEL,EQ,2017-09-04,651.2,651.0,651.7,641.5,646.75,646.55,646.66,"24,11,324","1,55,93,12,244.85","38,651","4,85,776",20.15
TATASTEEL,EQ,2017-09-05,646.55,647.65,654.45,647.25,652.05,652.1,652.09,"31,68,850","2,06,63,87,824.10","52,615","11,46,624",36.18
TATASTEEL,EQ,2017-09-06,652.1,647.1,656.1,645.5,653.7,653.0,650.92,"27,26,474","1,77,47,17,030.90","56,088","8,94,148",32.8
TATASTEEL,EQ,2017-09-07,653.0,657.0,657.0,650.3,652.85,652.8,653.1,"25,04,395","1,63,56,26,260.50","51,716","8,93,775",35.69
TATASTEEL,EQ,2017-09-08,652.8,654.1,663.7,651.85,652.25,655.4,658.9,"47,12,247","3,10,48,88,980.40","69,102","10,61,393",22.52
TATASTEEL,EQ,2017-09-11,655.4,657.0,663.85,652.6,663.0,662.6,659.58,"32,08,849","2,11,64,89,636.80","59,178","10,92,938",34.06
TATASTEEL,EQ,2017-09-12,662.6,675.0,693.0,674.5,680.9,682.9,685.13,"1,03,12,267","7,06,51,92,697.10","1,45,487","36,18,283",35.09
TATASTEEL,EQ,2017-09-13,682.9,681.75,683.8,675.65,681.25,679.65,679.4,"23,53,272","1,59,88,15,860.70","45,176","7,03,239",29.88
TATASTEEL,EQ,2017-09-14,679.65,679.5,683.65,672.1,677.7,677.7,678.38,"19,06,013","1,29,29,93,085.70","32,824","3,77,203",19.79
TATASTEEL,EQ,2017-09-15,677.7,676.0,681.4,671.55,677.0,678.95,677.31,"32,41,869","2,19,57,44,852.55","54,110","13,26,930",40.93
TATASTEEL,EQ,2017-09-18,678.95,676.0,683.0,671.1,671.55,672.9,674.9,"22,93,247","1,54,77,21,436.50","41,187","6,97,967",30.44
TATASTEEL,EQ,2017-09-19,672.9,673.7,681.35,673.0,676.65,676.4,675.6,"37,08,821","2,50,56,86,255.45","38,109","17,73,281",47.81
TATASTEEL,EQ,2017-09-20,676.4,676.2,691.8,674.45,687.45,687.65,684.72,"87,80,970","6,01,25,32,746.90","1,14,376","28,50,264",32.46
TATASTEEL,EQ,2017-09-21,687.65,693.8,696.25,681.2,686.35,687.1,689.32,"61,32,440","4,22,71,91,347.85","83,779","13,90,227",22.67
TATASTEEL,EQ,2017-09-22,687.1,684.0,684.0,651.0,654.4,654.0,666.25,"44,18,928","2,94,40,93,346.90","60,903","10,57,199",23.92
TATASTEEL,EQ,2017-09-25,654.0,655.0,655.2,623.1,642.3,639.75,636.87,"70,63,975","4,49,88,27,391.20","99,650","21,56,444",30.53
TATASTEEL,EQ,2017-09-26,639.75,642.5,657.0,638.85,655.0,654.1,649.72,"39,48,737","2,56,55,88,571.50","74,693","7,29,704",18.48
TATASTEEL,EQ,2017-09-27,654.1,660.0,660.0,643.05,650.0,649.35,649.16,"49,59,812","3,21,96,89,525.75","68,684","16,67,545",33.62
TATASTEEL,EQ,2017-09-28,649.35,652.9,656.5,642.65,648.25,649.7,649.55,"65,79,011","4,27,33,81,755.50","64,693","39,57,155",60.15
TATASTEEL,EQ,2017-09-29,649.7,654.8,657.0,650.05,652.5,652.55,653.67,"28,38,861","1,85,56,67,913.15","61,515","11,17,907",39.38
TATASTEEL,EQ,2017-10-03,652.55,656.5,665.9,656.5,660.65,660.8,660.4,"28,49,961","1,88,21,20,553.10","31,898","10,43,449",36.61
TATASTEEL,EQ,2017-10-04,660.8,660.4,662.55,654.45,659.7,659.0,659.63,"27,84,555","1,83,67,86,940.55","29,648","8,30,485",29.82
TATASTEEL,EQ,2017-10-05,659.0,658.0,665.35,657.45,660.7,661.0,662.3,"15,52,614","1,02,82,89,196.25","29,504","4,77,536",30.76
TATASTEEL,EQ,2017-10-06,661.0,665.25,693.8,665.05,693.55,691.45,685.06,"94,64,812","6,48,39,17,512.60","98,910","13,07,903",13.82
TATASTEEL,EQ,2017-10-09,691.45,693.0,704.4,691.6,696.55,697.25,698.88,"56,19,102","3,92,70,87,388.45","84,324","13,11,936",23.35
TATASTEEL,EQ,2017-10-10,697.25,700.95,704.15,685.1,691.5,690.8,692.9,"41,97,902","2,90,87,38,773.40","65,367","10,03,296",23.9
TATASTEEL,EQ,2017-10-11,690.8,694.5,698.8,673.3,682.5,682.3,686.83,"41,91,994","2,87,91,85,169.95","62,075","12,70,193",30.3
TATASTEEL,EQ,2017-10-12,682.3,688.0,693.8,681.4,692.6,691.6,687.42,"45,24,341","3,11,01,31,616.15","61,894","14,83,976",32.8
TATASTEEL,EQ,2017-10-13,691.6,697.55,717.45,695.0,710.5,710.85,708.02,"96,28,769","6,81,73,55,930.00","1,21,183","35,43,083",36.8
TATASTEEL,EQ,2017-10-16,710.85,713.2,719.5,711.65,715.05,714.95,715.13,"42,13,048","3,01,28,72,176.50","79,736","15,90,708",37.76
TATASTEEL,EQ,2017-10-17,714.95,714.95,718.2,708.45,712.3,712.5,712.6,"28,01,245","1,99,61,76,330.55","42,468","8,14,638",29.08
TATASTEEL,EQ,2017-10-18,712.5,715.85,717.8,707.1,709.35,709.6,711.18,"34,01,417","2,41,90,19,468.65","49,870","13,36,132",39.28
TATASTEEL,EQ,2017-10-19,709.6,708.85,711.0,702.9,703.0,705.5,707.2,"4,10,438","29,02,61,855.60","7,153","94,095",22.93
TATASTEEL,EQ,2017-10-23,705.5,706.6,714.35,705.7,712.0,712.0,710.33,"27,19,954","1,93,20,70,078.65","41,545","8,73,205",32.1
TATASTEEL,EQ,2017-10-24,712.0,716.7,728.3,714.05,718.95,719.3,722.32,"45,55,003","3,29,01,53,596.50","71,034","12,57,110",27.6
TATASTEEL,EQ,2017-10-25,719.3,722.05,726.7,709.5,717.1,717.6,717.37,"31,64,905","2,27,04,15,644.25","52,544","10,55,696",33.36
TATASTEEL,EQ,2017-10-26,717.6,717.7,732.8,715.8,729.0,729.2,728.06,"56,66,479","4,12,55,37,138.60","59,612","31,06,213",54.82
TATASTEEL,EQ,2017-10-27,729.2,732.9,734.75,722.6,727.5,726.8,728.11,"27,77,068","2,02,20,05,621.45","50,120","10,03,816",36.15
TATASTEEL,EQ,2017-10-30,726.8,729.9,735.0,713.15,719.7,718.25,720.91,"50,46,825","3,63,82,84,456.60","74,293","14,34,644",28.43
TATASTEEL,EQ,2017-10-31,718.25,724.0,729.8,697.2,703.55,703.8,711.77,"1,35,45,468","9,64,11,90,641.20","1,81,879","30,28,786",22.36
TATASTEEL,EQ,2017-11-01,703.8,713.55,717.0,703.6,705.55,707.3,709.94,"54,58,694","3,87,53,64,834.80","68,475","19,12,210",35.03
TATASTEEL,EQ,2017-11-02,707.3,708.95,708.95,697.5,706.0,706.1,703.16,"31,83,542","2,23,85,50,119.55","66,906","8,87,345",27.87
TATASTEEL,EQ,2017-11-03,706.1,708.0,713.05,703.65,708.55,708.9,709.06,"32,87,588","2,33,10,97,465.80","81,059","12,95,160",39.4
TATASTEEL,EQ,2017-11-06,708.9,704.95,715.95,699.3,704.5,706.8,707.75,"39,42,823","2,79,05,38,886.10","71,747","14,43,798",36.62
TATASTEEL,EQ,2017-11-07,706.8,709.9,713.15,686.35,696.6,693.2,697.23,"44,57,296","3,10,77,66,188.60","68,160","16,96,312",38.06
TATASTEEL,EQ,2017-11-08,693.2,695.2,700.5,684.05,698.0,693.15,692.5,"35,90,520","2,48,64,52,067.35","85,805","12,30,941",34.28
TATASTEEL,EQ,2017-11-09,693.15,699.0,705.05,693.5,704.5,703.4,700.38,"25,42,062","1,78,04,12,405.50","36,564","6,26,577",24.65
TATASTEEL,EQ,2017-11-10,703.4,700.6,708.7,695.7,703.5,702.25,702.63,"28,93,175","2,03,28,27,656.30","52,299","8,48,650",29.33
TATASTEEL,EQ,2017-11-13,702.25,703.5,704.45,687.1,690.55,691.05,692.39,"32,38,473","2,24,22,99,245.15","50,900","12,46,784",38.5
TATASTEEL,EQ,2017-11-14,691.05,689.5,695.1,681.7,682.8,685.5,689.63,"36,91,525","2,54,57,89,901.55","64,948","20,29,328",54.97
TATASTEEL,EQ,2017-11-15,685.5,679.0,681.5,669.25,679.0,677.75,675.16,"42,98,026","2,90,18,34,813.80","83,599","15,36,313",35.74
TATASTEEL,EQ,2017-11-16,677.75,682.9,689.5,676.2,688.25,686.35,682.5,"24,65,499","1,68,26,97,453.55","46,409","6,67,126",27.06
TATASTEEL,EQ,2017-11-17,686.35,694.0,709.3,694.0,695.0,701.2,704.88,"40,32,997","2,84,27,94,299.30","75,965","13,72,422",34.03
TATASTEEL,EQ,2017-11-20,701.2,697.9,707.9,690.15,701.6,702.15,699.32,"32,89,271","2,30,02,56,582.10","66,689","8,74,287",26.58
TATASTEEL,EQ,2017-11-21,702.15,703.9,718.5,702.0,711.25,711.35,713.26,"36,57,310","2,60,86,13,311.15","60,076","7,46,625",20.41
TATASTEEL,EQ,2017-11-22,711.35,713.45,717.0,706.3,711.0,711.05,711.07,"22,72,083","1,61,56,15,423.75","36,381","8,24,314",36.28
TATASTEEL,EQ,2017-11-23,711.05,713.4,716.5,707.15,712.3,712.7,711.61,"36,83,121","2,62,09,34,196.15","34,851","10,89,848",29.59
TATASTEEL,EQ,2017-11-24,712.7,712.05,712.8,703.25,708.1,708.45,708.02,"19,25,192","1,36,30,76,955.40","31,290","5,37,440",27.92
TATASTEEL,EQ,2017-11-27,708.45,709.0,709.0,699.05,703.95,702.55,702.07,"18,65,394","1,30,96,30,544.75","36,979","5,45,949",29.27
TATASTEEL,EQ,2017-11-28,702.55,701.8,712.9,697.15,703.0,703.85,706.25,"25,44,179","1,79,68,14,800.00","44,685","5,72,493",22.5
TATASTEEL,EQ,2017-11-29,703.85,702.2,711.0,702.2,707.3,709.3,707.65,"30,56,846","2,16,31,74,809.80","51,949","14,17,332",46.37
TATASTEEL,EQ,2017-11-30,709.3,705.0,707.0,690.0,693.0,694.15,700.95,"39,90,140","2,79,69,07,100.25","66,603","21,73,721",54.48
TATASTEEL,EQ,2017-12-01,694.15,694.9,697.9,677.0,680.95,680.9,685.78,"39,41,877","2,70,32,49,988.60","45,451","10,37,766",26.33
TATASTEEL,EQ,2017-12-04,680.9,685.1,692.9,680.5,690.2,687.8,687.61,"23,22,372","1,59,68,88,130.70","38,345","6,96,307",29.98
TATASTEEL,EQ,2017-12-05,687.8,685.0,685.55,671.0,675.5,675.7,676.12,"33,29,151","2,25,08,99,697.10","50,318","13,58,874",40.82
TATASTEEL,EQ,2017-12-06,675.7,667.0,671.45,660.7,668.25,667.6,664.46,"42,66,074","2,83,46,32,398.65","1,01,761","18,96,153",44.45
TATASTEEL,EQ,2017-12-07,667.6,670.0,690.0,670.0,687.5,688.0,682.49,"40,21,709","2,74,47,61,870.40","87,103","13,17,208",32.75
TATASTEEL,EQ,2017-12-08,688.0,689.1,713.85,685.15,694.05,697.8,702.08,"75,08,259","5,27,14,17,575.95","1,03,511","18,30,056",24.37
TATASTEEL,EQ,2017-12-11,697.8,698.75,706.55,694.65,700.0,699.55,700.54,"22,07,461","1,54,64,10,413.15","38,791","4,31,299",19.54
TATASTEEL,EQ,2017-12-12,699.55,698.8,708.1,686.1,689.0,689.85,698.93,"39,80,084","2,78,17,85,624.05","69,650","12,32,349",30.96
TATASTEEL,EQ,2017-12-13,689.85,691.9,693.15,675.85,683.0,680.85,685.22,"36,61,881","2,50,92,03,352.80","68,034","9,84,560",26.89
TATASTEEL,EQ,2017-12-14,680.85,685.0,688.75,671.1,687.0,685.75,680.54,"31,43,882","2,13,95,25,833.40","52,584","12,49,330",39.74
TATASTEEL,EQ,2017-12-15,685.75,696.0,700.85,691.05,696.15,694.7,695.34,"31,58,329","2,19,61,28,073.25","93,014","13,06,072",41.35
TATASTEEL,EQ,2017-12-18,694.7,689.1,714.8,674.0,706.0,704.7,703.73,"50,93,828","3,58,46,94,116.95","91,728","16,30,125",32.0
TATASTEEL,EQ,2017-12-19,704.7,709.0,712.0,705.2,709.55,710.2,708.73,"20,35,138","1,44,23,68,711.70","41,632","5,53,957",27.22
TATASTEEL,EQ,2017-12-20,710.2,716.9,716.9,691.95,702.2,702.8,702.25,"73,88,281","5,18,84,50,111.10","1,27,546","22,52,732",30.49
TATASTEEL,EQ,2017-12-21,702.8,702.8,717.25,701.0,712.0,714.6,711.39,"48,01,665","3,41,58,62,967.75","77,795","17,92,606",37.33
TATASTEEL,EQ,2017-12-22,714.6,716.8,716.8,707.1,710.0,711.2,711.34,"33,22,839","2,36,36,80,347.80","86,074","11,52,220",34.68
TATASTEEL,EQ,2017-12-26,711.2,714.0,725.0,712.0,720.45,721.65,719.97,"60,11,430","4,32,80,79,012.65","88,988","28,50,687",47.42
TATASTEEL,EQ,2017-12-27,721.65,721.75,729.6,717.9,722.0,723.45,725.23,"36,11,513","2,61,91,93,266.65","46,899","11,58,993",32.09
TATASTEEL,EQ,2017-12-28,723.45,725.05,739.5,724.6,734.6,736.25,734.8,"1,15,72,648","8,50,35,40,788.40","88,754","67,10,182",57.98
TATASTEEL,EQ,2017-12-29,736.25,738.0,744.85,730.0,731.0,732.4,736.92,"28,16,505","2,07,55,37,758.35","46,963","7,03,649",24.98
TATASTEEL,EQ,2018-01-01,732.4,732.5,735.4,719.5,721.8,722.2,726.76,"18,33,942","1,33,28,27,277.05","28,039","6,28,997",34.3
TATASTEEL,EQ,2018-01-02,722.2,724.0,731.25,715.25,730.45,729.3,724.61,"24,67,294","1,78,78,22,857.30","39,772","5,74,294",23.28
TATASTEEL,EQ,2018-01-03,729.3,732.0,737.5,731.25,734.55,734.95,734.62,"26,34,779","1,93,55,66,674.30","51,896","10,74,977",40.8
TATASTEEL,EQ,2018-01-04,734.95,736.5,763.45,732.0,763.45,760.25,751.92,"80,82,986","6,07,77,21,303.80","94,258","26,17,440",32.38
TATASTEEL,EQ,2018-01-05,760.25,764.0,776.9,762.5,770.4,770.7,771.0,"71,36,203","5,50,20,15,156.40","1,17,831","29,82,677",41.8
TATASTEEL,EQ,2018-01-08,770.7,777.75,777.85,765.0,768.25,768.75,770.22,"25,84,335","1,99,05,03,902.15","43,791","5,97,314",23.11
TATASTEEL,EQ,2018-01-09,768.75,770.0,780.85,767.0,770.65,772.3,774.28,"31,97,787","2,47,59,79,435.75","51,850","9,65,965",30.21
TATASTEEL,EQ,2018-01-10,772.3,771.25,777.0,762.9,773.8,772.85,768.5,"29,90,882","2,29,84,96,137.80","67,322","10,92,240",36.52
TATASTEEL,EQ,2018-01-11,772.85,772.85,777.9,768.35,769.0,770.95,773.34,"19,34,937","1,49,63,61,329.65","54,449","6,36,527",32.9
TATASTEEL,EQ,2018-01-12,770.95,771.2,776.8,760.05,768.1,770.25,770.38,"21,69,940","1,67,16,86,055.20","33,115","4,25,581",19.61
TATASTEEL,EQ,2018-01-15,770.25,772.0,793.0,771.0,779.65,783.5,785.78,"41,71,663","3,27,80,01,108.95","60,536","10,84,622",26.0
TATASTEEL,EQ,2018-01-16,783.5,782.75,782.75,760.1,766.75,765.75,769.37,"27,91,328","2,14,75,65,233.00","43,454","5,22,274",18.71
TATASTEEL,EQ,2018-01-17,765.75,768.0,777.95,757.0,775.0,774.0,767.66,"29,88,170","2,29,38,90,370.30","53,759","8,89,746",29.78
TATASTEEL,EQ,2018-01-18,774.0,775.0,779.85,746.2,750.35,751.75,757.6,"46,16,814","3,49,77,11,137.55","70,288","12,30,960",26.66
TATASTEEL,EQ,2018-01-19,751.75,752.5,762.0,742.5,753.0,753.0,752.4,"32,17,972","2,42,11,98,577.00","70,788","5,45,847",16.96
TATASTEEL,EQ,2018-01-22,753.0,752.0,756.4,747.35,753.55,752.2,751.66,"36,05,727","2,71,02,71,411.75","54,163","20,08,322",55.7
TATASTEEL,EQ,2018-01-23,752.2,752.0,787.1,752.0,780.25,779.75,777.27,"80,36,841","6,24,67,80,029.00","1,08,348","32,58,712",40.55
TATASTEEL,EQ,2018-01-24,779.75,780.5,780.6,757.15,762.0,762.1,768.25,"49,35,129","3,79,14,03,220.75","1,35,381","24,81,568",50.28
TATASTEEL,EQ,2018-01-25,762.1,765.0,773.1,758.25,768.75,769.15,767.46,"83,97,681","6,44,48,74,344.15","78,637","57,26,109",68.19
TATASTEEL,EQ,2018-01-29,769.15,771.0,791.8,770.15,783.7,783.15,785.15,"65,08,012","5,10,97,63,296.85","1,08,384","32,07,138",49.28
TATASTEEL,EQ,2018-01-30,783.15,780.6,783.9,771.25,781.0,775.85,775.87,"60,19,374","4,67,02,32,414.00","85,046","35,73,448",59.37
TATASTEEL,EQ,2018-01-31,775.85,735.5,747.9,701.7,706.6,705.05,720.42,"1,29,58,902","9,33,58,78,228.05","1,76,718","36,91,336",28.48
TATASTEEL,EQ,2018-02-01,705.05,708.0,712.75,681.6,695.05,696.75,696.23,"74,03,931","5,15,48,04,699.90","1,06,412","25,56,348",34.53
TATASTEEL,EQ,2018-02-02,696.75,692.0,693.0,666.05,668.85,670.45,680.74,"65,00,926","4,42,54,09,641.00","82,868","24,26,292",37.32
TATASTEEL,EQ,2018-02-05,670.45,661.0,674.5,650.5,666.0,664.05,662.66,"46,98,722","3,11,36,55,797.45","73,444","18,27,172",38.89
TATASTEEL,EQ,2018-02-06,664.05,641.0,679.0,632.55,666.2,664.5,655.82,"67,04,557","4,39,70,02,362.95","97,327","20,01,480",29.85
TATASTEEL,EQ,2018-02-07,664.5,668.0,682.2,657.0,659.1,661.8,668.19,"67,89,521","4,53,67,18,207.90","1,10,553","26,05,293",38.37
TATASTEEL,EQ,2018-02-08,661.8,660.05,677.0,654.0,673.0,671.45,665.4,"58,45,590","3,88,96,70,064.55","84,817","12,50,275",21.39
TATASTEEL,EQ,2018-02-09,671.45,663.7,690.0,660.15,684.55,685.3,681.94,"91,40,288","6,23,31,54,968.80","1,40,463","19,31,577",21.13
TATASTEEL,EQ,2018-02-12,685.3,716.0,716.9,697.4,713.7,713.1,710.44,"1,20,36,307","8,55,10,83,029.10","1,53,682","17,12,694",14.23
TATASTEEL,EQ,2018-02-14,713.1,719.3,720.5,704.55,708.6,708.0,713.33,"48,85,951","3,48,52,80,748.40","71,409","12,08,003",24.72
TATASTEEL,EQ,2018-02-15,708.0,711.35,719.15,697.25,703.0,700.55,708.85,"51,31,245","3,63,72,99,446.60","78,568","15,38,113",29.98
TATASTEEL,EQ,2018-02-16,700.55,708.0,709.5,683.6,688.0,689.75,693.91,"50,12,760","3,47,83,99,324.55","63,048","12,70,333",25.34
TATASTEEL,EQ,2018-02-19,689.75,693.4,693.4,639.0,649.0,648.85,654.52,"1,76,58,708","11,55,80,48,417.40","1,75,871","57,60,059",32.62
TATASTEEL,EQ,2018-02-20,648.85,654.8,661.5,648.15,651.2,651.3,654.56,"1,02,14,478","6,68,60,23,349.05","1,26,134","34,63,726",33.91
TATASTEEL,EQ,2018-02-21,651.3,654.9,655.55,633.0,643.5,640.95,640.92,"1,03,07,539","6,60,63,58,204.25","1,31,334","44,67,629",43.34
TATASTEEL,EQ,2018-02-22,640.95,640.35,647.8,632.85,636.1,637.55,641.1,"89,50,631","5,73,82,77,047.10","1,19,172","32,04,004",35.8
TATASTEEL,EQ,2018-02-23,637.55,640.85,686.4,639.0,676.0,677.75,669.57,"2,18,66,214","14,64,10,61,102.70","3,27,120","82,57,876",37.77
TATASTEEL,EQ,2018-02-26,677.75,680.0,692.65,673.2,681.4,680.2,684.05,"91,99,775","6,29,30,85,776.80","1,31,304","28,20,252",30.66
TATASTEEL,EQ,2018-02-27,680.2,681.4,686.9,669.2,671.05,671.75,680.0,"68,05,376","4,62,76,50,931.00","1,04,797","23,85,754",35.06
TATASTEEL,EQ,2018-02-28,671.75,663.85,675.0,660.0,672.85,671.6,669.29,"71,12,650","4,76,04,04,400.25","1,15,945","29,30,972",41.21
TATASTEEL,EQ,2018-03-01,671.6,671.35,685.0,670.05,673.5,675.05,677.03,"71,28,399","4,82,61,48,824.40","97,069","29,39,614",41.24
TATASTEEL,EQ,2018-03-05,675.05,669.25,669.3,651.8,655.7,655.9,658.04,"97,85,466","6,43,92,60,218.75","1,70,413","47,71,509",48.76
TATASTEEL,EQ,2018-03-06,655.9,664.85,674.0,656.55,659.5,659.75,666.81,"84,14,960","5,61,11,49,688.55","1,51,635","29,18,233",34.68
TATASTEEL,EQ,2018-03-07,659.75,657.0,661.4,644.65,650.0,647.7,651.47,"51,30,577","3,34,23,99,842.60","85,847","15,18,697",29.6
TATASTEEL,EQ,2018-03-08,647.7,656.9,660.95,632.7,636.25,635.9,642.15,"71,26,105","4,57,60,16,853.05","90,313","14,71,440",20.65
TATASTEEL,EQ,2018-03-09,635.9,640.05,646.75,601.5,612.7,606.75,618.77,"1,80,96,367","11,19,74,60,060.65","1,88,722","34,53,501",19.08
TATASTEEL,EQ,2018-03-12,606.75,614.45,626.4,606.4,623.5,622.9,616.27,"1,21,93,581","7,51,45,41,561.35","1,42,942","28,50,476",23.38
TATASTEEL,EQ,2018-03-13,622.9,623.0,633.2,614.35,627.95,628.85,626.24,"1,04,90,405","6,56,94,98,855.40","1,11,466","26,33,039",25.1
TATASTEEL,EQ,2018-03-14,628.85,624.0,630.9,618.6,620.0,620.55,623.71,"86,55,181","5,39,82,84,292.45","1,03,031","29,35,783",33.92
TATASTEEL,EQ,2018-03-15,620.55,620.0,622.6,609.6,612.2,611.75,615.08,"75,10,951","4,61,98,60,394.30","88,447","16,95,674",22.58
TATASTEEL,EQ,2018-03-16,611.75,611.75,613.9,594.4,602.5,600.2,602.51,"1,17,39,582","7,07,32,40,040.10","1,47,071","40,95,247",34.88
TATASTEEL,EQ,2018-03-19,600.2,600.0,601.9,572.85,574.0,574.95,582.99,"1,25,42,317","7,31,20,88,243.15","1,46,001","43,16,008",34.41
TATASTEEL,EQ,2018-03-20,574.95,571.0,600.9,568.45,594.35,593.0,591.86,"1,76,45,035","10,44,33,20,964.70","1,96,471","37,17,435",21.07
TATASTEEL,EQ,2018-03-21,593.0,598.95,601.7,580.5,582.3,582.25,589.32,"1,19,39,451","7,03,61,06,133.00","1,18,336","32,72,799",27.41
TATASTEEL,EQ,2018-03-22,582.25,582.7,587.45,572.0,579.25,580.9,578.92,"1,14,86,245","6,64,96,40,783.50","1,46,377","20,59,535",17.93
TATASTEEL,EQ,2018-03-23,580.9,560.05,568.8,553.5,567.0,566.5,561.97,"1,41,33,550","7,94,26,93,165.45","1,43,444","37,33,732",26.42
TATASTEEL,EQ,2018-03-26,566.5,568.9,588.35,560.8,586.0,581.55,571.25,"1,09,29,998","6,24,37,45,405.55","1,24,625","25,78,503",23.59
TATASTEEL,EQ,2018-03-27,581.55,590.45,599.0,587.55,590.0,590.0,593.07,"1,00,38,168","5,95,33,50,623.65","1,13,523","16,99,906",16.93
TATASTEEL,EQ,2018-03-28,590.0,581.05,583.0,565.3,570.65,571.05,571.53,"1,86,55,057","10,66,19,75,311.75","1,84,117","96,27,929",51.61
TATASTEEL,EQ,2018-04-02,571.05,573.1,580.3,568.1,577.65,578.8,575.48,"68,89,345","3,96,47,03,024.30","1,06,474","17,46,344",25.35
TATASTEEL,EQ,2018-04-03,578.8,570.2,585.45,568.35,580.0,579.7,577.64,"1,05,08,317","6,06,99,83,445.40","1,43,336","13,31,567",12.67
TATASTEEL,EQ,2018-04-04,579.7,583.1,590.5,557.55,559.1,560.55,577.6,"1,39,09,893","8,03,43,77,268.20","1,82,883","45,38,225",32.63
TATASTEEL,EQ,2018-04-05,560.55,573.85,583.6,569.5,580.0,580.45,577.85,"1,32,62,168","7,66,35,06,136.30","1,57,981","50,66,786",38.2
TATASTEEL,EQ,2018-04-06,580.45,574.85,589.9,573.0,586.1,587.2,581.14,"85,20,201","4,95,14,30,461.00","97,057","17,66,400",20.73
TATASTEEL,EQ,2018-04-09,587.2,589.5,595.75,583.4,585.0,586.15,589.2,"94,89,221","5,59,10,11,468.35","1,21,507","20,60,169",21.71
TATASTEEL,EQ,2018-04-10,586.15,593.0,604.6,592.3,603.4,601.9,598.69,"1,08,50,710","6,49,62,64,007.50","1,27,456","22,48,864",20.73
TATASTEEL,EQ,2018-04-11,601.9,608.0,610.9,600.35,608.0,608.05,606.51,"87,24,716","5,29,16,69,861.60","95,538","22,39,463",25.67
TATASTEEL,EQ,2018-04-12,608.05,606.9,608.75,596.7,598.4,598.4,602.77,"66,28,499","3,99,54,87,103.85","69,116","24,53,208",37.01
TATASTEEL,EQ,2018-04-13,598.4,600.0,604.7,590.4,593.7,594.05,597.22,"67,16,146","4,01,10,08,488.50","85,295","10,57,806",15.75
TATASTEEL,EQ,2018-04-16,594.05,591.0,596.8,585.15,593.0,591.6,590.51,"51,45,813","3,03,86,65,375.60","65,902","8,16,456",15.87
TATASTEEL,EQ,2018-04-17,591.6,595.0,604.6,591.95,595.2,596.05,598.6,"64,00,378","3,83,12,60,467.70","81,627","7,19,438",11.24
TATASTEEL,EQ,2018-04-18,596.05,600.95,604.9,594.6,604.5,601.6,599.36,"42,59,135","2,55,27,60,180.30","64,932","7,10,504",16.68
TATASTEEL,EQ,2018-04-19,601.6,606.05,624.5,606.05,621.4,621.95,618.07,"1,08,17,008","6,68,56,67,443.30","1,21,762","13,54,322",12.52
TATASTEEL,EQ,2018-04-20,621.95,618.95,618.95,602.6,607.05,606.2,608.19,"63,46,274","3,85,97,28,676.05","87,184","11,22,657",17.69
TATASTEEL,EQ,2018-04-23,606.2,608.3,611.0,600.1,605.5,606.6,606.58,"45,91,161","2,78,48,98,176.65","64,401","8,34,594",18.18
TATASTEEL,EQ,2018-04-24,606.6,594.45,601.8,589.4,600.0,597.55,595.13,"59,53,046","3,54,28,55,558.25","77,010","14,51,928",24.39
TATASTEEL,EQ,2018-04-25,597.55,598.0,598.5,584.3,586.85,586.2,589.66,"41,22,443","2,43,08,43,725.15","57,781","9,51,360",23.08
TATASTEEL,EQ,2018-04-26,586.2,588.0,591.55,576.7,577.9,578.2,581.39,"74,63,062","4,33,89,25,212.35","79,412","37,36,186",50.06
TATASTEEL,EQ,2018-04-27,578.2,582.95,594.75,581.25,587.75,589.8,588.47,"47,17,405","2,77,60,39,371.05","60,844","6,73,265",14.27
TATASTEEL,EQ,2018-04-30,589.8,591.65,599.9,586.0,595.1,594.95,594.73,"36,58,754","2,17,59,60,395.30","53,761","7,03,893",19.24
TATASTEEL,EQ,2018-05-02,594.95,597.1,597.4,572.95,574.8,574.5,582.14,"42,41,068","2,46,89,15,752.50","80,653","13,44,250",31.7
TATASTEEL,EQ,2018-05-03,574.5,574.0,587.4,568.1,586.7,585.45,577.77,"67,78,904","3,91,66,55,984.45","91,788","11,37,693",16.78
TATASTEEL,EQ,2018-05-04,585.45,586.7,589.8,579.25,580.7,580.75,583.66,"38,81,632","2,26,55,57,421.80","65,217","4,90,714",12.64
TATASTEEL,EQ,2018-05-07,580.75,585.95,597.95,581.0,596.25,596.45,591.52,"45,53,509","2,69,35,07,558.20","77,292","9,21,647",20.24
TATASTEEL,EQ,2018-05-08,596.45,600.0,604.2,590.5,593.45,596.35,596.98,"41,25,958","2,46,30,94,785.45","55,540","4,25,942",10.32
TATASTEEL,EQ,2018-05-09,596.35,593.4,608.85,592.55,604.75,603.15,603.69,"62,38,211","3,76,59,52,561.90","80,649","12,63,459",20.25
TATASTEEL,EQ,2018-05-10,603.15,603.9,606.8,591.15,593.8,594.15,596.48,"40,01,269","2,38,66,89,363.80","59,065","9,94,122",24.85
TATASTEEL,EQ,2018-05-11,594.15,597.0,610.55,591.2,606.25,607.25,603.34,"61,55,537","3,71,39,00,401.10","98,974","17,87,622",29.04
TATASTEEL,EQ,2018-05-14,607.25,608.2,614.95,602.3,608.75,610.35,610.48,"51,73,139","3,15,81,15,919.00","83,184","10,62,005",20.53
TATASTEEL,EQ,2018-05-15,610.35,609.0,636.8,605.5,627.0,625.95,628.2,"1,28,18,436","8,05,25,89,299.25","1,49,683","19,22,341",15.0
TATASTEEL,EQ,2018-05-16,625.95,626.0,632.5,616.95,621.9,621.25,623.66,"84,26,301","5,25,51,67,479.85","1,13,589","13,56,138",16.09
TATASTEEL,EQ,2018-05-17,621.25,629.95,630.8,602.15,610.3,610.3,611.88,"1,60,37,341","9,81,29,12,991.00","1,63,026","23,84,970",14.87
TATASTEEL,EQ,2018-05-18,610.3,615.0,616.7,590.35,591.25,591.4,601.17,"82,16,629","4,93,96,22,629.05","1,00,178","17,41,129",21.19
TATASTEEL,EQ,2018-05-21,591.4,592.5,600.75,574.75,576.05,577.0,584.16,"71,62,233","4,18,38,64,365.40","93,394","13,31,482",18.59
TATASTEEL,EQ,2018-05-22,577.0,578.1,583.5,569.5,575.9,576.8,578.16,"60,96,646","3,52,48,36,262.65","1,16,522","11,15,409",18.3
TATASTEEL,EQ,2018-05-23,576.8,576.0,576.0,537.4,541.25,540.05,551.51,"1,71,48,386","9,45,74,62,086.75","2,86,869","55,99,512",32.65
TATASTEEL,EQ,2018-05-24,540.05,543.9,553.9,536.55,552.4,548.2,546.94,"87,00,822","4,75,88,22,298.50","1,03,168","11,02,113",12.67
TATASTEEL,EQ,2018-05-25,548.2,554.0,570.8,552.0,567.5,568.25,563.89,"88,95,619","5,01,61,59,792.80","1,20,667","16,08,181",18.08
TATASTEEL,EQ,2018-05-28,568.25,571.0,579.45,565.1,576.55,576.65,573.73,"52,35,667","3,00,38,40,631.60","66,203","8,31,387",15.88
TATASTEEL,EQ,2018-05-29,576.65,574.95,588.0,569.35,575.9,575.35,578.27,"64,77,911","3,74,59,79,635.30","1,01,603","12,47,659",19.26
TATASTEEL,EQ,2018-05-30,575.35,568.05,581.5,567.55,580.0,577.9,576.48,"62,01,888","3,57,52,90,469.40","95,492","16,48,565",26.58
TATASTEEL,EQ,2018-05-31,577.9,584.0,587.3,572.05,577.2,575.65,577.36,"66,52,510","3,84,09,14,057.85","85,779","17,96,126",27.0
TATASTEEL,EQ,2018-06-01,575.65,570.0,579.6,556.3,561.05,560.65,567.06,"92,49,666","5,24,51,27,846.75","1,06,776","27,88,656",30.15
TATASTEEL,EQ,2018-06-04,560.65,564.05,572.5,560.3,565.5,566.15,566.47,"87,42,527","4,95,23,83,731.80","96,381","29,35,016",33.57
TATASTEEL,EQ,2018-06-05,566.15,566.8,574.9,560.6,573.65,572.1,567.03,"46,88,204","2,65,83,45,834.10","69,431","7,38,939",15.76
TATASTEEL,EQ,2018-06-06,572.1,574.45,581.7,569.2,580.1,579.75,576.54,"44,45,305","2,56,29,15,051.00","82,133","8,54,650",19.23
TATASTEEL,EQ,2018-06-07,579.75,582.1,603.9,581.9,601.9,602.1,595.3,"92,79,353","5,52,40,00,930.25","1,36,081","19,79,686",21.33
TATASTEEL,EQ,2018-06-08,602.1,599.0,608.2,592.0,599.0,600.5,600.68,"83,86,078","5,03,73,75,244.05","1,34,103","17,91,373",21.36
TATASTEEL,EQ,2018-06-11,600.5,601.05,605.5,586.25,586.95,588.65,595.15,"51,51,101","3,06,56,87,895.80","93,275","16,21,971",31.49
TATASTEEL,EQ,2018-06-12,588.65,586.95,588.75,577.2,579.6,580.0,582.24,"85,88,935","5,00,08,10,531.75","1,42,999","17,43,815",20.3
TATASTEEL,EQ,2018-06-13,580.0,579.6,583.8,566.0,567.6,567.6,571.37,"90,60,032","5,17,66,45,076.95","1,36,919","30,68,337",33.87
TATASTEEL,EQ,2018-06-14,567.6,567.0,574.8,561.0,570.35,569.55,569.3,"74,82,514","4,25,97,76,434.85","94,454","15,60,968",20.86
TATASTEEL,EQ,2018-06-15,569.55,571.2,574.8,562.0,564.95,566.0,568.25,"62,08,764","3,52,81,03,420.35","94,184","11,18,692",18.02
TATASTEEL,EQ,2018-06-18,566.0,563.0,563.45,547.3,558.2,558.5,554.38,"1,05,66,965","5,85,80,67,047.15","1,22,255","23,97,734",22.69
TATASTEEL,EQ,2018-06-19,558.5,558.0,565.6,549.45,554.0,555.0,557.08,"94,52,190","5,26,56,01,616.30","1,13,902","14,11,277",14.93
TATASTEEL,EQ,2018-06-20,555.0,556.25,565.9,553.3,565.5,563.25,559.46,"66,10,703","3,69,84,49,825.15","93,299","13,04,810",19.74
TATASTEEL,EQ,2018-06-21,563.25,568.95,568.95,556.1,556.85,557.75,563.81,"84,65,198","4,77,27,79,365.90","1,16,649","16,54,976",19.55
TATASTEEL,EQ,2018-06-22,557.75,560.4,564.6,556.1,561.0,561.85,560.95,"62,47,845","3,50,47,04,908.60","82,309","12,20,852",19.54
TATASTEEL,EQ,2018-06-25,561.85,559.8,564.8,556.35,556.8,558.6,560.86,"38,99,261","2,18,69,41,076.25","58,230","6,31,143",16.19
TATASTEEL,EQ,2018-06-26,558.6,558.35,559.9,538.25,548.35,549.5,548.57,"1,02,07,582","5,59,95,84,953.35","1,10,885","30,69,343",30.07
TATASTEEL,EQ,2018-06-27,549.5,551.7,552.5,539.1,542.0,543.2,544.37,"56,54,150","3,07,79,37,746.40","87,174","15,29,634",27.05
TATASTEEL,EQ,2018-06-28,543.2,545.0,556.5,544.0,546.55,548.45,549.58,"86,55,978","4,75,71,87,827.55","97,407","19,93,774",23.03
TATASTEEL,EQ,2018-06-29,548.45,551.95,569.8,551.05,567.0,567.75,563.88,"94,77,384","5,34,41,24,598.95","1,15,059","23,91,343",25.23
TATASTEEL,EQ,2018-07-02,567.75,575.95,586.5,556.25,559.1,560.5,569.55,"1,57,63,048","8,97,78,53,687.20","1,89,514","24,28,076",15.4
TATASTEEL,EQ,2018-07-03,560.5,561.95,572.4,553.45,567.55,566.0,564.17,"1,12,36,177","6,33,90,99,048.90","1,17,724","21,35,421",19.0
TATASTEEL,EQ,2018-07-04,566.0,567.4,573.4,559.55,571.0,571.1,567.82,"68,62,947","3,89,69,42,849.75","75,617","13,67,860",19.93
TATASTEEL,EQ,2018-07-05,571.1,565.0,565.0,552.0,553.5,553.3,557.42,"60,13,653","3,35,21,21,551.40","70,236","10,31,947",17.16
TATASTEEL,EQ,2018-07-06,553.3,550.0,564.25,546.35,553.35,553.5,556.96,"66,14,783","3,68,41,56,463.15","85,865","6,61,077",9.99
TATASTEEL,EQ,2018-07-09,553.5,563.7,565.75,554.75,555.3,555.6,559.41,"74,43,751","4,16,41,39,659.40","85,082","16,40,600",22.04
TATASTEEL,EQ,2018-07-10,555.6,559.0,571.0,556.9,569.0,568.65,565.64,"1,00,04,905","5,65,92,24,066.60","1,22,078","25,96,957",25.96
TATASTEEL,EQ,2018-07-11,568.65,565.7,565.7,554.15,556.4,555.7,559.28,"61,11,245","3,41,78,94,887.50","99,094","15,04,664",24.62
TATASTEEL,EQ,2018-07-12,555.7,560.0,567.9,553.15,555.95,555.2,560.16,"84,43,988","4,72,99,91,523.45","96,886","18,40,134",21.79
TATASTEEL,EQ,2018-07-13,555.2,559.35,562.0,553.0,558.1,558.6,557.17,"55,79,129","3,10,84,97,024.95","79,214","7,37,545",13.22
TATASTEEL,EQ,2018-07-16,558.6,559.7,559.9,517.05,518.85,519.25,534.4,"1,11,59,885","5,96,38,37,430.35","1,34,728","26,00,607",23.3
TATASTEEL,EQ,2018-07-17,519.25,522.0,535.7,513.0,531.25,532.35,526.85,"1,07,92,706","5,68,61,23,355.30","1,47,484","28,91,742",26.79
TATASTEEL,EQ,2018-07-18,532.35,536.0,536.95,501.0,504.0,504.25,511.95,"1,64,51,209","8,42,21,51,339.20","1,76,769","28,77,550",17.49
TATASTEEL,EQ,2018-07-19,504.25,508.0,513.4,493.0,497.1,498.65,502.73,"1,68,08,651","8,45,02,51,215.70","1,89,733","27,57,953",16.41
TATASTEEL,EQ,2018-07-20,498.65,499.0,505.75,495.0,504.6,503.2,500.68,"72,61,409","3,63,56,12,244.50","98,214","8,72,178",12.01
TATASTEEL,EQ,2018-07-23,503.2,506.0,519.5,498.3,516.7,516.9,508.31,"68,78,134","3,49,62,38,541.40","94,502","10,84,415",15.77
TATASTEEL,EQ,2018-07-24,516.9,516.0,529.6,516.0,528.95,527.4,524.81,"83,98,369","4,40,75,52,619.00","1,09,427","20,09,803",23.93
TATASTEEL,EQ,2018-07-25,527.4,531.0,538.0,529.0,535.1,536.0,533.68,"67,82,638","3,61,97,41,376.15","81,709","11,21,383",16.53
TATASTEEL,EQ,2018-07-26,536.0,536.95,539.95,531.35,534.6,534.85,535.63,"74,81,191","4,00,71,77,283.25","88,133","26,33,718",35.2
TATASTEEL,EQ,2018-07-27,534.85,538.0,553.55,536.3,549.15,550.2,546.55,"64,62,885","3,53,22,76,911.30","96,289","10,85,413",16.79
TATASTEEL,EQ,2018-07-30,550.2,549.45,558.5,547.35,552.0,553.0,553.32,"47,87,707","2,64,91,10,558.00","67,754","8,50,944",17.77
TATASTEEL,EQ,2018-07-31,553.0,551.95,564.9,543.55,563.05,563.05,553.11,"63,73,966","3,52,54,90,005.40","87,732","12,95,193",20.32
TATASTEEL,EQ,2018-08-01,563.05,562.85,567.6,551.3,553.5,555.8,558.87,"60,67,992","3,39,12,45,544.10","80,872","8,75,580",14.43
TATASTEEL,EQ,2018-08-02,555.8,552.7,560.9,540.6,551.45,554.3,552.19,"94,93,099","5,24,20,15,473.80","1,09,478","13,13,075",13.83
TATASTEEL,EQ,2018-08-03,554.3,556.4,560.0,550.65,553.55,554.45,555.72,"55,70,690","3,09,57,66,117.30","75,559","8,60,584",15.45
TATASTEEL,EQ,2018-08-06,554.45,559.0,564.9,551.25,552.45,553.25,558.66,"55,43,881","3,09,71,33,038.60","86,113","14,89,917",26.87
TATASTEEL,EQ,2018-08-07,553.25,557.35,576.7,553.65,575.5,573.15,564.68,"92,85,854","5,24,35,26,333.00","1,22,214","17,98,133",19.36
TATASTEEL,EQ,2018-08-08,573.15,578.25,583.75,573.55,577.2,577.5,578.89,"90,08,431","5,21,48,76,365.25","1,16,859","15,30,265",16.99
TATASTEEL,EQ,2018-08-09,577.5,580.0,587.7,575.8,586.75,585.95,583.3,"57,57,687","3,35,84,57,974.80","77,196","8,62,036",14.97
TATASTEEL,EQ,2018-08-10,585.95,585.95,586.0,572.7,575.25,576.7,580.01,"57,25,493","3,32,08,42,625.95","64,059","13,94,202",24.35
TATASTEEL,EQ,2018-08-13,576.7,574.95,582.15,566.0,569.5,568.8,574.57,"78,56,831","4,51,43,26,522.65","92,182","9,56,096",12.17
TATASTEEL,EQ,2018-08-14,568.8,587.0,587.0,562.55,578.0,578.95,575.11,"2,40,30,560","13,82,03,08,810.95","2,70,833","27,06,148",11.26
TATASTEEL,EQ,2018-08-16,578.95,570.0,576.7,563.25,567.6,567.55,571.01,"79,07,171","4,51,50,71,487.10","94,747","18,79,732",23.77
TATASTEEL,EQ,2018-08-17,567.55,571.95,585.2,571.8,580.7,580.15,581.26,"87,43,214","5,08,20,79,438.75","1,42,235","18,18,249",20.8
TATASTEEL,EQ,2018-08-20,580.15,583.0,601.8,582.9,600.2,599.4,594.0,"1,16,62,318","6,92,74,21,592.35","1,51,435","29,78,823",25.54
TATASTEEL,EQ,2018-08-21,599.4,602.25,602.45,580.55,584.0,582.15,588.95,"1,08,73,707","6,40,40,72,760.90","1,20,678","20,50,030",18.85
TATASTEEL,EQ,2018-08-23,582.15,584.9,584.9,570.15,572.55,571.65,575.04,"66,76,830","3,83,94,54,728.35","98,660","14,45,371",21.65
TATASTEEL,EQ,2018-08-24,571.65,570.35,579.35,568.25,575.3,575.6,575.27,"60,60,269","3,48,63,09,022.75","77,874","9,02,164",14.89
TATASTEEL,EQ,2018-08-27,575.6,581.9,587.0,579.0,579.35,581.2,583.44,"53,91,946","3,14,58,80,976.15","65,603","9,95,091",18.46
TATASTEEL,EQ,2018-08-28,581.2,582.5,593.9,578.1,589.65,590.35,587.37,"90,21,297","5,29,87,99,549.80","1,01,604","22,04,347",24.43
TATASTEEL,EQ,2018-08-29,590.35,590.3,601.85,585.55,593.35,594.2,595.27,"98,85,532","5,88,45,75,992.85","1,25,778","24,98,414",25.27
TATASTEEL,EQ,2018-08-30,594.2,592.3,610.0,591.05,608.3,608.35,605.23,"1,02,83,657","6,22,39,97,856.20","1,21,761","13,19,743",12.83
TATASTEEL,EQ,2018-08-31,608.35,608.2,614.5,599.1,600.4,600.5,605.74,"86,33,354","5,22,95,80,414.80","1,31,454","17,99,756",20.85
TATASTEEL,EQ,2018-09-03,600.5,603.0,609.95,598.0,598.55,600.75,605.11,"54,79,133","3,31,54,60,876.55","68,186","7,72,777",14.1
TATASTEEL,EQ,2018-09-04,600.75,600.9,604.5,590.6,591.95,593.05,596.28,"60,99,572","3,63,70,22,488.30","95,317","8,34,312",13.68
TATASTEEL,EQ,2018-09-05,593.05,590.0,597.0,581.2,596.9,594.4,589.87,"57,91,157","3,41,60,17,469.70","81,814","7,43,829",12.84
TATASTEEL,EQ,2018-09-06,594.4,598.0,607.8,594.5,599.25,600.3,602.28,"66,89,716","4,02,90,86,977.90","82,356","7,44,931",11.14
TATASTEEL,EQ,2018-09-07,600.3,602.3,622.0,597.05,616.0,619.15,612.41,"94,45,836","5,78,46,99,814.35","1,17,345","16,10,656",17.05
TATASTEEL,EQ,2018-09-10,619.15,619.95,625.0,611.25,613.7,613.65,617.13,"62,84,258","3,87,81,83,687.80","91,324","7,23,809",11.52
TATASTEEL,EQ,2018-09-11,613.65,615.35,617.0,588.35,589.45,592.1,604.28,"81,11,172","4,90,13,86,963.10","1,26,094","22,39,093",27.61
TATASTEEL,EQ,2018-09-12,592.1,592.5,607.2,583.1,605.2,605.55,594.46,"85,66,384","5,09,23,55,658.95","1,10,176","12,85,939",15.01
TATASTEEL,EQ,2018-09-14,605.55,611.6,620.5,610.0,613.95,615.0,616.21,"79,75,559","4,91,46,09,664.45","98,058","16,95,001",21.25
TATASTEEL,EQ,2018-09-17,615.0,610.0,624.4,605.55,616.25,616.4,616.96,"71,83,891","4,43,21,55,150.20","89,988","8,53,863",11.89
TATASTEEL,EQ,2018-09-18,616.4,618.0,624.55,609.3,614.6,612.75,617.12,"78,28,063","4,83,08,50,181.60","84,759","20,21,839",25.83
TATASTEEL,EQ,2018-09-19,612.75,618.0,630.8,617.4,621.8,621.2,624.56,"1,01,34,627","6,32,96,45,711.20","1,32,732","15,63,797",15.43
TATASTEEL,EQ,2018-09-21,621.2,630.0,647.6,584.3,622.0,625.15,628.08,"2,29,77,379","14,43,16,39,493.40","2,57,834","82,80,960",36.04
TATASTEEL,EQ,2018-09-24,625.15,618.9,626.25,595.65,607.45,607.7,611.45,"1,12,42,914","6,87,44,87,322.30","1,33,061","23,64,772",21.03
TATASTEEL,EQ,2018-09-25,607.7,609.0,609.0,575.0,601.75,601.0,593.66,"1,09,85,624","6,52,17,55,736.20","1,21,806","22,49,759",20.48
TATASTEEL,EQ,2018-09-26,601.0,605.0,614.15,598.0,608.05,608.9,607.63,"86,47,720","5,25,46,11,667.30","95,354","13,88,721",16.06
TATASTEEL,EQ,2018-09-27,608.9,611.2,620.75,607.4,609.65,611.55,615.03,"82,39,542","5,06,75,57,687.05","98,741","22,01,998",26.72
TATASTEEL,EQ,2018-09-28,611.55,612.0,612.0,575.0,579.8,581.25,586.23,"1,30,27,007","7,63,68,19,435.85","1,67,179","41,36,970",31.76
TATASTEEL,EQ,2018-10-01,581.25,580.0,585.8,557.5,582.0,583.2,573.28,"69,72,949","3,99,74,52,283.75","97,580","6,89,340",9.89
TATASTEEL,EQ,2018-10-03,583.2,584.0,594.4,576.2,578.5,579.6,587.62,"72,17,063","4,24,09,10,955.20","1,38,820","18,17,325",25.18
TATASTEEL,EQ,2018-10-04,579.6,576.75,587.75,570.0,579.85,582.3,581.35,"76,29,840","4,43,56,36,380.90","1,08,885","14,18,611",18.59
TATASTEEL,EQ,2018-10-05,582.3,580.0,586.0,562.3,564.95,568.0,573.64,"78,68,967","4,51,39,67,477.90","1,15,316","18,24,662",23.19
TATASTEEL,EQ,2018-10-08,568.0,567.0,569.95,544.0,564.0,559.8,556.49,"91,71,048","5,10,35,55,391.80","1,22,812","11,23,033",12.25
TATASTEEL,EQ,2018-10-09,559.8,560.0,583.9,554.55,571.3,572.5,568.36,"77,34,434","4,39,59,74,798.25","1,02,010","6,61,757",8.56
TATASTEEL,EQ,2018-10-10,572.5,573.15,587.8,573.15,579.5,583.65,581.37,"71,53,314","4,15,87,41,772.60","91,789","22,11,459",30.92
TATASTEEL,EQ,2018-10-11,583.65,557.0,564.0,549.05,554.5,555.15,555.78,"1,04,01,643","5,78,09,98,166.00","1,63,204","21,64,014",20.8
TATASTEEL,EQ,2018-10-12,555.15,560.8,578.8,558.1,578.5,576.5,570.5,"57,33,407","3,27,08,87,737.15","83,588","11,78,256",20.55
TATASTEEL,EQ,2018-10-15,576.5,578.25,579.45,566.5,569.75,570.0,571.96,"41,00,183","2,34,51,37,822.05","72,795","7,83,197",19.1
TATASTEEL,EQ,2018-10-16,570.0,571.1,584.0,569.6,570.75,572.8,576.44,"56,60,568","3,26,29,75,297.85","68,578","15,53,714",27.45
TATASTEEL,EQ,2018-10-17,572.8,578.05,579.5,552.1,555.0,554.65,566.05,"50,20,576","2,84,18,79,590.55","71,901","10,72,671",21.37
TATASTEEL,EQ,2018-10-19,554.65,553.0,562.6,545.0,557.2,554.95,555.07,"77,18,196","4,28,41,48,301.80","1,03,398","19,18,577",24.86
TATASTEEL,EQ,2018-10-22,554.95,559.0,561.2,541.55,545.0,544.75,548.89,"51,01,951","2,80,04,29,555.85","77,825","8,79,231",17.23
TATASTEEL,EQ,2018-10-23,544.75,540.0,550.0,535.15,550.0,545.6,541.92,"46,34,688","2,51,16,37,930.35","63,112","4,11,563",8.88
TATASTEEL,EQ,2018-10-24,545.6,552.0,554.6,541.4,549.0,550.05,547.68,"42,19,617","2,31,10,18,676.20","59,000","6,40,391",15.18
TATASTEEL,EQ,2018-10-25,550.05,544.7,550.6,540.0,548.0,545.75,544.71,"44,67,859","2,43,36,77,154.25","52,409","10,32,001",23.1
TATASTEEL,EQ,2018-10-26,545.75,547.6,561.6,541.1,551.6,551.55,552.73,"60,99,413","3,37,13,20,247.20","94,931","10,39,119",17.04
TATASTEEL,EQ,2018-10-29,551.55,556.5,575.5,552.3,572.85,573.7,563.38,"57,38,313","3,23,28,79,289.60","85,437","16,37,981",28.54
TATASTEEL,EQ,2018-10-30,573.7,571.25,572.0,563.1,564.15,564.5,567.34,"40,15,319","2,27,80,48,526.00","55,234","9,96,342",24.81
TATASTEEL,EQ,2018-10-31,564.5,554.95,557.8,529.35,553.0,553.85,544.59,"1,40,70,333","7,66,25,09,430.60","1,68,203","32,57,666",23.15
TATASTEEL,EQ,2018-11-01,553.85,555.8,563.9,554.0,556.2,556.6,558.4,"54,69,057","3,05,39,35,038.85","93,560","12,75,483",23.32
TATASTEEL,EQ,2018-11-02,556.6,561.0,582.4,560.65,574.9,574.05,574.39,"79,79,457","4,58,33,04,685.85","1,29,208","21,23,390",26.61
TATASTEEL,EQ,2018-11-05,574.05,574.0,583.6,567.5,576.9,577.45,577.23,"45,35,856","2,61,82,35,298.15","79,045","8,40,355",18.53
TATASTEEL,EQ,2018-11-06,577.45,579.6,584.4,570.0,576.5,575.75,577.08,"39,10,274","2,25,65,29,051.05","64,227","7,62,159",19.49
TATASTEEL,EQ,2018-11-07,575.75,581.0,582.25,579.0,580.0,580.25,580.21,"4,13,871","24,01,31,504.65","7,892","93,648",22.63
TATASTEEL,EQ,2018-11-09,580.25,579.35,579.35,568.45,572.0,572.2,572.83,"43,48,716","2,49,10,71,685.90","82,706","12,23,625",28.14
TATASTEEL,EQ,2018-11-12,572.2,573.55,589.7,572.15,583.25,582.85,581.62,"81,20,996","4,72,33,03,908.15","1,10,663","16,86,579",20.77
TATASTEEL,EQ,2018-11-13,582.85,583.0,591.5,579.1,591.3,589.2,586.61,"76,26,487","4,47,37,48,725.35","99,299","15,73,057",20.63
TATASTEEL,EQ,2018-11-14,589.2,605.0,610.6,584.3,584.5,589.1,600.62,"2,16,49,289","13,00,29,93,782.90","2,59,305","51,01,298",23.56
TATASTEEL,EQ,2018-11-15,589.1,590.3,596.9,581.45,587.2,589.35,589.5,"63,89,521","3,76,66,15,660.60","85,281","8,99,736",14.08
TATASTEEL,EQ,2018-11-16,589.35,590.0,591.0,569.55,574.6,574.1,578.47,"74,56,927","4,31,35,76,069.00","1,12,947","23,32,464",31.28
TATASTEEL,EQ,2018-11-19,574.1,577.45,583.8,574.0,582.3,582.4,580.75,"48,89,287","2,83,94,67,135.75","66,145","14,59,561",29.85
TATASTEEL,EQ,2018-11-20,582.4,577.0,578.0,562.0,563.25,563.3,568.23,"76,36,368","4,33,91,81,799.85","1,14,174","25,39,505",33.26
TATASTEEL,EQ,2018-11-21,563.3,562.0,562.0,550.0,551.4,551.4,553.85,"1,12,42,898","6,22,69,10,909.95","1,41,022","56,98,683",50.69
TATASTEEL,EQ,2018-11-22,551.4,552.0,553.6,538.15,539.1,539.65,544.9,"85,41,612","4,65,42,99,226.10","1,08,794","21,74,246",25.45
TATASTEEL,EQ,2018-11-26,539.65,544.0,544.0,521.65,530.65,530.7,530.51,"1,00,03,787","5,30,71,58,211.80","1,28,346","21,24,949",21.24
TATASTEEL,EQ,2018-11-27,530.7,529.7,529.9,512.5,521.6,522.3,521.78,"1,57,90,907","8,23,93,11,433.70","1,99,637","29,21,943",18.5
TATASTEEL,EQ,2018-11-28,522.3,522.3,528.9,518.65,525.6,523.95,524.58,"1,13,52,466","5,95,52,36,584.15","1,31,272","43,34,549",38.18
TATASTEEL,EQ,2018-11-29,523.95,532.0,538.85,529.15,532.0,533.55,534.23,"1,39,29,332","7,44,14,97,368.95","1,23,174","49,38,118",35.45
TATASTEEL,EQ,2018-11-30,533.55,535.0,536.8,525.5,528.3,529.5,530.52,"78,54,071","4,16,67,68,469.70","95,969","19,98,299",25.44
TATASTEEL,EQ,2018-12-03,529.5,541.2,552.7,535.75,538.1,538.1,542.85,"1,20,92,365","6,56,43,69,904.80","1,13,717","45,50,472",37.63
TATASTEEL,EQ,2018-12-04,538.1,532.7,540.5,532.15,538.0,538.2,536.67,"61,53,810","3,30,25,80,735.00","78,154","16,03,762",26.06
TATASTEEL,EQ,2018-12-05,538.2,533.0,533.0,515.0,516.5,517.7,522.85,"70,78,082","3,70,07,57,620.35","93,238","14,65,186",20.7
TATASTEEL,EQ,2018-12-06,517.7,513.25,521.7,501.0,510.7,510.2,511.73,"1,29,66,714","6,63,55,10,294.00","1,84,271","20,20,359",15.58
TATASTEEL,EQ,2018-12-07,510.2,510.7,514.9,503.2,509.0,509.3,507.88,"82,52,927","4,19,15,13,366.00","1,04,364","14,97,432",18.14
TATASTEEL,EQ,2018-12-10,509.3,499.4,509.5,497.0,502.45,502.85,504.29,"54,14,705","2,73,05,66,748.10","79,142","10,20,570",18.85
TATASTEEL,EQ,2018-12-11,502.85,495.6,503.7,486.15,503.0,500.75,496.44,"1,12,42,572","5,58,13,18,087.60","1,45,030","27,58,835",24.54
TATASTEEL,EQ,2018-12-12,500.75,506.0,522.5,505.5,520.75,520.25,516.49,"81,41,983","4,20,52,18,998.65","97,242","12,97,913",15.94
TATASTEEL,EQ,2018-12-13,520.25,528.05,528.05,508.0,511.15,512.25,517.67,"68,10,095","3,52,54,03,821.60","92,231","11,75,771",17.27
TATASTEEL,EQ,2018-12-14,512.25,511.0,517.8,506.5,513.5,513.55,513.17,"51,55,980","2,64,58,89,314.20","70,055","5,77,069",11.19
TATASTEEL,EQ,2018-12-17,513.55,518.0,525.25,516.4,524.0,524.0,521.29,"48,04,854","2,50,47,02,284.55","64,696","9,13,681",19.02
TATASTEEL,EQ,2018-12-18,524.0,523.0,528.4,519.6,527.0,527.0,525.37,"56,73,527","2,98,07,27,010.00","80,553","6,97,939",12.3
TATASTEEL,EQ,2018-12-19,527.0,527.9,532.45,524.6,527.0,527.4,528.51,"49,28,043","2,60,45,08,634.25","83,332","8,74,345",17.74
TATASTEEL,EQ,2018-12-20,527.4,520.0,527.0,520.0,523.15,523.35,523.7,"35,17,335","1,84,20,44,891.70","55,311","5,97,863",17.0
TATASTEEL,EQ,2018-12-21,523.35,524.15,532.0,518.3,520.2,520.2,524.35,"59,69,670","3,13,01,90,247.50","77,299","10,08,885",16.9
TATASTEEL,EQ,2018-12-24,520.2,518.0,520.7,512.0,514.0,513.7,515.55,"43,29,440","2,23,20,59,147.80","56,693","5,04,200",11.65
TATASTEEL,EQ,2018-12-26,513.7,509.0,517.3,504.4,513.45,513.45,509.97,"49,53,741","2,52,62,60,383.70","68,440","5,52,265",11.15
TATASTEEL,EQ,2018-12-27,513.45,518.0,519.8,504.95,506.5,506.5,511.68,"50,16,931","2,56,70,51,750.90","62,558","17,52,813",34.94
TATASTEEL,EQ,2018-12-28,506.5,508.2,516.45,508.05,512.35,512.85,513.5,"63,07,408","3,23,88,32,364.25","64,362","18,67,311",29.61
TATASTEEL,EQ,2018-12-31,512.85,520.0,525.0,516.2,521.0,521.05,522.48,"79,65,812","4,16,19,95,840.75","83,861","15,87,779",19.93
TATASTEEL,EQ,2019-01-01,521.05,524.0,524.5,513.55,515.6,515.75,516.59,"41,28,173","2,13,25,91,489.60","41,467","7,18,976",17.42
TATASTEEL,EQ,2019-01-02,515.75,506.0,506.8,492.0,492.5,493.65,499.63,"1,17,47,350","5,86,93,48,356.35","1,48,301","35,27,471",30.03
TATASTEEL,EQ,2019-01-03,493.65,493.0,493.15,480.25,480.9,481.25,485.96,"1,35,32,944","6,57,65,16,802.65","1,65,809","35,65,334",26.35
TATASTEEL,EQ,2019-01-04,481.25,481.0,492.85,479.55,492.7,487.65,484.6,"1,04,80,072","5,07,86,93,051.95","1,28,696","31,18,466",29.76
TATASTEEL,EQ,2019-01-07,487.65,495.4,501.0,483.9,485.65,485.5,492.72,"84,06,787","4,14,21,80,744.25","90,648","21,61,511",25.71
TATASTEEL,EQ,2019-01-08,485.5,485.65,493.35,483.8,490.8,491.35,489.72,"62,69,706","3,07,04,02,907.40","87,870","16,20,177",25.84
TATASTEEL,EQ,2019-01-09,491.35,488.95,497.3,475.25,479.2,479.2,481.68,"1,26,96,660","6,11,57,29,117.85","1,80,954","26,99,082",21.26
TATASTEEL,EQ,2019-01-10,479.2,480.0,484.15,477.5,479.6,480.4,480.94,"70,81,000","3,40,55,18,974.05","97,814","19,72,119",27.85
TATASTEEL,EQ,2019-01-11,480.4,483.95,484.25,472.0,473.3,474.2,479.15,"75,40,824","3,61,31,59,030.65","1,05,075","23,45,667",31.11
TATASTEEL,EQ,2019-01-14,474.2,474.2,474.4,466.8,470.55,470.85,470.17,"58,89,917","2,76,92,78,642.20","69,991","17,67,424",30.01
TATASTEEL,EQ,2019-01-15,470.85,473.0,476.5,469.0,474.35,475.05,472.85,"76,03,181","3,59,51,26,273.25","99,231","25,83,725",33.98
TATASTEEL,EQ,2019-01-16,475.05,476.1,479.9,472.7,474.65,474.55,475.96,"52,80,293","2,51,31,83,647.45","72,370","14,01,232",26.54
TATASTEEL,EQ,2019-01-17,474.55,476.3,478.25,470.5,471.55,473.15,474.25,"42,81,935","2,03,07,25,755.30","64,638","9,10,522",21.26
TATASTEEL,EQ,2019-01-18,473.15,473.55,477.7,468.0,471.05,470.65,472.71,"49,14,849","2,32,32,81,912.85","80,750","11,99,141",24.40
TATASTEEL,EQ,2019-01-21,470.65,473.0,477.5,470.1,470.8,471.7,473.13,"46,13,690","2,18,28,92,635.75","50,269","7,24,380",15.70
TATASTEEL,EQ,2019-01-22,471.7,470.7,470.7,455.0,456.3,456.55,459.47,"89,57,766","4,11,58,02,035.60","1,09,487","22,43,126",25.04
TATASTEEL,EQ,2019-01-23,456.55,457.0,467.85,457.0,463.1,464.6,463.68,"72,59,386","3,36,60,35,255.25","76,802","13,92,180",19.18
TATASTEEL,EQ,2019-01-24,464.6,464.5,464.5,457.2,460.25,460.75,460.34,"47,90,846","2,20,54,31,806.25","57,522","10,08,392",21.05
TATASTEEL,EQ,2019-01-25,460.75,462.2,465.8,451.2,453.5,452.9,458.74,"41,57,967","1,90,74,28,570.30","56,735","8,31,615",20.00
TATASTEEL,EQ,2019-01-28,452.9,452.9,453.95,443.3,447.0,445.7,446.99,"43,35,147","1,93,77,77,379.35","60,538",-,-
TATASTEEL,EQ,2019-01-29,445.7,444.0,452.15,441.35,444.7,443.8,447.03,"52,25,724","2,33,60,71,743.45","74,629","15,45,789",29.58
TATASTEEL,EQ,2019-01-30,443.8,446.7,471.4,446.7,468.7,467.45,461.11,"1,08,57,925","5,00,66,70,902.85","1,41,215","33,04,563",30.43
TATASTEEL,EQ,2019-01-31,467.45,472.05,478.9,467.65,477.3,476.7,474.4,"92,43,729","4,38,52,27,307.55","1,05,785","30,42,415",32.91
TATASTEEL,EQ,2019-02-01,476.7,477.0,482.0,470.0,475.0,474.7,475.07,"50,15,994","2,38,29,33,864.05","67,779","10,83,424",21.60
TATASTEEL,EQ,2019-02-04,474.7,474.9,478.6,452.0,474.75,476.05,462.06,"1,09,72,029","5,06,96,95,126.20","1,27,330","17,20,797",15.68
TATASTEEL,EQ,2019-02-05,476.05,477.0,477.0,459.45,464.7,464.7,469.63,"72,81,927","3,41,97,82,399.70","87,463","13,56,399",18.63
TATASTEEL,EQ,2019-02-06,464.7,466.0,486.7,463.8,484.85,485.1,477.98,"1,09,99,265","5,25,73,87,351.25","1,65,202","35,90,380",32.64
TATASTEEL,EQ,2019-02-07,485.1,483.45,491.4,478.1,488.2,489.05,486.31,"78,57,338","3,82,11,06,588.00","1,03,008","17,91,138",22.80
TATASTEEL,EQ,2019-02-08,489.05,483.0,487.75,465.95,468.7,468.75,477.99,"84,14,514","4,02,20,25,585.45","93,170","19,92,658",23.68
TATASTEEL,EQ,2019-02-11,468.75,475.0,487.0,460.3,479.75,480.7,475.08,"2,32,62,314","11,05,14,25,898.10","2,35,446","17,99,162",7.73
TATASTEEL,EQ,2019-02-12,480.7,478.4,497.2,476.7,486.55,487.4,489.8,"1,88,36,111","9,22,59,53,102.25","2,01,556","28,98,188",15.39
TATASTEEL,EQ,2019-02-13,487.4,490.0,493.35,481.95,483.0,484.0,486.96,"84,03,265","4,09,20,90,883.70","1,00,005","9,62,123",11.45
TATASTEEL,EQ,2019-02-14,484.0,482.0,486.35,475.4,482.5,482.55,480.49,"61,85,042","2,97,18,47,337.80","70,078","4,66,600",7.54
TATASTEEL,EQ,2019-02-15,482.55,483.0,483.4,462.65,467.25,467.5,469.82,"74,99,240","3,52,32,71,517.45","1,06,511","17,77,213",23.70
TATASTEEL,EQ,2019-02-18,467.5,468.9,477.0,464.4,465.6,465.55,471.17,"62,53,514","2,94,64,42,373.25","77,788","4,51,776",7.22
TATASTEEL,EQ,2019-02-19,465.55,465.4,480.6,465.4,469.95,470.95,472.77,"82,24,545","3,88,83,35,059.30","1,04,247","13,51,835",16.44
TATASTEEL,EQ,2019-02-20,470.95,472.5,493.85,472.5,493.7,491.15,486.2,"1,54,87,251","7,52,98,73,006.65","1,66,170","32,21,272",20.80
TATASTEEL,EQ,2019-02-21,491.15,492.55,502.9,490.35,497.85,498.85,497.47,"1,17,82,714","5,86,15,44,729.35","1,42,866","17,57,913",14.92
TATASTEEL,EQ,2019-02-22,498.85,497.0,504.0,492.1,502.0,502.3,498.74,"1,00,05,723","4,99,02,38,088.90","1,04,520","12,39,870",12.39
TATASTEEL,EQ,2019-02-25,502.3,504.0,509.5,498.25,504.0,505.1,503.95,"1,03,57,604","5,21,97,29,441.65","1,18,263","20,19,970",19.50
TATASTEEL,EQ,2019-02-26,505.1,498.0,508.6,491.7,504.0,503.6,501.07,"98,56,299","4,93,86,91,662.60","1,16,684","22,88,363",23.22
TATASTEEL,EQ,2019-02-27,503.6,507.0,512.3,497.95,506.5,507.1,506.11,"94,44,346","4,77,98,84,389.60","1,15,380","23,27,647",24.65
TATASTEEL,EQ,2019-02-28,507.1,506.6,511.0,498.3,499.5,500.45,505.61,"74,85,418","3,78,46,68,424.00","1,06,395","17,79,421",23.77
TATASTEEL,EQ,2019-03-01,500.45,503.5,509.7,502.0,507.6,507.6,506.61,"66,72,569","3,38,03,92,882.00","76,965","18,79,267",28.16
TATASTEEL,EQ,2019-03-05,507.6,508.4,522.9,505.2,520.2,521.75,516.7,"91,18,037","4,71,12,95,937.15","1,45,373","32,36,261",35.49
TATASTEEL,EQ,2019-03-06,521.75,522.9,525.35,515.45,519.3,520.85,520.32,"63,11,227","3,28,38,46,067.60","80,775","15,45,004",24.48
TATASTEEL,EQ,2019-03-07,520.85,519.85,523.2,513.55,521.5,521.15,519.23,"61,53,631","3,19,51,29,310.35","95,637","9,76,241",15.86
TATASTEEL,EQ,2019-03-08,521.15,516.8,518.6,506.3,508.2,507.85,512.27,"65,04,847","3,33,22,49,496.15","72,160","15,03,417",23.11
TATASTEEL,EQ,2019-03-11,507.85,510.0,522.4,509.5,521.0,520.65,517.56,"59,08,275","3,05,78,97,512.60","65,754","13,83,100",23.41
TATASTEEL,EQ,2019-03-12,520.65,524.4,530.5,521.0,523.0,525.15,525.59,"82,98,275","4,36,14,56,393.15","1,20,907","28,58,036",34.44
TATASTEEL,EQ,2019-03-13,525.15,525.0,525.0,512.6,514.1,513.75,515.94,"64,09,153","3,30,67,62,312.55","70,001","18,07,863",28.21
TATASTEEL,EQ,2019-03-14,513.75,513.95,521.8,513.5,517.15,517.65,517.3,"44,96,642","2,32,61,10,205.30","50,936","3,87,305",8.61
TATASTEEL,EQ,2019-03-15,517.65,518.0,520.95,512.45,514.5,515.45,515.71,"42,33,938","2,18,34,86,135.30","49,251","9,25,195",21.85
TATASTEEL,EQ,2019-03-18,515.45,519.5,526.75,515.25,526.0,525.2,521.14,"63,17,605","3,29,23,73,248.05","99,756","17,84,338",28.24
TATASTEEL,EQ,2019-03-19,525.2,527.8,531.9,520.65,526.7,527.5,527.59,"63,29,840","3,33,95,72,274.25","94,609","19,49,562",30.80
TATASTEEL,EQ,2019-03-20,527.5,526.05,526.25,511.05,513.8,513.6,516.34,"87,02,307","4,49,33,92,411.00","95,909","34,86,328",40.06
TATASTEEL,EQ,2019-03-22,513.6,517.0,524.0,515.6,517.3,518.4,519.72,"52,33,446","2,71,99,21,643.10","86,359","10,58,626",20.23
TATASTEEL,EQ,2019-03-25,518.4,512.8,517.7,507.05,515.9,515.15,511.83,"50,36,887","2,57,80,17,967.40","60,059","11,23,624",22.31
TATASTEEL,EQ,2019-03-26,515.15,516.0,520.95,514.15,519.55,519.35,517.48,"33,29,825","1,72,31,10,472.30","41,880","6,21,663",18.67
TATASTEEL,EQ,2019-03-27,519.35,520.0,523.0,513.05,514.0,515.8,517.31,"52,39,158","2,71,02,44,403.80","75,257","22,76,507",43.45
TATASTEEL,EQ,2019-03-28,515.8,514.4,516.45,504.8,505.0,506.3,508.59,"89,65,093","4,55,95,29,165.30","81,956","59,46,879",66.33
TATASTEEL,EQ,2019-03-29,506.3,510.0,525.0,508.05,520.65,521.0,519.0,"1,19,65,611","6,21,01,11,239.75","1,24,103","49,41,118",41.29
TATASTEEL,EQ,2019-04-01,521.0,530.0,544.0,528.1,534.1,535.15,537.14,"1,35,23,554","7,26,40,14,512.05","1,55,633","46,91,342",34.69
TATASTEEL,EQ,2019-04-02,535.15,538.0,538.0,526.05,532.75,530.65,530.72,"50,86,818","2,69,96,64,111.60","63,489","10,58,775",20.81
TATASTEEL,EQ,2019-04-03,530.65,536.9,547.6,533.45,534.5,535.45,541.17,"1,14,89,680","6,21,78,71,338.40","1,30,492","22,84,954",19.89
TATASTEEL,EQ,2019-04-04,535.45,532.75,537.4,526.5,530.2,530.65,531.34,"52,59,917","2,79,48,18,731.60","70,618","7,52,176",14.30
TATASTEEL,EQ,2019-04-05,530.65,531.2,551.0,531.2,550.5,549.3,543.09,"1,00,37,713","5,45,13,99,303.15","1,43,614","26,65,915",26.56
TATASTEEL,EQ,2019-04-08,549.3,553.2,557.0,545.8,548.0,549.05,551.18,"1,06,00,901","5,84,30,48,494.95","1,53,043","28,08,878",26.50
TATASTEEL,EQ,2019-04-09,549.05,551.0,555.0,540.25,553.6,553.05,547.63,"66,18,936","3,62,47,36,847.95","1,07,560","16,08,253",24.30
TATASTEEL,EQ,2019-04-10,553.05,551.65,559.4,541.7,544.1,544.4,552.42,"78,89,153","4,35,81,37,993.05","1,07,377","27,37,719",34.70
TATASTEEL,EQ,2019-04-11,544.4,541.0,546.4,533.5,537.95,535.7,538.89,"60,82,398","3,27,77,56,081.65","65,258","15,28,611",25.13
TATASTEEL,EQ,2019-04-12,535.7,537.0,542.7,532.2,534.0,533.65,535.66,"62,74,016","3,36,07,49,919.10","78,725","18,36,931",29.28
TATASTEEL,EQ,2019-04-15,533.65,536.9,555.0,536.05,554.0,553.15,548.81,"1,03,90,317","5,70,23,06,794.60","1,22,338","28,17,344",27.12
TATASTEEL,EQ,2019-04-16,553.15,553.55,556.9,549.15,553.25,553.25,553.45,"63,23,654","3,49,98,38,648.40","93,908","10,56,259",16.70
TATASTEEL,EQ,2019-04-18,553.25,553.5,554.5,536.7,542.6,543.1,544.02,"66,60,522","3,62,34,33,385.65","93,931","20,10,172",30.18
TATASTEEL,EQ,2019-04-22,543.1,540.0,545.75,533.1,534.8,534.2,538.15,"36,97,686","1,98,99,03,420.45","49,616","6,02,993",16.31
TATASTEEL,EQ,2019-04-23,534.2,534.95,538.5,521.5,522.95,523.35,528.68,"51,19,376","2,70,65,27,661.15","62,141","11,23,510",21.95
TATASTEEL,EQ,2019-04-24,523.35,526.9,527.85,512.7,524.1,525.25,519.91,"83,76,835","4,35,51,68,353.45","98,572","18,11,968",21.63
TATASTEEL,EQ,2019-04-25,525.25,522.0,529.3,509.0,511.0,510.75,517.04,"83,59,418","4,32,21,70,635.75","1,15,112","30,46,835",36.45
TATASTEEL,EQ,2019-04-26,510.75,520.85,547.75,515.55,547.45,545.25,538.85,"3,81,81,011","20,57,36,55,705.90","4,28,867","70,40,544",18.44
TATASTEEL,EQ,2019-04-30,545.25,543.05,560.8,535.7,559.45,557.2,548.94,"1,42,58,161","7,82,68,68,904.15","1,62,934","23,86,856",16.74
TATASTEEL,EQ,2019-05-02,557.2,554.1,561.65,549.45,554.35,554.95,555.51,"90,10,030","5,00,51,35,551.40","1,14,709","12,24,363",13.59
TATASTEEL,EQ,2019-05-03,554.95,554.0,556.0,546.6,547.7,547.8,549.6,"58,79,636","3,23,14,25,136.45","96,078","9,86,526",16.78
TATASTEEL,EQ,2019-05-06,547.8,534.25,543.5,527.45,536.5,535.95,535.78,"99,64,839","5,33,89,12,267.05","1,24,010","22,47,508",22.55
TATASTEEL,EQ,2019-05-07,535.95,544.95,544.95,529.0,530.65,530.6,537.18,"65,41,498","3,51,39,56,300.05","73,292","11,46,804",17.53
TATASTEEL,EQ,2019-05-08,530.6,531.25,532.4,521.6,523.0,522.65,526.48,"64,78,432","3,41,07,71,509.90","78,043","15,00,777",23.17
TATASTEEL,EQ,2019-05-09,522.65,522.55,526.4,516.35,520.0,519.15,521.41,"51,05,597","2,66,21,30,799.70","62,178","6,69,693",13.12
TATASTEEL,EQ,2019-05-10,519.15,522.0,525.75,479.05,486.95,486.8,492.86,"3,72,40,921","18,35,47,16,011.20","3,50,583","80,34,762",21.58
TATASTEEL,EQ,2019-05-13,486.8,480.1,488.0,463.4,467.3,472.3,479.33,"1,59,56,920","7,64,86,55,668.90","1,70,957","28,08,226",17.60
TATASTEEL,EQ,2019-05-14,472.3,466.95,477.6,456.3,470.5,469.55,466.19,"2,11,28,606","9,84,99,75,646.20","1,87,046","46,69,899",22.10
TATASTEEL,EQ,2019-05-15,469.55,473.05,480.95,460.65,461.1,462.95,472.71,"1,26,65,057","5,98,68,59,589.00","1,25,141","16,26,512",12.84
TATASTEEL,EQ,2019-05-16,462.95,463.95,471.3,455.15,468.5,469.25,464.02,"1,12,54,731","5,22,23,76,276.05","1,21,763","18,47,777",16.42
TATASTEEL,EQ,2019-05-17,469.25,465.05,471.5,461.0,469.5,469.45,466.33,"70,88,486","3,30,55,86,037.80","92,432","13,04,974",18.41
TATASTEEL,EQ,2019-05-20,469.45,478.0,494.75,476.65,483.8,483.8,486.54,"84,57,583","4,11,49,46,452.40","1,16,375","22,11,199",26.14
TATASTEEL,EQ,2019-05-21,483.8,484.85,484.9,468.75,472.1,472.55,473.75,"63,37,058","3,00,21,58,713.00","81,428","16,44,742",25.95
TATASTEEL,EQ,2019-05-22,472.55,472.0,480.55,467.4,472.95,473.0,473.55,"83,64,224","3,96,08,59,318.80","1,00,356","18,81,426",22.49
TATASTEEL,EQ,2019-05-23,473.0,477.6,486.5,462.05,463.45,464.7,476.04,"93,40,376","4,44,63,85,165.05","1,27,244","22,22,503",23.79
TATASTEEL,EQ,2019-05-24,464.7,465.0,486.3,458.4,484.25,484.15,474.52,"1,08,82,481","5,16,39,19,946.75","1,48,080","28,08,176",25.80
TATASTEEL,EQ,2019-05-27,484.15,484.5,514.3,483.55,512.25,512.55,505.45,"1,82,07,705","9,20,31,20,448.60","2,54,636","35,66,814",19.59
TATASTEEL,EQ,2019-05-28,512.55,514.1,518.6,505.2,506.2,507.05,511.45,"99,60,613","5,09,43,52,939.70","1,15,621","26,90,801",27.01
TATASTEEL,EQ,2019-05-29,507.05,505.7,511.75,491.85,492.55,493.3,500.61,"85,23,687","4,26,70,80,580.35","98,810","13,97,849",16.40
TATASTEEL,EQ,2019-05-30,493.3,493.0,496.45,486.0,488.0,487.95,489.77,"72,04,363","3,52,84,49,986.25","78,231","17,32,957",24.05
TATASTEEL,EQ,2019-05-31,487.95,490.8,494.75,481.05,487.1,488.3,486.86,"1,02,76,991","5,00,35,02,168.20","1,16,210","33,28,195",32.38
TATASTEEL,EQ,2019-06-03,488.3,488.95,501.85,485.1,497.5,497.65,495.9,"85,05,392","4,21,78,15,321.85","99,101","16,05,858",18.88
TATASTEEL,EQ,2019-06-04,497.65,496.0,502.75,491.9,497.65,497.65,497.44,"62,12,566","3,09,03,58,058.10","69,604","10,21,586",16.44
TATASTEEL,EQ,2019-06-06,497.65,497.65,502.55,483.0,483.75,484.6,490.6,"72,22,799","3,54,35,01,792.30","1,07,926","20,43,093",28.29
TATASTEEL,EQ,2019-06-07,484.6,483.0,489.9,475.8,482.0,482.1,483.16,"68,11,104","3,29,08,82,612.75","75,921","4,72,715",6.94
TATASTEEL,EQ,2019-06-10,482.1,489.0,494.8,483.1,486.75,486.05,488.81,"68,50,917","3,34,88,13,959.75","84,728","13,30,580",19.42
TATASTEEL,EQ,2019-06-11,486.05,489.9,494.15,487.0,492.75,492.5,490.5,"65,34,548","3,20,51,75,521.15","81,649","13,30,952",20.37
TATASTEEL,EQ,2019-06-12,492.5,492.75,508.0,490.05,505.8,505.85,503.26,"1,27,55,525","6,41,93,68,126.50","1,27,910","23,38,183",18.33
TATASTEEL,EQ,2019-06-13,505.85,504.0,505.85,496.55,502.3,502.55,502.25,"72,24,857","3,62,86,48,886.70","79,543","14,35,146",19.86
TATASTEEL,EQ,2019-06-14,502.55,499.05,508.5,497.05,499.0,501.8,504.53,"66,05,896","3,33,29,04,628.00","72,113","8,38,710",12.70
TATASTEEL,EQ,2019-06-17,501.8,500.1,500.85,472.05,472.8,473.1,481.38,"1,19,38,286","5,74,68,86,397.20","1,29,064","18,82,463",15.27
TATASTEEL,EQ,2019-06-18,473.1,473.25,478.5,463.65,474.0,472.3,470.46,"1,06,39,454","5,00,54,81,219.60","1,27,390","11,28,948",10.28
TATASTEEL,EQ,2019-06-19,472.3,482.1,498.4,482.1,497.8,494.1,489.32,"1,88,37,523","9,21,75,29,640.70","2,23,603","50,73,454",26.93
TATASTEEL,EQ,2019-06-20,494.1,494.1,502.8,489.85,501.0,501.0,496.22,"78,26,356","3,88,35,93,558.40","1,00,639","10,19,851",13.03
TATASTEEL,EQ,2019-06-21,501.0,500.0,500.9,494.45,497.0,497.65,497.56,"61,26,246","3,04,81,48,654.95","72,652","13,12,737",21.43
TATASTEEL,EQ,2019-06-24,497.65,497.2,499.8,481.85,485.9,486.25,489.55,"72,62,000","3,55,50,91,742.75","91,265","12,70,794",17.50
TATASTEEL,EQ,2019-06-25,486.25,474.0,499.8,473.95,496.1,498.0,489.36,"1,36,49,119","6,67,93,34,442.75","1,48,439","18,82,336",13.79
TATASTEEL,EQ,2019-06-26,498.0,495.0,512.3,490.3,511.35,510.6,501.6,"1,29,60,084","6,50,07,82,206.15","1,36,782","36,94,669",28.51
TATASTEEL,EQ,2019-06-27,510.6,511.5,516.45,506.65,511.5,510.7,512.08,"1,19,46,714","6,11,77,12,659.60","1,25,435","31,40,081",26.28
TATASTEEL,EQ,2019-06-28,510.7,511.5,515.65,499.1,504.8,504.4,505.26,"87,60,034","4,42,60,77,660.95","1,22,835","19,47,385",22.23
TATASTEEL,EQ,2019-07-01,504.4,509.85,514.85,503.15,506.3,506.95,507.58,"85,44,375","4,33,69,47,782.35","99,067","17,80,844",20.84
TATASTEEL,EQ,2019-07-02,506.95,508.55,510.9,502.1,506.75,508.8,507.07,"57,24,004","2,90,24,62,780.60","78,097","5,88,936",10.29
TATASTEEL,EQ,2019-07-03,508.8,507.9,514.8,504.6,511.25,510.3,510.18,"69,46,409","3,54,39,11,587.70","79,095","10,13,803",14.59
TATASTEEL,EQ,2019-07-04,510.3,500.0,502.65,493.75,494.3,495.3,498.53,"72,63,059","3,62,08,64,122.70","79,142","11,11,954",15.31
TATASTEEL,EQ,2019-07-05,495.3,496.5,498.5,475.3,477.5,478.35,486.82,"76,16,348","3,70,77,54,995.95","99,345","14,75,151",19.37
TATASTEEL,EQ,2019-07-08,478.35,475.0,479.5,465.2,469.9,468.05,471.75,"80,82,591","3,81,29,54,614.00","1,03,246","15,00,439",18.56
TATASTEEL,EQ,2019-07-09,468.05,469.0,472.0,462.55,468.45,468.45,468.1,"68,58,580","3,21,04,93,115.35","82,507","8,47,664",12.36
TATASTEEL,EQ,2019-07-10,468.45,469.5,474.35,448.05,454.15,454.8,458.54,"1,34,81,344","6,18,17,55,162.25","1,91,917","30,01,803",22.27
TATASTEEL,EQ,2019-07-11,454.8,461.3,466.5,453.7,461.25,462.0,460.75,"99,87,038","4,60,15,35,016.40","1,50,159","13,28,025",13.30
TATASTEEL,EQ,2019-07-12,462.0,464.3,479.45,460.25,472.6,472.9,472.26,"1,32,44,118","6,25,46,54,789.65","1,58,367","17,61,782",13.30
TATASTEEL,EQ,2019-07-15,472.9,478.0,478.25,463.35,468.8,468.3,468.09,"78,06,079","3,65,39,73,681.45","87,607","18,24,359",23.37
TATASTEEL,EQ,2019-07-16,468.3,465.1,478.6,464.1,475.45,476.7,474.6,"64,35,210","3,05,41,25,365.10","89,556","8,29,741",12.89
TATASTEEL,EQ,2019-07-17,476.7,476.0,479.8,468.5,475.7,475.7,474.89,"54,79,322","2,60,20,57,943.55","76,138","5,47,803",10.00
TATASTEEL,EQ,2019-07-18,475.7,473.0,475.35,463.85,468.0,466.6,468.11,"52,33,173","2,44,97,18,884.10","78,765","9,26,992",17.71
TATASTEEL,EQ,2019-07-19,466.6,470.0,473.0,453.25,459.0,458.05,462.08,"72,84,885","3,36,62,02,226.90","90,120","8,97,402",12.32
TATASTEEL,EQ,2019-07-22,458.05,458.05,467.3,451.2,464.25,465.55,460.64,"69,54,452","3,20,34,93,283.75","1,02,413","5,20,593",7.49
TATASTEEL,EQ,2019-07-23,465.55,466.2,467.9,456.75,460.0,459.85,461.24,"55,29,284","2,55,03,15,179.45","79,225","5,44,573",9.85
TATASTEEL,EQ,2019-07-24,459.85,460.95,463.0,443.1,446.1,446.0,448.44,"83,42,001","3,74,08,50,191.40","1,00,051","20,82,090",24.96
TATASTEEL,EQ,2019-07-25,446.0,448.0,451.95,438.3,439.3,440.35,442.81,"75,28,091","3,33,35,41,337.70","90,165","11,04,773",14.68
TATASTEEL,EQ,2019-07-26,440.35,439.0,448.2,435.65,445.35,445.5,443.61,"65,85,786","2,92,15,26,856.95","76,647","8,63,499",13.11
TATASTEEL,EQ,2019-07-29,445.5,445.55,445.9,431.0,435.45,433.45,436.0,"78,72,723","3,43,24,75,149.30","95,540","9,52,739",12.10
TATASTEEL,EQ,2019-07-30,433.45,434.9,441.9,406.2,414.55,415.05,427.68,"94,62,921","4,04,71,03,443.55","1,15,375","9,83,091",10.39
TATASTEEL,EQ,2019-07-31,415.05,413.0,433.6,409.5,433.0,432.05,423.74,"1,15,41,800","4,89,07,12,584.50","1,16,100","22,06,014",19.11
TATASTEEL,EQ,2019-08-01,432.05,427.5,431.9,414.8,419.7,420.0,422.21,"94,21,985","3,97,80,33,480.05","1,25,174","17,33,897",18.40
TATASTEEL,EQ,2019-08-02,420.0,413.9,417.15,404.6,407.45,409.1,410.45,"1,34,85,952","5,53,53,45,839.95","1,63,652","21,05,688",15.61
TATASTEEL,EQ,2019-08-05,409.1,403.95,403.95,389.7,399.55,399.25,395.93,"1,12,88,854","4,46,95,61,816.60","1,44,631","19,50,059",17.27
TATASTEEL,EQ,2019-08-06,399.25,393.65,408.0,393.65,399.0,401.6,402.32,"1,01,97,585","4,10,26,91,822.85","1,28,961","18,31,603",17.96
TATASTEEL,EQ,2019-08-07,401.6,395.0,396.5,375.85,378.0,381.9,386.92,"1,33,01,609","5,14,66,49,806.30","1,71,260","24,64,187",18.53
TATASTEEL,EQ,2019-08-08,381.9,379.0,379.5,360.6,366.5,367.4,367.97,"2,28,26,394","8,39,93,29,302.20","2,12,570","35,96,917",15.76
TATASTEEL,EQ,2019-08-09,367.4,370.5,373.65,360.85,361.45,362.35,367.49,"1,33,52,761","4,90,70,38,607.35","1,48,935","15,61,273",11.69
TATASTEEL,EQ,2019-08-13,362.35,361.7,367.6,345.35,347.8,348.7,355.09,"1,47,82,051","5,24,88,99,892.60","1,60,802","28,65,751",19.39
TATASTEEL,EQ,2019-08-14,348.7,353.6,370.75,353.4,363.1,364.65,363.9,"1,87,38,769","6,81,90,79,038.45","1,86,427","31,65,119",16.89
TATASTEEL,EQ,2019-08-16,364.65,360.0,366.9,355.45,361.9,363.05,361.09,"1,19,20,211","4,30,42,37,743.75","1,16,192","14,69,455",12.33
TATASTEEL,EQ,2019-08-19,363.05,365.9,366.95,357.15,359.7,359.55,360.65,"98,84,966","3,56,50,06,470.80","1,09,553","9,03,102",9.14
TATASTEEL,EQ,2019-08-20,359.55,359.7,361.85,353.15,358.2,358.25,357.63,"93,63,734","3,34,87,25,604.55","95,992","11,58,226",12.37
TATASTEEL,EQ,2019-08-21,358.25,357.0,358.2,341.85,342.0,343.0,347.82,"1,14,23,378","3,97,32,39,595.05","1,07,755","20,12,577",17.62
TATASTEEL,EQ,2019-08-22,343.0,339.9,346.95,330.4,333.0,333.7,339.05,"1,54,59,800","5,24,16,59,680.60","1,39,733","18,77,198",12.14
TATASTEEL,EQ,2019-08-23,333.7,333.0,348.95,330.35,343.5,345.25,342.05,"1,12,10,134","3,83,44,37,068.95","1,11,113","12,83,894",11.45
TATASTEEL,EQ,2019-08-26,345.25,346.4,347.6,322.2,338.0,338.05,332.49,"2,37,64,999","7,90,17,42,904.40","2,21,995","21,07,258",8.87
TATASTEEL,EQ,2019-08-27,338.05,340.95,354.7,340.15,351.85,350.9,349.53,"1,73,75,296","6,07,31,23,437.75","1,81,088","38,20,125",21.99
TATASTEEL,EQ,2019-08-28,350.9,350.9,350.9,333.4,335.85,336.95,340.71,"1,26,41,716","4,30,71,26,517.70","1,24,884","16,63,311",13.16
TATASTEEL,EQ,2019-08-29,336.95,334.0,342.65,328.6,337.35,335.55,334.95,"1,34,81,310","4,51,55,99,669.65","1,31,299","11,03,450",8.19
TATASTEEL,EQ,2019-08-30,335.55,342.0,347.5,337.2,346.7,344.9,342.68,"1,79,72,207","6,15,86,68,366.15","1,78,345","20,95,468",11.66
TATASTEEL,EQ,2019-09-03,344.9,341.0,341.15,329.0,329.3,331.4,334.92,"92,20,653","3,08,82,17,935.35","85,604","11,60,196",12.58
TATASTEEL,EQ,2019-09-04,331.4,331.4,340.95,327.3,340.95,339.25,334.14,"1,29,04,710","4,31,19,37,508.40","1,14,972","9,51,629",7.37
TATASTEEL,EQ,2019-09-05,339.25,346.0,352.0,342.25,344.55,345.15,347.17,"1,42,50,885","4,94,74,31,383.00","1,31,341","9,67,257",6.79
TATASTEEL,EQ,2019-09-06,345.15,347.0,357.85,342.85,357.0,355.4,349.96,"1,15,55,487","4,04,39,22,597.25","1,06,765","16,42,320",14.21
TATASTEEL,EQ,2019-09-09,355.4,355.4,360.6,348.15,352.0,353.8,355.08,"1,43,29,619","5,08,81,47,169.50","1,13,963","19,24,779",13.43
TATASTEEL,EQ,2019-09-11,353.8,355.3,368.7,355.2,366.8,367.05,363.84,"1,36,50,027","4,96,64,18,765.10","1,17,996","17,65,356",12.93
TATASTEEL,EQ,2019-09-12,367.05,368.8,379.5,363.0,365.6,365.05,370.92,"1,88,46,820","6,99,07,02,212.85","1,53,994","41,33,537",21.93
TATASTEEL,EQ,2019-09-13,365.05,367.0,369.15,357.75,366.5,367.35,363.25,"1,16,22,249","4,22,18,03,747.95","1,05,655","10,89,378",9.37
TATASTEEL,EQ,2019-09-16,367.35,362.0,366.4,358.6,361.0,361.1,362.06,"80,64,319","2,91,97,33,222.95","82,113","7,73,566",9.59
TATASTEEL,EQ,2019-09-17,361.1,361.2,366.0,342.05,343.3,344.95,356.15,"1,31,98,400","4,70,06,53,868.35","1,14,351","20,02,686",15.17
TATASTEEL,EQ,2019-09-18,344.95,348.0,361.3,345.35,357.7,358.25,354.67,"1,62,53,184","5,76,44,86,361.45","1,53,093","19,76,785",12.16
TATASTEEL,EQ,2019-09-19,358.25,356.0,356.0,340.05,345.55,344.65,346.18,"1,36,56,495","4,72,76,26,037.00","1,19,159","22,64,335",16.58
TATASTEEL,EQ,2019-09-20,344.65,347.9,381.0,344.1,370.55,368.55,365.9,"2,67,64,714","9,79,33,17,002.95","2,22,777","47,51,254",17.75
TATASTEEL,EQ,2019-09-23,368.55,377.6,388.85,369.0,377.0,377.35,377.71,"1,63,93,164","6,19,18,27,488.50","1,63,427","25,95,903",15.84
TATASTEEL,EQ,2019-09-24,377.35,378.0,379.3,368.2,370.6,370.8,372.66,"95,78,989","3,56,97,41,704.25","85,045","7,78,752",8.13
TATASTEEL,EQ,2019-09-25,370.8,367.5,367.95,357.55,361.7,362.05,361.44,"91,16,985","3,29,52,10,272.15","1,07,373","12,80,683",14.05
TATASTEEL,EQ,2019-09-26,362.05,365.0,379.35,363.35,377.55,375.75,370.41,"1,40,66,152","5,21,02,05,747.20","1,35,179","19,67,536",13.99
TATASTEEL,EQ,2019-09-27,375.75,373.0,373.5,358.0,358.1,359.65,363.37,"1,05,68,777","3,84,03,79,661.90","1,27,127","17,45,241",16.51
TATASTEEL,EQ,2019-09-30,359.65,355.0,363.7,345.6,361.9,360.5,352.6,"1,47,19,696","5,19,02,31,897.30","1,31,465","25,10,632",17.06
TATASTEEL,EQ,2019-10-01,360.5,362.0,364.7,344.1,351.0,351.55,353.43,"1,25,64,189","4,44,05,50,036.30","1,13,880","14,60,000",11.62
TATASTEEL,EQ,2019-10-03,351.55,346.5,348.9,338.45,339.55,339.6,343.27,"1,21,30,956","4,16,41,65,672.60","1,28,015","17,95,417",14.80
TATASTEEL,EQ,2019-10-04,339.6,344.75,344.8,331.1,331.7,333.1,339.29,"1,14,45,216","3,88,32,44,330.65","1,17,923","12,17,682",10.64
TATASTEEL,EQ,2019-10-07,333.1,334.85,338.25,323.5,325.8,324.8,330.79,"1,24,15,780","4,10,69,53,794.30","1,33,791","21,17,665",17.06
TATASTEEL,EQ,2019-10-09,324.8,323.35,338.0,320.35,338.0,336.45,327.69,"1,47,76,741","4,84,21,40,418.85","1,41,420","22,37,977",15.15
TATASTEEL,EQ,2019-10-10,336.45,332.9,334.55,328.0,329.45,329.95,330.5,"1,15,07,498","3,80,32,01,913.20","97,567","13,04,591",11.34
TATASTEEL,EQ,2019-10-11,329.95,335.0,342.45,332.0,338.6,339.0,337.51,"1,71,58,849","5,79,11,98,671.30","1,34,654","11,97,007",6.98
TATASTEEL,EQ,2019-10-14,339.0,345.75,352.75,342.95,344.65,344.85,347.89,"1,67,23,963","5,81,80,40,643.05","1,45,099","29,99,650",17.94
TATASTEEL,EQ,2019-10-15,344.85,345.05,358.35,338.7,349.2,349.2,347.45,"1,79,72,207","6,24,44,27,610.25","1,36,536","15,57,319",8.67
TATASTEEL,EQ,2019-10-16,349.2,353.8,353.8,345.25,346.25,347.4,348.52,"1,28,14,302","4,46,59,88,769.70","1,17,361","16,54,950",12.91
TATASTEEL,EQ,2019-10-17,347.4,346.0,361.35,340.35,359.9,356.1,347.66,"1,66,95,158","5,80,41,59,307.60","1,43,783","26,41,451",15.82
TATASTEEL,EQ,2019-10-18,356.1,355.95,362.8,351.75,357.7,359.6,357.74,"1,65,68,036","5,92,70,09,006.35","1,27,352","25,29,048",15.26
TATASTEEL,EQ,2019-10-22,359.6,357.5,363.8,353.0,353.25,354.5,358.07,"1,19,44,283","4,27,68,34,412.35","1,09,684","11,84,904",9.92
TATASTEEL,EQ,2019-10-23,354.5,352.0,358.75,349.25,355.85,356.2,354.79,"93,18,450","3,30,61,22,409.95","88,695","12,43,454",13.34
TATASTEEL,EQ,2019-10-24,356.2,356.05,362.0,353.8,359.5,359.9,358.23,"1,09,73,402","3,93,10,33,695.00","96,342","20,56,457",18.74
TATASTEEL,EQ,2019-10-25,359.9,356.3,368.95,356.05,358.2,362.25,364.05,"1,49,96,692","5,45,95,93,473.85","1,24,622","38,50,057",25.67
TATASTEEL,EQ,2019-10-27,362.25,363.8,365.55,363.1,365.55,365.0,364.8,"10,82,016","39,47,20,148.25","12,377","2,56,436",23.70
TATASTEEL,EQ,2019-10-29,365.0,365.55,399.7,365.55,388.5,390.2,386.97,"2,51,55,314","9,73,42,32,616.75","1,95,635","54,82,863",21.80
TATASTEEL,EQ,2019-10-30,390.2,389.9,393.7,384.3,388.55,388.0,388.25,"1,43,71,442","5,57,96,75,394.10","1,01,240","42,66,207",29.69
TATASTEEL,EQ,2019-10-31,388.0,388.9,390.1,376.2,380.0,380.55,383.69,"2,17,56,023","8,34,76,66,008.75","1,14,081","96,34,747",44.29
TATASTEEL,EQ,2019-11-01,380.55,380.05,402.9,378.0,396.45,399.5,390.76,"2,41,11,195","9,42,16,60,535.50","1,65,942","62,17,886",25.79
TATASTEEL,EQ,2019-11-04,399.5,403.0,421.7,403.0,407.25,409.15,414.75,"2,89,34,434","12,00,04,23,201.45","2,34,652","53,43,014",18.47
TATASTEEL,EQ,2019-11-05,409.15,414.0,417.9,401.6,403.75,403.95,410.56,"2,08,74,434","8,57,01,15,266.20","1,67,124","25,16,421",12.06
TATASTEEL,EQ,2019-11-06,403.95,402.0,408.9,398.7,402.45,404.45,403.53,"1,79,35,147","7,23,73,89,422.60","1,40,248","19,76,774",11.02
TATASTEEL,EQ,2019-11-07,404.45,404.0,408.85,388.8,402.8,403.1,398.52,"4,07,00,760","16,21,99,80,787.95","2,81,133","48,50,261",11.92
TATASTEEL,EQ,2019-11-08,403.1,401.5,406.2,395.1,397.35,397.95,400.45,"2,14,23,520","8,57,91,05,102.25","1,45,945","31,56,205",14.73
TATASTEEL,EQ,2019-11-11,397.95,395.5,403.75,394.0,401.0,401.45,400.13,"1,35,73,974","5,43,13,00,411.95","1,03,568","11,76,636",8.67
TATASTEEL,EQ,2019-11-13,401.45,400.9,408.85,392.7,393.45,397.9,403.52,"1,75,11,469","7,06,61,57,296.10","1,26,681","24,86,340",14.20
TATASTEEL,EQ,2019-11-14,397.9,396.1,398.7,389.4,392.5,391.95,393.36,"1,08,69,425","4,27,56,39,966.40","81,252","9,64,156",8.87
TATASTEEL,EQ,2019-11-15,391.95,392.0,403.0,390.6,393.4,394.5,396.19,"1,18,13,259","4,68,02,82,213.85","87,790","10,74,888",9.10
TATASTEEL,EQ,2019-11-18,394.5,396.4,412.6,396.0,411.9,410.05,406.08,"1,89,06,528","7,67,76,20,941.35","1,52,327","22,21,269",11.75
TATASTEEL,EQ,2019-11-19,410.05,414.0,414.85,400.0,403.0,401.75,406.67,"1,42,65,083","5,80,12,28,681.80","1,14,133","15,83,128",11.10
TATASTEEL,EQ,2019-11-20,401.75,401.0,408.5,397.3,398.2,398.7,402.05,"1,22,55,602","4,92,73,84,791.65","93,900","11,84,542",9.67
TATASTEEL,EQ,2019-11-21,398.7,399.0,399.15,383.25,385.75,385.1,391.59,"1,02,08,554","3,99,75,78,569.70","98,524","17,79,757",17.43
TATASTEEL,EQ,2019-11-22,385.1,386.0,402.8,383.1,401.35,400.0,391.97,"1,72,71,949","6,77,01,44,624.00","1,26,658","26,03,812",15.08
TATASTEEL,EQ,2019-11-25,400.0,405.25,421.0,403.0,421.0,419.5,414.74,"2,76,12,458","11,45,19,46,653.85","2,99,929","54,00,136",19.56
TATASTEEL,EQ,2019-11-26,419.5,425.0,429.3,416.75,425.3,424.15,424.04,"2,82,76,312","11,99,03,86,157.50","2,50,836","56,50,858",19.98
TATASTEEL,EQ,2019-11-27,424.15,425.3,427.0,419.2,421.15,421.35,422.45,"1,09,84,679","4,64,04,97,190.05","1,08,553","16,18,566",14.73
TATASTEEL,EQ,2019-11-28,421.35,422.2,434.3,422.15,431.0,432.1,429.34,"1,57,66,073","6,76,90,14,736.15","1,52,985","26,50,037",16.81
TATASTEEL,EQ,2019-11-29,432.1,427.45,429.5,421.1,426.7,427.5,425.68,"1,26,31,956","5,37,71,22,959.70","1,06,194","17,13,401",13.56
TATASTEEL,EQ,2019-12-02,427.5,424.95,426.95,419.0,419.25,420.85,422.65,"83,37,171","3,52,37,17,204.65","81,580","7,18,444",8.62
TATASTEEL,EQ,2019-12-03,420.85,418.0,418.55,396.4,398.95,399.65,405.21,"1,68,70,656","6,83,61,17,586.55","1,32,388","25,29,389",14.99
TATASTEEL,EQ,2019-12-04,399.65,392.8,411.45,389.0,409.9,409.3,398.79,"2,61,13,249","10,41,37,06,750.80","2,19,246","37,93,025",14.53
TATASTEEL,EQ,2019-12-05,409.3,411.05,411.85,397.1,399.0,399.8,403.17,"1,11,10,884","4,47,95,71,870.45","99,838","11,09,077",9.98
TATASTEEL,EQ,2019-12-06,399.8,401.45,407.5,393.85,401.95,403.25,402.51,"1,69,31,082","6,81,49,77,768.85","1,25,216","8,37,931",4.95
TATASTEEL,EQ,2019-12-09,403.25,403.0,411.8,401.95,406.0,406.7,408.33,"1,23,18,452","5,02,99,80,261.85","1,06,325","12,58,233",10.21
TATASTEEL,EQ,2019-12-10,406.7,405.0,409.6,400.2,402.35,402.05,404.93,"93,49,585","3,78,59,15,480.15","80,307","5,53,978",5.93
TATASTEEL,EQ,2019-12-11,402.05,402.4,408.2,400.35,407.0,405.55,404.11,"82,27,863","3,32,49,93,820.55","82,232","10,47,294",12.73
TATASTEEL,EQ,2019-12-12,405.55,408.3,420.9,406.8,417.85,418.7,415.81,"1,49,84,671","6,23,07,11,328.20","1,26,552","15,36,204",10.25
TATASTEEL,EQ,2019-12-13,418.7,430.25,434.6,423.45,430.0,428.4,428.88,"2,16,28,183","9,27,59,52,058.45","1,78,904","39,57,032",18.30
TATASTEEL,EQ,2019-12-16,428.4,432.0,432.0,420.15,422.0,421.0,424.32,"95,65,831","4,05,89,67,308.85","94,726","12,60,223",13.17
TATASTEEL,EQ,2019-12-17,421.0,423.6,441.9,423.05,440.55,439.4,436.19,"3,07,57,738","13,41,62,53,671.45","2,41,674","38,75,361",12.60
TATASTEEL,EQ,2019-12-18,439.4,439.4,454.8,436.05,442.5,444.75,446.19,"4,00,28,398","17,86,01,89,439.80","3,37,291","38,88,075",9.71
TATASTEEL,EQ,2019-12-19,444.75,440.0,449.4,438.0,446.8,446.75,442.97,"2,05,47,286","9,10,17,85,800.45","1,64,386","13,68,487",6.66
TATASTEEL,EQ,2019-12-20,446.75,446.0,463.4,443.1,461.75,461.0,455.82,"2,69,31,262","12,27,59,13,985.20","2,68,190","43,39,348",16.11
TATASTEEL,EQ,2019-12-23,461.0,461.0,467.5,457.05,461.25,462.15,462.47,"1,86,31,143","8,61,63,03,425.10","1,54,747","25,10,241",13.47
TATASTEEL,EQ,2019-12-24,462.15,462.2,464.7,459.4,463.1,463.0,462.6,"1,12,35,505","5,19,74,95,200.65","93,637","5,95,194",5.30
TATASTEEL,EQ,2019-12-26,463.0,463.0,472.0,463.0,467.2,467.9,468.87,"1,82,55,603","8,55,95,78,182.80","1,44,541","15,13,883",8.29
TATASTEEL,EQ,2019-12-27,467.9,469.25,471.8,463.2,470.05,469.5,467.43,"1,11,44,333","5,20,91,83,537.65","95,214","7,83,264",7.03
TATASTEEL,EQ,2019-12-30,469.5,470.1,476.3,465.1,474.1,474.75,470.6,"1,14,62,074","5,39,40,76,406.20","1,05,522","9,11,484",7.95
TATASTEEL,EQ,2019-12-31,474.75,472.65,475.3,469.5,470.75,472.05,472.6,"96,44,145","4,55,77,93,228.80","75,650","6,34,463",6.58
TATASTEEL,EQ,2020-01-01,472.05,473.0,476.5,464.8,467.8,467.75,469.79,"1,21,00,530","5,68,47,09,148.00","80,242","5,45,190",4.51
TATASTEEL,EQ,2020-01-02,467.75,472.0,487.8,472.0,487.8,484.85,480.88,"2,16,74,961","10,42,30,60,443.80","1,88,842","32,61,715",15.05
TATASTEEL,EQ,2020-01-03,484.85,483.0,486.2,479.45,483.75,483.7,482.61,"1,29,56,863","6,25,30,74,226.40","1,24,603","16,47,867",12.72
TATASTEEL,EQ,2020-01-06,483.7,480.0,480.0,470.55,473.3,473.25,474.95,"96,01,608","4,56,02,44,586.05","93,838","9,34,226",9.73
TATASTEEL,EQ,2020-01-07,473.25,475.5,484.6,473.55,475.2,476.1,479.39,"1,31,95,788","6,32,58,94,944.90","1,16,893","13,41,699",10.17
TATASTEEL,EQ,2020-01-08,476.1,471.65,478.15,467.0,476.5,475.25,472.2,"1,33,04,841","6,28,25,33,576.10","1,22,527","14,65,911",11.02
TATASTEEL,EQ,2020-01-09,475.25,485.0,486.0,479.1,481.4,483.15,482.84,"1,01,31,152","4,89,17,67,486.85","1,04,492","21,44,585",21.17
TATASTEEL,EQ,2020-01-10,483.15,485.5,493.85,480.0,487.35,486.2,487.68,"1,59,27,634","7,76,76,26,596.90","1,71,547","25,63,481",16.09
TATASTEEL,EQ,2020-01-13,486.2,491.1,497.0,487.75,495.25,495.75,492.65,"1,09,42,750","5,39,09,18,649.80","98,957","13,99,986",12.79
TATASTEEL,EQ,2020-01-14,495.75,496.45,506.0,495.75,498.55,498.6,500.71,"1,56,60,822","7,84,15,40,774.50","1,39,782","26,59,967",16.98
TATASTEEL,EQ,2020-01-15,498.6,491.9,503.55,489.15,501.45,502.1,497.68,"1,21,17,948","6,03,08,00,139.70","99,986","11,14,270",9.20
TATASTEEL,EQ,2020-01-16,502.1,502.0,504.05,492.1,493.8,494.4,494.96,"1,04,38,369","5,16,66,07,484.95","92,004","21,74,070",20.83
TATASTEEL,EQ,2020-01-17,494.4,493.3,498.9,491.9,494.4,495.25,495.76,"56,82,460","2,81,71,22,074.85","57,841","5,22,158",9.19
TATASTEEL,EQ,2020-01-20,495.25,497.0,499.8,489.15,490.9,490.65,492.91,"72,91,878","3,59,42,31,285.75","83,357","18,28,516",25.08
TATASTEEL,EQ,2020-01-21,490.65,487.8,487.8,473.5,474.5,476.15,481.02,"1,13,15,803","5,44,31,60,301.10","1,23,037","27,59,455",24.39
TATASTEEL,EQ,2020-01-22,476.15,478.65,479.85,473.2,474.15,475.05,476.56,"76,62,171","3,65,15,19,780.40","87,905","20,88,645",27.26
TATASTEEL,EQ,2020-01-23,475.05,475.9,481.85,473.15,479.95,480.25,478.99,"72,00,020","3,44,87,60,303.00","90,210","16,00,590",22.23
TATASTEEL,EQ,2020-01-24,480.25,480.3,485.1,476.45,484.65,483.4,482.42,"74,81,130","3,60,90,61,420.60","98,666","27,03,368",36.14
TATASTEEL,EQ,2020-01-27,483.4,477.75,477.75,460.1,460.55,462.45,466.71,"1,29,63,119","6,05,00,40,151.80","1,35,612","33,53,039",25.87
TATASTEEL,EQ,2020-01-28,462.45,460.0,462.0,442.0,448.9,446.25,451.55,"1,80,15,283","8,13,48,39,761.20","1,74,202","53,69,192",29.80
TATASTEEL,EQ,2020-01-29,446.25,452.8,459.7,449.6,450.45,452.2,454.69,"1,10,81,834","5,03,88,52,123.95","1,07,296","20,50,087",18.50
TATASTEEL,EQ,2020-01-30,452.2,451.9,454.45,441.4,448.2,448.55,447.37,"1,46,52,016","6,55,48,32,560.05","1,31,714","33,26,007",22.70
TATASTEEL,EQ,2020-01-31,448.55,453.0,454.25,436.45,438.5,438.7,444.51,"1,07,38,727","4,77,35,21,334.00","1,05,534","23,93,283",22.29
TATASTEEL,EQ,2020-02-01,438.7,431.5,440.0,420.1,422.6,423.8,431.17,"1,29,15,212","5,56,86,21,704.00","1,07,938","14,06,824",10.89
TATASTEEL,EQ,2020-02-03,423.8,418.0,439.0,416.6,438.7,436.05,427.35,"1,62,37,126","6,93,88,96,142.50","1,58,028","26,33,667",16.22
TATASTEEL,EQ,2020-02-04,436.05,442.0,453.4,433.45,452.45,451.9,446.32,"1,33,36,263","5,95,21,88,084.80","1,26,255","24,21,433",18.16
TATASTEEL,EQ,2020-02-05,451.9,452.25,479.7,448.0,477.9,475.05,462.61,"1,60,56,765","7,42,80,94,432.45","1,67,240","40,73,896",25.37
TATASTEEL,EQ,2020-02-06,475.05,478.0,487.25,471.6,476.8,477.6,481.07,"1,66,66,074","8,01,75,49,957.10","1,70,741","30,96,564",18.58
TATASTEEL,EQ,2020-02-07,477.6,475.7,479.7,468.85,470.25,471.0,473.15,"1,16,49,909","5,51,21,85,950.70","1,46,151","15,11,735",12.98
TATASTEEL,EQ,2020-02-10,471.0,460.25,463.25,440.0,443.15,443.8,447.71,"2,67,96,048","11,99,68,13,737.10","2,49,715","42,63,368",15.91
TATASTEEL,EQ,2020-02-11,443.8,448.35,457.7,442.7,445.0,444.1,451.05,"1,68,24,371","7,58,86,14,424.95","1,50,061","17,31,791",10.29
TATASTEEL,EQ,2020-02-12,444.1,450.0,454.5,442.55,448.35,447.95,448.06,"1,17,85,858","5,28,07,96,934.20","1,20,023","12,97,394",11.01
TATASTEEL,EQ,2020-02-13,447.95,448.75,451.7,439.35,440.0,441.25,443.43,"99,65,221","4,41,88,99,311.95","92,151","16,09,772",16.15
TATASTEEL,EQ,2020-02-14,441.25,441.0,445.55,433.35,434.5,434.55,440.3,"94,84,817","4,17,61,85,868.10","91,279","7,64,532",8.06
TATASTEEL,EQ,2020-02-17,434.55,435.5,440.9,433.0,437.95,436.85,437.28,"97,24,765","4,25,24,82,852.50","90,008","13,08,987",13.46
TATASTEEL,EQ,2020-02-18,436.85,434.0,435.15,421.3,432.65,431.4,426.78,"1,15,02,423","4,90,89,55,875.90","1,20,480","18,34,680",15.95
TATASTEEL,EQ,2020-02-19,431.4,436.45,438.5,428.15,433.0,433.2,433.2,"84,65,109","3,66,70,58,174.25","83,669","7,55,469",8.92
TATASTEEL,EQ,2020-02-20,433.2,429.0,447.7,428.0,443.45,443.55,440.98,"1,29,80,237","5,72,39,69,543.25","1,10,855","21,62,933",16.66
TATASTEEL,EQ,2020-02-24,443.55,434.85,434.85,413.35,415.7,415.45,423.97,"1,75,23,142","7,42,93,34,259.50","1,54,878","38,57,604",22.01
TATASTEEL,EQ,2020-02-25,415.45,419.0,425.55,414.4,421.8,421.3,420.39,"1,45,58,176","6,12,00,91,722.50","1,48,263","19,38,041",13.31
TATASTEEL,EQ,2020-02-26,421.3,411.3,419.4,411.3,416.5,416.3,415.83,"1,42,70,706","5,93,42,49,599.60","1,46,854","28,43,425",19.92
TATASTEEL,EQ,2020-02-27,416.3,414.9,415.9,407.05,413.0,412.8,411.13,"1,02,26,379","4,20,43,95,291.50","1,23,126","8,94,347",8.75
TATASTEEL,EQ,2020-02-28,412.8,398.7,398.95,375.0,381.0,381.75,383.59,"2,45,32,833","9,41,04,51,642.90","2,09,662","45,65,398",18.61
TATASTEEL,EQ,2020-03-02,381.75,393.7,394.0,358.0,364.0,364.05,379.84,"2,02,20,772","7,68,05,64,293.85","1,49,142","45,53,567",22.52
TATASTEEL,EQ,2020-03-03,364.05,373.5,391.0,370.1,388.3,387.55,378.36,"1,86,48,933","7,05,60,30,398.20","1,70,252","20,82,900",11.17
TATASTEEL,EQ,2020-03-04,387.55,388.05,389.9,365.1,375.95,377.15,373.75,"2,29,37,148","8,57,27,06,132.00","1,91,616","41,19,106",17.96
TATASTEEL,EQ,2020-03-05,377.15,383.95,387.8,374.3,374.95,375.75,380.39,"1,46,28,468","5,56,44,89,039.40","1,21,582","14,48,143",9.90
TATASTEEL,EQ,2020-03-06,375.75,356.95,358.3,346.65,351.55,351.5,352.64,"1,48,48,188","5,23,59,96,665.00","1,31,450","37,56,482",25.30
TATASTEEL,EQ,2020-03-09,351.5,337.5,337.7,319.75,323.0,322.3,327.36,"2,04,23,826","6,68,58,68,769.30","2,05,411","69,78,505",34.17
TATASTEEL,EQ,2020-03-11,322.3,324.0,326.05,296.1,297.3,299.75,308.09,"2,86,93,709","8,84,03,28,886.70","2,51,678","74,44,397",25.94
TATASTEEL,EQ,2020-03-12,299.75,275.0,291.8,267.2,291.45,287.45,281.42,"4,37,67,763","12,31,72,69,147.15","3,14,421","1,64,70,991",37.63
TATASTEEL,EQ,2020-03-13,287.45,270.0,332.1,255.35,329.2,326.7,301.74,"3,38,42,310","10,21,14,21,110.45","2,70,225","1,17,19,040",34.63
TATASTEEL,EQ,2020-03-16,326.7,304.0,317.65,287.1,291.75,289.6,302.1,"2,36,06,452","7,13,14,88,009.80","2,91,120","55,93,343",23.69
TATASTEEL,EQ,2020-03-17,289.6,300.0,307.65,280.5,282.0,282.75,294.47,"2,06,54,603","6,08,22,02,960.20","2,41,973","25,76,109",12.47
TATASTEEL,EQ,2020-03-18,282.75,290.0,293.15,275.7,282.0,280.85,281.66,"1,87,72,675","5,28,74,35,067.70","1,93,555","42,17,265",22.46
TATASTEEL,EQ,2020-03-19,280.85,268.95,284.5,260.5,272.0,271.85,274.42,"1,87,23,257","5,13,80,57,805.80","1,98,240","40,10,754",21.42
TATASTEEL,EQ,2020-03-20,271.85,279.7,305.0,274.15,296.0,297.75,287.26,"1,73,07,882","4,97,18,27,314.15","1,76,547","26,21,367",15.15
TATASTEEL,EQ,2020-03-23,297.75,268.0,278.0,253.55,272.05,271.15,264.63,"1,21,00,684","3,20,21,96,946.30","1,49,907","41,98,002",34.69
TATASTEEL,EQ,2020-03-24,271.15,277.05,285.65,258.6,271.9,271.9,270.13,"1,29,28,877","3,49,25,18,886.05","1,60,998","31,22,445",24.15
TATASTEEL,EQ,2020-03-25,271.9,267.05,295.0,267.05,288.95,286.8,280.08,"94,42,834","2,64,47,75,539.45","1,40,205","18,99,479",20.12
TATASTEEL,EQ,2020-03-26,286.8,290.0,295.5,280.1,281.05,284.45,288.53,"1,14,93,837","3,31,63,56,966.80","1,39,566","23,77,340",20.68
TATASTEEL,EQ,2020-03-27,284.45,291.0,295.25,274.2,276.0,277.25,282.47,"1,11,84,139","3,15,91,61,558.70","1,23,864","21,70,827",19.41
TATASTEEL,EQ,2020-03-30,277.25,267.0,270.75,250.85,255.0,254.05,260.0,"1,58,53,761","4,12,20,28,384.35","2,18,642","48,84,324",30.81
TATASTEEL,EQ,2020-03-31,254.05,262.25,272.45,259.7,270.0,269.6,266.48,"1,57,87,411","4,20,70,57,234.20","1,85,680","24,47,570",15.50
TATASTEEL,EQ,2020-04-01,269.6,266.0,267.95,258.1,266.65,266.35,262.61,"1,19,65,031","3,14,21,49,954.15","1,42,931","25,97,795",21.71
TATASTEEL,EQ,2020-04-03,266.35,267.7,268.9,251.0,254.35,253.75,255.68,"1,25,28,030","3,20,31,60,554.55","1,74,595","28,88,719",23.06
TATASTEEL,EQ,2020-04-07,253.75,266.05,277.7,261.2,275.5,276.2,270.13,"1,59,56,873","4,31,04,67,411.60","1,66,420","35,47,144",22.23
TATASTEEL,EQ,2020-04-08,276.2,271.0,292.9,266.65,273.3,274.75,281.88,"2,04,35,156","5,76,02,22,351.50","2,15,435","36,10,220",17.67
TATASTEEL,EQ,2020-04-09,274.75,280.5,289.6,277.65,284.0,284.85,283.63,"1,38,55,788","3,92,99,56,073.90","1,50,361","21,88,735",15.80
TATASTEEL,EQ,2020-04-13,284.85,285.0,292.0,273.85,282.4,282.55,281.08,"1,55,10,598","4,35,97,67,281.25","1,69,856",-,-
TATASTEEL,EQ,2020-04-15,282.55,287.4,295.65,281.9,286.0,285.15,289.28,"2,09,91,943","6,07,25,28,289.45","2,16,185","27,53,884",13.12
TATASTEEL,EQ,2020-04-16,285.15,276.0,291.9,276.0,290.55,288.9,285.74,"1,72,48,806","4,92,87,19,772.10","1,59,950","19,59,116",11.36
TATASTEEL,EQ,2020-04-17,288.9,297.5,299.7,285.5,292.3,293.35,291.36,"1,74,92,884","5,09,67,70,272.80","1,56,395","24,67,218",14.10
TATASTEEL,EQ,2020-04-20,293.35,294.8,295.0,285.1,286.5,286.4,289.28,"1,19,61,355","3,46,01,43,136.05","1,29,180","22,51,787",18.83
TATASTEEL,EQ,2020-04-21,286.4,280.05,281.0,263.25,266.1,265.95,266.6,"1,69,25,417","4,51,23,17,904.45","2,86,180","47,98,495",28.35
TATASTEEL,EQ,2020-04-22,265.95,266.1,269.9,259.2,269.0,268.35,265.46,"1,47,89,857","3,92,60,75,621.85","1,58,776","15,67,965",10.60
TATASTEEL,EQ,2020-04-23,268.35,270.0,279.0,269.0,270.35,270.3,274.31,"1,54,68,122","4,24,31,25,772.40","1,82,297","21,84,467",14.12
TATASTEEL,EQ,2020-04-24,270.3,266.3,273.85,264.45,268.75,267.55,269.75,"1,23,83,846","3,34,05,56,827.25","1,20,833","12,65,666",10.22
TATASTEEL,EQ,2020-04-27,267.55,274.0,276.9,270.5,271.95,271.65,273.4,"1,24,10,812","3,39,31,62,809.40","1,54,370","21,21,092",17.09
TATASTEEL,EQ,2020-04-28,271.65,273.9,275.4,269.55,273.7,273.55,272.5,"85,48,134","2,32,93,81,054.00","77,655","11,53,564",13.49
TATASTEEL,EQ,2020-04-29,273.55,273.0,286.15,271.25,282.45,282.65,281.77,"1,98,76,696","5,60,06,79,856.25","2,15,401","32,91,156",16.56
TATASTEEL,EQ,2020-04-30,282.65,289.95,304.5,288.7,297.55,298.3,297.28,"2,36,36,082","7,02,65,87,166.55","2,39,510","48,21,416",20.40
TATASTEEL,EQ,2020-05-04,298.3,285.0,286.15,270.1,272.7,273.6,273.71,"1,28,92,158","3,52,87,25,886.70","1,67,867","40,87,314",31.70
TATASTEEL,EQ,2020-05-05,273.6,279.0,282.4,271.0,274.0,272.65,276.85,"1,21,82,355","3,37,27,23,173.35","1,20,197","9,67,339",7.94
TATASTEEL,EQ,2020-05-06,272.65,274.1,280.45,272.05,278.3,277.75,276.95,"95,07,731","2,63,31,68,094.60","95,963","13,64,638",14.35
TATASTEEL,EQ,2020-05-07,277.75,275.45,282.85,274.65,276.15,275.85,278.44,"89,58,411","2,49,43,64,184.90","1,03,931","14,35,027",16.02
TATASTEEL,EQ,2020-05-08,275.85,282.8,284.0,272.0,272.9,272.9,277.06,"98,78,213","2,73,68,16,388.30","1,08,729","17,06,862",17.28
TATASTEEL,EQ,2020-05-11,272.9,275.55,283.0,275.0,276.65,276.2,279.07,"1,09,07,408","3,04,39,83,356.80","1,29,049","16,70,883",15.32
TATASTEEL,EQ,2020-05-12,276.2,273.3,276.8,264.5,275.25,273.95,269.35,"1,50,40,334","4,05,10,62,305.45","1,54,012","20,90,062",13.90
TATASTEEL,EQ,2020-05-13,273.95,287.5,288.0,273.5,278.0,276.55,280.93,"1,47,23,748","4,13,62,88,213.50","1,44,455","27,56,610",18.72
TATASTEEL,EQ,2020-05-14,276.55,272.0,275.2,267.3,268.75,268.55,270.4,"1,07,96,959","2,91,95,11,068.35","1,25,086","30,96,218",28.68
TATASTEEL,EQ,2020-05-15,268.55,270.0,276.8,268.8,273.15,273.45,273.69,"1,49,91,458","4,10,29,96,468.50","1,40,643","15,60,691",10.41
TATASTEEL,EQ,2020-05-18,273.45,274.1,276.2,262.45,267.0,266.6,267.1,"1,16,16,080","3,10,26,09,332.35","1,26,742","17,41,263",14.99
TATASTEEL,EQ,2020-05-19,266.6,271.95,280.4,267.5,272.1,272.0,275.1,"1,68,97,173","4,64,84,58,657.85","1,60,617","29,06,574",17.20
TATASTEEL,EQ,2020-05-20,272.0,272.0,284.0,270.1,283.8,283.2,279.95,"1,44,23,657","4,03,79,17,086.25","1,35,400","34,79,379",24.12
TATASTEEL,EQ,2020-05-21,283.2,283.9,286.25,278.5,283.55,283.7,282.78,"1,30,35,881","3,68,62,49,554.70","1,19,568","22,02,407",16.89
TATASTEEL,EQ,2020-05-22,283.7,279.0,280.25,273.3,275.0,274.45,276.22,"1,06,56,911","2,94,35,98,776.45","1,04,788","18,11,193",17.00
TATASTEEL,EQ,2020-05-26,274.45,277.5,284.4,277.0,281.15,280.45,281.72,"1,21,08,740","3,41,12,78,653.25","1,19,897","20,68,622",17.08
TATASTEEL,EQ,2020-05-27,280.45,282.2,290.4,279.05,289.0,287.95,283.2,"1,40,07,562","3,96,69,57,647.45","1,33,263","35,77,549",25.54
TATASTEEL,EQ,2020-05-28,287.95,291.9,298.6,289.4,293.9,295.5,293.9,"1,66,02,462","4,87,95,13,936.05","1,53,571","25,60,661",15.42
TATASTEEL,EQ,2020-05-29,295.5,292.1,296.9,287.85,294.05,295.2,292.09,"1,31,28,027","3,83,45,29,453.70","1,17,534","26,19,554",19.95
TATASTEEL,EQ,2020-06-01,295.2,302.0,317.8,302.0,315.1,315.2,313.98,"2,43,84,633","7,65,62,43,893.60","2,22,950","35,23,247",14.45
TATASTEEL,EQ,2020-06-02,315.2,318.0,323.45,314.55,318.7,319.4,319.08,"1,65,63,267","5,28,49,47,430.20","1,47,289","22,95,809",13.86
TATASTEEL,EQ,2020-06-03,319.4,325.45,326.3,315.05,317.2,317.4,321.66,"1,03,87,136","3,34,11,09,720.90","1,07,042","19,77,960",19.04
TATASTEEL,EQ,2020-06-04,317.4,316.9,322.6,314.6,319.95,319.95,319.18,"1,12,51,331","3,59,12,22,083.45","1,06,014","15,30,080",13.60
TATASTEEL,EQ,2020-06-05,319.95,325.8,343.65,325.05,339.7,338.95,337.14,"3,09,18,495","10,42,39,83,284.05","2,62,033","59,73,240",19.32
TATASTEEL,EQ,2020-06-08,338.95,347.7,350.8,327.35,334.5,333.6,338.85,"1,64,81,809","5,58,48,40,098.30","1,56,820","31,52,079",19.12
TATASTEEL,EQ,2020-06-09,333.6,336.0,344.0,328.85,330.0,332.2,337.22,"1,49,26,862","5,03,36,88,024.75","1,72,156","25,31,818",16.96
TATASTEEL,EQ,2020-06-10,332.2,331.1,331.5,322.0,324.8,324.0,325.32,"1,72,18,893","5,60,15,93,198.55","1,75,572","46,01,771",26.73
TATASTEEL,EQ,2020-06-11,324.0,322.0,323.5,311.0,314.05,313.15,318.2,"1,39,06,985","4,42,51,84,371.35","1,76,936","35,42,639",25.47
TATASTEEL,EQ,2020-06-12,313.15,300.0,320.45,300.0,319.6,317.6,308.07,"1,75,58,010","5,40,90,58,690.90","1,40,583","44,74,480",25.48
TATASTEEL,EQ,2020-06-15,317.6,313.75,315.0,302.6,306.2,306.2,306.8,"1,85,82,927","5,70,12,81,538.95","1,57,596","40,28,980",21.68
TATASTEEL,EQ,2020-06-16,306.2,315.1,322.55,301.3,308.05,308.95,313.06,"2,34,42,027","7,33,87,79,481.25","1,95,544","39,98,178",17.06
TATASTEEL,EQ,2020-06-17,308.95,307.2,314.8,305.05,308.0,308.2,310.6,"1,14,47,411","3,55,56,21,704.35","94,469","17,04,046",14.89
TATASTEEL,EQ,2020-06-18,308.2,308.2,319.2,307.1,319.0,318.1,314.78,"1,13,69,278","3,57,88,52,511.90","1,16,074","24,31,872",21.39
TATASTEEL,EQ,2020-06-19,318.1,321.0,325.85,317.3,320.25,320.55,321.65,"1,51,34,693","4,86,80,43,356.90","1,30,654","38,67,004",25.55
TATASTEEL,EQ,2020-06-22,320.55,319.75,328.0,318.35,327.7,325.7,322.81,"1,10,31,385","3,56,09,88,131.35","97,621","18,21,564",16.51
TATASTEEL,EQ,2020-06-23,325.7,327.7,333.5,326.15,330.0,332.0,330.59,"1,25,51,154","4,14,92,67,135.45","1,06,270","23,21,054",18.49
TATASTEEL,EQ,2020-06-24,332.0,336.6,338.15,324.75,325.85,326.05,332.27,"2,07,82,956","6,90,55,89,579.45","1,63,710","51,03,375",24.56
TATASTEEL,EQ,2020-06-25,326.05,322.0,327.4,321.0,322.55,323.1,324.48,"1,13,45,728","3,68,14,41,250.55","1,07,613","26,59,823",23.44
TATASTEEL,EQ,2020-06-26,323.1,325.8,329.95,322.55,324.65,323.85,326.75,"97,06,335","3,17,15,59,658.90","85,340","16,29,288",16.79
TATASTEEL,EQ,2020-06-29,323.85,323.0,326.0,312.1,319.75,320.85,317.6,"1,19,61,198","3,79,88,68,322.80","1,03,154","20,23,350",16.92
TATASTEEL,EQ,2020-06-30,320.85,323.1,337.65,323.1,327.25,326.7,331.71,"3,65,23,647","12,11,52,76,397.40","2,74,900","49,13,449",13.45
TATASTEEL,EQ,2020-07-01,326.7,329.0,329.6,320.3,324.1,323.7,323.39,"1,04,89,533","3,39,22,36,695.35","96,601","15,15,907",14.45
TATASTEEL,EQ,2020-07-02,323.7,327.05,337.5,324.55,334.15,334.9,330.8,"1,19,71,928","3,96,02,72,227.95","1,12,477","20,37,480",17.02
TATASTEEL,EQ,2020-07-03,334.9,337.0,337.0,327.35,329.0,329.9,332.1,"1,06,12,730","3,52,44,40,290.95","90,027","23,79,281",22.42
TATASTEEL,EQ,2020-07-06,329.9,333.15,341.7,330.3,338.85,338.9,337.87,"1,41,44,208","4,77,88,41,166.30","1,35,444","27,38,343",19.36
TATASTEEL,EQ,2020-07-07,338.9,338.8,338.85,328.05,331.0,330.3,332.21,"1,08,39,521","3,60,09,74,427.85","1,39,113","31,34,546",28.92
TATASTEEL,EQ,2020-07-08,330.3,332.8,346.4,332.0,333.9,334.2,339.79,"2,15,61,168","7,32,62,87,444.85","1,75,976","39,63,127",18.38
TATASTEEL,EQ,2020-07-09,334.2,337.0,348.5,336.5,345.0,344.5,345.21,"2,44,03,806","8,42,44,83,686.65","2,30,676","65,10,312",26.68
TATASTEEL,EQ,2020-07-10,344.5,341.95,344.3,335.2,338.6,338.7,338.98,"1,25,26,909","4,24,63,70,351.40","1,10,110","21,27,859",16.99
TATASTEEL,EQ,2020-07-13,338.7,343.3,347.0,338.5,342.6,342.1,342.6,"1,21,15,002","4,15,05,55,312.30","1,15,689","17,99,789",14.86
TATASTEEL,EQ,2020-07-14,342.1,339.0,339.0,332.6,336.05,336.65,335.89,"83,07,089","2,79,02,72,023.65","78,148","14,65,339",17.64
TATASTEEL,EQ,2020-07-15,336.65,340.65,346.5,338.0,338.45,339.3,343.02,"96,87,663","3,32,30,81,321.15","85,616","16,38,524",16.91
TATASTEEL,EQ,2020-07-16,339.3,338.0,346.5,331.55,340.65,341.65,338.37,"1,05,86,106","3,58,20,11,512.40","1,02,372","16,26,504",15.36
TATASTEEL,EQ,2020-07-17,341.65,346.0,356.8,345.15,350.85,350.95,353.03,"2,44,16,975","8,61,98,26,518.35","2,08,229","30,47,791",12.48
TATASTEEL,EQ,2020-07-20,350.95,351.1,354.7,346.6,352.4,352.4,350.49,"95,32,817","3,34,11,36,548.65","96,655","15,13,649",15.88
TATASTEEL,EQ,2020-07-21,352.4,356.0,360.6,349.5,359.7,359.15,354.43,"1,13,68,275","4,02,92,61,812.75","1,14,527","19,93,560",17.54
TATASTEEL,EQ,2020-07-22,359.15,360.5,362.9,346.6,350.2,350.05,356.04,"1,78,44,237","6,35,32,35,528.45","1,57,442","38,31,203",21.47
TATASTEEL,EQ,2020-07-23,350.05,350.1,356.4,347.65,351.75,351.9,351.99,"96,25,277","3,38,80,15,870.15","81,763","16,67,396",17.32
TATASTEEL,EQ,2020-07-24,351.9,347.0,349.8,342.55,346.5,346.1,345.93,"89,18,940","3,08,53,60,337.80","73,901","13,52,810",15.17
TATASTEEL,EQ,2020-07-27,346.1,351.0,353.9,344.25,352.45,352.85,350.47,"1,18,35,628","4,14,80,70,334.15","1,07,594","12,66,953",10.70
TATASTEEL,EQ,2020-07-28,352.85,353.6,360.0,352.75,357.9,358.5,356.76,"1,06,40,327","3,79,60,22,209.05","94,982","20,38,627",19.16
TATASTEEL,EQ,2020-07-29,358.5,359.0,378.45,356.15,372.85,373.75,371.28,"3,01,16,131","11,18,15,38,255.90","2,62,703","68,52,829",22.75
TATASTEEL,EQ,2020-07-30,373.75,377.0,377.8,364.1,366.5,366.6,369.83,"1,03,99,075","3,84,58,89,062.05","1,13,496","19,65,769",18.90
TATASTEEL,EQ,2020-07-31,366.6,365.6,370.4,360.4,368.1,366.3,365.48,"90,24,955","3,29,84,35,294.60","76,352","17,30,132",19.17
TATASTEEL,EQ,2020-08-03,366.3,364.75,376.85,362.05,371.95,373.5,371.8,"1,11,37,571","4,14,09,04,825.70","1,03,111","18,58,427",16.69
TATASTEEL,EQ,2020-08-04,373.5,374.5,378.0,367.65,372.0,372.25,371.72,"1,11,84,430","4,15,74,95,585.00","1,11,097","25,26,262",22.59
TATASTEEL,EQ,2020-08-05,372.25,373.05,397.9,373.05,397.2,395.8,388.36,"3,05,59,760","11,86,80,96,905.00","2,59,897","53,19,525",17.41
TATASTEEL,EQ,2020-08-06,395.8,389.75,402.8,385.5,400.5,400.45,393.82,"2,21,23,358","8,71,27,04,876.55","1,96,968","34,83,994",15.75
TATASTEEL,EQ,2020-08-07,400.45,395.9,406.7,393.1,403.05,404.05,402.46,"1,51,76,343","6,10,78,13,365.35","1,39,632","17,07,227",11.25
TATASTEEL,EQ,2020-08-10,404.05,405.75,411.55,399.6,409.8,410.2,406.0,"1,20,18,305","4,87,94,76,229.60","1,10,503","14,83,603",12.34
TATASTEEL,EQ,2020-08-11,410.2,413.1,427.6,412.5,417.5,416.45,421.21,"2,58,85,192","10,90,32,30,075.60","1,96,871","33,39,899",12.90
TATASTEEL,EQ,2020-08-12,416.45,413.7,417.35,407.55,415.1,414.5,412.88,"1,15,74,692","4,77,89,24,976.30","1,04,644","18,98,165",16.40
TATASTEEL,EQ,2020-08-13,414.5,418.2,421.7,408.85,414.5,413.1,413.82,"1,24,22,203","5,14,05,74,042.65","99,676","13,21,630",10.64
TATASTEEL,EQ,2020-08-14,413.1,410.0,430.95,409.1,417.9,418.5,420.41,"4,77,42,372","20,07,15,93,283.55","3,15,846","30,87,924",6.47
TATASTEEL,EQ,2020-08-17,418.5,418.0,429.15,414.25,424.5,425.05,423.65,"1,81,45,953","7,68,75,93,644.90","1,41,923","11,09,842",6.12
TATASTEEL,EQ,2020-08-18,425.05,421.65,436.8,419.7,432.5,434.5,429.05,"1,73,42,261","7,44,07,28,990.95","1,46,163","20,86,953",12.03
TATASTEEL,EQ,2020-08-19,434.5,434.5,435.55,428.85,433.0,431.7,431.61,"1,18,43,731","5,11,18,84,629.95","98,176","11,91,309",10.06
TATASTEEL,EQ,2020-08-20,431.7,425.0,438.3,423.05,432.2,432.6,432.43,"1,58,46,609","6,85,25,10,971.10","1,41,367","13,80,653",8.71
TATASTEEL,EQ,2020-08-21,432.6,435.75,442.0,426.55,428.3,428.85,435.72,"1,34,82,327","5,87,45,27,926.45","1,21,943","14,71,404",10.91
TATASTEEL,EQ,2020-08-24,428.85,433.6,437.75,428.1,429.55,429.5,431.93,"90,93,889","3,92,79,51,174.60","82,038","16,22,466",17.84
TATASTEEL,EQ,2020-08-25,429.5,432.0,432.65,421.45,423.95,424.0,425.67,"1,05,54,484","4,49,27,16,617.80","1,19,137","22,39,582",21.22
TATASTEEL,EQ,2020-08-26,424.0,425.0,427.75,422.2,425.5,425.0,424.84,"79,57,164","3,38,04,81,990.05","68,604","17,88,102",22.47
TATASTEEL,EQ,2020-08-27,425.0,425.5,430.2,423.0,427.5,426.85,425.97,"95,49,716","4,06,78,92,911.10","93,181","20,94,116",21.93
TATASTEEL,EQ,2020-08-28,426.85,429.65,438.0,423.05,423.9,424.2,430.42,"1,52,12,017","6,54,74,88,887.00","1,39,003","36,08,478",23.72
TATASTEEL,EQ,2020-08-31,424.2,426.5,430.15,410.0,411.0,413.0,419.91,"1,57,46,139","6,61,20,00,623.50","1,23,587","42,56,911",27.03
TATASTEEL,EQ,2020-09-01,413.0,413.9,432.7,411.95,432.65,428.65,421.79,"1,40,72,848","5,93,57,61,477.10","1,07,764","24,66,586",17.53
TATASTEEL,EQ,2020-09-02,428.65,430.05,441.7,427.1,439.9,438.65,433.48,"1,17,39,341","5,08,87,95,789.75","1,04,223","27,85,626",23.73
TATASTEEL,EQ,2020-09-03,438.65,442.5,443.65,435.9,438.15,438.1,439.11,"1,02,14,289","4,48,52,16,473.25","1,01,286","25,65,906",25.12
TATASTEEL,EQ,2020-09-04,438.1,428.1,433.95,419.0,421.9,421.3,428.07,"1,05,30,674","4,50,78,57,768.50","1,02,510","19,30,578",18.33
TATASTEEL,EQ,2020-09-07,421.3,423.7,428.4,418.45,421.5,422.5,423.05,"96,28,406","4,07,33,04,677.05","80,818","12,77,039",13.26
TATASTEEL,EQ,2020-09-08,422.5,425.75,425.75,402.6,404.0,405.1,414.31,"1,16,37,370","4,82,15,25,228.95","1,23,082","17,92,090",15.40
TATASTEEL,EQ,2020-09-09,405.1,398.8,420.15,386.5,419.55,417.4,405.44,"3,19,99,875","12,97,41,63,761.50","2,38,419","38,54,505",12.05
TATASTEEL,EQ,2020-09-10,417.4,424.0,425.9,401.1,407.95,408.0,411.82,"2,29,20,783","9,43,92,78,033.35","1,89,921","24,01,848",10.48
TATASTEEL,EQ,2020-09-11,408.0,408.75,412.65,402.5,406.25,407.5,407.09,"1,36,87,127","5,57,18,40,267.25","1,39,514","15,78,682",11.53
TATASTEEL,EQ,2020-09-14,407.5,410.0,414.1,402.15,402.95,404.65,407.98,"1,23,31,121","5,03,08,02,282.35","1,44,469","20,53,205",16.65
TATASTEEL,EQ,2020-09-15,404.65,407.0,410.55,403.55,405.35,405.25,406.81,"91,32,749","3,71,53,07,789.80","86,138","12,37,442",13.55
TATASTEEL,EQ,2020-09-16,405.25,406.45,410.0,402.7,404.3,404.6,405.89,"99,87,412","4,05,37,85,909.50","89,850","23,33,658",23.37
TATASTEEL,EQ,2020-09-17,404.6,401.95,407.5,393.2,400.0,398.7,398.77,"1,48,08,022","5,90,49,84,176.40","1,31,100","22,18,469",14.98
TATASTEEL,EQ,2020-09-18,398.7,402.1,405.65,393.4,396.6,395.5,399.44,"1,68,42,244","6,72,74,61,108.35","1,21,300","56,25,208",33.40
TATASTEEL,EQ,2020-09-21,395.5,396.0,399.2,371.0,371.55,373.4,384.69,"1,41,38,761","5,43,90,17,318.25","1,45,719","21,94,692",15.52
TATASTEEL,EQ,2020-09-22,373.4,374.0,378.5,358.2,374.5,374.15,369.68,"2,20,13,027","8,13,77,52,374.45","1,82,809","35,03,965",15.92
TATASTEEL,EQ,2020-09-23,374.15,377.0,378.0,356.45,361.15,361.3,362.9,"1,69,84,600","6,16,36,28,027.60","1,41,359","26,00,051",15.31
TATASTEEL,EQ,2020-09-24,361.3,356.8,357.25,342.75,344.0,343.9,348.86,"1,24,95,840","4,35,93,29,729.70","1,28,666","23,88,533",19.11
TATASTEEL,EQ,2020-09-25,343.9,348.0,355.6,344.2,350.75,352.1,350.58,"1,22,42,576","4,29,20,27,166.20","1,01,968","18,83,567",15.39
TATASTEEL,EQ,2020-09-28,352.1,359.95,364.95,355.65,361.25,361.0,360.36,"1,22,70,478","4,42,17,97,957.70","1,27,299","11,40,987",9.30
TATASTEEL,EQ,2020-09-29,361.0,365.0,371.8,361.7,369.5,370.05,367.01,"1,78,91,719","6,56,64,84,009.10","1,40,938","21,68,941",12.12
TATASTEEL,EQ,2020-09-30,370.05,371.05,371.5,358.0,358.7,359.75,363.06,"1,29,63,784","4,70,66,11,719.60","1,03,277","18,44,977",14.23
TATASTEEL,EQ,2020-10-01,359.75,364.3,370.3,363.15,364.9,364.95,366.82,"95,55,123","3,50,49,88,684.65","96,966","12,85,658",13.46
TATASTEEL,EQ,2020-10-05,364.95,370.1,385.5,369.5,382.95,382.3,380.75,"1,95,90,635","7,45,91,14,268.60","1,92,923","25,34,286",12.94
TATASTEEL,EQ,2020-10-06,382.3,386.8,387.25,373.1,377.8,377.4,378.63,"1,42,86,376","5,40,92,62,832.75","1,18,589","25,07,305",17.55
TATASTEEL,EQ,2020-10-07,377.4,376.0,379.3,370.0,370.45,371.1,373.54,"96,94,124","3,62,11,05,229.05","83,798","11,90,452",12.28
TATASTEEL,EQ,2020-10-08,371.1,374.45,383.0,371.7,373.9,373.65,377.61,"1,41,11,169","5,32,85,66,375.00","1,14,821","10,37,732",7.35
TATASTEEL,EQ,2020-10-09,373.65,376.05,386.95,367.05,371.35,369.5,378.09,"2,20,06,588","8,32,04,93,766.20","1,68,875","20,25,305",9.20
TATASTEEL,EQ,2020-10-12,369.5,373.5,377.15,362.5,370.5,371.1,368.73,"1,57,56,861","5,81,00,87,663.00","1,05,362","27,44,546",17.42
TATASTEEL,EQ,2020-10-13,371.1,372.0,376.25,366.65,367.45,368.35,371.19,"1,19,02,564","4,41,81,68,481.20","93,381","18,81,641",15.81
TATASTEEL,EQ,2020-10-14,368.35,370.4,377.25,369.55,375.95,375.55,372.56,"1,48,92,188","5,54,81,63,172.55","1,11,570","17,24,677",11.58
TATASTEEL,EQ,2020-10-15,375.55,381.0,388.6,371.5,372.6,373.9,381.38,"3,16,51,023","12,07,10,43,573.35","2,94,260","43,02,657",13.59
TATASTEEL,EQ,2020-10-16,373.9,377.1,395.9,375.2,393.8,393.85,387.04,"2,88,55,527","11,16,83,34,051.60","2,71,674","31,80,136",11.02
TATASTEEL,EQ,2020-10-19,393.85,397.6,400.0,391.8,395.55,395.5,396.03,"1,47,29,994","5,83,35,72,799.60","1,31,575","17,04,439",11.57
TATASTEEL,EQ,2020-10-20,395.5,392.0,397.35,389.6,391.9,392.4,392.92,"1,09,49,682","4,30,23,17,084.25","1,53,428","22,28,745",20.35
TATASTEEL,EQ,2020-10-21,392.4,396.3,408.0,394.35,403.7,404.05,402.36,"2,63,51,958","10,60,28,68,352.70","2,20,168","28,77,097",10.92
TATASTEEL,EQ,2020-10-22,404.05,401.9,413.55,400.1,411.7,409.65,407.63,"2,08,88,422","8,51,48,14,448.85","1,70,558","33,50,753",16.04
TATASTEEL,EQ,2020-10-23,409.65,413.0,426.0,412.2,423.05,423.45,420.48,"2,85,88,850","12,02,09,71,391.80","2,26,121","35,41,218",12.39
TATASTEEL,EQ,2020-10-26,423.45,423.35,423.35,404.15,407.7,408.4,411.42,"1,66,08,780","6,83,31,21,273.95","1,42,661","20,56,721",12.38
TATASTEEL,EQ,2020-10-27,408.4,408.7,416.85,403.4,410.05,411.0,411.53,"1,60,62,171","6,61,01,31,340.50","1,57,903","23,39,370",14.56
TATASTEEL,EQ,2020-10-28,411.0,411.45,418.2,400.45,401.8,402.3,409.63,"1,69,65,755","6,94,96,04,948.10","1,62,673","24,22,604",14.28
TATASTEEL,EQ,2020-10-29,402.3,399.45,405.0,395.3,400.35,401.4,400.4,"1,38,60,410","5,54,97,45,454.80","1,23,358","14,00,936",10.11
TATASTEEL,EQ,2020-10-30,401.4,402.7,412.9,395.2,408.7,410.55,405.04,"1,80,21,051","7,29,92,82,164.45","1,29,717","14,88,083",8.26
TATASTEEL,EQ,2020-11-02,410.55,410.0,412.5,398.7,401.8,402.85,405.06,"1,31,43,109","5,32,37,09,071.95","1,08,945","15,91,025",12.11
TATASTEEL,EQ,2020-11-03,402.85,407.5,412.2,404.45,406.15,406.9,408.32,"1,22,58,034","5,00,51,94,482.40","1,29,787","25,48,315",20.79
TATASTEEL,EQ,2020-11-04,406.9,408.9,415.05,401.4,403.15,403.9,406.25,"1,36,14,366","5,53,08,44,611.70","1,03,672","16,15,949",11.87
TATASTEEL,EQ,2020-11-05,403.9,412.0,428.25,409.15,424.6,425.5,420.6,"2,65,17,756","11,15,32,42,908.80","2,11,323","56,52,848",21.32
TATASTEEL,EQ,2020-11-06,425.5,424.5,432.9,422.65,424.85,426.5,427.75,"1,73,98,193","7,44,21,46,779.15","1,38,035","24,10,828",13.86
TATASTEEL,EQ,2020-11-09,426.5,433.0,439.9,427.4,436.4,438.3,433.69,"1,58,30,862","6,86,56,93,537.55","1,41,372","33,40,481",21.10
TATASTEEL,EQ,2020-11-10,438.3,440.0,453.25,435.55,442.0,441.9,444.07,"2,62,00,240","11,63,46,95,847.85","2,11,052","40,83,081",15.58
TATASTEEL,EQ,2020-11-11,441.9,441.9,477.35,439.6,476.0,473.95,459.41,"3,68,61,833","16,93,46,13,115.70","2,76,197","43,55,406",11.82
TATASTEEL,EQ,2020-11-12,473.95,472.0,479.9,466.3,470.3,473.15,472.69,"2,34,93,685","11,10,51,76,938.75","1,89,033","33,72,418",14.35
TATASTEEL,EQ,2020-11-13,473.15,470.85,488.4,465.0,487.5,486.55,477.59,"2,34,18,187","11,18,42,86,956.65","1,80,793","32,10,696",13.71
TATASTEEL,EQ,2020-11-14,486.55,496.55,499.5,487.0,490.95,492.2,494.15,"78,37,400","3,87,28,37,298.60","76,087","7,98,084",10.18
TATASTEEL,EQ,2020-11-17,492.2,506.0,530.95,501.7,521.6,522.7,522.7,"6,42,84,599","33,60,15,52,639.95","4,92,271","80,56,470",12.53
TATASTEEL,EQ,2020-11-18,522.7,518.0,523.8,510.65,517.0,517.2,517.29,"1,74,81,513","9,04,29,50,976.10","2,22,088","39,76,574",22.75
TATASTEEL,EQ,2020-11-19,517.2,511.85,535.7,510.0,523.1,523.6,527.51,"2,01,37,998","10,62,30,16,368.55","2,00,609","43,08,142",21.39
TATASTEEL,EQ,2020-11-20,523.6,526.0,541.7,521.0,531.55,532.9,531.26,"2,66,86,000","14,17,71,01,608.70","2,41,777","43,03,844",16.13
TATASTEEL,EQ,2020-11-23,532.9,538.0,546.0,536.35,541.65,543.1,541.6,"1,70,25,425","9,22,08,94,854.40","1,70,796","43,70,219",25.67
TATASTEEL,EQ,2020-11-24,543.1,547.95,550.45,541.4,548.25,548.3,546.47,"1,30,29,126","7,11,99,80,105.95","1,43,396","38,11,999",29.26
TATASTEEL,EQ,2020-11-25,548.3,551.0,558.65,539.5,541.0,541.25,548.88,"1,76,80,989","9,70,47,72,513.85","1,81,457","33,97,251",19.21
TATASTEEL,EQ,2020-11-26,541.25,546.0,571.1,541.25,569.4,568.4,556.1,"2,25,70,185","12,55,13,86,537.60","2,18,684","59,28,349",26.27
TATASTEEL,EQ,2020-11-27,568.4,570.0,582.35,563.05,574.9,577.35,575.57,"4,62,91,248","26,64,40,15,159.60","2,58,773","2,64,34,718",57.11
TATASTEEL,EQ,2020-12-01,577.35,592.0,592.0,576.95,584.85,585.8,583.87,"1,47,39,109","8,60,57,78,187.80","1,47,447","33,91,089",23.01
TATASTEEL,EQ,2020-12-02,585.8,585.7,607.6,584.05,603.5,604.35,599.82,"2,49,97,085","14,99,37,31,974.05","2,44,452","31,85,073",12.74
TATASTEEL,EQ,2020-12-03,604.35,609.0,624.75,608.0,619.3,620.9,619.5,"2,47,75,652","15,34,84,75,402.15","2,93,733","65,06,394",26.26
TATASTEEL,EQ,2020-12-04,620.9,624.0,632.5,614.6,623.0,622.7,624.71,"2,01,53,552","12,59,00,42,591.05","1,84,757","42,45,189",21.06
TATASTEEL,EQ,2020-12-07,622.7,623.6,629.0,609.45,615.5,614.55,618.87,"1,55,88,321","9,64,71,30,590.15","1,65,903","31,34,730",20.11
TATASTEEL,EQ,2020-12-08,614.55,616.0,621.45,602.45,612.55,613.45,612.16,"1,70,15,853","10,41,63,60,254.60","1,90,865","40,09,335",23.56
TATASTEEL,EQ,2020-12-09,613.45,618.0,620.7,607.1,608.15,609.35,612.45,"1,27,30,731","7,79,69,31,150.95","1,25,558","28,51,757",22.40
TATASTEEL,EQ,2020-12-10,609.35,606.0,614.0,593.5,614.0,610.1,603.53,"1,98,29,328","11,96,75,89,060.65","1,87,226","39,66,880",20.01
TATASTEEL,EQ,2020-12-11,610.1,614.9,625.45,614.25,621.9,621.7,620.72,"1,63,95,698","10,17,70,73,836.20","1,72,643","30,21,386",18.43
TATASTEEL,EQ,2020-12-14,621.7,626.75,638.9,625.3,627.7,626.75,631.73,"1,77,22,715","11,19,59,51,655.25","1,85,063","41,34,640",23.33
TATASTEEL,EQ,2020-12-15,626.75,623.45,637.1,617.35,636.0,635.35,626.35,"1,32,26,312","8,28,42,81,425.40","1,54,016","30,11,926",22.77
TATASTEEL,EQ,2020-12-16,635.35,641.2,649.45,638.2,642.2,643.4,643.66,"1,60,40,256","10,32,44,22,415.30","1,45,903","34,22,575",21.34
TATASTEEL,EQ,2020-12-17,643.4,643.4,646.0,631.45,634.25,635.3,640.52,"79,65,186","5,10,18,65,547.95","86,183","15,60,162",19.59
TATASTEEL,EQ,2020-12-18,635.3,638.25,640.85,628.0,629.8,631.25,633.17,"2,53,51,506","16,05,16,91,583.90","1,55,690","1,19,11,867",46.99
TATASTEEL,EQ,2020-12-21,631.25,624.0,627.7,585.6,590.35,595.85,608.65,"1,90,76,654","11,61,09,36,188.35","1,94,780","41,06,481",21.53
TATASTEEL,EQ,2020-12-22,595.85,596.0,610.45,585.0,599.3,601.35,597.8,"1,88,46,879","11,26,66,04,876.10","1,91,562","36,91,554",19.59
TATASTEEL,EQ,2020-12-23,601.35,599.0,624.2,596.3,621.8,621.4,609.75,"1,22,38,343","7,46,23,08,885.90","1,25,788","22,08,508",18.05
TATASTEEL,EQ,2020-12-24,621.4,625.3,636.95,619.25,623.0,622.3,626.77,"1,20,90,740","7,57,81,59,934.40","1,09,825","18,37,695",15.20
TATASTEEL,EQ,2020-12-28,622.3,628.25,635.35,626.6,634.0,632.65,631.53,"1,04,80,517","6,61,87,11,447.95","1,08,035","19,53,811",18.64
TATASTEEL,EQ,2020-12-29,632.65,637.85,639.65,621.05,630.6,632.2,629.6,"1,04,16,326","6,55,81,22,778.40","1,17,972","17,13,485",16.45
TATASTEEL,EQ,2020-12-30,632.2,632.95,643.95,624.05,641.05,640.45,633.27,"1,15,14,428","7,29,17,36,643.40","1,04,168","21,16,820",18.38
TATASTEEL,EQ,2020-12-31,640.45,636.55,653.5,636.55,642.55,643.65,645.14,"1,77,13,012","11,42,74,11,341.05","1,68,389","28,24,356",15.95
TATASTEEL,EQ,2021-01-01,643.65,645.00,649.70,640.00,641.35,643.10,644.73,"84,11,396","5,42,30,65,210.75","87,340","9,10,502",10.82
TATASTEEL,EQ,2021-01-04,643.10,649.00,699.90,646.45,696.90,693.00,673.91,"3,81,84,955","25,73,34,02,949.80","3,29,926","49,75,407",13.03
TATASTEEL,EQ,2021-01-05,693.00,687.00,693.85,675.10,681.00,680.55,683.00,"2,15,45,254","14,71,54,94,860.60","2,20,898","29,94,766",13.9
TATASTEEL,EQ,2021-01-06,680.55,684.00,696.65,675.00,684.15,683.80,685.30,"1,96,10,522","13,43,91,23,541.60","1,93,951","31,35,082",15.99
TATASTEEL,EQ,2021-01-07,683.80,693.00,731.50,691.70,719.90,722.80,719.13,"3,82,32,194","27,49,39,77,739.90","3,76,960","51,48,556",13.47
TATASTEEL,EQ,2021-01-08,722.80,727.00,727.25,703.10,713.00,713.15,716.26,"1,93,29,313","13,84,48,58,404.60","1,88,934","39,96,244",20.67
TATASTEEL,EQ,2021-01-11,713.15,712.00,712.00,688.20,695.00,695.65,695.60,"1,70,24,509","11,84,22,14,437.50","2,15,060","31,18,707",18.32
TATASTEEL,EQ,2021-01-12,695.65,695.00,724.50,691.10,696.55,694.90,707.89,"2,45,25,484","17,36,13,37,025.50","2,74,251","32,08,844",13.08
TATASTEEL,EQ,2021-01-13,694.90,701.45,714.55,693.00,709.90,709.15,705.31,"1,93,53,871","13,65,04,28,133.55","2,00,667","24,95,506",12.89
TATASTEEL,EQ,2021-01-14,709.15,710.00,714.45,697.10,707.00,706.35,704.43,"1,15,40,858","8,12,97,43,383.70","1,31,859","17,43,645",15.11
TATASTEEL,EQ,2021-01-15,706.35,712.00,721.50,697.65,707.00,705.90,711.02,"2,06,88,437","14,70,99,52,194.75","2,16,787","23,05,249",11.14
TATASTEEL,EQ,2021-01-18,705.90,708.00,708.75,659.50,665.00,666.70,675.22,"2,50,45,226","16,91,09,13,557.45","2,83,335","35,41,651",14.14
TATASTEEL,EQ,2021-01-19,666.70,672.00,683.95,647.00,682.35,681.10,669.37,"3,12,45,118","20,91,45,43,317.35","2,96,952","81,42,741",26.06
TATASTEEL,EQ,2021-01-20,681.10,690.15,699.50,682.60,687.50,690.15,690.58,"2,33,13,150","16,09,95,94,807.05","2,29,129","29,62,126",12.71
TATASTEEL,EQ,2021-01-21,690.15,691.00,694.75,661.60,669.80,666.70,678.20,"1,61,17,867","10,93,11,60,261.75","2,08,993","25,99,120",16.13
TATASTEEL,EQ,2021-01-22,666.70,670.00,675.80,633.65,646.85,647.00,652.42,"2,37,15,665","15,47,24,68,751.50","2,80,136","41,55,373",17.52
TATASTEEL,EQ,2021-01-25,647.00,651.00,661.85,631.00,651.15,651.95,650.01,"1,63,48,473","10,62,66,67,746.20","1,68,973","17,03,958",10.42
TATASTEEL,EQ,2021-01-27,651.95,650.90,651.15,623.80,624.05,626.00,635.87,"1,49,18,084","9,48,60,23,640.00","1,96,801","30,17,582",20.23
TATASTEEL,EQ,2021-01-28,626.00,618.00,630.60,612.60,623.90,623.70,622.48,"1,70,91,752","10,63,92,82,318.45","1,88,317","29,62,321",17.33
TATASTEEL,EQ,2021-01-29,623.70,630.05,633.80,596.00,602.90,601.00,609.77,"2,68,26,575","16,35,79,17,554.45","2,90,798","52,56,720",19.6
TATASTEEL,EQ,2021-02-01,601.00,604.90,640.00,597.45,637.80,636.10,617.62,"2,10,84,694","13,02,23,25,499.30","2,45,588","34,93,105",16.57
TATASTEEL,EQ,2021-02-02,636.10,643.00,648.00,624.10,642.50,641.65,638.27,"1,80,48,957","11,52,01,40,268.85","2,03,280","26,13,414",14.48
TATASTEEL,EQ,2021-02-03,641.65,644.90,664.30,637.25,651.45,653.15,652.43,"1,48,46,381","9,68,62,52,654.00","1,74,344","17,60,748",11.86
TATASTEEL,EQ,2021-02-04,653.15,654.00,663.50,638.60,658.00,655.95,654.43,"1,47,64,995","9,66,26,36,397.35","1,50,126","21,53,755",14.59
TATASTEEL,EQ,2021-02-05,655.95,656.90,690.60,651.40,688.65,685.05,671.25,"2,91,00,888","19,53,38,28,165.75","3,31,556","35,89,299",12.33
TATASTEEL,EQ,2021-02-08,685.05,694.00,704.90,682.70,703.50,702.95,694.87,"2,14,62,169","14,91,33,85,592.90","2,45,226","23,97,130",11.17
TATASTEEL,EQ,2021-02-09,702.95,706.50,716.45,691.60,701.55,699.20,706.55,"2,93,37,028","20,72,80,56,511.00","3,13,624","54,27,444",18.5
TATASTEEL,EQ,2021-02-10,699.20,710.00,724.50,680.05,691.65,690.25,697.91,"5,73,97,919","40,05,85,74,746.75","5,86,586","47,47,972",8.27
TATASTEEL,EQ,2021-02-11,690.25,687.60,704.60,682.85,693.45,694.70,693.98,"1,63,40,705","11,34,01,62,734.30","1,83,590","13,23,035",8.1
TATASTEEL,EQ,2021-02-12,694.70,695.00,697.90,678.50,679.80,680.50,687.24,"1,47,05,479","10,10,62,13,808.70","1,73,303","19,36,849",13.17
TATASTEEL,EQ,2021-02-15,680.50,687.10,688.00,670.00,670.50,672.15,678.28,"1,31,71,672","8,93,41,00,604.35","1,55,303","16,29,945",12.37
TATASTEEL,EQ,2021-02-16,672.15,672.15,708.60,668.30,697.65,699.20,699.14,"3,36,61,838","23,53,45,00,614.35","3,58,185","41,46,585",12.32
TATASTEEL,EQ,2021-02-17,699.20,697.65,703.50,687.50,695.40,696.80,695.72,"1,59,57,483","11,10,19,75,793.90","1,64,188","19,95,610",12.51
TATASTEEL,EQ,2021-02-18,696.80,700.00,711.00,694.00,695.95,697.75,703.63,"1,48,56,147","10,45,32,37,241.55","1,62,453","16,47,955",11.09
TATASTEEL,EQ,2021-02-19,697.75,696.00,696.00,655.95,669.40,670.70,675.46,"2,23,92,386","15,12,52,21,823.40","2,34,654","33,91,932",15.15
TATASTEEL,EQ,2021-02-22,670.70,672.90,697.90,670.85,680.00,684.55,686.85,"2,81,49,109","19,33,43,01,377.25","3,14,287","64,12,312",22.78
TATASTEEL,EQ,2021-02-23,684.55,689.60,736.00,682.20,734.05,729.30,712.93,"3,89,07,071","27,73,78,81,117.25","3,96,721","66,97,986",17.22
TATASTEEL,EQ,2021-02-24,729.30,735.00,745.00,720.00,727.25,727.70,733.32,"2,16,76,789","15,89,60,63,821.90","2,57,379","35,52,679",16.39
TATASTEEL,EQ,2021-02-25,727.70,735.20,753.00,731.95,744.50,742.90,743.89,"2,19,01,596","16,29,23,69,953.50","2,49,061","30,69,704",14.02
TATASTEEL,EQ,2021-02-26,742.90,725.00,741.60,711.10,714.40,715.15,722.84,"2,35,51,591","17,02,41,48,014.00","2,66,485","46,28,600",19.65
TATASTEEL,EQ,2021-03-01,715.15,724.00,738.25,711.35,730.90,730.40,727.55,"1,40,58,646","10,22,83,68,627.10","1,68,224","18,32,181",13.03
TATASTEEL,EQ,2021-03-02,730.40,730.45,739.75,723.15,735.00,735.50,733.92,"1,11,13,399","8,15,63,44,541.25","1,27,895","12,34,996",11.11
TATASTEEL,EQ,2021-03-03,735.50,741.00,782.50,741.00,774.80,777.15,772.91,"2,88,42,835","22,29,29,77,320.70","3,30,061","40,75,904",14.13
TATASTEEL,EQ,2021-03-04,777.15,751.00,766.90,743.65,757.60,757.95,757.24,"2,28,73,822","17,32,10,58,013.55","2,54,646","46,87,450",20.49
TATASTEEL,EQ,2021-03-05,757.95,748.50,756.00,727.00,735.30,733.30,741.31,"1,68,81,960","12,51,46,81,812.05","2,09,294","24,16,109",14.31
TATASTEEL,EQ,2021-03-08,733.30,743.95,751.20,735.05,735.65,737.25,743.98,"1,06,14,596","7,89,70,53,394.60","1,27,290","14,44,895",13.61
TATASTEEL,EQ,2021-03-09,737.25,745.00,750.95,702.25,708.50,706.75,724.10,"1,95,56,438","14,16,09,11,349.60","2,33,561","36,82,045",18.83
TATASTEEL,EQ,2021-03-10,706.75,714.90,729.95,703.05,723.10,724.50,715.19,"1,96,85,860","14,07,90,97,741.95","1,99,849","36,43,590",18.51
TATASTEEL,EQ,2021-03-12,724.50,740.00,745.00,714.00,720.85,719.95,729.98,"1,61,21,409","11,76,83,46,627.30","1,97,085","23,79,597",14.76
TATASTEEL,EQ,2021-03-15,719.95,722.00,739.00,715.05,736.20,736.40,725.48,"1,55,43,231","11,27,63,60,726.00","1,94,644","24,35,606",15.67
TATASTEEL,EQ,2021-03-16,736.40,740.10,740.10,719.20,725.00,724.05,725.68,"1,25,69,998","9,12,17,42,625.35","1,73,694","22,73,862",18.09
TATASTEEL,EQ,2021-03-17,724.05,724.95,726.00,700.65,705.50,704.40,713.12,"1,05,40,959","7,51,69,34,897.65","1,23,251","21,44,505",20.34
TATASTEEL,EQ,2021-03-18,704.40,716.25,722.90,698.30,708.15,704.85,712.81,"1,43,20,651","10,20,79,30,570.35","1,62,830","22,89,541",15.99
TATASTEEL,EQ,2021-03-19,704.85,702.75,736.75,681.25,731.55,733.00,714.32,"2,46,37,814","17,59,92,59,809.75","2,23,254","75,07,267",30.47
TATASTEEL,EQ,2021-03-22,733.00,731.10,745.65,725.00,745.00,743.50,739.24,"1,37,60,370","10,17,21,82,526.35","1,85,283","30,62,563",22.26
TATASTEEL,EQ,2021-03-23,743.50,746.00,749.45,733.30,740.05,741.15,741.58,"1,18,73,896","8,80,53,90,821.00","1,62,591","26,36,121",22.2
TATASTEEL,EQ,2021-03-24,741.15,731.00,733.00,698.95,706.00,702.80,713.38,"2,10,30,283","15,00,26,32,252.40","2,72,334","41,69,559",19.83
TATASTEEL,EQ,2021-03-25,702.80,710.10,730.70,688.35,722.95,723.15,712.97,"3,67,22,400","26,18,20,28,255.75","4,13,129","31,15,317",8.48
TATASTEEL,EQ,2021-03-26,723.15,730.40,774.90,725.20,765.25,766.85,757.30,"4,29,12,247","32,49,75,56,832.30","5,01,678","62,15,228",14.48
TATASTEEL,EQ,2021-03-30,766.85,780.00,810.00,777.90,799.50,800.00,797.66,"2,84,80,338","22,71,76,32,763.75","3,68,821","48,41,164",17.0
TATASTEEL,EQ,2021-03-31,800.00,794.00,823.50,790.10,818.40,811.85,811.88,"2,80,44,585","22,76,88,92,122.25","3,13,254","27,97,710",9.98
TATASTEEL,EQ,2021-04-01,811.85,821.00,868.90,819.00,858.90,863.05,842.25,"3,68,42,098","31,03,01,50,334.05","4,05,809","65,76,525",17.85
TATASTEEL,EQ,2021-04-05,863.05,862.00,877.85,837.15,867.30,867.75,859.01,"3,05,75,986","26,26,49,95,006.70","3,80,909","21,72,668",7.11
TATASTEEL,EQ,2021-04-06,867.75,875.50,882.50,858.15,861.55,862.85,869.06,"2,07,78,920","18,05,82,23,023.75","2,50,646","32,87,853",15.82
TATASTEEL,EQ,2021-04-07,862.85,869.50,885.00,864.65,876.35,874.85,875.90,"1,71,13,208","14,98,94,72,735.25","2,17,318","26,43,854",15.45
TATASTEEL,EQ,2021-04-08,874.85,884.00,953.65,882.70,922.00,918.40,919.87,"5,30,63,056","48,81,12,43,412.30","6,26,502","48,41,514",9.12
TATASTEEL,EQ,2021-04-09,918.40,921.00,930.00,885.70,898.55,899.50,902.81,"3,21,79,069","29,05,16,31,627.75","3,62,106","63,58,858",19.76
TATASTEEL,EQ,2021-04-12,899.50,876.55,893.20,843.35,855.85,851.55,868.35,"2,21,35,504","19,22,12,65,866.40","3,02,778","32,89,066",14.86
TATASTEEL,EQ,2021-04-13,851.55,862.00,881.60,849.00,878.95,879.00,868.07,"2,04,28,502","17,73,32,71,789.35","2,46,512","21,69,612",10.62
TATASTEEL,EQ,2021-04-15,879.00,892.00,911.50,879.50,894.00,898.20,895.21,"2,18,56,357","19,56,60,18,525.20","2,85,071","33,80,477",15.47
TATASTEEL,EQ,2021-04-16,898.20,903.80,914.40,886.25,887.25,890.25,901.15,"1,73,98,598","15,67,88,26,911.20","2,17,303","27,86,663",16.02
TATASTEEL,EQ,2021-04-19,890.25,869.80,899.00,860.00,886.05,888.05,885.77,"1,91,46,996","16,95,98,13,271.25","2,55,168","24,11,869",12.6
TATASTEEL,EQ,2021-04-20,888.05,900.00,905.75,882.00,892.35,894.00,894.65,"1,69,15,293","15,13,32,70,032.95","2,02,685","28,81,739",17.04
TATASTEEL,EQ,2021-04-22,894.00,899.95,938.65,897.05,922.50,921.40,926.15,"3,19,02,815","29,54,67,98,526.25","4,34,593","51,85,765",16.25
TATASTEEL,EQ,2021-04-23,921.40,929.80,945.00,910.75,924.55,925.60,930.73,"2,47,52,386","23,03,78,63,140.35","3,07,302","33,38,169",13.49
TATASTEEL,EQ,2021-04-26,925.60,935.00,956.00,930.05,942.50,940.75,942.98,"2,12,34,858","20,02,40,66,611.35","2,74,958","45,84,617",21.59
TATASTEEL,EQ,2021-04-27,940.75,948.30,983.00,944.30,982.00,977.75,965.43,"2,49,04,515","24,04,34,62,401.50","3,31,493","35,75,969",14.36
TATASTEEL,EQ,2021-04-28,977.75,985.00,986.00,962.00,971.00,971.40,972.08,"2,04,47,968","19,87,70,03,898.35","2,55,599","35,50,908",17.37
TATASTEEL,EQ,2021-04-29,971.40,983.00,"1,036.95",983.00,"1,035.00","1,031.35","1,015.76","4,47,18,647","45,42,35,91,343.45","5,54,647","55,39,528",12.39
TATASTEEL,EQ,2021-04-30,"1,031.35","1,024.00","1,052.60","1,011.10","1,025.60","1,034.00","1,031.95","2,81,29,738","29,02,85,37,385.50","3,85,840","35,36,863",12.57
TATASTEEL,EQ,2021-05-03,"1,034.00","1,031.95","1,069.00","1,018.50","1,067.10","1,064.75","1,047.74","2,64,84,100","27,74,84,24,330.00","3,38,503","43,93,404",16.59
TATASTEEL,EQ,2021-05-04,"1,064.75","1,074.45","1,086.65","1,057.55","1,066.85","1,063.85","1,072.68","2,49,61,628","26,77,58,68,250.65","3,09,589","50,45,352",20.21
TATASTEEL,EQ,2021-05-05,"1,063.85","1,084.00","1,088.35","1,047.00","1,071.05","1,070.15","1,067.25","1,92,49,839","20,54,43,63,912.95","2,69,242","26,23,026",13.63
TATASTEEL,EQ,2021-05-06,"1,070.15","1,055.00","1,129.00","1,042.50","1,103.00","1,100.90","1,103.47","4,64,34,537","51,23,91,88,167.35","6,81,778","41,17,454",8.87
TATASTEEL,EQ,2021-05-07,"1,100.90","1,135.00","1,192.00","1,130.10","1,183.60","1,182.35","1,163.52","5,40,75,433","62,91,77,75,342.00","7,28,233","53,06,410",9.81
TATASTEEL,EQ,2021-05-10,"1,182.35","1,210.00","1,229.00","1,200.00","1,218.50","1,216.35","1,214.33","2,80,80,884","34,09,94,93,809.45","4,17,490","42,78,037",15.23
TATASTEEL,EQ,2021-05-11,"1,216.35","1,190.00","1,246.00","1,176.90","1,230.00","1,233.90","1,217.71","4,11,08,381","50,05,80,54,090.20","5,69,871","88,93,326",21.63
TATASTEEL,EQ,2021-05-12,"1,233.90","1,231.95","1,246.85","1,163.25","1,175.00","1,179.15","1,212.56","3,08,89,192","37,45,49,43,942.30","4,68,627","46,93,330",15.19
TATASTEEL,EQ,2021-05-14,"1,179.15","1,185.00","1,185.00","1,115.20","1,130.05","1,132.10","1,143.25","3,76,48,032","43,04,10,05,388.50","5,97,919","62,19,902",16.52
TATASTEEL,EQ,2021-05-17,"1,132.10","1,138.00","1,158.20","1,103.50","1,153.45","1,150.85","1,128.94","2,87,53,430","32,46,09,24,909.10","4,14,106","44,95,577",15.63
TATASTEEL,EQ,2021-05-18,"1,150.85","1,175.00","1,196.45","1,157.05","1,179.45","1,180.00","1,180.26","2,45,73,880","29,00,36,46,810.20","3,52,679","52,64,433",21.42
TATASTEEL,EQ,2021-05-19,"1,180.00","1,173.00","1,189.55","1,158.00","1,161.00","1,164.25","1,171.83","1,74,35,026","20,43,08,22,775.25","2,64,120","48,20,419",27.65
TATASTEEL,EQ,2021-05-20,"1,164.25","1,131.10","1,135.50","1,098.05","1,104.90","1,105.05","1,113.32","2,84,46,253","31,66,98,51,246.20","4,52,379","68,85,537",24.21
TATASTEEL,EQ,2021-05-21,"1,105.05","1,114.00","1,123.90","1,105.85","1,112.00","1,113.10","1,115.07","1,41,04,926","15,72,79,54,213.70","2,10,863","29,47,166",20.89
TATASTEEL,EQ,2021-05-24,"1,113.10","1,108.00","1,108.95","1,082.10","1,091.50","1,092.00","1,093.18","1,89,23,842","20,68,72,05,791.85","3,22,358","39,38,730",20.81
TATASTEEL,EQ,2021-05-25,"1,092.00","1,101.95","1,125.95","1,100.00","1,105.35","1,105.20","1,111.75","1,81,13,752","20,13,79,71,434.75","2,66,155","29,72,460",16.41
TATASTEEL,EQ,2021-05-26,"1,105.20","1,090.50","1,094.00","1,072.50","1,080.05","1,082.15","1,082.72","1,54,32,703","16,70,93,52,126.00","2,49,398","33,85,808",21.94
TATASTEEL,EQ,2021-05-27,"1,082.15","1,082.15","1,109.75","1,075.00","1,101.90","1,096.65","1,093.38","2,27,91,032","24,91,92,51,285.25","2,92,218","70,28,980",30.84
TATASTEEL,EQ,2021-05-28,"1,096.65","1,131.00","1,143.60","1,097.45","1,104.00","1,103.50","1,123.52","1,92,08,581","21,58,12,20,030.25","2,86,542","38,47,583",20.03
TATASTEEL,EQ,2021-05-31,"1,103.50","1,112.00","1,129.65","1,099.00","1,127.05","1,125.65","1,116.06","1,54,28,647","17,21,93,10,719.90","2,56,408","27,76,822",18.0
TATASTEEL,EQ,2021-06-01,"1,125.65","1,120.00","1,123.00","1,085.50","1,100.70","1,100.90","1,099.68","1,76,90,925","19,45,43,41,857.60","3,16,676","43,29,557",24.47
TATASTEEL,EQ,2021-06-02,"1,100.90","1,105.00","1,129.80","1,104.00","1,129.55","1,124.05","1,116.07","1,28,62,591","14,35,55,87,812.05","2,02,165","44,76,081",34.8
TATASTEEL,EQ,2021-06-03,"1,124.05","1,129.55","1,139.75","1,113.00","1,117.55","1,122.00","1,125.33","1,21,09,477","13,62,71,06,848.35","2,06,951","34,32,053",28.34
TATASTEEL,EQ,2021-06-04,"1,122.00","1,116.00","1,128.80","1,107.00","1,120.00","1,120.70","1,116.20","97,13,347","10,84,20,04,340.30","1,60,001","20,25,130",20.85
TATASTEEL,EQ,2021-06-07,"1,120.70","1,130.00","1,150.00","1,125.55","1,128.45","1,128.70","1,136.33","1,22,18,592","13,88,43,74,724.30","1,97,050","33,45,018",27.38
TATASTEEL,EQ,2021-06-08,"1,128.70","1,132.70","1,132.70","1,100.05","1,110.00","1,111.10","1,110.00","1,08,34,373","12,02,61,37,998.05","1,91,239","30,46,224",28.12
TATASTEEL,EQ,2021-06-09,"1,111.10","1,117.00","1,128.00","1,093.95","1,100.00","1,101.00","1,109.80","1,11,14,338","12,33,47,16,005.65","2,04,628","34,22,001",30.79
TATASTEEL,EQ,2021-06-10,"1,101.00","1,109.30","1,125.80","1,102.90","1,116.00","1,114.45","1,115.83","77,76,764","8,67,75,78,776.60","1,29,554","20,74,944",26.68
TATASTEEL,EQ,2021-06-11,"1,114.45","1,127.80","1,164.60","1,113.10","1,163.10","1,158.35","1,138.98","1,74,45,856","19,87,04,03,850.40","2,63,906","43,31,859",24.83
TATASTEEL,EQ,2021-06-14,"1,158.35","1,168.00","1,178.65","1,140.00","1,164.50","1,164.80","1,166.05","1,60,31,264","18,69,31,78,119.75","2,79,545","29,62,208",18.48
TATASTEEL,EQ,2021-06-15,"1,164.80","1,170.00","1,186.80","1,160.10","1,173.00","1,174.30","1,176.27","97,68,102","11,48,99,17,319.05","1,92,729","27,48,130",28.13
TATASTEEL,EQ,2021-06-16,"1,174.30","1,169.00","1,184.75","1,131.65","1,140.00","1,142.15","1,150.86","1,75,21,107","20,16,44,13,988.70","3,27,146","42,17,090",24.07
TATASTEEL,EQ,2021-06-17,"1,142.15","1,118.95","1,133.80","1,095.65","1,105.50","1,103.75","1,112.10","1,62,07,687","18,02,45,97,695.60","3,14,441","38,13,390",23.53
TATASTEEL,EQ,2021-06-18,"1,103.75","1,105.00","1,109.90","1,050.25","1,095.15","1,092.30","1,081.54","4,03,47,077","43,63,70,94,872.50","4,25,612","1,81,14,387",44.9
TATASTEEL,EQ,2021-06-21,"1,092.30","1,070.00","1,109.00","1,063.65","1,106.00","1,106.15","1,093.29","1,30,01,432","14,21,43,10,071.05","2,30,827","32,22,639",24.79
TATASTEEL,EQ,2021-06-22,"1,106.15","1,114.20","1,131.00","1,106.50","1,109.75","1,112.30","1,118.56","90,24,634","10,09,46,35,818.35","1,65,896","19,84,199",21.99
TATASTEEL,EQ,2021-06-23,"1,112.30","1,120.50","1,127.55","1,097.85","1,101.70","1,100.10","1,113.57","78,06,336","8,69,28,92,936.40","1,35,920","14,41,212",18.46
TATASTEEL,EQ,2021-06-24,"1,100.10","1,105.00","1,120.50","1,098.45","1,119.00","1,113.15","1,111.66","72,39,470","8,04,78,56,838.60","1,11,903","16,67,934",23.04
TATASTEEL,EQ,2021-06-25,"1,113.15","1,135.00","1,170.00","1,130.00","1,165.50","1,165.25","1,157.46","1,80,22,770","20,86,06,37,702.50","2,97,315","40,41,495",22.42
TATASTEEL,EQ,2021-06-28,"1,165.25","1,174.00","1,189.00","1,163.00","1,185.00","1,184.00","1,178.64","1,16,60,335","13,74,33,23,937.65","1,88,990","20,73,657",17.78
TATASTEEL,EQ,2021-06-29,"1,184.00","1,184.50","1,192.00","1,165.55","1,174.25","1,172.55","1,176.74","78,03,759","9,18,30,11,302.90","1,52,319","13,44,220",17.23
TATASTEEL,EQ,2021-06-30,"1,172.55","1,181.05","1,191.00","1,162.80","1,164.95","1,166.60","1,179.73","80,43,267","9,48,88,62,908.35","1,52,274","13,65,428",16.98
TATASTEEL,EQ,2021-07-01,"1,166.60","1,171.90","1,176.80","1,156.45","1,162.90","1,163.55","1,166.47","56,14,928","6,54,96,50,935.90","1,02,568","10,36,848",18.47
TATASTEEL,EQ,2021-07-02,"1,163.55","1,166.00","1,166.80","1,130.20","1,137.90","1,136.00","1,144.91","75,73,407","8,67,09,00,665.50","1,44,117","15,75,340",20.8
TATASTEEL,EQ,2021-07-05,"1,136.00","1,146.00","1,161.80","1,136.00","1,158.50","1,156.85","1,148.17","76,79,900","8,81,78,45,701.80","1,51,161","13,22,637",17.22
TATASTEEL,EQ,2021-07-06,"1,156.85","1,158.65","1,178.00","1,150.25","1,165.90","1,167.25","1,165.16","91,46,835","10,65,75,28,428.15","1,70,937","17,07,048",18.66
TATASTEEL,EQ,2021-07-07,"1,167.25","1,167.95","1,225.00","1,158.50","1,225.00","1,218.65","1,195.87","1,67,45,626","20,02,55,14,634.10","2,74,187","32,40,117",19.35
TATASTEEL,EQ,2021-07-08,"1,218.65","1,225.00","1,230.00","1,181.20","1,190.00","1,189.75","1,205.09","1,24,10,585","14,95,59,01,482.35","2,29,065","21,84,368",17.6
TATASTEEL,EQ,2021-07-09,"1,189.75","1,192.00","1,244.10","1,188.00","1,239.75","1,239.35","1,220.40","1,78,59,356","21,79,55,26,924.75","3,05,588","25,02,871",14.01
TATASTEEL,EQ,2021-07-12,"1,239.35","1,251.00","1,258.50","1,218.35","1,225.00","1,226.95","1,241.20","1,66,47,775","20,66,32,48,657.40","2,86,823","24,40,490",14.66
TATASTEEL,EQ,2021-07-13,"1,226.95","1,238.00","1,243.45","1,223.10","1,229.50","1,228.75","1,233.12","79,15,528","9,76,07,95,661.35","1,44,718","17,83,829",22.54
TATASTEEL,EQ,2021-07-14,"1,228.75","1,231.95","1,247.70","1,219.00","1,243.40","1,244.70","1,235.34","83,41,388","10,30,44,19,016.60","1,50,710","21,16,961",25.38
TATASTEEL,EQ,2021-07-15,"1,244.70","1,246.10","1,265.80","1,237.70","1,257.60","1,255.95","1,253.63","96,55,551","12,10,44,91,972.80","1,86,722","30,14,831",31.22
TATASTEEL,EQ,2021-07-16,"1,255.95","1,264.70","1,281.30","1,259.05","1,274.75","1,278.45","1,270.98","84,96,925","10,79,94,41,556.65","1,66,436","21,03,392",24.75
TATASTEEL,EQ,2021-07-19,"1,278.45","1,259.00","1,290.90","1,253.70","1,264.05","1,266.40","1,274.28","89,04,629","11,34,69,74,829.05","1,73,387","21,63,692",24.3
TATASTEEL,EQ,2021-07-20,"1,266.40","1,272.00","1,272.30","1,225.00","1,231.95","1,233.35","1,241.77","85,79,940","10,65,42,93,471.65","1,70,242","20,27,654",23.63
TATASTEEL,EQ,2021-07-22,"1,233.35","1,249.00","1,277.95","1,248.00","1,277.95","1,273.00","1,265.92","78,94,024","9,99,31,64,000.85","1,61,316","18,04,392",22.86
TATASTEEL,EQ,2021-07-23,"1,273.00","1,279.35","1,295.50","1,274.00","1,279.05","1,281.40","1,284.66","86,41,865","11,10,18,67,403.05","1,70,796","12,73,512",14.74
TATASTEEL,EQ,2021-07-26,"1,281.40","1,289.00","1,308.25","1,278.05","1,297.00","1,297.95","1,294.88","86,78,433","11,23,75,53,130.25","1,72,836","15,80,284",18.21
TATASTEEL,EQ,2021-07-27,"1,297.95","1,315.00","1,334.50","1,308.05","1,333.50","1,330.65","1,322.41","1,03,41,382","13,67,55,47,882.25","1,74,851","22,95,484",22.2
TATASTEEL,EQ,2021-07-28,"1,330.65","1,332.00","1,369.95","1,306.20","1,368.05","1,365.00","1,337.80","1,28,35,125","17,17,08,84,417.60","2,20,148","19,79,862",15.43
TATASTEEL,EQ,2021-07-29,"1,365.00","1,375.00","1,481.80","1,368.00","1,458.00","1,458.60","1,434.83","3,00,61,041","43,13,25,88,858.65","4,86,413","58,53,876",19.47
TATASTEEL,EQ,2021-07-30,"1,458.60","1,455.65","1,472.70","1,427.80","1,435.25","1,434.30","1,451.63","1,40,49,265","20,39,43,26,177.20","2,53,239","28,53,077",20.31
TATASTEEL,EQ,2021-08-02,"1,434.30","1,446.00","1,447.00","1,405.50","1,413.00","1,410.05","1,418.61","97,68,920","13,85,82,39,053.10","2,01,290","20,79,446",21.29
TATASTEEL,EQ,2021-08-03,"1,410.05","1,414.00","1,420.85","1,390.35","1,407.25","1,407.20","1,405.32","86,40,560","12,14,27,58,072.35","2,11,723","20,02,020",23.17
TATASTEEL,EQ,2021-08-04,"1,407.20","1,420.00","1,448.00","1,405.10","1,415.30","1,416.20","1,425.42","1,12,89,435","16,09,21,99,774.60","2,25,892","15,37,434",13.62
TATASTEEL,EQ,2021-08-05,"1,416.20","1,415.30","1,450.00","1,387.50","1,449.00","1,446.60","1,418.11","1,62,21,799","23,00,42,57,192.75","2,74,552","49,34,109",30.42
TATASTEEL,EQ,2021-08-06,"1,446.60","1,449.00","1,457.00","1,426.00","1,428.00","1,428.85","1,439.73","96,74,025","13,92,80,12,701.80","2,13,124","19,40,083",20.05
TATASTEEL,EQ,2021-08-09,"1,428.85","1,434.00","1,443.25","1,405.40","1,408.50","1,412.20","1,422.93","78,59,493","11,18,34,84,133.25","1,75,185","12,48,629",15.89
TATASTEEL,EQ,2021-08-10,"1,412.20","1,412.00","1,418.00","1,367.20","1,372.15","1,373.60","1,394.64","84,51,623","11,78,69,65,575.25","1,90,548","18,37,578",21.74
TATASTEEL,EQ,2021-08-11,"1,373.60","1,390.00","1,429.70","1,384.20","1,428.50","1,426.20","1,408.16","1,45,35,357","20,46,80,76,905.85","3,04,687","22,92,616",15.77
TATASTEEL,EQ,2021-08-12,"1,426.20","1,436.00","1,444.70","1,416.55","1,433.65","1,435.35","1,431.30","1,09,43,108","15,66,29,16,646.65","1,89,925","31,18,141",28.49
TATASTEEL,EQ,2021-08-13,"1,435.35","1,405.00","1,476.60","1,390.65","1,467.25","1,461.65","1,435.19","2,89,69,872","41,57,72,65,262.50","5,07,280","41,23,626",14.23
TATASTEEL,EQ,2021-08-16,"1,461.65","1,484.00","1,534.50","1,472.20","1,515.30","1,519.40","1,503.26","2,71,14,488","40,76,01,62,318.70","4,70,948","48,50,858",17.89
TATASTEEL,EQ,2021-08-17,"1,519.40","1,519.40","1,534.00","1,491.75","1,501.45","1,503.70","1,514.32","1,89,70,923","28,72,80,12,846.30","3,62,892","38,69,882",20.4
TATASTEEL,EQ,2021-08-18,"1,503.70","1,509.45","1,518.90","1,488.20","1,497.20","1,500.45","1,502.14","1,23,31,745","18,52,39,55,013.75","2,52,131","31,51,078",25.55
TATASTEEL,EQ,2021-08-20,"1,500.45","1,445.05","1,447.00","1,362.80","1,367.70","1,375.60","1,412.52","2,73,40,069","38,61,83,63,329.50","5,86,431","76,94,095",28.14
TATASTEEL,EQ,2021-08-23,"1,375.60","1,402.00","1,409.80","1,310.75","1,362.30","1,358.65","1,366.21","2,29,25,729","31,32,13,97,175.00","4,38,033","30,31,294",13.22
TATASTEEL,EQ,2021-08-24,"1,358.65","1,382.00","1,420.00","1,377.00","1,407.15","1,404.65","1,399.79","1,76,07,579","24,64,68,45,916.00","3,29,898","36,52,886",20.75
TATASTEEL,EQ,2021-08-25,"1,404.65","1,418.00","1,426.00","1,380.75","1,390.60","1,390.20","1,405.45","1,25,65,010","17,65,94,52,557.20","2,34,330","24,24,149",19.29
TATASTEEL,EQ,2021-08-26,"1,390.20","1,390.40","1,394.75","1,365.00","1,376.80","1,375.05","1,377.36","91,57,898","12,61,37,55,303.65","1,81,905","19,40,585",21.19
TATASTEEL,EQ,2021-08-27,"1,375.05","1,379.00","1,394.45","1,375.85","1,382.40","1,384.15","1,385.73","73,94,081","10,24,61,83,944.60","1,48,295","11,84,022",16.01
TATASTEEL,EQ,2021-08-30,"1,384.15","1,399.00","1,445.00","1,398.00","1,436.70","1,440.60","1,430.46","1,34,44,387","19,23,16,96,469.15","2,64,920","32,46,852",24.15
TATASTEEL,EQ,2021-08-31,"1,440.60","1,445.00","1,459.00","1,432.00","1,447.10","1,450.25","1,449.25","2,47,52,108","35,87,19,18,020.50","2,41,285","1,04,49,451",42.22
TATASTEEL,EQ,2021-09-01,"1,450.25","1,451.25","1,455.50","1,407.00","1,410.95","1,411.20","1,422.05","88,12,897","12,53,23,64,367.30","1,88,156","20,85,524",23.66
TATASTEEL,EQ,2021-09-02,"1,411.20","1,411.00","1,432.00","1,410.00","1,424.90","1,425.10","1,421.37","61,48,046","8,73,86,34,439.10","1,35,353","15,55,760",25.3
TATASTEEL,EQ,2021-09-03,"1,425.10","1,428.00","1,452.95","1,416.45","1,440.15","1,443.65","1,436.58","84,52,382","12,14,24,93,020.30","1,67,684","15,70,008",18.57
TATASTEEL,EQ,2021-09-06,"1,443.65","1,447.00","1,451.95","1,423.15","1,435.45","1,437.00","1,436.17","69,58,676","9,99,38,57,812.30","1,46,049","10,95,581",15.74
TATASTEEL,EQ,2021-09-07,"1,437.00","1,444.00","1,459.00","1,420.65","1,421.50","1,428.70","1,439.40","63,52,717","9,14,41,23,989.00","1,45,446","11,69,405",18.41
TATASTEEL,EQ,2021-09-08,"1,428.70","1,426.00","1,442.65","1,418.60","1,428.00","1,429.85","1,430.46","46,76,224","6,68,91,52,680.65","1,14,775","9,16,268",19.59
TATASTEEL,EQ,2021-09-09,"1,429.85","1,420.00","1,451.95","1,420.00","1,446.90","1,447.00","1,441.08","53,13,030","7,65,64,86,787.90","1,37,267","13,76,404",25.91
TATASTEEL,EQ,2021-09-13,"1,447.00","1,447.00","1,472.00","1,436.50","1,470.00","1,463.45","1,451.62","56,70,208","8,23,09,85,329.30","1,33,505","18,10,526",31.93
TATASTEEL,EQ,2021-09-14,"1,463.45","1,476.00","1,476.00","1,449.00","1,451.40","1,452.30","1,461.40","55,03,767","8,04,32,10,155.50","1,33,997","13,78,792",25.05
TATASTEEL,EQ,2021-09-15,"1,452.30","1,452.30","1,463.70","1,444.40","1,453.05","1,455.10","1,454.40","44,17,464","6,42,47,49,303.25","1,17,061","10,27,992",23.27
TATASTEEL,EQ,2021-09-16,"1,455.10","1,460.00","1,471.90","1,431.25","1,436.90","1,436.75","1,445.76","56,06,797","8,10,61,01,676.10","1,48,967","17,44,938",31.12
TATASTEEL,EQ,2021-09-17,"1,436.75","1,437.00","1,440.30","1,360.00","1,382.80","1,385.90","1,387.18","1,95,72,030","27,14,99,60,524.40","4,45,794","77,96,326",39.83
TATASTEEL,EQ,2021-09-20,"1,385.90","1,350.00","1,351.90","1,247.35","1,247.35","1,253.10","1,293.00","2,82,38,412","36,51,23,76,240.20","6,80,557","97,61,688",34.57
TATASTEEL,EQ,2021-09-21,"1,253.10","1,258.00","1,296.90","1,232.90","1,296.50","1,292.20","1,263.43","2,55,93,540","32,33,56,88,765.00","4,67,449","61,86,655",24.17
TATASTEEL,EQ,2021-09-22,"1,292.20","1,299.40","1,318.00","1,283.10","1,303.00","1,305.80","1,301.92","1,11,24,247","14,48,28,42,665.95","2,63,880","21,14,995",19.01
TATASTEEL,EQ,2021-09-23,"1,305.80","1,330.00","1,339.45","1,306.05","1,315.50","1,318.70","1,320.33","99,46,251","13,13,23,42,309.45","2,54,153","29,05,454",29.21
TATASTEEL,EQ,2021-09-24,"1,318.70","1,320.00","1,324.00","1,258.45","1,267.00","1,272.10","1,284.94","1,32,86,616","17,07,25,12,017.75","3,02,339","36,96,928",27.82
TATASTEEL,EQ,2021-09-27,"1,272.10","1,272.00","1,288.70","1,261.05","1,270.35","1,270.50","1,274.03","86,68,877","11,04,43,79,079.25","1,82,487","29,36,978",33.88
TATASTEEL,EQ,2021-09-28,"1,270.50","1,273.45","1,296.80","1,263.00","1,279.00","1,280.95","1,281.17","81,00,736","10,37,84,37,351.35","1,55,092","18,05,448",22.29
TATASTEEL,EQ,2021-09-29,"1,280.95","1,270.00","1,309.80","1,267.20","1,293.80","1,295.55","1,290.68","94,94,577","12,25,44,27,544.50","2,00,121","23,65,838",24.92
TATASTEEL,EQ,2021-09-30,"1,295.55","1,303.00","1,316.40","1,283.85","1,285.50","1,288.90","1,296.97","75,14,568","9,74,61,66,693.75","1,58,511","19,36,342",25.77
TATASTEEL,EQ,2021-10-01,"1,288.90","1,275.00","1,311.00","1,265.00","1,294.05","1,297.85","1,294.19","90,37,470","11,69,62,19,086.00","1,82,801","14,78,665",16.36
TATASTEEL,EQ,2021-10-04,"1,297.85","1,297.85","1,327.75","1,280.40","1,322.00","1,324.15","1,307.13","96,90,237","12,66,64,04,492.70","1,96,296","25,66,425",26.48
TATASTEEL,EQ,2021-10-05,"1,324.15","1,314.00","1,332.70","1,310.15","1,317.75","1,316.85","1,320.41","57,95,216","7,65,20,41,813.90","1,13,241","14,77,245",25.49
TATASTEEL,EQ,2021-10-06,"1,316.85","1,319.90","1,328.60","1,273.15","1,274.00","1,279.90","1,298.51","86,31,693","11,20,83,69,774.40","1,82,555","27,83,077",32.24
TATASTEEL,EQ,2021-10-07,"1,279.90","1,295.00","1,306.80","1,283.55","1,288.55","1,289.20","1,294.68","46,03,367","5,95,98,81,711.45","1,00,335","9,49,075",20.62
TATASTEEL,EQ,2021-10-08,"1,289.20","1,302.00","1,344.05","1,296.35","1,302.80","1,301.15","1,318.02","1,07,22,015","14,13,18,42,227.65","2,09,592","21,56,774",20.12
TATASTEEL,EQ,2021-10-11,"1,301.15","1,305.00","1,327.35","1,298.00","1,314.00","1,313.20","1,313.46","63,49,658","8,34,00,10,808.85","1,54,072","21,12,120",33.26
TATASTEEL,EQ,2021-10-12,"1,313.20","1,313.20","1,335.00","1,305.00","1,327.70","1,329.10","1,322.05","60,97,019","8,06,05,57,067.10","1,27,459","17,72,606",29.07
TATASTEEL,EQ,2021-10-13,"1,329.10","1,325.50","1,376.55","1,318.05","1,356.50","1,354.30","1,357.30","1,32,85,718","18,03,27,05,350.55","2,70,178","41,23,819",31.04
TATASTEEL,EQ,2021-10-14,"1,354.30","1,374.00","1,390.60","1,354.00","1,372.50","1,375.05","1,375.35","82,27,371","11,31,54,79,685.40","2,25,847","30,86,227",37.51
TATASTEEL,EQ,2021-10-18,"1,375.05","1,418.00","1,424.75","1,391.10","1,408.00","1,411.05","1,412.00","1,09,23,230","15,42,36,38,710.65","2,54,274","35,04,738",32.09
TATASTEEL,EQ,2021-10-19,"1,411.05","1,421.00","1,426.55","1,357.55","1,369.00","1,366.90","1,395.29","87,56,924","12,21,84,21,090.85","1,81,679","27,02,284",30.86
TATASTEEL,EQ,2021-10-20,"1,366.90","1,372.00","1,376.00","1,326.65","1,344.00","1,343.30","1,352.99","69,75,774","9,43,81,43,064.85","1,58,821","17,14,535",24.58
TATASTEEL,EQ,2021-10-21,"1,343.30","1,356.70","1,357.85","1,289.70","1,317.00","1,314.70","1,322.44","83,57,573","11,05,24,15,947.65","1,80,536","24,02,961",28.75
TATASTEEL,EQ,2021-10-22,"1,314.70","1,320.00","1,324.65","1,271.00","1,295.00","1,296.25","1,295.44","80,71,289","10,45,58,63,988.15","1,82,525","21,31,212",26.4
TATASTEEL,EQ,2021-10-25,"1,296.25","1,302.00","1,316.00","1,267.25","1,290.50","1,293.30","1,295.98","64,18,501","8,31,82,55,045.90","1,46,749","16,02,769",24.97
TATASTEEL,EQ,2021-10-26,"1,293.30","1,303.00","1,351.00","1,301.45","1,347.00","1,343.65","1,327.59","77,22,875","10,25,28,44,348.05","1,62,605","25,45,299",32.96
TATASTEEL,EQ,2021-10-27,"1,343.65","1,346.00","1,351.70","1,321.25","1,325.00","1,326.15","1,340.29","72,41,804","9,70,61,28,183.35","1,36,011","29,79,382",41.14
TATASTEEL,EQ,2021-10-28,"1,326.15","1,314.90","1,315.95","1,291.10","1,299.20","1,299.60","1,300.93","93,07,682","12,10,86,36,657.30","2,19,433","42,57,093",45.74
TATASTEEL,EQ,2021-10-29,"1,299.60","1,290.25","1,333.70","1,290.00","1,317.65","1,315.95","1,318.31","79,14,760","10,43,41,41,529.65","2,03,572","26,60,140",33.61
TATASTEEL,EQ,2021-11-01,"1,315.95","1,340.00","1,372.90","1,330.00","1,362.00","1,364.90","1,357.99","96,87,533","13,15,55,51,551.55","2,19,727","25,74,953",26.58
TATASTEEL,EQ,2021-11-02,"1,364.90","1,370.00","1,370.00","1,310.80","1,318.00","1,313.65","1,336.72","72,16,137","9,64,59,62,698.75","1,49,207","28,56,866",39.59
TATASTEEL,EQ,2021-11-03,"1,313.65","1,324.80","1,332.00","1,312.00","1,326.00","1,326.05","1,322.50","57,30,244","7,57,82,72,364.25","1,14,824","14,19,427",24.77
TATASTEEL,EQ,2021-11-04,"1,326.05","1,331.00","1,335.00","1,324.10","1,326.45","1,325.90","1,329.31","6,74,434","89,65,31,428.35","24,458","2,73,069",40.49
TATASTEEL,EQ,2021-11-08,"1,325.90","1,340.90","1,347.65","1,306.10","1,340.95","1,343.25","1,331.26","54,93,667","7,31,35,06,276.30","1,29,169","14,89,931",27.12
TATASTEEL,EQ,2021-11-09,"1,343.25","1,342.85","1,360.30","1,328.85","1,337.40","1,335.95","1,343.01","47,56,516","6,38,80,69,232.80","1,10,877","12,29,957",25.86
TATASTEEL,EQ,2021-11-10,"1,335.95","1,328.00","1,329.00","1,287.10","1,297.50","1,298.55","1,300.47","1,18,80,417","15,45,00,91,711.30","2,95,166","40,47,117",34.07
TATASTEEL,EQ,2021-11-11,"1,298.55","1,304.90","1,324.50","1,288.35","1,300.00","1,299.60","1,306.58","1,36,63,860","17,85,28,75,262.10","2,90,972","42,09,885",30.81
TATASTEEL,EQ,2021-11-12,"1,299.60","1,340.00","1,340.00","1,271.10","1,286.70","1,287.25","1,296.64","2,32,39,558","30,13,34,36,224.85","4,93,501","43,62,316",18.77
TATASTEEL,EQ,2021-11-15,"1,287.25","1,295.00","1,299.00","1,241.50","1,244.50","1,245.45","1,264.54","1,21,08,215","15,31,13,46,641.25","3,61,479","39,41,538",32.55
TATASTEEL,EQ,2021-11-16,"1,245.45","1,245.45","1,261.05","1,223.70","1,225.50","1,228.80","1,241.24","1,23,14,880","15,28,57,26,669.75","3,05,404","46,15,973",37.48
TATASTEEL,EQ,2021-11-17,"1,228.80","1,225.00","1,237.40","1,215.10","1,217.50","1,220.05","1,225.21","87,80,204","10,75,75,64,425.00","2,27,497","26,43,373",30.11
TATASTEEL,EQ,2021-11-18,"1,220.05","1,223.60","1,228.30","1,182.00","1,187.90","1,186.60","1,198.02","1,01,08,351","12,11,00,42,265.25","2,65,526","25,83,488",25.56
TATASTEEL,EQ,2021-11-22,"1,186.60","1,188.10","1,196.80","1,146.00","1,166.80","1,165.05","1,174.23","96,21,001","11,29,72,25,184.30","2,21,574","34,15,264",35.5
TATASTEEL,EQ,2021-11-23,"1,165.05","1,168.05","1,209.00","1,165.15","1,190.05","1,192.05","1,194.72","93,82,963","11,21,00,58,495.30","2,15,369","22,84,172",24.34
TATASTEEL,EQ,2021-11-24,"1,192.05","1,200.40","1,202.95","1,171.15","1,173.50","1,178.50","1,192.33","67,67,101","8,06,86,50,466.05","1,55,600","19,96,960",29.51
TATASTEEL,EQ,2021-11-25,"1,178.50","1,180.00","1,186.60","1,166.00","1,173.50","1,173.65","1,175.39","47,50,286","5,58,34,38,162.65","1,24,738","12,32,862",25.95
TATASTEEL,EQ,2021-11-26,"1,173.65","1,157.90","1,159.50","1,106.25","1,110.25","1,112.30","1,127.98","1,06,45,526","12,00,79,42,478.50","2,83,059","29,35,379",27.57
TATASTEEL,EQ,2021-11-29,"1,112.30","1,112.30","1,137.00","1,075.05","1,109.90","1,114.75","1,115.07","93,92,991","10,47,38,59,931.15","2,38,792","21,47,733",22.87
TATASTEEL,EQ,2021-11-30,"1,114.75","1,110.95","1,127.90","1,063.00","1,070.10","1,071.20","1,092.87","1,33,55,984","14,59,64,19,159.45","2,90,056","56,58,219",42.36
TATASTEEL,EQ,2021-12-01,"1,071.20","1,092.00","1,097.00","1,066.50","1,082.00","1,082.55","1,080.06","93,79,114","10,12,99,80,506.10","2,77,289","34,77,262",37.07
TATASTEEL,EQ,2021-12-02,"1,082.55","1,083.00","1,116.00","1,074.00","1,112.95","1,112.40","1,093.21","91,28,681","9,97,95,55,833.05","2,29,986","22,21,652",24.34
TATASTEEL,EQ,2021-12-03,"1,112.40","1,115.00","1,134.20","1,102.25","1,114.65","1,118.00","1,119.73","1,00,73,784","11,27,98,94,784.45","2,15,675","20,08,044",19.93
TATASTEEL,EQ,2021-12-06,"1,118.00","1,114.00","1,141.00","1,102.20","1,107.65","1,108.80","1,122.08","82,15,940","9,21,89,70,570.35","2,02,827","16,27,905",19.81
TATASTEEL,EQ,2021-12-07,"1,108.80","1,121.10","1,155.55","1,121.00","1,152.85","1,148.80","1,140.75","85,05,390","9,70,25,09,838.55","2,04,352","17,12,028",20.13
TATASTEEL,EQ,2021-12-08,"1,148.80","1,159.00","1,177.00","1,149.00","1,174.75","1,173.00","1,166.19","74,48,501","8,68,63,59,029.45","1,70,954","21,03,842",28.25
TATASTEEL,EQ,2021-12-09,"1,173.00","1,182.00","1,182.00","1,159.00","1,177.00","1,176.85","1,170.78","52,12,394","6,10,25,60,472.70","1,22,011","9,81,109",18.82
TATASTEEL,EQ,2021-12-10,"1,176.85","1,173.45","1,188.90","1,167.60","1,178.00","1,180.00","1,178.81","48,12,130","5,67,25,91,862.10","1,35,427","11,45,885",23.81
TATASTEEL,EQ,2021-12-13,"1,180.00","1,188.00","1,199.00","1,161.65","1,167.20","1,165.30","1,180.37","53,53,778","6,31,94,23,485.45","1,42,697","18,29,206",34.17
TATASTEEL,EQ,2021-12-14,"1,165.30","1,158.95","1,177.90","1,147.00","1,165.70","1,167.20","1,164.62","53,52,264","6,23,33,69,922.20","1,45,202","12,15,107",22.7
TATASTEEL,EQ,2021-12-15,"1,167.20","1,170.05","1,175.60","1,149.00","1,150.40","1,154.05","1,163.31","44,30,833","5,15,44,44,408.55","1,36,268","14,55,275",32.84
TATASTEEL,EQ,2021-12-16,"1,154.05","1,164.00","1,168.80","1,143.55","1,156.15","1,153.20","1,157.44","42,46,008","4,91,45,06,125.40","1,15,354","13,00,937",30.64
TATASTEEL,EQ,2021-12-17,"1,153.20","1,154.00","1,158.85","1,125.00","1,131.95","1,132.10","1,136.98","47,43,502","5,39,32,72,365.20","1,36,063","13,05,257",27.52
TATASTEEL,EQ,2021-12-20,"1,132.10","1,117.00","1,117.20","1,066.05","1,073.00","1,072.95","1,082.82","73,52,650","7,96,16,18,862.30","2,36,252","23,70,671",32.24
TATASTEEL,EQ,2021-12-21,"1,072.95","1,090.00","1,124.25","1,085.00","1,108.85","1,105.10","1,109.16","70,26,849","7,79,39,06,415.10","1,71,193","15,94,912",22.7
TATASTEEL,EQ,2021-12-22,"1,105.10","1,115.00","1,131.00","1,110.00","1,130.00","1,128.85","1,123.02","43,66,917","4,90,41,48,511.60","1,14,115","10,05,289",23.02
TATASTEEL,EQ,2021-12-23,"1,128.85","1,138.00","1,146.80","1,120.20","1,126.45","1,127.65","1,134.88","46,21,478","5,24,48,27,387.00","1,14,823","12,26,564",26.54
TATASTEEL,EQ,2021-12-24,"1,127.65","1,130.05","1,133.45","1,103.85","1,117.00","1,115.45","1,115.11","40,93,630","4,56,48,28,879.60","96,182","8,24,805",20.15
TATASTEEL,EQ,2021-12-27,"1,115.45","1,111.05","1,124.70","1,102.35","1,124.00","1,121.80","1,114.49","27,58,851","3,07,47,21,063.10","74,732","3,68,587",13.36
TATASTEEL,EQ,2021-12-28,"1,121.80","1,127.00","1,131.50","1,122.00","1,127.00","1,127.45","1,127.24","28,80,781","3,24,73,37,620.30","1,08,720","11,34,146",39.37
TATASTEEL,EQ,2021-12-29,"1,127.45","1,120.00","1,126.65","1,108.00","1,115.75","1,116.25","1,115.35","41,93,520","4,67,72,59,768.65","1,45,576","16,51,673",39.39
TATASTEEL,EQ,2021-12-30,"1,116.25","1,117.90","1,127.00","1,099.00","1,101.15","1,101.00","1,110.09","41,14,093","4,56,70,32,963.05","1,02,093","15,09,421",36.69
TATASTEEL,EQ,2021-12-31,"1,101.00","1,105.00","1,123.50","1,102.65","1,112.40","1,111.45","1,115.49","36,87,021","4,11,28,28,901.10","94,613","11,71,618",31.78
TATASTEEL,EQ,2022-01-03,"1,111.45","1,115.00","1,151.00","1,115.00","1,150.00","1,142.45","1,129.46","38,65,803","4,36,62,79,501.50","87,982","12,15,520",31.44
TATASTEEL,EQ,2022-01-04,"1,142.45","1,153.00","1,159.70","1,136.50","1,148.05","1,148.80","1,147.81","59,75,731","6,85,90,26,649.55","1,25,400","17,33,910",29.02
TATASTEEL,EQ,2022-01-05,"1,148.80","1,147.00","1,180.80","1,141.25","1,176.00","1,177.60","1,166.60","61,86,176","7,21,68,00,113.20","1,34,032","19,97,541",32.29
TATASTEEL,EQ,2022-01-06,"1,177.60","1,172.00","1,183.00","1,155.55","1,161.50","1,163.25","1,166.83","53,35,400","6,22,54,89,082.45","1,33,187","14,40,528",27.0
TATASTEEL,EQ,2022-01-07,"1,163.25","1,165.20","1,174.00","1,147.85","1,158.15","1,160.35","1,160.62","39,73,857","4,61,21,54,157.25","87,679","11,67,664",29.38
TATASTEEL,EQ,2022-01-10,"1,160.35","1,165.00","1,173.40","1,153.85","1,168.00","1,169.05","1,165.95","38,22,500","4,45,68,32,468.05","1,24,004","13,31,943",34.84
TATASTEEL,EQ,2022-01-11,"1,169.05","1,158.65","1,162.70","1,113.00","1,134.90","1,130.25","1,137.02","96,97,885","11,02,67,12,678.50","2,45,197","32,85,797",33.88
TATASTEEL,EQ,2022-01-12,"1,130.25","1,139.85","1,150.80","1,132.40","1,147.80","1,147.20","1,142.13","50,35,843","5,75,15,72,117.00","1,39,132","15,25,010",30.28
TATASTEEL,EQ,2022-01-13,"1,147.20","1,154.00","1,225.50","1,152.15","1,219.00","1,221.15","1,200.08","1,57,23,116","18,86,89,61,106.25","3,50,847","43,26,987",27.52
TATASTEEL,EQ,2022-01-14,"1,221.15","1,213.00","1,226.30","1,206.10","1,211.00","1,213.60","1,215.42","52,67,907","6,40,27,40,872.75","1,62,565","12,90,762",24.5
TATASTEEL,EQ,2022-01-17,"1,213.60","1,215.00","1,245.00","1,190.35","1,230.80","1,229.75","1,221.77","89,69,607","10,95,87,88,425.80","2,02,840","22,10,957",24.65
TATASTEEL,EQ,2022-01-18,"1,229.75","1,230.00","1,233.75","1,190.00","1,196.95","1,194.85","1,209.80","58,40,897","7,06,63,37,357.80","1,50,353","17,97,537",30.78
TATASTEEL,EQ,2022-01-19,"1,194.85","1,196.00","1,220.90","1,183.00","1,208.00","1,209.60","1,204.89","73,04,321","8,80,08,84,092.50","1,86,907","13,35,466",18.28
TATASTEEL,EQ,2022-01-20,"1,209.60","1,210.10","1,224.00","1,197.00","1,209.90","1,206.70","1,212.03","59,20,597","7,17,59,12,863.90","1,59,207","15,26,225",25.78
TATASTEEL,EQ,2022-01-21,"1,206.70","1,200.00","1,204.30","1,156.35","1,169.10","1,169.70","1,177.49","71,66,267","8,43,81,84,184.45","1,70,921","20,48,736",28.59
TATASTEEL,EQ,2022-01-24,"1,169.70","1,160.00","1,163.65","1,090.00","1,100.50","1,099.20","1,121.02","83,92,076","9,40,76,99,634.20","2,79,320","30,51,606",36.36
TATASTEEL,EQ,2022-01-25,"1,099.20","1,094.70","1,121.00","1,087.05","1,105.95","1,109.10","1,107.84","57,33,063","6,35,13,34,528.60","2,06,703","15,55,235",27.13
TATASTEEL,EQ,2022-01-27,"1,109.10","1,090.00","1,103.45","1,061.30","1,090.65","1,088.35","1,082.03","90,56,656","9,79,95,78,271.55","2,71,554","22,44,835",24.79
TATASTEEL,EQ,2022-01-28,"1,088.35","1,105.85","1,125.75","1,080.95","1,086.00","1,084.65","1,108.99","78,64,893","8,72,20,67,779.45","1,92,376","20,44,249",25.99
TATASTEEL,EQ,2022-01-31,"1,084.65","1,109.90","1,114.60","1,080.50","1,085.00","1,085.55","1,096.19","55,70,939","6,10,68,08,797.40","1,72,294","12,83,038",23.03
TATASTEEL,EQ,2022-02-01,"1,085.55","1,104.90","1,174.45","1,086.40","1,166.55","1,167.35","1,134.27","1,70,75,268","19,36,79,52,076.85","3,64,400","31,22,607",18.29
TATASTEEL,EQ,2022-02-02,"1,167.35","1,179.90","1,179.90","1,158.30","1,168.00","1,167.50","1,166.61","75,24,734","8,77,84,50,173.45","1,78,662","16,33,416",21.71
TATASTEEL,EQ,2022-02-03,"1,167.50","1,153.00","1,181.70","1,146.30","1,163.00","1,166.60","1,169.68","65,14,090","7,61,94,18,043.55","1,51,104","9,16,256",14.07
TATASTEEL,EQ,2022-02-04,"1,166.60","1,173.80","1,197.75","1,170.25","1,174.40","1,176.30","1,184.03","93,17,418","11,03,20,97,305.30","2,12,738","15,65,436",16.8
TATASTEEL,EQ,2022-02-07,"1,176.30","1,168.30","1,214.60","1,161.00","1,184.95","1,183.00","1,194.31","1,45,10,525","17,33,01,02,163.95","3,21,698","24,68,210",17.01
TATASTEEL,EQ,2022-02-08,"1,183.00","1,195.00","1,222.40","1,171.50","1,219.50","1,219.60","1,202.55","1,40,83,984","16,93,66,57,066.70","3,16,614","30,87,211",21.92
TATASTEEL,EQ,2022-02-09,"1,219.60","1,231.00","1,234.00","1,208.15","1,218.00","1,222.35","1,219.80","73,52,060","8,96,80,09,893.95","1,67,342","18,41,908",25.05
TATASTEEL,EQ,2022-02-10,"1,222.35","1,230.00","1,254.25","1,226.00","1,247.30","1,248.35","1,244.12","93,92,057","11,68,48,09,977.10","2,22,188","30,46,067",32.43
TATASTEEL,EQ,2022-02-11,"1,248.35","1,239.00","1,264.95","1,233.10","1,251.80","1,254.45","1,252.44","96,76,226","12,11,88,83,254.80","2,11,755","27,54,991",28.47
TATASTEEL,EQ,2022-02-14,"1,254.45","1,220.10","1,227.75","1,180.10","1,183.25","1,186.85","1,202.85","80,21,613","9,64,88,20,655.15","2,11,234","20,07,705",25.03
TATASTEEL,EQ,2022-02-15,"1,186.85","1,196.85","1,212.00","1,151.55","1,204.95","1,207.75","1,179.18","1,01,88,921","12,01,45,82,504.45","2,38,309","14,66,994",14.4
TATASTEEL,EQ,2022-02-16,"1,207.75","1,215.00","1,217.90","1,186.50","1,187.95","1,191.80","1,199.11","66,09,214","7,92,51,41,990.10","1,71,088","10,34,623",15.65
TATASTEEL,EQ,2022-02-17,"1,191.80","1,201.10","1,209.50","1,186.15","1,190.00","1,190.95","1,197.29","56,55,792","6,77,16,43,720.60","1,17,118","10,80,967",19.11
TATASTEEL,EQ,2022-02-18,"1,190.95","1,187.00","1,205.00","1,183.00","1,191.00","1,190.80","1,196.74","47,25,120","5,65,47,46,883.90","1,19,821","8,34,039",17.65
TATASTEEL,EQ,2022-02-21,"1,190.80","1,188.00","1,202.00","1,174.40","1,181.00","1,181.85","1,188.32","49,78,732","5,91,63,28,122.20","1,17,333","5,87,877",11.81
TATASTEEL,EQ,2022-02-22,"1,181.85","1,158.00","1,166.65","1,119.25","1,134.00","1,138.70","1,141.03","93,85,857","10,70,95,65,886.60","2,22,627","20,78,541",22.15
TATASTEEL,EQ,2022-02-23,"1,138.70","1,148.00","1,152.60","1,134.00","1,137.90","1,139.00","1,143.60","49,60,838","5,67,32,17,190.30","1,29,498","7,38,406",14.88
TATASTEEL,EQ,2022-02-24,"1,139.00","1,094.00","1,119.95","1,067.10","1,079.00","1,074.00","1,095.75","1,21,26,867","13,28,80,73,810.50","3,24,643","36,60,968",30.19
TATASTEEL,EQ,2022-02-25,"1,074.00","1,097.70","1,150.70","1,095.60","1,144.95","1,145.35","1,136.16","92,12,886","10,46,73,47,648.45","2,26,899","24,33,231",26.41
TATASTEEL,EQ,2022-02-28,"1,145.35","1,134.00","1,225.00","1,129.20","1,217.90","1,220.75","1,196.83","1,76,05,446","21,07,07,73,518.25","4,08,543","55,56,479",31.56
TATASTEEL,EQ,2022-03-02,"1,220.75","1,220.75","1,299.60","1,218.55","1,288.75","1,289.35","1,280.64","2,48,47,532","31,82,06,91,227.60","6,12,717","97,84,999",39.38
TATASTEEL,EQ,2022-03-03,"1,289.35","1,306.00","1,328.65","1,293.65","1,303.00","1,303.30","1,309.97","1,74,50,338","22,85,94,07,692.45","5,28,049","54,96,440",31.5
TATASTEEL,EQ,2022-03-04,"1,303.30","1,302.40","1,319.85","1,273.00","1,277.00","1,277.10","1,297.98","1,62,82,923","21,13,49,84,241.95","4,98,851","46,92,475",28.82
TATASTEEL,EQ,2022-03-07,"1,277.10","1,275.90","1,301.80","1,264.00","1,293.00","1,291.90","1,279.85","1,10,40,001","14,12,95,80,242.05","2,89,960","31,02,424",28.1
TATASTEEL,EQ,2022-03-08,"1,291.90","1,293.00","1,294.00","1,244.00","1,265.90","1,269.50","1,263.11","91,07,822","11,50,41,86,252.60","2,48,719","18,46,780",20.28
TATASTEEL,EQ,2022-03-09,"1,269.50","1,273.90","1,276.80","1,248.60","1,255.55","1,255.35","1,260.29","69,34,888","8,73,99,70,128.45","1,80,250","13,26,393",19.13
TATASTEEL,EQ,2022-03-10,"1,255.35","1,257.85","1,313.80","1,241.00","1,309.35","1,308.70","1,280.13","1,36,74,062","17,50,45,64,980.75","2,88,992","39,24,993",28.7
TATASTEEL,EQ,2022-03-11,"1,308.70","1,315.00","1,339.90","1,296.20","1,298.50","1,301.70","1,316.20","1,18,82,299","15,63,95,24,482.95","2,83,313","23,69,607",19.94
TATASTEEL,EQ,2022-03-14,"1,301.70","1,305.00","1,311.70","1,277.70","1,298.60","1,297.00","1,293.34","52,78,082","6,82,63,43,839.50","1,55,247","8,00,405",15.16
TATASTEEL,EQ,2022-03-15,"1,297.00","1,291.80","1,293.00","1,228.00","1,229.05","1,233.75","1,251.97","96,14,313","12,03,68,20,173.55","2,89,968","33,93,755",35.3
TATASTEEL,EQ,2022-03-16,"1,233.75","1,245.00","1,271.20","1,240.20","1,262.00","1,265.25","1,258.54","63,02,451","7,93,18,73,085.60","1,62,595","12,74,540",20.22
TATASTEEL,EQ,2022-03-17,"1,265.25","1,275.00","1,317.80","1,271.10","1,300.05","1,303.45","1,297.78","1,06,23,976","13,78,75,47,257.25","2,11,990","28,83,225",27.14
TATASTEEL,EQ,2022-03-21,"1,303.45","1,308.00","1,334.00","1,294.50","1,296.00","1,302.95","1,318.78","84,22,763","11,10,77,80,248.70","1,83,002","22,54,673",26.77
TATASTEEL,EQ,2022-03-22,"1,302.95","1,320.00","1,330.00","1,288.05","1,308.00","1,302.00","1,308.02","81,79,588","10,69,90,83,341.20","1,79,422","14,53,659",17.77
TATASTEEL,EQ,2022-03-23,"1,302.00","1,324.00","1,347.80","1,292.35","1,328.55","1,331.00","1,321.71","1,30,55,238","17,25,52,95,796.55","2,59,263","24,57,973",18.83
TATASTEEL,EQ,2022-03-24,"1,331.00","1,330.95","1,359.50","1,325.95","1,346.95","1,350.55","1,348.57","94,60,527","12,75,82,22,562.20","2,08,902","32,01,383",33.84
TATASTEEL,EQ,2022-03-25,"1,350.55","1,354.90","1,366.00","1,333.55","1,336.00","1,338.95","1,350.11","69,45,744","9,37,75,35,055.20","1,53,608","15,99,967",23.04
TATASTEEL,EQ,2022-03-28,"1,338.95","1,340.00","1,355.00","1,327.60","1,339.30","1,338.95","1,341.72","46,55,491","6,24,63,55,569.25","1,39,045","8,99,147",19.31
TATASTEEL,EQ,2022-03-29,"1,338.95","1,344.00","1,346.15","1,327.00","1,332.00","1,334.65","1,335.58","43,20,237","5,77,00,18,655.25","94,177","9,37,510",21.7
TATASTEEL,EQ,2022-03-30,"1,334.65","1,335.00","1,335.55","1,300.00","1,306.20","1,308.05","1,308.40","58,48,316","7,65,19,63,500.35","1,70,961","21,51,937",36.8
TATASTEEL,EQ,2022-03-31,"1,308.05","1,308.00","1,320.45","1,300.10","1,307.50","1,307.20","1,311.19","40,06,795","5,25,36,88,052.70","95,450","11,17,463",27.89
TATASTEEL,EQ,2022-04-01,"1,307.20","1,310.00","1,340.90","1,305.45","1,317.15","1,317.10","1,321.20","55,32,159","7,30,90,88,664.30","1,22,345","11,87,849",21.47
TATASTEEL,EQ,2022-04-04,"1,317.10","1,317.10","1,354.00","1,314.45","1,340.20","1,341.90","1,336.98","69,67,032","9,31,47,56,763.00","1,40,874","27,12,152",38.93
TATASTEEL,EQ,2022-04-05,"1,341.90","1,348.45","1,358.00","1,329.25","1,344.00","1,344.90","1,343.14","63,29,642","8,50,15,75,038.95","1,39,394","13,73,138",21.69
TATASTEEL,EQ,2022-04-06,"1,344.90","1,350.00","1,386.70","1,346.80","1,370.00","1,370.75","1,370.35","1,14,09,754","15,63,53,06,605.70","2,31,426","22,19,075",19.45
TATASTEEL,EQ,2022-04-07,"1,370.75","1,377.00","1,381.00","1,341.00","1,353.70","1,349.50","1,360.25","55,65,064","7,56,98,59,990.10","1,31,239","14,86,268",26.71
TATASTEEL,EQ,2022-04-08,"1,349.50","1,360.95","1,379.95","1,356.25","1,366.05","1,370.75","1,368.69","52,28,771","7,15,65,91,391.40","1,06,015","14,31,420",27.38
TATASTEEL,EQ,2022-04-11,"1,370.75","1,370.70","1,384.00","1,353.00","1,354.55","1,357.90","1,368.12","44,77,882","6,12,62,68,528.40","1,12,838","14,24,621",31.81
TATASTEEL,EQ,2022-04-12,"1,357.90","1,353.00","1,359.95","1,296.10","1,322.00","1,320.25","1,315.64","69,19,168","9,10,31,39,739.75","1,66,013","18,76,861",27.13
TATASTEEL,EQ,2022-04-13,"1,320.25","1,334.95","1,346.00","1,315.00","1,316.05","1,319.50","1,328.33","44,93,780","5,96,92,26,933.65","1,04,277","8,93,999",19.89
TATASTEEL,EQ,2022-04-18,"1,319.50","1,331.90","1,358.05","1,328.85","1,340.25","1,339.10","1,343.07","80,70,042","10,83,86,23,713.50","2,33,360","21,80,780",27.02
TATASTEEL,EQ,2022-04-19,"1,339.10","1,352.60","1,366.65","1,309.00","1,315.00","1,326.60","1,350.88","64,77,219","8,74,99,30,979.45","1,54,119","21,25,079",32.81
TATASTEEL,EQ,2022-04-20,"1,326.60","1,329.70","1,336.45","1,303.05","1,315.90","1,314.25","1,318.65","54,10,021","7,13,39,40,458.50","1,31,794","20,01,195",36.99
TATASTEEL,EQ,2022-04-21,"1,314.25","1,316.00","1,322.75","1,285.85","1,307.00","1,302.15","1,301.15","66,69,028","8,67,74,27,230.85","1,68,216","17,94,176",26.9
TATASTEEL,EQ,2022-04-22,"1,302.15","1,301.60","1,311.55","1,273.75","1,278.95","1,277.55","1,291.07","55,84,823","7,21,03,90,040.90","1,59,826","18,93,755",33.91
TATASTEEL,EQ,2022-04-25,"1,277.55","1,250.00","1,262.95","1,212.80","1,223.00","1,220.35","1,233.13","72,31,046","8,91,68,44,390.40","2,30,680","21,91,927",30.31
TATASTEEL,EQ,2022-04-26,"1,220.35","1,235.00","1,241.70","1,225.00","1,232.80","1,233.60","1,233.12","44,81,271","5,52,59,48,859.35","1,28,605","13,29,915",29.68
TATASTEEL,EQ,2022-04-27,"1,233.60","1,227.00","1,255.00","1,210.40","1,249.00","1,246.70","1,231.77","71,20,974","8,77,13,71,654.40","1,75,421","22,74,656",31.94
TATASTEEL,EQ,2022-04-28,"1,246.70","1,259.50","1,268.65","1,243.00","1,258.65","1,260.85","1,255.22","51,29,583","6,43,87,34,682.00","1,30,108","16,42,776",32.03
TATASTEEL,EQ,2022-04-29,"1,260.85","1,268.00","1,291.70","1,265.65","1,270.00","1,271.05","1,279.58","57,17,352","7,31,58,37,150.15","1,29,717","18,18,040",31.8
TATASTEEL,EQ,2022-05-02,"1,271.05","1,257.00","1,302.75","1,248.75","1,297.00","1,295.20","1,278.27","54,42,617","6,95,71,39,104.35","1,19,557","18,45,085",33.9
TATASTEEL,EQ,2022-05-04,"1,295.20","1,327.30","1,330.00","1,254.50","1,266.00","1,261.35","1,289.60","1,38,37,402","17,84,47,27,443.05","3,57,495","41,52,302",30.01
TATASTEEL,EQ,2022-05-05,"1,261.35","1,280.00","1,316.50","1,278.00","1,288.00","1,284.25","1,297.73","87,33,816","11,33,41,56,938.60","2,10,766","18,30,516",20.96
TATASTEEL,EQ,2022-05-06,"1,284.25","1,268.00","1,290.00","1,243.00","1,287.00","1,283.70","1,263.22","69,25,676","8,74,86,19,578.85","1,87,318","16,52,177",23.86
TATASTEEL,EQ,2022-05-09,"1,283.70","1,260.00","1,274.20","1,244.00","1,251.20","1,252.25","1,258.06","50,55,297","6,35,98,52,196.20","1,37,090","13,00,573",25.73
TATASTEEL,EQ,2022-05-10,"1,252.25","1,251.00","1,254.65","1,158.55","1,161.25","1,164.90","1,196.85","1,45,53,742","17,41,86,66,398.75","3,44,143","55,91,353",38.42
TATASTEEL,EQ,2022-05-11,"1,164.90","1,175.00","1,190.90","1,123.40","1,172.90","1,165.70","1,156.89","1,07,06,315","12,38,60,51,281.10","2,43,457","25,87,084",24.16
TATASTEEL,EQ,2022-05-12,"1,165.70","1,156.90","1,162.40","1,103.00","1,118.90","1,117.70","1,123.94","94,19,161","10,58,66,09,044.20","2,58,893","29,95,396",31.8
TATASTEEL,EQ,2022-05-13,"1,117.70","1,135.00","1,151.80","1,092.00","1,094.85","1,097.00","1,121.87","82,92,441","9,30,30,75,384.50","2,16,773","23,48,010",28.32
TATASTEEL,EQ,2022-05-16,"1,097.00","1,119.00","1,134.80","1,094.00","1,109.00","1,103.50","1,113.49","62,66,527","6,97,77,32,748.35","1,66,059","12,99,070",20.73
TATASTEEL,EQ,2022-05-17,"1,103.50","1,124.00","1,197.20","1,115.35","1,188.65","1,188.70","1,159.41","1,12,87,601","13,08,69,10,016.65","2,66,051","28,19,702",24.98
TATASTEEL,EQ,2022-05-18,"1,188.70","1,197.00","1,209.00","1,175.00","1,182.00","1,180.25","1,188.16","81,57,580","9,69,25,12,041.05","1,81,740","18,64,461",22.86
TATASTEEL,EQ,2022-05-19,"1,180.25","1,151.00","1,154.90","1,115.20","1,129.00","1,122.15","1,131.89","66,54,563","7,53,22,44,311.55","2,03,644","19,67,051",29.56
TATASTEEL,EQ,2022-05-20,"1,122.15","1,162.35","1,178.40","1,141.20","1,169.00","1,170.60","1,160.80","65,52,750","7,60,64,42,066.55","1,51,877","10,72,377",16.37
TATASTEEL,EQ,2022-05-23,"1,170.60","1,097.00","1,097.00","1,001.55","1,026.35","1,022.95","1,028.79","2,73,88,346","28,17,69,58,026.25","6,79,018","96,42,101",35.21
TATASTEEL,EQ,2022-05-24,"1,022.95","1,031.00","1,039.90","1,002.00","1,005.50","1,006.35","1,019.59","1,23,11,666","12,55,28,45,856.45","3,34,234","37,27,672",30.28
TATASTEEL,EQ,2022-05-25,"1,006.35","1,006.35","1,018.35",991.80,998.45,999.10,"1,003.91","99,34,340","9,97,32,06,376.85","2,59,288","28,33,681",28.52
TATASTEEL,EQ,2022-05-26,999.10,"1,007.00","1,067.55",995.25,"1,049.90","1,052.00","1,033.14","1,50,53,673","15,55,25,52,283.05","3,07,131","42,67,397",28.35
TATASTEEL,EQ,2022-05-27,"1,052.00","1,062.50","1,067.65","1,032.00","1,043.00","1,043.50","1,046.56","74,77,220","7,82,53,23,762.20","1,71,055","13,50,881",18.07
TATASTEEL,EQ,2022-05-30,"1,043.50","1,059.00","1,063.80","1,043.50","1,047.00","1,047.45","1,052.09","72,70,159","7,64,88,67,514.95","1,74,459","21,52,267",29.6
TATASTEEL,EQ,2022-05-31,"1,047.45","1,045.00","1,071.90","1,037.00","1,055.75","1,055.65","1,059.42","1,21,24,885","12,84,53,90,666.15","2,18,150","49,78,154",41.06
TATASTEEL,EQ,2022-06-01,"1,055.65","1,065.50","1,079.00","1,053.30","1,061.00","1,063.55","1,065.59","94,05,529","10,02,24,43,775.45","1,96,673","36,19,999",38.49
TATASTEEL,EQ,2022-06-02,"1,063.55","1,067.75","1,084.75","1,059.10","1,081.00","1,081.55","1,071.47","79,17,704","8,48,35,66,200.80","1,76,345","29,29,440",37.0
TATASTEEL,EQ,2022-06-03,"1,081.55","1,092.00","1,092.80","1,065.00","1,067.00","1,067.30","1,075.73","53,95,486","5,80,40,71,537.40","1,34,583","17,53,630",32.5
TATASTEEL,EQ,2022-06-06,"1,067.30","1,065.00","1,082.90","1,049.20","1,079.00","1,078.10","1,070.79","57,26,249","6,13,16,23,842.30","1,57,272","12,80,696",22.37
TATASTEEL,EQ,2022-06-07,"1,078.10","1,067.00","1,081.50","1,063.55","1,069.00","1,068.50","1,069.34","43,34,157","4,63,46,74,457.15","89,594","15,52,632",35.82
TATASTEEL,EQ,2022-06-08,"1,068.50","1,081.00","1,088.90","1,074.05","1,086.25","1,086.75","1,083.69","64,73,434","7,01,51,73,441.45","1,83,637","22,87,673",35.34
TATASTEEL,EQ,2022-06-09,"1,086.75","1,074.95","1,087.25","1,041.20","1,041.35","1,044.85","1,055.38","98,54,781","10,40,05,42,210.20","2,47,940","39,09,091",39.67
TATASTEEL,EQ,2022-06-10,"1,044.85","1,030.00","1,031.40","1,010.65","1,023.00","1,023.70","1,020.74","95,22,563","9,72,00,36,515.10","2,35,426","23,10,147",24.26
TATASTEEL,EQ,2022-06-13,"1,023.70","1,004.30","1,012.00",990.00,995.00,991.95,998.95,"82,23,575","8,21,49,19,302.20","2,64,924","32,24,156",39.21
TATASTEEL,EQ,2022-06-14,991.95,988.25,"1,013.70",985.55,997.05,996.15,"1,001.17","77,20,260","7,72,93,30,686.70","1,73,596","26,88,330",34.82
TATASTEEL,EQ,2022-06-15,996.15,953.95,974.25,950.65,960.50,959.55,961.70,"92,44,333","8,89,02,89,549.60","2,24,117","25,43,989",27.52
TATASTEEL,EQ,2022-06-16,959.55,975.00,975.00,898.20,898.65,901.70,931.04,"1,22,74,105","11,42,77,23,603.30","3,37,857","36,07,296",29.39
TATASTEEL,EQ,2022-06-17,901.70,898.00,927.40,895.50,907.00,906.70,912.33,"1,21,29,026","11,06,57,31,966.85","2,69,485","31,10,853",25.65
TATASTEEL,EQ,2022-06-20,906.70,905.00,905.00,842.65,865.00,861.40,861.47,"1,39,86,689","12,04,91,09,008.45","2,96,336","32,76,359",23.42
TATASTEEL,EQ,2022-06-21,861.40,875.00,895.50,864.00,882.55,884.80,876.60,"1,24,52,697","10,91,60,19,464.45","2,23,878","31,11,526",24.99
TATASTEEL,EQ,2022-06-22,884.80,872.95,873.85,835.70,836.80,838.10,849.47,"1,09,87,739","9,33,37,87,063.80","2,82,263","29,74,060",27.07
TATASTEEL,EQ,2022-06-23,838.10,840.00,855.95,827.00,840.75,841.30,841.50,"1,11,51,584","9,38,40,44,004.30","2,41,728","24,59,092",22.05
TATASTEEL,EQ,2022-06-24,841.30,850.00,864.75,844.65,851.80,852.85,853.23,"85,43,381","7,28,95,00,677.75","1,80,026","19,39,222",22.7
TATASTEEL,EQ,2022-06-27,852.85,870.50,878.85,863.05,867.00,867.85,870.40,"72,81,473","6,33,77,92,524.00","1,53,032","16,44,273",22.58
TATASTEEL,EQ,2022-06-28,867.85,866.00,884.40,860.40,880.00,878.90,873.85,"84,64,733","7,39,69,32,361.30","1,69,907","17,32,375",20.47
TATASTEEL,EQ,2022-06-29,878.90,870.00,888.80,868.50,879.00,881.60,881.03,"72,31,847","6,37,14,73,361.50","1,67,663","15,73,597",21.76
TATASTEEL,EQ,2022-06-30,881.60,881.50,894.50,863.30,864.50,867.05,877.46,"84,67,209","7,42,96,07,359.10","2,11,151","29,42,932",34.76
TATASTEEL,EQ,2022-07-01,867.05,866.95,875.00,859.10,871.20,872.85,866.84,"54,76,189","4,74,70,01,323.25","1,23,156","10,41,330",19.02
TATASTEEL,EQ,2022-07-04,872.85,868.50,871.20,843.30,854.90,854.55,851.17,"77,55,441","6,60,12,28,052.00","1,78,798","19,65,344",25.34
TATASTEEL,EQ,2022-07-05,854.55,862.00,879.20,857.80,859.95,860.15,868.56,"79,05,829","6,86,67,01,254.25","1,65,787","18,64,477",23.58
TATASTEEL,EQ,2022-07-06,860.15,858.45,861.10,838.05,859.00,858.15,847.67,"81,43,971","6,90,33,95,020.70","1,80,324","14,91,518",18.31
TATASTEEL,EQ,2022-07-07,858.15,867.00,906.55,858.50,906.50,900.00,881.13,"1,11,00,794","9,78,12,86,467.00","1,91,485","29,62,368",26.69
TATASTEEL,EQ,2022-07-08,900.00,917.90,917.90,880.50,885.25,885.90,889.86,"1,12,00,063","9,96,65,19,524.50","1,92,857","26,83,729",23.96
TATASTEEL,EQ,2022-07-11,885.90,885.20,929.00,875.05,912.90,912.75,907.93,"1,50,19,334","13,63,64,72,253.10","2,47,195","26,81,161",17.85
TATASTEEL,EQ,2022-07-12,912.75,904.90,915.95,893.60,902.00,902.10,902.20,"1,00,17,505","9,03,77,68,425.80","1,79,371","18,70,728",18.67
TATASTEEL,EQ,2022-07-13,902.10,905.95,914.20,900.65,903.70,904.85,906.95,"70,13,511","6,36,08,73,098.65","1,28,092","13,88,458",19.8
TATASTEEL,EQ,2022-07-14,904.85,910.00,911.00,895.00,908.00,908.00,903.26,"74,49,858","6,72,91,54,713.35","1,26,538","11,22,046",15.06
TATASTEEL,EQ,2022-07-15,908.00,905.00,910.30,877.50,884.05,883.80,891.31,"81,25,351","7,24,22,37,144.35","1,68,508","22,41,082",27.58
TATASTEEL,EQ,2022-07-18,883.80,897.00,908.00,892.25,904.00,904.30,900.76,"73,06,081","6,58,10,15,540.80","1,42,942","14,54,738",19.91
TATASTEEL,EQ,2022-07-19,904.30,901.00,921.90,901.00,920.00,919.45,916.94,"85,34,158","7,82,53,12,413.05","1,58,735","24,41,360",28.61
TATASTEEL,EQ,2022-07-20,919.45,935.95,938.00,925.20,926.50,928.45,931.58,"77,08,865","7,18,14,25,855.20","1,69,795","22,49,623",29.18
TATASTEEL,EQ,2022-07-21,928.45,930.00,938.85,924.50,936.00,934.30,933.79,"50,87,714","4,75,08,78,150.95","1,09,848","14,43,140",28.37
TATASTEEL,EQ,2022-07-22,934.30,942.50,944.00,932.00,935.90,936.05,938.09,"48,60,894","4,55,99,41,726.45","1,10,550","13,10,512",26.96
TATASTEEL,EQ,2022-07-25,936.05,935.00,964.85,933.60,964.70,960.70,955.02,"99,63,563","9,51,53,99,224.15","2,05,117","20,98,845",21.07
TATASTEEL,EQ,2022-07-26,960.70,972.00,976.70,946.05,947.95,949.50,959.86,"1,26,26,469","12,11,95,95,065.95","2,28,226","28,35,546",22.46
TATASTEEL,EQ,2022-07-27,949.50,951.00,961.55,943.60,960.40,959.40,953.43,"52,55,902","5,01,11,19,637.70","1,44,783","15,25,216",29.02
TATASTEEL,EQ,2022-07-28,959.40,98.10,102.00,97.15,100.20,100.35,99.48,"13,71,56,107","13,64,43,36,927.10","6,28,262","5,24,03,544",38.21
TATASTEEL,EQ,2022-07-29,100.35,103.00,109.30,102.15,107.80,107.60,106.71,"16,69,59,934","17,81,60,38,805.05","6,18,198","4,57,09,393",27.38
TATASTEEL,EQ,2022-08-01,107.60,110.50,111.45,106.15,108.25,108.25,108.42,"12,53,65,761","13,59,21,94,355.85","4,68,883","4,60,49,399",36.73
TATASTEEL,EQ,2022-08-02,108.25,108.00,108.00,105.35,106.90,107.00,106.84,"6,49,35,371","6,93,76,71,692.00","2,79,505","2,56,45,011",39.49
TATASTEEL,EQ,2022-08-03,107.00,107.00,108.45,106.00,107.10,107.05,106.93,"6,14,28,846","6,56,83,25,454.70","2,35,976","2,49,21,187",40.57
TATASTEEL,EQ,2022-08-04,107.05,107.50,109.50,106.05,107.60,107.70,107.86,"7,95,26,154","8,57,78,18,116.05","2,75,745","2,19,60,173",27.61
TATASTEEL,EQ,2022-08-05,107.70,107.65,109.25,107.10,107.30,107.35,108.04,"5,44,69,112","5,88,50,13,963.00","1,79,580","2,17,48,810",39.93
TATASTEEL,EQ,2022-08-08,107.35,107.85,108.15,106.70,107.25,107.20,107.35,"4,13,84,943","4,44,25,43,901.95","1,62,485","1,96,09,516",47.38
TATASTEEL,EQ,2022-08-10,107.20,107.90,109.90,106.50,109.20,109.20,108.23,"7,38,80,698","7,99,64,57,230.30","2,41,058","3,07,12,627",41.57
TATASTEEL,EQ,2022-08-11,109.20,110.30,110.65,108.60,109.00,109.10,109.49,"7,53,21,498","8,24,71,81,079.65","2,15,699","3,93,81,581",52.28
TATASTEEL,EQ,2022-08-12,109.10,109.35,112.90,108.80,112.80,112.65,111.88,"9,59,42,333","10,73,36,10,778.10","3,07,921","3,53,26,682",36.82
TATASTEEL,EQ,2022-08-16,112.65,113.70,113.70,111.10,113.00,113.00,112.55,"6,92,07,437","7,78,91,00,716.70","2,38,391","2,62,90,102",37.99
TATASTEEL,EQ,2022-08-17,113.00,113.50,113.50,112.25,112.40,112.50,112.85,"5,40,08,422","6,09,49,99,817.65","2,07,669","2,40,20,456",44.48
TATASTEEL,EQ,2022-08-18,112.50,112.50,113.00,111.40,112.70,112.55,112.33,"4,93,96,425","5,54,85,15,767.75","1,79,401","1,82,86,646",37.02
TATASTEEL,EQ,2022-08-19,112.55,112.55,112.90,109.55,109.75,110.05,111.08,"5,71,34,813","6,34,67,85,640.60","2,27,022","2,53,46,066",44.36
TATASTEEL,EQ,2022-08-22,110.05,109.50,109.60,104.70,105.20,105.05,106.79,"7,40,37,526","7,90,67,95,316.15","4,02,941","3,29,51,090",44.51
TATASTEEL,EQ,2022-08-23,105.05,104.20,108.25,103.50,107.90,107.60,106.67,"7,05,31,639","7,52,38,72,406.95","2,62,215","1,53,84,329",21.81
TATASTEEL,EQ,2022-08-24,107.60,107.55,108.15,105.75,106.30,106.55,106.69,"5,56,86,404","5,94,12,87,674.10","2,47,974","2,38,73,047",42.87
TATASTEEL,EQ,2022-08-25,106.55,107.05,107.90,105.75,106.50,106.25,106.98,"4,21,86,335","4,51,30,82,704.70","1,72,570","1,54,82,904",36.7
TATASTEEL,EQ,2022-08-26,106.25,107.25,109.20,107.10,107.50,107.35,108.14,"7,12,57,092","7,70,59,22,708.05","2,15,991","2,88,99,887",40.56
TATASTEEL,EQ,2022-08-29,107.35,104.05,105.65,103.25,105.05,104.85,104.73,"5,98,95,805","6,27,27,82,501.15","3,01,406","2,54,91,529",42.56
TATASTEEL,EQ,2022-08-30,104.85,106.50,108.50,106.05,108.45,108.30,107.44,"6,74,01,780","7,24,15,68,190.85","1,94,644","3,07,16,881",45.57
TATASTEEL,EQ,2022-09-01,108.30,107.00,107.75,105.90,106.60,106.40,106.64,"5,24,54,732","5,59,37,27,756.85","2,16,010","2,33,78,824",44.57
TATASTEEL,EQ,2022-09-02,106.40,107.00,107.00,105.00,105.60,105.50,105.79,"4,56,01,352","4,82,43,28,207.90","1,99,259","1,66,69,253",36.55
TATASTEEL,EQ,2022-09-05,105.50,106.05,107.30,105.80,106.80,106.90,106.80,"4,03,52,735","4,30,95,47,186.70","1,51,617","1,41,71,917",35.12
TATASTEEL,EQ,2022-09-06,106.90,107.40,108.80,106.05,108.50,108.60,107.47,"5,95,05,849","6,39,53,25,841.40","1,88,792","2,48,85,088",41.82
TATASTEEL,EQ,2022-09-07,108.60,107.55,108.90,107.10,107.60,107.60,107.71,"4,39,45,660","4,73,36,00,727.60","1,73,170","1,51,90,294",34.57
TATASTEEL,EQ,2022-09-08,107.60,108.40,108.40,105.35,105.95,105.85,106.30,"7,12,28,405","7,57,18,19,644.90","2,72,918","4,00,70,083",56.26
TATASTEEL,EQ,2022-09-09,105.85,107.00,107.35,105.50,105.85,105.70,106.31,"6,36,47,166","6,76,61,44,287.45","2,59,668","3,19,57,666",50.21
TATASTEEL,EQ,2022-09-12,105.70,106.80,107.95,106.50,107.65,107.75,107.27,"4,08,38,533","4,38,08,70,294.60","1,57,265","1,93,08,734",47.28
TATASTEEL,EQ,2022-09-13,107.75,108.00,108.70,107.55,107.85,107.75,107.97,"4,41,79,394","4,77,01,25,367.90","1,67,267","1,94,47,303",44.02
TATASTEEL,EQ,2022-09-14,107.75,106.30,110.40,105.80,108.90,109.15,108.45,"8,63,79,872","9,36,76,82,710.85","2,58,040","2,75,94,193",31.95
TATASTEEL,EQ,2022-09-15,109.15,108.65,109.00,106.50,107.10,107.00,107.47,"6,29,26,791","6,76,29,26,980.00","2,29,883","2,46,17,811",39.12
TATASTEEL,EQ,2022-09-16,107.00,106.20,107.50,105.00,105.60,105.70,105.95,"10,79,67,267","11,43,86,11,861.20","2,88,544","6,10,41,260",56.54
TATASTEEL,EQ,2022-09-19,105.70,106.20,106.20,103.00,103.20,103.10,104.19,"5,11,46,568","5,32,90,92,149.05","2,91,377","2,53,69,388",49.6
TATASTEEL,EQ,2022-09-20,103.10,104.20,106.35,104.00,106.05,105.80,105.45,"5,21,40,254","5,49,81,77,496.75","1,79,678","2,32,82,651",44.65
TATASTEEL,EQ,2022-09-21,105.80,105.80,107.20,104.30,104.45,104.45,105.64,"4,61,42,823","4,87,43,75,519.40","1,70,849","1,82,64,360",39.58
TATASTEEL,EQ,2022-09-22,104.45,104.45,105.30,103.50,103.75,103.60,104.11,"6,13,80,323","6,39,04,76,684.45","1,83,741","3,17,52,719",51.73
TATASTEEL,EQ,2022-09-23,103.60,106.20,107.90,103.75,104.40,104.30,105.16,"10,97,65,520","11,54,28,51,207.85","3,52,158","3,05,72,153",27.85
TATASTEEL,EQ,2022-09-26,104.30,104.40,104.45,98.50,99.90,99.85,100.13,"10,12,91,962","10,14,26,72,607.35","5,52,989","3,75,58,565",37.08
TATASTEEL,EQ,2022-09-27,99.85,101.35,101.35,96.50,97.95,97.65,97.97,"10,49,49,032","10,28,14,58,412.55","4,18,818","3,83,18,704",36.51
TATASTEEL,EQ,2022-09-28,97.65,96.55,97.85,95.00,95.20,95.20,96.49,"7,17,24,106","6,92,08,43,177.90","3,47,116","2,43,17,594",33.9
TATASTEEL,EQ,2022-09-29,95.20,97.00,98.25,96.40,96.95,96.85,97.21,"6,08,84,592","5,91,85,16,554.85","2,36,749","1,86,92,206",30.7
TATASTEEL,EQ,2022-09-30,96.85,96.85,100.40,95.70,99.60,99.30,98.18,"6,64,36,616","6,52,27,17,206.05","2,31,910","1,86,80,862",28.12
TATASTEEL,EQ,2022-10-03,99.30,99.60,99.65,98.00,98.30,98.35,98.53,"3,72,82,313","3,67,33,72,459.55","1,80,577","1,03,75,081",27.83
TATASTEEL,EQ,2022-10-04,98.35,100.30,101.50,100.00,101.40,101.15,100.80,"4,01,86,702","4,05,07,87,705.90","1,99,183","1,30,47,327",32.47
TATASTEEL,EQ,2022-10-06,101.15,102.00,103.80,101.75,103.35,103.55,103.14,"4,81,69,310","4,96,83,84,709.85","2,03,945","1,38,88,550",28.83
TATASTEEL,EQ,2022-10-07,103.55,103.30,103.50,101.90,103.20,103.30,102.58,"3,60,80,875","3,70,10,16,169.55","1,53,167","85,64,793",23.74
TATASTEEL,EQ,2022-10-10,103.30,102.00,103.50,101.15,103.15,103.20,102.44,"3,66,41,275","3,75,34,18,355.60","1,53,885","90,46,238",24.69
TATASTEEL,EQ,2022-10-11,103.20,103.55,103.65,99.80,100.00,100.35,101.55,"4,10,83,734","4,17,19,55,283.90","1,71,088","1,32,62,993",32.28
TATASTEEL,EQ,2022-10-12,100.35,100.35,101.20,99.00,100.65,100.55,100.23,"4,13,57,469","4,14,50,79,977.55","1,69,332","1,04,69,957",25.32
TATASTEEL,EQ,2022-10-13,100.55,101.10,101.80,98.80,100.20,100.10,100.03,"3,46,68,093","3,46,77,84,413.05","1,53,438","1,10,37,615",31.84
TATASTEEL,EQ,2022-10-14,100.10,101.85,102.80,99.90,100.20,100.10,101.24,"3,24,56,805","3,28,59,19,912.45","1,33,251","1,03,78,352",31.98
TATASTEEL,EQ,2022-10-17,100.10,99.75,100.40,98.10,99.70,99.55,99.46,"3,75,68,783","3,73,66,49,675.55","1,49,473","1,15,10,604",30.64
TATASTEEL,EQ,2022-10-18,99.55,100.30,101.00,99.80,100.70,100.65,100.53,"3,07,22,156","3,08,83,65,889.65","1,05,023","1,00,14,848",32.6
TATASTEEL,EQ,2022-10-19,100.65,100.60,101.25,99.70,100.05,100.05,100.50,"3,87,64,542","3,89,57,23,116.05","1,40,168","1,24,95,522",32.23
TATASTEEL,EQ,2022-10-20,100.05,99.50,101.20,98.80,101.10,100.90,100.04,"3,80,91,315","3,81,04,89,028.10","1,53,737","1,04,17,640",27.35
TATASTEEL,EQ,2022-10-21,100.90,100.85,101.45,99.35,100.20,100.20,100.26,"3,09,73,997","3,10,55,17,885.00","1,02,319","1,07,17,692",34.6
TATASTEEL,EQ,2022-10-24,100.20,102.00,102.10,101.00,101.20,101.20,101.31,"74,80,281","75,78,57,437.65","1,10,758","42,12,180",56.31
TATASTEEL,EQ,2022-10-25,101.20,101.15,102.50,100.70,101.10,101.20,101.49,"3,71,63,180","3,77,15,78,858.15","1,29,443","1,37,97,557",37.13
TATASTEEL,EQ,2022-10-27,101.20,102.25,104.65,102.05,104.20,104.20,103.87,"7,43,49,009","7,72,23,38,849.35","2,25,376","3,14,59,241",42.31
TATASTEEL,EQ,2022-10-28,104.20,104.10,104.60,100.80,101.65,101.60,101.92,"5,10,06,232","5,19,83,45,634.55","1,62,471","2,26,00,864",44.31
TATASTEEL,EQ,2022-10-31,101.60,101.90,102.15,100.30,101.10,101.55,101.24,"3,87,15,841","3,91,94,94,016.60","1,45,456","1,41,90,733",36.65
TATASTEEL,EQ,2022-11-01,101.55,98.55,101.45,98.55,101.20,101.20,100.26,"6,90,31,178","6,92,09,26,318.50","2,11,594","1,64,62,689",23.85
TATASTEEL,EQ,2022-11-02,101.20,101.00,103.00,100.80,101.15,101.25,101.83,"4,23,36,049","4,31,08,79,559.90","1,48,289","1,47,50,726",34.84
TATASTEEL,EQ,2022-11-03,101.25,100.75,102.45,100.00,101.95,102.00,101.64,"3,91,10,676","3,97,51,05,986.05","1,16,765","1,31,87,916",33.72
TATASTEEL,EQ,2022-11-04,102.00,102.50,105.00,102.20,104.85,104.75,103.70,"7,02,99,020","7,28,97,21,600.05","2,06,087","3,39,97,610",48.36
TATASTEEL,EQ,2022-11-07,104.75,105.90,107.45,104.60,106.65,106.70,106.48,"7,44,26,059","7,92,52,31,204.70","2,67,008","3,21,89,665",43.25
TATASTEEL,EQ,2022-11-09,106.70,107.25,107.55,105.55,105.90,106.10,106.32,"3,82,95,904","4,07,17,57,227.05","1,66,229","1,42,97,313",37.33
TATASTEEL,EQ,2022-11-10,106.10,105.20,106.00,104.45,104.85,104.70,105.18,"2,78,64,285","2,93,08,87,692.25","97,383","92,28,052",33.12
TATASTEEL,EQ,2022-11-11,104.70,106.25,108.20,106.25,107.60,107.55,107.45,"7,79,33,417","8,37,41,74,601.75","2,16,946","3,48,38,963",44.7
TATASTEEL,EQ,2022-11-14,107.55,108.50,110.00,108.25,108.70,108.70,109.11,"5,54,74,425","6,05,27,18,955.60","2,01,128","2,34,51,677",42.27
TATASTEEL,EQ,2022-11-15,108.70,109.00,109.35,107.20,108.50,108.55,108.04,"3,50,07,427","3,78,23,60,832.20","1,23,984","96,34,197",27.52
TATASTEEL,EQ,2022-11-16,108.55,108.45,108.80,105.20,106.40,106.55,106.96,"4,04,04,167","4,32,15,18,992.70","1,59,611","1,65,36,023",40.93
TATASTEEL,EQ,2022-11-17,106.55,105.90,106.80,104.50,105.85,105.85,105.44,"3,28,94,825","3,46,83,87,429.40","1,42,955","92,59,204",28.15
TATASTEEL,EQ,2022-11-18,105.85,105.85,106.30,104.70,105.60,105.50,105.44,"2,89,92,538","3,05,70,45,391.40","1,04,183","1,03,54,971",35.72
TATASTEEL,EQ,2022-11-21,105.50,107.70,107.70,103.85,104.10,104.25,105.39,"5,84,04,309","6,15,52,32,063.40","1,74,056","2,18,75,090",37.45
TATASTEEL,EQ,2022-11-22,104.25,104.40,105.40,103.55,105.35,105.20,104.47,"2,78,46,186","2,90,92,18,047.90","1,04,893","97,97,292",35.18
TATASTEEL,EQ,2022-11-23,105.20,105.70,106.00,104.95,105.40,105.45,105.46,"2,28,09,651","2,40,55,44,449.55","1,15,335","1,03,11,583",45.21
TATASTEEL,EQ,2022-11-24,105.45,105.85,105.95,104.60,105.45,105.50,105.32,"2,37,37,867","2,50,00,41,736.80","1,26,322","81,99,009",34.54
TATASTEEL,EQ,2022-11-25,105.50,105.60,106.50,105.10,106.40,106.20,105.96,"2,73,61,785","2,89,92,78,217.30","1,08,745","1,19,99,099",43.85
TATASTEEL,EQ,2022-11-28,106.20,106.00,106.40,104.50,104.90,104.90,105.01,"3,35,16,118","3,51,95,07,321.20","1,31,701","1,53,36,497",45.76
TATASTEEL,EQ,2022-11-29,104.90,105.00,107.65,104.95,106.05,106.10,106.54,"4,06,61,568","4,33,21,03,822.55","1,26,137","1,53,37,480",37.72
TATASTEEL,EQ,2022-11-30,106.10,106.10,107.95,105.90,107.55,107.65,107.35,"6,11,42,050","6,56,37,96,708.15","1,35,519","3,67,95,516",60.18
TATASTEEL,EQ,2022-12-01,107.65,108.70,111.30,108.00,110.55,110.75,109.75,"9,17,02,642","10,06,47,03,817.75","2,83,438","4,33,41,496",47.26
TATASTEEL,EQ,2022-12-02,110.75,110.80,112.50,110.15,111.85,112.00,111.54,"7,05,41,914","7,86,85,61,475.35","2,27,806","3,41,09,809",48.35
TATASTEEL,EQ,2022-12-05,112.00,113.30,116.10,112.65,115.45,115.85,114.79,"9,64,41,799","11,07,05,87,626.60","3,19,132","3,96,59,429",41.12
TATASTEEL,EQ,2022-12-06,115.85,115.35,115.35,112.25,112.95,112.95,113.31,"5,05,81,245","5,73,12,46,025.85","2,04,447","1,97,44,728",39.04
TATASTEEL,EQ,2022-12-07,112.95,113.40,113.50,110.85,111.20,111.20,111.93,"3,94,94,279","4,42,05,97,087.65","1,52,182","1,54,97,947",39.24
TATASTEEL,EQ,2022-12-08,111.20,111.75,113.00,110.80,112.00,111.85,111.73,"3,24,16,724","3,62,19,76,760.80","1,38,285","1,12,92,803",34.84
TATASTEEL,EQ,2022-12-09,111.85,112.80,113.75,109.70,110.40,110.45,111.58,"3,56,65,257","3,97,95,39,564.25","1,50,422","1,18,93,362",33.35
TATASTEEL,EQ,2022-12-12,110.45,110.20,112.10,108.70,111.95,111.70,110.86,"3,70,82,389","4,11,08,51,619.65","1,34,511","1,20,22,536",32.42
TATASTEEL,EQ,2022-12-13,111.70,112.55,112.85,110.80,111.25,111.20,111.47,"3,22,64,080","3,59,65,15,740.25","1,11,948","1,36,61,957",42.34
TATASTEEL,EQ,2022-12-14,111.20,111.60,113.20,111.10,113.05,113.05,112.43,"3,86,06,984","4,34,07,15,290.60","2,50,142","1,75,76,561",45.53
TATASTEEL,EQ,2022-12-15,113.05,112.65,113.45,110.70,110.90,110.95,111.72,"3,43,61,613","3,83,89,03,320.85","1,79,928","1,57,13,772",45.73
TATASTEEL,EQ,2022-12-16,110.95,110.35,112.10,109.45,110.80,111.05,110.78,"3,47,36,665","3,84,81,27,933.45","1,21,660","1,15,48,741",33.25
TATASTEEL,EQ,2022-12-19,111.05,111.05,112.10,110.80,111.70,111.80,111.48,"1,72,97,590","1,92,83,31,474.40","1,10,179","52,88,348",30.57
TATASTEEL,EQ,2022-12-20,111.80,111.15,111.50,109.00,111.00,110.95,110.28,"3,48,36,506","3,84,16,78,276.75","1,24,555","1,15,40,692",33.13
TATASTEEL,EQ,2022-12-21,110.95,111.80,112.00,108.70,109.60,109.40,110.33,"3,23,03,565","3,56,40,29,185.20","1,23,288","91,01,007",28.17
TATASTEEL,EQ,2022-12-22,109.40,110.00,110.60,106.35,107.25,107.65,107.78,"3,96,39,329","4,27,22,89,160.15","1,56,763","1,38,64,916",34.98
TATASTEEL,EQ,2022-12-23,107.65,106.00,106.75,101.95,102.25,102.25,103.97,"4,67,56,489","4,86,11,79,723.65","2,47,994","1,84,41,147",39.44
TATASTEEL,EQ,2022-12-26,102.25,102.80,105.55,101.65,104.95,105.00,104.39,"3,39,95,681","3,54,88,56,093.40","1,60,626","99,56,908",29.29
TATASTEEL,EQ,2022-12-27,105.00,106.65,111.55,105.85,111.30,111.15,109.38,"7,60,33,410","8,31,64,97,757.00","2,41,759","2,18,56,401",28.75
TATASTEEL,EQ,2022-12-28,111.15,111.05,112.30,109.70,110.20,110.00,110.95,"5,06,60,601","5,62,09,84,092.10","1,86,350","1,52,74,896",30.15
TATASTEEL,EQ,2022-12-29,110.00,109.00,112.00,108.85,111.65,111.75,110.83,"5,17,51,642","5,73,56,42,386.10","1,71,506","1,02,53,413",19.81
TATASTEEL,EQ,2022-12-30,111.75,112.90,114.75,112.10,112.85,112.65,113.48,"5,60,48,485","6,36,01,99,033.40","2,09,598","1,77,98,850",31.76
TATASTEEL,EQ,2023-01-02,112.65,114.4,119.7,113.75,119.1,119.25,117.82,"14,34,44,095","16,89,99,38,209.60","4,81,935","4,70,23,511",32.78
TATASTEEL,EQ,2023-01-03,119.25,119.8,120.5,117.75,118.5,118.45,119.04,"7,44,19,090","8,85,90,42,586.45","2,79,140","2,00,27,658",26.91
TATASTEEL,EQ,2023-01-04,118.45,118.75,119.05,115.35,115.45,115.75,116.56,"5,56,34,568","6,48,48,36,352.55","2,19,447","1,79,54,484",32.27
TATASTEEL,EQ,2023-01-05,115.75,116.5,117.0,114.5,116.8,116.55,115.74,"5,88,06,907","6,80,60,57,647.80","2,38,074","1,86,65,056",31.74
TATASTEEL,EQ,2023-01-06,116.55,117.0,117.85,115.25,115.6,115.65,116.57,"5,85,51,863","6,82,53,54,273.05","1,87,180","2,01,67,939",34.44
TATASTEEL,EQ,2023-01-09,115.65,116.9,118.1,116.55,117.6,117.55,117.54,"3,77,63,131","4,43,86,28,753.10","1,84,045","1,30,17,072",34.47
TATASTEEL,EQ,2023-01-10,117.55,117.65,119.75,117.55,118.7,118.85,118.63,"5,67,50,710","6,73,23,75,346.95","2,06,267","2,32,67,439",41.0
TATASTEEL,EQ,2023-01-11,118.85,119.45,120.35,118.0,118.6,118.85,119.04,"4,93,21,252","5,87,12,10,496.25","1,82,298","1,80,92,757",36.68
TATASTEEL,EQ,2023-01-12,118.85,118.95,119.25,117.6,117.9,118.1,118.16,"3,37,40,024","3,98,67,28,182.75","1,27,108","1,19,15,232",35.31
TATASTEEL,EQ,2023-01-13,118.1,118.55,121.6,118.15,120.35,120.45,120.31,"6,88,84,010","8,28,73,20,121.45","2,42,859","2,28,41,088",33.16
TATASTEEL,EQ,2023-01-16,120.45,121.45,121.45,118.8,119.65,119.95,119.8,"4,43,62,359","5,31,44,17,958.05","1,78,138","2,09,17,533",47.15
TATASTEEL,EQ,2023-01-17,119.95,119.75,119.9,118.0,119.3,119.35,119.0,"2,78,80,531","3,31,77,31,473.65","1,17,336","1,01,16,199",36.28
TATASTEEL,EQ,2023-01-18,119.35,120.0,123.0,120.0,122.2,122.45,122.08,"6,47,49,065","7,90,44,67,813.20","2,36,724","2,02,32,228",31.25
TATASTEEL,EQ,2023-01-19,122.45,121.8,124.3,121.15,123.5,123.55,123.39,"5,35,64,076","6,60,93,06,267.85","2,38,773","2,10,75,519",39.35
TATASTEEL,EQ,2023-01-20,123.55,123.4,124.2,122.0,122.9,122.95,123.27,"3,77,84,498","4,65,76,78,101.50","1,60,324","1,46,83,427",38.86
TATASTEEL,EQ,2023-01-23,122.95,123.4,123.85,121.5,121.8,122.0,122.6,"2,86,01,260","3,50,64,07,861.10","1,33,056","1,08,80,240",38.04
TATASTEEL,EQ,2023-01-24,122.0,122.5,122.55,120.1,120.4,120.4,121.01,"2,77,07,765","3,35,30,43,685.55","1,37,675","1,09,64,423",39.57
TATASTEEL,EQ,2023-01-25,120.4,120.35,122.25,120.1,121.0,121.0,120.91,"4,65,22,102","5,62,48,60,373.10","1,52,844","2,03,99,060",43.85
TATASTEEL,EQ,2023-01-27,121.0,121.9,123.25,119.1,120.65,120.65,121.04,"5,87,71,746","7,11,37,14,095.55","1,93,540","2,77,90,525",47.29
TATASTEEL,EQ,2023-01-30,120.65,120.45,121.1,116.9,118.65,118.75,118.48,"4,65,51,837","5,51,53,00,590.95","1,97,879","1,96,06,847",42.12
TATASTEEL,EQ,2023-01-31,118.75,118.75,120.45,117.75,119.6,119.7,119.48,"4,39,86,769","5,25,55,11,455.05","1,65,252","2,02,13,553",45.95
TATASTEEL,EQ,2023-02-01,119.7,120.1,124.15,119.3,122.05,122.05,122.17,"7,29,19,626","8,90,82,55,658.10","2,18,692","2,45,93,935",33.73
TATASTEEL,EQ,2023-02-02,122.05,121.95,122.5,118.4,120.0,119.95,119.7,"3,87,68,010","4,64,06,08,722.05","1,56,869","1,51,56,490",39.1
TATASTEEL,EQ,2023-02-03,119.95,120.05,121.0,117.2,120.0,120.35,119.18,"4,69,77,350","5,59,87,05,778.30","1,80,644","1,87,76,888",39.97
TATASTEEL,EQ,2023-02-06,120.35,120.0,120.0,117.0,117.2,117.45,117.84,"4,95,46,361","5,83,86,95,548.50","2,09,239","2,48,62,878",50.18
TATASTEEL,EQ,2023-02-07,117.45,112.6,115.35,110.55,111.2,111.45,112.53,"11,09,53,246","12,48,55,38,285.30","4,27,378","3,83,76,423",34.59
TATASTEEL,EQ,2023-02-08,111.45,111.45,112.75,110.1,111.6,111.45,111.47,"6,65,23,699","7,41,56,60,810.80","2,46,258","2,48,33,734",37.33
TATASTEEL,EQ,2023-02-09,111.45,112.15,112.95,109.95,111.35,111.25,111.11,"6,47,10,455","7,19,01,26,333.05","1,95,025","3,24,57,777",50.16
TATASTEEL,EQ,2023-02-10,111.25,111.0,111.25,108.3,108.75,108.8,109.08,"6,08,10,058","6,63,33,01,056.70","2,70,870","3,13,18,955",51.5
TATASTEEL,EQ,2023-02-13,108.8,108.8,110.6,108.4,109.15,108.75,109.23,"5,61,86,469","6,13,69,99,513.30","2,13,478","2,19,17,969",39.01
TATASTEEL,EQ,2023-02-14,108.75,109.55,109.9,108.25,109.3,109.25,109.07,"3,11,63,587","3,39,91,53,115.15","1,47,750","1,09,31,916",35.08
TATASTEEL,EQ,2023-02-15,109.25,109.0,110.6,108.8,110.35,110.3,109.82,"3,55,44,190","3,90,33,13,900.75","1,50,839","1,22,76,457",34.54
TATASTEEL,EQ,2023-02-16,110.3,111.0,112.2,110.65,112.0,112.0,111.38,"3,09,56,191","3,44,79,51,206.65","1,33,246","1,32,21,443",42.71
TATASTEEL,EQ,2023-02-17,112.0,111.55,113.1,111.3,112.1,112.25,112.56,"3,41,07,244","3,83,92,75,198.65","1,50,582","1,06,08,676",31.1
TATASTEEL,EQ,2023-02-20,112.25,112.3,112.7,111.05,112.55,112.35,112.16,"1,98,96,764","2,23,16,99,003.55","1,05,686","53,42,643",26.85
TATASTEEL,EQ,2023-02-21,112.35,112.9,114.2,112.75,113.45,113.15,113.56,"2,98,30,864","3,38,74,74,094.25","1,49,603","94,50,087",31.68
TATASTEEL,EQ,2023-02-22,113.15,113.25,113.7,110.65,111.15,111.15,111.85,"2,43,91,211","2,72,81,86,737.25","1,28,818","81,83,288",33.55
TATASTEEL,EQ,2023-02-23,111.15,111.55,113.65,111.35,112.2,112.05,112.32,"3,08,45,778","3,46,44,72,213.65","1,53,482","95,81,338",31.06
TATASTEEL,EQ,2023-02-24,112.05,112.5,112.9,109.55,109.85,109.75,110.47,"3,43,26,940","3,79,20,36,662.95","1,54,954","1,16,11,926",33.83
TATASTEEL,EQ,2023-02-27,109.75,109.8,110.05,105.15,106.5,106.1,106.67,"5,62,17,189","5,99,65,71,618.55","2,76,383","2,29,07,853",40.75
TATASTEEL,EQ,2023-02-28,106.1,106.85,107.05,103.55,104.1,103.95,104.68,"7,65,40,448","8,01,22,43,048.10","2,73,452","4,37,11,078",57.11
TATASTEEL,EQ,2023-03-01,103.95,104.7,107.1,104.5,105.7,105.5,105.57,"7,61,75,319","8,04,18,59,455.85","2,12,265","4,16,76,332",54.71
TATASTEEL,EQ,2023-03-02,105.5,106.05,106.9,104.35,104.85,104.65,105.14,"5,52,76,248","5,81,18,26,485.25","2,00,155","2,67,03,232",48.31
TATASTEEL,EQ,2023-03-03,104.65,106.0,107.45,105.0,107.45,107.0,105.92,"11,71,75,295","12,41,09,56,853.75","2,12,882","7,75,47,013",66.18
TATASTEEL,EQ,2023-03-06,107.0,107.5,107.6,105.0,105.85,105.65,106.04,"10,68,68,143","11,33,19,46,650.00","2,35,575","5,80,07,016",54.28
TATASTEEL,EQ,2023-03-08,105.65,105.3,106.9,104.0,106.4,106.5,106.1,"4,39,39,583","4,66,18,90,631.85","1,76,234","1,57,56,770",35.86
TATASTEEL,EQ,2023-03-09,106.5,107.85,108.95,107.5,108.2,108.2,108.41,"5,19,67,449","5,63,39,85,537.85","1,99,963","2,23,11,886",42.93
TATASTEEL,EQ,2023-03-10,108.2,107.0,108.35,106.6,108.15,108.1,107.74,"4,76,99,832","5,13,89,44,228.45","1,54,176","2,05,36,679",43.05
TATASTEEL,EQ,2023-03-13,108.1,108.25,109.0,106.35,107.15,106.8,107.66,"3,45,52,596","3,72,00,63,116.85","1,43,686","1,43,00,754",41.39
TATASTEEL,EQ,2023-03-14,106.8,107.0,108.55,106.2,106.55,106.4,107.38,"4,85,84,984","5,21,71,99,866.90","1,66,949","1,92,91,939",39.71
TATASTEEL,EQ,2023-03-15,106.4,107.5,109.15,107.4,108.7,108.65,108.53,"3,89,30,902","4,22,53,15,557.85","1,50,243","1,33,50,894",34.29
TATASTEEL,EQ,2023-03-16,108.65,107.25,107.25,103.7,105.3,105.05,104.83,"8,10,88,340","8,50,01,65,789.10","2,76,188","3,91,06,588",48.23
TATASTEEL,EQ,2023-03-17,105.05,106.45,107.35,105.0,107.15,107.0,106.25,"4,89,62,238","5,20,24,72,538.40","1,65,069","2,05,38,331",41.95
TATASTEEL,EQ,2023-03-20,107.0,106.1,106.45,103.85,104.5,104.5,104.71,"4,15,69,640","4,35,26,03,949.85","1,82,679","1,76,59,007",42.48
TATASTEEL,EQ,2023-03-21,104.5,105.1,105.4,104.3,104.8,104.75,104.71,"2,64,34,897","2,76,80,91,153.40","1,42,994","89,89,938",34.01
TATASTEEL,EQ,2023-03-22,104.75,104.75,105.95,104.4,104.95,104.8,105.21,"2,58,91,259","2,72,40,80,059.55","1,05,023","1,08,50,705",41.91
TATASTEEL,EQ,2023-03-23,104.8,104.4,105.5,104.35,105.0,104.9,105.06,"2,09,13,844","2,19,71,43,347.90","1,14,789","72,94,075",34.88
TATASTEEL,EQ,2023-03-24,104.9,105.0,105.05,101.55,102.05,102.1,103.1,"3,90,14,278","4,02,23,77,160.10","2,41,782","1,74,56,932",44.74
TATASTEEL,EQ,2023-03-27,102.1,102.55,103.4,102.1,102.3,102.3,102.63,"2,47,53,289","2,54,05,28,569.55","1,49,006","81,59,264",32.96
TATASTEEL,EQ,2023-03-28,102.3,102.85,103.1,102.35,102.6,102.5,102.66,"1,87,03,734","1,92,02,12,067.45","1,19,164","84,12,290",44.98
TATASTEEL,EQ,2023-03-29,102.5,102.5,104.5,101.65,103.8,103.6,102.55,"3,72,21,124","3,81,70,72,842.05","1,50,605","1,79,00,104",48.09
TATASTEEL,EQ,2023-03-31,103.6,105.0,105.5,104.1,104.5,104.5,104.9,"3,45,79,415","3,62,73,14,028.05","1,43,838","2,10,18,305",60.78
TATASTEEL,EQ,2023-04-03,104.5,105.1,105.25,103.8,104.15,104.1,104.3,"2,18,40,428","2,27,80,58,629.40","1,11,674","1,08,90,378",49.86
TATASTEEL,EQ,2023-04-05,104.1,104.1,105.0,103.2,104.8,104.85,104.27,"2,51,94,802","2,62,70,43,258.30","1,26,999","1,04,12,316",41.33
TATASTEEL,EQ,2023-04-06,104.85,104.85,105.1,104.2,104.5,104.35,104.58,"2,10,53,782","2,20,18,00,059.70","95,727","1,04,48,387",49.63
TATASTEEL,EQ,2023-04-10,104.35,104.5,105.75,104.5,105.1,104.95,105.07,"1,99,92,257","2,10,06,42,987.95","99,915","85,05,539",42.54
TATASTEEL,EQ,2023-04-11,104.95,105.55,107.85,105.1,107.6,107.55,106.2,"4,93,04,956","5,23,61,10,495.10","1,30,047","2,50,63,215",50.83
TATASTEEL,EQ,2023-04-12,107.55,108.2,108.4,106.95,107.7,107.6,107.81,"2,73,49,538","2,94,85,17,983.10","1,28,731","1,04,33,581",38.15
TATASTEEL,EQ,2023-04-13,107.6,107.5,108.15,105.9,107.6,107.5,106.9,"3,48,80,922","3,72,88,37,192.45","1,23,611","1,58,78,284",45.52
TATASTEEL,EQ,2023-04-17,107.5,107.6,108.3,106.75,107.2,107.15,107.25,"2,46,42,162","2,64,28,35,449.50","1,24,418","1,13,33,677",45.99
TATASTEEL,EQ,2023-04-18,107.15,107.2,107.9,106.85,107.55,107.6,107.33,"2,54,76,339","2,73,44,57,761.10","81,880","1,24,64,201",48.92
TATASTEEL,EQ,2023-04-19,107.6,107.85,110.4,107.75,108.1,108.1,109.04,"6,21,00,775","6,77,17,63,621.70","1,84,789","2,43,93,050",39.28
TATASTEEL,EQ,2023-04-20,108.1,108.2,108.7,107.4,108.1,108.0,108.02,"1,83,37,948","1,98,08,44,661.65","99,645","70,21,275",38.29
TATASTEEL,EQ,2023-04-21,108.0,108.0,108.1,105.35,106.1,106.15,106.06,"3,76,38,506","3,99,18,43,098.75","1,55,242","1,64,21,534",43.63
TATASTEEL,EQ,2023-04-24,106.15,106.4,106.7,105.35,106.7,106.5,106.21,"2,34,75,012","2,49,33,11,630.90","1,04,865","81,41,753",34.68
TATASTEEL,EQ,2023-04-25,106.5,106.7,107.6,106.25,106.95,107.05,107.17,"2,33,33,425","2,50,05,46,363.50","1,17,726","1,05,42,235",45.18
TATASTEEL,EQ,2023-04-26,107.05,106.5,107.05,105.85,106.9,106.85,106.61,"2,35,90,297","2,51,48,95,123.15","1,02,154","1,08,60,256",46.04
TATASTEEL,EQ,2023-04-27,106.85,106.3,107.85,106.3,107.65,107.65,107.29,"2,23,64,308","2,39,93,60,923.30","1,01,664","96,55,214",43.17
TATASTEEL,EQ,2023-04-28,107.65,107.8,108.5,107.3,108.0,107.95,107.8,"3,00,72,920","3,24,18,48,071.05","1,21,074","1,55,72,159",51.78
TATASTEEL,EQ,2023-05-02,107.95,108.0,110.85,108.0,110.4,110.3,109.88,"5,28,22,162","5,80,39,26,375.60","1,77,776","2,55,63,029",48.39
TATASTEEL,EQ,2023-05-03,110.3,109.8,111.0,108.75,109.75,109.7,109.71,"5,12,72,624","5,62,50,37,044.30","1,64,302","1,94,63,117",37.96
TATASTEEL,EQ,2023-05-04,109.7,110.0,111.9,109.5,110.9,111.05,111.1,"3,86,36,907","4,29,23,97,887.10","1,41,966","1,37,93,437",35.7
TATASTEEL,EQ,2023-05-05,111.05,110.85,110.85,108.4,108.7,108.65,109.25,"3,29,58,346","3,60,06,77,932.40","1,32,104","1,51,67,678",46.02
TATASTEEL,EQ,2023-05-08,108.65,109.25,109.85,108.25,109.75,109.55,109.36,"2,31,30,472","2,52,94,84,680.95","1,00,999","1,10,42,547",47.74
TATASTEEL,EQ,2023-05-09,109.55,109.6,111.2,109.15,109.65,109.55,110.22,"2,79,99,202","3,08,59,64,389.15","1,24,913","1,13,25,490",40.45
TATASTEEL,EQ,2023-05-10,109.55,109.6,110.0,108.6,109.35,109.25,109.03,"1,92,13,215","2,09,49,12,629.60","1,02,095","92,59,378",48.19
TATASTEEL,EQ,2023-05-11,109.25,109.2,109.5,108.25,108.65,108.55,108.8,"1,98,17,637","2,15,61,37,340.30","1,08,331","97,45,164",49.17
TATASTEEL,EQ,2023-05-12,108.55,108.35,108.4,106.55,106.85,106.75,107.06,"3,67,94,838","3,93,91,90,769.55","1,52,385","1,92,97,051",52.44
TATASTEEL,EQ,2023-05-15,106.75,107.05,108.2,105.65,107.65,107.7,107.17,"2,21,48,028","2,37,35,07,495.90","1,24,207","74,70,584",33.73
TATASTEEL,EQ,2023-05-16,107.7,108.2,108.65,107.2,107.55,107.4,107.62,"1,85,87,658","2,00,03,32,266.55","95,237","86,43,656",46.5
TATASTEEL,EQ,2023-05-17,107.4,107.4,107.5,105.55,106.05,106.0,106.26,"2,88,95,465","3,07,04,86,552.55","1,58,469","1,49,82,642",51.85
TATASTEEL,EQ,2023-05-18,106.0,106.5,107.15,105.1,105.35,105.2,105.92,"2,42,08,481","2,56,42,75,088.30","1,53,094","1,05,24,301",43.47
TATASTEEL,EQ,2023-05-19,105.2,105.6,105.7,104.05,104.7,104.65,104.56,"2,98,48,841","3,12,09,08,345.85","1,64,196","1,31,32,048",44.0
TATASTEEL,EQ,2023-05-22,104.65,105.0,105.25,104.3,105.1,105.0,104.88,"2,15,88,716","2,26,43,31,112.70","1,46,640","96,73,127",44.81
TATASTEEL,EQ,2023-05-23,105.0,105.1,106.05,105.0,105.6,105.6,105.58,"2,13,04,034","2,24,93,49,513.10","1,20,258","1,10,51,597",51.88
TATASTEEL,EQ,2023-05-24,105.6,105.1,105.8,104.9,105.0,105.2,105.3,"2,84,54,367","2,99,63,44,304.75","1,13,015","1,54,97,052",54.46
TATASTEEL,EQ,2023-05-25,105.2,105.0,105.2,104.3,105.0,104.85,104.66,"2,58,85,062","2,70,90,50,705.20","1,20,182","1,22,00,550",47.13
TATASTEEL,EQ,2023-05-26,104.85,105.0,106.75,104.95,106.45,106.4,105.85,"2,83,62,042","3,00,22,17,896.90","1,06,252","1,48,17,472",52.24
TATASTEEL,EQ,2023-05-29,106.4,107.0,108.85,106.3,108.35,108.45,107.92,"4,10,62,311","4,43,15,34,295.90","1,49,388","2,05,08,284",49.94
TATASTEEL,EQ,2023-05-30,108.45,108.95,108.95,106.9,106.95,107.05,107.57,"3,34,75,211","3,60,09,17,274.85","1,34,867","1,82,72,201",54.58
TATASTEEL,EQ,2023-05-31,107.05,106.4,106.95,105.6,105.85,105.8,106.14,"4,12,49,944","4,37,82,51,037.75","1,31,061","2,51,12,522",60.88
TATASTEEL,EQ,2023-06-01,105.8,105.9,106.7,105.8,106.0,105.95,106.15,"2,12,11,538","2,25,15,51,758.05","94,464","1,12,14,399",52.87
TATASTEEL,EQ,2023-06-02,105.95,106.5,108.3,106.5,108.05,108.0,107.48,"4,66,86,933","5,01,77,25,667.70","1,38,198","3,01,59,023",64.6
TATASTEEL,EQ,2023-06-05,108.0,108.65,109.9,107.8,109.6,109.4,108.83,"3,96,42,539","4,31,43,34,583.10","1,43,608","2,12,89,860",53.7
TATASTEEL,EQ,2023-06-06,109.4,109.75,109.85,108.3,109.1,109.0,108.94,"2,67,51,372","2,91,44,20,221.25","1,23,777","1,32,34,760",49.47
TATASTEEL,EQ,2023-06-07,109.0,109.5,111.75,108.9,111.5,111.5,110.46,"4,51,57,197","4,98,78,84,439.90","1,72,381","2,36,77,031",52.43
TATASTEEL,EQ,2023-06-08,111.5,111.5,113.0,110.95,111.25,111.15,111.81,"4,63,80,294","5,18,57,82,963.20","1,63,368","2,08,68,181",44.99
TATASTEEL,EQ,2023-06-09,111.15,111.25,111.65,108.65,109.15,108.9,109.42,"3,63,92,617","3,98,21,74,835.80","1,60,353","1,71,16,650",47.03
TATASTEEL,EQ,2023-06-12,108.9,109.15,110.6,109.15,109.55,109.5,109.79,"2,34,72,313","2,57,70,57,322.15","1,29,504","98,85,609",42.12
TATASTEEL,EQ,2023-06-13,109.5,110.0,111.85,109.65,111.05,111.15,110.85,"3,00,18,212","3,32,76,32,939.35","1,29,410","1,47,87,238",49.26
TATASTEEL,EQ,2023-06-14,111.15,111.5,114.0,111.4,113.75,113.8,113.22,"6,66,96,433","7,55,10,41,425.20","2,45,307","2,83,91,262",42.57
TATASTEEL,EQ,2023-06-15,113.8,113.9,114.2,113.25,113.65,113.75,113.75,"3,94,30,138","4,48,52,56,302.80","1,48,524","2,01,23,406",51.04
TATASTEEL,EQ,2023-06-16,113.75,114.4,114.8,113.85,114.35,114.25,114.24,"3,17,15,807","3,62,31,57,859.10","1,19,137","1,87,26,828",59.05
TATASTEEL,EQ,2023-06-19,114.25,115.45,115.6,113.05,114.2,114.1,114.08,"3,35,02,185","3,82,20,38,084.40","1,40,304","1,73,64,036",51.83
TATASTEEL,EQ,2023-06-20,114.1,114.1,115.25,113.5,114.5,114.25,114.53,"3,03,71,599","3,47,84,40,270.40","1,37,218","1,25,82,219",41.43
TATASTEEL,EQ,2023-06-21,114.25,114.9,114.9,112.85,113.95,113.9,113.68,"3,56,27,983","4,05,01,86,870.45","1,41,248","1,98,03,274",55.58
TATASTEEL,EQ,2023-06-22,113.9,110.6,112.2,110.55,111.2,111.1,111.38,"3,47,69,987","3,87,26,88,551.20","1,53,503","1,53,40,663",44.12
TATASTEEL,EQ,2023-06-23,111.1,110.5,110.75,109.2,109.35,109.6,109.97,"2,21,90,233","2,44,02,21,682.95","1,12,770","1,05,43,561",47.51
TATASTEEL,EQ,2023-06-26,109.6,109.6,110.2,108.1,110.2,109.85,109.1,"2,53,32,751","2,76,37,34,572.75","1,29,004","1,22,52,344",48.37
TATASTEEL,EQ,2023-06-27,109.85,110.6,111.5,110.15,110.9,110.75,110.86,"2,41,29,403","2,67,50,86,307.85","1,38,795","1,04,79,720",43.43
TATASTEEL,EQ,2023-06-28,110.75,111.5,112.05,110.9,111.65,111.55,111.54,"2,38,95,274","2,66,53,15,375.20","1,23,251","1,11,29,309",46.58
TATASTEEL,EQ,2023-06-30,111.55,111.6,112.2,110.4,112.0,112.0,111.64,"2,67,41,918","2,98,53,82,486.20","1,29,098","1,30,92,405",48.96
TATASTEEL,EQ,2023-07-03,112.0,112.25,114.25,112.05,113.0,113.1,113.38,"3,09,79,256","3,51,23,45,035.75","1,37,687","1,47,87,967",47.74
TATASTEEL,EQ,2023-07-04,113.1,113.2,113.4,112.1,112.35,112.4,112.66,"2,50,80,307","2,82,54,46,861.10","1,24,580","1,22,50,571",48.85
TATASTEEL,EQ,2023-07-05,112.4,112.55,113.55,112.2,112.9,112.95,112.97,"2,78,77,180","3,14,93,05,413.45","1,19,567","1,32,29,149",47.46
TATASTEEL,EQ,2023-07-06,112.95,112.0,112.85,111.5,112.65,112.65,112.15,"3,43,20,086","3,84,90,61,350.15","1,38,042","1,29,86,191",37.84
TATASTEEL,EQ,2023-07-07,112.65,112.0,113.3,111.25,111.6,111.6,112.11,"3,00,34,274","3,36,71,02,319.95","1,13,689","1,53,49,723",51.11
TATASTEEL,EQ,2023-07-10,111.6,112.25,115.7,111.65,115.25,115.3,114.48,"6,06,52,690","6,94,38,15,581.60","2,19,509","3,07,02,973",50.62
TATASTEEL,EQ,2023-07-11,115.3,115.6,116.1,114.8,115.1,115.15,115.43,"3,79,99,385","4,38,61,30,159.45","1,92,661","1,82,02,108",47.9
TATASTEEL,EQ,2023-07-12,115.15,115.15,116.05,114.0,114.75,114.7,114.77,"3,27,71,204","3,76,10,70,520.60","1,49,737","1,57,74,315",48.13
TATASTEEL,EQ,2023-07-13,114.7,116.0,116.95,114.5,114.95,114.85,115.73,"4,48,47,814","5,19,00,13,535.60","1,61,649","2,31,17,986",51.55
TATASTEEL,EQ,2023-07-14,114.85,115.7,117.9,114.8,117.65,117.15,116.26,"3,45,21,821","4,01,35,34,242.35","1,38,452","1,94,20,168",56.25
TATASTEEL,EQ,2023-07-17,117.15,117.95,119.35,117.1,117.8,117.75,118.34,"4,91,15,369","5,81,23,13,828.95","1,96,197","2,15,66,106",43.91
TATASTEEL,EQ,2023-07-18,117.75,118.0,118.15,116.4,116.6,116.6,117.09,"2,34,33,431","2,74,38,57,232.85","1,24,030","1,02,34,267",43.67
TATASTEEL,EQ,2023-07-19,116.6,116.7,117.2,116.1,116.55,116.7,116.69,"1,72,22,355","2,00,96,94,774.10","1,12,312","67,26,288",39.06
TATASTEEL,EQ,2023-07-20,116.7,116.7,117.25,116.35,116.9,116.95,116.87,"2,23,03,831","2,60,67,03,327.15","1,06,969","98,54,954",44.19
TATASTEEL,EQ,2023-07-21,116.95,116.6,117.95,115.5,116.7,116.6,116.65,"3,15,46,136","3,67,98,25,459.10","1,26,664","1,05,70,260",33.51
TATASTEEL,EQ,2023-07-24,116.6,116.5,116.5,114.35,115.25,115.5,115.37,"3,81,13,555","4,39,72,47,627.25","1,66,031","1,96,84,535",51.65
TATASTEEL,EQ,2023-07-25,115.5,115.0,119.9,114.35,119.1,119.25,118.27,"8,80,35,259","10,41,21,64,866.45","2,90,928","3,68,10,507",41.81
TATASTEEL,EQ,2023-07-26,119.25,119.8,120.6,118.85,119.85,119.95,119.81,"2,97,16,336","3,56,03,54,181.25","1,66,824","1,44,40,834",48.6
TATASTEEL,EQ,2023-07-27,119.95,120.25,121.45,119.15,120.3,119.8,120.27,"3,96,64,251","4,77,04,85,839.25","1,55,050","2,12,98,073",53.7
TATASTEEL,EQ,2023-07-28,119.8,120.2,121.1,118.7,120.5,120.6,119.93,"3,39,96,691","4,07,73,60,851.60","1,40,641","1,39,53,237",41.04
TATASTEEL,EQ,2023-07-31,120.6,120.6,123.85,120.6,122.85,123.15,122.85,"5,23,30,311","6,42,90,27,091.55","2,23,916","2,64,77,333",50.6
TATASTEEL,EQ,2023-08-01,123.15,123.55,124.15,122.55,123.15,123.2,123.36,"2,78,63,562","3,43,73,63,292.15","1,52,455","1,56,69,398",56.24
TATASTEEL,EQ,2023-08-02,123.2,122.9,122.9,118.25,119.2,118.95,119.89,"5,49,51,586","6,58,78,87,454.35","2,40,403","3,00,24,744",54.64
TATASTEEL,EQ,2023-08-03,118.95,118.7,119.65,117.5,118.6,118.2,118.24,"3,46,24,188","4,09,38,84,505.55","1,96,496","1,36,35,103",39.38
TATASTEEL,EQ,2023-08-04,118.2,119.4,119.75,118.0,119.0,119.0,118.93,"2,23,03,966","2,65,25,51,989.70","1,14,669","1,18,35,801",53.07
TATASTEEL,EQ,2023-08-07,119.0,119.6,119.6,118.0,118.6,118.85,118.73,"2,07,11,952","2,45,90,82,671.95","1,33,643","1,02,35,281",49.42
TATASTEEL,EQ,2023-08-08,118.85,119.0,119.5,117.95,118.15,118.15,118.51,"2,12,75,054","2,52,13,77,215.10","1,22,839","1,21,61,443",57.16
TATASTEEL,EQ,2023-08-09,118.15,118.35,120.5,116.9,120.4,120.2,118.53,"3,41,54,214","4,04,84,50,641.55","1,46,911","1,62,09,425",47.46
TATASTEEL,EQ,2023-08-10,120.2,120.0,120.65,119.25,120.0,120.0,119.92,"2,44,39,101","2,93,06,27,924.30","1,40,513","1,16,91,859",47.84
TATASTEEL,EQ,2023-08-11,120.0,120.3,121.4,119.15,120.55,120.3,120.43,"2,63,37,436","3,17,17,61,199.15","1,44,366","97,40,925",36.99
TATASTEEL,EQ,2023-08-14,120.3,120.3,120.4,117.35,117.85,118.15,118.23,"3,30,95,516","3,91,28,29,472.45","1,67,262","1,60,88,191",48.61
TATASTEEL,EQ,2023-08-16,118.15,117.95,117.95,115.4,115.9,115.95,116.22,"3,12,52,473","3,63,20,61,298.05","1,69,033","1,47,97,120",47.35
TATASTEEL,EQ,2023-08-17,115.95,115.9,116.8,114.7,115.95,116.05,115.78,"2,84,61,865","3,29,54,20,065.10","1,71,164","1,25,86,947",44.22
TATASTEEL,EQ,2023-08-18,116.05,116.3,116.4,114.75,116.4,115.8,115.55,"3,03,81,609","3,51,05,16,688.50","1,37,398","1,81,25,280",59.66
TATASTEEL,EQ,2023-08-21,115.8,116.75,117.1,115.85,116.8,116.9,116.64,"2,26,29,651","2,63,96,28,824.70","1,34,669","1,16,94,190",51.68
TATASTEEL,EQ,2023-08-22,116.9,117.15,117.75,116.5,117.55,117.55,117.21,"1,73,43,131","2,03,27,61,447.10","1,11,027","83,75,999",48.3
TATASTEEL,EQ,2023-08-23,117.55,117.85,119.25,117.65,118.85,118.95,118.89,"4,37,44,909","5,20,08,86,017.65","1,33,768","2,52,29,506",57.67
TATASTEEL,EQ,2023-08-24,118.95,119.5,120.1,118.05,118.3,118.25,118.81,"2,71,03,446","3,22,00,87,938.55","1,34,041","1,37,10,773",50.59
TATASTEEL,EQ,2023-08-25,118.25,118.0,118.15,116.7,117.1,116.9,117.39,"2,36,92,527","2,78,11,76,955.20","1,07,610","1,14,15,334",48.18
TATASTEEL,EQ,2023-08-28,116.9,117.0,118.25,117.0,117.55,117.6,117.68,"1,92,18,821","2,26,16,79,617.10","1,03,263","1,00,08,335",52.08
TATASTEEL,EQ,2023-08-29,117.6,118.5,120.15,117.75,119.8,119.55,119.1,"3,60,38,317","4,29,23,28,896.10","1,29,481","1,88,34,917",52.26
TATASTEEL,EQ,2023-08-30,119.55,120.5,122.7,120.25,122.05,122.1,122.02,"5,14,67,177","6,27,99,89,423.50","2,65,241","2,31,86,873",45.05
TATASTEEL,EQ,2023-08-31,122.1,122.85,123.6,122.15,123.6,122.9,122.77,"6,06,26,985","7,44,34,73,788.50","2,01,344","3,69,12,762",60.89
TATASTEEL,EQ,2023-09-01,122.9,123.5,128.7,123.4,126.8,127.05,127.05,"7,64,60,408","9,71,40,89,379.55","3,15,467","2,90,18,534",37.95
TATASTEEL,EQ,2023-09-04,127.05,129.2,132.9,128.85,131.9,131.75,131.69,"6,85,25,900","9,02,42,25,220.75","3,42,443","2,89,21,797",42.21
TATASTEEL,EQ,2023-09-05,131.75,131.75,132.45,128.85,131.75,131.7,130.75,"3,64,66,807","4,76,78,57,575.05","1,90,902","1,23,62,283",33.9
TATASTEEL,EQ,2023-09-06,131.7,132.4,132.4,128.2,129.45,129.6,129.55,"3,60,58,850","4,67,14,65,545.35","2,16,595","1,62,63,994",45.1
TATASTEEL,EQ,2023-09-07,129.6,129.5,130.8,128.6,130.1,130.15,130.0,"3,02,68,235","3,93,47,81,899.05","1,53,956","1,30,09,983",42.98
TATASTEEL,EQ,2023-09-08,130.15,131.4,131.65,129.2,129.6,129.5,130.24,"3,43,13,523","4,46,90,52,986.90","1,26,365","1,57,86,559",46.01
TATASTEEL,EQ,2023-09-11,129.5,129.5,131.85,129.2,131.1,131.15,130.71,"3,33,77,857","4,36,28,62,449.95","1,74,961","1,34,87,558",40.41
TATASTEEL,EQ,2023-09-12,131.15,132.8,133.15,128.65,128.9,129.0,130.05,"3,80,65,283","4,95,03,14,633.25","2,12,107","1,68,70,428",44.32
TATASTEEL,EQ,2023-09-13,129.0,129.6,130.5,127.7,129.9,129.55,129.32,"2,33,71,459","3,02,24,84,084.00","1,63,917","94,77,034",40.55
TATASTEEL,EQ,2023-09-14,129.55,131.0,134.2,130.8,131.95,131.7,132.32,"5,88,00,620","7,78,03,13,510.10","3,33,183","2,21,96,545",37.75
TATASTEEL,EQ,2023-09-15,131.7,132.6,133.3,129.85,132.2,131.95,131.48,"8,50,58,495","11,18,37,54,761.50","1,89,446","5,38,93,265",63.36
TATASTEEL,EQ,2023-09-18,131.95,135.0,135.0,130.05,130.5,130.45,131.81,"6,24,20,823","8,22,79,68,331.45","2,82,655","2,70,27,964",43.3
TATASTEEL,EQ,2023-09-20,130.45,130.45,131.8,128.0,128.5,128.3,129.55,"4,36,27,379","5,65,19,83,902.35","2,20,289","1,81,97,736",41.71
TATASTEEL,EQ,2023-09-21,128.3,128.3,129.25,127.2,127.9,127.8,128.19,"2,98,26,091","3,82,32,96,128.15","1,89,809","91,41,175",30.65
TATASTEEL,EQ,2023-09-22,127.8,127.15,128.7,125.5,127.2,126.75,127.09,"3,40,59,194","4,32,85,63,173.75","1,93,209","1,26,82,272",37.24
TATASTEEL,EQ,2023-09-25,126.75,127.3,128.3,126.1,127.25,127.4,127.29,"2,34,66,981","2,98,70,46,458.00","1,48,843","97,44,629",41.52
TATASTEEL,EQ,2023-09-26,127.4,129.0,130.55,128.4,128.95,128.9,129.5,"4,89,36,598","6,33,72,43,511.85","2,35,615","1,54,64,657",31.6
TATASTEEL,EQ,2023-09-27,128.9,128.75,128.75,126.7,128.4,128.15,127.79,"3,32,77,329","4,25,24,37,333.00","1,84,173","1,49,34,149",44.88
TATASTEEL,EQ,2023-09-28,128.15,128.35,129.3,126.3,127.25,126.8,127.69,"2,99,82,233","3,82,82,88,872.45","1,65,709","95,22,142",31.76
TATASTEEL,EQ,2023-09-29,126.8,128.2,129.55,127.55,129.05,128.9,128.73,"2,84,06,435","3,65,67,17,531.85","1,56,353","92,11,800",32.43
TATASTEEL,EQ,2023-10-03,128.9,129.0,129.1,127.25,128.1,128.0,127.82,"1,86,13,557","2,37,91,07,875.80","1,36,399","66,30,374",35.62
TATASTEEL,EQ,2023-10-04,128.0,127.0,127.1,124.5,125.35,125.3,125.49,"3,32,72,725","4,17,52,49,159.90","2,14,486","1,64,74,619",49.51
TATASTEEL,EQ,2023-10-05,125.3,125.9,126.15,124.55,125.55,125.25,125.31,"2,70,63,441","3,39,13,65,474.55","1,65,593","1,11,67,651",41.26
TATASTEEL,EQ,2023-10-06,125.25,126.5,127.0,125.1,125.85,125.9,125.85,"2,19,28,671","2,75,97,25,379.50","1,45,005","85,76,602",39.11
TATASTEEL,EQ,2023-10-09,125.9,124.8,124.9,122.6,123.35,123.85,123.88,"2,14,57,836","2,65,82,19,956.95","1,87,353","88,57,712",41.28
TATASTEEL,EQ,2023-10-10,123.85,124.7,125.9,123.75,125.25,125.3,124.78,"2,87,45,957","3,58,68,19,958.85","1,71,447","91,29,296",31.76
TATASTEEL,EQ,2023-10-11,125.3,126.0,126.3,124.7,124.95,124.95,125.48,"2,44,55,932","3,06,86,16,682.35","1,32,086","1,02,75,919",42.02
TATASTEEL,EQ,2023-10-12,124.95,125.35,126.9,125.1,125.8,125.9,126.09,"1,93,61,688","2,44,13,91,694.90","1,26,504","60,05,958",31.02
TATASTEEL,EQ,2023-10-13,125.9,125.0,125.75,124.0,125.2,125.05,124.93,"2,69,12,800","3,36,20,90,989.25","1,60,443","1,08,02,197",40.14
TATASTEEL,EQ,2023-10-16,125.05,125.1,127.25,124.95,127.1,127.0,126.51,"2,38,68,700","3,01,95,47,026.80","1,48,084","92,27,056",38.66
TATASTEEL,EQ,2023-10-17,127.0,127.9,128.55,127.0,127.75,127.4,127.9,"2,42,41,710","3,10,05,88,399.80","1,36,830","1,10,81,475",45.71
TATASTEEL,EQ,2023-10-18,127.4,127.85,128.7,126.6,127.1,127.1,127.42,"2,09,26,079","2,66,65,01,947.15","1,41,265","90,50,062",43.25
TATASTEEL,EQ,2023-10-19,127.1,125.5,126.5,124.35,125.8,126.0,125.46,"3,09,41,319","3,88,19,44,628.55","1,65,387","1,32,56,849",42.85
TATASTEEL,EQ,2023-10-20,126.0,125.0,125.75,122.7,123.1,123.1,124.01,"3,07,46,140","3,81,27,44,831.35","1,92,203","1,60,10,456",52.07
TATASTEEL,EQ,2023-10-23,123.1,123.35,123.4,119.7,120.05,120.0,120.97,"3,06,99,479","3,71,37,36,345.95","1,98,614","1,58,71,719",51.7
TATASTEEL,EQ,2023-10-25,120.0,121.2,122.8,120.75,121.3,121.35,121.79,"2,73,46,103","3,33,05,69,435.45","1,66,352","1,10,77,568",40.51
TATASTEEL,EQ,2023-10-26,121.35,120.85,120.9,118.9,120.05,119.9,119.81,"3,62,98,907","4,34,89,29,304.25","1,91,297","1,80,83,675",49.82
TATASTEEL,EQ,2023-10-27,119.9,120.5,121.8,119.5,120.0,119.9,120.34,"2,84,24,007","3,42,05,65,260.80","1,44,880","1,27,72,992",44.94
TATASTEEL,EQ,2023-10-30,119.9,121.05,121.25,118.95,119.15,119.15,119.37,"1,87,53,217","2,23,85,32,926.65","1,45,518","71,11,077",37.92
TATASTEEL,EQ,2023-10-31,119.15,120.0,120.15,118.4,118.9,118.75,119.02,"2,23,19,950","2,65,64,47,467.15","1,47,250","97,76,269",43.8
TATASTEEL,EQ,2023-11-01,118.75,119.0,119.1,116.0,116.15,116.6,117.78,"2,47,17,941","2,91,12,36,884.90","1,62,002","1,00,78,581",40.77
TATASTEEL,EQ,2023-11-02,116.6,114.6,118.55,114.6,118.5,118.1,116.7,"7,25,38,804","8,46,54,95,277.35","2,80,659","2,55,38,121",35.21
TATASTEEL,EQ,2023-11-03,118.1,118.2,118.6,117.1,117.4,117.3,117.73,"3,17,47,230","3,73,75,15,379.95","1,79,215","1,31,19,948",41.33
TATASTEEL,EQ,2023-11-06,117.3,118.5,119.65,117.5,119.6,119.4,118.62,"2,78,83,152","3,30,74,44,876.55","1,50,363","1,50,32,425",53.91
TATASTEEL,EQ,2023-11-07,119.4,119.3,120.2,118.4,119.75,119.65,119.62,"2,58,18,033","3,08,84,35,269.90","1,35,129","1,18,69,641",45.97
TATASTEEL,EQ,2023-11-08,119.65,119.75,120.5,118.55,119.05,119.05,119.11,"2,25,52,386","2,68,61,43,473.10","1,28,934","1,24,91,823",55.39
TATASTEEL,EQ,2023-11-09,119.05,119.2,120.5,118.85,119.65,119.65,119.7,"2,29,79,112","2,75,05,17,129.70","1,32,295","1,10,55,492",48.11
TATASTEEL,EQ,2023-11-10,119.65,119.5,120.45,118.8,120.15,120.05,119.81,"2,35,84,510","2,82,56,63,511.45","1,37,597","1,16,28,454",49.31
TATASTEEL,EQ,2023-11-12,120.05,121.6,121.6,120.6,120.85,120.85,120.92,"39,84,034","48,17,33,972.85","69,992","25,84,096",64.86
TATASTEEL,EQ,2023-11-13,120.85,120.85,121.25,119.9,120.8,121.0,120.74,"1,79,51,775","2,16,74,12,969.40","1,28,808","81,01,611",45.13
TATASTEEL,EQ,2023-11-15,121.0,121.7,124.4,121.5,124.1,124.05,123.38,"3,83,44,393","4,73,09,75,784.75","1,83,566","1,87,51,117",48.9
TATASTEEL,EQ,2023-11-16,124.05,124.0,125.25,123.0,124.4,124.7,124.48,"3,08,36,413","3,83,85,18,574.75","1,65,433","1,41,40,315",45.86
TATASTEEL,EQ,2023-11-17,124.7,124.7,125.75,124.3,125.0,125.2,125.16,"2,33,19,439","2,91,85,81,820.75","1,30,629","1,01,21,371",43.4
TATASTEEL,EQ,2023-11-20,125.2,125.05,125.65,124.05,124.25,124.35,124.89,"1,87,80,290","2,34,54,28,249.95","1,44,456","1,04,01,815",55.39
TATASTEEL,EQ,2023-11-21,124.35,125.05,126.4,124.95,126.2,126.25,125.95,"2,96,43,312","3,73,35,34,250.25","1,52,063","1,64,10,691",55.36
TATASTEEL,EQ,2023-11-22,126.25,126.4,126.9,125.5,126.3,126.1,126.11,"1,95,88,063","2,47,03,14,487.15","1,12,127","1,00,95,071",51.54
TATASTEEL,EQ,2023-11-23,126.1,126.35,127.4,125.9,126.75,126.7,126.78,"3,07,36,851","3,89,67,87,469.35","1,52,378","1,71,81,131",55.9
TATASTEEL,EQ,2023-11-24,126.7,126.7,127.0,125.55,126.05,125.95,126.15,"1,47,19,450","1,85,67,93,943.75","1,04,736","57,69,267",39.19
TATASTEEL,EQ,2023-11-28,125.95,127.0,127.0,126.0,126.95,126.85,126.49,"1,83,77,843","2,32,45,66,454.85","1,37,072","1,01,36,368",55.16
TATASTEEL,EQ,2023-11-29,126.85,127.15,128.15,126.7,127.8,127.75,127.6,"2,30,92,165","2,94,64,45,299.55","1,37,907","1,30,85,861",56.67
TATASTEEL,EQ,2023-11-30,127.75,127.8,128.85,126.5,127.9,127.9,127.97,"4,01,65,104","5,13,99,85,066.50","1,73,510","2,34,01,076",58.26
TATASTEEL,EQ,2023-12-01,127.9,128.9,130.3,128.05,130.0,130.0,129.41,"3,11,92,397","4,03,64,76,816.00","1,72,753","1,52,61,121",48.93
TATASTEEL,EQ,2023-12-04,130.0,132.2,132.35,130.4,131.0,131.0,131.07,"4,12,30,928","5,40,40,51,813.10","2,13,569","2,53,81,773",61.56
TATASTEEL,EQ,2023-12-05,131.0,131.0,132.45,130.0,131.7,131.6,131.38,"3,51,92,149","4,62,33,85,317.75","1,91,777","1,96,87,473",55.94
TATASTEEL,EQ,2023-12-06,131.6,132.5,133.4,130.8,132.0,131.85,132.0,"4,07,53,593","5,37,95,58,472.95","1,83,004","2,17,57,891",53.39
TATASTEEL,EQ,2023-12-07,131.85,131.7,132.2,129.8,130.05,130.0,130.51,"3,46,86,333","4,52,70,01,638.35","1,76,826","2,02,20,786",58.3
TATASTEEL,EQ,2023-12-08,130.0,130.15,131.4,127.95,129.2,129.2,129.66,"3,43,93,711","4,45,93,53,470.85","1,64,457","1,86,30,947",54.17
TATASTEEL,EQ,2023-12-11,129.2,129.85,130.5,128.75,130.25,130.05,129.82,"2,40,38,059","3,12,05,31,964.30","1,44,371","1,27,30,517",52.96
TATASTEEL,EQ,2023-12-12,130.05,130.05,132.15,129.7,130.35,130.1,130.87,"3,06,96,410","4,01,71,98,896.85","1,55,668","1,48,95,233",48.52
TATASTEEL,EQ,2023-12-13,130.1,130.55,131.5,129.15,131.35,131.4,130.59,"2,27,67,972","2,97,31,83,996.20","1,46,208","1,11,96,152",49.18
TATASTEEL,EQ,2023-12-14,131.4,132.3,133.25,131.5,132.0,132.0,132.33,"4,33,72,143","5,73,93,57,415.20","1,85,803","2,27,22,634",52.39
TATASTEEL,EQ,2023-12-15,132.0,133.4,136.75,133.0,136.55,136.45,135.24,"7,73,77,446","10,46,44,13,045.45","2,92,704","3,50,40,594",45.29
TATASTEEL,EQ,2023-12-18,136.45,136.85,137.6,135.1,136.55,136.6,136.73,"3,84,61,877","5,25,88,16,795.55","2,59,565","1,74,31,203",45.32
TATASTEEL,EQ,2023-12-19,136.6,136.65,137.6,134.8,135.5,135.4,135.81,"2,77,26,431","3,76,54,16,442.20","1,67,461","1,47,54,019",53.21
TATASTEEL,EQ,2023-12-20,135.4,135.9,136.15,128.75,128.85,129.75,132.87,"3,94,95,961","5,24,77,06,866.60","2,01,438","2,02,77,844",51.34
TATASTEEL,EQ,2023-12-21,129.75,128.7,131.45,127.85,131.4,131.0,130.01,"3,49,14,399","4,53,92,19,050.25","1,98,021","1,17,93,975",33.78
TATASTEEL,EQ,2023-12-22,131.0,132.4,134.75,131.75,133.45,133.55,133.44,"3,73,57,334","4,98,48,74,945.75","2,13,314","1,32,76,647",35.54
TATASTEEL,EQ,2023-12-26,133.55,134.7,136.1,134.45,135.4,135.2,135.43,"2,59,36,447","3,51,24,75,189.45","1,82,329","1,13,79,637",43.88
TATASTEEL,EQ,2023-12-27,135.2,135.85,138.9,135.5,137.0,137.2,137.4,"4,81,01,400","6,60,92,21,199.10","2,40,022","2,22,66,016",46.29
TATASTEEL,EQ,2023-12-28,137.2,138.15,138.75,136.85,138.25,138.15,137.88,"3,46,61,176","4,77,91,01,020.60","2,15,436","1,48,85,856",42.95
TATASTEEL,EQ,2023-12-29,138.15,138.6,141.25,137.15,139.3,139.6,139.52,"4,92,02,910","6,86,49,63,120.60","2,34,503","2,16,11,634",43.92
TATASTEEL,EQ,2024-01-01,139.6,140.0,140.95,139.05,139.7,139.85,140.16,"2,11,86,105","2,96,94,70,656.95","1,87,550","94,35,252",44.54
TATASTEEL,EQ,2024-01-02,139.85,140.5,140.6,137.05,139.5,139.6,139.16,"2,77,64,060","3,86,37,03,836.75","1,67,466","1,12,28,879",40.44
TATASTEEL,EQ,2024-01-03,139.6,139.5,139.6,134.35,135.0,135.35,136.44,"4,51,76,618","6,16,40,41,917.50","2,79,840","2,51,70,203",55.72
TATASTEEL,EQ,2024-01-04,135.35,136.0,136.35,134.0,134.4,134.25,134.42,"4,39,13,498","5,90,26,44,745.45","2,49,740","2,35,66,864",53.67
TATASTEEL,EQ,2024-01-05,134.25,135.0,135.95,132.85,133.7,133.65,134.34,"7,13,30,190","9,58,21,67,218.80","2,48,067","4,35,66,825",61.08
TATASTEEL,EQ,2024-01-08,133.65,135.3,135.95,131.75,132.3,132.0,133.63,"3,95,59,717","5,28,64,69,683.20","2,28,285","1,90,11,288",48.06
TATASTEEL,EQ,2024-01-09,132.0,133.5,134.8,132.5,133.85,133.65,133.81,"3,07,36,868","4,11,30,02,298.90","1,68,721","1,56,76,957",51.0
TATASTEEL,EQ,2024-01-10,133.65,133.8,134.7,132.1,134.15,134.1,133.72,"2,72,13,624","3,63,90,89,609.30","1,75,426","1,13,92,493",41.86
TATASTEEL,EQ,2024-01-11,134.1,134.85,135.65,134.2,135.1,134.9,135.05,"2,31,13,349","3,12,15,21,575.35","1,52,705","1,06,01,792",45.87
TATASTEEL,EQ,2024-01-12,134.9,135.8,136.25,134.65,135.45,135.3,135.58,"3,28,83,921","4,45,85,50,005.35","1,70,543","1,68,25,060",51.17
TATASTEEL,EQ,2024-01-15,135.3,136.0,136.25,133.95,135.0,134.9,134.79,"3,41,58,775","4,60,43,27,884.95","1,77,458","1,74,64,591",51.13
TATASTEEL,EQ,2024-01-16,134.9,134.7,138.5,134.0,137.25,137.25,136.59,"5,63,61,287","7,69,81,43,042.30","2,13,394","2,43,97,180",43.29
TATASTEEL,EQ,2024-01-17,137.25,135.45,135.75,131.4,131.8,131.65,133.28,"5,89,82,971","7,86,10,46,380.15","2,98,756","3,23,93,747",54.92
TATASTEEL,EQ,2024-01-18,131.65,131.65,132.25,128.2,131.35,131.0,130.47,"4,52,73,496","5,90,66,40,975.60","2,67,573","2,00,66,091",44.32
TATASTEEL,EQ,2024-01-19,131.0,132.6,134.7,131.6,134.1,134.25,133.63,"3,26,53,013","4,36,35,34,601.95","1,87,679","1,21,62,380",37.25
TATASTEEL,EQ,2024-01-20,134.25,134.25,135.2,133.3,133.9,133.95,134.26,"1,65,78,179","2,22,57,19,129.05","1,22,378","67,53,550",40.74
TATASTEEL,EQ,2024-01-23,133.95,134.8,135.2,129.3,130.05,130.1,132.31,"3,53,73,970","4,68,04,31,862.50","2,17,517","1,73,20,071",48.96
TATASTEEL,EQ,2024-01-24,130.1,130.2,135.55,130.1,134.9,135.15,133.35,"3,93,40,119","5,24,58,53,350.90","2,16,385","1,57,68,536",40.08
TATASTEEL,EQ,2024-01-25,135.15,136.5,136.5,132.0,134.15,133.75,134.19,"6,13,58,839","8,23,37,55,323.50","3,06,685","2,16,91,073",35.35
TATASTEEL,EQ,2024-01-29,133.75,134.7,135.4,133.5,135.05,135.0,134.67,"2,97,45,400","4,00,56,83,022.65","1,87,551","1,32,76,693",44.63
TATASTEEL,EQ,2024-01-30,135.0,135.6,137.7,134.5,134.75,134.7,136.17,"3,57,04,185","4,86,19,61,220.20","2,45,199","1,67,88,897",47.02
TATASTEEL,EQ,2024-01-31,134.7,135.0,136.7,134.5,135.95,135.95,135.84,"3,60,79,354","4,90,09,53,896.15","2,17,115","2,01,91,325",55.96
TATASTEEL,EQ,2024-02-01,135.95,136.4,136.75,134.5,134.9,134.8,135.69,"3,17,01,793","4,30,15,05,287.60","2,14,127","1,16,58,734",36.78
TATASTEEL,EQ,2024-02-02,134.8,135.3,139.6,134.8,138.6,138.7,137.64,"6,92,96,192","9,53,80,94,505.80","3,53,725","3,30,25,915",47.66
TATASTEEL,EQ,2024-02-05,138.7,140.0,143.35,139.35,141.6,141.55,141.5,"8,07,37,626","11,42,42,81,407.05","3,75,154","3,51,53,051",43.54
TATASTEEL,EQ,2024-02-06,141.55,143.0,145.1,140.45,144.6,144.65,143.03,"5,31,92,936","7,60,80,22,638.70","2,56,507","2,60,10,170",48.9
TATASTEEL,EQ,2024-02-07,144.65,146.85,147.4,144.05,144.4,144.4,145.61,"6,15,17,064","8,95,74,48,815.35","2,92,894","2,89,10,135",47.0
TATASTEEL,EQ,2024-02-08,144.4,145.3,145.65,143.05,143.8,143.65,144.24,"3,89,97,666","5,62,49,77,247.20","2,56,373","1,50,08,275",38.49
TATASTEEL,EQ,2024-02-09,143.65,144.2,144.45,139.15,141.3,141.3,141.21,"3,59,61,925","5,07,80,64,740.80","2,37,401","1,23,83,921",34.44
TATASTEEL,EQ,2024-02-12,141.3,142.0,142.95,136.65,137.5,137.4,139.16,"3,64,77,544","5,07,62,68,769.20","2,19,005","1,63,34,895",44.78
TATASTEEL,EQ,2024-02-13,137.4,137.75,138.25,134.1,137.8,137.85,136.95,"3,91,55,909","5,36,23,27,557.60","2,05,902","1,57,29,075",40.17
TATASTEEL,EQ,2024-02-14,137.85,137.0,141.5,135.75,141.45,141.2,138.83,"2,91,41,690","4,04,58,31,003.05","2,02,721","1,15,98,530",39.8
TATASTEEL,EQ,2024-02-15,141.2,141.5,143.45,141.0,141.1,141.2,142.05,"3,15,87,387","4,48,70,16,479.10","2,01,451","1,41,23,793",44.71
TATASTEEL,EQ,2024-02-16,141.2,142.05,143.45,141.5,142.25,142.3,142.68,"2,23,16,127","3,18,41,04,399.85","1,59,823","93,55,538",41.92
TATASTEEL,EQ,2024-02-19,142.3,142.95,143.35,141.35,141.8,141.95,142.28,"1,69,73,568","2,41,49,47,922.85","1,48,665","70,19,885",41.36
TATASTEEL,EQ,2024-02-20,141.95,141.95,142.25,140.05,141.15,141.05,140.86,"2,42,91,123","3,42,15,58,010.60","1,69,579","1,27,93,248",52.67
TATASTEEL,EQ,2024-02-21,141.05,141.55,146.2,141.45,144.0,143.9,144.64,"8,80,00,833","12,72,80,88,397.95","4,02,755","3,95,88,969",44.99
TATASTEEL,EQ,2024-02-22,143.9,145.0,146.15,143.5,145.95,145.9,145.05,"4,67,28,176","6,77,81,28,561.45","3,01,165","1,47,72,825",31.61
TATASTEEL,EQ,2024-02-23,145.9,146.4,147.1,145.0,145.4,145.45,146.22,"2,84,14,697","4,15,47,98,679.20","2,06,077","1,13,00,157",39.77
TATASTEEL,EQ,2024-02-26,145.45,145.85,145.95,142.25,142.6,142.65,143.68,"2,25,70,277","3,24,28,62,425.45","1,81,967","93,25,653",41.32
TATASTEEL,EQ,2024-02-27,142.65,142.65,144.5,142.0,144.2,144.2,143.45,"2,41,19,469","3,45,98,28,038.65","1,81,981","1,06,56,715",44.18
TATASTEEL,EQ,2024-02-28,144.2,144.05,144.95,140.05,140.7,140.75,142.2,"2,07,21,926","2,94,66,18,968.40","1,94,968","83,96,489",40.52
TATASTEEL,EQ,2024-02-29,140.75,140.8,141.85,139.4,141.6,140.85,140.78,"3,22,48,156","4,54,00,48,126.75","1,84,138","1,55,08,775",48.09
TATASTEEL,EQ,2024-03-01,140.85,143.0,150.65,143.0,150.55,149.95,147.83,"12,37,09,943","18,28,82,83,973.95","4,52,172","5,25,24,625",42.46
TATASTEEL,EQ,2024-03-02,149.95,152.0,156.2,151.0,155.35,155.25,154.02,"2,16,43,047","3,33,34,79,361.50","1,39,508","85,80,625",39.65
TATASTEEL,EQ,2024-03-04,155.25,154.9,154.9,151.05,153.0,153.1,153.02,"6,75,77,785","10,34,07,52,738.50","4,53,939","2,24,25,256",33.18
TATASTEEL,EQ,2024-03-05,153.1,153.2,154.0,150.75,152.0,151.85,152.4,"3,71,65,490","5,66,41,92,406.90","2,55,164","1,36,32,526",36.68
TATASTEEL,EQ,2024-03-06,151.85,151.8,152.65,147.9,151.75,151.6,149.88,"5,17,82,444","7,76,11,23,617.70","2,48,968","2,26,20,351",43.68
TATASTEEL,EQ,2024-03-07,151.6,152.4,159.15,152.25,157.05,157.25,156.5,"12,48,47,699","19,53,90,09,874.65","5,69,247","3,30,57,420",26.48
TATASTEEL,EQ,2024-03-11,157.25,158.9,158.9,153.0,153.75,153.45,154.27,"5,41,55,385","8,35,45,83,831.05","3,50,516","2,11,57,322",39.07
TATASTEEL,EQ,2024-03-12,153.45,154.2,154.55,150.9,152.3,152.5,152.46,"3,49,47,937","5,32,81,22,657.40","2,51,671","1,15,70,218",33.11
TATASTEEL,EQ,2024-03-13,152.5,152.8,152.9,142.5,143.35,143.65,146.32,"7,09,37,597","10,37,94,00,488.50","3,86,517","3,22,20,241",45.42
TATASTEEL,EQ,2024-03-14,143.65,143.6,143.95,138.35,142.7,142.45,141.39,"9,19,56,952","13,00,14,14,682.75","4,73,239","2,89,35,556",31.47
TATASTEEL,EQ,2024-03-15,142.45,142.9,143.7,139.85,141.8,141.7,141.75,"6,84,82,621","9,70,77,07,220.45","3,40,024","2,66,16,610",38.87
TATASTEEL,EQ,2024-03-18,141.7,142.55,150.25,142.2,148.8,149.7,147.47,"16,69,13,078","24,61,39,25,688.70","5,75,951","6,32,06,078",37.87
TATASTEEL,EQ,2024-03-19,149.7,149.0,152.45,147.6,148.7,148.75,149.67,"10,50,04,268","15,71,61,92,714.60","5,17,768","2,23,43,292",21.28
TATASTEEL,EQ,2024-03-20,148.75,149.6,150.65,143.85,145.4,145.65,146.24,"7,75,50,319","11,34,12,30,039.55","3,43,720","1,80,78,381",23.31
TATASTEEL,EQ,2024-03-21,145.65,148.0,151.2,147.8,150.2,150.1,150.09,"8,42,25,737","12,64,14,13,031.40","4,39,293","2,51,42,421",29.85
TATASTEEL,EQ,2024-03-22,150.1,149.0,152.75,148.35,151.45,151.8,151.31,"6,82,41,556","10,32,53,86,812.25","3,11,476","1,83,43,685",26.88
TATASTEEL,EQ,2024-03-26,151.8,151.15,153.4,150.5,152.25,152.4,152.04,"5,29,65,508","8,05,29,25,286.50","2,93,448","1,92,07,286",36.26
TATASTEEL,EQ,2024-03-27,152.4,152.45,154.1,152.0,152.6,152.7,153.04,"3,53,28,794","5,40,67,35,730.80","1,99,762","1,39,73,066",39.55
TATASTEEL,EQ,2024-03-28,152.7,152.7,157.0,152.7,156.2,155.85,155.17,"6,25,75,327","9,71,01,20,664.75","3,29,742","2,33,13,553",37.26
TATASTEEL,EQ,2024-04-01,155.85,156.8,163.9,156.5,162.8,163.15,161.41,"8,45,83,929","13,65,25,41,333.45","3,97,933","2,72,55,682",32.22
TATASTEEL,EQ,2024-04-02,163.15,162.95,165.5,161.8,164.6,164.65,163.87,"6,95,33,405","11,39,43,81,243.00","3,35,307","2,03,96,151",29.33
TATASTEEL,EQ,2024-04-03,164.65,164.65,166.25,163.1,163.6,163.65,164.75,"5,09,38,559","8,39,19,59,653.70","3,58,923","1,76,64,035",34.68
TATASTEEL,EQ,2024-04-04,163.65,165.55,165.95,161.0,163.95,163.4,163.29,"6,10,94,750","9,97,60,16,855.60","3,46,150","1,78,03,479",29.14
TATASTEEL,EQ,2024-04-05,163.4,163.9,164.15,160.8,163.3,163.35,162.44,"4,46,68,121","7,25,60,80,475.65","2,59,852","1,44,66,359",32.39
TATASTEEL,EQ,2024-04-08,163.35,166.95,166.95,164.2,164.9,165.2,165.36,"4,82,55,703","7,97,94,91,102.00","2,62,899","1,93,15,549",40.03
TATASTEEL,EQ,2024-04-09,165.2,166.0,169.8,165.2,166.05,166.0,167.56,"6,38,84,687","10,70,42,98,236.30","3,06,316","1,82,94,325",28.64
TATASTEEL,EQ,2024-04-10,166.0,167.3,169.2,164.5,165.1,165.05,166.69,"6,41,34,758","10,69,03,58,754.00","3,52,243","2,30,53,910",35.95
TATASTEEL,EQ,2024-04-12,165.05,166.0,166.0,163.0,163.5,163.5,164.33,"5,53,17,636","9,09,04,22,774.55","3,11,078","1,80,53,950",32.64
TATASTEEL,EQ,2024-04-15,163.5,161.8,164.7,158.6,161.15,160.85,161.55,"6,64,26,404","10,73,14,69,727.25","3,93,289","2,14,43,191",32.28
TATASTEEL,EQ,2024-04-16,160.85,160.85,162.45,159.0,160.3,160.05,160.8,"4,13,91,261","6,65,57,79,993.65","2,46,139","1,18,44,067",28.61
TATASTEEL,EQ,2024-04-18,160.05,160.9,164.0,159.15,161.2,160.05,161.96,"6,80,93,672","11,02,83,07,685.70","3,42,037","2,05,11,158",30.12
TATASTEEL,EQ,2024-04-19,160.05,160.0,162.5,157.3,161.9,162.1,160.47,"6,00,78,229","9,64,07,77,692.75","3,35,708","1,40,16,948",23.33
TATASTEEL,EQ,2024-04-22,162.1,163.8,164.7,161.5,162.1,161.85,162.68,"3,93,04,790","6,39,42,60,034.35","2,18,374","1,25,50,168",31.93
TATASTEEL,EQ,2024-04-23,161.85,163.5,163.5,160.8,161.1,161.15,161.98,"3,02,95,177","4,90,72,04,050.10","1,93,536","1,16,78,618",38.55
TATASTEEL,EQ,2024-04-24,161.15,162.45,166.9,161.45,165.7,165.55,164.89,"5,98,94,921","9,87,58,69,663.50","2,85,424","1,86,77,619",31.18
TATASTEEL,EQ,2024-04-25,165.55,165.4,168.0,164.15,167.0,167.7,166.15,"5,01,28,523","8,32,87,69,807.60","2,51,319","1,59,04,475",31.73
TATASTEEL,EQ,2024-04-26,167.7,168.0,170.7,165.25,166.2,165.8,167.69,"6,53,55,111","10,95,95,87,744.55","3,35,513","2,36,92,567",36.25
TATASTEEL,EQ,2024-04-29,165.8,168.2,169.6,166.9,167.4,167.4,167.97,"4,49,06,151","7,54,29,47,752.55","2,33,688","1,97,74,657",44.04
TATASTEEL,EQ,2024-04-30,167.4,168.4,168.4,164.5,164.75,165.0,165.94,"5,50,43,389","9,13,38,38,759.10","2,46,416","3,22,36,497",58.57
TATASTEEL,EQ,2024-05-02,165.0,165.0,168.9,165.0,167.6,167.35,167.53,"6,93,20,283","11,61,34,35,326.65","3,25,535","2,99,62,653",43.22
TATASTEEL,EQ,2024-05-03,167.35,168.95,170.75,165.15,166.5,166.5,168.13,"6,25,73,586","10,52,04,00,677.30","3,11,958","1,84,45,606",29.48
TATASTEEL,EQ,2024-05-06,166.5,167.95,168.65,164.7,167.5,167.6,167.17,"3,76,21,296","6,28,92,01,845.55","2,41,194","1,09,26,137",29.04
TATASTEEL,EQ,2024-05-07,167.6,167.95,167.95,162.3,164.2,164.25,164.76,"4,36,11,824","7,18,56,54,180.00","2,46,880","1,75,52,126",40.25
TATASTEEL,EQ,2024-05-08,164.25,164.2,167.1,163.5,166.4,166.05,165.88,"3,01,28,705","4,99,78,67,651.85","2,15,473","1,05,03,563",34.86
TATASTEEL,EQ,2024-05-09,166.05,165.95,166.7,161.5,162.0,161.9,164.05,"3,02,23,088","4,95,81,23,948.30","2,53,157","96,34,529",31.88
TATASTEEL,EQ,2024-05-10,161.9,163.2,164.35,161.85,162.4,162.25,162.98,"3,14,72,419","5,12,93,34,327.70","1,97,325","1,10,98,862",35.27
TATASTEEL,EQ,2024-05-13,162.25,162.45,164.5,158.05,164.0,163.85,161.69,"3,65,61,003","5,91,16,80,494.35","2,26,641","1,39,37,816",38.12
TATASTEEL,EQ,2024-05-14,163.85,164.1,166.55,163.5,164.85,164.95,165.16,"4,62,61,468","7,64,07,42,993.35","1,83,357","2,52,08,679",54.49
TATASTEEL,EQ,2024-05-15,164.95,164.95,167.55,164.95,165.85,165.6,166.13,"2,96,01,304","4,91,77,56,615.05","1,74,079","1,19,77,144",40.46
TATASTEEL,EQ,2024-05-16,165.6,167.25,168.0,162.3,165.85,165.9,165.1,"4,11,26,570","6,78,99,14,756.65","2,45,941","99,38,938",24.17
TATASTEEL,EQ,2024-05-17,165.9,166.6,168.45,165.45,167.2,167.35,167.21,"3,91,81,277","6,55,16,40,449.55","2,07,093","1,42,66,880",36.41
TATASTEEL,EQ,2024-05-18,167.35,168.0,168.3,167.3,167.8,167.9,167.97,"36,01,856","60,49,92,471.00","41,951","23,13,458",64.23
TATASTEEL,EQ,2024-05-21,167.9,168.5,175.2,167.95,174.0,174.35,172.79,"8,48,33,644","14,65,84,80,689.45","4,50,461","4,42,72,957",52.19
TATASTEEL,EQ,2024-05-22,174.35,175.45,175.5,171.5,173.05,173.3,173.1,"4,29,19,832","7,42,95,55,143.25","2,98,848","1,91,83,036",44.7
TATASTEEL,EQ,2024-05-23,173.3,173.05,175.8,170.5,175.15,175.5,173.37,"4,93,77,680","8,56,04,07,772.75","2,59,776","1,85,40,156",37.55
TATASTEEL,EQ,2024-05-24,175.5,174.95,177.55,174.15,174.9,174.85,176.15,"3,86,74,485","6,81,23,56,745.80","2,27,760","1,43,35,975",37.07
TATASTEEL,EQ,2024-05-27,174.85,177.7,177.7,174.85,175.7,175.5,176.22,"3,04,10,585","5,35,89,26,345.45","2,01,390","1,17,72,611",38.71
TATASTEEL,EQ,2024-05-28,175.5,175.9,177.5,173.45,175.1,174.9,175.61,"3,92,08,456","6,88,55,22,861.00","2,08,812","1,39,20,091",35.5
TATASTEEL,EQ,2024-05-29,174.9,174.75,176.0,173.5,174.0,174.25,174.52,"3,65,75,550","6,38,32,86,199.70","1,82,235","1,26,13,893",34.49
TATASTEEL,EQ,2024-05-30,174.25,172.0,172.0,163.35,165.2,164.15,166.88,"10,88,13,875","18,15,84,03,070.95","5,73,678","3,90,55,736",35.89
TATASTEEL,EQ,2024-05-31,164.15,166.05,167.95,164.0,167.45,167.2,166.27,"8,37,13,848","13,91,93,26,623.35","3,59,449","3,51,20,511",41.95
TATASTEEL,EQ,2024-06-03,167.2,173.25,175.0,168.85,174.35,174.25,172.44,"8,63,97,540","14,89,83,11,518.85","4,10,714","4,41,56,986",51.11
TATASTEEL,EQ,2024-06-04,174.25,174.5,174.65,148.15,160.0,158.95,160.74,"12,50,42,158","20,09,89,94,147.15","7,84,621","5,32,86,190",42.61
TATASTEEL,EQ,2024-06-05,158.95,162.15,169.6,159.0,169.0,169.2,164.36,"6,00,98,501","9,87,80,09,016.65","4,38,996","2,27,93,721",37.93
TATASTEEL,EQ,2024-06-06,169.2,170.0,174.7,169.4,172.15,172.05,172.34,"5,79,20,819","9,98,18,49,630.15","5,02,032","1,86,88,249",32.27
TATASTEEL,EQ,2024-06-07,172.05,172.0,179.65,170.8,178.85,178.9,177.14,"8,43,19,867","14,93,61,04,189.40","4,88,851","3,45,84,954",41.02
TATASTEEL,EQ,2024-06-10,178.9,180.21,182.1,177.36,180.45,180.29,180.4,"7,42,86,848","13,40,10,77,404.61","3,20,294","2,91,50,471",39.24
TATASTEEL,EQ,2024-06-11,180.29,180.5,183.75,180.5,181.6,181.33,182.06,"5,55,55,544","10,11,46,35,970.89","3,24,246","2,04,59,062",36.83
TATASTEEL,EQ,2024-06-12,181.33,182.25,183.87,181.5,182.47,182.23,182.95,"3,33,04,643","6,09,30,95,872.19","2,54,524","1,32,88,930",39.9
TATASTEEL,EQ,2024-06-13,182.23,183.4,184.1,180.51,182.5,182.56,182.23,"3,66,69,164","6,68,21,15,954.32","3,32,013","1,57,24,271",42.88
TATASTEEL,EQ,2024-06-14,182.56,182.95,183.5,181.4,182.9,183.15,182.61,"2,85,09,237","5,20,59,31,798.41","2,32,292","1,12,18,481",39.35
TATASTEEL,EQ,2024-06-18,183.15,183.8,184.6,180.6,181.25,181.12,182.12,"3,50,32,118","6,37,98,81,671.57","2,95,636","1,69,01,403",48.25
TATASTEEL,EQ,2024-06-19,181.12,182.45,182.49,179.31,180.07,180.02,180.63,"2,74,76,795","4,96,31,57,445.21","1,97,494","95,70,050",34.83
TATASTEEL,EQ,2024-06-20,180.02,181.6,182.95,179.37,182.75,182.28,181.91,"3,88,37,494","7,06,48,44,872.79","2,78,129","1,50,20,222",38.67
TATASTEEL,EQ,2024-06-21,182.28,179.4,180.9,178.18,179.94,179.94,179.76,"6,54,94,855","11,77,36,31,523.51","2,84,687","2,97,58,311",45.44
TATASTEEL,EQ,2024-06-24,179.94,177.44,178.95,175.1,177.8,177.96,177.26,"4,75,97,307","8,43,70,45,247.90","3,14,462","1,80,74,911",37.97
TATASTEEL,EQ,2024-06-25,177.96,177.99,179.0,175.25,175.86,175.68,176.61,"3,05,99,989","5,40,41,51,626.85","3,25,368","1,31,26,298",42.9
TATASTEEL,EQ,2024-06-26,175.68,175.68,176.0,171.84,172.8,172.56,172.87,"4,40,06,436","7,60,71,81,995.48","3,46,807","2,17,00,375",49.31
TATASTEEL,EQ,2024-06-27,172.56,172.56,174.95,171.8,174.35,174.16,173.41,"4,97,67,976","8,63,02,91,052.14","3,49,831","1,62,71,364",32.69
TATASTEEL,EQ,2024-06-28,174.16,174.17,177.1,173.57,174.75,174.01,175.29,"3,75,21,949","6,57,72,42,858.11","2,75,273","1,40,06,164",37.33
TATASTEEL,EQ,2024-07-01,174.01,174.5,175.99,173.51,174.25,174.07,174.62,"2,78,07,688","4,85,58,62,130.02","2,60,872","1,15,82,142",41.65
TATASTEEL,EQ,2024-07-02,174.07,174.47,175.75,173.6,174.61,174.54,174.54,"3,33,59,495","5,82,25,81,444.09","3,90,213","1,51,02,112",45.27
TATASTEEL,EQ,2024-07-03,174.54,174.54,176.88,174.4,176.38,176.37,175.56,"2,90,90,492","5,10,70,40,274.06","3,39,843","1,59,88,733",54.96
TATASTEEL,EQ,2024-07-04,176.37,177.0,178.19,175.82,176.5,176.29,176.85,"2,95,04,744","5,21,78,39,029.17","3,78,450","1,46,45,505",49.64
TATASTEEL,EQ,2024-07-05,176.29,176.2,176.2,173.4,175.0,174.71,174.65,"3,81,23,217","6,65,83,21,110.79","2,62,997","1,54,18,098",40.44
TATASTEEL,EQ,2024-07-08,174.71,174.6,175.47,172.09,172.49,172.28,173.35,"3,14,79,861","5,45,70,79,671.28","2,56,103","1,64,34,447",52.21
TATASTEEL,EQ,2024-07-09,172.28,173.6,173.7,171.51,171.94,171.8,172.31,"2,51,27,904","4,32,99,05,477.88","3,60,530","1,37,05,565",54.54
TATASTEEL,EQ,2024-07-10,171.8,172.5,172.89,167.02,168.2,167.98,168.76,"4,15,25,591","7,00,78,41,961.34","3,56,940","2,07,89,124",50.06
TATASTEEL,EQ,2024-07-11,167.98,170.0,170.95,168.67,169.45,168.92,169.53,"3,39,87,236","5,76,17,12,816.45","3,28,338","1,37,54,332",40.47
TATASTEEL,EQ,2024-07-12,168.92,170.2,170.39,168.01,168.1,168.69,168.98,"3,33,11,402","5,62,87,97,434.72","2,09,844","1,88,98,261",56.73
TATASTEEL,EQ,2024-07-15,168.69,168.69,168.99,165.8,167.1,166.76,167.02,"3,26,35,187","5,45,05,97,682.05","3,25,344","1,62,80,168",49.89
TATASTEEL,EQ,2024-07-16,166.76,167.8,169.82,166.7,167.25,167.07,168.15,"2,65,06,026","4,45,71,05,771.25","2,28,148","1,12,28,676",42.36
TATASTEEL,EQ,2024-07-18,167.07,167.61,167.61,164.44,166.45,166.36,165.6,"3,65,68,852","6,05,58,94,401.51","3,44,341","1,57,02,720",42.94
TATASTEEL,EQ,2024-07-19,166.36,166.0,166.09,157.2,158.1,157.77,159.86,"7,79,87,514","12,46,73,82,132.43","6,97,738","3,75,84,389",48.19
TATASTEEL,EQ,2024-07-22,157.77,158.4,160.7,156.41,160.69,160.32,159.58,"4,03,53,690","6,43,97,80,658.54","3,88,728","1,44,24,434",35.75
TATASTEEL,EQ,2024-07-23,160.32,161.6,161.97,155.0,160.19,160.02,159.14,"3,70,77,411","5,90,06,78,615.09","3,69,290","1,25,44,829",33.83
TATASTEEL,EQ,2024-07-24,160.02,160.02,162.02,159.19,160.2,160.31,160.83,"2,80,86,566","4,51,72,54,761.79","2,24,594","1,16,15,539",41.36
TATASTEEL,EQ,2024-07-25,160.31,158.5,158.5,156.9,157.5,157.39,157.5,"4,51,55,876","7,11,21,29,022.84","3,40,737","2,12,04,711",46.96
TATASTEEL,EQ,2024-07-26,157.39,158.75,162.95,158.21,162.62,162.55,161.88,"4,56,42,032","7,38,86,88,304.32","2,92,607","1,84,95,878",40.52
TATASTEEL,EQ,2024-07-29,162.55,164.7,164.7,162.33,162.9,162.87,163.32,"3,17,54,833","5,18,63,46,203.02","2,53,901","1,42,55,512",44.89
TATASTEEL,EQ,2024-07-30,162.87,162.9,165.3,161.31,164.55,164.07,163.43,"4,28,24,600","6,99,89,37,220.51","3,09,634","1,78,74,062",41.74
TATASTEEL,EQ,2024-07-31,164.07,166.29,166.5,163.55,165.44,165.33,164.78,"5,27,69,925","8,69,54,59,962.33","2,77,640","2,25,39,158",42.71
TATASTEEL,EQ,2024-08-01,165.33,168.2,168.95,160.9,163.07,163.06,164.04,"11,83,41,338","19,41,26,42,515.80","5,12,835","5,29,40,254",44.74
TATASTEEL,EQ,2024-08-02,163.06,161.0,161.19,154.72,158.39,158.22,158.29,"7,24,27,529","11,46,46,27,804.85","6,69,777","3,33,97,693",46.11
TATASTEEL,EQ,2024-08-05,158.22,153.66,154.0,149.0,149.34,149.82,151.19,"10,28,83,971","15,55,49,00,022.60","9,17,741","4,95,06,752",48.12
TATASTEEL,EQ,2024-08-06,149.82,151.21,153.8,149.61,151.17,150.32,151.52,"5,35,07,102","8,10,71,88,228.99","5,89,379","2,31,45,077",43.26
TATASTEEL,EQ,2024-08-07,150.32,153.7,154.3,151.9,154.15,153.86,153.05,"3,20,29,697","4,90,21,70,111.94","3,09,953","1,14,82,677",35.85
TATASTEEL,EQ,2024-08-08,153.86,153.4,153.44,150.0,150.6,150.28,151.32,"5,18,58,615","7,84,73,12,494.99","3,71,279","2,42,82,309",46.82
TATASTEEL,EQ,2024-08-09,150.28,153.0,153.0,151.25,151.7,151.81,152.06,"2,32,90,101","3,54,14,92,860.00","2,59,551","69,64,153",29.9
TATASTEEL,EQ,2024-08-12,151.81,151.0,153.4,149.88,152.14,152.06,152.12,"3,05,50,334","4,64,73,83,059.79","2,38,401","1,13,19,700",37.05
TATASTEEL,EQ,2024-08-13,152.06,152.1,152.95,148.5,148.9,148.88,150.42,"2,93,96,493","4,42,18,44,562.26","3,00,330","1,31,05,100",44.58
TATASTEEL,EQ,2024-08-14,148.88,149.9,149.9,142.35,146.5,146.17,145.48,"9,79,11,180","14,24,38,51,337.90","5,69,116","4,14,50,430",42.33
TATASTEEL,EQ,2024-08-16,146.17,148.0,150.0,146.46,149.5,149.52,147.79,"5,41,31,721","8,00,02,49,513.64","3,59,932","2,12,72,561",39.3
TATASTEEL,EQ,2024-08-19,149.52,150.85,154.3,150.39,154.09,153.96,152.26,"6,28,89,770","9,57,53,47,355.95","4,56,383","2,45,51,621",39.04
TATASTEEL,EQ,2024-08-20,153.96,155.7,155.7,152.8,153.85,153.93,153.47,"3,75,59,016","5,76,40,44,551.48","2,51,608","1,55,88,808",41.5
TATASTEEL,EQ,2024-08-21,153.93,153.0,154.18,151.77,152.0,151.92,152.43,"4,97,49,381","7,58,33,11,060.60","2,79,210","3,10,26,030",62.36
TATASTEEL,EQ,2024-08-22,151.92,152.51,154.35,152.51,154.0,154.14,153.67,"3,67,19,176","5,64,27,70,858.27","2,47,398","1,70,13,399",46.33
TATASTEEL,EQ,2024-08-23,154.14,154.0,154.39,152.55,154.3,154.2,153.73,"3,14,90,857","4,84,11,54,185.73","2,03,065","1,32,10,144",41.95
TATASTEEL,EQ,2024-08-26,154.2,154.61,156.4,153.7,155.9,155.7,155.03,"3,24,97,603","5,03,81,36,287.29","2,23,228","1,30,57,007",40.18
TATASTEEL,EQ,2024-08-27,155.7,155.8,156.5,154.6,154.75,154.7,155.27,"2,45,23,684","3,80,78,46,590.08","1,86,818","98,11,497",40.01
TATASTEEL,EQ,2024-08-28,154.7,154.7,155.0,153.05,153.65,153.7,153.88,"2,51,95,197","3,87,69,60,988.41","2,00,539","1,16,21,415",46.13
TATASTEEL,EQ,2024-08-29,153.7,153.21,153.56,151.2,153.15,152.97,152.64,"4,44,52,983","6,78,54,77,200.23","2,63,576","2,26,40,716",50.93
TATASTEEL,EQ,2024-08-30,152.97,153.0,155.25,152.47,153.3,152.76,153.54,"5,51,34,023","8,46,52,02,363.90","2,38,118","3,52,77,431",63.98
TATASTEEL,EQ,2024-09-02,152.76,153.9,153.9,152.14,152.7,152.88,152.93,"1,92,00,143","2,93,62,09,047.13","2,02,414","79,33,902",41.32
TATASTEEL,EQ,2024-09-03,152.88,152.84,153.45,152.01,152.28,152.15,152.42,"1,97,80,066","3,01,48,27,041.84","2,17,103","1,03,23,069",52.19
TATASTEEL,EQ,2024-09-04,152.15,149.5,152.18,149.16,150.95,151.18,150.88,"3,96,13,696","5,97,67,22,246.84","2,71,132","2,02,72,632",51.18
TATASTEEL,EQ,2024-09-05,151.18,151.0,152.79,151.0,152.03,151.72,151.9,"2,83,47,324","4,30,60,27,852.48","2,04,493","1,37,59,860",48.54
TATASTEEL,EQ,2024-09-06,151.72,151.94,152.9,149.65,151.25,151.22,151.12,"3,07,09,532","4,64,07,28,389.77","2,44,219","96,12,123",31.3
TATASTEEL,EQ,2024-09-09,151.22,150.9,150.9,148.05,149.5,149.47,149.39,"3,26,24,586","4,87,36,87,014.29","3,74,794","1,45,85,316",44.71
TATASTEEL,EQ,2024-09-10,149.47,150.5,151.59,148.81,149.59,149.42,149.93,"4,16,07,844","6,23,81,34,738.95","3,03,910","1,81,04,034",43.51
TATASTEEL,EQ,2024-09-11,149.42,149.9,150.2,147.62,148.38,148.17,148.9,"2,46,33,287","3,66,78,99,119.21","2,14,629","97,27,793",39.49
TATASTEEL,EQ,2024-09-12,148.17,152.0,152.44,148.75,151.8,151.74,150.69,"7,31,91,476","11,02,95,00,349.23","3,94,657","2,51,25,276",34.33
TATASTEEL,EQ,2024-09-13,151.74,152.78,155.4,152.5,153.4,153.49,153.99,"5,48,94,255","8,45,29,36,106.91","3,07,875","1,70,55,845",31.07
TATASTEEL,EQ,2024-09-16,153.49,155.0,155.66,153.5,154.15,154.21,154.43,"3,25,75,460","5,03,05,30,504.26","2,20,809","81,46,709",25.01
TATASTEEL,EQ,2024-09-17,154.21,154.0,154.24,152.27,152.7,152.82,153.06,"1,82,75,113","2,79,72,51,834.59","1,70,530","58,92,501",32.24
TATASTEEL,EQ,2024-09-18,152.82,152.4,152.98,149.61,150.55,150.6,151.06,"2,48,56,345","3,75,48,98,081.08","1,93,657","84,79,739",34.11
TATASTEEL,EQ,2024-09-19,150.6,151.89,152.19,147.79,150.08,149.54,149.59,"3,69,13,781","5,52,18,18,580.40","2,76,513","1,58,17,099",42.85
TATASTEEL,EQ,2024-09-20,149.54,151.0,153.34,150.65,152.1,152.02,152.14,"5,38,73,369","8,19,61,75,102.12","2,75,747","2,25,91,256",41.93
TATASTEEL,EQ,2024-09-23,152.02,154.38,154.39,152.8,153.85,153.99,153.57,"3,32,81,905","5,11,11,94,267.46","2,32,550","1,79,48,429",53.93
TATASTEEL,EQ,2024-09-24,153.99,155.15,161.5,154.85,160.65,160.53,159.11,"13,74,14,352","21,86,40,32,282.12","5,60,847","5,72,01,568",41.63
TATASTEEL,EQ,2024-09-25,160.53,161.5,162.69,159.52,161.53,161.66,161.19,"5,80,44,967","9,35,62,42,523.27","3,45,741","2,10,14,701",36.2
TATASTEEL,EQ,2024-09-26,161.66,162.0,165.9,160.48,165.41,165.61,164.02,"8,86,61,662","14,54,21,31,498.26","4,02,853","3,97,76,172",44.86
TATASTEEL,EQ,2024-09-27,165.61,167.0,169.01,165.89,166.13,166.55,167.16,"7,27,95,668","12,16,87,93,625.37","3,90,367","3,06,04,042",42.04
TATASTEEL,EQ,2024-09-30,166.55,167.5,170.18,167.26,168.11,168.55,169.02,"9,23,81,529","15,61,46,00,724.62","4,40,055","4,12,23,528",44.62
TATASTEEL,EQ,2024-10-01,168.55,169.49,169.49,165.1,166.7,167.03,167.13,"5,07,61,579","8,48,38,29,166.82","2,85,911","2,13,47,351",42.05
TATASTEEL,EQ,2024-10-03,167.03,165.5,169.99,164.52,166.99,166.98,167.92,"7,59,59,797","12,75,49,92,195.57","4,75,585","3,16,71,110",41.69
TATASTEEL,EQ,2024-10-04,166.98,167.0,169.1,164.0,166.92,166.75,166.97,"5,38,80,875","8,99,64,65,098.83","3,25,032","1,70,60,606",31.66
TATASTEEL,EQ,2024-10-07,166.75,167.1,167.95,162.33,164.08,164.36,164.93,"4,87,75,098","8,04,43,65,273.28","3,74,772","2,12,82,314",43.63
TATASTEEL,EQ,2024-10-08,164.36,163.0,163.59,156.7,159.89,159.52,159.07,"7,49,56,764","11,92,30,16,296.84","4,92,897","3,19,93,673",42.68
TATASTEEL,EQ,2024-10-09,159.52,159.52,162.2,158.11,158.3,159.06,160.33,"4,27,66,218","6,85,69,06,324.55","2,47,518","1,56,32,110",36.55
TATASTEEL,EQ,2024-10-10,159.06,158.3,161.18,156.6,159.99,159.72,159.82,"4,65,07,936","7,43,30,63,758.17","2,85,169","1,60,15,836",34.44
TATASTEEL,EQ,2024-10-11,159.72,159.3,163.78,159.2,160.85,160.66,161.54,"5,32,63,433","8,60,41,75,534.70","2,31,565","1,88,95,849",35.48
TATASTEEL,EQ,2024-10-14,160.66,161.88,163.38,158.04,158.29,158.32,159.69,"3,55,66,857","5,67,98,04,268.10","2,36,374","1,27,30,924",35.79
TATASTEEL,EQ,2024-10-15,158.32,159.5,159.53,155.05,155.66,155.63,156.14,"3,89,64,393","6,08,38,46,366.99","2,61,649","1,71,68,288",44.06
TATASTEEL,EQ,2024-10-16,155.63,155.19,156.55,154.02,155.1,155.24,155.35,"2,85,18,262","4,43,03,22,683.94","2,14,491","1,16,18,758",40.74
TATASTEEL,EQ,2024-10-17,155.24,155.65,156.3,152.1,152.5,152.4,153.63,"2,84,04,223","4,36,37,40,733.71","1,87,556","1,06,31,356",37.43
TATASTEEL,EQ,2024-10-18,152.4,152.4,156.2,151.1,155.5,155.39,154.3,"3,47,50,795","5,36,22,10,491.59","2,12,619","1,12,31,365",32.32
TATASTEEL,EQ,2024-10-21,155.39,156.1,157.93,154.59,155.0,155.03,155.43,"2,57,99,090","4,01,00,16,405.81","1,96,995","79,65,787",30.88
TATASTEEL,EQ,2024-10-22,155.03,154.9,154.9,150.1,150.9,150.39,151.88,"3,90,79,846","5,93,54,26,865.61","2,28,867","1,86,96,813",47.84
TATASTEEL,EQ,2024-10-23,150.39,150.3,151.95,148.05,148.69,148.78,149.84,"4,21,07,893","6,30,95,47,439.99","2,45,073","1,79,30,957",42.58
TATASTEEL,EQ,2024-10-24,148.78,149.49,149.83,148.01,149.06,148.98,148.92,"2,21,15,070","3,29,34,53,859.18","2,09,076","75,41,178",34.1
TATASTEEL,EQ,2024-10-25,148.98,149.0,149.5,144.43,146.25,145.86,145.89,"3,97,30,802","5,79,62,63,940.69","3,02,722","1,60,69,565",40.45
TATASTEEL,EQ,2024-10-28,145.86,146.0,149.73,144.73,149.5,149.38,148.11,"2,83,86,897","4,20,44,85,399.50","2,02,518","85,94,846",30.28
TATASTEEL,EQ,2024-10-29,149.38,149.85,150.45,146.55,150.1,150.06,148.24,"3,22,58,407","4,78,20,62,026.21","2,78,118","1,17,48,879",36.42
TATASTEEL,EQ,2024-10-30,150.06,148.1,150.95,148.1,148.85,148.97,149.65,"2,13,62,130","3,19,69,26,857.03","1,79,907","83,52,434",39.1
TATASTEEL,EQ,2024-10-31,148.97,149.08,149.95,148.2,148.33,148.56,148.87,"2,63,83,702","3,92,76,61,607.97","1,92,116","1,22,75,028",46.53
TATASTEEL,EQ,2024-11-01,148.56,149.66,150.25,149.0,149.7,149.75,149.85,"51,06,804","76,52,48,053.69","90,862","26,71,486",52.31
TATASTEEL,EQ,2024-11-04,149.75,150.0,150.0,145.1,147.1,146.95,146.86,"2,55,71,021","3,75,54,35,352.87","2,87,395","92,79,923",36.29
TATASTEEL,EQ,2024-11-05,146.95,147.0,152.55,146.95,152.45,152.29,150.69,"4,27,72,283","6,44,51,42,415.20","2,44,601","1,04,48,968",24.43
TATASTEEL,EQ,2024-11-06,152.29,154.0,154.95,149.59,153.81,153.62,151.73,"4,89,28,986","7,42,39,63,642.10","2,61,381","1,06,02,115",21.67
TATASTEEL,EQ,2024-11-07,153.62,156.11,156.92,150.2,151.15,150.95,153.48,"8,82,54,789","13,54,54,12,839.66","3,73,011","2,68,66,314",30.44
TATASTEEL,EQ,2024-11-08,150.95,152.0,152.0,146.94,147.3,147.57,149.2,"6,19,80,989","9,24,74,04,903.34","2,88,855","2,32,87,029",37.57
TATASTEEL,EQ,2024-11-11,147.57,147.57,147.69,144.1,145.3,145.01,145.58,"4,74,97,863","6,91,45,06,463.50","3,15,622","1,80,17,875",37.93
TATASTEEL,EQ,2024-11-12,145.01,145.65,147.13,143.6,143.9,144.17,145.51,"2,88,61,672","4,19,97,99,655.07","2,46,899","82,14,920",28.46
TATASTEEL,EQ,2024-11-13,144.17,143.6,143.6,138.6,139.69,139.17,140.03,"5,76,09,083","8,06,67,78,657.17","4,28,370","2,52,99,294",43.92
TATASTEEL,EQ,2024-11-14,139.17,139.71,140.73,137.5,138.1,137.98,138.75,"3,63,45,184","5,04,29,69,174.22","2,92,008","1,26,78,206",34.88
TATASTEEL,EQ,2024-11-18,137.98,139.49,143.25,138.0,141.2,141.21,140.81,"4,02,33,848","5,66,52,74,322.36","2,69,998","87,82,603",21.83
TATASTEEL,EQ,2024-11-19,141.21,142.0,142.49,139.06,139.58,139.46,140.88,"3,76,11,903","5,29,87,00,773.90","2,10,103","1,77,40,268",47.17
TATASTEEL,EQ,2024-11-21,139.46,139.5,141.6,137.25,140.0,140.22,139.78,"5,83,98,744","8,16,28,40,711.77","3,07,883","2,52,08,823",43.17
TATASTEEL,EQ,2024-11-22,140.22,140.15,143.19,139.65,142.55,142.78,141.57,"4,37,10,169","6,18,80,14,583.09","2,18,947","1,93,37,251",44.24
TATASTEEL,EQ,2024-11-25,142.78,144.94,146.15,142.84,143.87,143.67,144.36,"5,38,83,890","7,77,88,49,397.59","1,94,245","3,07,38,487",57.05
TATASTEEL,EQ,2024-11-26,143.67,144.22,145.8,143.58,144.42,144.47,144.86,"2,56,08,469","3,70,96,54,966.85","1,40,188","80,09,333",31.28
TATASTEEL,EQ,2024-11-27,144.47,144.31,144.9,142.9,144.64,144.53,143.94,"2,48,95,631","3,58,34,50,837.82","1,71,733","75,85,432",30.47
TATASTEEL,EQ,2024-11-28,144.53,144.0,145.25,143.09,143.63,143.39,144.13,"3,09,47,861","4,46,05,28,750.48","2,67,599","1,37,00,711",44.27
TATASTEEL,EQ,2024-11-29,143.39,143.9,145.49,143.05,144.45,144.54,144.47,"2,97,42,979","4,29,70,99,540.79","1,80,493","1,42,15,380",47.79
TATASTEEL,EQ,2024-12-02,144.54,144.11,146.83,143.14,146.36,146.41,145.29,"2,38,40,351","3,46,36,51,919.14","1,78,524","90,28,407",37.87
TATASTEEL,EQ,2024-12-03,146.41,146.75,148.2,146.34,146.6,146.54,146.87,"3,55,27,228","5,21,80,28,534.67","2,56,795","1,56,14,932",43.95
TATASTEEL,EQ,2024-12-04,146.54,147.0,147.05,144.0,145.89,145.85,145.43,"3,85,37,808","5,60,44,63,660.25","2,93,458","1,70,05,816",44.13
TATASTEEL,EQ,2024-12-05,145.85,146.5,147.88,144.8,147.11,147.07,146.48,"3,63,28,245","5,32,11,83,497.69","3,20,660","1,13,42,882",31.22
TATASTEEL,EQ,2024-12-06,147.07,147.5,148.68,146.6,148.1,148.29,147.54,"3,06,04,899","4,51,55,76,192.18","1,52,986","1,46,48,833",47.86
TATASTEEL,EQ,2024-12-09,148.29,148.29,150.67,146.63,149.7,149.88,148.72,"3,90,59,139","5,80,90,31,759.51","2,13,740","1,30,43,660",33.39
TATASTEEL,EQ,2024-12-10,149.88,150.19,152.5,149.31,150.38,150.32,150.93,"3,62,78,104","5,47,54,08,272.35","1,98,144","1,35,88,131",37.46
TATASTEEL,EQ,2024-12-11,150.32,150.59,152.11,150.06,150.65,150.6,151.24,"2,04,99,709","3,10,03,14,497.16","1,54,183","66,15,107",32.27
TATASTEEL,EQ,2024-12-12,150.6,150.87,151.63,148.7,150.4,150.78,150.22,"2,57,61,723","3,87,00,04,937.04","2,10,043","61,78,814",23.98
TATASTEEL,EQ,2024-12-13,150.78,150.0,150.05,145.55,148.8,148.95,147.45,"3,97,01,388","5,85,37,97,485.13","2,44,523","1,04,58,032",26.34
TATASTEEL,EQ,2024-12-16,148.95,148.94,149.8,147.1,147.8,147.79,148.03,"2,26,34,773","3,35,06,62,277.23","1,34,545","74,34,504",32.85
TATASTEEL,EQ,2024-12-17,147.79,147.79,148.5,145.33,145.65,145.68,146.89,"2,71,10,781","3,98,24,33,031.75","1,78,654","1,04,51,830",38.55
TATASTEEL,EQ,2024-12-18,145.68,146.0,146.9,143.3,144.54,144.46,144.65,"1,98,50,229","2,87,13,62,747.44","1,70,033","71,85,565",36.2
TATASTEEL,EQ,2024-12-19,144.46,141.55,143.8,141.1,143.14,143.26,142.36,"2,71,04,579","3,85,84,97,950.48","1,76,879","1,10,15,640",40.64
TATASTEEL,EQ,2024-12-20,143.26,142.89,144.4,140.0,140.45,140.68,142.23,"4,65,03,449","6,61,42,64,006.51","2,39,716","2,10,81,842",45.33
TATASTEEL,EQ,2024-12-23,140.68,142.45,143.8,140.61,141.81,141.71,142.37,"2,75,14,178","3,91,70,66,565.54","1,80,882","77,69,505",28.24
TATASTEEL,EQ,2024-12-24,141.71,141.2,141.5,139.25,140.9,140.38,140.29,"2,58,82,917","3,63,11,84,790.95","2,20,844","87,78,145",33.91
TATASTEEL,EQ,2024-12-26,140.38,140.95,141.15,139.51,140.6,140.36,140.24,"2,39,39,932","3,35,72,75,738.90","1,76,823","1,04,20,583",43.53
TATASTEEL,EQ,2024-12-27,140.36,140.7,141.75,138.61,138.97,138.91,139.95,"1,95,62,177","2,73,77,25,744.49","1,67,507","77,19,115",39.46
TATASTEEL,EQ,2024-12-30,138.91,138.91,139.25,136.09,137.5,136.88,137.76,"3,25,55,723","4,48,49,71,555.03","2,08,126","1,55,34,115",47.72
TATASTEEL,EQ,2024-12-31,136.88,136.87,138.68,136.56,138.1,138.05,137.63,"2,00,80,291","2,76,36,36,940.24","1,84,867","84,54,825",42.11
