Date,Open Price,High Price,Low Price,Close Price,Total Traded Quantity,Symbol,20_SMA,20_STD,VWAP,Weekly_Return,Normalized_Open,Normalized_High,Normalized_Low,EMA5_Diff_Pct,EMA13_Diff_Pct,EMA23_Diff_Pct,Volume_SMA20,Relative_Volume,Volume_SMA5,Volume_Spike_Ratio_5Wk,OBV,Normalized_OBV,Normalized_Weekly_Range,High-Low,High-PrevClose,Low-PrevClose,True_Range,ATR,Bollinger_Z_Score,ROC_10,RSI,Stochastic_%K,Stochastic_%D,VWAP_Diff_Pct
2014-01-06,668.0,674.75,650.0,661.7,6049508,HDFCBANK,,,661.7,,1.0095209309354691,1.019721928366329,0.9823182711198427,0.0,0.0,0.0,,,,,6049508,,3.740365724648632,24.75,,,24.75,24.75,,,,,,0.0
2014-01-13,667.1,676.95,653.3,672.85,6806740,HDFCBANK,,,667.6033670632365,1.6850536496901825,0.9914542617225236,1.006093482945679,0.9709444898565801,1.1047534121027391,1.420397244132098,1.5190359416412726,,,,,12856248,,3.5148993089098743,23.65000000000009,15.25,8.400000000000091,23.65000000000009,24.603333333333346,,,100.0,,,0.7858907242848762
2014-01-20,669.05,685.0,659.05,670.05,15420340,HDFCBANK,,,668.9376126143649,-0.41614029872929503,0.9985075740616371,1.022311767778524,0.9835833146780091,0.460993789849822,0.8643887373619563,1.0152123805022724,,,,,-2564092,,3.872845310051496,25.950000000000045,12.149999999999977,13.800000000000068,25.950000000000045,24.782888888888905,,,77.53410002674465,,,0.16629164882620637
2014-01-27,672.95,684.7,645.6,649.2,11167837,HDFCBANK,,,663.3493339046012,-3.1117080814864417,1.0365834873690696,1.0546826863832408,0.9944547134935304,-1.8238972182287099,-1.9881387992218347,-1.9835087272654706,,,,,-13731929,,6.022797288971044,39.10000000000002,14.650000000000091,24.449999999999932,39.10000000000002,26.691837037037054,,,26.45964390024713,,,-2.1330139613339827
2014-02-03,648.0,656.0,625.1,626.5,13797403,HDFCBANK,,,653.7999790221328,-3.4966112138016037,1.034317637669593,1.0470869912210694,0.9977653631284916,-3.675524420403399,-4.871553585846293,-5.205457904116557,,,10648365.6,1.2957296469985966,-27529332,,4.932162809257778,30.899999999999977,6.7999999999999545,24.100000000000023,30.899999999999977,27.252925432098777,,,14.478439749091692,,,-4.175585790468282
2014-02-10,621.65,654.5,616.8,643.9,9522980,HDFCBANK,,,652.2979063602011,2.7773343974461184,0.9654449448672154,1.0164621835688772,0.9579127193663612,-0.5826122579932173,-1.7465378229086737,-2.1656330105890103,,,11343060.0,0.8395424162439412,-18006352,,5.854946420251599,37.700000000000045,28.0,9.700000000000045,37.700000000000045,28.64586870781895,,,38.9343871270238,,,-1.287434204267358
2014-02-17,646.0,652.8,629.35,650.4,5489062,HDFCBANK,,,652.1452743456159,1.0094735207330396,0.9932349323493235,1.003690036900369,0.9676353013530136,0.2817301835569455,-0.6254555932668618,-1.049221254958604,,,11079524.4,0.4954239732528591,-12517290,,3.6054735547355365,23.449999999999932,8.899999999999977,14.549999999999955,23.449999999999932,27.953086213443083,,,45.63535378448685,,,-0.2676204849244987
2014-02-24,648.5,673.0,647.4,671.0,5147978,HDFCBANK,,,653.4676349606348,3.167281672816724,0.966467958271237,1.0029806259314455,0.9648286140089418,2.2287504335672526,2.1118207564052276,1.8819487647198474,,,9025052.0,0.5704097882206108,-7369312,,3.815201192250376,25.600000000000023,22.600000000000023,3.0,25.600000000000023,27.63934138498401,,,61.203452757139765,,,2.6829737390775885
2014-03-03,674.0,682.9,663.2,666.2,4288479,HDFCBANK,,,654.1704570776232,-0.71535022354694,1.0117081957370158,1.0250675472830981,0.9954968477934554,1.0162028829416903,1.2055989975741794,1.0770869399075993,,,7649180.4,0.560645556221945,-11657791,,2.9570699489642647,19.699999999999932,11.899999999999977,7.7999999999999545,19.699999999999932,26.580762533652802,,,56.82818414831077,,,1.838900364916583
2014-03-10,666.0,736.9,662.5,734.45,16072738,HDFCBANK,,,667.9318679290188,10.244671269888928,0.906801007556675,1.003335829532303,0.902035536796242,6.80962567056141,8.902486858602355,9.41385940874475,,,8104247.4,1.9832486851277515,4414947,,10.130029273606096,74.39999999999998,70.69999999999993,3.7000000000000455,74.39999999999998,32.95666086249909,,,80.1311414732916,,,9.958819943301476
2014-03-17,734.5,749.5,716.5,732.15,10941905,HDFCBANK,,,674.6428072511745,-0.31315950711418017,1.0032097247831728,1.0236973297821486,0.9786245987844021,4.344582916746396,7.385408696462068,8.368515043624749,,,8388032.4,1.3044662297680203,-6526958,,4.507273099774636,33.0,15.049999999999955,17.950000000000045,33.0,32.96243941416588,,10.646818800060442,78.48387355473986,,,8.524094844075776
2014-03-24,735.4,752.9,728.0,750.65,9753981,HDFCBANK,,,681.1200002313494,2.5268046165403346,0.979684273629521,1.0029974022513821,0.9698261506694199,4.468026716841741,8.286791801902764,9.741234394756594,,,9241016.2,1.055509566144901,3227023,,3.3171251581962267,24.899999999999977,20.75,4.149999999999977,24.899999999999977,31.887447492277094,,11.562755443263729,81.93121073237832,,,10.208186478892703
2014-03-31,750.0,760.75,735.05,748.8,15604666,HDFCBANK,,,689.2400557521017,-0.24645307400253946,1.001602564102564,1.0159588675213675,0.9816372863247863,2.821335697112927,6.908745725845132,8.725052704623455,,,11332353.8,1.377001307530656,-12377643,,3.4321581196581263,25.700000000000045,10.100000000000023,15.600000000000023,25.700000000000045,31.06245449330682,,11.752854264607127,80.4440378976771,,,8.64139333615864
2014-04-07,751.5,753.55,720.05,725.35,10791463,HDFCBANK,,,692.0065809444005,-3.131677350427342,1.036051561315227,1.038877783139174,0.9926931826015026,-0.21358317134426608,3.3421526154028087,5.293021083780534,,,12632950.6,0.8542313938914635,-23169106,,4.618460053767147,33.5,4.75,28.75,33.5,31.38746056086591,,11.729821318545897,63.56802602989703,75.4081278221605,,4.818367335480366
2014-04-14,728.05,748.65,721.75,738.15,5805782,HDFCBANK,,,693.8332348186391,1.7646653339767004,0.986317144211881,1.0142247510668563,0.9777822935717673,1.0161235942698426,4.301367781905427,6.357359759118765,,,10579559.4,0.548773515086082,-17363324,,3.6442457495089045,26.899999999999977,23.299999999999955,3.6000000000000227,26.899999999999977,30.789132486083787,,17.82122905027932,67.81988266799198,84.3001042028482,,6.387235859773255
2014-04-21,734.3,738.8,707.3,716.45,7808585,HDFCBANK,,,694.9765349130823,-2.9397818871502945,1.024914509037616,1.0311954777025611,0.9872286970479446,-1.3212816608646523,1.202422214546106,3.22766605812558,,,9952895.4,0.7845541107565542,-25171909,,4.396678065461651,31.5,0.6499999999999773,30.850000000000023,31.5,30.883914821272615,,11.2672775275664,55.2147199918824,69.22542549496356,76.31121917332409,3.0898115271767135
2014-04-28,721.9,739.45,717.4,725.2,10879118,HDFCBANK,,,696.965089473864,1.2212994626282336,0.9954495311638167,1.0196497517926089,0.9892443463872035,-0.06585056621298574,2.0524096552023634,4.02901209100764,,,10177922.8,1.0688937432302001,-14292791,,3.0405405405405497,22.050000000000068,23.0,0.9499999999999318,23.0,29.832726178436268,,11.500615006150072,58.77925952508972,75.30392497394934,76.27648489058703,4.0511226390765716
2014-05-05,726.4,729.9,711.65,716.7,6633943,HDFCBANK,,,697.7263312598047,-1.172090457804742,1.0135342542207337,1.0184177480117202,0.9929538161015766,-0.8350819316475114,0.7635083202209512,2.6499041035749697,,,8383778.2,0.7912832188237041,-20926734,,2.546393191014371,18.25,4.699999999999932,13.550000000000068,18.25,28.2883626879781,,6.810730253353214,53.96490225276051,69.39909690864889,71.30948245918727,2.7193568438124904
2014-05-12,720.2,794.85,711.45,792.15,13560354,HDFCBANK,,,704.6272616448055,10.527417329426525,0.909171242820173,1.003408445370195,0.8981253550463928,5.846112293200553,8.756140788381359,10.928701317233052,,,8937556.4,1.5172328311125398,-7366380,,10.528309032380228,83.39999999999998,78.14999999999998,5.25,83.39999999999998,35.63658099624769,,18.90573401380966,74.96575496986313,98.48357203032853,81.06219797097559,12.421139958577665
2014-05-19,800.0,854.0,766.05,811.9,18506019,HDFCBANK,705.1875,51.093108699500206,714.3562605222031,2.49321466893897,0.9853430225397216,1.0518536765611528,0.9435275280206922,5.424311576186559,9.407749292329763,12.004134153724582,10202444.05,1.8138809592393697,11477603.8,1.6123591058266011,11139639,-1.2182219007110633,10.83261485404607,87.95000000000005,61.85000000000002,26.100000000000023,87.95000000000005,42.611703530081336,2.088588905944645,10.54530601130097,77.99739556078455,81.25973736924102,83.04746876940614,13.654774916718893
2014-05-26,816.0,821.6,782.7,797.15,11255011,HDFCBANK,711.9599999999999,53.92402696582035,718.6843032709786,-1.8167261978076166,1.023646741516653,1.0306717681741204,0.9818729222856427,2.449558693433585,6.62698540383244,9.511250675688267,10462719.2,1.0757252282943808,12166889.0,0.925052492876363,-115372,0.012205547849536017,4.8798845888477675,38.89999999999998,9.700000000000045,29.199999999999932,38.89999999999998,42.116809726070485,1.5798152473664027,8.877962166222764,70.62706140251878,72.48305905130687,84.07545615029214,10.91796444863163
2014-06-02,800.0,830.75,730.0,819.4,19137443,HDFCBANK,719.2875,58.12333953485641,726.9057242305416,2.7911936272972504,0.9763241396143519,1.0138515987307786,0.8908957773980962,3.3989632352701693,7.853517990165313,10.971018248858314,11079254.35,1.7273222904211059,13818554.0,1.384909231457937,19022071,-2.0802490077857856,12.295582133268246,100.75,33.60000000000002,67.14999999999998,100.75,49.93456842926109,1.7224147958663447,9.158729101445417,74.77575330899019,81.93211488250651,78.55830376768479,12.724384013809656
2014-06-09,823.0,830.0,801.0,819.45,8517039,HDFCBANK,726.7574999999999,60.991934917659314,730.1499145540874,0.006102025872589678,1.004332174019159,1.0128744889865153,0.9774848984074683,2.269904997238292,6.736406099360861,10.061746281475335,10734089.3,0.7934570657987725,14195173.2,0.5999954266144495,27539110,-3.6050807964446365,3.538959057904692,29.0,10.600000000000023,18.399999999999977,29.0,47.14329263869295,1.5197501132754252,9.435096153846168,74.7849877554114,81.95822454308096,78.79113282563145,12.230376757689465
2014-06-16,821.15,856.0,810.0,839.0,10749482,HDFCBANK,736.2475000000001,63.021432183612504,734.7618412505918,2.385746537311606,0.9787246722288439,1.0202622169249107,0.965435041716329,3.0314450933547192,7.636793439252086,11.144326370073966,10713171.55,1.0033893277850106,13632998.8,0.7884899102316358,38288592,-7.600040778526867,5.482717520858165,46.0,36.549999999999955,9.450000000000045,46.0,46.990853620200554,1.6304373994648558,15.668298063004071,78.35927273852606,88.56758574310692,84.15264172289812,14.186659254377032
2014-06-23,836.0,851.4,815.3,821.45,6473589,HDFCBANK,745.9950000000001,60.165121256334686,736.9187341485862,-2.0917759237187084,1.0177125814109196,1.0364599184369103,0.992513238785075,0.6398299213379613,4.854415654060327,8.475458850144324,10346980.85,0.6256500416737507,11226512.8,0.576634001610901,31815003,-15.364156924746569,4.394667965183519,36.10000000000002,12.399999999999977,23.700000000000045,36.10000000000002,45.538739804173815,1.254131935985343,11.284969179706028,68.32697419139406,76.76529926025559,82.4303698488145,11.470907433107772
2014-06-30,825.35,833.2,808.65,821.55,11131043,HDFCBANK,754.8774999999999,57.34667767874135,740.3908716321233,0.012173595471409726,1.004625403201266,1.0141805124459864,0.984297973343071,0.43461610280002155,4.170854470933351,7.779382711232991,10427384.0,1.0674818343699628,11201719.2,0.9936905934938988,42946046,43.96196075294169,2.9882539102915304,24.550000000000068,11.75,12.800000000000068,24.550000000000068,42.74024116361731,1.1626218413820297,14.669551259683145,68.35361239781668,76.83254875588432,80.72181125308227,10.961659776945767
2014-07-07,823.0,860.7,815.0,840.45,8773698,HDFCBANK,764.38,54.81324369356826,743.5252231936208,2.300529486945413,0.9792373133440418,1.0240942352311262,0.9697186031292759,1.7824251763978556,5.422162097443001,9.0321326403066,10591615.8,0.8283625620181577,9128970.2,0.9610829926906762,51719744,12.347319252298318,5.437563210185025,45.700000000000045,39.15000000000009,6.5499999999999545,45.700000000000045,43.134875675135014,1.3878032912131057,15.892167677881952,73.25832670069158,86.79921773142112,80.13235524918701,13.035842468136297
2014-07-14,844.0,848.35,807.15,817.45,9126439,HDFCBANK,771.7025,51.355091161031595,745.8580050564874,-2.7366291867451986,1.0324790507064652,1.0378004770934002,0.9873998409688665,-0.6540345060830859,2.3666518369451577,5.933249194956116,10790538.85,0.8457815802220109,9250850.2,0.9865513766507645,42593305,6.369688967950584,5.040063612453367,41.200000000000045,7.899999999999977,33.30000000000007,41.200000000000045,42.87689225178369,0.8908074928063492,14.057485698339601,60.165063700875585,71.80573663624513,78.4791677078502,9.598609180053064
2014-07-21,820.75,846.95,816.5,827.45,9455631,HDFCBANK,779.7650000000001,46.33203421755633,748.4411513441858,1.2233164107896544,0.9919028340080971,1.0235663786331501,0.986766571998308,0.3749346329102332,3.0399277064069405,6.480903186354229,11048896.45,0.8557986802383328,8992080.0,1.0515510315744523,52048936,5.272267938345457,3.6799806634842036,30.450000000000045,29.5,0.9500000000000455,30.450000000000045,41.2199732848792,1.0292015191064274,4.4562267247364895,63.44286844266368,78.32464146023469,78.97653194263366,10.556454373722762
2014-07-28,829.9,849.8,827.0,829.55,8412427,HDFCBANK,784.52,46.31663734271744,750.6631154928427,0.2537917698954617,1.0004219154963534,1.0244108251461637,0.9969260442408535,0.4180898575545438,2.816041241636765,6.157842279653307,10665880.9,0.7887231330325468,9379847.6,0.8968617997588788,60461363,4.770303863123296,2.7484780905310053,22.799999999999955,22.34999999999991,0.4500000000000455,22.799999999999955,38.763976846895304,0.9722208386330582,2.1739130434782483,64.15750364177757,79.12897822445555,76.4197854403118,10.508959728941068
2014-08-04,831.0,841.9,807.1,813.0,7694557,HDFCBANK,788.5625,45.01522805205935,752.1869161292674,-1.9950575613284283,1.022140221402214,1.0355473554735548,0.9927429274292743,-1.0727130452362776,0.7180253157614944,3.8935648517784425,10503513.5,0.7325698205652804,8692550.4,0.8851898057444683,52766806,3.3740051960842967,4.280442804428039,34.799999999999955,12.350000000000023,22.449999999999932,34.799999999999955,38.23544660064259,0.5428718470944642,1.9883334378724138,54.474082387209215,68.0402010050251,75.16460689657178,8.0848367030465
2014-08-11,817.0,823.0,791.4,792.95,6617287,HDFCBANK,790.6775,44.1251046666415,753.0262045455089,-2.466174661746612,1.0303297811967966,1.0378964625764548,0.9980452739769216,-2.4189130931139937,-1.5363016060669399,1.3415253661910942,10346678.8,0.6395566275817898,8261268.2,0.8010013523105326,46149519,2.594806130750214,3.9851188599533414,31.600000000000023,10.0,21.600000000000023,31.600000000000023,37.35072038722358,0.05150129426702624,-3.2279716865999397,44.983391126781704,54.60636515912898,67.25851479620322,5.301780364813102
2014-08-18,801.0,834.5,792.0,832.35,8254571,HDFCBANK,794.855,43.90618856991349,755.0125223548912,4.968787439308908,0.962335555956028,1.002583047996636,0.9515227969003424,1.6194492403558112,2.802862437473126,5.510641349826148,9979174.05,0.8271797804749181,8086894.6,1.020734337257221,54404090,2.5754109800754676,5.106025109629362,42.5,41.549999999999955,0.9500000000000455,42.5,38.03729100226044,0.8539798425066046,1.574226615412777,60.56261412594788,78.30910482019891,66.985223661451,10.243204629757996
2014-08-25,833.0,852.8,819.0,843.45,10097385,HDFCBANK,800.76,41.965187953826174,757.6409307762034,1.3335736168679002,0.9876104096271267,1.0110854229652024,0.9710119153476792,1.9427735888000963,3.498856787003126,6.191298200130993,9944470.15,1.0153768725425758,8215245.4,1.2291032718267916,64501475,2.5286803174685146,4.007350761752321,33.799999999999955,20.449999999999932,13.350000000000023,33.799999999999955,37.472318868625706,1.0172717454994216,0.5303933253873794,63.88685125891301,86.80183626625862,73.23910208186217,11.32582279258398
2014-09-01,844.5,849.0,834.0,841.2,5291083,HDFCBANK,805.9125,40.16078171746474,758.9223000442802,-0.2667615152054048,1.003922967189729,1.0092724679029956,0.9914407988587731,1.1203299916575016,2.7777774169531084,5.445351396408446,9918735.2,0.5334433164422012,7590976.6,0.6970226992927366,59210392,2.018308211297609,1.7831669044222536,15.0,5.5499999999999545,9.450000000000045,15.0,34.47600968614228,0.8786557056645771,2.40428510560593,62.651688740464245,85.08033664881408,83.39709257842388,10.841386522825761
2014-09-08,843.1,867.8,838.65,864.75,10176888,HDFCBANK,813.3275000000001,36.27638595052614,761.9542788998046,2.7995720399429436,0.9749638623879734,1.0035270309337958,0.9698178664353859,2.542100097509704,4.650394115367056,7.352021349257644,10037150.35,1.013922044118827,8087442.8,1.2583567206187845,69387280,2.0369319007538635,3.370916449840992,29.149999999999977,26.59999999999991,2.550000000000068,29.149999999999977,33.76587506132331,1.4175199279809758,5.258353113018077,69.72144004650436,96.00785340314143,89.29667543940472,13.491061596061037
2014-09-15,860.1,869.9,848.95,860.35,7600951,HDFCBANK,820.085,31.23335809506694,764.0156720136898,-0.5088175773344861,0.9997094205846457,1.011100133666531,0.9867495786598478,1.3624540859894372,3.568077753668682,6.305017829902177,9873242.0,0.7698536103946404,8284175.6,0.9175265430153364,61786329,1.631599613449264,2.4350555006683248,20.949999999999932,5.149999999999977,15.799999999999955,20.949999999999932,32.05709171981353,1.289166533980844,2.367779165923012,66.98781677609976,87.83439490445866,89.64086165213807,12.608946585140737
2014-09-22,861.0,865.0,842.1,856.85,8177789,HDFCBANK,827.0925,20.794782208650435,766.0620266401796,-0.406811181495903,1.0048433214681682,1.009511583124234,0.9827857851432573,0.6396976311536493,2.72072527650498,5.42877428852967,9950434.3,0.8218524692937271,8268819.2,0.9889911488208618,53608540,1.2888116819206727,2.6725797980976806,22.899999999999977,4.649999999999977,18.25,22.899999999999977,30.836146157171722,1.4310080144826527,4.819866658511218,64.66091818758942,83.375796178344,89.07268149531471,11.851256191094777
2014-09-29,856.05,879.0,842.1,865.1,11635738,HDFCBANK,830.74,20.740937145754742,769.0737851278593,0.962828966563567,0.9895387816437405,1.0160675066466305,0.9734134782106115,1.0581627675058662,3.1272224051785513,5.803095763533412,9854203.5,1.1807892946395921,8576489.8,1.356701665989272,65244278,1.4426321996996174,4.265402843601893,36.89999999999998,22.149999999999977,14.75,36.89999999999998,31.64466000288216,1.6566271696663823,4.550123874554357,67.7113757298629,84.13242009132424,85.11420372470896,12.48595605897245
2014-10-06,864.2,879.8,860.5,868.0,4476405,HDFCBANK,833.5450000000001,21.824110881990336,770.2177530572412,0.3352213616922839,0.9956221198156683,1.0135944700460828,0.9913594470046083,0.9258192090394008,2.9578934523238583,5.607991512611388,9152722.8,0.489079053066045,8413554.2,0.5320468488810591,69720683,1.4478416369986118,2.22350230414746,19.299999999999955,14.699999999999932,4.600000000000023,19.299999999999955,29.9987053358312,1.5787584743455843,4.635043095654279,68.80358623949806,86.6515837104073,84.71993332669184,12.69540289802847
2014-10-13,865.0,892.95,854.1,876.8,6365146,HDFCBANK,837.5274999999999,22.098746541017682,771.9419357862521,1.0138248847926246,0.9865419708029197,1.0184192518248176,0.9741104014598541,1.2801179086421717,3.3701624575897067,6.009076847857117,8908229.55,0.7145242457296129,7651205.8,0.831914101696232,76085829,1.4641753792772116,4.430885036496353,38.85000000000002,24.950000000000045,13.899999999999977,38.85000000000002,31.178877957720378,1.777136994041992,7.847478474784753,72.10714720352361,84.0965041851304,84.96016932895398,13.583672469736467
2014-10-20,885.0,909.6,855.05,893.8,8077312,HDFCBANK,841.2475000000001,24.963085773111363,774.3931770061246,1.9388686131386779,0.9901543969568136,1.0176773327366302,0.9566457820541509,2.1051744478984444,4.464046072449551,7.147044862964521,8355223.0,0.9667380511567435,7746478.0,1.0427076666325006,84163141,1.5240865211293633,6.103155068247938,54.55000000000007,32.80000000000007,21.75,54.55000000000007,34.29502756335767,2.1052084857476268,12.718330285642221,77.43375885405032,86.63282571912009,85.7936378715526,15.419405353687795
2014-10-27,900.0,907.3,887.65,897.25,7058089,HDFCBANK,845.1375,27.33656157390924,776.515365328123,0.3859923920340069,1.0030649205906939,1.0112008916132627,0.9893006408470326,1.6543920657799742,4.141191143944983,6.8787327652730195,8282275.5,0.8521920093095189,7522538.0,0.9382590024802799,91221230,1.5618434483461117,2.1900250766230123,19.649999999999977,13.5,6.149999999999977,19.649999999999977,32.34235722157664,1.9063297283787712,7.797200696822237,78.39966869889227,89.55160744500844,86.76031244975297,15.548260866783947
2014-11-03,899.0,919.3,887.1,910.7,10445874,HDFCBANK,848.7225000000001,30.951738642601583,779.8602563816538,1.4990247979938642,0.987152739650818,1.0094432853848687,0.9740858680136159,2.0712296629120925,4.763071189105361,7.56619200523896,8267095.1,1.2635483048936984,7284565.2,1.4339735747028526,101667104,1.6511086279644902,3.5357417371252806,32.19999999999993,22.049999999999955,10.149999999999977,32.19999999999993,32.323376258699746,2.002391552721853,7.973205287806029,81.88717267001809,93.27599687255676,89.82014334556176,16.777331906283848
2014-11-10,915.05,920.3,893.0,904.65,5735607,HDFCBANK,852.8825,32.63851162031419,781.5452130350583,-0.6643241462611305,1.0114961587354225,1.0172995080970542,0.9871220914165699,0.9442096236216764,3.5367069492557404,6.369023162814551,8230196.0,0.6968979839605278,7536405.6,0.7610533859801814,95931497,1.4808612967678092,3.0177416680484117,27.299999999999955,9.599999999999909,17.700000000000045,27.299999999999955,31.653592757539773,1.586086418468294,7.542796005706132,75.55572969399813,87.8588052754073,90.2288031976575,15.751460684772885
2014-11-17,905.9,934.0,902.4,918.95,11065791,HDFCBANK,857.7524999999999,34.90515523303126,785.0337724526994,1.5807218261206124,0.9857990097393764,1.0163773872354316,0.981990315033462,1.65709359305681,4.318110211167282,7.173867352834041,8226933.4,1.3450687470011609,8476534.6,1.3054616682624054,106997288,1.573872780163588,3.438707220196966,31.600000000000023,29.350000000000023,2.25,31.600000000000023,31.646447056534477,1.753251048202989,6.2677074298930435,79.8126434091246,89.40140845070425,90.17873686622278,17.058658142681306
2014-11-24,921.0,950.0,912.0,945.2,8388750,HDFCBANK,862.99,39.701576264609876,788.0582518459069,2.8565210294357657,0.9743969530258146,1.0050782903089293,0.9648751586965721,2.92550864532342,5.978895512863947,8.939173318059252,8207686.0,1.022060298115693,8538822.2,0.9824247189501147,115386038,1.621347441448615,4.020313161235717,38.0,31.049999999999955,6.9500000000000455,38.0,32.49358744899655,2.070698640579727,9.862265357122112,85.25240759066126,96.33587786259545,91.19869719623567,19.940372147111272
2014-12-01,943.0,965.9,933.3,950.0,12746343,HDFCBANK,869.6175,42.65310587506332,792.5751603360608,0.5078290308929256,0.9926315789473684,1.0167368421052632,0.9824210526315789,2.2773268572348715,5.53195672669985,8.615997616011029,8388681.2,1.5194692343297063,9676473.0,1.317250923967855,128132381,1.6983838823000512,3.4315789473684237,32.60000000000002,20.699999999999932,11.900000000000091,32.60000000000002,32.50777578913035,1.884563816652677,10.871214331563284,86.04576086101581,87.945413191812,91.2275665017039,19.862449335049728
2014-12-08,941.75,949.6,925.0,927.15,6537288,HDFCBANK,874.6025000000002,43.286893224160586,794.4731318827289,-2.4052631578947437,1.0157471822250985,1.0242139891064015,0.9976810656312355,-0.08739289624252519,2.7460733495410783,5.833483892152947,8242764.05,0.7930941563224778,8894755.8,0.7349598063164364,121595093,1.540718764019792,2.6532923475165853,24.600000000000023,0.39999999999997726,25.0,25.0,31.506739017246304,1.2139355838702324,7.172581204485029,66.41962561705778,69.54813359528488,84.6098082165641,16.699981760598455
2014-12-15,925.05,944.3,925.0,941.5,6628269,HDFCBANK,880.2,44.378903831246525,796.5459381969279,1.5477538693846826,0.9825278810408922,1.0029739776951672,0.9824747742963357,0.9587351221446239,3.624327658927547,6.663007655930753,8153556.15,0.8129298281707423,9073288.2,0.7305255662439997,128223362,1.557826951680575,2.0499203398831605,19.299999999999955,17.149999999999977,2.1499999999999773,19.299999999999955,29.879173814946792,1.3812869338345293,8.467741935483875,71.18255727645138,80.29079159935381,79.2614461288169,18.197828254725913
2014-12-22,937.55,966.1,916.0,963.7,8239380,HDFCBANK,887.735,45.15536950061088,799.4248495858576,2.35793945831122,0.9728649994811662,1.0024904015772542,0.9505032686520701,2.1601806353977078,5.009535709880327,8.078710420657101,8180797.3,1.0071610012877352,8508006.0,0.9684266795298452,136462742,1.5777149491958102,5.198713292518421,50.10000000000002,24.600000000000023,25.5,50.10000000000002,32.57528397295389,1.6823026993273158,9.911040145985407,77.00463612383568,98.06451612903227,82.63448044122366,20.549167379428503
2014-12-29,959.7,973.95,941.1,951.7,7797543,HDFCBANK,895.6725,41.41471094785742,801.8670535333409,-1.2452007886271654,1.0084060102973627,1.0233792161395399,0.9888620363559946,0.6176778945275189,3.267256695787985,6.34303400548666,8239810.1,0.9463255712652893,8389764.6,0.9294114163822904,128665199,1.4198369787006977,3.4517179783545258,32.85000000000002,10.25,22.600000000000023,32.85000000000002,32.61191277656005,1.3528405418678553,6.477959275005607,68.38727802689017,83.12476298824421,87.1600235722101,18.685509749582096
2015-01-05,950.0,970.55,942.75,957.15,6228763,HDFCBANK,901.9125,40.768524607643634,803.8312824390893,0.5726594515078176,0.9925299064932351,1.0139998955231677,0.9849553361542078,0.789039720156599,3.272615754253847,6.303289287053425,8138519.7,0.7653434813213021,7086248.6,0.8789930119019533,134893962,1.425274588283334,2.904455936895989,27.799999999999955,18.84999999999991,8.950000000000045,27.799999999999955,31.970324406352034,1.3549055437155446,6.675954304820286,70.13846515632603,85.98247809762198,89.05725240496615,19.073494763190997
2015-01-12,954.0,980.0,936.25,967.05,9150803,HDFCBANK,908.0925,40.807998038953,806.8091068853346,1.0343206393982118,0.9865053513261983,1.0133912414042707,0.9681505609844373,1.2031293577704454,3.6538670648000746,6.65728476226109,8091190.6,1.1309587738546167,7608951.6,1.2026365103965178,144044765,1.4605838927079897,4.524068041983352,43.75,22.850000000000023,20.899999999999977,43.75,33.54094781883843,1.4447535491381491,6.187548039969237,73.24491021281962,89.71405877680695,86.27376662089104,19.861066483653257
2015-01-19,968.95,1020.0,955.7,1004.55,8243214,HDFCBANK,916.26,43.00296379014651,810.0064072006857,3.8777726074143093,0.9645612463292023,1.0153800209048829,0.9513712607635261,3.2608207624852827,6.214699242744006,9.296633610637478,8238797.15,1.000536103744222,7931940.6,1.0392430321528128,152287979,1.474583694003856,6.400876014135679,64.29999999999995,52.950000000000045,11.349999999999909,64.29999999999995,37.642154776326635,2.0531143023270015,11.042944785276077,81.60744045226377,90.6335253107002,88.77668739504304,24.01753752438091
2015-01-26,1010.0,1048.0,1002.0,1042.8,7926252,HDFCBANK,925.1625,49.688420961340405,813.5703363159752,3.807675078393302,0.9685462217107788,1.0049865746068278,0.9608745684695053,4.539481841807038,8.275502321468428,11.571671319941885,8126265.35,0.9753868054530117,7869315.0,1.0072353184489373,160214231,1.485988757246241,4.41120061373226,46.0,43.450000000000045,2.5499999999999545,46.0,38.75653413948309,2.3675032879697797,13.477338266499794,86.55374381269135,96.76817899316342,92.37192102689018,28.175764706715707
2015-02-02,1043.0,1100.6,1040.9,1081.6,14543931,HDFCBANK,936.225,58.37009756265153,820.89391139504,3.7207518220176317,0.9643121301775148,1.0175665680473374,0.9623705621301777,5.309277406703873,9.913641552853386,13.51518794508054,8473414.35,1.716419190571036,9218592.6,1.5776736895825074,174758162,1.540192060620905,5.519600591715959,59.69999999999982,57.799999999999955,1.8999999999998636,59.69999999999982,41.54899625421865,2.490573188505667,14.430808294540821,89.77288435317658,91.1007025761124,92.83413562665866,31.758804028880157
2015-02-09,1078.5,1092.8,1034.5,1040.1,9148091,HDFCBANK,945.3875,59.62377412399546,824.5976552770278,-3.8369082840236657,1.0369195269685607,1.0506682049802905,0.994615902317085,1.0207444432207784,5.416452844011873,9.225739519869114,8521929.45,1.073476500090012,9802458.2,0.9332445814459072,165610071,1.3909185809116638,5.605230266320542,58.299999999999955,11.200000000000045,47.09999999999991,58.299999999999955,43.78246342032283,1.5885022609107702,9.484210526315785,69.29792441059277,70.85741811175336,86.24209989367638,26.134241753400694
2015-02-16,1030.0,1085.0,1030.0,1067.55,8516574,HDFCBANK,955.5099999999999,62.396519808481834,828.3600615480574,2.639169310643208,0.9648260034658799,1.0163458386024073,0.9648260034658799,2.3772040625069395,6.72727481728396,10.596506675782132,8365971.25,1.0180018249524823,9675612.4,0.8802103316995211,174126645,1.3985023364920228,5.151983513652756,55.0,44.90000000000009,10.099999999999909,55.0,45.278134964279786,1.7956129659777913,15.14318071509464,73.84984170579483,83.32492431886985,81.7610150022452,28.875117180919997
2015-02-23,1067.55,1089.9,1057.05,1067.5,5419071,HDFCBANK,965.4849999999999,63.605252803603015,830.6935094727394,-0.004683621376044833,1.000046838407494,1.0209836065573772,0.9902107728337236,1.5817543774733964,5.762490918320362,9.709625895319544,8413104.55,0.6441226265279206,9110783.8,0.5947974531016749,168707574,1.3031766494523898,3.0772833723653523,32.850000000000136,22.350000000000136,10.5,32.850000000000136,43.621050302375835,1.6038769677560547,13.382899628252787,73.82683701233798,82.44962884411457,78.87732375824594,28.507083277629945
2015-03-02,1070.3,1099.0,1035.1,1082.55,14787538,HDFCBANK,975.7725,65.12719028542064,837.2256817954534,1.4098360655737663,0.9886841254445522,1.0151956029744584,0.9561683063137961,1.9666668501549265,6.062241180788992,10.051135596184151,8834224.15,1.673892098379686,10483041.0,1.4106152976030524,183495112,1.3609451131656674,5.902729666066241,63.90000000000009,31.5,32.40000000000009,63.90000000000009,46.32491026205907,1.6395225946650904,12.33267614402822,76.38203076358657,90.22210184182016,85.33221833493486,29.302053620529396
2015-03-09,1086.45,1109.3,1056.0,1059.0,8441308,HDFCBANK,984.0325,64.65790193699782,840.4612225026098,-2.175419149230984,1.0259206798866856,1.0474976392823419,0.9971671388101983,-0.14226301628252508,3.4056488792093296,7.379951623870067,8852423.95,0.9535589402041686,9262516.4,0.9113406805951781,175053804,1.2560030263296724,5.033050047214349,53.299999999999955,26.75,26.549999999999955,53.299999999999955,47.25492222711786,1.159448385334986,11.274561311337594,64.93598724008257,73.97827211588208,82.2166676006056,26.002243963933942
2015-03-16,1062.0,1064.0,1034.6,1051.55,7226690,HDFCBANK,991.7475000000001,62.94075216339898,843.0652145943859,-0.7034938621340969,1.0099377109980505,1.0118396652560506,0.9838809376634492,-0.5678325863364937,2.332542162725227,6.163445744096999,8860854.0,0.8155748870255621,8878236.2,0.8139781187619226,167827114,1.1719442668678441,2.795872759260148,29.40000000000009,5.0,24.40000000000009,29.40000000000009,44.874265930168825,0.9501395827737815,9.86261296557489,61.568278891398315,70.12415933781686,78.10817776517304,24.729378201889148
2015-03-23,1060.0,1073.8,1042.85,1047.75,6955296,HDFCBANK,998.6,61.085649533642794,845.4668682456177,-0.3613713090200088,1.0116917203531377,1.024862801240754,0.9953233118587449,-0.6217159666982489,1.6957028008701989,5.337857718464743,8686325.1,0.8007179008301221,8565980.6,0.8119672836989614,160871818,1.1006236269818548,2.953948938200911,30.950000000000045,22.25,8.700000000000045,30.950000000000045,43.01769713947966,0.8046079623485172,8.344966651155584,59.744703728934475,68.15830315571651,70.75357820313849,23.92561309636285
2015-03-30,1043.3,1057.0,1002.1,1036.9,18294781,HDFCBANK,1005.2124999999999,57.428884798594,851.1981613140297,-1.0355523741350403,1.0061722441894105,1.019384704407368,0.966438422220079,-1.11640653493304,0.5717641400425144,3.9850471493342274,9314283.8,1.9641640079723572,11141122.6,1.6420949357473187,142577037,0.9601372348938401,5.294628218728901,54.89999999999998,9.25,45.64999999999998,54.89999999999998,44.60200418754904,0.5517693772241946,3.220347419242464,54.43312111997245,58.16238081479348,65.48161443610896,21.816522535633165
2015-04-06,1039.9,1039.9,1013.0,1031.95,4239406,HDFCBANK,1010.8625,53.948652183053355,852.4435171066582,-0.4773845115247366,1.0077038616212026,1.0077038616212026,0.9816367072048063,-1.0676240360948417,0.08128486580336738,3.2307806644856134,8972964.55,0.4724643651913235,9031496.2,0.46940240090008567,138337631,0.9218603978517472,2.606715441639623,26.90000000000009,3.0,23.90000000000009,26.90000000000009,42.24173696254252,0.3908809422791143,-1.0404679708477138,51.99953159404293,55.30193585668886,60.54087327573294,21.057874133715995
2015-04-13,1033.25,1059.0,1023.65,1038.8,6997140,HDFCBANK,1015.5424999999999,51.97650095298286,854.5388834945219,0.6637918503803464,0.9946572968810166,1.0194455140546785,0.9854158644589912,-0.26744617125407033,0.6344259177615181,3.5464835366027443,8903384.05,0.7858966838569655,8742662.6,0.8003442795562076,145334771,0.9589194926560799,3.4029649595687355,35.35000000000002,27.049999999999955,8.300000000000068,35.35000000000002,41.322838700870186,0.4474618255091551,-3.9571005917159674,55.1978123895114,59.26032938457092,57.57488201868441,21.562636886921634
2015-04-20,1040.0,1048.7,1002.6,1005.1,4935502,HDFCBANK,1018.2975,49.73138497282599,855.7235831821976,-3.2441278398151696,1.034722913142971,1.043378768281763,0.9975126853049447,-2.4195423889488454,-2.3118879627863613,0.2864522664454862,8512842.0,0.5797713619024057,8284425.0,0.5957567362852582,140399269,0.9226213182469478,4.586608297681825,46.10000000000002,9.900000000000091,36.19999999999993,46.10000000000002,41.95979354075416,-0.2653756778986009,-3.365061051821927,40.04972278608927,32.161458333333336,48.90790785819771,17.45615286916754
2015-04-27,1005.0,1024.2,993.5,1005.45,9370114,HDFCBANK,1022.2125,45.03895937787342,857.9273602760168,0.03482240573078332,0.9995524392063255,1.0186483664031032,0.9881147744790889,-1.5892599036136348,-1.9510910606309166,0.29439926592139126,8654483.3,1.082689015068063,8767388.6,1.0687462855245176,149769383,0.9751688157766409,3.0533591924014165,30.700000000000045,19.100000000000023,11.600000000000023,30.700000000000045,40.45848773532028,-0.37217778189242434,-5.817057749051557,40.24623399692455,10.319516407599352,33.91376804183454,17.195236631283276
2015-05-04,999.55,1011.45,979.05,1000.95,8522701,HDFCBANK,1025.185,41.23266493806043,859.8167903744511,-0.447560793674473,0.9986013287376991,1.010490034467256,0.9781207852540086,-1.3639851275210784,-2.0652304655531752,-0.141029258776882,8749204.9,0.974111487547857,6812972.6,1.250951897267281,141246682,0.9157935415342003,3.2369249213247504,32.40000000000009,6.0,26.40000000000009,32.40000000000009,39.38402270394426,-0.5877621549906036,-6.23419203747072,38.37988777201008,16.813819577735195,19.764931439555962,16.414335147384744
2015-05-11,999.05,1003.9,944.2,990.3,11546410,HDFCBANK,1026.5149999999999,39.53925464515429,862.1110696695266,-1.0639892102502713,1.0088357063516107,1.0137332121579319,0.9534484499646573,-1.636057028773929,-2.71103339636947,-1.116479484524893,8914556.4,1.2952310223759422,8274373.4,1.3954422216430309,129700272,0.8427783021798274,6.02847621932747,59.69999999999993,2.949999999999932,56.75,59.69999999999993,42.09281967675169,-0.9159252071140959,-8.521546348898434,34.06596239676925,27.922471229557804,18.351935738297453,14.86918969496727
2015-05-18,990.0,1012.0,967.0,1009.85,9305383,HDFCBANK,1029.4225000000001,35.69982115169164,864.1753230137373,1.9741492477027167,0.980343615388424,1.0021290290637224,0.9575679556369757,0.22103132439152978,-0.6193873537863692,0.7709770453718402,8989948.4,1.0350874761416873,8736022.0,1.0651739430143377,139005655,0.9002193326582454,4.456107342674655,45.0,21.700000000000045,23.299999999999955,45.0,42.480443719851465,-0.5482520463291638,-4.6411709159584476,46.7447191011028,39.76377952755906,28.166690111617353,16.85707438141543
2015-05-25,1006.35,1031.0,998.1,1023.55,5447041,HDFCBANK,1032.7424999999998,31.460745277578177,865.4682564155626,1.3566371243253883,0.9831957403155684,1.00727858922378,0.975135557618094,1.0377011270817447,0.6234701472707642,1.9242084625369436,8950862.3,0.6085493014455154,8838329.8,0.6162975497927221,144452696,0.9326085099262351,3.2143031605686074,32.89999999999998,21.149999999999977,11.75,32.89999999999998,41.20305122387127,-0.29218951804524806,-2.6627359612001356,53.910888138528406,48.06178073894606,38.582677165354305,18.26545831260771
2015-06-01,1024.45,1056.0,1018.05,1036.2,6646524,HDFCBANK,1036.2,27.3987658192965,867.1417617826758,1.2358946802794257,0.988660490252847,1.019108280254777,0.982484076433121,1.4972263968503692,1.5742847789221508,2.8613973565372386,8825648.35,0.7530918677492969,8293611.8,0.8014028339257452,151099220,0.9733030403361864,3.662420382165609,37.950000000000045,32.450000000000045,5.5,37.950000000000045,40.76931106068844,0.0,-1.1023622047244053,59.689929365931015,55.72380375529985,47.84978800726832,19.496032329220686
2015-06-08,1038.4,1040.3,995.0,1003.45,6668571,HDFCBANK,1036.145,27.466663526223115,868.4692263845358,-3.160586759312878,1.0348298370621356,1.0367233045991329,0.9915790522696696,-1.1450987477095043,-1.4040640750105333,-0.28320798667242114,8746916.2,0.762391092760212,7922785.8,0.8416952279588323,144430649,0.9327079049177023,4.514425232946331,45.299999999999955,4.099999999999909,41.200000000000045,45.299999999999955,41.373402919263306,-1.190352077848305,-3.2259620021217184,43.42462442259465,35.88734100545126,46.55764183323239,15.542378418794803
2015-06-15,1005.0,1019.0,990.15,1005.2,8912214,HDFCBANK,1034.2649999999999,28.262445325715788,870.2259520409514,0.17439832577608172,0.999801034619976,1.0137286112216475,0.9850278551532032,-0.6460069892486417,-1.0521642567813032,-0.09956854328249251,8796214.3,1.0131874572451014,7395946.6,1.2050132974188863,153342863,0.9924634095688879,2.870075606844411,28.850000000000023,15.549999999999955,13.300000000000068,28.850000000000023,39.703615863361534,-1.028396505151442,-2.5921798536750806,44.35944285291931,47.067901234567934,46.22634866510635,15.510230146836282
2015-06-22,1000.0,1056.9,997.05,1047.15,8330121,HDFCBANK,1032.5425,26.20027257290162,872.3254038503748,4.173298846000795,0.9549730220121281,1.0093109869646182,0.9521558515971923,2.2573230669959714,2.568084383394466,3.584654435309874,8485523.8,0.9816861276141844,7200894.2,1.1568175796833677,161672984,1.0508272072907225,5.715513536742599,59.850000000000136,51.700000000000045,8.150000000000091,59.850000000000136,42.389800414913346,0.5575323676253772,0.8038120908741009,61.8122617106032,79.43672839506182,54.130656878360334,20.041213448325994
2015-06-29,1052.0,1070.95,1030.5,1056.65,10157871,HDFCBANK,1033.3700000000001,26.70796451286873,874.9545485070881,0.9072243709115302,0.9955992996734964,1.013533336487957,0.975251975583211,2.0907306737360654,2.952054318895852,4.080535955715554,8536012.8,1.190001847232469,8143060.2,1.247426735221729,171830855,1.1145970631631166,3.8281360904746173,40.450000000000045,23.799999999999955,16.65000000000009,40.450000000000045,42.131160359591576,0.8716501023049863,5.128842901203856,64.7051089675306,88.71794871794876,71.74085944919284,20.766273151323585
2015-07-06,1052.25,1085.0,1048.0,1083.5,6012959,HDFCBANK,1034.1675,27.989675140545774,876.7006357504514,2.541049543368179,0.9711582833410245,1.0013844023996308,0.9672358098754038,3.0113339894804994,4.591697432443499,5.919372519125917,8410832.05,0.7149065590960171,8016347.2,0.7500871469239755,177843814,1.1522115964731592,3.4148592524227044,37.0,28.34999999999991,8.650000000000091,37.0,41.44700564497937,1.7625249222180877,7.762693321398384,71.69710299020784,98.9346590909091,89.02977873463989,23.588367090954527
2015-07-13,1078.5,1105.9,1060.1,1096.15,6079071,HDFCBANK,1035.6000000000001,30.41359633625828,878.5426279838215,1.1675126903553323,0.983898189116453,1.0088947680518177,0.967112165305843,2.753747435784111,4.879497072000731,6.421341465523452,8443832.05,0.7199421973344436,7898447.2,0.7696539390679221,183922885,1.1857522048844364,4.178260274597471,45.80000000000018,22.40000000000009,23.40000000000009,45.80000000000018,42.02740489231548,1.9908858962468,9.510964583645531,74.44876587834882,93.97031539888683,93.87430773591488,24.769130726822954
2015-07-20,1095.5,1121.75,1086.0,1115.25,6224050,HDFCBANK,1037.2350000000001,33.764747655063616,880.5595299050416,1.7424622542535184,0.9822909661510872,1.0058282896211612,0.9737726967047747,2.9461377877813475,5.578757394926379,7.35532301589845,8015657.65,0.7764865057578899,7360814.4,0.8455654037411947,190146935,1.2232557748590014,3.205559291638646,35.75,25.59999999999991,10.150000000000091,35.75,41.190417573340085,2.3105459219476843,12.617388670099983,78.14970826073511,96.33905941988172,96.41467796989254,26.652425205172342
2015-07-27,1116.55,1128.0,1070.0,1095.85,7871822,HDFCBANK,1039.0774999999999,35.94968148236928,882.8548585950293,-1.7395202869311843,1.0188894465483416,1.0293379568371586,0.9764110051558152,0.8186522898955854,3.3490317507153256,5.238951797561121,7987183.35,0.9855566918969001,7269154.6,1.0829074951852036,182275113,1.1698972154007248,5.292695168134325,58.0,12.75,45.25,58.0,43.43169523022807,1.5792212241947914,8.516116254889328,66.80874316811827,82.50816104461366,90.9391786211274,24.125725687677583
2015-08-03,1094.0,1121.0,1092.45,1095.4,7436530,HDFCBANK,1041.27,38.02750528097166,884.9742638333086,-0.04106401423550343,0.998721928062808,1.0233704582800802,0.9973069198466313,0.51860514386348,2.8365657247356872,4.766687861430462,7997675.35,0.929836443035913,6724886.4,1.105822397237818,174838583,1.119647994264825,2.6063538433448925,28.549999999999955,25.15000000000009,3.3999999999998636,28.549999999999955,41.447469199530985,1.42344336290411,7.019686385618695,66.55026069265574,82.26332970620244,87.03685005689927,23.777610803643302
2015-08-10,1098.1,1105.95,1081.95,1094.65,5109734,HDFCBANK,1043.615,39.8505005581665,886.4010979988587,-0.06846813949242803,1.0031516923217465,1.010322934271228,0.9883981181199469,0.3002969439778657,2.3742806988865137,4.309652150422519,7905397.25,0.6463601813305461,6544241.4,0.7807985200545933,169728849,1.0838520150850157,2.192481615128123,24.0,10.549999999999955,13.450000000000045,24.0,39.121139972926855,1.2806614543149462,5.640802933796563,66.05875916658702,81.85527747551691,82.208922742111,23.493754968409284
2015-08-17,1095.05,1103.65,1066.6,1091.5,4575088,HDFCBANK,1046.345,41.213187401474485,887.6431841496986,-0.28776321198557,1.0032524049473202,1.0111314704535044,0.9771873568483738,0.00837993570031386,1.793604895257729,3.6973712010276474,7219412.6,0.6337202558557188,6243444.8,0.7327826458880521,165153761,1.0470885408780033,3.394411360513072,37.05000000000018,9.0,28.050000000000182,37.05000000000018,38.844987976536636,1.0956444489509312,8.77472719119039,63.77615482970204,77.32919254658384,80.4825999094344,22.966076852782034
2015-08-24,1091.6,1096.1,1011.25,1019.05,7588011,HDFCBANK,1045.7,41.54990024688265,888.949939784533,-6.637654603756305,1.0711937588930867,1.075609636426083,0.9923458122761396,-4.733724743753569,-4.447234685099861,-2.8868809736896597,7386842.85,1.0272333057687832,6516237.0,1.1644774430395948,157565750,0.9929276372487419,8.326382414994349,84.84999999999991,4.599999999999909,80.25,84.84999999999991,44.97898957966507,-0.641397448409026,1.3778352566653274,33.26848662367111,20.96481682988754,60.049762283996095,14.635251592120154
2015-08-31,1024.7,1042.75,1005.7,1027.45,10197237,HDFCBANK,1045.1325000000002,41.72623898383876,890.7764226934261,0.8242971394926801,0.9973234707285026,1.01489123558324,0.9788310866708843,-2.5849771765841645,-3.079986796035406,-1.8752442631938833,7546847.7,1.3511915710184532,6981320.0,1.4606459809892685,167762987,1.0497688105419904,3.6060148912355787,37.049999999999955,23.700000000000045,13.349999999999909,37.049999999999955,43.92179096904306,-0.423774115056208,-1.8812968533639007,37.2820605579158,27.05839680812482,41.784135394865395,15.34319654457359
2015-09-07,1021.3,1021.3,980.0,984.45,10611133,HDFCBANK,1044.1,43.0048620262212,892.0444913192657,-4.185118497250473,1.037432068667784,1.037432068667784,0.9954797094824521,-4.710538744193129,-6.499233742048782,-5.7979850763035286,7830629.25,1.3550805000760315,7616240.6,1.393224499761733,157151854,0.9782427710898554,4.195235918533187,41.299999999999955,6.150000000000091,47.450000000000045,47.450000000000045,44.39221883983733,-1.3870524677797986,-6.832915345667912,27.509305796464943,3.0067567567567877,17.00999013158971,10.358845279574973
2015-09-14,986.7,1025.0,977.0,1019.7,6955863,HDFCBANK,1044.8125,42.44521507654686,893.1673305648171,3.580679567271061,0.9676375404530745,1.0051976071393547,0.958124938707463,-0.7272007235598145,-2.4151394589668653,-1.9622675371871674,7709916.7,0.9021969070041963,7985466.4,0.8710653394020917,164107717,1.0170032392267168,4.707266843189172,48.0,40.549999999999955,7.4500000000000455,48.0,44.87325632785902,-0.5916450171052587,-5.88832487309644,41.91195613841001,28.27814569536427,19.44776642008195,14.166737307237465
2015-09-21,1017.95,1062.0,1008.1,1052.95,5176159,HDFCBANK,1047.4125000000001,41.191101092470284,894.2063673572163,3.260762969500841,0.9667600550833373,1.008594900042737,0.9574053848710765,1.635705033278581,0.7019318190592096,1.1527006438761584,7542589.6,0.6862575421046374,8105680.6,0.6385841307391263,169283876,1.0400453133337215,5.118951517166055,53.89999999999998,42.299999999999955,11.600000000000023,53.89999999999998,46.076822150811154,0.1344343766768634,-3.941066459882314,52.239742648494996,50.29801324503315,27.194305232384732,17.752460554708733
2015-09-28,1050.05,1060.0,1018.65,1046.4,6304077,HDFCBANK,1050.2175,38.946154715258324,895.4022419895863,-0.6220618262975375,1.0034881498470947,1.0129969418960243,0.9734805045871558,0.6799921093212762,0.068888522999984,0.4894636828382725,7280472.95,0.865888389846981,7848893.8,0.8031803156770958,162979799,0.991181386358108,3.951643730886852,41.35000000000002,7.0499999999999545,34.30000000000007,41.35000000000002,45.44657919736967,-0.09801994645967607,-6.173503698722249,50.21059600582217,45.96026490066231,41.512141280353234,16.86367879478349
2015-10-05,1032.0,1104.8,1025.1,1098.35,8133699,HDFCBANK,1054.6425000000002,39.145374382241926,897.439093043031,4.964640672782861,0.9395912049893023,1.0058724450311831,0.9333090544908271,3.5851011324221207,4.110387620756195,4.763123683627081,7221888.75,1.1262564796501469,7436186.2,1.0937998029151017,171113498,1.030585457468418,7.256339054035603,79.70000000000005,58.399999999999864,21.300000000000182,79.70000000000005,50.01370197105372,1.116543159690086,0.2281334124195844,63.26782916322759,80.36423841059597,58.874172185430474,22.387135630087325
2015-10-12,1107.0,1107.9,1075.4,1080.55,4671927,HDFCBANK,1057.4925,38.836263150899015,898.4886372953574,-1.620612737287741,1.0244782749525705,1.0253111841191986,0.9952339086576282,1.3312330626661364,2.169247864453338,2.9280880012516737,7183133.05,0.6504024034470586,6248345.0,0.7477063126315848,166441571,0.995853002155675,3.00772754615705,32.5,9.550000000000182,22.949999999999818,32.5,47.67854170824656,0.5937105717511891,-1.3556691619499794,57.32441220583716,68.57615894039732,64.96688741721853,20.263067906199247
2015-10-19,1075.55,1102.1,1067.05,1097.8,3999165,HDFCBANK,1060.5725,39.495800826091504,899.4617570236813,1.5964092360372106,0.9797321916560393,1.0039169247586082,0.9719894334122791,1.9210930259694572,3.17698835067673,4.0822858130866,7050765.1,0.5671958919749007,5657005.4,0.7069402832813275,170440736,1.013914084743552,3.1927491346328982,35.049999999999955,21.549999999999955,13.5,35.049999999999955,45.994736147147016,0.9425685571972738,0.2877632119855589,61.38108802794018,79.99999999999997,76.31346578366441,22.050769966320726
2015-10-26,1098.0,1114.2,1085.0,1101.5,5119898,HDFCBANK,1065.475,38.092572490538245,900.7167855796846,0.33703771178721365,0.9968225147526101,1.0115297321833863,0.9850204266908761,1.5003637003536099,3.001904788047133,4.037438872875726,6973331.45,0.7342111925570382,5645753.2,0.906858273578094,175560634,1.034789824182865,2.6509305492510253,29.200000000000045,16.40000000000009,12.799999999999955,29.200000000000045,43.75543799419409,0.9457224242061437,0.9161704076958266,62.26875978865252,82.45033112582782,77.00883002207503,22.29149246853383
2015-11-02,1095.55,1124.0,1076.5,1083.1,8658793,HDFCBANK,1069.37,35.499430684827935,902.6128900573475,-1.6704493871992798,1.011494783491829,1.0377619795032778,0.993906379835657,-0.11531676610993621,1.1606353118962038,2.206600506508986,6960660.4,1.243961420672096,6116696.4,1.4155996037338063,166901841,0.9798377499459348,4.385559966762073,47.5,22.5,25.0,47.5,44.25471292830155,0.38676676597712506,6.285265688631569,55.013017593849476,72.17687074829927,78.20906729137567,19.996070511599402
2015-11-09,1090.95,1098.1,1051.0,1064.8,6538106,HDFCBANK,1070.2525,35.13549889917987,903.8761490974175,-1.6895946819314944,1.0245586025544704,1.0312734785875282,0.9870398196844479,-1.2239541631440372,-0.461185918497277,0.48206698398751163,6871059.65,0.951542605222471,5797577.8,1.127730618811187,160363735,0.9418161648304086,4.42336589030803,47.09999999999991,15.0,32.09999999999991,47.09999999999991,44.634084537861334,-0.15518493178781564,3.6352133923791774,48.52438952135674,59.727891156462555,71.4516976768632,17.80375011148109
2015-11-16,1060.05,1065.0,1041.0,1060.95,3513208,HDFCBANK,1070.4675,35.06095922592019,904.5308124214558,-0.3615702479338734,0.9991517036618125,1.0038173335218437,0.9811960978368442,-1.06085199925587,-0.7077786883851349,0.11085616429058567,6538826.5,0.5372841747674449,5565834.0,0.6312096264459198,156850527,0.9252532595405881,2.2621235684999292,24.0,0.20000000000004547,23.799999999999955,24.0,41.8828732661465,-0.2714557790239732,7.770836507694656,47.173732138871834,57.108843537415,63.00453514739227,17.29285342528083
2015-11-23,1063.3,1080.25,1046.3,1066.05,4087061,HDFCBANK,1069.595,34.93647581117474,905.3101844987434,0.48070125830621535,0.9974203836593031,1.0133202007410536,0.9814736644622672,-0.3849168604415276,-0.19370664692131637,0.5396667856842956,6442531.6,0.6343874200011685,5583413.2,0.7320004544890212,160937588,0.9541202954192909,3.184653627878622,33.950000000000045,19.299999999999955,14.650000000000091,33.950000000000045,40.825156830660305,-0.1014698797657826,4.545454545454541,49.32947936716803,60.57823129251697,59.13832199546484,17.75522006197862
2015-11-30,1065.25,1082.2,1051.1,1077.75,6241646,HDFCBANK,1068.675,34.43911293862744,906.5715986557233,1.0975094976783506,0.9884017629320343,1.004128972396196,0.9752725585710971,0.4699045115139821,0.7662781819660226,1.4844529146885082,6450660.35,0.9675979917311877,5807762.8,1.0747074587825798,167179234,0.9960676928608443,2.8856413825098715,31.100000000000136,16.15000000000009,14.950000000000045,31.100000000000136,39.528469253238946,0.2635085292751947,2.3552875255235195,54.26938385954709,68.5374149659864,62.07482993197278,18.881950592551362
2015-12-07,1077.05,1092.7,1056.0,1061.95,4984991,HDFCBANK,1066.0099999999998,32.66170137702024,907.4740964317866,-1.4660171653908538,1.014219125194218,1.0289561655445172,0.9943970996751259,-0.6739554045016494,-0.6086999167726067,0.017150871577519683,6388707.4,0.7802816262957981,5073002.4,0.982651023386072,162194243,0.9744814281243597,3.4559065869391254,36.700000000000045,14.950000000000045,21.75,36.700000000000045,39.15134001947376,-0.12430460841994617,1.486047400611623,47.11257870381965,57.78911564625854,62.30158730158729,17.02262402592173
2015-12-14,1061.0,1063.2,1040.1,1055.05,6054888,HDFCBANK,1063.97,31.966604284365722,908.5079510848356,-0.6497481049013709,1.005639543149614,1.007724752381404,0.985830055447609,-0.888240330986239,-1.0857242053118896,-0.5836732027874431,6297860.7,0.9614198040296446,4976358.8,1.2167305942650277,156139355,0.9455266150797188,2.1894696933794737,23.100000000000136,1.25,21.850000000000136,23.100000000000136,37.01116135021061,-0.27904121190509684,-3.942277051941545,44.176957501387825,53.09523809523806,59.80725623582766,16.129968784552823
2015-12-21,1053.0,1085.0,1045.3,1075.4,5636956,HDFCBANK,1062.9699999999998,31.236122813508707,909.5893724102344,1.928818539405719,0.9791705411939743,1.0089269109168681,0.9720104147294029,0.6805914318969505,0.7089773988567859,1.2097166528261083,6207882.0,0.9080320792180006,5401108.4,1.0436665185242346,161776311,0.9835520765519745,3.6916496187465166,39.700000000000045,29.950000000000045,9.75,39.700000000000045,37.36967317018253,0.3979367117427481,-0.47660913423718254,53.94306318296211,58.06729939603114,56.31721771250924,18.22917380294361
2015-12-28,1074.5,1079.9,1064.0,1077.25,3836321,HDFCBANK,1062.1,30.541921147301277,910.3254942051401,0.17202901246047286,0.9974472035275006,1.002459967509863,0.9877001624506846,0.5674374724913429,0.7538515092508574,1.2644250153122198,6144211.35,0.624379726130352,5350960.4,0.7169406448980635,165612632,1.0081372233712205,1.4759805059178548,15.900000000000091,4.5,11.400000000000091,15.900000000000091,34.507050080824875,0.4960395230847737,-1.8719256695208575,54.773029816152395,55.62411010915995,55.59554920014305,18.33679347194508
2016-01-04,1078.95,1090.25,1068.1,1070.5,6004198,HDFCBANK,1061.05,29.830680074107608,911.4186396549417,-0.6265954977953125,1.007893507706679,1.0184493227463802,0.9977580569827182,-0.03968736276426813,0.10976435978419283,0.5883637182933262,6215666.85,0.9659780913129217,5303470.8,1.1321261540649945,159608434,0.9732303710579909,2.069126576366193,22.15000000000009,13.0,9.150000000000091,22.15000000000009,32.85944340338157,0.31678795040956653,-2.814344076259645,50.91065663884085,45.90495449949449,53.19878800156186,17.45425794729036
2016-01-11,1070.2,1076.75,1045.3,1058.6,5039776,HDFCBANK,1063.0275000000001,28.16428531145089,912.2569654768723,-1.1116300794021594,1.010957868883431,1.0171452862270924,0.987436236538825,-0.7761731354865984,-0.8683953897474,-0.4850528241102307,6088255.1,0.8277866017802047,5314427.8,0.9483195914337194,154568658,0.9433617720692994,2.970904968826757,31.450000000000045,6.25,25.200000000000045,31.450000000000045,32.67151761626403,-0.1572026398340783,-2.2620256670667582,44.52401069103201,22.050059594755638,41.19304140113669,16.041865402105028
2016-01-18,1063.9,1063.9,1021.0,1025.85,6741429,HDFCBANK,1062.9475,28.27272479095018,913.1158921586607,-3.0937086718307194,1.0370911926694937,1.0370911926694937,0.9952722132865429,-2.66228453232352,-3.5045084783377796,-3.3852614998646646,5915464.7,1.1396279653228258,5451736.0,1.2365655637030113,147827229,0.9077398678820802,4.181897938295082,42.90000000000009,5.300000000000182,37.59999999999991,42.90000000000009,34.03531526742884,-1.3121303402590552,-3.6579639368895633,31.84014929266594,4.708737864077581,24.221250652775897,12.346089779998136
2016-01-25,1027.2,1108.0,1007.9,1041.15,9162443,HDFCBANK,1065.7825,22.171723783365522,914.4183058529673,1.491446117853501,0.9866013542717187,1.0642078470921577,0.9680641598232722,-0.7690884038381123,-1.700125566511878,-1.7104864497588868,5843030.2,1.5680978338944749,6156833.4,1.4881745866308482,156989672,0.9640502728305125,9.614368726888538,100.10000000000002,82.15000000000009,17.949999999999932,100.10000000000002,42.843939898438336,-1.1109871402277087,-1.8662519440124425,40.913605225975985,28.63910422049966,18.46596722644429,13.859269148031524
2016-02-01,1048.45,1067.0,1030.0,1059.75,5990277,HDFCBANK,1067.785,19.429651106100692,915.3784589477247,1.7864860971041452,0.9893371078084454,1.0068412361405992,0.971927341354093,0.6663606877999009,0.07272410589517353,0.0684436078610477,5794750.9,1.0337419335833744,6587624.6,0.9093227625630034,162979949,1.0011823569270266,3.4913894786506248,37.0,25.84999999999991,11.150000000000091,37.0,42.06474791197989,-0.41354319519804356,-0.5909666525960255,50.21074124251349,44.65977605512491,26.00253937990071,15.771787028748522
2016-02-08,1065.0,1065.25,1030.3,1035.85,7015173,HDFCBANK,1066.9299999999998,20.46545484724935,916.303389017964,-2.2552488794527092,1.0281411401264662,1.028382487811942,0.9946420813824396,-1.0836989017741079,-1.9138986991588256,-2.0508226538802306,5886701.6,1.1916984207251138,6789819.6,1.0331898950599512,155964776,0.9620238876478195,3.3740406429502388,34.950000000000045,5.5,29.450000000000045,34.950000000000045,41.11611485704925,-1.5186566940229633,-3.8877290651820995,40.7128700519399,27.922077922077847,33.74031939923413,13.046618883529215
2016-02-15,1026.7,1031.55,966.0,973.6,11369111,HDFCBANK,1063.29,29.00261149765235,917.0075485477273,-6.009557368344831,1.0545398520953164,1.0595213640098602,0.9921939194741166,-5.031189747605244,-7.225770601763992,-7.861098937469199,6139953.3,1.8516608261499319,8055686.6,1.411314958553626,144595665,0.8969825621808815,6.732744453574359,65.54999999999995,4.2999999999999545,69.84999999999991,69.84999999999991,44.94729954277601,-3.0924801377717315,-8.319600734497856,25.95681198413537,5.352112676056354,25.977988884419698,6.17142700099892
2016-02-22,981.5,996.0,959.0,988.75,7192733,HDFCBANK,1057.81,32.206797255753976,917.5610542766277,1.5560805258833188,0.9926675094816688,1.0073324905183312,0.9699115044247788,-2.2812415260133023,-4.785271670184505,-5.691042998796466,6092905.0,1.1805096255398697,8145947.4,0.8829829910269246,151788398,0.947279897972828,3.7420986093552466,37.0,22.399999999999977,14.600000000000023,37.0,43.88765960373921,-2.1442678528881625,-6.284062366712472,32.79672041912755,19.966442953020135,17.746877850384774,7.758496875120217
2016-02-29,984.9,985.5,928.0,971.85,9006781,HDFCBANK,1052.375,36.98471056786904,918.0805206063238,-1.709228824273068,1.0134279981478622,1.0140453773730513,0.954879868292432,-2.7065751291150177,-5.663517177602297,-6.901545713129599,6309647.7,1.4274617899823472,8114815.0,1.1099182174824689,142781617,0.8976980101729158,5.916550908061943,57.5,3.25,60.75,60.75,46.135971656573986,-2.1772510522214863,-9.628975265017669,29.311536213203453,24.361111111111125,16.559888913395866,5.85672805236794
2016-03-07,974.95,1024.9,971.85,1020.55,5249140,HDFCBANK,1048.5125,36.012080849415554,918.6487764974328,5.01106137778462,0.9553182107687033,1.0042624075253541,0.9522806329920142,1.463011749069657,-0.5325608760425786,-1.650248984563472,6372146.45,0.823763239151542,7966587.6,0.6588944054289945,148030757,0.9373035833929061,5.198177453333994,53.05000000000007,53.05000000000007,0.0,53.05000000000007,47.057842102364134,-0.7764755421083617,-5.263402181480625,47.76717237922291,51.41666666666664,31.914740243599297,11.092511753086947
2016-03-14,1024.0,1037.95,1006.75,1027.55,4713191,HDFCBANK,1044.815,34.02696337967428,919.1883516020654,0.6859046592523566,0.9965451802831979,1.0101211619872512,0.9797576760254976,1.4228515339159629,0.1305421338869125,-0.8779603274097603,6351811.1,0.742023168793543,7506191.2,0.6279071335139984,152743948,0.9741837117938859,3.0363485961753733,31.200000000000045,17.40000000000009,13.799999999999955,31.200000000000045,44.943463155382254,-0.5073917354116061,-4.012143858010275,49.93503318961855,55.30555555555553,43.69444444444443,11.788840470951317
2016-03-21,1027.9,1047.35,1011.15,1045.6,6765233,HDFCBANK,1042.94,32.818009336973795,920.0810324592295,1.756605517979648,0.9830719204284623,1.0016736801836266,0.9670524100994645,2.083047114049558,1.58963157422299,0.7915208589383247,6257133.1,1.081203306990545,6585415.6,1.0273053989181793,159509181,1.0197356105038677,3.4621270084162137,36.19999999999993,19.799999999999955,16.399999999999977,36.19999999999993,43.77766806799795,0.08105305756626181,-1.2280370300396748,55.43780501567866,65.33333333333329,57.35185185185181,13.642164452111166
2016-03-28,1046.5,1056.6,1040.55,1047.5,5963858,HDFCBANK,1042.075,32.43729375757765,920.8693343220108,0.18171384850804717,0.9990453460620525,1.008687350835322,0.9933651551312649,1.5071020286079477,1.5155421267023954,0.8905136285732045,6228420.7,0.9575233092395316,6339640.6,0.9407249363631118,165473039,1.0561374475930736,1.5322195704057235,16.049999999999955,11.0,5.0499999999999545,16.049999999999955,40.08064565893155,0.16724576472205313,2.110444996831906,56.02486043344936,66.38888888888889,62.34259259259256,13.751208880380508
2016-04-04,1047.5,1078.9,1044.25,1069.05,11491833,HDFCBANK,1042.48,32.73456807975349,922.6150170855781,2.0572792362768544,0.9798419157195641,1.009213787942566,0.9768018334034891,2.328353444626426,3.000685824707442,2.6476734238525474,6627351.95,1.7340007120038343,6836651.0,1.6809155535363733,176964872,1.1222805256003623,3.2411954539076837,34.65000000000009,31.40000000000009,3.25,34.65000000000009,39.35655957107402,0.8116801766030824,2.67972914565624,62.49156537629258,78.36111111111109,70.02777777777776,15.871732001175431
2016-04-11,1069.0,1076.9,1042.85,1070.95,5470628,HDFCBANK,1042.725,32.937966015872206,923.442266465441,0.17772788924748095,0.9981791867033941,1.0055558149306691,0.9737616135207058,1.6677568202548239,2.7195212642208277,2.5853563044855288,6696530.3,0.8169347042303385,6880948.6,0.795039800181039,182435500,1.1491408346292167,3.1794201409963287,34.05000000000018,7.850000000000136,26.200000000000045,34.05000000000018,38.64901829493084,0.8569138721680332,1.0568530313753266,63.044418907733835,79.41666666666669,74.72222222222221,15.973682263771433
2016-04-18,1069.6,1092.0,1059.25,1087.8,3508288,HDFCBANK,1043.2275,33.57100673826518,924.0279872089093,1.5733694383491148,0.9832689832689833,1.0038610038610039,0.9737543666115095,2.127280852271799,3.6226233534924615,3.753114901420024,6559862.4,0.5348112179914017,6639968.0,0.5283591728152907,185943788,1.1643580356399417,3.0106637249494392,32.75,21.049999999999955,11.700000000000045,32.75,37.862482522273396,1.327708172337739,5.015204904184967,67.88776877045193,88.77777777777776,82.18518518518518,17.723706971882468
2016-04-25,1091.9,1105.15,1083.55,1093.25,6346090,HDFCBANK,1044.7925,35.18071494365852,925.1118584497237,0.5010112152969315,0.9987651497827579,1.0108849759890237,0.9911273725131489,1.7434597826671345,3.5169237337655908,3.8801754925994256,6627917.35,0.9574787470758066,6556139.4,0.9679614194902567,192289878,1.1928564944814508,1.975760347587481,21.600000000000136,17.350000000000136,4.25,21.600000000000136,35.69415151930363,1.3773881536405403,12.289441248972889,69.3851830723037,91.80555555555556,86.66666666666667,18.17489852870737
2016-05-02,1095.0,1136.7,1092.5,1117.65,7595418,HDFCBANK,1047.9225,38.7454801268837,926.576618473467,2.2318774296821386,0.9797342638572003,1.0170446919876526,0.9774974276383482,2.592366368362698,4.819968074804322,5.480399381897104,6704943.85,1.1328085916782138,6882451.4,1.1035919556220912,199885296,1.223374475360809,3.9547264349304383,44.200000000000045,43.450000000000045,0.75,44.200000000000045,36.828264650063154,1.7996292669920873,13.036662452591674,75.32827271542286,90.87206516530908,90.48513283288081,20.62143353469529
2016-05-09,1121.9,1144.95,1113.15,1141.4,6222051,HDFCBANK,1051.2225,43.70250045537676,927.9071188093357,2.124994407909453,0.9829157175398633,1.0031102155247942,0.9752496933590328,3.079468647626055,5.828959912992845,6.826547227158919,6734198.6,0.9239482482741154,5828495.0,1.0675227481536829,206107347,1.244571766689519,2.78605221657613,31.799999999999955,27.299999999999955,4.5,31.799999999999955,36.15782936338806,2.0634402851177223,17.446107938467883,79.74444874102525,98.36367826688179,93.68043299591547,23.008001217256798
2016-05-16,1143.5,1165.9,1129.7,1162.8,6346536,HDFCBANK,1055.5,50.10222707519397,929.3817095593823,1.8748904853688408,0.9834021327829378,1.0026659786721708,0.9715342277261783,3.2421198912970794,6.481774174178099,7.829522922820694,6859709.35,0.9251902196118558,6003676.6,1.0571082393078934,212453883,1.2650048148927682,3.113175094599247,36.200000000000045,24.5,11.700000000000045,36.200000000000045,36.16345211493633,2.1416213662311443,13.938562539806965,82.92255109927018,98.69693148381667,95.97755830533585,25.115438365069686
2016-05-23,1165.05,1169.25,1131.5,1136.75,4448507,HDFCBANK,1058.8125,53.238064822570195,930.2901881726087,-2.240282077743372,1.024895535517924,1.0285902793050363,0.9953815702661095,0.6831974251742399,3.7188780116756006,5.240881299114077,6781924.8,0.6559357603021491,6191720.4,0.7184605751900554,208005376,1.2209256926822643,3.320870903892677,37.75,6.4500000000000455,31.299999999999955,37.75,36.374991832944815,1.4639431440595587,10.627220086613786,67.94832377021018,86.52849740932642,94.52970238667496,22.193054860972488
2016-05-30,1138.4,1195.0,1135.55,1179.75,8080523,HDFCBANK,1064.87,59.71137024756378,932.25968714118,3.7827138772817293,0.9649502013138378,1.012926467471922,0.9625344352617079,2.8687573203739807,6.195575028442269,7.970141271769952,6933962.15,1.165354356599711,6538607.0,1.2358172008196853,216085899,1.245862582012519,5.039203221021406,59.450000000000045,58.25,1.2000000000000455,59.450000000000045,39.451659588552175,1.923921683989277,12.829954093343554,76.15092981518755,94.28838951310861,93.17127280208389,26.54735759493807
2016-06-06,1185.9,1185.9,1169.05,1171.1,7293404,HDFCBANK,1072.1325000000002,63.432882629466945,933.949621321052,-0.7332061877516449,1.0126376910596877,1.0126376910596877,0.9982495090086244,1.434216519347157,4.716612932752909,6.682856276084914,6961560.9,1.0476679159698221,6478204.2,1.1258373115191398,208792495,1.1830201878523632,1.438818205106322,16.850000000000136,6.150000000000091,10.700000000000045,16.850000000000136,36.43810497674524,1.5601923781093567,11.799522673031015,71.88109244241258,89.28971543804612,90.03553412016038,25.392202455578257
2016-06-13,1176.95,1180.0,1151.05,1152.9,6166262,HDFCBANK,1077.7199999999998,65.44984097925702,935.25161629459,-1.55409444112371,1.0208604388932256,1.0235059415387284,0.9983953508543671,-0.08118023199035834,2.7535224754075625,4.775582070875892,6811751.85,0.9052387896367659,6467046.4,0.9534896796163391,202626233,1.1334281585025192,2.511059068436121,28.950000000000045,8.900000000000091,20.049999999999955,28.950000000000045,35.43969097984588,1.148665892463009,7.8434123754735685,63.26862301147606,77.63612217795489,87.07140904303655,23.271639408410728
2016-06-20,1155.0,1179.25,1144.25,1172.05,4526694,HDFCBANK,1083.3349999999998,68.56983205769531,936.2808399685091,1.6610287102090338,0.985452839042703,1.0061430826329936,0.9762808753892752,1.0360236682384438,3.7220762609328273,5.803823376750204,6738572.7,0.6717585758182886,6103078.0,0.741706725688251,207152927,1.144608023048759,2.9862207243718273,35.0,26.34999999999991,8.650000000000091,35.0,35.381065515866425,1.2937905393344773,9.440216630094778,67.93321574607938,87.51699755235244,84.81427838945115,25.18145731140036
2016-06-27,1175.0,1191.85,1147.0,1159.95,6434823,HDFCBANK,1089.54,69.6531285427219,937.6543048325802,-1.0323791647113945,1.0129746971852234,1.0275011853959222,0.988835725677831,0.0024550140718003627,2.3295039675057305,4.419449335166828,6709555.2,0.9590535897223113,6500341.2,0.9899208060032295,200718104,1.0955079646707013,3.866545971809122,44.84999999999991,19.799999999999955,25.049999999999955,44.84999999999991,36.64359011375089,1.0108662952133436,6.632653061224492,62.17659090928433,77.30657170605377,80.8198971454537,23.707638734417273
2016-07-04,1161.25,1185.0,1150.0,1172.8,9322317,HDFCBANK,1099.5,66.36649440001187,939.7277344888015,1.1078063709642594,0.9901517735334243,1.0104024556616644,0.9805593451568896,0.732064400621064,2.9139846962884373,5.011137364966639,6607215.5,1.4109297630749291,6748700.0,1.381350037785055,210040421,1.1262737423558087,2.9843110504774897,35.0,25.049999999999955,9.950000000000045,35.0,36.42444476525077,1.1044729823786932,7.2764692430825395,65.73460126596078,85.40913572132762,83.41090165991127,24.80210564797116
2016-07-11,1172.8,1201.9,1160.9,1199.75,3797586,HDFCBANK,1110.05,64.58131145674494,940.6583908979966,2.297919508867663,0.977536986872265,1.001792040008335,0.9676182538028757,1.9746142274353697,4.36699639935016,6.549467313882181,6437458.15,0.5899201068980929,6049536.4,0.6277482684458267,213838007,1.127873707795381,3.4173786205459473,41.0,29.100000000000136,11.899999999999864,41.0,37.03451879655067,1.3889467088335457,7.34577014271014,72.08841627115225,98.64822382898454,87.12131041878864,27.543645132922528
2016-07-18,1209.9,1238.5,1192.2,1227.45,6851368,HDFCBANK,1122.83,60.983656999658585,942.498398486601,2.308814336320064,0.9857020652572407,1.0090024033565521,0.9712819259440303,2.7911759715212177,5.592991693664819,7.936844508814465,6329687.5,1.082418049864231,6186557.6,1.1074604720402184,220689375,1.140576540452637,3.772047741252186,46.299999999999955,38.75,7.5499999999999545,46.299999999999955,38.26991629034391,1.7155415917511445,7.538987208691084,77.11999048791671,93.83542538354256,92.6309283112849,30.233643046073578
2016-07-25,1229.0,1249.45,1213.85,1246.95,7970599,HDFCBANK,1134.15,62.002907402114076,944.7539648061606,1.588659415862148,0.9856048758971891,1.0020048919363247,0.9734552307630617,2.874228555672497,6.059437132469888,8.595164047996287,6465760.45,1.2327396076048565,6875338.6,1.1593027578307198,228659974,1.1576502345692599,2.854966117326287,35.600000000000136,22.0,13.600000000000136,35.600000000000136,37.9139274516314,1.8192695266440664,7.236842105263164,80.0423377466668,98.49306811332129,96.99223910861612,31.986744321929606
2016-08-01,1242.4,1258.95,1227.65,1242.3,9000949,HDFCBANK,1144.8875,61.15977108102614,947.2226772892114,-0.3729099001563929,1.0000804958544636,1.013402559768172,0.9882073573210981,1.6737874896003708,4.892410482170159,7.565277972721201,6680148.35,1.347417531528323,7388563.8,1.2182271472028163,219659025,1.0935571192793687,2.519520244707394,31.299999999999955,12.0,19.299999999999955,31.299999999999955,37.03207045808054,1.5927544900543391,9.285243017374079,77.3248901334895,89.99699609492336,94.10849653059573,31.151843150044623
2016-08-08,1247.0,1256.45,1231.0,1249.6,6309960,HDFCBANK,1155.0875,60.739189800579794,948.9712558660817,0.5876197375835002,0.9979193341869399,1.0054817541613317,0.9851152368758004,1.4987975876710014,4.669728513352835,7.4298304177754835,6657384.7,0.9478136361865944,6786092.4,0.9298370296284205,225968985,1.106662984819223,2.036651728553141,25.450000000000045,14.150000000000091,11.299999999999955,25.450000000000045,35.48779439700314,1.5560382071329117,5.920745920745918,78.63857002444811,93.58710562414257,94.0257232774624,31.67943626064294
2016-08-15,1252.9,1252.9,1219.4,1228.7,3832036,HDFCBANK,1164.1475,57.261079081963075,949.9501900406826,-1.6725352112675895,1.0196956132497763,1.0196956132497763,0.99243102466021,-0.11779524942151032,2.61272151771492,5.367290428269373,6550793.6,0.5849727886404481,6792982.4,0.5641168744968337,222136949,1.0730076029380984,2.7264588589566205,33.5,3.300000000000182,30.199999999999818,33.5,35.22275514406939,1.1273364217883504,4.918452736743251,66.00592222473873,76.59574468085107,86.72661546663899,29.343623790146268
2016-08-22,1233.0,1254.9,1213.8,1250.3,6175797,HDFCBANK,1173.2099999999998,55.740910516983675,951.6346653296612,1.7579555627899257,0.9861633208030073,1.0036791170119173,0.9708070063184836,1.0745500957294354,3.681574201951284,6.418638676141747,6284991.8,0.9826261030284876,6657868.2,0.9275937604171858,228312746,1.0893297663914967,3.287211069343369,41.100000000000136,26.200000000000045,14.900000000000091,41.100000000000136,36.00638779152682,1.3830057543913215,8.448260907277284,71.47104598567617,93.21302471557466,87.79862500685608,31.38445304184841
2016-08-29,1251.0,1266.8,1236.2,1238.1,6270167,HDFCBANK,1181.5675,52.00737871483885,953.2565858231768,-0.9757658162041105,1.0104191906954205,1.0231806800743075,0.9984653905177289,0.06650512058288705,2.3421179166462416,5.038463728332413,6324968.75,0.9913356488915459,6317781.8,0.9924633674433011,222042579,1.0494970537696418,2.4715289556578557,30.59999999999991,16.5,14.099999999999909,30.59999999999991,35.285536085989904,1.0870092167108172,5.635425109850267,64.69295050017774,78.1333333333333,82.64736757658635,29.881085367047213
2016-09-05,1245.1,1295.0,1243.95,1285.1,7552209,HDFCBANK,1191.4325,51.99739435525605,955.5042631455339,3.7961392456182796,0.9688740175861801,1.0077036806474204,0.9679791455917829,2.4809171736537614,5.068939288281997,7.802203548526175,6527164.8,1.15704279444576,6028033.8,1.2528478191346573,229594788,1.0741125157845055,3.9724535055637658,51.049999999999955,56.90000000000009,5.850000000000136,56.90000000000009,38.16746460785793,1.801388341885863,10.789258157679193,75.16323540908846,93.43283582089546,88.25973128993446,34.494428708191435
2016-09-12,1290.05,1305.0,1271.5,1279.9,5107551,HDFCBANK,1200.7649999999999,50.165848888820676,956.9834728444455,-0.4046377713796456,1.0079303070552386,1.0196109071021173,0.99343698726463,1.3898099642484916,4.014215761971047,6.808652341479883,6465237.85,0.7900020259888815,5787552.0,0.8825062824489525,224487237,1.0423673504113387,2.61739198374873,33.5,19.90000000000009,13.599999999999909,33.5,37.545135993476876,1.5774675751103504,9.131991814461138,72.42154598372434,84.3856920684293,85.31728707421935,33.743166556027205
2016-09-19,1275.0,1304.5,1265.4,1290.15,4942992,HDFCBANK,1209.39,49.9522919762781,958.4472698332258,0.8008438159231135,0.9882571793977444,1.0111227376661627,0.980816184164632,1.4488329642504845,4.094404141542827,6.91995345828399,6332616.55,0.7805607620439295,6009743.2,0.8224963755522865,229430229,1.0580616701851486,3.0306553501530757,39.09999999999991,24.59999999999991,14.5,39.09999999999991,37.75245119434662,1.6167426319167137,7.534903104813506,74.53424565508193,90.76205287713847,89.52686025548773,34.608344204944316
2016-09-26,1292.65,1318.45,1284.05,1296.15,6261007,HDFCBANK,1217.1275,50.843763461154644,960.3162218206007,0.46506220206952165,0.9972996952513212,1.017204798827296,0.9906646607259961,1.2700237106444676,3.8900229822682313,6.738260585596832,6334564.35,0.9883879386275396,6026785.2,1.0388634723533867,235691236,1.079571117798728,2.6540138101300075,34.40000000000009,28.299999999999955,6.100000000000136,34.40000000000009,37.30545770176708,1.5542220839016834,5.596969326652812,75.78707082824252,86.99329250510355,87.38034581689044,34.971165804396605
2016-10-03,1299.0,1306.15,1267.4,1287.2,8383863,HDFCBANK,1223.3475,51.45339606968962,962.7208633005256,-0.6905065000192945,1.0091671845866999,1.0147218769422002,0.9846177750155376,0.38903109206122966,2.761511112803173,5.582320866883843,6436430.7,1.3025640126910711,6449524.4,1.2999195723641266,227307373,1.037639459052884,3.010410192666252,38.75,10.0,28.75,38.75,37.49806334153147,1.2409773674320101,3.227876017482667,69.87078383772095,81.44850103888395,86.40128214037532,33.70438400878243
2016-10-10,1288.6,1300.05,1276.25,1284.35,4343755,HDFCBANK,1230.7275,48.90080043203588,963.9420481290824,-0.2214108141702975,1.0033090668431501,1.0122240822205786,0.9936933078989373,0.11199482057134019,2.182060144531291,4.925072190756784,6431193.1,0.6754197755312308,5807833.6,0.7479131289160902,222963618,1.0143474331980755,1.8530774321641261,23.799999999999955,12.849999999999909,10.950000000000045,23.799999999999955,35.67165489599393,1.0965566928608144,3.384850680189966,67.92256420576453,78.35607743573459,82.26595699324069,33.239337623335146
2016-10-17,1279.0,1279.0,1232.75,1237.7,3430458,HDFCBANK,1233.625,47.41556345646218,964.7604737813172,-3.632187487834304,1.0333683445099782,1.0333683445099782,0.9960006463601841,-2.4352478803152064,-1.2898147855154642,1.2298134409377173,6198689.85,0.5534166223851319,5472415.0,0.6268636424686359,219533160,0.997958412540369,3.7367698149793975,46.25,5.349999999999909,51.59999999999991,51.59999999999991,37.79543424319473,0.08594224560342478,-0.9523047375159965,44.49213510901699,36.039603960396036,65.28139414500485,28.29091091894694
2016-10-24,1243.2,1276.85,1239.0,1263.55,4017075,HDFCBANK,1238.2475,45.46557828962001,965.802834315798,2.088551345237133,0.9838945827232797,1.0105258992521071,0.9805706145384038,-0.2264024911116249,0.6706249896612236,2.9796038314230278,6034873.4,0.6656436239408103,5287231.6,0.7597690632655472,223550235,1.01282200479267,2.9955284713703385,37.84999999999991,39.149999999999864,1.2999999999999545,39.149999999999864,37.97604301076875,0.5565199201651126,2.836331081630994,54.5225534647868,47.53941710463446,53.97836616692169,30.828980316167165
2016-10-31,1268.0,1268.0,1224.15,1253.3,7144737,HDFCBANK,1243.2675,40.85509140144078,967.575700975784,-0.8112065213090158,1.0117290353466848,1.0117290353466848,0.9767414026968804,-0.6973966688710486,-0.1214839413527096,2.0039537376752365,6083797.15,1.1743877752400078,5463977.6,1.3076073005862983,216405498,0.9774009976399197,3.4987632649804445,43.84999999999991,4.4500000000000455,39.399999999999864,43.84999999999991,38.759237275999574,0.24556302913193886,0.23994241382068182,50.359100048589305,37.74486383182032,40.44129496561693,29.52991675339384
2016-11-07,1256.0,1263.85,1231.75,1249.45,6899743,HDFCBANK,1247.1375,37.26179387648632,969.2443540570971,-0.30718902098458845,1.0052423066149105,1.0115250710312536,0.9858337668574172,-0.6717874505294916,-0.3685661625039777,1.5601602981119742,6202449.6,1.1124222597471813,5167153.6,1.335308282687784,209505755,0.9457356328194505,2.569130417383642,32.09999999999991,10.549999999999955,21.549999999999955,32.09999999999991,37.87133897253295,0.06206088755859067,0.916727243356763,48.74585627605498,34.06593406593412,39.7834050007963,28.90970112645055
2016-11-14,1251.1,1283.0,1195.35,1275.8,9208422,HDFCBANK,1252.9299999999998,31.563805053774598,971.6473579157157,2.108927928288429,0.9806395986831792,1.0056435177927576,0.9369415268850917,0.9383054658180117,1.4609287225445597,3.2938656221740676,6341129.55,1.452173769261661,6140087.0,1.499721746613688,218714177,0.9833095867209607,6.870199090766585,87.65000000000009,33.549999999999955,54.100000000000136,87.65000000000009,44.50849377619524,0.724564099956801,-0.7236790911213098,59.0942737641203,65.35337124289192,45.72138971354878,31.30278074719651
2016-11-21,1277.5,1289.0,1188.35,1198.7,9602078,HDFCBANK,1254.225,28.484286988832228,973.4881990421334,-6.043266969744465,1.0657378827062651,1.075331609243347,0.9913656461166263,-3.622207328333129,-4.180348093132534,-2.682388464693236,6355117.6,1.510920584695396,7374411.0,1.30208066786622,209112099,0.9403361625767571,8.396596312672068,100.65000000000009,13.200000000000045,87.45000000000005,100.65000000000009,51.99402793936922,-1.949320340079758,-6.34424564419096,35.140479756031894,7.955418908531995,35.79157473911934,23.13451782769062
2016-11-28,1206.8,1206.8,1158.0,1184.45,9734153,HDFCBANK,1253.46,30.179339394936903,975.2079739323591,-1.1887878535079666,1.0188695174975726,1.0188695174975726,0.9776689602769217,-3.2459171905232647,-4.6574841313241,-3.5912708837368696,6651945.95,1.4633541933695358,8517826.6,1.1427977413862829,199377946,0.8994880008138263,4.120055722065089,48.799999999999955,8.099999999999909,40.700000000000045,48.799999999999955,51.56815754745332,-2.2866637038310254,-8.192845793124837,32.344477937879844,16.484886257401083,29.931225469608325,21.456143885278987
2016-12-05,1184.7,1207.9,1176.5,1196.35,5866769,HDFCBANK,1251.905,32.315654915699696,976.2891870665189,1.004685719110121,0.990262047059807,1.0096543653613075,0.9834078655911732,-1.4792920780236032,-3.0998265529176323,-2.3474518870358136,6602716.0,0.8885387467823848,8262233.0,0.7100706310267454,205244715,0.9291929866961193,2.6246499770134237,31.40000000000009,23.450000000000045,7.9500000000000455,31.40000000000009,48.87906987445956,-1.7191358227126678,-7.699726111946936,37.16208663322562,23.901526955437767,16.113944040456943,22.540535719206655
2016-12-12,1195.0,1205.9,1167.0,1184.45,5113519,HDFCBANK,1248.78,35.668091297981206,977.1724969346598,-0.9946921887407423,1.0089070876778252,1.0181096711553885,0.9852674236987631,-1.665893355590378,-3.5448478171903663,-3.0944119433498023,6459862.0,0.7915833186529372,7904988.2,0.6468724393541789,200131196,0.9119319447679408,3.2842247456625513,38.90000000000009,9.550000000000182,29.34999999999991,38.90000000000009,47.54852722453163,-1.8035728198228809,-7.98244251087632,34.340563613306315,16.484886257401083,18.957099823413305,21.211966537695158
2016-12-19,1180.25,1194.5,1163.6,1176.75,4549691,HDFCBANK,1245.5025,39.13776771663317,977.9231704991844,-0.6500907594242045,1.0029742936052688,1.0150839175695772,0.9888251540259188,-1.5540924212330731,-3.619189654608859,-3.454920932604449,6237299.1,0.7294328726355291,6973242.0,0.6524498934641878,195581505,0.8961162964494165,2.625876354365846,30.90000000000009,10.049999999999955,20.850000000000136,30.90000000000009,45.328723594594095,-1.7566791365768393,-8.377778642893286,32.49836404457247,11.685883452789028,17.357432221875953,20.33153886714063
2016-12-26,1176.0,1189.25,1168.4,1175.0,4647741,HDFCBANK,1241.7724999999998,42.16451949146829,978.6775147716493,-0.1487146802634398,1.0008510638297872,1.0121276595744682,0.9943829787234043,-1.1368954647864,-3.2344423776736764,-3.30825250225994,6154188.15,0.7552159418460418,5982374.6,0.776905712323665,190933764,0.8818995805298679,1.7744680851063752,20.84999999999991,12.5,8.349999999999909,20.84999999999991,42.06489378198154,-1.5836181890679621,-5.065847943766666,32.04752759803975,10.595200997195384,12.921990235795159,20.059977087974463
2017-01-02,1179.3,1212.0,1173.9,1197.1,6820787,HDFCBANK,1240.1925,43.25803933495265,979.8976029331134,1.8808510638297804,0.9851307326037926,1.0124467463035671,0.9806198312588758,0.4868141502386034,-1.138801957420858,-1.284295630531412,6303625.7,1.0820418794853253,5399701.4,1.2631785527992343,197754551,0.9185764287169427,3.182691504469126,38.09999999999991,37.0,1.099999999999909,38.09999999999991,41.53624127771732,-0.9961732122514695,-5.258992521071592,43.473906537961646,26.392170097873702,16.224418182619367,22.16582594107157
2017-01-09,1200.8,1204.15,1183.1,1195.2,6922515,HDFCBANK,1237.4375,44.32194678829349,981.1113187006099,-0.1587168991729948,1.004685408299866,1.0074882864792505,0.9898761713520748,0.21907921644949002,-1.113927010347466,-1.3248642690484451,6340961.6,1.0917137552134049,5610850.6,1.2337728258171765,190832036,0.8942051347582036,1.761211512717552,21.050000000000182,7.050000000000182,14.0,21.050000000000182,38.80474244068837,-0.9529703241996562,-4.635761589403964,42.76063201903311,26.18796198521651,21.058444360095194,21.821038777019773
2017-01-16,1196.2,1249.45,1195.3,1247.65,6355528,HDFCBANK,1237.915,44.38086388238092,982.4836981042431,4.388386880856765,0.9587624734500861,1.0014427122991223,0.9580411173005249,2.9425151174877633,2.6886897794592333,2.690173825589875,6345229.65,1.001623006662966,5859252.4,1.0846994746292205,197187564,0.9293981875001323,4.340159499859744,54.15000000000009,54.25,0.09999999999990905,54.25,40.86411011526326,0.21935129577017753,-0.14406338789066941,62.40677868592796,68.43511450381686,40.33841552896902,26.989384394612358
2017-01-23,1247.0,1256.0,1230.0,1244.65,7605207,HDFCBANK,1235.8925000000002,43.018164079706324,984.089095679291,-0.24045204985372326,1.0018880809866226,1.0091190294460288,0.988229622785522,1.8057172625951647,2.1035475056158943,2.2509908480610017,6347879.55,1.1980704643332434,6470355.6,1.1753924312907935,189582357,0.9020587300588293,2.088940666050697,26.0,8.349999999999909,17.65000000000009,26.0,38.8822287665615,0.20357679569433923,-2.4416052672832644,61.02445381443994,66.14503816793899,53.58937155232412,26.477369322017612
2017-01-30,1250.0,1300.0,1249.25,1284.95,9517678,HDFCBANK,1236.145,43.30393776915502,986.3772006425479,3.237858032378571,0.9728004980738549,1.0117125179968092,0.9722168177750107,3.256928799247217,4.434756484931477,4.87364316052702,6568385.9,1.4490132195186642,7444343.0,1.2785114818057148,199100035,0.9531016736477048,3.9495700221798513,50.75,55.34999999999991,4.599999999999909,55.34999999999991,41.07793159768662,1.1270337644620254,7.195294902811389,70.98584476316294,89.40140845070425,74.66052037415336,30.26963712897614
2017-02-06,1282.4,1320.0,1277.0,1314.1,8824666,HDFCBANK,1237.3425,45.167029996262386,988.6719352184924,2.268570761508215,0.9758770261015145,1.004489764858078,0.9717677497907313,3.601953509673382,5.618254978624815,6.401800064068622,6762469.6,1.3049472340696364,7845118.8,1.1248607223130898,207924701,1.0004957372684031,3.2722015067346475,43.0,35.049999999999955,7.9500000000000455,43.0,41.33420738466174,1.6994143738552587,10.946008696019227,76.08675526127948,96.35802469135797,83.96815710333374,32.91567740411173
2017-02-13,1316.0,1319.9,1292.55,1310.2,4727696,HDFCBANK,1238.045,46.22665812117165,989.873562701804,-0.29678106688987294,1.0044268050679286,1.007403449854984,0.9865287742329415,2.2100071780704185,4.5748406136975,5.612925514305614,6685804.05,0.7071245230407254,7406155.0,0.6383468885001732,203197005,0.9854510006620393,2.087467562204254,27.350000000000136,5.800000000000182,21.549999999999955,27.350000000000136,39.46964640004019,1.5608958755111313,9.516445856145793,74.07631533991619,93.95061728395065,93.23668347533761,32.36033867031292
2017-02-20,1314.0,1454.0,1304.0,1409.1,106610844,HDFCBANK,1244.1399999999999,59.25049100395337,1022.4581112730932,7.548465883071276,0.9325101128379818,1.0318643105528351,0.9254133844297779,6.049039057889356,9.66206768579728,11.217834379939632,11597153.1,9.192846130486974,27457218.2,3.8827984402294624,309807849,1.4730169275410943,10.645092612305728,150.0,143.79999999999995,6.2000000000000455,150.0,54.20702688003483,2.784111949198757,18.966608974629562,85.37983803673885,84.83108108108105,91.71324101879657,37.81493681393825
2017-02-27,1406.05,1421.8,1378.6,1393.6,12683290,HDFCBANK,1249.6025000000002,67.6003979959404,1025.858559448337,-1.099992903271596,1.0089336969001148,1.0202353616532722,0.9892365097588978,3.3360605321813486,7.420546729574154,9.377843634741096,12014129.85,1.0556977624143125,28472834.8,0.44545230880909686,297124559,1.3882376766144846,3.099885189437432,43.200000000000045,12.700000000000045,30.5,43.200000000000045,52.739423296030196,2.1301279913861926,18.427873380072235,79.13969204997443,79.59459459459455,86.12543098654209,35.84718742800358
2017-03-06,1392.9,1396.5,1369.0,1380.75,4295920,HDFCBANK,1256.7549999999999,73.57820561894846,1026.9564785106284,-0.922072330654411,1.008799565453558,1.0114068441064639,0.9914901321745428,1.6243027135725447,5.621959445850577,7.823259809471131,12057402.95,0.35628899671135233,27428483.2,0.15662258713598862,292828639,1.345133767505039,1.9916711931921058,27.5,2.900000000000091,24.59999999999991,27.5,49.374166856559505,1.685213698226801,17.51063829787234,73.96833412622817,74.77617079889808,79.7339488248579,34.45068305158076
2017-03-13,1382.25,1408.0,1376.2,1400.1,4066260,HDFCBANK,1263.5825,80.27276406923312,1028.0459598212808,1.4014122759369751,0.9872509106492394,1.0056424541104207,0.9829297907292337,1.989265515208561,5.93683339242595,8.339084458324404,12059862.2,0.3371730068358493,26476802.0,0.1535782153751046,296894899,1.3412186463720401,2.2712663381187026,31.799999999999955,27.25,4.5499999999999545,31.799999999999955,47.030944609018235,1.7006702283511406,16.957647648483842,76.6225329012519,81.43939393939391,78.60338644429551,36.190409254018014
2017-03-20,1422.1,1439.85,1406.65,1436.1,6984949,HDFCBANK,1272.7224999999999,88.9755680169917,1030.0823308402705,2.5712449110777857,0.9902513752524198,1.0026112387716732,0.9794930715131259,2.9641253616709586,7.1098274688803444,9.75042787474758,12051872.8,0.5795737406056923,26928252.6,0.259391097660752,303879848,1.3461750499787895,2.311816725854733,33.19999999999982,39.75,6.550000000000182,39.75,46.06015199448247,1.8362063164216023,20.155622489959836,80.82049343283336,93.83608815426994,83.35055096418732,39.416040543917305
2017-03-27,1434.0,1445.0,1404.05,1409.85,6447686,HDFCBANK,1280.7425,93.86224967724037,1031.82374403291,-1.827867140171302,1.0171294818597725,1.0249317303259213,0.9958860871723942,0.7716094770817998,4.61169013606861,7.397564999833032,12029269.95,0.5359997761127641,6895621.0,0.935040658412056,297432162,1.292441112719468,2.9045643153527005,40.950000000000045,8.900000000000091,32.049999999999955,40.950000000000045,45.37879839521815,1.3754997397138427,13.000440828758041,70.21256779558762,84.54131652661061,86.60559954009149,36.63670836741596
2017-04-03,1418.3,1479.95,1413.1,1433.2,16189677,HDFCBANK,1288.6125,99.83471587288642,1036.3925005893814,1.6562045607688924,0.9896036840636337,1.0326193134245045,0.9859754395757744,1.5921730492435473,5.28495155994756,8.164074981693684,12378332.7,1.3079044967017246,7596898.4,2.1310903670898114,313621839,1.3352572630569253,4.664387384873021,66.85000000000014,70.10000000000014,3.25,70.10000000000014,48.67495860918908,1.4482687583755407,15.148837022456107,73.74896389023135,84.72471818330338,87.70070762139464,38.28737656678913
2017-04-10,1435.25,1446.5,1425.05,1434.15,4977683,HDFCBANK,1300.385,102.52021893008501,1037.7796923638507,0.06628523583589452,1.000767004846076,1.0086113725900359,0.9936547780915523,1.1049064668622917,4.583736056130919,7.539499291182776,12147112.95,0.40978321519600264,7733251.0,0.643672758067726,318599522,1.3255547748583734,1.4956594498483453,21.450000000000045,13.299999999999955,8.150000000000091,21.450000000000045,45.04496412796388,1.3047670147019768,11.611346745009543,73.89445792183119,84.57133232272194,84.61245567754531,38.19407052890952
2017-04-17,1434.0,1449.95,1428.25,1436.8,4965661,HDFCBANK,1313.0025,103.02825682280668,1039.163114192809,0.18477844019104683,0.9980512249443207,1.0091522828507795,0.9940492761692651,0.8582041617717862,4.0797596235086715,7.067528651224213,11908688.35,0.41697799573367794,7913131.2,0.6275216313865742,323565183,1.3123118627695969,1.5103006681514508,21.700000000000045,15.799999999999955,5.900000000000091,21.700000000000045,41.932302244235366,1.2015878344220967,9.337188950612596,74.3519910662667,84.84103284735637,84.7123611177939,38.26510779456058
2017-04-24,1440.0,1539.0,1438.0,1533.05,12805840,HDFCBANK,1329.8374999999999,110.2213954717306,1043.5398699581153,6.698914253897548,0.9393040018264245,1.0038811519519912,0.9379994129349989,4.721771518490881,8.658816622544553,11.826961331271454,12255641.9,1.0448934543363249,9077309.4,1.410752838280471,336371023,1.328912490256055,6.588173901699228,101.0,102.20000000000005,1.2000000000000455,102.20000000000005,49.96799527833733,1.8436756233241458,17.008853610135844,85.21303630175824,98.07443365695792,89.16226627567875,46.90861788170414
2017-05-01,1535.05,1573.95,1468.45,1546.5,9617945,HDFCBANK,1347.94,114.7256379367696,1046.8653290026755,0.8773360294837218,0.9925961849337213,1.0177497575169738,0.9495311994827029,3.7002745237299064,8.10275672616984,11.544323405429619,12480863.2,0.7706153689754408,9711361.2,0.9903807305612318,345988968,1.32862960696699,6.821855803427093,105.5,40.90000000000009,64.59999999999991,105.5,57.37226257455902,1.7307378156348556,9.750904832872042,86.1581449071751,91.54604250076993,91.4871696683614,47.72673782914513
2017-05-08,1547.0,1554.25,1522.6,1534.8,4537795,HDFCBANK,1365.8425000000002,114.54213689729517,1048.3826925493559,-0.7565470417070785,1.0079489184258537,1.0126726609330206,0.9920510815741465,1.9774452918722458,6.344752193131714,9.964178699258637,12480268.4,0.36359754891168844,7380984.8,0.6147953319183099,341451173,1.2754808338579133,2.0621579358874182,31.65000000000009,7.75,23.90000000000009,31.65000000000009,53.94262756461783,1.4750685169379756,10.132032146957526,80.96408890254884,86.81596228321263,92.1454794803135,46.39692269888789
2017-05-15,1534.8,1560.0,1532.65,1553.4,4629052,HDFCBANK,1384.7625,112.59516428219955,1049.9796961019724,1.2118842845973532,0.9880262649671687,1.004248744689069,0.9866422041972448,2.100760926125713,6.399561698404546,10.122056786395637,12479333.95,0.3709374249096043,7311258.6,0.6331402366208193,346080225,1.256366473140578,1.7606540491824325,27.34999999999991,25.200000000000045,2.1499999999998636,27.34999999999991,50.39694388933544,1.4977330605188377,12.504073872895184,82.85952100558454,92.69722814498935,90.35307764299064,47.94571797597278
2017-05-22,1555.0,1580.0,1545.25,1576.0,3971079,HDFCBANK,1403.7075,111.22572032511509,1051.4028178029391,1.4548731814085114,0.9866751269035533,1.00253807106599,0.980488578680203,2.3364306356360625,6.635829845341694,10.460005982014424,12336848.55,0.3218876347476925,7112342.2,0.5583363241436836,350051304,1.2365981182069614,2.2049492385786804,34.75,26.59999999999991,8.150000000000091,34.75,48.31068470409072,1.5490346971580446,12.563388329405045,84.95918302497657,98.55072463768117,92.68797168862771,49.894975865984826
2017-05-29,1580.0,1648.0,1562.0,1631.9,9499465,HDFCBANK,1425.5425,111.00335494573618,1055.135565410022,3.546954314720807,0.9681965806728353,1.009865800600527,0.957166493044917,3.787901497952257,8.429123547271896,12.399894994801684,12465696.05,0.7620485018965306,6451067.2,1.4725416284611017,359550769,1.233399627418127,5.269930755561003,86.0,72.0,14.0,86.0,53.33592674354529,1.8590203881754532,13.63414803983012,88.85539378463129,94.22939068100362,95.15911448789137,54.66259061847178
2017-06-05,1630.0,1646.1,1616.15,1635.55,4806520,HDFCBANK,1444.9375,112.16699002520443,1057.0178600582149,0.2236656657883307,0.9966066460823576,1.006450429519122,0.9881385466662591,2.66840979263174,7.400124929644271,11.545773341393078,12388245.65,0.3879903689187823,5488782.2,0.8756988025504091,364357289,1.215048924618602,1.8311882852862842,29.949999999999818,14.199999999999818,15.75,29.949999999999818,50.217803177739235,1.699363600263932,16.008795261907306,89.06873289729988,95.53763440860213,96.10591657576231,54.73248483331423
2017-06-12,1635.0,1676.0,1630.0,1668.75,5270590,HDFCBANK,1466.1425,112.39759113708587,1059.185551746837,2.0298981993824627,0.9797752808988764,1.0043445692883894,0.9767790262172285,3.0698896924200048,7.922067070910916,12.19678329456529,12271514.8,0.42949791333014564,5635341.2,0.9352743361839386,369627879,1.1966995687340893,2.7565543071161045,46.0,40.450000000000045,5.5499999999999545,46.0,49.655429420707335,1.8025964609231666,16.435249790678206,90.89750410127847,97.58172114743162,95.78291541234579,57.550298646715206
2017-06-19,1661.75,1696.0,1653.6,1692.9,5004327,HDFCBANK,1486.54,114.77626588508944,1061.3105448796107,1.4471910112359598,0.9815996219504991,1.0018311772697737,0.9767853978380293,2.9684283081205303,7.916229677518335,12.32855865432415,12045847.25,0.41544001813571063,5710396.2,0.8763537283104804,374632206,1.1793891708680742,2.5045779431744397,42.40000000000009,27.25,15.150000000000091,42.40000000000009,48.688038831279705,1.7979326858969396,18.04204581110762,92.01826536305593,98.9381743449221,97.35250996698528,59.51033447915412
2017-06-26,1690.0,1716.0,1675.2,1678.65,4741031,HDFCBANK,1504.7675,114.89677206197551,1063.265503582018,-0.8417508417508435,1.006761385637268,1.0222500223393798,0.997944777052989,1.4298205037052574,6.115314715177128,10.618959005001983,11841665.5,0.40036859679915804,5864386.6,0.8084444842023205,369891175,1.1355143949733133,2.430524528639082,40.799999999999955,23.09999999999991,17.700000000000045,40.799999999999955,47.6363003204424,1.5133802010225983,16.83254454342986,84.90103171366997,88.02692739221033,94.84894096152135,57.87684208175881
2017-07-03,1689.0,1695.0,1643.0,1658.6,6867985,HDFCBANK,1522.1875,110.15847301787525,1065.9840916213902,-1.1944121764513205,1.0183287109610515,1.0219462197033644,0.9905944772699868,0.15883604186052538,4.268904780261526,8.743602580048035,11948679.95,0.5747902721254159,5338090.6,1.2865995567778488,363023190,1.0877458321077254,3.135174243337755,52.0,16.34999999999991,35.65000000000009,52.0,48.218126944383414,1.2383296197094567,8.189556765924145,75.42939126567842,81.0498514361175,89.33831772441665,55.59331635777276
2017-07-10,1660.25,1748.0,1645.0,1676.35,4802107,HDFCBANK,1535.55,111.91374968438599,1067.9267242027963,1.0701796696008792,0.9903958003996779,1.042741670892117,0.9812986548155219,0.8106682013620291,4.527901419431733,8.900713436530966,6858243.1,0.7001949230991826,5337208.0,0.8997414003726293,367825297,1.092637395304957,6.144301607659498,103.0,89.40000000000009,13.599999999999909,103.0,55.52237668513229,1.25811171904326,8.396378920142244,77.94296305497909,77.81390308097225,82.2968939697667,56.97238040853313
2017-07-17,1677.55,1693.3,1658.55,1682.35,4868192,HDFCBANK,1549.9875,111.26087631635184,1069.902805987097,0.35792048199958515,0.9971468481588255,1.0065087526376795,0.9858531221208429,0.7762806547798079,4.1729116386335665,8.456812428181589,6467488.2,0.7527175697050363,5256728.4,0.9260877925517323,372693489,1.0948103691120572,2.065563051683657,34.75,16.950000000000045,17.799999999999955,34.75,52.75272646044799,1.1896589743159056,9.613630440448272,78.78927728560885,79.46833463643469,79.44402971784149,57.24325523642836
2017-07-24,1679.7,1740.0,1677.35,1735.1,8389898,HDFCBANK,1567.7050000000002,111.10634533492009,1073.5695120973007,3.1354949921241104,0.9680710045530517,1.0028240447236472,0.9667166157570168,2.5285673292869912,6.073901658326074,10.303224707224578,6672187.1,1.2574434550853648,5933842.6,1.413906395157836,381083387,1.1051307489838311,3.6107428966630217,62.65000000000009,57.65000000000009,5.0,62.65000000000009,54.07236293238827,1.506619621907305,11.696922878846383,84.73200273657177,95.83870967741932,84.37364913160876,61.61971632468851
2017-07-31,1759.0,1798.8,1732.5,1784.4,12410515,HDFCBANK,1586.9199999999998,113.79315075123378,1079.318588520435,2.8413347933836874,0.9857655234252409,1.0080699394754538,0.9709145931405514,3.4810271138929436,7.43050570052914,11.716280779933463,7089399.85,1.750573428299435,7467739.4,1.6618837823933705,393493902,1.1253583086633785,3.715534633490246,66.29999999999995,63.700000000000045,2.599999999999909,66.29999999999995,55.70271454140317,1.7354295816249652,13.22335025380712,88.27465291330574,95.64098683214777,90.31601038200058,65.32653277528682
2017-08-07,1781.85,1809.15,1766.15,1788.55,6408822,HDFCBANK,1604.5425,116.46677329991154,1082.2684275407555,0.23257117238286718,0.9962539487294176,1.0115177098767159,0.9874758882893965,2.469987711472252,6.553110958369718,10.927699610524627,7060593.5,0.9076888508026981,7375906.8,0.8688859788738111,399902724,1.128195889418601,2.404182158731934,43.0,24.75,18.25,43.0,54.00901926921608,1.5799141230277365,9.599240149518963,88.53308234589534,92.8110277438492,94.76357475113878,65.25937138017895
2017-08-14,1792.1,1797.25,1731.15,1757.2,6257698,HDFCBANK,1621.9099999999999,111.70737571652064,1084.9983250036023,-1.7528165273545504,1.0198611427270656,1.0227919417254723,0.9851752788527203,0.48664410097642874,4.187945077196917,8.560356842440726,7051094.1,0.8874790083995617,7667025.0,0.8161833305617238,393645026,1.0956717278818273,3.7616662872752054,66.09999999999991,8.700000000000045,57.399999999999864,66.09999999999991,55.62115003332059,1.2111107179110991,7.43786493839993,74.2657661118674,81.21157323688968,89.88786260429555,61.95416707156354
2017-08-21,1762.35,1789.8,1738.2,1743.2,4399722,HDFCBANK,1637.41,105.47811396832041,1086.8648032003111,-0.7967220578192546,1.0109855438274438,1.0267324460761817,0.9971317117944011,-0.2083788380618946,2.9301074000116794,7.173820630588644,6461596.35,0.6809032569792138,7573331.0,0.5809493867361667,389245304,1.0721417632937251,2.9600734281780583,51.59999999999991,32.59999999999991,19.0,51.59999999999991,55.0849966955445,1.0029568791092836,4.461423220973781,68.57173013015206,75.00947328533535,83.01069142202475,60.38793370316963
2017-08-28,1751.3,1777.95,1736.8,1762.25,4839035,HDFCBANK,1653.815,97.40715836117066,1088.9646934733369,1.0928178063331684,0.9937863526741382,1.0089090651156192,0.9855582352106681,0.583252096085669,3.4109461782382096,7.495836069213762,6454663.95,0.7496958846323828,6863158.4,0.7050740661908662,394084339,1.074302212724748,2.3350829904951107,41.15000000000009,34.75,6.400000000000091,41.15000000000009,53.22699713613858,1.1132138728237997,4.096520763187428,71.94850706484377,81.02366983613187,79.0815721194523,61.828019821209054
2017-09-04,1759.0,1781.45,1738.0,1750.9,5213512,HDFCBANK,1669.52,85.12281591601536,1091.174630323517,-0.644062987657823,1.0046261922439887,1.017448169512822,0.9926323605003141,-0.040803393939505675,2.386987868737036,6.3215064748934635,6467056.5,0.8061645974486229,5423757.8,0.9612361377936162,388870827,1.0507367826740186,2.481580901250788,43.450000000000045,19.200000000000045,24.25,43.450000000000045,51.92339751798677,0.956030402944987,4.304053852798373,66.99966792547681,69.81865284974094,75.28393199040272,60.46010889025932
2017-09-11,1757.0,1829.0,1738.0,1823.35,9042457,HDFCBANK,1684.0350000000003,85.3777628819997,1095.3899251277237,4.137871951567762,0.9636109359146626,1.0030986919680809,0.9531905558450106,2.622848909078085,5.370512075984942,9.206798043701644,6278887.35,1.4401368420791942,5950484.8,1.5196168554199148,397913284,1.0663039825634533,4.990813612307018,91.0,78.09999999999991,12.900000000000091,91.0,57.1336111822552,1.6317480723001183,9.933076088267212,78.09627085932223,97.16080402010046,82.66770890199109,66.45670716639056
2017-09-18,1827.7,1864.45,1818.3,1860.45,6922333,HDFCBANK,1699.7325,87.5923666990764,1098.7470270271228,2.0347163188636275,0.9823967319734472,1.002150017468892,0.9773441909215512,3.043124533801868,6.220763729395945,10.099230801813967,6144106.75,1.1266622279959573,6083411.8,1.137903076033748,404835617,1.0763672161995654,2.4805826547340746,46.15000000000009,41.100000000000136,5.0499999999999545,46.15000000000009,55.66912969128785,1.8348345416004685,10.98219345602054,81.72679890608887,98.19372318807858,88.39106001930666,69.32469023682503
2017-09-25,1864.9,1868.0,1792.6,1799.75,8448211,HDFCBANK,1712.98,81.13240542794472,1102.4810892592552,-3.2626515090435126,1.0361994721489096,1.0379219336018892,0.9960272260036116,-0.15128729400873875,2.621040166858725,6.478226299837139,6339627.55,1.3326036795331928,6893109.6,1.225602302914203,396387406,1.0462642835114322,4.189470759827759,75.40000000000009,7.5499999999999545,67.85000000000014,75.40000000000009,58.29991239911615,1.0694863481776355,6.978333878206078,62.248763427229925,69.66666666666667,88.34039795828191,63.24543046894636
2017-10-02,1789.05,1822.0,1763.3,1805.7,13159012,HDFCBANK,1725.595,74.34462232346813,1108.267673712718,0.3306014724267392,0.9907791992025253,1.0090269701500802,0.9765188015727972,0.11914887766804687,2.521641962501592,6.220859205776668,6766125.55,1.9448371010496548,8557105.0,1.5377878382934416,409546418,1.0720183162293258,3.2508168577283074,58.700000000000045,22.25,36.450000000000045,58.700000000000045,58.353257412567345,1.077482102894664,4.068929744683314,63.239677859589555,72.31111111111113,80.0571669886188,62.92995300953517
2017-10-09,1808.0,1821.0,1790.5,1795.5,5112219,HDFCBANK,1736.5700000000002,66.93058737463639,1110.4576295437969,-0.5648778866921389,1.0069618490671122,1.014202172096909,0.9972152603731551,-0.29884075804133436,1.6867544536050205,5.2141028565200145,6823182.55,0.7492425950116196,8536846.4,0.5988416284495877,404434199,1.0511550378354335,1.6986911723753828,30.5,15.299999999999955,15.200000000000045,30.5,54.639489757558366,0.8804644081508777,0.6220578345662364,60.1183243885424,67.48878923766816,69.82218900514864,61.69009534723403
2017-10-16,1799.0,1873.25,1787.6,1857.15,6038797,HDFCBANK,1747.8325,67.34093006367033,1113.2577890302937,3.433583959899744,0.9686885819669924,1.0086691974261637,0.9625501440379074,2.0204547896640084,4.243168736173078,7.663899813679505,6650149.15,0.9080694077365167,7936114.4,0.7609261529798511,410472996,1.0598368194170351,4.611905338825625,85.65000000000009,77.75,7.900000000000091,85.65000000000009,58.7742244565506,1.6233440776158163,3.8355092113723455,70.33095609448135,92.50116441546348,77.4336882547476,66.82119975263554
2017-10-23,1850.0,1875.0,1836.05,1863.3,2818227,HDFCBANK,1759.2199999999998,66.6068974616871,1114.568155884626,0.331152572490101,0.992862126334997,1.0062791820962809,0.9853754092202007,1.562563771310578,3.9079057057220123,7.304608621295723,6550734.5,0.4302154208814294,7115293.2,0.3960802346135223,413291223,1.0604144477499928,2.09037728760801,38.950000000000045,17.84999999999991,21.100000000000136,38.950000000000045,56.13099452901053,1.562600931230402,6.038015023901666,71.18041417208806,94.08044523146974,84.69013296153379,67.17685591161626
2017-10-30,1863.0,1879.6,1757.85,1815.0,18540496,HDFCBANK,1766.5324999999998,64.13400090721322,1122.5270981403633,-2.5921751730800136,1.0264462809917356,1.0355922865013774,0.9685123966942148,-0.7046739852771416,1.157780732690351,4.434685476798142,7214229.8,2.5699896612664044,9133750.2,2.0298886650085963,394750727,1.0095897168757284,6.707988980716253,121.75,16.299999999999955,105.45000000000005,121.75,64.8801952584758,0.7557223830479756,4.11886186324002,56.51693779774872,56.48366453351298,81.02175806014873,61.68874702506722
2017-11-06,1811.5,1840.0,1799.25,1828.6,5892437,HDFCBANK,1773.3175000000003,63.10398118017174,1125.067761207075,0.7493112947658309,0.990648583615881,1.0062342775894126,0.9839494695395385,0.029536883124410187,1.6224927875343964,4.716654614836256,7258635.3,0.8117830358552386,7680435.2,0.7672009263225084,400643164,1.0212629199040502,2.2284808049874223,40.75,25.0,15.75,40.75,61.66283589067902,0.8760540771929964,3.765073060008506,59.24466293992015,65.64499831593125,72.06970269363799,62.53243253882874
2017-11-13,1838.0,1844.95,1795.0,1813.55,6230765,HDFCBANK,1780.0625,59.562861254203206,1127.6774419503713,-0.8230340150935156,1.013481845000138,1.0173141076893386,0.9897714427504067,-0.5333880530887749,0.6909370231008941,3.5987713285905913,7333122.0,0.8496742587945489,7904144.4,0.7882908869934107,394412399,1.0022480069301767,2.7542664938931956,49.950000000000045,16.350000000000136,33.59999999999991,49.950000000000045,60.10112443858849,0.5622211440965124,3.5781598035296014,54.8511517627892,55.50690468171099,59.21185584371841,60.82169710368417
2017-11-20,1815.9,1839.7,1788.0,1838.15,5906251,HDFCBANK,1789.0400000000002,53.51638362022838,1130.2210771351747,1.3564555705660286,0.9878954383483394,1.0008432391262954,0.972717134075021,0.5413682584195538,1.731421967697936,4.4815017441730625,7285035.3,0.8107374579228188,7877635.2,0.7497492394671944,400318650,1.0124588373945587,2.81261050512744,51.700000000000045,26.15000000000009,25.549999999999955,51.700000000000045,58.980974513443364,0.9176629039155976,0.8116927633202708,60.39105625657409,70.97338935574241,64.04176411779488,62.636322856343
2017-11-27,1837.45,1862.0,1836.1,1857.55,5060766,HDFCBANK,1798.1,48.541341577084836,1132.4454750970008,1.055408970976246,0.9891792953083363,1.002395628650642,0.9884525315603887,1.0534004698711943,2.3637648469023054,5.022493640438968,7297968.25,0.6934486183877273,8326143.0,0.6078163682752026,405379416,1.020412280213202,1.394309709025334,25.90000000000009,23.84999999999991,2.050000000000182,25.90000000000009,54.57017791165093,1.2247292322069836,-0.15587626649467,64.36932552509344,84.55882352941178,70.34637252228839,64.02997237821889
2017-12-04,1856.0,1875.5,1830.1,1834.1,5415379,HDFCBANK,1805.6875,40.72727611484462,1134.734226400178,-1.2624155473607734,1.0119404612616543,1.0225723788234011,0.9978190938334878,-0.14112496853708104,0.9560834312025474,3.4908067389896664,7325327.6,0.7392678246908712,5701119.6,0.9498799148153286,399964037,1.003337110173164,2.475328498991336,45.40000000000009,17.950000000000045,27.450000000000045,45.40000000000009,53.347487523430814,0.6976282901876633,1.9085984164467273,56.4601379958894,67.86723163841806,74.46648150785742,61.63256182185361
2017-12-11,1826.0,1853.0,1799.0,1846.4,6668604,HDFCBANK,1811.2525,38.09340140051949,1137.5814163477914,0.6706286462025091,0.988951473136915,1.0035745233968805,0.9743284228769497,0.35065088648401344,1.385036188336498,3.7892373916716715,7239262.9,0.9211716844818552,5856353.0,1.138695703623057,406632641,1.0168072957164764,2.9246100519930676,54.0,18.90000000000009,35.09999999999991,54.0,53.43448918697338,0.9226663597312872,2.253973528271591,59.47382858913776,76.5536723163843,76.32657582807138,62.30926186609771
2017-12-18,1849.1,1899.0,1809.3,1878.95,8437313,HDFCBANK,1815.98,40.38365159055592,1141.3152157533787,1.7628899480069293,0.9841134676281965,1.010670853402166,0.962931424465792,1.3846179326411263,2.6514797328954143,5.001282947027519,7040602.8,1.198379348995515,6297662.6,1.339753101412578,415069954,1.0351129350701214,4.773942893637406,89.70000000000005,52.59999999999991,37.100000000000136,89.70000000000005,58.26989062871027,1.5592943560043522,4.647730437204123,66.54466494417176,85.79525327665608,76.73871907715282,64.63024185301086
2017-12-25,1879.8,1903.1,1861.75,1876.65,6405266,HDFCBANK,1820.3850000000002,42.00645971624682,1144.1159867996134,-0.12240879214454603,1.0016785228998482,1.0140942637145978,0.9920603202515119,0.8425040593738936,2.1704318915349172,4.477782508125781,7040425.0,0.9097839974149288,6397465.6,1.001219295340955,408664688,1.0180270687728978,2.203394346308577,41.34999999999991,24.149999999999864,17.200000000000045,41.34999999999991,56.013905211548895,1.3394368480483558,1.0499959615539955,65.61132729989248,81.79001721170408,81.37964760158148,64.02620203301875
2018-01-01,1881.0,1882.8,1850.5,1854.5,7975497,HDFCBANK,1825.25,39.88432946459083,1147.4691250747424,-1.1802946740201992,1.0142895659207334,1.015260177945538,0.9978430843893232,-0.22788343919331872,0.8588257177902369,3.0588000351674633,7126314.95,1.11916145384509,6980411.8,1.142553939296246,400689191,0.9972842547660448,1.741709355621459,32.299999999999955,6.149999999999864,26.15000000000009,32.299999999999955,52.85205118334237,0.7333707346382256,-0.4722803627971839,56.764348283507914,66.54044750430299,78.04190599755438,61.616548931475954
2018-01-08,1858.55,1878.25,1851.2,1860.6,4780639,HDFCBANK,1831.1200000000001,35.579944824045526,1149.481128343154,0.32892963062820524,0.9988982048801462,1.0094861872514242,0.9949478662796948,0.06714327350172296,1.0147382381913512,3.0952377063581054,7145360.8,0.6690549482119923,6853463.8,0.6975507771705164,405469830,1.0071493793097623,1.4538320971729526,27.049999999999955,23.75,3.2999999999999545,27.049999999999955,49.41177769223005,0.8285566530748724,2.51239669421488,58.540751734253014,70.74010327022376,73.02352266207694,61.864336362080394
2018-01-15,1862.0,1904.4,1855.0,1897.75,7723416,HDFCBANK,1837.895,34.66469802943028,1152.8763297551852,1.9966677415887313,0.9811619022526676,1.0035041496509025,0.9774733236727704,1.3489401570903492,2.530675935477948,4.576208318664609,7289579.85,1.0595145617343091,7064426.2,1.0932828486480615,413193246,1.0239036604261238,2.603082597813205,49.40000000000009,43.80000000000018,5.599999999999909,49.40000000000009,49.41020733326606,1.7266845927572545,3.78158153778847,67.82912004908178,95.46229955646531,77.58095011033068,64.61002373107874
2018-01-22,1903.45,1988.0,1885.25,1963.35,11576544,HDFCBANK,1848.5175,38.89612440101124,1158.3511845430187,3.4567250691608375,0.9694909211297018,1.0125550716886953,0.960221050755087,3.0967313293157788,4.960584244808956,7.117490203996721,7607731.45,1.5216814731282344,7692272.4,1.5049576247455823,424769790,1.047929523448444,5.233402093360837,102.75,90.25,12.5,102.75,56.52217968883059,2.952286423606114,8.260042458162165,77.91172471951434,89.28959374321092,85.16399885663333,69.49522961592702
2018-01-29,1965.0,2006.95,1943.3,1999.65,6699481,HDFCBANK,1857.3325,50.98957910818109,1161.6272437278792,1.8488807395522944,0.982671967594329,1.0036506388618007,0.9718200685119895,3.2372223323788836,5.730729910753953,8.06996925762787,7490582.65,0.8943871675990385,7751115.4,0.8643247654395649,431469271,1.060069636083942,3.183057034981126,63.65000000000009,43.600000000000136,20.049999999999955,63.65000000000009,57.47255573031986,2.791109526479025,8.786007670755925,81.59473242284382,97.06945002007228,93.9404477732495,72.14214032917728
2018-02-05,1997.8,2015.0,1905.85,1913.85,8783809,HDFCBANK,1860.0024999999998,52.53607150528483,1165.448252007127,-4.290750881404259,1.043864461687175,1.0528515818899078,0.9958199440917522,-0.7338395949033297,1.2896013194223057,3.6195911507420067,7583656.45,1.158255131665412,7912777.8,1.1100790673030148,422685462,1.0362166792705136,5.70316377981556,109.15000000000009,15.349999999999909,93.80000000000018,109.15000000000009,64.3628816329439,1.0249624392753336,3.0308740006998347,56.088625013180554,55.4405286343612,80.59985746588147,64.21578536018056
2018-02-12,1860.0,1912.0,1836.3,1876.65,8769070,HDFCBANK,1863.8474999999999,50.67535078940694,1169.036630081462,-1.9437259973351995,0.9911278075293741,1.0188367569871846,0.9784989209495644,-1.8204278576917092,-0.5717923723459839,1.5666613274684358,7599699.4,1.153870638620259,8710464.0,1.0067282294031639,413916392,1.0125436625129756,4.033783603762025,75.70000000000005,1.849999999999909,77.54999999999995,77.54999999999995,66.1211640818847,0.2526376196822784,2.3199389346273414,48.50356108100966,39.05286343612339,63.85428069685229,60.5296148735074
2018-02-19,1889.8,1897.9,1859.05,1878.2,3932621,HDFCBANK,1867.4724999999999,48.85740927215989,1170.6376570500054,0.082593983960777,1.0061761260781599,1.0104887658396338,0.989804067724417,-1.1575998080208534,-0.41896686290662916,1.5105697290903508,7138379.85,0.5509122633758415,7952305.0,0.4945259267595999,417849013,1.0211268767414101,2.068469811521677,38.850000000000136,21.25,17.600000000000136,38.850000000000136,62.485008870966766,0.21956751616203635,1.7222703639514725,48.836208256058065,39.73568281938328,44.74302496328929,60.44247241567851
2018-02-26,1884.75,1914.8,1841.55,1911.55,7239092,HDFCBANK,1873.275,46.70359362931925,1173.7039954679174,1.7756362474709686,0.9859799639036384,1.0017001909445216,0.9633805027333839,0.40483588033278045,1.1425715577509967,2.95980019342734,7244723.5,0.9992226756480078,7084814.6,1.0217757850713554,425088105,1.0362025195150246,3.8319688211137555,73.25,36.59999999999991,36.65000000000009,73.25,63.920341021504534,0.8195300837829288,1.7350115756140427,55.90728470789692,52.10648148148146,43.63167591232938,62.86474335787939
2018-03-05,1914.75,1921.75,1858.25,1869.95,4136249,HDFCBANK,1873.9149999999997,46.558472291336145,1175.346523485326,-2.176244408987471,1.0239578598358245,1.027701275435172,0.9937431482125191,-1.2072108783478575,-0.9057158925323865,0.7342382887780708,7149596.1,0.5785290444588891,6572168.2,0.6293583600005854,420951856,1.0248110624617575,3.395812722265301,63.5,10.200000000000045,53.299999999999955,63.5,63.8642955519706,-0.08516172900152309,-0.3570191564756353,46.631554601089135,32.84722222222224,41.56312884102899,59.09776075696589
2018-03-12,1870.0,1879.9,1828.5,1867.25,6597235,HDFCBANK,1874.1125,46.519435312995334,1177.9402237567776,-0.1443888874034127,1.0014727540500736,1.0067746686303387,0.9792475565671442,-0.9023694316835288,-0.9013913202720358,0.5414771173787704,7338546.5,0.8989838791646275,6134853.4,1.0753696249693594,414354621,1.0086194764602947,2.7527112063194585,51.40000000000009,9.950000000000045,41.450000000000045,51.40000000000009,62.202389478374535,-0.14751898757642262,0.6875168509032026,46.05926605083987,31.59722222222222,38.85030864197531,58.518230580905254
2018-03-19,1867.45,1887.5,1843.15,1847.25,7602648,HDFCBANK,1875.725,44.8930908410304,1180.819161603684,-1.0710938545990145,1.0109351739071593,1.0217891460278792,0.9977804845039925,-1.3298865236833421,-1.7090066435951425,-0.490738276641827,6791654.1,1.1194103657310817,5901569.0,1.2882418217934926,406751973,0.9886690401400563,2.400866152388681,44.34999999999991,20.25,24.09999999999991,44.34999999999991,59.82207088125792,-0.6342846853835904,-0.7175104804901578,41.68660487017963,18.449197860962585,27.631214101802346,56.43801015993242
2018-03-26,1845.1,1900.0,1833.5,1893.45,8485914,HDFCBANK,1878.9675,43.63456884950344,1184.2242107342631,2.5010150223304883,0.974464601653067,1.003459293881539,0.9683382185956851,0.7617020497419921,0.6623000996452512,1.7977906688499654,6921327.95,1.2260528703888391,6812227.6,1.2456885615507034,415237887,1.0075082258786054,3.5121075285853864,66.5,52.75,13.75,66.5,60.71246143042354,0.33190427639953374,-0.2265841127651158,53.46245283034997,34.825737265415576,28.290719116200126,59.889485693422074
2018-04-02,1893.8,1935.75,1876.0,1931.2,4892678,HDFCBANK,1884.85,42.260000373601336,1186.276405187496,1.993715176001487,0.9806338028169014,1.002356048053024,0.9714167357083678,1.8010372639063628,2.2320831416469176,3.407609006544881,6854423.6,0.7137986044515837,6342944.8,0.7713574931315814,420130565,1.0162089022801681,3.093931234465617,59.75,42.299999999999955,17.450000000000045,59.75,60.58413323970041,1.096781817090416,-1.6375073216695846,60.90566759980591,55.06702412868635,36.113986418354834,62.79511179308718
2018-04-09,1923.95,1942.0,1878.45,1939.05,5094107,HDFCBANK,1889.895,42.41397144434889,1188.423529982365,0.40648301574151,0.9922126814677291,1.0015213635543179,0.9687475825790981,1.46572227432882,2.2524722179042787,3.482096887987863,6813816.4,0.7476143619015035,6534516.4,0.7795690894585557,425224672,1.0254417336485695,3.2773780975219804,63.549999999999955,10.799999999999955,52.75,63.549999999999955,60.979582141073685,1.158934151320773,-3.0305303428100006,62.35049810803825,59.276139410187646,49.722966934763186,63.1615287883751
2018-04-16,1943.0,1950.0,1905.4,1942.1,4948870,HDFCBANK,1894.1225,43.2262605216093,1190.5061694749493,0.15729352002269437,1.000463415890016,1.0040677617012512,0.9811029298182381,1.080311269943976,2.062269673090524,3.330868633488727,6808221.6,0.7268961398083753,6204843.4,0.7975817729743186,430173542,1.0342839953768095,2.296483188301319,44.59999999999991,10.950000000000045,33.649999999999864,44.59999999999991,58.79563785559718,1.109915579581895,1.4760822425999853,62.96412418967314,60.911528150134,58.41823056300266,63.13229194406671
2018-04-23,1943.5,1979.0,1860.3,1935.75,8303896,HDFCBANK,1899.205,41.74811341464466,1193.945661978811,-0.3269656557334799,1.0040036161694434,1.0223427612036677,0.9610228593568384,0.5038779172097615,1.4922826953491355,2.7626105172019155,6952647.45,1.1943502183474008,6345093.0,1.3087114719989132,421869646,1.0116544764172342,6.131990184682942,118.70000000000005,36.90000000000009,81.79999999999995,118.70000000000005,66.78288614151757,0.8753688972010072,3.1492286787626833,60.591767484181815,57.506702412868634,59.23145665773009,62.13049401190872
2018-04-30,1935.0,1954.8,1911.25,1944.3,6823012,HDFCBANK,1904.1,40.96286187059442,1196.7803991365665,0.4416892677256756,0.9952167875327882,1.0054004011726585,0.9830015944041558,0.6276060547030701,1.6504006116878231,2.9243582264143733,6960367.85,0.9802660070616814,6012512.6,1.134802112514492,428692658,1.0253042827266925,2.239880676850278,43.549999999999955,19.049999999999955,24.5,43.549999999999955,63.68516798931522,0.9813767438172574,3.519327015227347,62.77102332131037,62.09115281501339,60.169794459338675,62.46088266508556
2018-05-07,1950.0,1990.0,1946.0,1977.4,5849596,HDFCBANK,1909.0224999999998,43.61126868799809,1199.300577215196,1.7024121791904712,0.9861434206533832,1.006372003641145,0.984120562354607,1.5273438023529708,2.8257338970240764,4.170212008015254,6830982.0,0.8563331011558807,6203896.2,0.9428906950441885,434542254,1.0368802878244678,2.225144128653788,44.0,45.700000000000045,1.7000000000000455,45.700000000000045,61.28714559073987,1.5678860546154647,3.444848421438107,70.14563129859484,79.83914209115287,66.47899910634497,64.87943369389258
2018-05-14,1979.25,2027.4,1954.6,2021.75,7349888,HDFCBANK,1916.2774999999997,49.600362039721965,1202.623327423365,2.242844138768074,0.9789786076418944,1.0027946086311363,0.9667862000741931,2.4583222900202664,4.249192690056511,5.749678474553512,6878213.1,1.0685752088721998,6655052.4,1.1044072320151828,441892142,1.0502546797855123,3.600840855694333,72.80000000000018,50.0,22.800000000000182,72.80000000000018,62.82219284530791,2.126446172218132,8.11786411401374,77.14492266022651,97.15937657114124,79.6965571591025,68.11165673391882
2018-05-21,2027.05,2065.0,1986.05,1993.05,8337333,HDFCBANK,1923.205,50.18988915789721,1206.229203115652,-1.4195622604179614,1.0170592810014802,1.0361004490604853,0.9964877950879305,0.7024788104825795,2.4603233326330676,4.026430889642111,6896304.9,1.2089565529505517,7332745.0,1.1370002638848071,433554809,1.0264303105287618,3.9612653972554654,78.95000000000005,43.25,35.700000000000045,78.95000000000005,64.9725671326002,1.391614948187431,6.737180345427762,65.65200368691609,69.57716701902747,82.19189522710718,65.22979172217144
2018-05-28,1998.7,2052.0,1956.35,2042.2,6017734,HDFCBANK,1932.2849999999999,54.50879721367914,1208.9727882923405,2.466069591831621,0.9786994417784742,1.0047987464499069,0.9579620017628048,2.06152691320873,4.120995880396918,5.808223930508499,6958159.65,0.8648456348655351,6875512.6,0.8752415056297039,439572543,1.0364929634667204,4.683674468710219,95.65000000000009,58.950000000000045,36.700000000000045,95.65000000000009,69.06289151492018,2.016463499811306,10.553525510894568,73.46380486334796,90.35940803382665,85.69865054133179,68.92026187657896
2018-06-04,2038.0,2160.0,2016.3,2046.2,39451278,HDFCBANK,1939.7075,59.44261335853691,1226.606905439498,0.19586720203701447,0.9959925715961294,1.0556152868732285,0.9853875476493011,1.501987509254503,3.6929351077034434,5.49299123659015,8544552.75,4.617126156778657,13401165.8,2.9438691072682643,479023821,1.1208183761251347,7.02277392239273,143.70000000000005,117.79999999999995,25.90000000000009,143.70000000000005,79.0145059795975,1.7915178015084028,8.06728458633712,74.01868012069379,65.6711915535445,75.20258886879954,66.8179097089657
2018-06-11,2050.0,2079.8,2023.0,2042.3,12680858,HDFCBANK,1943.655,63.5732728928876,1232.0921299313218,-0.1905972045743387,1.0037702590216913,1.0183616510796651,0.9905498702443324,0.8759297006435697,3.007736578807968,4.869809583615634,8599768.45,1.4745580737118569,14767418.2,0.8587051459001819,466342963,1.0858664835854412,2.7811780835332804,56.80000000000018,33.600000000000136,23.200000000000045,56.80000000000018,76.05257184898453,1.5516740842681407,5.75289975144988,72.31749106399734,64.49472096530918,73.50844018422679,65.75870832920913
2018-06-18,2051.9,2054.8,2009.1,2019.15,12107003,HDFCBANK,1944.6299999999999,64.61819118156059,1237.11304537193,-1.1335259266513131,1.016219696406904,1.0176559443330115,0.995022658049179,-0.17369974902826993,1.6248847633478776,3.464194225243311,8870144.55,1.364916088092386,15718841.2,0.7702223621929586,454235960,1.0548796247468863,2.263328628383244,45.70000000000027,12.500000000000227,33.200000000000045,45.70000000000027,72.00556226911996,1.1532356235509296,4.130888837317248,62.481913647153895,56.860643185298656,62.34218523471745,63.214672058765316
2018-06-25,2024.95,2097.8,2019.3,2094.95,12096221,HDFCBANK,1953.685,72.30910822003477,1242.545983903206,3.754054924101702,0.9665863147091817,1.0013604143296977,0.9638893529678513,2.3005399179772055,4.443700764728989,6.377320280869878,9035765.15,1.338704669631658,16470618.8,0.7344120549982007,466332181,1.0775099763615144,3.7471061361846454,78.50000000000023,78.65000000000009,0.14999999999986358,78.65000000000009,72.89148729990399,1.9536266381564833,7.870346532104411,75.21650820464141,80.0765696784073,67.14397794300504,68.60140607586527
2018-07-02,2086.05,2140.0,2063.25,2073.25,23786318,HDFCBANK,1963.515,74.6121041047973,1252.7642821320608,-1.0358242440153598,1.0061738815868806,1.032195827806584,0.9951766550102497,0.8519686807882516,2.9516105150584186,4.9476200147309894,9786627.55,2.430491798985443,20024335.6,1.1878705229051394,442545863,1.0191781605476617,3.7019172796334257,76.75,45.05000000000018,31.699999999999818,76.75,73.40595565991678,1.4707399197035154,7.103189978044688,67.63344951633941,71.0543877210544,69.33053352825345,65.49402226503193
2018-07-09,2073.25,2135.55,2065.6,2125.65,9250175,HDFCBANK,1975.8875,80.03942757855651,1256.919940534364,2.5274327746292125,0.9753487168630771,1.0046573989132737,0.9717498177028202,2.197396582204417,4.580552436200632,6.683217884370718,10052505.25,0.9201860401913244,13984115.0,0.6614773262376632,451796038,1.0364298254677966,3.2907581210453403,69.95000000000027,62.30000000000018,7.650000000000091,69.95000000000027,72.94516157192791,1.871109083745161,9.327264311063121,74.7313862729427,88.53853853853857,79.88983197933342,69.11578307018553
2018-07-16,2129.9,2190.8,2125.0,2168.85,10251962,HDFCBANK,1988.7525,89.29694324200652,1261.706412582166,2.0323195257921034,0.9820411738939993,1.0101205708094152,0.9797819120732185,2.763644648842399,5.5552750283105325,7.83010977611172,10203148.75,1.0047841358776624,13498335.8,0.7594982190323046,462048000,1.0554735358748157,3.0338658736196686,65.80000000000018,65.15000000000009,0.650000000000091,65.80000000000018,71.99247336233755,2.016838353715108,9.681905532517444,79.09283874885594,93.35854765506801,84.31715797155366,71.8981514535782
2018-07-23,2163.25,2220.0,2138.05,2156.45,14003517,HDFCBANK,2003.0775,92.16953554668935,1268.0755437579373,-0.5717315628097852,1.0031533307055578,1.0294697303438523,0.9914674580908439,1.4696780037072745,4.296171251753541,6.691772336754035,10696512.15,1.3091666520474152,13877638.6,1.0090705921683247,448044483,1.0203274409625673,3.800227225300833,81.94999999999982,51.15000000000009,30.799999999999727,81.94999999999982,73.32014358069252,1.6640259614013941,6.662544825027816,74.81593309639979,82.33249930497632,88.07652849952763,70.05690320383972
2018-07-30,2147.0,2211.95,2147.0,2169.9,12813054,HDFCBANK,2018.2100000000003,93.53018876557448,1273.9113336664213,0.6237102645551884,0.9894465182727314,1.0193787732153554,0.9894465182727314,1.3869416812125295,4.19090221241687,6.664293170634814,11007303.1,1.1640502567790652,14021005.2,0.9138470328789265,460857537,1.0439785865418887,2.9932254942623997,64.94999999999982,55.5,9.449999999999818,64.94999999999982,72.20412443660015,1.621829293857174,8.873334838564006,76.41227897483336,83.77327935222675,86.48810877075702,70.33367571625647
2018-08-06,2160.0,2185.9,2106.1,2114.3,10796712,HDFCBANK,2031.5625,86.6481722633352,1278.4689211731788,-2.562330061293139,1.0216147188194673,1.0338646360497563,0.9961216478267038,-0.8041984726030436,1.4326276352416647,3.85901351355711,11167006.3,0.9668403249669519,11423084.0,0.9451661215132446,450060825,1.0145441294507769,3.774298822305263,79.80000000000018,16.0,63.80000000000018,79.80000000000018,73.2169078450535,0.9548672273034223,3.5305063167172746,58.672878439149116,61.42335766423365,75.84304544047892,65.37750468426141
2018-08-13,2125.0,2151.8,2080.0,2091.65,10453859,HDFCBANK,2041.4724999999999,81.18254037562362,1282.7166101784871,-1.0712765454287565,1.0159443501541845,1.0287572012525996,0.9944302345038606,-1.2638560723590153,0.31308349561000726,2.5830976736409004,11265403.55,0.927961342316938,11663820.8,0.8962636840236776,439606966,0.9882641948041591,3.432696674873912,71.80000000000018,37.5,34.30000000000018,71.80000000000018,73.02798679904639,0.618082407471285,2.221190499462411,52.900235277514255,51.63903541823668,65.61189081156569,63.06407692880438
2018-08-20,2098.0,2107.6,2066.4,2096.2,7359397,HDFCBANK,2049.7225,77.69553173325627,1285.6970861253537,0.2175316137977168,1.0008586966892472,1.0054384123652325,0.9857837992557963,-0.6960355416944263,0.4538257364725009,2.5616710690686575,11388739.5,0.6461994323427979,11085307.8,0.6638874745543827,446966363,1.0017867655713892,1.9654613109436039,41.19999999999982,15.949999999999818,25.25,41.19999999999982,68.78425522584018,0.5982004236687146,2.6391813151838583,53.95039255611418,53.04380807889242,55.36873372045425,63.03995883798893
2018-08-27,2098.0,2112.0,2066.05,2080.45,10660072,HDFCBANK,2056.7925,73.40995070043124,1289.8926296436239,-0.7513596030913061,1.0084356749741643,1.015164988343868,0.9930784205340193,-0.9722350781481256,-0.2569597200631962,1.6720150225832064,11667037.75,0.9136913952301217,10416618.8,1.0233716145972434,436306291,0.9766814165502202,2.2086567809848745,45.94999999999982,15.800000000000182,30.149999999999636,45.94999999999982,65.7396878623948,0.3222655753651232,3.03593096104795,49.538774215763105,47.06997913901,50.584274212046374,61.28861830730779
2018-09-03,2088.0,2098.25,2058.25,2075.05,16276948,HDFCBANK,2063.44,68.3206749935668,1296.170885318816,-0.25955922997427106,1.006240813474374,1.0111804534830484,0.9919038095467578,-0.8233332428401812,-0.44388266703610046,1.2981205348893616,12233441.65,1.3305289276464567,11109397.6,1.4651512697682185,420029343,0.941313872010269,1.927664393629069,40.0,17.800000000000182,22.199999999999818,40.0,62.30772948074217,0.16993391826256615,-0.9499033389818168,47.986447843350625,31.27074442863928,43.794843882180565,60.09077379404376
2018-09-10,2076.9,2077.95,2025.1,2041.15,9423087,HDFCBANK,2068.71,61.696723447912234,1299.603624659774,-1.6336955736006353,1.0175146363569556,1.018029052249957,0.9921367856355485,-1.6652239001071378,-1.8103570724766136,-0.31271933407050145,12289401.2,0.7667653489903153,10834672.6,0.8697158970913436,410606256,0.921358950950022,2.5892266614408497,52.84999999999991,2.899999999999636,49.95000000000027,52.84999999999991,61.046698883309865,-0.44670119351261195,-1.5482937417098719,39.109329743141714,15.196775723091594,31.179166430246955,57.05942652586532
2018-09-17,2046.3,2048.0,1988.0,1992.2,12526359,HDFCBANK,2071.105,57.39266389024549,1303.8201675413766,-2.398157901183162,1.0271559080413613,1.0280092360204798,0.9978917779339423,-2.7754816329363483,-3.695932854626894,-2.54602858465172,12574568.55,0.996166107027187,11249172.6,1.1135360301965676,398079897,0.8963295980772482,3.0117458086537496,60.0,6.849999999999909,53.15000000000009,60.0,60.90713903220188,-1.3748272802059418,-6.278079646225865,29.895176653314223,1.8103448275862264,16.092621659772366,52.79714561837975
2018-09-24,1994.9,2009.85,1910.2,1925.7,15509735,HDFCBANK,2068.52,62.749620254650935,1308.4728227592957,-3.338018271257903,1.0359349846808952,1.0436983953886898,0.9919509788648284,-4.216411178319842,-6.2373032884462205,-5.5799700372926955,13057575.5,1.1877959273526697,12879240.2,1.204243011167693,382570162,0.8664772229786347,5.174741652386138,99.64999999999986,17.649999999999864,82.0,99.64999999999986,66.07285382790829,-2.276029710146561,-11.21101044332249,21.832281277495213,5.0032278889606205,7.336782813212814,47.17157028444055
2018-10-01,1925.7,2042.0,1915.0,2035.45,19167947,HDFCBANK,2069.2050000000004,62.285247683099115,1315.1330531508938,5.699226255387657,0.9460807192512712,1.0032179616301062,0.9408238964356775,0.9352418364192832,-0.4363408340988485,0.10342384120792447,13648478.45,1.4044017485333686,14580815.2,1.3146005032695292,401738109,0.9140467734205774,6.239406519442875,127.0,116.29999999999995,10.700000000000045,127.0,74.19647331752051,-0.5419421332599057,-5.611073755477747,48.3562481328383,40.42930923176243,15.747627316103092,54.771412301083686
2018-10-08,2030.45,2052.2,1930.0,1945.0,17289983,HDFCBANK,2066.8025000000002,66.18214394856982,1320.2955764346818,-4.443734800658328,1.0439331619537275,1.055115681233933,0.9922879177377892,-2.4477676106462334,-4.377443973896374,-4.1636394758588935,14096110.95,1.2265782428450593,14783422.2,1.1695521352288782,384448126,0.8796220432746417,6.282776349614387,122.19999999999982,16.749999999999773,105.45000000000005,122.19999999999982,80.59694354185109,-1.840413331043688,-10.364532927784698,36.55948093168202,11.233053582956734,18.888530234559926,47.31549773515611
2018-10-15,1944.4,2010.8,1917.6,2008.05,16236372,HDFCBANK,2065.0950000000003,67.28169747997677,1325.5486219539373,3.2416452442159294,0.9683025821070194,1.0013694878115584,0.954956300888922,0.5126339806588719,-0.9429738997229496,-0.8186244775611828,14607042.85,1.111544079573916,16146079.2,1.0055922431001083,400684498,0.920867834021805,4.641318692263641,93.20000000000005,65.79999999999995,27.40000000000009,93.20000000000005,82.2773510696043,-0.8478531626966912,-5.025303883081877,46.96567425640465,31.584893479664274,27.749085431461143,51.48821904699468
2018-10-22,2003.0,2020.0,1958.0,1998.9,11886327,HDFCBANK,2062.73,68.79511993094732,1329.2928006405682,-0.4556659445730915,1.0020511281204663,1.0105558056931312,0.9795387463104707,0.03815253885038814,-1.2043218367267727,-1.1734465499288682,13228795.3,0.898519232510915,16018072.8,0.7420572467369483,388798171,0.9029116239860284,3.101705938266046,62.0,11.950000000000045,50.049999999999955,62.0,79.57370426032372,-0.9278274398542934,-4.434298281261206,45.710159535615254,28.63137508069724,23.816440714439413,50.37319084529437
2018-10-29,1973.0,2008.8,1895.2,1926.3,24886987,HDFCBANK,2056.9300000000003,75.19993071103862,1336.1633591269986,-3.631997598679282,1.0242433681150391,1.0428282199034418,0.983855058921248,-2.4861952586450653,-4.30165257722792,-4.571009421999909,13839101.75,1.798309417011115,17893523.2,1.390837719426882,363911184,0.8552889694627135,5.897316098219379,113.59999999999991,9.899999999999864,103.70000000000005,113.59999999999991,84.11054369228054,-1.7371026643888268,-8.105142639061146,36.722661135799825,9.818468823993665,23.344912461451724,44.1665038067333
2018-11-05,1925.0,1960.0,1885.0,1956.0,23176331,HDFCBANK,2053.7725,78.13810391155123,1342.7358862698368,1.5418159165239143,0.9841513292433538,1.0020449897750512,0.9637014314928425,-0.6200265598936671,-2.3296552846249563,-2.734598242398706,14392568.15,1.6102985067331432,18695200.0,1.239694199580641,387087515,0.9169954362031711,3.834355828220859,75.0,33.700000000000045,41.299999999999955,75.0,82.89580453330981,-1.2512781230355174,-5.981878920425865,42.09665852399107,23.595879029577926,20.681907644756276,45.672728345246696
2018-11-12,1955.0,1976.0,1917.15,1921.05,6863433,HDFCBANK,2045.0774999999999,82.84840860999182,1344.5462007712326,-1.7868098159509183,1.0176726269488041,1.0286041487728066,0.9979698602326853,-1.6337495817919119,-3.5925914340266782,-4.220027926717625,14130928.75,0.4857028947938047,16609890.0,0.41321363356409946,380224082,0.9100178072659411,3.063428854012124,58.84999999999991,20.0,38.84999999999991,58.84999999999991,79.68969726220182,-1.4970414288083471,-7.421507915471926,37.74416885992436,13.511994002998476,15.642113952190021,42.87720265009
2018-11-19,1919.0,2021.0,1908.2,2013.9,19488306,HDFCBANK,2042.1100000000001,82.84911554969106,1350.4432606899486,4.833294292183976,0.9528775013655096,1.003525497790357,0.9475147723322905,2.0346873780222987,1.0144292420519059,0.5362426496338063,13916028.15,1.400421570719516,17260276.8,1.1290842102833483,399712388,0.9615895175539446,5.601072545806642,112.79999999999995,99.95000000000005,12.849999999999909,112.79999999999995,84.10440429390823,-0.34049850517813074,-1.3350317223134067,52.726791418139115,56.78414096916303,31.29733800057981,49.12881263675513
2018-11-26,2013.0,2052.0,1999.05,2049.8,10852440,HDFCBANK,2038.3175000000003,80.52723840414271,1353.857597882511,1.7826108545608177,0.9820470289784369,1.0010732754415064,0.9752414869743389,2.500294959052628,2.3554740046701412,2.0883878830891276,13996141.4,0.7753879937223269,17053499.4,0.6363761328657274,410564828,0.9926201743492463,2.5831788467167547,52.950000000000045,38.09999999999991,14.850000000000136,52.950000000000045,79.95048372138714,0.14259150354036146,2.8912759763076057,57.31023618967293,72.59911894273135,47.63175130496429,51.40440199958781
2018-12-03,2041.05,2142.0,2040.75,2113.3,20416491,HDFCBANK,2035.5399999999997,76.65281881037765,1360.76930886581,3.0978632061664513,0.9658117635924856,1.0135806558463067,0.9656698055174371,3.6199639133317767,4.533836970522541,4.611214384703119,14504367.85,1.407609846298817,16159400.2,1.2634436146955506,430981319,1.045908901659821,4.791085032886953,101.25,92.19999999999982,9.050000000000182,101.25,82.7904192252022,1.0144441027323694,9.741912031988376,64.36226665529321,88.8326848249028,72.73864824559905,55.301856547706706
2018-12-10,2105.4,2118.0,2065.9,2088.75,13126373,HDFCBANK,2032.155,72.40978034403447,1365.0041822933076,-1.1616902474802515,1.007971274685817,1.0140035906642728,0.9890604428485937,1.6581112269839375,2.9243837578067247,3.1992289228455637,14460510.65,0.9077392436345254,14149408.6,0.9276976424300871,417854946,1.0177820648941596,2.494314781567919,52.09999999999991,4.699999999999818,47.40000000000009,52.09999999999991,78.69836332850856,0.7815933114436335,2.618585570758314,59.94485360681564,79.28015564202335,80.23731980321917,53.021509171550385
2018-12-17,2056.0,2132.6,2032.0,2130.2,12984028,HDFCBANK,2030.17,68.8937710116681,1369.382084011133,1.984440454817471,0.9651675898976623,1.0011266547741997,0.9539010421556662,2.381115959491334,4.125691715379679,4.659237142777289,14469059.35,0.8973650384535883,15373527.6,0.8445705070318409,430838974,1.0532582197754392,4.722561261853343,100.59999999999991,43.84999999999991,56.75,100.59999999999991,81.61858155137408,1.4519454884108218,9.521850899742912,64.668906040161,95.40856031128398,87.84046692607005,55.55921352208092
2018-12-24,2124.0,2159.4,2077.35,2080.65,10056534,HDFCBANK,2028.4875,67.11907697084848,1372.520028661944,-2.326072669232926,1.020834835267825,1.0378487491889554,0.9984139571768437,0.037569418822159376,1.5792654735375211,2.189667354632221,14432050.45,0.696819487628662,13487173.2,0.7456368989166685,420782440,1.0323679684903948,3.943479201211168,82.05000000000018,29.200000000000273,52.84999999999991,82.05000000000018,81.6761040111909,0.7771635480424683,3.615447822514395,55.620746851425224,71.30102040816327,81.99657878715686,51.59341623804244
2018-12-31,2077.0,2138.2,2069.0,2121.7,8630981,HDFCBANK,2029.9900000000002,68.91961679337021,1375.3460065233453,1.972941148198859,0.978931988499788,1.0077767827685347,0.9751614271574681,1.314407884015099,2.9858396733815016,3.7418989959140716,14340906.55,0.6018434727196517,13042881.4,0.6617388240607631,429413421,1.0548627050645307,3.2615355611066517,69.19999999999982,57.54999999999973,11.650000000000091,69.19999999999982,80.01262347636543,1.330680643146317,6.143378858372084,60.85610254010281,86.26093294460631,84.32350455468452,54.26663471858387
2019-01-07,2127.65,2151.0,2103.0,2120.65,9988367,HDFCBANK,2031.2125000000003,70.35770985133007,1378.5853624096399,-0.04948861761793211,1.003300874731804,1.0143116497300355,0.9916770801405229,0.8436970449358505,2.5181185155549577,3.3863853887542437,14472355.05,0.6901687365664788,10957256.6,0.9115755306852995,419425054,1.0338232866573043,2.2634569589512648,48.0,29.300000000000182,18.699999999999818,48.0,75.74427367951672,1.2711826491934772,10.089290349374448,60.64495553300597,85.87827988338192,81.1467444120505,53.8279788705503
2019-01-14,2122.0,2124.0,2092.65,2101.65,8966707,HDFCBANK,2032.2724999999998,71.29205217936291,1381.3956424410142,-0.8959517129182082,1.009682868222587,1.0106345014631362,0.9957176504175291,-0.035151384755410034,1.4029988804762,2.3035361073949403,14387686.8,0.6232208919087674,10125323.4,0.8855724055194129,410458347,1.0149548409422542,1.4916851045606978,31.34999999999991,3.349999999999909,28.0,31.34999999999991,69.8250371889145,0.9731449422363965,7.446319018404912,56.54844856555776,78.95408163265307,83.69776482021376,52.1396141286685
2019-01-21,2105.05,2166.5,2102.0,2148.15,10337431,HDFCBANK,2035.9274999999998,75.35846872918906,1384.8159625078015,2.2125472842766447,0.9799362241929103,1.0085422340153154,0.9785163978306914,1.420175218126851,3.031956107276141,4.050132022948919,14090710.95,0.7336344515675414,9596004.0,1.0772641403650935,420795778,1.0404179818818946,3.0025836184623977,64.5,64.84999999999991,0.34999999999990905,64.84999999999991,69.16169889705921,1.489182329371463,11.821660029671289,63.50911296283966,93.48134991119008,86.10457047574168,55.12169545690793
2019-01-28,2146.0,2146.8,2076.75,2084.15,13288877,HDFCBANK,2038.0775,76.12481522748475,1388.8033415825712,-2.979307776458817,1.0296763668641893,1.030060216395173,0.9964493918383993,-1.0713402282883613,0.04651290324398025,1.0117314874999066,14284000.45,0.9303330006545891,10242472.6,1.2974286111343858,407506901,1.007947423246085,3.3610824556773835,70.05000000000018,1.349999999999909,71.40000000000009,71.40000000000009,69.460139044118,0.605223143889689,3.4882566165152173,50.62899969290305,70.7460035523979,81.06047836541367,50.06804330014547
2019-02-04,2078.25,2117.0,2022.0,2104.9,18362207,HDFCBANK,2043.7125,76.71896745331567,1394.4009556762624,0.9956097209893766,0.987339065988883,1.0057484916148036,0.960615706209321,-0.04998930647132362,0.884442369422076,1.8219235267076177,14575792.85,1.2597741466941883,12188717.8,1.5064920938607669,425869108,1.0497576362266705,4.513278540548244,95.0,32.84999999999991,62.15000000000009,95.0,72.8654538382356,0.7975537475427216,2.6880671285003377,54.11062337153213,78.11722912966256,80.78152753108351,50.95371180229555
2019-02-11,2108.0,2144.95,2097.0,2139.65,11513822,HDFCBANK,2054.4100000000003,74.27492422358104,1398.03595126076,1.650909781937382,0.9852078610987778,1.0024770406374872,0.9800668333605963,1.0499466451081525,2.1378647682951533,3.1317285204369663,14375997.2,0.8009059712393378,12493808.8,0.9215622060744197,437382930,1.0709043315734443,2.2410207276890994,47.94999999999982,40.04999999999973,7.900000000000091,47.94999999999982,69.54339332647082,1.1476282324221816,1.2468650925093305,59.61395674260342,89.60511033681769,79.48944767295939,53.046851053468735
2019-02-18,2138.0,2155.0,2078.2,2089.9,10552448,HDFCBANK,2057.1324999999997,74.54081939834442,1401.1150231979493,-2.3251466361320805,1.0230154552849418,1.0311498157806593,0.9944016460117707,-0.8703707229355037,-0.1643486626908896,0.7569673276346014,13945222.25,0.7567070506889914,12810957.0,0.8237048957388585,426830482,1.0418668696797,3.6748169768888546,76.80000000000018,15.349999999999909,61.45000000000027,76.80000000000018,70.51094088294141,0.4395913576545438,0.05505685218432088,49.75678814818672,70.34456058846305,79.35563335164777,49.1597738513963
2019-02-25,2089.7,2129.95,2078.2,2125.4,8113496,HDFCBANK,2066.1524999999997,71.09292931566306,1403.5849257834461,1.6986458682233696,0.9832031617577867,1.0021407735014585,0.977792415545309,0.542960454859342,1.2931459207042428,2.2133812536565363,13486397.9,0.6016058594860233,12366170.0,0.6561041939420208,434943978,1.0551685536023143,2.434835795614943,51.75,40.04999999999973,11.700000000000273,51.75,68.00948209854923,0.8333810488653912,-0.2253309548399085,55.77729085313428,75.45535980889824,78.46834357805966,51.42653365371923
2019-03-04,2111.25,2125.0,2073.2,2083.35,9408956,HDFCBANK,2069.9175,69.83674058490966,1406.2625432190277,-1.9784511150842232,1.013391892864857,1.0199918400652794,0.9951280389756881,-0.9763095812807957,-0.5992605289428273,0.2196992696753396,13145027.1,0.7157806468120557,11590185.8,0.8118037244924926,425535022,1.0292400535474824,2.486380108959137,51.80000000000018,0.40000000000009095,52.20000000000027,52.20000000000027,65.90155115207604,0.19234145075353629,0.12976714007641998,47.92800310810207,42.45674740484422,62.752222600735166,48.148011909004865
2019-03-11,2088.9,2143.7,2070.0,2128.45,11694435,HDFCBANK,2076.395,68.90483311287707,1409.7810336837424,2.164782681738542,0.9814184030632621,1.0071648382625855,0.9725387018722546,0.7755269276824749,1.313442945548003,2.1394604527652836,13135432.5,0.8902969125683529,10256631.4,1.1401828284479443,437229457,1.0513674524727608,3.4626136390330906,73.69999999999982,60.34999999999991,13.349999999999909,73.69999999999982,66.94134433179921,0.755462246236421,0.31814111325823013,55.65144306997412,73.66782006920403,63.85997576098216,50.97734677550479
2019-03-18,2147.0,2291.65,2137.0,2261.45,28691328,HDFCBANK,2093.1524999999997,71.19661892288345,1419.8408097325575,6.248678615894199,0.9493908775343254,1.01335426385726,0.9449689358597361,4.407399467664764,6.100610911754453,7.236915865468732,13325649.55,2.153090391004617,13692132.6,2.095460863415828,465920785,1.1067846231461156,6.838532799752375,154.6500000000001,163.20000000000027,8.550000000000182,163.20000000000027,79.77583175422602,2.3638411844007847,6.639473746257041,70.52655971380744,88.80029668088252,68.30828805164359,59.27489789689652
2019-03-25,2269.5,2307.0,2251.0,2281.3,15818281,HDFCBANK,2109.4175,75.25671201922815,1425.414486786075,0.8777554224060014,0.9948275106299039,1.0112655065094462,0.9867180993293296,3.4927785403499376,5.929411130140256,7.37372540596762,12957747.05,1.2207585885850425,14745299.2,1.0727677197625125,481739066,1.1316385704688117,2.45474071801166,56.0,45.55000000000018,10.449999999999818,56.0,76.60572085366255,2.283949104182017,8.548045583232234,72.13602192328429,90.98245614035095,84.4835242968125,60.04467620809131
2019-04-01,2275.9,2332.0,2272.6,2311.8,16705130,HDFCBANK,2128.955,74.49830958871905,1431.4298654034817,1.3369569982027762,0.9844709749978372,1.0087377800847823,0.9830435158750755,3.17734396980716,6.1461442331351925,7.879447380647588,13449831.9,1.2420326234709298,16463626.0,1.0146689435243488,498444196,1.1548446449885943,2.569426420970676,59.40000000000009,50.69999999999982,8.700000000000273,59.40000000000009,74.3116247398409,2.4543509914443438,7.6181830877732,74.59552521261546,93.48387096774199,91.08887459632517,61.502848017521686
2019-04-08,2320.0,2322.95,2280.0,2289.4,10632703,HDFCBANK,2142.73,77.5139705574204,1435.1199337848695,-0.9689419499956831,1.0133659474098016,1.0146544946274132,0.9958941207303224,1.4866730116770512,4.4810204438450265,6.396609410048912,13007051.75,0.8174568076120708,16708375.4,0.6363696496788072,487811493,1.11879154919797,1.876037389709086,42.94999999999982,11.149999999999636,31.800000000000182,42.94999999999982,70.13007477452875,1.8921750356131046,9.848139529304522,69.40411224954437,86.25806451612907,90.24146387474066,59.526736832518324
2019-04-15,2296.6,2303.0,2231.0,2288.8,36772456,HDFCBANK,2154.68,80.78701921522975,1447.631855401294,-0.02620774001921289,1.0034078993358964,1.0062041244320168,0.974746592100664,0.9738987512913331,3.819411870526829,5.841065675500486,14303052.55,2.5709516113048188,21723979.6,1.6927126924755536,451039037,1.0296751352465734,3.145753233135267,72.0,13.599999999999909,58.40000000000009,72.0,70.37939813792492,1.6601677014803935,8.736757090598136,69.25515007118095,86.06451612903231,88.60215053763444,58.10649589259891
2019-04-22,2290.95,2325.0,2261.0,2268.7,9967263,HDFCBANK,2162.45,84.00661158189494,1450.88077877723,-0.8781894442502769,1.0098073786750121,1.0248159739057612,0.9966059858068498,0.06437150848666463,2.5433835195467878,4.5896086708592385,13780591.15,0.723282687332321,17979166.6,0.554378477142539,441071774,1.005762502166072,2.8209988098911274,64.0,36.19999999999982,27.800000000000182,64.0,69.52881171953494,1.2647814023116597,6.031360269202901,63.94970220465244,79.58064516129026,83.96774193548387,56.36708633717028
2019-04-29,2277.55,2298.8,2241.6,2280.95,14357683,HDFCBANK,2172.0600000000004,86.09927654196815,1455.585291028423,0.5399568034557323,0.998509393016068,1.0078256866656439,0.9827484162300796,0.4007218165833456,2.628669454442519,4.676848721927347,13842156.65,1.03724321021898,17687047.0,0.8117625853541295,455429457,1.034071923769443,2.507727043556425,57.20000000000027,30.100000000000364,27.09999999999991,57.20000000000027,67.88497015693032,1.2647028450572657,9.141585721804857,65.79250630639203,83.53225806451607,83.05913978494621,56.70328726586865
2019-05-06,2285.0,2378.0,2278.4,2328.45,13951437,HDFCBANK,2181.9725,92.22085686430776,1460.3660472961974,2.082465639316955,0.9813395177049111,1.0212802508106251,0.9785050140651508,1.621687224701915,3.955738891455323,6.069639997104017,13890527.1,1.0043849955845088,17136308.4,0.8141448364689796,469380894,1.0611063266821676,4.277523674547442,99.59999999999991,97.05000000000018,2.549999999999727,99.59999999999991,72.11364080267293,1.5883337563814282,9.553495812552914,72.15971897914372,86.08146067415726,83.06478796665452,59.4429016143604
2019-05-13,2351.9,2358.0,2271.6,2287.2,13170492,HDFCBANK,2192.3,91.8415325724741,1464.6192030930495,-1.7715647748502206,1.028287862889122,1.0309548793284367,0.9931794333683106,-0.10172040971284453,1.9059137392479133,4.010959024273685,14046225.0,0.9376534976479446,17643866.2,0.7464629265891849,456210402,1.0272189312638615,3.7775445960125964,86.40000000000009,29.550000000000182,56.84999999999991,86.40000000000009,74.01848869564989,1.0333015721956953,9.78472172222622,60.81668805172826,70.51948051948045,80.04439975271792,56.16345840405389
2019-05-20,2296.7,2438.7,2275.55,2432.35,14989910,HDFCBANK,2207.8325,104.64902402918436,1470.251809617071,6.34618747813922,0.9442308878245318,1.002610644027381,0.9355355931506569,3.9145531629644346,6.6511360516400595,8.927495367426111,14364171.45,1.0435624534403618,13287357.0,1.128133307474165,471200312,1.056002823383934,6.707505087672401,163.14999999999964,151.5,11.649999999999636,163.14999999999964,85.90269020289654,2.145433290781449,14.277995724588322,76.0818810277764,98.27773257390835,84.95955792251534,65.43764708125124
2019-05-27,2438.0,2449.4,2319.1,2408.35,20133914,HDFCBANK,2222.2174999999997,111.57835608239742,1477.5287750718978,-0.9867001048368906,1.0123113334855816,1.0170448647414205,0.96294143293126,1.9713533846648867,4.903614783757703,7.351600574617069,14871448.8,1.3538636531499204,15320687.2,1.3141652027201496,451066398,1.0073094153415898,5.4103431810160565,130.30000000000018,17.050000000000182,113.25,130.30000000000018,91.82233150917702,1.6681774721841809,6.495832319971706,70.81821595544353,89.18028465998941,85.99249925112606,62.99851756747056
2019-06-03,2416.5,2465.0,2356.8,2457.1,13116299,HDFCBANK,2239.9900000000002,119.39780765860758,1482.4540671384889,2.0242074449311698,0.9834764559846975,1.0032151723576574,0.9591795205730334,2.610858036969777,5.820318028034044,8.423972015881507,15078928.4,0.8698429127098979,15072410.4,0.8702190725910701,464182697,1.030419116510297,4.403565178462408,108.19999999999982,56.65000000000009,51.54999999999973,108.19999999999982,94.00602064128674,1.818375096306451,7.706132468329452,74.88984081102949,97.99999999999997,95.15267241129925,65.74543889530582
2019-06-10,2455.0,2470.0,2409.0,2440.2,9281496,HDFCBANK,2254.5924999999997,125.28823428923178,1485.849619986051,-0.6878026942330417,1.006065076633063,1.0122121137611673,0.9872141627735432,1.2909158491485415,4.429766913724546,7.140601796384412,15026131.65,0.6176903155244218,14138422.2,0.6564732520153487,454901201,1.0060073262594191,2.4997950987623967,61.0,12.900000000000091,48.09999999999991,61.0,89.60521788911518,1.4814439763874347,5.554113677653749,70.93113854272919,92.54999999999995,93.24342821999643,64.2292710633064
2019-06-17,2451.5,2459.9,2415.95,2422.0,12571700,HDFCBANK,2271.4849999999997,123.8660536096947,1490.3236744303456,-0.7458405048766381,1.0121800165152766,1.0156482246077623,0.9975020644095788,0.36611419077683555,3.1813792224385997,5.905913210119378,14990272.8,0.8386571857451453,14018663.8,0.8967830443298026,442329501,0.974453080872221,1.8146160198183432,43.95000000000027,19.700000000000273,24.25,43.95000000000027,83.51785550389987,1.2151432584933817,5.791910544247392,66.55923242286268,85.58558558558559,92.04519519519516,62.515032241286384
2019-06-24,2418.0,2444.9,2404.0,2417.95,13625170,HDFCBANK,2287.1375,121.4635757347067,1495.1037298170288,-0.16721717588770169,1.0000206786740835,1.0111458053309623,0.9942306499307265,0.13282010795962904,2.5878948731940943,5.269282510115334,14753420.95,0.9235261466595651,13745715.8,0.9912303002801789,428704331,0.9441419389896395,1.6915155400235777,40.90000000000009,22.90000000000009,18.0,40.90000000000009,77.83547477004657,1.0769689531099649,5.642694861936359,65.52229032034583,78.22175732217566,85.45244763592041,61.72456477624527
2019-07-01,2419.85,2494.5,2403.0,2485.55,15148419,HDFCBANK,2304.4325,123.95823179708906,1500.7457567401457,2.7957567360781033,0.9735672185230632,1.0036008126973908,0.9667880348413831,1.8992851696246968,4.489055452046433,7.191885032107848,14935150.8,1.0142796147729556,12748616.8,1.1882402018703706,443852750,0.9768076218478093,3.681277785600772,91.5,76.55000000000018,14.949999999999818,91.5,79.6574114673737,1.4611171632108866,9.558337373826431,73.4795942622866,96.60341555977237,86.80358615584453,65.62099135292597
2019-07-08,2488.0,2503.3,2397.05,2409.6,11223562,HDFCBANK,2320.4175000000005,115.1367211016987,1504.56548770278,-3.0556617247691764,1.0325365205843293,1.038886122177955,0.9947916666666667,-0.7952168400396703,1.2673490960564857,3.9110463789671797,14968706.5,0.7498017280250635,12370069.4,0.907316009075907,432629188,0.9515002732730167,4.409445551128818,106.25,17.75,88.5,106.25,83.20308993839055,0.7745791190390575,5.64019377890792,56.55772127738821,65.58942343004031,80.13819877066278,60.15255033392107
2019-07-15,2403.85,2418.0,2366.25,2394.75,13589722,HDFCBANK,2333.8849999999998,106.55832366409953,1509.0725543870294,-0.6162848605577698,1.0037999791209937,1.0097087378640777,0.9880989664891952,-0.9468363427663579,0.5615155945980822,3.038926502500352,15242517.8,0.8915667462759991,13231714.6,1.0270567655683867,419039466,0.9232265035120926,2.1609771374882554,51.75,8.400000000000091,43.34999999999991,51.75,79.00934461327182,0.5711895411555372,2.8473877472138254,53.764386685780906,60.13587954461986,74.10957284481084,58.69018312195892
2019-07-22,2418.0,2429.0,2281.25,2297.25,15610853,HDFCBANK,2344.5800000000004,89.45022932510304,1513.630146364034,-4.071406201064831,1.0525628468821417,1.0573511807596039,0.9930351507236914,-3.4874846974541387,-3.1361636229042573,-0.9866085660213252,15552612.65,1.0037447309536125,13839545.2,1.1279888735072017,403428613,0.8910025225202314,6.431603003591251,147.75,34.25,113.5,147.75,88.17476533150224,-0.5291210582365476,0.439401888772295,39.12527980894852,21.26480703095148,48.99670333520388,51.770893670315566
2019-07-29,2294.5,2315.45,2223.05,2244.3,21858733,HDFCBANK,2350.3725,77.69656477367137,1519.498668841138,-2.3049298073783753,1.022367776144009,1.0317025353116782,0.9905315688633427,-3.952717022746973,-4.77382774751916,-3.0884296444034938,16060827.55,1.360996681643593,15486257.8,1.4114922586397858,381569880,0.8479376416671046,4.117096644833563,92.39999999999964,18.199999999999818,74.19999999999982,92.39999999999964,88.73812995396857,-1.3652147982216067,-7.731206446440675,33.42270785490496,7.582515611061552,29.661067395544293,47.70003067601499
2019-08-05,2255.0,2271.2,2162.5,2179.25,22543907,HDFCBANK,2346.2625,84.52225629506266,1524.9187952328812,-2.8984538608920474,1.03475966502237,1.042193415165768,0.992313869450499,-4.703784272617054,-6.772540335472139,-5.651791103983883,15753456.5,1.4310451169875005,16965355.4,1.328820202611258,359025973,0.8074298589963471,4.987954571526894,108.69999999999982,26.899999999999636,81.80000000000018,108.69999999999982,91.39971262677274,-1.9759588458804052,-9.51273693607656,27.699773346173615,4.914906103286382,11.254076248433135,42.90924912281584
2019-08-12,2167.0,2289.0,2165.0,2282.0,23447197,HDFCBANK,2346.2974999999997,84.49408025821657,1531.332932505932,4.714924859470004,0.9496056091148116,1.0030674846625767,0.948729184925504,0.007092645018773599,-1.6842588679395303,-0.8201257448482879,16134902.3,1.4531973335841022,19410082.4,1.2079905956504338,382473170,0.8698709842268884,5.433829973707274,124.0,109.75,14.25,124.0,95.74641760986971,-0.7609704703986894,-7.126287086402671,44.89628803227545,35.06455399061031,15.853991901652742,49.020500477688266
2019-08-19,2273.3,2273.3,2201.7,2206.85,13359970,HDFCBANK,2341.05,89.83919698988416,1534.5782351810321,-3.293163891323403,1.0301107913995062,1.0301107913995062,0.9976663570247184,-2.26531468958535,-4.411645067457384,-3.898913098125592,15967644.3,0.8366901058786737,19364132.0,0.6899338426323472,369113200,0.8520166547113588,3.244443437478776,71.60000000000036,8.699999999999818,80.30000000000018,80.30000000000018,93.68689526188712,-1.4937800480909365,-9.562740758954181,37.391063994783025,13.013497652582126,17.664319248826267,43.80824316458918
2019-08-26,2209.25,2266.15,2139.6,2256.15,20028802,HDFCBANK,2339.3875,91.14348271153132,1539.7380155289793,2.233953372453956,0.9792123750637147,1.0044323294107218,0.9483412007180373,-0.020450685965446094,-1.8258052436172747,-1.4928632137558242,16437449.25,1.2184860129682225,20247721.8,0.9891879292810117,389142002,0.9085956831168476,5.6091128692684515,126.55000000000018,59.30000000000018,67.25,126.55000000000018,98.06864256030218,-0.9132578383409597,-6.847646573080091,44.423564260940104,32.04564201264781,26.707897885280076,46.52817409492201
2019-09-02,2256.0,2272.9,2220.3,2227.95,17085114,HDFCBANK,2336.345,93.89513733834791,1543.9105099578455,-1.249916893823566,1.0125900491483202,1.020175497654795,0.9965663502322765,-0.85763139960981,-2.6697023209884043,-2.5460384634928643,15453082.15,1.1056120606981954,19292998.0,0.8855603468159795,372056888,0.8767887378801891,2.360914742251842,52.59999999999991,16.75,35.84999999999991,52.59999999999991,92.00615688559522,-1.1544261297515581,-7.8578961516987516,41.35752264078367,24.291998900192425,23.117046188474117,44.30564372936558
2019-09-09,2220.0,2274.0,2196.15,2249.6,16824760,HDFCBANK,2335.3900000000003,94.71293136852431,1548.0987635734982,0.9717453264211473,0.986842105263158,1.010846372688478,0.9762402204836416,0.07534380133929977,-1.441385117117756,-1.4292137247409895,15795957.0,1.0651307799837642,18149168.6,0.9270264864915079,388881648,0.9221085041125925,3.460615220483638,77.84999999999991,46.05000000000018,31.799999999999727,77.84999999999991,90.11866930084918,-0.9057897243850989,-9.492868781557418,44.736312664608,30.244707176244134,28.86078269636145,45.313726290124826
2019-09-16,2274.0,2288.8,2238.0,2244.15,14935735,HDFCBANK,2333.55,96.17242191418414,1551.7467744674198,-0.24226529160739085,1.0133012499164493,1.0198961744981396,0.9972595414745004,-0.11155124345730613,-1.4466336129052138,-1.5359100753421986,15824859.6,0.9438146926750617,16446876.2,0.9081198653395348,373945913,0.8953427393465315,2.263663302363932,50.80000000000018,39.20000000000027,11.599999999999909,50.80000000000018,84.87618006073598,-0.929580416304508,-6.866284860557759,43.999956962183205,28.746219411602997,27.760975162679845,44.6208902718823
2019-09-23,2247.9,2248.5,1084.0,1257.25,55250987,HDFCBANK,2279.9900000000002,259.225137669937,1546.1457241711382,-43.97656128155426,1.787949890634321,1.7884271226884072,0.862199244382581,-52.46388955949081,-69.49621077003751,-74.46841244457953,17889837.1,3.088400788177104,24825079.6,2.225611675380086,318694926,0.7770726694425426,92.62278783058262,1164.5,4.349999999999909,1160.15,1164.5,228.8260227193045,-3.945373543603715,-47.49973901242301,9.911781750556955,12.206721623335445,23.73254940372752,-18.68489623292204
2019-09-30,1250.0,1275.0,1216.5,1227.45,51375606,HDFCBANK,2227.0025,350.06696595267823,1540.6075233857807,-2.370252535295281,1.0183714204244572,1.0387388488329463,0.9910790663570818,-37.44360267148416,-63.09534469763422,-72.145472796273,19800092.8,2.594715414667147,31094440.4,1.652244109850583,267319320,0.6671676695477162,4.765978247586459,58.5,17.75,40.75,58.5,206.11588635673058,-2.855317974033342,-46.56872347371858,9.651270191678236,10.107095046854084,17.02001202726417,-20.326885247032735
2019-10-07,1231.5,1255.0,1181.15,1186.9,37992040,HDFCBANK,2164.73,416.15274662834264,1536.1197908630681,-3.30359688785693,1.037576880950375,1.0573763585811777,0.9951554469626759,-28.092875052160103,-58.85780305172741,-71.5245293356389,20950199.3,1.8134452782986175,35275825.6,1.0769993147942085,229327280,0.5901610765947803,6.22209116185019,73.84999999999991,27.549999999999955,46.299999999999955,73.84999999999991,188.48043484249985,-2.349690126816055,-47.11491333600677,9.268779966670436,7.2500528429507565,9.854623171046757,-22.733890477829146
2019-10-14,1197.1,1229.9,1188.95,1204.4,29219124,HDFCBANK,2104.5325000000003,463.4474526719892,1532.91417588028,1.4744291852725633,0.9939388907339752,1.0211723679840585,0.9871720358684822,-17.48778556371574,-48.471077317997306,-63.27957922016272,21404459.8,1.3650951377899292,37754698.4,0.7739202069748226,258546404,0.6822557000387178,3.4000332115576257,40.950000000000045,43.0,2.0499999999999545,43.0,169.08304353016652,-1.9422536358983515,-44.73327979809567,11.024682914526693,8.951672862453538,8.769606917419456,-21.430695928663443
2019-10-21,1207.0,1235.0,1206.85,1229.0,21232305,HDFCBANK,2043.1275,494.5880328417388,1530.7949274751118,2.0425107937562137,0.9820992676973149,1.0048820179007323,0.9819772172497965,-10.090745285022656,-38.99934826581146,-55.01038631274775,21810260.1,0.9735007699426748,39014012.4,0.5442225419500816,279778709,0.7566944573346414,2.2904800650935795,28.15000000000009,30.59999999999991,2.449999999999818,30.59999999999991,150.6186377261443,-1.6460719749369863,-46.14373356704645,13.732600417427022,10.780669144981413,8.994131616795231,-19.714915568272186
2019-10-28,1257.0,1257.0,1220.0,1237.7,29024164,HDFCBANK,1983.0025,516.3880475488502,1528.0274658618366,0.7078925956061966,1.0155934394441302,1.0155934394441302,0.985699280924295,-6.21126603393006,-32.59054168585668,-49.42739305176515,22797393.5,1.2731351941615605,33768647.8,0.8595003321394469,308802873,0.8520272334644721,2.9894158519835177,37.0,28.0,9.0,37.0,135.46948602932505,-1.4432992853683249,-43.915535718331554,14.790840527875346,12.481221324454916,10.737854443963284,-19.000147075110743
2019-11-04,1238.0,1263.9,1227.1,1236.85,30454538,HDFCBANK,1923.7450000000001,531.1492712926702,1525.1709163944713,-0.06867576957260146,1.0009297812992684,1.0218700731697459,0.9921170715931601,-4.1895050438319235,-28.012853004176396,-45.402576988712404,23691535.4,1.2854607135339993,29584434.2,1.0294108649879132,278348335,0.7857752244506923,2.9753001576585834,36.80000000000018,26.200000000000045,10.600000000000136,36.80000000000018,122.31355455874841,-1.2932240278298568,-45.17873368348736,14.77041478865307,12.684647302904557,11.982179257446958,-18.904170889651287
2019-11-11,1241.0,1269.7,1228.05,1264.75,34499643,HDFCBANK,1866.0849999999998,537.2353074329993,1522.3085674713627,2.2557302825726655,0.9812215852935363,1.0039138169598736,0.9709824075904329,-1.2607441857882469,-21.59051008717627,-38.678787035209716,24735259.05,1.3947556777255583,28885954.8,1.194339714192172,312847978,0.8978500672006303,3.2931409369440674,41.65000000000009,32.850000000000136,8.799999999999955,41.65000000000009,111.5584139509153,-1.1193139983171985,-43.232568055836076,19.00653329211086,15.0,13.388622875786487,-16.9189461962486
2019-11-18,1261.95,1285.0,1253.6,1262.05,19379009,HDFCBANK,1804.9100000000003,532.6244612640692,1520.7116015944764,-0.21348092508400862,0.9999207638366151,1.0181846994968504,0.9933045441939701,-0.9849193555330356,-18.72911824826244,-35.72751706420746,24946788.55,0.7768137754949624,26917931.8,0.7199293446460102,293468969,0.860809620280435,2.4880155302880307,31.40000000000009,20.25,11.150000000000091,31.40000000000009,100.8706254241266,-1.019217177355391,-43.89891536273115,18.901631120943236,14.778386454183263,14.154344585695936,-17.009247599825503
2019-11-25,1265.3,1287.0,1261.1,1271.1,24612964,HDFCBANK,1747.9850000000001,525.3861499937555,1518.7813396809092,0.7170872786339544,0.9954370230509009,1.012508850601841,0.992132798363622,-0.1772834409306812,-15.328961654283436,-31.86439842260727,25616258.65,0.9608336774035502,27594063.6,0.891965908203531,318081933,0.9489468588632766,2.037605223821894,25.90000000000009,24.950000000000045,0.9500000000000455,25.90000000000009,90.87454203424308,-0.9076847572127059,-43.35940110955151,20.596568125064465,15.529548472775554,15.102644975652934,-16.307899841128304
2019-12-02,1278.45,1285.75,1252.0,1265.75,27588269,HDFCBANK,1691.5349999999999,512.737498526034,1516.6069461803868,-0.420895287546208,1.0100335769306736,1.0158009085522417,0.9891368753703338,-0.4004713841685324,-13.556937891431739,-29.719942404683465,26316186.0,1.0483384256366024,27306884.6,1.0103045222522382,290493664,0.8835841942531576,2.6664033181907962,33.75,14.650000000000091,19.09999999999991,33.75,83.25793642967734,-0.8304151758433967,0.6760787432889215,20.307072588104504,15.085491367861884,15.131142098273562,-16.540669737282716
2019-12-09,1268.2,1269.0,1234.2,1242.95,26600007,HDFCBANK,1638.8200000000002,501.2539813203198,1514.358181248426,-1.8013035749555595,1.0203145741984794,1.0209582042720946,0.9929602960698338,-1.494775415750882,-13.405684036994748,-29.424500052697805,26865643.7,0.9901124014385705,26535978.4,1.0024128976529465,263893657,0.8200787325520315,2.7997908202260713,34.799999999999955,3.25,31.549999999999955,34.799999999999955,76.79687823905368,-0.7897593131475291,1.2627805613263376,18.994272361693504,13.193061088977426,14.602700309871617,-17.922324098033336
2019-12-16,1251.0,1272.35,1242.5,1257.35,28429726,HDFCBANK,1589.4725,486.88404203481116,1512.1206050918704,1.1585341325073273,0.9949496957887621,1.0119298524674911,0.9881894460571838,-0.2215936177980527,-10.377332126262825,-25.61372501328908,27194193.35,1.0454336936601945,25321995.0,1.1227285211927418,292323383,0.9212017101420855,2.374040641030732,29.84999999999991,29.399999999999864,0.4500000000000455,29.84999999999991,70.53729447384652,-0.682138807860649,5.9356306344257925,22.63887071281259,14.388280212483389,14.222277556440895,-16.848563813889147
2019-12-23,1260.0,1305.5,1255.35,1302.4,34057364,HDFCBANK,1545.63,470.1732694051798,1509.95587248008,3.5829323577365235,0.9674447174447174,1.002380221130221,0.9638743857493857,2.1633800494787243,-5.622327054859086,-19.496352157558416,27769866.2,1.2264144074269974,28257666.0,1.2052433488314287,326380747,1.0338448867247223,3.8505835380835447,50.15000000000009,48.15000000000009,2.0,50.15000000000009,67.81898854400032,-0.5173199240095303,8.136831617402862,33.44766934250043,18.75483039931302,15.445390566924607,-13.7458237199457
2019-12-30,1298.6,1301.1,1264.65,1282.15,19278074,HDFCBANK,1495.6375,439.9396546163408,1508.6325959675921,-1.554821867321865,1.012830012089069,1.0147798619506296,0.9863510509690754,0.4121130790422811,-6.249002795248041,-19.60168074133583,27561410.05,0.6994589161086844,27190688.0,0.7089954472648872,307102673,0.984532137398092,2.8428810981554276,36.44999999999982,1.300000000000182,37.75,37.75,63.80979007146694,-0.4852654171085725,4.3246541903987135,31.187634182646292,81.22235625251312,38.12182228810317,-15.012442166035317
2020-01-06,1281.95,1288.0,1236.0,1240.95,19956828,HDFCBANK,1447.3425,409.7358235160386,1507.032559176174,-3.2133525718519684,1.033039203835771,1.0379145009871469,0.9960111205125105,-1.9294944548966213,-8.379864919567808,-21.60812580331876,27891252.95,0.715522821286521,25664399.8,0.7776074311311189,287145845,0.9328091187720622,4.190338047463637,52.0,5.849999999999909,46.15000000000009,52.0,62.23515139527136,-0.5037209054089969,0.2625838248363932,26.91781712461581,48.09006835544833,49.35575166909148,-17.656059091492292
2020-01-13,1258.9,1296.5,1240.05,1286.0,26134534,HDFCBANK,1398.835,363.7948912794825,1505.3158250126496,3.630283250735311,0.9789269051321929,1.0081648522550544,0.9642690513219284,1.0941388575407058,-3.9284559244197013,-15.902387303778687,28196539.55,0.9268702619928408,25571305.2,1.0220258135278915,313280379,1.0304052825425853,4.389580093312601,56.450000000000045,55.549999999999955,0.900000000000091,56.450000000000045,61.463797875901854,-0.3101610349808773,3.9738044225249736,37.68210064087452,83.26898326898326,70.8604692923149,-14.569422666556145
2020-01-20,1289.0,1304.85,1252.5,1254.9,32960701,HDFCBANK,1350.1825000000001,307.8389891327299,1502.8866612260576,-2.418351477449454,1.0271734799585623,1.0398039684437006,0.998087497011714,-0.9046869228372332,-5.574942330387429,-17.2102140143473,28990318.9,1.1369554475649457,26477500.2,1.2448569823823474,280319678,0.9361175895709651,4.171647143198653,52.34999999999991,18.84999999999991,33.5,52.34999999999991,60.2486248257816,-0.30952057199914135,-0.7788100415101695,33.725310030276844,48.70755195134327,60.02220119192495,-16.500689481384416
2020-01-27,1250.0,1255.0,1211.75,1213.2,37791171,HDFCBANK,1298.3625,224.38666572810604,1499.700162060416,-3.3229739421467896,1.0303330036267722,1.0344543356412792,0.9988048137157929,-2.9153157596815302,-7.888932549387594,-19.469040089065327,30038639.45,1.2580853091866648,27224261.6,1.3881431039437264,242528507,0.8302030363332675,3.5649521925486316,43.25,0.09999999999990905,43.15000000000009,43.25,57.982141515677384,-0.3795345847475316,-3.87068658135572,29.012156869365597,1.5466666666667153,44.50773396233108,-19.103829505945882
2020-02-03,1218.8,1242.0,1177.7,1192.8,36697528,HDFCBANK,1245.795,30.77998709000701,1496.4566570093825,-1.6815034619188984,1.0217974513749162,1.0412474849094568,0.9873407109322603,-3.1169579027753547,-8.343527571800106,-19.719583738304465,31126729.1,1.178971548282598,30708152.4,1.1950418742874287,205830979,0.7254573617583756,5.390677397719648,64.29999999999995,28.799999999999955,35.5,64.29999999999995,58.8245226469204,-1.7217356149316063,-6.160018881283924,26.890856096847173,11.815336463223721,20.68985169374457,-20.29171079476702
2020-02-10,1198.0,1248.7,1198.0,1240.3,33390609,HDFCBANK,1244.9475,30.681176618279334,1494.0168565296271,3.9822266934943062,0.9658953478997018,1.0067725550270097,0.9658953478997018,0.5547542871722203,-3.5950931371280146,-13.873438839631888,30033710.2,1.1117710325379646,33394908.6,0.9998712498347727,239221588,0.8551197630933053,4.087720712730794,50.700000000000045,55.90000000000009,5.2000000000000455,55.90000000000009,58.4345862939977,-0.15147724149637512,-2.0106656132727663,38.894518038621115,48.98278560250386,20.781596244131432,-16.982195041558814
2020-02-17,1243.3,1259.9,1214.45,1217.15,25932569,HDFCBANK,1244.4325000000001,31.074267044715008,1491.9838438858276,-1.8664839151818047,1.0214846157006119,1.0351230333155321,0.9977817031590189,-0.8911190116914125,-4.770390327272624,-14.702685790627662,28761558.35,0.9016399140973528,33354515.6,0.7774830044301407,213289019,0.7698557444175457,3.7341330156513197,45.450000000000045,19.600000000000136,25.84999999999991,45.450000000000045,56.70330812146467,-0.8779772652639326,-2.0757069874089873,35.60689888997106,30.868544600939014,30.555555555555532,-18.420698388397486
2020-02-24,1216.9,1230.0,1200.0,1209.95,24116441,HDFCBANK,1245.585,29.199027110648164,1490.0709872021143,-0.5915458242615967,1.0057440390098764,1.0165709326831687,0.9917765196908963,-0.9943251126521585,-4.6232941763873585,-14.103138842561478,28067778.4,0.8592215834225057,31585663.6,0.7635249113461716,189172578,0.6877930006836909,2.4794412992272408,30.0,12.849999999999909,17.15000000000009,30.0,53.142867038602716,-1.220417374351654,-3.7698333797271943,34.55861515873282,25.234741784037567,35.02869066249348,-18.79917061723976
2020-03-02,1204.0,1209.0,1166.15,1179.6,43667259,HDFCBANK,1244.345,31.477765335616773,1486.3044351154072,-2.508368114384907,1.0206849779586302,1.0249237029501528,0.9885978297728045,-2.395209489122593,-6.270131368056905,-15.618996642091243,28790185.15,1.5167411662165016,32760881.2,1.3329085604693687,145505319,0.54012719455835,3.632587317734818,42.84999999999991,0.9500000000000455,43.799999999999955,43.799999999999955,51.89715143345568,-2.0568486774612875,-9.428746928746945,30.22993049994477,9.651955507714264,21.918413964230282,-20.635371049780428
2020-03-09,1175.0,1185.35,1065.0,1107.3,66841144,HDFCBANK,1238.26,43.90867496110475,1479.394653415232,-6.129196337741605,1.061139709202565,1.070486769619796,0.9617989704687077,-6.053998683505842,-11.321939050013485,-21.237533702784486,31070627.1,2.1512647229447133,38789604.4,1.7231715825387486,78664175,0.30333021163947166,10.868779915108815,120.34999999999991,5.75,114.59999999999991,120.34999999999991,61.024197908994914,-2.982554133460124,-13.63724993175527,22.487619521856928,17.58835758835757,17.491684960036466,-25.15181818159468
2020-03-16,1105.0,1120.0,919.2,999.5,96434381,HDFCBANK,1226.35,69.13013091263346,1467.0954127501905,-9.735392395917996,1.105552776388194,1.12056028014007,0.9196598299149575,-11.661559274467926,-19.99581200035439,-31.454021323997495,34441137.95,2.7999766192394344,51398358.8,1.8762151798512292,-17770206,-0.07312647573237353,20.09004502251125,200.79999999999995,12.700000000000045,188.0999999999999,200.79999999999995,79.66097152112891,-3.281492411560634,-19.456867722309525,15.609707701016717,20.78695314522391,16.009088747098584,-31.872188317571286
2020-03-23,1008.0,1010.0,765.0,771.55,155003977,HDFCBANK,1203.085,122.84095633228122,1439.5761499530447,-22.8064032016008,1.3064610200246258,1.3090532045881667,0.9915105955544036,-29.7675488690132,-47.526756819042426,-64.43374132662504,40668609.9,3.8113910797821493,77212640.4,2.007494837593975,-172774183,-0.7837329151954322,31.754260903376323,245.0,10.5,234.5,245.0,101.70617531831172,-3.5129570208873204,-40.00388802488336,8.939009784243666,1.2118408880665965,13.195717207216026,-46.40436353261577
2020-03-30,795.25,988.65,738.75,831.65,129918555,HDFCBANK,1181.43,147.16455469267245,1420.063238210991,7.789514613440485,0.9562315878073709,1.1887813383033727,0.8882943545962845,-13.593180087686834,-31.599078482945792,-48.17154495341918,45439555.5,2.859151097989944,98373063.2,1.3206720495819633,-42855628,-0.21146026929864842,30.04869837070883,249.89999999999998,217.10000000000002,32.799999999999955,249.89999999999998,121.46535194253683,-2.376795151050161,-33.72778707466731,19.41539303458792,16.410528175234056,12.803107402841519,-41.43570669094142
2020-04-06,853.8,873.6,810.0,813.85,49656818,HDFCBANK,1159.02,167.02694818816056,1412.716259094953,-2.140323453375814,1.049087669718007,1.0734164772378203,0.995269398537814,-10.71841102572117,-29.55199566821741,-47.12790225119512,46953445.95,1.0575755835445768,99570975.0,0.498707760971508,-92512446,-0.5045232164051507,7.814707870000618,63.60000000000002,41.950000000000045,21.649999999999977,63.60000000000002,113.74997168353192,-2.066552755374278,-32.917078799868115,18.680928378710902,13.266207383854448,10.296192149051699,-42.3911210223214
2020-04-13,874.0,946.7,845.35,895.35,97624774,HDFCBANK,1140.2324999999998,174.7121793083758,1400.6759903689338,10.014130368003936,0.976154576422628,1.0573518735689953,0.9441559166806277,-0.42678193874513204,-15.222355191899819,-30.924170782234732,50604036.45,1.9291894648850683,105727701.0,0.9233604162072908,5112328,0.030481761691385202,11.31959568883677,101.35000000000002,132.85000000000002,31.5,132.85000000000002,116.29664212572767,-1.4016338240951702,-24.937122736418505,32.22579310534704,27.66295707472179,19.11323087793676,-36.07729366702662
2020-04-20,930.5,960.95,843.0,944.85,116975199,HDFCBANK,1124.1875,177.29449250432532,1388.3100726355192,5.528564248617851,0.9848124040853046,1.017039741757951,0.8922051119225274,3.223002445640085,-7.873663140242219,-22.05972018562139,55073382.95,2.1239879000387427,109835864.6,1.0650000291434862,122087527,0.766413053479079,12.483462983542367,117.95000000000005,65.60000000000002,52.35000000000002,117.95000000000005,116.51708984229732,-1.011523242864551,-23.820849794404573,39.31005343719725,36.40699523052465,25.77871989636696,-31.942437167056642
2020-04-27,925.0,958.5,907.3,929.7,86538279,HDFCBANK,1108.525,180.0654826065052,1379.2869791928226,-1.6034291157326575,0.9949446057868129,1.0309777347531461,0.9759062063031084,1.0973101436040522,-8.2555945402276,-22.044691189920393,58070296.55,1.4902331164348084,96142725.0,0.9001022074213103,35549248,0.24039241175529424,5.50715284500377,51.200000000000045,13.649999999999977,37.55000000000007,51.200000000000045,107.80814452999103,-0.9931109361519554,-23.616645442221586,37.91063849204854,36.64012280533436,33.570025036860265,-32.5956081638592
2020-05-04,943.8,1019.0,917.5,923.0,77918612,HDFCBANK,1091.8075000000001,181.03927043817683,1371.3444895748432,-0.7206625793266697,1.0225352112676056,1.104008667388949,0.9940411700975081,0.2529210837910313,-7.74978447056147,-21.01972222751526,60544740.85,1.2869592124119233,85742736.4,0.9087488371784691,-42369364,-0.32307158066405073,10.996749729144096,101.5,89.29999999999995,12.200000000000045,101.5,106.96705859265889,-0.9324358167784721,-23.71585602710856,37.23425099350492,35.35450446128753,36.13387416571551,-32.693790144141175
2020-05-11,938.0,954.0,905.65,915.8,67325472,HDFCBANK,1072.4775,177.9836764210872,1364.5944815772998,-0.7800650054171188,1.0242411006770038,1.0417121642279974,0.9889167940598385,-0.35419221057064015,-7.368780831430674,-20.140245302464375,62208146.25,1.0822613445100047,89276467.2,0.7541233889685097,-109694836,-1.0032300314740972,5.279537016815902,48.35000000000002,31.0,17.350000000000023,48.35000000000002,99.15145078030437,-0.8802914017200125,-22.363513055272975,36.428353843240664,33.97294444977452,35.32252390546547,-32.888487212592985
2020-05-18,901.0,960.0,831.3,836.65,102236849,HDFCBANK,1050.2024999999999,178.2390665983189,1352.976623731062,-8.642716750382174,1.0769138827466682,1.1474332158011116,0.993605450307775,-6.565365227546841,-15.022492237331766,-28.88043617681285,66356085.0,1.5407305750482416,90198882.2,1.1334602658745587,-211931685,-2.541453827696732,15.382776549333657,128.70000000000005,44.200000000000045,84.5,128.70000000000005,103.09125734293048,-1.1981239807615445,-24.442337216653122,28.581602327681935,18.785378489878145,29.370942466980065,-38.162272331594615
2020-05-25,860.85,884.0,826.1,838.85,89003506,HDFCBANK,1030.0975,178.2687477960939,1343.3124155345724,0.2629534452877502,1.026226381355427,1.0538236871907969,0.9848006198962865,-4.190588557848702,-12.617854168067124,-26.163893644139307,69808418.9,1.274968082682073,84604543.6,1.0519943990336709,-122928179,-1.954770696983586,6.902306729451031,57.89999999999998,47.35000000000002,10.549999999999955,57.89999999999998,97.06575636387308,-1.0728044167267694,-16.07303651825913,29.071595706316543,20.376590330788808,24.37830442348049,-37.553618182991414
2020-06-01,857.0,995.0,848.75,987.65,130868715,HDFCBANK,1015.18,167.9097889061986,1333.7465949007928,17.738570662216112,0.8677162962587962,1.0074419075583456,0.8593631347137144,7.671222793667538,3.7279079758881117,-6.55962841232968,75045127.95,1.7438669048201683,93470630.8,1.4001051868369332,7940536,0.16675055518910417,14.80787728446312,146.25,156.14999999999998,9.899999999999977,156.14999999999998,104.94365551535667,-0.16395708778705795,28.0085542090597,53.805717397730064,52.92929292929293,30.697087249986623,-25.949201761713685
2020-06-08,986.7,1066.65,975.2,1015.9,115728919,HDFCBANK,1003.2299999999999,158.17362828299915,1326.362463486414,2.860325013921927,0.9712570134855794,1.0499557043016046,0.9599370016733931,6.82579203475784,5.490024309804868,-3.296730896726343,79183538.85,1.4615274927182673,101032692.2,1.1454601127614017,123669455,3.108308586434807,9.001870262821148,91.45000000000005,79.00000000000011,12.449999999999932,91.45000000000005,103.14450144664245,0.08010184844044493,22.154752600252504,57.08408821622346,62.05776981639052,45.121217692157416,-23.40706044035256
2020-06-15,1020.0,1026.75,928.0,949.85,101948769,HDFCBANK,990.0625,150.55221150204255,1318.8114893562022,-6.501624175607834,1.0738537663841659,1.0809601516028846,0.9769963678475548,0.23113974354580644,-0.9273803866799223,-9.606397334476249,82391418.75,1.2373712037820686,107957351.6,0.9443429973878685,21720686,0.7555981668076762,10.39637837553298,98.75,10.850000000000023,87.89999999999998,98.75,102.55856792042347,-0.2671000286133586,16.710696074215157,47.91114553507681,55.370491803278696,56.78585151632071,-27.976817940547082
2020-06-22,975.0,1045.95,952.0,1028.75,100401731,HDFCBANK,981.8599999999999,143.2153343744931,1313.1935261132446,8.306574722324566,0.9477521263669502,1.0167193195625759,0.9253948967193195,5.255276199534699,5.839925907067865,-1.1001216354536247,85576628.9,1.1732377436522274,107590328.0,0.9331854718390672,122122417,4.972225375888798,9.132442284325643,93.95000000000005,96.10000000000002,2.1499999999999773,96.10000000000002,101.69742553103367,0.3274090739291064,14.899201429608521,57.356148907237326,88.4415980481854,68.62328655595154,-21.660442307778734
2020-06-29,1039.0,1082.6,1007.0,1076.05,112444163,HDFCBANK,973.6475,131.87586415281038,1308.158796680106,4.597812879708374,0.9655685144742345,1.0060870777380233,0.9358301194182427,6.279984133495225,8.55336550497207,3.06528108535832,89529306.6,1.2559481053771504,112278459.4,1.001475827161198,234566580,9.641769538901617,7.02569583197806,75.59999999999991,53.84999999999991,21.75,75.59999999999991,98.2177687935625,0.7765067600341304,13.885801979150125,62.108720090295684,98.09509960738696,80.635729819617,-17.743166752320924
2020-07-06,1074.0,1119.9,1056.3,1103.0,85352064,HDFCBANK,967.9400000000002,122.95072140794746,1304.9050100471402,2.504530458621823,0.9737080689029919,1.01532184950136,0.9576609247506799,5.713252902295281,9.246612318320318,4.980912120799202,92500281.35,0.9227222096443927,103175129.2,0.8272542487884764,319918644,10.78632628290471,5.766092475068009,63.600000000000136,43.850000000000136,19.75,63.600000000000136,93.60206628775418,1.0984888779291835,18.640421641389683,64.69543525608984,94.5466279444982,93.69444186669017,-15.472774530909824
2020-07-13,1109.4,1129.7,1071.3,1080.25,61004853,HDFCBANK,961.4550000000002,112.48960408106012,1302.38692702753,-2.06255666364461,1.0269844943300164,1.045776440638741,0.9917148808146262,2.485053121179771,6.2874440867053005,2.7314978601910673,94344701.95,0.6466166275275408,92230316.0,0.661440355468369,258913791,7.811146240507838,5.406155982411487,58.40000000000009,26.700000000000045,31.700000000000045,58.40000000000009,88.90845744938697,1.0560531434922293,17.036836403033597,60.661812707934416,83.71212121212119,92.1179495880021,-17.056139187032425
2020-07-20,1062.6,1152.9,1034.1,1133.05,82390010,HDFCBANK,959.1274999999999,108.13577415135872,1299.8617562115267,4.887757463550102,0.9378226909668593,1.0175190856537666,0.9126693438065399,4.686158971598461,9.132375805881757,6.658848991526215,96280839.5,0.8557259204205422,88318564.2,0.9328730686045279,341303801,7.949011758852853,10.484974184722667,118.80000000000018,72.65000000000009,46.15000000000009,118.80000000000018,92.8939964561354,1.6083715251953434,23.72242847783359,66.29013611395936,93.92594859241122,90.7282325830102,-12.833038237674051
2020-07-27,1152.05,1157.95,1075.35,1079.5,74975986,HDFCBANK,957.7375,106.2938762347007,1296.9114363521842,-4.726181545386343,1.0672070402964335,1.0726725335803613,0.9961556276053728,-0.02800529703897427,3.964087929746038,1.859494931938923,96687581.6,0.7754458717374725,83233415.2,0.9007918973388467,266327815,5.090381430925949,7.651690597498854,82.60000000000014,24.90000000000009,57.700000000000045,82.60000000000014,91.52146359531736,1.1455269514411541,29.026474630968746,56.78287282876988,76.35980111496157,84.66595697316465,-16.763784346269333
2020-08-03,1079.0,1094.4,993.0,1002.0,82830944,HDFCBANK,957.8625,106.3470298437,1292.612923532952,-7.179249652616948,1.0768463073852295,1.0922155688622754,0.9910179640718563,-5.1764682090176795,-2.969005200888924,-5.253611729099402,96007409.75,0.8627557416212867,77310771.4,1.0714023738223881,183496871,2.941448378394256,10.119760479041926,101.40000000000009,14.900000000000091,86.5,101.40000000000009,92.8386017826084,0.4150327476457938,19.449245991536035,45.81129041831531,53.00587614886243,74.4305419520784,-22.482594614531063
2020-08-10,1008.0,1064.0,1003.0,1050.65,87092953,HDFCBANK,971.8174999999999,98.64515256715794,1288.9606734215708,4.855289421157694,0.9594060819492695,1.01270641983534,0.9546471232094417,-0.20420447369769745,1.5419489611540942,-0.34822161504255744,92611858.55,0.9404082194612216,77658949.2,1.1214799311242805,270589824,3.20030091056154,5.805929662589825,61.0,62.0,1.0,62.0,88.72678821159394,0.799152294344426,6.378777907153355,52.46406754743451,67.66611420822663,65.67726382401688,-18.488591493561284
2020-08-17,1048.5,1071.35,1020.2,1032.75,50590683,HDFCBANK,981.8724999999998,93.73260887814403,1286.733750699259,-1.703707228858331,1.0152505446623095,1.0373759380295327,0.987847978697652,-1.2939868831053054,-0.14105307518495375,-1.9135358216968532,88645464.95,0.5707080788457187,75576115.2,0.6694004166014609,219999141,2.2519182188098332,4.952795933188077,51.149999999999864,20.699999999999818,30.450000000000045,51.149999999999864,83.7165497833814,0.5427940245015783,1.658627817698588,49.865053948425526,62.272110893475954,60.98136708352166,-19.73864061319871
2020-08-24,1028.0,1122.95,1022.0,1117.05,63339375,HDFCBANK,997.0325,89.55301910187627,1284.9071192728127,8.162672476397969,0.9202810975336825,1.005281768944989,0.9149098070811513,4.233552688762346,6.356789837980956,5.296074085132587,89329592.8,0.7090525436717316,71765988.2,0.8825820780657765,283338516,2.432368875680265,9.037196186383783,100.95000000000005,90.20000000000005,10.75,100.95000000000005,86.01434314559722,1.340183739237948,17.60277938621886,60.498665892830495,87.67515443724572,72.53779317964943,-13.06375509599563
2020-08-31,1119.0,1148.8,1095.0,1115.85,75318908,HDFCBANK,1008.0575000000001,89.94804827318796,1282.7703861037487,-0.10742580905063193,1.002822960075279,1.0295290585652195,0.9813146928350586,2.7537094477943285,5.3623582958666605,4.761375866288102,88214299.5,0.8538174471362208,71834572.6,1.04850499242756,208019608,1.6427093899990057,4.821436573016083,53.799999999999955,31.75,22.049999999999955,53.799999999999955,81.71909739285093,1.1983862025845753,8.466585662211411,60.28863784041385,86.38421733505818,78.77716088859329,-13.012491394562684
2020-09-07,1128.0,1145.95,1099.0,1110.5,54874955,HDFCBANK,1016.3399999999999,91.43581527928391,1281.1985157086954,-0.4794551238965772,1.015758667266997,1.0319225574065736,0.989644304367402,1.523473923050457,4.205509104863548,3.944003741886052,85109287.3,0.644758718359048,66243374.8,0.8283840484527971,153144653,1.1947170185703366,4.227825303917158,46.950000000000045,30.100000000000136,16.84999999999991,46.950000000000045,77.08321774047081,1.0297934098623756,3.2015240927466326,59.23084678184429,79.36507936507935,84.47481704579441,-13.323346352323352
2020-09-14,1114.0,1118.8,1052.35,1057.95,43994633,HDFCBANK,1022.7524999999999,89.5168779660424,1279.5772478133122,-4.732102656461046,1.0529798194621673,1.0575168958835484,0.9947067441750554,-2.245337497646361,-0.4737859383435794,-0.7583079139681121,82982105.0,0.5301701252336272,57623710.8,0.763481427856951,109150020,0.8277411792842877,6.2810151708492885,66.45000000000005,8.299999999999955,58.15000000000009,66.45000000000005,75.66545537507471,0.39319400765241197,-4.084315503173164,49.406279784355036,56.51228527940858,74.08719399318203,-17.320349216278586
2020-09-21,1068.0,1096.0,1041.5,1049.3,48429433,HDFCBANK,1029.0674999999999,86.51400293562435,1277.7509614424218,-0.8176189801030409,1.0178214047460212,1.044505861050224,0.9925664728866864,-2.0588041587311956,-1.1160434848843048,-1.4565083415458222,81507646.05,0.5941704287508375,57191460.8,0.8467948243070581,60720587,0.44315317080189853,5.19393881635376,54.5,38.049999999999955,16.450000000000045,54.5,72.84339465839808,0.23386387536657172,-2.865077528349924,47.89735260724262,47.24447681476083,61.04061381974958,-17.879146119720325
2020-09-28,1054.05,1059.0,1025.0,1054.2,45492155,HDFCBANK,1035.9875,82.41524174790892,1276.097865355323,0.46697798532355783,0.9998577120091063,1.0045532157085941,0.9723012711060519,-1.0562848313138846,-0.5537559384414084,-0.9028533667413009,80415980.2,0.565710383519021,53622016.8,0.8483857511304946,106212742,0.7185528672311086,3.2251944602542206,34.0,9.700000000000045,24.299999999999955,34.0,67.66427537061168,0.22098460932394445,-6.959092714355053,48.91709297242426,37.102152167323446,46.95297142049761,-17.388781172636516
2020-10-05,1058.0,1132.0,1051.0,1114.35,34800987,HDFCBANK,1049.8725,69.43476581616171,1275.1880247025433,5.705748434832092,0.9494324045407637,1.0158388298111007,0.94315071566384,2.9323309737089587,4.177628590423659,4.165008883249912,77044187.1,0.45170165732075074,45518432.6,0.7645471298587728,141013729,0.8522420633669869,7.268811414726074,81.0,77.79999999999995,3.2000000000000455,81.0,69.44237198786345,0.9286054218244675,3.2283464566928988,60.00446836914259,73.56774780236428,52.63812559481618,-12.612887008569679
2020-10-12,1135.05,1242.75,1126.2,1213.65,69937384,HDFCBANK,1068.6125,59.325759637587474,1274.5001548280832,8.911024363979013,0.9352366827339018,1.0239772586824867,0.9279446298356198,7.249560153560249,10.300927252318179,11.005647848744506,76090881.0,0.9191296392007867,48530918.4,1.441089233539005,210951113,1.1580792417971633,9.603262884686686,116.54999999999995,128.4000000000001,11.850000000000136,128.4000000000001,77.30338905614835,2.4447643129394945,21.12275449101797,71.70345192047363,88.34834834834838,66.33941610601204,-4.774432909840732
2020-10-19,1213.4,1235.0,1164.0,1203.55,68683500,HDFCBANK,1079.4075,63.3261945364755,1273.7297524681017,-0.8322003872615724,1.008184121972498,1.0261310290390928,0.9671388808109344,4.3141421518941865,8.184160211594934,9.403919628592938,72981620.25,0.9411068124374781,53468691.8,1.2845554601730504,142267613,0.7532473132070756,5.8992148228158365,71.0,21.34999999999991,49.65000000000009,71.0,76.46293718199524,1.9603657050400307,14.552895826393165,69.32366431068371,84.3043043043043,82.07346681833899,-5.509783557470856
2020-10-26,1207.5,1251.0,1204.6,1210.9,60202256,HDFCBANK,1089.1575,67.88138120627438,1273.137405614657,0.6106933654605351,0.9971921711123957,1.0331158642332148,0.9947972582376743,3.263294952466341,7.492688571191505,9.124340171148425,70205287.1,0.8575174105370194,55823256.4,1.078444001342781,202469869,1.0500873800124506,3.831860599554058,46.40000000000009,47.450000000000045,1.0499999999999545,47.450000000000045,72.59454555772922,1.7934593821839797,17.250060518034395,70.15538590043218,84.45736434108531,85.70333899791267,-4.888506561835664
2020-11-02,1226.0,1236.0,1176.35,1215.25,48699209,HDFCBANK,1102.4275000000002,65.09937236942146,1272.6992741693698,0.35923693120818445,1.008845916478091,1.0170746759925942,0.9679901254885825,2.4063766621087477,6.706130960135733,8.662161327962686,67542809.1,0.7210124904325308,56464667.2,0.8624722576953398,251169078,1.2295043619114596,4.90845505040116,59.65000000000009,25.09999999999991,34.55000000000018,59.65000000000009,70.86860615003201,1.7330812248044785,8.791012040642766,70.69791476024493,86.14341085271317,84.96835983270093,-4.513970844122953
2020-11-09,1226.45,1345.95,1225.5,1340.55,67498572,HDFCBANK,1118.0175000000002,81.73565426195248,1273.4036676243663,10.310635671672497,0.9148856812502332,1.0040281973816718,0.9141770168960501,7.6855764368493675,13.222478395949386,15.76614120397556,65897651.15,1.024294050274355,63004184.2,1.0713347511291162,318667650,1.4883216614927857,8.985118048562162,120.45000000000005,130.70000000000005,10.25,130.70000000000005,78.84612533002775,2.722587859721673,20.13711520365642,81.73392088558128,98.4254264470039,89.67540054693411,5.272980915855247
2020-11-16,1357.0,1414.8,1347.0,1369.7,64497522,HDFCBANK,1132.7,98.4631697106666,1274.3495389411303,2.1744806236246417,0.9907278966196977,1.032926918303278,0.9834270278163101,6.433476670034036,12.916526088313358,16.095574852211193,63500319.1,1.0157039037619575,61916211.8,1.0416903768004748,383165172,1.7295372954337465,4.949989048696792,67.79999999999995,74.25,6.4500000000000455,74.25,78.23330861935739,2.4069913724738194,23.340837460603336,83.41105420953492,88.57070451089713,91.04651393687139,7.48228473783554
2020-11-23,1385.8,1423.65,1365.05,1394.6,57920778,HDFCBANK,1147.28,114.17044322091863,1275.4009834061362,1.817916332043512,0.9936899469381902,1.0208303456188155,0.9788111286390363,5.4027118862974355,12.404027237607988,16.127515513756048,62128754.8,0.932270060561394,59763667.4,0.9691637163485051,441085950,1.9379842666486549,4.201921697977925,58.600000000000136,53.950000000000045,4.650000000000091,58.600000000000136,75.61553413677642,2.1662349117926984,31.820974526206335,84.78771051993161,92.7673347441802,93.25448856736041,9.346003189955688
2020-11-30,1408.0,1464.4,1387.0,1440.85,55122354,HDFCBANK,1165.31,130.35409629563037,1276.7663780411763,3.3163631148716455,0.9772009577679842,1.016344518860395,0.9626262275740015,5.626133646403341,13.042097007560876,17.251435176592867,61834629.85,0.8914479496961039,58747687.0,0.9382897747106197,496208304,2.0721528865708274,5.371829128639352,77.40000000000009,69.80000000000018,7.599999999999909,77.40000000000009,75.85346291853958,2.1137809077752503,37.31535309253788,87.08475626958719,94.64041875284475,91.99281933597403,12.85149928607627
2020-12-07,1440.85,1449.0,1358.1,1372.25,62100793,HDFCBANK,1177.27,137.98822260955902,1277.6459535028546,-4.761078530034347,1.0499908908726543,1.0559300419019857,0.9896884678447804,0.6055333281934842,7.452851973043703,12.021863977417398,60820169.0,1.021055909923565,61428003.8,1.0109524835316235,434107511,1.7783617635783926,6.624157405720539,90.90000000000009,8.150000000000091,82.75,90.90000000000009,77.85966786273431,1.4130191425952388,30.169797002466314,69.20136069076483,79.02822030040963,88.81199126581153,7.404558848073246
2020-12-14,1375.0,1410.05,1365.15,1372.15,49916685,HDFCBANK,1191.9025,142.51708713343058,1278.3405608134444,-0.007287301876468533,1.0020770323944175,1.0276208869292716,0.9948985169259921,0.3988597503254103,6.382377678414515,11.014164588001885,59567203.95,0.837989391644091,57911626.4,0.861945832003088,384190826,1.5367729005320547,3.2722370003279426,44.899999999999864,37.799999999999955,7.099999999999909,44.899999999999864,73.46504548103638,1.2647430818681045,23.134562749584987,69.17746628222257,79.00546199362768,84.22470034896068,7.338376177852172
2020-12-21,1380.8,1445.0,1366.0,1372.65,53537874,HDFCBANK,1210.435,140.60937127187336,1279.0782089893573,0.03643916481435028,1.0059374203183622,1.0527082650347868,0.9951553564273485,0.2900935690860801,5.499838913115795,10.126030265890478,58102550.45,0.9214375889759242,55719696.8,0.9608428809684406,437728700,1.6662047486353626,5.755290860743816,79.0,72.84999999999991,6.150000000000091,79.0,74.2030394168982,1.1536571035962568,13.100976393523677,69.23874414700023,79.11925352753755,79.05097860719162,7.315564470805658
2020-12-28,1384.8,1421.0,1345.0,1412.85,32485167,HDFCBANK,1228.545,142.26181469758657,1279.7100770367101,2.9286416785050617,0.9801465123686166,1.0057684821460169,0.9519765013978838,2.084768110606678,7.0188548278333265,11.62629023423224,55372161.15,0.58666966080662,50632574.6,0.6415863158576178,470213867,1.7243453805806437,5.3791980748133215,76.0,48.34999999999991,27.65000000000009,76.0,74.44263416131179,1.2955338745803762,17.390220597399363,74.02871323455837,88.26809285389163,82.13093612501895,10.403912991885466
2021-01-04,1421.05,1444.0,1399.0,1416.0,38704476,HDFCBANK,1247.7075,140.29850158162932,1280.4727957824318,0.22295360441662027,1.003566384180791,1.0197740112994351,0.9879943502824858,1.535058674703687,6.1934558374723485,10.837643934309405,54777850.8,0.7065716422740704,47348999.0,0.8174296567494489,508918343,1.7723874029707267,3.1779661016949152,45.0,31.15000000000009,13.849999999999909,45.0,70.51694960647022,1.1995316992183487,16.93781484845982,74.3892776669405,88.29221093372036,85.22651910504983,10.584153342731064
2021-01-11,1419.2,1464.9,1409.0,1451.45,43757936,HDFCBANK,1264.4275,143.79045012117612,1281.5477634620022,2.503531073446341,0.9777808398498053,1.009266595473492,0.970753384546488,2.626634553207907,7.272491134005408,11.930721113415508,53798778.85,0.813362996993007,43680427.6,1.0017744423362742,552676279,1.838552150433266,3.851321092700409,55.90000000000009,48.90000000000009,7.0,55.90000000000009,68.56802299227421,1.300660091420474,19.436329973256527,78.3011122508194,96.02893416002361,90.86307931587852,13.25758129209481
2021-01-18,1452.45,1502.85,1445.0,1483.1,53305420,HDFCBANK,1282.79,147.22645250017834,1283.0797176291157,2.1805780426469967,0.979333827793136,1.0133167015036073,0.9743105657069652,3.1364163901079234,7.9297170539230315,12.659311395092269,52698104.45,1.0115244287501122,44358174.6,1.201704544442638,605981699,1.890725638975967,3.900613579664211,57.84999999999991,51.399999999999864,6.4500000000000455,57.84999999999991,67.13895325997098,1.3605571322161505,10.633695125135212,81.25121513167326,94.17146229895233,92.83086913089876,15.589076783201214
2021-01-25,1491.8,1511.65,1440.15,1462.85,46388221,HDFCBANK,1300.4075,146.60494200310788,1284.2609877900163,-1.3653833187242892,1.019790135694022,1.0333595378883687,0.9844823461052057,1.1970328004325066,5.704459511622565,10.496079116717064,52273767.75,0.8874091728350689,42928244.0,1.0805990806425718,559593478,1.641880998291067,4.887719178316301,71.5,28.550000000000182,42.94999999999982,71.5,67.72042615864152,1.108028813902851,6.800759290355551,73.83998175612737,85.44586937071274,91.88208860989623,13.905975024383741
2021-02-01,1468.0,1482.5,1342.0,1476.75,60667884,HDFCBANK,1321.3475,139.90758930826593,1285.9010946182768,0.9501999521482007,0.9940748264770611,1.0038936854579312,0.9087523277467412,1.4180145283506356,5.650304634159212,10.393661909304518,53107430.3,1.142361504921092,48564787.4,1.2492154758202443,620261362,1.6929445773402745,9.514135771119012,140.5,19.65000000000009,120.84999999999991,140.5,77.42436933748931,1.1107510376552427,5.890577943496345,75.6025378856615,89.59141067700564,89.73624744889024,14.841647322679757
2021-02-08,1501.0,1631.65,1497.4,1605.25,65822220,HDFCBANK,1349.145,138.23041490663664,1288.8262500244646,8.70154054511596,0.9350568447282355,1.0164460364429218,0.9328142033951099,6.2063242297635055,11.316841988205447,16.10274840212947,53977069.65,1.219447821580659,53988336.2,1.2191933412461782,686083582,1.7253525469767306,8.363183304781186,134.25,154.9000000000001,20.65000000000009,154.9000000000001,87.75445342582408,1.8527398631696073,11.409931637575044,85.80461119599897,93.49993844638678,89.5124061647017,24.55131170470256
2021-02-15,1610.0,1628.0,1564.2,1616.6,36061670,HDFCBANK,1377.2649999999999,132.14231572536065,1290.4629045672555,0.707054975860455,0.9959173574168008,1.0070518371891626,0.9675862922182359,4.576560670472121,10.233838533200245,15.300801352514618,53505545.4,0.6739800469354715,52449083.0,0.6875557767139608,722145252,1.6855029338734642,3.9465544970926607,63.799999999999955,22.75,41.049999999999955,63.799999999999955,84.56052630238086,1.8111912046208152,17.806522135179435,86.38485011457296,94.80407388227164,92.63180766855469,25.272876444450098
2021-02-22,1621.2,1641.0,1533.0,1548.0,44001845,HDFCBANK,1398.9475,121.91320626511235,1292.022491936967,-4.24347395768897,1.0472868217054263,1.060077519379845,0.9903100775193798,0.23189835481705695,5.362139187581129,10.58505760827017,53965588.3,0.8153685781277771,50588368.0,0.8698016310785119,678143407,1.4894382675566809,6.976744186046512,108.0,24.40000000000009,83.59999999999991,108.0,87.68578946206343,1.222611598581622,12.815654265204234,67.22244462458677,68.89632107023411,85.73344446629751,19.81215572178453
2021-03-01,1553.75,1636.25,1516.25,1558.9,47056336,HDFCBANK,1416.21,118.69543688297297,1293.739710686266,0.7041343669250688,0.9966963884790557,1.049618320610687,0.9726409647828597,0.6196585854370679,5.1633064316645845,10.27606864635451,52821535.9,0.8908551256268942,50721991.0,0.927730459161195,725199743,1.5076482545420413,7.69773558278273,120.0,88.25,31.75,120.0,91.99435086712164,1.2021523636219005,13.568644592576407,68.50337847513131,72.54180602006693,78.74740032419088,20.495644303372224
2021-03-08,1575.7,1596.0,1512.5,1519.5,38093379,HDFCBANK,1432.0075000000002,109.57738346530716,1294.9095770930167,-2.527423183013666,1.0369858506087528,1.0503455083909181,0.9953932214544258,-1.3048214242238347,2.3179119426438732,7.287100885204695,51292029.85,0.7426763789891228,46207090.0,0.8244054970784787,687106364,1.351890789104189,5.495228693649227,83.5,37.09999999999991,46.40000000000009,83.5,90.86177075150542,0.7984539987460137,7.548572035247902,58.90268002999998,59.36454849498328,66.93422519509477,17.344100845340375
2021-03-15,1545.0,1600.0,1515.3,1528.65,26991700,HDFCBANK,1447.895,98.2852587062021,1295.7646666377755,0.6021717670286364,1.0106957119026592,1.0466751709024302,0.9912668040427828,-0.46562921711231375,2.48794717851738,7.188545870853045,49631502.05,0.5438420939347735,38440986.0,0.702159408710276,714098064,1.337670027110345,5.540836685964743,84.70000000000005,80.5,4.2000000000000455,84.70000000000005,90.04020131797137,0.8216389829261773,7.955508474576267,60.3902114280838,62.42474916387963,64.77703455964328,17.972810909137603
2021-03-22,1530.9,1540.4,1460.4,1469.15,44051493,HDFCBANK,1460.59,81.6425675864188,1296.793713830722,-3.892323291793409,1.0420311064220809,1.0484974304870163,0.9940441752033489,-3.022965253259259,-1.2525023967557911,3.1439084448079204,49399116.25,0.8917465805878663,40038950.6,1.1002159731928638,670046571,1.2077674663247209,5.445325528366742,80.0,11.75,68.25,80.0,88.70150780890853,0.10484726599196427,1.2194701849874257,47.492294619842866,42.52508361204016,54.77146042363435,13.290956327983613
2021-03-29,1470.0,1507.45,1450.25,1491.3,36057971,HDFCBANK,1468.1275,76.79154708654505,1297.7340702754425,1.5076745056665342,0.9857171595252464,1.010829477636961,0.9724736806812848,-0.9951896116702897,0.21547035882759186,4.200619370604219,47827086.2,0.753923641704102,38450175.8,0.9377842948640043,706104542,1.229819582075028,3.8355796955676285,57.200000000000045,38.299999999999955,18.90000000000009,57.200000000000045,84.50130676772073,0.3017584731543981,0.5528959611624362,51.90455971599842,49.933110367892965,51.62764771460425,14.915685282384034
2021-04-05,1506.65,1562.55,1431.0,1449.6,54076459,HDFCBANK,1472.1225,73.40514372302322,1298.827242783473,-2.796218064775702,1.0393556843267109,1.077918046357616,0.9871688741721855,-2.6003156125294016,-2.275703082947264,1.3244010037943141,47306033.05,1.1431197146216852,39854200.4,1.3568572059471051,652028083,1.1096535308015751,9.074917218543044,131.54999999999995,71.25,60.299999999999955,131.54999999999995,90.77446586535797,-0.3068245474047883,-0.9057661414362372,43.89257910552662,35.986622073578566,42.81493868450389,11.608376560797337
2021-04-12,1460.0,1462.65,1353.0,1367.05,54242225,HDFCBANK,1470.7450000000001,75.17366892734246,1299.3163030480416,-5.694674392935983,1.0679931238798874,1.0699316045499434,0.9897223949380052,-5.863924758627509,-7.244290901079192,-4.247993328328472,47122105.4,1.1510993521949042,43083969.6,1.258988563579341,597785858,1.0039547250431267,8.020920961193818,109.65000000000009,13.050000000000182,96.59999999999991,109.65000000000009,93.29120374997692,-1.3794058675016168,-7.428474691044529,32.45089434565031,8.377926421404668,31.432552954292063,5.213026019381357
2021-04-19,1368.0,1445.0,1361.0,1412.4,46360717,HDFCBANK,1469.3225,76.03340241559911,1300.0049441916078,3.3173622032844463,0.9685641461342396,1.0230812800906257,0.9636080430472953,-1.6431975555941398,-3.2578637433670945,-0.8256874866896637,46684023.55,0.9930745782943553,46957773.0,0.987285257331092,644146575,1.0685412245893215,5.94732370433305,84.0,77.95000000000005,6.0499999999999545,84.0,92.05237658331333,-0.7486512268497616,-12.013705030369092,42.029722410722144,23.54515050167227,22.636566332218496,8.645740642031463
2021-04-26,1425.0,1434.6,1371.05,1404.8,57278031,HDFCBANK,1470.95,74.1717760904965,1300.7875020036795,-0.5380911922968079,1.014379271070615,1.0212129840546698,0.9759752277904328,-1.462059713136479,-3.2712781185720727,-1.25689368997991,46442885.45,1.2333004387004554,49603080.6,1.1547272932883124,586868544,0.9613450859694026,4.523775626423687,63.549999999999955,22.199999999999818,41.350000000000136,63.549999999999955,88.25205970553822,-0.8918486719165375,-13.101571198812323,40.90800042020025,21.003344481605335,17.64214046822742,7.996117570018462
2021-05-03,1407.25,1503.65,1377.3,1414.45,63241000,HDFCBANK,1473.065,71.7704456473467,1301.7169764227299,0.6869305239179946,0.9949096822086323,1.0630633815263884,0.973735374173707,-0.5132272779827969,-2.200042318904404,-0.5189017411079353,47109101.2,1.3424369896490405,55039686.4,1.1490072734135346,650109544,1.0422397508216503,8.932800735268135,126.35000000000014,98.85000000000014,27.5,126.35000000000014,93.33178507813315,-0.816701073419724,-8.627260981912144,43.13162348544429,24.230769230769244,22.926421404682277,8.660332900249458
2021-05-10,1409.95,1430.0,1381.7,1419.85,35246684,HDFCBANK,1475.425,69.0180039440344,1302.2529411899527,0.3817738343525612,0.9930274324752616,1.007148642462232,0.9731309645385077,-0.08730233162789128,-1.5525884673779538,-0.12522251439772394,46194541.7,0.763005383382773,51273731.4,0.6874218637421032,685356228,1.0773612696899144,3.4017677923724308,48.299999999999955,15.549999999999955,32.75,48.299999999999955,87.3275470677154,-0.8052246779704746,-8.919751106549501,44.480561223664694,23.21180555555552,22.815306422643364,9.030277843150131
2021-05-17,1396.0,1442.6,1381.3,1440.25,27009397,HDFCBANK,1476.795,67.97457903315428,1302.731047088813,1.4367714899461204,0.9692761673320605,1.0016316611699356,0.9590696059711855,0.8869033313374519,-0.09786559004533772,1.1852242632793286,45920753.2,0.5881740850888307,45827165.8,0.5893752434500324,712365625,1.098904085127582,4.256205519875018,61.299999999999955,22.75,38.549999999999955,61.299999999999955,83.85720745868669,-0.5376274560255153,-5.215531424810793,49.68314277281597,30.29513888888889,25.912571225071215,10.556204461273706
2021-05-24,1458.95,1520.45,1428.5,1509.95,42234064,HDFCBANK,1481.4924999999998,66.78804509119092,1303.8476153374318,4.839437597639296,0.9662240471538792,1.0069538726447895,0.9460578164839895,3.6413402311152776,3.8765989889564216,5.267680590807021,46097232.6,0.916195216456443,45001835.2,0.9384964815834888,754599689,1.1424067779423561,6.089605616080005,91.95000000000005,80.20000000000005,11.75,91.95000000000005,84.93624646419514,0.4260867339528349,-1.223301605992222,63.25690145709008,54.49652777777779,36.0011574074074,15.807244822028501
2021-05-31,1510.5,1519.5,1462.45,1515.85,42685767,HDFCBANK,1484.7125,66.81582477817032,1304.9959223548829,0.39074141527863926,0.9964706270409341,1.0024078899627273,0.9647722399973613,2.677591970169647,3.643483746530557,5.166698408427598,46043624.15,0.9270722665300881,42083382.4,1.014314072815592,797285456,1.1850867438817072,3.763564996536594,57.049999999999955,9.549999999999955,47.5,57.049999999999955,81.2180802689691,0.46601984041021494,3.1787087771840694,64.20016866646267,57.493380406001734,47.4283490242228,16.157451071925806
2021-06-07,1520.3,1527.0,1487.75,1499.85,24728791,HDFCBANK,1485.55,66.89947289539654,1305.6054395097624,-1.0555134083187645,1.0136346968030137,1.0181018101810182,0.991932526585992,1.0929216423783032,2.2419240993689846,3.8087885236615278,44614792.7,0.5542733587552902,34380940.6,0.7192587104495913,772556665,1.134287487922398,2.616928359502617,39.25,11.150000000000091,28.09999999999991,39.25,75.62233623310657,0.21375355262304258,0.5733252866626293,59.4264723421403,59.45344129554652,57.147783159775344,14.877738297657045
2021-06-14,1496.55,1502.0,1462.55,1479.45,23833730,HDFCBANK,1486.3799999999999,66.70571347736264,1306.12797923158,-1.360136013601354,1.0115583493865963,1.0152421507992835,0.9885768359863463,-0.18059931040990435,0.7662402690798646,2.275548691481716,43487068.15,0.548064769917123,32098349.8,0.7425219722666241,748722935,1.0842403464005328,2.6665314812937266,39.450000000000045,2.150000000000091,37.299999999999955,39.450000000000045,70.79935806869237,-0.1038891518992839,2.0591887417218624,53.566811169101335,51.19433198380568,56.0470512284513,13.269911028962778
2021-06-21,1486.0,1496.0,1455.0,1488.7,21877017,HDFCBANK,1486.9775,66.66842437922325,1306.6303124974902,0.625232349859739,0.9981863370726136,1.0049036071740445,0.9773627997581782,0.29458021549631414,1.1852800618508135,2.6425273520375137,41547524.8,0.5265540391469964,31071873.8,0.7040778145796923,770599952,1.1039044277695236,2.7540807415866193,41.0,16.549999999999955,24.450000000000045,41.0,66.82611032620005,0.02583681879448897,8.898723528766329,55.844711673392275,64.75781436411361,58.4685292144886,13.934292336636695
2021-06-28,1497.0,1523.0,1478.6,1508.35,28368339,HDFCBANK,1482.1325,60.89154136009545,1307.347454365729,1.3199435749311483,0.9924752212682734,1.009712599860775,0.9802764610335798,1.0623270756386556,2.1193601871926133,3.5849457552270403,39674830.75,0.7150210464350878,28298728.8,1.0024598348742788,798968291,1.135362817855009,2.943613882719534,44.40000000000009,34.299999999999955,10.100000000000136,44.40000000000009,63.83596228270673,0.43056062327207406,6.793401302747082,60.58433499229549,74.1350513004056,63.362399216108294,15.374837420843804
2021-07-05,1507.0,1509.0,1477.0,1495.45,29881537,HDFCBANK,1476.075,52.219071682347234,1308.04922823137,-0.8552391686279637,1.0077234277307834,1.009060817814036,0.9876625764819954,0.13924952112054048,1.0928790311671004,2.5238156981100364,39365824.1,0.7590730712023884,25737882.8,1.1609943689696185,769086754,1.0892670647273417,2.139824133204052,32.0,0.650000000000091,31.34999999999991,32.0,59.591167311679165,0.3710330225297697,6.452875854214124,56.02872143276804,67.97900262467195,68.95728942973038,14.32673692426828
2021-07-12,1497.0,1545.35,1484.0,1487.0,30436982,HDFCBANK,1473.025,49.50805224243634,1308.7266942107055,-0.5650473101741937,1.0067249495628783,1.0392400806993947,0.9979825151311366,-0.28547828004496917,0.4549981441976211,1.805740979776117,38687580.95,0.7867377916271603,26879521.0,1.1323483777854524,738649772,1.041695339754598,4.125756556825818,61.34999999999991,49.899999999999864,11.450000000000045,61.34999999999991,59.8256783367886,0.2822773138310033,5.12920216338506,53.01567560432869,69.66467377177025,70.5929092322826,13.621889625840577
2021-07-19,1496.1,1529.95,1466.0,1471.0,34343833,HDFCBANK,1468.6299999999999,45.197322929546445,1309.4169291653209,-1.075991930060527,1.0170632222977565,1.0400747790618627,0.9966009517335146,-0.917519239713061,-0.5380699774175848,0.6762126221503532,38051955.8,0.9025510588867025,28981541.6,1.185024367371817,704305939,0.9947268010225003,4.347382732834809,63.950000000000045,42.950000000000045,21.0,63.950000000000045,60.375587891883455,0.05243673400069452,3.602493221114922,47.44168409234177,59.66910767561706,65.77092802401974,12.340078032875226
2021-07-26,1442.0,1468.5,1428.1,1434.55,31837607,HDFCBANK,1464.3825,44.14451529081352,1309.9084076468964,-2.477906186267853,1.0051932661810323,1.0236659579659126,0.995503816527831,-2.3211324348485256,-2.650806935045606,-1.6935161758614887,37739167.2,0.8436224051070209,30973659.6,1.0278929713555707,672468332,0.9507437281102769,2.8162141438081694,40.40000000000009,2.5,42.90000000000009,42.90000000000009,58.04550950629901,-0.6757917671871715,-0.3957646241971924,37.16928902627243,36.43144004589789,55.25507383109507,9.515290658910128
2021-08-02,1436.1,1449.9,1404.0,1422.65,40844138,HDFCBANK,1459.0825,42.34912313449801,1310.473634889908,-0.8295284235474432,1.0094541876076335,1.0191543949671389,0.9868906617931325,-2.1180100677898936,-3.008097617827699,-2.332136618921431,38431789.1,1.0627696226611527,33468819.4,1.2203638709765783,631624194,0.8982346217422335,3.2263733174006317,45.90000000000009,15.350000000000136,30.549999999999955,45.90000000000009,56.426108238792494,-0.8602893591041468,-5.781648398953609,34.36617867289543,26.98601606664692,41.02885459605395,8.55998641434064
2021-08-09,1410.0,1507.35,1410.0,1503.9,38623397,HDFCBANK,1460.82,43.4816307252158,1311.386320596674,5.711172811302845,0.9375623379214043,1.00229403550768,0.9375623379214043,2.2660252131385885,2.1917471283220245,2.930106402797484,38160384.3,1.0121333343071182,35217191.4,1.096719967282797,670247591,0.9531474442087889,6.473169758627561,97.34999999999991,84.69999999999982,12.650000000000091,97.34999999999991,61.88262714028682,0.990763209233026,-0.7883365768380668,58.82776789557871,74.733313014325,46.05025637562326,14.680165286132715
2021-08-16,1489.0,1535.0,1489.0,1530.6,29466506,HDFCBANK,1462.785,45.75989136670287,1312.1726252014741,1.7753840015958477,0.9728211159022606,1.002874689664184,0.9728211159022606,2.647273538934233,3.341081092167479,4.238123242020474,37830811.05,0.7789023069332266,35023096.2,0.8413449750910371,699714097,0.9955035939244882,3.005357376192343,46.0,31.09999999999991,14.900000000000091,46.0,59.76494352158191,1.4819746720234859,2.0502050205020605,63.925665467366954,91.00883876866808,64.24272261654666,16.646237743680096
2021-08-23,1517.2,1565.35,1486.05,1524.6,27631029,HDFCBANK,1466.535,47.65632751932615,1312.8847297618152,-0.3920031360250875,0.9951462678735407,1.0267283221828676,0.9747146792601339,1.5094306172953453,2.5377290828535046,3.53948498931971,36508539.55,0.7568374232597864,33680535.4,0.8203856818736914,672083068,0.9548299263773291,5.2013642922733805,79.29999999999995,34.75,44.549999999999955,79.29999999999995,62.36961771870432,1.2184111328438523,3.0518097941802713,61.93716405018834,74.74434459250075,80.16216545849794,16.125960294823017
2021-08-30,1530.0,1571.0,1527.45,1568.25,26329797,HDFCBANK,1476.5949999999998,46.778306656845736,1313.6978607052006,2.863046044864226,0.975609756097561,1.0017535469472343,0.9739837398373984,2.8338500107884457,4.500387653053747,5.705631912529102,35112918.15,0.749860689092285,32578973.4,0.8081837532670689,698412865,0.9851945078475165,2.776980710983578,43.549999999999955,46.40000000000009,2.8500000000001364,46.40000000000009,60.24033535621043,1.9593483935269174,5.343588365688179,69.81810474053903,98.35329341317365,88.03549225811416,19.376764392244223
2021-09-06,1563.5,1598.0,1561.95,1565.7,26357944,HDFCBANK,1484.26,48.24261492430233,1314.498588219065,-0.1626016260162566,0.9985948776904898,1.020629750271444,0.9976049051542442,1.7837326347827365,3.724157850108966,5.089386521207849,34112779.5,0.7726706643766744,29681734.6,0.8880189906421438,672054921,0.9461510834007832,2.3024845117199946,36.049999999999955,29.75,6.2999999999999545,36.049999999999955,57.0149573087157,1.688134031038489,3.8021679318460677,68.85709137309674,83.35051546391755,85.48271782319732,19.110055654093387
2021-09-13,1562.5,1584.0,1553.65,1555.55,15589844,HDFCBANK,1491.7975000000001,46.93317891313563,1314.950761619264,-0.6482723382512656,1.0044678730995469,1.0182893510333966,0.9987785670663111,0.7619128009511363,2.653676345573093,4.097584843453352,32028370.15,0.4867510874573804,25075024.0,0.6217279792035294,656465077,0.919697296639486,1.951078396708554,30.34999999999991,18.299999999999955,12.049999999999955,30.34999999999991,53.45962966755359,1.358367395440943,4.018857200173853,64.76295948979782,78.11855670103091,86.60745519270738,18.297205142834077
2021-09-20,1560.0,1589.0,1535.0,1559.85,32060883,HDFCBANK,1499.0675,45.56267596165883,1315.8918801369907,0.2764295586769938,1.000096163092605,1.018687694329583,0.9840689809917621,0.6903199912468232,2.504595903098492,3.998460275858389,30469364.3,1.0522334067862387,25593899.4,1.2526767609315523,688525960,0.9620252435559574,3.4618713337820948,54.0,33.450000000000045,20.549999999999955,54.0,53.53167904521312,1.3340414871845654,4.899125756556821,65.75818222070583,80.3350515463917,80.60137457044671,18.539374210410962
2021-09-27,1562.0,1635.5,1528.95,1625.1,38121833,HDFCBANK,1509.33,49.707349874808024,1317.298336113154,4.183094528320042,0.9611716202079873,1.0063996061780813,0.9408344101901422,3.118493482799555,5.5021461111570265,7.198632949473622,30613121.75,1.245277541810972,27692060.2,1.3766340505066503,726647793,1.0123696358054397,6.556519598793918,106.54999999999995,75.65000000000009,30.899999999999864,106.54999999999995,60.60078850585137,2.329031829127404,10.475866757307939,77.08836489965655,95.50755939524834,84.65372254755697,23.36613168396246
2021-10-04,1632.0,1632.0,1565.25,1585.75,31595899,HDFCBANK,1516.605,49.712356559858016,1318.3065765650922,-2.421389452956735,1.0291660097745545,1.0291660097745545,0.9870723632350623,0.4762683310305598,2.706175615094052,4.4878071610744446,30842446.85,1.0244290653612653,28745280.6,1.0991682231134665,695051894,0.9695193755469445,4.209364653949235,66.75,6.900000000000091,59.84999999999991,66.75,61.42068337173785,1.3909016748530794,10.539890558014719,62.66093160033808,78.50971922246221,84.78411005470075,20.28689139454525
2021-10-11,1592.0,1645.0,1576.25,1633.8,30225071,HDFCBANK,1522.7975000000001,56.138216355027886,1319.4360275765862,3.030111934415891,0.9744154731301261,1.0068551842330762,0.9647753703023626,2.268838497544246,4.772214459700642,6.688749248296996,30241997.2,0.999440308128856,29518706.0,1.0239294025964418,725276965,1.0137531789528054,4.207981393071368,68.75,59.25,9.5,68.75,62.39792558883947,1.9773072107955947,14.842020173619641,70.45239575054673,95.35269709543567,89.78999190438206,23.825632001333737
2021-10-18,1625.0,1725.0,1625.0,1670.3,29008167,HDFCBANK,1530.52,65.04834922455525,1320.6374043254934,2.234055575957883,0.9728791235107466,1.0327486080344848,0.9728791235107466,2.9363301352203215,5.874142703667733,8.000502092465629,29558117.2,0.9813942750047693,32202370.6,0.9008084330288404,754285132,1.057477142570933,5.9869484523738254,100.0,91.20000000000005,8.799999999999955,100.0,67.41153551032754,2.1488631405150875,11.064565463129195,75.02095096699829,82.9595015576324,85.60730595851008,26.476805406938652
2021-10-25,1675.45,1708.0,1613.8,1657.0,29118309,HDFCBANK,1538.3775,70.41837468600531,1321.7895406545817,-0.7962641441657148,1.0111345805672902,1.0307785153892577,0.9739287869643934,1.438162230882517,4.387402650885173,6.656891223873409,29777593.1,0.9778597250024214,31613855.8,0.9210616124844854,725166823,1.0200429682446275,5.684972842486424,94.20000000000005,37.700000000000045,56.5,94.20000000000005,70.9833307756172,1.6845390216535991,8.258199398928534,70.441713162194,78.81619937694704,85.70946601000503,25.36035042155153
2021-11-01,1650.0,1673.85,1560.0,1605.3,31833621,HDFCBANK,1544.67,70.498399384575,1322.8472391605078,-3.12009656004828,1.0278452625677443,1.042702298635769,0.9717809755185947,-1.1574016002938905,1.1212463318027137,3.346475027385374,30177587.65,1.0548762667581881,30356213.4,1.0486690345904606,693333202,0.9790789212411488,7.092132311717431,113.84999999999991,16.84999999999991,97.0,113.84999999999991,76.69888667220157,0.8600195256811134,5.293191656828022,55.30143532881209,62.710280373831765,74.82866043613706,21.35188043471592
2021-11-08,1606.0,1622.0,1570.45,1600.25,21742724,HDFCBANK,1550.2475,70.2494755084199,1323.5522994692524,-0.3145829439979986,1.0035931885642868,1.0135916263083893,0.9813779097016091,-0.9844198464622311,0.6936077326004678,2.788004997973194,30170873.0,0.7206527964901778,28385578.4,0.7659778389437364,671590478,0.9550518043071893,3.2213716606780163,51.549999999999955,16.700000000000045,34.84999999999991,51.549999999999955,73.34570178257468,0.7117846736664517,2.0404909931452275,53.99347680953078,60.39682539682539,67.30776838253472,20.90568696391552
2021-11-15,1594.6,1594.6,1535.6,1557.25,29428346,HDFCBANK,1552.6924999999999,69.5621121070014,1324.3534800008981,-2.6870801437275382,1.0239845882164071,1.0239845882164071,0.98609728688393,-2.515253538524625,-1.7558723349711525,0.09506903077394589,30223873.35,0.9736788418616107,28226233.4,1.0425884879135168,642162132,0.9234990547783928,3.788730133247712,59.0,5.650000000000091,64.65000000000009,64.65000000000009,72.1862748782314,0.0655169870775302,-0.5396947052436651,43.812668557692604,29.79702866708518,50.968044812580764,17.585676597379724
2021-11-22,1555.0,1557.2,1499.05,1515.35,20129215,HDFCBANK,1553.6875,68.83879696147238,1324.8003129326714,-2.6906405522555854,1.0261655723100274,1.027617382122942,0.9892434091134061,-3.5665593527864874,-3.9166805558171784,-2.4450617167706,29736257.25,0.6769249684238591,26450443.0,0.7610161765532623,622032917,0.9041110970622459,3.8373973009535813,58.15000000000009,0.049999999999954525,58.200000000000045,58.200000000000045,70.32143822780056,-0.5569170539319096,-2.5842949439105145,36.1490871826834,12.26197949361789,34.15194451917615,14.383276121479337
2021-11-29,1502.0,1536.35,1462.0,1501.25,41952542,HDFCBANK,1554.4,68.18285592509908,1325.6564822120517,-0.9304781073679269,1.0004995836802664,1.0233805162364695,0.9738551207327227,-3.026182943211765,-4.193729157278017,-3.1233065222088063,30312035.25,1.3840226053445224,29017289.6,1.4457774167853361,580080375,0.8529634319797876,4.952539550374682,74.34999999999991,21.0,53.34999999999991,74.34999999999991,70.85857979742714,-0.7795214688335579,-3.7567714844376043,33.850058016292735,14.923954372623575,18.994320844442203,13.245778234716191
2021-12-06,1495.0,1535.95,1486.55,1503.8,30128256,HDFCBANK,1556.04,66.44354271423674,1326.2750876978184,0.1698584512905832,0.994148157999734,1.0213791727623356,0.9885290597153877,-1.9009873402920114,-3.4431834955428986,-2.702736571858271,30101256.4,1.0008969592378876,28676216.6,1.050635668583979,610208631,0.9035153548156775,3.2850113046947795,49.40000000000009,34.700000000000045,14.700000000000045,49.40000000000009,67.99743582443686,-0.7862314058820743,-7.464156051935267,34.71646074479432,15.893536121672986,14.359823329304808,13.385225580187418
2021-12-13,1513.95,1555.05,1507.2,1511.15,28786169,HDFCBANK,1559.8700000000001,61.06168451481678,1326.8864421415528,0.4887618034313146,1.0018528934917115,1.0290507229593355,0.9973860966813354,-0.9369044601048364,-2.5200444357499205,-2.0196058092823757,29948684.5,0.961183086355596,30084905.6,0.9568309564514638,638994800,0.9484885682538835,3.166462627800014,47.84999999999991,51.25,3.400000000000091,51.25,65.76444438117862,-0.7978816894279749,-4.704398549582212,37.44149382558572,18.68821292775669,16.501901140684406,13.886912399304622
2021-12-20,1502.5,1523.35,1414.1,1425.65,34334058,HDFCBANK,1560.02,60.70952712884584,1327.2744526785127,-5.65794262647652,1.0539052362080454,1.0685301441447759,0.9918984322940412,-4.6602383356772625,-7.430093630925347,-7.459825372383786,29623180.5,1.1590267290846774,31066048.0,1.1051955498169577,604660742,0.8993246761534957,7.663171185073475,109.25,12.199999999999818,97.05000000000018,109.25,71.56251846368814,-2.213326414399868,-12.740237483168071,23.996855842221933,3.7150209070441234,12.765589985491255,7.411846669915187
2021-12-27,1439.5,1457.8,1422.15,1450.8,18870761,HDFCBANK,1557.3650000000002,64.34522862937055,1327.5406055161209,1.7641076000420863,0.9922111938240971,1.0048249241797629,0.9802522746071134,-1.8972836978486882,-4.7723697181429365,-5.13056592130368,28635548.7,0.6589977093751307,30814357.2,0.6124015788328695,623531503,0.9306246318465282,2.4572649572649476,35.649999999999864,32.149999999999864,3.5,35.649999999999864,66.7741826685297,-1.65614455445976,-13.141351852960547,32.25348341926741,11.804438726278557,11.40255752035978,9.284792794413873
2022-01-03,1460.7,1523.0,1445.0,1519.65,17865109,HDFCBANK,1556.8174999999999,64.63090403650946,1327.9316752406185,4.745657568238215,0.9612081729345573,1.0022044549731846,0.9508768466423189,1.8128827081503966,-0.021858785386733356,-0.33684704947964833,28055478.85,0.6367779033648537,25996870.6,0.6872022896478932,641396612,0.9614727088686056,5.132760833086566,78.0,72.20000000000005,5.7999999999999545,78.0,68.27095831272575,-0.5750731875729942,-8.289076644538317,49.561495810232984,33.94982309424257,16.489760909188405,14.437363633535035
2022-01-10,1520.0,1572.0,1507.8,1559.15,26427400,HDFCBANK,1558.545,64.18464708207233,1328.6258531410942,2.5992827295758802,0.9748901645127152,1.0082416701407817,0.9670653881922842,2.866924160574993,2.1532514310198576,2.0213585497354707,27995297.4,0.9439942581213658,25256699.4,1.04635208193514,667824012,1.001407844081826,4.117628194849761,64.20000000000005,52.34999999999991,11.850000000000136,64.20000000000005,67.728163871029,0.009425930148473203,-2.874852052575838,56.85780922287939,46.65487294950149,30.803044923340863,17.350569109724017
2022-01-17,1561.55,1576.65,1519.0,1521.5,52818482,HDFCBANK,1556.2075,64.66210814890516,1329.7762716923562,-2.414777282493674,1.0263227078540913,1.0362471245481433,0.9983568846533026,0.3088902639765494,-0.22971204994624866,-0.36955783705659767,29319731.65,1.8014653964269827,30063162.0,1.7569170535022232,615005530,0.9280093838958101,3.789023989484068,57.65000000000009,17.5,40.15000000000009,57.65000000000009,66.38440868822515,-0.5367517545217498,-4.921106077175441,49.05361464495735,34.54486973303315,38.38318859225906,14.41774322410222
2022-01-24,1533.0,1550.9,1467.55,1486.65,32631413,HDFCBANK,1552.2549999999999,66.4428006871734,1330.3522214875409,-2.2905027932960786,1.0311774795681565,1.0432179732956648,0.9871523223354521,-1.3520436163453373,-2.2108231165909253,-2.4955495431505774,29633405.1,1.1011698753444976,29722633.0,1.0978641427897724,582374117,0.8847567976618248,5.6065650960212645,83.35000000000014,29.40000000000009,53.950000000000045,83.35000000000014,68.64648752979515,-0.9873906476170661,-4.533633006903193,42.78193207193896,24.685267097652318,35.29500326006231,11.748601309335506
2022-01-31,1458.65,1495.0,1435.0,1485.7,39989920,HDFCBANK,1548.7625,68.07620705579026,1331.0480535810734,-0.06390206168230828,0.981793094164367,1.0062596755738036,0.9658746718718448,-0.9445673833837351,-1.951011174884312,-2.347664176907228,30853408.9,1.2961264711336322,33946464.8,1.1780290005338052,542384197,0.831206147868979,4.038500370195868,60.0,8.349999999999909,51.65000000000009,60.0,67.49362252582247,-0.9263515511126905,-1.9566436796779496,42.61057612150672,27.564966313763286,28.931701048149577,11.618810155114122
2022-02-07,1508.5,1539.95,1460.0,1468.15,31560768,HDFCBANK,1544.1775,70.34053535815076,1331.531009516471,-1.1812613582822928,1.0274835677553382,1.048905084630317,0.9944487961039403,-1.4341603430590526,-2.716898702950148,-3.2735172010092914,30828403.15,1.0237561720740636,36685596.6,0.8603040682184244,510823429,0.7936458075620343,5.445628852637676,79.95000000000005,54.25,25.700000000000045,79.95000000000005,69.15447285571283,-1.080849038365901,-2.2048293089092397,39.25878409644652,25.998075998076075,26.082769803163885,10.260293564859648
2022-02-14,1476.4,1535.5,1444.55,1473.7,32485863,HDFCBANK,1536.6075,69.31262373628712,1332.0446316973996,0.37802676838196714,1.0018321232272511,1.0419352649793037,0.98021985478727,-0.7014374285413875,-1.9971974315782186,-2.64420376519869,30546604.65,1.063485234192796,37897289.2,0.8572080928680249,543309292,0.8563136467170172,6.171541019203368,90.95000000000005,67.34999999999991,23.600000000000136,90.95000000000005,72.06054314161779,-0.90759080538263,-2.0015959569091524,40.95357845207661,33.01939058171753,28.860810964518958,10.634431079241816
2022-02-21,1476.0,1534.75,1473.05,1522.1,22891366,HDFCBANK,1533.425,68.39262521798766,1332.5272370468424,3.2842505258872112,0.969712896655936,1.0083108862755403,0.9677747848367387,1.6671229054413952,1.0681089913839854,0.5680532391374578,30111378.0,0.7602231289448128,31911866.0,0.7173308511636393,566200658,0.9015473546973913,4.053610143880169,61.700000000000045,61.049999999999955,0.650000000000091,61.700000000000045,70.67913738940209,-0.16558802888328822,0.7246137047943524,53.897323547373425,66.44109504767756,41.81952054249038,14.226558203289727
2022-02-28,1489.8,1525.7,1407.15,1426.25,42698005,HDFCBANK,1523.0475000000001,68.10632646050576,1332.969052410695,-6.297220944747384,1.0445574057843996,1.0697283085013147,0.9866082383873795,-3.2941734037406563,-4.78331166398263,-5.604675887338454,30735024.7,1.3892295651872373,33925184.4,1.2585931588923067,523502653,0.8471693126008405,8.312007011393511,118.54999999999995,3.6000000000001364,114.94999999999982,118.54999999999995,77.06191907081514,-1.4212703140894278,0.042086066004976,35.909727090911474,11.268436578171038,36.90964073585537,6.997982992973842
2022-03-07,1386.5,1398.4,1297.05,1324.8,52153652,HDFCBANK,1505.7725,72.46822257301744,1332.922284167993,-7.113058720420684,1.0465730676328502,1.0555555555555556,0.9790534420289855,-7.469461965119321,-10.977742145933771,-12.550659145247161,31892298.95,1.635305503744502,36357930.8,1.4344504995867369,471349001,0.7806420837294634,7.650211352657016,101.35000000000014,27.84999999999991,129.20000000000005,129.20000000000005,84.01366319470647,-2.4972669892331916,-8.684863523573206,25.511662034627776,9.924892703862657,29.211474776570412,-0.6093591700331532
2022-03-14,1302.2,1450.0,1292.0,1442.55,62394649,HDFCBANK,1495.05,64.32201473014548,1333.6680421527226,8.888134057971019,0.9027070118886694,1.0051644657030951,0.8956361997851028,0.8685807718322469,-1.644892404779081,-3.0832695338034393,33556115.95,1.8594121290131016,42524707.0,1.4672564116667517,533743650,0.8982174997885489,10.952826591799244,158.0,125.20000000000005,32.799999999999955,158.0,93.87850810207894,-0.8162057768286148,-5.073536669627887,46.325950159237365,52.88951343755486,24.69428090652951,8.164097391996211
2022-03-21,1443.5,1493.65,1411.75,1486.5,29656933,HDFCBANK,1489.11,58.858205169603764,1334.1606129274028,3.046688156389732,0.9710729902455433,1.0048099562731247,0.9497140935082409,2.533006477141658,1.1660143932454483,-0.03254149152760692,33447281.55,0.8866769323439979,41958921.0,0.7068087618363684,563400583,0.9586064456532702,5.509586276488402,81.90000000000009,51.100000000000136,30.799999999999955,81.90000000000009,92.28137368846843,-0.04434385983193022,-4.659590161305848,52.09139324713283,68.32952748989986,43.714644543772444,11.418369392447852
2022-03-28,1481.3,1518.8,1401.6,1432.8,46965731,HDFCBANK,1480.7375,53.91914969605032,1334.6615102204953,-3.612512613521701,1.0338498045784479,1.0600223338916805,0.9782244556113903,-0.7466433425129955,-2.1755920103138626,-3.4665283709469628,34708431.9,1.3531504717734022,46773794.0,1.0041035157421696,516434852,0.8904494638181161,8.179787828029038,117.20000000000005,32.299999999999955,84.90000000000009,117.20000000000005,95.60385719667266,-0.8890626107835583,-5.82977325008216,45.24033788142487,49.4642543474442,56.894431758299625,7.353062108106459
2022-04-04,1441.0,1722.1,1430.0,1656.8,79401215,HDFCBANK,1485.715,64.84254228106259,1337.4035544780695,15.633724176437735,0.8697489135683245,1.0394133268952197,0.8631096088845969,8.582894502996687,9.975932141627041,9.645337379847655,37207075.35,2.1340353750755097,54114436.0,1.467283425073487,595836067,1.0314744890787553,17.63037180106228,292.0999999999999,289.29999999999995,2.7999999999999545,292.0999999999999,121.80334290378298,2.638468418749303,11.44519557394139,66.46711508937119,84.81748430597537,67.5370887144398,23.8818301665556
2022-04-11,1666.7,1666.7,1493.25,1496.15,80393781,HDFCBANK,1484.7549999999999,64.52203805471856,1338.7600059686408,-9.696402704007722,1.1139925809577915,1.1139925809577915,0.9980616916752999,-0.8220478728447889,0.2653234953987706,-0.05183611935926884,40220303.65,1.9988357546872972,59762461.8,1.345222043714404,515442286,0.9006109314789075,11.593088928249175,173.45000000000005,9.900000000000091,163.54999999999995,173.45000000000005,128.68956384994524,0.17660632465354806,0.7033721478091115,50.32423271711037,47.46570564984891,60.58248143442282,11.756400947866826
2022-04-18,1484.0,1506.85,1390.05,1395.45,50974149,HDFCBANK,1479.465,67.37264418299345,1339.0654893594176,-6.730608561975737,1.0634562327564585,1.0798308789279443,0.9961302805546597,-5.398453031856747,-5.941577219243649,-6.665896348237302,40671384.0,1.2533172955215883,57478361.8,0.8868406719274313,464468137,0.8198263440462831,8.370059837328457,116.79999999999995,10.699999999999818,106.10000000000014,116.79999999999995,127.10428866995254,-1.2470194842257263,-4.951810101147702,42.80511964649764,24.05254591955361,52.11191195845928,4.21073585187799
2022-04-25,1380.9,1389.55,1322.25,1365.75,108731332,HDFCBANK,1472.5625,71.68219678221394,1339.3687260023717,-2.128345694937117,1.011092806150467,1.0174263225334066,0.9681493684788578,-5.126985799404236,-7.067497563720762,-8.236693858723848,44601537.8,2.4378381859290963,73293241.6,1.4835110253876398,355736805,0.6423317994319783,4.927695405454875,67.29999999999995,5.900000000000091,73.20000000000005,73.20000000000005,119.91705018062554,-1.4900840765876575,-7.325100088213343,40.73392643535616,17.147175075563826,29.555142214988773,1.9696797069742562
2022-05-02,1372.0,1406.45,1356.1,1403.7,51870345,HDFCBANK,1467.19,72.6578800015079,1339.7155914379014,2.7786930258099973,0.977416826957327,1.0019591080715253,0.9660896202892355,-1.5232033699205998,-3.5767317788609607,-4.867903339571176,45755746.6,1.133635638239154,74274164.4,0.698363225207822,407607150,0.7516938211179393,3.586948778228976,50.350000000000136,40.700000000000045,9.650000000000091,50.350000000000136,110.64144348987548,-0.8738212565338043,-7.778726759082833,44.680382776753596,25.970704487328543,22.390141827481983,4.775969539432242
2022-05-09,1400.0,1403.6,1295.5,1319.85,53206265,HDFCBANK,1461.9,79.38182378458032,1339.6063245279804,-5.973498610814287,1.0607265977194378,1.0634541803992879,0.981550933818237,-5.315311371422289,-8.705962299603618,-10.569309334098365,46699356.95,1.1393361381178504,69035174.4,0.7707124007786963,354400885,0.6690109129951396,8.190324658105082,108.09999999999991,0.10000000000013642,108.20000000000005,108.20000000000005,110.31591769122544,-1.7894524618819978,-7.460122699386506,38.19613298049604,6.475238316670522,16.53103929318762,-1.4747858506073994
2022-05-16,1315.05,1355.0,1285.3,1305.1,43085810,HDFCBANK,1454.615,86.793648354788,1339.453311903853,-1.1175512368829743,1.0076239368630757,1.0382346180369322,0.9848287487548847,-4.3370437583693295,-8.51531749584498,-10.834031375035561,47910109.4,0.8993051892300626,61573580.2,0.699745083200473,311315075,0.6055208559983085,5.34058692820474,69.70000000000005,35.15000000000009,34.549999999999955,69.70000000000005,104.90046199906205,-1.7226490974181068,-1.4870169082125684,37.103205994067395,4.532967032967023,12.326303278988684,-2.564726340108455
2022-05-23,1312.6,1333.3,1278.3,1304.0,43158502,HDFCBANK,1443.8325,91.55374934831784,1339.296531171976,-0.08428472913952767,1.00659509202454,1.0224693251533743,0.9802914110429447,-2.9500387571819093,-7.377305563427221,-10.016899145139815,49174779.05,0.877655229647646,60010450.8,0.7191830993544212,268156573,0.5412212131694893,4.217791411042945,55.0,28.200000000000045,26.799999999999955,55.0,98.24706706585377,-1.5273268543924379,-9.6045197740113,37.01207549180705,5.7908968003605334,5.599700716666017,-2.6354530419853477
2022-05-30,1300.0,1420.5,1296.9,1401.55,44703364,HDFCBANK,1435.9524999999999,87.81184651375732,1339.5803809415304,7.480828220858893,0.9275445042988121,1.0135207448895867,0.9253326674039457,2.810293109121936,0.08255770618705646,-2.162926839206929,50088577.25,0.8924862005338752,47204857.2,0.94700771597716,312859937,0.654905688576168,8.818807748564083,123.59999999999991,116.5,7.099999999999909,123.59999999999991,101.62745812373993,-0.39177515751943726,-5.714766229397917,49.662997352121934,27.771518702118076,12.698460845148533,4.626047077138732
2022-06-06,1395.9,1404.8,1360.65,1378.45,25091407,HDFCBANK,1428.8,86.28974599079362,1339.6796034135932,-1.6481752345617329,1.0126591461424064,1.019115673401284,0.9870869454822446,0.7877283940125139,-1.3644463482649973,-3.552054313806266,48702223.5,0.5152004404891288,41849069.6,0.5995690523069598,287768530,0.6237454827935034,3.20287279190394,44.149999999999864,3.25,40.899999999999864,44.149999999999864,93.96379704057458,-0.5834992260305393,-3.793271915131202,47.07937983045346,22.566471383506105,18.709628961994895,2.8940051403049853
2022-06-13,1362.0,1382.05,1308.3,1326.6,21800186,HDFCBANK,1420.7975000000001,88.04601140879579,1339.6506588251389,-3.76147121767203,1.0266847580280416,1.041798582843359,0.9862053369516056,-2.059980800680178,-4.565368655919058,-6.966092640178455,48160662.15,0.4526554458927845,35567853.8,0.612918230112608,265968344,0.5969634307302858,5.559324589175336,73.75,3.599999999999909,70.15000000000009,73.75,91.26862410183129,-1.0698667491323735,-19.92998551424433,41.489321790329825,10.883280757097783,20.407090280907312,-0.9741837350779388
2022-06-20,1311.25,1326.0,1271.6,1322.15,33255390,HDFCBANK,1412.6200000000001,89.28707898504699,1339.591779146316,-0.3354439921604002,0.9917558522104147,1.0029119237605415,0.9617668191960064,-1.6023247640496305,-4.2148349661701765,-6.715602330866892,47823935.65,0.6953712518220989,33601769.8,0.9896916203503068,232712954,0.5411276750950783,4.11451045645351,54.40000000000009,0.599999999999909,55.0,55.0,86.43280755492046,-1.0132485128688233,-11.629849948200377,41.007147224374556,11.220865704772516,14.890205948458792,-1.3020219605580903
2022-06-27,1336.9,1376.0,1318.5,1356.25,27285111,HDFCBANK,1407.025,89.13011851396588,1339.637636199895,2.579132473622492,0.9857327188940093,1.014562211981567,0.9721658986175116,0.6348319819166814,-1.3667796500994378,-3.696428254335616,47610152.8,0.573094379986951,30427091.6,0.89673739964026,259998065,0.6227340830670219,4.239631336405529,57.5,53.84999999999991,3.650000000000091,57.5,82.57509988093108,-0.569672753122662,-2.8091296714321534,46.504200199013,18.79023307436184,13.631459845410703,1.2400639808260905
2022-07-04,1344.0,1360.2,1330.05,1355.65,26100187,HDFCBANK,1401.1225,88.38802829597714,1339.6796903404936,-0.044239631336395746,0.9914063364437723,1.0033563235348357,0.9811160697820233,0.3939024947316714,-1.2099803892370153,-3.4304631861326795,47290869.0,0.5519075363153085,26706456.2,0.9772987776641066,233897878,0.581777623086317,2.224025375281237,30.15000000000009,3.9500000000000455,26.200000000000045,30.15000000000009,75.58508656347361,-0.5144644685107143,-0.7395204100311137,46.4163896566891,18.657047724750317,16.222715501294882,1.1920991095600966
2022-07-11,1364.0,1410.0,1347.1,1406.15,33527424,HDFCBANK,1395.325,83.71440406146515,1339.903188967033,3.725150296905544,0.97002453507805,1.0027379724780427,0.9580059026419655,2.647415006451654,2.0784350899350317,0.26042849855467504,47822671.9,0.7010780173493402,28393659.6,1.180806717849079,267425302,0.6908407333481253,4.47320698360773,62.90000000000009,54.34999999999991,8.550000000000182,62.90000000000009,73.89374168834381,0.129308690915987,0.17453871909951513,54.71970871657702,34.05466970387247,23.833983500994872,4.94414906826504
2022-07-18,1405.25,1405.25,1342.05,1347.55,35061430,HDFCBANK,1391.3899999999999,84.03330730632908,1339.9299826586575,-4.167407460086059,1.042818448295054,1.042818448295054,0.9959185187933658,-1.0573942283789366,-1.86841209069658,-3.737139199184384,47440843.15,0.7390557939525154,31045908.4,1.1293414110569238,232363872,0.6237214572442739,4.689992950168828,63.200000000000045,0.900000000000091,64.10000000000014,64.10000000000014,72.58790946323131,-0.5216979005739794,2.098723339773456,45.31732151843915,32.28480340063764,28.332173609753468,0.5686877254752489
2022-07-25,1337.0,1404.6,1337.0,1396.6,35826698,HDFCBANK,1394.98,82.55954533737223,1340.132159094822,3.6399391488256327,0.9573249319776601,1.0057281970499785,0.9573249319776601,1.661228892810133,1.4651222073086572,-0.08597076271362193,46624495.45,0.7684093447921697,31560170.0,1.1351871045054573,268190570,0.7400680266882246,4.840326507231842,67.59999999999991,57.049999999999955,10.549999999999955,67.59999999999991,71.9228548681338,0.019622201083834768,7.010957014788133,53.10042130893478,83.94895903290795,50.09614404580602,4.213602406446123
2022-08-01,1396.0,1448.45,1384.25,1446.15,34186960,HDFCBANK,1395.16,82.67256529604855,1340.491853662931,3.5479020478304646,0.9653217162811603,1.0015904297617813,0.9571966946720603,3.353765640585301,4.14965233288027,3.064704304575126,45214111.0,0.756112621566307,32940539.8,1.0378384873947937,302377530,0.8619211952664818,4.439373508972102,64.20000000000005,51.850000000000136,12.349999999999909,64.20000000000005,70.89314088571597,0.6167705068471747,10.901073619631907,59.77404529881856,98.69946282160025,71.64440841838194,7.882043150680505
2022-08-08,1442.0,1464.5,1412.95,1462.05,31325466,HDFCBANK,1393.9375,81.42212759342473,1340.8685817595956,1.0994710092314008,0.9862863787148183,1.0016757292842242,0.9664170172018741,2.936538048690729,4.45031861595204,3.7756485431799156,45297537.65,0.6915489809190545,33985595.6,0.9217277333812564,333702996,0.9834080645239471,3.5258712082350097,51.549999999999955,18.34999999999991,33.200000000000045,51.549999999999955,68.31405543428717,0.8365354973296031,4.31664942385217,61.787313948421925,98.72991187143595,93.79277790864803,9.037531335202168
2022-08-15,1461.35,1491.0,1449.05,1485.15,22252619,HDFCBANK,1396.5549999999998,83.55083372287379,1341.1855260037992,1.5799733251256942,0.9839746826919838,1.003938996061004,0.9756926909739756,2.9641744174385396,5.088425892018225,4.8329605583116395,44061882.05,0.5050310600611306,31730634.6,0.70129763493605,355955615,1.0743908841835368,2.824630508702828,41.950000000000045,28.950000000000045,13.0,41.950000000000045,64.79884804304889,1.0603724230192273,7.740578185643288,64.7451682604626,97.33363719234279,98.25433729512632,10.734120761439915
2022-08-22,1494.8,1513.9,1467.7,1470.35,24794006,HDFCBANK,1387.2324999999998,60.093854828557426,1341.5008953237093,-0.9965323368010037,1.0166286938484035,1.0296187982453158,0.9981977080287008,1.3249650926916852,3.542640895140134,3.552123933357232,41331521.6,0.599881278021954,29677149.8,0.8354577904917271,331161609,1.041141499793447,3.1421090216615126,46.200000000000045,28.75,17.450000000000045,46.200000000000045,62.31900163730904,1.3831281124688557,10.835971656867184,61.24081547610544,82.02641353693761,92.69665420023877,9.604846715007136
2022-08-29,1453.3,1486.8,1428.6,1439.4,28302399,HDFCBANK,1384.395,55.871824412271856,1341.7729917825127,-2.104941000442062,1.0096568014450464,1.0329303876615255,0.9924968736973738,-0.5311646408043971,1.2588114334361422,1.355108591515572,38726952.5,0.7308191627007057,28172290.0,1.0046183324110323,302859210,0.985079862478778,4.043351396415176,58.200000000000045,16.450000000000045,41.75,58.200000000000045,61.769801419001176,0.9844854822374235,8.868131452558337,54.166591453757626,69.25299215848125,82.87101429592053,7.275970586335346
2022-09-05,1446.45,1499.0,1443.1,1495.05,28354277,HDFCBANK,1389.375,61.102959916227896,1342.1985989391687,3.8661942476031497,0.9674927259957862,1.0026420521052808,0.9652519982609277,2.1405935658901654,4.229347232890223,4.608038547924955,37595958.9,0.7541841684479552,27005753.4,1.049934677993468,331213487,1.1011686331714459,3.7390053844353095,55.90000000000009,59.59999999999991,3.699999999999818,59.59999999999991,61.48049456313434,1.729457953344327,10.23410138248848,63.027349060949355,92.22038794882373,81.16659788141418,11.388135942150448
2022-09-12,1498.9,1509.0,1471.3,1493.55,29694486,HDFCBANK,1395.7649999999999,65.05686197067543,1342.6374473265676,-0.10033109260559891,1.0035820695657998,1.0103444812694586,0.985102607880553,1.3615410311825702,3.542711132459584,4.1362150771554935,33644116.6,0.882605608375522,26679557.4,1.1130051955059794,301519001,1.0115618488810687,2.524187338890566,37.700000000000045,13.950000000000045,23.75,37.700000000000045,58.309761954716436,1.503069730662339,10.172242097886608,62.650655396588945,91.60132067684683,84.35823359471725,11.240007715703626
2022-09-19,1498.9,1540.95,1480.0,1502.6,39698591,HDFCBANK,1400.71,69.31135055521064,1343.2551300127157,0.6059388704763746,0.9975376014907494,1.0255224277918276,0.9849594037002529,1.3037533196338449,3.534568393005459,4.320793087167874,33035528.9,1.2016938224349119,30168751.8,1.3158844377512495,341217592,1.1576380940768334,4.056302409157464,60.950000000000045,47.40000000000009,13.549999999999955,60.950000000000045,58.661793694087585,1.4700333954514189,6.859154428759373,64.14256899729455,85.76201967700014,89.86124276755687,11.862591582715627
2022-09-26,1514.0,1524.0,1418.0,1426.65,28315927,HDFCBANK,1406.05,66.8231897189018,1343.4841891493493,-5.0545720750698635,1.0612273507868082,1.0682367784670381,0.9939368450566011,-2.6336664035412456,-1.372220155711437,-0.7084393146787324,31791012.0,0.8906897018566128,30873136.0,0.9171704163775264,312901665,1.0690976250159367,7.429993341043703,106.0,21.40000000000009,84.59999999999991,106.0,64.97355453487592,0.3082762149884797,5.869912062632188,46.25217355534744,48.61766689143631,75.32700241509441,6.190308119912354
2022-10-03,1432.4,1440.0,1365.0,1413.2,33094544,HDFCBANK,1411.455,62.45730099328846,1343.707275623159,-0.9427680229909252,1.0135861873761676,1.0189640532125672,0.9658930087744126,-2.4069818731069654,-2.0031607406569183,-1.5280123379063237,31291448.7,1.0576226213521396,31831565.0,1.0396769370277585,279807121,0.961196635831917,5.3071044438154535,75.0,13.349999999999909,61.65000000000009,75.0,66.31041393022579,0.027939087540584447,1.1886008878705612,43.75828905649898,39.426268373636816,57.935318314024414,5.171716015648804
2022-10-10,1429.5,1462.6,1398.2,1415.0,25247510,HDFCBANK,1417.0049999999999,57.108997585853004,1343.8808918881643,0.12737050665156957,1.0102473498233215,1.0336395759717314,0.9881272084805655,-1.5178076716489004,-1.605774916928641,-1.2822884213911356,30395899.1,0.8306222466701108,31210211.6,0.8089502988182239,305054631,1.0413276212964928,4.551236749116598,64.39999999999986,49.399999999999864,15.0,64.39999999999986,66.05569207286234,-0.03510830315285658,-2.153995090412486,44.22269719953392,38.24466781073792,42.09620102527034,5.292069300272042
2022-10-17,1401.1,1457.6,1384.0,1446.55,34860662,HDFCBANK,1419.2549999999999,57.3539860038003,1344.2249598215496,2.229681978798581,0.9685804154712937,1.007638864885417,0.9567591856486123,0.46423197475225547,0.5231137094935884,0.8495028816290979,29903764.0,1.1657616746841635,32243446.8,1.0811704535260789,339915293,1.1549936882426268,5.087967923680475,73.59999999999991,42.59999999999991,31.0,73.59999999999991,67.06159979648069,0.47590415072792835,-1.0601552614479703,52.20453280094748,53.7141456239274,43.79502726943404,7.612196115747939
2022-10-24,1458.05,1477.4,1434.0,1461.05,22043313,HDFCBANK,1423.385,57.23485802971833,1344.4719969659832,1.002384984964233,0.9979466821806235,1.011190582115602,0.9814859176619555,0.9680411407676403,1.2945934986880896,1.6807166266056681,29751359.3,0.7409178443823237,28712391.2,0.767728220420736,361958606,1.2145851634578195,2.970466445364641,43.40000000000009,30.850000000000136,12.549999999999955,43.40000000000009,63.90671982361661,0.658077984231969,-1.6227317106016326,55.57571526056111,60.823731306692785,50.927514913786034,8.670913436434061
2022-10-31,1461.1,1498.0,1445.0,1496.7,26507738,HDFCBANK,1431.8899999999999,54.67694741794905,1344.858109343799,2.4400260086923753,0.9762143382107302,1.0008685775372486,0.9654573394801897,2.2179267761157027,3.124855156348679,3.6873745184029647,29986736.9,0.8839820780899972,28350753.4,0.9349923660229785,388466344,1.2772827398571893,3.5411238057058863,53.0,36.950000000000045,16.049999999999955,53.0,62.45249051380107,1.1853258651144942,1.792090318631634,62.98267548353715,74.85080988917306,63.12956227326441,11.29055099576934
2022-11-07,1503.5,1529.0,1489.6,1508.8,31390204,HDFCBANK,1441.2225,50.74817724232905,1345.3490489778658,0.8084452462083114,0.9964872746553552,1.013388123011665,0.9872746553552492,2.0014011160358574,3.344363001348495,4.088117922556048,29893477.6,1.0500686611316175,28009885.4,1.1206830571323938,419856548,1.339288886030125,2.6113467656415756,39.40000000000009,32.299999999999955,7.100000000000136,39.40000000000009,59.378825111960936,1.3316241818362984,4.821453383354157,65.25163960401544,81.72776356919574,72.46743492168719,12.149334118630156
2022-11-14,1515.05,1637.0,1495.05,1615.05,48980850,HDFCBANK,1454.1625,60.078446251090334,1346.6034263174924,7.042020148462358,0.9380824123092164,1.013590910498127,0.9256988947710597,5.632318505670578,8.316933963000494,9.531421913515503,30978264.55,1.5811360226762605,32756553.4,1.4952992581936293,468837398,1.4473233247313806,8.78920157270673,141.95000000000005,128.20000000000005,13.75,141.95000000000005,70.38831509703282,2.677957071785627,8.026487408447869,78.5640521749087,91.93014705882351,82.83624017239742,19.935087675858558
2022-11-21,1623.15,1642.0,1590.2,1597.35,27756665,HDFCBANK,1466.2475,63.434996722694784,1347.262567665779,-1.0959413021268682,1.016151751338154,1.0279525464049832,0.9955238363539614,3.0577627539709478,6.25800635710606,7.81820685174693,31061088.45,0.8936153362648823,31335754.0,0.8857825792224435,441080733,1.3194425100878602,3.242871005102198,51.799999999999955,26.950000000000045,24.84999999999991,51.799999999999955,67.90987308409511,2.0667219480299295,6.949884503364467,73.17540417110345,83.88086642599275,85.84625901800399,18.56263495596956
2022-11-28,1600.0,1632.0,1591.0,1600.25,30223244,HDFCBANK,1475.9524999999999,68.40944739887041,1347.984630476716,0.1815506933358524,0.9998437744102484,1.0198406498984534,0.9942196531791907,2.1556287392826037,5.509617580033485,7.319821895590145,30895879.45,0.9782289592666054,32971740.2,0.9166408511249886,471303977,1.3681320839152633,2.5620996719262616,41.0,34.65000000000009,6.349999999999909,41.0,64.32189000621577,1.816963953461968,6.49873552508986,73.5187775390448,84.92779783393502,86.91293710625041,18.714261559055778
2022-12-05,1597.25,1637.0,1592.85,1612.95,33836554,HDFCBANK,1489.2225,67.93048008808532,1348.828595945011,0.7936259959381298,0.9902662822778139,1.0149105675935397,0.9875383613875197,1.9506886512444082,5.360239950285541,7.378767417495877,30834635.65,1.0973554020249954,34437503.4,0.9825495654252335,505140531,1.4105105431324005,2.737220620602008,44.15000000000009,36.75,7.400000000000091,44.15000000000009,61.63230467205368,1.8213841539109212,13.058563768268328,75.12758825195233,89.5126353790614,86.10709987966305,19.581539481667143
2022-12-12,1601.0,1653.6,1600.0,1643.75,32614819,HDFCBANK,1501.58,72.5193683747413,1349.7312874977893,1.9095446232059166,0.9739923954372623,1.0059923954372623,0.973384030418251,2.5252677353712105,6.11448509869666,8.354748388671725,30674041.7,1.0632710002477437,34682426.4,0.9403845804744504,537755350,1.4471183600608641,3.2608365019011347,53.59999999999991,40.649999999999864,12.950000000000045,53.59999999999991,60.561330715779846,1.9604417852254525,16.3140390602887,78.74162017548014,96.58697158697161,90.342468266656,21.783499814046678
2022-12-19,1650.0,1669.4,1609.0,1644.75,36847245,HDFCBANK,1511.51,77.92546472514178,1350.7479422733113,0.060836501901140316,1.0031919744642044,1.0149870801033591,0.9782641738866089,1.7230212656498576,5.289914601515271,7.709595901234769,30807055.95,1.1960651176731478,32255705.4,1.1423481378894291,574602595,1.4916392836639407,3.6722906216750317,60.40000000000009,25.65000000000009,34.75,60.40000000000009,60.539819953675874,1.7098390169370605,16.236749116607776,78.85671182255179,91.90210249671482,92.6672364875826,21.765871227749766
2022-12-26,1620.2,1644.8,1585.45,1629.45,23395733,HDFCBANK,1519.88,81.25256174097782,1351.3564225911764,-0.9302325581395321,0.9943232379023597,1.00942035656203,0.9729970235355488,0.5334884886219576,3.7719583071459977,6.272767725516528,30410569.3,0.7693290043077227,31383519.0,0.7454783193688381,551206862,1.3916177539902121,3.6423333026481273,59.34999999999991,0.049999999999954525,59.299999999999955,59.34999999999991,60.38117729318574,1.348511328778707,12.643876810341848,71.977340143668,86.87582128777923,91.78829845715522,20.578847501652405
2023-01-02,1633.0,1645.0,1611.0,1628.7,19567778,HDFCBANK,1527.0575000000001,84.30611090261513,1351.8619410419565,-0.04602780079168145,1.0026401424448947,1.0100079818259962,0.9891324369128752,0.32512343905569463,3.195125365670621,5.710473336289278,30276327.25,0.6463061995077358,29252425.8,0.6689283867869857,531639084,1.3130947555224337,2.0875544913120896,34.0,15.549999999999955,18.450000000000045,34.0,56.86368698742764,1.2056362096623179,11.474624413948886,71.62392434288859,86.62943495400788,88.46911957950063,20.478278924301165
2023-01-09,1622.2,1645.75,1578.2,1597.5,24746434,HDFCBANK,1533.4150000000002,84.5984121724692,1352.4268594507234,-1.9156382390863924,1.0154616588419405,1.0302034428794993,0.9879186228482003,-1.0810522503119577,1.118122432229489,3.5465376708898178,30273948.65,0.8174167924407839,27434401.8,0.902022000712988,506892650,1.22538048863056,4.228482003129887,67.54999999999995,17.049999999999955,50.5,67.54999999999995,58.288528722437285,0.757520127793308,6.734816596512316,57.962944628617095,74.80728801681848,82.77084808620185,18.120990339456206
2023-01-16,1600.0,1621.3,1560.0,1585.3,32405137,HDFCBANK,1540.71,82.32471906067322,1353.1260648434775,-0.7636932707355326,1.0092726928657036,1.0227086355894783,0.9840408755440611,-1.239294758036699,0.30613435158010854,2.5705719854134577,30479085.55,1.0631925602505485,27392465.4,1.1829945398050956,474487513,1.123731317339168,3.866776004541724,61.299999999999955,23.799999999999955,37.5,61.299999999999955,58.690058226112306,0.5416356169662376,5.070254506892891,53.37016680099776,70.53258584442884,77.32310293841839,17.158337363295058
2023-01-23,1589.8,1682.6,1577.5,1673.1,37668481,HDFCBANK,1549.6125,86.64112745747818,1354.2389518809596,5.538383902100552,0.9502121809814118,1.0056780826011595,0.9428605582451737,2.7156559759665266,4.746696784015947,7.0431337762853135,30944795.75,1.2172800009513716,27556712.6,1.3669439292987364,512155994,1.1874980277770166,6.281752435598584,105.09999999999991,97.29999999999995,7.7999999999999545,105.09999999999991,64.87805046263065,1.4252757740324338,3.59431596544999,71.8753840906199,96.17860016090104,80.50615800738278,23.545405164735573
2023-01-30,1675.05,1702.4,1582.0,1614.15,46690426,HDFCBANK,1555.6425000000002,86.73064212198852,1355.3546397127075,-3.52339967724582,1.0377288356100733,1.0546727379735465,0.9800823963076541,-0.5581620818430328,1.0868338786024043,3.3442543718640736,31794592.75,1.4685020930170587,32215651.2,1.4493087757294816,465465568,1.0591103885992756,7.459034166589232,120.40000000000009,29.300000000000182,91.09999999999991,120.40000000000009,72.28097706761325,0.6745885717957428,1.051741947600715,54.973922786250256,65.71484071484073,77.47534224005686,19.09429109580863
2023-02-06,1619.7,1669.4,1588.75,1651.75,39487456,HDFCBANK,1563.1,88.32736358508865,1356.426768325748,2.3293993742836694,0.980596337218102,1.0106856364461936,0.9618586347812925,1.1539448768853429,2.8615431625225476,5.0824585105589275,31784036.0,1.242367583525264,36199586.8,1.090826152744926,504953024,1.1279478820236934,4.882700166490092,80.65000000000009,55.25,25.40000000000009,80.65000000000009,73.3968467919315,1.0036527345752897,3.218247148882991,61.61655190909555,76.19830827067668,79.36391638213948,21.772147127321333
2023-02-13,1659.4,1668.2,1632.6,1658.35,22197905,HDFCBANK,1574.685,84.6051060733447,1357.039460934902,0.3995762070531095,1.000633159465734,1.0059396387976,0.984472517864142,1.0315588588638596,2.7841204908648143,5.005198907195544,31478134.9,0.7051848869228907,35689881.0,0.6219663495095431,527150929,1.1500139856147047,2.146712093345804,35.600000000000136,16.450000000000045,19.15000000000009,35.600000000000136,68.35726721967399,0.9888883057184544,2.81471837316718,62.73017255226591,78.75572703158903,73.55629200570213,22.203520806794863
2023-02-20,1665.0,1681.9,1634.8,1640.35,23726390,HDFCBANK,1586.0425,76.65956402547978,1357.6526403104838,-1.0854162269725909,1.0150272807632519,1.0253299600694974,0.9966165757307892,-0.03629890629159629,1.4720096578825899,3.6325625468764207,31009727.2,0.7651273372053399,33954131.6,0.6987777004433828,503424539,1.07210281195145,2.8713384338708288,47.100000000000136,23.550000000000182,23.549999999999955,47.100000000000136,65.52296492371748,0.7084243263104052,-0.20684410646388818,57.48207166720372,56.42556179775271,70.45986570000612,20.822510213280005
2023-02-27,1640.0,1662.35,1577.3,1592.9,41002560,HDFCBANK,1594.9375,65.23889474964743,1358.5292525326333,-2.892675343676643,1.0295687111557537,1.043599723774248,0.9902065415280306,-2.010815875001742,-1.25398722421403,0.6984333454420746,31797479.7,1.2894908774798275,34620947.4,1.184328075320088,462421979,0.9685532638955044,5.339318224621755,85.04999999999995,22.0,63.049999999999955,85.04999999999995,68.12656960055514,-0.031231369075438244,-3.1524547803617464,45.821783142165025,23.103932584269714,52.76174047120381,17.251799843871005
2023-03-06,1592.0,1639.45,1582.0,1627.3,46257003,HDFCBANK,1603.975,55.37485059975366,1359.654399853996,2.1595831502291274,0.978307626129171,1.0074663553124807,0.972162477723837,0.09708162506799496,0.7598162164581677,2.564466664387908,32367296.75,1.429127781577867,34534262.8,1.3394524524206726,508678982,1.0469360854117786,3.53038775886438,57.450000000000045,46.549999999999955,10.900000000000091,57.450000000000045,66.7030269871478,0.42122009806566973,-0.13194636226948608,53.68141649753171,47.26123595505612,42.263576779026174,19.684825803876677
2023-03-13,1620.0,1645.95,1564.95,1568.55,47315245,HDFCBANK,1609.35,45.02085481661491,1360.545085777837,-3.610274688133719,1.032800994549106,1.049344936406235,0.9977048866787798,-2.4298530793947166,-2.5347619890750637,-0.994563841735841,33630893.35,1.4068982499984646,36099820.6,1.3106781201012394,461363737,0.9399392335939263,5.16400497274553,81.0,18.65000000000009,62.34999999999991,81.0,68.60929005552809,-0.9062466753728263,-3.693129489777125,41.74702144014102,6.004213483146032,25.45646067415728,15.288351440646645
2023-03-20,1570.25,1583.6,1532.05,1561.75,70828849,HDFCBANK,1612.6025000000002,38.302694954626055,1361.8211713803526,-0.43352140511937476,1.005442612453978,1.0139907155434609,0.9809828717784537,-1.9172279164119646,-2.555320771824853,-1.3147779869538496,35846948.9,1.975868272571449,45826009.4,1.5456036850548893,390534888,0.7954715594077205,3.300784376500718,51.549999999999955,15.049999999999955,36.5,51.549999999999955,66.33471804812434,-1.3276480952643364,-2.2378716744913874,40.54325022773778,17.434693278544184,23.566714238915438,14.680989899503327
2023-03-27,1571.95,1590.35,1554.95,1567.45,69470875,HDFCBANK,1615.5349999999999,31.594995023325684,1363.0924027388232,0.3649751880902885,1.0028709049730453,1.0146097164183865,0.9920252639637628,-1.031071995260414,-1.8706118028266927,-0.8674864553030394,37750982.45,1.8402401869146585,54974906.4,1.263683370273096,460005763,0.9331595484473822,2.2584452454623665,35.399999999999864,28.59999999999991,6.7999999999999545,35.399999999999864,62.21008897504108,-1.5219182647283225,-1.125969847978292,42.15644672858804,20.780745523921375,14.739884095203854,14.992204259268618
2023-04-03,1565.7,1615.7,1564.1,1610.55,76888270,HDFCBANK,1615.31,31.61464767107298,1364.7740592123312,2.749688985294574,0.9721523703082798,1.0031976653938097,0.9711589208655428,1.1150833363463961,0.7333304219903359,1.6791800892028592,39146353.45,1.9641234297392773,62152048.4,1.2370995321853302,536894033,1.0816670661735588,3.2038744528266827,51.600000000000136,48.25,3.3500000000001364,51.600000000000136,60.79541044503562,-0.15056312028285967,-3.7385691231845097,53.22828477878417,46.08159671265039,28.099011838371975,18.00854428091317
2023-04-10,1618.6,1671.0,1616.0,1658.45,59908011,HDFCBANK,1618.365,32.72056370955951,1366.3208663732235,2.974139269193765,0.975971539690675,1.0075673068226356,0.9744038107871807,2.6474107217995506,3.0860478042595,4.1423436752852805,40753920.75,1.4699938042157576,64882250.0,0.9233343634044751,596802044,1.1837928082334315,3.316349603545479,55.0,60.450000000000045,5.4500000000000455,60.450000000000045,60.74935571903087,1.2250705811736662,2.7444785181055087,62.44606521224771,74.20017610801291,47.020839448194884,21.380712306781003
2023-04-17,1659.0,1720.0,1651.1,1666.65,68526140,HDFCBANK,1621.685,34.12431645735733,1368.119438964059,0.49443757725586845,0.9954099540995409,1.032010320103201,0.9906699066990668,2.0842601672290555,3.0538879005228594,4.2294707222595065,42669065.55,1.605991111281789,69124429.0,0.9913447530973457,665328184,1.294802730238029,4.134041340413409,68.90000000000009,61.549999999999955,7.350000000000136,68.90000000000009,61.83610828982677,1.3176820715570854,0.9020735583472161,63.85321080375448,71.61479116786384,63.965521329509045,21.820504302021213
2023-04-24,1670.0,1691.45,1656.4,1688.15,71552790,HDFCBANK,1625.4450000000002,37.12245348342746,1370.1082109717113,1.2900129001290006,0.989248585729941,1.0019548025945562,0.9811924295826793,2.220865921358605,3.675923654079352,4.995089356780704,44554877.35,1.605947412623727,69269217.2,1.0329666321102875,736880974,1.4024281828863645,2.076237301187688,35.049999999999955,24.799999999999955,10.25,35.049999999999955,58.26462718451653,1.6891394322305031,1.7969668646546477,67.53357327420198,83.05400372439485,76.28965700009053,23.212895629807697
2023-05-01,1687.7,1691.0,1655.0,1687.6,76726241,HDFCBANK,1627.6375,39.4804977671891,1372.2098543052582,-0.032580043242613765,1.0000592557478076,1.0020146954254563,0.9806826262147429,1.4593327033031085,3.12388371481091,4.550449409128491,46760448.45,1.6408362952729552,70720290.4,1.0849254233265986,660154733,1.2419377219071495,2.133206921071344,36.0,2.849999999999909,33.15000000000009,36.0,55.29601022658099,1.5187878418755059,2.8804828237876112,67.33122034786209,82.76137270550674,79.14338919925514,22.98410441414749
2023-05-08,1688.7,1734.45,1622.1,1644.45,109249016,HDFCBANK,1627.6225,39.473710355224796,1374.7518690517097,-2.5568855178952243,1.0269086928760376,1.0547295448326188,0.9864088296998996,-0.7509015698888877,0.4987509451869964,1.8753850148123525,50380537.0,2.168476608337859,77192439.6,1.4152812965377506,550905717,1.0387247758908253,6.832071513271923,112.35000000000014,46.850000000000136,65.5,112.35000000000014,62.90320886303688,0.4262963843167783,3.2362357963462873,52.96494195559841,55.533596837944685,73.78299108928208,19.617949756585922
2023-05-15,1649.9,1688.0,1633.1,1675.8,83377563,HDFCBANK,1629.94,40.92073081610311,1376.882016197639,1.9064124783362058,0.984544695071011,1.007280105024466,0.9745196324143692,0.7559294718527308,2.0230018882986807,3.401795449123303,53379628.5,1.5619734595942345,81886350.0,1.018210764065073,634283280,1.1866382527817163,3.2760472610096723,54.90000000000009,43.549999999999955,11.350000000000136,54.90000000000009,61.836114347965314,1.1207033473105297,2.9803969765869853,60.10150292778377,71.02272727272724,69.77256560539288,21.709774714600822
2023-05-22,1671.8,1671.8,1625.35,1641.05,85815130,HDFCBANK,1630.5575,40.99415001587385,1378.7919449772885,-2.0736364721327116,1.0187380031077664,1.0187380031077664,0.9904329545108315,-0.8970733741889664,-0.04432010981945089,1.2432597498577789,56691996.1,1.513708034704391,85344148.0,1.0055186209135276,548468150,1.0244796986499733,2.830504859693492,46.450000000000045,4.0,50.450000000000045,50.450000000000045,60.31796576823661,0.25595115390701195,4.622103216346307,50.33380483516936,53.85375494071144,60.136693017127776,19.02085778627256
2023-05-29,1649.0,1649.6,1597.35,1635.5,67143237,HDFCBANK,1632.4575,40.255314376166154,1380.2359379426034,-0.3381981048718785,1.0082543564659125,1.0086212167532864,0.9766738000611433,-0.8263088803476386,-0.3289853777626073,0.8324551889098811,58811836.25,1.1416619728481952,84462237.4,0.7949497795330721,481324913,0.9012153335796795,3.194741669214308,52.25,8.549999999999955,43.700000000000045,52.25,59.2422369991384,0.07558008295673334,4.722266688010235,48.87015662113799,51.11166007905138,58.66271409749668,18.49423385090931
2023-06-05,1633.6,1642.65,1600.0,1604.4,83692044,HDFCBANK,1633.4125,39.2927403064119,1381.796708495968,-1.901559156221333,1.0181999501371228,1.0238406881077038,0.9972575417601595,-1.853830372229941,-1.948955863516804,-0.9990087116635867,61376181.6,1.3635915727934433,85855398.0,0.9748023531380053,397632869,0.7499089711977758,2.6583146347544306,42.65000000000009,7.150000000000091,35.5,42.65000000000009,57.02993873258663,-0.7383679472023355,2.357331972311716,41.13597967764085,35.74604743083009,46.90382081686429,16.10969907044627
2023-06-12,1607.65,1626.0,1592.25,1600.8,63074135,HDFCBANK,1629.7975000000001,38.77165430606789,1382.9398971561445,-0.2243829468960401,1.0042791104447777,1.0157421289355322,0.9946589205397302,-1.3885913081816401,-1.867051181958872,-1.1239643379832787,62646464.3,1.0068267332367231,76620421.8,0.8232026595290813,334558734,0.6417018449987573,2.1083208395802098,33.75,21.59999999999991,12.150000000000091,33.75,53.92594690157508,-0.7479046359768552,-0.605383254167835,40.28445376097921,33.967391304347814,40.275032938076414,15.753403549341478
2023-06-19,1590.1,1614.25,1579.0,1604.15,62012985,HDFCBANK,1629.2975000000001,39.047563691744095,1384.0693819697867,0.2092703648175931,0.9912414674438175,1.0062961693108499,0.9843219150328834,-0.7845720853773721,-1.417987558384587,-0.8367184716038485,63412592.25,0.9779285596071812,72347506.2,0.8571544239350712,396571719,0.7657052191234813,2.1974254277966523,35.25,13.450000000000045,21.799999999999955,35.25,51.43582064803174,-0.6440222544618583,-3.274141517682172,41.58284811402915,35.62252964426882,35.11198945981557,15.900981619649585
2023-06-26,1604.15,1659.9,1590.65,1635.55,69190122,HDFCBANK,1628.4875,38.72398235213135,1385.49392087704,1.9574229342642413,0.980801565222708,1.0148879581792059,0.972547461098713,0.7668892989073456,0.45349633799935385,1.0075896335352723,64897725.55,1.0661409381241405,69022504.6,1.002428445634817,465761841,0.9027137524123398,4.23404970804928,69.25,55.75,13.5,69.25,53.81104456162751,0.18238051902250396,-1.866018660186608,52.704551424569885,44.902506963788255,38.164142637468295,18.04815418927789
2023-07-03,1642.95,1757.5,1638.55,1719.8,89098973,HDFCBANK,1631.56,43.37643551390997,1387.914872931945,5.151172388493164,0.955314571461798,1.0219211536225143,0.9527561344342366,3.7520974504120237,4.568662104703954,5.368967102590175,68242778.95,1.305617596043105,73413651.8,1.2136567357081125,554860814,1.072520411003967,6.916501918827773,118.95000000000005,121.95000000000005,3.0,121.95000000000005,62.896238620077185,2.034284259519277,1.874833397506137,70.2434336125859,80.50672182006203,53.67725280937302,23.912498780775632
2023-07-10,1723.45,1747.0,1649.7,1656.45,93221132,HDFCBANK,1632.365,43.69636592137262,1389.9341994584736,-3.683567856727521,1.0404479459084186,1.0546650970448852,0.9959250203748982,0.04743364633950876,0.7876664403667996,1.6040350273869197,71717516.05,1.2998377123798894,75319469.4,1.2376764300466514,461639682,0.8959464535327336,5.8740076669987,97.29999999999995,27.200000000000045,70.09999999999991,97.29999999999995,67.48340680406689,0.5511900015515858,-1.8458165442047814,53.144604922048906,43.38935574229694,56.26619484204906,19.174706302310035
2023-07-17,1663.0,1682.0,1627.15,1678.9,118761236,HDFCBANK,1636.665,43.839597277704726,1392.6762249532283,1.3553080382746163,0.9905295133718506,1.001846447078444,0.9691762463517779,0.9226562882359725,1.8122733806040976,2.6764569079092424,75605449.85,1.570802584147312,86456889.6,1.3736468724408055,580400918,1.1136870839598783,3.2670200726666216,54.84999999999991,25.549999999999955,29.299999999999955,54.84999999999991,65.79895256352462,0.9633984484953141,2.0949253549819025,57.38619394664541,55.96638655462189,59.95415470566027,20.552068737755928
2023-07-24,1698.0,1704.0,1670.0,1678.4,122278296,HDFCBANK,1639.22,44.74479799223673,1395.440769402234,-0.029781404491036056,1.011677788369876,1.0152526215443278,0.9949952335557674,0.5954272490941179,1.5283054160575797,2.42684195908689,79406514.5,1.5399025731068954,98509951.8,1.2412786095790171,458122622,0.8833411726633928,2.0257387988560533,34.0,25.09999999999991,8.900000000000091,34.0,61.559092221721336,0.87563251501991,0.1551497792099399,57.25300480107694,55.686274509803965,51.680672268907585,20.277408887729248
2023-07-31,1684.65,1703.0,1638.7,1651.2,108054473,HDFCBANK,1643.3524999999997,41.57907012387445,1397.6089947355363,-1.62059103908484,1.0202579941860466,1.0313711240310077,0.9924297480620154,-0.6947007853360984,-0.08040499880034724,0.7512378363940343,82443475.9,1.3106491668432916,106282822.0,1.016669213017321,350068149,0.6823142479999917,3.8941375968992222,64.29999999999995,24.59999999999991,39.700000000000045,64.29999999999995,61.92454659215849,0.1887367845558028,0.618506444044975,49.972824805634424,40.4481792717087,50.700280112044844,18.14463174032804
2023-08-07,1654.45,1667.45,1623.0,1651.25,93436839,HDFCBANK,1647.8274999999999,36.885635754283086,1399.4548424129005,0.00302810077519311,1.0019379258137775,1.0098107494322484,0.982891748675246,-0.4611011604328097,-0.06632104718198809,0.6913895064341125,83573875.4,1.118014912588342,107150395.2,0.8720158131530624,443504988,0.8599916087073478,2.69190007570023,44.450000000000045,16.25,28.200000000000045,44.450000000000045,59.59460704653736,0.09278679708272924,0.9630082543564678,49.98631386617068,40.476190476190474,45.53688141923437,17.992374598737424
2023-08-14,1651.7,1655.6,1600.25,1610.9,93723207,HDFCBANK,1650.0,32.974595484494834,1400.9871446404575,-2.4436033308099847,1.025327456701223,1.0277484635917808,0.9933887888757836,-1.9849745654249966,-2.2052513479559313,-1.6464281795118336,84786492.0,1.1054025799298313,107250810.2,0.87386945446124,349781781,0.6855813937657743,3.4359674715997213,55.34999999999991,4.349999999999909,51.0,55.34999999999991,59.02865944033237,-1.1857613239982074,0.405135876340057,39.954806508138944,17.871148459383804,32.93183940242765,14.983210671316591
2023-08-21,1583.1,1609.9,1581.3,1589.5,67246109,HDFCBANK,1648.9474999999998,34.59612647541498,1401.962258636459,-1.3284499348190537,0.995973576596414,1.0128342245989306,0.9948411450141553,-2.2386895365180446,-3.0696657869530846,-2.7636857868371383,84304383.95,0.797658506583512,96947784.8,0.6936322386192366,282535672,0.5679344273023,1.7993079584775171,28.600000000000136,1.0,29.600000000000136,29.600000000000136,55.10483818162141,-1.7183282077039723,-0.705897051474258,35.58465956025327,5.88235294117647,21.40989729225024,13.376803848196259
2023-08-28,1596.35,1598.0,1558.4,1577.75,85427472,HDFCBANK,1644.9125,37.97097878987062,1403.1098542985255,-0.7392261717521276,1.0117889399461257,1.0128347330058627,0.9877356995721757,-2.0000621215002186,-3.289078263365248,-3.2349159742224596,85580357.0,0.9982135503360894,89577620.0,0.9536698117230621,197108200,0.4127966263047315,2.5099033433687157,39.59999999999991,8.5,31.09999999999991,39.59999999999991,53.03752642407188,-1.7687850600763708,-1.6457313842221821,33.27863209658035,9.718734304369622,11.157411901643291,12.44664807723017
2023-09-04,1589.7,1603.95,1559.35,1584.55,115999661,HDFCBANK,1640.8075000000001,39.88681445168204,1404.704117334483,0.43099350340674025,1.0032501341074753,1.0122432236281595,0.9840964311634217,-1.0415567036685338,-2.439273825389556,-2.559232140651093,87954033.05,1.3188668782710244,91166657.6,1.2723912892469582,313107861,0.680841425860741,2.814679246473771,44.600000000000136,26.200000000000045,18.40000000000009,44.600000000000136,51.912522900862314,-1.410428503087134,-3.118217113509214,36.04613086770179,13.134103465595114,9.578396903713726,12.803114936886931
2023-09-11,1588.4,1636.5,1570.6,1631.8,97658283,HDFCBANK,1637.99,38.32633971288052,1406.3717000729164,2.9819191568584147,0.9734036033827675,1.0028802549332025,0.9624954038485108,1.2561185297226116,0.45165653702956016,0.3762438118869002,89259307.7,1.0940963527101162,92010946.4,1.061376790707589,410766144,0.9260292443801849,4.038485108469181,65.90000000000009,51.950000000000045,13.950000000000045,65.90000000000009,53.77751984741401,-0.16150772670628266,-5.116874055122689,52.006577034418584,36.86589653440477,19.90624476812316,16.02906969156132
2023-09-18,1640.0,1670.0,1625.05,1629.05,159729886,HDFCBANK,1635.0625,36.53161887501332,1409.0144019668262,-0.16852555460228347,1.0067217089714864,1.0251373499892575,0.9975445811976306,0.7262859608570782,0.24309337367958017,0.1907298310164285,93409489.95,1.709996340687652,105212282.2,1.5181676764350236,251036258,0.5932951932175471,2.759276879162705,44.950000000000045,38.200000000000045,6.75,44.950000000000045,52.60051720109215,-0.16458345359866983,-1.6541398774487681,51.14934757011756,35.48468106479151,28.49489368826379,15.616277429530081
2023-09-25,1599.0,1599.0,1523.75,1531.0,145114547,HDFCBANK,1629.3899999999999,43.197196546435,1410.315608255799,-6.0188453393081875,1.0444154147615938,1.0444154147615938,0.9952645329849772,-3.7543408906883395,-5.267699210380126,-5.684585633388277,95202766.5,1.5242681734464092,120785969.8,1.201418900227268,105921711,0.26422772250278853,4.9150881776616595,75.25,30.049999999999955,105.29999999999995,105.29999999999995,59.62711490761319,-2.2776941067051686,-8.809339448448394,30.480288571372412,3.1016042780748663,25.150727292423706,8.557261299366667
2023-10-02,1525.0,1540.0,1515.0,1526.3,77160908,HDFCBANK,1621.915,47.467498853068655,1410.9697430236124,-0.30698889614630964,0.9991482670510385,1.0089759549236716,0.9925964751359497,-2.715890674023843,-4.793018124741626,-5.509189251342677,94891933.75,0.8131450688241455,119132657.0,0.6476889707916109,28760803,0.07760674518563622,1.6379479787721942,25.0,9.0,16.0,25.0,55.01016625326477,-2.014325639865028,-9.062202097235472,29.81394498963067,4.6597938144329705,14.415359719099774,8.173829208360104
2023-10-09,1527.0,1551.55,1489.25,1516.25,88174063,HDFCBANK,1615.675,52.7308446137729,1411.643911081742,-0.6584550874664141,1.0070898598516076,1.0232811211871393,0.9821929101401484,-2.26447438780438,-4.703662831964092,-5.691147628335676,95009880.4,0.9280515103142893,113567537.4,0.7764019984816541,-59413260,-0.17464080621745723,4.10882110469909,62.299999999999955,25.25,37.049999999999955,62.299999999999955,55.98214408616279,-1.8855188216353904,-8.172843992248069,28.288137943049207,10.475266731328807,6.078888274612205,7.410232006604152
2023-10-16,1520.55,1552.0,1515.2,1529.6,72113186,HDFCBANK,1610.38,55.85951928484968,1412.2584464734714,0.8804616652926534,0.9940834205020921,1.0146443514644352,0.9905857740585775,-0.9146222500472456,-3.2484284046056433,-4.371307776875416,95258377.85,0.7570272308599889,108458518.0,0.6648918621587656,12699926,0.040091773242806515,2.4058577405857715,36.799999999999955,35.75,1.0499999999999545,36.799999999999955,53.42452487467441,-1.4461277331813611,-7.367146101438305,33.5041414960141,18.789289871944078,11.30811680590194,8.308787518286067
2023-10-23,1555.75,1555.75,1500.1,1506.05,68920634,HDFCBANK,1605.4625,60.54610438811566,1412.7231412216065,-1.539618200836812,1.0330002323960028,1.0330002323960028,0.9960492679525912,-1.6617448263879175,-4.168214537186565,-5.503075159666831,94519807.35,0.7291660439466607,90296667.6,0.7632688540102891,-56220708,-0.1911757274023043,3.695096444341164,55.65000000000009,26.15000000000009,29.5,55.65000000000009,53.721254891384504,-1.6419305751323185,-6.508783909615756,29.183555674825556,7.823050058207197,12.362535553826683,6.606167624442824
2023-10-30,1521.0,1522.8,1460.25,1485.1,69562654,HDFCBANK,1599.6775,66.27171039502348,1413.0832753500838,-1.3910560738355282,1.024173456332907,1.0253854959262003,0.9832671200592553,-2.0639107560799728,-4.832309226158802,-6.408769880051766,94844233.3,0.733441049388503,75186289.0,0.9252039823377903,-125783362,-0.4640397887110511,4.211837586694496,62.549999999999955,16.75,45.799999999999955,62.549999999999955,54.898420905866566,-1.7289051288557664,-6.568103177099727,25.7721330230509,10.236869207003052,12.283069712384766,5.096424669811081
2023-11-06,1504.0,1504.0,1462.25,1494.5,77713257,HDFCBANK,1594.195,70.2956162067905,1413.5333552925158,0.6329540098309883,1.0063566410170626,1.0063566410170626,0.9784208765473402,-0.9479709440635081,-3.5768077800134477,-5.261196924139272,95629246.9,0.8126515633994812,75296758.8,1.0320929909668304,-48070105,-0.19318491428006315,2.7935764469722315,41.75,18.90000000000009,22.84999999999991,41.75,53.145298118417685,-1.4182249958052076,-5.276501346854701,30.007955375647327,16.328963051251492,11.462960772153904,5.727961381620811
2023-11-13,1494.0,1502.0,1477.2,1488.8,67020580,HDFCBANK,1586.8574999999998,73.34456940932816,1413.8904850905114,-0.38139846102375197,1.0034927458355722,1.008866200967222,0.992208490059108,-0.8896393408127133,-3.4057376375394104,-5.192182005327967,95520769.8,0.7016335833591659,71066062.2,0.9430743441417245,-115090685,-0.5236467709120156,1.665771090811389,24.799999999999955,7.5,17.299999999999955,24.799999999999955,49.365925035961986,-1.3369428819296971,-6.042725063898269,28.85583128956422,13.611442193086987,13.392424817113834,5.298112951420923
2023-11-20,1504.1,1519.0,1489.0,1505.2,56996312,HDFCBANK,1576.1275,68.40309025604472,1414.2574539514321,1.1015583019881925,0.999269200106298,1.0091682168482594,0.9892373106563912,0.13973998998937845,-1.9534920056767096,-3.7088828873712734,93915636.75,0.6068884157355191,68042687.4,0.8376552158344057,-58094373,-0.3071515598340993,1.993090619186819,30.0,30.200000000000045,0.20000000000004547,30.200000000000045,46.810468364500395,-1.0369049078704775,-7.758303713690395,36.89881624480167,21.430274135876065,17.123559793404837,6.430409526531018
2023-11-27,1519.0,1533.15,1503.55,1532.1,41799517,HDFCBANK,1569.9099999999999,66.33814612707081,1414.6037612550508,1.7871379218708405,0.9914496442790941,1.0006853338554926,0.981365446119705,1.2620310392846317,-0.14008569019811032,-1.7306700902238525,91344556.0,0.45760271690411414,62618464.0,0.6675270252556817,-16294856,-0.0986118427114779,1.931988773578757,29.600000000000136,27.950000000000045,1.650000000000091,29.600000000000136,44.5157392492337,-0.5699586468330731,-5.951321322243031,48.02041228101172,34.25506555423119,23.09892729439807,8.305947005308768
2023-12-04,1535.2,1612.0,1525.8,1609.4,102419629,HDFCBANK,1566.435,62.00737243941045,1415.9963921960857,5.045362574244505,0.9538958618118554,1.0016155088852987,0.9480551758419286,4.002964978786292,4.002578448426659,2.892529509053525,90527475.65,1.1313651271573923,69189859.0,1.480269370111016,86124773,0.6128630551111548,5.356033304337022,86.20000000000005,79.90000000000009,6.2999999999999545,86.20000000000005,50.073640682669215,0.6929014778360869,5.120836054866107,67.1927357382576,71.10846245530398,42.26460071513707,13.658481679036088
2023-12-11,1636.5,1663.7,1616.2,1651.0,84104962,HDFCBANK,1565.065,59.661726468991915,1417.367988297758,2.5848142164781818,0.9912174439733494,1.0076923076923077,0.9789218655360388,4.281191938969772,5.504066672093718,4.894387588864241,88618808.95,0.9490644593006573,70468200.0,1.193516536537048,170229735,1.3495950811256956,2.877044215626893,47.5,54.299999999999955,6.7999999999999545,54.299999999999955,50.637155258313314,1.4403706544540424,8.170084518115717,73.30650564414786,90.94159713945173,65.43504171632895,16.483511242752925
2023-12-18,1654.2,1668.0,1615.1,1655.7,128976320,HDFCBANK,1565.29,60.01112309176104,1419.4822203755214,0.28467595396730605,0.9990940387751405,1.0074288820438484,0.9754786495138007,3.035271241263137,4.947694497257127,4.733998359272192,89664901.3,1.438425940697489,82859348.0,1.5565693324065257,299206055,2.420940615772022,3.1950232530047766,52.90000000000009,17.0,35.90000000000009,52.90000000000009,50.93886789053822,1.5065540410193143,9.197032151690031,73.93960589585618,93.1823599523242,85.07747318235997,16.64112281462657
2023-12-25,1650.0,1689.75,1644.05,1670.85,71704528,HDFCBANK,1566.27,61.627039092966925,1420.7158360865255,0.9150208371081714,0.9875213214830775,1.0113116078642608,0.9839602597480325,2.6096492181262483,4.979620011598179,5.131314995257732,88578285.75,0.8095045799641702,85800991.2,0.8357074550905654,370910583,3.091923626465448,2.7351348116228293,45.700000000000045,34.049999999999955,11.650000000000091,45.700000000000045,50.2403521717998,1.6969823885622137,9.234440376569042,76.05210745913507,91.7647058823529,91.96288765804293,17.606206502384655
2024-01-01,1673.25,1721.4,1668.55,1698.1,64191258,HDFCBANK,1570.63,67.73286032952325,1421.929161813783,1.6309064248735572,0.9853659972910901,1.0137212178316943,0.9825981979859844,2.7816706499837975,5.575238592567565,6.099230230752535,87101688.3,0.7369691592992923,90279339.4,0.71102932771349,435101841,3.502470907706006,3.1123019845709994,52.850000000000136,50.55000000000018,2.2999999999999545,52.850000000000136,50.58830521555984,1.8819521186592862,12.751900667308513,79.50080187149143,91.07792456442651,92.00833013303452,19.422264174815805
2024-01-08,1698.8,1704.9,1660.0,1663.45,67126925,HDFCBANK,1574.3275,70.76763770290968,1423.0288997075113,-2.0405158706789828,1.0212510144579037,1.0249180919174006,0.9979259971745469,0.5043954555241527,3.092872895336619,3.7979866844635106,87095729.1,0.7707257944063758,83220798.6,0.8066123628859289,367974916,2.863638685000831,2.699209474285376,44.90000000000009,6.800000000000182,38.09999999999991,44.90000000000009,49.82986452015188,1.2593680231936806,12.009292303548591,65.6333511552872,77.80968791882059,86.88410612186665,16.895025838330113
2024-01-15,1667.15,1680.9,1633.6,1672.8,53925315,HDFCBANK,1579.0800000000002,74.12170184371227,1423.9392048675495,0.5620848237097631,0.9966224294595888,1.004842180774749,0.9765662362505978,0.707012840941986,3.115310216103553,3.9743927573020725,85520621.25,0.6305533590823862,77184869.2,0.6986513750547367,421900231,3.0192087681633253,2.8275944524151235,47.30000000000018,17.450000000000045,29.850000000000136,47.30000000000018,49.49254925079833,1.2644070180365137,11.930411508865845,67.40366464196431,81.39000574382534,83.42587274235747,17.47692557952983
2024-01-22,1673.0,1683.65,1468.4,1478.85,245989895,HDFCBANK,1573.7949999999998,77.40665499063861,1424.8371839382073,-11.59433285509326,1.1312844439936438,1.138485985732157,0.9929336984819287,-8.210122243487508,-8.220891177315574,-7.901015076547988,92020132.95,2.6732182090375907,100587584.2,2.4455294056063033,175910336,1.3238405106691582,14.555228725022824,215.25,10.850000000000136,204.39999999999986,215.25,71.59354268402522,-1.2265741235231309,-0.6683234819989337,30.186171864398162,7.122343480758148,55.44067904780135,3.790806182675749
2024-01-29,1465.0,1474.7,1380.25,1454.65,183030578,HDFCBANK,1564.9375,80.49382433812296,1425.19558172246,-1.63640666734286,1.0071151136012098,1.013783384319252,0.9488536761420272,-6.673559174500846,-8.589674443576389,-8.888081761104187,96288747.7,1.9008511624873898,122852794.2,1.4898365087409626,-7120242,-0.06358240064265835,6.49297081772248,94.45000000000005,4.149999999999864,98.59999999999991,98.59999999999991,75.19440365948851,-1.3701361676732542,-3.358357693329783,27.963247438136037,21.8085885973912,36.77364594065822,2.066693066922233
2024-02-05,1454.55,1480.85,1434.05,1444.85,111826674,HDFCBANK,1555.7275,83.2624172421006,1425.338888287983,-0.6737015776991151,1.0067134996712461,1.0249160812541094,0.9925251756237672,-4.931396732388689,-7.993891563245875,-8.824418305919433,93893587.1,1.1909937350769295,132379877.4,0.8447407279438982,-118946916,-1.2723592945838567,3.239090563034222,46.799999999999955,26.199999999999818,20.600000000000136,46.799999999999955,71.40848317155671,-1.3316632362186123,-5.694797989687361,27.033059974615497,18.93595192730467,15.955628001817997,1.3688752809833318
2024-02-12,1445.55,1453.8,1383.35,1390.0,128054443,HDFCBANK,1548.6775,91.06968915557134,1425.0462730240577,-3.7962418244108287,1.0399640287769785,1.0458992805755396,0.9952158273381294,-6.048023294384562,-10.504608977485601,-12.025453757936711,93040581.9,1.376328913523272,144565381.0,0.885789129556543,-247001359,-3.256910247180307,5.06834532374101,70.45000000000005,8.950000000000045,61.5,70.45000000000005,71.28068541534915,-1.7423744548961453,-13.632409593637384,22.25266873162421,2.857980360545214,14.534173628413685,-2.459307721263449
2024-02-19,1391.95,1429.0,1363.55,1417.1,128557123,HDFCBANK,1543.2175,95.64070135970668,1424.9807620881618,1.9496402877697827,0.9822524874744197,1.0083974313739328,0.962211558817303,-2.6800048828332854,-7.192600468988973,-9.059534022466792,95610392.65,1.344593609929077,159491742.6,0.8060425004096733,-118444236,-1.7296453443938706,4.618587255662978,65.45000000000005,39.0,26.450000000000045,65.45000000000005,70.50326069330261,-1.3186592967952995,-14.1671714112659,29.372692598921162,14.96437054631827,12.252767611389375,-0.5530434022571247
2024-02-26,1415.0,1464.0,1411.8,1422.3,102963924,HDFCBANK,1538.52,99.27320012548981,1424.9631772114562,0.3669465810457906,0.9948674681853337,1.0293187091330944,0.9926175912254799,-1.5364010965633388,-5.829170533404208,-7.939072997704113,96349885.7,1.0686460419952526,130886548.4,0.7866654385700036,-15480312,-0.21903344720621615,3.670111790761446,52.200000000000045,46.90000000000009,5.2999999999999545,52.200000000000045,68.0628259341956,-1.170708709431025,-14.096756658815012,30.776259066055502,16.417493363140974,11.413281423334809,-0.1868944583303493
2024-03-04,1413.55,1437.0,1397.3,1432.7,91425369,HDFCBANK,1533.6749999999997,102.05700741818539,1425.0079798000424,0.7312100119524878,0.9866336288127311,1.0030013261673763,0.9752914078313673,-0.5328974568493183,-4.337960842960329,-6.5592458743968285,97315494.85,0.9394739156484905,112565506.6,0.8121970198639874,75945057,1.028538740560424,2.7709918336008963,39.700000000000045,14.700000000000045,25.0,39.700000000000045,64.28111580963619,-0.9893980095482114,-14.253224406739074,33.81168447578365,19.32373899678638,16.901867635415197,0.5397878684887746
2024-03-11,1422.0,1452.85,1421.65,1427.8,90140171,HDFCBANK,1529.7625,104.6390398050051,1425.023830124287,-0.34201158651497865,0.9959378064154644,1.0175444740159685,0.9956926740439839,-0.5852744018434136,-4.0251714924314745,-6.3478630997999135,98376471.7,0.916277738389351,108228206.0,0.8328713403971604,-14195114,-0.18692760789146243,2.1851799971984742,31.199999999999818,20.149999999999864,11.049999999999955,31.199999999999818,59.870300368351344,-0.9744212121021681,-15.917790471703663,33.02443825154144,17.954450188626513,17.898560849517946,0.19481568076449193
2024-03-18,1434.0,1471.6,1429.25,1446.05,172984863,HDFCBANK,1527.81,105.87332127543931,1425.2504320689698,1.2781902227202657,0.9916669548079251,1.0176688219632792,0.9883821444625013,0.4561138775966542,-2.3248395028192026,-4.588549743141508,103547582.15,1.6705833145327575,117214290.0,1.4758001178866502,158789749,1.7610480702015134,2.928667750077792,42.34999999999991,43.799999999999955,1.4500000000000455,43.799999999999955,57.727593652571166,-0.7722436494392552,-13.069223601550995,39.116420792415866,23.05435238228307,20.110847189231976,1.459362331210553
2024-03-25,1435.5,1452.4,1424.65,1442.85,77346437,HDFCBANK,1525.2275,107.34825333194158,1425.3348335259655,-0.22129248642854815,0.9949059153758187,1.006618844647746,0.987386076168694,0.15689479049502764,-2.187239043590358,-4.41880051730762,103529241.15,0.7470974976812143,106972152.8,0.7230520745395338,81443312,0.8427196388236439,1.9232768479051878,27.75,6.350000000000136,21.399999999999864,27.75,53.73058116556168,-0.7673855646749359,-13.746413199426112,38.40958758381529,22.16012295654602,21.056308509151858,1.2288457464205644
2024-04-01,1427.2,1473.8,1421.25,1470.5,99902335,HDFCBANK,1524.3125,107.75232183966969,1425.6128721189368,1.9163461205253585,0.9705542332539953,1.0022441346480788,0.9665079904794288,1.3561716642709905,-0.22782796174926676,-2.2507837238110717,105173328.9,0.9498827891526403,106359835.0,0.9392862916720396,181345647,1.6269255312566548,3.5736144168650092,52.549999999999955,30.950000000000045,21.59999999999991,52.549999999999955,53.57317034348679,-0.49940919212924645,-0.5646279203435078,47.81167451682076,29.886824088305158,25.033766475711406,3.1486197100862254
2024-04-08,1465.15,1557.25,1463.25,1546.6,127641870,HDFCBANK,1526.3825000000002,107.76349381252385,1426.557053932741,5.175110506630398,0.9473360920729343,1.0068860726755464,0.946107590844433,4.13994156313224,4.031873962561756,2.548733128340338,108705606.8,1.174197667971621,113603135.2,1.1235770014206439,308987517,2.380134784829128,6.077848183111342,94.0,86.75,7.25,94.0,58.96341429768855,0.18760991579553027,6.321108170350254,64.85124186465862,53.6253112640984,35.224086102983186,8.414871717631193
2024-04-15,1554.85,1554.85,1492.05,1494.7,57095675,HDFCBANK,1524.5125,107.98333067629014,1426.7941006921758,-3.355748092590194,1.0402421890680402,1.0402421890680402,0.9982270689770522,0.5409485165541909,0.5996595229800629,-0.7654503011081981,109470414.7,0.5215626080934176,106994236.0,0.5336331856231956,251891842,1.7586691315432739,4.201512009098813,62.799999999999955,8.25,54.549999999999955,62.799999999999955,59.47495905799674,-0.2760842790575816,3.450185140326001,51.59492699203704,40.97157138394253,41.494568912115355,4.759334179674649
2024-04-22,1487.0,1557.4,1480.25,1512.2,65927321,HDFCBANK,1519.6525,106.13321132449676,1427.13578280445,1.1708035057202082,0.983335537627298,1.0298902261605607,0.9788718423488956,1.1279617985687735,1.4999779445263934,0.36727371733619324,107645799.3,0.6124467599173654,85582727.6,0.770334422012509,317819163,2.0529177901651177,5.101838381166518,77.15000000000009,62.700000000000045,14.450000000000045,77.15000000000009,61.831631183597196,-0.07021835961614543,8.791366906474817,55.16091481048889,46.4386129334583,47.01183186049974,5.960485205436534
2024-04-29,1526.3,1534.45,1503.25,1529.5,72830944,HDFCBANK,1513.5774999999999,101.59973253563932,1427.5862030119627,1.1440285676497686,0.9979078130107878,1.0032363517489375,0.982837528604119,1.4975280949311032,2.240657533860436,1.3696907741589792,107082098.4,0.6801411728778748,84679629.0,0.8600763236692971,390650107,2.3556637594635115,2.0398823144818596,31.200000000000045,22.25,8.950000000000045,31.200000000000045,57.747413692450905,0.15671793224863861,7.93169148260533,58.636753072322016,85.60742842403917,57.67253758047999,7.138889180423338
2024-05-06,1529.2,1540.6,1507.2,1522.65,73220513,HDFCBANK,1506.925,96.00602982706634,1428.0048854324077,-0.44785877737821833,1.004301710833087,1.0117886579318949,0.9898532164318786,0.7029276682963392,1.5435977865879782,0.8488141524008473,104294308.05,0.7020566545673534,79343264.6,0.9228321190101372,317429594,1.9036761451708546,2.1935441500016326,33.399999999999864,11.099999999999909,22.299999999999955,33.399999999999864,54.50109186679077,0.16379179545623593,7.055473528791412,56.63112508635267,82.07376837761157,71.373269911703,6.627786468596941
2024-05-13,1521.95,1524.05,1426.8,1455.25,85386776,HDFCBANK,1496.145,88.43693247910316,1428.1441020943817,-4.426493284733857,1.0458340491324516,1.0472771001546126,0.9804500944854836,-2.5973485361592394,-2.5855002804143674,-3.4314312798096167,104978420.45,0.8133745548273773,70892245.8,1.2044586123127166,232042818,1.4520627473060679,6.682700566912901,97.25,1.3999999999998636,95.85000000000014,97.25,60.200946284552,-0.46241992857071446,1.5739512807984912,40.79090951011296,47.304616971885466,71.66193792451206,1.8979805935456648
2024-05-20,1452.25,1468.0,1435.5,1466.05,60759839,HDFCBANK,1484.5425,74.70230616286422,1428.281430101283,0.7421405256828661,0.99058695133181,1.0013301047031138,0.9791616929845504,-1.227694124686846,-1.5683830407692292,-2.4470228430915446,104806849.5,0.5797315661129572,71625078.6,0.8483039765906799,292802657,1.9176629308653679,2.2168411718563488,32.5,12.75,19.75,32.5,56.507486779945076,-0.24754925182206755,2.678946631180845,43.70235008220878,52.87593500128962,60.75144011692888,2.6443366904265337
2024-05-27,1450.1,1545.0,1448.15,1527.7,92536911,HDFCBANK,1477.755,62.811970657609606,1428.826972544594,4.205177176767516,0.9492046867840543,1.0113242128690187,0.9479282581658703,1.9048849156696763,2.1689030436493426,1.546604032736686,106077348.8,0.872353165372474,76946996.6,1.20260588572472,385339568,2.5094486416929582,6.339595470314846,96.84999999999991,78.95000000000005,17.899999999999864,96.84999999999991,61.886488542619055,0.7951509796158441,5.646416099028384,57.47508589793919,81.44909431605245,60.5432154297425,6.919874089395404
2024-06-03,1530.1,1599.0,1497.65,1572.2,121764402,HDFCBANK,1472.725,48.84606190017338,1429.854774124159,2.912875564574202,0.9732222363566976,1.0170461773311283,0.9525823686553874,3.120931469986246,4.232522132652936,3.9721524397304373,109469303.15,1.1123154938983457,86733688.2,1.4038882068432552,507103970,3.213267788176803,6.446380867574095,101.34999999999991,71.29999999999995,30.049999999999955,101.34999999999991,67.14829007026984,2.036499896415335,8.96489586582112,64.67306727993119,86.71294000991574,73.67932310908593,9.955222617837752
2024-06-10,1557.0,1584.35,1454.0,1561.3,138376017,HDFCBANK,1476.8475,52.716187654146125,1430.9169670137442,-0.6932960183182901,0.9972458848395568,1.0147633382437713,0.931275219368475,1.629722435198161,3.054801198794182,3.026601695338617,104088609.25,1.329405955147777,99764789.0,1.387022599727044,368727953,2.2019322491221622,8.348811887529617,130.3499999999999,12.149999999999864,118.20000000000005,130.3499999999999,75.57518472756718,1.6020221445842298,6.174770486229164,61.72042667859505,78.79043600562585,82.31749011053134,9.111851770012832
2024-06-17,1556.0,1599.0,1552.2,1596.9,59243254,HDFCBANK,1483.9599999999998,58.80791792372853,1431.4892362744674,2.280151156087884,0.9743878765107395,1.0013150479053166,0.9720082660154048,2.548473349646139,4.470873627480397,4.756077686781374,97899243.05,0.6051451691995487,94536084.6,0.6266734469770923,427971207,2.261871431787247,2.930678188991167,46.799999999999955,37.700000000000045,9.099999999999909,46.799999999999955,71.73849343055822,1.9204896889306444,3.2522953575585323,67.33968397248913,98.81856540084394,88.10731380546183,11.55515246178334
2024-06-24,1596.9,1681.45,1589.45,1672.4,122065711,HDFCBANK,1495.3375,71.48799839463518,1433.1885496162733,4.727910326257123,0.9548552977756518,1.0054113848361637,0.9504006218607989,4.631929001056325,7.5287207925599215,8.301183181766383,98411194.9,1.24036407772547,106797259.0,1.1429667029188455,550036918,2.4702962801906794,5.501076297536475,92.0,84.54999999999995,7.4500000000000455,92.0,74.44002763981712,2.4768143461306877,11.88867331237038,75.9712247322729,96.52190622598003,91.3769692108166,16.69085693210248
2024-07-01,1671.1,1716.95,1671.1,1705.2,112427967,HDFCBANK,1511.0975,81.13629610753941,1434.9443402702925,1.9612532886869039,0.9800023457658925,1.0068906873094066,0.9800023457658925,4.310907053470388,7.977798659634675,9.2262826591723,97629871.1,1.1515734450252697,110775470.2,1.0149175336111549,662464885,2.470652121528794,2.6888341543514036,45.850000000000136,44.549999999999955,1.300000000000182,45.850000000000136,70.6280239545082,2.392301710972032,12.762862055283698,78.78212037900877,96.02637808589787,97.12228323757394,18.833877534148883
2024-07-08,1715.0,1794.0,1627.15,1635.35,168159249,HDFCBANK,1522.01,82.49413790974101,1436.86066509197,-4.096293689889752,1.0487051701470633,1.0970128718622925,0.9949857828599383,0.14918670114560292,3.469109159372097,4.903345313165717,99609977.4,1.68817676089544,120054439.6,1.4006916325649985,494305636,1.6544626357976895,10.202708900235418,166.8499999999999,88.79999999999995,78.04999999999995,166.8499999999999,83.45762076057376,1.3739158062844194,6.92056227525335,61.192648148206835,56.79466230936817,83.11431554041535,13.81409761783165
2024-07-15,1625.0,1646.7,1601.0,1622.1,113830394,HDFCBANK,1532.0,81.87933837439864,1438.0519832584134,-0.8102241110465647,1.0017878059305838,1.01516552616978,0.9869921706429937,-0.4442913623416399,2.297660526713595,3.782675920963631,100153300.9,1.1365615808674758,115145315.0,0.9885803343366597,380475242,1.1943264337568404,2.8173355526786295,45.700000000000045,11.350000000000136,34.34999999999991,45.700000000000045,78.4232713258306,1.1003997075307541,6.5313762190917,58.34162314851664,53.1862745098039,68.66910496835665,12.7984258485956
2024-07-22,1620.75,1651.0,1599.15,1642.55,71207181,HDFCBANK,1542.4925,81.93041218489732,1438.871401265867,1.2607114234634231,0.9867279534869563,1.0051444400474872,0.9735776688685277,0.5375036705714115,3.012059719190348,4.565546696972512,99142391.5,0.7182314237396623,117538100.4,0.6058221185953419,451682423,1.3388905234525112,3.156677117895949,51.84999999999991,28.90000000000009,22.949999999999818,51.84999999999991,74.88016848238651,1.221249806167142,12.870640783370547,61.53325341427996,58.755446623093675,56.245461147421906,14.15544144910684
2024-07-29,1647.55,1647.8,1588.05,1605.05,117038889,HDFCBANK,1551.355,78.38080105282106,1439.9586952887312,-2.2830355240327505,1.0264789258901592,1.0266346842777483,0.9894084296439363,-1.190876025005634,0.6394773772545195,2.1411859442714376,100487327.4,1.1647129247861756,116532736.0,1.0043434404560792,334643534,0.9431953650410366,3.722625463381203,59.75,5.25,54.5,59.75,72.86281268473498,0.6850529629547255,9.481259165785616,52.94982785496073,48.54302832244008,53.49491648511255,11.465002798442475
2024-08-05,1602.0,1670.5,1599.0,1615.75,102042182,HDFCBANK,1559.84,75.5140690969349,1440.9558175869784,0.666645898881657,0.9914900201144979,1.0338851926349992,0.9896332972303884,-0.3471723405788023,1.1121203321035382,2.5568010469019455,96940193.35,1.0526302710329802,114455579.0,0.8915439762005835,436685716,1.1844171856852799,4.425189540461086,71.5,65.45000000000005,6.0499999999999545,71.5,72.68110432677031,0.7403918325236887,5.763566145185561,55.015739616572695,51.45697167755991,52.91848220769788,12.130433166627665
2024-08-12,1630.0,1675.95,1593.3,1660.1,93700039,HDFCBANK,1570.7024999999999,73.39534166164296,1442.0913116707359,2.7448553303419443,0.9818685621348112,1.0095476176133968,0.9597614601530029,1.5557521798726055,3.2176590532048586,4.730019487121757,97757873.45,0.9584909705295968,99563737.0,0.9411060876511697,530385755,1.3560011430558074,4.978615746039401,82.65000000000009,60.200000000000045,22.450000000000045,82.65000000000009,74.01029041653429,1.2180268934795346,5.590891744052917,62.82276202710455,63.534858387799545,54.51161946259984,15.11753704948752
2024-08-19,1628.0,1637.65,1601.15,1631.55,66870440,HDFCBANK,1578.755,70.60478196864457,1442.789320427689,-1.7197759171134197,0.9978241549446846,1.0037387760105423,0.9813674113572983,-0.11126262600736857,1.306366405771227,2.807675669163243,96106278.7,0.6957967877285004,90171746.2,0.7415897198184679,463515315,1.143781612533247,2.237136465324385,36.5,22.449999999999818,58.94999999999982,58.94999999999982,72.00225169432969,0.747753884764434,4.499455581886891,55.64906386025939,54.68619246861923,56.55934084465955,13.08303831333851
2024-08-26,1627.45,1647.95,1617.8,1639.95,71381862,HDFCBANK,1583.4225,71.44775138259648,1443.5616731941802,0.5148478440746507,0.9923778163968414,1.0048781975060215,0.9864934906552029,0.26767867416189445,1.5530449670517974,3.0300464251072965,93293278.3,0.7651340300258267,90206682.4,0.791314568952599,534897177,1.284132586330572,1.8384706850818677,30.15000000000009,16.40000000000009,13.75,30.15000000000009,66.42195146841908,0.7911725548548101,2.695848205898921,57.30419481770381,55.45756830996097,57.89287305545991,13.604429270504934
2024-09-02,1643.4,1662.0,1621.15,1626.95,295569408,HDFCBANK,1590.035,68.87796244463148,1446.4888617713884,-0.7927070947284953,1.0101109437905282,1.021543378714773,0.9964350471741603,-0.35281574246625125,0.6569256726916235,2.067281876281899,105216964.95,2.8091421201938025,125912786.2,2.3474137688488383,239327769,0.5754241993956644,2.5108331540612747,40.84999999999991,22.049999999999955,18.799999999999955,40.84999999999991,63.01235793929652,0.5359479097494297,-2.7176512795981878,53.72397507931597,50.867647058823536,53.67046927913457,12.4758055867514
2024-09-09,1634.0,1649.9,1624.6,1646.5,67332219,HDFCBANK,1596.75,67.42148845331816,1447.2134984993384,1.2016349611235766,0.9924081384755542,1.0020649863346494,0.986699058609171,0.5591604121042729,1.5741365961662122,2.960927560217906,105287209.85,0.6395099565837721,118970793.6,0.5659558700296003,306659988,0.7383038786251912,1.5365927725478397,25.300000000000182,22.950000000000045,2.3500000000001364,25.300000000000182,57.98404354739034,0.7378953081768035,-3.4424114473375567,58.25013279060443,56.61764705882353,54.31428747586934,13.770359501711955
2024-09-16,1654.0,1677.8,1638.0,1670.95,60145364,HDFCBANK,1603.8225,67.4147248381076,1447.9352355610692,1.4849681141815951,0.989856069900356,1.0040994643765522,0.9802806786558544,1.3428120205191325,2.5837222994212827,4.015771442736501,104652930.85,0.5747126574620915,112259858.6,0.5357691052712585,366805352,0.88564991737535,2.3818785720697777,39.799999999999955,31.299999999999955,8.5,39.799999999999955,55.55950440773829,0.9957394346888265,2.176904026660975,63.41393236837791,49.11083540115799,52.19870983960167,15.402261023954807
2024-09-23,1678.0,1766.35,1664.15,1759.8,89642488,HDFCBANK,1615.6799999999998,73.00978917780306,1449.4274704313373,5.317334450462297,0.9535174451642232,1.0037220138652119,0.9456472326400728,4.215922925213632,6.430408054268162,8.12339878654042,105474029.6,0.849901045214262,116814268.2,0.7673933106058699,456447840,1.0839002712364092,5.8074781225139125,102.19999999999982,95.39999999999986,6.7999999999999545,102.19999999999982,61.77823715337316,1.9739818676783205,8.488995746254858,75.90818483211727,83.39402767662052,63.04083671220067,21.41345709946414
2024-09-30,1765.0,1788.0,1724.4,1732.05,79450514,HDFCBANK,1629.52,66.98445892025919,1450.6209708530305,-1.5768837367882704,1.0190237002396005,1.0323027626223262,0.9955832683813979,1.7875469968307023,4.226815669574588,6.097116568521512,105177216.5,0.7553966214726742,118427998.6,0.6708761014221851,376997326,0.8800867763218968,3.671949424092833,63.59999999999991,28.200000000000045,35.399999999999864,63.59999999999991,62.021138866256734,1.530653552371835,5.448844784024831,67.5899678249461,69.91988346686088,67.4749155148798,19.400590147368167
2024-10-07,1724.0,1742.0,1613.0,1617.8,108093605,HDFCBANK,1637.1075,55.01911216972844,1451.575991670151,-6.596229900984385,1.0656447026826554,1.0767709234763259,0.9970330077883546,-3.43218330413294,-2.1743517225403197,-0.4898309289578038,107543904.8,1.0051114026501295,80932838.0,1.3355963743666075,268903721,0.6295021552129637,7.973791568797132,129.0,9.950000000000045,119.04999999999995,129.0,70.95165368408917,-0.3509235107327508,0.7943677767047852,44.45028794946048,14.445253702354938,55.919721615278775,11.451278423156834
2024-10-14,1630.0,1692.05,1622.0,1688.1,67407458,HDFCBANK,1645.1274999999998,49.66136768945527,1452.4155866826407,4.345407343305729,0.9655826076654227,1.002339908773177,0.9608435519222795,0.5834622161300398,1.7834084557994627,3.3870952922641258,106287432.15,0.6341997039204977,80947885.8,0.8327266034661526,336311179,0.7918468683631442,4.149635685089743,70.04999999999995,74.25,4.2000000000000455,74.25,71.39143319287729,0.8653104414827574,4.477796688844182,55.31229702869696,50.0375093773443,44.800882182186704,16.227064448934296
2024-10-21,1694.0,1748.15,1654.1,1728.7,63087811,HDFCBANK,1652.9524999999999,49.894682437351186,1453.3304328448455,2.4050707896451806,0.9799271128593741,1.0112512292474114,0.9568461849945045,1.9455631657889785,3.5058079056442453,5.184787759182336,103353602.6,0.6104074692409416,81536375.2,0.7737382345640501,399398990,0.9524644029819753,5.440504425290691,94.05000000000018,60.05000000000018,34.0,94.05000000000018,74.412575433827,1.5181477524205176,4.132281187880249,60.46388327420213,70.34258564641164,44.94178290870362,18.947485095741637
2024-10-28,1730.05,1768.65,1705.05,1734.2,77943124,HDFCBANK,1661.5974999999999,48.12612944673743,1454.474774398591,0.3181581535257605,0.9976069657478952,1.0198650674662668,0.9831910967593126,1.5043612980814918,3.2672900439002897,5.02836892093778,100331957.95,0.7768524166431858,79196502.4,0.9841738162416627,477342114,1.1237848435245543,3.6673970706954293,63.600000000000136,39.950000000000045,23.65000000000009,63.600000000000136,72.97089870931676,1.5085879715374049,6.29156323741229,61.16368580999972,73.09327331832961,64.49112278069516,19.232043795126813
2024-11-04,1726.15,1764.0,1710.9,1714.1,60627751,HDFCBANK,1667.4575,46.95480266616898,1455.2949698308414,-1.1590358666820566,1.0070299282422264,1.029111487077767,0.9981331310892014,0.23291654051023786,1.8282652591356683,3.588480408066098,100401182.8,0.6038549478124275,75431949.8,0.8037410031259725,416714363,0.9823533756405887,3.0978355988565376,53.09999999999991,29.799999999999955,23.299999999999955,53.09999999999991,70.32144554807451,0.9933488663898897,4.521479313393684,56.91559259077942,62.04417051874675,68.49334316116266,17.783682039335375
2024-11-11,1703.0,1782.8,1697.9,1766.3,67692060,HDFCBANK,1672.1525000000001,51.90825275373069,1456.3881077852575,3.0453299107403353,0.9641623733227651,1.0093415614561512,0.9612749815999548,2.1209089592513846,4.053912285092057,5.9012793665726555,97682500.25,0.6929804194892114,67351640.8,1.0050543564485812,484406423,1.1508317642462662,4.806657985619649,84.89999999999986,68.70000000000005,16.199999999999818,84.89999999999986,72.26525280833123,1.813728935294077,8.565106487599493,64.33776869241362,88.85464817668205,74.66403067125279,21.279485224994612
2024-11-18,1772.0,1775.0,1672.1,1705.1,60676172,HDFCBANK,1672.1474999999998,51.90490666135656,1457.1692290019441,-3.464870067372472,1.0392352354700605,1.0409946630696147,0.980646296404903,-0.9281326629031666,0.5230151239515604,2.313536214735703,95094910.5,0.6380590893978495,66005383.6,0.9192609555563586,423730251,1.0360613726440888,6.034836666471181,102.90000000000009,8.700000000000045,94.20000000000005,102.90000000000009,76.34988576722041,0.634862908337207,3.5590646826601846,52.17795297237437,55.63286058335556,68.8438930929281,17.01454889819973
2024-11-25,1714.0,1803.55,1702.7,1785.6,269604335,HDFCBANK,1679.6599999999999,56.92882351995559,1461.68940899051,4.721130725470646,0.9599014336917563,1.0100526433691757,0.9535730286738352,2.414665843967953,4.292335391632971,6.157730202602505,100167164.8,2.6915440357956504,107308688.4,2.5124185098137866,693334586,1.6550001240149823,5.647961469534046,100.84999999999991,98.45000000000005,2.3999999999998636,100.84999999999991,79.61656766492435,1.860920241270475,6.861366288638182,62.837872617008955,90.57990028863813,78.35580301622524,22.160014912688812
2024-12-02,1810.0,1836.1,1769.8,1804.7,71076673,HDFCBANK,1688.7899999999997,61.65764476439704,1462.9294804350252,1.0696684587813587,1.0029367761954895,1.0173990136864852,0.9806616058070593,2.2983052884095936,4.547361607532636,6.554998686182259,98029478.75,0.725054074614265,105935398.2,0.6709435581278629,764411259,1.744713132399642,3.673740787942592,66.29999999999995,50.5,15.799999999999955,66.29999999999995,77.8410253096011,1.8798966526034124,2.5514262984430047,64.97527317801524,85.92559390407895,77.37945159202421,23.36206386813286
2024-12-09,1822.7,1880.0,1816.1,1870.0,86246554,HDFCBANK,1700.1625,72.67225973866627,1464.7074424033353,3.618329916329577,0.9747058823529412,1.0053475935828877,0.9711764705882352,3.8066850459867263,6.754754847875083,8.999904965173112,98781447.4,0.8731047810097182,111059158.8,0.7765820931105414,850657813,1.857011870593816,3.4171122994652454,63.90000000000009,75.29999999999995,11.399999999999864,75.29999999999995,77.5022219349876,2.3370334239054316,7.964550676943505,71.45240333664952,96.25468164794007,90.92005861355237,27.67054674970782
2024-12-16,1877.7,1877.7,1829.25,1865.2,38390390,HDFCBANK,1713.17,77.8497125032584,1465.4845560155873,-0.2566844919786093,1.0067016941882907,1.0067016941882907,0.9807259275144756,2.372757536634194,5.584108130354344,8.03524399231588,94849022.45,0.40475261640400806,105198824.8,0.3649317382868711,812267423,1.685341921868714,2.5975766673815164,48.450000000000045,7.7000000000000455,40.75,48.450000000000045,73.62859234365594,1.95286527222097,15.292372357522567,70.34898132404987,94.45692883895133,92.21240146365678,27.275309203610693
2024-12-23,1856.35,1862.35,1767.05,1801.0,53309777,HDFCBANK,1722.4325000000001,76.66006693083436,1466.386165146622,-3.4419901351061544,1.0307329261521376,1.0340644086618545,0.9811493614658523,-0.7382315908457958,1.9015523842644173,4.360573201885224,92412402.2,0.5768682095789086,103725545.8,0.5139503156029669,758957646,1.523786090861073,5.291504719600219,95.29999999999995,2.8500000000001364,98.15000000000009,98.15000000000009,76.89811336450182,1.0248817036761326,6.687992417510813,56.809866569916885,70.4119850187266,87.04119850187266,22.818943795744307
2024-12-30,1802.05,1815.0,1771.0,1777.9,27224530,HDFCBANK,1728.3225000000002,76.14252991489062,1466.8130798002546,-1.2826207662409717,1.0135834411384217,1.0208673153720682,0.9961190168175937,-1.3647393348382229,0.5374056924591053,2.858115178138462,89088626.75,0.3055892878043493,55249584.8,0.49275537723135976,731733116,1.4400198785934355,2.474829855447438,44.0,14.0,30.0,44.0,72.51169824923491,0.6511144304689616,2.846069300630538,52.60650486464152,61.76029962546819,75.5430711610487,21.208354662484204
2025-01-06,1770.3,1781.8,1765.6,1772.85,7058618,HDFCBANK,1735.3875,73.1888362837999,1466.921783054741,-0.28404297204568385,0.9985616380404434,1.005048368446287,0.9959105395267507,-1.1023192649909823,0.21778665375267728,2.366287462153037,86098035.65,0.08198349644925958,42445973.8,0.16629652633861824,724674498,1.3903990204514263,0.9137828919536366,16.200000000000045,3.8999999999998636,12.300000000000182,16.200000000000045,65.0034718160036,0.5118608506730973,2.228693345634869,51.64265615476952,59.86891385767786,64.01373283395753,20.85511446344394
