Date,Open Price,High Price,Low Price,Close Price,Total Traded Quantity,Symbol,20_SMA,20_STD,VWAP,Weekly_Return,Normalized_Open,Normalized_High,Normalized_Low,EMA5_Diff_Pct,EMA13_Diff_Pct,EMA23_Diff_Pct,Volume_SMA20,Relative_Volume,Volume_SMA5,Volume_Spike_Ratio_5Wk,OBV,Normalized_OBV,Normalized_Weekly_Range,High-Low,High-PrevClose,Low-PrevClose,True_Range,ATR,Bollinger_Z_Score,ROC_10,RSI,Stochastic_%K,Stochastic_%D,VWAP_Diff_Pct
2014-01-06,732.0,732.05,696.6,714.1,1868189,KOTAKBANK,,,714.1,,1.0250665172944966,1.0251365354992297,0.9754936283433693,0.0,0.0,0.0,,,,,1868189,,4.964290715586043,35.44999999999993,,,35.44999999999993,35.44999999999993,,,,,,0.0
2014-01-13,712.0,724.75,695.15,716.9,2103076,KOTAKBANK,,,715.5828053025925,0.392101946506096,0.9931650160412889,1.0109499232807924,0.9696610405914353,0.2603803412842341,0.3347747245082806,0.358022969265812,,,,,3971265,,4.1288882689356985,29.600000000000023,10.649999999999977,18.950000000000045,29.600000000000023,34.669999999999945,,,100.0,,,0.18407299443849176
2014-01-20,716.0,737.75,707.0,728.15,2193117,KOTAKBANK,,,720.0538663648684,1.5692565211326448,0.9833138776351027,1.0131840966833756,0.970953786994438,1.2009125103954421,1.6068117832863857,1.7393775702503274,,,,,6164382,,4.223030968893772,30.75,20.850000000000023,9.899999999999977,30.75,34.147333333333286,,,100.0,,,1.124378885152605
2014-01-27,729.7,732.0,654.55,658.1,5830878,KOTAKBANK,,,689.9381843036333,-9.620270548650689,1.108798055006838,1.1122929645950463,0.9946056830268956,-6.2103586643930155,-7.599800290880694,-7.993110779066558,,,,,333504,,11.768728156815081,77.45000000000005,3.8500000000000227,73.60000000000002,77.45000000000005,39.92102222222219,,,14.472113391432671,,,-4.614643025703545
2014-02-03,657.0,674.95,645.05,654.95,4435358,KOTAKBANK,,,680.493309913845,-0.4786506609937624,1.0031300099244216,1.0305366821894801,0.9848843423162073,-4.480786866210706,-6.957689557233709,-7.803131058444744,,,3286123.6,1.3497234248888264,-4101854,,4.56523398732729,29.90000000000009,16.850000000000023,13.050000000000068,29.90000000000009,38.58488592592591,,,13.857173432945146,,,-3.75364600088117
2014-02-10,648.0,676.1,643.6,647.25,3888328,KOTAKBANK,,,674.1317155304217,-1.1756622642949965,1.0011587485515643,1.0445731942835073,0.9943607570490537,-3.8158273289812925,-7.054380103307695,-8.32847528698497,,,3690151.4,1.0537041921911388,-7990182,,5.0212437234453455,32.5,21.149999999999977,11.350000000000023,32.5,37.773567802469124,,,12.374161591477176,,,-3.9876058211073193
2014-02-17,648.9,656.3,630.5,650.75,2669435,KOTAKBANK,,,671.416606110713,0.5407493240633388,0.9971571263926239,1.0085286208221282,0.9688820591625048,-2.1716421961153967,-5.553083833202449,-7.100353684788216,,,3803423.2,0.7018506381304084,-5320747,,3.9646561659623445,25.799999999999955,9.049999999999955,16.75,25.799999999999955,36.177092095473235,,,17.031201840206066,,,-3.078060018566953
2014-02-24,651.0,688.4,648.05,677.6,3967232,KOTAKBANK,,,672.3266562032925,4.1260084517864115,0.9607438016528925,1.0159386068476977,0.9563902007083824,1.25128280291017,-1.174737693274368,-2.618445833841899,,,4158246.2,0.9540637588991243,-1353515,,5.954840613931526,40.35000000000002,37.64999999999998,2.7000000000000455,40.35000000000002,36.73347981607681,,,43.57543473389407,,,0.784342513873647
2014-03-03,680.3,694.0,668.0,669.95,2576060,KOTAKBANK,,,672.1193395037254,-1.1289846517119173,1.015448914098067,1.0358982013583102,0.9970893350250017,0.08246309650165701,-1.9971668601657337,-3.4743697125561432,,,3507282.6,0.7344888604071995,-3929575,,3.8808866333308454,26.0,16.399999999999977,9.600000000000023,26.0,35.30234917393324,,,39.42846987450485,,,-0.3227610598628457
2014-03-10,671.0,755.0,665.45,752.4,5350066,KOTAKBANK,,,684.432568273044,12.306888573774156,0.8918128654970761,1.0034556087187667,0.8844364699627858,7.354462299753038,7.868532766042327,7.209242216219539,,,3690224.2,1.4497942970511113,1420491,,11.90191387559808,89.54999999999995,85.04999999999995,4.5,89.54999999999995,42.53536928407547,,,72.25934535399611,,,9.930478892676158
2014-03-17,755.8,776.65,733.0,755.95,3216444,KOTAKBANK,,,690.4704366452332,0.471823498139301,0.9998015741781863,1.0273827634102783,0.9696408492625173,5.193021967356035,7.115305116366627,7.007911929616109,,,3555847.4,0.9045506283537365,4636935,,5.774191414776106,43.64999999999998,24.25,19.399999999999977,43.64999999999998,42.683986712865405,,5.860523736171408,72.98675046696412,,,9.483326132384507
2014-03-24,757.4,775.0,737.2,765.55,4191383,KOTAKBANK,,,697.9116859948386,1.2699252596070965,0.9893540591731436,1.0123440663575207,0.962967800927438,4.254601228940227,7.097211046456612,7.49286365522894,,,3860237.0,1.0857838521313588,8828318,,4.937626543008289,37.799999999999955,19.049999999999955,18.75,37.799999999999955,42.03278848448335,,6.786162644720317,75.02977197513204,,,9.691529080609422
2014-03-31,765.0,788.0,761.0,781.05,4967809,KOTAKBANK,,,706.6513856620264,2.0246881327150357,0.9794507393892837,1.0088982779591575,0.9743294283336534,4.103117573194362,7.663606591802079,8.551285607394504,,,4060352.4,1.2234920791604198,13796127,,3.456884962550413,27.0,22.450000000000045,4.5499999999999545,27.0,40.02841668655224,,7.264986609901802,78.1135294324943,,,10.52833346789141
2014-04-07,781.5,782.1,750.0,769.45,4063831,KOTAKBANK,,,711.624046587097,-1.4851802061327635,1.015660536747027,1.0164403145103644,0.974722204171811,1.771603076260931,5.375631865277078,6.574912584769469,,,4357906.6,0.9325190677560644,9732296,,4.171811033855354,32.10000000000002,1.0500000000000682,31.049999999999955,32.10000000000002,38.97129446167861,,16.91992098465278,70.5860311404212,88.22222222222224,,8.125913351331022
2014-04-14,774.8,812.0,767.15,805.65,3050182,KOTAKBANK,,,716.8988111495335,4.704659172135939,0.9617079376900639,1.0078818345435363,0.9522124992242289,4.123511025903694,8.252020042809198,9.875021346310396,,,3897929.8,0.7825133228412683,12782478,,5.566933531930742,44.85000000000002,42.549999999999955,2.300000000000068,44.85000000000002,39.75512186678814,,23.009390029773247,78.16326376984911,96.50137741046831,,12.37987669531153
2014-04-21,805.0,809.0,773.5,801.35,3131083,KOTAKBANK,,,721.497286260968,-0.5337305281449711,1.004554813751794,1.0095463904660884,0.9652461471267236,2.4060287082376024,6.651176084096551,8.608797698072495,,,3880857.6,0.8068018264828887,9651395,,4.430024333936482,35.5,3.3500000000000227,32.14999999999998,35.5,39.18777228454972,,23.808420239474714,75.49764410273326,94.13223140495869,92.95194367921641,11.067638819939923
2014-04-28,803.15,834.6,795.55,823.95,3187764,KOTAKBANK,,,726.8786309296712,2.8202408435764603,0.9747557497420959,1.012925541598398,0.9655318890709387,3.388612662860767,7.895680169556847,10.189257073533428,,,3680133.8,0.8662087231719673,12839159,,4.739365252745928,39.05000000000007,33.25,5.800000000000068,39.05000000000007,39.169402646609775,,26.615443718786015,79.69668689867126,94.78196962273397,95.13852614605366,13.35454984364796
2014-05-05,821.1,824.55,795.5,807.6,2125254,KOTAKBANK,,,729.6096995758485,-1.9843437101765948,1.0167161961367013,1.0209881129271916,0.9850173353145121,0.9551324117253766,5.169439265237051,7.673437966724108,,,3111622.8,0.6830050223311129,10713905,,3.5970777612679488,29.049999999999955,0.599999999999909,28.450000000000045,29.049999999999955,37.82014896039514,,19.185360094451,69.72259783016844,86.77119059284665,91.89513054017978,10.689317928406167
2014-05-12,809.6,865.0,800.3,850.7,3804374,KOTAKBANK,,,736.5246461074232,5.3368003962357635,0.9516868461267192,1.0168096861408251,0.9407546726225461,3.9821048828097596,8.549099884739057,11.321828447277763,,,3059731.4,1.2433686172583647,14518279,,7.605501351827912,64.70000000000005,57.39999999999998,7.300000000000068,64.70000000000005,41.404129099009126,,26.979625345175016,78.07038546892011,93.90191897654586,91.81835973070883,15.501905400722215
2014-05-19,855.25,951.0,848.1,917.0,5700612,KOTAKBANK,747.42,74.84780417269225,750.7504924960741,7.793581756200774,0.9326608505997819,1.0370774263904035,0.9248636859323882,7.282861958419668,12.99521975879187,16.255568344337625,3616023.75,1.5764863270049043,3589817.4,1.5879949771261346,20218891,3.717400099343866,11.221374045801525,102.89999999999998,100.29999999999995,2.6000000000000227,102.89999999999998,49.60357855247457,2.2656643287588953,21.87666135034556,85.27590788546657,89.39157566302653,90.02156174413967,22.144442017105337
2014-05-26,919.7,919.9,851.6,861.15,4676885,KOTAKBANK,754.7725,78.53419884456642,757.4562522864422,-6.090512540894222,1.0679904778493876,1.0682227254253034,0.9889101782500146,0.8464529337674979,6.302153949100096,9.92228588605678,3756458.55,1.2450250515874852,3898977.8,1.199515678186216,15542006,2.5384327338206045,7.931254717528881,68.29999999999995,2.8999999999999773,65.39999999999998,68.29999999999995,52.09643474547796,1.3545372788552987,13.916264303194637,64.63388364981986,70.3416405347417,84.54504505810469,13.689734212444597
2014-06-02,860.0,891.0,842.05,886.6,4682858,KOTAKBANK,763.2574999999999,83.25264224509321,764.8602706269714,2.955350403530166,0.9699977441912926,1.0049627791563276,0.9497518610421836,2.4617812947694366,7.7072281330935635,11.465649804360842,3885447.65,1.205229981672768,4197996.6,1.1154982831572566,20224864,2.916196170036129,5.521091811414397,48.950000000000045,29.850000000000023,19.100000000000023,48.950000000000045,51.67691011274757,1.4815445693229,15.812161191300378,68.62685753158979,77.44703204342498,79.06008274706441,15.916597324794509
2014-06-09,886.95,916.9,853.0,900.2,4457694,KOTAKBANK,771.86,88.1773625323297,771.8641912651658,1.5339499210466956,0.9852810486558543,1.0185514330148855,0.9475672072872694,2.6235764614845394,7.801341095122434,11.73627122509902,3998676.5,1.1147923569210962,4664484.6,0.9556669990935334,24682558,3.139768576607181,7.098422572761606,63.89999999999998,30.299999999999955,33.60000000000002,63.89999999999998,53.30665543104789,1.455475604103547,15.255105306958594,70.66877563048155,82.20977061810542,76.6661477320907,16.626734364302933
2014-06-16,902.75,949.5,881.5,930.45,3228157,KOTAKBANK,785.4775000000001,90.6788498449916,777.5927624588703,3.360364363474777,0.9702294588639905,1.0204739642108656,0.9473910473426836,3.8595973494032423,9.256136204904736,13.388674380243923,3868540.45,0.8344638092125933,4549241.2,0.7096033949573832,27910715,3.0205985692491337,7.308291686818206,68.0,49.299999999999955,18.700000000000045,68.0,55.26576804024151,1.5987465682220177,20.924036649554868,74.86694500240895,90.57339449541286,83.41006571898109,19.657749521455315
2014-06-23,928.0,971.95,888.55,895.05,4122691,KOTAKBANK,797.4825,88.35238249997033,782.7724214477764,-3.8046106722553708,1.0368135858331937,1.0859169878777724,0.9927378358750908,0.03810763179130812,4.857546919345547,9.13286155783452,3852907.1,1.070020868138762,4233657.0,0.9737895630184495,23788024,2.236847347574988,9.317915200268152,83.40000000000009,41.5,41.90000000000009,83.40000000000009,59.01699896820932,1.104299592600491,11.096630050269972,62.741201323899816,67.24174653887111,80.0083038841298,14.343578730655915
2014-06-30,897.5,899.95,855.2,883.55,4250603,KOTAKBANK,809.2974999999999,82.83231392556391,787.1551538963888,-1.2848444220993294,1.0157885801595836,1.0185614849187936,0.9679135306434272,-0.8419759411202586,3.1021745427878398,7.287650681034632,3871020.85,1.0980573767769812,4148400.6,1.0246365792156138,19537421,1.6266271723183776,5.064795427536642,44.75,4.900000000000091,39.84999999999991,44.75,57.114732439114746,0.8964194827000247,10.257690147875454,59.15018901590075,60.17120973192157,72.6621169220685,12.245977889677814
2014-07-07,885.6,901.95,852.75,870.9,16102176,KOTAKBANK,820.305,74.90236082991477,799.0003403098759,-1.4317242940410813,1.0168790905959353,1.035652772993455,0.9791594901825698,-1.5378174629898633,1.452611896343877,5.445902835334121,4542657.9,3.544659614363652,6432264.2,2.5033449341213316,3435245,0.27594987191075515,5.649328281088534,49.200000000000045,18.40000000000009,30.799999999999955,49.200000000000045,56.05943478056612,0.6754793766098921,5.698161296195159,55.144245215456884,54.47172786663661,60.62822804580977,8.998702010845108
2014-07-14,882.0,892.7,847.2,855.35,7424726,KOTAKBANK,829.1925000000001,67.23117673371497,802.4504406604757,-1.7855092433115116,1.0311568363827672,1.0436663354182498,0.9904717367159642,-2.2558291759847893,-0.2905279871806459,3.416360220203946,4715532.6,1.574525431125214,7025670.6,1.0567996171070133,-3989481,-0.323900314529041,5.319459870228561,45.5,21.800000000000068,23.699999999999932,45.5,54.65151014315731,0.38906800789167945,5.9125804853888075,50.31139993266975,43.06640625000001,52.56978128285274,6.592252512938257
2014-07-21,862.95,967.0,855.4,941.2,10820797,KOTAKBANK,842.7549999999999,60.432332536395585,813.8170407855692,10.03682702987081,0.9168614534636634,1.0274118147046323,0.9088397790055248,4.714178009860741,7.591977007617964,11.207237290857947,5127769.45,2.110234694736519,8544198.6,1.2664496117868795,6831316,0.5314111995746791,11.857203569910753,111.60000000000002,111.64999999999998,0.049999999999954525,111.64999999999998,62.25130879073633,1.6290120845610472,10.63829787234043,68.11339799136601,84.50491307634165,60.681015730992755,15.652530339186473
2014-07-28,945.0,954.3,922.9,941.2,4643216,KOTAKBANK,852.195,60.32124069469555,818.1428317003788,0.0,1.0040373990650233,1.013918402039949,0.9805567360815979,3.142785339907153,6.5074088636725484,10.273300849953124,5092426.95,0.9117884351782405,8648303.6,0.5368932700281244,6831316,0.5204578886553303,3.3361665958351017,31.399999999999977,13.099999999999909,18.300000000000068,31.399999999999977,58.137800951971485,1.4755167329943,2.639040348964028,68.11339799136601,82.57296684613206,70.04809539082457,15.041037277545616
2014-08-04,943.0,979.6,921.5,937.75,4656691,KOTAKBANK,861.2850000000001,58.73149675026463,822.082187838329,-0.36655333616659735,1.0055985070647828,1.0446280991735537,0.9826712876566249,1.8576305425544097,5.2829553010521515,9.114595073290195,5164439.3,0.9016837510317917,8729521.2,0.5334417424864035,2174625,0.16724703255196569,6.1956811516928845,58.10000000000002,38.39999999999998,19.700000000000045,58.10000000000002,58.132760825041956,1.3019419601230473,8.895082157579992,66.83232704889707,77.26778924497555,81.44855638914974,14.070103193188062
2014-08-11,942.6,957.8,919.0,950.15,3980650,KOTAKBANK,870.515,57.38435762470494,825.5891114571397,1.3223140495867813,0.9920538862284903,1.0080513603115298,0.967215702783771,2.0922963330564497,5.587771555073245,9.442309708094921,5153902.65,0.7723564588477432,6305216.0,0.6313265080847349,6155275,0.47830917404886997,4.083565752775873,38.799999999999955,20.049999999999955,18.75,38.799999999999955,55.555059381703025,1.387747520340208,7.167832167832167,69.23219653379692,83.57501394311208,81.13859001140656,15.087515910065012
2014-08-18,952.0,974.45,942.65,966.85,3331755,KOTAKBANK,879.8050000000001,57.1777880594244,828.7541999107542,1.7576172183339622,0.9846408439778662,1.0078605781662098,0.9749702642602265,2.5222770583879464,6.187298496341884,10.08926895421647,5072099.95,0.6568788140699001,5486621.8,0.6072507129979325,9487030,0.7497633524917009,3.2890313905983417,31.800000000000068,24.300000000000068,7.5,31.800000000000068,52.3877181308093,1.522356896869372,7.403910242168399,72.34202023031644,90.73064340239914,83.85781553016226,16.663058854376473
2014-08-25,970.0,1054.4,966.15,1044.65,6291636,KOTAKBANK,893.5649999999999,62.122792452571744,837.5181778220556,8.04674975435693,0.9285406595510457,1.009333269516106,0.9248552146651988,6.521267776385958,11.291975754986822,15.386565402465433,5183490.2,1.2137837166162675,4580789.6,1.373482859810894,15778666,1.2178952167818136,8.447805485090711,88.25000000000011,87.55000000000007,0.7000000000000455,88.25000000000011,57.16935571336807,2.4320381302136003,12.273631038744703,82.07882974878395,95.40852366376265,89.9047270030913,24.731621075567038
2014-09-01,1044.65,1059.95,1030.6,1047.95,4131303,KOTAKBANK,905.68,67.47155424013141,842.9816329583521,0.3158952759297229,0.9968509947993702,1.01145092800229,0.9834438665966887,4.5437551935375895,9.918272386861664,14.348595752384865,5237546.25,0.7887859701477576,4478407.0,0.9224938689136561,19909969,1.49563408256855,2.800706140560154,29.350000000000136,15.299999999999955,14.050000000000182,29.350000000000136,53.46010828491901,2.108592303856835,17.082844533824936,82.38237664050445,94.49288664525012,93.54401790380398,24.314689552883124
2014-09-08,1048.0,1085.85,1035.1,1076.5,2856264,KOTAKBANK,919.4375,72.9113193778655,847.0994003660744,2.7243666205448713,0.9735253135160241,1.0086855550394798,0.9615420343706456,4.716908657728882,10.549150193997745,15.235154056806696,5223805.3,0.54677841840698,4118321.6,0.6935504988245697,22766233,1.6299081957125277,4.714352066883419,50.75,37.899999999999864,12.850000000000136,50.75,53.098760513596474,2.1541579735516514,21.838039726104917,84.93038907738841,96.08212864026822,95.32784631642699,27.080717981241637
2014-09-15,1075.5,1086.6,1042.4,1046.1,3891865,KOTAKBANK,930.5450000000001,74.50296514763376,851.7686076061099,-2.823966558290769,1.028104387725839,1.0387152279896759,0.9964630532453878,1.2986344008189992,6.814011375999483,11.707538855724163,5259010.35,0.7400375243604531,4100564.6,0.9491046671963173,18874368,1.3227013549558155,4.225217474428814,44.19999999999982,10.099999999999909,34.09999999999991,44.19999999999982,51.91225911178359,1.551012094230318,20.117120220461594,72.11591671863695,83.08270676691728,91.21924068414519,22.815045149416477
2014-09-22,1050.5,1069.0,1018.8,1043.85,3297943,KOTAKBANK,942.3575000000001,72.69076223615863,855.5132404077748,-0.21508459994263873,1.006370647123629,1.02409350002395,0.9760022991809169,0.7239235820579153,5.668414838283878,10.557457199047091,5317644.8,0.6201886594606695,4093802.2,0.8055941246990389,15576425,1.0732970904475323,4.809120084303306,50.200000000000045,22.90000000000009,27.299999999999955,50.200000000000045,51.68395789687912,1.3962228057296988,22.037762319518308,71.1985028154276,82.14285714285712,87.10256418334755,22.014476304592975
2014-09-29,1042.0,1056.85,996.0,1003.35,4591017,KOTAKBANK,949.99,70.54258810705893,859.4193373941861,-3.8798677970972695,1.0385209548014152,1.053321373399113,0.9926745402900283,-2.1888888017600046,1.594921153230357,6.368201414385028,5356976.95,0.8570163812259823,3753678.4,1.2230714810304475,10985408,0.7662789141749059,6.064683310908448,60.84999999999991,13.0,47.84999999999991,60.84999999999991,52.9060968439619,0.7564224879163525,6.603272418189543,56.318427729523115,65.22556390977446,76.8170426065163,16.747431241449704
2014-10-06,1013.0,1029.2,1001.35,1011.65,1940292,KOTAKBANK,954.7225000000001,71.38279402555496,861.1004555002241,0.8272287835750181,1.0013344536153808,1.0173478969999505,0.9898186131567243,-0.9003255930054274,2.059095089996115,6.541696220724841,5168960.95,0.3753737005887034,3315476.2,0.5852227200424481,12925700,0.9251552932212518,2.7529283843226433,27.850000000000023,25.850000000000023,2.0,27.850000000000023,49.56528393143365,0.7974961022066455,7.485125371865697,58.375521291276705,68.69256474519634,72.02032859927597,17.483389253617304
2014-10-13,1007.0,1026.4,988.35,1008.5,5628001,KOTAKBANK,962.0899999999999,68.77314653417132,865.6754035457739,-0.31137251025552537,0.9985126425384234,1.0177491323748142,0.980019831432821,-0.8103218550083913,1.5027270042874736,5.728968500963416,5216516.75,1.0788810368528003,3869823.6,1.454330114685331,7297699,0.5382113835768457,3.772930094199313,38.05000000000007,14.750000000000114,23.299999999999955,38.05000000000007,48.02991274057584,0.6748273467019622,7.544654758731006,57.19601058033542,67.37677527151213,67.09830130882766,16.4986316891091
2014-10-20,1012.5,1032.8,980.35,1003.85,3695262,KOTAKBANK,967.9525,66.9732654340134,868.4350142660946,-0.4610808130887434,1.0086168252228918,1.0288389699656322,0.9765901280071724,-0.8515280110082698,0.8969753738027855,4.851265300712063,5167136.95,0.7151469054831225,3830503.0,0.9646936707790074,3602437,0.28303139300443136,5.224884195845986,52.44999999999993,24.299999999999955,28.149999999999977,52.44999999999993,48.619257708499056,0.5359974576029698,5.651739199073846,55.29304077589943,64.20847750865055,66.75927250845301,15.592990092453052
2014-10-27,1008.5,1091.7,1000.0,1085.0,5850065,KOTAKBANK,977.1924999999999,69.8212421963559,875.0725119595477,8.08387707326792,0.9294930875576037,1.0061751152073732,0.9216589861751152,4.4609484523190925,7.12212934482574,10.970381673833938,5236755.5,1.11711631371753,4340927.4,1.347653268746213,9452502,0.7899107283237354,8.451612903225811,91.70000000000005,87.85000000000002,3.8500000000000227,91.70000000000005,54.36335668069919,1.5440501573549317,12.220096188653873,73.22874338565674,96.12044006948463,75.9018976165491,23.989724870955236
2014-11-03,1089.0,1122.25,1070.7,1110.45,3805828,KOTAKBANK,986.1924999999999,74.89565069762827,879.6739683301499,2.3456221198156824,0.9806835066864784,1.0106263226619838,0.9642037012022153,4.433715503184126,7.929225865294705,11.926584213397575,5265639.05,0.7227665937337654,4183889.6,0.9096387246929268,13258330,1.1802045614438565,4.642262145976852,51.549999999999955,37.25,14.299999999999955,51.549999999999955,53.98824245660596,1.6590749775532032,6.298760350356569,76.62255325224483,94.19434194341946,84.84108650718488,26.23426860157327
2014-11-10,1113.0,1140.0,1103.25,1108.7,2570611,KOTAKBANK,996.875,76.4325046243939,882.6587006245356,-0.15759376829213023,1.0038784161630738,1.0282312618381888,0.9950843330026157,2.855247515414925,6.67191346012692,10.805269672998467,5188035.05,0.4954883641350881,4309953.4,0.5964359150611698,10687719,1.010285449867442,3.3146928835573193,36.75,29.549999999999955,7.2000000000000455,36.75,51.6898101290585,1.4630555488078356,5.797032301159399,75.85954862113827,85.8371040723982,92.05062869510077,25.60913966128994
2014-11-17,1109.1,1133.0,1040.5,1108.1,3264578,KOTAKBANK,1008.1025,75.39507780073613,886.3291204609868,-0.05411743483360043,1.000902445627651,1.0224708961285083,0.938994675570797,1.8684312007583568,5.675468010810802,9.860559166665707,5138733.8,0.635288405093099,3837268.8,0.850755620768605,7423141,0.7443091350409267,8.34762205577114,92.5,24.299999999999955,68.20000000000005,92.5,57.13116877851737,1.3263133737229673,2.9354389224337973,75.56187907030058,83.8358246769698,87.95575689759583,25.021278712321703
2014-11-24,1110.0,1264.7,1060.0,1199.75,13370806,KOTAKBANK,1024.5449999999998,79.63768596786267,905.9223262192794,8.27091417742083,0.9251927484892686,1.0541362783913315,0.8835173994582205,6.243194339687619,11.040861681502308,15.350860716705226,5002165.3,2.6730036290484045,5772377.6,2.3163429225420042,20793947,1.918060626745018,17.06188789331111,204.70000000000005,156.60000000000014,48.09999999999991,204.70000000000005,76.80701294138173,2.200026254789763,14.687888347194345,85.55322767576907,78.24485010885948,82.63925961940917,32.43409123240874
2014-12-01,1194.0,1231.55,1146.1,1201.75,7834354,KOTAKBANK,1041.865,78.56478235390158,916.3752717911904,0.16670139612420254,0.993551071354275,1.024797170792594,0.9536925317245682,4.266152088781754,9.590495148657538,14.200759073125175,5022646.7,1.5598059087054639,6169235.4,1.2699068023891582,28628301,2.295402043663279,7.1104639068025834,85.45000000000005,31.799999999999955,53.65000000000009,85.45000000000005,77.95941121586418,2.035072143136409,15.126694448436083,85.70043337054052,77.86179004747669,79.98082161110199,31.14168801729042
2014-12-08,1190.2,1254.35,1190.2,1245.95,4400684,KOTAKBANK,1057.1025,87.10238753601325,922.7893660052442,3.6779696276263874,0.9552550262851639,1.006741843573177,0.9552550262851639,5.108202989790096,10.969514400302133,15.80744173638655,4701641.05,0.9359889351825359,6288206.6,0.6998313318776772,33028985,2.3965473478344843,5.1486817288013045,64.14999999999986,52.59999999999991,11.549999999999955,64.14999999999986,76.11815638708227,2.1681093405381042,24.179000348831426,88.64963136533302,93.40601371549148,83.17088462394254,35.019978111984365
2014-12-15,1241.55,1315.5,1224.55,1308.85,4352609,KOTAKBANK,1075.4850000000001,99.29614941916857,930.0803488704413,5.048356675629018,0.9485808152194675,1.0050807961187302,0.9355923138633152,6.445640837442007,13.069793963330788,18.199061666473053,4687110.7,0.9286337103153974,6644606.2,0.6550589860389319,37381594,2.4417384601113863,6.94884822554151,90.95000000000005,69.54999999999995,21.40000000000009,90.95000000000005,78.0957355354713,2.35019183890881,29.377749221568727,91.52106430775146,98.0158138147098,89.761205859226,40.72440102509043
2014-12-22,1301.05,1306.6,1232.0,1257.95,6713262,KOTAKBANK,1091.495,101.70414381145557,939.3603112322673,-3.8889101119303104,1.0342620930879605,1.038674033149171,0.979371199173258,1.7734552301156503,8.187742980181259,13.648413456006194,4789939.25,1.4015338503510248,7334343.0,0.9153187954258479,30668332,1.8326845429579208,5.930283397591312,74.59999999999991,2.25,76.84999999999991,76.84999999999991,77.92963746407513,1.6366589773233142,24.734754586018838,74.03341164845963,82.82858421602269,91.41680391540801,33.91560032484253
2014-12-29,1264.0,1272.0,1235.0,1243.55,2850567,KOTAKBANK,1106.1650000000002,101.40306766355316,942.9727357392301,-1.1447195834492718,1.0164448554541434,1.0228780507418278,0.9931245225362872,0.42401083281676866,6.10678273508608,11.594443245601505,4733435.1,0.6022195170691155,5230295.2,0.5450107290311261,27817765,1.56128471289575,2.975352820554059,37.0,14.049999999999955,22.950000000000045,37.0,72.47235246886511,1.354840668685011,23.878069432684157,69.68677403573766,78.53200059674771,86.4587995424934,31.87549892682068
2015-01-05,1244.0,1279.0,1232.4,1266.45,1995995,KOTAKBANK,1121.145,101.86773274047292,945.6403919132022,1.8415021510996832,0.9822732835879822,1.0099095897982548,0.9731138221011489,1.4830319244867096,6.689626009858575,12.093579749085066,4666647.1,0.4277150076336392,4062623.4,0.4913069225171105,29813760,1.583012111825961,3.679576769710601,46.59999999999991,35.450000000000045,11.149999999999864,46.59999999999991,69.02270547301642,1.4264085014063452,16.723502304147473,72.6348851172691,85.36476204684472,82.24178228653837,33.92511686580369
2015-01-12,1255.0,1387.0,1233.55,1371.0,10437439,KOTAKBANK,1137.4625,114.3435461495438,963.2253298099014,8.255359469382917,0.9153902261123268,1.011670313639679,0.899744711889132,5.997172759915476,11.833120887893328,17.230735157155163,4873937.25,2.141479970838771,5269974.4,1.980548330557355,40251199,2.0068213740421785,11.192560175054709,153.45000000000005,120.54999999999995,32.90000000000009,153.45000000000005,80.27967807661423,2.042419601842405,23.463460759151687,81.90530514203621,96.06541251690643,86.65405838683296,42.334296822382726
2015-01-19,1372.0,1444.0,1367.7,1389.45,5923358,KOTAKBANK,1154.5375,125.25102885910118,972.9960287292951,1.345733041575503,0.9874410738061823,1.0392601389038827,0.9843463240850696,4.83026802156445,11.146162913774765,16.80231487909228,4963540.0,1.193373680880984,5584124.2,1.0607496874800886,46174557,2.1606761488043933,5.491381481881317,76.29999999999995,73.0,3.2999999999999545,76.29999999999995,79.74905433306567,1.875533495730886,25.322449715883465,83.07293209740465,88.23465976490888,89.88827810955335,42.80119948840716
2015-01-26,1392.0,1419.0,1370.15,1385.3,6011342,KOTAKBANK,1169.9775,133.86210351170791,982.3699259250378,-0.2986793335492566,1.0048364975095647,1.0243268606078106,0.9890637407059844,3.0301094360127556,9.325696998408377,15.173653149516491,5121293.9,1.1737935993089559,5443740.2,1.1042668788639105,40163215,1.805878096115851,3.5263119901826254,48.84999999999991,29.549999999999955,19.299999999999955,48.84999999999991,75.62918042199024,1.6085396415511082,25.015792798483893,81.70457683526244,86.77927927927927,90.3597838536982,41.01612472465985
2015-02-02,1383.4,1393.0,1304.4,1352.35,9869611,KOTAKBANK,1185.29,136.43715210192744,995.6834683321828,-2.378546163285933,1.022960032535956,1.0300587865567346,0.9645432025732985,0.4449590720885697,6.099786964635182,12.014621386738963,5420181.2,1.8209005632505422,6847549.0,1.441334848425327,30293604,1.328012679368334,6.5515583983436185,88.59999999999991,7.7000000000000455,80.89999999999986,88.59999999999991,77.35862303239153,1.2244465486585006,12.719316524275893,70.99178529305242,77.28624535315983,84.10006146578264,35.82127684265468
2015-02-09,1360.9,1366.0,1236.25,1266.25,5058056,KOTAKBANK,1196.41,133.3304152531568,1000.5827998487407,-6.366695012385836,1.0747482724580455,1.0787759131293189,0.9763079960513327,-4.216260400848193,-0.24433434948567123,5.5292994771912545,5508186.85,0.9182796694705446,7459961.2,0.678027118961423,25235548,1.0833409999455594,10.246791707798618,129.75,13.650000000000091,116.09999999999991,129.75,84.344139961406,0.5238114639288679,5.3671728728937,50.87839400198548,55.94795539033457,73.33782667425788,26.55124595300064
2015-02-16,1249.0,1323.0,1249.0,1292.45,4708527,KOTAKBANK,1210.8650000000002,126.81017112203692,1005.421067178311,2.069101678183616,0.9663816782080544,1.023637278037835,0.9663816782080544,-1.4024216191852785,1.5323797858753891,6.824005447852766,5514062.35,0.8539125423563628,6314178.8,0.745706947671485,29944075,1.2352085701413784,5.725559982978065,74.0,56.75,17.25,74.0,82.96492129988519,0.6433632198278934,3.7320919780087447,55.32275786914022,62.44114002478316,65.22511358942585,28.548131941100912
2015-02-23,1291.9,1334.9,1283.85,1316.85,3713054,KOTAKBANK,1226.125,119.74192039549179,1009.4396164886193,1.8878873457387035,0.9810532710635229,1.0137069521965298,0.9749401982002506,0.31764700018172176,2.8773366665611864,7.83793043069005,5602700.45,0.6627257753892589,5872118.0,0.6323193777781714,33657129,1.3314426658852496,3.8766753996279135,51.05000000000018,42.450000000000045,8.600000000000136,51.05000000000018,78.70959845990052,0.7576711622825756,0.611223593230692,59.281566880453305,66.8880208333333,61.75903874948367,30.45356834524895
2015-03-02,1316.85,1424.95,1313.55,1404.7,10383039,KOTAKBANK,1245.935,114.50214672775118,1023.2051253944408,6.671222994266635,0.9374599558624617,1.0144158895137751,0.9351106997935502,4.367857171016008,7.672621987019762,12.468271135248104,5840452.35,1.7777799351449208,6746457.4,1.5390357315529777,44040168,1.6241506054802248,7.930518972022502,111.40000000000009,108.10000000000014,3.2999999999999545,111.40000000000009,83.06831866524712,1.386567890098092,11.665805477165225,70.23746451463839,86.8076535750252,72.04560481104721,37.284300590118214
2015-03-09,1409.0,1457.75,1358.7,1364.6,7797822,KOTAKBANK,1263.9725,102.1024504512904,1031.9067785488928,-2.8547020716167215,1.0325370071815918,1.068261761688407,0.9956763886853292,1.0384136831922233,4.250998998241231,9.071399744767266,6045580.35,1.289838451985838,6332099.6,1.2314749439506607,36242346,1.2606993342590467,7.25853730030778,99.04999999999995,53.049999999999955,46.0,99.04999999999995,85.19920950988083,0.9855542110422294,9.734228619677543,61.519409946044945,65.184077742478,72.95991738361217,32.240627580618586
2015-03-16,1367.85,1390.65,1303.95,1314.95,2891241,KOTAKBANK,1275.47,93.4702308365177,1034.5566418484689,-3.6384288436171697,1.0402296665272444,1.0575687288490057,0.9916346629149397,-1.7987911773151721,0.5448854000966831,5.168267044932236,5897639.15,0.4902370128901494,5898736.6,0.49014580512037104,33351105,1.1138293919050364,6.593406593406597,86.70000000000005,26.050000000000182,60.649999999999864,86.70000000000005,85.3993149085634,0.42238046966046067,3.8296024319949495,52.253484513196135,38.765008576329365,63.58557996461085,27.102755596884975
2015-03-23,1325.0,1362.75,1307.0,1335.85,3042495,KOTAKBANK,1286.74,85.79991504105914,1037.495970839935,1.5894140461614414,0.9918778305947524,1.0201369914286784,0.978403263839503,-0.13740088513460813,1.800777711477727,6.097624499885855,5859472.5,0.519243839782506,5565530.2,0.5466675933229147,36393600,1.1702308633245266,4.173372758917544,55.75,47.799999999999955,7.9500000000000455,55.75,81.44607292075496,0.5723781891450422,-2.563822027717,55.508329373352694,46.0022148394241,49.98376705274382,28.757126537901044
2015-03-30,1326.1,1362.0,1275.7,1311.85,4029697,KOTAKBANK,1296.8975,74.95249631565125,1040.9957195523152,-1.7966089006999253,1.0108625223920418,1.0382284559972559,0.9724434958265047,-1.3129280392357188,0.0036386384838222275,4.014726567436415,5932426.8,0.6792661984468144,5628858.8,0.7158994643816612,32363903,1.0056112711600609,6.578496017075119,86.29999999999995,26.15000000000009,60.149999999999864,86.29999999999995,82.09326319798762,0.19949302204731983,-5.584943682752175,50.909956360422186,35.2562680275127,40.007830481088725,26.018769852787365
2015-04-06,1314.95,1404.0,1300.25,1397.6,1972766,KOTAKBANK,1311.3725,63.6791473656085,1043.2088730782393,6.536570492053206,0.940862907842015,1.0045792787635948,0.9303448769318833,3.2687632855030637,5.26194293149174,9.078593632083939,5867836.2,0.33619990960211193,3946804.2,0.4998388316299045,34336669,1.0240889718894337,7.423440183171151,103.75,92.15000000000009,11.599999999999909,103.75,84.98082810492261,1.3540931932541744,0.8878943189200905,63.40716225015264,73.30818726425555,51.522223377064115,33.97125312748195
2015-04-13,1399.9,1453.65,1365.9,1445.6,5181568,KOTAKBANK,1323.665,64.71840643572213,1049.6629883613193,3.434459072696061,0.9683868289983399,1.0055686220254567,0.9448671831765358,4.320431455367579,7.206552755782781,11.08943616619429,5458374.3,0.9492877760325085,3423553.4,1.5135058211739885,39518237,1.1466125751651566,6.070143884892087,87.75,56.05000000000018,31.699999999999818,87.75,85.35005102426626,1.884085327736012,6.895404296225083,68.57439648525316,94.58073148974127,67.71506226050317,37.72039369100719
2015-04-20,1446.9,1475.3,1360.2,1370.9,5049646,KOTAKBANK,1332.1225,58.722479500482564,1054.6069792683695,-5.167404537908126,1.0554380334087097,1.0761543511561746,0.9921949084543,-0.5954162900871061,1.8430807688960966,5.724328187100655,5319138.9,0.9493352392057293,3855234.4,1.3098155588153084,34468591,0.9916958805257235,8.39594427018746,115.09999999999991,29.700000000000045,85.39999999999986,115.09999999999991,89.31671088769741,0.6603518844888265,8.264560710760115,54.70350220900674,56.32712821585447,74.73868232328375,29.991553910543807
2015-04-27,1370.9,1389.5,1304.05,1336.85,3789983,KOTAKBANK,1336.6675,55.10839623439161,1057.8300047687208,-2.4837697862718056,1.0254703220256576,1.03938362568725,0.975464711822568,-2.105075958200474,-0.56314934825707,3.0461717612708363,5288603.85,0.7166320464710172,4004732.0,0.9463761869708135,30678608,0.8856487723215792,6.3918913864681945,85.45000000000005,18.59999999999991,66.85000000000014,85.45000000000005,88.80114943600444,0.003311655073823355,3.435335989786825,49.44338868941205,42.08324618280692,64.33036862946756,26.376638398745634
2015-05-04,1332.25,1362.5,1297.3,1338.8,4381207,KOTAKBANK,1338.165,54.71825227087705,1061.4906825470855,0.14586528032314305,0.9951075590080669,1.0177024200776816,0.9690020914251568,-1.3042380214721305,-0.3571510987776592,2.9217721037249893,5290033.75,0.8282001981556356,4075034.0,1.0751338516439373,35059815,1.015531506693797,4.870032865252468,65.20000000000005,25.65000000000009,39.549999999999955,65.20000000000005,85.65432951120385,0.011604902818468855,1.6668565136499947,49.76259581550446,42.89897510980965,47.10311650282369,26.124517342677063
2015-05-11,1347.85,1434.9,1292.0,1339.05,8943818,KOTAKBANK,1342.22,51.36306885404789,1068.6816381702658,0.018673438900518313,1.0065718233075687,1.0715805981852806,0.964863149247601,-0.856883045515801,-0.29006954250734546,2.6949051826006727,5401561.55,1.6557837797849402,5469244.4,1.6352931677362963,44003633,1.2504450808466558,10.671744893767977,142.9000000000001,96.10000000000014,46.799999999999955,142.9000000000001,93.28708557637668,-0.06171749606722043,-4.6735957855770005,49.80947388017698,43.00355574147667,42.66192567803108,25.29924274666523
2015-05-18,1335.5,1368.4,1308.0,1364.35,3745867,KOTAKBANK,1348.2599999999998,45.96879261778859,1071.85542687922,1.889399200926034,0.9788543995309122,1.0029684465129918,0.9586982812328215,0.6755797060392922,1.3454333852994556,4.124353515860781,5446326.55,0.6877786275962465,5182104.2,0.7228467154327001,47749500,1.3195221679157707,4.4270165280170115,60.40000000000009,29.350000000000136,31.049999999999955,60.40000000000009,88.9021408328598,0.35002006978477357,-0.018320386926573562,54.740943871894636,50.97216084843126,45.62489723323919,27.288621747468106
2015-05-25,1364.0,1403.25,1358.0,1375.1,2921533,KOTAKBANK,1353.6925,42.044297676446995,1074.3731260588618,0.7879209880162774,0.9919278597920151,1.0204712384553851,0.987564540760672,0.9680397410780831,1.8142942576020313,4.4677162214270085,5492603.45,0.5319031360255946,4756481.6,0.6142214446913871,50671033,1.3610332742147397,3.2906697694713114,45.25,38.90000000000009,6.349999999999909,45.25,83.08185538847849,0.5091653608948776,4.574318415148859,56.8209452705189,49.79959919839675,47.92510526276823,27.990915506635837
2015-06-01,1372.95,1410.0,1357.1,1392.75,3787335,KOTAKBANK,1354.7800000000002,42.790199320582296,1077.7633305931663,1.2835430150534677,0.98578352180937,1.0123855681206246,0.9744031592173756,1.482032644268035,2.6216392237116897,5.2051769482993535,5160098.25,0.7339656759442517,4755952.0,0.7963358334987402,54458368,1.435374332331936,3.7982408903249034,52.90000000000009,34.90000000000009,18.0,52.90000000000009,79.05760800334804,0.8873527256914656,4.259460268742754,60.27922412887669,58.64228456913828,53.138014871988766,29.225959026967
2015-06-08,1390.55,1394.35,1336.0,1352.85,3157144,KOTAKBANK,1352.95,42.00486187399088,1080.1836716385226,-2.864835756596673,1.0278670953912112,1.0306759803378054,0.987544812802602,-0.9490576854766924,-0.21460217076684196,2.208585094564765,5021787.55,0.6286892801747458,4511139.4,0.6998551186425318,51301224,1.3430863845050611,4.313116753520339,58.34999999999991,1.599999999999909,56.75,58.34999999999991,76.29659360290162,-0.0023806767964176007,3.125357319815536,49.86238376463543,38.65230460921838,49.03139612558448,25.242589341113792
2015-06-15,1349.0,1364.85,1258.0,1289.7,3467233,KOTAKBANK,1348.17,43.54116745286359,1082.1887772241168,-4.667923273090135,1.045979685198108,1.0582693649685972,0.9754206404590214,-3.9280104881223634,-4.38994088108325,-2.364779419180067,4894582.1,0.7083818248753045,3415822.4,1.0150507239486457,47833991,1.239863138772654,8.284872450957579,106.84999999999991,12.0,94.84999999999991,106.84999999999991,80.37038112251473,-1.3428670708771868,-7.72037779049799,37.90129381363311,14.588127013345629,37.294238730567436,19.17514089437914
2015-06-22,1267.0,1373.65,1262.2,1357.9,3509820,KOTAKBANK,1348.4474999999998,43.586871740907355,1084.8341602508854,5.288051484841438,0.9330583989984534,1.0115987922527432,0.9295235289785698,0.861155643993712,0.7311457264896051,2.5450808732797188,4576592.55,0.7669068114879486,3368613.0,1.0419184394289283,51343811,1.2954954467913518,8.20752632741734,111.45000000000005,83.95000000000005,27.5,111.45000000000005,84.51433030617943,0.21686575848316553,-6.06668511344769,52.19208946351495,45.97330878969173,33.071246804085256,25.171205863020006
2015-06-29,1359.4,1414.2,1342.1,1368.45,3703664,KOTAKBANK,1353.5575,39.214606150345816,1087.6768951338777,0.7769349731202579,0.9933866783587271,1.033431985092623,0.9807446380941941,1.083641223758776,1.2826750486213518,3.0217045133844858,4508872.95,0.8214168021744769,3525039.2,1.0506731386136074,55047475,1.338600184875609,5.268734699842898,72.10000000000014,56.299999999999955,15.800000000000182,72.10000000000014,82.85908626535553,0.37976921004646697,-0.17871471296229124,54.07837359013461,50.8283479061206,37.12992790305265,25.814017574728677
2015-07-06,1378.0,1464.0,1374.0,1443.9,6505022,KOTAKBANK,1361.1299999999999,41.35768686904933,1093.839525828469,5.513537213635877,0.95435972020223,1.0139206316226885,0.9515894452524413,4.1682982813457485,5.520926461242412,7.4151353368626145,4598697.7,1.4145356847439656,4068576.6,1.598844667198843,61552497,1.4413894473682147,6.233118637024725,90.0,95.54999999999995,5.5499999999999545,95.54999999999995,84.55120809664146,2.001320824882555,8.007629876201538,65.3574177103394,85.54993097100788,60.78386255560674,32.00290955900472
2015-07-13,1449.95,1459.0,693.05,715.0,6634789,KOTAKBANK,1331.0375,150.42235177816514,1087.270796408583,-50.481335272525804,2.027902097902098,2.0405594405594405,0.9693006993006993,-62.350950220573345,-77.82417696217234,-79.7221616501334,4744784.45,1.3983330686391875,4764105.6,1.3926620350312975,54917708,1.254785391314975,107.12587412587413,765.95,15.099999999999909,750.8500000000001,765.95,175.4043803504226,-4.095385378022138,-46.59396474454736,17.4852382019845,2.80600830936402,46.3947623954975,-34.23901365126781
2015-07-20,714.95,743.0,704.0,736.6,6267192,KOTAKBANK,1297.6325,199.41001022424098,1081.619915730567,3.02097902097902,0.9706081998370893,1.0086885691012761,0.9557426011403747,-38.39345588533799,-62.236864196059,-68.24766962828073,4538992.1,1.3807452980585713,5324097.4,1.1771369922721548,61184900,1.3711255088974201,5.294596796090143,39.0,28.0,11.0,39.0,157.2171296370329,-2.8134620692767953,-44.990851723236624,19.501331926779528,5.567273889421549,31.30773772326449,-31.898443317542608
2015-07-27,735.0,744.8,713.1,715.0,4085167,KOTAKBANK,1265.1525,237.24289877620592,1077.808982121558,-2.9323920716807006,1.027972027972028,1.0416783216783216,0.9973426573426574,-28.382862102694606,-57.54686213804244,-67.21953006178407,4353359.35,0.9383941622002788,5439166.8,0.7510648505943962,57099733,1.2503576551476026,4.433566433566424,31.699999999999932,8.199999999999932,23.5,31.699999999999932,140.4815123520952,-2.318941906535063,-47.59409242496426,18.966623536982155,2.847136649588176,3.7401396161245866,-33.66171447257799
2015-08-03,717.9,737.3,683.8,690.2,10581843,KOTAKBANK,1233.915,269.30462359468294,1067.6459887413066,-3.468531468531466,1.040133294697189,1.0682410895392638,0.9907273254129236,-21.997243700788804,-54.17809301076334,-67.12566453394325,4737889.45,2.2334508037117664,6814802.6,1.5527732233946145,46517890,1.0041625570029222,7.751376412634019,53.5,22.299999999999955,31.200000000000045,53.5,128.88397737181583,-2.018959023957637,-49.80728674278234,18.30182071078437,0.820302486541924,3.0782376751838876,-35.35310324972922
2015-08-10,694.0,716.5,680.15,707.3,5974521,KOTAKBANK,1202.4875,292.4626367836989,1062.3893606874326,2.4775427412344175,0.9811960978368444,1.0130072105188748,0.9616145906970168,-12.69852264695269,-43.24338405125592,-57.828063324685886,4884490.75,1.223161493345033,6708702.4,0.8905628307495053,52492411,1.1137791463413298,5.13926198218578,36.35000000000002,26.299999999999955,10.050000000000068,36.35000000000002,116.54611372224039,-1.6931649985985509,-49.21558068569377,20.518293243051232,3.463672896600112,2.3770373442434085,-33.423655566135146
2015-08-17,706.85,724.75,682.55,719.8,3655202,KOTAKBANK,1172.8849999999998,310.233731114224,1059.3588840187356,1.7672840378905708,0.9820088913587108,1.006876910252848,0.9482495137538205,-7.16093828673673,-34.93356750619615,-50.49662881877528,4865766.0,0.7512079290290573,6112785.0,0.5979601769079069,56147613,1.1620148931173981,5.862739649902758,42.200000000000045,17.450000000000045,24.75,42.200000000000045,106.633298559275,-1.4604633686115192,-46.79380566951251,22.296380358143097,5.058365758754861,3.114113713965637,-32.05324363077039
2015-08-24,719.85,721.6,630.7,647.6,5962765,KOTAKBANK,1135.385,326.5414369208228,1053.5016283987309,-10.030564045568202,1.1115657813465103,1.1142680667078444,0.9739036442248302,-12.738772265588945,-42.83753007715519,-61.66900963317102,5065265.95,1.1771869550107235,6051899.6,0.9852716327283421,50184848,1.0218533671182408,14.036442248301418,90.89999999999998,1.8000000000000682,89.09999999999991,90.89999999999998,104.53552541803833,-1.493792042442302,-49.78677211754672,19.40343887761739,2.028081123244927,3.516706592866638,-38.528808827346644
2015-08-31,658.0,662.0,621.9,651.7,6787907,KOTAKBANK,1095.69,334.9910338941529,1047.0987583053648,0.6331068560839981,1.0096670247046187,1.0158048181678685,0.9542734386987877,-8.019670522423826,-35.947632974811874,-55.597585420548434,5145582.9,1.3191716335966523,6592447.6,1.029648988032912,56972755,1.1398125406534987,6.15313794690809,40.10000000000002,14.399999999999977,25.700000000000045,40.10000000000002,95.94412202896656,-1.325378756675283,-52.00677516753811,20.082861146403175,3.5387721173257414,3.5417396664418477,-37.76136254284955
2015-09-07,646.8,647.4,594.5,600.65,8772991,KOTAKBANK,1057.1775,345.7882427284222,1038.0894236530098,-7.8333589074727765,1.0768334304503455,1.0778323482893533,0.9897610921501707,-11.466932245027465,-40.715994448421235,-63.0868518277818,5331750.15,1.645424251547121,6230677.2,1.4080316983842462,48199764,0.951232050714668,8.80712561391825,52.89999999999998,4.300000000000068,57.200000000000045,57.200000000000045,90.77823909177104,-1.3202516557468702,-56.107274653805405,17.913358967122036,0.707303047728577,2.0913854294330867,-42.138896099497074
2015-09-14,604.0,649.3,600.55,645.75,5907043,KOTAKBANK,1022.6225000000001,350.86326526792925,1032.8299268139626,7.508532423208192,0.9353464963221061,1.005497483546264,0.930003871467286,-2.4546267678159706,-26.475609179285502,-47.388604084904955,5437603.15,1.086332127786854,6217181.6,0.9501158853072589,54106807,1.0436809070821735,7.549361207897793,48.75,48.64999999999998,0.10000000000002274,48.75,85.1744738795349,-1.0741292614722986,-55.277373779347606,26.056014491012277,5.89419206440483,3.3800890764863873,-37.47760563135628
2015-09-21,642.65,669.0,634.6,665.45,5464711,KOTAKBANK,988.9549999999999,351.2331329158657,1028.329622349537,3.0507162214479466,0.9657374708843639,1.0053347358930047,0.9536403937185363,0.3856285367624274,-19.484075816609952,-39.43986550030068,5491778.35,0.995071295985571,6579083.4,0.8306188974591809,59571518,1.1225533183433665,5.169434217446836,34.39999999999998,23.25,11.149999999999977,34.39999999999998,78.40454402893025,-0.9210549053682022,-6.930069930069926,29.576856793872622,8.15986198964923,4.920452367260883,-35.28825917903894
2015-09-28,669.9,670.0,631.0,641.1,4632282,KOTAKBANK,954.0574999999999,349.28569526173425,1024.350049278076,-3.6591779998497276,1.044922788956481,1.04507877086258,0.9842458274840118,-2.265256060116947,-20.590518419898522,-41.00801272148467,5276201.55,0.8779577421563814,6312986.8,0.7337702654470939,54939236,1.0247055944356078,6.083294337856809,39.0,4.5499999999999545,34.450000000000045,39.0,73.15060482507289,-0.8959928913363825,-12.964974205810476,27.69605805170322,5.359401955146638,6.471152003066904,-37.413972845335095
2015-10-05,631.05,660.0,624.0,653.05,4651889,KOTAKBANK,918.4925000000001,341.4348698295556,1020.5571781200678,1.8639837778817503,0.9663119209861419,1.0106423704157417,0.9555164229385193,-0.26261966683610904,-15.757596367371068,-35.225430226524516,5321502.65,0.8741683140945161,5885783.2,0.7903602361704386,59591125,1.0993306388077841,5.512594747722227,36.0,18.899999999999977,17.100000000000023,36.0,68.1971908483965,-0.7774323112706943,-8.664335664335676,30.20913471038682,6.733755031627367,6.751006325474417,-36.0104446864055
2015-10-12,659.0,669.7,642.0,662.05,4828866,KOTAKBANK,882.8399999999999,328.2191155150365,1016.7955500697077,1.3781486869305581,0.9953930971980969,1.0115550185031343,0.9697152783022431,0.733576242048856,-12.157689826247504,-30.60489380255144,5416869.3,0.8914496054021462,5096958.2,0.9474015305834762,64419991,1.1735303667169508,4.183974020089124,27.700000000000045,16.65000000000009,11.049999999999955,27.700000000000045,62.79756540194364,-0.6726908627900591,-4.078527962909318,32.25530403729695,7.813765182186229,6.63564072298675,-34.88858207978858
2015-10-19,660.6,664.75,645.15,658.35,3527467,KOTAKBANK,846.1200000000001,308.6684775817425,1014.0690661306274,-0.5588701759685732,1.0034176349965824,1.0097212728791676,0.9799498746867167,0.11712528902908403,-10.961167268127662,-28.72733213865101,5403875.9,0.6527661007167096,4621043.0,0.7633486639271697,60892524,1.1028079569495601,2.9771398192450858,19.600000000000023,2.7000000000000455,16.899999999999977,19.600000000000023,57.03789001501783,-0.6083225649443724,-6.920684292379464,31.812865550185947,42.4817032601464,19.00974115798667,-35.07838647400427
2015-10-26,659.0,669.0,647.0,661.9,3520486,KOTAKBANK,811.5725,286.8650400059766,1011.415767183003,0.5392268550163282,0.9956186735156368,1.01072669587551,0.9774890466837891,0.4352212660847821,-8.88518050327652,-25.70051244501811,5422043.0,0.6492914202266563,4232198.0,0.8318339548385969,64413010,1.1528781696223662,3.323764919172081,22.0,10.649999999999977,11.350000000000023,22.0,52.366171346348786,-0.5217523194770674,-8.043901083634342,32.83282608971827,44.84364604125083,31.713038161194493,-34.55708112564578
2015-11-02,661.5,693.8,657.3,686.5,9304528,KOTAKBANK,781.4125,264.81216623893397,1005.0721851688498,3.716573500528786,0.9635833940276766,1.0106336489439183,0.9574654042243262,2.668679733936897,-4.271481812654744,-19.42982047352905,5713907.75,1.628400108489676,5166647.2,1.8008831723598235,73717538,1.2895423750193291,5.3168244719592135,36.5,31.899999999999977,4.600000000000023,36.5,50.250681833502284,-0.3584144238839942,6.006794317479924,40.007948349803655,64.42577030812326,50.58370653650684,-31.69644826210472
2015-11-09,688.1,690.0,634.65,660.1,4183347,KOTAKBANK,746.5224999999999,228.31382227273988,1002.0703847627589,-3.845593590677343,1.0424178154825026,1.0452961672473868,0.9614452355703681,-0.815988852852925,-7.235750770732767,-22.189098786276638,5747584.1,0.7278444172743814,5072938.8,0.8246397531939474,69534191,1.1973134642223138,8.385093167701866,55.35000000000002,3.5,51.85000000000002,55.35000000000002,50.93059092236865,-0.37852504565738043,1.2889366272824887,35.33402041226738,50.36468330134358,53.21136655023923,-34.126383731390355
2015-11-16,653.1,689.5,645.0,679.1,2807824,KOTAKBANK,712.0550000000001,175.3805838290237,1000.1950563077173,2.878351764884113,0.9617140332793404,1.015314386688264,0.9497864821086732,1.3364411311360849,-3.6304172544679325,-17.20626137498568,5702792.1,0.4923595233289322,4668730.4,0.6014106104734597,72342015,1.227386039994497,6.5527904579590635,44.5,29.399999999999977,15.100000000000023,44.5,50.07317879938617,-0.18790563516499326,13.060850745026231,41.05271759256534,64.95201535508639,59.914156321517744,-32.10324369059169
2015-11-23,680.8,694.0,667.65,684.1,3419717,KOTAKBANK,674.0649999999999,33.02966011582594,997.9753671449813,0.7362685907819078,0.99517614383862,1.0144715684841397,0.9759538079228183,1.371707033235409,-2.4625677417785794,-14.987147724172933,5548526.85,0.6163288188827996,4647180.4,0.735869216525358,75761732,1.2700966947722194,3.8517760561321475,26.350000000000023,14.899999999999977,11.450000000000045,26.350000000000023,46.91008829280135,0.30381784023238795,5.938830816879603,42.594209507154304,70.49567269866247,61.937457118364144,-31.451213875440565
2015-11-30,683.1,702.95,675.3,692.35,2837896,KOTAKBANK,672.9325,31.921966018280305,996.2046602913346,1.2059640403449867,0.9866397053513396,1.0153101754892757,0.9753737271611178,1.6979704691137256,-1.0642543620390965,-12.48222061808499,5358682.2,0.5295884126138325,4510662.4,0.6291528268664043,78599628,1.2920247196500825,3.9936448328157854,27.65000000000009,18.850000000000023,8.800000000000068,27.65000000000009,44.34207652042785,0.608280203947353,4.042377338643011,45.31668601183624,90.22591055786074,75.22453287053654,-30.501228553023825
2015-12-07,693.5,695.5,661.0,671.6,2941238,KOTAKBANK,669.6825000000001,28.189398319760695,994.2671424715545,-2.997039069834617,1.0326086956521738,1.0355866587254319,0.9842167957117332,-0.8928034005450897,-3.5886622660909273,-14.627719859817677,5192384.5,0.5664522725541609,3238004.4,0.9083489818605559,75658390,1.2290558970377659,5.136986301369863,34.5,3.1499999999999773,31.350000000000023,34.5,43.02979965103747,0.06802202651681792,4.757448136016218,39.8342103723439,71.09266943291838,77.27141756314721,-32.45276130411659
2015-12-14,668.0,682.0,663.0,674.1,3050051,KOTAKBANK,667.6375,26.137691452617346,992.2976025373008,0.37224538415723263,0.9909508974929535,1.0117193294763387,0.9835336003560302,-0.3457516330970557,-2.7467042760590865,-13.019055436432394,5140628.7,0.5933225638334859,3011345.2,1.0128533254839065,78708441,1.2565491086986613,2.818572912030856,19.0,10.399999999999977,8.600000000000023,19.0,39.825826364232476,0.2472483085093899,3.223336651098707,40.82937411673464,71.826171875,77.71491728859304,-32.06675111616423
2015-12-21,673.95,708.0,667.5,705.9,5649957,KOTAKBANK,668.4225,27.070111090873425,989.070784202832,4.717400979083219,0.9547386315342118,1.0029749256268594,0.9456013599660009,2.7831409775976486,1.6130734594239078,-7.267034750754356,4894034.4,1.154457966212906,3579771.8,1.578300884989373,84358398,1.307262015983139,5.737356566085848,40.5,33.89999999999998,6.600000000000023,40.5,39.91571618233481,1.384460517143402,6.623366815195242,52.387789280669004,97.49999999999997,80.13961376930611,-28.629981668203968
2015-12-28,705.8,713.45,694.3,708.0,2718689,KOTAKBANK,668.4575000000001,27.12342294709437,987.5551755980471,0.2974925626859415,0.9968926553672316,1.0076977401129945,0.9806497175141242,2.047664045278886,1.6327706477086381,-6.369797332407296,4731242.8,0.5746247053733958,3439566.2,0.7904162449322824,87077087,1.3141761196369375,2.7048022598870185,19.15000000000009,7.550000000000068,11.600000000000023,19.15000000000009,37.14695402469019,1.457872779447107,7.541581225791738,53.08607629434976,93.90721073225261,87.7444608690842,-28.307803199831653
2016-01-04,708.0,729.85,703.85,705.3,4568284,KOTAKBANK,667.7325,25.842362584444764,985.0206918205049,-0.3813559322033977,1.0038281582305402,1.0348078831702823,0.9979441372465618,1.1151246694621115,1.0767474248984694,-6.212247935250719,4776896.9,0.9563287832316414,3785643.8,1.2067389964158806,82508803,1.2209437574767845,3.68637459237204,26.0,21.850000000000023,4.149999999999977,26.0,35.66069348806483,1.4537177039150793,6.556881704184914,51.95565375457899,76.80680207841279,89.40467093688845,-28.397443235789098
2016-01-11,708.1,712.8,681.0,700.85,2947890,KOTAKBANK,670.395,26.396171472764827,983.383589337735,-0.6309371898482796,1.0103445815795107,1.0170507241207105,0.9716772490547192,0.32484119699566977,0.38454932330851216,-6.31274918028769,4626153.15,0.63722274304732,3786974.2,0.7784288575295812,79560913,1.1522769476347972,4.537347506599123,31.799999999999955,7.5,24.299999999999955,31.799999999999955,35.14593435632285,1.1537658039319472,2.0903131828113652,49.93357979051961,69.53781512605045,80.08394264557195,-28.730761058155213
2016-01-18,699.9,700.7,663.1,667.4,5693220,KOTAKBANK,671.1800000000001,26.04201261521823,979.9066070469557,-4.772775914960414,1.048696433922685,1.0498951153730898,0.9935570872040755,-3.1139097463646057,-3.949854796985193,-10.671035972062102,4571418.8,1.245394537030823,4315608.0,1.3192162031398589,73867693,1.0568918423861582,5.633802816901412,37.60000000000002,0.14999999999997726,37.75,37.75,35.493143108813136,-0.1451500717648512,1.1058930465080996,37.33190227475373,34.401260504201666,60.2486259028883,-31.891468513384652
2016-01-25,670.05,700.0,651.0,681.0,4375011,KOTAKBANK,675.1975,20.11112205377225,977.4002799863633,2.0377584656877445,0.983920704845815,1.0279001468428781,0.9559471365638766,-0.7031065733957383,-1.6062090516147365,-7.755793378034335,4351519.8,1.0053983897763719,4060618.8,1.0774247018705623,78242704,1.0959346219824069,7.195301027900147,49.0,32.60000000000002,16.399999999999977,49.0,37.29405736097139,0.288521942459776,0.27978206449712495,43.96594691597006,48.686974789915965,50.87535014005602,-30.32537293630596
2016-02-01,680.0,691.0,660.25,687.7,4362640,KOTAKBANK,677.2950000000001,19.03715826312886,974.9981018344904,0.9838472834067691,0.9888032572342591,1.0047986040424604,0.9600843391013523,0.18533703990838576,-0.5282557146799564,-6.147138795363192,4274299.65,1.020667795249217,4389409.0,0.9939014568931718,82605344,1.1344002974748975,4.471426494110804,30.75,10.0,20.75,30.75,36.42151637950854,0.5465626673993861,0.5262388539687191,47.14640869508485,55.72478991596643,46.27100840336135,-29.46652934953716
2016-02-08,687.0,697.3,661.7,673.1,4733198,KOTAKBANK,677.6775,18.862692746004043,972.3063660838818,-2.12301875817944,1.0206507205467241,1.0359530530381815,0.9830634378249888,-1.3198075745605136,-2.321813513150775,-7.745414357114336,4237724.0,1.1169198371578706,4422391.8,1.0702801140324112,77872146,1.056129140742411,5.288961521319256,35.59999999999991,9.599999999999909,26.0,35.59999999999991,36.31198086224072,-0.2426747899485191,-2.780385643099592,41.258304575534154,40.3886554621849,48.2668067226891,-30.77284861241657
2016-02-15,667.95,680.0,613.7,625.25,6056691,KOTAKBANK,676.885,20.721702962902988,968.3914187157953,-7.108899123458623,1.0682926829268293,1.0875649740103959,0.9815273890443823,-6.049166976875046,-8.702090833200613,-14.65851292036654,4308944.45,1.4056089769270523,5044152.0,1.2007352276457965,71815455,0.9629659519548214,10.603758496601353,66.29999999999995,6.899999999999977,59.39999999999998,66.29999999999995,40.310383413941956,-2.4918318775459483,-6.901429422275163,28.023319915896522,9.944037882049036,35.35249442006679,-35.434165574375136
2016-02-22,629.9,642.2,610.0,640.2,3577680,KOTAKBANK,676.2425000000001,21.67683261841984,966.2190429133926,2.3910435825669873,0.9839112777257106,1.0031240237425805,0.9528272414870352,-2.381799075592137,-5.283146731100112,-10.982581906442107,4255234.0,0.840771623840193,4621044.0,0.7742146579863771,75393135,1.0003407054059694,5.0296782255545205,32.200000000000045,16.950000000000045,15.25,32.200000000000045,39.2289989587497,-1.662719855546284,-5.028927458833998,35.48412684343312,25.198164372131863,25.176952572121934,-33.74173230227003
2016-02-29,639.0,640.35,585.75,630.4,5014443,KOTAKBANK,674.66,23.817107959983534,963.1321349029907,-1.530771633864425,1.0136421319796955,1.0157836294416245,0.9291719543147209,-2.6489295348922486,-5.931296053186587,-11.648892013212063,4264512.85,1.1758536499661387,4748930.4,1.0559099792239532,70378692,0.93013054166833,8.66116751269036,54.60000000000002,0.14999999999997726,54.450000000000045,54.60000000000002,41.27846576424974,-1.858328058736758,-10.695565944184725,32.904361258437206,30.985426786953486,22.042543013711462,-34.54688332421848
2016-03-07,620.0,669.85,620.0,665.65,4863059,KOTAKBANK,675.025,23.609027599820614,960.5036126321794,5.591687817258872,0.9314204161346054,1.006309622173815,0.9314204161346054,1.8579481921970213,-0.2756777353119995,-5.258403662637737,4331292.45,1.1227731805549173,4849014.2,1.002896423772073,75241751,0.9850607531572796,7.488920603920983,49.85000000000002,39.450000000000045,10.399999999999977,49.85000000000002,42.421336995683106,-0.39709386421621334,-5.981638418079093,48.45679869288055,55.447605829285195,37.21039899612351,-30.69781401697781
2016-03-14,664.95,670.0,632.55,636.8,11902853,KOTAKBANK,673.77,24.971269807281214,953.6511358717898,-4.334109517013451,1.0442054020100504,1.05213567839196,0.9933260050251256,-1.7255619617504885,-4.130256036221873,-9.191507063754045,4750410.8,2.5056470905631993,6282945.2,1.8944702875969697,63338898,0.8298127243467176,5.880967336683424,37.450000000000045,4.350000000000023,33.10000000000002,37.450000000000045,41.75849206292536,-1.4805014036258652,-9.712179214518645,39.754646569969225,35.426786953504475,40.619939856581055,-33.22505725137497
2016-03-21,637.9,665.0,632.05,663.7,13198871,KOTAKBANK,672.6299999999999,24.87979734218167,947.0009502074447,4.224246231155804,0.9611270152177187,1.0019587162874792,0.9523127919240619,1.598274464122638,0.07729777584612495,-4.3687746321360255,4945127.95,2.669065620435564,7711381.2,1.7116091991406157,76537769,1.000884132459813,4.964592436341727,32.950000000000045,28.200000000000045,4.75,32.950000000000045,40.58402645453532,-0.3589257531796591,-5.300706285225076,49.50978696952683,54.09437890353923,48.32292389544296,-29.915593025053074
2016-03-28,660.05,677.9,655.0,669.6,7353977,KOTAKBANK,673.105,24.718147499115542,943.5007915857561,0.88895585354829,0.9857377538829151,1.0123954599761051,0.9781959378733572,1.6435431718819178,0.8209197821672669,-3.161727518522931,5103659.45,1.4409223562124625,8466640.6,0.8685826347701591,83891746,1.0868490670387174,3.4199522102747877,22.899999999999977,14.199999999999932,8.700000000000045,22.899999999999977,38.22615626059727,-0.14179865218966795,0.3296373988612489,51.49735951173569,58.18875780707843,49.23664122137404,-29.03026622006399
2016-04-04,670.05,694.9,665.5,687.3,12306163,KOTAKBANK,673.5150000000001,24.890227949277218,938.203105571326,2.6433691756272193,0.9749017896115234,1.0110577622581114,0.9682816819438382,2.7843411493206407,2.892919980219724,-0.4629249976275022,5578576.4,2.205968354220263,9924984.6,1.2399175914086558,96197909,1.2273142159066934,4.277608031427321,29.399999999999977,25.299999999999955,4.100000000000023,29.399999999999977,37.04933542585096,0.553831810142187,0.9251101321585908,57.31397860495903,70.471894517696,60.91834374277122,-26.742941275869754
2016-04-11,684.0,684.75,655.5,671.3,9194264,KOTAKBANK,672.875,24.767994521764095,934.142455460703,-2.3279499490760913,1.018918516311634,1.0200357515268883,0.9764635781319828,0.3115126589483848,0.4958020502713421,-2.6192775037940437,5867303.75,1.5670339208192519,10791225.6,0.8520129539317574,87003645,1.1021081675152753,4.357217339490541,29.25,2.5499999999999545,31.799999999999955,31.799999999999955,36.3494240357375,-0.06359013034406415,-2.384760796859109,50.94197981393618,67.33569460842187,65.33211564439877,-28.137298965934875
2016-04-18,669.85,699.95,657.7,683.35,5261687,KOTAKBANK,672.425,24.475570527163093,931.9777461960998,1.7950245791747532,0.9802443842833102,1.0242920904368187,0.9624643301382894,1.3795941054628442,1.9289407222993646,-0.7422417588919998,5988493.3,0.8786328607898751,9462992.4,0.5560278163173838,92265332,1.158730637126103,6.18277602985293,42.25,28.65000000000009,13.599999999999909,42.25,37.136167497639164,0.4463634458643347,1.5228049324023107,55.26400415002932,84.90648107872987,74.2380234016159,-26.677433791834915
2016-04-25,687.4,692.0,671.1,680.45,6411770,KOTAKBANK,672.8675,24.539786571984635,929.3596847908321,-0.42437989317333225,1.0102138290836946,1.0169740612829745,0.9862590932471158,0.6395234839376153,1.295119795828315,-1.0739608549890094,6162019.9,1.040530557196026,8105572.2,0.7910323715332521,85853562,1.0713486187033,3.071496803585859,20.899999999999977,8.649999999999977,12.25,20.899999999999977,34.97134516462061,0.30898801738791437,8.828468612554996,53.9442850872206,82.88840262582062,78.37685943765744,-26.78292257177622
2016-05-02,679.95,724.75,678.85,718.2,8339516,KOTAKBANK,675.0725,26.55490575647762,926.539173919242,5.547799250495999,0.9467418546365914,1.0091200222779169,0.9452102478418267,3.9080699476889915,5.557064405145443,3.8854609554499624,6426493.15,1.2976775677415917,8302680.0,1.0044366397356035,94193078,1.1641681086871083,6.390977443609019,45.89999999999998,44.299999999999955,1.6000000000000227,45.89999999999998,36.42849914267119,1.6240878576449036,12.183692596063732,66.10257953112195,95.2877697841727,87.69421782957438,-22.485738302674395
2016-05-09,719.0,722.95,696.1,713.85,6998132,KOTAKBANK,675.47,27.0946654294791,924.1816146888425,-0.6056808688387649,1.0072144007844785,1.0127477761434476,0.9751348322476711,2.215008602582463,4.26990502899824,3.024785627261305,6493901.9,1.0776467072901117,7241073.8,0.9664494788052015,87194946,1.0757897805851881,3.7612943895776456,26.850000000000023,4.75,22.100000000000023,26.850000000000023,35.15136592364837,1.4165149999690496,13.237626903553302,63.861045380973245,92.15827338129498,90.11148193042942,-22.75868848133901
2016-05-16,717.75,743.75,703.0,718.25,12348458,KOTAKBANK,675.9825,27.829340229875175,920.2310564677686,0.6163759893535126,0.9993038635572572,1.0355029585798816,0.9787678384963453,1.876026351969824,4.162583706370104,3.317284536515306,6975390.35,1.7702891709852482,7871912.6,1.5686731582868438,99543404,1.2187692929431566,5.6735120083536374,40.75,29.899999999999977,10.850000000000023,40.75,35.89785046716192,1.518810710238301,7.902050627206503,65.2368519439064,83.86075949367088,90.4356008863795,-21.948950217248296
2016-05-23,719.0,725.0,700.25,703.15,6622227,KOTAKBANK,675.875,27.714044985751425,918.0204901369763,-2.1023320570831894,1.0225414207494845,1.031074450686198,0.9958757021972552,-0.15411038204052555,1.8038529642327767,1.137623053624557,7078087.5,0.9355955263339144,8144020.6,0.813139765388118,92921177,1.1304834374354529,3.5198748488942617,24.75,6.75,18.0,24.75,34.41147040487367,0.9841580330126052,10.419283919597987,56.69078245303559,74.30379746835442,83.44094344777342,-23.405849046453834
2016-05-30,702.9,754.5,692.5,742.6,8935423,KOTAKBANK,677.9625,31.064126691472286,915.6428488477943,5.610467183389045,0.9465391866415297,1.0160247778077027,0.9325343388095879,3.4443282923675405,6.0175205399564575,5.857136654066479,7377464.15,1.211178098371376,8648751.2,1.0331460338459038,101856600,1.2226105377256522,8.349043899811473,62.0,51.35000000000002,10.649999999999977,62.0,38.08994101755718,2.0807763450740855,11.887901160162716,68.95182640377668,92.94814814814816,83.70423503672448,-18.89850928946193
2016-06-06,743.3,775.0,736.4,765.25,7330342,KOTAKBANK,682.855,36.53652066226149,913.9889842694059,3.0500942633988615,0.9713165632146357,1.0127409343351845,0.9622999019928128,4.201466352967111,7.5421971377850285,7.923293746314652,7459320.25,0.98270911481512,8446916.4,0.8678127795842753,109186942,1.283394007056226,5.0441032342371805,38.60000000000002,32.39999999999998,6.2000000000000455,38.60000000000002,38.157948881882895,2.2551408428199253,14.284647550776587,73.85526234034532,93.70967741935485,86.98720767861914,-16.27360797879856
2016-06-13,770.0,778.85,743.35,755.9,7527245,KOTAKBANK,686.6,40.00990666794362,912.2237211061675,-1.2218229336818043,1.0186532610133616,1.0303611588834503,0.9833972747717953,2.0109998029792946,5.484474166677358,6.219000080813171,7616931.95,0.9882253182004599,8552739.0,0.880097592128089,101659697,1.1786964796433073,4.696388411165498,35.5,13.600000000000023,21.899999999999977,35.5,37.80355569763184,1.7320710236878378,9.981085406663759,68.68826425225845,84.36648501362396,90.34143686037567,-17.13655515519905
2016-06-20,758.5,768.1,740.0,751.95,4338045,KOTAKBANK,689.8125,42.598535541281024,911.1989135273732,-0.5225558936367114,1.008710685550901,1.0214774918545115,0.9841079859033179,0.997508478907778,4.2754142345232875,5.249170353963425,7615702.2,0.5696185179089592,6950656.4,0.6241201910081471,97321652,1.1188534589059551,3.7369505951193593,28.100000000000023,12.200000000000045,15.899999999999977,28.100000000000023,36.509748271280934,1.458676905448648,12.014002681364522,66.42305113320404,81.67574931880111,86.58397058392664,-17.476855071183
2016-06-27,750.1,753.55,710.75,739.4,7154505,KOTAKBANK,693.1275,43.792511601494816,909.4061207057806,-1.6689939490657668,1.014471192859075,1.0191371382201786,0.9612523667838788,-0.455255161198537,2.27199397231321,3.3375315711264424,7736767.55,0.924740849943204,7057112.0,1.0138006878734531,90167147,1.0293273411473638,5.788477143629964,42.799999999999955,1.599999999999909,41.200000000000045,42.799999999999955,37.34844850177681,1.0566304216819675,8.202238969781227,59.25875415840065,68.14695195801369,78.06306209681291,-18.694191388753868
2016-07-04,738.4,766.55,737.7,743.95,8310813,KOTAKBANK,699.0625,42.12074396739783,907.4244860392274,0.6153638084933855,0.9925398212245445,1.0303783856441964,0.9915988977753881,0.10608628161373113,2.4597417373998414,3.601326173421146,7849473.65,1.0587732847539402,6932190.0,1.198872650634215,98477960,1.107349302686811,3.8779487868808262,28.84999999999991,27.149999999999977,1.6999999999999318,28.84999999999991,36.215322034873225,1.0656863049414258,9.33205966639723,61.017643144334805,71.70652614511555,73.84307580731011,-18.015216533638974
2016-07-11,744.45,763.0,737.6,760.55,4564590,KOTAKBANK,705.08,41.86488102403466,906.4646481054681,2.231332750856896,0.9788311090658077,1.0032213529682468,0.9698244691341793,1.5242678668564598,3.933159122295256,5.229907377762046,7898819.15,0.5778825813476183,6379039.6,0.7155606934937354,103042550,1.140940122368126,3.339688383406742,25.399999999999977,19.049999999999955,6.350000000000023,25.399999999999977,34.77327909689013,1.3249768933573356,5.8966861598440445,67.01272553673924,85.1641670044588,75.00588170252935,-16.097114036430774
2016-07-18,765.0,784.0,757.95,776.8,9534261,KOTAKBANK,712.4,40.90792292323634,904.7185432625106,2.1366116626125864,0.9848094747682802,1.0092687950566428,0.975733779608651,2.3895313475263307,5.093825405099667,6.611382876086315,8124810.05,1.1734749417310992,6780442.8,1.4061413511223781,112576811,1.2180522714987794,3.3535015447991707,26.049999999999955,23.450000000000045,2.599999999999909,26.049999999999955,33.61017521730477,1.5742671687547296,8.818379211318895,71.89482421534203,94.29928741092633,83.72332685350021,-14.139042933863482
2016-07-25,779.5,787.5,750.0,764.4,11597687,KOTAKBANK,717.3375,40.927769735535826,902.457068601351,-1.596292481977335,1.0197540554683413,1.0302197802197803,0.9811616954474097,0.5374044573159392,3.0465166793915968,4.671740842445315,8461541.45,1.3706352522801861,8232371.2,1.4087905802887022,100979124,1.0775646992363714,4.9058084772370485,37.5,10.700000000000045,26.799999999999955,37.5,34.12881852166414,1.149891633580455,6.4253393665158365,63.60631235002401,80.15463917525771,86.53936453021429,-15.297909829141801
2016-08-01,765.5,769.45,745.5,753.15,9469550,KOTAKBANK,723.155,36.95370111794672,900.5178033024774,-1.4717425431711173,1.0163977959237869,1.0216424351058886,0.989842660824537,-0.6321963600236408,1.369968816373438,2.977147723961271,8339876.3,1.1354544910935909,8695380.2,1.089032311663612,91509574,0.9620532589265621,3.1799774281351714,23.950000000000045,5.050000000000068,18.899999999999977,23.950000000000045,32.771642718775595,0.8116913622336142,7.110858280594479,56.75657581261105,68.38472158306486,80.94621605641629,-16.364785100531506
2016-08-08,750.3,781.8,749.9,771.5,8114773,KOTAKBANK,728.5450000000001,35.66455154408748,899.097613327935,2.436433645356173,0.9725210628645495,1.0133506156837329,0.9720025923525599,1.1742158664490747,3.185029549913882,4.844418545184252,8085671.4,1.0035991568987084,8656172.2,0.9374551259504751,99624347,1.034807000033851,4.134802333117301,31.899999999999977,28.649999999999977,3.25,31.899999999999977,32.65542368960551,1.2044172193473457,3.8917317532992213,64.04403383128374,83.15789473684211,77.23241849838823,-14.19174196844357
2016-08-15,772.8,772.9,758.65,762.9,4106172,KOTAKBANK,733.21,33.59021865770553,898.3431906462449,-1.114711600777707,1.0129767990562328,1.0131078778345786,0.9944291519203041,0.04011669591073311,1.794562437794009,3.457438500426667,7923281.15,0.5182413601466105,8564488.6,0.47944158627288036,95518175,0.9862009086404349,1.8678725914274479,14.25,1.3999999999999773,12.850000000000023,14.25,30.20136719765811,0.8838882623108235,-0.30708918654035466,58.695089831392586,74.10526315789471,75.2159598259339,-15.07699864111071
2016-08-22,766.5,785.95,761.1,772.85,6015721,KOTAKBANK,737.4875,32.87569440929782,897.3329942503865,1.30423384454057,0.9917836578896293,1.0169502490780877,0.9847965323154558,0.8846951994223088,2.6219151938110827,4.308671168589272,7608759.05,0.7906310293792258,7860780.6,0.7652829033289646,101533896,1.0454319168822352,3.2153716762631843,24.850000000000023,23.050000000000068,1.7999999999999545,24.850000000000023,29.4878515713037,1.0756426787444202,2.2423601005423954,62.83847611438484,84.57894736842107,80.6140350877193,-13.872552892627892
2016-08-29,773.35,789.0,771.05,781.4,4807829,KOTAKBANK,742.9925000000001,30.328756872312958,896.5919076675058,1.1062948825774743,0.9896979779882263,1.0097261325825442,0.9867545431277195,1.312803246202134,3.160642609459462,4.909406368813072,7389437.3,0.6506353332208394,6502809.0,0.7393464885713236,106341725,1.0841418691337112,2.2971589454824732,17.950000000000045,16.149999999999977,1.8000000000000682,17.950000000000045,27.949471361796547,1.2663723792471697,3.916483808763882,66.20017728262798,92.12435233160619,83.60285428597399,-12.847752325489854
2016-09-05,781.9,817.45,780.2,813.6,6238156,KOTAKBANK,749.505,30.827853519673067,895.9092269456121,4.120808804709508,0.9610373647984267,1.0047320550639136,0.9589478859390365,3.479043310867222,5.994233180606427,7.950089264021627,7438260.75,0.838657881145132,5856530.2,1.0651624403815079,112579881,1.1359758770212243,4.578416912487708,37.25,36.05000000000007,1.1999999999999318,37.25,29.189541846890343,2.079126266741122,10.03516364619963,75.73769427704867,96.39175257731956,91.03168409244893,-9.187228401054162
2016-09-12,819.9,825.4,800.25,813.3,5809756,KOTAKBANK,756.1475,29.447122435574325,895.2811719476724,-0.036873156342187574,1.0081150866838806,1.0148776589204476,0.983954260420509,2.2956265729919703,5.108192143901962,7.256457116817078,7408160.05,0.7842373761889769,5395526.8,1.0767727073471307,106770125,1.0661027297035175,3.0923398499938495,25.149999999999977,11.799999999999955,13.350000000000023,25.149999999999977,28.650936267304964,1.9408517801710712,9.321863028429323,75.50864397792657,89.44614042738768,92.65408177877116,-9.157030720228763
2016-09-19,813.9,820.0,799.1,802.85,9834184,KOTAKBANK,760.38,29.78727828062339,894.1067756472385,-1.2848887249477303,1.0137634676465093,1.0213614000124556,0.9953291399389674,0.6825958288716153,3.3197726000787813,5.545187177366123,7482893.45,1.3142221074923899,6541129.2,1.5034382748471014,96935941,0.9665845034438867,2.603226007348817,20.899999999999977,6.7000000000000455,14.199999999999932,20.899999999999977,27.617478098330963,1.4257764539577535,5.561764512523837,67.325145148813,80.33144352376802,88.72311217615841,-10.206474006550081
2016-09-26,802.0,803.4,784.35,787.75,11294841,KOTAKBANK,764.075,28.25576094028754,892.5770575581085,-1.8807996512424485,1.0180894953982862,1.0198667089812758,0.9956839098698826,-0.8141144092165017,1.2570479379497592,3.423409370446657,7697728.9,1.4672952434061428,7596953.2,1.4867593234614107,85641100,0.8546214960846473,2.418279911139315,19.049999999999955,0.5499999999999545,18.5,19.049999999999955,26.475147685220165,0.8378822304602578,1.4096292481977413,57.02152689940596,67.16092455298737,78.97950283471435,-11.744314585554323
2016-10-03,785.25,799.45,766.1,788.05,61855825,KOTAKBANK,767.5649999999999,26.55742586208148,884.9448948977764,0.03808314820690217,0.9964469259564749,1.0144660871772098,0.9721464374087939,-0.5171572242542172,1.109689754768912,3.1718268772352456,10173097.25,6.080333597518691,19006552.4,3.254447397835286,147496925,1.4374928420196265,4.231964976841574,33.35000000000002,11.700000000000045,21.649999999999977,33.35000000000002,27.391794660524145,0.7713473476828326,3.093929879644164,57.17178388120618,57.46013667425963,68.31750158367167,-10.949257457321021
2016-10-10,790.9,796.6,775.15,780.2,5012396,KOTAKBANK,771.4175,21.90188212890364,884.3287902479849,-0.9961296872025738,1.0137144321968725,1.0210202512176365,0.9935273006921301,-1.0190085880317339,0.0983165612249382,2.0144556819466954,10092605.7,0.4966404265649653,18761400.4,0.2671653444377212,142484529,1.3558948498540757,2.7492950525506337,21.450000000000045,8.550000000000068,12.899999999999977,21.450000000000045,26.599555372454265,0.40099293514185574,3.591582022173556,51.7131839503843,48.51936218678821,57.71347447134506,-11.774895423090873
2016-10-17,778.0,783.95,764.0,769.25,4717200,KOTAKBANK,772.75,20.84137458844214,883.6952730691133,-1.403486285567812,1.0113747156321091,1.0191095222619435,0.9931751706207345,-1.637985484027624,-1.1346414436313357,0.5680274676202954,9881694.55,0.4773675179020788,18542889.2,0.2543940132048031,137767329,1.2889814235669135,2.593435164120903,19.950000000000045,3.75,16.200000000000045,19.950000000000045,25.71294798946037,-0.16793518033791166,-0.29163966299416977,44.82489753670436,29.724655819774725,45.23471822694085,-12.950762163934607
2016-10-24,774.9,789.55,768.95,787.35,7054490,KOTAKBANK,773.855,21.007999103072933,882.908564182152,2.352941176470602,0.9841874642789102,1.0027941830189877,0.9766304692957389,0.46567995293220565,1.0202510077964209,2.616001611326618,9867901.95,0.7148925917327341,17986950.4,0.39220044772014273,144821819,1.3327670405340015,2.616371372324876,20.59999999999991,20.299999999999955,0.2999999999999545,20.59999999999991,25.031221590865645,0.6423743610130882,3.204876130554468,56.002533280604005,52.377972465582026,43.540663490714984,-10.823155200750477
2016-10-31,789.95,826.0,780.55,819.65,10407555,KOTAKBANK,777.0425,22.892174455798735,882.1555805603043,4.102368705150172,0.9637650216555848,1.0077472091746478,0.9522967120112242,2.92535684820038,4.217787694387147,5.915817478543493,10011917.45,1.0395166612165785,17809493.2,0.5843824348690618,155229374,1.3941798179946636,5.545049716342347,45.450000000000045,38.64999999999998,6.800000000000068,45.450000000000045,27.753725378750232,1.861225550341165,6.055508830950362,68.95327102905567,92.111801242236,58.07147650919757,-7.085550659964503
2016-11-07,819.9,819.9,790.1,801.85,5331651,KOTAKBANK,779.5375,22.73214669625366,881.6688544002192,-2.1716586347831357,1.0225104445968696,1.0225104445968696,0.985346386481262,0.5136195386730188,1.7927574808659559,3.5083346593471405,10061597.75,0.5299010288897705,6504658.4,0.8196665638890429,149897723,1.3152406987034115,3.71640581156076,29.799999999999955,0.25,29.549999999999955,29.799999999999955,28.02656199491686,0.9815395043037084,2.6170975172766786,58.08213782186737,68.26544021024971,70.91840463935591,-9.05315572869116
2016-11-14,802.8,833.45,762.0,815.6,10129277,KOTAKBANK,783.3475000000001,22.025609944335468,880.9167463454465,1.7147845607033751,0.9843060323688082,1.0218857282981855,0.9342815105443845,1.46055732146882,2.9557793589634525,4.707141941778295,10210336.35,0.9920610499770657,7528034.6,1.345540707265081,160027000,1.3623632866479525,8.760421775380093,71.45000000000005,31.600000000000023,39.85000000000002,71.45000000000005,33.81635372892795,1.4643181315527936,0.2458210422812135,63.2468394671328,76.13636363636363,78.83786836294978,-7.414633291558852
2016-11-21,818.5,818.5,753.7,762.7,12739225,KOTAKBANK,784.285,20.6142522235419,879.2481419695999,-6.486022560078464,1.0731611380621475,1.0731611380621475,0.988199816441589,-3.582683841274449,-3.235797285766072,-1.7437399321644405,10431756.95,1.221196492696276,9132439.6,1.3949421576245629,147287775,1.2283881428882755,8.496132162055847,64.79999999999995,2.8999999999999773,61.89999999999998,64.79999999999995,37.94750656507088,-1.0470910982329695,-6.221566457641692,40.884884496635344,11.285266457680251,51.89569010143119,-13.255432272910001
2016-11-28,765.2,774.0,736.2,750.15,12021212,KOTAKBANK,783.765,21.362091978155338,877.5512533981032,-1.6454700406450806,1.0200626541358395,1.0317936412717457,0.9814037192561489,-3.5437472201026776,-4.2539407431128575,-3.1587521283387945,10804588.05,1.1126025299965046,10125784.0,1.187188271051407,135266563,1.1131723184794786,5.038992201559682,37.799999999999955,11.299999999999955,26.5,37.799999999999955,37.92783902306142,-1.5735818399421917,-6.564115339104449,37.27703613549212,14.344473007712011,33.92203436725196,-14.517813393208995
2016-12-05,748.0,760.0,720.0,729.8,7067798,KOTAKBANK,781.4150000000001,24.5203465459971,876.418182624665,-2.7127907751782976,1.0249383392710332,1.0413812003288574,0.9865716634694437,-4.287331668183093,-6.1379951240411765,-5.5323281492425815,10681264.9,0.6617004695764075,9457832.6,0.7472957387721157,128198765,1.0482697762485447,5.480953685941354,40.0,9.850000000000023,30.149999999999977,40.0,38.2041271533199,-2.104986563023359,-7.356394795303089,31.99463627914419,8.638166593212826,11.42263535286836,-16.72924929347977
2016-12-12,731.0,752.5,724.55,729.85,4661614,KOTAKBANK,779.6875,26.885189010993365,875.6805729127755,0.006851192107437676,1.0015756662327875,1.0310337740631637,0.9927382338836747,-2.853458154817223,-5.254906203652716,-5.064673553525772,10334461.25,0.45107469922537086,9323825.2,0.49996797451758324,132860379,1.0724090507086337,3.8295540179488996,27.950000000000045,22.700000000000045,5.25,27.950000000000045,36.83691019954392,-1.853715812807617,-7.3853181904701355,32.02194567704967,8.682238871749686,10.554959490891504,-16.653398216623597
2016-12-19,728.0,738.35,712.0,719.65,7380556,KOTAKBANK,778.0125,29.538203964019043,874.4471763653501,-1.3975474412550537,1.0116028625026054,1.02598485374835,0.9893698325574932,-2.874171642968449,-5.782922205519674,-6.0076625122685305,10230011.55,0.7214611600316325,8774081.0,0.841177098775359,125479823,0.9991373653355635,3.66150211908567,26.350000000000023,8.5,17.850000000000023,26.350000000000023,35.4386555062714,-1.9758310312669098,-7.760830556267628,29.25647516121205,6.298888431453252,7.873097965471916,-17.7022901496196
2016-12-26,721.0,726.5,704.1,711.05,4339671,KOTAKBANK,774.99,33.11579206676859,873.6912292754143,-1.195025359549784,1.013993390056958,1.021728429786935,0.9902257225230294,-2.7456087221829293,-6.0534380325300585,-6.682319292653423,10041256.45,0.4321840619855895,7094170.2,0.6117235529533813,121140152,0.956390133481701,3.1502707263905463,22.399999999999977,6.850000000000023,15.549999999999955,22.399999999999977,33.70016810543521,-1.9308008659760636,-7.565810854728639,26.98894337112604,5.373018940858083,6.784715414687002,-18.615412839876967
2017-01-02,707.15,722.75,705.6,714.8,6049057,KOTAKBANK,772.5849999999999,35.68682898713212,872.6731397497052,0.5273890724984076,0.9892977056519306,1.0111219921656407,0.9871292669278121,-1.4710549169074645,-4.711764065509445,-5.612420078279876,10138400.7,0.5966480492332484,5899739.2,1.025309220448253,127189209,0.9917480447074268,2.3992725237828734,17.149999999999977,11.700000000000045,5.449999999999932,17.149999999999977,31.493479024710517,-1.6192248412106316,-9.214453546707313,29.72917429739303,8.272129880170027,6.648012417493782,-18.090752718135164
2017-01-09,714.95,724.25,692.5,709.25,13025800,KOTAKBANK,769.405,38.393015743669366,870.4489846197625,-0.7764409625069857,1.0080366584420162,1.0211491011632006,0.9763835037010927,-1.510055273979985,-4.740986701073958,-5.902283702443769,10488904.65,1.2418646593379032,7091339.6,1.8368602739036783,114163409,0.8858187067566061,4.4765597462107865,31.75,9.450000000000045,22.299999999999955,31.75,31.527681821415783,-1.5668214344406886,-13.469163667419014,27.93852077910661,11.883646683220997,8.509598501416365,-18.519061710454974
2017-01-16,711.1,736.2,708.0,731.2,7299297,KOTAKBANK,766.895,39.20001980395516,869.3950332106057,3.0948184702150217,0.9725109409190371,1.0068380743982495,0.9682713347921225,1.0247933050051867,-1.3686442846241493,-2.4962552283393262,10613478.05,0.6877384553501761,7618876.2,0.9580542862738732,121462706,0.9369590103840019,3.8566739606126976,28.200000000000045,26.950000000000045,1.25,28.200000000000045,31.083990911893686,-0.9105862746630149,-8.81087485190497,43.475171842647846,27.456544874068843,15.870773812486618,-15.89553976404288
2017-01-23,732.8,741.75,718.0,732.75,5294793,KOTAKBANK,762.8525,38.28829515728683,868.6489067092934,0.21198030634572707,1.000068236096895,1.0122824974411464,0.9798703514158991,0.8227716270849833,-0.9893290842721989,-2.0894893725211956,10566309.9,0.5011014299325065,7201723.6,0.7352119151032123,126757499,0.972485033434503,3.2412146025247357,23.75,10.549999999999955,13.200000000000045,23.75,30.10612545697453,-0.7862063295411839,-10.158165767533111,44.45100490063187,28.55622561191911,22.632139056402977,-15.644860156921153
2017-01-30,737.5,802.1,734.1,775.6,15872048,KOTAKBANK,760.9675,36.563111533332005,867.1503859051237,5.847833503923572,0.9508767405879319,1.0341670964414647,0.9464930376482723,4.201380359073855,3.934357673505726,3.254812756267843,11069424.5,1.4338638833482265,9508199.0,1.6693011999433331,142629547,1.079407571762119,8.767405879319236,68.0,69.35000000000002,1.3500000000000227,69.35000000000002,35.338642062711266,0.4001984346069845,1.6913596433722367,64.17777162402517,58.957076977651646,38.32328248787986,-10.557613465115882
2017-02-06,777.0,782.95,739.15,766.7,11905632,KOTAKBANK,759.1600000000001,35.25377023508752,865.9514175886974,-1.1474987106755985,1.0134341985131081,1.0211947306638842,0.9640667797052301,2.0595544598040822,2.4164651604140577,1.9541281369695689,11172996.9,1.0655719415799711,10679514.0,1.1148102806925484,130723915,0.9768179903200856,5.712795095865405,43.80000000000007,7.350000000000023,36.450000000000045,43.80000000000007,36.46682312101644,0.2138778334833396,2.206225421582353,59.14417117847538,52.64278112805961,46.718694572543455,-11.461545714085196
2017-02-13,769.0,796.0,762.0,793.15,10586022,KOTAKBANK,759.4300000000001,35.50404869424163,865.1868930866616,3.449850006521449,0.9695517871777092,1.003593267351699,0.9607262182437118,3.550451074266551,4.860587176076714,4.788452212565954,11137555.95,0.9504798043236766,10191558.4,1.0387049344681183,141309937,1.03440617649935,4.286704910798714,34.0,29.299999999999955,4.7000000000000455,34.0,36.13791337154758,0.9497508380070729,8.680460400109613,67.80353321896158,71.40830081589212,61.00271964053445,-8.326165555936829
2017-02-20,793.9,811.0,780.25,797.05,10062492,KOTAKBANK,759.88,35.94024426591462,864.51346231905,0.49171026917984584,0.9960479267298162,1.017502038767957,0.9789222758923531,2.6815885825268184,4.565235791307477,4.816465884235995,8547889.3,1.1771902567807002,10744197.4,0.9365512960512061,151372429,1.1064953420659744,3.8579762875603794,30.75,17.850000000000023,12.899999999999977,30.75,35.41952492200791,1.0342166771318142,9.207371377680328,68.92411165802454,82.97619047619044,69.00909080671406,-7.803633518682269
2017-02-27,799.15,814.4,791.1,800.5,8695870,KOTAKBANK,760.895,36.82018861266954,863.9713418589896,0.4328461200677536,0.998313554028732,1.01736414740787,0.9882573391630232,2.0673413947141226,4.265606696666323,4.791131112152123,8732063.0,0.9958551604586453,11424412.8,0.7611655979377775,160068299,1.1625884677525886,2.9106808244846913,23.299999999999955,17.350000000000023,5.949999999999932,23.299999999999955,33.80358826574018,1.0756327300934099,11.234627944139518,69.99021504958365,88.59721082854801,80.99390070687686,-7.3464637984889185
2017-03-06,801.9,828.7,798.8,818.95,11152754,KOTAKBANK,763.38,39.02487196106904,863.4875926105467,2.304809494066218,0.9791806581598388,1.011905488735576,0.9753953232798094,2.8491009108970005,5.504907671685586,6.358070802862984,9053840.7,1.231825737777781,10480554.0,1.0641378308818408,171221053,1.2286649195822013,3.6510165455766637,29.90000000000009,28.200000000000045,1.7000000000000455,29.90000000000009,33.28310983030817,1.4239636725890177,15.1747415793545,75.2331226934576,92.84140969162996,88.13827033212281,-5.157872908850719
2017-03-13,820.0,838.95,814.0,828.9,7715229,KOTAKBANK,765.4575,41.40166623584316,863.2323972961673,1.2149703889126284,0.9892628785136929,1.0121245023525154,0.9820243696465195,2.6768578364733115,5.69075449845085,6.858624173005497,9086877.65,0.849051709197383,9642473.4,0.8001296638267107,178936282,1.2685020335970822,3.0100132705995954,24.950000000000045,20.0,4.9500000000000455,24.950000000000045,32.172028519600424,1.5323658627312724,15.962506994963622,77.6616098602994,93.13758962103103,91.525403380403,-3.9771905461036776
2017-03-20,843.0,862.0,832.0,854.6,12335179,KOTAKBANK,767.205,44.43584642343746,863.1317534345376,3.1004946314392656,0.9864263983150011,1.0086590217645681,0.9735548794757781,3.7357418368458704,7.308749025876008,8.854654160528012,9183258.85,1.3432245787125994,9992304.8,1.2344678476981605,191271461,1.3388434947118706,3.5104142288790072,30.0,33.10000000000002,3.1000000000000227,33.10000000000002,32.29575805032037,1.96676798202957,20.49347902714136,82.71328110277746,95.63421828908557,93.87107253391552,-0.9884647854268329
2017-03-27,855.0,886.4,848.5,871.15,16702145,KOTAKBANK,770.67,49.67288098411516,863.2563653825853,1.9365785162649196,0.9814612868047983,1.0175055960511967,0.9739998852092062,3.7097055415397047,7.774016530707637,9.704036991472924,9751783.55,1.7127272067067156,11320235.4,1.4754238237837352,207973606,1.4267537894413598,4.350571084199045,37.89999999999998,31.799999999999955,6.100000000000023,37.89999999999998,33.04299031027765,2.0228341503310916,19.139770240700216,85.20015202122576,92.13512119649305,93.63564303553655,0.9144021328955202
2017-04-03,877.5,880.0,852.55,875.95,13019159,KOTAKBANK,773.6875,54.17494778127788,863.4082967616868,0.5509958101360457,1.0017695073919743,1.0046235515725783,0.9732861464695473,2.8249024735143244,7.096622769459411,9.348934497434977,9896277.65,1.3155612100272873,12184893.2,1.0684672230036452,220992765,1.4850139510574327,3.1337405103031046,27.450000000000045,8.850000000000023,18.600000000000023,27.450000000000045,32.297258268907306,1.887634491367993,19.54281815080179,85.87993235640198,94.61062403300674,94.12665450619511,1.452580810880832
2017-04-10,880.0,897.5,867.5,877.35,6552870,KOTAKBANK,779.42,58.81797612795273,863.491783491542,0.15982647411381112,1.0030204593377785,1.0229668889268821,0.988773009631276,1.9866441151762806,6.209888591366502,8.70245539629851,9586959.9,0.6835190788687872,11264916.4,0.5817060479916211,227545635,1.4888984960617704,3.4193879295606084,30.0,21.549999999999955,8.450000000000045,30.0,31.990957166386334,1.6649671826001453,13.11887570912842,86.09487420019434,90.17073170731709,92.30549231227229,1.6049042704751721
2017-04-17,872.7,889.75,871.1,887.6,4660205,KOTAKBANK,786.2925,63.092699709062344,863.5940173080901,1.1682908759331978,0.983213159080667,1.0024222622803065,0.9814105452906715,2.0790012125956876,6.251122534895444,8.943695702021136,9218909.55,0.5055050138766141,10653911.6,0.4374172768619556,232205840,1.4726852093072451,2.101171698963494,18.649999999999977,12.399999999999977,6.25,18.649999999999977,30.212162877534823,1.6056929005599148,15.768879613929832,87.6792722213315,94.77572559366756,93.18569377799713,2.7797764008068295
2017-04-24,890.0,898.45,867.2,895.75,7551706,KOTAKBANK,794.5899999999999,66.1122084433893,863.8134782094478,0.9182063992789535,0.9935807982137873,1.0030142338822217,0.968127267652805,1.979958304065434,6.089227410683653,8.957825598311796,9243104.95,0.817009656479125,9697217.0,0.7787498206959791,239757546,1.4686249958075828,3.4886966229416694,31.25,10.850000000000023,20.399999999999977,31.25,30.35054116053018,1.530125863010938,12.935762466116119,88.84534865760217,98.50374064837902,94.48339931645455,3.69715483680015
2017-05-01,899.0,921.0,885.1,901.95,14405003,KOTAKBANK,803.195,68.40269289096643,864.3035811646871,0.6921574099916228,0.9967293087199955,1.0211209047064693,0.981318254892178,1.7691650689185323,5.772659668926737,8.785011648517639,9730274.4,1.4804313226767787,9237788.6,1.559356207826622,254162549,1.5010942377635283,3.980264981429123,35.89999999999998,25.25,10.649999999999977,35.89999999999998,31.09046900579282,1.4437297104284328,13.16103130292956,89.70094700598047,89.80738362760837,94.36228328988499,4.355693954730898
2017-05-08,902.05,922.0,900.0,907.35,8350333,KOTAKBANK,812.58,69.208522444468,864.6218912160647,0.5987028105770786,0.994158814129057,1.0161459194357194,0.9918994875185981,1.5691838385856707,5.428666262086722,8.550545895573688,9778763.25,0.8539252650379894,8304023.4,1.005576766558726,262512882,1.4901125407501337,2.424643191712129,22.0,20.049999999999955,1.9500000000000455,22.0,29.87840647168711,1.36934002710493,13.347907557776395,90.43802196369613,91.98796828001096,93.43303085199945,4.94182592622534
2017-05-15,910.0,981.45,905.4,973.3,13188306,KOTAKBANK,825.6924999999999,73.66010002386246,865.8764700757821,7.268419022427941,0.9349635261481558,1.0083735744374809,0.9302373368950991,5.49251615188239,10.145778279700329,13.51816123855582,10221195.0,1.2902900296883095,9631110.6,1.3693442581793216,275701188,1.4992080182284704,7.813623754238167,76.05000000000007,74.10000000000002,1.9500000000000455,76.05000000000007,36.03461894212884,2.003900347028881,18.847304475242677,95.23928496726519,96.28616997038046,92.69384062599994,12.406334348687876
2017-05-22,973.5,975.0,935.1,941.25,12039657,KOTAKBANK,837.015,73.11951481901097,866.6625142620516,-3.2929209904448697,1.0342629482071712,1.0358565737051793,0.9934661354581673,1.5163282660484316,6.0738859416116835,9.692296562049608,10520725.0,1.1443752212894074,11107001.0,1.0839701013802014,263661531,1.3824425958235005,4.239043824701192,39.89999999999998,1.7000000000000455,38.19999999999993,39.89999999999998,36.550003083178325,1.425542828860498,13.554107853782128,74.31519731822499,80.01988071570575,89.43133965536572,8.606289589143984
2017-05-29,941.0,970.6,932.5,968.55,9273066,KOTAKBANK,849.9800000000001,72.25632079435009,867.4743791500422,2.9003984063745047,0.9715554178927263,1.0021165660007227,0.9627794125238759,2.8614898424917534,7.4754265736339125,11.217938802791219,10333088.3,0.8974147641804241,11451273.0,0.8097847287371457,272934597,1.3738775292704044,3.9337153476846862,38.10000000000002,29.350000000000023,8.75,38.10000000000002,36.756669338754556,1.6409637066556968,13.333723379358764,78.87641285575589,93.2230102442868,89.84302031012434,11.651712520776973
2017-06-05,966.95,972.5,955.55,967.0,4025566,KOTAKBANK,861.7700000000001,71.083143312301,867.8174641434306,-0.16003303907903277,0.9999482936918305,1.0056876938986556,0.9881592554291623,1.803857971006812,6.280388011132926,10.152661229048416,10169401.75,0.39585081787136595,9375385.6,0.4293760461436381,268909031,1.3051784943806959,1.7528438469493326,16.950000000000045,3.9500000000000455,13.0,16.950000000000045,34.11578009358729,1.4803791039132306,11.002697583653799,77.96933379299374,92.08869422392551,88.44386172797267,11.428962881550952
2017-06-12,970.0,990.0,960.1,976.7,6450084,KOTAKBANK,873.9675,68.66801000963606,868.4155606946324,1.0031023784901727,0.9931401658646463,1.0136172826865977,0.9830039930377803,1.8527221992174876,6.18099010378873,10.12455696848129,10227166.3,0.6306814430112474,8995335.8,0.7170476059381796,275359115,1.2899650574813668,3.061328964881742,29.899999999999977,23.0,6.899999999999977,29.899999999999977,33.55367608110898,1.4960751008451214,11.501798047833777,79.65848751884552,92.44318181818184,92.58496209546472,12.469196109147626
2017-06-19,973.2,991.8,960.2,987.55,8129189,KOTAKBANK,884.5650000000002,69.04205259343826,869.2346589135028,1.1108835875908607,0.9854690901726496,1.0043035795655917,0.9723051997367222,1.9540301905224715,6.181508090906442,10.185999249174921,9840023.35,0.8261351331041303,7983512.4,1.0182471815287717,283488304,1.285629768023151,3.1998379828869337,31.59999999999991,15.099999999999909,16.5,31.59999999999991,33.29318593696111,1.4916271479707928,12.560551661252628,81.49016882607577,97.3404255319149,93.9574338580074,13.611438507800072
2017-06-26,990.0,1004.65,979.15,985.2,4952785,KOTAKBANK,895.49,66.65600142759187,869.7184008074427,-0.23796263480329038,1.004872107186358,1.0197421843280552,0.9938591149005277,1.1467739306066247,5.106619379828305,9.140785216516928,9492381.0,0.5217642443976912,6566138.0,0.7542919445189852,278535519,1.2222046255244046,2.5883069427527405,25.5,17.100000000000023,8.399999999999977,25.5,32.25409447869963,1.3458653096293456,10.995944118972512,79.69670319289824,87.54402817803398,92.44254517604357,13.278044834436617
2017-07-03,985.0,992.9,936.0,948.85,8969101,KOTAKBANK,903.275,63.07018542443848,870.3116900601535,-3.6896061713357686,1.0380987511197766,1.0464246192759656,0.9864572904041734,-1.760164636887714,1.261112847588591,5.188343569271333,9411534.95,0.9529902452309335,6505345.0,1.3787279537057604,269566418,1.1504749933583909,5.996732887179214,56.89999999999998,7.699999999999932,49.200000000000045,56.89999999999998,35.54021521487301,0.7226076741854736,5.927993301702483,57.22046284411308,63.313609467455656,82.73268772580151,9.024158911897203
2017-07-10,952.5,972.8,943.25,968.0,5059255,KOTAKBANK,911.8225,59.39320241762053,870.723089751527,2.0182325973546966,0.9839876033057852,1.0049586776859503,0.9744318181818182,0.16864172471700425,2.7552599693929416,6.475340715627946,9161373.1,0.5522376334612985,6712082.8,0.7537533654978154,274625673,1.142030191992256,3.052685950413218,29.549999999999955,23.949999999999932,5.600000000000023,29.549999999999955,34.74151985288994,0.9458573997238024,7.323022340484497,63.48103519973774,73.33575845762095,74.73113203437019,11.17196860786502
2017-07-17,969.9,990.0,951.25,979.7,12110985,KOTAKBANK,920.7825,55.075317508695605,871.8107479664357,1.20867768595041,0.9899969378381136,1.0105134224762682,0.9709604981116667,0.9072472454329841,3.357084515993841,6.9595648276688875,9332128.85,1.2977730156394058,7844263.0,1.543928983513174,286736658,1.1617949163778425,3.955292436460141,38.75,22.0,16.75,38.75,35.27598387250461,1.0697623302979196,7.973769769107841,66.89626509484087,81.84794470716629,72.83243754408096,12.375306485406863
2017-07-24,981.8,1016.4,970.4,992.95,21106714,KOTAKBANK,929.4825000000001,51.78752713834398,873.8818182380958,1.352454833112171,0.9887708343823958,1.0236164962989072,0.9772898937509441,1.4863656285819544,3.982881342308268,7.5176781541819295,9829826.85,2.1472111688315243,10439768.0,2.0217608284015505,307843372,1.2137211346149979,4.632660254796313,46.0,36.69999999999993,9.300000000000068,46.0,36.705852689504,1.2255364082253704,2.01890475701223,70.50109889470075,84.28284182305634,79.82218166261453,13.62520414968323
2017-07-31,1000.0,1031.7,982.5,1021.65,9451630,KOTAKBANK,939.1200000000001,49.98809963643988,875.0045207976275,2.890377158970736,0.9788087897029315,1.0098370283365146,0.9616796358831302,2.8358614338899057,5.725865326127894,9.272701329152554,9916646.9,0.9531074460259344,11339537.0,0.8335111036720458,317295002,1.2177709098391025,4.815739245338428,49.200000000000045,38.75,10.450000000000045,49.200000000000045,38.37173899757014,1.6509929483264028,8.541832669322712,76.81193252962382,93.14461118690309,86.42513257237523,16.759396747881365
2017-08-07,1024.0,1024.0,988.55,997.9,6141650,KOTAKBANK,946.2850000000001,47.4408803836781,875.6082736703098,-2.3246708755444656,1.0261549253432207,1.0261549253432207,0.9906303236797274,0.3489045889258182,2.984693837434515,6.520610652555024,9606970.45,0.6392910264442418,10774046.8,0.5700411473987657,311153352,1.1673444106574067,3.5524601663493383,35.450000000000045,2.3500000000000227,33.10000000000002,35.450000000000045,37.98217379789413,1.0879857115332516,3.0303030303030276,63.78283496764638,74.3356112376613,83.92102141587358,13.966488212483053
2017-08-14,1000.0,1002.5,973.55,982.6,8937295,KOTAKBANK,951.8575000000001,44.61210679140749,876.3677265072898,-1.5332197614991383,1.0177081213108081,1.020252391614085,0.9907897415021372,-0.8018373775092796,1.2634927571538141,4.642961791168946,9218727.95,0.9694716069802234,11549654.8,0.7738149022427925,302216057,1.1141188822095613,2.946265011194794,28.950000000000045,4.600000000000023,24.350000000000023,28.950000000000045,36.77788395817492,0.6891066620938221,1.6132368148914278,56.64125599555861,61.12430720506731,76.2015098765439,12.121883346399855
2017-08-21,990.0,1005.0,967.5,969.55,6024783,KOTAKBANK,956.5375,40.99267545292714,876.8114843789824,-1.3281090983106147,1.0210922592955496,1.036563354133361,0.9978856170388325,-1.439076827490854,-0.0561309150672344,3.0795142777601847,8869009.15,0.6793073384076957,10332414.4,0.5830953702360215,296191274,1.0769805501816252,3.867773709452839,37.5,22.399999999999977,15.100000000000023,37.5,36.87416609708493,0.31743475770305585,-0.732056926384772,51.019247927489545,37.348790322580584,57.60290292176973,10.57679070965879
2017-08-28,974.9,984.9,964.0,976.05,5519163,KOTAKBANK,961.4724999999999,36.67107161538385,877.2425409896862,0.6704141096384841,0.998821781671021,1.009067158444752,0.9876543209876544,-0.5090292082671782,0.5230220389440363,3.4145427785484315,8817323.8,0.6259453690472385,7214904.2,0.7649669139058007,301710437,1.0824534800652732,2.141283745709746,20.899999999999977,15.350000000000023,5.5499999999999545,20.899999999999977,34.744277284140274,0.3975204257157488,-1.1644980001012661,53.66251933955724,43.90120967741929,47.458102401689054,11.263413981136997
2017-09-04,975.0,998.6,962.0,978.1,7488135,KOTAKBANK,965.9975000000001,32.412146338413514,877.8334364126396,0.2100302238614793,0.9968305899192311,1.0209590021470196,0.9835395153869747,-0.1989148749133886,0.6270135929233079,3.315561570819642,8958720.3,0.8358487316542296,6822205.2,1.09761210348818,309198572,1.0942062810891855,3.7419486760045007,36.60000000000002,22.550000000000068,14.049999999999955,36.60000000000002,34.991706979588244,0.37339397007647684,-0.7206658546488054,54.554983906305196,43.99164054336468,41.74721351445485,11.422048811117346
2017-09-11,978.1,1015.0,975.85,1006.5,7504887,KOTAKBANK,971.5350000000001,29.066946773550807,878.5845336319782,2.9035885901236957,0.9717834078489817,1.0084451068057625,0.9695479384003974,1.752238026724425,2.940840532457543,5.540028025882231,8956379.35,0.8379375980763923,7094852.6,1.057793223216505,316703459,1.1057106856076946,3.8897168405365106,39.14999999999998,36.89999999999998,2.25,39.14999999999998,35.546146048976475,1.2029127198119063,6.075775939294936,65.25271782276094,73.66771159874604,53.853520606509996,14.559266806033161
2017-09-18,1012.0,1026.45,997.5,1017.05,10512246,KOTAKBANK,977.29,25.772285195731865,879.7075513187934,1.0481867858916916,0.9950346590629763,1.009242416793668,0.9807777395408289,1.8475837463894755,3.3836987892870964,5.9765514878451675,8761741.5,1.1997895623832318,7409842.8,1.4186867769988318,327215705,1.128026977461582,2.846467725283914,28.950000000000045,19.950000000000045,9.0,28.950000000000045,34.66665990911295,1.5427425118896567,5.067148760330564,68.43736156906861,84.69174503657253,67.45036572622774,15.612284841173949
2017-09-25,1020.0,1045.4,995.0,999.5,8574228,KOTAKBANK,981.8975,20.25768518884021,880.494797537554,-1.7255788800943916,1.0205102551275638,1.0459229614807404,0.9954977488744372,0.08276474855122253,1.4462009750398952,3.9651466231317594,8772936.25,0.9773498582073932,7919731.8,1.0826412076227128,318641477,1.0879430433509418,5.042521260630324,50.40000000000009,28.350000000000136,22.049999999999955,50.40000000000009,36.76443858789791,0.868929487052007,2.0210268449525337,58.19904724889258,58.04387568555753,72.1344441069587,13.515718979290206
2017-10-02,1001.0,1015.0,968.0,1002.25,10847029,KOTAKBANK,983.345,20.641685595177567,881.4986936037202,0.27513756878438933,0.9987528061860813,1.0127213769019705,0.965826889498628,0.23794686367468143,1.4713847054576055,3.87626212255942,8655872.4,1.2531410467649684,8985305.0,1.2071965281089512,329488506,1.114742288341318,4.689448740334248,47.0,15.5,31.5,47.0,38.12918010951152,0.9158651270425644,0.936603051513174,59.299912153600985,60.55758683729429,67.76440251980812,13.698410136335815
2017-10-09,1006.1,1053.8,995.15,1049.95,8398017,KOTAKBANK,988.7800000000001,23.13456857513339,882.5672021407021,4.759291593913706,0.958236106481261,1.003666841278156,0.9478070384304014,3.1801401616698843,5.097953225836511,7.556297985276041,8473790.4,0.991057909574917,9167281.4,0.9160858747065406,337886523,1.1289793226191385,5.585980284775463,58.64999999999998,51.549999999999955,7.100000000000023,58.64999999999998,40.865289428243315,2.6440951254975915,2.7700288748593094,73.34787350968847,96.51741293532346,71.70629181939177,18.96544506223484
2017-10-16,1052.95,1098.7,1038.0,1082.5,8438017,KOTAKBANK,994.4775,30.68851351632693,883.8333726052249,3.100147626077421,0.97270207852194,1.0149653579676674,0.958891454965358,4.06096268683312,6.815648424520258,9.474679427717186,8432037.95,1.0007090871786222,9353907.4,0.9020847266458935,346324540,1.1431571325093497,5.607390300230951,60.700000000000045,48.75,11.950000000000045,60.700000000000045,43.50991750447755,2.8682555755973724,8.477803387112948,79.04324971405825,89.01322482197352,82.02940819819709,22.477837288399382
2017-10-23,1082.5,1115.05,1058.05,1061.55,6650186,KOTAKBANK,999.2049999999999,33.39605594424694,884.7159795744968,-1.935334872979222,1.0197352927323253,1.0503980029202582,0.9967029343883943,1.445051800666854,4.265681115519631,7.047457749324293,8563268.95,0.7765943168233669,8581495.4,0.7749448889758771,339674354,1.1082624037506958,5.369506853186379,57.0,32.549999999999955,24.450000000000045,57.0,45.308595170547214,1.8668372128757336,8.03480561774883,68.21729972877777,65.04410323423717,83.52491366384471,19.987659826213523
2017-10-30,1070.45,1076.4,985.15,1028.9,17439717,KOTAKBANK,1001.8150000000002,33.58391728193277,886.5696918255027,-3.0756912062549935,1.0403829332296628,1.0461658081446206,0.9574788609194284,-1.1215895687965132,1.05235865335785,3.756318763707796,9112750.6,1.9137709090820505,10354593.2,1.684249362881779,322234637,1.0433826487453082,8.868694722519207,91.25000000000011,14.850000000000136,76.39999999999998,91.25000000000011,51.43411581447427,0.80648721745664,6.121396524160705,54.73625936544625,43.711205488402555,65.92284451487107,16.05404622860842
2017-11-06,1031.0,1037.0,999.5,1009.75,9654915,KOTAKBANK,1002.925,33.454244086036795,887.4402450062045,-1.8612110020410189,1.0210448130725427,1.0269868779400841,0.98984897251795,-2.0262464354772582,-0.7064505484894759,1.7701279306567879,9189036.9,1.050699339339904,10116170.4,0.9544041488269118,312579722,1.007375846178033,3.7137905422134194,37.5,8.099999999999909,29.40000000000009,37.5,49.5762337058777,0.2040099899566608,3.4526919727473127,48.279361697752016,31.198954590003275,46.651421104214336,13.782308801303058
2017-11-13,1011.0,1025.9,982.55,994.7,8936769,KOTAKBANK,1003.4,33.256186602918405,888.1373387033115,-1.4904679376083196,1.0163868503066251,1.031366241077712,0.9877852618880063,-2.379948619833898,-1.9115642401906607,0.2602336933906094,9388236.1,0.9519114032507129,10223920.8,0.8741038956405061,303642953,0.9746314492046239,4.358097918970557,43.350000000000136,16.15000000000009,27.200000000000045,43.350000000000136,48.74606921176069,-0.2616054601773392,1.697167978734293,43.61395131415694,21.36556680823264,32.09190896221282,11.998444007800757
2017-11-20,994.0,1041.9,992.5,1040.55,7105723,KOTAKBANK,1007.985,31.62067985886083,888.9208850618568,4.609429978888091,0.9552640430541541,1.0012973908029408,0.9538224977175532,1.4208287974956841,2.210562038165811,4.267166322535517,9295067.2,0.7644617136280629,9957462.0,0.7136078450512792,310748676,0.9908902394322107,4.747489308538762,49.40000000000009,47.200000000000045,2.2000000000000455,49.40000000000009,48.83325998352595,1.0298640049914831,3.3830104321907584,57.91103170172278,51.3230970271153,34.62920614178374,17.057661428169936
2017-11-27,1042.3,1050.0,1016.35,1036.45,7366715,KOTAKBANK,1011.4075,30.75768314369855,889.7030141441625,-0.39402239200422295,1.0056442664865646,1.0130734719475132,0.9806068792512904,0.6872455048380587,1.563193314112136,3.56442657517309,9410440.2,0.7828236345415596,10100767.8,0.7293222798369842,303381961,0.962984775233727,3.246659269622266,33.64999999999998,9.450000000000045,24.199999999999932,33.64999999999998,46.80882531905582,0.8141868125437978,1.9074775084804152,56.434599304322795,48.64423391048681,40.44429924861158,16.493929268858196
2017-12-04,1036.0,1040.0,992.5,997.95,10053791,KOTAKBANK,1012.3199999999999,30.029592422348525,890.4805878309785,-3.7146027304742146,1.0381281627336039,1.042136379578135,0.9945388045493261,-2.0960999358756114,-1.9152075665873445,-0.142972329757698,9307580.5,1.0801723390949989,8623582.6,1.1658485186887408,293328170,0.9300993686134055,4.759757502880905,47.5,3.5499999999999545,43.950000000000045,47.5,46.90098194318171,-0.4785279732703097,-0.15507753876937702,44.21963510746346,23.489055864096738,41.15212893389962,12.068697918591825
2017-12-11,998.5,1012.0,994.15,1008.5,7595953,KOTAKBANK,1013.0974999999999,29.70119382236053,891.1176487502029,1.057167192745112,0.9900842835894893,1.0034705007436788,0.9857709469509172,-0.6853762558301577,-0.7277694378433448,0.8292454469262398,8632042.45,0.879971691983512,8211790.2,0.9250057313933812,300924123,0.9552328748990463,1.769955379276155,17.850000000000023,14.049999999999955,3.800000000000068,17.850000000000023,43.027517684090824,-0.15479175778243057,0.623596906959345,47.79252073459616,27.54165249914996,33.22498075791117,13.172486417974829
2017-12-18,1005.0,1038.0,993.05,1023.2,17650991,KOTAKBANK,1013.175,29.726695870347996,892.7538830677748,1.4576103123450812,0.982212666145426,1.0144644253322908,0.9705336200156371,0.5074264047402206,0.6165904070716335,2.066167771491103,9042010.5,1.9521091022842763,9954634.6,1.7731430343008272,318575114,1.011057547230852,4.393080531665368,44.950000000000045,29.5,15.450000000000045,44.950000000000045,43.28384865954539,0.33723896001505843,-2.54774036858898,52.66686108869948,37.53825229513775,29.522986886128148,14.611654948390987
2017-12-25,1024.9,1028.25,1006.2,1010.05,6179905,KOTAKBANK,1013.7824999999999,29.521545544153597,893.2604274231883,-1.2851837372947705,1.0147022424632446,1.0180189099549528,0.9961883075095294,-0.5252553851590325,-0.5805410160608621,0.72522247262401,9043923.25,0.6833212566238883,9769471.0,0.6325731454650922,312395209,0.9912491272263048,2.183060244542345,22.049999999999955,5.0499999999999545,17.0,22.049999999999955,40.452668838272665,-0.12643308238782702,-6.692840646651277,48.037511749614836,28.595715742944556,31.225206845744086,13.074526643222919
2018-01-01,1009.9,1022.0,996.8,999.95,5736576,KOTAKBANK,1014.65,28.80318878545004,893.6864075043485,-0.9999504975001128,1.009950497524876,1.0220511025551278,0.9968498424921245,-1.0270741548943256,-1.3683902366023508,-0.2543776736159424,8883887.3,0.645728137501249,9443443.2,0.6074665647377432,306658633,0.9723612725800479,2.5201260063003197,25.200000000000045,11.950000000000045,13.25,25.200000000000045,38.41897965983632,-0.5103601587135953,-5.8028354764259715,44.56591795553954,21.72730363821833,29.287090558766877,11.89047876339492
2018-01-08,1001.0,1013.1,992.5,1006.1,6667992,KOTAKBANK,1016.4775000000002,26.886846104011667,894.2057066083453,0.6150307515375708,0.9949309213795845,1.0069575588907664,0.9864824570122254,-0.2730164670089751,-0.6417894987069139,0.3285778002472461,8916047.75,0.7478640970714855,8766283.4,0.760640706641996,313326625,0.9908126151766455,2.0475101878540922,20.600000000000023,13.149999999999977,7.4500000000000455,20.600000000000023,36.04311570519148,-0.3859694052569367,-2.2159587909417855,47.244575359038855,17.773584905660428,22.698868095607768,12.513260938141554
2018-01-15,1010.0,1041.4,996.0,1038.35,9828987,KOTAKBANK,1019.5925000000001,25.531308308567613,895.1806122963931,3.2054467746744697,0.9726970674628016,1.0029373525304572,0.9592141378148025,1.894234848584933,2.129171076653995,3.138906548299082,9131538.95,1.0763779307977437,9212890.2,1.0668733466507612,323155612,1.0184409249027009,4.372321471565473,45.40000000000009,35.30000000000007,10.100000000000023,45.40000000000009,37.29070027783263,0.7346862046119789,2.8323842535280974,59.17953104597878,42.11320754716978,27.20469869701618,15.993352150057921
2018-01-22,1043.55,1078.2,1021.8,1074.1,13904110,KOTAKBANK,1024.3925,26.331636340497386,896.8762053020305,3.442962392256943,0.9715575830928219,1.0038171492412253,0.9513080718741272,3.439703786132975,4.617147741585905,5.832566781389837,9452337.7,1.4709705092318064,8463514.0,1.6428294441292353,337059722,1.0576171707565754,5.250907736709812,56.40000000000009,39.850000000000136,16.549999999999955,56.40000000000009,39.83860690745495,1.8877482339960434,7.982306222981794,68.34067279627436,69.09433962264147,42.993710691823885,19.760117801128178
2018-01-29,1076.95,1119.5,1050.1,1115.1,9902796,KOTAKBANK,1029.8225,32.84072998659486,898.3392563617368,3.817149241225204,0.9657878217200252,1.003945834454309,0.941709263743162,4.660022022948864,6.9635869089799005,8.520338966520127,9572233.15,1.0345335142615075,9208092.2,1.0754449222391584,346962518,1.0835459824256275,6.223657071114707,69.40000000000009,45.40000000000009,24.0,69.40000000000009,43.78012598646097,2.596699282714149,7.164480322906153,75.58996663718573,96.78714859437744,69.33156525472957,24.12905170326648
2018-02-05,1113.05,1131.0,1050.8,1062.25,14344580,KOTAKBANK,1032.0825,33.46483730015914,899.9157691268807,-4.739485247959818,1.047823017180513,1.0647211108496117,0.9892209931748647,-0.05561116636682249,2.001220397837602,3.638215250430114,9763849.85,1.469152047642355,10929693.0,1.3124412552118343,332617938,1.0378731093041509,7.550011767474704,80.20000000000005,15.900000000000091,64.29999999999995,80.20000000000005,48.63610918826619,0.9014685990974939,2.489266245356747,56.386547272582774,53.68811047490739,73.1898662306421,18.038825014769966
2018-02-12,1035.65,1056.0,1018.2,1042.95,11381536,KOTAKBANK,1034.2549999999999,32.638449637454535,900.9990508385331,-1.8168980936690948,0.993000623232178,1.012512584495901,0.9762692363008774,-1.2714402809167211,0.16091419334140974,1.700435914750105,9904215.25,1.1491608080710887,11872401.8,0.9586548864948287,321236402,1.0019534790265678,3.624334819502369,37.799999999999955,6.25,44.049999999999955,44.049999999999955,48.02462796316403,0.2664035852371536,4.509243950097708,50.934193007123206,40.687100033681425,63.720786367655414,15.754838923454736
2018-02-19,1050.0,1062.0,1033.0,1056.2,4939813,KOTAKBANK,1036.9524999999999,32.07871271124122,901.5075382543739,1.2704348242964736,0.9941298996402196,1.0054913842075364,0.9780344631698542,-0.0006618954630542964,1.2114795287245987,2.6891344765965215,9608854.45,0.5140896894322299,10894567.0,0.4534198559704117,326176215,1.0178868196074589,2.7456921037682256,29.0,19.049999999999955,9.950000000000045,29.0,45.48801090140883,0.6000084907788505,4.7297967278135955,54.425118563380494,45.99277978339353,46.78933009732744,17.159308733586798
2018-02-26,1056.2,1109.6,1041.7,1105.15,13640561,KOTAKBANK,1039.7125,35.453041124843324,903.3333856484868,4.6345389130846515,0.955707370040266,1.004026602723612,0.9425869791431027,2.952420278400769,4.788928208767204,6.416014581428894,9870981.65,1.3818849516349774,10841857.2,1.2581387808723399,339816776,1.0601351505756698,6.14396235805093,67.89999999999986,53.399999999999864,14.5,67.89999999999986,48.476276114554295,1.8457513918078357,8.009186864738084,65.03067792445427,81.33574007220223,56.00520662975905,22.341321328075654
2018-03-05,1105.0,1105.0,1080.8,1100.0,5810737,KOTAKBANK,1040.5875,36.75662802743477,904.0816760622894,-0.4660000904854633,1.0045454545454546,1.0045454545454546,0.9825454545454545,1.6653741034391385,3.7227148129239307,5.479715428888457,9739617.65,0.596608327843342,10023445.4,0.5797145360815753,334006039,1.0440133342854334,2.200000000000004,24.200000000000045,0.15000000000009095,24.350000000000136,24.350000000000136,45.25943929928041,1.6163751461547295,8.905499727736267,63.24406589520134,77.6173285198556,68.31528279181713,21.670423051933668
2018-03-12,1105.0,1105.95,1073.3,1100.6,10022194,KOTAKBANK,1042.54,38.90323555749503,905.3629247077403,0.054545454545440464,1.0039978193712522,1.004860984917318,0.9751953479920044,1.1459879543176712,3.2358866287606673,5.070306854560416,9908218.05,1.0115031733682929,9158968.2,1.0942492408697304,344028233,1.0746088051749965,2.966563692531355,32.65000000000009,5.9500000000000455,26.700000000000045,32.65000000000009,43.57818072604304,1.4924208531239815,10.065503275163735,63.37931374799241,78.05054151624542,79.0012033694344,21.564509652886883
2018-03-19,1099.95,1108.5,1045.25,1049.0,8562368,KOTAKBANK,1043.5449999999998,38.79178867261596,906.1585629745166,-4.688351808104663,1.0485700667302194,1.0567206863679695,0.9964251668255482,-2.477741123278033,-1.306209867672066,0.3673480271227484,9464350.6,0.9046968314973455,8595134.6,0.9961877734875729,335465865,1.0457024377283233,6.029551954242136,63.25,7.900000000000091,55.34999999999991,63.25,46.201089962570634,0.14062254375630193,4.2639896630553675,46.42725983906447,40.794223826714806,65.4873646209386,15.763404205616988
2018-03-26,1047.9,1061.95,1028.4,1039.35,14272373,KOTAKBANK,1045.025,37.990956333813735,907.377092875205,-0.9199237368922919,1.0082262952807044,1.021744359455429,0.9894645692019052,-2.2861406573458978,-1.9258306918648573,-0.5112306662040926,9695223.5,1.4721035569731837,10461646.6,1.3642568465273908,321193492,0.9998707432309173,3.2279790253523797,33.549999999999955,12.950000000000045,20.59999999999991,33.549999999999955,44.51427796756121,-0.14937765583303217,0.09630664034285807,43.89385809018322,33.82671480144398,50.89049338146807,14.544438928539897
2018-04-02,1043.0,1100.45,1040.6,1096.55,10742033,KOTAKBANK,1050.1175,37.715340572153735,908.6707790339567,5.503439649781128,0.9511650175550591,1.003556609365738,0.948976334868451,2.0329820544966863,2.906561126450047,4.337480923342045,9785486.7,1.097751530335226,9881941.0,1.0870367471329772,331935525,1.0287800802471927,5.458027449728707,59.850000000000136,61.100000000000136,1.25,61.100000000000136,46.7257075718864,1.2311303383611036,2.0901219625733214,59.142199816240485,75.12635379061369,49.91576413959083,20.676269700868446
2018-04-09,1094.5,1137.5,1075.0,1118.25,7782381,KOTAKBANK,1054.0025,40.57165680035987,909.7040110180614,1.9789339291414132,0.978761457634697,1.0172143974960877,0.9613234965347641,2.622708977931796,4.106306105745945,5.6776892295549555,9819319.6,0.7925580709278472,10276269.8,0.7573157528425343,339717906,1.048194672884663,5.58909009613235,62.5,40.950000000000045,21.549999999999955,62.5,48.82894656230155,1.5835562327696233,0.28248587570622874,63.48611972588463,86.72413793103448,65.22573550769738,22.924598161170266
2018-04-16,1120.0,1175.0,1110.0,1172.1,8003618,KOTAKBANK,1060.7849999999999,48.11937485921855,911.0276949197397,4.815560026827614,0.9555498677587237,1.0024741916218753,0.9470181725108779,4.7310208540637655,7.295971920545832,9.176893026081956,9851164.75,0.8124539791094246,9872554.6,0.8106937185234712,347721524,1.0656005288370949,5.545601911099736,65.0,56.75,8.25,65.0,50.98508702066135,2.3133093546138346,10.341256766297935,72.00768727821401,98.37988826815638,86.74345999660152,28.656901050989493
2018-04-23,1176.0,1177.5,1145.05,1169.0,5035131,KOTAKBANK,1069.3375,51.44918513752868,911.8438045615245,-0.2644825526832095,1.0059880239520957,1.0072711719418306,0.9795124037639007,2.9855885617611215,6.04297349730301,8.191374356613721,9600231.75,0.5244801512213494,9167107.2,0.5492606217149942,342686393,1.0422874664674109,2.775876817792989,32.450000000000045,5.400000000000091,27.049999999999955,32.450000000000045,48.513742084573174,1.9371055097100633,12.085910158684499,70.90847008675166,94.66415568110483,93.25606062676523,28.201781286668215
2018-04-30,1172.45,1218.8,1150.65,1211.1,10687970,KOTAKBANK,1079.4675000000002,58.325954038263454,913.8399693689702,3.601368691189033,0.9680868631822311,1.0063578564940963,0.9500866980431014,4.238655232817945,7.979217961249314,10.434239042447354,9754832.6,1.0956589865007011,8450226.6,1.2648146027231981,353374363,1.0662899603515699,5.627115845099485,68.14999999999986,49.799999999999955,18.34999999999991,68.14999999999986,51.13190980663006,2.256842638418655,14.665782995644761,76.52406588241921,96.16151545363905,96.40185313430008,32.528674668968065
2018-05-07,1232.0,1288.4,1214.1,1245.05,16089095,KOTAKBANK,1090.56,67.44474658641121,917.1326831855558,2.8032367269424485,0.9895184932332035,1.0348178788000484,0.9751415605798963,4.566582521433318,8.990090499775029,11.803473484825771,9676737.8,1.6626569131593085,9519639.0,1.6900950760842928,369463458,1.1063438953504605,5.967631822015195,74.30000000000018,77.30000000000018,3.0,77.30000000000018,54.62098849907942,2.290615768005965,12.658915079400979,80.09859337576145,83.95632864544777,91.59399992673055,35.75462120436715
2018-05-14,1247.5,1288.15,1225.8,1271.6,8420600,KOTAKBANK,1103.6375,75.84620324085198,918.9674644920991,2.13244448014136,0.9810474992135892,1.0130150990877635,0.9639823843976093,4.372771085409745,9.334547371193686,12.507868124482654,9788772.55,0.8602304279712781,9647282.8,0.8728468082225183,377884058,1.1205716353505053,4.903271469015424,62.350000000000136,43.100000000000136,19.25,62.350000000000136,55.65152336586885,2.2145142778819094,15.59999999999999,82.5026305313202,93.78238341968905,91.30007583959195,38.372689908319664
2018-05-21,1274.0,1304.45,1259.25,1276.65,12929588,KOTAKBANK,1117.4725,80.99849490966857,921.7878562015093,0.3971374646115189,0.9979242548858339,1.0217757411976658,0.9863705792503817,3.1673602591193353,8.30844818450737,11.782794565073546,10148423.15,1.2740489639516066,10632476.8,1.2160466693893937,390813646,1.1446305964149994,3.5405161947283945,45.200000000000045,32.850000000000136,12.349999999999909,45.200000000000045,54.25798691708634,1.9651908369102231,15.995820461566446,82.95452930234441,89.92936062307555,89.22269089607079,38.497159776090115
2018-05-28,1276.8,1309.7,1242.0,1297.15,7036321,KOTAKBANK,1132.0249999999999,85.93113292202787,923.3917052513033,1.6057650883170904,0.9843117603977951,1.0096750568554138,0.9574837142967274,3.1317943053641586,8.363597364387639,12.078887785819733,10166839.6,0.6920853752822067,11032714.8,0.637768774735299,397849967,1.1509921417401614,5.219134255868639,67.70000000000005,33.049999999999955,34.65000000000009,67.70000000000005,56.0502553281415,1.921596915867864,23.65586272640612,84.79400339956231,95.53857092072522,93.08343832116327,40.47667881605863
2018-06-04,1297.1,1400.0,1270.3,1303.95,13618655,KOTAKBANK,1145.3049999999998,91.0624610681568,926.5130804375577,0.5242261881817756,0.9947467310863145,1.0736607998772958,0.9741937957743778,2.4246364166331147,7.578406482204346,11.492607219419005,10356323.0,1.3150087149657268,11618851.8,1.1721171105736972,411468622,1.175376350807766,9.94670041029181,129.70000000000005,102.84999999999991,26.850000000000136,129.70000000000005,65.87022128438932,1.742155858068238,25.458219079232226,85.39715316950664,74.15231431646933,86.54008195342335,40.73735466143585
2018-06-11,1303.95,1334.7,1297.2,1323.35,8324179,KOTAKBANK,1157.7675000000002,97.62405235742033,928.4926564975732,1.4877871084013838,0.9853402350096347,1.008576718177353,0.9802395435825746,2.5700455437431393,7.657101705608822,11.72426273103459,10077326.45,0.8260304993890518,10065868.6,0.826970759383845,419792801,1.1851503493901565,2.8337174594778407,37.5,30.75,6.75,37.5,62.08752511313741,1.6961240186360074,20.683051388445573,87.08366812512685,79.37298170075347,83.021288979316,42.52670613377746
2018-06-18,1329.0,1344.5,1311.75,1315.3,7519302,KOTAKBANK,1167.7775,103.12757234431412,930.2278119660268,-0.6083046813012416,1.0104158747053904,1.0222002584961607,0.997300995970501,1.3158315062786572,6.078803668115321,10.251991556822329,9958151.75,0.755090120011477,9885609.0,0.7606311356235109,412273499,1.1532895691942664,2.4899262525659545,32.75,21.15000000000009,11.599999999999909,32.75,58.17585509805242,1.430485530169019,17.621283255086073,82.52059852276176,77.20667384284174,76.91065662002151,41.395471418998646
2018-06-25,1315.3,1335.0,1299.05,1328.0,5976256,KOTAKBANK,1181.065,105.89833021396261,931.6409485118725,0.9655591880179504,0.9904367469879518,1.0052710843373494,0.9782003012048193,1.5063821185784636,5.980282141569755,10.184418263150889,9539735.55,0.6264592942516105,8494942.6,0.7035075198742368,418249755,1.1561598380393627,2.7070783132530156,35.950000000000045,19.700000000000045,16.25,35.950000000000045,55.212407751645436,1.3875100740788326,13.300912891391526,84.04267417665271,80.6243272335845,79.0679942590599,42.54418530242142
2018-07-02,1322.0,1360.0,1312.1,1337.95,10860933,KOTAKBANK,1195.815,106.19261806537774,934.2473973520025,0.7492469879518016,0.9880787772338279,1.016480436488658,0.9806793975858589,1.4925697041355215,5.725271401774324,9.947991453847822,9513705.4,1.1416091358052773,9259865.0,1.172904032618186,429110688,1.1687566485890786,3.5801038902799127,47.90000000000009,32.0,15.900000000000091,47.90000000000009,54.23742005142606,1.338464034406744,14.452523524379824,85.20714583793185,82.7351140790206,80.1887050518156,43.211530884885285
2018-07-09,1337.0,1387.75,1327.6,1385.1,7566974,KOTAKBANK,1212.26,108.86695719281101,936.2534655404266,3.5240479838558825,0.9652732654681973,1.0019132192621472,0.9584867518590715,3.2305651267769337,7.65811248615609,11.928986283928515,9645063.45,0.7845437242820834,8049528.8,0.9400517953299329,436677662,1.1717337853726235,4.342646740307566,60.15000000000009,49.799999999999955,10.350000000000136,60.15000000000009,55.02576404456926,1.5876258917927517,14.36710428536041,89.42613976266352,95.4153846153846,86.2582753093299,47.94070740240079
2018-07-16,1386.15,1417.0,1366.2,1408.45,7467248,KOTAKBANK,1227.425,114.15748413578001,938.3177497358967,1.6857988592881457,0.9841669920834961,1.0060705030352515,0.9700024850012425,3.2232386699793913,7.876288486071208,12.273316288624807,9336397.8,0.7997996829141105,7878142.6,0.9478437214375887,444144910,1.1753194784580885,3.606801803400898,50.799999999999955,31.90000000000009,18.899999999999864,50.799999999999955,54.46232883862668,1.5857479811370687,13.12397092486246,90.90788910450776,97.21498371335507,91.78849413592009,50.10373622330272
2018-07-23,1408.45,1415.75,1322.3,1337.05,14099059,KOTAKBANK,1239.2775,112.52545147771473,941.5820308958688,-5.069402534701273,1.0534011443102353,1.0588609251710857,0.9889682510003366,-1.2965007517881755,2.534380176961212,6.956226742570694,9750813.9,1.4459366309924138,9194094.0,1.5334908474940543,430045851,1.1237302581020552,6.989267417074907,93.45000000000005,7.2999999999999545,86.15000000000009,93.45000000000005,59.660684993476465,0.8688923147254694,5.147058823529416,60.83134977416674,70.6012134583563,87.74386059569865,42.00037342767288
2018-07-30,1342.0,1348.95,1285.5,1305.25,13513698,KOTAKBANK,1249.51,108.48342293932276,944.4134282641385,-2.3783702928087957,1.0281555257613484,1.0334801762114538,0.9848687990806358,-2.5096016498389315,0.13698066529518943,4.298605160422391,9925389.1,1.3615282850724715,10701582.4,1.262775680725497,416532153,1.0782046949159199,4.8611377130817885,63.450000000000045,11.900000000000091,51.549999999999955,63.450000000000045,60.16592699434628,0.5138112210118652,2.2402381232130786,51.99166408031586,58.043927163506645,75.28670811173934,38.207480001538144
2018-08-06,1303.8,1326.1,1276.7,1282.8,10218795,KOTAKBANK,1261.2,97.81164767579101,946.3939746403877,-1.7199770158973449,1.0163704396632367,1.0337542874961023,0.9952447770502028,-2.869066393021656,-1.3806000177892999,2.405109801609393,10008210.45,1.021041179244987,10573154.8,0.9664849511141177,406313358,1.0421966134945717,3.850951044589949,49.399999999999864,20.84999999999991,28.549999999999955,49.399999999999864,58.73047006176675,0.22083259523033313,-1.1062714412365726,46.48873142606,33.85904386397241,54.168061495278444,35.546086975822135
2018-08-13,1287.0,1299.7,1270.1,1287.15,8212038,KOTAKBANK,1273.59,82.76822044595349,947.989224733233,0.3391019644527704,0.9998834634657965,1.0097502233616906,0.9867536806122051,-1.680942842180096,-0.8896956417467778,2.50702607754535,9705193.7,0.8461487996885627,10702167.6,0.7673247426997873,414525396,1.0506840190708453,2.2996542749485402,29.600000000000136,16.90000000000009,12.700000000000045,29.600000000000136,54.84640738686454,0.16383099608689383,-1.2883929598527466,47.725730211472815,32.08682008368207,41.32993037038704,35.776859738274766
2018-08-20,1290.0,1298.8,1242.75,1274.75,11663536,KOTAKBANK,1282.5,71.53630289286309,950.147547121885,-0.9633686827487109,1.0119631300254952,1.0188664444008628,0.9748970386350265,-1.780022529548079,-1.603791272422751,1.4287837335972702,9751268.85,1.196104443372003,11541425.2,1.0105802184638342,402861860,1.0120240200177055,4.39694057658364,56.049999999999955,11.649999999999864,44.40000000000009,56.049999999999955,55.00688640194927,-0.10833660234869628,-3.6724978274832787,44.353391446244245,18.714285714285715,28.220049887313394,34.16337324254281
2018-08-27,1269.25,1284.95,1238.0,1274.9,9009328,KOTAKBANK,1290.3325,60.299317607647104,951.796054229398,0.01176701313982953,0.9955682798650873,1.0078829712134285,0.9710565534551728,-1.1786983133534272,-1.364431669388678,1.3203494854782305,9812616.2,0.9181372038172655,10523479.0,0.856116879218365,411871188,1.0253636049796888,3.6826417758255583,46.950000000000045,10.200000000000045,36.75,46.950000000000045,53.932634881689374,-0.25593158616512696,-3.0715426138523405,44.4082199852614,20.614525139664856,23.805210312544208,33.946762474466915
2018-09-03,1279.4,1295.0,1263.4,1269.1,9101583,KOTAKBANK,1295.1825000000001,53.84460652021089,953.4149427543754,-0.45493764216802957,1.0081159877078245,1.0204081632653061,0.9955086281616895,-1.0940679640135078,-1.5665864011416337,0.7969196772908477,9867514.45,0.9223784820502594,9641056.0,0.9440442001374123,402769605,0.9958810321844586,2.4899535103616666,31.59999999999991,20.09999999999991,11.5,31.59999999999991,50.95495023079745,-0.4844032055505873,-4.435240963855424,42.53825990880337,17.374301675977602,18.901037509976053,33.11098275149997
2018-09-10,1270.0,1275.3,1215.0,1223.35,11101778,KOTAKBANK,1297.9,48.218679499050324,955.0844258310392,-3.604916870222996,1.0381329954632772,1.0424653615073365,0.9931744799117179,-3.2498094865898643,-4.59848878782888,-2.670258008273184,10170846.8,1.0915293700028987,9817652.6,1.1307976002328703,391667827,0.9626019052021555,4.929088159561855,60.299999999999955,6.2000000000000455,54.09999999999991,60.299999999999955,52.200956866691115,-1.5460813272887006,-8.565342501588258,30.7524447173286,4.133663366336589,14.040830060659678,28.088152933238035
2018-09-17,1227.0,1244.65,1200.0,1230.4,8175589,KOTAKBANK,1298.865,46.55453253981355,956.3326899272332,0.5762864266154466,0.9972366710013003,1.011581599479844,0.9752925877763329,-1.7721361266903404,-3.4278478022876064,-1.9084756636480544,10045227.75,0.8138779133205815,9810362.8,0.8333625541351029,399843416,0.9771153781930346,3.6289011703511127,44.65000000000009,21.300000000000182,23.34999999999991,44.65000000000009,51.19416261779898,-1.470640907873975,-11.168868673741962,34.00365968068826,14.009216589861792,11.839060544058656,28.658155572787177
2018-09-24,1227.95,1246.0,1143.0,1148.7,12338607,KOTAKBANK,1294.0475000000001,56.36743758356752,957.6400416973368,-6.640117035110538,1.068991033342039,1.0847044485070079,0.9950378688952729,-6.007043492806244,-9.243460758821529,-8.393551625176144,9857703.35,1.2516715670897116,9945377.0,1.240637433854946,387504809,0.944880052672876,8.966657961173501,103.0,15.599999999999909,87.40000000000009,103.0,58.10160760209245,-2.578572066266365,-18.44225922112961,20.889320738706672,2.0802919708029366,6.741057309000435,19.951124638024275
2018-10-01,1146.0,1191.1,1002.2,1122.0,24146247,KOTAKBANK,1286.5675,68.1893325408669,959.7973030603736,-2.3243666753721692,1.0213903743315509,1.0615864527629233,0.8932263814616757,-5.686447332255822,-10.151232523803133,-10.058556169803797,10643985.7,2.268534332961383,12972760.8,1.8613036478711609,363358562,0.8875744005037718,16.836007130124763,188.89999999999986,42.399999999999864,146.5,188.89999999999986,75.54139325514677,-2.413390685432686,-16.083916083916083,18.2370788477332,28.881388621022168,14.990299060562293,16.899682508216372
2018-10-08,1116.9,1138.55,1040.45,1104.3,14235934,KOTAKBANK,1277.95,79.46656860791376,960.9069153981974,-1.5775401069518802,1.0114099429502854,1.0310151227021642,0.9421805668749434,-4.920277646044878,-10.214369458382524,-10.837385692876216,10709303.0,1.3293053712272405,13999631.0,1.016879230602578,349122628,0.8571649640557991,8.883455582722078,98.09999999999991,16.549999999999955,81.54999999999995,98.09999999999991,78.54920748779385,-2.185195649465944,-15.395518099980855,16.62271750948952,24.61427193828349,18.525317510036192,14.922682135384658
2018-10-15,1106.0,1183.8,1085.5,1170.45,18241780,KOTAKBANK,1271.6150000000002,82.83424809760263,962.9486416660163,5.990220048899775,0.9449357084881883,1.0114058695373573,0.9274210773634072,0.6729818420109935,-3.4160694186425147,-4.192118076172627,11269575.95,1.618674924498823,15427631.4,1.1824096341840264,367364408,0.9053402830572317,8.398479217395014,98.29999999999995,79.5,18.799999999999955,98.29999999999995,81.18264648942133,-1.2212943598014996,-8.758185219831615,39.657083311559035,40.56171648987464,31.352459016393425,21.54853845320157
2018-10-22,1171.5,1219.2,1157.5,1164.0,16387633,KOTAKBANK,1264.6175,85.81647381261944,964.6932391037751,-0.5510701012431118,1.0064432989690721,1.0474226804123712,0.9944158075601375,0.08172485508691378,-3.419247754823372,-4.372015365465263,11408024.85,1.4365004648460247,17070040.2,0.960023105276577,350976775,0.8714499401938519,5.300687285223372,61.700000000000045,48.75,12.950000000000045,61.700000000000045,78.58496029083183,-1.1724730174732967,-9.567649458105121,38.46162636267338,39.12465239995163,34.76688027603658,20.660117933591614
2018-10-29,1150.0,1195.05,1098.45,1138.1,15714776,KOTAKBANK,1255.355,89.07896245821435,966.1242645605447,-2.225085910652924,1.0104560231965558,1.0500395395835165,0.9651612336350058,-1.4614253397058499,-4.9480997551917945,-6.184963589858642,11777554.7,1.3342987063350256,17745274.0,0.8855752804944009,335261999,0.8412596294625804,8.48783059485106,96.59999999999991,31.049999999999955,65.54999999999995,96.59999999999991,80.98696558538757,-1.3163040606248948,-10.719748970386355,33.74805701005778,39.1925018024513,39.62629023075919,17.800581327670184
2018-11-05,1140.0,1146.0,1101.1,1129.45,12689320,KOTAKBANK,1246.0625,92.13771853932529,967.2054040446634,-0.7600386609260879,1.009340829607331,1.014653149763159,0.9748992872637123,-1.492318195652294,-4.930161202140429,-6.415008608747566,12036055.6,1.0542756216579792,15453888.6,0.821108546104053,322572679,0.8186318156455132,3.9753862499446715,44.90000000000009,7.900000000000091,37.0,44.90000000000009,76.17537017400257,-1.2656325970371036,-11.408737940230607,32.22612719904846,39.28681691880212,39.20132370706835,16.774575005150048
2018-11-12,1128.45,1161.95,1115.75,1153.7,6194085,KOTAKBANK,1237.3475,92.22280725304286,967.8060673923845,2.1470627296471756,0.9781138944266273,1.007150905781399,0.9671058334055647,0.4273214954323733,-2.335371094063209,-3.8300501433539456,12046947.05,0.514162216725274,13845518.8,0.44737110176037603,328766764,0.8439338207275,4.0045072375834305,46.200000000000045,32.5,13.700000000000045,46.200000000000045,72.17865415080223,-0.9070153304972195,-9.093058072649896,40.854191358355415,50.924369747899156,43.13456282305086,19.207766811018267
2018-11-19,1150.0,1188.95,1122.4,1175.25,11741447,KOTAKBANK,1229.2125,90.03144169356246,969.0648960689605,1.8679032677472396,0.9785152095298872,1.0116570942352692,0.95503084450117,1.502092212596073,-0.39333950677053625,-1.7656539285444208,12090972.75,0.9710920074648254,12545452.2,0.9359126170039531,340508211,0.8841280339813999,5.662624973409909,66.54999999999995,35.25,31.299999999999955,66.54999999999995,71.42816693069526,-0.5993739407580606,-3.9318265418727183,47.6834505137776,58.34457181389077,49.518586160197344,21.276707552552498
2018-11-26,1170.0,1185.0,1153.05,1170.55,6951201,KOTAKBANK,1218.4850000000001,82.9858391534378,969.7861523790444,-0.3999149117209111,0.9995301354064329,1.0123446243219,0.985049762931955,0.7377351802449097,-0.6826624275514575,-1.9930753758731834,12060184.1,0.5763760272946414,10658165.8,0.6521948645234998,333557010,0.8778313402992962,2.7294861389944938,31.950000000000045,9.75,22.200000000000045,31.950000000000045,66.1644113399359,-0.5776286712166651,-4.864271781534468,46.33704330393205,57.496584699453535,55.58850875374782,20.701867842559814
2018-12-03,1163.1,1244.0,1157.0,1226.1,15119364,KOTAKBANK,1209.3674999999998,70.02069294708306,971.7664207970633,4.7456323950279655,0.9486175678982138,1.0145991354701902,0.9436424435201045,3.4899578148795234,3.32476458137622,2.408861553332251,12442789.9,1.2151104472157004,10539083.4,1.434599521244893,348676374,0.9292955409342883,7.095669195008564,87.0,73.45000000000005,13.549999999999955,87.0,68.94248982794444,0.2389650729770037,6.7380517106294,61.25621995973224,76.46857923497265,64.10324524943898,26.172295498163724
2018-12-10,1227.0,1345.95,1171.15,1198.35,60274611,KOTAKBANK,1202.4325000000001,63.25043431305166,978.5367041092295,-2.2632737949596304,1.0239078733258231,1.1231693578670674,0.9773021237534946,0.8367267642028806,0.9309184794988626,0.1365458516534803,14751567.5,4.085980083133538,20056141.6,3.0052944480607375,288401763,0.7834389292106385,14.58672341135728,174.79999999999995,119.85000000000014,54.94999999999982,174.79999999999995,83.05682451755185,-0.064545011340069,6.804812834224583,52.79572371097864,57.06181818181815,63.67566070541478,22.463469685674013
2018-12-17,1189.0,1271.8,1171.0,1222.45,30927492,KOTAKBANK,1198.2925,58.713488710679755,982.2198273447282,2.0110985938999626,0.9726369176653441,1.040369749273999,0.957912389054767,1.861121255338349,2.472014275716181,1.9298626347784218,15622257.2,1.979707004183749,25002823.0,1.2369600024765204,319329255,0.8790587637175025,8.245736021923184,100.79999999999995,73.45000000000005,27.34999999999991,100.79999999999995,85.42258124854493,0.411447190934949,10.699085393461939,58.53467663278107,64.07272727272726,65.86770822983935,24.45788264167861
2018-12-24,1214.9,1245.7,1214.0,1238.5,12759281,KOTAKBANK,1196.0774999999999,56.13667643163101,983.8064738543519,1.312937134443115,0.9809446911586598,1.0058134840532904,0.9802180056519983,2.0886167022410764,3.2022011774722157,2.934044297990425,15749281.5,0.8101500376382249,25206389.8,0.5061923227101724,332088536,0.9236189507739112,2.5595478401291922,31.700000000000045,23.25,8.450000000000045,31.700000000000045,78.25957041540562,0.7557002426331133,5.814003161177328,62.077534908052336,68.74181818181818,63.292121212121195,25.888580011860572
2018-12-31,1234.5,1262.5,1210.5,1256.5,9097448,KOTAKBANK,1194.5449999999998,53.89312498874775,985.0049254765233,1.4533710133225686,0.9824910465578989,1.004775169120573,0.9633903700756068,2.327497962979479,3.9333246489450255,3.9641830808908742,15793552.0,0.5760229237856057,25635639.2,0.354875021021516,341185984,0.9586986807051786,4.138479904496617,52.0,24.0,28.0,52.0,74.75829436001821,1.1495900453524568,7.946735395188997,65.85297020416175,73.97818181818181,68.93090909090908,27.5628139008679
2019-01-07,1254.0,1256.0,1227.0,1246.6,7422397,KOTAKBANK,1193.1375,52.02335982138613,985.9395676827048,-0.7879029048945552,1.005936146317985,1.0075405101877106,0.9842772340766887,1.034547938651108,2.7174869391483765,2.9347128491184664,15581495.05,0.47635974443928597,24096245.8,0.3080312618656969,333763587,0.9470362771972746,2.326327611102198,29.0,0.5,29.5,29.5,68.72385511201578,1.027663345534675,9.533432914506633,61.93961245836074,67.47954173486083,70.06651391162028,26.43776970326247
2019-01-14,1243.0,1244.2,1206.4,1211.75,8454587,KOTAKBANK,1189.98,48.60371005982036,986.8548270410955,-2.7956040429969464,1.0257891479265524,1.0267794512069321,0.9955848978749743,-1.2078027864259913,-0.06888321965820905,0.13118378480310677,15553758.0,0.5435719779104188,13732241.0,0.615674237001812,325309000,0.9345235161432801,3.1194553331957873,37.799999999999955,2.3999999999998636,40.19999999999982,40.19999999999982,64.92067443041365,0.44790819411123045,7.286732480410807,49.89603045213637,48.47379535419466,63.31050630241243,22.789083743270698
2019-01-21,1217.0,1275.5,1198.0,1267.6,19846958,KOTAKBANK,1189.905,48.476184874638555,989.5008969694018,4.609036517433451,0.9600820448090881,1.006232249921111,0.9450930893026191,2.167584397574563,3.7200992371945842,4.153753909197617,16091026.75,1.2334177494298182,11516134.2,1.723404543166925,345155958,0.9998122382710671,6.113916061849165,77.5,63.75,13.75,77.5,66.59791783969183,1.6027457647692875,9.872583860622331,63.146566498820725,68.34343434343428,61.43225714416326,28.10498746209805
2019-01-28,1279.0,1307.95,1255.0,1260.45,17286926,KOTAKBANK,1191.76,50.49131139429767,991.7071219890325,-0.564058062480266,1.0147169661628783,1.0376849537863462,0.9956761474076719,1.0750816414061328,2.7205234817958703,3.309220450916229,16400284.15,1.0540625907387098,12421663.2,1.3916756332598037,327869032,0.9585949454045938,4.2008806378674315,52.950000000000045,40.350000000000136,12.599999999999909,52.950000000000045,64.77819546106626,1.3604320843161481,7.249521378430135,60.77246681910969,65.45454545454545,60.757258384058126,27.099016640312033
2019-02-04,1260.0,1274.7,1211.4,1272.2,11882955,KOTAKBANK,1193.85,52.97877429986412,993.2683508170733,0.9322067515569854,0.9904103128438925,1.0019650998270713,0.952208772205628,1.3258327594771981,3.101994625258573,3.852065718894499,16585652.45,0.7164599062848445,12978764.6,0.915569036516773,339751987,1.0021406039079372,4.975632762144313,63.299999999999955,14.25,49.049999999999955,63.299999999999955,64.5811027329241,1.478894161585031,8.683951988381544,63.38290170892179,69.87951807228917,67.89249929008963,28.08220446704806
2019-02-11,1276.0,1315.0,1267.5,1301.55,9901041,KOTAKBANK,1201.4924999999998,56.99532361934504,994.691463663309,2.3070271969815925,0.9803695593715186,1.0103338327378895,0.9738388844070531,2.367292554573077,4.531755585211437,5.518521383693373,16463774.15,0.6013834318785283,13474493.4,0.7347987568868452,349653028,1.0371346793693352,3.6494948330836308,47.5,42.799999999999955,4.7000000000000455,47.5,62.30362236853422,1.7555387643423987,6.153657939809154,69.27570494276355,80.71242397914853,72.01549583532771,30.849619962211598
2019-02-18,1300.0,1310.0,1270.0,1277.05,8148071,KOTAKBANK,1209.245,56.15238875736377,995.7600750273291,-1.8823710191694487,1.017971105281704,1.0258016522454094,0.9944794643905878,0.3294831183350108,2.314467930172947,3.397083550396565,15663865.35,0.5201826508295413,13413190.2,0.6074670438953442,341504957,1.016259802532561,3.132218785482166,40.0,8.450000000000045,31.549999999999955,40.0,59.329806052729666,1.2075176408431634,6.567363458088216,59.978739178125224,69.1791545515544,73.25703220099736,28.24876514203994
2019-02-25,1277.0,1297.6,1225.0,1240.95,92033118,KOTAKBANK,1216.0774999999999,50.766139448198444,1005.8115955653277,-2.826827453897651,1.0290503243482816,1.0456505096901567,0.9871469438736451,-1.7133290805325365,-0.4519408953550328,0.5379414311867023,19553724.55,4.706679679600989,27850422.2,3.3045501909841786,249471839,0.7535582719577906,5.850356581651147,72.59999999999991,20.549999999999955,52.049999999999955,72.59999999999991,61.099165245699034,0.4899427112313704,1.5133543294204355,48.836053849861486,45.567651632970474,65.15307672122447,23.377977095452966
2019-03-04,1224.0,1249.7,1210.0,1225.95,21300963,KOTAKBANK,1218.8525,49.645269226575905,1007.8806828390675,-1.2087513598452837,0.9984093967943227,1.019372731351197,0.9869896814715119,-1.9718888603324565,-1.4408670039613716,-0.6224327657909652,19706683.7,1.0809004358252323,28653229.6,0.7434053088382051,228170876,0.7040164591399835,3.2383049879685175,39.700000000000045,8.75,30.950000000000045,39.700000000000045,58.24594321293917,0.14296427656798116,-1.0133225676221214,44.842037524987866,36.49113522095794,50.41264713516094,21.636421937035237
2019-03-11,1223.9,1254.9,1217.8,1249.55,9986665,KOTAKBANK,1223.1299999999999,48.33871827232079,1008.9409521557221,1.9250377258452467,0.9794726101396504,1.0042815413548878,0.9745908527069745,-0.030644177677081327,0.4071653885640403,1.1715026782017735,19386635.3,0.5151314214901438,28273971.6,0.35321054789487016,238157541,0.7478464235792559,2.969068864791336,37.100000000000136,28.950000000000045,8.150000000000091,37.100000000000136,55.426484117880634,0.5465597960450767,-0.5531237564663782,51.97264588279881,44.898542440697305,42.31910976487524,23.847683784684133
2019-03-18,1260.45,1360.0,1247.05,1343.65,24242461,KOTAKBANK,1233.4075,51.082199688348474,1012.4680504317075,7.530711055980155,0.9380791128642131,1.0121683474119003,0.9281062776764781,4.649875869352692,6.327396172226105,7.418373019202512,19813019.55,1.2235621601655362,31142255.6,0.7784426828736194,262400002,0.833506141988787,8.40620697354222,112.95000000000005,110.45000000000005,2.5,112.95000000000005,63.09628623549655,2.1581392475771883,7.785175677843759,69.88433010433276,91.3492063492064,57.57962800362054,32.710360532076
2019-03-25,1350.0,1364.65,1303.2,1308.65,12576233,KOTAKBANK,1242.3674999999998,47.47690373390239,1014.0783804182698,-2.6048450117218014,1.0315974477514995,1.0427921904252473,0.9958354028961143,1.399816967539446,3.276095343715117,4.530410854682681,19807365.2,0.6349271027728615,32027888.0,0.3926650736383242,249823769,0.802834236799028,4.69567875291331,61.450000000000045,21.0,40.450000000000045,61.450000000000045,62.87678140409702,1.3960998883056717,7.996698989065409,60.242163126989674,66.39663966396641,67.54812948462337,29.04821020444498
2019-04-01,1312.25,1363.9,1310.05,1339.4,15132601,KOTAKBANK,1251.6525,47.382112644800685,1016.1928442767021,2.3497497421006486,0.9797297297297297,1.0182917724354188,0.9780872032253247,2.442322669140652,4.711445746423413,6.162021789282847,20254291.0,0.7471306203707649,16647784.6,0.9089858719099477,264956370,0.8602849525243357,4.020456921009417,53.850000000000136,55.25,1.3999999999998636,55.25,61.85987721688409,1.8519119368483634,5.66424739665512,65.12068021815239,84.84848484848486,80.8647769538859,31.805690971318334
2019-04-08,1344.0,1357.45,1317.05,1343.25,10466710,KOTAKBANK,1260.0525,48.01194334691907,1017.656569592465,0.28744213827085474,1.0005583472920156,1.0105713753954961,0.9804950679322538,1.8146272017107667,4.2724801357642175,5.895063703096951,20190554.15,0.5183963710079745,14480934.0,0.7227924662870503,275423080,0.9038191933906948,3.0076307463242204,40.40000000000009,18.049999999999955,22.350000000000136,40.40000000000009,58.998560254632885,1.732850082714654,6.569082470546239,65.72820699679455,87.1587158715871,79.46794679467946,31.9944311407456
2019-04-15,1339.95,1378.0,1322.1,1373.85,11210478,KOTAKBANK,1270.2175,49.56145381188688,1019.3558262097272,2.278056951423779,0.975324817119773,1.0030207082287004,0.9623321323288568,2.667684724774881,5.489687858852495,7.32515604026609,20403518.0,0.5494384840888713,14725696.6,0.7612867699583055,286633558,0.9479051613513971,4.068857589984357,55.90000000000009,34.75,21.15000000000009,55.90000000000009,58.58541888734852,2.0909899131155956,7.990095896871541,70.44865553039963,97.6944444444444,89.90054838817213,34.77629348609201
2019-04-22,1382.4,1392.0,1346.1,1356.7,7160840,KOTAKBANK,1276.7475,51.987077025276456,1020.3806866078224,-1.248316774029179,1.0189430235129358,1.0260190167317755,0.9921869241541976,0.9582067561641974,3.681416671683081,5.640851691918837,20005591.8,0.35794192301774347,11309372.4,0.6331774873732162,279472718,0.9349223059922274,3.3832092577578012,45.90000000000009,18.15000000000009,27.75,45.90000000000009,56.89402970236873,1.5379302814260296,4.237255579885524,64.68691757795709,81.80412371134022,88.88576134245723,32.96018023530467
2019-04-29,1357.95,1384.4,1339.65,1379.25,7922560,KOTAKBANK,1285.7925,53.34831984480517,1021.5828737810474,1.6621213238003918,0.9845568243610658,1.0037339133587095,0.9712887438825449,1.7183247446500824,4.50529200557596,6.584942202567164,17387989.25,0.4556340521086991,10378637.8,0.763352585635082,287395278,0.961587592343777,3.244516947616458,44.75,27.700000000000045,17.049999999999955,44.75,55.2748257420529,1.7518358642198264,8.002818996906935,68.5849773872565,92.9945054945055,90.8310245500967,35.01107305129023
2019-05-06,1382.2,1435.75,1351.05,1410.4,17370560,KOTAKBANK,1295.19,57.95793302042876,1024.4178619858485,2.2584738082291222,0.9800056721497448,1.0179736245036868,0.9579197390811116,2.5926448308085708,5.669470058356682,7.927425840293452,16710142.65,1.0395219456729174,10826229.6,1.6044884176481904,304765838,1.0221976969089406,6.005388542257519,84.70000000000005,56.5,28.200000000000045,84.70000000000005,59.198182309779185,1.9878210625522361,13.65486119505217,73.28525320930471,88.77076411960137,87.8564644418157,37.678192887609335
2019-05-13,1410.0,1425.0,1366.3,1389.35,15835506,KOTAKBANK,1302.7325,59.97274880047388,1026.8275394431244,-1.4924844015882122,1.0148630654622666,1.0256594810522908,0.9834095080433296,0.7445526178296169,3.6345180348300143,5.988067289058954,16863953.9,0.9390150194848434,11899988.8,1.3307160423545945,288930332,0.9761498328330382,4.2249973008961055,58.700000000000045,14.599999999999909,44.100000000000136,58.700000000000045,59.131758001808635,1.4442809731495152,13.32843916962354,65.62888282401974,79.44629014396453,87.07051991935714,35.30509716884698
2019-05-20,1388.5,1505.3,1368.6,1502.55,14943804,KOTAKBANK,1315.035,73.6636882981349,1029.7735335337356,8.147694965271523,0.9240957039699178,1.001830221956008,0.9108515523609862,5.481545452544711,9.338192291214122,11.981561022295137,17156271.7,0.8710402971759884,12646654.0,1.1816409304785283,303874136,1.033149239492747,9.097866959502184,136.70000000000005,115.95000000000005,20.75,136.70000000000005,69.47419026823417,2.5455554063635937,20.247289024048666,79.14701722381767,99.0687436505249,89.09526597136359,45.91072221907867
2019-05-27,1503.0,1555.9,1483.8,1529.4,16620968,KOTAKBANK,1329.175,85.9530632319057,1033.1912636996872,1.7869621643206601,0.982738328756375,1.017327056361972,0.9701843860337387,4.760601595275301,9.368436264733393,12.399570618899856,17616200.25,0.9435047152123512,14538679.6,1.1432240380343757,320495104,1.0921226658074772,4.714267032823338,72.10000000000014,53.350000000000136,18.75,72.10000000000014,69.82429823246963,2.329469043584671,13.824284597923576,81.1734812673913,92.33882625036138,90.28462001495025,48.02680333585782
2019-06-03,1533.0,1544.0,1467.4,1531.25,10379063,KOTAKBANK,1345.15,92.42701672700083,1035.309739640168,0.1209624689420652,1.0011428571428571,1.0083265306122449,0.9583020408163266,3.250444225225154,8.12394342061335,11.463289053061215,17712424.05,0.5859764293527062,15029980.2,0.6905573302085921,330874167,1.1264224063474095,5.002448979591831,76.59999999999991,14.599999999999909,62.0,76.59999999999991,70.727725134807,2.013480544867941,17.009895694035837,81.31781694189539,92.87366290835499,94.76041093641375,47.90259778027405
2019-06-10,1530.0,1540.9,1486.6,1502.6,6468394,KOTAKBANK,1356.9,96.87962280990862,1036.5451700988172,-1.8710204081632709,1.0182350592306668,1.0254891521362972,0.9893517902302675,0.9371501485762492,5.461840445787783,8.96056696101755,17043495.85,0.37952272567367684,12849547.0,0.5033947111131623,324405773,1.1083161756284898,3.6137361906029675,54.30000000000018,9.650000000000091,44.65000000000009,54.30000000000018,68.53736178349943,1.5039282335551987,12.184560250858588,71.51994732448495,84.23543330375624,89.81597415415753,44.96232709827323
2019-06-17,1509.3,1514.25,1451.1,1460.35,9336287,KOTAKBANK,1366.895,96.71685873289422,1038.1562648683935,-2.8117928923199753,1.0335193617968295,1.0369089601807786,0.9936659020097922,-1.2859192142291693,2.337186166040841,5.7994446007164235,16645963.9,0.5608739185118622,11549703.2,0.8083573091298139,315069486,1.0787779104201074,4.324305817098647,63.15000000000009,11.650000000000091,51.5,63.15000000000009,67.81904687903285,0.966274145214924,8.717662386004088,59.351675048396416,69.06265177270515,82.05724932827212,40.667647965802885
2019-06-24,1465.0,1520.0,1455.15,1470.6,12125087,KOTAKBANK,1376.815,96.66772184844936,1040.2807642825287,0.7018865340500557,0.9961920304637564,1.03359173126615,0.9894940840473277,-0.3866413366424492,2.5867633138530852,5.918015784329449,16658070.5,0.7278806389971756,10985959.8,1.1036893654025568,327194573,1.1227070219167445,4.409764721882219,64.84999999999991,59.65000000000009,5.199999999999818,64.84999999999991,67.42317396182847,0.9701790650143913,7.042253521126751,61.19959457816419,66.24455876533433,73.18088128059857,41.36568227465573
2019-07-01,1471.85,1506.7,1467.0,1481.2,11841936,KOTAKBANK,1385.7975000000001,97.6476001200813,1042.3862151633962,0.7207942336461493,0.9936875506346204,1.0172157709964893,0.9904131785039157,0.22117438578342116,2.8147606936570853,6.042025279997286,16755115.25,0.7067654160122832,10030153.4,1.1806335883158077,339036509,1.1654632216591836,2.680259249257362,39.700000000000045,36.100000000000136,3.599999999999909,39.700000000000045,63.72675076691801,0.9770081382714938,9.176678705682907,63.19607233790173,69.61561928004882,68.30760993936276,42.09704411409728
2019-07-08,1483.9,1520.0,1462.35,1475.3,12236283,KOTAKBANK,1395.71,96.07714772926116,1044.5117913635163,-0.3983256818795633,1.00582932284959,1.0302989222531012,0.9912221243136988,-0.11857317145783548,2.07951324540957,5.194080655462833,16959525.85,0.7214991213920051,10401597.4,1.176384984867805,326800226,1.1262465983716727,3.907679793940222,57.65000000000009,38.799999999999955,18.850000000000136,57.65000000000009,62.91651733132896,0.8283967819723281,6.963929671923141,61.17448464221526,66.25497173958547,67.37171659498954,41.243020155294595
2019-07-15,1471.0,1510.95,1440.0,1508.1,9901342,KOTAKBANK,1409.0674999999999,91.90897853597951,1046.3463439095278,2.223276621704051,0.9753995093163584,1.0018897951064254,0.9548438432464691,1.3726185266884283,3.607892177073937,6.651365907491074,12852937.05,0.7703563754713947,11088187.0,0.892963114709375,336701568,1.1431862951627156,4.704595185995627,70.95000000000005,35.65000000000009,35.299999999999955,70.95000000000005,63.98764835381844,1.0775062630168595,6.927112875779917,67.78493753428194,79.55517536355853,71.80858879439761,44.13009695864121
2019-07-22,1508.0,1546.85,1442.15,1454.3,15338175,KOTAKBANK,1420.485,81.56518881432594,1048.8319598710473,-3.5674026921291624,1.036924981090559,1.0636388640583099,0.9916454651722479,-1.5173182974174055,0.035989150742259154,2.9315463439432667,12554797.65,1.2216983043131722,12288564.6,1.2481665271141595,321363393,1.074116181846652,7.199339888606191,104.69999999999982,38.75,65.94999999999982,104.69999999999982,69.41596190664262,0.41457637126269803,4.674847950480454,51.26549235782844,53.01734104046236,66.27582938120213,38.659008844353345
2019-07-29,1460.0,1524.45,1455.25,1502.5,17217875,KOTAKBANK,1433.1325,72.80587793470376,1051.91377774392,3.3143092896926296,0.9717138103161398,1.0146089850249584,0.9685524126455907,1.1595625069621172,2.779561124939081,5.541698631611966,12916358.15,1.3330286137969936,13307122.2,1.293884187822368,338581268,1.112985854218411,4.605657237936775,69.20000000000005,70.15000000000009,0.9500000000000455,70.15000000000009,69.51383365242361,0.9527733469846017,-0.0033276762836487173,61.07240847483994,75.30635838150285,69.29295826184125,42.83490071044317
2019-08-05,1505.0,1534.7,1455.05,1460.1,14684664,KOTAKBANK,1438.9550000000002,69.87030070819449,1054.2650487798292,-2.8219633943427636,1.0307513184028492,1.0510923909321281,0.9965413327854257,-1.1404503496515892,-0.03740022294698603,2.5654877596264445,12438468.3,1.180584590146039,13875667.8,1.0583032263139076,323896604,1.0540603459129412,5.455105814670234,79.65000000000009,32.200000000000045,47.450000000000045,79.65000000000009,70.86532249876714,0.3026321596683759,-4.53118870145156,50.71405077882996,53.23407371247249,60.519257711479234,38.49458461037577
2019-08-12,1454.3,1535.5,1451.65,1532.1,9570769,KOTAKBANK,1450.1275,65.67680932334984,1056.05226737222,4.931169098006993,0.9492200248025586,1.0022191762939756,0.9474903726910777,2.4083843284701674,3.997533880374329,6.548993508699189,12288195.1,0.7788588089718725,13342565.0,0.7173110267778346,333467373,1.070635138377513,5.472880360289793,83.84999999999991,75.40000000000009,8.449999999999818,83.84999999999991,72.59661283226485,1.2481194023360764,0.05551020408163243,63.007507098135164,87.44725738396616,71.99589649264716,45.07804654520857
2019-08-19,1525.1,1534.0,1477.5,1496.35,8838235,KOTAKBANK,1457.975,60.957145213932996,1057.5678075880478,-2.333398603224335,1.0192134193203461,1.0251612256490794,0.9874026798543122,0.0511848295960706,1.4604804976613581,3.956619023037067,11973476.8,0.7381510940915674,13129943.6,0.6731357932108711,324629138,1.0323695834560465,3.775854579476727,56.5,1.900000000000091,54.59999999999991,56.5,70.45039778796287,0.6295406365458961,-0.4159456941301709,55.12934097180478,68.20608649225835,69.62913919623233,41.4897455523599
2019-08-26,1490.55,1519.5,1446.1,1512.8,10887246,KOTAKBANK,1466.4524999999999,55.72785959937157,1059.489876371909,1.0993417315467768,0.9852921734531994,1.0044288736118456,0.9559095716552088,0.7586772517918533,2.1702746049004094,4.5842342910682685,11994503.6,0.9076862505589643,12239757.8,0.8894984833768523,335516384,1.0568937422756042,4.851930195663677,73.40000000000009,23.15000000000009,50.25,73.40000000000009,70.84367808290116,0.8316755808170808,3.5916047522854155,57.92264997466617,62.81276962899042,72.82203783507164,42.78569656374584
2019-09-02,1514.0,1522.75,1423.1,1431.45,13680710,KOTAKBANK,1469.3325,52.057840490937636,1061.4528970917693,-5.377445795875191,1.0576687973732928,1.0637814803171608,0.9941667539907086,-3.2541702718638614,-2.9052311059455262,-0.7684325921961861,12118015.2,1.1289563327169287,11532324.8,1.1862924637710515,321835674,1.0082088705897967,6.961472632645226,99.65000000000009,9.950000000000045,89.70000000000005,99.65000000000009,74.68452100518103,-0.727700182004181,-2.6621787025703725,42.74043768156631,6.7474747474748575,45.92211028957454,34.857609218644605
2019-09-09,1429.0,1474.55,1398.65,1471.3,13011192,KOTAKBANK,1475.0625,44.810413131335594,1063.4997396936835,2.7838904607216497,0.9712499150411201,1.0022089308774553,0.9506218990008837,-0.3050282225059778,-0.10118926892975333,1.7974636276823437,12410532.8,1.048399146892388,11197630.4,1.1619594088406417,334846866,1.0399488239142527,5.1587031876571645,75.89999999999986,43.09999999999991,32.799999999999955,75.89999999999986,74.84658487115686,-0.08396485854688443,-0.6683769916284166,50.12890292094015,49.02159244264504,39.527278939703436,38.34512083884232
2019-09-16,1471.3,1491.85,1447.2,1474.95,8656108,KOTAKBANK,1479.8475,38.739034017124546,1064.8622661322881,0.24807992931421552,0.9975253398420285,1.01145801552595,0.9811858029085732,-0.03787157701301723,0.12559470507396253,1.870441404200114,12447210.2,0.6954255500561886,11014698.2,0.7858688311587149,343502974,1.0576176638426693,3.027221261737677,44.649999999999864,20.549999999999955,24.09999999999991,44.649999999999864,70.8203735550026,-0.12642287357591575,-0.02372398834135092,50.79984514743324,51.48448043184889,35.75118254065626,38.51087102158305
2019-09-23,1471.25,1652.0,1444.0,1640.6,18672402,KOTAKBANK,1491.3574999999998,49.67385809087709,1068.945821994611,11.230889182684155,0.8967755699134463,1.0069486773131782,0.88016579300256,6.708578697827875,8.751282236594001,10.796958584276812,12512302.3,1.492323439148365,12981531.6,1.4383820473078848,362175376,1.1053395165757727,12.678288431061807,208.0,177.04999999999995,30.950000000000045,208.0,89.11099041433559,3.004447525033482,8.785889529872026,71.13518580900235,95.50029603315568,65.33545630254987,53.47831164527167
2019-09-30,1633.3,1683.95,1580.5,1644.45,17586533,KOTAKBANK,1504.1125,54.608816704293766,1072.7648318096162,0.23467024259418157,0.9932196175012922,1.0240201891209828,0.9611116178661558,4.617995565551373,7.684212422228595,10.088651362006052,12599853.65,1.395772799313427,14321389.0,1.2279907346975911,379761909,1.1431676096598369,6.290857125482686,103.45000000000005,43.350000000000136,60.09999999999991,103.45000000000005,91.02285835909085,2.569868905234229,13.075018909440983,71.45162017597265,86.15492464072906,77.71323370191121,53.290819314613856
2019-10-07,1638.8,1657.0,1549.3,1555.65,14113317,KOTAKBANK,1506.7675,55.80653912590873,1075.322760159853,-5.399981756818384,1.053450326230193,1.0651496159161764,0.995918104972198,-0.5510824809475355,2.069674018338952,4.543283624999167,12558329.3,1.123821223576292,14407910.4,0.9795533570225422,365648592,1.0905438001822276,6.923151094397843,107.70000000000005,12.549999999999955,95.15000000000009,107.70000000000005,93.24647724454542,0.8759278171633831,3.537437603993343,55.313695150833134,55.02979320014021,78.89500462467498,44.66819243821675
2019-10-14,1559.3,1627.75,1547.75,1585.5,8603882,KOTAKBANK,1509.5724999999998,58.35564392269733,1076.964977849106,1.9188120721241875,0.9834752444023966,1.0266477451907916,0.9761904761904762,0.8946530173505501,3.3543389034350404,5.812065115291151,12157475.0,0.7077030386655123,13526448.4,0.6360784254350166,374252474,1.1073278612666784,5.045726900031536,80.0,72.09999999999991,7.900000000000091,80.0,91.48028027860603,1.3011166512116639,8.588452845695516,58.9130052542014,65.49246407290569,68.89239397125833,47.219271992161765
2019-10-21,1595.4,1629.5,1577.5,1615.25,9826760,KOTAKBANK,1513.7724999999998,62.84787915653765,1078.9366927694314,1.8763796909492259,0.9877108806686272,1.0088221637517412,0.9766290047980188,1.8133301796457915,4.400895570201649,6.917934357077603,12129859.85,0.8101297229744991,13760578.8,0.7141240308874216,384079234,1.1275281380986888,3.2193158953722336,52.0,44.0,8.0,52.0,86.21624290812524,1.614652735492414,5.427191436590317,62.39612175543052,75.92008412197686,65.48078046500758,49.70757884356971
2019-10-28,1626.85,1643.0,1569.15,1593.0,12644967,KOTAKBANK,1518.2925,65.20850218016079,1081.3483388112106,-1.3774957436929247,1.0212492153170118,1.0313873195229128,0.9850282485875707,0.29461459412967295,2.627681770120088,5.149671906934795,12438688.5,1.0165836213359631,12555091.8,1.0071584661770454,371434267,1.0829312748004245,4.635907093534207,73.84999999999991,27.75,46.09999999999991,73.84999999999991,84.56741052037519,1.1456711548686545,6.459050355865936,58.14259665725074,68.12127584998245,69.844608014955,47.31608149056556
2019-11-04,1597.4,1605.0,1563.0,1571.05,10815350,KOTAKBANK,1523.8275,64.7278197633513,1083.305435476785,-1.3779033270558738,1.0167722223990325,1.0216097514401197,0.9948760383183222,-0.7322826354142874,1.086205527586894,3.505760522432892,12512641.65,0.8643538512908663,11200855.2,0.9655825208775131,360618917,1.0444633969400472,2.6733713121797527,42.0,12.0,30.0,42.0,78.89175578432516,0.7295549297450166,3.8504759386567944,53.955799227785576,60.427620049071116,68.15632667367682,45.02373463201063
2019-11-11,1568.6,1619.4,1541.0,1616.9,13859742,KOTAKBANK,1531.1425,66.63461301243456,1086.0243034010086,2.918430349129575,0.9701280227596016,1.0015461685942235,0.9530583214793741,1.41610380589704,3.335209277426142,5.721853328202649,12599374.4,1.1000341413776862,11150140.2,1.2430105587371898,374478659,1.0772291888694991,4.848784711484946,78.40000000000009,48.350000000000136,30.049999999999955,78.40000000000009,78.82618834641515,1.2869812867975556,12.955394879318183,60.765237342381816,76.49842271293377,68.34910620399579,48.88248770644394
2019-11-18,1617.0,1635.0,1584.05,1627.2,9326512,KOTAKBANK,1538.4424999999999,68.83628609168191,1087.8735402939692,0.6370214608200753,0.9937315634218289,1.0047935103244838,0.9734820550639134,1.3600861372315984,3.3832173834125103,5.792071816109457,12473603.2,0.7476999108004334,11294666.2,0.8257448104132551,383805171,1.096994274227353,3.131145526057033,50.950000000000045,18.09999999999991,32.850000000000136,50.950000000000045,75.1093632335598,1.2893998941457345,10.596071501393322,62.21372953468629,80.1086575534525,72.34490010515246,49.576208973727965
2019-11-25,1629.9,1631.1,1565.1,1603.65,8713587,KOTAKBANK,1544.8600000000001,68.62238701765746,1089.5149206045623,-1.4472713864306708,1.0163689084276495,1.017117201384342,0.9759610887662519,-0.058977057544451095,1.683750725597671,4.041221164785879,12297468.4,0.7085675454957867,11072031.6,0.786990799412097,375091584,1.064740915610516,4.115611261808998,66.0,3.8999999999998636,62.100000000000136,66.0,73.89478146908516,0.8567175021887902,8.725719515915786,56.69207680686177,71.85418857343149,76.15375627993926,47.18935644407225
2019-12-02,1601.0,1636.5,1591.3,1633.0,9855633,KOTAKBANK,1551.105,70.75122074454464,1091.4641478277374,1.8301998565771749,0.9804041641151255,1.0021432945499082,0.9744641763625229,1.1595923419754366,2.957823559323605,5.285402507144204,12295182.95,0.8015849003694573,10514164.8,0.9373671791790822,384947217,1.0852857307348203,2.7679118187385208,45.200000000000045,32.84999999999991,12.350000000000136,45.200000000000045,70.06881060654048,1.157506529755737,-0.4632451542118665,61.593805104241845,82.14160532772519,78.03481715153639,49.61554195344322
2019-12-09,1634.5,1680.0,1631.45,1659.25,13655999,KOTAKBANK,1561.3525000000002,70.83445391787326,1094.2718140396628,1.6074709124311193,0.985083622118427,1.0125056501431369,0.9832454422178696,1.815524803152374,3.8512025858716483,6.21850661623381,12211074.15,1.118329053795812,11082294.6,1.2322356960263445,398603216,1.111682068540705,2.926020792526741,48.549999999999955,47.0,1.5499999999999545,48.549999999999955,67.19963585900175,1.3820604887206998,0.8999969594697177,65.6105662757075,91.34244654749385,81.77941348288351,51.630516176290655
2019-12-16,1665.0,1730.0,1651.05,1703.95,13327622,KOTAKBANK,1571.425,76.14881638504525,1097.2000082551003,2.6939882477022836,0.9771413480442501,1.0152880072772088,0.9689544881011766,2.92747616993087,5.462991229927538,7.955467596508383,12016561.5,1.1091044638684702,10975870.6,1.2142655909226918,411930838,1.1372201270033,4.6333519176032185,78.95000000000005,70.75,8.200000000000045,78.95000000000005,68.76635107780152,1.7403422179261407,9.532992639732573,71.47276493313292,90.8916083916084,88.12522008894247,55.29985300581857
2019-12-23,1716.05,1734.8,1687.3,1704.9,14745219,KOTAKBANK,1583.665,76.98262637218319,1100.4120812632327,0.055752809648179635,1.0065399730189453,1.0175376854947504,0.9896768138893776,1.9877111149250934,4.72771619930872,7.3395267132859825,12019589.25,1.2267656317789728,12059612.0,1.2226943122216536,426676057,1.1614496359229511,2.786087160537275,47.5,30.84999999999991,16.65000000000009,47.5,65.93083760076132,1.5748358521034693,7.530747398297066,71.59151873238417,89.7180192572215,90.65069139877458,54.93286824357993
2019-12-30,1704.95,1716.5,1681.35,1690.4,6747324,KOTAKBANK,1591.5800000000002,79.49863851863799,1101.8356239266516,-0.8504897647955922,1.0086074301940369,1.0154401325130147,0.9946462375769047,0.7646508439169305,3.3518440343121285,5.9993073645436095,11878417.0,0.5680322554764663,11666359.4,0.5783572894214111,419928733,1.129787745945012,2.079389493610985,35.15000000000009,11.599999999999909,23.550000000000182,35.15000000000009,61.82672592065983,1.2430401556730077,4.652530568023527,66.70144530749008,77.08978328173382,85.89980364352124,53.41671328213734
2020-01-06,1690.4,1696.75,1638.6,1652.55,8371000,KOTAKBANK,1599.3899999999999,77.29278001279657,1103.4792440848269,-2.23911500236631,1.022903996853348,1.0267465432210825,0.9915585004992284,-1.005490187263258,0.9756128350218201,3.525789479857866,11855055.25,0.7061122722308696,11369432.8,0.7362724374429654,411557733,1.094467742703526,3.5188042721854162,58.15000000000009,6.349999999999909,51.80000000000018,58.15000000000009,61.3364957979052,0.6877744595445904,3.738229755178901,55.320340179772245,57.55933952528379,74.78904735474637,49.75814079498579
2020-01-13,1661.05,1704.5,1638.0,1691.1,12636327,KOTAKBANK,1608.3049999999998,77.06205786999992,1106.1147468580275,2.3327584641916976,0.9822305008574301,1.0079238365560879,0.9686003193187867,0.8646747446585362,2.7711036724272287,5.247914446924602,11942509.3,1.0580964755874211,11165498.4,1.131729775716953,424194060,1.1149256378125405,3.932351723730117,66.5,51.950000000000045,14.549999999999955,66.5,62.024963024851175,1.0743938364541388,7.64138633398046,62.78304742282655,77.45098039215684,70.70003439972481,52.886488929259045
2020-01-20,1696.0,1709.0,1611.0,1617.9,18248328,KOTAKBANK,1617.6275,64.85159064519448,1109.408207817281,-4.328543551534492,1.0482724519438777,1.056307559181655,0.9957352123122566,-2.4137250095011864,-1.395346655483726,0.8808861967744374,12170890.2,1.4993420941386852,12149639.6,1.5019645521007883,405945732,1.0552981294058825,6.05723468693986,98.0,17.90000000000009,80.09999999999991,98.0,66.82163462153768,0.004201901561534462,0.06184674376894517,45.962934678178115,39.68008255933958,58.23013415892674,45.83450785740603
2020-01-27,1605.0,1649.0,1576.0,1618.35,20847680,KOTAKBANK,1624.98,54.971977071588604,1113.1225876441106,0.02781383274614857,0.9917508573547132,1.018939042852288,0.9738313714585844,-1.5901651652905875,-1.1718450558940396,0.8327434092014951,12562714.6,1.6594884675641681,13370131.8,1.559272586976293,426793412,1.0963906239760617,4.510767139370347,73.0,31.09999999999991,41.90000000000009,73.0,67.64541667199933,-0.12060690470284577,-0.5438790560472029,46.0654297708356,39.91228070175435,52.34778121775025,45.38829936289295
2020-02-03,1620.0,1729.0,1610.25,1676.25,20067407,KOTAKBANK,1635.0449999999998,43.2313084039471,1117.0510093565556,3.5777180461581404,0.9664429530201343,1.031469052945563,0.9606263982102908,1.2792666983850716,1.9909464001502757,3.9032748326668525,13133279.55,1.5279814096396052,16034148.4,1.25154180311815,446860819,1.1329016461852677,7.084265473527218,118.75,110.65000000000009,8.099999999999909,118.75,74.45936111573275,0.9531286819956174,4.527172387989897,57.91606467504783,69.78844169246648,49.793601651186805,50.06029142443141
2020-02-10,1684.05,1707.45,1644.0,1669.3,10344822,KOTAKBANK,1636.48,43.89661118680589,1119.029887820447,-0.41461595824011654,1.008836039058288,1.0228538908524532,0.9848439465644282,0.5788337639201812,1.3567657460793023,3.2112516634136017,12716900.55,0.8134703860682467,16428912.8,0.6296717333602257,436515997,1.0963435027723647,3.8009944288024946,63.450000000000045,31.200000000000045,32.25,63.450000000000045,72.99144630030172,0.7476659157202714,2.222902633190449,56.205622846748824,66.20227038183694,58.63433092535259,49.17385301042525
2020-02-17,1682.45,1720.0,1663.6,1691.1,10877145,KOTAKBANK,1638.8125,45.550636586358046,1121.1771848831377,1.30593662014018,0.9948849861037196,1.0170894683933536,0.9837383951274319,1.240315850476774,2.252894933946723,4.087377368729415,12381431.15,0.8785046630090092,16077076.4,0.6765623754826469,447393142,1.1141993359869362,3.3351073265921647,56.40000000000009,50.700000000000045,5.7000000000000455,56.40000000000009,70.7792534602615,1.1478983372904055,1.9195419617296983,60.43467989486612,74.24867413081907,70.07979540170749,50.83253769351954
2020-02-24,1682.5,1740.0,1662.3,1678.25,9413609,KOTAKBANK,1644.9424999999999,41.870807802740764,1122.980981431569,-0.759860445863636,1.0025323998212423,1.036794279755698,0.9904960524355727,0.3227560990083951,1.2895425708568686,3.0735787551934775,12146445.75,0.7750093478991581,14310132.6,0.6578282160711775,437979533,1.0810189846917466,4.629822732012516,77.70000000000005,48.90000000000009,28.799999999999955,77.70000000000005,71.70201966555997,0.7954826225688411,-1.5082602189031347,56.71007707427213,64.69411092052604,68.38168514439401,49.44598597391895
2020-03-02,1676.2,1689.7,1584.2,1599.0,15316961,KOTAKBANK,1645.6174999999998,40.96103178633843,1125.4757728458894,-4.722180843140178,1.0482801751094435,1.056722951844903,0.9907442151344591,-3.0783133528618603,-3.0880864006751345,-1.586117938037416,12482099.7,1.2271141368947727,13203988.8,1.1600252947806196,422662572,1.0370182987199723,6.597873671044403,105.5,11.450000000000045,94.04999999999995,105.5,76.20841704348531,-1.138093889899228,-6.211508006334688,39.42117660233911,14.02439024390244,50.98905843174918,42.073249249670866
2020-03-09,1603.8,1676.5,1542.6,1578.15,19587515,KOTAKBANK,1643.7625,43.18818940345601,1128.489482626219,-1.3039399624765413,1.0162532078699742,1.0623198048347748,0.9774736241802109,-2.9601001388655988,-3.8143306066395306,-2.68422036414684,12970137.45,1.5102010349165575,13108010.4,1.4943164067065433,403075057,0.9866603423087856,8.484618065456393,133.9000000000001,77.5,56.40000000000009,133.9000000000001,83.90062810435396,-1.5192232160292765,-6.640440132513015,36.081908192575376,18.00911854103352,32.24253990182066,39.84623023046099
2020-03-16,1575.95,1604.9,1172.05,1383.7,30511617,KOTAKBANK,1633.2975000000001,71.92998144212572,1131.1089888361143,-12.321388968095558,1.1389390763893907,1.1598612415986125,0.8470405434704054,-11.619321160247054,-15.774219750483606,-15.688138447909092,13863469.95,2.2008643658509177,17141369.4,1.7799988021960487,372563440,0.9118469871972805,31.282069812820705,432.85000000000014,26.75,406.10000000000014,432.85000000000014,130.42721102377345,-3.470006456220543,-16.26879670811775,18.87591898666527,37.26560436658158,23.09970438383918,22.331270784418056
2020-03-23,1392.0,1402.95,1001.0,1098.25,42980367,KOTAKBANK,1609.6574999999998,139.45921991656977,1130.640665678557,-20.629471706294723,1.267470976553608,1.2774413840200318,0.9114500341452311,-27.08712630058964,-39.31328766055934,-41.94396000258669,15471720.8,2.777995256998174,23562013.8,1.8241380963795208,329583073,0.8097281232041814,36.599134987480085,401.95000000000005,19.25,382.70000000000005,401.95000000000005,166.630249553937,-3.667075581707289,-35.057063449825556,10.441845093542028,13.159675236806494,22.811466048140527,-2.8648063581825727
2020-03-30,1153.15,1450.0,1041.1,1293.7,36871462,KOTAKBANK,1593.4975,156.28623914489052,1132.610272429657,17.796494422945596,0.8913581201205845,1.1208162634304708,0.8047460771430779,-5.258012656011225,-15.656633690660874,-18.79103184672187,16622306.8,2.2181916411264893,29053584.4,1.2690847880373757,366454535,0.9012031843341681,31.60701862873928,408.9000000000001,351.75,57.15000000000009,408.9000000000001,198.93288294674542,-1.9182590971560993,-20.038321280672477,33.808043070718995,39.60757780784845,30.010952470412168,14.222873612542466
2020-04-06,1328.3,1330.0,1087.0,1140.85,25426986,KOTAKBANK,1569.1799999999998,185.8139231936961,1132.6783413094959,-11.814949370023974,1.1643073147214797,1.1657974317394926,0.952798352105886,-12.906920847369213,-26.701885440510896,-31.814329732300845,17427330.5,1.4590293103123282,31075589.4,0.8182302086923572,341027549,0.8431066549998257,21.299907963360653,243.0,36.299999999999955,206.70000000000005,243.0,204.80849855384605,-2.3051555698197075,-29.505360397936176,27.36542019109085,18.92422192151555,23.897158322056825,0.7214456560594904
2020-04-13,1221.0,1281.2,1160.35,1250.9,28305775,KOTAKBANK,1551.5425,198.66684839528952,1133.7556428739472,9.646316343077554,0.9760972100087936,1.024222559756975,0.9276121192741225,-1.9824982805559443,-13.332923269970308,-18.532933542919043,18406939.9,1.537777335818867,32819241.4,0.8624749930996273,369333324,0.9137361067819787,9.661044048285245,120.85000000000014,140.35000000000014,19.5,140.35000000000014,196.21403207999992,-1.51329979021869,-25.375093214019383,37.29275973207675,33.81596752368066,30.782589084348217,10.33241667746894
2020-04-20,1265.85,1270.95,1114.45,1177.75,35246653,KOTAKBANK,1528.78,214.30729253009576,1134.2492482005703,-5.847789591494134,1.0748036510295054,1.0791339418382508,0.9462534493738061,-5.544417801824066,-17.46173664195473,-23.73709136469339,19676490.9,1.7913078698397387,33766248.6,1.0438427264318606,334086671,0.831768426260156,13.288049246444492,156.5,20.049999999999955,136.45000000000005,156.5,190.9188278026666,-1.6379750584115278,-29.446474570179117,33.75447339881863,23.917456021650878,25.552548488949025,3.8352021716956397
2020-04-27,1150.0,1324.9,1108.2,1303.6,36877656,KOTAKBANK,1510.9975,217.64093587169282,1136.214177633098,10.685629378051352,0.8821724455354404,1.0163393679042652,0.8501073949064131,3.0965848081731036,-5.247376712880062,-10.808846840956077,20837573.75,1.7697672695699518,32545706.4,1.133103566619774,370964327,0.926770580750168,16.623197299785215,216.70000000000005,147.1500000000001,69.54999999999995,216.70000000000005,194.35631742897775,-0.9529342408372492,-22.914079593164217,44.25398454366296,40.94722598105547,32.893549842129,14.731889960710696
2020-05-04,1310.1,1380.0,1263.7,1277.8,24751452,KOTAKBANK,1489.69,218.61455843080466,1137.3082549353906,-1.979134703896901,1.0252778212552824,1.0799812177179529,0.9889654092972296,0.7600083246905942,-6.31921848908423,-11.95900115827813,21408765.25,1.1561363633523891,30121704.4,0.8217148562151085,346212875,0.8720937510060578,9.101580842072309,116.29999999999995,76.40000000000009,39.899999999999864,116.29999999999995,183.94880843844737,-0.9692401161245947,-23.861164903917775,42.65481334026203,37.45602165087956,34.10690121786197,12.353004953137408
2020-05-11,1297.0,1302.9,1184.25,1188.45,24637893,KOTAKBANK,1463.8674999999998,222.3260220315411,1137.69862716823,-6.992487087181088,1.0913374563507088,1.096301905843746,0.9964659851066515,-4.467365819742998,-12.267862018608987,-18.678273414989093,21903398.95,1.124843365919699,29963885.8,0.8222529335631095,321574982,0.8208984937626196,9.98359207370946,118.65000000000009,25.100000000000136,93.54999999999995,118.65000000000009,175.24230064665443,-1.2388001075327415,-25.67542213883677,37.27266368857356,25.365358592692832,34.58953540820929,4.460880203230271
2020-05-18,1178.0,1220.0,1110.0,1113.65,39545245,KOTAKBANK,1435.03,228.70938086300183,1137.4075582152789,-6.293912238630139,1.0577829659228661,1.0954967898352264,0.9967224891123782,-7.656050469760747,-16.978717819280895,-24.428690525186088,23543295.0,1.6796818372279667,32211779.8,1.227664079586189,282029737,0.7328485162000073,9.877430072284827,110.0,31.549999999999955,78.45000000000005,110.0,166.5433272271005,-1.4051894101908668,-29.433197097867758,33.22331117935467,15.243572395128565,26.021650879566987,-2.088746293593923
2020-05-25,1150.0,1189.55,1115.0,1160.2,22805530,KOTAKBANK,1410.4125,230.55399976840832,1137.5655452798337,4.1799488169532495,0.9912084123426995,1.0252973625237027,0.9610411997931391,-2.2244214248399987,-10.530215799819398,-17.816620930091677,24265021.5,0.9398520417548363,29723555.2,0.7672544501002356,304835267,0.8032458731643396,6.425616273056366,74.54999999999995,75.89999999999986,1.349999999999909,75.89999999999986,154.45755026348706,-1.0852663595137735,-16.152345161523453,38.055706474725135,21.542625169147502,20.717185385656297,1.9897275206764813
2020-06-01,1160.0,1279.2,1144.55,1248.4,40368540,KOTAKBANK,1388.2775000000001,223.32548848980753,1138.908966193766,7.60213756248922,0.9291893623838513,1.024671579621916,0.9168135213072732,3.33185211091564,-2.332464208552978,-8.70175689108832,25651632.15,1.5737220838012056,30421732.0,1.3269638954152907,345203807,0.9191836020946019,10.78580583146428,134.6500000000001,119.0,15.650000000000091,134.6500000000001,151.8165435616888,-0.6263391650719886,13.671750512178482,46.5172250391999,35.92275301292291,24.236316859066324,9.613677392685139
2020-06-08,1323.0,1428.2,1298.05,1336.75,46659154,KOTAKBANK,1374.22,216.8661395277852,1141.6423798822022,7.0770586350528575,0.9897138582382644,1.0684121937535067,0.971049186459697,6.480635459269155,3.7980079716000565,-1.390873781633396,27072173.45,1.7235097169488622,34803272.4,1.340654219630221,391862961,1.045384226540525,9.736300729380968,130.1500000000001,179.79999999999995,49.649999999999864,179.79999999999995,155.54767108679695,-0.17277939323118405,3.327664837288391,53.80982644697913,49.7039230199852,35.723100400685205,17.09008210941937
2020-06-15,1341.95,1360.0,1231.6,1248.9,31276556,KOTAKBANK,1355.7475,210.62169970864454,1142.6266076217205,-6.571909481952487,1.0745055648971094,1.0889582832892946,0.986147810072864,-0.06512960729279002,-2.5448768703638383,-7.812658860035682,27593617.25,1.133470676085427,36131005.0,0.8656431228525197,360586405,0.970517603225305,10.281047321643053,128.4000000000001,23.25,105.15000000000009,128.4000000000001,151.92798160855736,-0.5072957826653344,9.471008458605446,46.53052628698673,41.04984268918696,42.22550624069836,9.300797974543809
2020-06-22,1276.0,1385.0,1228.35,1355.35,33495184,KOTAKBANK,1339.7025,196.68274913985474,1144.696744503144,8.523500680598906,0.9414542369129746,1.0218762681226252,0.9062972663887556,5.196030365318684,4.722050673217296,0.6004275554110107,28265006.1,1.1850407490271158,34920992.8,0.9591704391634593,394081589,1.0682574010255603,11.557900173386955,156.6500000000001,136.0999999999999,20.550000000000182,156.6500000000001,152.55758406074975,0.07955705352111678,8.349988008633758,55.035115237876745,78.9198218262806,56.557862511817575,18.40253818388294
2020-06-29,1355.0,1398.0,1313.0,1355.65,30501903,KOTAKBANK,1324.02,180.88946421270188,1146.5497763260773,0.02213450400267991,0.9995205252093091,1.0312396267473167,0.9685390771954412,3.4780067400064776,4.065544549496075,0.5705555981441649,29272860.15,1.0419857452842716,36460267.4,0.8365792457133763,424583492,1.1528049262406828,6.270054955187549,85.0,42.65000000000009,42.34999999999991,85.0,143.54990618598313,0.17485816621584688,15.10507323285928,55.05835971778559,76.92589875275131,65.63185442273962,18.2373437238764
2020-07-06,1364.9,1381.25,1316.0,1367.9,24732515,KOTAKBANK,1307.8600000000001,159.54768021866795,1148.1152134137633,0.9036255670711535,0.9978068572264054,1.0097594853424958,0.962058630016814,2.8949288871456345,4.221145322981643,1.3392311001575232,29965628.65,0.8253627944495001,33333062.4,0.7419814808254762,449316007,1.2196388651672914,4.77008553256817,65.25,25.59999999999991,39.65000000000009,65.25,133.1099186945187,0.37631383870772794,4.932494630254691,56.126939661915735,82.32708089097305,79.39093382333499,19.143095049906783
2020-07-13,1370.0,1378.85,1324.1,1335.55,16778085,KOTAKBANK,1290.725,134.0384081837048,1149.0101687096592,-2.3649389575261415,1.0257946164501517,1.0324210999213808,0.991426753023099,0.36188497858633323,1.629572420547919,-0.9630067237617309,30333852.45,0.5531142154678741,27356848.6,0.6133047430031835,432537922,1.1749636159117618,4.099434689828161,54.75,10.949999999999818,43.80000000000018,54.75,122.66192953524956,0.33441907142440586,4.519486617624047,52.335203424263256,71.04687499999997,76.76661821457476,16.23482858292067
2020-07-20,1328.8,1337.9,1267.0,1319.05,19174022,KOTAKBANK,1276.7275,113.13937198615447,1149.9329723822514,-1.2354460709071202,1.0073916834085137,1.0142905879231265,0.9605397824191654,-0.5896589802504385,0.34204840903643285,-2.040457142711272,30526705.5,0.6281064951473391,24936341.8,0.7689187994688138,413363900,1.1242984712725874,5.375080550396126,70.90000000000009,2.3500000000001364,68.54999999999995,70.90000000000009,115.76033893054964,0.3740740226592317,10.98910345407884,50.33402424274379,65.89062499999997,73.08819363032433,14.706685665982633
2020-07-27,1325.1,1379.85,1310.15,1322.6,23558888,KOTAKBANK,1263.95,89.20505797555096,1151.0767019110306,0.2691330882074183,1.001890216240738,1.0432859519128987,0.9905867231211252,-0.21311037748846048,0.5224637320037289,-1.6193554951753033,30725274.15,0.7667592446852098,22949082.6,1.0265721035837834,436922788,1.182930595169674,5.269922879177365,69.69999999999982,60.799999999999955,8.899999999999864,69.69999999999982,109.61896040647633,0.657473929517253,18.7626273963992,50.80104933540547,66.99999999999996,67.97916666666663,14.901118040544512
2020-08-03,1330.1,1424.7,1300.1,1308.55,25381154,KOTAKBANK,1260.1925,85.39691427156843,1152.192509189443,-1.0623015272947178,1.0164686102938367,1.0887623705628369,0.9935424706736463,-0.8594040657044145,-0.46768634948293875,-2.4845793280798882,30468751.0,0.8330224629161859,21924932.8,1.1576388503229529,411541634,1.1083650269591707,9.521989988919042,124.60000000000014,102.10000000000014,22.5,124.60000000000014,111.6164323522795,0.5662675333469247,12.78658851922081,48.709395270911074,62.3978629792583,65.09616265975274,13.570431118368676
2020-08-10,1320.0,1380.0,1302.0,1360.2,17867174,KOTAKBANK,1273.2900000000002,79.10860722350304,1153.2249017507777,3.947117037942771,0.9704455227172474,1.0145566828407586,0.957212174680194,1.9803101552822933,2.8691215750104573,1.28975156365804,29213091.35,0.611615312667004,20551864.6,0.8693699743428632,429408808,1.14114505189737,5.734450816056462,78.0,71.45000000000005,6.5499999999999545,78.0,107.13424137197558,1.098616232168717,8.955462992630569,56.33527293543147,78.62979258328096,69.34255185417973,17.947505116738412
2020-08-17,1373.0,1385.0,1302.3,1327.55,15837458,KOTAKBANK,1274.9825,79.92613411440628,1153.9884719422967,-2.400382296721082,1.034235998644119,1.0432752062069226,0.9809800007532673,-0.2869356467603569,0.4116578872977996,-1.0431169669840221,28161391.15,0.5623819475267648,20363739.2,0.777728384971656,413571350,1.0922193871254353,6.229520545365527,82.70000000000005,24.799999999999955,57.90000000000009,82.70000000000005,103.87634252237883,0.6577010208545149,-0.6882363942397607,50.82365991747481,68.36895034569451,69.79886863607791,15.0401440116277
2020-08-24,1318.6,1396.5,1318.0,1387.25,19014993,KOTAKBANK,1287.3025000000002,77.10292757599984,1155.208767148595,4.497005762494832,0.950513606055145,1.0066678680843395,0.9500810956929177,2.685927113422608,4.026360329500102,3.029813826832708,27840791.5,0.6829903884018528,20331933.4,0.9352279798437664,432586343,1.128789777874856,5.658677239142188,78.5,68.95000000000005,9.549999999999955,78.5,100.49283018606167,1.2962867058644716,11.077748418608358,59.2375630346877,86.92528735632182,77.97467676176575,20.086519376419997
2020-08-31,1392.0,1501.5,1374.0,1401.35,32184411,KOTAKBANK,1294.825,80.62332740003387,1157.3691312796996,1.0163993512344538,0.9933278624183823,1.0714667998715526,0.9804831055767653,2.443383112996036,4.278874983061647,3.671709514873172,28034723.3,1.1480195704303597,22057038.0,1.4591447410119165,464770754,1.197856343610417,9.098369429478717,127.5,114.25,13.25,127.5,104.09378616125345,1.3212677203391523,3.393957280407278,61.05350662212097,71.9428491385348,75.74569561351704,21.080644206445307
2020-09-07,1419.85,1442.0,1354.0,1368.75,16401946,KOTAKBANK,1304.375,77.26802208444673,1158.3104134631355,-2.326328183537296,1.0373333333333332,1.0535159817351598,0.9892237442922375,0.07989524524663835,1.7134725369947135,1.2626393555764226,27092487.95,0.6054056766683917,20261196.4,0.8095250485800534,448368808,1.1388122253885138,6.429223744292237,88.0,40.65000000000009,47.34999999999991,88.0,101.94794800641967,0.8331389656854958,0.9663261166230175,54.568230416553256,51.40032948929162,70.08948866138273,18.167805804981818
2020-09-14,1371.9,1372.15,1300.0,1304.7,16948827,KOTAKBANK,1304.43,77.26783289312857,1158.980938186342,-4.6794520547945195,1.0515060933547942,1.0516977082854297,0.9963976393040546,-3.2169047204050214,-2.6670725388355287,-3.285837497930708,26096046.5,0.6494787246796176,20077527.0,0.8441690552825555,431419981,1.0874151849925213,5.5300068981375095,72.15000000000009,3.400000000000091,68.75,72.15000000000009,97.9748882722304,0.0034943389751001144,-4.620220776372541,43.97805167004859,27.951674903898997,50.43161784390846,12.573033516986905
2020-09-21,1308.1,1332.0,1262.5,1287.85,25014143,KOTAKBANK,1304.9325,77.11806784507985,1159.8462512920364,-1.2914846324825757,1.0157238808867493,1.0342819427728385,0.9803160305936252,-3.0449175440786163,-3.4374430527637383,-4.25077674800716,26109181.05,0.9580592724106143,21912864.0,1.1415277802116601,406405838,1.016653514332288,5.396591217921342,69.5,27.299999999999955,42.200000000000045,69.5,94.17823650259969,-0.22151099576712033,-3.5715622777133027,41.531418482881136,21.78290316675818,33.71163585331626,11.036268692110776
2020-09-28,1288.05,1301.5,1230.6,1278.7,18222078,KOTAKBANK,1309.4450000000002,72.44215460046968,1160.4247876060385,-0.7104864696975466,1.0073121138656447,1.0178306092124814,0.9623836709157737,-2.521517718068692,-3.5808093278900075,-4.580367507633479,25788390.3,0.7066000548316503,21754281.0,0.8376318206057924,388183760,0.9630462132154998,5.544693829670766,70.90000000000009,13.650000000000091,57.25,70.90000000000009,91.07447163558642,-0.424407586571159,-3.05901974906182,40.13248201216956,17.755629383536405,22.49673581806452,10.19240657879808
2020-10-05,1286.8,1333.7,1252.0,1314.6,12322745,KOTAKBANK,1319.4924999999998,55.904663384715754,1160.9306292883095,2.8075389067021117,0.9788528830062376,1.0145291343374412,0.9523809523809524,0.1854735503349815,-0.6447029324985133,-1.5807137311806112,24427265.3,0.5044668262558232,17781947.8,0.6929918554816588,400506505,0.9792265750826403,6.214818195648871,81.70000000000005,55.0,26.700000000000045,81.70000000000005,89.82454208417491,-0.08751506052959311,-0.6048691970361397,48.05378140349045,31.007751937984484,23.51542816275968,13.236740149227948
2020-10-12,1325.0,1358.2,1305.6,1312.9,21126558,KOTAKBANK,1327.1275,41.60262667252078,1161.7806731836922,-0.12931690247982575,1.0092162388605377,1.0345037702795339,0.9944397897783531,0.037486241282840574,-0.6643046310104458,-1.5695577843647608,24343316.7,0.8678586513233836,18726870.2,1.1281414232261833,379379947,0.9191961513591456,4.00639805011807,52.600000000000136,43.600000000000136,9.0,52.600000000000136,84.86126980628494,-0.34198561816764955,0.3324290244927752,47.708870684992355,30.380214101144393,26.38119847422175,13.007560747433264
2020-10-19,1319.65,1380.0,1301.25,1376.7,18056298,KOTAKBANK,1333.5425,38.60812661590819,1162.8032347651622,4.8594713991926275,0.9585603254158496,1.0023970363913706,0.9451950315972979,3.1133462561101415,3.4292154841990885,2.8759959464651463,23227704.6,0.7773604112392577,18948364.4,0.9529211925014489,397436245,0.9568897016246357,5.7202004794072785,78.75,67.09999999999991,11.650000000000091,78.75,84.04643383211362,1.1178346058940167,1.21305690339657,60.10785641046408,53.931339977851636,38.43976867232683,18.39492347800667
2020-10-26,1371.7,1429.0,1347.35,1416.9,21527093,KOTAKBANK,1337.55,42.88181125888506,1164.2364560755382,2.92002614948792,0.9680993718681629,1.0085397699202483,0.9509139671112992,3.9081298566291784,5.287801915911127,5.162280319387653,21971101.55,0.9797912476536708,18250954.4,1.1795050564588558,418963338,1.0054393685273646,5.762580280894918,81.65000000000009,52.299999999999955,29.350000000000136,81.65000000000009,83.72690932116515,1.850434896999807,6.730443297804234,65.97365009432677,68.77076411960137,51.027439399532454,21.702081446251203
2020-11-02,1452.5,1604.8,1452.5,1580.7,57612740,KOTAKBANK,1354.1399999999999,65.17049824963628,1170.4296881660503,11.560448867245388,0.9188966913392801,1.0152464098184348,0.9188966913392801,9.243765080389645,12.94487245324647,13.740683707109937,23287910.75,2.4739333905253824,26129086.8,2.2049274221095243,476576078,1.1280007173867148,9.634971847915477,152.29999999999995,187.89999999999986,35.59999999999991,187.89999999999986,97.61665474500978,3.4764196390237756,13.944854928816008,79.88170379971389,93.55959380010692,72.08723263251996,35.052965247045606
2020-11-09,1581.0,1751.8,1570.2,1728.15,27591054,KOTAKBANK,1372.78,106.03616736507557,1174.3735763020004,9.328145758208395,0.9148511413939762,1.0136851546451406,0.9086016838816074,11.324873212229607,17.462253964485576,19.342161950357102,22992704.25,1.1999916886679391,29182748.6,0.945457687285837,504167132,1.1779591259689826,10.508347076353319,181.5999999999999,171.0999999999999,10.5,181.5999999999999,108.8144341123418,3.3514036656614015,23.320369643558013,85.87744672085707,95.46239447429012,85.93091746466614,47.15504800795954
2020-11-16,1731.0,1818.45,1720.35,1770.55,31888770,KOTAKBANK,1393.525,138.2122971336055,1179.2065827026345,2.453490727078078,0.9776623083222727,1.027053740363164,0.9716472282624043,8.965605656138703,16.661841569193946,19.500895621869176,23062047.6,1.3827380184576499,31335191.0,1.0176663675035522,536055902,1.2363649897653493,5.540651210075973,98.10000000000014,90.29999999999995,7.800000000000182,98.10000000000014,107.3858428973629,2.7278687050222574,29.355251141552507,87.14826260558415,91.85166283915963,93.62455037118555,50.14756752307641
2020-11-23,1771.8,1905.3,1764.5,1897.85,40279466,KOTAKBANK,1420.0224999999998,178.08851397328039,1186.4907098275924,7.1898562593544435,0.9335827383618305,1.0039254946386702,0.9297362805279659,10.047879826988915,19.07299173440757,22.82540849629428,23839395.15,1.6896177837800554,35779824.6,1.1257591799373996,576335368,1.3100760600678956,7.41892141107042,140.79999999999995,134.75,6.0499999999999545,140.79999999999995,111.84106384438118,2.6830899384768365,45.46255844255383,90.2024589791718,98.89580554320439,95.4032876188847,59.95489760520538
2020-11-30,1896.0,1948.4,1846.95,1907.1,101353750,KOTAKBANK,1448.6,207.2844822434815,1204.4125411262692,0.4873936296335257,0.994179644486393,1.021655917361439,0.9684599653924808,6.989449506109054,16.684724314319606,21.266417451523836,28068178.4,3.6109842454186483,51745156.0,1.9587099128660468,677689118,1.4987064923070603,5.319595196895813,101.45000000000005,50.55000000000018,50.899999999999864,101.45000000000005,110.45558866513036,2.211935958917728,48.08401599565166,90.39386043737467,94.24630816383392,94.9979255153993,58.342755067680905
2020-12-07,1930.0,1930.0,1802.4,1820.55,29897941,KOTAKBANK,1473.675,220.68777211970487,1208.8998613767137,-4.538304231555768,1.0601191947488398,1.0601191947488398,0.990030485292906,1.7117827590931607,10.90617250195455,16.06309594810233,28604374.35,1.0452226863685972,46202196.2,0.6471108185112637,647791177,1.3963904514247285,7.00887094559336,127.59999999999991,22.90000000000009,104.69999999999982,127.59999999999991,112.74151017644631,1.5717907551844286,42.375068428873064,74.64940187603442,82.18863193089996,91.77691521264607,50.59560002982626
2020-12-14,1832.3,1946.9,1817.25,1939.35,21942865,KOTAKBANK,1504.5125,240.6536367101961,1212.7834827545123,6.525500535552431,0.9448010931497667,1.0038930569520716,0.9370407610797432,5.155124518375418,14.026157076973513,19.437799718612546,28523573.2,0.76928878602068,45072558.4,0.4868342463559823,669734042,1.408351672979883,6.685229587232841,129.6500000000001,126.35000000000014,3.2999999999999545,129.6500000000001,114.99597548625349,1.8069018442619549,47.52396166134185,80.13055374156406,98.7392031206464,91.72471440512675,59.90900499364377
2020-12-21,1948.0,1969.0,1907.6,1920.85,17680153,KOTAKBANK,1535.1275,253.04038915962337,1215.8038277605447,-0.9539278624281278,1.0141343675976782,1.0250670276179816,0.9931020121300466,2.8277726821325047,11.312682730738361,17.106735114107625,28138523.15,0.6283255487770687,42230835.0,0.41865506566469735,652053889,1.3373538074920794,3.196501548793508,61.40000000000009,29.65000000000009,31.75,61.40000000000009,107.8498454214197,1.5243515127408287,46.30588772945386,77.13392958499627,93.47914409534127,91.46899304896253,57.99012605003212
2020-12-28,1930.0,1996.1,1886.1,1988.9,13494796,KOTAKBANK,1566.5624999999998,268.7305439101857,1218.3127351352866,3.5427024494364634,0.9703856403036855,1.0036200915078686,0.9483131379154306,4.101673339190583,12.297522660769614,18.281009334442423,27919904.25,0.4833396232008926,36873901.0,0.36597147668211183,665548685,1.3327574179881532,5.530695359243802,110.0,75.25,34.75,110.0,108.13653269856376,1.5716021478420132,44.46865693324617,80.2661372215272,99.05943827563686,97.09259516387483,63.25036607116679
2021-01-04,1983.0,2027.0,1955.0,1965.55,12852653,KOTAKBANK,1598.4625,276.61657382462613,1220.61521487925,-1.1740157876213075,1.0088779222100686,1.0312635140291522,0.9946325455979242,1.9749580199998735,9.64769998364892,15.86770005503116,27770664.0,0.46281403282254974,19173681.6,0.6703278623339609,652696032,1.2764587094815139,3.66309684312279,72.0,38.09999999999991,33.90000000000009,72.0,103.31832833875525,1.3270625650678904,38.72185757639917,76.13698093208563,92.07096774193548,94.86985003763785,61.029452692382094
2021-01-11,1959.5,1984.0,1935.0,1938.15,16393480,KOTAKBANK,1626.0075,281.8566438882514,1223.4242366552917,-1.3940118541883928,1.0110156592626989,1.0236565797280912,0.9983747387973066,0.39277274246429283,7.1746046647699275,13.455113393133988,27639588.35,0.5931159246081897,16472789.4,0.9951854298580421,636302552,1.2200940670709466,2.5281840930784507,49.0,18.450000000000045,30.549999999999955,49.0,96.07588456025455,1.1074512762727575,22.61339912696907,71.17913263020368,87.75749224939719,92.9626327556565,58.42010824460129
2021-01-18,1929.8,1930.1,1838.85,1846.95,24142140,KOTAKBANK,1648.2875,280.7730694814834,1226.9984011745548,-4.705518148750098,1.0448577384336337,1.045020168385717,0.9956143912937545,-3.0171354608743672,2.2208629815288514,8.416502353065372,27237474.8,0.8863574974285061,16912644.4,1.4274609829791018,612160412,1.1574464819938293,4.940577709196242,91.25,8.050000000000182,99.30000000000018,99.30000000000018,96.50576661888731,0.7075553947067622,6.874403263605577,56.93937858772784,75.19118153634172,85.00654717589146,50.52586851229726
2021-01-25,1856.1,1904.9,1775.0,1794.4,24424137,KOTAKBANK,1669.5700000000002,274.53171296055024,1230.2698708202904,-2.8452313273234275,1.0343847525635308,1.0615804725813642,0.9891885867142219,-4.02269963570438,-0.5508457023113046,5.256559724278091,27638584.35,0.8836971058541209,18261441.2,1.3374703963671828,587736275,1.0968152887475953,7.239188586714226,129.9000000000001,57.950000000000045,71.95000000000005,129.9000000000001,100.95833106970234,0.4547015667291516,1.3470390556606704,50.255083907871274,65.77650261163836,76.24172546579241,45.8541774093494
2021-02-01,1798.0,1823.45,1696.05,1801.5,23898140,KOTAKBANK,1694.4099999999999,261.96830493301104,1233.4744065453474,0.3956754346856828,0.9980571745767416,1.0121842908687206,0.9414654454621149,-2.4084863451967697,-0.13247890007253213,5.16079556210985,27986050.0,0.8539304403443858,20342110.0,1.1748112658912964,611634415,1.1225372010420314,7.071884540660565,127.40000000000009,29.049999999999955,98.35000000000014,127.40000000000009,104.48388692707537,0.40878991077712457,-5.076797428669277,51.14910734410381,60.74847693646649,67.23872036148218,46.05086173174439
2021-02-08,1830.0,2030.0,1800.05,1957.15,40092217,KOTAKBANK,1727.875,249.76447984999447,1240.2216400972786,8.640022203719134,0.9350330838208619,1.0372224918887156,0.9197302199627008,3.8239657492197003,6.712240872779003,11.644649330938266,28739953.7,1.3949993593761427,25790022.8,1.5545630692501753,651726632,1.169784608351167,11.749227192601488,229.95000000000005,228.5,1.4500000000000455,229.95000000000005,121.21270200346534,0.9179647968265939,2.6244035446489455,66.41649913722384,84.15615484993478,70.22704479934653,57.806470772957006
2021-02-15,1960.0,1999.0,1937.0,1985.95,11959829,KOTAKBANK,1763.2375,232.27683226962623,1242.289976384298,1.4715274761770925,0.986933205770538,1.006571162415972,0.9753518467232307,3.4791324273304363,6.912932878108456,11.848803671563735,28426841.25,0.4207231079534734,24903292.6,0.4802509126845339,663686461,1.1625082965661602,3.121931569274151,62.0,41.84999999999991,20.15000000000009,62.0,113.31767506966996,0.9588235633482212,9.08516657054188,68.51716713773396,86.80940260518042,77.23801146386056,59.862032033787706
2021-02-22,2000.0,2049.0,1921.6,1949.6,20002574,KOTAKBANK,1794.9875,210.0616619214752,1245.5558644267392,-1.83035826682445,1.0258514567090686,1.0509848173984409,0.9856380796060731,1.119676871856396,4.437718674576234,9.354801333904476,28810832.7,0.6942726789010857,24075379.4,0.8308311020843144,643683887,1.103960464633336,6.534673779236772,127.40000000000009,63.049999999999955,64.35000000000014,127.40000000000009,115.19531839371398,0.7360338796986042,0.5285275994534322,62.7967408715843,71.83737073239833,80.93430939583783,56.524492853421194
2021-03-01,1965.0,1965.2,1773.0,1845.4,26676474,KOTAKBANK,1821.6125,176.86560231683384,1249.2270495691237,-5.3446860894542425,1.0648097973339112,1.0649181749214263,0.9607673133196054,-2.9757154620963027,-0.8212963532704417,3.88349985036587,29088328.5,0.9170851463672105,24525846.8,1.0876881935020486,617007413,1.0370757005774012,10.415086160182076,192.20000000000005,15.600000000000136,176.5999999999999,192.20000000000005,125.46260927455211,0.13449477845549435,-3.927948564437611,49.208080886371945,42.314775463946766,66.98718293384182,47.72334625931331
2021-03-08,1845.0,1947.85,1820.1,1915.85,20841277,KOTAKBANK,1848.5700000000002,143.40719023301472,1252.3993360692757,3.8176005202124053,0.9630190254978208,1.0167027690059243,0.950022183365086,0.5406180672625567,2.473820143841281,6.799754541609765,29227577.45,0.7130689170408819,23914474.2,0.8714921693741442,637848690,1.050873719400139,6.668058564083827,127.75,102.44999999999982,25.300000000000182,127.75,125.76759470461182,0.46915360304235826,-3.6728845090250983,56.54394113259745,62.275109788921924,58.80908532842233,52.97437046022403
2021-03-15,1917.8,1999.35,1893.1,1918.65,15943634,KOTAKBANK,1873.6575,101.75599979078814,1254.8159909294084,0.14614922880185066,0.9995569801683475,1.0420608240168867,0.9866833450603287,0.4571767038160468,2.2424107676506138,6.35778660012569,28948404.5,0.5507603709213059,19084757.6,0.8354119205580058,653792324,1.0567001094498474,5.5377478956558,106.25,83.5,22.75,106.25,123.16524874399693,0.44216065974001845,-2.3861005825341453,56.82987439506296,63.068423289417794,55.886102847428816,52.90289682863444
2021-03-22,1925.1,1941.7,1805.0,1822.65,14898906,KOTAKBANK,1885.7549999999999,76.28963663497545,1256.7341996401083,-5.003518098663118,1.056209365484322,1.0653169835130167,0.9903162976984061,-3.1905331677222226,-2.4913169195467346,1.3067987026053125,26812712.8,0.5556657437512253,19672573.0,0.7573440444216423,638893418,1.01924968630812,7.500068581461061,136.70000000000005,23.049999999999955,113.65000000000009,136.70000000000005,124.96988224479735,-0.8271765705470527,-5.959291076542062,45.09231112561597,35.86910327241822,53.73754545025264,45.030667624224236
2021-03-29,1844.0,1844.0,1745.0,1771.05,14720787,KOTAKBANK,1887.9,72.11392485433444,1258.4451358998397,-2.83104271253396,1.0411902543688774,1.0411902543688774,0.9852912114282488,-4.131344034385976,-4.694938248937982,-1.437932149085803,26169199.45,0.562523398093479,18616215.6,0.7907507796589979,624172631,0.9863235469176862,5.589904294062844,99.0,21.34999999999991,77.65000000000009,99.0,121.50723127882438,-1.6203527992136018,-4.109477787704052,39.97213426111784,21.249468763280916,40.06233177503896,40.73319125935728
2021-04-05,1782.1,1813.25,1734.4,1759.2,15624847,KOTAKBANK,1887.3324999999998,73.1236052948543,1260.207043479357,-0.6690946048953927,1.0130172805820827,1.0307241928149158,0.9859026830377444,-3.22184964836263,-4.628712914530117,-1.9444514106327768,25356003.3,0.6162188423441324,16405890.2,0.9523925132694111,608547784,0.9561565151677895,4.482150977717139,78.84999999999991,42.200000000000045,36.649999999999864,78.84999999999991,115.81960044164778,-1.7522727371460223,-1.961658493089613,38.804567113536464,17.892052698682555,25.003541578127223,39.59610915544108
2021-04-12,1776.0,1823.7,1723.3,1742.5,15389197,KOTAKBANK,1879.5649999999998,79.88588094078983,1261.872627837948,-0.9492951341518951,1.0192252510760402,1.0465997130559541,0.9889813486370158,-2.807413831238471,-4.8269719660133905,-2.67802334468852,24111489.85,0.638251601030784,15315474.2,1.0048136152388936,593158587,0.9307467383429936,5.761836441893836,100.40000000000009,64.5,35.90000000000009,100.40000000000009,113.76365371609477,-1.7157600114792533,-3.275048570635586,37.04502197174766,13.160504320725327,17.434008594229592,38.08842204506359
2021-04-19,1745.8,1809.5,1675.0,1700.75,13443330,KOTAKBANK,1869.2475,88.95325128670395,1263.1926511377144,-2.3959827833572422,1.0264883139791268,1.063942378362487,0.984859620755549,-3.554086374024433,-6.3430832535789,-4.765349231188068,19715968.85,0.6818498295608739,14815413.4,0.907388112437011,579715257,0.916698723968869,7.908275760693812,134.5,67.0,67.5,134.5,116.52849988728214,-1.8942253100667235,-13.100682114298856,32.760032059729,6.885026737967914,12.64586125245859,34.63900367597869
2021-04-26,1725.0,1783.0,1669.2,1759.65,12053964,KOTAKBANK,1866.2024999999999,91.70767699456052,1264.527935362748,3.4631780097016174,0.9803085840934276,1.013269684312221,0.9485977325036229,-0.05857695209162627,-2.385863508664128,-1.1537021924044608,18823770.0,0.6403586529159674,14246425.0,0.8461044788429378,591769221,0.9399228017214649,6.467195180859828,113.79999999999995,82.25,31.549999999999955,113.79999999999995,116.16469990231118,-1.1618711049274508,-11.395050227850644,43.41450123169764,23.815165876777268,14.620232311823493,39.15469566081348
2021-05-03,1750.0,1845.45,1685.0,1725.45,20883706,KOTAKBANK,1855.5075000000002,95.13666385370206,1266.6657887517479,-1.9435683232461032,1.0142281723608333,1.0695470746761715,0.9765568402445739,-1.3612197528173415,-3.7844958324018965,-2.895439483975655,18770812.05,1.1125627353985466,15479008.8,1.3491630032538,570885515,0.9139271550742597,9.299023443159758,160.45000000000005,85.79999999999995,74.65000000000009,160.45000000000005,122.06940658200304,-1.3670597089677028,-11.497230201066877,39.247921475966244,14.810426540284363,15.17020638500984,36.21983125480692
2021-05-10,1751.0,1813.25,1721.9,1809.35,11990269,KOTAKBANK,1849.9325000000001,94.3699247851196,1268.1071205625203,4.862499637775652,0.9677508497526737,1.0021554701964794,0.9516677259789428,2.225949789519733,0.8811570055460177,1.7195265042748438,18486317.85,0.648602339161879,14752093.2,0.8127842494921331,582875784,0.9383180906081994,5.048774421753664,91.34999999999991,87.79999999999995,3.5499999999999545,91.34999999999991,117.97348570440263,-0.43003637114691573,-1.953506014956119,52.22623153219484,36.90100052659292,25.175530981218174,42.68116396960135
2021-05-17,1776.6,1794.4,1701.1,1744.15,13287139,KOTAKBANK,1837.6950000000002,91.21715400193241,1269.504096976149,-3.6035040207809343,1.0186050511710574,1.028810595418972,0.9753174898947911,-0.9527000729419205,-2.4206692111255097,-1.7915375165741276,18475935.0,0.7191592198175627,14331681.6,0.9271165359967249,569588645,0.9240657040734386,5.3493105524180935,93.30000000000018,14.949999999999818,108.25,108.25,116.67702094381562,-1.02551982709325,-8.962079494741227,43.83036326179497,19.734070563454466,23.81516587677724,37.388292338277395
2021-05-24,1768.0,1778.9,1705.1,1757.0,17535513,KOTAKBANK,1827.2675000000004,87.68392440285683,1271.3848088286245,0.7367485594702128,1.006260671599317,1.0124644280022768,0.9704610130904952,-0.14291475326187916,-1.432804392837418,-0.9598184288968149,18710078.0,0.9372228699420708,15150118.2,1.157450573553941,587124158,0.9576077510343425,4.200341491178155,73.80000000000018,34.75,39.05000000000018,73.80000000000018,110.96008481797355,-0.8013726629885078,-8.425194798425984,45.81138136862194,23.11743022643496,26.584167105494103,38.19576793738722
2021-05-31,1770.4,1813.0,1725.7,1807.7,15944531,KOTAKBANK,1820.7450000000001,83.76597710917193,1273.2595610503693,2.8856004553215797,0.9793660452508713,1.0029319024174366,0.9546384909000387,1.7771749658014355,1.210328522487752,1.7157893651560638,18687630.55,0.8532130896605294,15928231.6,1.0010233025491668,603068689,0.9862865832803114,4.8293411517397775,87.29999999999995,56.0,31.299999999999955,87.29999999999995,107.80540684224374,-0.1557314849082291,-0.8202342742709812,53.30824730938692,41.95062850219599,28.267376430695133,41.974194052683714
2021-06-07,1815.0,1827.95,1770.0,1814.9,11437641,KOTAKBANK,1819.1425,83.5445489024716,1274.6143508628672,0.39829617746307555,1.0000550994545154,1.0071904788142596,0.9752603449225852,1.444560466390889,1.3733511661883575,1.9302237400278592,18052405.6,0.633579881453583,14039018.6,0.8147037428955326,614506330,1.0047994814865566,3.19301338916745,57.950000000000045,20.25,37.700000000000045,57.950000000000045,101.15801926327792,-0.050781290410131415,2.4759323565116897,54.34326776546637,44.13145539906107,36.399838042564,42.38816617523404
2021-06-14,1815.0,1816.5,1759.5,1768.05,9388164,KOTAKBANK,1817.825,84.16077267882237,1275.6253361715542,-2.581409444046512,1.0265546788835158,1.0274030711801136,0.9951641639093918,-0.7779822250679983,-1.0629167574372633,-0.6127374921739579,17300606.95,0.5426494010951448,13518597.6,0.6944628635147776,605118166,0.9880444909628473,3.2238907270721984,57.0,1.599999999999909,55.40000000000009,57.0,95.27028336150752,-0.5914275548532972,0.5030695770804838,46.58936189600094,29.94093593820989,38.67433994648897,38.60260923527324
2021-06-21,1775.8,1784.15,1731.3,1772.05,11117719,KOTAKBANK,1816.3525000000002,84.71722542019664,1276.8269093726449,0.22623794575944434,1.0021161931096751,1.0068282497672187,0.9770040348748624,-0.3669992280245904,-0.7155344566963837,-0.353491518929103,16661585.9,0.6672665535397804,13084713.6,0.8496723229769432,616235885,1.0058197880690274,2.9824214892356387,52.850000000000136,16.100000000000136,36.75,52.850000000000136,89.6142455799732,-0.5229455967220391,1.6958393113342796,47.32971473823595,37.74311926605501,37.27183686777531,38.78545220124454
2021-06-28,1780.0,1785.0,1720.9,1733.05,25847637,KOTAKBANK,1805.1475000000003,79.79166536577462,1279.3798589225707,-2.2008408340622454,1.0270909667926489,1.0299760537780214,0.9929892386255447,-1.7504172728315244,-2.5560038251252415,-2.394163041425112,15949356.9,1.6206068471638502,14747138.4,1.7527222094830275,590388248,0.9684793292172216,3.6986815152476793,64.09999999999991,12.950000000000045,51.149999999999864,64.09999999999991,86.2123461693101,-0.9035718162980642,1.8991621343524834,40.944708989427035,36.226950354609876,34.63700185295826,35.4601596948296
2021-07-05,1737.8,1743.5,1698.45,1731.1,26335369,KOTAKBANK,1792.405,69.02080140303659,1281.9407076285916,-0.1125183924295392,1.0038703714401247,1.0071630755011265,0.9811391600716308,-1.2433561144862466,-2.2898812955263628,-2.3003796645851273,16668133.9,1.5799830477723724,16825306.0,1.5652237766136319,564052879,0.9329021796760824,2.602391542949567,45.049999999999955,10.450000000000045,34.59999999999991,45.049999999999955,80.72403334673541,-0.8882104923995121,-1.6224817435285477,40.6284986323028,35.120567375886445,36.3635456655171,35.03744671641556
2021-07-12,1729.0,1768.5,1714.95,1731.95,12061650,KOTAKBANK,1781.5224999999998,59.42244497752402,1283.1061132132975,0.04910172722547568,0.9982967175726781,1.0211033805825802,0.9901844741476371,-0.7957788503467681,-1.9197255829815325,-2.062658641559912,16271087.7,0.7412934047426959,16950107.8,0.7115972442369953,576114529,0.9582054677204302,3.0918906434943243,53.549999999999955,37.40000000000009,16.149999999999864,53.549999999999955,77.10082890050401,-0.8342386453258545,0.3767133211626028,40.85822185532412,35.60283687943262,35.65011820330964,34.98104187678271
2021-07-19,1743.0,1762.0,1712.0,1722.8,10160566,KOTAKBANK,1775.3925,58.80653891990615,1284.063242958195,-0.5283062444065956,1.0117250986765731,1.022753656837706,0.9937311353610402,-0.8874116476503775,-2.1094573900186777,-2.387665330505884,15445292.3,0.6578422604536918,17104588.2,0.5940257597081466,565953963,0.9453197098868484,2.9022521476665895,50.0,30.049999999999955,19.950000000000045,50.0,73.48738504710349,-0.89433081704792,-4.783485782186969,38.984649052284624,30.411347517730448,33.71158392434983,34.16784643963903
2021-07-26,1722.8,1750.0,1673.35,1740.6,9937007,KOTAKBANK,1766.6299999999999,49.01801602205479,1285.0331056130274,1.0332017645693137,0.9897736412731243,1.0054004366310467,0.9613638975066069,0.09619947658965307,-0.9130709565786189,-1.228894640993094,14900078.8,0.6669096944641661,16868445.8,0.5890884742920417,575890970,0.9669208826231868,4.40365391244399,76.65000000000009,27.200000000000045,49.450000000000045,76.65000000000009,73.90906704082303,-0.5310292441923442,-0.20353753977583322,44.678806448960316,40.51063829787226,35.508274231678435,35.451763257853464
2021-08-02,1752.0,1753.0,1626.0,1665.1,18161128,KOTAKBANK,1753.9524999999999,39.49445822219499,1286.5030429792437,-4.3375847408939405,1.0521890577142514,1.0527896222449102,0.9765179268512402,-2.955800528916415,-4.704629309447279,-5.333971640003526,15010953.5,1.2098583877433235,15331144.0,1.1845905302304902,557729842,0.944041521306252,7.627169539367006,127.0,12.400000000000091,114.59999999999991,127.0,80.98785810204663,-2.2497460150008304,-5.230506545247582,30.670490428568897,17.81727044884935,29.57975208815068,29.42837633279228
2021-08-09,1665.0,1793.0,1665.0,1780.9,21523747,KOTAKBANK,1751.8650000000002,36.67503130270204,1288.7588581833281,6.954537265029148,0.9349205457914537,1.0067943174799259,0.9349205457914537,2.492483777603561,1.8030955793648649,1.3889251710058514,15342195.55,1.4029117885933868,14368819.6,1.4979481682684639,579253589,0.9854477118596766,7.1873771688472115,128.0,127.90000000000009,0.09999999999990905,128.0,87.25614368844042,0.7916830325339271,-1.4825468827792232,55.41147536170349,76.7021539985145,45.01002091507869,38.1872170027532
2021-08-16,1785.0,1824.9,1762.0,1782.35,12732019,KOTAKBANK,1752.4299999999998,37.071046298772764,1290.0874876918654,0.08141950699083189,1.0014868011333353,1.0238729766880805,0.9885824894100486,1.7145395534113774,1.6139845471865044,1.3467194624833942,15242757.15,0.8352832020288403,14502893.4,0.8778950964364117,591985608,1.009872813876378,3.5290487278031866,62.90000000000009,44.0,18.90000000000009,62.90000000000009,84.00865786331505,0.8070988813981917,-1.7934872444762884,55.640191007137666,77.42015350334235,57.313192650235386,38.157296850375346
2021-08-23,1779.0,1795.0,1697.0,1716.85,12919401,KOTAKBANK,1750.3125,37.86500562943745,1291.2499618177962,-3.67492355597947,1.0362000174738621,1.045519410548388,0.9884381279669162,-1.356783421955808,-1.8339140913327914,-2.2156090236222363,15107484.85,0.8551655770814822,15054660.4,0.85816621941203,579066207,0.9903238184210882,5.708128258147188,98.0,12.650000000000091,85.34999999999991,98.0,85.87417014820637,-0.8837315469454279,-2.8958457057209896,43.90248816871964,44.98638276801183,66.36956342328956,32.96031370897795
2021-08-30,1725.0,1739.55,1688.9,1735.85,18226926,KOTAKBANK,1749.9800000000002,37.966281439157676,1292.9520097791237,1.106677927599975,0.9937494599187718,1.0021315205806953,0.9729527320909066,-0.16491195206377338,-0.6165223662535356,-1.0053937011773408,15249371.3,1.1952575382566755,16712644.2,1.090606954942534,597293133,1.02113463925466,2.9178788489788787,50.649999999999864,22.700000000000045,27.949999999999818,50.649999999999864,81.17761412844551,-0.37217234515432246,-2.0428317485398306,47.60219888848111,54.39465214161916,58.9337294709911,34.254789572316525
2021-09-06,1744.05,1811.45,1738.0,1774.55,24269872,KOTAKBANK,1753.67,36.48727391702871,1295.3944999862226,2.229455310078632,0.9828125440252459,1.0207940041137191,0.9794032289876307,1.3463460550599986,1.3523636095455103,1.097586279240963,15790698.4,1.536972677535276,17934393.0,1.3532586243649283,621563005,1.0588388765950794,4.139077512608833,73.45000000000005,75.60000000000014,2.150000000000091,75.60000000000014,80.4339322446528,0.5722543166003731,2.394622197859264,54.63390677455211,73.55781133944042,57.6462820830238,36.989156586574474
2021-09-13,1774.55,1849.8,1746.0,1840.05,25086934,KOTAKBANK,1757.69,41.29332684716525,1298.2348991211043,3.6910766109717885,0.9644031412189886,1.0052987690551887,0.9488872584984104,3.2387374951791883,4.16906536390035,4.233351405763326,16442346.9,1.525751412044469,18647030.4,1.3453581327351727,646649939,1.0964493779451343,5.641151055677832,103.79999999999995,75.25,28.549999999999955,103.79999999999995,83.54940794536574,1.9945111302082905,6.2936860955461915,64.0543672769116,95.64343163538874,74.5319650388161,41.734750871795285
2021-09-20,1850.0,2037.2,1845.15,2001.45,33630464,KOTAKBANK,1771.4899999999998,67.65561321872404,1303.1169839971449,8.771500774435491,0.9243298608508831,1.01786205001374,0.921906617702166,7.361142814127919,10.197444876540862,10.959777527789148,17079684.8,1.9690330585023441,22826719.4,1.473293792712062,680280403,1.1428731826146936,9.595543231157407,192.04999999999995,197.1500000000001,5.100000000000136,197.1500000000001,98.69615355265033,3.398978873438954,15.560495395363617,77.39845748582005,91.30593385214007,86.83572560898973,53.58943399393107
2021-09-27,2017.0,2058.0,1978.8,2033.35,12712756,KOTAKBANK,1782.6899999999998,89.32402223013713,1305.028364715285,1.5938444627644932,0.9919590823026041,1.0121228514520373,0.973172351046303,5.876331926897739,9.94825964814687,11.326952814441254,17115809.15,0.7427493429371407,22785390.4,0.55793452632701,692993159,1.1535603611191172,3.8950500405734405,79.20000000000005,56.549999999999955,22.65000000000009,79.20000000000005,96.09666641229695,2.806188007904436,18.025888089157192,79.1625541559464,94.29398148148145,93.74778232300339,55.80887396601614
2021-10-04,2040.0,2077.8,1971.9,1990.95,17309360,KOTAKBANK,1795.03,100.11525516019582,1307.4642481404612,-2.085228809599915,1.0246364800723273,1.0436223913207263,0.9904317034581481,2.581226558027574,6.883272704226384,8.651994213720661,17316920.2,0.9995634212138946,22601877.2,0.7658372730208445,675683799,1.1149021480684047,5.319068786257821,105.90000000000009,44.45000000000027,61.44999999999982,105.90000000000009,97.40377755732405,1.9569445204580036,14.382971389176147,70.69955912098848,80.77689243027886,88.79226925463344,52.27567429332199
2021-10-11,1994.9,2005.0,1931.0,1975.4,12235213,KOTAKBANK,1805.95,107.3950773153994,1309.136718393727,-0.7810341796629761,1.0098714184468969,1.0149843069758022,0.9775235395362964,1.2095754499358673,5.271663658924561,7.271842271517957,17051905.2,0.717527622661191,20194945.4,0.6058552156323236,663448586,1.0878634466724257,3.746076743950592,74.0,14.049999999999955,59.950000000000045,74.0,94.28327388301417,1.5778190605734828,18.63551738634317,67.63958559153895,77.33510402833112,84.13532598003046,50.89333086797526
2021-10-18,1980.0,2046.95,1965.0,2011.6,7452515,KOTAKBANK,1816.145,116.83331570188543,1310.206454861513,1.8325402450136696,0.9842911115529926,1.017573076158282,0.9768343607078943,1.9915806137082492,5.9797365530663,8.19549817122035,16627304.4,0.4482094523992716,16668061.6,0.4471134783903127,670901101,1.0939993804332446,4.073871545038778,81.95000000000005,71.54999999999995,10.400000000000091,81.95000000000005,92.63883736527896,1.6729389115235538,12.95412431916445,71.00994410736966,85.34749889331557,81.1531651173085,53.53305523232391
2021-10-25,2011.9,2201.65,1992.1,2154.5,25694702,KOTAKBANK,1833.125,139.18306716052876,1314.6161961003527,7.10379797176377,0.9338129496402878,1.0218844279415178,0.9246228823392898,5.661410555437604,10.470644717096382,13.094171321013986,17340157.45,1.4818032693238319,15080909.2,1.703789981044379,696595803,1.1283462969919258,9.726154560222797,209.55000000000018,190.05000000000018,19.5,209.55000000000018,108.2269923832418,2.309009325317839,20.879737425309287,80.33756506547454,91.80925909841048,84.83062067335237,63.88813757133522
2021-11-01,2154.5,2253.0,2015.0,2076.5,24954791,KOTAKBANK,1848.5475000000001,148.3782794387787,1318.4614170508316,-3.6203295428173576,1.0375632073200096,1.0849987960510474,0.9703828557669155,1.4118337079028231,6.092258557181032,9.010567189275658,18118488.8,1.377310838418268,17529316.2,1.4236032207576927,671641012,1.08209452474545,11.461594028413195,238.0,98.5,139.5,238.0,125.53006006547622,1.5362929187627745,20.948248245333033,66.80082878279525,71.85007974481658,83.0022792455142,57.494180197154996
2021-11-08,2066.15,2127.6,2028.0,2118.85,5930670,KOTAKBANK,1865.8875,158.86177778430937,1319.4202935244562,2.0394895256441004,0.9751280175566935,1.0041295986030159,0.9571229676475447,2.2548938321763305,6.830757207509359,9.926763356452796,17859136.35,0.33208044799993924,15253578.2,0.38880516572826174,677571682,1.0862822625635302,4.7006630955471085,99.59999999999991,51.09999999999991,48.5,99.59999999999991,122.07271872341272,1.592343378804771,22.064118443413893,69.97073705420118,77.18537414965985,80.28157099762895,60.58946572210851
2021-11-15,2120.0,2126.95,2047.55,2097.3,8024270,KOTAKBANK,1884.1,163.63892616946802,1320.6791395236228,-1.0170611416570163,1.0108234396605158,1.0141372240499689,0.976279025413627,0.8337010430257311,5.034370684402897,8.25114623229948,16967968.0,0.47290695031956687,14411389.6,0.5568005739016313,669547412,1.066649448887186,3.78581986363419,79.39999999999986,8.099999999999909,71.29999999999995,79.39999999999986,116.38302289362434,1.3028684860667303,18.187709560170195,66.25633728619431,72.39851090232231,73.8113215989329,58.804658696775455
2021-11-22,2099.9,2103.85,1941.0,1955.45,8533398,KOTAKBANK,1895.3174999999999,160.2533259980053,1321.769692686303,-6.763457779049265,1.0738704645989414,1.07589045999642,0.9926103965839065,-4.239937542922651,-1.5895856037237275,1.462639414756135,16077869.45,0.5307542785154286,14627566.2,0.5833778417629039,661014014,1.044984153647679,8.328006341251369,162.8499999999999,6.549999999999727,156.30000000000018,162.8499999999999,122.57861984114109,0.37523402166859643,6.271568707372088,47.21860174312394,47.25226023754654,65.61204842984289,47.9418094407835
2021-11-29,1938.0,2048.0,1932.7,2019.6,15160989,KOTAKBANK,1909.7,157.70750991697406,1323.893238401425,3.280574803753611,0.9595959595959597,1.014062190532779,0.956971677559913,-0.6192598759847204,1.4033803714448658,4.2098394351783215,16232836.4,0.9339704181334569,12520823.6,1.2108619595918595,676175003,1.0605636735876434,5.70905129728659,115.29999999999995,92.54999999999995,22.75,115.29999999999995,121.60813719565562,0.696859648965717,0.9068425391590917,54.10053858388258,58.62435738344263,59.42504284110381,52.55006532389479
2021-12-06,2023.0,2039.6,1877.0,1885.2,15357498,KOTAKBANK,1917.8200000000002,151.64214575250188,1325.6181559377396,-6.654783125371355,1.0730956927646933,1.0819011245491195,0.9956503288775727,-5.195083543934777,-4.822102847062811,-2.400978280105211,16492683.0,0.9311703862858457,10601365.0,1.448634020241733,660817505,1.0288218429661682,8.625079567154675,162.5999999999999,20.0,142.5999999999999,162.5999999999999,127.07371890290153,-0.2151117015532071,-7.286005852411037,41.134971718871604,28.58252427184467,44.81971396427793,42.212898303766316
2021-12-13,1912.0,1970.0,1862.25,1873.1,24264555,KOTAKBANK,1924.4450000000002,146.29217421599864,1328.263523978423,-0.6418417144069655,1.0207677112807645,1.051732422187817,0.9942074635630773,-3.9164207275019547,-4.713635129212615,-2.807269890831508,17209060.4,1.4099872065066377,14268142.0,1.70061070320158,636552950,0.9863866143848202,5.752495862473974,107.75,84.79999999999995,22.950000000000045,107.75,124.49722304918134,-0.35097571196248667,-5.919284763555089,40.13576471163676,25.06903353057198,37.425305061953075,41.0187034565008
2021-12-20,1873.1,1890.95,1722.4,1742.5,24675766,KOTAKBANK,1928.315,139.95698972786678,1330.2890332483041,-6.972398697346637,1.0749497847919656,1.08519368723099,0.988464849354376,-7.8032893982530505,-10.767342468798429,-9.636598257182262,17534792.3,1.4072459814650897,17598441.2,1.4021563455290575,611877184,0.9441885366889933,9.672883787661403,168.54999999999995,17.850000000000136,150.69999999999982,168.54999999999995,130.37092664262383,-1.3276578780473907,-11.790017211703962,30.81400127337551,3.788164342254036,19.146574048223545,30.98657182380567
2021-12-27,1761.05,1788.7,1721.0,1773.45,11563122,KOTAKBANK,1927.9424999999999,140.3792666080823,1331.3021462351055,1.7761836441893886,0.9930079787983873,1.0085990583326285,0.9704248780625334,-3.9479477013564788,-7.572211187337635,-7.079632782361157,17036761.05,0.6787159816390099,18204386.0,0.6351833014307651,623440306,0.9587629636628806,3.817418027009504,67.70000000000005,46.200000000000045,21.5,67.70000000000005,122.01480309027399,-1.1005364519485599,-11.838834758401262,34.945514657810804,9.859022556390986,12.905406809738986,33.21168338947544
2022-01-03,1785.0,1828.1,1743.65,1824.45,9393975,KOTAKBANK,1930.0475000000001,138.38263740631743,1332.2163478310204,2.875750655501985,0.9783770451368905,1.0020006029214283,0.9557126805338595,-0.6948168309977186,-3.913009210690009,-3.7458376650799847,16869858.85,0.5568496502269193,17050983.2,0.55093450564188,632834281,0.9701623132919176,4.628792238756875,84.44999999999982,54.649999999999864,29.799999999999955,84.44999999999982,117.00616267823743,-0.7630834473109945,-15.31909955906242,41.57866520710346,19.44548872180452,11.030891873483165,36.94847709761141
2022-01-10,1830.0,1955.3,1815.3,1947.95,14267210,KOTAKBANK,1941.6025000000002,128.97210987264666,1333.9450745178901,6.7691633094905335,0.9394491645062758,1.0037731974640005,0.9319027695782746,3.792822003537459,2.2929205482202617,2.59567627469019,16937249.3,0.8423569699715053,16832925.6,0.8475775595419965,647101491,0.9868878917904563,7.187042788572602,140.0,130.8499999999999,9.150000000000091,140.0,120.07200765447244,0.04921606699516419,-6.190705514086203,54.53226829872877,42.65977443609024,23.98809523809523,46.02925091979679
2022-01-17,1948.0,1976.15,1898.0,1937.45,9855802,KOTAKBANK,1951.6824999999997,119.58113769915026,1335.1132973496874,-0.5390282091429444,1.0054453018142404,1.019974709024749,0.9796381842112054,2.180951808404783,1.5114836136920664,1.8954778872620492,16518693.1,0.5966453847368833,13951175.0,0.7064496001232871,637245689,0.9689050793530478,4.033652481354362,78.15000000000009,28.200000000000045,49.950000000000045,78.15000000000009,114.48240663387614,-0.11901960688655293,-8.561247846709296,53.37136075225705,40.68609022556392,34.26378446115288,45.11502535747354
2022-01-24,1930.0,1975.0,1810.0,1830.9,9394309,KOTAKBANK,1954.5,115.79179250071401,1336.0263841023748,-5.499496761206735,1.0541263859304166,1.0787044622863071,0.9885848489813752,-2.3411127200852624,-3.6172262225380116,-3.4959432537989303,15774914.95,0.5955220062850481,10894883.6,0.8622679548407475,627851380,0.9541652817892029,9.0119613304932,165.0,37.549999999999955,127.45000000000005,165.0,121.21808574935932,-1.0674331688857632,-12.702045487054791,42.72231071734394,20.657894736842124,34.66791979949875,37.04070681434274
2022-01-31,1814.7,1956.9,1782.2,1857.25,15776273,KOTAKBANK,1955.36,114.95789000188854,1337.633472241429,1.439182915506021,0.9770897832817338,1.0536545968501818,0.9595907928388747,-0.592755697654822,-1.8404074338072274,-1.8586147770980788,15309381.9,1.0304970574938757,11737513.8,1.3440898361286697,643627653,0.9783656595578833,9.406380401130706,174.70000000000005,126.0,48.700000000000045,174.70000000000005,128.34900764944476,-0.8534429433107039,-5.02186197550436,45.80773549744225,25.610902255639097,28.984962406015033,38.84595732251425
2022-02-07,1882.0,1948.0,1820.0,1828.45,11872533,KOTAKBANK,1946.7100000000003,117.78133687385082,1338.7697047533343,-1.550679768474894,1.0292871010965572,1.0653832481063195,0.9953785993601137,-1.4514645444572998,-2.9524288908740757,-3.174411625621856,14221485.35,0.8348307302513939,12233225.4,0.9705153474896326,631755120,0.9638733338568899,7.0004648746205795,128.0,90.75,37.25,128.0,128.30247329618547,-1.0040639980734984,-9.464745494157256,42.89377589056306,26.426463354648323,24.23175344904317,36.57688798215585
2022-02-14,1835.0,1888.9,1737.95,1746.85,12588085,KOTAKBANK,1932.3850000000002,123.95029574709159,1339.7688882826951,-4.462796357570631,1.0504622606405816,1.0813178006125312,0.9949051149211439,-4.127021150952849,-6.652808658287966,-7.327798718910761,14215251.8,0.8855337335635517,11897400.4,1.0580534046748564,619167035,0.9500179629468584,8.641268569138738,150.95000000000005,60.450000000000045,90.5,150.95000000000005,131.32214352336075,-1.496849998474923,-7.338743899851485,35.50912100292294,6.367779283162932,19.468381631150105,30.384427887342426
2022-02-21,1756.0,1852.85,1746.05,1827.1,9708839,KOTAKBANK,1924.1924999999999,125.28337802443104,1340.6874578205388,4.593983455934958,0.9610858737890647,1.0140933720102896,0.9556400853812053,0.2976349050254521,-1.6871977316420383,-2.39592875382763,13835225.75,0.7017477831903104,11868007.8,0.818068134400788,628875874,0.9683921848999579,5.845328662908432,106.79999999999995,106.0,0.7999999999999545,106.79999999999995,128.05252438691264,-0.7749830945735381,-2.455821899524857,46.049052553898534,27.713203604544844,20.169148747452017,36.280830356255265
2022-02-28,1790.0,1912.85,1776.75,1842.75,21600487,KOTAKBANK,1917.56,125.93930096009636,1342.7841010109807,0.8565486289748847,0.9713743047076381,1.0380409713743046,0.9641839641839642,0.7629209008174381,-0.7059382408201268,-1.399114352973491,14303489.45,1.510155062197078,14309243.4,1.5095478073983981,650476361,1.002655736503785,7.3857007190340465,136.0999999999999,85.75,50.34999999999991,136.0999999999999,129.12552113532428,-0.5940163192084364,5.753228120516507,47.962740487557355,37.23241590214067,23.77113292994947,37.23352835445367
2022-03-07,1811.8,1819.6,1680.05,1711.9,11040227,KOTAKBANK,1902.575,131.85218049013022,1343.5702736729704,-7.100800434133758,1.0583562123955839,1.062912553303347,0.9813949412932997,-4.548212516314682,-7.202957963134346,-8.387142829281338,14482875.05,0.7622952598765947,13362034.2,0.826238492938448,639436134,0.9880341510503404,8.151761201004728,139.54999999999995,23.15000000000009,162.70000000000005,162.70000000000005,133.60211831728105,-1.4461270135329534,-3.470636330316612,35.734435532351185,8.858295091086118,24.601304865923865,27.414250936061002
2022-03-14,1700.0,1813.0,1672.55,1788.75,22367415,KOTAKBANK,1884.2875,119.89386191545337,1345.483024308591,4.489164086687292,0.9503843466107617,1.0135569531795947,0.9350384346610762,-0.03767435608819006,-2.2261725005521193,-3.4196341907250822,14316510.7,1.562351013365289,15461010.6,1.4466981220490205,661803549,1.0253516244758498,7.851851851851855,140.45000000000005,101.09999999999991,39.350000000000136,140.45000000000005,134.51516920831025,-0.796850635000572,-1.9567540902737823,45.202125650936594,38.27404479578392,28.121585263003556,32.94482112988326
2022-03-21,1784.0,1830.0,1714.0,1777.1,13491402,KOTAKBANK,1869.3174999999999,113.13190284261648,1346.5987019493655,-0.651292802236203,1.0038827302909235,1.0297675988970796,0.9644927128467728,-0.4623225121275333,-2.482567615149541,-3.756146589258455,13743341.25,0.9816682678966441,15641674.0,0.8625292919415147,648312147,1.00626753156568,6.527488605030668,116.0,41.25,74.75,116.0,132.04647998053557,-0.8151325813752854,-8.770759003054495,44.06657893795186,34.4367588932806,27.189699593383533,31.969531637557008
2022-03-28,1777.1,1827.25,1692.05,1725.2,32443328,KOTAKBANK,1849.6349999999998,101.02972217698888,1348.937536072491,-2.9204884362162953,1.0300834685833526,1.0591525620217945,0.9807848365406909,-2.3230517568211706,-4.770513187149597,-6.304367085047287,15068974.15,2.152988496565972,20188571.8,1.607014518976523,615868819,0.9605105880892751,7.836772548110367,135.20000000000005,50.15000000000009,85.04999999999995,135.20000000000005,132.46694931646417,-1.2316672491883953,-10.955121422488324,39.02693420902166,17.341897233201603,30.017566974088695,27.89324589654602
2022-04-04,1738.0,1840.0,1718.75,1836.05,15163691,KOTAKBANK,1836.5724999999998,82.51542515287372,1350.3399426751994,6.425341989334554,0.9465973148879389,1.0021513575338363,0.936112850957218,2.569745235381053,1.3327884703713286,0.10419854913358102,15425945.2,0.9829991487328764,18901212.6,0.8022602211246488,631032510,0.9871246466197123,6.603850657661829,121.25,114.79999999999995,6.4500000000000455,121.25,130.97135607426895,-0.006332149401542679,0.2812824294063043,52.43327086547705,53.85375494071144,35.210803689064534,35.96946531571492
2022-04-11,1836.05,1838.05,1756.1,1783.45,13170268,KOTAKBANK,1827.9724999999999,78.33062598439285,1351.420251799397,-2.864845728602161,1.0294933976281926,1.0306148195912417,0.9846645546553029,-0.20253600627197108,-1.3519224275460013,-2.6052290407401353,15657788.7,0.8411320558949682,19327220.8,0.6814362052509898,617862242,0.9697955601270869,4.595026493593879,81.95000000000005,2.0,79.95000000000005,81.95000000000005,124.43517526436644,-0.568391985133258,-3.9736169067169147,46.79936018016295,36.52832674571806,35.907992973210355,31.96857140666359
2022-04-18,1771.05,1818.5,1730.0,1750.4,6296075,KOTAKBANK,1814.5125,65.79514234790041,1351.8954320254,-1.8531497939387132,1.0117973034734917,1.0389053930530163,0.9883455210237659,-1.3963333487148752,-2.799075829234265,-4.164012657096841,15214543.0,0.4138195278031026,16112952.8,0.3907461951976921,611566167,0.9648052926642577,5.055987202925046,88.5,35.049999999999955,53.450000000000045,88.5,119.64381856245092,-0.9744260398586378,-4.268642839563563,43.41716912221392,25.642292490118614,38.67479139218269,29.477469820100175
2022-04-25,1763.0,1773.45,1683.4,1728.85,12727242,KOTAKBANK,1806.6949999999997,66.24122166272238,1352.8007822354803,-1.23114716636199,1.0197530150099778,1.0257974954449491,0.9737108482517282,-1.7734879230280425,-3.497536677060332,-5.007209286751584,15083030.2,0.8438120080141457,15960120.8,0.7974402048385498,598838925,0.9493681574382529,5.2086647193220905,90.04999999999995,23.049999999999955,67.0,90.04999999999995,115.69797608745746,-1.1751745823221662,-1.0304261957237326,41.17819416593729,18.614647049099005,26.928422094978544,27.797826753404497
2022-05-02,1746.1,1810.3,1724.0,1774.35,12287991,KOTAKBANK,1801.7575000000002,64.693238227576,1353.7760335965124,2.631807270729092,0.9840786766985093,1.020260940626145,0.9716234113900866,0.5575395325134738,-0.7230251484297657,-2.121615029419462,14484202.0,0.8483719710619888,11929053.4,1.0300893614911641,611126916,0.9708055162917528,4.8637529236058255,86.29999999999995,81.45000000000005,4.849999999999909,86.29999999999995,111.77824594246313,-0.4236532402905377,-2.887088829292317,47.74330014181084,35.80094953402494,26.685963024414168,31.06673156904459
2022-05-09,1768.0,1823.7,1743.0,1767.5,14331366,KOTAKBANK,1803.0075000000002,63.72224323496641,1354.8893418330745,-0.38605686589454624,1.0002828854314003,1.0317963224893918,0.9861386138613861,0.11476483527215131,-0.9543259674841956,-2.3076079161694727,13966982.0,1.026088957514229,11762588.4,1.2183854023150211,596795550,0.9491764432124637,4.565770862800568,80.70000000000005,49.350000000000136,31.34999999999991,80.70000000000005,107.63447981680139,-0.5572230071855988,-4.08357075023742,46.835263369931106,34.47086585587222,29.628820812998708,30.45345811110234
2022-05-16,1770.0,1825.0,1756.0,1812.85,14670209,KOTAKBANK,1804.9775000000002,63.368418323254424,1356.1473601893526,2.565770862800565,0.9763631850401302,1.0067021540668009,0.9686405383787958,1.7423198633251535,1.3466856145871415,0.23072938052765982,14122336.35,1.0387947600469096,12062576.6,1.216175406504776,611465759,0.973435702957612,3.8061615688005075,69.0,57.5,11.5,69.0,102.48321584122787,0.12423380933765128,5.8969565979321015,53.57953582043828,58.385351643778606,42.885722344558566,33.67647596547915
2022-05-23,1823.0,1871.5,1778.35,1854.3,16926636,KOTAKBANK,1806.4699999999998,64.19729130210881,1357.7212751738118,2.286455029373635,0.9831203149436445,1.009275737475058,0.959041147602869,2.625811919764515,3.0445092178354476,2.2558402691215584,14498969.4,1.1674371835007804,14188688.8,1.192966893459528,628392395,1.0007362431112232,5.023458987218902,93.15000000000009,58.65000000000009,34.5,93.15000000000009,101.2387870623975,0.7450470110166314,3.6645702306079553,59.05707458762357,75.63462338743238,56.163613629027715,36.5744231828891
2022-05-30,1857.95,1951.75,1842.8,1903.2,21052498,KOTAKBANK,1804.2325,59.623611701824224,1359.856415177852,2.637113735641483,0.9762242538881883,1.0255096679277007,0.9682639764606977,3.4184682089180725,4.74483581455245,4.369966841869549,14838233.8,1.4188008009416861,15853740.0,1.3279199734573672,649444893,1.0340701068255396,5.724569146700296,108.95000000000005,97.45000000000005,11.5,108.95000000000005,102.26694878741118,1.6598709332627026,7.0958302852962785,64.72332603887725,82.61103151862466,72.21033551661186,39.955952610708934
2022-06-06,1891.1,1896.15,1828.35,1869.3,24280724,KOTAKBANK,1800.825,53.21217831525135,1362.1459457141507,-1.7812105926860111,1.0116621195099769,1.0143636655432515,0.9780934039480019,1.111299664834561,2.5863179596286767,2.4160617088351963,15559479.9,1.560510001365791,18252286.6,1.3302839546690002,625164169,0.9963677812222563,3.627026159524966,67.80000000000018,7.0499999999999545,74.85000000000014,74.85000000000014,98.61135561575638,1.286829484677834,8.352654764664958,58.272445983673805,70.46919770773637,76.23828420459779,37.23199088038667
2022-06-13,1864.0,1880.1,1718.65,1737.35,9667518,KOTAKBANK,1796.1475000000003,54.52482407849592,1362.8161308581973,-7.058792061199382,1.0728983797162346,1.0821653667942557,0.9892364808472675,-4.266132341986271,-4.1247034710825465,-4.579062668451864,15573140.35,0.6207815368465488,17319517.0,0.5581863512706503,615496651,0.9819267188842125,9.292888594698812,161.44999999999982,10.799999999999955,150.64999999999986,161.44999999999982,106.98984153365551,-1.078362030391026,-5.3756705972059615,40.25378639085244,23.20916905444124,58.76313276026741,27.482347813563802
2022-06-20,1735.6,1753.55,1648.6,1679.2,11225949,KOTAKBANK,1787.2450000000001,58.41966346144749,1363.4709929234562,-3.347051544018176,1.033587422582182,1.0442770366841352,0.9817770366841352,-5.2512168589605634,-6.626141823735082,-7.517209573873627,15345624.15,0.73154072393986,16630665.0,0.6750150399878778,604270702,0.9670534630048818,6.250000000000003,104.95000000000005,16.200000000000045,88.75,104.95000000000005,106.71786266250145,-1.8494628965348543,-5.845411982393678,34.78447209800946,10.0940128649184,34.59079320903199,23.15626872263564
2022-06-27,1690.0,1719.9,1648.8,1691.55,10512162,KOTAKBANK,1780.4,61.287452566627756,1364.1056541641447,0.735469271081457,0.9990836806479265,1.016759776536313,0.9747273210960362,-2.988518754817223,-5.012284092991271,-6.171207939509849,15277605.6,0.6880765399520459,15347770.2,0.6849308963461025,614782864,0.985214765572499,4.203245544027675,71.10000000000014,40.700000000000045,30.40000000000009,71.10000000000014,101.96881430750128,-1.4497257803856043,-3.3620886654479043,36.88591492687902,14.167903678047184,15.823695199135594,24.00432435979431
2022-07-04,1684.9,1692.35,1631.0,1670.9,13883632,KOTAKBANK,1776.6024999999997,65.67187669131485,1364.887486752717,-1.2207738464721674,1.0083787180561374,1.0128373930217247,0.9761206535400083,-2.840875735516226,-5.408648456776616,-6.859725032959117,15342382.95,0.904920183862312,13913997.0,0.9978176651899523,600899232,0.9643772782200031,3.6716739481716387,61.34999999999991,0.7999999999999545,60.549999999999955,61.34999999999991,96.55297239983443,-1.6095550382524528,-3.351939150302219,34.727003237588775,12.439594699922086,12.233837080962543,22.420347187396025
2022-07-11,1675.0,1756.45,1656.95,1741.25,14696439,KOTAKBANK,1772.31,64.99975829915614,1365.9000259168592,4.2103058232090484,0.9619526202440776,1.00872936109117,0.951586503948313,0.8760682396844903,-0.9856518706650262,-2.3305125691928876,15591762.95,0.9425771189011054,11997140.0,1.2249952071910473,615595671,0.9890174085170154,5.714285714285714,99.5,85.54999999999995,13.950000000000045,99.5,96.94590941318984,-0.4778479307115082,-1.8654718629357192,46.9356863497547,34.372564302416215,20.32668756012848,27.48004736519332
2022-07-18,1721.5,1850.0,1711.95,1845.65,17464052,KOTAKBANK,1772.455,65.16818100722793,1367.4288838059942,5.99569274946159,0.9327337252458483,1.0023568932354454,0.9275593964186059,4.322037880909379,4.051410620433927,3.1697028543612498,15384941.2,1.135139340019057,13556446.8,1.288247005845219,633059723,1.0185001580028177,7.479749681683957,138.04999999999995,108.75,29.299999999999955,138.04999999999995,102.42645482476453,1.1231708307445618,4.421499292786435,59.80805785796598,66.921278254092,37.91114575214342,34.97228425239656
2022-07-25,1835.0,1852.0,1785.1,1795.55,12889413,KOTAKBANK,1776.6375,63.7460212896815,1368.4334687457629,-2.7144908297889736,1.0219709838211133,1.0314388348973853,0.994180056250174,1.1016008891984292,1.1779053827218178,0.4289207023228782,15477400.5,0.8327892658718756,13889139.6,0.9280209841076117,620170310,0.9993117121359044,3.7258778647211215,66.90000000000009,6.349999999999909,60.55000000000018,66.90000000000009,97.68959418146261,0.2966851831278332,-0.9542984802934584,52.725906513594275,51.30163678877629,50.865159781761484,31.212078702350837
2022-08-01,1791.0,1862.0,1732.35,1855.75,11480028,KOTAKBANK,1779.9875,66.13191536818319,1369.4497976387559,3.3527331458327536,0.9651084467196551,1.0033679105482958,0.933503974134447,2.8732244740581874,3.7574279216856445,3.3540632375775465,14933031.15,0.7687674313864938,14082712.8,0.8151858355018076,631650338,1.0202887188050027,6.98639364138489,129.6500000000001,66.45000000000005,63.200000000000045,129.6500000000001,101.95098162393427,1.1456268819404292,0.07819662406298722,59.3926906007997,70.0701480904131,62.76435437776045,35.510626472013556
2022-08-08,1851.7,1893.0,1814.25,1844.5,11474967,KOTAKBANK,1783.3575,67.6763044028926,1370.4380474200655,-0.6062238986932478,1.0039034968826241,1.0262943887232312,0.9835998915695311,1.5205516644920825,2.717506191690256,2.5342157488244283,14832209.4,0.7736519011119138,13600979.8,0.8436867908589938,620175371,1.0040350969833904,4.269449715370019,78.75,37.25,41.5,78.75,98.8575174074097,0.9034550650993672,-3.08427910886927,57.63993798758261,66.56274356975838,62.64484281631591,34.592001694085006
2022-08-15,1848.0,1860.0,1821.05,1841.2,5832187,KOTAKBANK,1789.1575,67.39991463957858,1370.9352686045077,-0.17891027378693636,1.0036932435368238,1.0102107321312188,0.9890560504019118,0.8960306847547395,2.179839314688862,2.1628996685030337,13501652.35,0.4319609814275806,11828129.4,0.49307771353938684,614343184,0.9947159013769123,2.1154681729307,38.950000000000045,15.5,23.450000000000045,38.950000000000045,90.86984841975509,0.7721448948162261,-1.5032365056438235,57.06989966115771,65.53390491036635,67.38893219017926,34.302475263779655
2022-08-22,1850.45,1942.45,1811.3,1832.05,17084937,KOTAKBANK,1788.9575,67.25923195291604,1372.3575893456366,-0.49695850532262,1.0100433940121722,1.060260364073033,0.9886738899047515,0.26737687172672,1.449673541133135,1.5347397526507478,13597714.65,1.2564565031521675,11752306.4,1.453751835469504,597258247,0.9697042146897485,7.158647416828148,131.1500000000001,101.25,29.90000000000009,131.1500000000001,96.24053529712108,0.640692716059653,5.450830287506836,55.31959126917916,62.68121590023381,64.92595479345283,33.49654741761238
2022-08-29,1824.0,1927.0,1820.0,1850.0,12817095,KOTAKBANK,1792.2850000000003,68.60515958041401,1373.4603057863533,0.9797767528178847,0.985945945945946,1.0416216216216216,0.9837837837837838,0.8233685758006833,2.0621811943009853,2.2826089910937744,13580056.0,0.94381753654035,11737842.8,1.0919463838789867,610075342,0.9911404957156772,5.783783783783783,107.0,94.95000000000005,12.049999999999955,107.0,97.67513059083828,0.841263257063783,10.171510242972847,58.22004973194987,68.27747466874513,65.49753182644842,34.6962844288981
2022-09-05,1864.85,1957.0,1857.0,1937.9,15231838,KOTAKBANK,1801.6600000000003,75.08530341867954,1375.0046756491085,4.751351351351363,0.9623045564786624,1.0098560297228958,0.9582537798648021,3.5479064503607898,5.575270082986803,6.155335370278752,14026844.15,1.085906269230203,12488204.8,1.2196979665163723,625307180,1.0147537774944457,5.16022498580938,100.0,107.0,7.0,107.0,98.91844651205984,1.8144695938740298,14.56356596021402,69.43214551482814,94.14110429447855,75.03326495448583,40.93770256345939
2022-09-12,1944.95,1950.7,1885.7,1924.0,11457949,KOTAKBANK,1811.4175000000002,77.75801071442535,1376.1322989483267,-0.7172712730275088,1.0108887733887735,1.013877338877339,0.9800935550935551,1.900723461591872,4.194081924778775,5.020905602680833,13963379.5,0.82057133804893,12484801.2,0.9177518181066432,613849231,0.99494793155815,3.3783783783783785,65.0,12.799999999999955,52.200000000000045,65.0,94.39598697711854,1.447857255678403,15.147525285774122,66.19104891128598,89.87730061349694,84.09862652557352,39.8121388089188
2022-09-19,1933.0,1987.2,1892.0,1929.5,15919242,KOTAKBANK,1819.175,81.51388564308014,1377.7069601001542,0.28586278586277825,1.001813941435605,1.0299041202384038,0.9805649131899455,1.453568952268381,3.829006903316633,4.850671425029672,14144942.05,1.1254370603801802,14502212.2,1.0977112857306006,629768473,1.0192106199948756,4.933920704845817,95.20000000000005,63.200000000000045,32.0,95.20000000000005,94.50318871350275,1.3534503861473781,10.811198851399851,66.89655438308034,83.80123526108927,89.27321338968824,40.051553478377755
2022-09-26,1944.0,1961.7,1816.65,1829.0,10607168,KOTAKBANK,1822.25,80.616985933823,1378.561016082874,-5.20860326509458,1.0628758884636413,1.0725533078184801,0.9932476763258612,-2.6409107733180908,-1.2474878606813524,-0.3461328749525167,13958732.15,0.7598948017639267,13206658.4,0.8031681958246152,619161305,1.000233843504721,7.930563149261889,145.04999999999995,32.200000000000045,112.84999999999991,145.04999999999995,101.24276355170238,0.08372925285920452,-0.9021212039119098,46.457009591802844,55.58674901740594,76.42176163066404,32.67457723395011
2022-10-03,1832.2,1834.85,1757.7,1783.9,12555605,KOTAKBANK,1820.8024999999998,81.05337012865105,1379.4669833429436,-2.4658283214871513,1.0270755087168564,1.0285610179942821,0.9853130780873367,-3.4905640467136805,-3.263310065676106,-2.6427979572458025,13853001.95,0.9063454293385125,13154360.4,0.9544823631257663,606605700,0.9803355378252978,4.324793990694538,77.14999999999986,5.849999999999909,71.29999999999995,77.14999999999986,98.03039507814205,-0.4552864358561107,-0.6488262649327448,40.11114354290852,42.92532285233017,60.771102376941776,29.318064262543643
2022-10-10,1808.0,1840.0,1794.55,1808.25,5518639,KOTAKBANK,1818.5,80.70504451722879,1379.8878064747869,1.3649868266158327,0.9998617447808654,1.0175584128300843,0.9924236139914282,-1.397969382158645,-1.6052231207724668,-1.1555537137766168,13282602.1,0.41547875622954933,11211720.6,0.49222052501022906,612124339,0.9905563371919472,2.5134798838656187,45.450000000000045,56.09999999999991,10.649999999999864,56.09999999999991,92.43967573438977,-0.12700569166790865,-2.5596120167048375,44.80778895018739,45.81377744133231,48.108616437022796,31.043262467805572
2022-10-17,1809.85,1862.2,1780.2,1858.15,6479336,KOTAKBANK,1816.2475,78.8233659503221,1380.4382673452267,2.7595741739250723,0.9740064042192502,1.0021795872238517,0.9580496730619164,0.8833595654142163,0.9628725768855345,1.4308662723541385,12553944.0,0.5161195557348353,10215998.0,0.6342342666864266,618603675,1.0035456286925115,4.412991416193526,82.0,53.950000000000045,28.049999999999955,82.0,91.04771896980446,0.5315999830102272,0.7400379506641519,53.44137773107176,53.115349682107194,47.284816658589875,34.60580193661822
2022-10-24,1867.45,1925.0,1855.0,1895.8,8705303,KOTAKBANK,1817.5725000000002,79.9763969704186,1381.2339774936302,2.0262088636546993,0.9850458909167634,1.0154024686148329,0.9784787424833844,1.9011902016648738,2.5111878944764374,3.106050471380737,11775172.95,0.7392930054585738,8773210.2,0.9922597089945481,627308978,1.017491012532222,3.6923726131448467,70.0,66.84999999999991,3.150000000000091,70.0,88.2413564404972,0.9781323360807846,2.965457310449704,59.02193257973665,64.13576613694329,54.35496442012758,37.25408083575346
2022-10-31,1911.0,1912.0,1842.0,1901.95,13028177,KOTAKBANK,1825.8024999999998,79.75538667669397,1382.4344191704376,0.3244013081548758,1.0047582744025867,1.0052840505796683,0.968479718183969,1.4789300049304712,2.4226459357194017,3.1344127220343867,11943205.9,1.0908442095936737,9257412.0,1.407323882743903,640337155,1.036534472020034,3.680433239569915,70.0,16.200000000000045,53.799999999999955,70.0,85.80917558176424,0.9547630971771339,3.815398051363239,59.92721651236894,66.54895036295862,61.26668872733635,37.57976317902371
2022-11-07,1908.0,1941.5,1871.65,1882.6,10707383,KOTAKBANK,1835.9724999999999,72.73694398129811,1383.3802893531952,-1.0173769026525448,1.013491979177733,1.031286518644428,0.9941835759056625,0.3108647341894096,1.216896740423495,1.960562477575622,11917277.6,0.8984755880822983,8887767.6,1.2047325584885906,629629772,1.0171144802614405,3.710294273876549,69.84999999999991,39.549999999999955,30.299999999999955,69.84999999999991,83.68128550419566,0.6410428792827585,1.762162162162162,55.47776900030959,54.422657952069656,61.70245815065717,36.08694691466342
2022-11-14,1898.0,1933.9,1880.7,1922.8,10399055,KOTAKBANK,1847.5349999999999,66.70040065374522,1384.3692025295961,2.1353447360034084,0.98710214270855,1.0057728312877054,0.9781048470979822,1.5967110285642305,2.813276681411598,3.676084534841669,11911622.25,0.8730175270626971,9863850.8,1.0542591540415431,640028827,1.0318092868095983,2.7667984189723343,53.200000000000045,51.30000000000018,1.8999999999998636,53.200000000000045,79.61711410363624,1.1284040165023204,-0.7791939728572284,62.20464472447612,71.93899782135072,64.30353537879299,38.89358391435993
2022-11-21,1925.0,1997.55,1895.3,1944.1,16301264,KOTAKBANK,1861.1950000000002,55.68846119734411,1385.973155643103,1.107759517370499,0.9901754024998715,1.027493441695386,0.9748984105755877,1.7832265026570222,3.324065518242677,4.337145241994111,12032503.85,1.3547690657917388,11828236.4,1.378165218273791,656330091,1.0533824305614916,5.2595031119798366,102.25,74.75,27.5,102.25,82.63483222315142,1.4887285124688208,1.0446985446985302,65.40063918984153,77.71523869084842,68.02563148808959,40.26967204122518
2022-11-28,1953.85,1961.5,1916.0,1928.15,8729784,KOTAKBANK,1870.5400000000002,49.88010783765977,1386.8039043839524,-0.820431047785597,1.0133288385239736,1.0172963721702148,0.9936986230324404,0.6471732468309003,2.1637242689397698,3.2503213233137354,11734171.1,0.7439625624685156,11833132.6,0.7377407399288334,647600307,1.0367089062304338,2.359774913777455,45.5,17.40000000000009,28.09999999999991,45.5,77.68352126006457,1.1549694356615647,-0.06996631251618979,60.94763183291054,71.06524911402965,73.5731618754096,39.03551856933408
2022-12-05,1931.6,1961.75,1916.0,1938.45,9621721,KOTAKBANK,1875.1799999999998,51.72505348374799,1387.7339531455677,0.5341908046573085,0.9964662488070365,1.0120199128169414,0.988418581856638,0.7833912304081463,2.3002111182304863,3.450702780358069,11342054.55,0.8483225819082311,11151841.4,0.8627921304547964,657222028,1.050080943504272,2.3601330960303333,45.75,33.59999999999991,12.150000000000091,45.75,73.42571842538929,1.223198348550372,5.98414434117005,62.83323634926376,75.35959974984368,74.71336251824057,39.68455521363643
2022-12-12,1920.55,1943.1,1863.0,1865.75,22278718,KOTAKBANK,1878.6899999999998,48.305893723467335,1389.5927546014348,-3.7504191493203387,1.0293715663942113,1.0414578587699317,0.9985260619053999,-2.0550932223557563,-1.2914710321162863,-0.28544540397355656,11811519.8,1.8861855525145883,13466108.4,1.65442883260913,634943310,1.0132891044185104,4.293179686453164,80.09999999999991,4.649999999999864,75.45000000000005,80.09999999999991,74.31562263533738,-0.26787621556235663,4.5882616738606385,45.09891946670301,45.04898895142798,63.82461260510042,34.265956253862115
2022-12-19,1863.75,1881.8,1835.2,1858.15,16929980,KOTAKBANK,1878.81,48.24885490871124,1390.9732596171493,-0.40734289159854997,1.0030137502354493,1.012727713047924,0.9876490057315072,-1.6483384655383915,-1.4620819070447046,-0.6376533732969157,12084017.4,1.4010224778391993,14772293.4,1.1460630750808132,618013330,0.9873453773853369,2.5078707316416815,46.59999999999991,16.049999999999955,30.549999999999955,46.59999999999991,70.62020628395905,-0.4281966906590716,2.7595741739250723,43.61408219420141,41.880341880341916,54.096310193871176,33.58632074001453
2022-12-26,1845.0,1861.95,1794.2,1813.55,12356412,KOTAKBANK,1877.2625,49.87610142566192,1391.880002109268,-2.400236794661359,1.0173416779245128,1.0266879876485346,0.989330318987621,-2.7654269691085434,-3.391974302449486,-2.8532166088384785,12128089.65,1.0188259121254104,13983323.0,0.8836534777892208,605656918,0.9687281032201972,3.7357668660913683,67.75,3.7999999999999545,63.950000000000045,67.75,70.23751211276452,-1.2774153989353136,-2.400236794661359,35.663396291370844,23.285386700020815,36.73823917726356,30.294996497667135
2023-01-02,1822.65,1838.0,1801.0,1825.05,9424733,KOTAKBANK,1876.455,50.61593492589969,1392.5877901459714,0.6341154090044432,0.9986849675351361,1.0070956960083286,0.9868222788416756,-1.4119211637404716,-2.3489837833987846,-2.021358355047315,12307716.95,0.7657580230588582,14122312.8,0.6673646968080186,615081651,0.9837445526346205,2.0273417166652967,37.0,24.450000000000045,12.549999999999955,37.0,65.80584383106259,-1.0155892620625393,-3.7319337482856874,38.97325137739,28.080050031269515,31.0819262038774,31.054574290695
2023-01-09,1822.25,1836.5,1770.65,1811.9,12286693,KOTAKBANK,1875.4474999999998,51.734508169385066,1393.4790907052404,-0.7205282047067163,1.0057122357746011,1.0135769082178927,0.9772338429273139,-1.4319505196697926,-2.6501050297124324,-2.531637172980018,12067804.75,1.0181381994931598,14655307.2,0.8383783998741425,602794958,0.9636668800918368,3.6343065290578895,65.84999999999991,11.450000000000045,54.399999999999864,65.84999999999991,65.81173132025424,-1.228338728802397,-4.734614474618148,36.49599007953183,18.17981489643016,23.181750542573482,30.027067652877133
2023-01-16,1808.55,1816.0,1759.0,1784.8,12708795,KOTAKBANK,1872.1875,55.350352718428745,1394.3375807798502,-1.4956675313207213,1.0133068130883012,1.0174809502465263,0.9855445988346033,-1.9813802280702768,-3.607475172889791,-3.7477498567041896,12062389.75,1.0535884897932435,12741322.6,0.9974470782177668,590086163,0.9448594771190401,3.1936351411922907,57.0,4.099999999999909,52.90000000000009,57.0,64.63683381088701,-1.578806560538947,-5.194943163709764,31.704050102798973,10.81534269545167,19.0250692077171,28.003435079313064
2023-01-23,1780.0,1827.0,1757.0,1783.75,21428191,KOTAKBANK,1864.48,56.44024180262385,1395.772705578579,-0.058830121021957726,0.9978976874562018,1.0242466713384724,0.9850035038542396,-1.3609408758924832,-3.144397247487628,-3.491418985596903,12372207.4,1.7319618324536008,13640964.8,1.5708706322590906,568657972,0.9146966827376809,3.9243167484232657,70.0,42.200000000000045,27.799999999999955,70.0,65.35192263610207,-1.4303624049365244,-7.231641356355311,31.519035056883766,11.120349199750573,13.371835597210785,27.796595596888086
2023-01-30,1792.7,1792.7,1683.85,1726.25,20896056,KOTAKBANK,1854.5925,62.46437568938732,1396.9561348998527,-3.223545900490543,1.0384938450398262,1.0384938450398262,0.9754380883417813,-3.1581282307017187,-5.6400464707757525,-6.3604153884211065,12844112.75,1.6268975838755386,15348893.6,1.3614047073725235,547761916,0.8857931044933103,6.305575669804497,108.85000000000014,8.950000000000045,99.90000000000009,108.85000000000014,71.15166628462183,-2.0546511284800264,-11.20569929530374,23.027795141774533,13.516098182977393,11.817263359393197,23.572240879543024
2023-02-06,1730.5,1784.0,1713.05,1747.0,17937373,KOTAKBANK,1845.4675,64.25027805593437,1398.028850850116,1.2020275162925476,0.9905552375500859,1.0211791642816257,0.9805666857469948,-1.28857807985074,-3.758834027398794,-4.672359173196011,12945019.3,1.3856582662646164,17051421.6,1.051957626805732,565699289,0.9195635368129905,4.061247853463082,70.95000000000005,57.75,13.200000000000045,70.95000000000005,71.12477744667225,-1.532561460890132,-9.395015947929364,30.79128752982571,20.130698119222213,14.92238183398338,24.96165575822566
2023-02-13,1752.2,1784.45,1747.05,1773.8,11088786,KOTAKBANK,1842.7074999999998,66.15236256075919,1398.7393914275965,1.5340583858042267,0.9878227534107566,1.0060040590821964,0.9849193821174879,0.16118092776364057,-1.8781388041166174,-2.8333110756242585,12969100.2,0.8550158321700684,16811840.2,0.6595819296450367,576788075,0.9408289116501004,2.108467696470859,37.40000000000009,37.450000000000045,0.049999999999954525,37.450000000000045,66.6348071204493,-1.0416483604302127,-8.49389976527638,39.83472808189959,28.673892253745624,20.773562851981726,26.81418789454446
2023-02-20,1770.0,1803.9,1730.1,1737.3,12128535,KOTAKBANK,1840.3775,69.0881996836509,1399.438152893679,-2.0577291690156763,1.0188223104817822,1.0383353479537214,0.9958556380590571,-1.2909293234071468,-3.444479172480487,-4.577649180019068,12947746.7,0.936729400182041,16695788.2,0.7264427923205208,564659540,0.9242071682078664,4.247970989466424,73.80000000000018,30.100000000000136,43.700000000000045,73.80000000000018,67.59016617105608,-1.4919696919587335,-6.884630845504491,33.048471532085514,17.038571883965584,21.947720752311128,24.14267800314786
2023-02-27,1745.0,1745.0,1687.75,1725.95,13670354,KOTAKBANK,1836.2625,73.4177733303807,1400.1959514225011,-0.6533126115236265,1.0110373996929227,1.0110373996929227,0.977867261508155,-1.304684961346983,-3.5354907647632676,-4.8265809711037555,13355332.45,1.0235876981108023,15144220.8,0.9026779377120544,550989186,0.9063668912150242,3.317013818476781,57.25,7.7000000000000455,49.549999999999955,57.25,66.21147734824861,-1.50253126723951,-7.114603234399808,31.14474691086997,15.149334292911162,20.287266143540776,23.264890049607384
2023-03-06,1725.95,1765.0,1718.0,1751.0,22941534,KOTAKBANK,1830.905,75.61321052081323,1401.5570007060066,1.4513746052898346,0.985693889206168,1.0079954311821817,0.9811536264991434,0.09639405709618286,-1.7608290538189588,-3.049676932126498,14178442.35,1.6180574306880755,15553316.4,1.4750252235593946,573930720,0.947587012177205,2.6841804683038264,47.0,39.049999999999955,7.9500000000000455,47.0,63.64994703514879,-1.0567597837682794,-3.44903642028066,39.95324856937502,24.163368118028092,18.7837580983016,24.93248573678904
2023-03-13,1736.0,1744.55,1666.2,1673.9,25986006,KOTAKBANK,1819.81,81.63043259910732,1402.7486217142962,-4.403198172472866,1.0370989903817431,1.0422068223908239,0.9953999641555649,-3.0034506266900043,-5.526808227101969,-7.146475665097898,15042477.5,1.727508384174083,17163043.0,1.514067522874586,547944714,0.9106491847895802,4.6806858235258915,78.34999999999991,6.4500000000000455,84.79999999999995,84.79999999999995,66.46995409712895,-1.7874461197158407,-8.281964877674575,27.472162802085947,2.780787287829559,14.031163232922923,19.330004969410012
2023-03-20,1673.0,1706.2,1643.5,1699.65,35855650,KOTAKBANK,1809.6950000000002,83.43046411297752,1404.5303363520775,1.53832367524942,0.9843203012384902,1.0038537345924161,0.9669637866619598,-0.9619533449107796,-3.3669071151687517,-5.062921864985984,16183851.15,2.215520253348351,22116415.8,1.6212233629646264,583800364,0.9748187141617002,3.6889947930456293,62.700000000000045,32.299999999999955,30.40000000000009,62.700000000000045,65.9672935508451,-1.3190026109765185,-6.195154257961255,35.265233533600025,23.56273604699962,16.83563048428574,21.011982155858835
2023-03-27,1707.55,1713.2,1675.0,1705.2,19091243,KOTAKBANK,1800.825,84.69223928281959,1405.4879860849,0.3265378166092958,1.0013781374618813,1.004691531785128,0.9822894675111423,-0.42223160633264717,-2.5975488480429143,-4.327554276431772,16603044.15,1.1498640145457903,23508957.4,0.8120837804572312,602891607,1.008949229291487,2.2402064273985483,38.200000000000045,13.549999999999955,24.65000000000009,38.200000000000045,62.26498774406576,-1.1290881054717632,-4.459883460331682,36.95004885036535,28.244449530785094,18.195990955204746,21.324409520566014
2023-04-03,1708.95,1752.2,1685.45,1745.7,11195273,KOTAKBANK,1791.97,80.41843759527191,1406.1222307371183,2.375087966220968,0.9789482728991236,1.003723434725325,0.9654866242767944,1.2717002405459352,-0.18625698852664374,-1.748238580220245,16642855.05,0.6726774322293938,23013941.2,0.48645613989836733,614086880,1.0299203694401717,3.8236810448530676,66.75,47.0,19.75,66.75,62.86298937819033,-0.5753655676931525,-2.133146461107216,48.28332045022856,52.544987146529586,34.78405757477142,24.149946700214535
2023-04-10,1745.0,1768.0,1739.05,1759.3,5336876,KOTAKBANK,1782.73,72.21736815447748,1406.435824315775,0.7790571117603173,0.9918717671801285,1.0049451486386631,0.9884897402375945,1.3566028571670707,0.5041864906313455,-0.8815485791884726,16094635.65,0.3315934648076361,19493009.6,0.2737840954020768,619423756,1.042096320669907,1.6455408401068634,28.950000000000045,22.299999999999955,6.650000000000091,28.950000000000045,58.341257461098294,-0.32443719009368804,1.9145546705285899,51.650703297084256,59.99999999999998,46.929812225771535,25.08924826739903
2023-04-17,1847.2,1913.8,1826.0,1895.15,25980891,KOTAKBANK,1781.08,69.02648118848731,1408.5392271270343,7.721821178877963,0.9746985726723478,1.0098409096905256,0.9635121230509458,5.618437030178448,6.545436792248357,5.82077968458835,16957191.0,1.5321459196868161,19491986.6,1.332901131791256,645404647,1.086006220170767,4.632878663957996,87.79999999999995,154.5,66.70000000000005,154.5,71.16242313295186,1.6525541797287142,8.480251860332011,72.37917135484005,93.10025897151318,68.5484153726809,34.54719353933044
2023-04-24,1900.95,1904.6,1872.05,1897.25,10860901,KOTAKBANK,1779.02,64.55260074667261,1409.4169361437916,0.11080917077803676,1.0019501910660167,1.0038740281987086,0.9867176176044274,3.815269798477668,5.699038625151195,5.431271437243538,17019150.0,0.6381576635730927,14493036.8,0.7493875265672408,656265548,1.1043704571878277,1.7156410594281173,32.549999999999955,9.449999999999818,23.100000000000136,32.549999999999955,66.01410004855828,1.8315296151115064,6.9596346826023225,72.58878180989511,93.87717351091382,82.32581082747565,34.61240257201214
2023-05-01,1902.0,1943.3,1863.35,1938.05,17326842,KOTAKBANK,1782.6350000000002,71.33346837584554,1410.9272387683798,2.150480959283163,0.9813988287195893,1.0027089084388947,0.9614561027837258,3.8934394968006423,6.586517831945116,6.803628951670208,16771556.2,1.0331087821176665,14140156.6,1.225364222628199,673592390,1.1298540134360469,4.1252805655168885,79.95000000000005,46.049999999999955,33.90000000000009,79.95000000000005,67.87222004208385,2.17871082871144,11.555286939503828,76.57408663609453,98.24883255503669,95.07542167915454,37.36002443979704
2023-05-08,1918.0,1974.0,1890.0,1958.85,18861516,KOTAKBANK,1787.67,79.97466605449362,1412.626020559377,1.0732437243621051,0.9791459274574368,1.007734129718968,0.9648518263266713,3.275963079281034,6.495794201788028,7.143796274499027,16868133.0,1.1181744891387801,15673405.2,1.203408943960691,692453906,1.154285090656418,4.28823033922965,84.0,35.950000000000045,48.049999999999955,84.0,70.02259070313934,2.1404278185214323,13.494017787305523,78.41970406646186,95.41603630862328,95.84734745819124,38.66727438762081
2023-05-15,1964.85,1980.0,1931.65,1973.0,18136111,KOTAKBANK,1795.6425,90.00854239431312,1414.2916216948488,0.7223626107154768,0.9958692346680182,1.003547896604156,0.9790420679168779,2.6464336130595245,6.14261956650748,7.158932195274824,17157117.95,1.057060460437063,18233252.2,0.9946723053608616,710590017,1.174247202419129,2.450582868727821,48.34999999999991,21.15000000000009,27.199999999999818,48.34999999999991,67.13291194272075,1.9704518624801748,12.678469446030839,79.67655422710175,97.91976225854383,97.19487704073458,39.50446780103316
2023-05-22,1978.0,1978.0,1895.55,1940.2,21544549,KOTAKBANK,1801.4,95.50373649345899,1416.1420217234752,-1.6624429802331475,1.0194825275744768,1.0194825275744768,0.9769869085661271,0.6670836403691836,3.9050709373345462,5.12362580464426,17763108.75,1.2128816697133602,17345983.8,1.242048260185738,689045468,1.131728648158798,4.249561900834968,82.45000000000005,5.0,77.45000000000005,82.45000000000005,69.175190350358,1.4533462783365163,15.908955134715331,68.93790833150587,88.17236255572067,93.83605370762923,37.00603260390049
2023-05-29,1940.2,1973.3,1897.4,1953.2,20930739,KOTAKBANK,1808.4650000000001,101.36775556567586,1417.9715615698044,0.6700340171116315,0.9933442555805857,1.0102908048330943,0.971431497030514,0.8854787627292877,3.895417907294906,5.275507144168493,18195311.05,1.1503369710186955,19359951.4,1.0811359268184941,709976207,1.1559319629884899,3.885930780258031,75.89999999999986,33.09999999999991,42.799999999999955,75.89999999999986,70.07183163697691,1.4278209001700402,14.917777189421354,70.74130532085958,92.03566121842498,92.70926201089647,37.746062963184976
2023-06-05,1957.85,2064.4,1922.25,1924.9,107959244,KOTAKBANK,1815.47,104.44053760268773,1426.7249845613176,-1.4489043620724895,1.0171177723518103,1.0724712972102446,0.9986233051067588,-0.3811394117918414,2.1278420058311274,3.559289923887343,22957833.5,4.702501392389661,37486431.8,2.8799551948820055,602016963,0.9792094715215793,7.384799210348595,142.1500000000001,111.20000000000005,30.950000000000045,142.1500000000001,79.68225408538,1.0477732354872897,12.884119164907348,61.73795998944309,66.85673556664291,82.35491978026283,34.91738217452321
2023-06-12,1934.9,1972.0,1860.7,1879.45,29716966,KOTAKBANK,1820.2549999999999,105.10096636844285,1428.866647073768,-2.36116161878539,1.0295033121391897,1.0492431296389901,0.9900236771395887,-1.8724113450772493,-0.20482447660249686,1.1248436563621502,23372272.25,1.2714624270218313,39657521.8,0.74933996506055,572299997,0.9305977609542949,5.92194524994014,111.29999999999995,47.09999999999991,64.20000000000005,111.29999999999995,83.89795354066266,0.5632203208530515,7.661682992495855,49.95608097544012,56.05844618674269,71.65028099060352,31.534318044934373
2023-06-19,1875.35,1883.0,1818.0,1824.55,30786128,KOTAKBANK,1825.17,102.7455753945615,1430.7963556738634,-2.9210673335284265,1.0278424817078184,1.0320352963744486,0.9964100737168069,-3.2918083920255894,-2.7599560107035,-1.6960820700333354,23866775.85,1.2899156632419624,42187525.2,0.7297448203953902,541513869,0.8809850033850877,3.5625222657641613,65.0,3.5499999999999545,61.450000000000045,65.0,81.37822640190764,-0.006034323109478989,3.7088614789973384,39.46040936984532,43.01496792587311,55.310049893086216,27.519894271794538
2023-06-26,1820.0,1849.75,1815.3,1822.95,15247965,KOTAKBANK,1828.9675,101.09463293969749,1431.7413066238603,-0.08769285577264752,0.9983817438766833,1.014701445459283,0.9958035053073315,-2.254978286722178,-2.4429842081692126,-1.6365621634197387,23732305.45,0.642498261794452,40928208.4,0.3725539327541149,526265904,0.8589333951253133,1.8897940151951533,34.450000000000045,25.200000000000045,9.25,34.450000000000045,75.12112954831996,-0.05952343685336233,-3.8097248238925685,39.18357407144286,37.994350282485875,45.68925479836721,27.32397895948364
2023-07-03,1827.7,1859.0,1820.65,1843.95,14621907,KOTAKBANK,1832.475,100.29360647619399,1432.691604848714,1.151978935242326,0.9911873966213834,1.008161826513734,0.987364082540199,-0.7269584922874647,-1.093973602762119,-0.4391424638170745,23908961.5,0.6115659603199411,39666442.0,0.3686215920248153,540887811,0.8853921470226342,2.0797743973535026,38.34999999999991,36.049999999999955,2.2999999999999545,38.34999999999991,70.21831227521061,0.11441407287237078,-2.8093292923968893,45.024434184668536,41.82609842987201,40.945138879410315,28.705298038981198
2023-07-10,1850.0,1882.85,1836.05,1866.9,18863099,KOTAKBANK,1838.955,97.98075388350834,1433.9791435940983,1.244610754087705,0.9909475601264127,1.008543574910279,0.9834752798757298,0.3408591383743225,0.12753030242040925,0.7292693677705251,24245689.7,0.7779980373171237,21847213.0,0.8634098546116614,559750910,0.9166378649883268,2.506829503454923,46.799999999999955,38.899999999999864,7.900000000000091,46.799999999999955,67.09587063851585,0.2852090731331241,-3.671215912902137,50.963116263816346,39.29614261564471,39.70553044266751,30.190178032913163
2023-07-17,1874.0,1901.6,1860.0,1897.05,24178982,KOTAKBANK,1847.5100000000002,95.01951960131605,1435.7325675068964,1.6149766993411419,0.9878495558894073,1.0023984607680345,0.980469676603147,1.2831676991226721,1.4698398588433772,2.114739675179831,24771121.1,0.9760955873733143,20739616.2,1.1658355567833507,583929892,0.9536607534296813,2.192878416488754,41.59999999999991,34.69999999999982,6.900000000000091,41.59999999999991,63.69642122004706,0.5213665592907669,-3.154912321004666,57.862928207009254,32.81814532316337,37.98012878956001,32.131153317373474
2023-07-24,1895.35,1987.75,1879.35,1897.25,29361860,KOTAKBANK,1854.8225000000002,92.8031043534285,1437.8449898606277,0.010542684694669902,0.9989985505336672,1.0477006193174332,0.9905652918698116,0.8623826709256895,1.2687655610799755,1.9479701282030581,25092137.4,1.1701617734645435,20454762.6,1.4354534723370487,613291752,0.9984048130306123,5.71353274476216,108.40000000000009,90.70000000000005,17.700000000000045,108.40000000000009,69.65689839070747,0.4571775943875777,-3.8393309680689325,57.9082598914542,32.898434363709356,35.00424076750579,31.950941400428917
2023-07-31,1901.0,1902.6,1849.15,1856.55,23024230,KOTAKBANK,1863.955,82.47420314384568,1439.3424193686853,-2.1452101726182615,1.0239422584902103,1.0248040720691605,0.9960141121973554,-0.8739667582653272,-0.7677071707849946,-0.18476701484538288,24944048.6,0.923035004028977,22010015.6,1.046079676563246,590267522,0.9576236749817216,2.878995987180513,53.44999999999982,5.349999999999909,48.09999999999991,53.44999999999982,67.49597860527979,-0.08978565075778537,-4.311411194722203,46.230094828649236,16.55961461260537,27.425398099826015,28.98598519831767
2023-08-07,1850.0,1865.75,1805.85,1831.55,24815527,KOTAKBANK,1870.55,73.4209062439714,1440.8484083609326,-1.346583717109695,1.0100734350686578,1.0186727089077559,0.9859681690371543,-1.5005734614788948,-1.836985885298184,-1.4228986930706642,24392042.45,1.0173615862988137,24048739.6,1.031884722973174,565451995,0.9187314922913841,3.2704539870601455,59.90000000000009,9.200000000000045,50.700000000000045,59.90000000000009,66.48318145790915,-0.5311838547784514,-6.228240835551924,40.448705366028044,9.94005028040999,19.799366418908217,27.116078927658894
2023-08-14,1831.5,1842.65,1782.0,1794.1,19391581,KOTAKBANK,1874.9950000000001,65.10347209595825,1441.905173558259,-2.0447162239633165,1.0208461066830166,1.0270609219107074,0.9932556713672595,-2.4128626510494344,-3.3966245701631106,-3.2449980080183876,24407059.35,0.7945070613351051,24154436.0,0.802816550963972,546060414,0.8913397815678635,3.380525054344802,60.65000000000009,11.100000000000136,49.549999999999955,60.65000000000009,65.70542393018795,-1.2425604563880446,-6.795158190035854,33.259472931347204,4.284702549575037,10.261455814196779,24.42565800444509
2023-08-21,1787.0,1789.85,1746.5,1760.35,15084439,KOTAKBANK,1875.7274999999997,63.63809161146506,1442.6444979851115,-1.8811660442561773,1.015139034851024,1.0167580310733662,0.9921322464282671,-2.9175701355782753,-4.610552678077637,-4.7890741513545425,24601517.65,0.6131507500717136,22335527.4,0.6753562935791703,530975975,0.872636516867445,2.462578464509894,43.34999999999991,4.25,47.59999999999991,47.59999999999991,63.29136740616288,-1.8130257692896212,-6.336960280933257,28.071341912176266,4.35671594841142,6.193822926132131,22.022438823883224
2023-08-28,1769.0,1799.0,1754.0,1790.35,14814774,KOTAKBANK,1877.2800000000002,60.97112215503306,1443.4355210579467,1.704206549833831,0.9880749574105623,1.004831457536236,0.9796967073477254,-0.7953545724449556,-2.4494108048405456,-2.780411349070786,25075412.55,0.5908087841210812,19426110.2,0.7626217419481127,545790749,0.9024443327053846,2.5134750188510626,45.0,38.65000000000009,6.349999999999909,45.0,60.85251841867449,-1.4257569309444698,-1.8744347921405335,37.991964525364494,13.793645800566184,7.478354766184194,24.033943593669278
2023-09-04,1796.95,1797.55,1754.3,1762.2,21011491,KOTAKBANK,1870.6325000000002,65.96345135357545,1444.4607251461114,-1.5723182617923825,1.019719668596073,1.020060152082624,0.9955169674270797,-1.6036632462364557,-3.5022630645684534,-4.053739835002524,24826942.55,0.8463181061334514,19023562.4,1.1044982300475963,524779258,0.8764429338907168,2.4543184655544206,43.25,7.2000000000000455,36.049999999999955,43.25,58.50551596285123,-1.6438269644015935,-3.3325104912367287,33.0557993290075,4.938659955961007,7.696340568312851,21.997086478190568
2023-09-11,1765.0,1811.5,1760.2,1807.9,17388739,KOTAKBANK,1866.1650000000002,67.08206502016938,1445.4255068911546,2.593349222562713,0.9762708114386858,1.0019912605785717,0.9736157973339233,0.6431124979191692,-0.7593757425185628,-1.3048520248933257,25153334.45,0.6913094975366179,17538204.8,0.9914777024385072,542167997,0.9141944436778027,2.8375463244648462,51.299999999999955,49.299999999999955,2.0,51.299999999999955,57.54478050113773,-0.8685630053648724,-1.9550421649176974,46.15946997438183,25.450777202072576,14.727694319533237,25.077355517854517
2023-09-18,1819.0,1836.0,1794.0,1798.35,19991911,KOTAKBANK,1859.1799999999998,66.47345413971614,1446.4993523767696,-0.5282371812600384,1.011482748074624,1.0209358578697139,0.9975811160230211,0.07699023548921623,-1.109529165973258,-1.6892550455441178,25286587.9,0.790613232558751,17658270.8,1.1321556468598273,522176086,0.8918698376375802,2.3354741846692804,42.0,28.09999999999991,13.900000000000091,42.0,55.47214310098604,-0.9151021379473585,-3.6718624457657167,44.07906693550954,21.492227979274574,17.2938883791027,24.324286564324975
2023-09-25,1786.95,1803.45,1751.0,1784.4,16089584,KOTAKBANK,1850.4575,64.11009501550043,1447.324776833481,-0.7757110684794344,1.0014290517821116,1.0106758574310692,0.9812822237166554,-0.46945550698944544,-1.6285530673590225,-2.2772168946936717,25147991.3,0.6397959903859199,17859299.8,0.9009078844177306,506086502,0.8783688550856432,2.939363371441383,52.450000000000045,5.100000000000136,47.34999999999991,52.450000000000045,55.06919068752124,-1.0303759491235915,-5.938167154265828,40.96706232690518,15.709844559585532,20.884283246977542,23.289535877633945
2023-10-02,1776.1,1781.8,1729.0,1735.7,18495299,KOTAKBANK,1838.5925,62.16659975422265,1448.132281389943,-2.7292086976014374,1.023275911735899,1.0265598893818055,0.996139885924987,-2.1922745507756605,-3.840026713007743,-4.717987175961924,25165950.7,0.7349334511729771,18595404.8,0.9946166377620346,487591203,0.8629683471921963,3.042000345681855,52.799999999999955,2.6000000000001364,55.40000000000009,55.40000000000009,55.11329859585175,-1.6551090200652478,-8.514955857161677,31.89618586250829,2.589371980676346,13.263814839845466,19.857834971681207
2023-10-09,1730.0,1747.0,1709.0,1719.3,18554485,KOTAKBANK,1827.5475000000001,62.78443168368877,1448.8918977088972,-0.9448637437345253,1.0062234630372826,1.0161112080497878,0.9940091897865411,-2.1113751479405662,-4.14045634806569,-5.240461900894166,25016447.5,0.741691441200834,18104003.6,1.0248829711898642,469036718,0.8466123980976918,2.210201826324667,38.0,11.299999999999955,26.700000000000045,38.0,52.83152544973818,-1.7241137189129416,-7.392744606932212,29.369379325131575,3.695067264573975,7.331427934945265,18.66309713779844
2023-10-16,1727.5,1779.95,1720.6,1749.75,12956537,KOTAKBANK,1817.375,57.62406181450281,1449.479264436826,1.771069621357535,0.9872838976996714,1.0172596085155023,0.9833404772110301,-0.22292224293155974,-1.9955601490315902,-3.1249315429956925,24617737.4,0.5263090100229927,17217563.2,0.7525186258645474,481993255,0.8882756846823154,3.3919131304472145,59.350000000000136,60.65000000000009,1.2999999999999545,60.65000000000009,53.873988723106436,-1.173554898259188,-4.4661625399252,39.617327589161725,14.618834080717487,6.967757775322585,20.71576620172209
2023-10-23,1755.0,1775.2,1722.45,1740.75,19881041,KOTAKBANK,1808.1675,54.14615764908441,1450.349217044529,-0.5143591941705994,1.0081861266695389,1.019790320264254,0.9894872899612236,-0.4940622124829367,-2.1624823638914403,-3.3532643324679854,20213827.25,0.9835367025806555,17195389.2,1.1561844148313898,462112214,0.8627588941217395,3.0303030303030303,52.75,25.450000000000045,27.299999999999955,52.75,53.724123560025575,-1.2451021998075245,-2.973635806253827,37.74941214172341,11.390134529147982,9.901345291479794,20.022817921551304
2023-10-30,1749.0,1761.75,1688.4,1717.5,14278341,KOTAKBANK,1800.0700000000002,55.027424741539434,1450.9210421730368,-1.3356311934511034,1.018340611353712,1.025764192139738,0.983056768558952,-1.2363081208654763,-3.038972514008256,-4.3563388527016045,19441896.0,0.7344109339953264,16833140.6,0.8482279890182821,447833873,0.8459301094562601,4.270742358078597,73.34999999999991,21.0,52.34999999999991,73.34999999999991,56.34090708535549,-1.5005245182348,-2.4341750220126634,33.097837342923924,13.585434173669436,13.198134261178282,18.373085101013444
2023-11-06,1727.7,1758.65,1716.85,1740.2,12663642,KOTAKBANK,1795.8524999999997,56.27083584865984,1451.4691687005807,1.3216885007278023,0.9928169175956787,1.0106022296287784,0.9865820020687277,0.0561777582705197,-1.4527568060202427,-2.745476179685514,18535771.7,0.6832001496867811,15666809.2,0.808310220564887,460497515,0.876558130756329,2.4020227560050675,41.80000000000018,41.15000000000009,0.650000000000091,41.80000000000018,54.402119473974786,-0.9890114330214826,-2.8011282710084573,41.25289593533235,29.207781223569203,18.061116642128855,19.892315835954268
2023-11-13,1735.15,1760.95,1726.1,1748.2,13876593,KOTAKBANK,1792.1150000000002,56.85569938566514,1452.0839916773734,0.4597172738765698,0.9925351790412996,1.00729321587919,0.9873584258094039,0.34235615106674455,-0.8472816417718255,-2.0856907164881973,18467203.1,0.751418226401593,14731230.8,0.941984630367749,474374108,0.9074540000331853,1.9934790069786144,34.850000000000136,20.75,14.100000000000136,34.850000000000136,51.79517021077817,-0.7723939811577157,-0.7944614686187679,44.02733353834454,38.76823338735815,27.187149594865577,20.39248487138602
2023-11-20,1761.0,1784.25,1750.1,1770.55,10145908,KOTAKBANK,1788.4450000000002,55.69070814494766,1452.5657188426692,1.278457842352121,0.9946061958148598,1.0077377086216148,0.9884499166925531,1.066902760270289,0.36491432469546153,-0.730622763934528,18243403.15,0.556141193426403,14169105.0,0.7160584948731765,484520016,0.9318868267676456,1.9287791929061642,34.15000000000009,36.049999999999955,1.8999999999998636,36.049999999999955,49.695814182674404,-0.3213282896928591,-2.0659328502682706,51.42266481611046,55.65718157181566,41.21106539424765,21.891214767940724
2023-11-27,1778.95,1778.95,1733.7,1744.0,12617765,KOTAKBANK,1782.3,53.307743586811974,1453.1129287940346,-1.499534043093953,1.0200401376146788,1.0200401376146788,0.9940940366972477,-0.29281166582701007,-0.9873366361781427,-2.0754322191096604,17931136.45,0.7036790465112991,12716449.8,0.9922395950479826,471902251,0.9153517720499008,2.594610091743119,45.25,8.400000000000091,36.84999999999991,45.25,49.10303895831782,-0.7184697273413605,-3.022214808018453,43.537972630861184,37.6693766937669,44.03159721764689,20.018201300251178
2023-12-04,1745.0,1825.95,1738.0,1818.55,19658930,KOTAKBANK,1778.375,46.921537249926324,1454.1788736726623,4.274655963302743,0.9595556899727805,1.0040691759918616,0.9557064694399384,2.545741187502013,2.7021928333037577,1.933312635002255,17705133.85,1.1103519559102344,13792567.6,1.4253277975596075,491561181,0.962103236407379,4.836270655192326,87.95000000000005,81.95000000000005,6.0,87.95000000000005,54.28263376387545,0.8562166193747848,1.913808563102437,62.277587278479494,88.17750677506771,60.501355013550075,25.056829866265684
2023-12-11,1828.0,1861.65,1808.5,1844.05,18959293,KOTAKBANK,1775.7149999999997,40.95659480347715,1455.272541619478,1.4022160512496162,0.9912963314443751,1.0095442097557008,0.980721780862775,2.595575910462208,3.469416049458471,3.0152871223763382,17185005.5,1.1032462573258996,15051697.8,1.259611590129055,510520474,1.009362691706724,2.8822428892925944,53.15000000000009,43.100000000000136,10.049999999999955,53.15000000000009,54.13161592869207,1.6684736689632882,6.242438209367962,66.64661271820097,89.84126984126976,71.89605110336811,26.715096125422445
2023-12-18,1848.0,1865.45,1813.1,1846.95,19581084,KOTAKBANK,1775.2350000000001,40.00455927965422,1456.4040327686314,0.1572625471109923,1.000568504832291,1.0100165137117951,0.9816724870732829,1.8323440474612496,3.1037006954340502,2.903604248364389,17012848.2,1.150958603157348,16192596.0,1.2092615662121133,530101558,1.0543479693630355,2.8344026638512214,52.350000000000136,21.40000000000009,30.950000000000045,52.350000000000136,53.894067138199816,1.7926706678274344,7.424533240272213,67.14593386848694,89.55097430104489,89.18991697246076,26.81577079190991
2023-12-25,1849.85,1879.65,1805.0,1860.5,12770620,KOTAKBANK,1776.6825000000001,42.5896987637968,1457.1639475259149,0.7336419502422808,0.9942757323300188,1.010292932007525,0.9701693093254502,1.6981986342232394,3.2651959915991497,3.309859828526504,16410602.85,0.7781932276790186,16717538.4,0.7639055281009554,542872178,1.0821781973718452,4.012362268207476,74.65000000000009,32.700000000000045,41.950000000000045,74.65000000000009,56.66152485310652,1.9680228419753139,6.329475639377047,69.59956366566976,89.98692810457511,89.7930574156299,27.679524542101124
2024-01-01,1867.0,1926.5,1857.15,1909.15,16579998,KOTAKBANK,1782.4350000000002,51.83283378222963,1458.2647739830877,2.61488847084117,0.9779221119346305,1.009087813948616,0.9727627478197104,2.802119113732045,4.911638526810463,5.292623083602185,16270023.7,1.0190518653024458,17509985.0,0.946888189795708,559452176,1.1137426795870389,3.6325066128905488,69.34999999999991,66.0,3.349999999999909,69.34999999999991,58.35332153935897,2.444685940428804,9.673991095792056,76.78281330778574,92.71314573708528,90.75034938090174,30.91929765164454
2024-01-08,1908.0,1908.0,1818.6,1826.1,31820585,KOTAKBANK,1785.7225000000003,52.43991166590422,1459.9761503537825,-4.350103449178966,1.0448496796451454,1.0448496796451454,0.9958928864793823,-1.0789238610585512,0.5032057515830749,0.9032694887396694,17106831.0,1.860109859038182,19942316.0,1.5956313699973463,527631591,1.050744884116038,4.895679316576315,89.40000000000009,1.150000000000091,90.55000000000018,90.55000000000018,62.6462120007778,0.7699765067730377,6.32314410480348,52.396424498639774,57.83284334313308,80.1776390615978,25.077385651642185
2024-01-15,1837.0,1858.0,1811.6,1851.5,23906984,KOTAKBANK,1788.78,54.46739343285994,1461.3399533482582,1.3909424456492125,0.9921685120172833,1.003510667026735,0.9784499054820416,0.20515874959797145,1.6012826771957163,2.0741769982564877,17561441.5,1.3613338062254172,20931854.2,1.1421340781171694,551538575,1.097725875876063,2.506076154469354,46.40000000000009,31.90000000000009,14.5,46.40000000000009,60.48005040067411,1.1515146227313555,6.395816572807722,57.194082337904646,68.50062998740025,73.0155396892062,26.69878735319578
2024-01-22,1850.55,1860.95,1754.15,1806.8,29797580,KOTAKBANK,1791.0099999999998,54.23438800343197,1462.8333184479404,-2.4142587091547374,1.024214080141687,1.0299701129067966,0.9708600841266328,-1.5091685392662515,-0.7140762468004042,-0.3194540146949152,18000745.95,1.6553525105441533,22975153.4,1.2969480325646052,521740995,1.0387338889884346,5.91100287801638,106.79999999999995,9.450000000000045,97.34999999999991,106.79999999999995,66.65604368058422,0.2911436927987644,3.352019219768909,47.47776524099612,49.72700545989077,58.68682626347468,23.51373032144268
2024-01-29,1801.0,1830.05,1752.4,1822.9,21987493,KOTAKBANK,1791.7599999999998,54.582847701081334,1463.9782057012728,0.8910781492140973,0.9879861758736079,1.0039223215755115,0.961325360689012,-0.40842091054411284,0.15037594913019903,0.5193608786705184,18230683.65,1.2060706785398034,24818528.0,0.8859305837961059,543728488,1.0823406481760716,4.259696088649945,77.64999999999986,23.25,54.399999999999864,77.64999999999986,68.12190452317297,0.5705088926568302,2.956708367456451,50.94139928717828,56.488870222595565,58.2388352232955,24.51688098230923
2024-02-05,1825.0,1850.0,1788.5,1808.35,22529438,KOTAKBANK,1792.2599999999998,54.69208448454588,1465.0965341146648,-0.7981787262055118,1.0092072884120884,1.0230320457875965,0.9890231426438466,-0.8108719653573389,-0.5597271462132781,-0.2576394501887935,18357560.0,1.2272566724553808,26008416.0,0.866236452077666,521199050,1.0375946674435348,3.4008903143749833,61.5,27.09999999999991,34.40000000000009,61.5,67.23898392008324,0.29419248053247327,3.689793577981648,47.663753150935264,43.644168852849965,49.95334817844542,23.42872690588664
2024-02-12,1814.0,1814.0,1691.1,1709.55,22397360,KOTAKBANK,1788.5175,57.73455426848363,1465.883189710316,-5.4635441148007775,1.061097949752859,1.061097949752859,0.9892076862332192,-4.424688882475482,-5.461177796089085,-5.547508861846581,18672948.8,1.1994549034483508,24123771.0,0.9284352765577156,498801690,0.9937269397491091,7.189026351963973,122.90000000000009,5.650000000000091,117.25,122.90000000000009,74.66045273073883,-1.3677684187666288,-5.993786258282697,31.688818286864745,7.837723024638929,35.990254033361474,16.622525723747252
2024-02-19,1713.0,1764.8,1709.0,1731.4,16975427,KOTAKBANK,1788.3025000000002,57.94920297123621,1466.529210330217,1.278114123599794,0.9893727619267644,1.0192907473720687,0.9870624927804089,-2.071243648313885,-3.5402349055120235,-3.864222667709547,18596955.2,0.9128067910815852,22737459.6,0.7465841522594723,515777117,1.0246689685093628,3.22282545916599,55.799999999999955,55.25,0.5499999999999545,55.799999999999955,72.14572569997365,-0.9819375777824656,-6.108836528293693,37.070837168447255,17.11979609175878,22.86722932308254,18.061064710067548
2024-02-26,1739.7,1769.0,1701.95,1706.3,27408587,KOTAKBANK,1787.6524999999997,58.830133424000834,1467.4674500466742,-1.4496938893381106,1.0195745179628437,1.0367461759362364,0.9974506241575339,-2.381820802395314,-4.339998517462283,-4.942744847310725,19039660.3,1.4395523117605202,22259661.0,1.231311968317936,488368530,0.9683581632983381,3.9295551778702427,67.04999999999995,37.59999999999991,29.450000000000045,67.04999999999995,71.46629560664383,-1.3828372513398124,-7.615257586832347,33.565595524928796,6.457094307561614,10.471537807986422,16.275151448553725
2024-03-04,1713.0,1741.5,1667.4,1727.2,20516220,KOTAKBANK,1786.525,59.80282844042755,1468.2260003811198,1.2248725312078879,0.9917786012042612,1.0082792959703566,0.9653774895785086,-0.7619657384310441,-2.637798321153602,-3.3668104862701256,19417644.45,1.0565761492249386,21965406.4,0.9340241480804107,508884750,1.006355583038559,4.290180639184802,74.09999999999991,35.200000000000045,38.899999999999864,74.09999999999991,71.81745619242463,-0.9920099357691169,-7.164740661112601,39.09827643852191,23.079891933616356,15.552260777645564,17.63856514948354
2024-03-11,1726.9,1771.95,1708.95,1729.65,17353409,KOTAKBANK,1785.97,60.299446623989994,1468.8701984678553,0.14184807781381092,0.9984100829647616,1.0244558147602116,0.9880322608620241,-0.41282618773282354,-2.1363555435888375,-2.9520281459034714,19291262.85,0.8995475897525288,20930200.6,0.8291085848455747,526238159,1.0341161773034881,3.6423553898187495,63.0,44.75,18.25,63.0,70.64179536676802,-0.9340052546617096,-9.40208993531153,39.776659698620804,24.025472790428417,17.854153010535445,17.753767610246175
2024-03-18,1734.9,1757.85,1707.35,1737.9,38690611,KOTAKBANK,1786.9899999999998,59.24357304695547,1470.3401927169598,0.4769751105714981,0.9982737786984291,1.0114793716554462,0.9824213130790033,0.04256293395780308,-1.415574149080636,-2.25802838234753,20511876.35,1.8862541066361291,24188850.8,1.5995224957111231,564928770,1.0975202929628236,2.905805857644283,50.5,28.199999999999818,22.300000000000182,50.5,67.95622265119896,-0.8286130878887364,-4.829965500246414,42.27496502932092,27.20957159397917,24.771645439341295,18.197136187145333
2024-03-25,1734.85,1790.65,1730.55,1776.4,19746925,KOTAKBANK,1788.8,58.284032299199794,1471.1913424781828,2.215317337015943,0.9766099977482547,1.0080218419274938,0.9741893717631164,1.4726300844123772,0.6706374141825037,-0.03830325295068982,20866040.5,0.946366657344502,24743150.4,0.7980764244152192,584675695,1.1223456084250587,3.3832470164377466,60.100000000000136,52.75,7.350000000000136,60.100000000000136,66.90872629770578,-0.21275123753182926,-4.056170672427761,52.814945838852736,42.068699343882685,31.10124790943007,20.745680640541384
2024-04-01,1765.0,1817.65,1750.0,1790.7,23050712,KOTAKBANK,1790.925,57.49529843480076,1472.2251974630778,0.8049988741274383,0.9856480705869213,1.015049980454571,0.9772714580890155,1.5062936586996178,1.254730537564942,0.6971919322072646,21324746.45,1.0809372132065842,23871575.4,0.9656133545337775,607726407,1.1518510924289536,3.777852236555542,67.65000000000009,41.25,26.40000000000009,67.65000000000009,67.00756279134502,-0.003913363459710664,-0.8910781492140751,56.2393322902477,47.58780393670398,38.955358291521925,21.632207021433572
2024-04-08,1793.9,1801.85,1723.3,1788.4,41852867,KOTAKBANK,1791.8174999999999,57.30058389296942,1474.071917442055,-0.12844139163454837,1.0030753746365466,1.0075206888839185,0.9635987474837843,0.9197495171227205,0.9666322524287622,0.5220251585700131,22910094.4,1.826830840120851,28138904.8,1.4873665943103798,565873540,1.0643199449273781,4.392194140013417,78.54999999999995,11.149999999999864,67.40000000000009,78.54999999999995,68.54655441916569,-0.05964162610250654,-1.8925887322398416,55.49194116830248,50.29093931837076,46.649147532985786,21.32379559223921
2024-04-15,1790.35,1829.9,1775.7,1798.15,16185144,KOTAKBANK,1794.525,56.19082033104014,1474.8022740400925,0.5451800492059844,0.9956622083808357,1.0176570363985207,0.9875149459166365,0.9713242448895543,1.2888127656171673,0.9729670183917171,23088463.35,0.7010056821299889,27905251.8,0.5800035103069738,582058684,1.0835369356446283,3.0142090481884183,54.200000000000045,41.5,12.700000000000045,54.200000000000045,66.63368049661027,0.06451231675643519,-0.564050100920721,58.20850769264757,67.55360371996902,55.14411565834789,21.924818780901706
2024-04-22,1778.0,1822.5,1763.0,1809.95,18369037,KOTAKBANK,1794.095,56.02996825009642,1475.6573053213904,0.6562300141812472,0.982347578662394,1.0069338932014695,0.9740600569076494,1.0779622608168313,1.6563103200930505,1.4836941667510086,23023968.7,0.797822358054196,23840937.0,0.7704830141533447,600427721,1.106519544467732,3.287383629382027,59.5,24.34999999999991,35.15000000000009,59.5,65.68252309706223,0.2829735674528556,5.872890526746821,61.49075982571069,73.65021958150348,63.831587539947726,22.653816267036504
2024-04-29,1810.0,1845.5,1602.0,1640.4,108804419,KOTAKBANK,1783.9125,64.35950605573639,1478.1097448918879,-9.367662090112983,1.1033894172153134,1.1250304803706412,0.9765910753474761,-6.097676260275783,-7.292904763375274,-7.97394259386831,27516225.0,3.9541913543736467,41652435.8,2.612198228272643,491623302,0.9075858062026987,14.843940502316508,243.5,35.549999999999955,207.95000000000005,243.5,89.39152001745393,-2.229857076213662,-5.25586230795888,26.710606132770664,15.483870967741971,52.22923142307147,10.979580891673404
2024-05-06,1640.4,1647.0,1543.85,1624.3,82578726,KOTAKBANK,1772.78,71.7174819031442,1479.7429958918342,-0.9814679346500932,1.0099119620759713,1.013975250877301,0.9504709721110632,-4.766208269144215,-7.162618256923419,-8.290494866547517,30666107.1,2.6928336789119216,53558038.6,1.541854932678584,409044576,0.763670596675578,6.350427876623782,103.15000000000009,6.599999999999909,96.55000000000018,103.15000000000009,91.22598401512676,-2.0703459750653965,-4.805719978901712,25.151885874991137,26.277968316184886,38.47068628847676,9.769061553897874
2024-05-13,1628.7,1661.85,1615.9,1641.2,41985232,KOTAKBANK,1761.815,74.31739206376504,1480.6549224876921,1.040448193067789,0.9923836217401901,1.0125822568852059,0.9845844504021448,-2.4582630967466734,-5.193538265408955,-6.577441248733862,32126837.7,1.3068585334186191,53584511.6,0.783532978958793,451029808,0.8493370505238077,2.7997806483061063,45.94999999999982,37.549999999999955,8.399999999999864,45.94999999999982,85.18918614644316,-1.622971375213371,-4.979157017137559,30.092882601122838,32.272501243162644,24.678113509029814,10.842842250007271
2024-05-20,1642.0,1705.65,1632.5,1696.95,26450029,KOTAKBANK,1751.205,66.95907803711455,1481.4218188033585,3.3969047038752143,0.9676183741418427,1.0051268452223105,0.9620200948761012,0.6052029054556107,-1.4893788441561249,-2.8197090049619424,32620339.25,0.8108446940814694,55637488.6,0.47539940542895026,477479837,0.9061389648675928,4.310675034620943,73.15000000000009,64.45000000000005,8.700000000000045,73.15000000000009,83.58396132691742,-0.8102710131392048,-1.8905558928106858,44.131046644345524,50.75418531410578,36.43488495781775,14.548738142032885
2024-05-27,1692.0,1722.0,1681.1,1711.0,25940623,KOTAKBANK,1745.45,65.1038138587042,1482.2173685029488,0.827956038775457,0.988895382817066,1.0064289888953828,0.9825248392752776,0.9475936374100414,-0.5622784150909652,-1.810781081028236,32326341.15,0.8024608439176855,57151805.8,0.4538898226729347,503420460,0.9575677258133688,2.3904149620105253,40.90000000000009,25.049999999999955,15.850000000000136,40.90000000000009,77.89276648332844,-0.5291548675591787,-1.5478451004085403,47.213463998969225,55.411901210011614,46.146195922426664,15.43516061535046
2024-06-03,1712.3,1738.85,1660.55,1718.05,36854649,KOTAKBANK,1738.7775000000001,60.32601663375561,1483.372734552077,0.412039742840431,0.9966531823870085,1.0121067489304734,0.9665318238700853,0.9027027593719877,-0.12824757381282764,-1.2769181497449829,32973724.4,1.1176974900657568,42761851.8,0.8618581153213764,540275109,1.0287718540517035,4.5574925060388205,78.29999999999995,27.84999999999991,50.450000000000045,78.29999999999995,77.94706428555132,-0.3435913915191618,-3.284733168205367,48.847452050398104,57.74904690866899,54.63837781092877,15.820519009255401
2024-06-10,1703.25,1773.45,1602.45,1745.65,45471877,KOTAKBANK,1735.72,58.20948647592495,1484.9485658680956,1.6064724542359077,0.9757110531893564,1.015925300031507,0.9179675192621659,1.6463355486453037,1.2470169142779672,0.29731515964145905,33757439.25,1.347017961381653,35340482.0,1.286679593107983,585746986,1.108602017397357,9.795778076934093,171.0,55.40000000000009,115.59999999999991,171.0,90.35412238081115,0.17059075077233407,-2.5157759535377244,55.122565812872686,66.89872368639155,60.01989060169069,17.55626020484416
2024-06-17,1746.6,1747.2,1710.4,1717.2,19157034,KOTAKBANK,1730.4350000000002,54.561677075256405,1485.5349672097684,-1.629765416893425,1.017120894479385,1.0174703004891683,0.9960400652224551,0.011229773465577943,-0.33350550244118365,-1.2416486968752698,33615916.3,0.5698798696735213,30774842.4,0.6224900765048272,566589952,1.070029932190486,2.143023526671323,36.799999999999955,1.5499999999999545,35.25,36.799999999999955,83.21357273003633,-0.24256952332578077,-3.9812122567658315,48.10388375984521,57.46726338471741,60.705011326592626,15.594720952638394
2024-06-24,1718.6,1789.85,1703.25,1772.55,48170809,KOTAKBANK,1728.645,52.41604791424823,1487.345674826006,3.223270440251569,0.9695636230289696,1.0097599503540098,0.9609037826859609,2.0889993764144155,2.3995959096255897,1.7597646251155956,34897984.85,1.380332108201944,35118998.4,1.3716452972645143,614760761,1.1508352500813337,4.885616766804881,86.59999999999991,72.64999999999986,13.950000000000045,86.59999999999991,83.66509636603148,0.8376251500652588,-1.4236854544949051,59.64001941837452,75.81634344438919,66.72744350516602,19.175389420307962
2024-07-01,1776.55,1847.95,1763.0,1808.1,33833077,KOTAKBANK,1733.5724999999998,55.090486510365636,1488.7606657585586,2.0055851739020136,0.9825507438747857,1.0220397101930203,0.9750566893424036,2.676052520938497,3.701630154593301,3.3837075128926877,35469770.7,0.953856659693602,36697489.2,0.9219452812046879,648593838,1.197382934454683,4.69830208506167,84.95000000000005,75.40000000000009,9.549999999999955,84.95000000000005,83.83641685056062,1.352819782885332,-0.10221276830852943,65.34846495389166,86.8957579743505,73.39312160115234,21.450011515365393
2024-07-08,1820.95,1857.95,1737.1,1853.2,31001769,KOTAKBANK,1739.6625,61.228016194440656,1490.2278996793364,2.4943310657596474,0.9825976688970429,1.00256313403842,0.9373516080293546,3.3630371117018845,5.181578188702248,5.257073219956206,36171087.8,0.8570869964270194,35526913.2,0.8726277125590522,679595607,1.2359269659817738,6.5211526009065475,120.85000000000014,49.850000000000136,71.0,120.85000000000014,88.7715612704859,1.8543390274060365,12.972445744940252,71.29211186756439,98.48774275708372,87.06661472527446,24.35681820201911
2024-07-15,1861.2,1870.0,1820.2,1843.55,24316223,KOTAKBANK,1746.525,64.87486233634205,1491.3401058690274,-0.5207209151737557,1.0095739198828348,1.0143473190312169,0.987334219305145,1.9047961362248202,4.0159323196951515,4.364382532046473,36016469.6,0.6751417690311323,31295782.4,0.776980830490437,655279384,1.1738884163440768,2.701309972607196,49.799999999999955,16.799999999999955,33.0,49.799999999999955,83.57535310108779,1.4955715743484164,13.498122268053937,68.39571482968827,91.89023455465275,92.42457842869563,23.617006794418252
2024-07-22,1842.1,1849.1,1748.9,1757.55,29014766,KOTAKBANK,1748.0425,64.7538848153966,1492.336275856138,-4.664912804100785,1.04810673949532,1.0520895564848796,0.995078376148616,-1.930116007344601,-0.5834882025023544,-0.28896609928133,36441396.9,0.7962034517946813,33267328.8,0.8721699952056264,626264618,1.1102375092691963,5.7011180336263445,100.19999999999982,5.5499999999999545,94.64999999999986,100.19999999999982,85.79197268760939,0.14682516774251245,7.089324884231041,48.24180836766666,65.52199908017784,85.29999213063807,17.77171328169394
2024-07-29,1769.0,1829.85,1729.05,1793.9,30054518,KOTAKBANK,1751.2549999999999,65.3840756003074,1493.50066706868,2.068219965292606,0.9861196276269579,1.0200401360165003,0.963849712915993,0.09020369447999228,1.2468398348492151,1.5979339221012627,37076452.35,0.8106093246540077,29644070.6,1.0138458515208097,656319136,1.150255123840404,5.619042310050724,100.79999999999995,72.29999999999995,28.5,100.79999999999995,87.79304299592813,0.65222303150218,5.713191313827748,54.745317294104694,76.6671776789821,78.02647043793753,20.11377293328694
2024-08-05,1793.9,1818.25,1768.55,1773.65,23456245,KOTAKBANK,1753.0425000000002,65.48834624131615,1494.342355514215,-1.1288254640726914,1.011417134158374,1.0251458856031348,0.9971245736193725,-0.7003199024506435,0.10231007715453945,0.4349256378763321,36314734.05,0.6459153732946036,27568704.2,0.8508287088807025,632862891,1.1025823680303002,2.802131198376232,49.700000000000045,24.34999999999991,25.350000000000136,49.700000000000045,82.71397059647106,0.3146743074571444,3.661601402688497,50.6541067772471,70.45837804691097,70.88251826869028,18.6910076834216
2024-08-12,1785.0,1792.2,1751.25,1772.55,16942874,KOTAKBANK,1752.85,65.42169887898037,1494.9448012843402,-0.062019000366486665,1.007023779301007,1.0110857239570112,0.987983413725988,-0.5085413274591587,0.03455664035838696,0.3420432161675173,36174531.5,0.4683647112333715,24756925.2,0.6843690750416777,615920017,1.0701516147943944,2.310231023102313,40.950000000000045,18.549999999999955,22.40000000000009,40.950000000000045,77.14544118360826,0.30112333274074526,3.172201041878875,50.41794719424175,63.57690151373573,70.23415241320957,18.569595243728262
2024-08-19,1763.0,1791.5,1744.55,1781.35,11250118,KOTAKBANK,1752.3824999999997,65.1699120821175,1495.3560227572018,0.4964599024005034,0.9896988239256744,1.0056979257304854,0.9793415106520336,-0.00801449462028626,0.45290852741729354,0.7648307805407336,35584501.8,0.3161521851066073,22143704.2,0.5080504101025699,627170135,1.0878609527245637,2.6356415078451763,46.950000000000045,18.950000000000045,28.0,46.950000000000045,73.11938235912716,0.4444919300105796,2.0450834932546513,52.46370463054947,66.86600635395249,66.96709530486636,19.125477337194262
2024-08-26,1783.0,1827.9,1776.25,1812.5,16222107,KOTAKBANK,1753.5875,66.08728055622537,1496.0112671676247,1.748673758666186,0.9837241379310345,1.008496551724138,0.98,1.1404959558650543,1.8546389463557715,2.264448019313957,34302963.8,0.4729068629341002,19585172.4,0.8282851265582937,643392242,1.1085463049851187,2.849655172413798,51.65000000000009,46.55000000000018,5.099999999999909,51.65000000000009,70.25679804457688,0.8914347738953892,5.549732122059159,59.31924814012461,78.50868996449262,69.65053261072691,21.155504626083367
2024-09-02,1811.05,1813.1,1772.7,1780.25,25860342,KOTAKBANK,1752.6925000000003,65.57121334654632,1496.9443690501105,-1.7793103448275893,1.01730094087909,1.018452464541497,0.9957590226091841,-0.43359119224625337,0.06573703866783398,0.4527656408309689,34786723.7,0.7433968839094783,18746337.2,1.3794877220068356,617531900,1.0607480698809257,2.26934419323128,40.399999999999864,0.599999999999909,39.799999999999955,40.399999999999864,66.27589163863328,0.4202682639767125,0.43440241460044327,50.60158208310541,66.45486824892542,70.60985485579015,18.925595152855397
2024-09-09,1780.05,1793.95,1756.5,1790.15,18653062,KOTAKBANK,1751.7024999999999,64.80624457201455,1497.637007883821,0.556101671113618,0.9943580146915062,1.0021227271457698,0.9812026925118006,0.0812219758134169,0.5300569528116559,0.9196806763391815,34800924.95,0.5359932825578534,17785700.6,1.048767345155917,636184962,1.0894431089764431,2.0920034633969244,37.450000000000045,13.700000000000045,23.75,37.450000000000045,62.43243942014885,0.5932684458713892,-0.9927548255074248,53.045759854596604,70.15511119416934,71.70622313586243,19.531634873894
2024-09-16,1798.0,1845.7,1778.05,1831.3,18384346,KOTAKBANK,1761.2475,61.52556694707791,1498.412059531921,2.298690053906083,0.9818161961448152,1.0078632665319718,0.9709222956369792,1.5509563406695939,2.3701577118873147,2.8838816683155075,30279921.3,0.6071464261038221,18073995.0,1.0171711345499432,654569308,1.105501714815693,3.694097089499268,67.65000000000009,55.549999999999955,12.100000000000136,67.65000000000009,63.128114164129016,1.1385917022147338,-1.1817396935031366,62.05112299593775,76.79160419790102,71.13386121366523,22.21604787217661
2024-09-23,1839.4,1942.0,1830.65,1934.7,35980642,KOTAKBANK,1776.7675,64.25125695064918,1500.3865118235858,5.646262218096432,0.9507417170620769,1.0037731948105648,0.9462190520494134,4.541708911517108,6.50398503324069,7.401396318595833,27950017.1,1.287320929760719,23020099.8,1.5630098180547418,690549950,1.139188927520055,5.755414276115156,111.34999999999991,110.70000000000005,0.6499999999998636,111.34999999999991,69.55769894224514,2.4580452974065032,4.944265140625426,75.61226947918097,96.94240837696337,81.29637458967788,28.946773698234928
2024-09-30,1935.0,1938.6,1843.1,1853.95,21111318,KOTAKBANK,1787.405,57.92541461134536,1501.3228562173665,-4.173773711686568,1.043717468108633,1.0456592680493,0.9941476307343778,0.25597390476626963,2.08431873743432,3.0875201611631495,26906321.4,0.7846229771119883,23997942.0,0.8797136854485272,669438632,1.0848186289524457,5.151163731492219,95.5,3.8999999999998636,91.60000000000014,95.5,73.01667241661245,1.1488048975823208,5.484907968478847,57.194993613086965,58.6522657900916,77.46209278831864,23.48776229725094
2024-10-07,1847.0,1884.75,1769.4,1790.25,22416023,KOTAKBANK,1792.0700000000002,53.87239406325654,1502.1330338586572,-3.43590711723617,1.0316994833123865,1.0527859237536656,0.9883535819019691,-2.195386930785678,-1.1997257893272686,-0.33071786851591584,26704621.1,0.839406143081356,23309078.2,0.9616863784857868,647022609,1.0342855834541875,6.443234185169663,115.34999999999991,30.799999999999955,84.54999999999995,115.34999999999991,78.66111609439744,-0.03378353666375276,-0.2034673058698977,46.81566768807251,28.739140643343525,61.44460493679947,19.18052260665836
2024-10-14,1800.0,1916.0,1781.85,1910.8,27684421,KOTAKBANK,1802.06,56.508466063446285,1503.5434163389614,6.733696411115764,0.9420138162026377,1.0027213732468077,0.932515176889261,2.834662112609352,4.44414795851708,5.499104026881548,26791811.0,1.0333165234705486,25115350.0,1.1022908699261607,674707030,1.0639738171428377,7.020619635754663,134.1500000000001,125.75,8.400000000000091,134.1500000000001,86.0596339484778,1.924313427264323,7.732641727511047,61.90959895882513,85.34867339751113,57.58002661031539,27.086453190203454
2024-10-21,1912.2,1915.35,1735.0,1789.2,27995385,KOTAKBANK,1805.6174999999998,53.076663211181064,1504.536874504427,-6.363826669457817,1.068745808182428,1.0705063715627094,0.9697071316789626,-2.5126789012691075,-1.7572684108774301,-0.8465344045654456,26348847.8,1.0624899127467728,27037557.8,1.0354258031396608,646711645,1.0113393461224758,10.079923988374686,180.3499999999999,4.5499999999999545,175.79999999999995,180.3499999999999,98.63168275534741,-0.309316731812585,0.9393247017009498,46.53742546478147,28.246067151913635,47.444627064256075,18.920315634625904
2024-10-28,1791.95,1795.5,1745.05,1749.85,16778714,KOTAKBANK,1805.8275,52.83466882894907,1505.0471374885121,-2.199306952828084,1.0240592050747208,1.0260879503957483,0.9972569077349487,-3.2119648694271836,-3.4676137827692632,-2.8548072179107544,24914189.65,0.673460154061242,23197172.2,0.7233085936224589,629932931,0.9817087464857206,2.883104266079952,50.450000000000045,6.2999999999999545,44.15000000000009,50.450000000000045,92.20745838796776,-1.0594842598753853,-1.7683217784264738,42.58891801309612,9.767551068325876,41.12076387258352,16.26546148713939
2024-11-04,1743.5,1767.15,1723.95,1729.35,14556057,KOTAKBANK,1806.435,51.822132794492234,1505.45116430371,-1.1715289881989888,1.0081822650128662,1.0218579234972678,0.9968774395003904,-2.956971010983781,-4.023545086442294,-3.734559637670813,24684140.8,0.5896926742534219,21886120.0,0.6650816590606283,615376874,0.9553921160391519,2.4980483996877467,43.200000000000045,17.300000000000182,25.899999999999864,43.200000000000045,85.6731306029054,-1.487491846499085,-4.587586206896555,40.522202579015726,2.4764962164640516,13.496704812234492,14.872540604785812
2024-11-11,1721.5,1768.45,1711.0,1744.0,17593706,KOTAKBANK,1805.0075000000002,53.180089455314466,1505.9693933610263,0.847139098505223,0.987098623853211,1.014019495412844,0.9810779816513762,-1.3947392270048986,-2.699762956375652,-2.6245684156854954,23155285.65,0.7598138181465276,20921656.6,0.8409327395231216,632970580,0.9813197423581477,3.2941513761467913,57.450000000000045,39.100000000000136,18.34999999999991,57.450000000000045,81.91004652251803,-1.1471868630695483,-2.0362308664513384,42.81059917358202,14.285714285714285,8.843253856834709,15.805806392103122
2024-11-18,1744.8,1749.4,1679.05,1722.75,12232053,KOTAKBANK,1800.7400000000002,56.254505316664286,1506.2963208621968,-1.2184633027522929,1.0127993034392686,1.0154694529095922,0.9746335800319257,-1.7636241326934903,-3.3999062607968895,-3.566232307188624,22075234.45,0.5541075012229372,17831183.0,0.6859922305771861,620738527,0.9644383723535539,4.08358728776666,70.35000000000014,5.400000000000091,64.95000000000005,70.35000000000014,80.36870698618232,-1.3863778476227617,-3.7650476217076845,40.22063052795355,16.619129111998493,11.12711320472558,14.369926829131877
2024-11-25,1729.8,1794.6,1703.75,1790.75,16478880,KOTAKBANK,1797.6174999999998,54.90641146294662,1506.873073327492,3.947177477869679,0.9659639815719671,1.0021499371771603,0.951417004048583,1.4004249710651009,0.4512769139245615,0.33593960727343264,21349090.0,0.7718773961794156,15527882.0,1.061244540626983,637217407,0.9933116474933702,5.073293312857736,90.84999999999991,71.84999999999991,19.0,90.84999999999991,81.76621272135799,-0.12507646770239833,-2.2142740129962313,51.135828663266345,42.47955885149269,24.461467416401792,18.838808105160986
2024-12-02,1795.0,1805.5,1746.0,1753.95,16739852,KOTAKBANK,1793.1375,54.61598685127267,1507.3809291379773,-2.055004886220857,1.0234043159725192,1.0293908036146981,0.99546737364235,-0.445542530883692,-1.403465255837847,-1.6088722422259254,20970271.45,0.7982658708025451,15520109.6,1.07859109448557,620477555,0.9698478291591692,3.392342997234813,59.5,14.75,44.75,59.5,78.79738435851026,-0.7175096937589592,-9.342533726159097,45.90222485997896,28.4845027571782,29.194396906889764,16.357449274817856
2024-12-09,1760.0,1804.95,1740.0,1786.25,18005570,KOTAKBANK,1794.5724999999998,54.005359078632885,1507.996112718744,1.8415576270703227,0.9853044086773968,1.0104688593421973,0.9741077676696991,0.9138476987941211,0.3687175996912248,0.2094380143795783,20419811.65,0.8817696415921643,16210012.2,1.110768442234732,638483125,0.9970396465584335,3.6361091672498276,64.95000000000005,51.0,13.950000000000045,64.95000000000005,76.95106644404224,-0.15410507664400558,-3.6516626661991958,50.98294601765368,40.76820688343793,37.24408949736958,18.451896854004236
2024-12-16,1783.25,1813.0,1748.05,1804.45,14744495,KOTAKBANK,1795.1,54.049950094932626,1508.5306779858297,1.0188943317004817,0.9882512676992989,1.0047382859042921,0.9687439385962481,1.2754987030105132,1.1773853429569467,1.1146145725401466,19654310.5,0.7501914147535219,15640170.0,0.9427323999675196,653227620,1.0203105740612028,3.5994347308044023,64.95000000000005,26.75,38.200000000000045,64.95000000000005,75.35092425150329,0.1729881338202518,0.7931853093143371,53.80372884035246,47.6896748431261,38.980794827914046,19.6163940404101
2024-12-23,1796.1,1806.85,1733.35,1745.35,28630095,KOTAKBANK,1793.685,55.003091061478884,1509.356973972924,-3.27523622156336,1.0290772624401983,1.035236485518664,0.9931245881914802,-1.378300957917792,-1.8590460454029383,-2.0476347189379114,19913003.0,1.4377587850511548,18919778.4,1.513236275536927,624597525,0.9762218795588572,4.211189732718366,73.5,2.3999999999998636,71.10000000000014,73.5,75.10413435130285,-0.8787687940296721,-8.658676993929248,44.26036583784663,25.213918996006825,37.89060024085692,15.635335450559188
2024-12-30,1742.55,1781.0,1733.5,1740.7,11795674,KOTAKBANK,1792.0925000000002,56.09740653308661,1509.6890603261827,-0.26642220758013035,1.0010627908312748,1.0231516056758776,0.9958637329809846,-1.099411185883778,-1.8266966566868854,-2.126885344194912,19655643.0,0.6001164144057765,17983137.2,0.6559297117524078,612801851,0.9580191441550446,2.728787269489286,47.5,35.65000000000009,11.849999999999909,47.5,71.42358310446247,-0.9161296961150696,-2.7107086966241867,43.55894319472893,23.752648815257217,32.21874755146335,15.301888696464768
2025-01-06,1735.05,1796.6,1735.05,1786.05,4731698,KOTAKBANK,1792.3274999999999,56.059868080580365,1509.8481036816515,2.605273740449232,0.9714453682707651,1.0059068895047731,0.9714453682707651,0.9784179049605175,0.6504069057601702,0.42738806747474056,19329722.0,0.24478872484560305,15581506.4,0.30367397596422385,617533549,0.9661441702879064,3.446152123400798,61.549999999999955,55.899999999999864,5.650000000000091,61.549999999999955,70.1071053572008,-0.11197850110843374,2.068748749892846,52.10101700801061,45.15720616163747,31.37459132430048,18.293356506846667
