Date,Open Price,High Price,Low Price,Close Price,Total Traded Quantity,Symbol,20_SMA,20_STD,VWAP,Weekly_Return,Normalized_Open,Normalized_High,Normalized_Low,EMA5_Diff_Pct,EMA13_Diff_Pct,EMA23_Diff_Pct,Volume_SMA20,Relative_Volume,Volume_SMA5,Volume_Spike_Ratio_5Wk,OBV,Normalized_OBV,Normalized_Weekly_Range,High-Low,High-PrevClose,Low-PrevClose,True_Range,ATR,Bollinger_Z_Score,ROC_10,RSI,Stochastic_%K,Stochastic_%D,VWAP_Diff_Pct
2014-01-06,137.5,138.8,130.35,132.15,16242657,NTPC,,,132.15,,1.040484298146046,1.050321604237609,0.9863791146424516,0.0,0.0,0.0,,,,,16242657,,6.394248959515715,8.450000000000017,,,8.450000000000017,8.450000000000017,,,,,,0.0
2014-01-13,132.15,134.0,129.1,132.75,21464426,NTPC,,,132.49154473312083,0.4540295119182636,0.9954802259887006,1.009416195856874,0.9725047080979284,0.3013182674199452,0.3874092009685163,0.41431261770245675,,,,,37707083,,3.6911487758945425,4.900000000000006,1.8499999999999943,3.0500000000000114,4.900000000000006,7.976666666666683,,,100.0,,,0.19507302703714158
2014-01-20,131.7,134.2,130.8,131.85,25511545,NTPC,,,132.23265272855969,-0.6779661016949157,0.9988623435722411,1.0178232840348882,0.9920364050056885,-0.25281253950198807,-0.2507487636692936,-0.24333206927063009,,,,,12195538,,2.5786879029199676,3.3999999999999773,1.4499999999999886,1.9499999999999886,3.3999999999999773,7.366444444444456,,,36.61971830985879,,,-0.2893783953235671
2014-01-27,131.6,133.2,129.1,129.45,23250741,NTPC,,,131.48442548192992,-1.8202502844141155,1.0166087292390884,1.0289687137891077,0.9972962533796833,-1.4076649070855554,-1.8080531335195957,-1.9266876958070476,,,,,-11055203,,3.1672460409424446,4.099999999999994,1.3499999999999943,2.75,4.099999999999994,6.930918518518528,,,12.412780022034383,,,-1.5472748764525903
2014-02-03,129.8,132.0,123.5,126.0,21059344,NTPC,,,130.41030862844977,-2.665121668597903,1.0301587301587303,1.0476190476190477,0.9801587301587301,-2.7895355673133544,-3.9391325043136964,-4.324409354791283,,,21505742.6,0.9792428186134804,-32114547,,6.746031746031746,8.5,2.5500000000000114,5.949999999999989,8.5,7.140129382716058,,,5.9209152220342816,,,-3.3818711686475025
2014-02-10,125.9,136.6,125.4,135.2,49934267,NTPC,,,131.92920359534668,7.301587301587298,0.9312130177514794,1.0103550295857988,0.9275147928994084,2.8033457520636826,2.685984601372388,2.543373172003994,,,28244064.6,1.7679561248418898,17819720,,8.284023668639046,11.199999999999989,10.599999999999994,0.5999999999999943,11.199999999999989,7.681445465020582,,,63.943681387164816,,,2.4792057524166515
2014-02-17,134.4,134.7,129.65,133.85,20104949,NTPC,,,132.1466838237439,-0.9985207100591698,1.0041090773253643,1.0063503922301082,0.9686215913335825,1.21535223847097,1.460985867584483,1.430397572783197,,,27972169.2,0.7187482978617189,-2285229,,3.772880089652584,5.049999999999983,0.5,5.549999999999983,5.549999999999983,7.397252736351169,,,57.897779421074944,,,1.2889586987502188
2014-02-24,133.6,134.55,116.35,116.9,36488861,NTPC,,,129.54768134988853,-12.663429211804257,1.1428571428571428,1.15098374679213,0.9952951240376389,-8.738666112806738,-10.994356898133807,-11.78995874943873,,,30167632.4,1.2095367815473648,-38774090,,15.568862275449117,18.200000000000017,0.700000000000017,17.5,18.200000000000017,8.837619038171017,,,24.43182502071494,,,-9.762954626512435
2014-03-03,117.45,118.8,110.65,111.2,49072325,NTPC,,,126.12592628413623,-4.875962360992303,1.056205035971223,1.0683453237410072,0.9950539568345323,-9.541667077860364,-14.300413577018325,-16.060182820670903,,,35331949.2,1.388893794741446,-87846415,,7.3291366906474735,8.149999999999991,1.8999999999999915,6.25,8.149999999999991,8.745936499748213,,,19.956044084580924,,,-11.834146018885228
2014-03-10,111.5,119.35,110.8,117.0,41396146,NTPC,,,124.88537837161563,5.215827338129486,0.9529914529914529,1.02008547008547,0.947008547008547,-2.740930934803846,-7.400776481790756,-9.44787437766712,,,39399309.6,1.0506820149965268,-46450269,,7.307692307692306,8.549999999999997,8.149999999999991,0.4000000000000057,8.549999999999997,8.719811633115118,,,34.12491237814059,,,-6.314092549851172
2014-03-17,117.0,118.3,115.05,117.05,15864517,NTPC,,,124.49739941000865,0.04273504273504258,0.9995728321230244,1.0106791969243913,0.982913284920974,-1.7980288729719547,-6.304198560099008,-8.617694948068898,,,32585359.6,0.4868602708315669,-30585752,,2.776591200341734,3.25,1.2999999999999972,1.9500000000000028,3.25,7.990503415366436,,-11.426409383276582,34.240697760214246,,,-5.981971868731213
2014-03-24,117.3,118.9,112.8,113.95,32947529,NTPC,,,123.51388948605987,-2.648440837249033,1.0293988591487493,1.0434401053093463,0.9899078543220711,-3.0449570254870153,-7.88245301668342,-10.60824420826832,,,35153875.6,0.9372374578238537,-63533281,,5.35322509872752,6.1000000000000085,1.8500000000000085,4.25,6.1000000000000085,7.738436293317579,,-14.161958568738232,30.416179131177742,,,-7.743169230485024
2014-03-31,114.9,123.85,113.85,119.9,40479705,NTPC,,,123.1424246284211,5.221588415971912,0.9582985821517932,1.0329441201000833,0.9495412844036696,1.3790778256644656,-2.167560023241348,-4.692732626392777,,,35952044.4,1.1259361094914535,-23053576,,8.340283569641366,10.0,9.899999999999991,0.10000000000000853,10.0,8.039978120875237,,-9.063329541145237,44.21532639695174,,,-2.633068691155805
2014-04-07,120.8,124.3,118.6,119.4,36777977,NTPC,,,122.8227766751833,-0.4170141784820669,1.0117252931323282,1.041038525963149,0.9932998324958123,0.6440615929490117,-2.2246263229478616,-4.70354903751356,,,33493174.8,1.098073778303035,-59831553,,4.773869346733671,5.700000000000003,4.3999999999999915,1.3000000000000114,5.700000000000003,7.7279810380918725,,-7.7636152954808635,43.381172452162524,31.083481349911185,,-2.7867605405430327
2014-04-14,120.4,125.2,119.05,124.6,21382843,NTPC,,,122.906856213249,4.355108877721925,0.9662921348314608,1.0048154093097914,0.9554574638844302,3.1936915687432252,1.7499171087366931,-0.3060736395601331,,,29490514.2,0.7250752853946507,-38448710,,4.9357945425361205,6.150000000000006,5.799999999999997,0.3500000000000085,6.150000000000006,7.517583566346291,,-1.1111111111111183,53.83288299819353,53.75722543352599,,1.3775828614583654
2014-04-21,125.0,125.9,120.75,124.55,18812331,NTPC,,,122.97251468962833,-0.040128410914930246,1.0036130068245686,1.0108390204737054,0.9694901645925331,2.10321942708634,1.466121500821864,-0.31747927899177586,,,30080077.0,0.6254083392140253,-57261041,,4.134885588117227,5.150000000000006,1.3000000000000114,3.8499999999999943,5.150000000000006,7.2019057575001195,,-7.877218934911234,53.722855773145675,53.56454720616569,46.135084663200956,1.2827950329820474
2014-04-28,124.6,124.95,117.6,117.95,29540817,NTPC,,,122.6759726139685,-5.299076676033721,1.0563798219584568,1.0593471810089021,0.9970326409495548,-2.2497895738668774,-3.4692271573134126,-5.436599184811834,,,29398734.6,1.004832942707677,-86801858,,6.231454005934725,7.3500000000000085,0.4000000000000057,6.950000000000003,7.3500000000000085,7.221651656500105,,-11.878968995143813,40.96926378941824,28.13102119460501,45.1509312780989,-3.852402808201067
2014-05-05,118.1,118.95,113.5,113.85,18732166,NTPC,,,122.35745725530668,-3.4760491733785592,1.0373298199385157,1.0447957839262187,0.9969257795344753,-3.954692901405938,-6.1674785861480705,-8.464145522130083,,,25049226.8,0.7478141401154945,-105534024,,4.787000439174355,5.450000000000003,1.0,4.450000000000003,5.450000000000003,6.985431435633425,,-2.6090675791274665,35.01163255152372,12.331406551059692,31.342324983943467,-6.95295362141707
2014-05-12,114.3,122.0,113.8,121.1,30466225,NTPC,,,122.28774310045024,6.368028107158552,0.943848059454996,1.0074318744838977,0.939719240297275,1.5125692990637671,0.1616083258254629,-1.8064083709328431,,,23786876.4,1.2807997354373104,-75067799,,6.771263418662265,8.200000000000003,8.150000000000006,0.04999999999999716,8.200000000000003,7.147373910882302,,8.902877697841728,49.881723969567815,40.2697495183044,26.91072575465637,-0.9712691315879516
2014-05-19,124.0,148.8,122.3,145.6,118361690,NTPC,124.215,8.960822624361167,126.41907272210074,20.231213872832377,0.8516483516483517,1.0219780219780221,0.8399725274725275,12.056649002365488,14.53828945206513,14.047437848603685,33394553.05,3.5443411930916677,43182645.8,2.740955025039249,43293891,-1.3713955245949372,18.20054945054946,26.500000000000014,27.700000000000017,1.2000000000000028,27.700000000000017,9.887724056097998,2.386499643666874,24.444444444444446,73.51298832852979,91.6120576671035,48.0710712454892,15.172494833958725
2014-05-26,150.2,167.6,140.55,156.25,109474796,NTPC,125.41999999999999,11.378342770831178,130.62009936718897,7.314560439560447,0.9612799999999999,1.07264,0.8995200000000001,12.033911870909506,17.454308265439174,18.24713411110596,38056160.0,2.8766642772155677,61315138.8,1.785444804375131,152768687,-6.174238059051508,17.311999999999987,27.049999999999983,22.0,5.049999999999983,27.049999999999983,12.176027515284929,2.709533419843346,33.48996155489108,78.57896056889683,80.0702370500439,70.65068141181727,19.621712704996696
2014-06-02,155.35,163.8,149.5,159.25,124377017,NTPC,126.74499999999998,13.60242722148475,134.56900957251148,1.9200000000000106,0.9755102040816326,1.0285714285714287,0.9387755102040817,9.127362552923532,16.293710696433482,18.138284538704006,43201789.55,2.8789783547288263,80282378.8,1.5492442907035535,277145704,-21.701191247082885,8.979591836734702,14.300000000000011,7.550000000000011,6.75,14.300000000000011,12.459223846580274,2.3896470439230915,39.75427819218955,79.83267246872661,85.33801580333626,85.67343684016123,18.340768432414865
2014-06-09,160.5,168.9,159.9,165.35,77739593,NTPC,128.42000000000002,16.097837383358442,137.01203611825346,3.830455259026677,0.9706682794073178,1.0214696099183551,0.9670396129422438,8.319856815051198,16.612934096887287,19.395091190744253,45813191.95,1.696882266680831,92083864.2,0.844226007187913,354885297,81.33046687134652,5.442999697611128,9.0,9.650000000000006,0.6500000000000057,9.650000000000006,12.084660667036239,2.2940969721918876,37.906588824020005,82.26757620754901,93.88984509466435,86.43269931601485,20.682828081825143
2014-06-16,166.0,166.9,150.05,152.9,53591209,NTPC,129.59250000000003,17.00523352104472,137.8362321197119,-7.5294829150287175,1.0856769130150425,1.091563113145847,0.9813603662524526,0.5698204681435033,8.419781292648679,11.762460002335517,47330215.35,1.1322832276105417,96708861.0,0.5541499346166429,301294088,15.079058042257492,11.020274689339434,16.849999999999994,1.5500000000000114,15.299999999999983,16.849999999999994,12.72003924476474,1.3706074645288422,28.05695142378559,64.05491766314637,71.4795008912656,83.56912059642208,10.928743225660076
2014-06-23,152.4,156.75,150.05,152.55,30075510,NTPC,130.92000000000002,17.73084882344892,138.25247104351357,-0.228907782864618,0.999016715830875,1.0275319567354966,0.9836119305145854,0.2277965675915753,7.036856635179001,10.596679491930585,47781023.65,0.6294446561108785,79051625.0,0.3804540387373441,271218578,7.716556351368604,4.39200262209111,6.699999999999989,3.8499999999999943,2.8499999999999943,6.699999999999989,11.917367345462772,1.219907755989351,22.431781701444642,63.59821225886361,70.85561497326205,78.741653653064,10.341608253776847
2014-06-30,152.55,157.65,151.1,156.2,29214871,NTPC,131.96999999999997,18.598227136788573,138.7324710397351,2.3926581448705297,0.9766325224071705,1.0092829705505764,0.9673495518565941,1.7061475304570746,7.893574975470384,11.628658782241843,46745053.85,0.6249831499552332,62999640.0,0.463730761001174,300433449,6.096667690061583,4.193341869398215,6.550000000000011,5.099999999999994,1.450000000000017,6.550000000000011,11.201718366067738,1.302812349897126,25.41148133279807,66.47449593555449,77.0758122743682,73.13697604629863,12.59080071835665
2014-07-07,156.35,161.9,154.35,161.35,30708570,NTPC,133.345,19.72685119056604,139.35091009221082,3.2970550576184365,0.9690114657576696,1.0034087387666564,0.9566160520607375,3.2290062772746375,9.285810320962288,13.245202726809177,47275234.9,0.6495699083242419,44265950.6,0.693728917684194,331142019,5.021132521332016,4.679268670591888,7.550000000000011,5.700000000000017,1.8499999999999943,7.550000000000011,10.714822583925374,1.4196386300816628,36.79525222551927,70.29562489897006,86.37184115523465,78.10108946762163,15.786829015491902
2014-07-14,161.3,161.95,145.65,147.8,47210055,NTPC,134.89,19.58059323868783,139.69175252744623,-8.397892779671512,1.091339648173207,1.0957374830852502,0.9854533152909336,-3.7618395902649384,0.8308457101523269,4.850726240233034,47811294.6,0.9874247370829402,38160043.0,1.2371593763665307,283931964,3.459000644977394,11.028416779431652,16.299999999999983,0.5999999999999943,15.699999999999989,16.299999999999983,11.459512906068657,0.6593262953081586,29.819938515590707,52.22494962581061,61.913357400722035,75.12033694344163,5.804385245263997
2014-07-21,149.25,151.1,142.6,148.0,33303244,NTPC,136.73,18.956372348937947,139.92164188292446,0.13531799729362692,1.008445945945946,1.020945945945946,0.9635135135135134,-2.4144139254106394,0.8270212121265166,4.564364144916017,47022840.55,0.7082354789815011,34102450.0,0.9765645576784072,317235208,3.0998451186538314,5.743243243243244,8.5,3.299999999999983,5.200000000000017,8.5,11.064911185259502,0.5945230338668371,22.213047068538394,52.433201355088165,62.27436823104693,70.18652226233455,5.773487223538214
2014-07-28,148.35,150.8,147.0,149.05,22932617,NTPC,138.3325,18.551048168712597,140.09231777016032,0.7094594594594605,0.9953035893995302,1.0117410265011741,0.9862462260986246,-1.1286291444069163,1.307705790356387,4.800282247525031,46099664.1,0.49745735565999494,32673871.4,0.7018640894816034,340167825,2.7958243492679893,2.5494800402549553,3.8000000000000114,2.8000000000000114,1.0,3.8000000000000114,10.096256360558236,0.5777301585619122,2.369505494505497,53.65691448144717,64.16967509025272,62.78580024067389,6.394128080981525
2014-08-04,149.0,150.4,140.05,141.3,37448955,NTPC,139.54500000000002,17.866676567816068,140.12809909962579,-5.1995974505199545,1.05449398443029,1.0644019815994339,0.9911535739561217,-4.450210776003077,-3.518874443114231,-0.38611538161732406,47178886.0,0.7937651389225256,34320688.2,1.0911481372917224,302718870,2.1882998590866833,7.3248407643312055,10.349999999999994,1.3499999999999943,9.0,10.349999999999994,10.130088845817138,0.09822755750564963,-9.567999999999987,44.01366251554194,50.18050541516247,58.874849578820715,0.836306856300854
2014-08-11,141.35,141.95,135.05,135.85,29158439,NTPC,140.64000000000001,16.858096602304542,140.031633095764,-3.857041755130941,1.040485829959514,1.0449024659550974,0.994111152005889,-5.760347356884986,-6.575847050709571,-4.045601237668889,46989431.5,0.6205318529976257,34010662.0,0.8573322977365156,273560431,1.7627466702120012,5.079131394920852,6.899999999999977,0.6499999999999773,6.25,6.899999999999977,9.699410333041516,-0.28413646647067,-14.693877551020407,38.412106872706964,40.018148820326665,51.456109775247285,-2.986206047389513
2014-08-18,136.6,144.1,136.6,142.6,25465878,NTPC,141.775,16.136983511242292,140.08123579881317,4.968715495031284,0.9579242636746143,1.0105189340813465,0.9579242636746143,-0.5027732044545297,-1.3123351342750693,0.8061335849050434,46238740.15,0.5507476613200933,29661826.6,0.8585404514501477,299026309,1.7456918608558412,5.259467040673212,7.5,8.25,0.75,8.25,9.506155621969315,0.05112479661550306,-13.758693680072575,47.88973389196209,43.56223175965664,44.58696199838192,1.7980739438966074
2014-08-25,143.1,145.95,140.2,141.8,17353599,NTPC,142.895,15.255567577290055,140.1035621187439,-0.5610098176717981,1.0091678420310295,1.0292665726375174,0.9887165021156556,-0.7131897459107526,-1.6147833375838738,0.2259644694887691,45267521.25,0.3833565108228673,26471897.6,0.6555479800586717,281672710,1.4953234901902814,4.055007052186178,5.75,3.3499999999999943,2.4000000000000057,5.75,9.005334872373407,-0.07177707380943678,-7.2596468279921496,46.90269072771472,19.94091580502216,34.50709879500182,1.2108456456077192
2014-09-01,141.6,142.0,136.85,139.7,23997232,NTPC,143.65,14.664699828248514,140.09644095534895,-1.4809590973201892,1.0136005726556907,1.0164638511095205,0.9795991410164638,-1.4847545023629063,-2.693381392388155,-1.1677049752394741,45398240.7,0.5285938756653185,26684820.6,0.8992839921884278,257675478,1.268242210397581,3.6864710093056594,5.150000000000006,0.19999999999998863,4.950000000000017,5.150000000000006,8.49129022272362,-0.26935430293575857,-8.42346771550313,44.14675119418604,13.73707533234853,25.74674096567578,-0.28297717818207585
2014-09-08,140.0,143.95,138.7,140.45,34415039,NTPC,144.445,13.9902306139527,140.10516737357102,0.5368647100930657,0.9967960128159488,1.0249199003203988,0.9875400498398006,-0.6285520540173226,-1.8385722250925582,-0.575182292304794,46178376.1,0.7452630842945558,26078037.4,1.3196943647300698,292090517,1.323815814699493,3.7379850480598082,5.25,4.25,1.0,5.25,8.059118193027137,-0.2855564079133707,-10.083226632522413,45.467194155048084,15.952732644017662,16.54357459379612,0.24612413153150817
2014-09-15,140.6,141.6,135.6,135.9,25931969,NTPC,145.3425,12.719083000296107,140.028388478742,-3.2395870416518258,1.0345842531272993,1.0419426048565121,0.9977924944812361,-2.665097552056574,-4.498438782808256,-3.6139489100418456,45997933.7,0.5637637805456465,25432743.4,1.019629246917971,266158548,1.1169480746509872,4.415011037527593,6.0,1.1500000000000057,4.849999999999994,6.0,7.784569100623519,-0.7423884253118066,-15.773163929346135,39.01125832565632,2.6687598116169373,10.786189262661042,-2.9482510822216037
2014-09-22,136.0,139.0,131.7,136.45,32873234,NTPC,146.4725,10.601607065366146,139.94743870857098,0.40470934510667966,0.9967020886771712,1.018688164162697,0.965188713814584,-1.5008513854867063,-3.494767296761624,-2.9299451726038717,46704987.1,0.7038484761726869,26914214.6,1.221407887562879,299031782,1.1567102469718593,5.349945034811295,7.300000000000011,3.0999999999999943,4.200000000000017,7.300000000000011,7.719959887207051,-0.9453755395955021,-7.679296346414088,40.19564379333976,15.702479338842975,11.441323931492525,-2.499108766009019
2014-09-29,136.5,140.15,135.55,139.0,42734769,NTPC,147.3675,8.978164667095049,139.92037230188,1.868816416269703,0.9820143884892086,1.008273381294964,0.975179856115108,0.2408097287785959,-1.3681048158876998,-0.9548568386209625,47318414.3,0.9031318912983947,31990448.6,1.3358602604903764,341766551,1.2233872268807837,3.3093525179856074,4.599999999999994,3.700000000000017,0.8999999999999773,4.599999999999994,7.303965235579444,-0.931983351861085,-6.081081081081086,45.82393138965377,24.132231404958716,14.167823518472877,-0.6577829137663331
2014-10-06,138.9,140.4,138.0,139.05,11139968,NTPC,147.04,9.163580660763348,139.9139385410832,0.03597122302159139,0.9989212513484358,1.0097087378640777,0.9924487594390506,0.184454284071548,-1.1414182117946714,-0.8420089333881365,41957328.2,0.26550708726967986,29418995.8,0.3786658142831646,352906519,1.1969362760730815,1.725997842502701,2.4000000000000057,1.4000000000000057,1.0,2.4000000000000057,6.650103204168852,-0.871929903363168,-6.709158000670912,45.93903924219134,24.297520661157098,21.377410468319596,-0.61747853722917
2014-10-13,138.7,144.65,138.1,140.25,28191441,NTPC,146.24,9.014412436700889,139.9201096441461,0.8629989212513456,0.9889483065953654,1.031372549019608,0.9846702317290552,0.6923273592401415,-0.2366032229185736,0.019076194852145078,37893160.45,0.7439717528232723,28174276.2,1.0006092365914976,381097960,1.2443690352845025,4.670231729055266,6.550000000000011,5.599999999999994,0.950000000000017,6.550000000000011,6.6367561102796735,-0.6644914510026835,-0.7430997876857859,48.94311531312227,28.264462809917397,25.56473829201107,0.2357705098237157
2014-10-20,140.95,144.95,137.4,143.5,20614361,NTPC,145.45250000000001,8.490791838964837,139.96754189269714,2.317290552584672,0.9822299651567944,1.0101045296167246,0.9574912891986063,1.960970555788292,1.7430546420249025,2.093164808134819,32705027.65,0.6303116823691174,27110754.6,0.7603757735315858,401712321,1.2855356978742531,5.261324041811835,7.549999999999983,4.699999999999989,2.8499999999999943,7.549999999999983,6.758521962242382,-0.22995499560357327,5.631210894368799,56.49738598867464,60.82474226804128,37.795575246371925,2.523769482221053
2014-10-27,145.05,148.8,144.8,145.85,17489149,NTPC,144.4775,7.089697399080349,140.0329312375148,1.6376306620208947,0.9945149125814193,1.0202262598560166,0.9928008227631129,2.360412637438553,2.851040743213117,3.3647929663128755,29692505.45,0.5890088672190511,24033937.6,0.7276855457925463,419201470,1.3278385869590925,2.742543709290367,4.0,5.300000000000011,1.3000000000000114,5.300000000000011,6.564052367276732,0.19359077302481742,2.27910238429172,61.27745856838046,74.08376963350779,54.390991570488815,4.154071982267279
2014-11-03,145.1,150.9,144.75,147.7,23359281,NTPC,144.2175,6.8560629142541325,140.1450989127516,1.2684264655467903,0.9823967501692621,1.021665538253216,0.9800270819228166,2.388924320335859,3.4867450956434656,4.193921008521803,28180909.05,0.8289044529597954,20158840.0,1.1587611687974109,442560751,1.3711527462899586,4.16384563303995,6.150000000000006,5.050000000000011,1.0999999999999943,6.150000000000006,6.508845384973169,0.5079445803742084,4.1607898448518865,64.7915850144152,83.33333333333326,72.74728174496077,5.390770812436158
2014-11-10,147.65,148.9,144.05,146.15,8741640,NTPC,143.89749999999998,6.590912304074478,140.1777958034284,-1.04942450914014,1.010263427984947,1.0188162846390694,0.9856312008210742,0.9024706220258156,2.1112883082539944,2.9130251240422957,27114215.55,0.32240062353564936,19679174.4,0.4442076594432742,433819111,1.3110457064823278,3.318508381799517,4.849999999999994,1.200000000000017,3.6499999999999773,4.849999999999994,6.287666000310079,0.3417584540773724,4.617036506800298,59.56572425008861,75.26041666666669,77.55917321116924,4.26044949725592
2014-11-17,147.1,147.45,140.3,145.9,28809700,NTPC,143.3825,5.950304614051315,140.27867123405258,-0.17105713308245285,1.008224811514736,1.0106237148732007,0.9616175462645649,0.48844451180750076,1.665904942238261,2.517777496382566,27093957.0,1.0633256707390508,19802826.2,1.4548276952508932,405009411,1.2049394398456408,4.90061686086359,7.149999999999977,1.299999999999983,5.849999999999994,7.149999999999977,6.402643866935399,0.42308758345834524,3.8803844784621067,58.684834949998205,73.95833333333336,77.5173611111111,4.007258349751782
2014-11-24,146.8,148.6,141.4,143.05,28163852,NTPC,142.4675,4.188024122737587,140.32562200537808,-1.9533927347498259,1.0262146102761271,1.0387976232086682,0.988465571478504,-0.9960896923093858,-0.25132752141073533,0.527659969675172,26966721.1,1.0443928980301576,21312724.4,1.3214571479186397,376845559,1.1135786621050763,5.03320517301642,7.199999999999989,2.6999999999999886,4.5,7.199999999999989,6.508958018010678,0.13908706896827694,5.261221486387058,49.128135125109154,59.11458333333341,69.44444444444449,1.9414686752769343
2014-12-01,143.75,144.7,139.4,140.15,32960993,NTPC,142.085,4.021393447942916,140.3222075988619,-2.027263194687179,1.0256867641812344,1.032465215840171,0.9946485907955762,-2.057274969603328,-1.9934910673531945,-1.4030804225934368,26254268.0,1.2554527515297704,24407093.2,1.3504677812268115,343884566,1.0072566481112188,3.7816625044594954,5.299999999999983,1.6499999999999773,3.6500000000000057,5.299999999999983,6.347763615609252,-0.4811764939314313,2.7116159765482095,41.242630977037074,44.01041666666672,59.02777777777783,-0.12272298291812579
2014-12-08,140.2,143.7,139.6,139.9,21282902,NTPC,141.68,3.795891130378282,140.3169731025995,-0.17838030681412986,1.002144388849178,1.0271622587562543,0.9978556111508219,-1.4931002477479525,-1.8649307041124403,-1.4522628862825677,25653250.9,0.8296376191447923,23991817.4,0.8870900292864017,322601664,0.9441758093655469,2.930664760543241,4.099999999999994,3.549999999999983,0.5500000000000114,4.099999999999994,6.048061800194684,-0.46892809589684253,0.6474820143884896,40.59450951714373,42.70833333333338,48.61111111111117,-0.2971651207830681
2014-12-15,139.75,139.75,130.95,133.0,26293074,NTPC,140.8775,3.8519467053754655,140.20659335818095,-4.932094353109373,1.050751879699248,1.050751879699248,0.9845864661654135,-4.505687842906963,-6.12827371969064,-6.155944458458798,25821273.75,1.0182717651564341,27502104.2,0.9560386292187781,296308590,0.872824456316772,6.616541353383468,8.800000000000011,0.15000000000000568,8.950000000000017,8.950000000000017,6.434986893502062,-2.045069831575498,-4.350952894642224,27.054758259937458,10.275689223057691,32.331479741019265,-5.139981783717202
2014-12-22,132.4,140.2,126.7,139.0,39532799,NTPC,140.7625,3.872945125788473,140.17983283470667,4.511278195488733,0.9525179856115108,1.0086330935251797,0.9115107913669065,0.0035660282655822916,-1.3261689910720826,-1.4425340184204014,25925465.95,1.5248635868779825,29646724.0,1.333462644978919,335841389,0.9844720206630594,9.712230215827327,13.499999999999986,7.199999999999989,6.299999999999997,13.499999999999986,7.376988641035118,-0.4550800341229132,-0.89126559714795,45.34512328418603,50.826446280991725,34.603489612460926,-0.8416566141135831
2014-12-29,139.7,143.85,138.2,140.1,22747605,NTPC,140.975,3.702044243245567,140.17882686239219,0.7913669064748108,0.9971448965024982,1.0267665952890792,0.9864382583868665,0.5257943275227814,-0.4548026292995998,-0.592216579921964,25604924.25,0.8884074320196437,28563474.6,0.7963878806256994,358588994,1.038214724276478,4.032833690221275,5.650000000000006,4.849999999999994,0.8000000000000114,5.650000000000006,7.146723488897103,-0.2363559002830531,-2.369337979094077,48.09807270014119,55.37190082644624,38.82467877683189,-0.056233073251192166
2015-01-05,140.25,145.0,139.85,144.0,10929876,NTPC,141.04500000000002,3.747346429562948,140.20182322818258,2.7837259100642386,0.9739583333333334,1.0069444444444444,0.9711805555555555,2.1465915985460287,1.942155664494807,1.9544762897466859,24878124.15,0.4393368219444311,24157251.2,0.45244700688462436,369518870,1.0590523575197421,3.576388888888893,5.150000000000006,4.900000000000006,0.25,5.150000000000006,6.88049369037749,0.7885579984513534,-1.2684264655467903,56.965639941093336,71.48760330578511,59.22865013774103,2.709078016507517
2015-01-12,143.5,145.5,138.25,140.0,21921518,NTPC,140.95499999999998,3.7498736820830674,140.19941621564755,-2.777777777777779,1.025,1.0392857142857144,0.9875,-0.43281338004464126,-0.7367117406902984,-0.7762556887150092,25106520.1,0.8731404397218713,24284974.4,0.902678242065596,347597352,0.9869012613153161,5.178571428571429,7.25,1.5,5.75,7.25,6.929761198327158,-0.25467524534572544,-5.2132701421800824,47.38480434123963,54.9586776859504,60.60606060606059,-0.14223755064772425
2015-01-19,139.25,142.9,137.2,141.75,21400617,NTPC,141.0575,3.7417725534972788,140.21726180331214,1.2499999999999956,0.982363315696649,1.0081128747795416,0.9679012345679011,0.5380652641681307,0.4345297433309701,0.42890431474362317,24976689.35,0.8568236046063487,23306483.0,0.9182259288113097,368997969,1.0313630402910867,4.021164021164033,5.700000000000017,2.9000000000000057,2.8000000000000114,5.700000000000017,6.765793038550206,0.18507271355997965,-3.01060554225111,51.50233814034138,62.19008264462808,62.87878787878787,1.093116622715031
2015-01-26,142.75,144.15,139.35,141.9,24309144,NTPC,141.13000000000002,3.7434293312275884,140.2389765492137,0.10582010582012025,1.0059901338971107,1.0158562367864694,0.982029598308668,0.4288031533748259,0.4626674184063129,0.48964590836506616,24471394.6,0.9933697853084351,20261752.0,1.1997552827613327,393307113,1.0839749509081296,3.3826638477801345,4.800000000000011,2.4000000000000057,2.4000000000000057,4.800000000000011,6.503687300076847,0.20569374545865263,-2.7416038382453767,51.874815183033405,62.8099173553719,59.986225895316785,1.1844235402013248
2015-02-02,142.5,147.4,140.7,142.05,62479122,NTPC,141.4375,3.538170617111308,140.29711414744725,0.10570824524314126,1.0031678986272439,1.0376627947905666,0.9904963041182681,0.3559646484284196,0.4866646955610639,0.5451650230945866,26298752.25,2.375744727584937,28208055.4,2.214938999304433,455786235,1.2241813588071604,4.71664906722986,6.700000000000017,5.5,1.200000000000017,6.700000000000017,6.529862326733269,0.17311205882436467,-0.6990562740300632,52.297549308007206,63.42975206611573,62.80991735537191,1.2494097709740095
2015-02-09,142.45,144.8,138.1,138.8,22543457,NTPC,141.555,3.400150925442843,140.2799717314611,-2.287926786342842,1.0262968299711814,1.043227665706052,0.9949567723342938,-1.3181326690237483,-1.5800902428708483,-1.6349377960876248,25782263.4,0.8743785078233279,30530771.6,0.7383847776713248,433242778,1.1430310367795182,4.827089337175805,6.700000000000017,2.75,3.950000000000017,6.700000000000017,6.5525473498355025,-0.8102581504205372,-0.9632536567962813,42.8808573175279,54.50450450450454,60.24805797533072,-1.0550128526502782
2015-02-16,138.0,144.65,136.75,144.0,15626487,NTPC,141.805,3.386190997815183,140.30926519979627,3.746397694524495,0.9583333333333334,1.004513888888889,0.9496527777777778,1.5603851182384312,1.78978258505668,1.8656116741512858,24426849.3,0.6397258528139361,29271765.4,0.5338416315675993,448869265,1.1677598979508388,5.486111111111115,7.900000000000006,5.849999999999994,2.0500000000000114,7.900000000000006,6.73220770319077,0.6482209660991473,2.9306647605432445,57.131223034497474,78.99543378995435,65.64323012019155,2.6304284289054114
2015-02-23,144.05,147.8,142.0,146.05,14912505,NTPC,142.155,3.4476498478941595,140.35208354502328,1.4236111111111116,0.9863060595686409,1.0119821978774393,0.9722697706264977,1.9614079973814231,2.715676777511594,2.9727997785322544,24615476.15,0.6058182628329942,27974143.0,0.5330817462397329,463781770,1.1894016040963622,3.9712427250941533,5.800000000000011,3.8000000000000114,2.0,5.800000000000011,6.607913342765336,1.1297551003850042,9.812030075187984,61.50039399943348,88.35616438356172,73.95203422600686,4.059730579738
2015-03-02,146.25,161.0,145.6,159.5,55509701,NTPC,143.1175,5.1530847940565945,140.86934347858315,9.209174940088992,0.9169278996865203,1.0094043887147335,0.9128526645768025,6.819074767053513,9.359379812031696,10.225157515256535,25981389.15,2.1365178235667974,34214254.4,1.622414457758869,519291471,1.3085718503905583,9.655172413793107,15.400000000000006,14.949999999999989,0.45000000000001705,15.400000000000006,7.780191563729959,3.17916367665734,14.748201438848918,78.26806345010186,95.6268221574344,87.65947344365016,13.225486867019676
2015-03-09,159.5,160.0,151.4,151.8,14786735,NTPC,143.5325,5.507537299489096,140.94743843300319,-4.827586206896539,1.0507246376811594,1.054018445322793,0.997364953886693,1.3950040638780568,4.081429023258358,5.198747727556869,25690007.85,0.5755831250164448,24675777.0,0.5992409073886508,504504736,1.2550557362258843,5.665349143610008,8.599999999999994,0.5,8.099999999999994,8.599999999999994,7.889499355232631,1.50112464980799,8.351177730192738,60.78150900348428,73.1778425655977,85.72027636886462,7.699722455158627
2015-03-16,153.3,164.75,146.6,155.85,50522785,NTPC,144.0325,6.1459287979502495,141.3025609955565,2.667984189723316,0.9836381135707412,1.0571061918511389,0.9406480590311197,2.638270203814291,5.634873783751491,7.023777647029424,27341689.65,1.8478296567161863,30271642.6,1.6689806254517552,555027521,1.3578015303074809,11.64581328200193,18.150000000000006,12.949999999999989,5.200000000000017,18.150000000000006,9.257566107868282,1.9228175900673128,8.229166666666664,65.46425584108847,76.60972404730616,81.80479625677941,10.295240866088035
2015-03-23,156.1,159.35,142.7,150.15,66854814,NTPC,144.155,6.246470582404325,141.57301740156487,-3.657362848893164,1.0396270396270395,1.0612720612720612,0.9503829503829503,-0.7051863191721176,1.7593553828895074,3.203026534124177,29516466.3,2.26500060408654,40517308.0,1.6500309941618037,488172707,1.1876240869177654,11.088911088911093,16.650000000000006,3.5,13.150000000000006,16.650000000000006,10.243223960152513,0.9597419728329967,7.250000000000001,54.83228281355043,61.6294349540079,70.47233385563725,6.058345549072356
2015-03-30,150.0,154.9,142.95,147.6,52907887,NTPC,144.2275,6.279173491538725,141.7153767818416,-1.6983016983017074,1.016260162601626,1.0494579945799458,0.9684959349593496,-1.6300077950483045,0.05323583473203283,1.4031610067108067,31724778.65,1.6677149298250502,48116384.4,1.0995815180161377,435264820,1.058723865026398,8.096205962059633,11.950000000000017,4.75,7.200000000000017,11.950000000000017,10.470794098798846,0.5370929796006582,4.126984126984112,50.59100997032718,38.74999999999998,58.99638633377134,4.152423930126691
2015-04-06,148.5,152.95,144.9,152.1,13429190,NTPC,144.5375,6.5147176494942665,141.77726533314328,3.0487804878048808,0.9763313609467456,1.0055884286653518,0.9526627218934912,0.9178647795348124,2.580206307165095,3.9602083116894824,30955753.15,0.4338188747961379,39700282.2,0.3382643461410962,448694010,1.0856208462015766,5.292570677186051,8.049999999999983,5.349999999999994,2.6999999999999886,8.049999999999983,10.148021552292331,1.1608331177003615,7.188160676532762,57.31404169447294,54.821428571428555,51.73362117514548,7.280952021892026
2015-04-13,152.95,159.0,151.5,157.3,15373717,NTPC,145.25,7.096719034358913,141.88245278245574,3.418803418803429,0.9723458359821995,1.010807374443738,0.9631277813095994,2.7955381774411747,4.972024589881823,6.540487670209617,30316246.4,0.507111493855651,39817678.6,0.38610279505345146,464067727,1.111093757992359,4.767959313413859,7.5,6.900000000000006,0.5999999999999943,7.5,9.794952011986688,1.6979677427920825,10.735656458993304,63.869101806214346,73.39285714285718,55.6547619047619,10.866422813526876
2015-04-20,156.2,160.0,153.4,154.4,11614978,NTPC,145.9625,7.270938457491725,141.94621107819535,-1.8436109345200236,1.0116580310880827,1.0362694300518134,0.9935233160621761,0.6465378035902317,2.73186233154187,4.386337335796475,29248945.65,0.3971075791581568,32036117.2,0.3625588559152855,452452749,1.069385837671102,4.274611398963727,6.599999999999994,2.6999999999999886,3.9000000000000057,6.599999999999994,9.368958410388462,1.160441674665296,11.239193083573484,58.125300416832395,63.035714285714306,63.75000000000001,8.77359728534361
2015-04-27,154.9,156.3,147.7,148.25,15820102,NTPC,146.38,7.143112251083525,141.9896428413266,-3.983160621761661,1.0448566610455312,1.054300168634064,0.9962900505902191,-2.3166928077601807,-1.1170346770027662,0.3849102479577027,28975805.65,0.54597626002506,21829174.8,0.7247228603437634,436632647,1.0182725238039796,5.801011804384501,8.600000000000023,1.9000000000000057,6.700000000000017,8.600000000000023,9.26643062233667,0.26179065010722014,2.951388888888884,47.6414938155906,41.07142857142857,59.166666666666686,4.409023808637471
2015-05-04,148.0,153.05,146.9,152.35,14634415,NTPC,147.3475,6.518606466351421,142.05525547315386,2.765598650927492,0.971447325237939,1.0045946832950443,0.9642271086314408,0.29121667760442493,1.3750271037611024,2.810246355353364,28392872.7,0.5154256546925595,14174480.4,1.0324480747809281,451267062,1.03372319150361,4.036757466360359,6.150000000000006,4.800000000000011,1.3499999999999943,6.150000000000006,8.850906539358448,0.7674186232628928,4.313591235878111,54.020779377873616,55.714285714285694,53.27380952380952,7.247000114537593
2015-05-11,151.5,152.1,141.55,144.95,15069524,NTPC,147.64499999999998,6.2477343261799305,142.07401077909998,-4.857236626189698,1.0451879958606416,1.0493273542600898,0.976543635736461,-3.199416530605802,-3.1371287877119967,-1.972202279740761,27169708.95,0.5546442925734764,14502547.2,1.0390949805010805,436197538,0.9878485591538358,7.278371852362872,10.549999999999983,0.25,10.799999999999983,10.799999999999983,9.110785667443986,-0.431356370053559,-9.122257053291538,43.087873148928026,29.285714285714242,42.0238095238095,2.0242894566914607
2015-05-18,144.65,145.45,134.25,136.15,30975285,NTPC,147.4475,6.5537348732973895,141.99615337969936,-6.071058985857181,1.0624311421226589,1.0683070143224385,0.9860448035255233,-6.579779292992102,-8.402875931664761,-7.84953967739786,27581092.95,1.1230622751662929,17622860.8,1.7576763132578337,405222253,0.9128789657665255,8.226221079691507,11.199999999999989,0.5,10.699999999999989,11.199999999999989,9.389347578451453,-1.7238262179372934,-10.309617918313574,33.723034762346416,6.22950819672133,30.409836065573753,-4.117120950499748
2015-05-25,136.4,137.9,134.0,134.25,16117241,NTPC,146.95999999999998,7.15840690892079,141.9435412684359,-1.3955196474476739,1.0160148975791434,1.0271880819366854,0.9981378026070763,-5.392113970159537,-8.517488000613934,-8.594576721201053,27840461.2,0.5789142961467895,18523313.4,0.870105723093796,389105012,0.8746406676786881,2.905027932960898,3.9000000000000057,1.75,2.1500000000000057,3.9000000000000057,8.657434567991261,-1.775534719067284,-13.859480269489888,31.990866532139762,0.8130081300813009,12.109410204172287,-5.4201418392727625
2015-06-01,134.5,139.65,131.3,138.55,72789227,NTPC,146.8875,7.239491022382619,141.8425444502485,3.2029795158286856,0.9707686755683868,1.0079393720678456,0.9476723204619271,-1.4141287164389176,-4.413916156616516,-4.788909643349972,30383846.65,2.3956554230436784,29917138.4,2.43302771898799,461894239,1.025089956421928,6.026705160591839,8.349999999999994,5.400000000000006,2.9499999999999886,8.349999999999994,8.616443292259094,-1.151669361039692,-7.72560772560772,40.034097734775756,21.67414050822123,9.572218945007949,-2.3212671931469506
2015-06-08,138.5,140.85,135.6,138.45,26757649,NTPC,146.7225,7.398603620029689,141.80583014009227,-0.07217610970770005,1.0003611412062117,1.0173347778981583,0.9794149512459372,-0.9915855719880449,-3.847999278744601,-4.4592137606521804,30651698.25,0.8729581239434262,32341785.2,0.8273398896978637,435136590,0.9586704315948972,3.7919826652221023,5.25,2.299999999999983,2.950000000000017,5.25,8.167584186624548,-1.1181163939644616,-6.1991869918699205,39.90745019933492,21.375186846038805,14.62077849478044,-2.366496593812117
2015-06-15,138.7,140.75,134.6,135.85,19270185,NTPC,146.42,7.722734721518538,141.75977072803522,-1.8779342723004633,1.020979020979021,1.0360691939639308,0.9907986750092014,-1.9496259229137316,-5.001874968035266,-5.920230399205758,30399750.3,0.6338928711529581,33181917.4,0.5807435648670501,415866405,0.9139441384270172,4.527051895472953,6.150000000000006,2.3000000000000114,3.8499999999999943,6.150000000000006,7.8985729617412765,-1.3686861430767352,-10.68376068376068,36.44833048304368,13.602391629297411,18.883906327852475,-4.168863068615613
2015-06-22,135.4,138.0,135.4,137.0,13405124,NTPC,146.1675,7.952279961051926,141.73430143182992,0.8465218991534851,0.9883211678832117,1.0072992700729928,0.9883211678832117,-0.7292295942960229,-3.531833458233105,-4.611859061467812,27946050.4,0.4796786597078491,29667885.2,0.45183955343065707,429271529,0.9461610921042489,1.8978102189780979,2.5999999999999943,2.1500000000000057,0.44999999999998863,2.5999999999999943,7.192096566842439,-1.1528140413692523,-12.905276541640188,39.14055929902316,19.860627177700316,18.279401884345507,-3.3402651186078494
2015-06-29,136.9,140.15,135.0,138.65,20899993,NTPC,146.16,7.95966145802172,141.70878294750648,1.2043795620438003,0.9873782906599351,1.01081860800577,0.9736747205192932,0.31299697358549833,-1.9712195174567175,-3.0863514879384493,27863877.2,0.7500748316533637,30624435.6,0.6824613283648564,450171522,0.9903792568311166,3.714388748647678,5.150000000000006,3.1500000000000057,2.0,5.150000000000006,6.919817024596782,-0.9435074644326032,-10.200777202072542,43.12905784436644,25.609756097560965,19.690924968186227,-2.158499200885484
2015-07-06,137.8,139.7,136.1,138.0,11738191,NTPC,145.85999999999999,8.15600521411262,141.6916287222784,-0.46880634691670586,0.9985507246376812,1.01231884057971,0.986231884057971,-0.10436217204044071,-2.1013017769899123,-3.2742445482061204,27669462.4,0.424229095249787,18414228.4,0.6374522323183524,438433331,0.9656637253244336,2.608695652173909,3.5999999999999943,1.049999999999983,2.5500000000000114,3.5999999999999943,6.477174754650544,-0.9637070837570768,-6.913996627318719,41.88144326923592,23.344947735191607,22.93844367015096,-2.6053964906523572
2015-07-13,138.0,138.3,128.15,133.1,27228191,NTPC,145.2125,8.639823265127141,141.60042803692278,-3.5507246376811685,1.0368144252441773,1.039068369646882,0.962809917355372,-2.52643115322606,-5.022945015936089,-6.486540961793703,28285246.7,0.9626287261620384,18508336.8,1.4711311607426552,411205140,0.9109673259689562,7.62584522915102,10.150000000000006,0.30000000000001137,9.849999999999994,10.150000000000006,6.966884787363806,-1.4019383994681478,-12.635379061371843,33.46185101335942,15.541601255886937,21.49876836287983,-6.003108998163671
2015-07-20,133.2,136.2,132.9,135.7,7067121,NTPC,144.0225,8.196011144710042,141.584216098207,1.9534184823440937,0.9815770081061165,1.0036845983787768,0.9793662490788505,-0.37468919918640115,-2.58061257998375,-4.075745899141581,25863117.7,0.2732509313832648,16067724.0,0.4398333578545412,418272261,0.9371095108872562,2.4318349299926183,3.299999999999983,3.0999999999999943,0.19999999999998863,3.299999999999983,6.477966815715296,-1.0154329774638748,-6.381510865815798,40.753971538741794,23.704866562009368,20.863805184362633,-4.155983103459465
2015-07-27,135.5,139.3,133.35,134.2,10484316,NTPC,143.14249999999998,8.261583176301505,141.55423919528081,-1.1053795136330091,1.0096870342771982,1.0380029806259317,0.9936661698956781,-0.9977413031773347,-3.194735749012957,-4.802450263070431,25647996.75,0.40877718841725913,15483562.4,0.6771255689840472,407787945,0.9236270457467092,4.433681073025348,5.950000000000017,3.6000000000000227,2.3499999999999943,5.950000000000017,6.407571240286592,-1.0824196536145412,-1.4322438486963018,37.98296349214994,21.492007104795672,20.246158307563988,-5.195350727105603
2015-08-03,133.65,138.7,132.7,135.05,19592385,NTPC,142.10250000000002,7.878008614925655,141.50526764849982,0.6333830104322091,0.9896334690855239,1.0270270270270268,0.9825990373935578,-0.2413766895539728,-2.1816271487864047,-3.797591681071536,24101476.75,0.8129122212397213,15222040.8,1.2871063254540744,427380330,0.9822017476069991,4.442798963346909,6.0,4.5,1.5,6.0,6.35322840824838,-0.8952135424983365,0.5959031657355673,40.62271914156155,27.710843373493994,24.30257234676634,-4.561856781568547
2015-08-10,135.15,138.0,130.9,131.35,23918417,NTPC,141.1625,7.988081170686391,141.41277436882,-2.7397260273972712,1.028930338789494,1.050628092881614,0.99657403882756,-2.04338496091496,-4.337128151244383,-6.161345211150766,21954656.9,1.089446175767839,17658086.0,1.3545305533113838,403461913,0.9363471284632904,5.405405405405402,7.099999999999994,2.9499999999999886,4.150000000000006,7.099999999999994,6.452797953815262,-1.2283926252538122,-5.196679898953461,33.4677204827525,13.361169102296412,20.854673193528686,-7.115887806977889
2015-08-17,131.1,132.3,126.6,128.05,17566383,NTPC,140.185,8.34696761830627,141.32398315732837,-2.5123715264560254,1.0238188207731354,1.0331901600937134,0.9886762983209683,-3.115442481406636,-6.022302332789304,-8.15581129007625,20187581.7,0.8701578654168369,15725724.4,1.1170476191227159,385895530,0.9007395113049425,4.4513861772745145,5.700000000000017,0.950000000000017,4.75,5.700000000000017,6.352424893306563,-1.4538213821970443,-7.511737089201864,28.33223481416968,7.692307692307786,16.254773389366058,-9.39259059982137
2015-08-24,129.0,129.05,112.7,115.3,31358859,NTPC,138.345,9.551383201015051,141.01891012972283,-9.957048028114023,1.118820468343452,1.1192541196877712,0.9774501300954034,-9.678707197132825,-15.211169473772804,-18.43948250407409,21084065.15,1.4873250854093478,20584072.0,1.5234526482418056,354536671,0.8367379291880488,14.180398959236781,16.35000000000001,1.0,15.350000000000009,16.35000000000001,7.685434907532356,-2.412739549340974,-15.126978284873015,16.823683955481627,9.236234458259307,10.096570417621164,-18.237915827078858
2015-08-31,118.0,125.05,107.1,121.45,37815252,NTPC,136.5525,9.162961412234928,140.74613354623995,5.333911535125768,0.9715932482503088,1.0296418279127213,0.8818443804034581,-2.749855577490955,-8.037507548028026,-11.405102003511148,22206141.9,1.7029185965888114,26050259.2,1.4516267078064238,392351923,0.9338885671747603,14.77974475092631,17.950000000000003,9.75,8.200000000000003,17.950000000000003,9.054043586528042,-1.648211677486086,-11.350364963503646,32.160502199734836,42.51851851851855,19.81568688969521,-13.709885351770959
2015-09-07,120.1,122.5,112.4,112.6,28399993,NTPC,134.4625,9.63290516106675,140.45453351206672,-7.286949361877326,1.066607460035524,1.0879218472468917,0.9982238010657195,-7.217110478900411,-14.167637338553698,-18.481087937826164,23045392.65,1.2323501461364774,27811780.8,1.0211497496053903,363951930,0.8755114299990446,8.969804618117225,10.099999999999994,1.0499999999999972,9.049999999999997,10.099999999999994,9.193504441657636,-2.2695645430374976,-18.78831590335378,24.62213405600751,16.296296296296298,22.683683091024715,-19.831708393858065
2015-09-14,114.0,126.4,113.15,125.9,23957196,NTPC,133.345,9.23753641115258,140.32843619600823,11.81172291296626,0.9054805401111993,1.0039714058776807,0.8987291501191422,2.7394935667239295,-1.8060317552784304,-5.467749218818811,23452247.35,1.0215309280370521,27819536.6,0.8611644523223294,387909126,0.9386429276331858,10.524225575853851,13.25,13.800000000000011,0.5500000000000114,13.800000000000011,9.807703849436619,-0.8059508150908679,-8.768115942028986,46.40571520094515,55.86924219910849,38.22801900464111,-10.281904785039321
2015-09-21,125.65,130.0,124.5,126.75,14844847,NTPC,132.065,8.178423152610737,140.25593055363026,0.6751389992057044,0.9913214990138067,1.0256410256410255,0.9822485207100592,2.261155766209287,-0.9628361656098486,-4.363764558278889,23462768.95,0.6326980004634108,27275229.4,0.5442611236113013,402753973,0.9803176906557782,4.339250493096647,5.5,4.099999999999994,1.4000000000000057,5.5,9.233343336178402,-0.6498807778493743,-4.770848985725018,47.52402252316571,59.455370650529495,43.87363638197809,-9.629489819302824
2015-09-28,127.0,127.35,119.05,120.95,13711327,NTPC,130.865,7.945755238854963,140.16118041331993,-4.575936883629184,1.0500206696982224,1.0529144274493591,0.9842910293509715,-1.6171889576021639,-4.97518089404865,-8.587693768348045,23394859.1,0.5860829057098275,23745723.0,0.5774230163469859,389042646,0.9524095479979965,6.862339809838774,8.299999999999997,0.5999999999999943,7.700000000000003,8.299999999999997,9.108897558021281,-1.2478360712038274,-10.869565217391298,40.81818067124887,41.906202723146755,52.410271857594914,-13.706491595367748
2015-10-05,119.15,128.25,119.0,127.7,12745193,NTPC,130.4425,7.874279833403084,140.10459057091379,5.580818520049613,0.933046202036022,1.0043069694596711,0.9318715740015662,2.502745996230841,0.49167829196653867,-2.6106089624762707,22483354.5,0.5668723944196139,18731711.2,0.6804072977593206,401787839,0.9840245375194041,7.243539545810493,9.25,7.299999999999997,1.9500000000000028,9.25,9.127711216951777,-0.3482858188968815,-4.843517138599096,50.24564504914599,63.19018404907979,54.85058580758534,-8.85380737373856
2015-10-12,129.5,129.9,124.8,127.25,17425410,NTPC,130.0925,7.851672215455067,140.02526997353135,-0.35238841033672363,1.0176817288801572,1.0208251473477408,0.980746561886051,1.4386413292399562,0.11981353612658226,-2.725685926385341,22548762.95,0.7727878482131988,16536794.6,1.0537356495919712,384362429,0.9418947197159919,4.007858546168965,5.1000000000000085,2.200000000000003,2.9000000000000057,5.1000000000000085,8.590683054691542,-0.36202479191692233,-5.77563865235099,49.63740874633593,62.57763975155278,55.89134217459311,-9.123546039901392
2015-10-19,127.4,128.4,124.55,127.3,26437043,NTPC,129.53,7.61323985256168,139.90724395512206,0.039292730844797674,1.0007855459544384,1.0086410054988217,0.9783974862529458,0.9849023783492195,0.1363232351393121,-2.4615598818132267,20231153.75,1.3067491516641754,17032764.0,1.5521287678265254,410799472,1.0130217023699808,3.024351924587595,3.8500000000000085,1.1500000000000057,2.700000000000003,3.8500000000000085,7.958591980732671,-0.29291077690789685,-3.083365055196041,49.71544814116019,62.732919254658356,62.8335810184303,-9.011144525987572
2015-10-26,127.35,133.95,126.7,132.85,13426600,NTPC,129.25,7.366906799293416,139.87415689894328,4.359780047132755,0.9585999247271358,1.0082800150545728,0.9537071885585248,3.4142670819914893,3.6928046529376877,1.667342678143856,19564601.3,0.6862700544784421,16749114.6,0.8016304336469224,424226072,1.0475405858283566,5.457282649604807,7.249999999999986,6.6499999999999915,0.5999999999999943,7.249999999999986,7.864113049968314,0.4886718534765883,3.7485357282311504,58.04242072750204,79.96894409937883,68.42650103519665,-5.021768891889103
2015-11-02,132.2,137.65,127.3,132.7,37594750,NTPC,129.09250000000003,7.251139202693877,139.78119801778993,-0.11290929619872658,0.9962321024868124,1.0373021853805577,0.9593067068575736,2.203393026086756,3.0719502517565154,1.4265079268434624,20480829.55,1.835606800409117,21525799.2,1.7464972914919694,386631322,0.9581664534325068,7.799547852298424,10.350000000000009,4.800000000000011,5.549999999999997,10.350000000000009,8.195564643305874,0.49750803275983635,15.091066782307028,57.74422098758044,81.0126582278481,74.57150719396176,-5.065915958803502
2015-11-09,133.0,139.3,132.15,133.55,27874976,NTPC,128.92000000000002,7.092423681944871,139.7219018901846,0.6405425772419093,0.9958816922500935,1.0430550355672032,0.98951703481842,1.883889951637149,3.1618835005065558,1.8827365660885012,21204322.15,1.3145893465875307,24551755.8,1.1353557043769553,414506298,1.029130312047123,5.353800074878326,7.150000000000006,6.600000000000023,0.549999999999983,7.150000000000006,8.056156024198424,0.6528092803855685,9.962947715109106,59.11754888704175,82.14285714285715,81.04148649002803,-4.4172758935356
2015-11-16,133.4,134.75,129.8,131.2,6865070,NTPC,128.5475,6.74145609369073,139.70197657722213,-1.7596405840509366,1.016768292682927,1.0270579268292683,0.9893292682926831,0.0843165804935925,1.223450837277739,0.11485909070902264,20502576.0,0.3348393879871485,22439687.8,0.3059342920091785,407641228,1.0174576655705074,3.7728658536585282,4.949999999999989,1.1999999999999886,3.75,4.949999999999989,7.642001887638633,0.39346099168137083,16.51865008880995,53.56414626597742,74.84472049689435,79.33341195586654,-6.085795480869633
2015-11-23,131.5,135.15,130.8,133.1,15547724,NTPC,128.3025,6.463143992141897,139.66720128391523,1.4481707317073322,0.9879789631855748,1.0154019534184824,0.9827197595792638,1.007074056402497,2.257272189658722,1.4123244676379212,20693052.65,0.7513499464275514,20261824.0,0.7673407882725661,423188952,1.0582775607915933,3.268219383921859,4.349999999999994,3.950000000000017,0.39999999999997726,4.349999999999994,7.2030683026201485,0.7422857986504623,5.718824463860206,57.30565483343738,80.74534161490678,79.24430641821942,-4.702035426746645
2015-11-30,132.8,134.0,130.1,130.9,18106989,NTPC,128.19250000000002,6.395563326491259,139.61374716295657,-1.6528925619834656,1.0145148968678381,1.0236822001527883,0.9938884644766997,-0.43778173207449217,0.5267462301227256,-0.22422698429546273,20236992.55,0.894747030976201,21197901.8,0.854187795133573,405081963,1.0137731934323113,2.979373567608866,3.9000000000000057,0.9000000000000057,3.0,3.9000000000000057,6.7626591956041295,0.42334034732877446,3.2741617357002095,51.736291040056905,73.91304347826086,76.50103519668733,-6.241324611670165
2015-12-07,131.1,134.9,128.0,130.2,9726606,NTPC,127.91749999999999,6.1700310286690545,139.5830160873015,-0.5347593582887833,1.0069124423963134,1.0360983102918588,0.9831029185867897,-0.6518465372685825,-0.006905322428817689,-0.699478004792015,20369966.8,0.47749739091376425,15624273.0,0.6225317491572248,395355357,0.9922765140324717,5.299539170506917,6.900000000000006,4.0,2.9000000000000057,6.900000000000006,6.780971302856913,0.36993330979931227,7.647788342290185,49.95390878427419,66.17100371747205,73.60979627021322,-6.722176057173712
2015-12-14,129.45,133.65,128.9,132.85,19494089,NTPC,127.85,6.104722072211761,139.5392503446638,2.035330261136714,0.9744072261949567,1.0060218291305985,0.9702672186676704,0.9039246310256022,1.703968559727509,1.2001051320642793,20820455.45,0.9362950319129547,13948095.6,1.3976165319658407,414849446,1.0402815952379598,3.575461046292812,4.75,3.450000000000017,1.299999999999983,4.75,6.510175129142658,0.8190381053970707,4.0328895849647495,56.50011141364615,75.33460803059268,71.8062184087752,-4.793812728777937
2015-12-21,132.5,138.1,130.5,136.4,17242987,NTPC,127.91749999999999,6.195313912441103,139.52130423538395,2.672186676703059,0.971407624633431,1.0124633431085044,0.9567448680351905,2.3220253530388746,3.653365457644331,3.457217518781866,20702985.55,0.8328744160283684,16023679.0,1.076094135435439,432092433,1.082880549691642,5.571847507331374,7.599999999999994,5.25,2.3499999999999943,7.599999999999994,6.655485111923636,1.3691800157157341,7.190569744597264,63.815988211318476,85.7142857142857,75.73996582078347,-2.2371524209077402
2015-12-28,136.8,144.7,136.5,143.95,13751647,NTPC,128.54749999999999,7.132495595586067,139.54140381124608,5.535190615835761,0.9503299756860022,1.0052101424105593,0.9482459187217784,4.9634097865207805,7.462823689312873,7.810703464849082,20194647.05,0.6809550553645353,15664463.6,0.8778881518802852,445844080,1.1114413847502576,5.696422368878075,8.199999999999989,8.299999999999983,0.09999999999999432,8.299999999999983,6.874753763667149,2.159482581318636,13.079340141398266,74.38680420738585,97.08171206225681,86.04353526904505,3.159346307506906
2016-01-04,144.45,148.85,142.85,143.3,23171990,NTPC,129.31,7.855062062135599,139.5699295367641,-0.45154567558178815,1.0080251221214234,1.0387299371946963,0.9968597348220515,3.021553099649539,6.036926348778317,6.77649360398658,20474927.4,1.1317251361780165,16677463.8,1.3894192952767794,422672090,1.0488680915683595,4.18702023726448,6.0,4.900000000000006,1.0999999999999943,6.0,6.75811992851153,1.7810171185581276,7.866014301844193,72.28893722100369,81.40703517587944,88.06767765080731,2.6725459241944853
2016-01-11,144.7,145.65,137.05,141.6,19776775,NTPC,130.625,7.582936176220493,139.58299456159128,-1.1863224005582818,1.0218926553672316,1.0286016949152543,0.9678672316384181,1.2381758906769043,4.207575942977786,5.185844437361136,19895823.2,0.9940164225021864,18687497.6,1.0582890991247538,402895315,0.9938285717496111,6.0734463276836115,8.599999999999994,2.3499999999999943,6.25,8.599999999999994,7.003703938043325,1.4473285472739112,6.706857573474001,66.61917592093522,70.16460905349794,82.8844520972114,1.4450223286467099
2016-01-18,143.5,146.95,133.25,134.6,22660366,NTPC,131.28249999999997,7.310739666660691,139.5465183105942,-4.943502824858759,1.0661218424962853,1.0917533432392272,0.9899702823179792,-2.598683971669888,-0.6635995317831356,0.23369941532547744,19138078.9,1.1840460120581906,19320753.0,1.1728510788373516,380234949,0.9393356670228815,10.178306092124807,13.699999999999989,5.349999999999994,8.349999999999994,13.699999999999989,7.89654341297088,0.4537844529095851,0.7862223886184738,48.533596233116754,41.35802469135802,64.30988964024513,-3.544709227058277
2016-01-25,135.4,139.7,130.8,137.95,15976822,NTPC,132.55,5.977061414934309,139.5383208094732,2.4888558692421903,0.9815150416817688,1.01268575570859,0.9481696266763322,-0.07144067940929065,1.526512730421912,2.4350702877436987,18516920.35,0.8628228505611085,19067520.0,0.8379077090256101,396211771,0.9749201322532487,6.451612903225791,8.899999999999977,5.099999999999994,3.799999999999983,8.899999999999977,8.03033762457476,0.9034539927107853,5.144817073170738,55.243065719284004,50.79006772009025,54.104233821648734,-1.1382685417591556
2016-02-01,139.8,146.7,138.45,140.25,26489457,NTPC,133.26749999999998,5.9980320237471645,139.5443282978939,1.6672707502718431,0.9967914438502674,1.0459893048128341,0.9871657754010694,1.0464397303647748,2.6926351789867224,3.698810105844746,18643533.4,1.4208388738156257,21615082.0,1.225508050351139,422701228,1.035667036334409,5.88235294117647,8.25,8.75,0.5,8.75,8.12629260796479,1.1641318306329786,5.371900826446296,59.432658766567386,60.092807424593985,50.746966612014084,0.5056971578233167
2016-02-08,140.0,140.5,122.75,123.25,21160884,NTPC,133.0925,6.244203101150925,139.43518749097043,-12.121212121212121,1.1359026369168357,1.1399594320486814,0.9959432048681541,-8.401551468918692,-9.196345983057281,-8.78543658499527,18959335.25,1.1161195116268647,21212860.8,0.9975497505739537,401540344,0.9839667089683037,14.401622718052739,17.75,0.25,17.5,17.75,9.409453593569486,-1.576261989009589,-5.844155844155852,33.048871526669686,1.915708812260537,37.59952798564825,-11.607677934250676
2016-02-15,121.2,127.25,120.15,124.8,14523449,NTPC,133.285,5.900024531617304,139.3682155302702,1.2576064908722095,0.9711538461538461,1.0196314102564104,0.9627403846153847,-4.703478731539674,-6.720121170410791,-6.814807458672109,18999941.35,0.7643944121964354,20162195.6,0.7203307262826077,416063793,1.016191788625297,5.689102564102559,7.099999999999994,4.0,3.0999999999999943,7.099999999999994,9.10152644776022,-1.4381296136194381,-4.147465437788012,36.036160168379176,16.20209059233447,26.070202276396326,-10.453040153266539
2016-02-22,126.75,132.85,124.2,127.0,14490099,NTPC,133.25,5.93686076891445,139.31200404492225,1.7628205128205066,0.9980314960629921,1.0460629921259843,0.9779527559055118,-1.9264784550979204,-4.175508135437137,-4.550766193743471,19087186.65,0.7591532092027822,18528142.2,0.7820589265555183,430553892,1.0479011480944338,6.811023622047236,8.649999999999991,8.049999999999997,0.5999999999999943,8.649999999999991,9.04132292139219,-1.052744917436022,-4.403462551750092,40.39191423479709,23.86759581881532,13.995131741136772,-8.83771942649834
2016-02-29,123.25,125.0,116.9,119.5,73740511,NTPC,132.8625,6.568422765899038,138.8641351392282,-5.905511811023622,1.0313807531380754,1.0460251046025104,0.9782426778242679,-5.549025181575658,-9.18318852265764,-10.186485615522741,21902941.7,3.3666943924705786,30080880.0,2.4514080372648674,356813381,0.8713494266854102,6.778242677824263,8.099999999999994,2.0,10.099999999999994,10.099999999999994,9.182479865206563,-2.0343544373199385,-12.390029325513197,31.858223997477424,8.137715179968687,16.069133863706153,-13.944662615594233
2016-03-07,120.0,128.85,119.3,126.05,19608844,NTPC,132.8,6.629797170827899,138.78756581865935,5.481171548117159,0.9520031733439112,1.0222134073780245,0.946449821499405,-0.042885147154798305,-3.008269021075012,-4.089075328311954,21561531.75,0.9094365014211014,28704757.4,0.683121746223154,376422225,0.9231096034379347,7.576358587861957,9.549999999999997,9.349999999999994,0.20000000000000284,9.549999999999997,9.231482549845689,-1.018130694812358,-12.434873219868003,43.819011133602004,28.638497652582146,20.214602883788714,-9.177742792392747
2016-03-14,126.0,128.75,124.5,127.4,14405478,NTPC,132.5275,6.738742561916974,138.73779557146068,1.071003570011908,0.9890109890109889,1.010596546310832,0.97723704866562,0.6781492789175112,-1.6429175382810275,-2.737249736048477,21610475.65,0.6665969890394338,27353676.2,0.5266377321524337,390827703,0.9623776282948082,3.335949764521193,4.25,2.700000000000003,1.5499999999999972,4.25,8.56728487653293,-0.7608986324803859,-11.095603628750872,46.07021774181831,32.86384976525823,23.213354199269684,-8.172103012564326
2016-03-21,127.7,128.7,126.0,127.15,19466596,NTPC,132.25,6.84470598345918,138.66975865531873,-0.196232339089486,1.004325599685411,1.012190326386158,0.9909555642941408,0.3219096507227208,-1.5795136972777037,-2.694312347685362,20704067.95,0.9402304922400528,28342305.6,0.686838829371736,371361107,0.9161653685920722,2.123476209201721,2.6999999999999886,1.299999999999983,1.4000000000000057,2.6999999999999886,7.784980226328539,-0.7451013984128145,-10.204802259887003,45.679108800254006,32.0813771517997,31.194574856546684,-8.307333024176199
2016-03-28,127.6,130.25,126.8,129.15,11159971,NTPC,132.03,6.871382301752975,138.63782244391717,1.572945340149423,0.9879984514130855,1.008517228029423,0.9818041037553232,1.2436743429572499,-0.0055428346365359185,-1.0120015260615065,19868317.7,0.5616968265008164,27676280.0,0.4032323346923792,382521078,0.9474356054943127,2.6713124274099904,3.450000000000003,3.0999999999999943,0.3500000000000085,3.450000000000003,7.206982862818068,-0.41912964139184505,-4.04903417533432,49.626561802744106,38.341158059467936,34.428794992175284,-6.843603193317072
2016-04-04,129.65,131.85,126.85,131.1,26726810,NTPC,132.025,6.872054392898042,138.5777449010884,1.5098722415795462,0.9889397406559879,1.005720823798627,0.967581998474447,1.8083932946500263,1.2702461124987952,0.44959320620437127,20861404.7,1.2811606113944956,18273539.8,1.4625962070030898,409247888,1.0134314427199225,3.8138825324180017,5.0,2.6999999999999886,2.3000000000000114,5.0,6.912718481108993,-0.13460312551599665,-4.965567234505253,53.43350303604195,44.44444444444443,38.28899321857068,-5.3960647912301845
2016-04-11,131.1,135.0,125.05,134.6,27359513,NTPC,132.1,6.892558916763392,138.54555382701375,2.6697177726926036,0.9739970282317979,1.0029717682020802,0.9290490341753344,2.9077779144557696,3.2892969561574503,2.785016321611769,21451994.15,1.275383202544832,19823673.6,1.3801434361792557,436607401,1.0793892111050598,7.392273402674594,9.950000000000003,3.9000000000000057,6.049999999999997,9.950000000000003,7.317689350294461,0.36270999351485417,-4.028520499108734,59.735500490199186,58.90183028286189,47.229144262258075,-2.8478386480306135
2016-04-18,134.7,139.9,132.95,139.5,12347681,NTPC,132.53,7.079481099034082,138.54902713825243,3.6404160475483005,0.9655913978494622,1.0028673835125448,0.9530465949820788,4.212123810206677,5.731117482634677,5.683091496880756,21164028.75,0.5834277181276273,19412114.2,0.6360812054155338,448955082,1.1039285618462558,4.982078853046607,6.950000000000017,5.300000000000011,1.6500000000000057,6.950000000000017,7.268664103588534,0.9845354345180721,13.184584178498993,66.95881072638186,75.20798668885193,59.51808713871941,0.6863800355657755
2016-04-25,139.5,144.0,138.05,140.35,16235266,NTPC,133.0375,7.2650365848321234,138.55760344623266,0.6093189964157641,0.993943712148201,1.0260064125400785,0.983612397577485,3.194828507416375,5.401745974823375,5.733110023728496,21489461.75,0.7554989598564515,18765848.2,0.8651495965953727,465190348,1.1341119339244137,4.239401496259344,5.949999999999989,4.5,1.4499999999999886,5.949999999999989,7.092842223110062,1.0065331281699215,12.459935897435903,68.10411115782338,78.69127516778525,70.93369737983302,1.293611111325892
2016-05-02,139.4,141.6,134.8,138.55,19530361,NTPC,133.32250000000002,7.368361865363915,138.5575601376704,-1.2825080156750879,1.0061349693251533,1.0220137134608442,0.9729339588596174,1.2914431902604935,3.57664616734419,4.132720985284067,21491275.35,0.9087576554641276,20439926.2,0.9555005634022299,445659987,1.082432517032041,4.907975460122687,6.799999999999983,1.25,5.549999999999983,6.799999999999983,7.053796593362052,0.7094521272866139,9.09448818897638,62.78633138711343,72.65100671140947,75.51675618934888,-0.0054563155290003875
2016-05-09,138.2,144.8,135.45,143.2,24498423,NTPC,133.6625,7.6686112617743465,138.59049421565246,3.356189101407425,0.9650837988826816,1.011173184357542,0.9458798882681564,2.9978093762131643,5.749467237543097,6.641918888281061,21854047.15,1.1210016539201986,19994248.8,1.2252734896446822,470158410,1.13668039630174,6.529329608938564,9.350000000000023,6.25,3.1000000000000227,9.350000000000023,7.3599570475804486,1.2437062819367934,19.832635983263593,69.81242064462644,94.26523297491032,81.86917161803501,3.32598985986366
2016-05-16,143.4,143.6,139.1,140.1,18824961,NTPC,133.47,7.441745692199529,138.5986782783362,-2.16480446927374,1.02355460385439,1.0249821556031407,0.9928622412562456,0.5676245666130042,3.140554961249141,4.1948314494529635,22107712.85,0.8515110146276392,18287338.4,1.0293986247883946,451333449,1.0904445665627418,3.2119914346895073,4.5,0.4000000000000057,4.099999999999994,4.5,6.9786294412363885,0.8909199903121644,11.146370487901613,60.959096843413334,83.15412186379922,83.356787183373,1.083215035174304
2016-05-23,140.5,141.6,133.4,135.7,24279082,NTPC,133.09,7.099547798794671,138.57855002345002,-3.140613847251972,1.0353721444362565,1.0434782608695652,0.9830508474576273,-1.770944722267362,-5.211030000301772e-05,0.9977000409923662,22163067.45,1.095474805316265,20673618.6,1.1743992413597104,427054367,1.031239141771704,6.042741341193802,8.199999999999989,1.5,6.699999999999989,8.199999999999989,7.141478849071535,0.36762904821108455,6.514913657770793,50.47584260366298,67.3835125448028,81.6009557945041,-2.077197389468232
2016-05-30,136.1,145.8,136.0,143.6,27614116,NTPC,133.19,7.238449964926101,138.6178975686149,5.821665438467205,0.9477715877437326,1.0153203342618387,0.947075208913649,2.5519164400572008,4.7154372978449475,5.9071882841163665,22554934.5,1.2243048633105098,22949388.6,1.203261510853496,454668483,1.0911004577186612,6.8245125348189495,9.800000000000011,10.100000000000023,0.30000000000001137,10.100000000000023,7.535948335862001,1.4381532027494335,12.937475422729051,63.4850453381937,92.3875432525951,80.97505922039903,3.594126385389012
2016-06-06,144.1,149.3,139.9,147.1,56195893,NTPC,133.815,7.878002351651932,138.7510333103749,2.4373259052924867,0.9796057104010877,1.0149558123725357,0.9510537049626105,3.2470210776895976,5.985064364206274,7.467139481979512,24231710.85,2.319105462584372,30282495.0,1.8557220268673371,510864376,1.2070385894403717,6.390210740992526,9.400000000000006,5.700000000000017,3.6999999999999886,9.400000000000006,7.784488557747068,1.68634120770658,13.898567557104125,67.80790982906456,92.66666666666661,84.1459074880215,6.017228477822663
2016-06-13,147.5,152.75,147.05,148.75,15917249,NTPC,134.355,8.52031473349996,138.79529043317388,1.1216859279401747,0.9915966386554622,1.026890756302521,0.9885714285714287,2.8801649323390044,6.023930667801641,7.785758204924964,24228732.2,0.6569575687497178,28566260.2,0.5572045093953181,526781625,1.2257396979825395,3.831932773109236,5.699999999999989,5.650000000000006,0.04999999999998295,5.699999999999989,7.506556750047457,1.6894915798593813,13.46300533943554,69.75555686968683,85.84070796460178,90.29830596128784,7.17222431377745
2016-06-20,148.35,155.0,147.1,154.45,14541680,NTPC,135.065,9.565000619033276,138.8583378133508,3.8319327731092256,0.960505017805115,1.003561022984785,0.9524117837487861,4.309591167305166,8.136112584759697,10.25652684947042,23631343.35,0.6153556225994237,27709604.0,0.5247884451903391,541323305,1.2424294701835734,5.114923923599875,7.900000000000006,6.25,1.6500000000000057,7.900000000000006,7.5590158500411295,2.0266595656487487,14.747399702823172,75.63205719633929,98.16360601001665,92.22366021376168,11.228466674869054
2016-06-27,154.1,154.6,143.25,149.2,16843760,NTPC,136.3625,9.637725695357227,138.90635708736698,-3.399158303658145,1.0328418230563003,1.0361930294906168,0.9601206434316355,0.6283125817260184,4.203117131651477,6.507108071329188,23415487.15,0.7193427107494538,26222539.6,0.6423390051816339,524479545,1.1870232551094804,7.60723860589812,11.349999999999994,0.15000000000000568,11.199999999999989,11.349999999999994,8.064480403368979,1.3320051229704715,6.953405017921144,62.68751783392516,80.63439065108511,88.21290154190119,7.410490872033079
2016-07-04,150.6,158.0,147.15,155.95,18958827,NTPC,137.92000000000002,10.172956926655118,138.99496984011952,4.524128686327078,0.9656941327348509,1.0131452388586086,0.9435716575825586,3.2862850793780938,7.156717314390503,9.674289711801585,23637256.05,0.8020739361580846,24491481.8,0.7740988134086685,543438372,1.2124553489067,6.957358127604999,10.849999999999994,8.800000000000011,2.049999999999983,10.849999999999994,8.435883016253115,1.7723460474660893,11.115069469184169,70.24300032501837,93.77845220030345,90.85881628713507,12.1983048590774
2016-07-11,155.9,158.7,150.0,157.65,12481925,NTPC,139.45250000000001,10.73446827795991,139.05860773733468,1.090092978518764,0.9888994608309547,1.006660323501427,0.9514747859181731,2.886123937536796,6.992470111073532,9.760947397246053,23536847.35,0.5303142266417427,15748688.2,0.7925691868101116,555920297,1.2231969685941493,5.518553758325397,8.699999999999989,2.75,5.949999999999989,8.699999999999989,8.471098614086031,1.6952399996712675,13.785636954168169,71.89670645985213,96.87964338781579,90.43082874640145,13.369465267322589
2016-07-18,157.7,159.4,142.85,155.6,32020372,NTPC,141.2575,10.225938060174599,139.2021079984954,-1.3003488740881752,1.0134961439588688,1.0244215938303343,0.9180591259640103,1.071111562779235,4.943240431568531,7.85772650435638,21450840.4,1.492732750927558,18969312.8,1.688009066938893,523899925,1.1319348743655002,10.636246786632398,16.55000000000001,1.75,14.800000000000011,16.55000000000001,9.548285465541229,1.4025608130619869,8.659217877094981,66.73629715119614,85.63327032136102,92.09712196982674,11.779916437531135
2016-07-25,155.5,158.15,154.1,157.5,14848336,NTPC,142.82999999999998,10.182342817994236,139.2754224373181,1.2210796915167021,0.9873015873015873,1.0041269841269842,0.9784126984126984,1.5096929488611621,5.219963053888773,8.221843748601263,21212815.0,0.6999700888354516,19030644.0,0.7802329758257261,538748261,1.1439556542650573,2.5714285714285787,4.050000000000011,2.5500000000000114,1.5,4.050000000000011,8.815180736802398,1.4407293353033834,12.419700214132767,69.10753624449644,92.69230769230768,91.73507380049483,13.08527897008103
2016-08-01,157.8,160.4,156.3,159.4,19568860,NTPC,144.43,10.144228330486914,139.38113234724497,1.206349206349211,0.9899623588456713,1.0062735257214555,0.9805520702634881,1.7891118337332943,5.442610759925522,8.539494089529324,21470984.1,0.9114095520195555,19575664.0,0.9996524255831117,558317121,1.1647949698830073,2.5721455457967344,4.099999999999994,2.9000000000000057,1.1999999999999886,4.099999999999994,8.18648997189541,1.4757159945828477,17.46499631540164,71.45541863589155,96.29629629629629,91.54062476998831,14.36268117185427
2016-08-08,159.9,163.0,156.7,159.85,12365643,NTPC,146.065,9.843286517910808,139.44884889051002,0.28230865746547984,1.000312793243666,1.019705974350954,0.980294025649046,1.3770594361258872,4.893259690596314,8.063887465634831,21115936.45,0.5856071327587273,18257027.2,0.6773086803529548,570682764,1.166342509781185,3.941194870190811,6.300000000000011,3.5999999999999943,2.700000000000017,6.300000000000011,7.934957975642691,1.400446890875,11.316155988857934,72.03621850842936,89.3581081081081,92.78223736557068,14.629845475101904
2016-08-15,159.55,162.25,156.75,160.55,10363048,NTPC,147.63500000000002,9.501566352864936,139.50719010959276,0.43791054113231365,0.9937714107754594,1.010588601681719,0.9763313609467454,1.2047044570319605,4.549651082663106,7.759335889753465,21076090.3,0.4916968874440626,17833251.8,0.5811081521318506,581045812,1.1639100218102365,3.425724073497353,5.5,2.4000000000000057,3.0999999999999943,5.5,7.6102969122236654,1.3592495721619446,9.14343983684569,73.02148630280826,91.72297297297301,92.45912579245913,15.083674091548
2016-08-22,160.25,170.0,159.7,163.65,24787965,NTPC,149.2625,9.305952749662314,139.66580641783383,1.9308626596076017,0.9792239535594256,1.0388023220287197,0.9758631225175679,2.05078032621033,5.449503634000579,8.714418549800953,20979148.05,1.1815525082773797,16386770.4,1.5126815348557028,605833777,1.1901306279875759,6.293919951115192,10.300000000000011,9.449999999999989,0.8500000000000227,10.300000000000011,7.968923990593845,1.546053411943457,10.016806722689076,77.13763537310525,82.65027322404373,87.9104514350416,17.172559409719373
2016-08-29,163.2,163.6,156.8,159.55,23900643,NTPC,150.51,8.900422816686271,139.7909746882639,-2.505346776657502,1.0228768411156375,1.0253838921968035,0.9827640238169852,-0.31083171259033443,2.588411709920906,5.837908990088893,20806204.55,1.1487267147914297,18197231.8,1.3134219128867721,581933134,1.1270906044921596,4.261986837981812,6.799999999999983,0.05000000000001137,6.849999999999994,6.849999999999994,7.8197341251813315,1.0156820845692942,3.3020394949822007,62.56944937323015,69.26470588235297,81.21265069312324,14.134693141527235
2016-09-05,160.0,162.3,157.75,160.0,18413048,NTPC,151.535,8.744804472551566,139.8885065894582,0.2820432466311473,1.0,1.014375,0.9859375,-0.019138332265793423,2.4534701159886296,5.59417821513307,21109472.9,0.872264697807779,17966069.4,1.024879042268422,600346182,1.1459525550635423,2.843750000000007,4.550000000000011,2.75,1.8000000000000114,4.550000000000011,7.383769575157156,0.9680033471954895,7.238605898123329,63.44378257715735,66.77740863787375,72.89746258142348,14.376801855183569
2016-09-12,160.5,164.0,152.25,152.85,14642852,NTPC,152.16,8.340683425235603,139.9380621890693,-4.468749999999999,1.0500490677134446,1.0729473339875695,0.9960745829244357,-3.1318815098136694,-1.8081860728547439,1.079900588067922,21029852.2,0.6962888688299959,18421511.2,0.7948778925368511,585703330,1.1052890929923795,7.687275106313379,11.75,4.0,7.75,11.75,7.965933631802868,0.08272703384381322,-1.9878166078871384,44.4208013474487,36.83241252302025,57.62484234774899,9.226894819713491
2016-09-19,152.0,157.0,152.0,155.15,14302980,NTPC,152.98999999999998,7.717727372061901,139.994660597299,1.504743212299653,0.9796970673541734,1.0119239445697712,0.9796970673541734,-1.0686780052638074,-0.25623815424251856,2.334134092678053,20768483.15,0.6886867903012936,19209497.6,0.7445785568072326,600006310,1.1160272353333685,3.2226877215597804,5.0,4.150000000000006,0.8499999999999943,5.0,7.5704758142291535,0.2798751362764127,-1.5857913098636267,49.98680874538735,45.30386740331495,49.63789618806965,10.825655305737712
2016-09-26,154.9,158.0,151.3,152.15,16731234,NTPC,153.4375,7.371921748306722,140.0473353031699,-1.933612632935866,1.0180742688136708,1.0384488991127176,0.9944134078212291,-2.040991970716109,-1.914024785488357,0.3743838039593551,20380123.7,0.8209584125340712,17598151.4,0.9507381553723877,583275076,1.0736123106599749,4.403549129148859,6.699999999999989,2.8499999999999943,3.8499999999999943,6.699999999999989,7.454412372331932,-0.17464916801317432,-2.2172236503856024,43.43956785499616,34.25414364640888,38.796807857581356,8.641838611659884
2016-10-03,152.05,153.75,147.3,150.6,17273651,NTPC,153.9625,6.71686555580328,140.09433712127338,-1.0187315149523535,1.009628154050465,1.0209163346613546,0.9780876494023906,-2.060809775761222,-2.539663466773217,-0.5967311567637533,20302558.2,0.8508115494529158,16272753.0,1.0615076010801614,566001425,1.0309376143063715,4.282868525896407,6.449999999999989,1.5999999999999943,4.849999999999994,6.449999999999989,7.320490722687673,-0.5006055238212795,-4.380952380952385,40.29331073165943,28.545119705340692,36.03437691835484,7.498991818371881
2016-10-10,150.8,153.85,145.9,146.65,17265466,NTPC,154.51000000000002,5.482834457122528,140.1233930086923,-2.622841965471445,1.0282986703034436,1.0490964882372995,0.9948857824752813,-3.206536889326691,-4.5441916210377205,-3.030767606713723,19951877.4,0.8653554577275019,16043236.6,1.076183467867076,548735959,0.988534872926624,5.421070576201833,7.949999999999989,3.25,4.699999999999989,7.949999999999989,7.404425292995982,-1.433565076871764,-7.998745294855714,33.21867174583184,13.996316758747737,25.5985267034991,4.657756889246074
2016-10-17,147.0,148.6,143.3,147.5,17489637,NTPC,154.70499999999998,5.1325560473264105,140.1563639365469,0.5796113194681096,0.9966101694915255,1.007457627118644,0.9715254237288137,-1.7411915698068305,-3.3786287722528807,-2.233945064841942,19445653.45,0.8994111226434512,16612593.6,1.0527938876443712,566225596,1.009894244674467,3.5932203389830395,5.299999999999983,1.9499999999999886,3.3499999999999943,5.299999999999983,7.123835253929849,-1.4037839886333294,-7.725993118548635,36.008413141289736,17.12707182320444,19.88950276243095,5.239602296459245
2016-10-24,148.0,152.0,147.15,151.35,20639222,NTPC,154.9175,4.883033866034682,140.21509576695877,2.610169491525416,0.9778658738024447,1.0042946812025109,0.9722497522299307,0.5645820656469135,-0.6419240770624515,0.33609962134893745,17667819.9,1.1681815932479593,17879842.0,1.1543291042504737,586864818,1.0396590851670011,3.204492897258008,4.849999999999994,4.5,0.3499999999999943,4.849999999999994,6.820657220072535,-0.7305908781044397,-5.7303020865773995,47.475661011737806,30.14981273408235,20.42440043867817,7.941302020395674
2016-10-31,150.6,154.95,149.55,151.05,12487515,NTPC,155.0325,4.755558382179246,140.24938309290727,-0.1982160555004886,0.9970208540218469,1.025819265143992,0.9900695134061569,0.24472909913124596,-0.7215503422522416,0.12664429802647661,17496333.2,0.7137218328695295,17031098.2,0.7332184251042602,574377303,1.0132650302537294,3.5749751737835,5.399999999999977,3.5999999999999943,1.799999999999983,5.399999999999977,6.6312362573961945,-0.8374410910238888,-7.699358386801092,46.72287027454845,29.02621722846443,25.434367261917064,7.701008495658016
2016-11-07,151.7,157.6,150.7,155.1,19608543,NTPC,155.065,4.753588672062129,140.3228124332671,2.681231380337623,0.9780786589297227,1.0161186331399097,0.9716312056737588,1.8997048374114465,1.6358652710848225,2.5066762483268166,17749676.35,1.1047267912578023,17498076.6,1.120611336219662,593985846,1.0430117447256395,4.448742746615091,6.900000000000006,6.549999999999983,0.35000000000002274,6.900000000000006,6.6670714230767025,0.007362858340204986,-2.789094327796937,57.27552359422385,44.19475655430707,34.45692883895128,10.53085190532397
2016-11-14,155.4,156.6,145.6,151.7,17313782,NTPC,155.19,4.622302912026191,140.37226794722065,-2.1921341070277323,1.024390243902439,1.032300593276203,0.959789057350033,-0.1993222576026723,-0.48748825570061916,0.2947925440948965,17773177.45,0.9741523173730536,17507739.8,0.9889215968357035,576672064,1.0079905437118029,7.251153592617007,11.0,1.5,9.5,11.0,7.244795233333143,-0.7550348963326949,-5.1875000000000115,48.05543374214124,31.4606741573033,34.893882646691594,8.069779179630066
2016-11-21,151.4,160.0,149.0,154.9,30902079,NTPC,155.1375,4.61917841293512,140.4841130372064,2.109426499670408,0.9774047772756618,1.0329244673983216,0.9619109102646869,1.2470962492863134,1.3615126714574388,2.158338884404552,18370340.05,1.682172399416199,20190228.2,1.5305462966485937,607574143,1.0560859857611529,7.10135571336346,11.0,8.300000000000011,2.6999999999999886,11.0,7.745489202222058,-0.05141606986534877,1.341184167484477,55.7849933098875,43.44569288389513,39.70037453183516,10.261578089599091
2016-11-28,156.0,164.95,150.95,164.35,30204215,NTPC,155.4725,5.035204354813844,140.66235943467723,6.100710135571319,0.9491937937328871,1.003650745360511,0.9184666869485854,4.616875404175822,6.028414861013114,7.13547998435093,19256454.55,1.5685242016682661,22103226.8,1.3665070386917442,637778358,1.1007558880009132,8.518405841192576,14.0,10.049999999999983,3.950000000000017,14.0,8.579423975259116,1.7630863366077236,5.929745407669995,70.66107507939104,97.22863741339495,57.37833481819779,16.840070549451553
2016-12-05,164.5,165.2,159.8,162.45,22111005,NTPC,155.815,5.271749434984804,140.78083432128292,-1.1560693641618491,1.012619267466913,1.0169282856263466,0.9836872883964298,2.3341888690932366,4.225141709048954,5.5452331433819815,18760986.2,1.1785630437700552,24027924.8,0.9202211669981587,615667353,1.0542452613994924,3.324099722991676,5.399999999999977,0.8499999999999943,4.549999999999983,5.399999999999977,8.155500778557897,1.258595477996028,6.769635228393023,65.54509594498465,87.44292237442922,76.03908422390641,15.392127616792486
2016-12-12,163.0,168.0,161.1,165.45,16169838,NTPC,156.2125,5.688720950497658,140.87854547727966,1.846722068328721,0.9851919008763977,1.015412511332729,0.9737080689029919,2.7367340859643132,5.110085588058559,6.6530947746380855,18827061.3,0.8588614942258673,23340183.8,0.6927896600368674,631837191,1.073378940769211,4.170444242973711,6.900000000000006,5.550000000000011,1.3499999999999943,6.900000000000006,7.988100674750179,1.6238272329374623,9.860557768924295,69.56027411522062,89.67611336032384,91.44922438271601,17.44158731869014
2016-12-19,166.35,167.0,159.25,159.9,14776220,NTPC,156.2375,5.704542857278374,140.94714514404674,-3.354487760652758,1.0403377110694183,1.0444027517198249,0.9959349593495934,-0.42613027090767963,1.5570284671363699,3.1286740854193353,18587429.3,0.7949576975660642,22832671.4,0.6471524834365199,617060971,1.0430720856646354,4.846779237023139,7.75,1.5500000000000114,6.199999999999989,7.75,7.956353918116822,0.6420321648258009,9.035117627003064,55.70365947871046,67.20647773279353,81.44183782251552,13.446781654629195
2016-12-26,160.9,164.9,157.9,159.95,12935353,NTPC,156.2425,5.707918668509143,141.00695091643945,0.0312695434646626,1.0059393560487653,1.0309471709909348,0.9871834948421383,-0.2631581965953632,1.3609727248431338,2.895709517997304,18615914.8,0.6948545445642026,19239326.2,0.6723391903402521,629996324,1.0596257858974525,4.37636761487965,7.0,5.0,2.0,7.0,7.828840062367912,0.6495362347144913,8.440677966101685,55.7951951266662,67.40890688259104,74.76383265856947,13.434124318301278
2017-01-02,159.9,167.15,159.5,164.8,15923950,NTPC,156.45499999999998,5.950672230933191,141.09877730909022,3.032197561738048,0.9702669902912621,1.014259708737864,0.9678398058252426,1.7916984079877585,3.6547551352565586,5.27399682010537,18893959.9,0.8428063827953822,16383273.2,0.9719638930271883,645920274,1.0805140947178236,4.641990291262139,7.650000000000006,7.200000000000017,0.44999999999998863,7.650000000000006,7.804994720718858,1.4023625694960107,8.886686488272222,64.0985568632277,87.04453441295551,73.88663967611336,16.797610257805434
2017-01-09,164.9,167.5,161.1,163.05,18623250,NTPC,156.425,5.913888648543175,141.19741093306587,-1.0618932038834905,1.0113462128181538,1.0272922416436676,0.9880404783808646,0.49175875554075343,2.2463064596676565,3.9025357433747425,18585724.15,1.002019068490264,15685722.2,1.1872739911204089,627297024,1.04748012998184,3.925176326280285,6.400000000000006,2.6999999999999886,3.700000000000017,6.400000000000006,7.617662091289678,1.1202442916526676,7.944389275074482,59.44938040492161,79.95951417004052,78.13765182186235,15.476621648036653
2017-01-16,163.35,175.0,161.7,170.65,24432879,NTPC,156.98,6.6922264409418695,141.37001708259208,4.661146887457823,0.957222384998535,1.0254907705830647,0.9475534720187517,3.2822786017811088,5.65699352014806,7.500436069210746,18612335.95,1.312725015583012,17338330.4,1.40918291648197,651729903,1.081973774761699,7.793729856431299,13.300000000000011,11.949999999999989,1.3500000000000227,13.300000000000011,8.37530714578439,2.042668478216659,10.025789813023867,70.25893400362231,86.27760252365931,84.42721703555178,20.71159325127745
2017-01-23,171.3,176.25,169.2,169.6,25714350,NTPC,157.45999999999998,7.241939257583267,141.54306798680037,-0.6152944623498469,1.0100235849056605,1.0392099056603774,0.9976415094339622,1.7889970259195789,4.348210634500991,6.350453796835177,18977401.05,1.354998502284379,19525956.4,1.316931651040663,626015553,1.0370741688919674,4.156839622641517,7.050000000000011,5.599999999999994,1.450000000000017,7.050000000000011,8.198599526346474,1.6763465652225447,11.799604482531322,67.39500917105045,78.30342577487764,81.5135141561925,19.82218727646633
2017-01-30,169.7,178.25,169.7,175.7,26610601,NTPC,158.60250000000002,8.213619546377279,141.7583832983737,3.5966981132075526,0.9658508821855435,1.0145133750711441,0.9658508821855435,3.4658087482297804,6.5734930820946404,8.801653672631245,19575788.5,1.359362919148825,22261006.0,1.195390765358942,652626154,1.0751978526638695,4.866249288560052,8.550000000000011,8.650000000000006,0.09999999999999432,8.650000000000006,8.258786256166944,2.0816035979583494,13.428018076178173,74.39216270421863,92.1898928024502,85.59030703366238,23.943287100125723
2017-02-06,176.0,177.7,169.3,173.6,29327595,NTPC,159.525,8.81921496685381,141.97807122119755,-1.195219123505975,1.0138248847926268,1.0236175115207373,0.9752304147465439,1.5320376231335313,4.665714620757226,7.056910547760385,20327019.25,1.4427887650079338,24941735.0,1.1758442225450636,623298559,1.0249143125462197,4.8387096774193425,8.399999999999977,2.0,6.399999999999977,8.399999999999977,8.277614755344683,1.595947037565084,5.6282324307879605,68.54865494537253,85.75803981623275,85.41711946452018,22.272403411887762
2017-02-13,172.8,175.5,167.4,172.5,30422693,NTPC,160.5425,9.093220074087547,142.19496498598767,-0.6336405529953848,1.0017391304347827,1.017391304347826,0.9704347826086956,0.6027506526607874,3.4781021523649938,5.925544145895279,21011592.2,1.447900411849798,27301623.6,1.1143180876612773,592875866,0.9741201633925054,4.69565217391304,8.099999999999994,1.9000000000000057,6.199999999999989,8.099999999999994,8.253932787965391,1.3149907186426342,6.186518928901208,65.44178636303556,82.38897396630934,86.7789688616641,21.312312300930405
2017-02-20,172.9,172.9,168.3,171.8,20368112,NTPC,161.60250000000002,9.108851608824144,142.33514706282375,-0.40579710144926784,1.0064027939464493,1.0064027939464493,0.9796274738067521,0.13183735965846152,2.6441341490917663,5.080384175803419,21166315.25,0.9622889841442761,26488670.2,0.7689367509283271,572507754,0.940151973120559,2.6775320139697287,4.599999999999994,0.4000000000000057,4.199999999999989,4.599999999999994,7.766741749570005,1.119515438161406,3.838017527954074,63.33405854867373,77.94871794871798,82.03191057708669,20.701038039586308
2017-02-27,171.95,174.0,163.6,165.4,22669007,NTPC,162.54,8.428391867591552,142.45606106910918,-3.725261932479629,1.0396009673518742,1.0519951632406288,0.989117291414752,-2.4883125417600898,-0.9625380196201581,1.290260991250155,21436492.3,1.057496099770017,25879601.6,0.8759411118600836,549838747,0.9028439813685343,6.287787182587669,10.400000000000006,2.1999999999999886,8.200000000000017,10.400000000000006,8.117842849627339,0.3393292629163516,3.4396497811131965,47.272221003291136,52.93040293040298,71.08936494847676,16.10597594703964
2017-03-06,166.0,166.15,154.7,158.4,49854591,NTPC,163.08499999999998,7.7279925220623635,142.63778653341157,-4.232164449818621,1.047979797979798,1.0489267676767677,0.976641414141414,-4.678311845147812,-4.649371149595111,-2.815919166939942,23054740.0,2.162444295619903,30528399.6,1.633056159288481,499984156,0.8254712535380719,7.2285353535353645,11.450000000000017,0.75,10.700000000000017,11.450000000000017,8.56213046967703,-0.6062376466624338,-0.9690528290090539,35.810811190723044,15.711252653927879,48.863457844349604,11.050517432767567
2017-03-13,160.0,160.05,155.6,157.1,14146753,NTPC,163.3725,7.3669688653581975,142.6844099613157,-0.8207070707070829,1.0184595798854232,1.0187778485041377,0.9904519414385742,-3.696348806583573,-4.727436883309275,-3.3611593234013095,22730116.55,0.622379254804129,27492231.2,0.5145727495555181,485837403,0.8088607640147674,2.8325907065563443,4.450000000000017,1.6500000000000057,2.8000000000000114,4.450000000000017,8.013846407053428,-0.8514356602612064,-4.672330097087385,34.042159338581115,10.19108280254779,26.277579462292877,10.103129026214292
2017-03-20,160.45,161.85,158.1,161.4,19074096,NTPC,163.89,6.797302096381535,142.76540837368455,2.737110120942088,0.9941140024783146,1.0027881040892193,0.9795539033457248,-0.6224551735410025,-1.6605434645134718,-0.5568047432722937,23059445.6,0.8271706237378057,25222511.8,0.7562330092754679,504911499,0.8455060684015533,2.323420074349442,3.75,4.75,1.0,4.75,7.578666886112972,-0.36632180896086747,-1.0119595216191435,44.50308359124628,28.450106157112586,18.117480537862747,13.052595750323439
2017-03-27,161.45,165.55,160.0,163.35,17383553,NTPC,164.30249999999998,6.478658791512422,142.8462807513098,1.2081784386617,0.9883685338230792,1.0134680134680136,0.9794918885827977,0.38582077335161563,-0.38311276490871754,0.5899647274739123,22948196.1,0.7575128312590983,24625600.0,0.7059138863621597,522295052,0.8798975392112938,3.3976124885215864,5.550000000000011,4.150000000000006,1.4000000000000057,5.550000000000011,7.308177967964577,-0.14702117068548817,-4.277761500146504,48.755763700430165,36.7303609341826,25.123849964614323,14.353694853551305
2017-04-03,164.1,167.3,162.6,164.65,19381416,NTPC,164.95,5.760116957876816,142.94137128919093,0.7958371594735336,0.9966595809292438,1.016094746431825,0.9875493470999088,0.7815520733960366,0.35097061221895665,1.2602885517570142,23051577.8,0.8407847900112069,23968081.8,0.8086344231351881,541676468,0.9152469053723569,2.854539933191629,4.700000000000017,3.950000000000017,0.75,4.700000000000017,6.960420905569302,-0.05208227579298376,-2.9186320754716943,51.608239277718745,42.25053078556268,35.81033262561929,15.187085806592274
2017-04-10,165.9,169.3,164.7,166.75,17951834,NTPC,165.5425,5.259659659791788,143.03715984310986,1.2754327361068851,0.9949025487256372,1.0152923538230885,0.9877061469265367,1.3540531689541389,1.376503634877793,2.29513823613928,22404065.55,0.8012757309576788,17587530.4,1.0207137438693497,559628302,0.9494250699583521,2.758620689655186,4.600000000000023,4.650000000000006,0.04999999999998295,4.650000000000006,6.65236478482673,0.2295775921075112,-5.093910073989749,56.15707525061328,51.167728237791955,43.382873319179076,16.578097735511204
2017-04-17,167.05,168.25,158.4,159.3,32926036,NTPC,165.29000000000002,5.438111127181748,143.1562876836632,-4.467766116941519,1.0486503452605147,1.0561833019460138,0.9943502824858756,-2.172888194504704,-2.7735701850101115,-2.0847157827796083,22540156.6,1.4607722823008247,21343387.0,1.5426809250096998,526702266,0.9020645477124646,6.183301946013806,9.849999999999994,1.5,8.349999999999994,9.849999999999994,7.078716146849832,-1.1014853981301909,-8.23732718894008,40.55303401217483,19.532908704883315,37.65038924274598,11.276984460514967
2017-04-24,160.5,168.45,160.0,166.55,20787848,NTPC,165.49499999999998,5.4025797931221335,143.2639793848315,4.55116133082234,0.9636745722005403,1.0114079855899127,0.9606724707295106,1.516497190494949,1.4573243703455219,2.162490009924593,22473998.75,0.9249732649379986,21686137.4,0.9585777133368159,547490114,0.9431736406325604,5.073551486040221,8.449999999999989,9.149999999999977,0.6999999999999886,9.149999999999977,7.354887327269852,0.19527707880282025,-3.4492753623188377,54.69000243272085,50.318471337579695,40.33970276008498,16.253925596062288
2017-05-01,166.95,167.0,163.0,164.5,13129674,NTPC,165.4475,5.407170555942507,143.3255452149404,-1.2308616031221908,1.0148936170212766,1.0151975683890577,0.9908814589665653,0.19279678653265503,0.19652995509010776,0.8646351685320837,22321990.55,0.5881945864366473,20835361.6,0.6301630013467104,534360440,0.9283495271215106,2.43161094224924,4.0,0.44999999999998863,3.5500000000000114,4.0,6.907569016967205,-0.17523027805340516,-4.249126891734578,50.75227316495598,41.61358811040343,37.15498938428881,14.773678169725427
2017-05-08,164.65,165.6,159.4,160.6,14534909,NTPC,165.48250000000002,5.371520293469705,143.38080863113973,-2.370820668693008,1.0252179327521793,1.0311332503113324,0.9925280199252803,-1.4872765820480767,-1.9089351844209939,-1.414198143701314,22309925.0,0.6514996800751235,19866060.2,0.731645271063862,519825531,0.9107907963572591,3.8605230386052236,6.199999999999989,1.0999999999999943,5.099999999999994,6.199999999999989,6.813226481371577,-0.908960542499635,-2.90205562273278,43.825603604658085,25.6521739130435,39.19474445367553,12.009411533699893
2017-05-15,161.35,162.95,157.8,159.75,12744897,NTPC,165.47250000000003,5.382536943428014,143.4265983585909,-0.5292652552926436,1.0100156494522692,1.0200312989045384,0.987793427230047,-1.3515143206131268,-2.101005985878004,-1.7909871886607829,22300402.2,0.5715097371651889,18824672.8,0.6770315285373778,507080634,0.8981315061304626,3.223787167449125,5.149999999999977,2.3499999999999943,2.799999999999983,5.149999999999977,6.591462950522031,-1.0631603758868948,0.8522727272727293,42.37133915803043,24.278846153846196,30.514869392431038,11.381014280627241
2017-05-22,159.75,161.8,157.3,158.2,22002926,NTPC,165.14249999999998,5.622892002669377,143.49760077870664,-0.9702660406885832,1.0097977243994944,1.0227560050568902,0.9943109987357777,-1.563019016931935,-2.658311574376085,-2.555948291863759,22604351.0,0.9733933966960608,16640050.8,1.3222871891713215,485077708,0.8715751164449411,2.844500632111252,4.5,2.0500000000000114,2.4499999999999886,4.5,6.31260122378576,-1.2346849266719253,0.7001909611712209,39.60606702087926,18.134715025906726,22.68857836426547,10.245745672059355
2017-05-29,158.0,158.85,153.15,156.5,19194253,NTPC,164.815,5.933360191147493,143.5518870363226,-1.074589127686465,1.0095846645367412,1.0150159744408946,0.978594249201278,-1.7775063193978011,-3.2343855284324903,-3.3641433533020635,22632901.15,0.8480686091804895,16321331.8,1.1760224738522869,465883455,0.8494047547514726,3.6421725239616545,5.699999999999989,0.6500000000000057,5.049999999999983,5.699999999999989,6.230921060614323,-1.4013981508161066,-3.0359355638166052,36.58452757227776,16.0671462829736,19.49356915424217,9.019813832472416
2017-06-05,156.5,163.5,156.4,162.6,19624182,NTPC,164.4125,5.787961076324872,143.63285045229384,3.89776357827476,0.9624846248462485,1.0055350553505535,0.961869618696187,1.3604766749251362,0.5472781486574316,0.4708011568729372,22392466.3,0.8763743009406695,17620233.4,1.113729969093372,485507637,0.8988033211470671,4.366543665436651,7.099999999999994,7.0,0.09999999999999432,7.099999999999994,6.3467982525324125,-0.31314999809066896,-0.45913682277318735,51.806843820148046,58.5139318885448,30.905264399141704,13.205300520026858
2017-06-12,163.0,163.0,155.8,157.95,20354632,NTPC,163.83,5.824526183575548,143.69569312707955,-2.859778597785978,1.0319721430832542,1.0319721430832542,0.9863880974992087,-1.0289606105610358,-2.0404969367971955,-2.254365859880262,22124480.4,0.9200049733145372,18784178.0,1.0836051489716505,465153005,0.8741373733760458,4.558404558404551,7.199999999999989,0.4000000000000057,6.799999999999983,7.199999999999989,6.4605584855280895,-1.0095241766756762,-4.069237777102952,42.775512853792314,29.72136222910205,34.76748013354015,9.919787129816353
2017-06-19,158.25,162.5,158.1,160.95,17891659,NTPC,163.0925,5.135512965717447,143.76200794810575,1.8993352326685642,0.9832246039142591,1.0096303199751477,0.9822926374650512,0.5694342821244046,-0.11874046687320482,-0.31937867000566916,21688533.3,0.8249363270682761,19813530.4,0.9030020717559755,483044664,0.9224589336196203,2.733768251009634,4.400000000000006,4.550000000000011,0.15000000000000568,4.550000000000011,6.205817354124346,-0.41719298817906864,-3.4782608695652195,49.3486387838065,48.2972136222909,45.510835913312576,11.955865320202435
2017-06-26,160.25,161.0,157.25,157.85,13733271,NTPC,162.305,4.621286560437875,143.80344665881066,-1.9260639950295144,1.0152043078872348,1.0199556541019956,0.9961989230281914,-0.9221816166912805,-1.7871104293040039,-2.0987456268142295,20908817.1,0.6568172142076846,18159599.4,0.7562540724328974,469311393,0.9096070405420353,2.375673107380425,3.75,0.05000000000001137,3.6999999999999886,3.75,5.8783750402411,-0.9640172583406932,-0.910232266164479,43.40420859121031,29.10216718266246,35.70691434468513,9.767883640867327
2017-07-03,157.5,160.1,155.0,156.75,28314555,NTPC,161.51749999999998,4.105749338620001,143.88148737387672,-0.6968641114982521,1.0047846889952152,1.021371610845295,0.988835725677831,-1.0869383017319216,-2.1440622352187937,-2.580625714576756,20803410.2,1.3610535353477768,19983659.8,1.4168853595075712,440996838,0.8674966731209951,3.2535885167464076,5.099999999999994,2.25,2.8499999999999943,5.099999999999994,5.7745917015422865,-1.1611765860023024,-5.8841188832182585,41.36417052367126,22.291021671826584,33.230134158926646,8.943827910733496
2017-07-10,159.1,170.0,157.0,160.05,18067818,NTPC,160.93,3.3230217700475895,143.94344086911656,2.1052631578947434,0.9940643548890971,1.0621680724773508,0.9809434551702593,0.6648856449173008,-0.03257065401284041,-0.42676449461573124,20688395.5,0.8733310420327183,19672387.0,0.91843546998135,459064656,0.9132280201382478,8.122461730709153,13.0,13.25,0.25,13.25,6.771312808003315,-0.2648192100129976,-2.7051671732522764,49.56905868349868,40.94955489614248,30.780914583543836,11.189505429100215
2017-07-17,160.05,169.0,159.9,168.55,18374916,NTPC,161.0875,3.608428547019747,144.03895710253593,5.3108403623867595,0.9495698605754969,1.002669830910709,0.9486799169385939,3.7829128743953824,4.296073569480409,4.251290304066192,20473690.95,0.8974891750038847,19276443.8,0.9532316329010851,477439572,0.9566709127555879,5.398991397211506,9.099999999999994,8.949999999999989,0.15000000000000568,9.099999999999994,7.081804433602873,2.068074759624489,4.950186799501877,64.38177626337674,91.39465875370927,51.54507844055943,17.016953878675743
2017-07-24,167.8,171.85,161.9,164.05,17148673,NTPC,161.37,3.6081194985461766,144.11118928004186,-2.6698309107089924,1.022858884486437,1.047546479731789,0.9868942395611093,0.7624096920830595,1.432158488975945,1.4894365479294656,18838395.05,0.9103043520684635,19127846.6,0.8965291994761186,460290899,0.9259916694975521,6.06522401706796,9.949999999999989,3.299999999999983,6.650000000000006,9.949999999999989,7.464230509122489,0.7427691907321423,2.6917057902973385,54.587499655823905,58.288770053476,63.544327901109234,13.835713118162094
2017-07-31,164.1,167.2,161.8,164.2,33672662,NTPC,161.725,3.5139384112266847,144.2525715118618,0.09143553794572767,0.9993909866017052,1.0182704019488429,0.9853836784409259,0.5687101501673602,1.304744736992342,1.4478089334988231,19814690.5,1.6993786504008226,23115724.8,1.4566993806744055,493963561,0.9929211485923473,3.288672350791704,5.399999999999977,3.1499999999999773,2.25,5.399999999999977,7.188999774572821,0.7043378996321094,3.792667509481662,54.85166618496096,59.09090909090904,69.59144596603143,13.82812679113865
2017-08-07,164.6,179.15,163.1,174.45,41878376,NTPC,162.3775,4.518455575688793,144.51459374485535,6.242387332521315,0.94353683003726,1.0269418171395817,0.9349383777586702,4.273936014741494,6.088878937792113,6.635154531234161,20954904.5,1.9984999693031291,25828489.0,1.6214024753829,535841937,1.073763309852184,9.20034393809115,16.05000000000001,14.950000000000017,1.0999999999999943,16.05000000000001,8.370466471296446,2.6718200052591334,11.469648562300305,69.04789697842114,81.92307692307685,66.43425202248729,20.71445206980027
2017-08-14,172.3,175.35,167.45,171.75,18076825,NTPC,162.7975,4.980395117489694,144.61622113786993,-1.5477214101461634,1.003202328966521,1.0209606986899562,0.9749636098981076,1.8460480845090812,3.9536116316797765,4.7367927160173755,20989568.1,0.8612290121396066,25830290.4,0.6998304982277707,517765112,1.0380106342818758,4.599708879184865,7.900000000000006,0.9000000000000057,7.0,7.900000000000006,8.30773760845692,1.7975481440340786,5.627306273062738,63.024663919903716,71.53846153846152,70.85081585081578,18.76261089429385
2017-08-21,171.5,178.65,169.3,172.0,22627473,NTPC,163.16500000000002,5.379471212518487,144.74353052574074,0.14556040756914523,0.997093023255814,1.0386627906976744,0.9843023255813954,1.3258091415288056,3.5084690917325614,4.468985290085181,21151870.95,1.0697622472020614,26680801.8,0.8480806974848859,540392585,1.0835134233193533,5.436046511627904,9.349999999999994,6.900000000000006,2.4499999999999886,9.349999999999994,8.44670592732933,1.6423547317141847,8.895220006331117,63.36608216866099,72.49999999999997,75.32051282051277,18.830872354196206
2017-08-28,173.8,174.0,167.2,173.3,18945482,NTPC,163.4925,5.792719454989151,144.85425762604694,0.7558139534883823,1.0028851702250432,1.0040392383150605,0.9648009232544719,1.3773386125907014,3.6276812321061636,4.753471902693392,21201553.35,0.893589336934126,27040163.6,0.7006422845755267,559338067,1.1215326694096446,3.923831506058864,6.800000000000011,2.0,4.800000000000011,6.800000000000011,8.227145137018754,1.6930735341503558,7.673190431811139,65.28913530003092,77.50000000000003,73.84615384615383,19.637491393168478
2017-09-04,166.25,171.35,163.75,168.25,135917565,NTPC,163.94,5.797494921810647,145.48745649309058,-2.9140219272937196,0.9881129271916791,1.0184249628528974,0.9732540861812778,-1.0552044316514528,0.6300683040916756,1.7367724061933623,26351129.8,5.157940704310902,47489144.2,2.8620765290607193,423420502,0.8578864368573461,4.517087667161958,7.599999999999994,1.950000000000017,9.550000000000011,9.550000000000011,8.403525785416255,0.7434245407935473,6.588533417801723,52.853276915390175,54.86542443064181,68.28847481021393,15.64570860993123
2017-09-11,168.4,171.3,166.55,170.55,24431036,NTPC,164.14000000000001,5.959017933925124,145.608791769878,1.3670133729569267,0.9873937261800059,1.0043975373790677,0.9765464673116389,0.20506930274462692,1.688699545990309,2.806768069364982,26533289.2,0.9207692199729237,43999676.2,0.555254904353137,447851538,0.9166382002378074,2.7851070067428907,4.75,3.0500000000000114,1.6999999999999886,4.75,7.916389014027422,1.0756806022528307,8.80382775119617,57.14310527450817,64.38923395445137,65.5848861283644,17.128916411544314
2017-09-18,170.45,171.85,166.9,168.0,23030306,NTPC,164.315,6.0212146877344095,145.71051492024145,-1.4951627088830355,1.0145833333333332,1.0229166666666667,0.993452380952381,-0.8731167873686764,0.16840667126859762,1.2205541847877774,27028320.8,0.8520805332457058,44990372.4,0.5118940958132634,424821232,0.8793585823180111,2.946428571428565,4.949999999999989,1.299999999999983,3.6500000000000057,4.949999999999989,7.520870478823764,0.6120027587633734,4.96719775070289,51.18520657437301,53.83022774327121,57.69496204278812,15.297101305255351
2017-09-25,168.0,169.6,164.55,166.25,18747321,NTPC,164.5975,5.970067331895634,145.7861926714643,-1.041666666666663,1.0105263157894737,1.0201503759398496,0.9897744360902256,-1.2899593795606579,-0.7563876050365327,0.16570633257536024,27238941.4,0.6882543900916795,44214342.0,0.4240099513411282,406073911,0.8505662933918767,3.037593984962396,5.049999999999983,1.5999999999999943,3.4499999999999886,5.049999999999983,7.191421081647261,0.2767975481903479,-1.3645802432512677,47.28159023201857,46.583850931677006,54.934437543133185,14.036862444615586
2017-10-02,166.9,167.95,164.1,167.45,15389536,NTPC,164.9825,5.888733109216095,145.85151899025237,0.7218045112781901,0.9967154374440133,1.002985965959988,0.97999402806808,-0.37605552643360407,-0.029430223114752158,0.8077214370942389,27371173.35,0.562253426377134,43503152.8,0.3537567971395398,421463447,0.8907888244088908,2.2991937891908,3.8499999999999943,1.6999999999999886,2.1500000000000057,3.8499999999999943,6.745898270760959,0.4190205183757213,2.072538860103612,50.28165372390949,51.552795031055844,50.65562456866801,14.808540328737404
2017-10-09,168.0,178.0,167.2,174.9,42662358,NTPC,165.8175,6.057949865998066,146.0923324887649,4.449089280382212,0.9605488850771869,1.017724413950829,0.9559748427672955,2.599693165994627,3.626914526534847,4.61348508721926,28404144.95,1.5019764923428895,24852111.4,1.7166492340767474,464125805,0.9831351477106328,6.174957118353351,10.800000000000011,10.550000000000011,0.25,10.800000000000011,7.286445167992833,1.499269588046292,6.516443361753965,64.67998019053218,80.81264108352146,59.649762348751416,19.718808660578087
2017-10-16,174.9,178.9,174.25,175.45,33304342,NTPC,166.76500000000001,6.0056574205185775,146.28110267892606,0.3144654088050203,0.9968652037617556,1.0196637218580793,0.993160444571103,1.9366821876411353,3.3677352962957747,4.503127177401494,29109649.4,1.14409972934954,26626772.6,1.250784032308895,497430147,1.0501732877883232,2.650327728697638,4.650000000000006,4.0,0.6500000000000057,4.650000000000006,6.934919145593789,1.446136433011865,0.5732301519060012,65.53030930968434,80.7792207792207,71.04821896459931,19.94030451431382
2017-10-23,175.7,180.0,173.65,176.95,32367729,NTPC,167.48250000000002,6.330300462645233,146.47156797588232,0.8549444286121366,0.992935857586889,1.017236507487991,0.981350664029387,1.8453080524503507,3.5887578786667347,4.8699304398728485,29746826.75,1.0881069524499785,28494257.2,1.135938683111206,529797876,1.1133029623648987,3.588584345860409,6.349999999999994,4.550000000000011,1.799999999999983,6.349999999999994,6.856929926181284,1.4955846181183956,3.027656477438123,67.95783815471796,83.24175824175816,81.6112067015001,20.80842886118088
2017-10-30,177.0,188.0,176.25,182.6,40526348,NTPC,168.71499999999997,6.761619628461628,146.7503264904213,3.1929923707261887,0.9693318729463308,1.0295728368017525,0.9652245345016429,3.2549370568860487,5.63306543559729,7.162320237628027,30755412.55,1.317698077829881,32850062.6,1.233676431411123,570324224,1.1853654139803187,6.434830230010953,11.75,11.050000000000011,0.6999999999999886,11.75,7.509339269357112,2.0535020842571514,6.162790697674425,75.46688485710744,79.38931297709921,81.13676399935935,24.429024702659653
2017-11-06,183.0,184.5,176.9,179.25,35490195,NTPC,169.63,6.892471102205222,146.96845092121558,-1.8346111719605651,1.0209205020920502,1.0292887029288702,0.9868898186889818,0.9645802197578437,3.3166658627139993,4.975005313481944,31635339.35,1.1218528307014983,36870194.4,0.9625714097129904,534834029,1.1056517906243317,4.239888423988839,7.599999999999994,1.9000000000000057,5.699999999999989,7.599999999999994,7.521427366776163,1.3957258372722259,3.4333525678014842,65.03931267679542,64.85943775100402,75.83016965662046,21.964951577321436
2017-11-13,179.7,180.8,175.55,176.95,28995405,NTPC,170.585,6.48557305831441,147.13195375739159,-1.2831241283124184,1.0155411133088443,1.0217575586323822,0.9920881604973157,-0.2151228995324769,1.7656917897298532,3.4282126433352245,32398446.05,0.894962831095413,34136803.8,0.849388395289661,505838624,1.041776830711147,2.9669398135066407,5.25,1.5500000000000114,3.6999999999999886,5.25,7.218570384539342,0.9814090355269599,5.1708766716196175,58.62246416195249,54.4329896907216,66.22724680627492,20.266193359857027
2017-11-20,177.5,181.85,173.55,180.45,35237022,NTPC,171.77,5.9692942366922255,147.3513110274483,1.977959875671087,0.9836519811582156,1.0077583818232199,0.9617622610141314,1.1524300468374449,3.1466056867008643,4.859538422286807,32744569.4,1.0761180447833283,34523339.8,1.0206724553341158,541075646,1.102980711023173,4.5996120809088294,8.299999999999983,4.900000000000006,3.3999999999999773,8.299999999999983,7.362760999934095,1.4541082506279404,5.804749340369386,64.73207882999802,68.86597938144325,62.71946894105628,22.46243263243591
2017-11-27,180.8,186.85,178.95,186.35,36413170,NTPC,173.08499999999998,6.145818004738222,147.61484529324144,3.269603768356899,0.9702173329755837,1.0026831231553528,0.960289777300778,2.8546856343862483,5.325485819303945,7.2157860617646925,33661837.0,1.0817344876335775,35332428.0,1.0305878214766333,577488816,1.1631689550844364,4.239334585457476,7.900000000000006,6.400000000000006,1.5,7.900000000000006,7.434392866609551,2.158378264662758,10.922619047619042,72.60100828448803,93.19587628865978,72.16494845360819,26.240690514432995
2017-12-04,185.95,185.95,179.65,180.2,60837299,NTPC,173.66750000000002,6.244666671816932,147.978628413338,-3.3002414810839875,1.0319089900110987,1.0319089900110987,0.9969478357380689,-0.30717473929754363,1.795168617856138,3.7117457726176286,35784956.15,1.7000803003638725,39394618.2,1.5443048258810133,516651517,1.0365381239029525,3.4961154273029877,6.299999999999983,0.4000000000000057,6.699999999999989,6.699999999999989,7.336473817728276,1.0460926648786668,8.390977443609016,57.240370800993055,67.8350515463917,76.63230240549824,21.774341289784346
2017-12-11,179.55,182.0,174.7,178.35,46121475,NTPC,174.3825,5.894361154616193,148.23352275244176,-1.0266370699223093,1.0067283431455005,1.0204653770675638,0.9795346229324362,-0.8984315036778499,0.6655743599071212,2.486880885189549,37233596.25,1.2387058905168205,41520874.2,1.1108021179380658,470530042,0.9430377645200175,4.0930754135127625,7.300000000000011,1.8000000000000114,5.5,7.300000000000011,7.3316106420311735,0.6731009342535513,6.50940579277397,53.32441982763472,59.62343096234308,73.55145293246484,20.31691393980728
2017-12-18,177.7,178.6,173.55,177.75,32750697,NTPC,175.06,5.422191244758189,148.408385441212,-0.3364171572750152,0.9997187060478199,1.0047819971870604,0.9763713080168777,-0.8260112843167143,0.28308709868322707,1.9779124541064859,37187498.0,0.8806910591296032,42271932.6,0.7747622354980761,437779345,0.8823666425964783,2.8410689170182746,5.049999999999983,0.25,4.799999999999983,5.049999999999983,7.027395889760348,0.4961093916782278,1.6295025728988,51.99332251353292,57.11297071129708,61.5238177400106,19.77086029981162
2017-12-25,177.85,180.65,176.95,179.75,19719945,NTPC,175.325,5.519451250374317,148.51978737292558,1.1251758087201136,0.9894297635605007,1.0050069541029207,0.9844228094575799,0.19722390064980105,1.1936518106462572,2.8128480880351003,36079576.45,0.5465680847813833,39168517.2,0.5034641699430991,457499290,0.9294513859325326,2.0584144645340845,3.700000000000017,2.9000000000000057,0.8000000000000114,3.700000000000017,6.583743104458971,0.801710133720253,2.4508406953548167,56.19863228118911,65.48117154811717,60.739191073919095,21.02764431560689
2018-01-01,180.5,180.5,175.55,176.55,44307574,NTPC,175.565,5.4598558878220285,148.74187041968676,-1.7802503477051368,1.0223732653639195,1.0223732653639195,0.9943358821863495,-1.0744793877398173,-0.5119120623198623,0.9637042773847961,37391113.9,1.1849760378494636,40747398.0,1.0873718611431336,413191716,0.8484491892965473,2.8037383177570026,4.949999999999989,0.75,4.199999999999989,4.949999999999989,6.365910690531107,0.18040769211455074,-0.226052557219536,48.37536006436977,52.09205020920508,58.228730822873096,18.695562656197914
2018-01-08,176.8,180.3,176.5,177.65,42512544,NTPC,175.8475,5.4116461888855545,148.95997214822003,0.6230529595015577,0.9952153110047848,1.0149169715733184,0.9935265972417675,-0.2990874787708775,0.09467375850151409,1.445521105120156,38385367.45,1.1075195269493245,37082447.0,1.1464330819376618,455704260,0.943952213296161,2.1390374331550865,3.8000000000000114,3.75,0.05000000000001137,3.8000000000000114,6.023789265126961,0.3330779465409224,-2.710843373493965,51.07663995868446,50.24038461538467,55.93786879090229,19.26022638030065
2018-01-15,177.9,178.4,171.8,172.95,31818179,NTPC,175.83,5.420875827468977,149.09467681616383,-2.645651562060236,1.0286209887250652,1.031511997687193,0.9933506793871062,-2.016509166825285,-2.2459730234281188,-1.1300158679914565,39029002.3,0.8152444880713746,34221787.8,0.9297637863326358,423886081,0.8905368036824175,3.8161318300086697,6.599999999999994,0.75,5.849999999999994,6.599999999999994,6.100617363110032,-0.5312794632569005,-3.5146443514644465,40.602499381005856,7.098765432098631,36.47706675222944,16.000117303483723
2018-01-22,173.6,174.85,170.2,172.4,29395032,NTPC,176.0375,5.189966915014263,149.2149471730939,-0.31801098583404963,1.0069605568445474,1.0142111368909512,0.9872389791183294,-1.5613119118423593,-2.2047118051138193,-1.3315925599672944,33702875.65,0.8721817184166598,33550654.8,0.8761388466254315,394491049,0.8313073997495376,2.6972157772621843,4.650000000000006,1.9000000000000057,2.75,4.650000000000006,5.907201714695363,-0.7008715199083292,-2.5713478383724175,39.508543428552656,12.35955056179784,23.232900203093703,15.538023010530406
2018-01-29,172.1,176.25,170.5,171.05,37200191,NTPC,176.0625,5.163278104989986,149.35662498029862,-0.7830626450116007,1.0061385559777842,1.030400467699503,0.9967845659163986,-1.575251577907521,-2.5811616412993215,-1.9537328903449003,34341333.4,1.083248299263767,37046704.0,1.004143067626205,357290858,0.7601692227857441,3.3615901783104354,5.75,3.8499999999999943,1.9000000000000057,5.75,5.886241486069315,-0.9707979888117436,-5.209199224161809,36.70749389876198,4.775280898876529,8.07786563092432,14.524548223128988
2018-02-05,171.05,172.5,162.0,166.25,33319931,NTPC,175.975,5.319564188717912,149.4542376574493,-2.8061970184156793,1.0288721804511278,1.037593984962406,0.9744360902255639,-3.0053003805557257,-4.75106010093706,-4.489246175352597,34855814.65,0.9559360851145678,34849175.4,0.9561182041627304,323970927,0.696753055851669,6.315789473684211,10.5,1.4499999999999886,9.050000000000011,10.5,6.501409287926739,-1.8281572803699644,-10.786155084518379,28.436447084791894,17.102615694164992,11.412482384946438,11.238063641291157
2018-02-12,162.0,166.25,158.85,164.9,32249003,NTPC,175.9075,5.456268124102827,149.54013690211485,-0.8120300751879639,0.9824135839902971,1.0081867798665858,0.9633110976349302,-2.5657213999085915,-4.807400546378507,-4.899286912864385,35530898.75,0.9076326277842888,32796467.2,0.9833072203581732,291721924,0.6352071572766467,4.4875682231655585,7.400000000000006,0.0,7.400000000000006,7.400000000000006,6.621221382869841,-2.0174045244174934,-8.490566037735835,26.498809522630296,21.607142857142897,14.495013150061459,10.271398312239961
2018-02-19,165.0,165.7,161.45,162.9,14566279,NTPC,175.68,5.90395496345642,149.57361222498693,-1.2128562765312267,1.012891344383057,1.0171884591774094,0.99109883364027,-2.549979369121867,-5.223574586150046,-5.671586111747845,35489735.9,0.41043638760918477,29346087.2,0.49636187954897104,277155645,0.6131227731198847,2.6089625537139347,4.25,0.799999999999983,3.450000000000017,4.25,6.305058531820529,-2.164650658601579,-8.662741799831785,23.734301810721732,14.464285714285754,17.724681421864535,8.909584770185047
2018-02-26,162.35,165.1,160.15,162.95,24612491,NTPC,175.0825,6.55575831656863,149.6300063329308,0.030693677102511252,0.9963178889229826,1.0131942313593127,0.9828168149739185,-1.679008445248871,-4.449675010303822,-5.169231437885326,34587242.55,0.7116060485139774,28389579.0,0.8669551246251309,301768136,0.6797781383278038,3.0377416385394223,4.949999999999989,2.1999999999999886,2.75,4.949999999999989,6.124384060911123,-1.8506630986284331,-8.326300984528833,23.963126882246158,14.642857142857121,16.904761904761912,8.901953554310381
2018-03-05,164.0,166.0,160.05,163.3,13020287,NTPC,174.475,7.063220154247226,149.6604264345491,0.21478981282603282,1.0042865890998163,1.0165339865278629,0.9800979791794244,-0.9740535870720605,-3.622121649526754,-4.531837564215911,33573039.8,0.38781972313391777,23553598.2,0.552793967590056,314788423,0.7240020283529374,3.6436007348438384,5.949999999999989,3.0500000000000114,2.8999999999999773,5.949999999999989,6.10113285278964,-1.5821395561740035,-9.151599443671765,25.762186176506134,16.420664206642133,15.175935687928321,9.113680810882832
2018-03-12,164.3,172.75,161.9,171.15,18911572,NTPC,174.185,7.075311040214795,149.72966144324386,4.807103490508258,0.9599766286882851,1.009348524685948,0.9459538416593631,2.438161648577791,0.9691124809429368,0.24075381410019167,32900231.95,0.5748157650906774,20671926.4,0.9148432339619785,333699995,0.7852050451831585,6.339468302658482,10.849999999999994,9.449999999999989,1.4000000000000057,10.849999999999994,6.734315139084353,-0.42895640668651913,-3.0586236193712812,53.95559595618597,53.13174946004323,28.065090269847484,14.306008809667741
2018-03-19,169.4,170.75,163.65,167.0,27887458,NTPC,173.405,6.957708712378808,149.81132375757136,-2.4247735904177614,1.0143712574850299,1.0224550898203593,0.9799401197604791,0.009147170275801744,-1.2787154776045448,-2.051768878185756,32268287.45,0.8642373117325134,19799617.4,1.4084846912243871,305812537,0.7426979843398326,4.25149700598802,7.099999999999994,0.4000000000000057,7.5,7.5,6.836406453873106,-0.9205616769504227,-5.994933858710949,43.80725941853651,37.38532110091744,35.64591158920092,11.473549402876788
2018-03-26,166.4,171.8,164.65,169.85,27122182,NTPC,172.935,6.8588801448998655,149.90305408406857,1.7065868263473005,0.9796879599646747,1.011480718280836,0.969384751251104,1.1246298790542908,0.3605930370833447,-0.3111075602135413,31849886.8,0.8515629010022101,22310798.0,1.2156527077157886,332934719,0.8288886672691479,4.209596702973215,7.150000000000006,4.800000000000011,2.3499999999999943,7.150000000000006,6.878218926690026,-0.44978187908618816,-1.792425556519217,51.09592589770658,50.45871559633025,46.99192871909696,13.306564057557349
2018-04-02,170.25,171.5,166.45,170.4,14751031,NTPC,172.6075,6.813304998310032,149.95395796680518,0.3238151309979509,0.9991197183098591,1.0064553990610328,0.976819248826291,0.9625132431822025,0.5847420892786918,0.011611008350476335,31137668.1,0.4737358928943044,20338506.0,0.7252760355160797,347685750,0.8829972248182284,2.963615023474185,5.050000000000011,1.6500000000000057,3.4000000000000057,5.050000000000011,6.634456403131358,-0.3239984120111354,-1.1600928074245953,52.46874367369023,53.34872979214784,47.064255496465165,13.634879872741273
2018-04-09,170.8,171.9,165.5,169.65,16201082,NTPC,172.0675,6.58311786234079,150.00753508931547,-0.4401408450704247,1.0067786619510757,1.013262599469496,0.9755378720895962,0.34978782449452034,0.12449186314556401,-0.39455561742207135,30185871.1,0.5367107659848186,20974665.0,0.7724119550896283,331484668,0.8648701957946319,3.7724727379899825,6.400000000000006,1.5,4.900000000000006,6.400000000000006,6.603195549380511,-0.3672272091358832,-0.8184741303712384,50.249298912172016,50.34965034965037,51.38569857937614,13.094318828043727
2018-04-16,169.9,174.9,167.35,174.1,19533221,NTPC,171.45499999999998,5.694177543309814,150.08629214811944,2.623047450633642,0.9758759333716256,1.0045950603101665,0.9612291786329695,1.9312330247960614,2.294838982108692,1.9905705698582248,29341873.65,0.6657114413687076,21098994.8,0.9257891755108636,351017889,0.9437151034586683,4.336588167719708,7.550000000000011,5.25,2.3000000000000114,7.550000000000011,6.729436142796445,0.4645095766477576,4.721804511278194,61.42143862065803,78.00511508951402,60.56783174377074,15.999934110026212
2018-04-23,174.45,180.0,173.15,173.6,18211985,NTPC,171.125,5.3409909390040555,150.15774032416905,-0.28719126938541173,1.0048963133640552,1.0368663594470047,0.9974078341013826,1.0991845991436087,1.725797235607909,1.5659282346080579,27210607.95,0.6692972473626779,19163900.2,0.9503276895587257,332805904,0.9174248130961836,3.9458525345622086,6.849999999999994,5.900000000000006,0.9499999999999886,6.849999999999994,6.745511323756918,0.46339715387375513,5.2759248029108585,59.68383087483808,69.73995271867611,66.03157271928016,15.611755761123241
2018-04-30,173.55,174.65,169.4,172.15,20327042,NTPC,170.815,5.072762664725093,150.2320741323753,-0.8352534562211966,1.008132442637235,1.0145222189950625,0.9840255591054313,0.17743613674636527,0.7697526248779687,0.675426738700542,25920886.3,0.7841954848588646,17804872.2,1.1416561585878724,312478862,0.8805733863665922,3.0496659889631137,5.25,1.0500000000000114,4.199999999999989,5.25,6.546109813922662,0.26317020689402887,5.678330263965625,54.52258984564725,62.88416075650122,70.2097428548971,14.589378462758882
2018-05-07,172.75,176.2,169.8,170.5,12795214,NTPC,170.4525,4.802972626679125,150.27510461144485,-0.9584664536741228,1.0131964809384164,1.0334310850439883,0.9958944281524927,-0.5257257832223469,-0.16332007856184877,-0.26196390824033056,24923112.15,0.5133874904141937,17413708.8,0.7347782225461356,299683648,0.8612747099012349,3.753665689149547,6.399999999999977,4.049999999999983,2.3499999999999943,6.399999999999977,6.526628505399637,0.009889708664206177,4.6333231052470225,48.96315444587741,55.08274231678488,62.56895193065406,13.458580142631849
2018-05-14,171.05,172.9,165.9,171.65,39029610,NTPC,170.04749999999999,4.292051251717062,150.412639874802,0.6744868035190699,0.9965045150014565,1.0072822604136324,0.966501602097291,0.09850957941775933,0.43520749001807496,0.3756125303890089,25888595.4,1.5075985930082558,21979414.4,1.7757347529695788,338713258,0.9903481979267094,4.078065831634139,7.0,2.4000000000000057,4.599999999999994,7.0,6.589744704679686,0.37336460028498736,5.113288426209417,52.83102929681244,60.5200945626478,59.495665878644616,14.119398571074345
2018-05-21,170.25,173.95,162.7,164.4,21534027,NTPC,169.44,4.181683116187592,150.46212079906044,-4.223711039906785,1.0355839416058394,1.0580900243309002,0.9896593673965935,-2.871414560798622,-3.3904934011386825,-3.6829821577179476,24749918.05,0.8700645778501881,22379575.6,0.9622178447387536,317179231,0.9405882444839616,6.843065693430657,11.25,2.299999999999983,8.950000000000017,11.25,7.211112077389061,-1.2052563190380914,-3.9439088518843146,34.05628769471214,21.804511278195474,45.80244938587604,9.263380794394994
2018-05-28,164.25,169.85,164.0,167.7,24761507,NTPC,168.9425,3.719906443362049,150.5319560474981,2.007299270072993,0.9794275491949911,1.0128205128205128,0.9779367918902804,-0.5647408220842582,-1.162264835917205,-1.5058164052957457,23862366.2,1.037680286710209,23689480.0,1.0452532938671513,341940738,1.0314160615695191,3.488372093023253,5.849999999999994,5.449999999999989,0.4000000000000057,5.849999999999994,7.029630467070519,-0.33401377666827453,0.41916167664670656,44.42828783789506,38.34586466165405,40.223490167499094,11.404916539505242
2018-06-04,168.85,170.45,161.85,162.05,41655130,NTPC,168.39749999999998,3.896167989191216,150.6099231175885,-3.369111508646383,1.0419623572971304,1.0518358531317493,0.9987658130206726,-2.7140061127780752,-4.019456850090269,-4.624488081275854,24354213.75,1.710386975641946,27955097.6,1.4900727801429674,300285608,0.922974556772281,5.307004011107679,8.599999999999994,2.75,5.849999999999994,8.599999999999994,7.239013071461116,-1.6291648659937814,-4.592287312334397,33.89605054514337,10.02506265664161,23.39181286549703,7.595832097649829
2018-06-11,161.5,163.5,160.0,161.75,14733309,NTPC,167.865,4.045273395223596,150.63653122100055,-0.1851280468991079,0.9984544049459042,1.010819165378671,0.9891808346213292,-1.9363408163861502,-3.6106141712013997,-4.416991874950169,23621127.6,0.6237343639767645,28342716.6,0.5198269879324129,285552299,0.8926339245738931,2.1638330757341575,3.5,1.4499999999999886,2.0500000000000114,3.5,6.740477995266301,-1.5116407230275748,-5.076291079812211,33.41079712028606,8.75,19.040309106098537,7.377671730036556
2018-06-18,162.0,162.55,154.55,157.0,24084711,NTPC,167.1625,4.639387295072825,150.66128083242833,-2.9366306027820754,1.0318471337579618,1.0353503184713377,0.9843949044585988,-3.3469347220826435,-5.781711604322988,-6.9447626292489835,22965353.6,1.048741134993889,25353736.8,0.9499471888498897,261467588,0.829772954915215,5.095541401273886,8.0,0.8000000000000114,7.199999999999989,8.0,6.908414262564127,-2.190483215486857,-7.456528146183317,26.484115254015663,9.62671905697442,9.467260571205328,4.207264887533945
2018-06-25,157.35,158.2,153.35,154.65,29521530,NTPC,166.5825,5.419052038871672,150.6802060055005,-1.496815286624198,1.017458777885548,1.0229550598124797,0.9915939217588101,-3.278235807164461,-6.333538710703682,-7.855698383830684,22775433.55,1.2962005722169885,26951237.4,1.0953682594180258,231946058,0.746993457237355,3.136113805366954,4.849999999999994,1.1999999999999886,3.6500000000000057,4.849999999999994,6.633959027555576,-2.2019533886012526,-11.171740379092466,23.681463706509376,4.8780487804878465,7.751589279154072,2.6345822717780076
2018-07-02,154.45,160.9,149.5,153.55,42401073,NTPC,166.015,6.149584923947434,150.6996303143799,-0.711283543485286,1.0058612829697167,1.0478671442526863,0.9736242266362748,-2.678732953773949,-6.081677042993864,-7.90932449020597,23283037.05,1.8211143550106579,30479150.6,1.3911500867087812,189544985,0.6206504996308709,7.424291761641162,11.400000000000006,6.25,5.150000000000006,11.400000000000006,7.269431157214833,-2.0269660723700778,-11.549539170506906,22.4011213180098,13.278688524590201,9.26115212068414,1.8914244710978059
2018-07-09,154.0,155.85,149.85,151.25,32901967,NTPC,165.43249999999998,6.958699118445371,150.7025058539512,-1.4978834255942708,1.018181818181818,1.0304132231404959,0.9907438016528926,-2.826752374884815,-6.595559914720442,-8.754404699825011,24199821.45,1.3595954444531657,28728518.0,1.145271990709719,156643018,0.5232392906447325,3.9669421487603307,6.0,2.299999999999983,3.700000000000017,6.0,7.100173669586189,-2.038096454322408,-12.140575079872207,19.816338532187373,5.737704918032787,7.9648140743702625,0.3632946532285128
2018-07-16,152.0,157.0,151.3,155.6,15904128,NTPC,165.065,7.283219718893846,150.7148434721724,2.876033057851246,0.9768637532133676,1.0089974293059127,0.9723650385604115,0.031935318331930446,-3.0990365613375155,-5.237864620465864,23764403.3,0.6692416299802486,28962681.8,0.5491248396755856,172547146,0.5890778157463041,3.663239074550121,5.699999999999989,5.75,0.05000000000001137,5.75,6.920150513641364,-1.299562606280608,-8.73900293255132,35.94554385542939,19.999999999999982,13.005464480874307,3.2413240894415205
2018-07-23,155.0,159.6,152.8,158.15,15561292,NTPC,164.80749999999998,7.438294849167916,150.73312506984072,1.638817480719812,0.9800822004426177,1.0091685109073663,0.9661713563073032,1.0958757952679985,-1.231435376599692,-3.245931649483275,23891453.55,0.6513329951831248,27257998.0,0.5708890286073101,188108438,0.6563984179938167,4.299715460006312,6.799999999999983,4.0,2.799999999999983,6.799999999999983,6.904130445155847,-0.8950303980951643,-7.864841246722987,43.61694231718202,28.36065573770494,18.032786885245887,4.920534173707833
2018-07-30,158.0,158.95,149.85,155.9,43979063,NTPC,164.04500000000002,7.534916965979847,150.7687820706831,-1.4226999683844443,1.013470173187941,1.019563822963438,0.9611930724823604,-0.22102733794470944,-2.3078063125221813,-4.3413432724094365,25144828.1,1.7490301713376994,30149504.6,1.4586993578660659,144129375,0.5201384719272544,5.837075048107757,9.099999999999994,0.799999999999983,8.300000000000011,9.099999999999994,7.1969130524684,-1.080967452829897,-5.17031630170316,38.876658287006784,23.97003745318355,24.11023106362947,3.4033689593057117
2018-08-06,155.85,158.8,152.75,156.75,19612742,NTPC,163.5325,7.670711128084996,150.78713326393705,0.5452212957023805,0.9942583732057416,1.0130781499202552,0.9744816586921851,0.2149573121293747,-1.5025946910305428,-3.4609088664832157,24731092.3,0.7930398610012062,25591838.4,0.7663670617738818,163742117,0.6064644932031251,3.8596491228070247,6.050000000000011,2.9000000000000057,3.1500000000000057,6.050000000000011,7.043991312139282,-0.8842074596144074,-6.5295169946332665,41.641301304934984,27.15355805243447,26.494750414440972,3.954493070456865
2018-08-13,157.0,161.45,156.35,158.0,17281929,NTPC,162.94,7.614504856556811,150.80658077176366,0.797448165869219,0.9936708860759493,1.0218354430379746,0.9895569620253164,0.6695972939927284,-0.599629572255187,-2.4221899330346424,24239079.65,0.7129779368500074,22467830.8,0.7691854702769081,181024046,0.6898807709127392,3.227848101265819,5.099999999999994,4.699999999999989,0.4000000000000057,5.099999999999994,6.78479247052071,-0.6487618161732721,-2.4992286331379288,45.801003249636146,34.76482617586913,28.629473893829033,4.769963745231468
2018-08-20,157.8,160.25,156.15,158.55,10253874,NTPC,162.34750000000003,7.463004809691263,150.81894851248825,0.34810126582278667,0.9952696310312205,1.010722169662567,0.9848628192999054,0.676112151585623,-0.21484780330487807,-1.8946526351383317,24014221.8,0.4269917253783339,21337780.0,0.48055017907204967,191277920,0.7513510173134329,2.5859350362661586,4.099999999999994,2.25,1.8499999999999943,4.099999999999994,6.426820141117948,-0.5088433006325654,-1.9783616692426564,47.69382685870064,37.01431492842542,32.977566385576324,5.1260478631911495
2018-08-27,159.6,167.65,157.6,166.15,17542346,NTPC,162.1725,7.322468576418262,150.86072617665693,4.793440555029949,0.9605777911525729,1.0090279867589527,0.9485404754739692,3.4795770152829775,3.7449940111913187,2.535676131852232,24081285.0,0.7284638672728636,21733990.8,0.8071387423243043,208820266,0.8405076102918391,6.048751128498352,10.050000000000011,9.099999999999994,0.950000000000017,10.050000000000011,6.90991078896889,0.5431911326747626,5.8280254777069995,66.40199311964659,79.47494033412895,50.41802714614115,10.134694569506076
2018-09-03,166.65,174.55,165.5,169.5,32433313,NTPC,161.94250000000002,6.992933933621955,150.95416390475236,2.0162503761661066,0.9831858407079647,1.0297935103244837,0.976401179941003,3.5914718626913062,4.840610644548344,4.090131997236832,24726289.6,1.311693485948656,19424840.8,1.669682306997337,241253579,0.9929879617868932,5.339233038348089,9.050000000000011,8.400000000000006,0.6500000000000057,9.050000000000011,7.195256017106373,1.080733790957697,9.602327837051394,71.57313408019442,79.84031936127741,65.44319154127724,12.285739999162603
2018-09-10,169.5,171.35,165.65,169.2,19141211,NTPC,161.7225,6.668572699019394,151.00798495715247,-0.1769911504424848,1.00177304964539,1.0127068557919623,0.979018912529551,2.280356504043244,4.004475705425232,3.593405786469704,24772750.9,0.7726720006698974,19330534.6,0.9902059821977194,222112368,0.9355151359575662,3.3687943262411286,5.699999999999989,1.8499999999999943,3.8499999999999943,5.699999999999989,6.995888548158856,1.1213044136265546,10.192119830674029,70.4526782937157,78.6427145708582,79.3193247554215,12.047055026930781
2018-09-17,169.05,175.4,166.85,172.25,22460166,NTPC,161.72750000000002,6.676834953778738,151.08125510648213,1.8026004728132428,0.981422351233672,1.0182873730043542,0.9686502177068215,2.6737738577034076,4.889358271737669,4.858755128097451,24879407.1,0.9027613041469946,20366182.0,1.1028167184207625,244572534,1.0450602430159286,4.963715529753272,8.550000000000011,6.200000000000017,2.3499999999999943,8.550000000000011,7.203103408404344,1.5759712607610281,13.88429752066116,75.03693641832751,87.83783783783782,82.1069572566578,14.011496580828725
2018-09-24,173.2,174.45,166.3,167.9,20460236,NTPC,161.59750000000003,6.520523772148943,151.13393684995688,-2.525399129172712,1.0315664085765335,1.0390113162596784,0.9904705181655747,0.10147924157002076,2.078747361389329,2.1943251334934795,25262658.2,0.809900361158352,22407454.4,0.9130995263790429,224112298,0.9733490481997128,4.85407980941035,8.149999999999977,2.1999999999999886,5.949999999999989,8.149999999999977,7.329356287283762,0.9665634572056611,7.904884318766081,59.77505005829434,71.04247104247105,79.17434115038901,11.093513144362921
2018-10-01,169.15,171.6,164.4,169.6,22668577,NTPC,161.495,6.368526641143068,151.19779993931857,1.0125074449076843,0.9973466981132076,1.0117924528301887,0.9693396226415095,0.735213697561325,2.6230880153837486,2.910131234792209,24444606.55,0.9273447275018627,23432700.6,0.9673907155200028,246780875,1.0936346603176397,4.245283018867918,7.199999999999989,3.6999999999999886,3.5,7.199999999999989,7.312108782312592,1.2726648496119422,7.239962061334171,63.15435123799823,77.60617760617757,78.8288288288288,12.17094433124485
2018-10-08,168.8,168.85,159.45,163.45,25228442,NTPC,161.4475,6.3492327551405,151.24477717874072,-3.6261792452830233,1.032731722239217,1.0330376261853778,0.9755276843071276,-1.9998277022273938,-0.8921431941139744,-0.681074318533519,24629327.3,1.024325256337797,21991726.4,1.1471787862911937,221552433,1.0030866411796462,5.750994187825027,9.400000000000006,0.75,10.150000000000006,10.150000000000006,7.690494278004247,0.3153924383034663,4.842847979474008,46.75760301145158,53.228962818003865,67.29253715555082,8.069847467747707
2018-10-15,164.8,166.65,160.9,164.65,15980437,NTPC,161.29500000000002,6.226596180900263,151.27725539604228,0.7341694707861945,1.0009110233829335,1.0121469784391133,0.9772244154266626,-0.8376225849946991,-0.13441918395521107,0.0483158361133088,24190273.8,0.6606141431933689,21359571.6,0.7481628049131847,237532870,1.1014725222185133,3.4922563012450647,5.75,3.200000000000017,2.549999999999983,5.75,7.431761707603681,0.5388176625764275,5.0398724082934665,49.69792177412153,57.925636007827805,62.920258810669715,8.839891078766614
2018-10-22,164.65,167.9,160.3,164.85,18198203,NTPC,161.435,6.275749064119051,151.3146001060313,0.121469784391115,0.9987867758568396,1.0185016681831969,0.9723991507430999,-0.4768559644904709,-0.011086019177055075,0.15544799644960264,23017427.45,0.7906271471706106,20507179.0,0.887406454100781,255731073,1.1982382174010828,4.610251744009703,7.599999999999994,3.25,4.349999999999994,7.599999999999994,7.45419347992319,0.5441581499051489,4.335443037974684,50.22652695802597,58.70841487279841,56.62100456621001,8.945204153785548
2018-10-29,164.15,166.75,154.8,158.95,109257326,NTPC,161.29500000000002,6.299538412497225,151.43867952969416,-3.579011222323325,1.0327146901541366,1.0490720352312048,0.9738911607423719,-2.8042768407098984,-3.191448507228717,-3.2547543124872105,27743628.3,3.938105168457725,38266597.0,2.855161800773662,146473747,0.7094237136501614,7.51808744888329,11.949999999999989,1.9000000000000057,10.049999999999983,11.949999999999989,8.053634349266764,-0.3722494961452956,0.2522863450015622,36.99391209342207,35.616438356164345,50.750163078930164,4.959974884641681
2018-11-05,159.1,161.05,151.7,153.5,35058108,NTPC,161.12,6.47140267883098,151.4493723604773,-3.4287511796162295,1.0364820846905538,1.0491856677524432,0.9882736156351791,-4.302887313054668,-5.87592781884041,-6.344069043250947,28292298.15,1.2391396348974217,40744503.2,0.8604377338438133,111415639,0.5599731462714936,6.0912052117263995,9.350000000000023,2.1000000000000227,7.25,9.350000000000023,8.226483102697866,-1.1774881549136595,-7.613602166716826,28.883327683733143,7.594936708860802,33.973263312607834,1.3540020718222798
2018-11-12,153.95,155.6,152.35,152.8,15375409,NTPC,161.02749999999997,6.581042850491241,151.4524380919104,-0.4560260586319198,1.007526178010471,1.0183246073298429,0.9970549738219894,-3.1871431175998763,-5.452252731069573,-6.261976755851456,27584992.1,0.5573831213821518,38773896.6,0.39654020741366497,96040230,0.4997650843039065,2.1269633507853403,3.25,2.0999999999999943,1.1500000000000057,3.25,7.562952022338151,-1.2501818005007859,-9.852507374631259,27.974394360699378,4.641350210970557,15.950908425331882,0.8897591382925254
2018-11-19,152.5,160.6,151.9,152.95,23618679,NTPC,160.9975,6.618186168271232,151.45764165134935,0.09816753926699118,0.9970578620464204,1.0500163452108533,0.9931350114416477,-2.057297453935986,-4.584715176616648,-5.644617266664021,26645872.4,0.8863916574185802,40301545.0,0.5860489715716855,119658909,0.6342016333967473,5.688133376920555,8.699999999999989,7.799999999999983,0.9000000000000057,8.699999999999989,7.714558419359729,-1.2159676073455243,-9.604018912529554,28.530486492141847,5.274261603375523,5.836849507735608,0.9853305071829928
2018-11-26,152.4,153.1,141.7,144.7,18704189,NTPC,160.67000000000002,7.257145299271537,151.4390977644348,-5.393919581562601,1.0532135452660678,1.0580511402902557,0.9792674498963373,-5.250696362955589,-9.04076722043746,-10.695569177780975,25935983.5,0.721167523876625,40402742.2,0.4629435523809569,100954720,0.5430825649793602,7.87836903939185,11.400000000000006,0.15000000000000568,11.25,11.400000000000006,8.205950630111767,-2.200589810652279,-15.994194484760527,19.148349453998392,8.902077151335307,6.272562988560442,-4.450038242381465
2018-12-03,144.5,147.55,137.55,144.9,79392653,NTPC,160.135,8.006314941805053,151.3638080764284,0.13821700069109877,0.997239475500345,1.018288474810214,0.9492753623188406,-3.403615199998484,-7.620224884929303,-9.664215240553222,29110409.75,2.7272942456606954,34429807.6,2.305927872800544,180347373,0.9681414940266343,6.901311249137336,10.0,2.8500000000000227,7.149999999999977,10.0,8.445157212763531,-1.9028729335202992,-13.698630136986301,19.885283883023988,19.418758256274756,11.198365670328508,-4.270378869673133
2018-12-10,144.75,144.9,134.7,136.2,57296958,NTPC,159.0375,9.63211288784624,151.23884451708008,-6.00414078674949,1.0627753303964758,1.063876651982379,0.9889867841409692,-6.672461294565754,-12.42398103100225,-15.28009830636183,31197193.05,1.836606194287085,38877577.6,1.4737790144620533,123050415,0.6722995881256654,7.488986784140983,10.200000000000017,0.0,10.200000000000017,10.200000000000017,8.67913625106173,-2.3709751189498895,-19.693396226415093,13.643557310421812,3.6855036855036842,10.668779697704563,-9.943771102655898
2018-12-17,134.05,151.35,134.05,146.1,59833036,NTPC,158.5475,10.040725951423152,151.19499865070577,7.268722466960353,0.9175222450376456,1.0359342915811087,0.9175222450376456,0.3705716252801374,-4.119367652816111,-6.846134658105917,31989891.7,1.8703731966682464,47769103.0,1.252546776940735,182883451,0.9887364020787743,11.841204654346328,17.299999999999983,15.150000000000006,2.1499999999999773,17.299999999999983,9.828584750920163,-1.2397011989193607,-10.614866931783418,38.84678189288243,29.141475211608185,17.41524571779552,-3.369819568222862
2018-12-24,146.0,151.4,145.2,146.4,52160137,NTPC,158.03,10.398587960821944,151.15959639063448,0.2053388090349051,0.9972677595628415,1.034153005464481,0.9918032786885245,0.38315352665495345,-3.348007108175846,-6.0749220224510445,33617261.45,1.5515879268624957,53477394.6,0.9753679548180532,235043588,1.246704494995462,4.23497267759564,6.200000000000017,5.300000000000011,0.9000000000000057,6.200000000000017,9.344773450797476,-1.1184210821524576,-11.084117825690853,39.46452130899345,30.569306930693074,21.13209527593496,-3.148722611255507
2018-12-31,146.2,151.6,144.2,149.05,49404830,NTPC,157.5825,10.590751613405256,151.14494610676724,1.8101092896174897,0.9808788996980877,1.0171083529017106,0.9674605836967459,1.4361788048855386,-1.2947615314339989,-3.839905191185929,35223406.5,1.4026136285256794,59617522.8,0.8286964583506646,284448418,1.4684760654981508,4.964776920496481,7.400000000000006,5.199999999999989,2.200000000000017,7.400000000000006,9.085470324024481,-0.8056557562165821,-9.584470730967531,45.11531791936093,39.94673768308923,33.219173275130146,-1.386051046184089
2019-01-07,148.95,149.7,142.25,148.6,31964501,NTPC,157.08499999999998,10.775008853336407,151.13356258029432,-0.30191211003020024,1.0023553162853298,1.0074024226110363,0.9572678331090175,0.7584677024144748,-1.3727218203820815,-3.808163165213595,36308937.85,0.8803480050022999,50131892.4,0.6376081067308762,252483917,1.2831851446765108,5.013458950201876,7.449999999999989,0.6499999999999773,6.800000000000011,7.449999999999989,8.86740761415455,-0.7874703506505856,-6.511481597986791,44.30497885580031,41.81034482758618,37.44212981378948,-1.676373227123722
2019-01-14,148.0,150.3,145.2,145.55,37687205,NTPC,156.055,10.84721526233223,151.10427042997887,-2.052489905787336,1.016832703538303,1.0326348333905875,0.9975953280659565,-0.8807589576146055,-2.9974174560069287,-5.484841125534238,37316180.8,1.0099427163242816,46209941.8,0.8155648661734519,214796712,1.0899941712811227,3.503950532463086,5.100000000000023,1.700000000000017,3.4000000000000057,5.100000000000023,8.365086598933946,-0.968451325611597,-5.17915309446253,38.84806192423736,33.97341211225998,38.576831540978446,-3.675786537451094
2019-01-21,146.0,148.5,142.65,143.4,36856257,NTPC,154.75,10.71373933443975,151.064945655231,-1.477155616626591,1.01813110181311,1.0355648535564854,0.9947698744769874,-1.5955112332905987,-3.892851827386793,-6.477513298487084,37537328.0,0.9818561672796743,41614586.0,0.8856571827964358,177940455,0.9177079631765851,4.079497907949787,5.849999999999994,2.9499999999999886,2.9000000000000057,5.849999999999994,8.029741719076085,-1.0593873572707673,-6.151832460732987,35.31063953782247,27.62186115214179,34.468539363995966,-5.07394062996215
2019-01-28,143.9,143.9,136.65,138.6,24512455,NTPC,153.22,10.726509217821365,151.02277320219,-3.347280334728042,1.0382395382395384,1.0382395382395384,0.985930735930736,-3.409313664520794,-6.420748002766037,-9.317959041025455,37805890.2,0.6483766119597945,36085049.6,0.6792966968791418,153428000,0.8055553947407731,5.230880230880231,7.25,0.5,6.75,7.25,7.925776156532607,-1.3629783653856251,-9.382151029748275,28.60162222111478,13.914373088684966,25.169882117695554,-8.22576154495477
2019-02-04,138.6,141.2,136.75,137.25,67797186,NTPC,151.47,10.305215848502076,150.89508826063545,-0.9740259740259716,1.0098360655737704,1.0287795992714024,0.9963570127504554,-2.9509696364424185,-6.400722393026522,-9.527116183331758,40072741.2,1.6918529646282345,39763520.8,1.705009632849212,85630814,0.4691706146163496,3.2422586520947094,4.449999999999989,2.5999999999999943,1.8499999999999943,4.449999999999989,7.462339335661592,-1.3798837607139456,-5.148583275742913,26.94050781413972,11.851851851851809,17.7960286975595,-9.042765021659815
2019-02-11,137.0,138.4,128.6,130.35,37712292,NTPC,149.5925,10.571464507915369,150.78968265830503,-5.027322404371592,1.0510164940544688,1.0617568085922517,0.9865746068277714,-5.6004121345184705,-10.313984208074263,-14.047796738131405,40935344.0,0.9212648121388696,40913079.0,0.9217661667556235,47918522,0.2758605351774651,7.518220176448033,9.800000000000011,1.1500000000000057,8.650000000000006,9.800000000000011,7.774027424240049,-1.8202302988003425,-10.041407867494833,20.067281421646157,5.46875,10.411658313512236,-13.555093623097614
2019-02-18,130.05,140.4,128.0,137.45,87952482,NTPC,147.98499999999999,9.784037752219287,150.63195757538207,5.446873801304175,0.9461622408148419,1.0214623499454347,0.9312477264459804,-0.09707152532792333,-3.9563135157042884,-7.476920912434644,44199539.25,1.989895901460104,50966134.4,1.725704392444564,135871004,0.8079859151142527,9.02146234994544,12.400000000000006,10.050000000000011,2.3499999999999943,12.400000000000006,8.390823767674709,-1.0767538174727882,0.9177679882525602,38.65056990426541,28.987730061349666,15.436110637733803,-8.751102878541111
2019-02-25,137.1,141.0,132.3,140.35,56616732,NTPC,146.83,9.208883011299497,150.5542908857981,2.1098581302291697,0.976843605272533,1.0046312789454934,0.9426433915211971,1.314131427828872,-1.549973796530441,-4.818151391494805,45768953.75,1.237011715610825,54918229.4,1.0309278470656595,192487736,1.154647824997545,6.198788742429633,8.699999999999989,3.5500000000000114,5.149999999999977,8.699999999999989,8.43204726531808,-0.7036684027855408,-3.935660506502392,44.70874710149434,49.203187250996,27.886555770781868,-6.77781471770772
2019-03-04,137.2,143.75,136.3,143.0,75610968,NTPC,145.7475,8.223673705257161,150.47884535120244,1.8881368008550004,0.9594405594405594,1.0052447552447552,0.9531468531468532,2.095283663849803,0.2844825833583607,-2.6360740243352065,48750480.3,1.5509789346629268,65137932.0,1.1607824454727853,268098704,1.5935948580112407,5.209790209790202,7.449999999999989,3.4000000000000057,4.049999999999983,7.449999999999989,8.301107629942335,-0.33409642678838336,-2.3224043715847076,49.92271113047484,63.559322033898326,47.25007978208131,-4.97003105901535
2019-03-11,143.0,160.3,143.0,151.4,80258198,NTPC,145.075,7.04477223119995,150.48850802442314,5.8741258741258795,0.9445178335535006,1.0587846763540292,0.9445178335535006,5.018166287672924,4.985927586829091,2.8035312415900124,51853480.05,1.5477880736762624,67630134.4,1.186722438333643,348356902,2.01517921034247,11.426684280052847,17.30000000000001,17.30000000000001,0.0,17.30000000000001,9.500959945950026,0.897828885366627,1.576652130157652,62.76504050059038,72.44582043343652,61.736109906110265,0.6056887582598248
2019-03-18,150.8,160.8,145.0,158.75,82149755,NTPC,145.065,7.024151943567853,150.57626910213727,4.854689564068693,0.9499212598425197,1.0129133858267718,0.9133858267716536,6.277166933138802,8.044289421710278,6.695013611414183,50498101.5,1.62678897938371,76517627.0,1.073605628151537,430506657,2.301336453937937,9.952755905511818,15.800000000000011,9.400000000000006,6.400000000000006,15.800000000000011,10.340831953156691,1.9482779002996387,6.830417227456254,70.4230001611492,93.74999999999997,76.58504748911159,5.428299523292352
2019-03-25,133.95,137.5,128.1,135.35,139365081,NTPC,144.1575,7.049435867687893,150.30672631899208,-14.740157480314963,0.9896564462504617,1.0158847432582194,0.9464351680827484,-6.617410414304713,-6.731557682010628,-8.649693683701512,55713450.15,2.501462045965215,86800146.8,1.6055857753457163,291141576,1.485004000686694,6.944957517547104,9.400000000000006,21.25,30.650000000000006,30.650000000000006,13.048721026069133,-1.249390754850392,-7.007901064926159,40.115471892449875,22.40853658536583,62.86811900626742,-9.950803058041334
2019-04-01,136.0,142.0,132.7,135.1,159575597,NTPC,143.2725,7.018312044030392,150.0046146734677,-0.18470631695604034,1.006661732050333,1.0510732790525537,0.9822353811991117,-4.543135946588439,-5.93919635567394,-8.113185566851081,62923459.55,2.5360270738642186,107391919.8,1.485918096046552,131565979,0.6650433118890067,6.883789785344198,9.300000000000011,6.650000000000006,2.6500000000000057,9.300000000000011,12.548891555926584,-1.1644537815829017,-5.78800557880057,39.90377133718488,21.646341463414608,45.93495934959345,-9.936104103138623
2019-04-08,136.05,137.5,134.0,135.55,61031650,NTPC,142.40249999999997,6.831515108980205,149.8956114269288,0.33308660251667455,1.0036886757654002,1.0143858354850608,0.9885651051272593,-2.7973818585225447,-4.789284466363787,-7.108081317408941,64794108.1,0.9419320952116015,104476056.2,0.5841687772284039,192597629,0.9559256297500417,2.5820730357801547,3.5,2.4000000000000057,1.0999999999999943,3.5,11.34237268180304,-1.0030717770048072,-2.2005772005771917,40.55531501288788,23.018292682926855,22.357723577235745,-9.570401221467383
2019-04-15,135.5,138.3,134.3,136.75,43938534,NTPC,142.005,6.921493982326578,149.82462869180029,0.8852821836960345,0.9908592321755028,1.0113345521023767,0.9820840950639854,-1.263547158672673,-3.316923537731703,-5.654177116589044,66055825.35,0.6651727348373825,97212123.4,0.4519861562863465,236536163,1.1357913678078855,2.9250457038391224,4.0,2.75,1.25,4.0,10.363389657562635,-0.7592291510211773,-0.36429872495445936,42.474314063196594,26.676829268292675,23.780487804878025,-8.726621788394823
2019-04-22,137.4,138.15,134.35,136.0,19644917,NTPC,141.56,7.011092714594961,149.7913333994952,-0.5484460694698323,1.0102941176470588,1.0158088235294118,0.9878676470588235,-1.2146572252377004,-3.3314451288958726,-5.717093092909978,63068438.55,0.311485704286554,84711155.8,0.2319047215738733,216891246,1.0324030150880523,2.794117647058832,3.8000000000000114,1.4000000000000057,2.4000000000000057,3.8000000000000114,9.488271036554286,-0.7930290221987473,4.334484081319534,41.50799312465108,24.390243902439014,24.695121951219495,-9.207030264370198
2019-04-29,136.0,136.1,132.3,134.1,52190039,NTPC,141.455,7.110609197383146,149.69157333500198,-1.397058823529418,1.0141685309470545,1.0149142431021625,0.9865771812080538,-1.7658134856193282,-4.110428491721577,-6.6137032481937155,62813092.6,0.8308783541729324,67276147.4,0.7757584376777199,164701207,0.7762830523889561,2.833706189410875,3.799999999999983,0.09999999999999432,3.6999999999999886,3.799999999999983,8.729834898347045,-1.0343698824999148,-2.437249909057837,38.919748696362994,18.59756097560973,23.221544715447124,-10.41579895757315
2019-05-06,134.25,136.65,131.45,135.0,29236926,NTPC,140.9,7.161979291259962,149.63943402912537,0.6711409395973256,0.9944444444444445,1.0122222222222224,0.9737037037037036,-0.7249164860323591,-2.9283076872372216,-5.411033124327483,61283287.1,0.47707829301473614,41208413.2,0.7094892457543112,193938133,0.9117097191205121,3.8518518518518645,5.200000000000017,2.5500000000000114,2.6500000000000057,5.200000000000017,8.259190245234109,-0.8237946187864579,-3.8118988243676433,40.93280855187804,21.34146341463414,21.443089430894275,-9.783139133148548
2019-05-13,135.45,136.2,123.0,123.55,53506978,NTPC,139.7575,8.010688172686312,149.4710779854715,-8.48148148148148,1.0963172804532577,1.1023876972885471,0.9955483609874545,-6.706400785724373,-10.686164336777654,-13.915003500354986,61350629.15,0.8721504366186276,39703478.8,1.347664729066512,140431155,0.6751869629213422,10.683933630109259,13.199999999999989,1.1999999999999886,12.0,13.199999999999989,8.917964879202893,-2.0232344151482504,-13.601398601398607,27.586454448119568,1.4550264550264471,13.798016948423422,-17.341868630927397
2019-05-20,123.7,130.1,122.4,129.25,45146369,NTPC,138.76749999999998,8.025309880884826,149.36157585761805,4.613516794819916,0.9570599613152805,1.006576402321083,0.9470019342359768,-1.3337243949774207,-4.975577367066344,-8.15034526573658,61137706.1,0.7384374043435038,39945045.8,1.1302119723692996,185577524,0.9139723824794914,5.957446808510629,7.699999999999989,6.549999999999997,1.1499999999999915,7.699999999999989,8.75556956197584,-1.1859355141748915,-14.63011889035667,39.00924878095374,17.83854166666665,13.54501051210906,-13.465026558630994
2019-05-27,129.7,136.6,127.4,133.2,57974010,NTPC,137.9975,7.766891185295968,149.24996591547267,3.0560928433268852,0.9737237237237237,1.0255255255255256,0.9564564564564566,1.1141948045503796,-1.596482462634025,-4.531252115591202,62438181.55,0.9285025374029331,47610864.4,1.2176634625436458,243551534,1.2021395771991716,6.906906906906898,9.199999999999989,7.349999999999994,1.8499999999999943,9.199999999999989,8.814826953712393,-0.6176860066074427,-16.094488188976385,45.8404592343345,28.12499999999995,15.806189373897665,-10.753748462872373
2019-06-03,133.95,136.05,130.2,133.1,69910749,NTPC,137.375,7.627383147858029,149.11658316611292,-0.07507507507507061,1.0063861758076633,1.0221637866265967,0.9782118707738542,0.6932669570053219,-1.4338400602523476,-4.225638993090548,64049358.75,1.0915136445452702,51155006.4,1.366645298670122,173640785,0.8658635553380407,4.395191585274247,5.850000000000023,2.8500000000000227,3.0,5.850000000000023,8.41951669321741,-0.5604805628783102,-1.662356852604363,45.69096830024865,27.864583333333297,24.609374999999947,-10.740980530831214
2019-06-10,133.15,137.5,132.8,135.0,39237474,NTPC,136.95499999999998,7.508502198386594,149.05144938889626,1.4274981217130112,0.9862962962962963,1.0185185185185186,0.9837037037037037,1.3939448492711413,-0.005359441394211394,-2.52886299369375,64168419.6,0.6114763967164932,53155116.0,0.7381692855302959,212878259,1.0523551073742212,3.481481481481473,4.699999999999989,4.400000000000006,0.29999999999998295,4.699999999999989,7.923581134121754,-0.2603715026440385,-0.07401924500369805,49.314648524719054,32.81249999999998,29.60069444444439,-9.427247736608079
2019-06-17,135.4,136.65,131.4,132.25,21745641,NTPC,136.6375,7.569291752310621,149.00859596990938,-2.037037037037037,1.0238185255198489,1.0332703213610586,0.9935727788279773,-0.4376430767405034,-1.7870279746468514,-4.272439537262261,64030078.9,0.3396160269294936,46802848.6,0.46462216831819075,191132618,0.9361320642741626,3.9697542533081283,5.25,1.6500000000000057,3.5999999999999943,5.25,7.5671036495721875,-0.579644720215818,-2.4345260051641504,44.3704219490051,25.651041666666647,28.776041666666618,-11.246731009594635
2019-06-24,132.6,136.0,131.9,135.6,32788302,NTPC,136.555,7.571256240060185,148.95722689498203,2.5330812854442275,0.9778761061946902,1.0029498525073748,0.9727138643067847,1.3624469179010148,0.6236760452146081,-1.5550217655065706,62279634.7,0.5264690802690273,44331235.2,0.7396207629242868,223920920,1.060798127886976,3.023598820058993,4.099999999999994,3.75,0.3499999999999943,4.099999999999994,7.104823162962562,-0.12613494639727332,-0.8409506398537547,51.24160951111008,67.34693877551017,41.93682681405891,-8.967155990624851
2019-07-01,135.95,145.85,135.15,142.55,124133627,NTPC,137.16500000000002,7.536404629321624,148.8656248262502,5.12536873156344,0.9537004559803576,1.023149772009821,0.9480883900385829,4.1143355644446595,4.687500957445121,3.113252387799855,66600701.45,1.8638486426932368,57563158.6,2.1564769901281964,348054547,1.5394239811848465,7.506138197123807,10.699999999999989,10.25,0.44999999999998863,10.699999999999989,7.584180074567552,0.7145316984505796,4.8161764705882515,62.36833504849758,85.92750533049048,59.64182859088908,-4.242500465518171
2019-07-08,143.0,144.45,128.55,129.6,63451917,NTPC,136.7725,7.7228893386387885,148.7258556663856,-9.084531743247993,1.1033950617283952,1.1145833333333333,0.9918981481481483,-3.6445548625947373,-4.145481074842593,-6.020617665451688,65375673.2,0.9705738219457447,56271392.2,1.127605245210194,284602630,1.2186952624184466,12.268518518518501,15.899999999999977,1.8999999999999773,14.0,15.899999999999977,8.692956064625209,-0.9287327171858991,-3.3557046979865723,41.84035409164176,30.703624733475447,61.326022946492,-12.859805432411003
2019-07-15,128.45,132.45,126.45,127.95,62506704,NTPC,136.15249999999997,7.91589797745604,148.57842892692415,-1.27314814814814,1.0039077764751856,1.0351699882766705,0.9882766705744431,-3.320746698930709,-4.7044337450986555,-6.772171775347083,65670171.8,0.951827934764136,60925238.2,1.0259574824280293,222095926,0.9450447917684257,4.689331770222732,5.999999999999986,2.8499999999999943,3.1499999999999915,5.999999999999986,8.333895256008512,-1.0362058762455195,-5.222222222222217,39.90919888963975,23.66737739872068,46.766169154228855,-13.883865293171121
2019-07-22,128.8,132.65,126.05,130.85,90033052,NTPC,135.545,7.828471989106802,148.39906026027813,2.266510355607654,0.9843332059610242,1.0137562094000765,0.9633167749331295,-0.6872476888456763,-2.0433361931461915,-4.038653143046905,66391276.0,1.3560976294536047,74582720.4,1.2071569864592924,312128978,1.3158200085952967,5.043943446694695,6.6000000000000085,4.700000000000003,1.9000000000000057,6.6000000000000085,8.102709221874045,-0.5997338952650035,5.908539053014961,45.052389268797754,36.03411513859272,30.135039090262932,-11.825587190039291
2019-07-29,131.45,133.55,126.75,127.3,83180599,NTPC,134.34,7.078406749070242,148.2036628549303,-2.7130301872372975,1.0326001571091907,1.049096622152396,0.9956794972505891,-2.330067347920705,-4.190577090381641,-6.361636162244405,66537396.05,1.2501330670874669,84661179.8,0.9825116918580906,228948379,0.9900809008097011,5.341712490180685,6.800000000000011,2.700000000000017,4.099999999999994,6.800000000000011,7.929014658957508,-0.9945740969074319,-1.5087040618955494,40.19328347813081,20.895522388059675,26.865671641791007,-14.104687058505375
2019-08-05,126.65,128.65,120.45,121.0,72489452,NTPC,132.45250000000001,4.935517756663118,147.98586937858997,-4.948939512961504,1.0466942148760332,1.0632231404958679,0.9954545454545455,-5.1053309828667,-8.241750627666471,-10.907850632225093,66054380.9,1.0974208071034999,74332344.8,0.9752073904710188,156458927,0.7192200911580023,6.776859504132234,8.200000000000003,1.3500000000000085,6.849999999999994,8.200000000000003,7.965146037763174,-2.3204252450593956,-9.159159159159147,32.92235979102165,2.165354330708651,19.69833061912033,-18.235436593984815
2019-08-12,120.0,126.65,119.75,123.9,45159766,NTPC,131.88,5.236622053035458,147.86633413815736,2.3966942148760273,0.9685230024213075,1.0221953188054882,0.9665052461662631,-1.763492326752059,-4.892783299534019,-7.619282480153057,61344115.15,0.7361711207272993,70673914.6,0.6389877546134964,201618693,0.9462842519196863,5.569007263922522,6.900000000000006,5.650000000000006,1.25,6.900000000000006,7.823126566061418,-1.523883129082097,-6.912096168294513,38.802345035883334,15.900383141762479,12.987086620176916,-16.208107327368147
2019-08-19,123.0,123.0,114.75,118.9,55241404,NTPC,131.07,5.920579630231888,147.69154612524696,-4.035512510088779,1.0344827586206895,1.0344827586206895,0.9650967199327165,-4.028576951413409,-7.974642682774956,-11.132828772217959,56127405.5,0.984214458300589,69220854.6,0.7980456802970475,146377289,0.6846326634823879,6.9386038687973075,8.25,0.9000000000000057,9.150000000000006,9.150000000000006,8.000043023919897,-2.0555419840748486,-11.925925925925917,33.04046146813563,13.34405144694536,10.469929639805477,-19.494376543956577
2019-08-26,119.0,120.6,113.85,120.05,58842470,NTPC,130.29500000000002,6.305258874440185,147.5150138502906,0.9671993271656687,0.9912536443148688,1.0045814244064972,0.9483548521449395,-2.0213677607833254,-5.948842851064043,-9.22922862084124,56017946.5,1.0504217608190975,62982738.2,0.9342634455356214,205219759,0.9570244383570369,5.622657226155769,6.75,1.6999999999999886,5.050000000000011,6.75,7.8333706207305775,-1.624834158916215,-9.224952741020797,35.57914593597536,19.375000000000007,16.20647819623593,-18.618453222777827
2019-09-02,120.15,125.4,115.6,121.65,91313422,NTPC,129.54000000000002,6.395055655905447,147.26118835613306,1.3327780091628494,0.9876695437731196,1.030826140567201,0.9502671598849156,-0.45302205607364343,-3.904587523482397,-7.143209929614932,58386690.9,1.563942408662862,64609302.8,1.4133169380060235,296533181,1.36377798312489,8.055898068228533,9.800000000000011,5.3500000000000085,4.450000000000003,9.800000000000011,8.095587871299836,-1.2337656502979888,-10.287610619469023,39.27515267653354,24.375000000000036,19.031350482315116,-17.391675730740097
2019-09-09,121.95,129.65,116.65,126.35,51561882,NTPC,129.0575,6.244266317360957,147.14595042817714,3.8635429510891717,0.9651760981400871,1.0261179263949347,0.923229125445192,2.189103637402138,-0.03387238780011102,-2.8945299876759223,59982539.15,0.8596148601021669,60423788.8,0.8533374524174161,348095063,1.5540285948267882,10.288880094974278,13.0,8.0,5.0,13.0,8.749509488459857,-0.43359777792826326,-11.36443353209401,49.1612888897711,39.0625,27.60416666666666,-14.132873088021395
2019-09-16,126.5,127.55,121.25,123.25,27021453,NTPC,128.515,6.254432112722563,147.07713773748307,-2.4535021764938603,1.026369168356998,1.0348884381338743,0.9837728194726166,-0.18069915031367167,-2.185660570491186,-5.025667683144942,58724109.85,0.46014240265235795,56796126.2,0.4757622536587715,321073610,1.3850490252427512,5.111561866125759,6.299999999999997,1.2000000000000028,5.099999999999994,6.299999999999997,8.422908223331875,-0.8418030454419825,-4.899691358024683,43.741686510142216,29.375000000000018,30.937499999999996,-16.20043611401519
2019-09-23,122.85,125.4,114.05,116.05,87686199,NTPC,127.5675,6.643581686982045,146.7898818283132,-5.841784989858012,1.0585954330030158,1.080568720379147,0.98276604911676,-4.264088296861473,-7.307559539457417,-10.579885797374505,61646573.5,1.42240183065487,63285085.2,1.385574479719591,233387411,0.9982935343147312,9.780267126238698,11.350000000000009,2.1500000000000057,9.200000000000003,11.350000000000009,8.813187126887627,-1.7336281154739606,-9.300508010941776,33.76600537351442,6.875000000000009,25.104166666666657,-20.941417382069197
2019-09-30,116.3,119.1,114.35,117.5,82545279,NTPC,127.26500000000001,6.9660473576841335,146.53681383991523,1.2494614390349046,0.9897872340425532,1.0136170212765956,0.9731914893617021,-1.9849500530540354,-5.128575935956478,-8.447342705417322,63098488.55,1.3081974053085301,68025647.0,1.2134434972739032,315932690,1.3024852384392513,4.042553191489362,4.75,3.049999999999997,1.7000000000000028,4.75,8.27142884330261,-1.4017992555316756,-10.202521971723344,37.09938910155544,11.406250000000018,15.885416666666663,-19.8153713589246
2019-10-07,118.0,120.5,114.6,115.95,54598180,NTPC,126.6,7.388593627308142,146.3630077886601,-1.3191489361702113,1.0176800344976282,1.0392410521776627,0.9883570504527813,-2.232178417328452,-5.600500258546568,-9.072294413361986,63571079.1,0.8588524966536237,60682598.6,0.8997337170725579,261334510,1.060829178061657,5.0884001724881465,5.900000000000006,3.0,2.9000000000000057,5.900000000000006,7.9552383308622625,-1.4414109825498775,-8.91594658287509,34.9310481000543,6.8627450980392455,8.381331699346406,-20.77916288286092
2019-10-14,116.0,118.35,115.4,117.75,36621243,NTPC,125.82750000000001,7.469454905076583,146.25436598836453,1.5523932729624823,0.9851380042462845,1.0050955414012739,0.9800424628450106,-0.4462623495498129,-3.416764367450237,-6.787868301148301,62503440.75,0.5859076326130094,57694470.8,0.6347444129776124,297955753,1.196275566886319,2.5053078556263175,2.9499999999999886,2.3999999999999915,0.5499999999999972,2.9499999999999886,7.287873220080626,-1.0814042125764995,-2.685950413223137,39.65687020305885,19.796954314720825,12.688649804253345,-19.48958295756602
2019-10-21,117.0,121.5,116.9,121.05,44961211,NTPC,125.225,7.336776504276917,146.13741757924504,2.8025477707006363,0.966542750929368,1.0037174721189592,0.9657166460140438,1.528033090130847,-0.5121189893238938,-3.5536186266434884,61255963.85,0.7339891199834577,61282422.4,0.7336722218082554,342916964,1.3315441415779585,3.8000826104915277,4.599999999999994,3.75,0.8499999999999943,4.599999999999994,6.929490124069875,-0.5690509991092428,-2.300242130750607,47.69309253261852,36.54822335025379,21.069307587671272,-17.167004860778412
2019-10-28,121.65,122.0,118.2,118.8,35499035,NTPC,124.41499999999999,7.09093379642549,146.0376323082296,-1.8587360594795488,1.023989898989899,1.026936026936027,0.994949494949495,-0.22464418877475695,-2.070649377039382,-5.055289620024642,61069041.9,0.581293465486643,50844989.6,0.6981815765776064,307417929,1.1721863433767052,3.1986531986531967,3.799999999999997,0.9500000000000028,2.8499999999999943,3.799999999999997,6.512224774193891,-0.7918562154437957,-0.0841042893187649,43.17012092310001,25.126903553299485,27.157360406091346,-18.65110511429094
2019-11-04,118.7,124.2,117.6,120.55,49276810,NTPC,123.83,6.890313567077912,145.90914224221598,1.4730639730639705,0.984653670676068,1.0302778929904604,0.9755288262131895,0.8201978176333845,-0.5047803234623177,-3.236037934085577,62445600.35,0.7891158019749905,44191295.8,1.1150795446916948,356694739,1.3184625388638322,5.474906677727091,6.6000000000000085,5.400000000000006,1.2000000000000028,6.6000000000000085,6.523928137634707,-0.4760305852656579,0.4164931278633821,47.6274579127014,42.40506329113923,34.69339673156415,-17.380091372286063
2019-11-11,120.2,121.75,117.0,118.25,50983797,NTPC,122.9625,6.405607637886757,145.76562337227148,-1.9079220240564077,1.016490486257928,1.029598308668076,0.9894291754756871,-0.739253858121467,-2.1082544342619043,-4.807010643054391,63355375.1,0.8047272535207514,43468419.2,1.1728928251432709,305710942,1.1131824059126172,4.0169133192389,4.75,1.2000000000000028,3.549999999999997,4.75,6.287404385950079,-0.7356835239372675,-2.7949034114262306,42.564712009511325,27.848101265822798,31.79335603675382,-18.876620382570728
2019-11-18,117.9,119.25,116.8,117.45,26806366,NTPC,121.70749999999998,4.55851646574283,145.6885828951762,-0.6765327695560264,1.003831417624521,1.0153256704980842,0.994465730097914,-0.9502867530742868,-2.4032190246412672,-5.060819564320266,58489012.05,0.4583145630342375,41505443.8,0.6458518099257139,278904576,1.0285214707163088,2.085994040017031,2.450000000000003,1.0,1.4500000000000028,2.450000000000003,5.775750467823403,-0.9339661339374368,-7.043925603482382,40.82312555058383,22.784810126582318,31.012658227848096,-19.382838609593747
2019-11-25,117.75,119.2,114.8,118.1,57508308,NTPC,121.13249999999998,4.223564066174489,145.528484383698,0.5534269902085942,0.9970364098221847,1.0093141405588486,0.9720575783234547,-0.2631170146687883,-1.5768095399355395,-4.109036011941561,58191831.6,0.9882539596846097,44014863.2,1.3065656421260896,336412884,1.2288565369528892,3.725656223539378,4.400000000000006,1.75,2.6500000000000057,4.400000000000006,5.592317072113617,-0.7179955015449037,-4.178498985801227,43.00923112951086,26.89873417721517,25.84388185654008,-18.847502260368838
2019-12-02,118.1,118.9,115.05,115.3,43519460,NTPC,120.5,4.09409073512013,145.39631703993567,-2.3708721422523227,1.0242844752818734,1.0312228967909802,0.9978317432784042,-1.7986361343300628,-3.465899194645429,-6.084163546627113,57242469.4,0.7602652446017641,45618948.2,0.9539777157773225,292893424,1.0562300570017804,3.339115351257596,3.8500000000000085,0.8000000000000114,3.049999999999997,3.8500000000000085,5.360008129165136,-1.2701232914534863,-0.646273158121502,36.337133983849746,8.012820512820507,19.232121605539316,-20.699504397810287
2019-12-09,115.1,115.8,111.5,112.7,25299984,NTPC,119.5925,3.668617802248675,145.31341964626003,-2.254986990459662,1.0212954747116236,1.0275066548358474,0.9893522626441881,-2.76476040395301,-5.016743646667143,-7.8205742577544815,54005816.0,0.4684677665087034,40823583.0,0.6197394285553034,267593440,0.9728052526652363,3.8154392191659245,4.299999999999997,0.5,3.799999999999997,4.299999999999997,5.218673711943118,-1.8787729797787192,-4.08510638297872,31.158242014118315,6.611570247933899,13.841041645989845,-22.443501588257757
2019-12-16,112.5,116.3,109.7,114.95,39508437,NTPC,118.975,3.326429253565482,145.19367771887616,1.9964507542147292,0.97868638538495,1.0117442366246194,0.9543279686820356,-0.5021806439060706,-2.538149572952624,-5.234280054616667,51822207.9,0.7623842866023468,38528511.0,1.0254337885001577,307101877,1.1007958430911042,5.741626794258368,6.599999999999994,3.5999999999999943,3.0,6.599999999999994,5.402850550350701,-1.210006193784442,-0.862440707201384,39.73474523981197,29.411764705882366,14.678718488878907,-20.82988611765447
2019-12-23,114.95,116.25,112.85,114.6,40657220,NTPC,118.655,3.4276699159429844,145.07002144572442,-0.30448020878643955,1.0030541012216405,1.0143979057591623,0.9847294938917975,-0.5394163177254432,-2.4439812521384106,-5.092703181399106,50230596.3,0.8094114542693573,41298681.8,0.9844677415345495,266444657,0.9365992298938999,2.9668411867364797,3.4000000000000057,1.2999999999999972,2.1000000000000085,3.4000000000000057,5.135803810303941,-1.1830193978536694,-2.675159235668789,38.86566898611714,31.210191082802485,22.411175345539565,-21.003665086741776
2019-12-30,114.5,118.3,114.0,116.55,29361840,NTPC,118.2875,3.2236737379037357,144.98701457257732,1.7015706806282838,0.9824109824109825,1.015015015015015,0.9781209781209781,0.7618068925420535,-0.6257051038430724,-3.0565291223163893,49440700.0,0.5938799410202525,35669388.2,0.8231663474396232,295806497,1.0228781390075365,3.689403689403687,4.299999999999997,3.700000000000003,0.5999999999999943,4.299999999999997,5.024363302263416,-0.5389813427986185,-3.7174721189591087,46.4018561296436,47.24137931034479,35.95444503300987,-19.61349066770554
2020-01-06,116.55,122.15,116.35,118.9,45113567,NTPC,118.2875,3.2236737379037357,144.87087647376316,2.0163020163020295,0.9802354920100924,1.0273338940285954,0.9785534062237173,1.815467302078914,1.1683820988616385,-0.934695234977374,48934308.15,0.921921014224046,35988209.6,1.2535651954188907,340920064,1.1405155794183124,4.878048780487814,5.800000000000011,5.6000000000000085,0.20000000000000284,5.800000000000011,5.127781528628296,0.19000061724556,0.08417508417508657,54.244939046285104,63.44827586206898,47.29994875173873,-17.92691333545332
2020-01-13,119.25,122.0,117.55,121.75,32764909,NTPC,118.37249999999999,3.2942324000125285,144.79635962764794,2.3969722455845277,0.9794661190965093,1.002053388090349,0.9655030800821355,2.7425547554671175,2.98448083230025,1.309043191083576,47630430.1,0.6878986591389188,37481194.6,0.8741692827474608,373684973,1.2158653280244778,3.6550308008213572,4.450000000000003,3.0999999999999943,1.3500000000000085,4.450000000000003,5.037410658144524,1.0252767837470018,0.9954375777685653,62.02168115238146,83.10344827586205,64.59770114942526,-15.916394367173986
2020-01-20,121.75,125.0,117.8,118.25,41442787,NTPC,118.20249999999999,3.2026500129256066,144.68858207457748,-2.8747433264887046,1.029598308668076,1.0570824524312896,0.9961945031712474,-0.09073408609938519,0.09684475746944103,-1.4777053603532955,45136898.35,0.9181576163839357,37868064.6,1.094399395315281,332242186,1.0747784427309743,6.088794926004231,7.200000000000003,3.25,3.950000000000003,7.200000000000003,5.3257559037252555,0.014831467630964336,0.0,49.98360188653567,55.882352941176464,67.47802569303582,-18.27274944262715
2020-01-27,118.4,119.55,111.5,113.15,62828156,NTPC,117.54249999999999,2.7655433938355523,144.49564931508058,-4.312896405919653,1.0463985859478568,1.0565620857269111,0.9854175872735307,-3.0680766279643685,-3.7766411774199025,-5.547300962939712,45700212.05,1.3747891570231785,42302251.8,1.4852201319457894,269414030,0.8827685217801491,7.1144498453380445,8.049999999999997,1.2999999999999972,6.75,8.049999999999997,5.688988449895222,-1.58829545390282,-3.661132396764577,37.685502174553676,22.54901960784316,53.84494027496054,-21.6931440245164
2020-02-03,113.75,115.25,107.2,110.25,153865403,NTPC,116.8925,2.878882961374613,143.99017647307804,-2.5629695095006677,1.0317460317460319,1.0453514739229024,0.9723356009070295,-3.8527762385739748,-5.576885902624395,-7.6299683624511765,52042409.55,2.956538798461533,67202964.4,2.2895627354200463,115548627,0.39180194628676573,7.3015873015873,8.049999999999997,2.0999999999999943,5.950000000000003,8.049999999999997,6.003789989909192,-2.307318529138235,-6.64690939881456,32.447481760065656,17.134831460674143,31.855401336564572,-23.432276631306486
2020-02-10,110.35,116.25,110.25,113.5,82352327,NTPC,116.76499999999999,2.9730854078104163,143.7511919318063,2.947845804988658,0.9722466960352423,1.024229074889868,0.9713656387665198,-0.5860122191059154,-2.1889364689566304,-4.169048554744979,51775715.95,1.5905589230195858,74650716.4,1.1031686093772035,197900954,0.6751036481566308,5.286343612334802,6.0,6.0,0.0,6.0,6.0032846579212995,-1.0981857404508792,-1.5611448395490002,42.739113086843794,35.393258426966284,25.02570316516118,-21.044132939194736
2020-02-17,114.5,118.9,109.2,110.3,101484599,NTPC,116.405,3.2976027975722713,143.4311764468538,-2.8193832599119006,1.0380779691749773,1.0779691749773346,0.9900271985494108,-2.3361280560200854,-4.417388596502359,-6.59191381127161,52722681.95,1.9248755041756747,88394654.4,1.1480852511823383,96416355,0.3417011047251268,8.794197642792387,9.700000000000003,5.400000000000006,4.299999999999997,9.700000000000003,6.496180036865127,-1.851344863151671,-2.129547471162385,36.43311907324135,17.41573033707862,23.314606741572998,-23.099006274364665
2020-02-24,109.6,113.75,103.8,109.7,83427799,NTPC,116.0925,3.623072082614392,143.16796826153012,-0.5439709882139598,0.999088422971741,1.0369188696444849,0.9462169553327255,-1.9305677580006977,-4.275853331378128,-6.5770047304890795,54164162.9,1.5402767168030949,96791656.8,0.8619317176519289,12988556,0.04815061948264864,9.070191431175937,9.950000000000003,3.450000000000003,6.5,9.950000000000003,6.95668936528311,-1.7643866459833724,-4.567203131796438,35.30611079232746,27.830188679245303,26.879725814430056,-23.37671524428772
2020-03-02,110.9,112.45,102.7,103.9,89695756,NTPC,115.4,4.505698146736456,142.84127574498916,-5.287146763901552,1.0673724735322425,1.0822906641000962,0.9884504331087584,-5.0804188838798785,-8.654429620119737,-11.48257267266696,56817888.55,1.5786534538513752,102165176.8,0.8779484243989485,-76707200,-0.30558771818917446,9.384023099133781,9.75,2.75,7.0,9.75,7.329130783245362,-2.552323663388241,-9.336823734729482,26.24933356171411,5.381165919282525,16.875694978535467,-27.261920997198324
2020-03-09,104.65,111.0,99.55,102.9,106786488,NTPC,114.49249999999999,5.096858552608091,142.44954589582323,-0.9624639076034613,1.0170068027210883,1.0787172011661808,0.9674441205053449,-4.067739047846588,-8.323158996505132,-11.518814631997943,59909152.4,1.7824736909480963,92749393.8,1.1513443228563722,-183493688,-0.8166352548793019,11.127308066083579,11.450000000000003,7.099999999999994,4.3500000000000085,11.450000000000003,7.8785800121459815,-2.2744402027927655,-11.711711711711704,24.974815463186204,13.163064833005924,15.458139810511236,-27.76389748883212
2020-03-16,103.0,104.8,81.25,90.8,159842634,NTPC,113.0925,7.244458408439567,141.70227469170706,-11.758989310009726,1.1343612334801763,1.1541850220264318,0.8948237885462555,-11.9571978562659,-19.507108817561804,-24.181485207377445,66126332.35,2.417231204567177,108247455.2,1.4766410323889074,-343336322,-1.7867482405060742,25.93612334801762,23.549999999999997,1.8999999999999915,21.650000000000006,23.549999999999997,9.968102677193183,-3.077179651418792,-23.633305298570228,14.884631426957284,21.828571428571422,13.457600726953276,-35.921988410173384
2020-03-23,91.0,95.9,73.2,76.4,239909117,NTPC,110.88499999999999,10.737111000246383,140.31435519595422,-15.859030837004395,1.1910994764397904,1.2552356020942408,0.9581151832460733,-22.039385386989032,-36.027436207568556,-43.62180129267952,75657947.7,3.1709704570799504,135932358.8,1.7649154264510563,-583245439,-4.017946811449466,29.712041884816752,22.700000000000003,5.1000000000000085,17.599999999999994,22.700000000000003,11.66568898690076,-3.2117577995802282,-37.24845995893224,9.57345657158615,6.177606177606183,13.723080813061165,-45.55083127930527
2020-03-30,78.1,84.4,75.05,81.75,126582711,NTPC,109.05999999999999,12.393584928036558,139.6648930165269,7.002617801047117,0.9553516819571864,1.032415902140673,0.9180428134556574,-9.368473342026206,-23.250287038094246,-31.370807142067147,79437893.4,1.593480209282589,144563341.2,0.8756210941809638,-456662728,-4.266225844273598,11.437308868501539,9.350000000000009,8.0,1.3500000000000085,9.350000000000009,11.356930455313993,-2.203559354180062,-30.866807610993664,21.570426360854498,16.5057915057915,14.837323037323022,-41.46703710980087
2020-04-06,82.75,84.8,78.85,79.55,60968436,NTPC,107.165,13.85459357606457,139.3455042084774,-2.6911314984709556,1.0402262727844123,1.0659962287869265,0.9912005028284098,-8.26207999757506,-22.850436907937926,-32.08694565525233,81145996.9,0.7513424978330631,138817877.2,0.4391972938194448,-517631164,-7.7011716285746825,7.4795725958516694,5.950000000000003,3.049999999999997,2.9000000000000057,5.950000000000003,10.636006394605461,-1.9932017383539962,-29.69509500662838,20.29299219099805,12.258687258687248,11.64736164736163,-42.911685273330555
2020-04-13,81.6,89.15,80.1,88.65,128349088,NTPC,105.6925,14.19212415947417,138.78476064956357,11.439346323067268,0.9204737732656513,1.0056401579244219,0.9035532994923857,1.900744773024278,-8.77691328041056,-16.984096442591213,84688035.9,1.515551596350105,143130397.2,0.8967283715467814,-389282076,-12.585966680282585,10.208685843203622,9.050000000000011,9.600000000000009,0.5499999999999972,9.600000000000009,10.497872208658068,-1.200842087378654,-19.591836734693867,37.85747332726404,29.826254826254832,19.530244530244513,-36.12411075604735
2020-04-20,88.95,101.0,87.0,98.9,79613272,NTPC,104.87249999999999,14.081150848228365,138.51297595044358,11.562323745064852,0.8993933265925177,1.0212335692618806,0.8796764408493427,8.045170368241337,2.140054638378761,-4.454871626215729,86492726.5,0.9204620460195575,127084524.8,0.6264592177945493,-309668804,-386.2460405636617,14.15571284125379,14.0,12.349999999999994,1.6500000000000057,14.0,10.964822580836993,-0.42414857026770786,-12.863436123348016,51.69259312704978,49.61389961389962,30.56628056628055,-28.59874728604206
2020-04-27,96.5,98.65,91.9,92.35,72333377,NTPC,103.85499999999999,14.220323669424497,138.2289326262131,-6.6228513650151815,1.044937736870601,1.0682187330806714,0.9951272333513808,1.0154654352576575,-4.114922387788776,-10.874801337448197,88844396.15,0.8141580125985244,93569376.8,0.7730454073089434,-382002181,12.058895225949465,7.309149972929074,6.75,0.25,7.0,7.0,10.436179570058728,-0.8090533146398916,-16.273798730734367,44.40345584267892,41.3160733549083,40.252075931687564,-33.19054249682662
2020-05-04,92.15,97.0,88.65,91.45,66824628,NTPC,102.67999999999999,14.226193410305012,137.96452305674092,-0.9745533297238707,1.007654455986878,1.060688901038819,0.9693821760524878,0.027543159803497894,-4.405340146955809,-10.968805302211363,90210205.7,0.7407657202581902,81617760.2,0.8187510639381648,-448826809,6.460312296333476,9.130672498633126,8.349999999999994,4.650000000000006,3.6999999999999886,8.349999999999994,10.158022294050898,-0.7893889585295056,-16.6362807657247,43.432473153964104,39.9343544857768,43.621442484861554,-33.7148435164095
2020-05-11,92.2,95.45,85.75,86.65,69729668,NTPC,101.2825,14.365751258133505,137.66364241814426,-5.248769819573528,1.0640507789959608,1.1015579919215233,0.9896133871898442,-3.6736386077012546,-8.733344553020624,-15.689622709905276,91663828.1,0.7607108435830208,83370006.6,0.8363879390648867,-518556477,4.769452358453604,11.194460473167918,9.700000000000003,4.0,5.700000000000003,9.700000000000003,10.096952654844111,-1.0185683809411263,-16.60250240615977,38.28107126752969,29.43107221006565,36.89383335025023,-37.05672864821757
2020-05-18,86.5,98.5,85.65,88.9,104575600,NTPC,99.9,14.147949451572453,137.23857234218485,2.5966532025389455,0.9730033745781776,1.107986501687289,0.9634420697412823,-0.699818412878243,-5.126893512960672,-11.69812887696495,95424516.1,1.0958986670722033,78615309.0,1.330219283371385,-413980877,2.8706031397070384,14.454443194600666,12.849999999999994,11.849999999999994,1.0,12.849999999999994,10.46402563419823,-0.7774978301733628,-13.605442176870753,42.001691858863175,34.354485776805255,34.573304157549224,-35.22229320606709
2020-05-25,89.6,93.4,88.2,90.95,51924114,NTPC,98.5025,13.53974145559102,137.0390914639639,2.305961754780639,0.9851566794942275,1.0269378779549203,0.9697636063771303,1.04662740036741,-2.363441451053526,-8.415429932915549,95765043.45,0.5422032103719575,73077477.4,0.7105351176229846,-362056763,2.0185728555236935,5.717427157779002,5.200000000000003,4.5,0.7000000000000028,5.200000000000003,9.762155549638466,-0.5578023793712331,0.16519823788547772,45.45826091048757,43.77311960542541,35.85289253076542,-33.6320760533381
2020-06-01,90.15,99.65,90.15,97.9,66193053,NTPC,97.31,12.385566727361928,136.82524495873778,7.641561297416155,0.9208375893769152,1.0178753830439224,0.9208375893769152,5.380938114153318,4.202933022267759,-0.659020153545587,97436450.65,0.6793458973353931,71849412.6,0.9212747968937467,-295863710,1.3900745379244694,9.703779366700713,9.5,8.700000000000003,0.7999999999999972,9.5,9.727201476353336,0.047636092315145186,28.141361256544496,55.769880351487814,62.92993630573249,47.01918056265438,-28.448876499710572
2020-06-08,98.75,100.2,92.75,98.55,80118742,NTPC,96.325,11.374700690106721,136.5737852117369,0.6639427987742419,1.002029426686961,1.0167427701674279,0.9411466260781329,4.003340716222617,4.144093436660254,0.004482662478237467,99370248.4,0.8062648860199487,74508235.4,1.075300489534879,-215744968,0.8980410685461611,7.559614408929481,7.450000000000003,2.299999999999997,5.150000000000006,7.450000000000003,9.423574612839559,0.1956095426700075,20.55045871559633,56.654224150191595,67.06349206349206,57.922182658216634,-27.84120331203151
2020-06-15,99.0,100.15,92.6,93.2,58502267,NTPC,95.3275,10.67480401644521,136.36670529967108,-5.428716387620492,1.0622317596566524,1.0745708154506437,0.9935622317596565,-1.004798085953228,-1.1643126163439446,-5.257636417865215,99153953.95,0.5900144640676732,72262755.2,0.8095770336750182,-274247235,1.0255200481001836,8.100858369098725,7.550000000000011,1.6000000000000085,5.950000000000003,7.550000000000011,9.173764664460952,-0.19930108287912823,17.15901948460088,47.61318085994906,63.29113924050635,64.42818920324362,-31.65487147673663
2020-06-22,94.95,95.85,89.9,95.3,75063590,NTPC,94.58000000000001,10.081828363840373,136.11666798173712,2.253218884120156,0.9963273871983211,1.0057712486883525,0.9433368310598113,0.8139406672903615,0.9127812695854551,-2.6933620633048405,95213863.3,0.7883682837602074,66360353.2,1.1311511524625217,-199183645,0.7034333944546424,6.2434417628541325,5.949999999999989,2.6499999999999915,3.299999999999997,5.949999999999989,8.743929375866157,0.07141561768521539,7.5014100394811045,51.14431926745937,79.49640287769782,69.95034472723206,-29.986531838417857
2020-06-29,95.1,103.8,94.35,94.9,147374836,NTPC,93.65,9.049745561996982,135.62978888124854,-0.41972717733472775,1.0021074815595363,1.0937829293993677,0.9942044257112749,0.2639167235178846,0.42439911177022394,-2.865693230560626,98464988.75,1.496723229961269,85450497.6,1.72468084024358,-346558481,1.116554042740626,9.957850368809275,9.450000000000003,8.5,0.9500000000000028,9.450000000000003,8.83807212575067,0.13812543031587354,-4.044489383215366,50.39771213229628,69.04347826086959,70.6103401263579,-30.03012038668713
2020-07-06,97.0,97.75,92.3,95.2,81574939,NTPC,92.89500000000001,8.17518549604712,135.36715380073687,0.31612223393044925,1.01890756302521,1.0267857142857142,0.9695378151260503,0.38547406906054305,0.6327323743126644,-2.3297419147253446,97469505.75,0.8369277998519039,88526874.8,0.9214709000435651,-264983542,0.8067644547096521,5.724789915966389,5.450000000000003,2.8499999999999943,2.6000000000000085,5.450000000000003,8.386329175650582,0.28195078889824704,3.0860855441256163,51.01651678193966,65.53106212424854,71.35698108760529,-29.672747541005194
2020-07-13,95.4,95.45,89.5,89.9,86680700,NTPC,91.905,7.170111575146013,135.05546069876993,-5.567226890756293,1.061179087875417,1.0617352614015572,0.9955506117908787,-3.658159945312836,-4.4789182707653055,-7.665652329533161,97632150.8,0.8878294628330569,89839266.4,0.9648420281401585,-351664242,1.014362972353936,6.618464961067856,5.950000000000003,0.25,5.700000000000003,5.950000000000003,8.061485285563839,-0.27963302648594635,-1.6949152542372836,40.67314497703632,41.35021097046418,58.641583785194086,-33.4347537412689
2020-07-20,89.8,89.9,85.85,87.15,60567157,NTPC,91.06750000000001,6.655039147343523,134.8270829032131,-3.058954393770852,1.0304073436603556,1.0315547905909352,0.9850831899024669,-4.619380983619231,-6.6649102782572065,-10.14110115574234,96175720.85,0.6297551654898774,90252244.4,0.671087543613486,-412231399,1.1341832213358831,4.647160068846828,4.050000000000011,0.0,4.050000000000011,4.050000000000011,7.526620580821995,-0.5886516838242407,0.577034045008662,36.27053669902387,8.26446280991736,38.381911968210005,-35.36165129185398
2020-07-27,88.0,92.6,86.8,87.65,84030288,NTPC,90.30499999999999,6.076462353778362,134.5171015180899,0.5737234652897216,1.0039931545921277,1.056474614945807,0.9903023388476896,-2.68171935898397,-5.191233941000243,-8.720067144849217,95037910.85,0.8841765064956708,92045584.0,0.9129203634581753,-328201111,0.8853636350265094,6.6172276098117475,5.799999999999997,5.449999999999989,0.3500000000000085,5.799999999999997,7.296404503379062,-0.43693186025403413,-1.4060742407199123,37.68560018544416,11.01928374655648,20.211319175645986,-34.840998645653386
2020-08-03,87.9,89.65,85.0,85.6,57357948,NTPC,90.045,6.164774721631338,134.2986879842729,-2.338847689674861,1.0268691588785048,1.0473130841121496,0.9929906542056075,-3.4272017275307385,-6.6089284538919255,-10.380113646521023,89913676.55,0.6379223962452907,74042206.4,0.774665569663521,-385559059,1.034204039043626,5.4322429906542125,4.650000000000006,2.0,2.6500000000000057,4.650000000000006,6.943550569595188,-0.7210320248042673,-5.882352941176483,34.10328613770318,3.1914893617020974,7.491745306058626,-36.26147709646708
2020-08-10,86.5,88.7,85.35,88.2,63867057,NTPC,90.635,5.293195731566613,134.07063441449856,3.0373831775700966,0.9807256235827664,1.0056689342403629,0.9676870748299319,-0.2522182001257179,-2.9710813960461415,-6.5324215887794495,81111573.55,0.7873975834118189,70500630.0,0.9059076067830883,-321692002,0.8942599280914608,3.7981859410430934,3.3500000000000085,3.1000000000000085,0.25,3.3500000000000085,6.464410493649164,-0.4600245529328502,-9.908069458631264,42.150657459992004,17.0212765957447,10.410683234667738,-34.21378187313034
2020-08-17,89.0,96.5,86.5,95.3,180232584,NTPC,91.3125,4.952295453948708,133.53682462534826,8.049886621315183,0.9338929695697796,1.012591815320042,0.9076600209863589,4.811153233640507,4.0289367789122705,1.287377207560497,83794067.2,2.1508991032720752,89211006.8,2.0202953701000044,-141459418,0.4112554645389481,10.49317943336831,10.0,8.299999999999997,1.7000000000000028,10.0,6.935822427829276,0.8051821699815118,-3.2978183663115224,58.22517187697362,54.78723404255319,24.999999999999975,-28.633917822013316
2020-08-24,96.2,108.0,94.05,105.4,343234313,NTPC,92.60499999999999,5.092148238636924,132.81791315801897,10.598111227702,0.9127134724857685,1.0246679316888045,0.8923149905123339,9.288443410284257,11.336061331230738,9.851010062211955,97907361.05,3.5057048757009674,145744438.0,2.3550422761244585,201774895,-0.6551145818613607,13.235294117647062,13.950000000000003,12.700000000000003,1.25,13.950000000000003,7.871046104118706,2.5126919721066496,13.090128755364816,71.31026677616842,88.69565217391306,53.501387604070295,-20.643234414772603
2020-08-31,106.0,107.4,95.5,96.4,162796874,NTPC,92.9925,5.070172710651178,132.38186013438914,-8.538899430740033,1.0995850622406638,1.1141078838174274,0.9906639004149377,0.5463481012721945,2.621406618065084,1.3150597044679726,99629750.35,1.6340186884750134,161497755.2,1.0080441910687314,38978021,-0.1360079274957796,12.344398340248967,11.900000000000006,2.0,9.900000000000006,11.900000000000006,8.40823995690288,0.6720678356462463,1.1542497376705319,53.93891988322064,49.56521739130437,64.34936786925685,-27.18035544889737
2020-09-07,97.5,101.15,92.05,92.4,140028533,NTPC,92.6675,4.876184741334307,131.97428488799767,-4.149377593360992,1.055194805194805,1.0946969696969697,0.9962121212121211,-2.5060031965177623,-1.3663859185392122,-2.7105976635841964,102650513.4,1.3641289104356296,178031872.2,0.7865363166135373,-101050512,0.36591891479088295,9.848484848484858,9.100000000000009,4.75,4.3500000000000085,9.100000000000009,8.50047462931583,-0.054858462956184115,-2.6343519494204437,47.94893427111119,32.17391304347829,56.811594202898554,-29.986360541057742
2020-09-14,93.25,93.25,88.5,90.85,127483191,NTPC,92.5925,4.8928324323002235,131.59613186442044,-1.6774891774891887,1.0264171711612549,1.0264171711612549,0.9741331865712713,-2.836578208462622,-2.6535487903736934,-4.091039685623726,105408004.1,1.209426097083267,190755099.0,0.6683081693139956,-228533703,0.851206631598901,5.228398458998349,4.75,0.8499999999999943,3.9000000000000057,4.75,8.000411345407054,-0.3561331854524233,-4.569327731092443,45.68075975981414,25.434782608695627,35.72463768115941,-30.96301637984312
2020-09-21,90.9,92.75,87.35,88.3,131931196,NTPC,92.435,4.981441875394855,131.18800085357734,-2.806824435883326,1.0294450736126841,1.05039637599094,0.9892412231030577,-3.8709183105989404,-4.815482034675133,-6.505644120260541,108663332.5,1.214128013237584,181094821.4,0.7285199818529985,-360464899,1.3650666451510205,6.115515288788228,5.400000000000006,1.9000000000000057,3.5,5.400000000000006,7.653689832686114,-0.8300809491372905,-1.7797552836485098,41.91682350347476,14.347826086956509,23.985507246376788,-32.69201495146333
2020-09-28,88.3,89.55,82.15,87.5,105681826,NTPC,92.47749999999999,4.932877749831177,130.8605859466368,-0.9060022650056565,1.0091428571428571,1.0234285714285714,0.938857142857143,-3.213730185340085,-4.948967154238192,-6.856125841913387,110460940.4,0.9567348025221049,133584324.0,0.791124458585425,-466146725,1.7829733029045118,8.457142857142848,7.3999999999999915,1.25,6.1499999999999915,7.3999999999999915,7.619864521661298,-1.0090458860794476,0.40160642570279403,40.70278956046727,20.696324951644083,20.15964454909872,-33.13494711411324
2020-10-05,88.5,88.9,83.4,84.45,73733495,NTPC,92.25500000000001,5.196073922739078,130.61917724322538,-3.485714285714281,1.0479573712255772,1.0526939017169923,0.9875666074600356,-4.627601272684096,-7.490836092320141,-9.822400950110149,108918835.15,0.6769581670466478,115771648.2,0.6368873221241744,-539880220,2.0164464552323174,6.512729425695678,5.5,1.4000000000000057,4.099999999999994,5.5,7.337215918773125,-1.5020956429899384,-3.650884198516835,36.10294783657349,8.897485493230164,14.647212177276899,-35.34640028948732
2020-10-12,84.45,84.65,81.65,82.75,73843947,NTPC,91.845,5.611381760600578,130.37110088105499,-2.013025458851392,1.0205438066465258,1.0229607250755288,0.9867069486404835,-4.51803365541327,-8.313520324520717,-11.07202352729588,110014826.8,0.6712181362085279,102534731.0,0.7201847245300717,-613724167,2.1893557819796023,3.625377643504532,3.0,0.20000000000000284,2.799999999999997,3.0,6.758920462936708,-1.6208129099073407,-3.3294392523364413,33.656769419971354,4.174573055028443,11.256127833300878,-36.527344295805584
2020-10-19,82.8,83.4,78.1,81.65,117149667,NTPC,91.0325,5.859478937678326,129.97380260569616,-1.3293051359516528,1.0140845070422535,1.0214329454990814,0.9565217391304347,-3.950743294431088,-8.376629938106078,-11.52103430875796,112562657.5,1.0407507214370806,100468026.2,1.1660393005710308,-730873834,2.419532688828959,6.49112063686468,5.300000000000011,0.6500000000000057,4.650000000000006,5.300000000000011,6.564397734545149,-1.601251595882957,-7.426303854875282,32.03616272910608,11.87290969899669,8.314989415751747,-37.17964823441916
2020-10-26,81.65,88.0,80.3,85.95,168043447,NTPC,90.4025,5.683389347363755,129.46480336401643,5.266380894060019,0.9499709133216987,1.0238510762070971,0.9342641070389761,0.833211634746552,-2.5325538214546253,-5.446593915465338,116958892.75,1.4367735795788816,107690476.4,1.560429971317315,-562830387,1.7620023395469857,8.958696916812103,7.700000000000003,6.349999999999994,1.3500000000000085,7.700000000000003,6.7158113699391295,-0.7834233637477779,-9.811122770199365,44.16307809167,26.25418060200671,14.100554452010593,-33.611299931198886
2020-11-02,88.8,90.65,86.0,89.2,254750163,NTPC,90.2025,5.650045994227461,128.77121490828884,3.7812681791739466,0.9955156950672646,1.016255605381166,0.9641255605381166,2.964234230242636,1.0313292669376128,-1.470928827893034,126771287.55,2.009525720873693,137504143.8,1.852672624692202,-308080224,0.9593981052076213,5.213004484304939,4.650000000000006,4.700000000000003,0.04999999999999716,4.700000000000003,6.447036520613913,-0.1774321839192516,-15.370018975332068,51.6818298480242,37.12374581939801,25.083612040133783,-30.729860657501405
2020-11-09,91.45,92.0,83.05,89.45,295762972,NTPC,89.91,5.5222421075846215,128.00025314579563,0.2802690582959677,1.0223588596981554,1.028507546115148,0.9284516489659027,2.156956909540836,1.1210850813143913,-1.0883877081503945,137806256.65,2.146223104740288,181910039.2,1.6258749286224112,-12317252,0.03950687333853784,10.005589714924541,8.950000000000003,2.799999999999997,6.150000000000006,8.950000000000003,6.780764984532059,-0.08329949883367094,-7.209543568464738,52.25249261260064,37.959866220735805,33.779264214046826,-30.11732570707175
2020-11-16,89.8,93.5,89.2,90.9,165206787,NTPC,89.71000000000001,5.4031569719194525,127.5983361524961,1.6210173281162588,0.9878987898789878,1.0286028602860284,0.9812981298129813,2.478473014729935,2.3128812873509843,0.48045555057335604,138697854.2,1.1911272020241537,200182607.2,0.8252804242625531,152889535,-0.5330829698825276,4.730473047304727,4.299999999999997,4.049999999999997,0.25,4.299999999999997,6.449996319927784,0.22024161174374587,-1.6233766233766267,55.7499969551505,42.80936454849502,39.297658862876254,-28.76082655861355
2020-11-23,91.75,94.4,88.0,93.65,250028529,NTPC,89.6325,5.330899869730866,127.05071906231053,3.0253025302530157,0.9797116924719701,1.008008542445275,0.9396689802455952,3.5614393809499885,4.44122561836812,3.1192449768805024,147120533.7,1.6994808454803751,226758379.6,1.1026209017768092,402918064,-1.5900009755021711,6.833956219967971,6.400000000000006,3.5,2.9000000000000057,6.400000000000006,6.443330143937414,0.7536251098640198,3.0820033021464077,61.863146435324104,52.006688963210735,44.25863991081383,-26.28927983156832
2020-11-30,94.25,97.05,91.8,94.7,315985212,NTPC,89.8725,5.450289103876353,126.40438794491833,1.121195942338482,0.9952481520591341,1.0248152059134108,0.969376979936642,3.087143949496408,4.714926346298152,3.843972380265276,158585759.3,1.9925194632529655,256346732.6,1.232647706468173,718903276,-3.5966913703062784,5.543822597676875,5.25,3.3999999999999915,1.8500000000000085,5.25,6.284219458079093,0.8857328314137662,7.248018120045296,64.05111770289207,56.65529010238909,50.49044787136493,-25.08171469390268
2020-12-07,94.7,101.15,93.45,99.75,168685430,NTPC,90.5025,5.833760072113946,126.1231051249629,5.3326293558606075,0.94937343358396,1.0140350877192983,0.9368421052631579,5.329006061936896,8.176184962358187,7.986020073953502,163991672.95,1.0286219230864917,239133786.0,0.7054019125511608,887588706,-6.580187798221189,7.719298245614039,7.700000000000003,6.450000000000003,1.25,7.700000000000003,6.472990197001882,1.5851697508445937,13.99999999999999,72.73254823865857,93.92624728850323,67.529408784701,-20.910605633148982
2020-12-14,100.55,105.35,96.5,104.6,189698996,NTPC,91.35,6.580913390455366,125.87067382679123,4.862155388471168,0.9612810707456979,1.00717017208413,0.9225621414913958,6.479084478509906,10.6575344167869,11.231405772901105,169275108.35,1.120654996762848,217920990.8,0.870494371852865,1077287702,-16.672767540756272,8.460803059273418,8.849999999999994,5.599999999999994,3.25,8.849999999999994,6.78992483740163,2.0133983254083168,23.86027235050325,78.48910352389804,97.24770642201835,82.60974793763687,-16.89883209496558
2020-12-21,105.1,107.25,94.75,97.5,162049049,NTPC,91.94500000000001,6.571627612222645,125.58925063687818,-6.787762906309746,1.077948717948718,1.1,0.9717948717948718,-0.22077103280591287,3.5584887911728225,4.369961950683785,174509663.4,0.9285964217841703,217289443.2,0.7457750667198544,915238653,2147.059261798914,12.82051282051282,12.5,2.6500000000000057,9.849999999999994,12.5,7.551268192414747,0.8453004838052881,17.824773413897276,57.85717348784334,66.55231560891939,85.90875643981364,-22.3659672260438
2020-12-28,97.35,101.55,96.5,100.45,85290626,NTPC,92.55749999999999,6.772025954347666,125.4586829032054,3.0256410256410238,0.96913887506222,1.0109507217521154,0.9606769537083125,1.8149980043233653,5.477801241322761,6.580209218606578,175580841.85,0.48576271249949016,184341862.6,0.4626763817889296,1000529279,15.03710978705423,5.027376804380286,5.049999999999997,4.049999999999997,1.0,5.049999999999997,7.217765766759447,1.165456253890019,23.025107164727498,62.57366794230706,76.67238421955405,80.15746875016391,-19.933799976602845
2021-01-04,100.5,101.05,97.95,99.05,140110384,NTPC,92.745,6.902610108924886,125.23526930447491,-1.3937282229965264,1.0146390711761737,1.0201918223119637,0.9888944977284201,0.2848160830171971,3.550112941725285,4.821472468533857,173574731.85,0.8072049572346783,149166897.0,0.9392860401192096,860418895,7.377258299187565,3.129732458354361,3.0999999999999943,0.5999999999999943,2.5,3.0999999999999943,6.66873033119152,0.9134225894995576,15.241419429901093,58.960322799830855,71.8696397941681,71.69811320754717,-20.90886173671466
2021-01-11,98.4,101.25,96.85,99.0,135739782,NTPC,92.425,6.416272487326394,125.02199415192896,-0.05047955577990315,0.993939393939394,1.0227272727272727,0.9782828282828282,0.15630325267913964,3.001200752189524,4.375618963039623,163200005.3,0.8317388332829913,142577767.4,0.9520403108794927,724679113,5.075620184815465,4.44444444444445,4.400000000000006,2.200000000000003,2.200000000000003,4.400000000000006,6.366232953699318,1.024738274907609,10.986547085201792,58.82035268038221,71.69811320754718,73.41337907375642,-20.81393304309846
2021-01-18,99.0,104.35,96.8,97.55,150481397,NTPC,92.4825,6.458781761458418,124.77662262051938,-1.4646464646464685,1.0148641722193747,1.06970784213224,0.9923116350589442,-0.8851937671947214,1.336623338655015,2.708054887023883,162584231.45,0.9255596047534166,134734247.6,1.1168756250211176,574197716,3.386848824790752,7.739620707329572,7.549999999999997,5.349999999999994,2.200000000000003,7.549999999999997,6.524068559872742,0.7845906839954496,9.055338177752926,54.49170921774323,66.7238421955403,70.09719839908517,-21.820291372465782
2021-01-25,98.0,100.85,92.7,93.2,115830184,NTPC,92.5225,6.460720894275409,124.5610155307929,-4.459251665812403,1.0515021459227467,1.0820815450643775,0.9946351931330472,-3.7292607438472527,-2.8014628447045093,-1.6801875031107096,161374314.0,0.7177733626182913,125490474.6,0.9230197301365534,458367532,2.3207501102497674,8.744635193133037,8.149999999999991,3.299999999999997,4.849999999999994,8.149999999999991,6.740859418556376,0.10486445879442266,2.53025302530252,43.428762770163694,47.86641929499074,62.09612489935938,-25.177231734306226
2021-02-01,93.0,93.1,88.15,92.0,121036872,NTPC,92.58,6.45016115670074,124.33033891924937,-1.2875536480686733,1.0108695652173914,1.0119565217391304,0.9581521739130435,-3.3881674009171423,-3.5505869918614383,-2.75591325017129,161051998.05,0.751539089644967,132639723.8,0.9125235527669276,337330660,1.4939252117776949,5.380434782608683,4.949999999999989,0.10000000000000853,5.049999999999997,5.049999999999997,6.515411496082192,-0.08992023391500323,-1.7618793379604925,40.79266020733294,36.983471074380176,50.52457752163705,-26.003579818315647
2021-02-08,92.9,102.0,92.9,100.3,208613446,NTPC,93.18,6.587735814218499,124.0404582039718,9.021739130434781,0.926221335992024,1.0169491525423728,0.926221335992024,3.4449225597582047,4.301489788480959,5.268374701584128,164886110.55,1.265197203719231,146340336.2,1.4255361947159448,545944106,2.0136472248948794,9.07278165503489,9.099999999999994,10.0,0.9000000000000057,10.0,6.980023296604566,1.0807962251055498,5.913410770855321,60.11438500782667,71.28099173553719,52.04362736830268,-19.139286123026935
2021-02-15,100.4,101.2,94.8,95.2,99833263,NTPC,93.56500000000001,6.4621183588860935,123.8749213744832,-5.0847457627118615,1.0546218487394958,1.0630252100840336,0.995798319327731,-1.151780583026986,-0.7073280991779105,0.17734401983348164,164593682.4,0.6065437114249775,139159032.4,0.7174041187138924,446110843,1.4084675963453774,6.7226890756302575,6.400000000000006,0.9000000000000057,5.5,6.400000000000006,6.902686857057292,0.253013007375777,-4.561403508771922,48.81903855405297,37.402597402597415,48.55568673750491,-23.14828623607901
2021-02-22,95.85,106.75,95.5,102.05,204051798,NTPC,94.44500000000001,6.352970710002294,123.62184884533585,7.195378151260501,0.9392454679078882,1.0460558549730525,0.9358157765801078,3.7586182491969926,5.187896954923455,6.304682882222459,171109597.55,1.1925210562217232,149873112.6,1.3614970321234259,650162641,1.7280665297468063,11.024007839294464,11.25,11.549999999999997,0.29999999999999716,11.549999999999997,7.522328609449653,1.1970777683622034,-2.437858508604207,60.361669381395174,72.98701298701296,60.556867375049166,-17.449867516804847
2021-03-01,102.15,110.95,100.55,108.45,210284879,NTPC,95.72999999999999,6.461167403075667,123.44268949326937,6.271435570798634,0.941908713692946,1.0230520977408943,0.9271553711387736,6.292097693748596,9.242638879667552,10.847796042292021,177931644.15,1.1818295728371147,168764051.6,1.2460288610421106,860447520,1.9123366646644455,9.589672660212084,10.400000000000006,8.900000000000006,1.5,10.400000000000006,7.906018128189701,1.9686844816843774,11.230769230769244,68.11402054305623,89.03508771929825,66.47489936963619,-12.145465685180842
2021-03-08,108.45,114.7,107.9,110.55,166350877,NTPC,97.175,6.377643930583127,123.32336670147238,1.9363762102351245,0.9810040705563094,1.0375395748530079,0.9760289461782,5.38144426284959,9.39999369257565,11.49621460022031,180391704.65,0.9221647820378308,177826852.6,0.9354654517458406,1026798397,1.9091531717138353,6.151062867480776,6.799999999999997,6.25,0.5499999999999972,6.799999999999997,7.758549044431074,2.0971694477739655,10.054753608760581,70.3122950986872,84.36911487758944,82.13040519463352,-10.357620816817905
2021-03-15,111.4,112.1,107.45,110.5,75932440,NTPC,98.4025,6.465423725279617,123.26942143236782,-0.045228403437358455,1.0081447963800905,1.0144796380090497,0.9723981900452489,3.5590869578161146,8.021998469664425,10.501487001959221,175786154.3,0.43195916255390765,151290651.4,0.5018977663017716,950865957,1.549868251229591,4.208144796380083,4.6499999999999915,1.5499999999999972,3.0999999999999943,4.6499999999999915,7.344075838506931,1.8711070633621625,11.559818273599198,70.1793751134486,84.18079096045197,85.8616645191132,-10.358953002285167
2021-03-22,110.55,111.45,102.0,109.85,158463634,NTPC,99.435,6.566543992088967,123.15263530891075,-0.5882352941176561,1.0063723258989532,1.0145653163404644,0.9285389167045972,1.9922871117504486,6.409499948484959,9.14091750180658,170971827.85,0.9268406145778947,163016725.6,0.972069788647503,792402323,1.185276088627562,8.602639963586713,9.450000000000003,0.9500000000000028,8.5,9.450000000000003,7.624865726706007,1.5860702391619468,10.959595959595948,68.24421843268016,81.73258003766475,83.42749529190203,-10.801746365835369
2021-03-29,110.0,110.2,102.65,104.2,69202802,NTPC,100.1725,6.204401557301874,123.08087675529993,-5.143377332726439,1.055662188099808,1.0575815738963532,0.9851247600767754,-2.214633786143407,1.1440929751116478,3.863105936746637,159643819.35,0.43348250049243137,136046926.4,0.5086686177424733,723199521,1.0253582071153944,7.245681381957771,7.549999999999997,0.3500000000000085,7.199999999999989,7.549999999999997,7.614883629811873,0.6491359340305907,6.817016914402885,53.459460820425114,60.451977401129945,75.4551161330822,-15.340219580038783
2021-04-05,105.85,109.0,103.75,106.3,88613279,NTPC,100.9425,5.943179970178744,122.99991248729913,2.0153550863723613,0.995766698024459,1.0253998118532455,0.9760112888052681,-0.13022791167227524,2.654598747533665,5.2821354850258695,155814143.95,0.5687113939311926,111712606.4,0.7932254188279327,811812800,1.0996296648180668,4.938852304797742,5.25,4.799999999999997,0.45000000000000284,5.25,7.299565812503624,0.9014534351782169,14.055793991416298,57.41598400105094,68.36158192090393,70.18204645323286,-13.577174283781341
2021-04-12,107.75,108.1,98.05,99.05,84453244,NTPC,101.2125,5.71263316095283,122.89028795043096,-6.820319849482592,1.087834427057042,1.0913679959616356,0.9899040888440181,-4.972863718733055,-3.831970749005608,-1.5132079567215495,147535379.7,0.5724270623882091,95333079.8,0.8858755447445431,727359556,0.9640512371925223,10.146390711761734,10.049999999999997,1.7999999999999972,8.25,10.049999999999997,7.6662903708364745,-0.37854697458629,7.663043478260856,42.891014191849244,41.05461393596984,56.62272441933455,-19.39965179351454
2021-04-19,99.6,103.0,98.65,99.05,59365101,NTPC,101.42999999999999,5.53156968300442,122.81382780630346,0.0,1.00555275113579,1.0398788490661282,0.9959616355376073,-3.3152424791553843,-3.284546356290536,-1.3871072936614155,134704374.15,0.440706557412115,92019612.0,0.6451353109378466,727359556,0.963511282734738,4.391721352852089,4.349999999999994,3.950000000000003,0.3999999999999915,4.349999999999994,7.224118321391611,-0.4302576187935358,-1.2462612163509523,42.891014191849244,41.05461393596984,50.156936597614525,-19.349472474534974
2021-04-26,99.2,103.95,97.05,102.4,88997152,NTPC,101.5625,5.520938016223891,122.71614686023278,3.382130237253911,0.96875,1.01513671875,0.9477539062499999,0.04313302369568506,0.08090694818155275,1.7689430730722795,130719960.25,0.68082297324597,78126315.6,1.1391443627734572,816356708,1.0865293123031146,6.738281250000005,6.900000000000006,4.900000000000006,2.0,6.900000000000006,7.180902545206064,0.1516952368490497,7.563025210084029,50.581819102445166,53.672316384180796,45.26051475204014,-16.5553982748267
2021-05-03,102.05,105.65,101.05,104.25,72019975,NTPC,101.545,5.511349533848254,122.6449173254824,1.806640625,0.9788968824940047,1.0134292565947243,0.9693045563549161,1.2112986195135762,1.5891870215316768,3.2194544184721203,124836009.2,0.5769166722128762,78689750.2,0.9152395936821769,888376683,1.1974378893899018,4.412470023980823,4.6000000000000085,3.25,1.3500000000000085,4.6000000000000085,6.836782205845257,0.490805379587539,2.155805977462033,54.48730213565541,60.64030131826741,51.789077212806,-14.998515818364384
2021-05-10,104.3,108.0,102.65,107.7,78706363,NTPC,102.055,5.588731613941592,122.58218269674516,3.3093525179856087,0.968430826369545,1.0027855153203342,0.9531104921077066,2.9172261286554706,4.064247886945296,5.793027974607644,120668874.9,0.6522507404268505,76708367.0,1.0260466501652943,967083046,1.2989870391334313,4.967502321262762,5.349999999999994,3.75,1.5999999999999943,5.349999999999994,6.638544578399222,1.0100681854032922,-0.6915629322268302,61.10200695186541,67.88990825688073,60.73417531977629,-12.140575709572772
2021-05-17,108.0,116.75,106.7,111.55,136832633,NTPC,102.61000000000001,5.959790706324869,122.50225501759772,3.5747446610956413,0.9681757059614523,1.04661586732407,0.9565217391304348,4.178606030516617,6.321722462116979,8.290751711876343,123245975.25,1.1102401739483985,87184244.8,1.5694651403346216,1103915679,1.4725561859398852,9.009412819363511,10.049999999999997,9.049999999999997,1.0,10.049999999999997,7.093405301279326,1.5000526764324706,0.9045680687471691,67.23387158172497,76.30979498861046,68.28000152125286,-8.940451762316053
2021-05-24,112.6,114.2,110.9,112.9,61319209,NTPC,103.30249999999998,6.31823749158245,122.47118023408393,1.2102196324518255,0.9973427812223206,1.0115146147032772,0.9822852081488043,3.549592575755103,6.3787534403326465,8.605083324518658,119306416.5,0.513964049871534,87575066.4,0.7001902655708405,1165234888,1.5233814727326562,2.9229406554472956,3.299999999999997,2.6500000000000057,0.6499999999999915,3.299999999999997,6.587617927775415,1.5190153919960137,2.1719457013574806,69.19840540487363,81.88235294117649,75.36068539555588,-7.815046948833314
2021-05-31,113.9,114.85,107.8,110.5,95063640,NTPC,103.87749999999998,6.428400697401621,122.41141944962743,-2.1257750221434946,1.0307692307692309,1.039366515837104,0.9755656108597285,0.9698280651749568,3.724586400105132,6.06836574714912,117272609.4,0.8106210008148756,88788364.0,1.070676783728102,1070171248,1.3681994786769351,6.380090497737553,7.049999999999997,1.9499999999999886,5.1000000000000085,7.049999999999997,6.649268870738693,1.0301940267470961,0.591715976331364,61.61994372900725,68.2741116751269,75.48875320163793,-9.730644006239144
2021-06-07,110.95,116.75,109.5,116.4,66242914,NTPC,104.82000000000001,6.821683694007668,122.39058062465885,5.339366515837107,0.9531786941580755,1.0030068728522337,0.9407216494845361,3.992932423836387,7.375307785063444,9.92704651035206,113060685.25,0.5859058244121159,87632951.8,0.7559133024662077,1136414162,1.4024857827327155,6.228522336769759,7.25,6.25,1.0,7.25,6.7293663546402005,1.6975281351980815,11.708253358925136,70.71681357377835,98.22335025380714,82.79327162337016,-4.8946418867236625
2021-06-14,117.5,121.0,115.8,118.2,143194645,NTPC,106.07000000000001,6.87069290921,122.35941215353944,1.546391752577314,0.994077834179357,1.023688663282572,0.9796954314720812,3.636645990606625,7.530716651061523,10.357156198431184,114428908.3,1.2513852236061227,100530608.2,1.4243885276723114,1279608807,1.5030389161299287,4.399323181049072,5.200000000000003,4.599999999999994,0.6000000000000085,5.200000000000003,6.525450840688174,1.7654696782823782,11.194731890874898,72.97193402940655,88.30897703549063,84.9354796548082,-3.399339764986863
2021-06-21,118.2,120.6,112.9,118.0,122725318,NTPC,107.37,6.519129744959477,122.33179893827555,-0.16920473773266442,1.0016949152542374,1.0220338983050847,0.9567796610169492,2.315545514631081,6.320562044712866,9.354784243785478,114513330.6,1.0717120649357832,97709145.2,1.25602693329058,1156883489,1.2964816349928914,6.525423728813549,7.699999999999989,2.3999999999999915,5.299999999999997,7.699999999999989,6.682057395263083,1.6305857401011232,19.13175164058556,72.25851312605138,87.47390396659708,91.33541041863161,-3.541024472681246
2021-06-28,118.5,119.1,115.7,116.15,66827049,NTPC,108.1625,6.577571040248052,122.3105505160033,-1.5677966101694918,1.0202324580284114,1.0253981919931123,0.9961256995264743,0.5064392063507918,4.138685108734653,7.251764922107585,107424010.75,0.6220867060672467,98810713.2,0.6763138007590052,1090056440,1.1854482604198042,2.927249246663789,3.3999999999999915,1.0999999999999943,2.299999999999997,3.3999999999999915,6.244449742561338,1.2143540451520214,17.264008076728942,65.43099107743078,79.74947807933196,85.17745302713986,-5.036810389629668
2021-07-05,116.25,119.1,115.4,118.6,96332720,NTPC,109.33250000000001,6.222037976337258,122.2922558225721,2.109341368919493,0.9801854974704891,1.0042158516020236,0.973018549747049,1.7078297572661192,5.244820106332417,8.403750318107612,107248983.6,0.8982156918081973,99064529.2,0.9724239420298986,1186389160,1.2402858705008992,3.119730185497461,3.6999999999999886,2.9499999999999886,0.75,3.6999999999999886,5.905189776886491,1.489463747287429,15.820312499999979,69.7924506118647,89.97912317327764,85.7341684064022,-3.0192065701437567
2021-07-12,118.1,118.95,116.25,117.85,58798288,NTPC,110.12249999999999,6.251704504418108,122.27892747790705,-0.6323777403035469,1.0021213406873144,1.0093338990241834,0.986423419601188,0.7215308115500554,3.978682329433467,7.169093950645743,99986308.1,0.5880633970522611,97575604.0,0.6025920987381231,1127590872,1.1501143190962437,2.291047942299536,2.700000000000003,0.3500000000000085,2.3499999999999943,2.700000000000003,5.477831139968293,1.2360629000521293,13.045563549160665,66.81488572421753,86.84759916492692,85.52540013917883,-3.621987507788091
2021-07-19,118.15,122.0,118.1,121.4,83044435,NTPC,110.77000000000001,6.722280314864448,122.27521866373827,3.0123037759864246,0.9732289950576606,1.0049423393739703,0.972817133443163,2.416432762993815,5.817046687623445,9.060032223311106,93624285.9,0.8869967252802298,85545562.0,0.970762632899647,1210635307,1.2131517112607744,3.2125205930807295,3.9000000000000057,4.150000000000006,0.25,4.150000000000006,5.300786987972522,1.5813086485689558,12.72051996285979,73.08601541469267,97.59519038076154,91.47397090632201,-0.715777631234627
2021-07-26,122.0,122.0,118.05,119.35,36693499,NTPC,111.21,6.989797075590226,122.26977476579964,-1.6886326194398782,1.0222036028487642,1.0222036028487642,0.9891076665270214,0.49353407304815466,3.599421637757986,6.8731790469275635,87141417.0,0.42107989820730135,68339198.2,0.5369319507175605,1173941808,1.1677725816445437,3.30959363217428,3.950000000000003,0.5999999999999943,3.3500000000000085,3.950000000000003,5.120682056242853,1.1645545517231843,6.992380098610496,64.91257807508597,89.37875751503003,91.27384902023948,-2.3879775450574736
2021-08-02,119.3,119.95,115.25,117.75,54476275,NTPC,111.57249999999999,7.137474767217491,122.25732135145991,-1.340594888981983,1.0131634819532909,1.018683651804671,0.9787685774946921,-0.5723805145460925,1.962445659446151,5.140448062108178,86068608.75,0.6329401136044273,65869043.4,0.8270391095432243,1119465533,1.1043220973704364,3.9915074309978795,4.700000000000003,0.6000000000000085,4.099999999999994,4.700000000000003,5.064591115410473,0.8655021841020499,4.295837023914961,58.973222323148775,79.71360381861575,88.8958505714691,-3.6867496372691337
2021-08-09,118.5,119.1,115.95,116.7,57850978,NTPC,111.915,7.214406274585006,122.24110804599708,-0.8917197452229297,1.0154241645244215,1.0205655526992288,0.993573264781491,-0.9848489322353856,0.9260225956649601,3.929709620426754,81037975.95,0.7138749126174344,58172695.0,0.9944696218732861,1061614555,1.033529938618084,2.6992287917737716,3.1499999999999915,1.3499999999999943,1.7999999999999972,3.1499999999999915,4.809312300022409,0.663256242839643,5.61085972850679,55.15210973269856,72.60981912144703,80.56739348503092,-4.532933425237
2021-08-16,116.9,119.45,113.65,118.85,44985051,NTPC,112.64750000000001,7.133122793665342,122.23343229184385,1.8423307626392438,0.9835927639882205,1.0050483803113168,0.9562473706352547,0.561313305893309,2.3299489410236163,5.195322002343161,79827088.4,0.5635311509119253,55410047.6,0.8118572884965362,1106599606,1.0575873134676121,4.880100967606224,5.799999999999997,2.75,3.049999999999997,5.799999999999997,4.941403993352754,0.8695350100391085,2.1048109965635664,61.106164399776766,79.41176470588232,77.24506254864835,-2.7680089059150337
2021-08-23,119.35,119.5,112.2,113.4,36072488,NTPC,113.00250000000001,6.975530068523562,122.21742826598022,-4.585612116112737,1.052469135802469,1.0537918871252203,0.9894179894179894,-2.8118043127253407,-2.026345943759205,0.5857614783681286,77200048.85,0.4672599115848876,46015658.2,0.7839176795693427,1070527118,1.010618453409324,6.437389770723101,7.299999999999997,0.6500000000000057,6.6499999999999915,7.299999999999997,5.25588346090572,0.056984916715315435,-4.060913705583758,44.01483548549819,39.43661971830991,63.81940118187973,-7.214542468354805
2021-08-30,114.2,116.3,111.95,114.95,50962909,NTPC,113.79749999999999,6.160068245523551,122.19887380205068,1.3668430335096904,0.9934754240974336,1.0117442366246194,0.9739016963897347,-0.9503181618851987,-0.5576657927468667,1.7657524054780425,75525532.1,0.6747772254357941,48869540.2,1.0428358603627705,1121490027,1.0393928214590875,3.7842540234884683,4.349999999999994,2.8999999999999915,1.4500000000000028,4.349999999999994,5.135098999451623,0.1870920830848791,-2.5847457627118597,48.7214600943456,50.35211267605637,56.40016570008285,-5.9320299578154
2021-09-06,115.25,117.9,114.7,116.45,40965543,NTPC,114.66749999999999,5.106195282516276,122.18709978752197,1.3049151805132775,0.9896951481322456,1.01245169600687,0.9849720910261915,0.23335295429394587,0.6322491599613292,2.7785212745861667,74605554.2,0.549095083325579,46167393.8,0.8873263060389603,1162455570,1.0560668320288396,2.7479604980678425,3.200000000000003,2.950000000000003,0.25,3.200000000000003,4.87708579952474,0.3490857480722157,0.258286698235044,53.122066519690044,55.60000000000003,48.46291079812209,-4.695340013388104
2021-09-13,116.7,116.9,112.4,115.0,30311871,NTPC,115.29749999999999,4.211965255771087,122.1762247227951,-1.2451696006869906,1.0147826086956522,1.0165217391304349,0.9773913043478262,-0.6830495563621466,-0.5319844868758078,1.4232948019428664,71671290.15,0.4229290548078685,40659572.4,0.74550392959863,1132143699,1.0139842330795272,3.91304347826087,4.5,0.45000000000000284,4.049999999999997,4.5,4.826807692921441,-0.0706321115997719,-3.0354131534569895,48.48143589403511,30.34825870646764,45.433457127508,-5.873667105917859
2021-09-20,115.25,125.7,114.8,122.7,96969763,NTPC,116.22,3.6476524534398242,122.17874791058706,6.695652173913036,0.939282803585982,1.0244498777506112,0.9356153219233904,3.7568557512542857,4.951601704570602,6.975324588737937,72918779.55,1.3298325012901289,51056514.8,1.8992632650280314,1229113462,1.0842885876886923,8.88345558272209,10.900000000000006,10.700000000000003,0.20000000000000284,10.900000000000006,5.636566667198583,1.776485035982309,4.115400933389912,66.44331371581764,78.18181818181819,54.7100256294286,0.42663073433556775
2021-09-27,122.3,127.8,122.1,126.85,48469971,NTPC,117.17750000000001,3.803546648234473,122.1899688656555,3.382233088834541,0.9641308632242807,1.0074891604256997,0.9625541978715018,4.603685196052548,6.909588574700007,9.183810010129797,71406959.95,0.6787849676549631,53536011.4,0.9053713515908285,1277583433,1.11182021854736,4.49349625541979,5.700000000000003,5.099999999999994,0.6000000000000085,5.700000000000003,5.645024444905439,2.5430212626654014,4.489291598023049,72.42256873684238,94.00630914826496,67.51212867885025,3.8137591633794985
2021-10-04,127.5,149.35,127.35,145.55,227438634,NTPC,118.87750000000001,7.219864319328001,122.45034044412128,14.741821048482473,0.8759876331157677,1.02610786671247,0.8749570594297491,11.240020460869196,16.174007816856438,19.114066928681225,75937260.0,2.9950861276796132,88831156.4,2.5603475539129645,1505022067,1.2872820838444659,15.115080728272071,22.0,22.5,0.5,22.5,7.892354518918047,3.6943215024964045,21.952241307080023,85.68464542907897,89.83957219251342,87.34256650753217,18.864512317481044
2021-10-11,145.55,147.85,140.3,144.8,76984163,NTPC,120.4725,9.106872404949534,122.53434306301558,-0.5152868430092772,1.0051795580110496,1.021063535911602,0.9689226519337016,7.186855331857787,13.491279623580033,17.13718741722208,76720507.7,1.0034365687598283,96034880.4,0.8016271033956532,1428037904,1.2078603979431257,5.214088397790043,7.549999999999983,2.299999999999983,5.25,7.549999999999983,7.846707249728972,2.671334231802584,22.972399150743115,83.81925777260463,87.83422459893052,90.56003531323627,18.17095222482557
2021-10-18,146.0,151.7,143.8,149.55,89741668,NTPC,122.425,10.871431658977583,122.65219358827697,3.280386740331487,0.9762621196924105,1.0143764627214977,0.9615513206285523,6.75652135095511,13.919113279807352,18.121649458459448,76454409.1,1.1737932325475262,107920839.8,0.8315508678982686,1517779572,1.2599156271568135,5.2825142092945345,7.899999999999977,6.899999999999977,1.0,7.899999999999977,7.853812949765106,2.495071564709723,28.149100257069428,86.04014830279257,94.59119496855351,90.75499725333246,21.93014704817633
2021-10-25,150.95,152.1,143.15,143.9,82641461,NTPC,123.8,11.771139997559088,122.7372080484177,-3.7780006686726875,1.0489923558026406,1.0569840166782487,0.9947880472550382,2.0636449758412536,9.033674521960815,13.664593144335607,77274336.45,1.0694554595557448,105055179.4,0.7866481355035408,1435138111,1.1767248341046737,6.219596942321049,8.949999999999989,2.549999999999983,6.400000000000006,8.949999999999989,7.999971223129757,1.7075661324364528,21.07698779974758,72.4012967443763,79.5765877957659,87.33400245441663,17.242360558856735
2021-11-01,145.3,145.65,128.55,134.3,90557152,NTPC,124.60499999999999,11.91762184860493,122.78768187738217,-6.671299513551077,1.0819061801935965,1.084512285927029,0.9571854058078928,-3.291345187274482,2.1696357645579956,6.868754336168313,74642461.8,1.2132122898443847,113472615.6,0.7980529180645767,1344580959,1.0995447373335916,12.73268801191362,17.099999999999994,1.75,15.349999999999994,17.099999999999994,9.213308393379123,0.8135012272716903,18.43033509700176,55.23544969769175,55.66625155666255,76.61134477366063,9.37579238128645
2021-11-08,135.0,140.8,135.0,140.3,45126871,NTPC,125.72,12.304057952776905,122.82569346037084,4.467609828741614,0.9622238061297219,1.0035637918745546,0.9622238061297219,0.7506407286720694,5.4457718145614775,9.94726228369058,70762539.45,0.637722605078159,77010263.0,0.5859851562901428,1389707830,1.1257310462006376,4.133998574483258,5.800000000000011,6.5,0.6999999999999886,6.5,8.851533940928574,1.1849749128261746,22.053066550674206,61.77174020958493,70.61021170610215,68.61768368617685,14.226914619673753
2021-11-15,140.75,141.4,134.35,137.15,39752911,NTPC,126.77000000000001,12.340385134313555,122.85303040836666,-2.245188880969351,1.026248632883704,1.0309879693765949,0.9795843966460079,-1.0192495115679214,2.806364995050097,7.222390255450028,69408832.55,0.5727356236882852,69564012.6,0.5714579926345422,1349954919,1.0821381016260747,5.140357273058703,7.050000000000011,1.0999999999999943,5.950000000000017,7.050000000000011,8.611329415471433,0.8411406845915584,17.775869471876348,56.75195475674276,62.76463262764634,63.01369863013699,11.637457817776122
2021-11-22,137.7,138.0,129.7,130.15,46959804,NTPC,127.34750000000001,12.207466168832365,122.8694437994703,-5.103900838497999,1.0580099884748366,1.0603150211294659,0.9965424510180559,-4.301652301250054,-2.0752343401276336,2.0463945824591443,66940186.75,0.7015188675134671,61007639.8,0.769736448647207,1302995115,1.0396357564753016,6.377257011140999,8.300000000000011,0.8499999999999943,7.450000000000017,8.300000000000011,8.56981882674191,0.22957262066023418,13.173913043478258,46.96579333579108,45.33001245330014,59.56828559568285,5.925440838172891
2021-11-29,130.05,137.3,125.05,126.5,62401917,NTPC,127.78000000000002,12.004817015639015,122.88026323060511,-2.8044563964656155,1.0280632411067194,1.0853754940711464,0.9885375494071146,-4.874097744441081,-4.303275546251478,-0.7149401818329238,67120368.2,0.9297016490442911,56959731.0,1.0955444470059033,1240593198,0.9854040950960129,9.683794466403173,12.250000000000014,7.150000000000006,5.1000000000000085,12.250000000000014,9.060509649842992,-0.10662386593086118,3.096984515077428,42.55124245288457,36.239103362391035,48.11124948111248,2.9457430137514082
2021-12-06,127.8,132.95,124.0,124.35,73796929,NTPC,127.92750000000001,11.940251198540137,122.88542481807454,-1.6996047430830052,1.0277442702050663,1.0691596300763972,0.9971853638922397,-4.458240797060969,-5.2342881723302614,-2.2516011680877277,66657992.9,1.107097975642768,53607686.4,1.376610966743754,1166796269,0.928403554451399,7.197426618415753,8.949999999999989,6.449999999999989,2.5,8.949999999999989,9.045775029863925,-0.29961681211844304,-1.9708316909735957,39.99609505456559,30.10075566750628,37.22329049439913,1.1918217185591222
2021-12-13,125.1,128.6,124.0,125.8,53925663,NTPC,128.25,11.782446801560678,122.89288523524269,1.1660635303578637,0.9944356120826708,1.0222575516693164,0.985691573926868,-2.1694872449100866,-3.4468571489616253,-0.9836066890360288,67519601.1,0.798666788924498,55367444.8,0.9739597554987764,1220721932,0.969507090204686,3.6565977742448283,4.599999999999994,4.25,0.3499999999999943,4.599999999999994,8.453005025882069,-0.2079364364009249,-13.569220199244258,42.6748109654653,33.753148614609565,33.364335881502264,2.365567997848276
2021-12-20,125.0,128.45,119.1,121.75,61551610,NTPC,128.45,11.627768487548606,122.88955582447737,-3.2193958664546884,1.0266940451745379,1.0550308008213551,0.9782340862422998,-3.7120957996423787,-5.904004430667332,-3.980913714091753,67873367.85,0.9068595231052765,59727184.6,1.0305459802302483,1159170322,0.9191730571194183,7.679671457905539,9.349999999999994,2.6499999999999915,6.700000000000003,9.349999999999994,8.57260435576446,-0.5762068626645402,-15.91850828729282,37.307268129012165,18.632707774798938,27.495537352304904,-0.9273007920258027
2021-12-27,123.55,125.4,120.6,121.85,41497439,NTPC,128.7075,11.408829394724204,122.88751811472785,0.0821355236139576,1.0139515798112433,1.0291341813705377,0.9897414854329093,-2.4179874906659053,-4.986078007623537,-3.570946991928182,67055690.9,0.6188503681497375,58634711.6,0.7077282017363926,1200667761,0.9468585835525445,3.9392695937628326,4.800000000000011,3.6500000000000057,1.1500000000000057,4.800000000000011,8.069590441662534,-0.6010695543550801,-18.522233366766983,37.53111989087925,8.333333333333332,20.239729907580585,-0.8442827478696674
2022-01-03,122.0,127.85,121.95,126.0,66055641,NTPC,129.065,11.193678902329172,122.89719948828562,3.405826836274106,0.9682539682539683,1.0146825396825396,0.9678571428571429,0.636868911441047,-1.3098884709450878,-0.1463748681421482,68109220.4,0.9698487313767579,59365456.4,1.11269490720196,1266723402,0.9926831571217642,4.682539682539676,5.8999999999999915,6.0,0.10000000000000853,6.0,7.793645049440863,-0.27381525115592115,-12.439193884642119,46.65237164034145,20.909090909090928,15.958377339074374,2.5247121371631676
2022-01-10,127.0,133.3,126.75,131.85,74292203,NTPC,129.9875,10.578066620185393,122.92841034679226,4.642857142857149,0.963215775502465,1.0109973454683354,0.9613196814562003,3.363647998187681,2.7300767278460545,3.9388980108424834,70020206.15,1.0610109150614089,59464511.2,1.249353631279828,1341015605,1.0398818726828942,4.967766401213509,6.550000000000011,7.300000000000011,0.75,7.300000000000011,7.7278257095154155,0.17607187276036843,-1.824274013402838,56.89047740549398,38.63636363636363,22.626262626262605,7.257549030398354
2022-01-17,132.15,137.35,131.0,136.6,56673685,NTPC,131.07,10.052957145459654,122.96467225080215,3.6025786879029242,0.9674231332357248,1.0054904831625182,0.95900439238653,4.4826597782383955,5.239242521856312,6.672633437057966,70305744.95,0.8061031860242027,60014115.6,0.9443392514143789,1397689290,1.072345531211574,4.648609077598825,6.349999999999994,5.5,0.8499999999999943,6.349999999999994,7.544115614913359,0.5500868968189709,-2.6372059871703657,63.46031897576863,53.03030303030303,37.525252525252505,11.08881721848276
2022-01-24,136.6,137.75,131.0,132.6,62798611,NTPC,131.8775,9.447172718250046,122.99290753386062,-2.9282576866764276,1.0301659125188536,1.0388386123680242,0.9879336349924586,1.0675280327167516,2.040598115614558,3.535884239896502,71397398.35,0.8795644162291805,60263515.8,1.0420668320848283,1334890679,1.0174345417511836,5.090497737556561,6.75,1.1500000000000057,5.599999999999994,6.75,7.438233532924912,0.07647790736420762,-3.3175355450237087,55.27517869237298,40.909090909090914,44.19191919191917,7.811094687305033
2022-01-31,131.2,144.0,131.05,142.05,90706291,NTPC,133.23000000000002,8.819168716048672,123.07322968409376,7.126696832579205,0.9236184442097851,1.013727560718057,0.922562478000704,5.099397945034565,7.334942284691465,9.123806612878727,74417119.35,1.2188901128164942,70105286.2,1.293858079991691,1425596970,1.0745525397988167,9.116508271735297,12.949999999999989,11.400000000000006,1.549999999999983,12.949999999999989,8.173135728534922,1.0000942587649795,9.143296196696117,66.90961646720187,86.44067796610172,60.1266906351652,15.419088590277605
2022-02-07,144.0,144.15,133.9,135.15,55545229,NTPC,133.85250000000002,8.46923961975738,123.10431958760182,-4.857444561774027,1.0654827968923417,1.0665926748057715,0.9907510173880874,0.16953744280261898,2.2319870083426165,4.110496992818878,72345892.65,0.7677730824156193,68003203.8,0.8168031195024373,1370051741,1.0272286952041114,7.5841657417684045,10.25,2.0999999999999943,8.150000000000006,10.25,8.450050964730266,0.15320147477857698,6.8379446640316255,54.88171980267287,64.07185628742516,63.80720838753924,9.784937240830448
2022-02-14,135.45,137.7,131.8,132.5,36079114,NTPC,134.13500000000002,8.31621909283455,123.12000443518689,-1.9607843137254943,1.022264150943396,1.0392452830188679,0.9947169811320755,-1.2180478722275696,0.2371086415795411,2.0099813549523264,71726349.8,0.5030105965325452,60360586.0,0.5977263706485554,1333972627,0.998067654496882,4.452830188679227,5.899999999999977,2.549999999999983,3.3499999999999943,5.899999999999977,8.110044169432895,-0.19660376689796136,6.554081222356256,50.832362214272365,53.49301397205589,68.00184940852756,7.618579619001682
2022-02-21,132.1,136.7,130.65,131.95,50405871,NTPC,133.45499999999998,7.8781994336152525,123.14055037931043,-0.41509433962264586,1.0011367942402425,1.0359984842743464,0.9901477832512317,-1.0932996997355267,-0.15319507383130612,1.4680736546943292,62874711.65,0.8016875096078473,59107023.2,0.8527898762460431,1283566756,0.9683769566335795,4.5850701023114695,6.049999999999983,4.199999999999989,1.8499999999999943,6.049999999999983,7.8353716135085065,-0.19103349854007962,4.888712241653415,49.94977690788695,51.29740518962072,56.28742514970056,7.153979410968827
2022-02-28,131.05,133.95,123.65,133.5,64574817,NTPC,132.89000000000001,7.4132278643278955,123.17133910376398,1.1746873815839498,0.9816479400749064,1.0033707865168537,0.9262172284644196,0.05362848749011514,0.8653991011746928,2.394404186083711,62254244.35,1.03727573395564,59462264.4,1.0859797831715268,1348141573,1.020169571622687,7.7153558052434335,10.299999999999983,2.0,8.299999999999983,10.299999999999983,8.16398873170737,0.0822853433300326,9.65092402464065,52.62454836036687,57.48502994011976,54.09181636726543,8.3856041278684
2022-03-07,132.8,135.0,126.9,130.05,59084841,NTPC,131.91500000000002,6.306473282523668,123.1899939811118,-2.5842696629213346,1.0211457131872357,1.0380622837370241,0.9757785467128027,-1.7318497855700183,-1.512402174942675,-0.1786604208227868,60721403.0,0.9730480206460315,53137974.4,1.1119136863448074,1289056732,0.9839740223076164,6.22837370242214,8.099999999999994,1.5,6.599999999999994,8.099999999999994,8.155456900813054,-0.29572788410413914,6.729585556011508,46.273462769763,43.712574850299454,50.831669993346615,5.568638975613579
2022-03-14,130.5,135.8,130.5,132.15,70300463,NTPC,131.3275,5.643684756575815,123.21881303988383,1.6147635524798032,0.9875141884222474,1.027620128641695,0.9875141884222474,-0.07681707460402512,0.08634407101479154,1.2955084720595078,60104353.1,1.1696401237866414,56089021.2,1.2533729684696298,1359357195,1.040646232645986,4.010594021944768,5.300000000000011,5.75,0.44999999999998863,5.75,7.83472931403798,0.1457381188844172,4.880952380952386,50.471647746269305,52.09580838323355,51.09780439121756,7.248233236287795
2022-03-21,131.3,134.3,130.65,132.9,35624647,NTPC,131.2575,5.613477086443598,123.23456683517173,0.567536889897835,0.9879608728367194,1.0105342362678706,0.9830699774266366,0.3253003440736297,0.5573064752312338,1.6981539317841128,57357727.85,0.621095854653873,55998127.8,0.6361756794304827,1394981842,1.0658621645007598,2.7464258841234055,3.6500000000000057,2.1500000000000057,1.5,3.6500000000000057,7.276765405499583,0.2925993951176193,0.7963594994311762,52.01673286762171,55.08982035928146,50.299401197604794,7.843118544617394
2022-03-28,133.3,136.15,131.75,134.8,48558254,NTPC,130.98250000000002,5.271479244109767,123.26016263891043,1.4296463506395796,0.9888724035608308,1.0100148367952522,0.977373887240356,1.1534738661097226,1.679097269340172,2.826737903607313,57529297.0,0.8440613136642362,55628604.4,0.8729008128774843,1443540096,1.1007003375889206,3.264094955489618,4.400000000000006,3.25,1.1500000000000057,4.400000000000006,6.893196684766307,0.7241800305418227,-1.317715959004384,56.026590175038045,60.29723991507435,55.82762288586309,9.3621792426929
2022-04-04,135.0,146.0,133.45,144.3,88806634,NTPC,131.33999999999997,5.914936490296221,123.34497854870429,7.047477744807118,0.9355509355509355,1.0117810117810118,0.9248094248094246,5.10736094780129,6.98748032020821,8.45546717687048,59981983.15,1.4805551490006046,60474967.8,1.4684858418395057,1532346730,1.160346761867927,8.697158697158706,12.550000000000011,11.199999999999989,1.3500000000000227,12.550000000000011,7.647437126797468,2.19106325507664,8.823529411764719,70.33077729307783,92.93139293139298,69.43948440191623,16.988953825162305
2022-04-11,145.4,158.0,144.75,153.1,147603645,NTPC,132.4875,7.645051288941942,123.54301573162516,6.098406098406084,0.9497060744611365,1.032005225342913,0.9454604833442195,7.0411155443837155,10.571764916708261,12.574223301680007,65014175.2,2.270330194083582,78178728.6,1.8880282097603722,1679950375,1.2542170048722687,8.654474199869366,13.25,13.699999999999989,0.44999999999998863,13.699999999999989,8.454445509891137,2.6961885827783254,7.778951073565632,77.9849687234971,85.73508005822414,79.65457096823046,23.924447766907385
2022-04-18,152.7,163.75,150.85,163.2,112859102,NTPC,134.3225,10.132159262260675,123.7438053147369,6.596995427824948,0.9356617647058824,1.0033700980392157,0.9243259803921569,8.52939048139356,13.805342482920341,16.486034243443264,67537034.45,1.67106984958828,86690456.4,1.3018630502907353,1792809477,1.311441696052123,7.904411764705886,12.900000000000006,10.650000000000006,2.25,12.900000000000006,9.047186108572319,2.8500835066381383,20.75471698113207,83.59106117376078,98.62842892768077,92.4316339724326,31.885389805904218
2022-04-25,164.9,166.35,155.4,156.1,102466552,NTPC,135.91,10.94233209050848,123.89186356829362,-4.350490196078427,1.0563741191543883,1.0656630365150546,0.9955156950672647,2.9126479887398165,8.47276595522614,11.630220304201034,68970515.6,1.4856573292022774,100058837.4,1.02406298796352,1690342925,1.213255016872033,7.014734144778981,10.949999999999989,3.1500000000000057,7.799999999999983,10.949999999999989,9.300894627429342,1.8451276960889411,17.811320754716988,69.28104130071418,75.99531615925058,86.78627504838512,25.996974703631047
2022-05-02,157.6,161.0,153.0,157.5,101042093,NTPC,137.495,11.67234586082678,124.04283145573017,0.8968609865470878,1.0006349206349205,1.0222222222222221,0.9714285714285714,2.5170977821895644,7.959721173392103,11.38108533563154,71326337.1,1.4166168782554798,110555605.2,0.913948169495435,1791385018,1.2599745525015988,5.079365079365079,8.0,4.900000000000006,3.0999999999999943,8.0,9.127442010438763,1.7138799893805574,19.363395225464195,70.43266392880382,79.27400468384076,84.63258325692401,26.97227090967398
2022-05-09,158.0,161.9,155.95,159.0,103470504,NTPC,139.35750000000002,11.995199423542251,124.20289685695033,0.952380952380949,0.9937106918238994,1.018238993710692,0.980817610062893,2.2911652020748696,7.566879163392212,11.199020096426434,73422281.8,1.4092520889210502,113488379.2,0.9117277445442625,1894855522,1.2991390552102178,3.742138364779885,5.950000000000017,4.400000000000006,1.5500000000000114,5.950000000000017,8.703783075713597,1.637530090700188,19.10112359550562,71.74230291530655,82.78688524590166,79.35206869633096,28.016337801788104
2022-05-16,158.95,161.25,141.65,148.25,85135839,NTPC,140.67749999999998,11.405278960109477,124.29315506287608,-6.76100628930818,1.0721753794266442,1.087689713322091,0.9554806070826307,-3.1959740657452307,0.7408361569512576,4.363173776644097,75604201.8,1.1260728500938952,100994818.0,0.8429723493338044,1809719683,1.2153929033946913,13.220910623946033,19.599999999999994,2.25,17.349999999999994,19.599999999999994,10.156611998951783,0.6639469342648443,13.994617454825065,52.50950612602644,57.61124121779859,73.22404371584697,19.274468433120784
2022-05-23,147.5,155.35,145.75,150.15,87135559,NTPC,141.885,11.04218108699161,124.39210540352279,1.2816188870151901,0.9823509823509823,1.0346320346320346,0.9706959706959707,-1.2600872693827503,1.7115967476410758,5.10891643704206,76658197.7,1.136676332269158,95850109.4,0.909081476749989,1896855242,1.2475155394849,6.393606393606389,9.599999999999994,7.099999999999994,2.5,9.599999999999994,10.082397065758212,0.7484934303184639,13.62088535754824,54.97128868783656,62.0608899297424,67.48633879781418,20.707017147848475
2022-05-30,150.15,155.1,146.3,150.9,81965563,NTPC,142.8375,10.952263344553078,124.48718611840393,0.4995004995004937,0.9950298210735586,1.0278330019880715,0.9695162359178264,-0.5045376783645616,1.885806598456723,5.1154969258010405,77041865.7,1.0639093725893505,91749911.6,0.8933584956173408,1978820805,1.2746876996614305,5.831676607024508,8.799999999999983,4.949999999999989,3.8499999999999943,8.799999999999983,9.911410790323782,0.7361492091960834,13.544018058690742,56.009901109649114,63.81733021077285,61.16315378610458,21.217295293729244
2022-06-06,151.1,160.2,150.35,155.2,190946454,NTPC,143.76749999999998,11.182025932155037,124.7416950950015,2.8495692511596893,0.9735824742268041,1.032216494845361,0.96875,1.5200397952525047,3.9464371265120644,7.099019194124326,83755504.15,2.279807828008877,109730783.8,1.7401356974541178,2169767259,1.3637753792950682,6.346649484536079,9.849999999999994,9.299999999999983,0.5500000000000114,9.849999999999994,9.903222684947277,1.0223997037177945,15.133531157270008,61.83361604335062,71.73637515842837,65.8715317663145,24.41710037834733
2022-06-13,155.2,159.75,147.75,148.9,72266973,NTPC,144.5825,10.916094768735695,124.81722488780078,-4.0592783505154495,1.0423102753525855,1.0728676964405641,0.9922766957689724,-1.764449625148023,-0.10081334336752328,2.9043236893939386,84228922.25,0.8579828765409615,103490077.6,0.6982985680938363,2097500286,1.287496438146193,8.059100067159166,12.0,4.550000000000011,7.449999999999989,12.0,10.182792993620973,0.39551690338614104,3.1878031878031843,50.525807771878554,51.32496513249654,62.29289016723255,19.294432426171493
2022-06-20,148.9,153.7,135.0,137.25,88667162,NTPC,144.3425,11.026908177154073,124.86473434900788,-7.82404298186703,1.0848816029143897,1.1198542805100182,0.9836065573770492,-6.93491948602085,-7.369312142560033,-4.8925368725814575,84126965.8,1.0539683816814893,104196342.2,0.8509623286948742,2008833124,1.211386302880143,13.624772313296896,18.69999999999999,4.799999999999983,13.900000000000006,18.69999999999999,11.31842059447151,-0.6431993343967882,-10.352710646636186,36.34427708972267,18.487394957983184,47.182911749636,9.91894606236395
2022-06-27,138.2,141.25,134.95,138.5,105724241,NTPC,144.51,10.90468996156762,124.92658055532686,0.9107468123861651,0.9978339350180505,1.01985559566787,0.9743682310469314,-3.979868589440985,-5.485950025165748,-3.6170322162333526,86635916.4,1.2203280740041897,107914078.6,0.9797075819169345,2114557365,1.247145312282269,4.5487364620938715,6.300000000000011,4.0,2.3000000000000114,6.300000000000011,10.649297848541977,-0.5511390072694937,-15.134803921568619,38.48196496012012,19.508670520231217,29.773676870236944,10.865117242732667
2022-07-04,138.5,143.95,136.8,141.4,114149028,NTPC,144.95499999999998,10.565097702988968,125.00686089975699,2.093862815884484,0.9794908062234795,1.018033946251768,0.9674681753889675,-1.2315502104553318,-2.847872773199364,-1.3676028886324196,90539412.1,1.2607661719066985,114350771.6,0.9982357478032094,2228706393,1.280678263655603,5.056577086280041,7.149999999999977,5.449999999999989,1.6999999999999886,7.149999999999977,10.18272480206971,-0.3364852933630926,-9.417040358744389,43.55607558763268,24.16413373860187,20.72006640560539,13.11379150092304
2022-07-11,141.4,147.0,136.1,144.8,77599865,NTPC,145.5975,10.113675928637019,125.0722179555208,2.40452616690241,0.9765193370165746,1.0151933701657458,0.9399171270718231,0.7636224688840546,-0.37108845775684657,0.9281943295471556,91899111.8,0.8444027747393311,91681453.8,0.8464074442938208,2306306258,1.2874382885871312,7.527624309392269,10.900000000000006,5.599999999999994,5.300000000000011,10.900000000000006,10.278361495127083,-0.07885362410534161,-8.063492063492061,49.221895746829375,31.36942675159242,25.014077003475137,15.773112819902952
2022-07-18,144.05,151.55,144.05,149.8,62363370,NTPC,146.4125,9.737257192433434,125.1376635821635,3.4530386740331487,0.9616154873164219,1.0116822429906542,0.9616154873164219,2.717278742743256,2.553498329106275,3.88208051185066,91788539.45,0.6794243635826803,89700733.2,0.6952381298930118,2368669628,1.2856308950138242,5.006675567423231,7.5,6.75,0.75,7.5,9.907913295776805,0.3478905746304364,-5.786163522012567,56.612052985483515,47.29299363057331,34.27551804025583,19.70816436223743
2022-07-25,149.8,152.25,147.35,150.1,36388083,NTPC,147.415,8.965534885855435,125.17615289395835,0.20026702269690944,0.9980013324450367,1.0143237841439041,0.9816788807461693,1.9411430409191184,2.355652706006193,3.734672589067018,90653701.55,0.40139654948265047,79244917.4,0.4591850707134436,2405057711,1.2670080702690187,3.2644903397734883,4.900000000000006,2.4499999999999886,2.450000000000017,4.900000000000006,9.240191523006565,0.29948017984247866,1.2478920741989752,57.04485723856471,48.24840764331211,42.30360934182591,19.911018616425782
2022-08-01,150.0,157.7,149.05,156.5,43202238,NTPC,148.6325,8.42023369784546,125.2333906724452,4.263824117255166,0.9584664536741214,1.007667731629393,0.9523961661341854,3.9674784683363584,5.441808148817144,7.032118163902333,89298790.3,0.4837942132795051,66740516.8,0.6473165038482291,2448259949,1.2538054914840493,5.527156549520752,8.649999999999977,7.599999999999994,1.049999999999983,8.649999999999977,9.16149931993902,0.9343564896557581,4.22910422910423,65.51294193296349,79.96289424860854,58.50143184083129,24.96667155593857
2022-08-08,157.1,160.95,153.0,159.4,95008861,NTPC,149.9575,7.882096217979666,125.37014015794064,1.8530351437699766,0.9855708908406524,1.0097239648682559,0.9598494353826851,3.809746467146128,6.138965631600001,7.9965450748420634,92268001.0,1.0297054230100855,62912483.4,1.510175021957566,2543268810,1.2652589972145876,4.987452948557082,7.949999999999989,4.449999999999989,3.5,7.949999999999989,8.999966077280483,1.197968121533575,5.63286944996686,68.73541048616129,90.72356215213358,72.97828801468471,27.143512641198875
2022-08-15,156.9,159.0,152.6,158.5,47865064,NTPC,151.14249999999998,7.2386440101222105,125.43680903145494,-0.564617314930993,0.9899053627760253,1.003154574132492,0.962776025236593,2.175703835386286,4.8051435151529756,6.851283982243979,92233341.5,0.5189561954664734,56965523.2,0.8402461929815119,2495403746,1.2097925308731643,4.037854889589909,6.400000000000006,0.4000000000000057,6.800000000000011,6.800000000000011,8.70663726697642,1.0164196484468089,2.126288659793829,66.50999119569896,89.54372623574145,86.74339421216115,26.358443923947416
2022-08-22,159.0,163.65,156.0,156.5,58569406,NTPC,151.7525,7.145121173147594,125.51311063683184,-1.2618296529968487,1.0159744408945688,1.0456869009584664,0.9968051118210862,0.6170353904525082,3.075939281524851,5.189144634207881,90721480.1,0.6455957942423385,56206730.4,1.0420354570206418,2436834340,1.1560509957304397,4.888178913738023,7.650000000000006,5.150000000000006,2.5,7.650000000000006,8.565752298046233,0.6644393964712312,5.1040967092008005,61.41177378091718,75.08710801393728,85.11813213393741,24.688169391983067
2022-08-29,156.45,164.7,155.65,160.95,89507939,NTPC,152.14499999999998,7.432855582162055,125.64563835178215,2.8434504792332227,0.9720410065237651,1.0232991612301958,0.9670705187946568,2.243206124493377,4.933481547376589,7.159631608050571,87816694.8,1.0192588004348349,66830701.6,1.339323647022733,2526342279,1.174925542124596,5.622864243553889,9.049999999999983,8.199999999999989,0.8499999999999943,9.049999999999983,8.630318658306733,1.1846052842908625,17.267759562841523,67.75697212936244,87.39495798319328,84.00859741095731,28.098358296666714
2022-09-05,161.8,166.4,160.3,164.5,79550010,NTPC,152.20999999999998,7.539537888953263,125.7743531497231,2.205653929791862,0.9835866261398177,1.011550151975684,0.974468085106383,2.90190081352465,5.98720202370957,8.399579422732096,86151240.2,0.9233762603454663,74100256.0,1.0735456838367738,2605892289,1.189433220497087,3.7082066869300876,6.099999999999994,5.450000000000017,0.6499999999999773,6.099999999999994,8.292942837199167,1.6300733786359787,18.772563176895307,71.995664578984,93.95866454689983,85.48024351467677,30.789780174164356
2022-09-12,165.8,170.15,164.8,166.4,90762044,NTPC,152.725,8.146576613911515,125.92732609488604,1.1550151975683987,0.9963942307692308,1.0225360576923077,0.9903846153846154,2.6737287012211697,6.051998967549223,8.65837287932378,85566014.8,1.0607253850976357,73250892.6,1.2390571743012455,2696654333,1.203227280303583,3.215144230769227,5.349999999999994,5.650000000000006,0.30000000000001137,5.650000000000006,7.940550458905945,1.678619210018583,17.68033946251768,74.09845017375513,89.34659090909092,90.23340447972798,32.13970721066361
2022-09-19,166.95,176.15,165.0,171.0,123309962,NTPC,153.4,9.069991005625042,126.15673247151065,2.7644230769230838,0.9763157894736841,1.0301169590643275,0.9649122807017544,3.5279082100709576,7.353647259148821,10.18922305960733,86679408.25,1.4225981059348083,88339872.2,1.3958585056680668,2819964295,1.2300216922761908,6.520467836257312,11.150000000000006,9.75,1.4000000000000057,11.150000000000006,8.368477064385154,1.940464989335138,18.093922651933703,78.58950680444411,87.49999999999999,90.2684184853302,35.54567929112787
2022-09-26,171.9,173.15,156.6,158.6,64429581,NTPC,153.38,9.057424985526238,126.24278239235487,-7.251461988304097,1.083858764186633,1.0917402269861287,0.987389659520807,-2.676451013357988,0.09443531605718208,2.90349336649925,84727362.1,0.7604341667566209,89511907.2,0.7197878250548548,2755534714,1.1797734041425805,10.435056746532164,16.55000000000001,2.1500000000000057,14.400000000000006,16.55000000000001,9.459346789133802,0.5763227416557749,5.874499332443239,51.05518454788445,57.402912621359214,78.08316784348334,25.630944592999278
2022-10-03,159.4,164.1,155.0,160.35,62797129,NTPC,153.985,9.100738836404142,126.33072622883004,1.1034047919293855,0.9940754599314001,1.0233863423760523,0.9666354848768319,-1.0372523883944575,1.015514853009058,3.6329043380077835,83610426.6,0.7510681568511457,84169745.2,0.7460772139773568,2818331843,1.18115661076055,5.675085749922042,9.099999999999994,5.5,3.5999999999999943,9.099999999999994,9.411433883915961,0.6993937651017026,6.8287808127914795,53.69688923643369,60.5493133583021,68.48407532655374,26.92874076378608
2022-10-10,161.95,165.6,161.35,163.95,34780685,NTPC,154.675,9.31528879118469,126.38437355647558,2.2450888681010195,0.9878011588899055,1.010064043915828,0.9841415065568772,0.7875432734408674,2.7334351414455558,5.2698476754066546,80992682.9,0.4294299652098572,75215880.2,0.4624114602862814,2853112528,1.1722433945734987,2.59225373589509,4.25,5.25,1.0,5.25,8.856576032727165,0.9956749820550019,4.760383386581468,58.95521958920893,69.53807740324591,62.49676779430238,29.723315775852615
2022-10-17,164.4,169.05,160.3,168.45,58764113,NTPC,155.55249999999998,9.757095596215965,126.48548352224033,2.7447392497712775,0.9759572573463937,1.0035618878005343,0.9516176907094095,2.2919470453373996,4.570139633329087,7.150443648071712,79832610.4,0.7360915884569396,68816294.0,0.85392731262163,2911876641,1.1738864561294016,5.194419709112497,8.75,5.100000000000023,3.6499999999999773,8.75,8.84236589503021,1.3218585257073803,5.677540777917178,64.73189245663494,76.01246105918997,68.69995060691264,33.177338070088425
2022-10-24,168.95,169.45,161.5,166.95,47703629,NTPC,156.14000000000001,10.083057702482487,126.564284864246,-0.8904719501335756,1.011979634621144,1.01497454327643,0.9673554956573825,0.9427113099214676,3.1823387048352423,5.789864509181631,72670469.15,0.6564376088110062,53695027.4,0.8884180027441424,2864173012,1.138716666704863,4.761904761904756,7.949999999999989,1.0,6.949999999999989,7.949999999999989,8.723383775692849,1.0720954217428025,5.33123028391167,61.40782226586145,68.05555555555551,71.20203133933045,31.909250843610476
2022-10-31,167.45,174.7,165.45,173.1,64776477,NTPC,157.35,10.606936657827731,126.6870187909301,3.6837376460018056,0.9673599075678798,1.0092432120161756,0.9558058925476602,2.9747184794584562,5.676115111523863,8.375600172292796,72295944.35,0.8959904678249079,53764406.6,1.2048208302925825,2928949489,1.145536509967635,5.343731946851531,9.25,7.75,1.5,9.25,8.793599272267135,1.4848773503683346,10.607028753993596,68.95067751260851,88.74538745387449,77.60446802287329,36.63594080279419
2022-11-07,174.0,182.95,173.5,175.85,107649462,NTPC,159.28,10.263314843604777,126.90156044637543,1.5886770652801863,0.9894796701734433,1.0403753198748933,0.9866363377878874,2.994687778577414,6.12958540544187,8.991081550593655,73245059.35,1.4697163597833853,62734873.2,1.7159429278961227,3036598951,1.1642397672203315,5.373898208700591,9.449999999999989,9.849999999999994,0.4000000000000057,9.849999999999994,8.934452702631518,1.6144881310276675,9.257533395464424,71.79493599231134,76.60626029654037,77.80240110199009,38.571976090324455
2022-11-14,177.75,177.75,169.65,171.45,52785001,NTPC,160.9275,9.356653627514113,126.99668141749684,-2.502132499289167,1.036745406824147,1.036745406824147,0.9895013123359581,0.33679730091508764,3.18903933781753,6.100854766885801,70598097.35,0.747683053529204,66335736.4,0.795724957083615,2983813950,1.1252509523809677,4.724409448818895,8.099999999999994,1.9000000000000057,6.199999999999989,8.099999999999994,8.823192342280649,1.1246007834529201,4.224924012158038,61.40958895940056,62.10873146622734,75.82012640554736,35.00352771925159
2022-11-21,172.3,174.15,164.15,164.4,60382937,NTPC,162.0775,8.168222685634525,127.08781912757911,-4.111986001749768,1.0480535279805354,1.0593065693430657,0.9984793187347932,-2.624720611346759,-0.8250219266485201,1.901311358276726,67909792.8,0.8891639115706447,66659501.2,0.905841416647144,2923431013,1.0882240639116123,6.08272506082725,10.0,2.700000000000017,7.299999999999983,10.0,8.980100029976562,0.28433358019053595,-1.2019230769230727,48.45202219045028,33.63148479427552,57.44882551901438,29.35936829238094
2022-11-28,165.25,171.9,164.85,170.4,56020193,NTPC,163.35750000000002,7.275269483162814,127.18550859674141,3.649635036496357,0.9697769953051643,1.0088028169014085,0.9674295774647886,0.6592172593685109,2.3358470586467854,4.909199657818683,66830809.2,0.8382390348192881,68322814.0,0.8199339242672294,2979451206,1.0953538391628368,4.137323943661978,7.050000000000011,7.5,0.44999999999998863,7.5,8.78275335931302,0.9680053799104591,-0.35087719298245723,57.2996819769578,55.09838998211095,50.27953541420457,33.97752769167743
2022-12-05,171.0,175.65,169.05,175.15,42279042,NTPC,164.625,6.991677383259815,127.26701644685285,2.787558685446001,0.9763060234085069,1.0028546959748788,0.9651727091064802,2.2355338129085274,4.272395116643262,6.864023141409907,65826592.8,0.6422790577731375,63823327.0,0.6624387036420085,3021730248,1.0977196394815418,3.768198686839848,6.599999999999994,5.25,1.3499999999999943,6.599999999999994,8.491719578071283,1.5053612206421354,10.435056746532156,63.08710416393709,72.093023255814,53.607632677400126,37.62403243981386
2022-12-12,175.6,176.0,167.55,168.9,32280156,NTPC,165.565,6.149092787173609,127.3209631000595,-3.5683699685983394,1.039668442865601,1.0420367081113084,0.9920071047957372,-0.9214377448947135,0.6257802825682052,3.132805499011944,65621196.45,0.4919166023526534,48749465.8,0.6621643021163116,2989450092,1.0745865779917103,5.002960331557127,8.449999999999989,0.8499999999999943,7.599999999999994,8.449999999999989,8.486156967661778,0.5423564280826081,5.33208606173996,52.32088017156925,49.7316636851521,58.974358974358985,32.65686646374502
2022-12-19,169.75,174.05,168.05,171.8,41513893,NTPC,166.32999999999998,5.9090118507783105,127.39496060360865,1.7169923031379541,0.9880675203725261,1.0130966239813737,0.9781722933643772,0.5214170154725728,1.974194028234337,4.370605033282072,65536779.2,0.6334442050212928,46495244.2,0.8928632102979684,3030963985,1.0782170559326536,3.4924330616996504,6.0,5.150000000000006,0.8499999999999943,6.0,8.154669371973542,0.9257046927870929,4.788045135712116,56.31247243949797,60.10733452593924,60.64400715563509,34.856197753817206
2022-12-26,171.15,171.45,161.9,165.65,36455817,NTPC,166.64249999999998,5.684218110375653,127.45076773528633,-3.5797438882421484,1.0332025354663448,1.035013582855418,0.9773619076365831,-2.1145811721171763,-1.4272785095046032,0.751871109717495,62609127.0,0.5822763987748942,41709820.2,0.8740343838739443,2994508168,1.056766807228111,5.765167521883479,9.549999999999983,0.35000000000002274,9.900000000000006,9.900000000000006,8.38738012237707,-0.1746062485161019,-1.6622143069159878,46.73803222937136,38.10375670840791,49.31425163983305,29.971755324419075
2023-01-02,167.0,168.55,164.0,168.0,54417964,NTPC,167.1175,5.355402461657041,127.53887555400108,1.4186537881074601,0.9940476190476191,1.0032738095238096,0.9761904761904762,-0.4574617903222709,-0.007289209691020373,1.9618164397677333,62936772.0,0.8646449805210855,41389374.4,1.314781022638506,3048926132,1.0655636906277635,2.70833333333334,4.550000000000011,2.9000000000000057,1.6500000000000057,4.550000000000011,7.875729439393463,0.16478686827337613,0.6289308176100628,50.452297918774676,46.51162790697676,48.24090638044127,31.724542238783755
2023-01-09,168.0,172.15,164.7,170.4,59741700,NTPC,167.8125,4.775537307879972,127.64087455430216,1.4285714285714235,0.9859154929577465,1.0102699530516432,0.9665492957746478,0.6382880251402991,1.2010835652510354,3.0640829326539567,62995386.7,0.9483503972204365,44881906.0,1.3310865184736138,3108667832,1.0738359891391076,4.37206572769954,7.450000000000017,4.150000000000006,3.3000000000000114,7.450000000000017,7.818965514141004,0.5418238479114065,-1.559792027729634,54.21476327080912,44.59161147902872,43.06899869813776,33.49955536970789
2023-01-16,170.4,170.7,164.65,165.95,39061326,NTPC,168.0625,4.521494716760177,127.7003898742953,-2.611502347417849,1.0268153058150047,1.0286230792407351,0.9921663151551673,-1.3507511118453253,-1.2413482226895884,0.42599028269887146,60473056.05,0.6459294196692082,46238140.0,0.8447858412989796,3069606506,1.050486143663971,3.645676408556784,6.049999999999983,0.29999999999998295,5.75,6.049999999999983,7.583103445588868,-0.4672127542623113,-5.629798123400631,46.63797197350251,24.94481236203083,38.682683916012074,29.95261812697404
2023-01-23,166.6,170.4,165.8,166.85,41697198,NTPC,168.18,4.454075602601525,127.76520766647232,0.5423320277192056,0.9985016481869943,1.021276595744681,0.9937069223853762,-0.5360389452031954,-0.5959248472383526,0.8828408558349222,58580415.45,0.7117941666970543,46274801.0,0.9010778458020814,3111303704,1.0556266261592557,2.756967335930473,4.599999999999994,4.450000000000017,0.14999999999997726,4.599999999999994,7.185356319510352,-0.2986029243022255,-2.6829979585885066,48.32333191980348,24.941724941724928,31.49271626092813,30.591107741598545
2023-01-30,167.2,172.25,164.0,168.85,60815255,NTPC,168.3025,4.43619903093979,127.86417824291307,1.1986814504045595,0.990228013029316,1.020136215575955,0.9712762807225348,0.4365290770618712,0.5105289017552951,1.8854614375464536,57083076.0,1.0653815326980627,51146688.6,1.189036019039559,3172118959,1.0676488706203,4.88599348534202,8.25,5.400000000000006,2.8499999999999943,8.25,7.327308810242306,0.12341646445110009,2.7068126520681135,52.19476034535418,33.01662707838477,27.634388127380145,32.054186184361285
2023-02-06,169.85,173.8,162.55,166.05,78086247,NTPC,168.055,4.415817859516744,127.98192472514316,-1.6582765768433427,1.0228846732911772,1.0466726889491118,0.9789220114423366,-0.8282327224253792,-1.0003726671241022,0.21176442890039077,54821890.25,1.4243625428439144,55880345.2,1.3973830462307164,3094032712,1.036586224761154,6.775067750677506,11.25,4.950000000000017,6.299999999999983,11.25,7.8503343022099985,-0.45404952463764386,-2.55281690140845,46.56011348297474,19.71496437054636,25.89110546355199,29.7448841753339
2023-02-13,166.5,168.2,164.1,167.85,42344591,NTPC,168.5175,3.817248768144471,128.04847791456677,1.0840108401083848,0.9919571045576407,1.0020851951146856,0.9776586237712243,0.16869012587136392,0.07092107046618239,1.1750562593625227,53717640.75,0.7882809149618135,52400923.4,0.808088641430315,3136377303,1.0441117743982062,2.442657134346139,4.099999999999994,2.1499999999999773,1.950000000000017,4.099999999999994,7.350289728581998,-0.17486416016959871,-4.167856123322878,50.522103723236086,37.53943217665609,30.090341208529043,31.0831668862074
2023-02-20,168.5,170.0,164.2,167.9,49556913,NTPC,168.89499999999998,3.3061306689248604,128.12618259559662,0.029788501638372544,1.0035735556879095,1.0125074449076832,0.9779630732578914,0.13227968087158287,0.08629678385644207,1.1041121324568295,53055629.95,0.9340556892209702,54500040.8,0.9093004752392773,3185934216,1.0541592560148616,3.4544371649791605,5.800000000000011,2.1500000000000057,3.6500000000000057,5.800000000000011,7.143584431437734,-0.30095604186253955,-0.5920663114268754,50.63939716638433,42.55319148936172,33.269196012188026,31.04269291308014
2023-02-27,169.05,174.25,168.5,172.4,76301938,NTPC,169.3175,3.1783923029708405,128.2587017615738,2.6801667659321016,0.980568445475638,1.0107308584686774,0.9773781902552204,1.8260238144560608,2.3093597779722903,3.3783762071899206,55131692.6,1.3839941130339974,61420988.8,1.2422779165678297,3262236154,1.0721491104107657,3.3352668213457073,5.75,6.349999999999994,0.5999999999999943,6.349999999999994,7.0377731739127025,0.9698299348128927,0.34924330616996624,60.39047386280123,74.46808510638301,51.520236257466905,34.41583115388347
2023-03-06,172.8,177.5,169.85,176.8,61455204,NTPC,169.735,3.581314812953315,128.3754419757556,2.5522041763341052,0.9773755656108597,1.0039592760180995,0.9606900452488687,2.846178377120005,4.063349833819101,5.3010711912306485,55266247.15,1.111984387743976,61548978.6,0.9984764231327147,3323691358,1.0850041645610258,4.326923076923079,7.650000000000006,5.099999999999994,2.5500000000000114,7.650000000000006,7.11940341739101,1.9727391667569925,6.731059462722611,67.60948946107683,95.51282051282058,70.8446990361884,37.72104483456397
2023-03-13,175.7,182.2,175.45,179.7,67043126,NTPC,170.3725,4.149238198944936,128.50974690931002,1.6402714932126639,0.9777406789092933,1.0139120756816917,0.976349471341124,2.9426983382482357,4.809922492817615,6.260212971946463,56233222.0,1.1922334096381673,59340354.4,1.1298066329041,3390734484,1.0974577924355204,3.7562604340567614,6.75,5.399999999999977,1.3500000000000227,6.75,7.0701496284055425,2.2480030195354352,6.964285714285712,71.55240215973656,87.6847290640394,85.8885448944143,39.83375138604481
2023-03-20,178.65,181.7,174.95,176.0,80075462,NTPC,170.51749999999998,4.297590359113074,128.65771265339245,-2.058987200890372,1.0150568181818183,1.0323863636363635,0.9940340909090909,0.6015261037242713,2.407514960840874,3.9320847450978262,56998171.25,1.404877739827486,66886528.6,1.1971837031470638,3310659022,1.0649617060887537,3.835227272727273,6.75,2.0,4.75,6.75,7.027463011284804,1.2757148871516644,3.2863849765258246,60.678491165067776,69.45812807881777,84.21855921855921,36.79708458221158
2023-03-27,176.85,177.8,170.7,171.25,43602685,NTPC,170.2875,4.11645846124588,128.72985084616226,-2.6988636363636354,1.0327007299270072,1.038248175182482,0.9967883211678832,-1.4370079055748168,-0.25665418256688555,1.1618083048707528,53795832.4,0.8105216157971376,65695683.0,0.6637070049184206,3267056337,1.0470546877151077,4.145985401459868,7.100000000000023,1.8000000000000114,5.300000000000011,7.100000000000023,7.037134609780167,0.2338174936201584,3.193733052124137,49.52887721010639,46.05911330049262,67.73399014778322,33.03052778694753
2023-04-03,171.35,178.1,170.5,177.8,46246839,NTPC,170.60500000000002,4.442791322676193,128.81784240789204,3.8248175182481914,0.9637232845894262,1.0016872890888637,0.9589426321709785,1.533229831909677,2.945755927536983,4.402679224925155,53468924.3,0.8649292950148242,59684663.2,0.7748529776406613,3313303176,1.0562991461150544,4.2744656917885235,7.599999999999994,6.849999999999994,0.75,7.599999999999994,7.112183328476144,1.6194773684904828,6.562780940964941,60.94660019786029,77.60814249363877,64.37512795764968,38.02435802100274
2023-04-10,178.3,178.3,174.85,177.6,28957053,NTPC,171.26500000000001,4.452944029102573,128.87255277322942,-0.11248593925760053,1.0039414414414416,1.0039414414414416,0.9845157657657657,0.9482292196454056,2.431251949401894,3.9371058690449536,51897630.1,0.5579648424061661,53185033.0,0.5444586825771077,3284346123,1.0410780684519279,1.9425675675675773,3.450000000000017,0.5,2.950000000000017,3.450000000000017,6.623892218012661,1.422654306588423,5.1821143026354655,60.464680254755855,76.59033078880407,66.75252886097844,37.810570348919704
2023-04-17,178.1,179.75,169.25,169.6,44145473,NTPC,171.225,4.4647007325893,128.94206892116785,-4.504504504504503,1.0501179245283019,1.0598466981132075,0.997936320754717,-2.482682746033716,-1.8608978459546344,-0.5446491618679999,51303894.1,0.8604702191602255,48605502.4,0.9082402366033357,3240200650,1.0228576509334635,6.191037735849057,10.5,2.1500000000000057,8.349999999999994,10.5,7.140706588944306,-0.3639661642131123,2.1379102679915496,44.29809319863617,35.8778625954198,63.35877862595418,31.53193633312139
2023-04-24,170.0,171.25,166.8,170.95,62773895,NTPC,171.01500000000001,4.368099068666918,129.0437803829548,0.7959905660377409,0.9944428195378766,1.0017548990933023,0.9757238958759873,-1.1155815295985971,-0.9055694213374426,0.2285768370961512,52328636.75,1.1996088355961232,45145189.0,1.3904891393853729,3302974545,1.0380658415791797,2.6031003217314943,4.449999999999989,1.6500000000000057,2.799999999999983,4.449999999999989,6.781945710418397,-0.014880614880345016,1.8468871015787869,47.05446388819166,42.74809160305337,51.7387616624257,32.47442030346821
2023-05-01,171.3,172.5,168.8,172.0,48815620,NTPC,171.17000000000002,4.344034021385178,129.12450898702056,0.6142146826557449,0.9959302325581396,1.002906976744186,0.9813953488372094,-0.33220411815844586,-0.24820810254634262,0.7678426905607925,53155409.95,0.9183565707783615,46187776.0,1.0568947939818536,3351790165,1.047443730301405,2.151162790697668,3.6999999999999886,1.5500000000000114,2.1499999999999773,3.6999999999999886,6.371019615695943,0.19106664356540257,2.4419297200714674,49.30574507717961,48.09160305343511,42.239185750636054,33.204765965297284
2023-05-08,172.65,178.65,172.55,177.05,37004615,NTPC,171.4325,4.538382363099058,129.19268738259657,2.93604651162791,0.9751482632024852,1.0090369951990963,0.9745834510025416,1.6863819699773908,2.2381484150338196,3.298389518281575,52929946.05,0.6991243664794932,44339331.2,0.8345776537107532,3388794780,1.0531196193008179,3.4453544196554606,6.099999999999994,6.650000000000006,0.5500000000000114,6.650000000000006,6.408217000269818,1.2377758308059499,2.697215777262185,58.98411946014572,73.79134860050898,54.87701441899912,37.04336026053612
2023-05-15,177.2,180.0,173.85,175.95,43177319,NTPC,171.94750000000002,4.430797569881441,129.27017088536456,-0.621293419937885,1.0071042909917591,1.0230179028132993,0.9880647911338448,0.7144981634346682,1.3945398946863186,2.469346645036126,53266021.15,0.8105977895065661,47183384.4,0.9150958446295768,3345617461,1.0340601617048397,3.4953111679454425,6.150000000000006,2.9499999999999886,3.200000000000017,6.150000000000006,6.373788066900509,0.9033362361682139,-0.48076923076924016,56.28343715822961,65.4696132596685,62.45085497120416,36.11028653782055
2023-05-22,176.9,178.0,172.95,174.1,41433943,NTPC,172.2525,4.3540505944409205,129.34134749521218,-1.0514350667803374,1.016082711085583,1.022400919012062,0.9933946008041356,-0.2270114805424944,0.2972148738986965,1.3135635478341934,52616820.1,0.7874657366456853,46641078.4,0.8883573112237474,3304183518,1.0172410527575946,2.9006318207926545,5.050000000000011,2.0500000000000114,3.0,5.050000000000011,6.197282991313776,0.4243175314404503,-3.116304952698945,51.69064007612243,55.00000000000003,64.75365395339247,34.60506123646551
2023-05-29,174.95,177.8,172.8,176.3,41722059,NTPC,172.54749999999999,4.421284494233681,129.41630265556563,1.263641585295816,0.992342597844583,1.00850822461713,0.9801474758933636,0.6824628520988867,1.321181960355382,2.332957813602428,51715838.05,0.8067559295792945,42430711.2,0.9832986018862676,3345905577,1.0263377601494845,2.8360748723766305,5.0,3.700000000000017,1.299999999999983,5.0,6.037645259138607,0.848735249879103,0.17045454545454586,56.55509675506086,61.68831168831178,60.7193083159934,36.227041247819265
2023-06-05,177.0,178.0,171.85,174.1,82617884,NTPC,172.955,4.148363659641611,129.55709297794363,-1.2478729438457292,1.0166570936243537,1.022400919012062,0.9870763928776565,-0.38170323252908606,0.0636303254811792,1.0072300822894742,53893665.95,1.5329794799383099,49191164.0,1.679526916663326,3263287693,0.9980305074189966,3.532452613440555,6.150000000000006,1.6999999999999886,4.450000000000017,6.150000000000006,6.052625891253459,0.27601244585651913,1.6642335766423377,50.668199751461586,47.402597402597365,54.69696969696969,34.380909603798806
2023-06-12,174.5,186.45,173.55,185.7,66227951,NTPC,173.89749999999998,4.78136390473228,129.69853886098687,6.662837449741521,0.9396876682821756,1.004038772213247,0.9345718901453959,3.9258498194818983,5.4053913670263976,6.5917009202084875,55120203.6,1.2015186206605375,55035831.2,1.203360602646808,3329515644,1.014898824631559,6.946688206785126,12.899999999999977,12.349999999999994,0.549999999999983,12.899999999999977,6.965609105752995,2.468437925906177,4.443194600674905,69.79592818259404,96.18320610687022,68.42470506592642,43.17817427306289
2023-06-19,186.0,188.7,185.0,185.85,47160919,NTPC,174.7475,5.317807101468011,129.79909740259455,0.08077544426494665,1.0008071025020178,1.0153349475383373,0.9954264191552328,2.668927670981213,4.6986333534269535,6.111500076096261,54437486.8,0.8663316727545917,55832551.2,0.8446850087695795,3376676563,1.0260754136553107,1.9908528383104596,3.6999999999999886,3.0,0.6999999999999886,3.6999999999999886,6.530194558319261,2.087796677870298,4.645270270270263,69.9696594017686,86.98630136986303,76.85736829311016,43.18281384003294
2023-06-26,186.0,188.7,183.35,184.9,41112717,NTPC,175.69,5.365400853225369,129.88498551447572,-0.5111649179445732,1.005949161709032,1.020551649540292,0.9916170903190913,1.4458994326730006,3.607699955502122,5.160016757061207,52588810.3,0.7817768982691743,55768306.0,0.7372057706038265,3335563846,1.0098764710357342,2.893455922120062,5.349999999999994,2.8499999999999943,2.5,5.349999999999994,6.372835283876692,1.716553944793051,9.021226415094352,67.14724471807327,82.64840182648408,88.60596976773907,42.356716034273916
2023-07-03,184.9,192.6,184.8,191.25,56195387,NTPC,176.85999999999999,6.070779885735768,130.01545091573718,3.4342888047593334,0.9667973856209151,1.0070588235294118,0.9662745098039216,3.1454354861916665,5.835579705422265,7.616539469362432,53281350.1,1.0546914988927805,58662971.6,0.9579362495165519,3391759233,1.0229355615303097,4.0784313725490104,7.799999999999983,7.699999999999989,0.09999999999999432,7.799999999999983,6.563123912693131,2.370370903055065,11.874817198011112,74.94272570843648,94.76744186046514,88.13404835227071,47.09790155936839
2023-07-10,191.1,197.75,189.0,191.55,58985037,NTPC,178.04250000000002,6.520338120874332,130.15246544886426,0.15686274509805198,0.9976507439310884,1.0323675280605586,0.9866875489428347,2.1980841790103796,5.128334796563424,7.114458761276962,53752756.3,1.097339765626121,53936402.2,1.093603477319071,3450744270,1.0365857600092332,4.567997911772383,8.75,6.5,2.25,8.75,6.854707391000714,2.0715950230796825,11.366279069767437,75.2627027378891,79.96768982229405,85.79451116974771,47.17354706988496
2023-07-17,192.65,194.75,184.75,186.5,52468795,NTPC,178.7475,6.63932611910198,130.2638493520088,-2.6363873662229254,1.032975871313673,1.0442359249329758,0.9906166219839142,-0.30011430030586494,2.1937917898815185,4.216050193453362,52561099.15,0.998243869487269,51184571.0,1.0250900608310265,3398275475,1.018742832677401,5.361930294906166,10.0,3.1999999999999886,6.800000000000011,10.0,7.274079738867285,1.1676636846765682,5.3374752894662425,60.30523652452083,63.65105008077543,79.46206058784483,43.170957197822105
2023-07-24,187.0,197.0,186.3,195.9,68888943,NTPC,179.7025,7.642359015107128,130.43375716974032,5.040214477211791,0.9545686574783052,1.0056151097498724,0.9509954058192955,3.0084351982064157,5.903050399531393,8.077772235779138,52932786.1,1.3014418487221855,55530175.8,1.2405677094939074,3467164418,1.037164061578528,5.461970393057677,10.699999999999989,10.5,0.19999999999998863,10.699999999999989,7.730869107018313,2.119437200997939,11.338448422847414,72.17989959177974,94.0226171243942,79.21378567582119,50.19118075780414
2023-07-31,196.5,218.95,195.9,218.35,131024205,NTPC,181.63500000000002,11.536316797971367,130.86449041846822,11.459928534966824,0.8999313029539731,1.0027478818410809,0.8971834211128922,8.653850714689366,13.352380149569292,16.068159449996365,56131840.05,2.334222517617254,73512473.4,1.7823397709265485,3598188623,1.073029028436262,10.556446072818861,23.049999999999983,23.049999999999983,0.0,23.049999999999983,9.773419892749203,3.182558232663671,25.41642734060885,84.75088171716061,98.8035892323031,85.49241881249088,66.85198505857277
2023-08-07,219.55,226.65,216.85,217.95,141835680,NTPC,183.73250000000002,14.006918168496039,131.32392309999574,-0.18319212273872898,1.0073411332874513,1.0399174122505161,0.9949529708648773,5.657469766926428,11.308591901124593,14.587944014289894,59219850.95,2.3950698579054763,90640532.0,1.5648151756214317,3456352943,1.0284973864723361,4.496444138563896,9.800000000000011,8.300000000000011,1.5,9.800000000000011,9.77696390704931,2.442899971883965,23.624503686897324,83.97081733407691,84.12408759124085,92.31676464931267,65.9636681993146
2023-08-14,220.3,220.85,211.8,213.0,56093890,NTPC,185.82,15.11587175611662,131.4939805782958,-2.27116311080523,1.0342723004694836,1.0368544600938967,0.9943661971830986,2.3100016766873606,7.926388751911899,11.552764623262648,59844411.2,0.9373287977140294,90062302.6,0.6228342867174262,3400259053,1.0098044138037865,4.248826291079804,9.049999999999983,2.9000000000000057,6.149999999999977,9.049999999999983,9.680035386109399,1.7981099891907757,22.343480758184953,74.21683890574707,75.0912408759124,86.00630589981874,61.98460116824348
2023-08-21,212.95,219.8,212.05,218.8,48990853,NTPC,187.87,16.671141153754757,131.65245364860894,2.7230046948356845,0.9732632541133455,1.0045703839122486,0.9691499085923218,3.266393531792832,8.886083066690643,12.739231989756409,59981611.9,0.8167645291306351,89366714.2,0.5482002268804462,3449249906,1.0222899922447193,3.542047531992687,7.75,6.800000000000011,0.9499999999999886,7.75,9.422697334628145,1.8553019085339457,17.82444803446421,77.71637134974455,85.67518248175185,81.63017031630166,66.19515545376385
2023-08-28,219.25,222.9,217.2,218.7,53886355,NTPC,189.925,17.831325924073045,131.8259000960931,-0.045703839122501755,1.002514860539552,1.01920438957476,0.9931412894375857,2.1481082297096896,7.580932686623202,11.641054546923375,61228077.0,0.8800922328493185,86366196.6,0.6239287721511173,3395363551,1.0046662877611447,2.606310013717429,5.700000000000017,4.099999999999994,1.6000000000000227,5.700000000000017,8.92633769001106,1.6137330517385984,17.67554479418887,77.50708775116459,85.49270072992698,82.08637469586371,65.90063093867056
2023-09-04,219.2,236.5,216.15,235.8,84578552,NTPC,193.235,19.885799614694417,132.15006005431198,7.818930041152283,0.929601357082273,1.0029686174724342,0.9166666666666666,6.1628251903802935,12.242638962430002,16.54470063738111,63249730.95,1.3372159964895471,77077066.0,1.0973244881947115,3479942103,1.0260532325488323,8.630195080576756,20.349999999999994,17.80000000000001,2.549999999999983,20.349999999999994,10.449492664676251,2.1404721371398616,27.528393726338575,85.31154626441494,98.9172467130704,90.02837664158305,78.43351709646537
2023-09-11,236.9,243.9,228.4,243.1,110260575,NTPC,196.8425,22.056233603892174,132.59917728469472,3.095843935538589,0.974496092143151,1.0032908268202387,0.939531057178116,5.9870949674802425,12.752474351557822,17.463199133840366,65624064.95,1.6801850827742726,70762045.0,1.5581880794993983,3590202678,1.0540998084413875,6.375976964212258,15.5,8.099999999999994,7.400000000000006,15.5,11.122893642719418,2.0972529050398308,27.111111111111107,87.45554085510872,98.86282871357497,94.42425871885742,83.33447083012923
2023-09-18,244.2,244.95,233.15,241.2,63156385,NTPC,200.30249999999998,23.344195012667715,132.85039888222815,-0.7815713698066662,1.0124378109452736,1.015547263681592,0.9666252072968492,3.4976859773201947,10.34160097677223,15.411947486111984,66341103.2,0.9519947958899785,72174544.0,0.8750506965447541,3527046293,1.0328993638049955,4.892205638474288,11.799999999999983,1.8499999999999943,9.949999999999989,11.799999999999983,11.213174490356828,1.7519344735514333,25.920125293656994,83.78287423133534,93.91233766233766,97.2308043629943,81.55760316069788
2023-09-25,241.5,246.0,236.0,239.65,44308388,NTPC,203.4325,24.241858508525148,133.02344343326433,-0.6426202321724639,1.007719591070311,1.026496974754851,0.9847694554558731,1.915687760566464,8.367181266480738,13.62611414915931,66706291.85,0.6642310158633109,71238051.0,0.6219764210000636,3482737905,1.0185225575574726,4.1727519298977676,10.0,4.800000000000011,5.199999999999989,10.0,11.051417891642584,1.494006739923153,28.498659517426272,80.59692638417587,89.86432561851558,94.2131639981427,80.15621443465974
2023-10-02,239.75,251.5,235.65,245.55,88286895,NTPC,206.9125,25.07050518563877,133.38556447906328,2.4619236386396848,0.9763795560985542,1.024231317450621,0.9596823457544288,2.8482849978137574,9.059062712320825,14.3930227429262,68961770.65,1.2802295267051702,78118159.0,1.1301712192167765,3571024800,1.0409111063458085,6.45489716961922,15.849999999999994,11.849999999999994,4.0,15.849999999999994,11.691228839423573,1.5411536270969475,25.344563552833076,83.37373706842132,91.0861423220974,91.62093520098351,84.09038561181222
2023-10-09,244.35,246.7,230.5,234.7,82266138,NTPC,209.94249999999997,24.552780285271616,133.6884612129468,-4.418652005701496,1.0411163187047294,1.0511291009799744,0.9821048146570089,-1.0953092423997561,4.161371412783647,9.56585502051583,71003380.4,1.1586228364980773,77655676.2,1.0593705705185785,3488758662,1.0142032287390141,6.902428632296544,16.19999999999999,1.1499999999999773,15.050000000000011,16.19999999999999,12.292398327500429,1.0083379443122051,7.487978016945274,63.95311707529352,74.83146067415728,85.26064287159005,75.55741001922081
2023-10-16,234.9,245.0,233.75,243.45,57966653,NTPC,213.3,24.30011912468049,133.9191978956615,3.7281636131231366,0.9648798521256933,1.0063668104333539,0.9601560895461081,1.6921501220203237,6.519404526292817,11.748191930740651,71815610.1,0.8071595147529075,67196891.8,0.8626389025928132,3546725315,1.028053621695423,4.621072088724584,11.25,10.300000000000011,0.9499999999999886,11.25,12.153411883833705,1.2407346583489807,11.699931176875422,70.37446553269467,87.94007490636703,84.61922596754053,81.78872321926211
2023-10-23,244.85,247.2,235.0,236.55,44656285,NTPC,216.42249999999999,22.97406131751695,134.08513587299356,-2.8342575477510734,1.0350877192982455,1.045022194039315,0.9934474741069541,-0.7836146066205956,3.2508344303867656,8.409452047110175,69917530.15,0.6386994063462351,63496871.8,0.7032832285133139,3502069030,1.0116087220414232,5.157471993236097,12.199999999999989,3.75,8.449999999999989,12.199999999999989,12.159623632655876,0.8760967302134554,11.05633802816901,60.55870322954764,77.07055214723928,79.94736257592116,76.41776507133642
2023-10-30,236.0,238.45,227.75,234.6,60691201,NTPC,218.8675,22.118498301314162,134.30552401490746,-0.8243500317057784,1.0059676044330776,1.0164109121909632,0.9708013640238704,-1.0808867155331163,2.097131474271053,7.010803743671144,69640692.65,0.8714904848092432,66773434.4,0.9089123772851798,3441377829,0.9924739753316817,4.5609548167092875,10.699999999999989,1.8999999999999773,8.800000000000011,10.699999999999989,11.965007148301758,0.7112824652777285,7.221206581352835,57.92417876391633,69.60431654676258,78.20498120012292,74.67635953228564
2023-11-06,234.5,237.2,232.1,235.85,31523178,NTPC,221.36749999999998,20.986940017919764,134.42103523973174,0.5328218243819238,0.9942760228959084,1.0057239771040916,0.9841000635997456,-0.3634401058980157,2.2422982302213375,6.878340803094391,68858805.6,0.4577944349357114,55420691.0,0.568797996401741,3472901007,1.0001773068565727,2.162391350434596,5.099999999999994,2.5999999999999943,2.5,5.099999999999994,11.049672861861524,0.6900720156265796,7.841792409693649,59.23585694551176,60.57934508816118,69.08473792738765,75.45616992115546
2023-11-13,236.3,250.6,235.2,245.7,61665199,NTPC,224.40749999999997,19.79625346664767,134.66810851222547,4.176383294466812,0.9617419617419618,1.01994301994302,0.9572649572649573,2.440056033167691,5.281165315184717,9.72724985161713,69886429.7,0.88236298899098,51300503.2,1.2020388720085693,3534566206,1.0150279156955286,6.267806267806271,15.400000000000006,14.75,0.6500000000000057,15.400000000000006,11.629716480279988,1.0755823083328973,4.198473282442738,68.23849662460485,85.39042821158687,71.85802994883683,82.44854161421209
2023-11-20,248.95,255.4,245.95,251.05,45013552,NTPC,227.39749999999998,19.025664626331785,134.85642915867294,2.177452177452177,0.9916351324437362,1.0173272256522605,0.9796853216490738,3.012737880500036,6.256860561439283,10.680089681326967,69327337.95,0.649290068406557,48709883.0,0.9241153792137008,3579579758,1.0251897695731231,3.7641904003186686,9.450000000000017,9.700000000000017,0.25,9.700000000000017,11.372420949575993,1.243189158672788,3.2702591526120983,72.10003744397123,89.96539792387544,78.64505707454113,86.16094283841149
2023-11-27,252.6,256.85,247.3,253.9,27476755,NTPC,230.51500000000001,17.918684015353122,134.97389507669746,1.1352320254929271,0.9948798739661283,1.011618747538401,0.9740055139818826,2.7342729287108662,6.264957555672075,10.70913800035069,67751923.85,0.4055494433018968,45273977.0,0.6068995219925124,3607056513,1.0307518759905883,3.7613233556518355,9.550000000000011,5.800000000000011,3.75,9.550000000000011,11.129431489632529,1.3050623572558793,5.265339966832516,74.04004116695415,92.75184275184272,89.36922296243496,88.11044895438786
2023-12-04,254.85,279.0,253.65,274.8,86062467,NTPC,234.92999999999998,17.372849355727613,135.40472151367197,8.231587239070493,0.9274017467248907,1.0152838427947597,0.9230349344978166,6.75456549393423,11.480576180240606,16.04183391593264,69431607.45,1.2395286550434026,50348230.2,1.7093444329250722,3693118980,1.050917848115449,9.22489082969432,25.349999999999994,25.099999999999994,0.25,25.349999999999994,13.025507291014858,2.294960324792973,14.667223033590648,83.65619563508582,93.31742243436756,92.01155437002853,102.94713280899377
2023-12-11,275.2,291.9,272.8,287.3,86318915,NTPC,239.5,18.54735049882532,135.87268341133526,4.548762736535661,0.9578837452140618,1.0160111381830839,0.9495301079011487,7.207691374250199,13.141650840823777,18.05350259922299,70303106.05,1.2278108301304562,61307377.6,1.407969454560392,3779437895,1.0707235784765503,6.648103028193514,19.099999999999966,17.099999999999966,2.0,19.099999999999966,13.835439652212871,2.577187507349224,17.00264711871309,86.98356564321489,92.82930631332819,92.9661904998461,111.44794728918399
2023-12-18,287.45,307.0,280.85,303.2,99322058,NTPC,243.74249999999998,22.695317596134906,136.4637494237614,5.534284719805083,0.9480540897097626,1.012532981530343,0.9262862796833774,8.049185865923652,15.168478005753869,20.48825974723077,68717998.7,1.4453572554347396,68838749.4,1.4428219406321752,3878759953,1.0945118030479979,8.624670184696564,26.149999999999977,19.69999999999999,6.449999999999989,26.149999999999977,15.477381031917819,2.619813525329376,29.186195142735414,89.97811977772916,95.20504731861197,93.78392535543587,122.18354785084489
2023-12-25,305.0,313.35,293.2,302.8,72224132,NTPC,247.98499999999999,25.39066394936193,136.88991517774429,-0.13192612137202797,1.0072655217965654,1.0348414795244385,0.9682959048877146,5.285145650700244,12.90549876772383,18.68462238797999,65237421.3,1.1070966718299762,74280865.4,0.9723113968997996,3806535821,1.0688506171025545,6.654557463672401,20.150000000000034,10.150000000000034,10.0,20.150000000000034,16.10039689432878,2.1588643805975596,24.378722530293693,89.38122577407395,87.6752336448598,91.9031957589333,121.19964031450404
2024-01-01,306.45,315.5,303.55,309.75,80847677,NTPC,252.8225,27.50307865542085,137.38425751771953,2.295244385733164,0.9893462469733656,1.0185633575464084,0.9799838579499597,4.940203611583593,12.736866210630998,18.80003773201069,66475110.65,1.2162097393966504,84955049.8,0.9516523995963805,3887383498,1.0841376288072726,3.857949959644871,11.949999999999989,12.699999999999989,0.75,12.699999999999989,15.64701064175161,2.0698591860653246,30.944831959416597,90.62768961673848,93.44729344729345,92.10919147025504,125.46251338880592
2024-01-08,310.8,325.65,302.05,316.45,105416410,NTPC,257.705,29.72339101926557,138.0494845184338,2.163034705407574,0.9821456786222152,1.0290725233054194,0.9544951809132565,4.635230565519602,12.500943887528033,18.809298088795867,69296388.5,1.5212395953361986,88825838.4,1.18677641437269,3992799908,1.1051603261111833,7.457734239216296,23.599999999999966,15.899999999999977,7.699999999999989,23.599999999999966,16.707409222851393,1.9763895701511223,34.88917306052856,91.71010120132529,90.6026557711951,90.5750609544494,129.22939633124406
2024-01-15,317.85,321.45,308.0,317.3,59048589,NTPC,262.635,31.06037880610748,138.42171872155888,0.2686048348870429,1.001733375354554,1.0130791049479986,0.9706901985502678,3.260465831408083,10.916006554972522,17.441229693821303,69554500.2,0.8489542564493907,83371773.2,0.7082563646373302,4051848497,1.1114067459820842,4.238890639773082,13.449999999999989,5.0,8.449999999999989,13.449999999999989,16.273087993137874,1.7599592181809163,34.53466186135257,91.84791930462832,91.47088866189993,91.8402792934628,129.22703382860198
2024-01-22,317.25,317.25,296.55,308.2,95450152,NTPC,266.255,31.973804656475696,138.98972051335576,-2.8679483138985273,1.0293640493186242,1.0293640493186242,0.9621998702141468,0.26940473351888344,7.102017835986217,13.753278174438806,70098080.2,1.3616657079290453,82597392.0,1.1556073344301234,3956398345,1.0781797560188786,6.716417910447758,20.69999999999999,0.05000000000001137,20.75,20.75,16.870009594052824,1.3118551405018612,25.437525437525444,76.19922916098139,82.17568947906028,88.0830779707184,121.74301729773211
2024-01-29,313.45,325.75,298.25,324.55,102794585,NTPC,270.3275,33.992729389028575,139.65588927607064,5.304996755353675,0.9657987983361577,1.003697427206902,0.9189647203820674,3.529051587060071,10.098840760748159,16.589987076203595,69724780.7,1.4742905458862203,88711482.6,1.158751742020824,4059192930,1.0991687919654463,8.473270682483438,27.5,17.55000000000001,9.949999999999989,27.5,18.287341648179115,1.595120514726916,29.27703644692292,82.41162010319375,98.77551020408164,90.80736278168058,132.39263426867177
2024-02-05,321.85,341.05,312.6,336.1,117868744,NTPC,275.0725,36.26069161749237,140.46123540646067,3.5587736866430575,0.95760190419518,1.0147277595953585,0.9300803332341565,4.562835847625403,11.30423454473791,17.834990419865285,72460398.65,1.6266643048616458,96115696.0,1.2263214948784225,4177061674,1.1212183548740235,8.464742636120198,28.44999999999999,16.5,11.949999999999989,28.44999999999999,19.642362761755233,1.6830208492371945,32.374950768018905,85.49717041821732,95.45663148233136,92.13594372182439,139.28310115414286
2024-02-12,336.0,337.9,314.5,316.15,67878695,NTPC,278.8975,36.36214947543139,140.87504281429383,-5.935733412674815,1.062786651905741,1.068796457377827,0.9947809584058201,-0.9730209744596114,4.891945226234568,11.595957372893649,73638914.0,0.9217775129057444,88608153.0,0.7660547331349972,4109182979,1.0938019145807865,7.401549897200689,23.399999999999977,1.7999999999999545,21.600000000000023,23.399999999999977,20.143381060187867,1.0244856406294185,15.047307132459963,63.34833778108697,76.47614548889936,90.23609572510408,124.41874279801243
2024-02-19,318.55,342.95,315.9,338.75,80290274,NTPC,283.5575,37.806896039715056,141.4247941488762,7.148505456270771,0.940369003690037,1.0123985239852398,0.9325461254612546,3.842321119654791,9.63185277792066,16.03608392566878,73239082.95,1.096276342711907,92856490.0,0.8646705685299972,4189473253,1.1060698156857767,7.985239852398528,27.05000000000001,26.80000000000001,0.25,27.05000000000001,21.064263585496153,1.4598527195150288,17.908109989557943,72.6198148138423,95.67010309278352,89.20096002133805,139.52659930577795
2024-02-26,340.6,348.05,330.6,337.6,70552730,NTPC,288.7025,37.80976090557524,141.90255602882718,-0.3394833948339393,1.0088862559241707,1.0309537914691942,0.9792654028436019,2.3431798564041517,7.992019622174904,14.437563617699286,72653412.55,0.971086250786165,87877005.6,0.8028576931847574,4118920523,1.078471799706047,5.168838862559237,17.44999999999999,9.300000000000011,8.149999999999977,17.44999999999999,20.582361774096665,1.293250706401316,11.345646437994738,71.5570311432261,89.62779156327545,87.25801338165275,137.90973851902805
2024-03-04,336.1,358.3,330.6,353.85,86708968,NTPC,294.22249999999997,38.89864182110007,142.5350375202881,4.8133886255924185,0.9498375017662851,1.0125759502614102,0.9342941924544298,4.55194295044424,10.472005872818364,16.836309229590714,74090528.3,1.170311104395243,84659882.2,1.0242037402693196,4205629491,1.0917574438307613,7.828175780698032,27.69999999999999,20.69999999999999,7.0,27.69999999999999,21.531380204217108,1.5328941373900586,16.85931307793924,77.03642652428027,95.74773053033924,93.68187506213269,148.25474925744751
2024-03-11,354.9,359.95,345.0,347.95,48876985,NTPC,299.7925,38.17481353140851,142.87999230754465,-1.667373180726306,1.019974134214686,1.034487713751976,0.991521770369306,1.9556545730031978,7.6747955036974265,14.140635203764292,74301563.3,0.6578190663721877,70861530.4,0.6897534490731235,4156752506,1.0699770151595196,4.296594338266989,14.949999999999989,6.099999999999966,8.850000000000023,14.949999999999989,20.653862843654828,1.2614992856580205,12.33252623083132,71.28344539821012,86.23063683304647,90.53538630888703,143.52604894536154
2024-03-18,348.0,349.45,305.75,317.15,111194630,NTPC,303.91999999999996,35.09348942467694,143.54324059616542,-8.851846529673812,1.097272583950812,1.101844553050607,0.9640548636291976,-5.043943436488605,-1.1068802175315435,5.318874930539605,76826734.75,1.4473429120974064,79524717.4,1.3982398634716806,4045557876,1.0333196426067173,13.77896894214094,43.69999999999999,1.5,42.19999999999999,43.69999999999999,23.726681131167517,0.3769930040270371,0.22120398167166933,49.16693627497773,45.891276864728155,75.95654807603792,120.9438763419364
2024-03-25,314.3,327.25,308.3,324.75,61494360,NTPC,308.365,31.459841151268815,143.92383835212496,2.396342424720177,0.9678214010777522,1.0076982294072363,0.949345650500385,-1.7237601455116536,1.0793874998610824,6.906772652406219,78325293.85,0.7851149606635023,75765534.6,0.8116402837339711,4107052236,1.040599008555298,5.8352578906851384,18.94999999999999,10.100000000000023,8.849999999999966,18.94999999999999,23.089790313678513,0.5208227187548645,2.3479357075322893,53.29286662432898,47.26591760299627,59.79594376692359,125.6401744966422
2024-04-01,320.1,344.4,320.1,342.35,84867172,NTPC,313.19750000000005,28.622522761113,144.4973446052179,5.419553502694385,0.9350080327150577,1.0059880239520957,0.9350080327150577,2.337196617000321,5.284143855903248,10.718250963331416,79485392.5,1.0677077803949953,78628423.0,1.079344704649615,4191919408,1.0533299512422671,7.097999123703798,24.299999999999955,19.649999999999977,4.649999999999977,24.299999999999955,23.251151605188042,1.0185160910975677,11.080467229072033,61.61735400873109,72.23974763406945,55.132314033931245,136.92476905740835
2024-04-08,343.0,366.0,340.75,363.5,83043397,NTPC,318.82000000000005,26.755724424384137,145.1149732928321,6.177888126186648,0.9436038514442916,1.0068775790921596,0.937414030261348,5.346426890105562,9.252961247557792,14.586961345772947,81386884.75,1.0203535527264422,77895308.8,1.0660898362084676,4274962805,1.0648931744435959,6.946354883081156,25.25,23.649999999999977,1.6000000000000227,25.25,23.517664724496303,1.6699230150270317,12.001232475735634,69.22314146544814,96.40028797696183,71.96865107134248,150.49103600527965
2024-04-15,365.0,374.5,352.8,361.15,71948279,NTPC,324.1825,23.623807544395433,145.64154521268665,-0.6464924346630041,1.0106603904194933,1.036965249896165,0.9768794129862939,3.153677926168018,7.424975170951326,12.861914472535204,83610460.95,0.8605176694699229,82509567.6,0.871999224972305,4203014526,1.0392568126864914,6.0085836909871215,21.69999999999999,11.0,10.699999999999989,21.69999999999999,23.275309427896794,1.5648408890280783,7.453138946742022,67.5081156660801,82.87363694676071,83.8378908525973,147.97182663270772
2024-04-22,361.0,361.95,341.9,342.9,88546357,NTPC,327.5875,20.87990014973858,146.23149984942097,-5.053301952097467,1.0527850685331002,1.0555555555555556,0.9970836978710994,-1.3338178613092648,2.1410568253694993,7.538855966102126,83734655.45,1.057463681245732,77979913.0,1.1355021260410998,4114468169,1.012090212625178,5.847185768445614,20.05000000000001,0.8000000000000114,19.25,20.05000000000001,22.84526817084389,0.733360786698576,8.46117349359481,55.24374244362735,59.461193072482324,79.57837266540159,134.49120083777746
2024-04-29,346.0,363.65,344.0,363.0,70287189,NTPC,331.3725,20.036640614263565,146.74489862667866,5.861767279090113,0.953168044077135,1.0017906336088154,0.9476584022038568,2.8514855011148805,6.479736447270847,11.603721491859657,82933069.15,0.8475170365740649,79738478.8,0.8814714057474595,4184755358,1.0242736124463343,5.4132231404958615,19.649999999999977,20.75,1.1000000000000227,20.75,22.56589908139804,1.5784831703516806,7.158671586715859,63.63856439228636,84.91803278688525,75.75095426870939,147.3680539474682
2024-05-06,364.95,380.4,354.4,356.8,84622837,NTPC,334.0525,19.651024313730794,147.3421630931585,-1.7079889807162463,1.022841928251121,1.0661434977578474,0.9932735426008967,0.7755777969071269,4.161141088307135,9.228713545636118,82198108.1,1.0294985974257478,79689611.8,1.0619054992058576,4100132521,1.0008495729442677,7.286995515695067,26.0,17.399999999999977,8.600000000000023,26.0,23.023779203878306,1.157573245894648,5.687203791469186,59.6560637205071,68.38580040187546,70.9216754204143,142.15743308614915
2024-05-13,358.25,358.5,344.85,350.9,51058209,NTPC,336.45750000000004,18.536637086418185,147.69078513165798,-1.6535874439462028,1.0209461385009975,1.0216585921915076,0.9827586206896552,-0.5951816131158799,2.185470358607605,7.060619104187471,81139811.95,0.6292621066396248,73292574.2,0.6966354989889275,4049074312,0.9854689852732743,3.8899971501852315,13.649999999999977,1.6999999999999886,11.949999999999989,13.649999999999977,21.77394197669453,0.7791326944940824,-0.8336865903631585,55.82043196416872,60.48225050234426,71.26202789703495,137.590990993238
2024-05-20,350.55,368.0,350.3,366.3,42103809,NTPC,339.28499999999997,18.561307377952538,147.99908857118774,4.3887147335423204,0.957002457002457,1.0046410046410046,0.9563199563199564,2.422696827659719,5.39810822238308,10.053982091239723,79202618.55,0.5315961741014937,67323680.2,0.6253937526130664,4091178121,0.9932530076242406,4.832104832104829,17.69999999999999,17.100000000000023,0.5999999999999659,17.69999999999999,21.23074971313526,1.4554470463696407,5.273746227906306,62.987580476740916,81.11185532484933,69.99330207635631,147.50152418932586
2024-05-27,367.0,380.5,365.35,369.65,75521507,NTPC,341.94500000000005,18.925066223895588,148.55837137314066,0.9145509145509045,0.9928310564047073,1.0293520898146897,0.9883673745434872,2.2046690075688695,5.3618141682879426,9.963368510805756,77707873.4,0.9718642873065677,64718710.2,1.1669192226887117,4166699628,1.0094571342021958,4.0984715271202425,15.149999999999977,14.199999999999989,0.9499999999999886,15.149999999999977,20.419983084717224,1.4639314691019905,16.553681223395866,64.43572174797163,85.4849498327759,75.69301855332311,148.82475257589735
2024-06-03,372.6,393.2,355.5,391.8,112548627,NTPC,345.67,21.03335321265502,149.46962517089034,5.9921547409711895,0.9509954058192955,1.0035732516590097,0.9073506891271056,5.155616638842673,9.181786495969455,13.79903668330204,80382875.3,1.4001567694605719,73170997.8,1.5381589753310703,4279248255,1.0338761454511647,9.6222562531904,37.69999999999999,23.55000000000001,14.149999999999977,37.69999999999999,22.723985340088262,2.1931833471158186,20.64665127020786,72.61120177076174,98.39908519153805,88.33196344972106,162.12683650745132
2024-06-10,391.9,391.9,313.95,364.9,203634693,NTPC,348.505,19.481008970949066,150.92001972607397,-6.865747830525793,1.0739928747602083,1.0739928747602083,0.860372704850644,-1.2241333715199545,2.131520845133679,6.824035876882975,85792102.35,2.3735832019740686,96973369.0,2.0999032528198542,4075613562,0.9832615110734914,21.362016990956427,77.94999999999999,0.0999999999999659,77.85000000000002,77.94999999999999,30.087453961409825,0.8415888532492811,6.586826347305386,54.920033545898114,67.63865065751857,83.84089522727747,141.78369487514541
2024-06-17,368.75,376.4,364.9,368.45,44912437,NTPC,350.7,19.109497500895284,151.24254874387768,0.9728692792545957,1.0008142217397205,1.0215768761025918,0.9903650427466413,-0.16589544898473563,2.6352681070645905,7.078300449228885,82897994.95,0.541779533112821,95744214.6,0.4690877374433024,4120525999,0.993361920174934,3.1211833355950604,11.5,11.5,0.0,11.5,27.609126766555185,0.9288574960785028,1.3617606602475796,56.532682025345515,71.69811320754717,79.2452830188679,143.61530737223504
2024-06-24,371.8,372.25,355.55,362.75,60171762,NTPC,352.03249999999997,18.96647509769433,151.6618629811846,-1.5470213054688542,1.0249483115093039,1.0261888352860096,0.9801516195727085,-1.1598882208654768,0.9474400725756366,5.150010982242638,80013145.85,0.752023450156597,99357805.2,0.6056067953481726,4060354237,0.9802348892997963,4.603721571330114,16.69999999999999,3.8000000000000114,12.899999999999977,16.69999999999999,26.154576531014495,0.5650760062054392,0.4430292122386881,53.01885118860332,64.13427561837456,67.8236798278134,139.18339974829615
2024-07-01,364.25,389.5,357.75,369.75,134811301,NTPC,354.7125,17.347113175574613,152.62625769980636,1.9297036526533473,0.9851250845165652,1.0534144692359702,0.9675456389452333,0.5034943392040435,2.4194352624208895,6.366876565673587,83359776.15,1.6172224450005315,111215764.0,1.2121600045835228,4195165538,1.011730454484903,8.586883029073698,31.75,26.75,5.0,31.75,26.900632993545898,0.8668589319618545,7.830271216098006,56.821771068493085,70.41009463722399,68.7474944877152,142.25844594004556
2024-07-08,372.6,381.25,365.15,377.45,62671480,NTPC,356.6475,17.62897193019681,153.0874868290862,2.0824881676808626,0.987150615975626,1.0100675586170353,0.9674129023711749,1.6888188844803913,3.7800719602144963,7.587247474662407,82478836.45,0.7598492255403295,101240334.6,0.6190366739463542,4257837018,1.0259988898243702,4.265465624586044,16.100000000000023,11.5,4.600000000000023,16.100000000000023,25.460548594406447,1.1800177618053405,3.980716253443517,60.84455157975183,80.12618296529969,71.5568510736327,146.55836203085772
2024-07-15,379.2,388.95,370.0,385.65,85046881,NTPC,359.05,18.16261342196287,153.73313411339842,2.1724731752549964,0.9832749902761572,1.0085569817191755,0.9594191624530015,2.519460111408647,4.993694863328239,8.756184829168204,83203544.0,1.02215454908988,77522772.2,1.0970567561824112,4342883899,1.0436761488773132,4.913781926617396,18.94999999999999,11.5,7.449999999999989,18.94999999999999,24.592475448485587,1.4645469449806332,8.085762331838552,64.86664514255452,90.4731861198738,80.3364879074658,150.85678648529492
2024-07-22,386.65,388.75,362.35,373.5,59647824,NTPC,360.0325,18.396490476228912,154.16021412493043,-3.1505250875145774,1.0352074966532798,1.0408299866131192,0.9701472556894244,-0.4343957305403895,1.6312528377338738,5.305678151061115,81850486.8,0.7287412247864603,80469849.6,0.7412443827905453,4283236075,1.0283826793312338,7.068273092369472,26.399999999999977,3.1000000000000227,23.299999999999955,26.399999999999977,24.83347872202084,0.7320689789936863,6.440581362211462,55.17661072998306,75.14195583596216,81.91377497371185,142.28041075326868
2024-07-29,376.7,408.3,361.55,393.9,160856683,NTPC,362.33,19.635677785733243,155.41007471015106,5.4618473895582165,0.9563340949479564,1.0365575019040367,0.917872556486418,3.178053980948052,5.76492859295746,9.359054473139249,87449471.7,1.8394242969451808,100606833.8,1.5988643805228269,4444092758,1.0633356137299124,11.86849454176187,46.75,34.80000000000001,11.949999999999989,46.75,27.755681559084728,1.6077876376102438,7.5348075348075305,65.23714626973867,84.73767885532588,83.45094027038725,153.4584715531774
2024-08-05,397.0,426.3,397.0,413.25,159701163,NTPC,367.135,19.755732678999355,156.7377702772116,4.9124143183549185,0.9606775559588627,1.0315789473684212,0.9606775559588627,5.141093709369525,8.723474975921066,12.469620311890525,89874798.35,1.7769293053440272,105584806.2,1.5125392444959567,4603793921,1.0942394087357437,7.0901391409558405,29.30000000000001,32.400000000000034,3.1000000000000227,32.400000000000034,28.374924017873436,2.3342591615962163,11.794941160557283,72.0925783223137,88.3845126835781,82.754715791622,163.65693429803954
2024-08-12,413.25,424.95,400.1,400.85,87444216,NTPC,370.94,18.447853961622325,157.42410839198484,-3.0006049606775553,1.030934264687539,1.060122240239491,0.9981289759261569,1.4711354628031266,5.057059535200651,8.94843801354962,91172291.15,0.9591095594618058,110539353.4,0.7910686403562769,4516349705,1.068259327186729,6.199326431333407,24.849999999999966,11.699999999999989,13.149999999999977,24.849999999999966,27.904934148823642,1.6213267983486197,2.309851965288412,62.918058468185535,77.34757454383625,83.48992202758004,154.63063065403333
2024-08-19,403.0,407.5,393.3,403.1,45301445,NTPC,373.97749999999996,18.49394264275613,157.78143056801102,0.5613072221529292,0.9997519225998511,1.0109154056065492,0.975688414785413,1.3473987435121553,4.788862702665439,8.668608938031296,89194004.8,0.5078978693868448,102590266.2,0.44157644460815326,4561651150,1.0742770992449218,3.5226990821136166,14.199999999999989,6.649999999999977,7.550000000000011,14.199999999999989,26.077609595647154,1.5747047864565002,10.468621540148003,63.88043287183145,79.35024477080553,81.69411066607326,155.48000075094103
2024-08-26,404.55,415.95,399.55,414.85,55584448,NTPC,376.54499999999996,20.42629175197276,158.23937555021763,2.914909451748948,0.9751717488248764,1.0026515608051103,0.9631191997107388,2.761056499955396,6.416206660812553,10.317479991186486,87821057.35,0.6329284761224753,101777591.0,0.5461364083573171,4617235598,1.0830025197341058,3.95323610943714,16.399999999999977,12.849999999999966,3.5500000000000114,16.399999999999977,24.787261649560865,1.8752791972777236,12.593296241009643,68.76500274072286,89.8086337338674,82.16881768283635,162.1661002879441
2024-09-02,415.5,419.2,403.75,410.0,77081791,NTPC,378.9875,21.386603498695003,158.85978597100205,-1.1690972640713615,1.0134146341463415,1.022439024390244,0.9847560975609756,1.0738606325308844,4.55072473847683,8.485217950768464,88077732.95,0.8751563921809593,85022612.6,0.9066034157600094,4540153807,1.0607284613289238,3.7682926829268264,15.449999999999989,4.349999999999966,11.100000000000023,15.449999999999989,23.542293429619416,1.450090006199084,13.025499655410066,64.60402723265354,85.491766800178,84.88354843495027,158.08923101208293
2024-09-09,410.5,411.55,385.3,389.85,63086511,NTPC,381.33500000000004,19.729513692085305,159.32472343342434,-4.914634146341457,1.0529690906759008,1.0556624342695908,0.9883288444273438,-2.6928598874136904,-0.32804453850271975,3.4422070364597044,86804740.65,0.726763429365767,65699682.2,0.960225512323711,4477067296,1.0415775255012159,6.733358984224701,26.25,1.5500000000000114,24.69999999999999,26.25,23.90332097233683,0.43158691759421647,5.436105476673436,50.077765741851394,67.55674232309748,80.95238095238092,144.6889544816334
2024-09-16,390.1,412.0,387.5,411.1,74869899,NTPC,383.74,20.300276119456615,159.92471976214773,5.450814415800953,0.9489175383118462,1.0021892483580637,0.9425930430552176,1.7435961613423705,4.163975056464646,7.730557963350771,87033876.15,0.860238591131621,63184818.8,1.1849349325031222,4551937195,1.054491865770707,5.959620530284602,24.5,22.149999999999977,2.3500000000000227,24.5,23.982878176025253,1.3477649190090113,8.915088091137902,60.802459006506446,78.51590106007069,77.18813672778202,157.05844638115946
2024-09-23,411.85,431.85,410.1,428.35,134561907,NTPC,387.3175,21.56781395237064,161.06948831677775,4.1960593529554835,0.9614800980506595,1.0081708882922844,0.9573946539045174,3.800307197273013,6.877173497732395,10.492462582403126,89530829.65,1.5029672742455145,81036911.2,1.6605014308590773,4686499102,1.0783402908543311,5.077623438776701,21.75,20.75,1.0,21.75,23.685161085888552,1.9024876647496265,11.07221573966033,67.36853002806339,95.41284403669725,80.49516247328843,165.9411192500703
2024-09-30,431.45,448.45,425.65,443.2,126814020,NTPC,391.9325,23.179955468597786,162.19888745541667,3.466791175440642,0.9734882671480144,1.011845667870036,0.9604016245487365,4.68240311063761,8.569179862855208,12.367236352830952,93318620.2,1.3589358664778028,95282825.6,1.3309221174062245,4813313122,1.097866710446606,5.144404332129967,22.80000000000001,20.099999999999966,2.7000000000000455,22.80000000000001,23.56713960777008,2.211716932306138,18.661311914323964,72.02357821467726,94.2116868798236,89.38014399219715,173.2447841985486
2024-10-07,446.0,447.75,409.05,415.45,71327076,NTPC,394.39,22.92339416403818,162.7678178881577,-6.261281588447654,1.0735347213864486,1.0777470213022025,0.9845950174509569,-1.1228931541949208,2.110332373262917,5.970985410864019,94779783.55,0.7525558017588446,94131882.6,0.7577355730055271,4741986046,1.073629134526409,9.31520038512456,38.69999999999999,4.550000000000011,34.14999999999998,38.69999999999999,25.584854326734067,0.9187121178171147,5.470931708555482,55.081170045916814,62.02531645569619,83.88328245740564,155.24087340500395
2024-10-14,414.0,429.9,411.3,424.5,65611148,NTPC,397.1325,23.08824760850068,163.30756659535095,2.1783608135756527,0.9752650176678446,1.012720848056537,0.968904593639576,0.6886439561675899,3.597652871220746,7.310974632583045,94284265.6,0.6958865043119136,94636810.0,0.6932941632331013,4807597194,1.080643754903137,4.381625441696105,18.599999999999966,14.449999999999989,4.149999999999977,18.599999999999966,24.653540416502857,1.1853433168277259,2.722323049001818,58.733975763585086,72.43958573072497,76.22552968874821,159.93896599527474
2024-10-21,426.65,429.4,414.45,425.0,45522543,NTPC,398.79249999999996,23.86511037939926,163.68146497043458,0.11778563015312216,1.0038823529411764,1.0103529411764705,0.9751764705882353,0.5369872304205969,3.1809149119325113,6.801685499381673,90932961.4,0.5006165234161174,88767338.8,0.5128298720610063,4853119737,1.0838855068646005,3.5176470588235267,14.949999999999989,4.899999999999977,10.050000000000011,14.949999999999989,23.359735027635807,1.0981512167076657,6.024697517774724,58.94679678323797,73.0149597238205,69.15995397008051,159.6506574991657
2024-10-28,422.85,426.3,391.6,403.9,77523614,NTPC,400.7425,22.504574242628134,164.26453537662601,-4.964705882352948,1.0469175538499629,1.055459272097054,0.96954691755385,-3.1060170455909124,-1.6088377514137608,1.7718659135118724,84627407.45,0.916058004563154,77359680.2,1.00211911165579,4775596123,1.0582992119833317,8.591235454320374,34.69999999999999,1.3000000000000114,33.39999999999998,34.69999999999999,24.871770357284365,0.1403048094115479,0.19846192011907515,47.11520159422704,48.734177215189845,64.72957422324508,145.88387205670253
2024-11-04,409.0,415.45,393.7,400.95,60764661,NTPC,402.3675,21.184759138038313,164.7139815306886,-0.7303788066353012,1.0200773163736128,1.0361641102381842,0.9819179448809079,-2.5764148226531463,-2.0197949180610677,0.9617207189470688,85420018.65,0.7113632373340625,64149808.4,0.9472305921961257,4714831462,1.037998124487701,5.4246165357276475,21.75,11.550000000000011,10.199999999999989,21.75,24.45553430964645,-0.06691131066271246,-3.3506086537302693,45.63748133408083,24.782264449722856,48.84380046291103,143.42195864247088
2024-11-11,400.0,410.9,391.8,392.55,43735466,NTPC,403.8575,19.207346970142282,165.02495115997337,-2.09502431724653,1.018978474079735,1.0467456374984077,0.9980894153611005,-3.1809341029045535,-3.602460336037082,-1.0610917622213383,84598203.85,0.5169786592342647,58631486.4,0.7459382097466319,4671095996,1.0215020245820416,4.865622213730727,19.099999999999966,9.949999999999989,9.149999999999977,19.099999999999966,23.741463068360254,-0.5887070201614754,-4.256097560975602,41.37400449423251,11.480601741884406,28.332347802265662,137.87311993776405
2024-11-18,393.15,394.8,362.65,366.7,62622161,NTPC,403.70500000000004,19.50224615943028,165.41831473786237,-6.585148388740292,1.0721298063812381,1.0766293973275158,0.9889555494955004,-6.969685814189972,-9.347802730713381,-7.503146823893249,80988746.85,0.7732205205740877,58033689.0,1.0790656613264753,4608473835,1.0032734271185677,8.767384783201537,32.150000000000034,2.25,29.900000000000034,32.150000000000034,24.862601325912227,-1.897473742126178,-5.938181351801985,31.068100199640952,4.720279720279733,13.661048637295627,121.68041101198968
2024-11-25,368.0,378.5,354.8,368.4,72669342,NTPC,403.2525,20.234724420368973,165.87671000607108,0.46359421870738604,0.9989142236699241,1.0274158523344192,0.963083604777416,-4.3173792762639795,-7.5798959082191715,-6.423145888422499,81488639.95,0.8917726697192226,63463048.8,1.1450654100941964,4681143177,1.014419511086907,6.433224755700323,23.69999999999999,11.800000000000011,11.899999999999977,23.69999999999999,24.707587815790596,-1.7224104107351366,-10.386767209924608,32.346842117134045,14.522156967431895,10.241012809865307,122.09266146315329
2024-12-02,370.0,371.85,357.0,358.2,69075732,NTPC,401.88,22.315491432961835,166.28867294589233,-2.7687296416938123,1.0329424902289224,1.038107202680067,0.9966499162479062,-4.858593942631028,-9.122837168193216,-8.665819002010819,80690082.5,0.8560622304482091,61773472.4,1.1182102821210356,4612067445,0.9965439978826047,4.145728643216087,14.850000000000023,3.4500000000000455,11.399999999999977,14.850000000000023,23.393242773685188,-1.9573846326091218,-16.37679467724992,28.66538617313597,3.6305392418579587,7.624325309856491,115.40853844961076
2024-12-09,359.0,375.15,358.2,369.85,75614762,NTPC,401.6975,22.573240299776085,166.7648686693135,3.25237297599108,0.9706637826145734,1.0143301338380424,0.9685007435446802,-1.037084133658576,-4.873327658657318,-4.806015959560846,81488429.4,0.9279202281446842,64743492.6,1.16791292782373,4687682207,1.0084757859644602,4.582939029336214,16.94999999999999,16.94999999999999,0.0,16.94999999999999,22.53414373719383,-1.4108519458022106,-16.550090252707573,37.96934437445265,16.070475173518435,11.407723794269392,121.77932495686146
2024-12-16,369.0,371.2,348.05,352.9,66887986,NTPC,399.6475,25.04503036637187,167.14925003302238,-4.582939029336231,1.045621989232077,1.0518560498724852,0.9862567299518278,-3.926637511728779,-8.494677329606317,-9.019919483583493,76789994.55,0.8710507975937863,69373996.6,0.9641650946775641,4620794221,0.9922000720407145,6.559931992065734,23.149999999999977,1.349999999999966,21.80000000000001,23.149999999999977,22.61625790556798,-1.8665379644645266,-15.05596341316645,31.14903961577943,4.83067729083662,8.177230568737635,111.12867687427868
2024-12-23,352.0,353.85,330.5,333.65,74091681,NTPC,395.6675,28.811228964998072,167.52924618175288,-5.4548030603570385,1.0549977521354714,1.0605424846395926,0.9905589689794696,-6.615136376220762,-12.646541404683456,-14.034024037994591,72509520.45,1.0218200388056766,71667900.6,1.0338196093328846,4546702540,0.9768895171600448,6.998351566012295,23.350000000000023,0.9500000000000455,22.399999999999977,23.350000000000023,22.714090184825587,-2.152546150507613,-21.401648998822154,25.21402491886093,2.670623145400574,7.857258536585172,99.1592558340663
2024-12-30,335.1,340.0,327.4,331.4,62533820,NTPC,392.195,32.14599876877318,167.84429236055166,-0.6743593586093222,1.011164755582378,1.0259505129752566,0.987929993964997,-4.89265791978689,-11.495435484971054,-13.574223828969487,71264000.65,0.8774952210039866,69640796.2,0.8979480909495977,4484168720,0.9637869023754374,3.8020519010259575,12.600000000000023,6.350000000000023,6.25,12.600000000000023,21.365544826848847,-1.8912151536276622,-22.02352941176471,24.582340650406607,3.3044196612969845,3.6019066991780218,97.44490285562352
2025-01-06,330.1,334.6,326.2,333.35,8580998,NTPC,388.70750000000004,34.59122293222996,167.88794334318928,0.5884127942064055,0.9902504874756263,1.0037498125093745,0.9785510724463776,-2.8527110336830632,-9.294188398429972,-11.834027185172078,69427978.3,0.12359567727755656,57541849.4,0.14912621143525498,4492749718,0.9663467590015483,2.519874006299695,8.400000000000034,3.2000000000000455,5.199999999999989,8.400000000000034,19.63680551660234,-1.600333706283085,-17.467194850210433,26.425592411444242,5.8823529411764985,3.952465249291315,98.55505604627032
