Date,Open Price,High Price,Low Price,Close Price,Total Traded Quantity,Symbol,20_SMA,20_STD,VWAP,Weekly_Return,Normalized_Open,Normalized_High,Normalized_Low,EMA5_Diff_Pct,EMA13_Diff_Pct,EMA23_Diff_Pct,Volume_SMA20,Relative_Volume,Volume_SMA5,Volume_Spike_Ratio_5Wk,OBV,Normalized_OBV,Normalized_Weekly_Range,High-Low,High-PrevClose,Low-PrevClose,True_Range,ATR,Bollinger_Z_Score,ROC_10,RSI,Stochastic_%K,Stochastic_%D,VWAP_Diff_Pct
2014-01-06,99.85,102.75,99.1,99.9,28259979,POWERGRID,,,99.90000000000002,,0.9994994994994993,1.0285285285285284,0.9919919919919918,0.0,0.0,0.0,,,,,28259979,,3.6536536536536595,3.6500000000000057,,,3.6500000000000057,3.6500000000000057,,,,,,-1.4225079794997e-14
2014-01-13,99.9,100.0,96.55,98.0,39274333,POWERGRID,,,98.79506192496639,-1.9019019019019034,1.019387755102041,1.0204081632653061,0.985204081632653,-1.2925170068027345,-1.661807580174932,-1.777210884353749,,,,,-11014354,,3.5204081632653086,3.450000000000003,0.09999999999999432,3.3500000000000085,3.450000000000003,3.623333333333339,,,0.0,,,-0.8047587697958322
2014-01-20,97.9,99.5,96.7,98.5,30342386,POWERGRID,,,98.70359089044872,0.5102040816326481,0.9939086294416244,1.0101522842639594,0.9817258883248732,-0.5188945290468223,-0.9820781104320004,-1.1555273547659262,,,,,19328032,,2.842639593908627,2.799999999999997,1.5,1.2999999999999972,2.799999999999997,3.51355555555556,,,23.29192546583846,,,-0.20626492776203934
2014-01-27,98.15,98.9,95.85,96.55,30472211,POWERGRID,,,98.19229183436222,-1.9796954314720838,1.0165717244950803,1.0243397203521492,0.9927498705334024,-1.6993689702131054,-2.5899358781760995,-2.931998868366024,,,,,-11144179,,3.158984981874688,3.0500000000000114,0.4000000000000057,2.6500000000000057,3.0500000000000114,3.4517481481481536,,,11.37225170583774,,,-1.672526227550082
2014-02-03,96.55,97.0,94.95,95.2,34072693,POWERGRID,,,97.56457089217726,-1.3982392542723932,1.0141806722689075,1.01890756302521,0.9973739495798319,-2.0943562610229374,-3.4669115459594937,-4.025673492776724,,,32484320.4,1.0488965932007,-45216872,,2.153361344537812,2.049999999999997,0.45000000000000284,1.5999999999999943,2.049999999999997,3.264848395061733,,,8.072322918391507,,,-2.4235958509882063
2014-02-10,95.05,98.0,94.7,97.0,19713092,POWERGRID,,,97.5034653570725,1.8907563025210017,0.9798969072164948,1.0103092783505154,0.9762886597938145,-0.1332145432947349,-1.3259202872637286,-1.9206918227111451,,,30774943.0,0.6405565722737488,-25503780,,3.4020618556701,3.299999999999997,2.799999999999997,0.5,3.299999999999997,3.269535275720168,,,36.44473602566513,,,-0.5163563728004263
2014-02-17,97.1,97.4,94.9,95.55,20592175,POWERGRID,,,97.30504025097926,-1.494845360824748,1.0162218733647306,1.0193615907901623,0.9931972789115647,-1.101844135353853,-2.454489956174776,-3.178421572329319,,,27038511.4,0.7615868601405328,-46095955,,2.6164311878597593,2.5,0.4000000000000057,2.0999999999999943,2.5,3.1669305722908123,,,28.320328801339016,,,-1.8036478341229616
2014-02-24,95.65,96.1,94.05,95.05,12592613,POWERGRID,,,97.1731578550333,-0.5232862375719516,1.0063124671225672,1.0110468174644924,0.9894792214623882,-1.0891194608666512,-2.565806104869614,-3.4110818811123296,,,23488556.8,0.5361169316285963,-58688568,,2.1567596002104126,2.049999999999997,0.5499999999999972,1.5,2.049999999999997,3.0180064959853703,,,26.013059840762992,,,-2.1849221553556055
2014-03-03,95.1,96.2,93.25,94.7,38181711,POWERGRID,,,96.80065704996505,-0.36822724881641067,1.004223864836325,1.0158394931362196,0.984688489968321,-0.9751552605095061,-2.5241804519643045,-3.477170592042398,,,25030456.8,1.5254100756163587,-96870279,,3.115100316789866,2.950000000000003,1.1500000000000057,1.7999999999999972,2.950000000000003,3.008938963187321,,,24.407005005158837,,,-2.1700855283252536
2014-03-10,94.2,99.45,93.9,98.9,26655273,POWERGRID,,,97.00039743166236,4.435058078141507,0.9524772497472194,1.0055611729019212,0.9494438827098078,2.208647096931239,1.5683383897065966,0.8407746834086859,,,23546972.8,1.1320042379290471,-70215006,,5.611729019211322,5.549999999999997,4.75,0.7999999999999972,5.549999999999997,3.3477471014290114,,,59.24611698174987,,,1.9583451394371125
2014-03-17,98.4,100.0,97.8,98.35,26556850,POWERGRID,,,97.11725311120826,-0.5561172901921263,1.0005083884087445,1.0167768174885614,0.9944077275038129,1.1078474691509712,0.8724700420537239,0.2623951686835257,,,24915724.4,1.0658670634517053,-96771856,,2.236908998474838,2.200000000000003,1.0999999999999943,1.1000000000000085,2.200000000000003,3.1947141545718107,,-1.5515515515515665,55.388937362716604,,,1.2693387109910617
2014-03-24,98.5,104.2,98.5,103.2,37254644,POWERGRID,,,97.77606612938601,4.931367564819533,0.9544573643410852,1.0096899224806202,0.9544573643410852,3.836930223456069,4.740925487009827,4.537203014567423,,,28248218.2,1.3188316422732815,-59517212,,5.523255813953491,5.700000000000003,5.8500000000000085,0.15000000000000568,5.8500000000000085,3.5487522672955705,,5.306122448979589,73.16507275923733,,,5.547302203216644
2014-03-31,102.6,108.3,102.6,105.0,31166285,POWERGRID,,,98.37623309583482,1.744186046511631,0.9771428571428571,1.0314285714285714,0.9771428571428571,3.656959994035966,5.463375593954389,5.6592324302674175,,,31962952.6,0.9750752813743496,-28350927,,5.4285714285714315,5.700000000000003,5.099999999999994,0.6000000000000085,5.700000000000003,3.8355852983228282,,6.598984771573613,77.07664714809357,,,6.733096700005303
2014-04-07,105.5,109.6,105.1,106.9,23602880,POWERGRID,,,98.88078969408731,1.8095238095238164,0.9869036482694106,1.0252572497661365,0.9831618334892421,3.579549731049418,6.123114558587816,6.724675286060862,,,29047186.4,0.8125702667023199,-4748047,,4.209541627689429,4.5,4.599999999999994,0.09999999999999432,4.599999999999994,3.93750725854645,,10.719834282755048,80.53273730944008,83.48623853211016,,8.10997801567134
2014-04-14,107.05,108.2,105.55,107.65,12605556,POWERGRID,,,99.14952128138147,0.7015902712815825,0.9944263817928471,1.0051091500232234,0.9804923362749651,2.8342088016670157,5.808991676568534,6.759982713174617,,,26237243.0,0.48044514433166624,7857509,,2.4616813748258295,2.6500000000000057,1.2999999999999972,1.3500000000000085,2.6500000000000057,3.7658396240735907,,13.077731092436974,81.78364152883594,88.0733944954129,,8.573393606706983
2014-04-21,107.25,108.2,105.7,105.95,19740384,POWERGRID,,,99.460932404176,-1.5791918253599602,1.0122699386503067,1.021236432279377,0.9976403964134025,0.85010273713672,3.683715666278723,4.825258400035968,,,24873949.8,0.7936167821646082,-11882875,,2.3596035865974514,2.5,0.5499999999999972,1.9500000000000028,2.5,3.5970610075304457,,9.226804123711352,70.01686758132487,77.67584097859331,83.07849133537212,6.524237646852729
2014-04-28,106.2,106.95,104.35,106.1,16692554,POWERGRID,,,99.70842911826786,0.14157621519583774,1.0009425070688032,1.0080113100848258,0.9835061262959472,0.6601846371324829,3.274186143871518,4.546494975119309,,,20761531.8,0.8040136036590517,4809679,,2.4505183788878497,2.6000000000000085,1.0,1.6000000000000085,2.6000000000000085,3.4641195398597207,,11.041339612768187,70.44972290978386,78.59327217125382,81.44750254842,6.410261337234445
2014-05-05,106.8,107.9,103.95,105.1,13018095,POWERGRID,,,99.86074886527209,-0.9425070688030113,1.016175071360609,1.026641294005709,0.9890580399619411,-0.19000577228191742,2.0175980687625503,3.335089030654733,,,17131893.8,0.7598748364877209,-8208416,,3.758325404376787,3.950000000000003,1.8000000000000114,2.1499999999999915,3.950000000000003,3.5289036012117583,,10.573382430299837,63.40818188737173,72.47706422018348,76.2487257900102,5.246557024919255
2014-05-12,104.9,113.0,102.0,111.5,25896730,POWERGRID,,,100.48007177936293,6.08943862987632,0.9408071748878925,1.0134529147982063,0.9147982062780269,3.7072071350264255,6.5500286254473625,8.143270873198762,,,17590663.8,1.472186058152052,17688314,,9.865470852017937,11.0,7.900000000000006,3.0999999999999943,11.0,4.525049787716857,,17.740232312565986,78.94725346039678,92.40506329113924,81.15846656085886,10.967277416794595
2014-05-19,112.4,125.65,108.25,122.25,56797804,POWERGRID,102.0675,6.914311530974618,102.75516074535251,9.641255605381161,0.9194274028629857,1.0278118609406954,0.885480572597137,8.116447692190567,12.65786637502107,14.868930965220372,27174412.4,2.090120778471736,26429113.4,2.1490620264242386,74486118,-3.531832548699564,14.233128834355831,17.400000000000006,14.150000000000006,3.25,17.400000000000006,6.241709816021277,2.918945712756328,23.6097067745197,88.45180444987994,89.50617283950616,84.79610011694297,18.972126668128652
2014-05-26,123.95,134.8,120.05,128.15,54279261,POWERGRID,103.47999999999999,9.014730634969235,105.06109589104484,4.8261758691206635,0.9672259071400702,1.0518923136948888,0.9367928209129925,8.23116519896109,14.296354702723328,17.22265243560937,28475376.5,1.9061823818203072,33336888.8,1.6282041592315597,128765379,-8.015441405336517,11.509949278189632,14.750000000000014,12.550000000000011,2.200000000000003,14.750000000000014,7.376148507218442,2.736631963721921,30.299949161159144,91.01936798209988,83.99518652226232,88.63547421763592,21.976645030335348
2014-06-02,125.6,128.5,120.15,125.2,68861001,POWERGRID,104.83999999999999,10.127549711450197,107.14139260080553,-2.3019898556379315,1.0031948881789137,1.0263578274760383,0.9596645367412141,4.045920235606295,10.523125434646236,13.99954206992595,29954709.9,2.298837185533885,43770578.2,1.5732257564740142,59904378,-4.785180833246227,6.669329073482423,8.349999999999994,0.3499999999999943,8.0,8.349999999999994,7.505995372922649,2.010357942452854,21.317829457364333,80.67162178075533,76.89530685920576,83.46555540699141,16.8549306302919
2014-06-09,125.0,142.6,123.55,137.35,66318722,POWERGRID,106.7825,12.333131192037174,109.87473566923849,9.704472843450462,0.9100837277029488,1.0382235165635239,0.8995267564615945,8.35602093676935,15.804224688237815,19.806558268839954,31753526.7,2.088546655827052,54430703.6,1.2184064804188934,126223100,-17.594583811435914,13.869676010192936,19.049999999999997,17.39999999999999,1.6500000000000057,19.049999999999997,9.045195989866295,2.478486567931407,30.809523809523796,87.4513382762098,89.21971252566735,83.3700686357118,25.00598901413669
2014-06-16,139.4,141.0,129.65,131.8,42322660,POWERGRID,108.545,13.276531530248574,111.0716549837331,-4.040771751001082,1.0576631259484066,1.069802731411229,0.9836874051593323,2.9979740802492176,10.507545594598728,15.060532726654571,32346049.15,1.308433676203698,57715889.6,0.7332930375554672,83900440,-34.64463912326317,8.611532625189676,11.349999999999994,3.6500000000000057,7.699999999999989,11.349999999999994,9.352503191217455,1.7515869974787466,23.292797006548184,73.80631574982912,75.89285714285718,80.66929217591009,18.662137535722024
2014-06-23,131.05,136.5,130.65,131.4,30363412,POWERGRID,110.35500000000002,13.8179888474942,111.83780741554351,-0.3034901365705611,0.9973363774733638,1.0388127853881277,0.9942922374429224,1.8017908867419834,8.772958312903526,13.568468002983122,32160585.1,0.944118768535713,52429011.2,0.5791337907208137,53537028,21.27904070635392,4.452054794520544,5.849999999999994,4.699999999999989,1.1500000000000057,5.849999999999994,8.885502765721794,1.5230146899283652,22.062238736646545,72.86091201187756,74.60317460317462,79.90524809056639,17.491573767868495
2014-06-30,132.95,140.2,131.4,139.2,55979275,POWERGRID,112.465,14.854443779556354,113.61553877720257,5.936073059360725,0.9551005747126436,1.007183908045977,0.9439655172413794,4.869517828150832,11.901272920662072,16.877313009765203,33973894.25,1.6477144064813825,52769014.0,1.0608360997611213,109516303,11.817937916362142,6.321839080459759,8.799999999999983,8.799999999999983,0.0,8.799999999999983,8.874102396958886,1.799798120801697,31.382727701746084,78.93268466914934,91.62561576354679,80.70721583652619,22.518452579772514
2014-07-07,140.0,146.95,138.45,146.05,38879380,POWERGRID,114.99000000000001,16.070171780433217,115.01591968052212,4.920977011494276,0.9585758301951386,1.0061622731941116,0.9479630263608352,6.220869025121967,13.742791747774213,19.04458614661218,34888254.5,1.1143973969806944,46772689.8,0.8312410546891404,148395683,7.813779424306476,5.819924683327627,8.5,7.75,0.75,8.5,8.824222077364368,1.9327733657345318,37.65315739868051,82.82611698201602,97.99777530589549,88.07552189087231,26.982421568840877
2014-07-14,146.0,146.4,130.0,133.95,34169895,POWERGRID,116.93499999999999,15.882753804710731,115.708122463453,-8.284833960972282,1.089958939902949,1.0929451287793954,0.9705113848450916,-1.500271638078588,5.100846167092753,10.754062382630195,35967118.6,0.9500314823662299,40342924.4,0.8469860702512682,114225788,4.133036649021336,12.24337439343039,16.400000000000006,0.3499999999999943,16.05000000000001,16.400000000000006,9.834325800382453,1.0712877759871497,27.4500475737393,60.163910383630046,71.0789766407119,86.90078923671804,15.765425233918892
2014-07-21,134.45,139.4,133.1,136.9,19618833,POWERGRID,119.045,15.573492154771756,116.14380130722483,2.2023142963792486,0.9821037253469684,1.0182615047479913,0.9722425127830533,0.45794309266800504,6.124960935502915,11.620753115221873,35038974.7,0.5599145856285572,35802159.0,0.5479790478557452,133844621,3.4167569711066847,4.601899196493799,6.300000000000011,5.450000000000017,0.8499999999999943,6.300000000000011,9.363082360331461,1.1464994377981683,22.78026905829598,63.01094459720398,77.64182424916577,82.23952539859106,17.871120506785076
2014-07-28,137.0,138.2,132.1,133.2,18997623,POWERGRID,120.75999999999999,15.120320937835894,116.47672481866982,-2.7027027027027195,1.0285285285285286,1.0375375375375375,0.9917417417417418,-1.5380760290978572,3.014846538419206,8.401959532165044,34656092.2,0.5481755672383627,33529001.2,0.5666027116847131,114846998,2.371592951055356,4.579579579579575,6.099999999999994,1.299999999999983,4.800000000000011,6.099999999999994,8.928004712287265,0.8227338593634694,8.957055214723919,57.104650378870495,69.41045606229143,72.71041898405636,14.35761110845523
2014-08-04,133.0,135.95,128.35,132.45,34680020,POWERGRID,122.465,14.364000139237003,117.02630458428774,-0.5630630630630629,1.004152510381276,1.0264250660626653,0.9690449226123066,-1.4086912146764112,2.113428629137268,7.226343970383943,35062250.7,0.9890985121499914,29269150.2,1.184865968537754,80166978,1.3997331950690983,5.738014345035858,7.599999999999994,2.75,4.849999999999994,7.599999999999994,8.75093741731563,0.6951406226128298,3.3554428404213743,55.87958378915829,67.74193548387096,71.59807193177606,13.179682525652503
2014-08-11,133.0,136.35,130.0,131.95,28305360,POWERGRID,123.9025,13.76047424022116,117.43394269353394,-0.37750094375236243,1.0079575596816976,1.0333459643804472,0.9852216748768474,-1.1953070677473463,1.493576280599112,6.3018958239553395,34614786.5,0.8177245293712847,27154346.2,1.0423878296138096,51861618,0.8252702278447897,4.812428950359981,6.349999999999994,3.9000000000000057,2.4499999999999886,6.349999999999994,8.430812428340213,0.5848272275731279,5.391373801916921,54.97241174705383,66.62958843159065,67.92732665925101,12.361040576103663
2014-08-18,132.1,135.3,130.85,134.8,12681555,POWERGRID,125.39250000000001,13.208273673007133,117.64389513091317,2.159909056460796,0.9799703264094954,1.0037091988130564,0.9706973293768545,0.629471970379525,3.065350086212731,7.592659924381804,33690550.0,0.3764128219931108,22856678.2,0.5548293102363405,64543173,0.9563837622262231,3.301186943620191,4.450000000000017,3.3500000000000227,1.0999999999999943,4.450000000000017,7.900037437894853,0.7122429647430367,-1.8565708045140017,59.31630954179792,68.60465116279074,67.65872502608413,14.583081298010129
2014-08-25,135.1,137.9,132.0,132.45,19874097,POWERGRID,126.67,12.544461977932343,117.9192063577944,-1.743323442136513,1.020007550018875,1.0411476028690072,0.9966024915062288,-0.755742687267365,1.1532709375277301,5.457025378050409,33504110.85,0.5931838361261869,22907731.0,0.8675716071574264,44669076,0.6385169213042964,4.454511136277845,5.900000000000006,3.0999999999999943,2.8000000000000114,5.900000000000006,7.633365779508873,0.46076109203949156,0.49317147192713406,54.32966040877587,46.09665427509292,60.443631289824765,12.322669131706819
2014-09-01,131.95,133.0,127.2,132.4,30247117,POWERGRID,127.9075,11.76603357349589,118.31772844530052,-0.03775009437522181,0.9966012084592144,1.0045317220543806,0.9607250755287009,-0.5291949593583192,0.9565218105883564,4.969545017969901,34386188.9,0.8796298155623754,25157629.8,1.2023039229236134,14421959,0.2051903193925588,4.380664652567973,5.799999999999997,0.5500000000000114,5.249999999999986,5.799999999999997,7.38891700890769,0.38181941024881916,0.7610350076103556,54.21776137936643,45.70895522388063,53.47008688725476,11.90208072766531
2014-09-08,131.8,135.7,130.55,133.1,21451532,POWERGRID,129.26500000000001,10.608649648679235,118.60072467903821,0.5287009063444037,0.9902329075882796,1.019534184823441,0.9808414725770099,-0.0003276364590234169,1.2663528242260056,5.013552068727374,34471746.3,0.6222931618639814,22511932.2,0.9528960823718188,35873491,0.4936248955180901,3.869271224643109,5.149999999999977,3.299999999999983,1.8499999999999943,5.149999999999977,7.090394741053329,0.3614974692351569,-4.3821839080459775,55.691933095168494,40.81196581196582,44.20585843697979,12.225283918121308
2014-09-15,133.6,138.2,133.5,136.75,16791568,POWERGRID,130.79749999999999,9.20744085537693,118.8686858407914,2.742299023290773,0.9769652650822669,1.0106032906764166,0.9762340036563071,1.7791902088351157,3.3442772164292296,6.91976939903947,34476697.0,0.4870410874916469,20209173.8,0.8308883958432778,52665059,0.7015800809956477,3.4369287020109605,4.699999999999989,5.099999999999994,0.4000000000000057,5.099999999999994,6.825008775579551,0.6464879974248103,-6.3676823005820005,62.88262991499141,48.35443037974685,44.95845047186443,15.042913979177166
2014-09-22,136.25,139.15,133.8,137.0,29605405,POWERGRID,132.39249999999998,7.026234205124705,119.32868928185242,0.1828153564899404,0.9945255474452555,1.0156934306569343,0.9766423357664235,1.3056168421323564,3.0177053765173962,6.498821848239136,35306062.5,0.8385360163003167,23593943.8,1.2547883156354724,82270464,1.033674526341517,3.905109489051091,5.349999999999994,2.4000000000000057,2.9499999999999886,5.349999999999994,6.628340938835611,0.6557566778288512,2.27696901829042,63.352660028946765,49.620253164556985,46.26221645208989,14.80893725096421
2014-09-29,137.5,140.1,135.05,139.55,26000585,POWERGRID,133.795,5.198099349003119,119.7694295409423,1.8613138686131458,0.9853099247581512,1.0039412396990324,0.9677534933715514,2.072707547460325,4.105598422989496,7.52342322064756,35311255.25,0.7363257073677663,24819241.4,1.0475978931410854,108271049,1.2871109846010418,3.6187746327481065,5.049999999999983,3.0999999999999943,1.9499999999999886,5.049999999999983,6.417895480324194,1.1071354380911758,1.935719503287081,68.10606360385219,62.531645569620345,53.50210970464139,16.515542016751336
2014-10-06,138.95,139.05,134.1,135.95,11743353,POWERGRID,134.48,4.444730765631233,119.92716228199176,-2.5797205302758974,1.0220669363736667,1.022802500919456,0.9863920559029056,-0.3469592337963308,1.3425288284233643,4.6517290761646635,33058532.7,0.35522910549505426,21118488.6,0.5560697653334907,96527696,1.1326681657329696,3.641044501655033,4.950000000000017,0.5,5.450000000000017,5.450000000000017,6.288842749614305,0.3307286937077801,2.064564564564564,56.226205936250075,44.30379746835439,52.151898734177244,13.360474318847631
2014-10-13,135.95,138.9,134.55,134.85,25152516,POWERGRID,134.815,4.187578750241618,120.23236916897775,-0.809121000367774,1.0081572117167223,1.0300333704115685,0.9977753058954395,-0.7770070835971497,0.46093624169175884,3.551123623130924,31602195.45,0.7959103993200574,21858685.4,1.1506874974283678,71375180,0.8667084763757438,3.225806451612899,4.349999999999994,2.950000000000017,1.3999999999999773,4.349999999999994,6.030330382999064,0.00835805177346865,1.8120045300113352,52.96871662408896,39.84374999999995,48.89306434599157,12.15781651152381
2014-10-20,135.15,136.65,132.5,135.1,21847710,POWERGRID,135.31,3.523701701933924,120.491883664192,0.18539117538005634,1.0003700962250186,1.0114729829755738,0.9807549962990378,-0.3936807560971128,0.5529697717593279,3.4188004110358197,29251530.9,0.7468911652757293,22869913.8,0.9553035569377616,93222890,1.109559475374695,3.071798667653594,4.150000000000006,1.8000000000000114,2.3499999999999943,4.150000000000006,5.779619665265857,-0.059596418131748506,2.3872679045092937,53.672562754402804,61.240310077519354,48.462619181957905,12.123734721021096
2014-10-27,135.75,145.4,135.15,142.05,16700355,POWERGRID,135.54500000000002,3.811854777153346,120.77573709909339,5.144337527757226,0.9556494192185849,1.0235832453361493,0.9514255543822597,3.0121493833217423,4.644478601084239,7.465492954851786,26770612.55,0.6238316351113901,20288903.8,0.8231275166280793,109923245,1.3211462122551914,7.215769095388946,10.25,10.300000000000011,0.05000000000001137,10.300000000000011,6.382337043230411,1.706518317273845,5.378338278931749,68.69866782830788,81.59340659340663,60.89248889030864,17.614682726756314
2014-11-03,141.75,150.0,139.8,144.85,34720123,POWERGRID,136.1975,4.230947231257531,121.41718783257514,1.9711369236184328,0.97859855022437,1.0355540214014498,0.9651363479461513,3.257971786449676,5.560914356431863,8.483031881603765,26390485.7,1.315630314450787,22032811.4,1.5758371625692762,144643368,1.6772173956856455,7.041767345529851,10.199999999999989,7.949999999999989,2.25,10.199999999999989,6.891358770799688,2.045050322555852,9.362023405058517,72.79978038664001,77.41228070175436,73.41533245756011,19.299419287932185
2014-11-10,144.7,149.4,142.05,148.1,11329640,POWERGRID,137.03249999999997,4.838585999409934,121.64718214900628,2.2437003797031396,0.9770425388251182,1.0087778528021607,0.9591492234976369,3.5872933300348278,6.542867432405644,9.617059896777722,25438797.1,0.4453685429960837,21950068.8,0.5161551019830972,155973008,1.707200026839202,4.962862930452394,7.349999999999994,4.550000000000011,2.799999999999983,7.349999999999994,6.952510934693063,2.2873417980686317,11.858006042296054,76.86020626857703,91.66666666666664,83.5574513206092,21.745524543751053
2014-11-17,149.0,150.9,142.05,146.75,20638043,POWERGRID,137.41,5.290050243518394,122.03523809166732,-0.9115462525320694,1.0153321976149914,1.0282793867120954,0.9679727427597956,1.8002414181858293,4.871250426318469,8.053465234435322,23671735.5,0.8718432579647571,21047174.2,0.9805612289748616,135334965,1.4606675937768279,6.030664395229978,8.849999999999994,2.8000000000000114,6.049999999999983,8.849999999999994,7.205509476733987,1.7655786939724796,10.255447032306542,71.7281972935445,82.48945147679323,83.85613294840475,20.25215199708798
2014-11-24,146.95,150.0,141.2,142.45,15500291,POWERGRID,137.23,5.035725003988114,122.26953916699478,-2.930153321976159,1.0315900315900315,1.0530010530010532,0.9912249912249912,-0.7760129724171454,1.7140209601097183,4.838133997126012,22502781.05,0.6888166829495059,19777690.4,0.7837260411357234,119834674,1.3136199802761892,6.177606177606186,8.800000000000011,3.25,5.550000000000011,8.800000000000011,7.4181082131694565,1.0365935383417375,4.168190127970739,57.59466509426188,64.34599156118136,79.5007032348804,16.50489645294475
2014-12-01,141.0,143.6,135.85,138.35,40986264,POWERGRID,137.45,4.98069959152871,122.74317336265952,-2.8782028782028735,1.0191543187567764,1.0379472352728587,0.9819298879653053,-2.508338985282835,-1.0274420831165567,1.8498458419447188,22843599.5,1.7942121599531633,24634872.2,1.663749812349341,78848410,0.8814221693320001,5.601734730755331,7.75,1.1500000000000057,6.599999999999994,7.75,7.462360451413529,0.1806975071395084,0.9854014598540184,47.333576734756946,47.046413502109665,64.62728551336143,12.715026188241216
2014-12-08,138.0,139.2,135.45,135.85,13649856,POWERGRID,137.39749999999998,4.9923223949118585,122.8704921582139,-1.8070112034694663,1.0158262789841737,1.0246595509753404,0.9970555760029444,-2.929842711882624,-2.4742412042642137,0.03998766688969195,22545150.65,0.605445322229417,20420818.8,0.6684284373553131,65198554,0.7579147989026533,2.7603974972396026,3.75,0.8499999999999943,2.9000000000000057,3.75,6.967379057891725,-0.309975974623992,-2.651379433894674,42.06130299322588,26.044226044225965,45.812210369172334,10.563567878505
2014-12-15,135.4,138.0,132.95,134.45,10889448,POWERGRID,137.45999999999998,4.944603650765097,122.95953731007405,-1.0305483989694553,1.0070658237262924,1.0264038676087766,0.9888434362216437,-2.667753228755463,-3.035386501190863,-0.9174689661481314,22139741.9,0.4918507202651717,20332780.4,0.5355611867032214,54309106,0.6543526093272664,3.7560431387132853,5.050000000000011,2.1500000000000057,2.9000000000000057,5.050000000000011,6.7117285168394965,-0.608744443962509,-1.1033468186833373,39.23730895132846,10.597826086956456,27.896155211097362,9.344913734466795
2014-12-22,133.55,137.25,129.55,136.85,14588202,POWERGRID,137.68,4.805900978019412,123.10117591350324,1.7850502045370087,0.9758860065765438,1.0029229082937523,0.946656923639021,-0.5781484428506771,-1.052921645712899,0.7813355696719358,21135151.0,0.6902341033664723,19122812.2,0.7628690721545652,68897308,0.8357954774968853,5.626598465473138,7.699999999999989,2.8000000000000114,4.899999999999977,7.699999999999989,6.843498047927563,-0.172704349048421,1.4831294030404063,46.360822814128944,34.19203747072592,23.611363200636116,11.16871872625923
2014-12-29,136.8,139.75,134.1,137.0,10739121,POWERGRID,137.9325,4.617993270036986,123.20472878213735,0.1096090610157141,0.9985401459854015,1.02007299270073,0.9788321167883212,-0.3120175883412041,-0.8076683663137293,0.8158050485435839,20256839.05,0.5301479156492582,18170578.2,0.5910170211314465,79636429,0.9500664689816254,4.12408759124088,5.650000000000006,2.9000000000000057,2.75,5.650000000000006,6.684364974870555,-0.20192753550559767,1.4063656550703296,46.81051052594905,34.89461358313813,26.561492380273503,11.197030628797371
2015-01-05,138.0,140.15,136.15,138.9,10006682,POWERGRID,138.1375,4.562284601981263,123.31293934707514,1.3868613138686259,0.9935205183585313,1.0089992800575953,0.9802015838732901,0.7067606930513828,0.48966019015747725,1.9914916055646654,20123095.4,0.4972734960049934,11974661.8,0.8356546654202793,89643111,1.0536709271699451,2.8797696184305255,4.0,3.1500000000000057,0.8499999999999943,4.0,6.3264496448878145,0.1671311780218372,-2.2175290390707536,52.616381553341995,43.79391100702575,37.6268540202966,12.640247435067382
2015-01-12,138.05,139.5,133.5,136.5,11093832,POWERGRID,138.33999999999997,4.382909391813131,123.41297007317914,-1.7278617710583144,1.0113553113553115,1.021978021978022,0.978021978021978,-0.6927030023695478,-1.0799761355549693,0.24590966064850014,19684082.15,0.5635940713649176,11463457.0,0.9677562361859952,78549279,0.9052484490570462,4.395604395604396,6.0,0.5999999999999943,5.400000000000006,6.0,6.282923025569439,-0.41981246599277744,-5.764584052468069,45.39450020951076,32.55269320843087,37.08040593286491,10.60425814163678
2015-01-19,136.55,148.95,134.8,147.85,14917688,POWERGRID,139.1125,4.635159538502436,123.65971393445358,8.315018315018307,0.9235711870138655,1.007439972945553,0.9117348664186676,4.691448721346219,5.725396922537768,7.245087000035924,18917610.7,0.7885608936862202,12269105.0,1.2158741815315788,93466967,1.0302431348037144,9.57051065268852,14.149999999999977,12.449999999999989,1.6999999999999886,14.149999999999977,7.331866622160177,1.8850483845099673,-0.16880486158001862,68.77840342331534,85.71428571428565,54.02029664324743,19.56197802492782
2015-01-26,149.0,151.4,146.05,149.55,11574294,POWERGRID,139.935,4.960212750106348,123.86096524275928,1.1498140006763746,0.9963223002340353,1.0123704446673354,0.976596456034771,3.849908362648116,5.82604920474113,7.607849795223707,18423748.8,0.6282268677045791,11666323.4,0.9921115336130661,105041261,1.1153055343867446,3.577398863256432,5.349999999999994,3.5500000000000114,1.799999999999983,5.349999999999994,7.067617739205487,1.9384249193331196,1.9080068143100481,70.9298421182509,91.53318077803206,69.93338656691618,20.740218443229413
2015-02-02,148.25,151.7,146.0,147.85,13467448,POWERGRID,140.48999999999998,5.2002682117065895,124.07599325610187,-1.136743564025422,1.002705444707474,1.0260399053094351,0.9874873182279338,1.8295740982257942,4.065620514434707,6.000052590256322,18257542.8,0.7376374875593883,12211988.8,1.1028054660515247,91573813,0.9526332455002072,3.8552587081501444,5.699999999999989,2.1499999999999773,3.5500000000000114,5.699999999999989,6.885268707311422,1.415311614780088,3.7908037908037873,65.7055903758245,82.61851015801355,86.62199221677709,19.160843383157005
2015-02-09,148.9,149.4,140.0,141.45,5877107,POWERGRID,140.7125,5.137910567536365,124.1436895741761,-4.328711531958074,1.052668787557441,1.0562036055143162,0.9897490279250619,-1.7414750539758206,-0.23570978300760506,1.6013818370233006,17071127.9,0.3442717455124919,11386073.8,0.5161662486326059,85696706,0.8899083437523807,6.64545775892542,9.400000000000006,1.5500000000000114,7.849999999999994,9.400000000000006,7.220566213003233,0.14354084025125707,2.240693892302126,49.779071681150825,53.72460496613991,75.9587653007285,13.940547832262823
2015-02-16,140.2,154.4,140.0,152.75,16588094,POWERGRID,141.3725,5.787474565136956,124.45486814010606,7.988688582538006,0.9178396072013093,1.0108019639934533,0.9165302782324058,3.856708580971615,6.153802298023342,8.140572869239739,16600503.35,0.9992524714619573,12484926.2,1.328649744040938,102284800,1.065477338088131,9.42716857610475,14.400000000000006,12.950000000000017,1.4499999999999886,14.400000000000006,8.17782405126947,1.9658833696715794,12.440191387559807,66.38077395903716,93.36016096579475,76.5677586966494,22.735255183461746
2015-02-23,152.1,157.5,151.15,155.9,9667398,POWERGRID,142.37,6.481337581248743,124.65296144698206,2.0621931260229154,0.9756254008980114,1.010262989095574,0.9695317511225144,3.8662058402540658,6.899990658974072,9.163565086348118,16496705.6,0.5860199141821383,11434868.2,0.8454315197091647,111952198,1.1568863598714016,4.0731237973059615,6.349999999999994,4.75,1.5999999999999943,6.349999999999994,7.934114177766873,2.087532061151058,15.953886203049471,69.61188352081125,94.27549194991057,80.45341929394841,25.067225190881704
2015-03-02,155.9,159.2,150.8,156.7,15374143,POWERGRID,143.4625,6.970140733307141,124.97083641047112,0.5131494547786941,0.9948947032546268,1.0159540523292916,0.9623484365028718,2.9046649244654517,6.321680428848871,8.82503603838458,16007786.95,0.9604165177873011,12194838.0,1.2607090803502268,127326341,1.2787900637976848,5.360561582641977,8.399999999999977,3.299999999999983,5.099999999999994,8.399999999999977,7.996232287397953,1.8991725571255649,14.504932407745708,70.44428488827842,91.56829679595278,93.06798323721937,25.389254405974615
2015-03-09,156.2,157.35,149.7,150.25,7940867,POWERGRID,144.22,6.83542244488241,125.09968771160268,-4.116145500957236,1.0396006655574042,1.0472545757071547,0.9963394342762062,-0.8423250419800956,1.9716129681043078,4.501782928099553,15312444.8,0.5185891021138571,11089521.8,0.7160693800160075,119385474,1.1834879670926046,5.091514143094845,7.650000000000006,0.6500000000000057,7.0,7.650000000000006,7.950067982411561,0.8821693243721288,9.671532846715337,56.13861154340179,69.81450252951097,85.21943042512477,20.10421668387961
2015-03-16,150.25,152.4,145.55,146.75,9383489,POWERGRID,144.45499999999998,6.837683895343059,125.22930971588183,-2.329450915141429,1.0238500851788757,1.0385008517887564,0.9918228279386713,-2.164948722578136,-0.3140334964750361,2.0387971234619924,14946601.5,0.6278008415491642,11790798.2,0.7958315324233096,110001985,1.0904253300079378,4.667802385008514,6.849999999999994,2.1500000000000057,4.699999999999989,6.849999999999994,7.803392251423352,0.3356399674403011,5.6515478761699045,49.80577241849326,58.01011804384486,73.1309724564362,17.18502667861378
2015-03-23,147.1,151.9,144.6,149.2,10370458,POWERGRID,144.67249999999999,6.919603635591166,125.38687644525218,1.6695059625212894,0.9859249329758714,1.0180965147453085,0.9691689008042896,-0.32487142555114146,1.1427551765163824,3.343458588331385,13729118.25,0.7553622753595265,10547271.0,0.9832361375753027,120372443,1.2077542033508333,4.892761394101885,7.300000000000011,5.150000000000006,2.1500000000000057,7.300000000000011,7.736273284566907,0.6543004828647535,9.304029304029292,53.99724453146896,66.2731871838111,64.69926925238899,18.991719253127222
2015-03-30,149.0,150.85,143.2,145.0,17362339,POWERGRID,144.51749999999998,6.873351955579273,125.60037143581218,-2.815013404825728,1.0275862068965518,1.0403448275862068,0.9875862068965516,-2.1538888123780784,-1.4748823310172798,0.49843921561463944,14030753.2,1.2374488206377974,12086259.2,1.4365353839176311,103010104,1.0617606575089866,5.275862068965521,7.650000000000006,1.6500000000000057,6.0,7.650000000000006,7.724770179957987,0.07019864588897685,-1.9276293540750777,46.3426107930452,44.747081712062275,56.34346231323942,15.445518466561195
2015-04-06,145.5,149.45,144.5,147.95,7268332,POWERGRID,144.57750000000001,6.899055522697685,125.70175398992441,2.0344827586206815,0.9834403514700913,1.010138560324434,0.9766813112538021,-0.07801679754341546,0.4700935374064098,2.2755494811903603,13362267.65,0.5439445003184021,10465097.0,0.6945307817022623,110278436,1.1515481646191876,3.3457249070631896,4.949999999999989,4.449999999999989,0.5,4.949999999999989,7.354800822630254,0.4888350280563115,-1.0698762955533403,51.871932660380125,56.22568093385212,55.74864994324184,17.699232750450626
2015-04-13,147.2,155.7,146.0,154.35,7479650,POWERGRID,145.17249999999999,7.211968761791398,125.83486527177101,4.3257857384251475,0.9536767087787495,1.0087463556851313,0.9459021703919663,2.7144257199155635,3.9403045334403886,5.800314762532793,12961235.6,0.5770784692780371,10372853.6,0.721079298757287,117758086,1.230986719667667,6.284418529316481,9.699999999999989,7.75,1.9499999999999886,9.699999999999989,7.667494046279552,1.2725374031875851,4.396347649644916,61.741102981730286,81.12840466926072,60.70038910505837,22.66075834121459
2015-04-20,154.95,156.0,147.5,149.8,6057398,POWERGRID,145.74499999999998,7.095400660027463,125.92470540781437,-2.947845804988647,1.0343791722296394,1.0413885180240319,0.9846461949265687,-0.1603399649801179,0.8765172882120374,2.69418358898882,11214792.3,0.5401257408931238,9707635.4,0.6239828496237095,111700688,1.1479539453518164,5.674232309746328,8.5,1.6500000000000057,6.849999999999994,8.5,7.778494840108946,0.5714969730806351,5.903145987981628,52.850860369355736,61.47540983606563,66.27649847972616,18.959976531105735
2015-04-27,150.0,152.0,144.05,144.95,8630709,POWERGRID,146.2,6.708713893531721,126.02578622293642,-3.2376502002670393,1.0348395998620215,1.0486374611935152,0.993790962400828,-2.341124188819243,-2.0915451252698345,-0.5148466609544973,10963834.95,0.7871980050192201,9359685.6,0.9221152684872236,103069979,1.0390357064405964,5.484649879268706,7.949999999999989,2.1999999999999886,5.75,7.949999999999989,7.801362194761086,-0.18632483361754346,-5.106382978723412,44.89922708688689,25.781249999999957,56.12835483510876,15.01614419098891
2015-05-04,144.3,146.5,140.4,144.15,7449446,POWERGRID,146.685,6.14117038390997,126.10852078835273,-0.5519144532597275,1.0010405827263267,1.0163024627124522,0.9739854318418314,-1.939396236186131,-2.2783972998832183,-0.9832912813960405,10791834.85,0.6902853966487451,7377107.0,1.0098058764770526,95620533,0.944276315166651,4.231703087062084,6.099999999999994,1.5500000000000114,4.549999999999983,6.099999999999994,7.574513902126274,-0.41278776544643087,-7.536882617062224,43.649319473522716,21.614583333333375,36.29041438979966,14.306312609856228
2015-05-11,143.05,146.65,138.05,143.0,14846552,POWERGRID,146.9925,5.765260641389972,126.26080817277068,-0.7977800901838417,1.0003496503496505,1.0255244755244755,0.9653846153846155,-1.8394590556933994,-2.6579278967722355,-1.6457784500848658,10804752.35,1.3740761027252977,8892751.0,1.6695117180274135,80773981,0.7930125308350159,6.01398601398601,8.599999999999994,2.5,6.099999999999994,8.599999999999994,7.71124538184277,-0.69250988781618,-8.742820676451812,41.72282183110172,23.40425531914891,23.600029550827415,13.257630827393422
2015-05-18,142.9,143.05,138.05,140.05,18782054,POWERGRID,147.14499999999998,5.522249255702578,126.41630704183605,-2.0629370629370536,1.020349875044627,1.0214209210996072,0.9857193859335951,-2.656397215109627,-4.131689840802351,-3.471265918114635,11206899.0,1.6759367600261232,11153231.8,1.6840010444326996,61991927,0.6139339931207621,3.5701535166012133,5.0,0.05000000000001137,4.949999999999989,5.0,7.349745997597068,-1.2848025634977058,-6.788685524126448,36.90207941913328,9.456264775413722,18.158367809298667,10.784758135397869
2015-05-25,140.0,143.9,137.4,143.1,14248329,POWERGRID,147.35500000000002,5.266125610671554,126.5578218751668,2.1777936451267355,0.9783368273934312,1.005590496156534,0.9601677148846961,-0.3122684834666036,-1.639072549891428,-1.1604115479568682,11418981.35,1.247775835976823,12791418.0,1.1138975366140016,76240256,0.7600860999393709,4.5422781271837875,6.5,3.8499999999999943,2.6500000000000057,6.5,7.236446531250792,-0.8079943994076914,-2.4872231686541735,44.54573232190335,26.14678899082566,19.669103028462764,13.070846100014233
2015-06-01,143.4,146.9,140.55,143.1,14903818,POWERGRID,147.685,4.72955711735446,126.70330070911268,0.0,1.0020964360587004,1.026554856743536,0.9821802935010483,-0.20817898897774234,-1.4049193284783668,-1.0637105856271374,11609480.65,1.2837626806329188,14046039.8,1.0610690423930025,76240256,0.7609619699583184,4.437456324248773,6.349999999999994,3.8000000000000114,2.549999999999983,6.349999999999994,7.118253660417352,-0.9694353797263554,-4.0884718498659485,44.54573232190335,26.14678899082566,20.58328091902168,12.941019846460906
2015-06-08,142.5,146.7,140.75,146.15,18080217,POWERGRID,147.6,4.74169634313805,126.90858243159052,2.131376659678552,0.9750256585699624,1.0037632569278139,0.9630516592541909,1.2553750105019132,0.6096830698093778,0.9582695673191495,11767607.1,1.536439553628537,16172194.0,1.1179817036575248,94320473,0.9410216820305078,4.071159767362291,5.949999999999989,3.5999999999999943,2.3499999999999943,5.949999999999989,6.962486505695037,-0.30579773462262244,0.7931034482758559,52.2473079404759,43.85964912280704,32.05107570148612,15.161636194921243
2015-06-15,146.0,148.2,140.65,141.2,7805635,POWERGRID,147.1825,4.925024044825334,126.97341744032936,-3.3869312350325087,1.0339943342776206,1.0495750708215297,0.9961048158640228,-1.4708543069648117,-2.463950744722962,-2.304318891701698,11579174.15,0.674109819826831,14764010.6,0.5286934025907567,86514838,0.8711974010695384,5.347025495750697,7.549999999999983,2.049999999999983,5.5,7.549999999999983,7.04082163826903,-1.2147148817041329,-4.562352145995274,41.463663749696536,20.430107526881635,30.14551521350478,11.20437871679429
2015-06-22,140.8,144.65,138.7,141.3,11955335,POWERGRID,146.85500000000002,5.093207551032762,127.07227801846646,0.07082152974506872,0.9964614295824487,1.0237084217975938,0.981599433828733,-0.9326946362039589,-2.04980191176756,-2.0459236273832575,11503568.5,1.0392718572502089,13398666.8,0.8922779541021201,98470173,0.9881554930352705,4.21089879688607,5.950000000000017,3.450000000000017,2.5,5.950000000000017,6.895378753166495,-1.090668295831299,-8.454810495626807,41.743939453847176,20.967741935483907,28.419166195057528,11.196558528262113
2015-06-29,141.0,141.9,137.7,139.5,14660620,POWERGRID,146.7575,5.2192274836721,127.17655852524724,-1.2738853503184822,1.010752688172043,1.017204301075269,0.9870967741935484,-1.4900346575656895,-2.8856344708617967,-3.0824247873606976,11942744.15,1.2275754898425082,13481125.0,1.0874923272353012,83809553,0.8418322025872477,3.0107526881720554,4.200000000000017,0.5999999999999943,3.6000000000000227,4.200000000000017,6.535994919410965,-1.390531457520189,-6.875834445927909,37.96821330076439,11.290322580645135,17.562724014336894,9.69002591173773
2015-07-06,139.5,143.1,137.65,140.0,7131373,POWERGRID,146.11999999999998,5.227417597327049,127.2286861572425,0.35842293906809264,0.9964285714285714,1.022142857142857,0.9832142857142857,-0.7517134987162624,-2.1584449511340154,-2.488083831074387,11469908.1,0.6217463067555006,11926636.0,0.5979366688142407,90940926,0.9186979160523829,3.892857142857135,5.449999999999989,3.5999999999999943,1.8499999999999943,5.449999999999989,6.3911955968228344,-1.1707501622080727,-3.41497067954466,39.715867395007194,13.978494623655887,15.41218637992831,10.038077283116301
2015-07-13,141.0,141.5,136.4,140.0,7124947,POWERGRID,145.325,4.857752891810897,127.28034530176289,0.0,1.0071428571428571,1.0107142857142857,0.9742857142857143,-0.5011423324775218,-1.8500956724005848,-2.280743511818173,11342785.55,0.6281479067547037,9735582.0,0.7318460262570846,90940926,0.928552588953725,3.642857142857139,5.099999999999994,1.5,3.5999999999999943,5.099999999999994,6.219036183913122,-1.096185853540794,-2.87894554283733,39.715867395007194,18.367346938775487,14.545388047692171,9.993416240410635
2015-07-20,140.1,141.75,138.8,140.2,5041016,POWERGRID,144.5,4.177760669369261,127.31721400500903,0.14285714285713347,0.9992867332382311,1.011055634807418,0.9900142653352355,-0.23851605585761787,-1.461259797041478,-1.956933552187354,10826129.2,0.4656341991558719,9182658.2,0.5489713207445749,95981942,0.9959613748072887,2.1041369472182514,2.9499999999999886,1.75,1.1999999999999886,2.9499999999999886,5.7831646927247045,-1.0292595340673754,-1.9580419580419672,40.606979626161575,19.387755102040735,17.2445322214907,10.118652136453525
2015-07-27,140.15,143.3,138.8,140.4,4173748,POWERGRID,144.0075,4.042643578806509,127.34805230501367,0.14265335235379428,0.9982193732193733,1.0206552706552707,0.9886039886039887,-0.06381743129742518,-1.128624075367615,-1.6607211088457343,10637773.25,0.39235166062596794,7626340.8,0.547280551637556,100155690,1.049743707947769,3.205128205128205,4.5,3.1000000000000227,1.3999999999999773,4.5,5.612076067028077,-0.8923616266623764,0.2499107461620742,41.602999120044345,25.64102564102565,21.132042560613957,10.249035975615378
2015-08-03,141.0,143.25,139.45,140.6,5543973,POWERGRID,143.7,4.0569303926156595,127.38941483827072,0.14245014245013454,1.0028449502133714,1.0188477951635846,0.9918207681365576,0.052347238719008767,-0.8440895357546059,-1.3897686584289737,10445797.45,0.5307371722012474,5803011.4,0.9553613835740525,105699663,1.1103542172398448,2.7027027027027106,3.8000000000000114,2.8499999999999943,0.950000000000017,3.8000000000000114,5.370465924757669,-0.7641245227284525,-1.7470300489168422,42.711529403625356,35.59322033898301,26.87400036068313,10.370237730113589
2015-08-10,140.5,142.5,137.4,138.05,4606415,POWERGRID,143.1425,4.027349755438917,127.41699047659655,-1.8136557610241688,1.0177471930459978,1.032234697573343,0.9952915610286128,-1.1958951019490864,-2.3201468746961074,-2.9907136346288925,10157595.3,0.4534946376530673,5298019.8,0.8694597555109175,101093248,1.0728284153187764,3.6943136544730124,5.099999999999994,1.9000000000000057,3.1999999999999886,5.099999999999994,5.334403801456645,-1.2644792007752998,-3.5290006988120126,33.38757759116423,13.983050847457696,25.072432275822113,8.345048398672143
2015-08-17,140.0,140.8,126.0,138.1,5588115,POWERGRID,142.7975,4.153422019694907,127.45040842285401,0.036218761318340675,1.0137581462708183,1.0195510499637945,0.9123823316437365,-0.7728376481973185,-1.9569438877736798,-2.7073064143529573,9568884.1,0.5839881580340178,4990653.4,1.1197161077144728,106681363,1.1299298522443832,10.716871832005802,14.800000000000011,2.75,12.050000000000011,14.800000000000011,6.59648329459576,-1.1309951114346617,-5.508039685254884,33.714954607450125,54.5045045045045,34.69359189698174,8.355870890435163
2015-08-24,138.1,138.7,127.7,131.1,10018735,POWERGRID,141.95499999999998,4.723148481569224,127.47076239134263,-5.068790731354089,1.053394355453852,1.0579710144927537,0.9740655987795577,-4.102358907785666,-6.343602163462214,-7.508688770686227,9706404.25,1.0321778015787875,5986197.2,1.6736393181300475,96662628,1.031251111247281,8.390541571319593,10.999999999999986,0.5999999999999943,10.399999999999991,10.999999999999986,7.1836188553163245,-2.2982550818291263,-7.152974504249288,18.794162509651898,22.97297297297296,30.486842774978385,2.8471137542234137
2015-08-31,131.0,138.45,125.15,130.65,13998794,POWERGRID,140.77,4.412524041980381,127.49534536332476,-0.3432494279176135,1.0026789131266742,1.0597014925373134,0.9579027937236892,-2.973946946348767,-5.751328480432324,-7.222400865037996,10032361.45,1.395363800414109,7951206.4,1.760587424821471,82663834,0.8987285584989629,10.179869881362405,13.299999999999983,7.349999999999994,5.949999999999989,13.299999999999983,7.999136341274146,-2.2934719230352467,-7.5371549893842875,18.196814996493373,23.861171366594377,33.779549614690616,2.4743292609509746
2015-09-07,129.35,131.1,120.55,122.3,10448949,POWERGRID,139.395,5.580626733337779,127.46553217273294,-6.391121316494452,1.0576451349141456,1.071954210956664,0.9856909239574816,-6.66964387321051,-11.118404854352189,-13.331066641584464,10251939.0,1.019216852538822,8932201.6,1.1698066689403877,72214885,0.8023487979337603,8.626328699918231,10.549999999999997,0.44999999999998863,10.100000000000009,10.549999999999997,8.339251495770927,-3.0632760112546493,-12.329749103942655,10.828236813524185,6.329113924050635,17.72108608787266,-4.052493316964266
2015-09-14,122.0,130.5,120.7,127.55,8056274,POWERGRID,138.525,6.008907861185149,127.46590424706946,4.292722812755523,0.9564876519012152,1.0231281850254803,0.9462955703645629,-1.5193908046185751,-5.609772618159432,-7.944129068942613,10223217.25,0.7880370535997364,9622173.4,0.8372613613469073,80271159,0.9032992686396272,7.683261466091727,9.799999999999997,8.200000000000003,1.5999999999999943,9.799999999999997,8.534017963001471,-1.8264550320189779,-8.892857142857146,31.076089075019496,25.31645569620254,18.50224699561585,0.06597509618535538
2015-09-21,127.5,137.0,126.0,136.55,6530143,POWERGRID,138.14499999999998,5.873242178236196,127.49822345290364,7.0560564484515975,0.9337239106554375,1.0032954961552545,0.9227389234712559,3.447829624659598,1.157965177928113,-0.7604115038324869,10177252.1,0.6416410771626656,9810579.0,0.6656225896555137,86801302,0.9816547632002259,8.055657268399854,11.0,9.450000000000003,1.5499999999999972,11.0,8.862815567934607,-0.2715706166366475,-2.4642857142857078,52.43809269351481,66.39004149377597,32.678537038009715,7.099531508719403
2015-09-28,136.7,137.0,124.55,126.8,11551177,POWERGRID,137.33499999999998,6.2719949818724885,127.49385676302252,-7.140241669718062,1.0780757097791798,1.0804416403785488,0.9822555205047319,-2.6508878273014482,-5.521945842410447,-7.799143072641687,10012483.35,1.1536775239681174,10117067.4,1.1417515119055153,75250125,0.8536865060647687,9.818611987381706,12.450000000000003,0.44999999999998863,12.000000000000014,12.450000000000003,9.341106825543328,-1.6796888438923439,-9.557774607703273,37.79539798650385,27.472527472527453,39.72634155416865,-0.5442276048737159
2015-10-05,125.85,134.15,125.4,132.5,5228155,POWERGRID,136.9575,6.3269530997406545,127.5079872075023,4.495268138801256,0.949811320754717,1.0124528301886793,0.9464150943396227,1.1766914389845367,-0.8421524494942014,-2.898267143220506,9334788.4,0.5600721490376793,8362939.6,0.6251575701921847,80478280,0.9035237009840266,6.60377358490566,8.75,7.3500000000000085,1.3999999999999915,8.75,9.262292582137551,-0.704525532231735,-5.626780626780626,47.655154491630896,52.527472527472504,48.79668049792531,3.9150588930353565
2015-10-12,132.85,134.5,131.6,133.3,4267386,POWERGRID,136.46750000000003,6.204503351768563,127.52130082610405,0.6037735849056647,0.9966241560390097,1.0090022505626406,0.9872468117029256,1.179853041587651,-0.20309848606568018,-2.0906628915002927,8835741.25,0.48296864736730494,7126627.0,0.5987946331413163,84745666,0.9469123138321974,2.175543885971497,2.9000000000000057,2.0,0.9000000000000057,2.9000000000000057,8.413986904519211,-0.5105162847719533,-5.192034139402546,48.96516102291728,56.043956043956065,45.34798534798534,4.531556011788298
2015-10-19,133.0,136.0,132.2,133.8,6012560,POWERGRID,136.0025,6.027229332044259,127.54156969504176,0.3750937734433579,0.9940209267563527,1.0164424514200299,0.9880418535127053,1.0327574013135647,0.1468736182411645,-1.5667283244935721,8391178.35,0.7165334532545122,6717884.2,0.8950079848056922,90758226,1.0059350998464966,2.840059790732445,3.8000000000000114,2.6999999999999886,1.1000000000000227,3.8000000000000114,7.798788650583319,-0.3654249537661052,-3.078594712060845,49.869905592639896,58.24175824175827,55.60439560439562,4.906972934332289
2015-10-26,134.0,137.55,133.5,135.75,6163457,POWERGRID,135.4825,5.534135100970297,127.56864355017144,1.457399103139001,0.9871086556169429,1.0132596685082873,0.9834254143646409,1.6362575336807974,1.355338217020781,-0.09877885082237357,7795340.35,0.7906591275389279,6644547.0,0.9275962680375351,96921683,1.072702529419521,2.9834254143646493,4.050000000000011,3.75,0.30000000000001137,4.050000000000011,7.298950163838878,0.0483363696620113,-1.7016654598117298,53.573612741091814,66.81318681318679,60.36630036630038,6.413297360656587
2015-11-02,135.55,136.25,126.2,128.95,9903090,POWERGRID,134.87,5.545918366358983,127.57592548230103,-5.009208103130769,1.0511826289259405,1.0566110895696008,0.9786739046141917,-2.367212303491453,-3.297044283206759,-4.929237119678496,7900213.1,1.253521882846426,6314929.6,1.5682027555778295,87018593,0.9628294441025332,7.793718495540906,10.049999999999997,0.5,9.549999999999997,10.049999999999997,7.665756808660361,-1.0674517021220826,-1.639969488939741,41.29699406042363,37.00440528634357,54.01978344709621,1.0770641188800052
2015-11-09,130.45,133.9,126.65,130.05,17986113,POWERGRID,134.3075,5.428707198045164,127.59938839605613,0.8530438154323638,1.0030757400999615,1.02960399846213,0.9738562091503268,-1.0009074793552253,-2.077138641090853,-3.704906056906269,8201752.0,2.192959870037524,8866521.2,2.028542265257314,105004706,1.1576542666772514,5.574778931180314,7.25,4.950000000000017,2.299999999999983,7.25,7.610322567505646,-0.7842567013990156,-0.4592422502870175,43.70484996066352,43.2801822323463,49.032591443958886,1.9205512148204213
2015-11-16,129.2,131.4,127.5,129.0,2687744,POWERGRID,133.78249999999997,5.40779834079813,127.6013704818156,-0.8073817762399127,1.0015503875968992,1.0186046511627906,0.9883720930232558,-1.2153385927139515,-2.492570633048954,-4.1699311109219925,7603108.2,0.3535059516843388,8550592.8,0.3143342295518972,102316962,1.1166305916449422,3.023255813953493,3.9000000000000057,1.3499999999999943,2.5500000000000114,3.9000000000000057,7.115612891838227,-0.8843709951089129,5.478331970564199,41.815751561637285,41.72839506172838,40.67099419347275,1.096092865541538
2015-11-23,129.25,132.7,129.2,131.4,5512028,POWERGRID,133.3525,5.226261494656434,127.61236298467597,1.8604651162790642,0.9836377473363774,1.0098934550989345,0.9832572298325721,0.42222892714307153,-0.5319087518807114,-2.078343636731529,7522140.95,0.7327738255157263,8450486.4,0.652273459667363,107828990,1.1660403410773803,2.663622526636225,3.5,3.6999999999999886,0.19999999999998863,3.6999999999999886,6.6601978395931285,-0.37359401208613663,3.018424147393195,47.76985071755526,59.77961432506894,48.26273053971454,2.9680799937689946
2015-11-30,131.0,136.9,130.95,136.1,5076948,POWERGRID,133.1575,5.034415112634036,127.6349257186143,3.5768645357686424,0.9625275532696547,1.005878030859662,0.9621601763409258,2.5739940290306143,2.519831153581644,1.3262075113080074,7419741.0,0.6842486819957732,8233184.6,0.6166444998694673,112905938,1.2066113805426961,4.371785451873635,5.950000000000017,5.5,0.45000000000001705,5.950000000000017,6.565504794314047,0.5844770314262905,-0.3295496155254596,57.57890304806994,86.8715083798883,62.7931725888952,6.632255422037002
2015-12-07,136.1,138.0,129.7,131.15,4492695,POWERGRID,132.70499999999998,4.7677618052479485,127.64317513494912,-3.6370315944158627,1.0377430423179566,1.0522302706824247,0.9889439573008005,-0.7354398914674624,-0.9937431294430931,-2.198204813077106,7392324.95,0.6077512866909347,7151105.6,0.6282518048677677,108413243,1.1509532149103547,6.328631338162418,8.300000000000011,1.9000000000000057,6.400000000000006,8.300000000000011,6.796770821738843,-0.32614884373803366,3.4305993690851855,46.87981179664484,60.74498567335247,69.13203612610323,2.747365741523855
2015-12-14,131.0,131.7,126.75,128.15,4400416,POWERGRID,132.0925,4.506903330623058,127.64433748322573,-2.2874571101791807,1.022239563012095,1.0277019118220834,0.9890753023800234,-2.062442147306314,-2.8782971613162904,-4.2081156025397775,7403658.35,0.5943569775879786,4433966.2,0.9924333658655313,104012827,1.1019806119075657,3.862660944205999,4.949999999999989,0.549999999999983,4.400000000000006,4.949999999999989,6.550534712173662,-0.8747691509626774,-3.2830188679245254,41.488711465826945,43.06358381502893,63.560025956089895,0.39614958778780973
2015-12-21,128.15,139.9,127.25,139.45,22395430,POWERGRID,132.035,4.3986870050531355,127.78054299464091,8.817791650409657,0.9189673718178559,1.0032269630692006,0.912513445679455,4.138630519051956,4.678458549058939,3.883130059089162,8246231.2,2.715838236502513,8375503.4,2.6739204714548857,126408257,1.3247203768296147,9.071351738974547,12.650000000000006,11.75,0.9000000000000057,12.650000000000006,7.363796750550508,1.6857303080400512,4.613653413353314,60.98728454416519,97.06840390879468,66.95899113239203,9.132420892786856
2015-12-28,139.55,142.75,137.95,142.15,12013917,POWERGRID,132.23999999999998,4.773352567833677,127.86893037762829,1.9361778415202702,0.9817094618360886,1.004220893422441,0.9704537460429123,3.972948884426289,5.561998158884094,5.2330445269901755,8616606.3,1.394274797027688,9675881.2,1.2416354388476785,138422174,1.4227930616159254,3.3767147379528746,4.800000000000011,3.3000000000000114,1.5,4.800000000000011,7.021957183810442,2.076108952600907,6.240657698056795,64.26997349968939,96.70329670329674,78.94509480904013,11.168522001549727
2016-01-04,142.2,144.35,139.6,140.95,19105592,POWERGRID,132.3825,4.99489937204388,127.99564929105811,-0.8441786844882282,1.0088683930471798,1.0241220290883293,0.9904221355090458,2.1036049848466067,4.078273176620115,4.05737854713738,9292480.15,2.0560272060414353,12481610.0,1.5306993248467144,119316582,1.2185008531843842,3.3699893579283433,4.75,2.1999999999999886,2.5500000000000114,4.75,6.719029559302383,1.7152497701859066,3.8305709023940926,61.611392086898014,82.05804749340365,91.94324936849836,10.120930500914202
2016-01-11,141.05,145.5,137.5,143.25,19685267,POWERGRID,132.99,5.53984609324522,128.14640003639832,1.6317843206810956,0.9846422338568936,1.0157068062827226,0.9598603839441536,2.4502763123403257,4.815752306624422,5.1313336639960125,9775806.75,2.013671863961509,15520124.4,1.2683704390926145,139001849,1.389493760881394,5.5846422338568935,8.0,4.550000000000011,3.4499999999999886,8.0,6.889825618062066,1.8520370110119293,11.089569600620397,64.82891810734482,88.3419689119171,89.0344377028725,11.78620699396292
2016-01-18,143.5,146.75,137.4,138.15,22046521,POWERGRID,133.36499999999998,5.62627997133023,128.25590668800965,-3.560209424083771,1.0387260224393775,1.062251176257691,0.99457111834962,-0.7672718941114622,1.1159082855526503,1.4933641096885855,10178193.1,2.166054503328297,19049345.4,1.157337458955414,116955328,1.1494116934978067,6.76800579080709,9.349999999999994,3.5,5.849999999999994,9.349999999999994,7.217848868987123,0.8504731411132923,6.22837370242213,53.381648048170725,58.15085158150853,76.18362266227642,7.714337349045723
2016-01-25,138.45,140.3,130.55,133.0,28512404,POWERGRID,133.9,4.991677283765986,128.32213228611667,-3.7278320665942832,1.0409774436090224,1.0548872180451128,0.9815789473684211,-3.1127749983533857,-2.3254818712195675,-2.127574705959729,11081365.85,2.5730044821144498,20272740.2,1.4064405560724347,88442924,0.8623215514213397,7.330827067669173,9.75,2.1500000000000057,7.599999999999994,9.75,7.55546901978884,-0.18030011734272172,3.100775193798455,44.27294530812312,33.090024330900235,59.860948274775296,3.645409899714887
2016-02-01,133.8,148.4,133.4,146.75,34097451,POWERGRID,134.85999999999999,5.524052669439262,128.62471601070482,10.338345864661648,0.9117546848381602,1.011243611584327,0.9090289608177172,4.365705509228833,6.2246439199481856,6.821327771255491,12383424.7,2.7534750544411195,24689447.0,1.3810536542191487,122540375,1.1706500865902496,10.221465076660987,15.0,15.400000000000006,0.4000000000000057,15.400000000000006,8.601406483816996,2.1524052559779356,11.681887366818877,63.47356409586151,92.56756756756755,61.269481159992104,14.091602727260213
2016-02-08,146.5,150.35,141.45,142.45,27608837,POWERGRID,135.155,5.7710689514255025,128.80611494414097,-2.930153321976159,1.0284310284310285,1.0554580554580555,0.992979992979993,0.9859238726071242,2.9090898776657013,3.674580762109038,13437359.4,2.054632623728141,26390096.0,1.046181756974283,94931538,0.9033896406856419,6.247806247806252,8.900000000000006,3.5999999999999943,5.300000000000011,8.900000000000006,8.641218952641399,1.2640639128385498,4.6656869948567214,56.454756495840634,66.66666666666663,64.10808618837814,10.59257556349396
2016-02-15,141.8,145.5,134.1,138.7,26546938,POWERGRID,135.75,5.469917732471135,128.92938256109377,-2.6325026325026313,1.0223503965392937,1.0490266762797404,0.9668348954578226,-1.1273979540837067,0.24348451791210557,0.9810648432989508,14187147.45,1.8711963129698777,27762430.2,0.9562180907347225,68384600,0.6528958817247937,8.219178082191785,11.400000000000006,3.0500000000000114,8.349999999999994,11.400000000000006,9.009056425622546,0.5393134127937372,5.756767060617607,50.801980041822944,50.63559322033895,69.95660915152438,7.57827055774223
2016-02-22,139.1,142.0,137.35,139.65,17981781,POWERGRID,136.10750000000002,5.479970106526423,129.019098683518,0.6849315068493178,0.9960615825277479,1.016827783745077,0.9835302542069458,-0.29297098093523527,0.790371659563666,1.5167744548402142,14824828.75,1.2129503350924036,26949482.2,0.6672403152888778,86366381,0.8222641103965634,3.329752953813108,4.650000000000006,3.3000000000000114,1.3499999999999943,4.650000000000006,8.427848902206208,0.6464451322062899,8.973858759266484,52.20098878811185,54.661016949152575,57.321092278719384,8.239788856810618
2016-02-29,140.0,141.0,129.2,130.05,32799349,POWERGRID,135.945,5.6141480114741364,129.0345983052731,-6.874328678839947,1.0765090349865436,1.0841983852364474,0.9934640522875815,-5.130915788735647,-5.599766668261226,-5.273617148018188,16251426.9,2.0182442564474137,27806871.2,1.17954115600032,53567032,0.5176763537805993,9.073433294886591,11.800000000000011,1.3499999999999943,10.450000000000017,11.800000000000011,8.877469048578714,-1.0500257542109406,-6.740767300107553,39.202741868603226,13.98305084745768,39.75988700564974,0.7869220411138437
2016-03-07,131.0,139.15,130.25,138.65,36066473,POWERGRID,136.1875,5.621361396260747,129.19098095083854,6.612841214917342,0.9448250991705733,1.00360620266859,0.9394157951676884,0.9266710021633708,0.814488762820836,1.1514767333228737,17754122.55,2.0314421565147978,28200675.6,1.2789223035493518,89633505,0.86669684045471,6.419040750090159,8.900000000000006,9.099999999999994,0.19999999999998863,9.099999999999994,8.907139842101552,0.43806114327358975,-2.4621878297573008,51.64781111480262,50.42372881355936,39.689265536723205,7.321733281645211
2016-03-14,139.5,140.9,136.1,138.6,22633907,POWERGRID,136.33,5.645757606147343,129.28604387402143,-0.03606202668591241,1.0064935064935066,1.0165945165945167,0.9819624819624819,0.5939535086577692,0.6674636175949711,1.0228323351535387,18577645.05,1.2183410189549293,27205689.6,0.831954908432095,66999598,0.6573513656778787,3.4632034632034716,4.800000000000011,2.25,2.5500000000000114,4.800000000000011,8.359521196488014,0.40207181362662625,-1.6672578928698112,51.57698576285179,50.21186440677965,38.20621468926556,7.2041465937763896
2016-03-21,138.15,140.25,136.25,138.0,22052511,POWERGRID,136.7825,5.379524411575709,129.3709866554655,-0.43290043290042934,1.001086956521739,1.016304347826087,0.9873188405797102,0.10783553768099498,0.20192830682398843,0.5431220882699981,19185116.1,1.1494593457268678,26306804.2,0.8382816412188905,44947087,0.45028139993451494,2.898550724637681,4.0,1.6500000000000057,2.3499999999999943,4.0,7.778251703622946,0.22632112187839018,-3.6649214659685847,50.61591999438181,46.53679653679655,49.05746325237851,6.6699756781749535
2016-03-28,138.0,140.0,136.5,139.1,15111998,POWERGRID,137.235,5.159536392882197,129.4355449899392,0.7971014492753614,0.9920920201294033,1.00647016534867,0.9813084112149533,0.5985205089862224,0.8495395276268423,1.2188229870560008,19041410.35,0.7936385867552085,25732847.6,0.5872648932953692,60059085,0.6155315629929377,2.516175413371675,3.5,2.0,1.5,3.5,7.207818143139886,0.3614665849770589,0.6876583423814697,52.488686069369635,46.80851063829788,47.85239052729136,7.466615921315902
2016-04-04,140.0,141.0,137.55,138.6,23949418,POWERGRID,137.715,4.78613952773522,129.53091679044394,-0.35945363048166534,1.0101010101010102,1.0173160173160174,0.9924242424242425,0.15995287542078263,0.42158904324608737,0.7905970734093252,20104494.05,1.191246988879086,23962861.4,0.9994389902033988,36109667,0.38307624818473385,2.4891774891774814,3.4499999999999886,1.9000000000000057,1.549999999999983,3.4499999999999886,6.706775724054567,0.1849089427651452,4.210526315789465,51.46507632137477,44.44444444444446,45.92991720651296,7.001481526011341
2016-04-11,139.8,142.95,138.7,142.25,26474746,POWERGRID,138.2575,4.645520621212161,129.6755734278256,2.633477633477632,0.9827768014059755,1.004920913884007,0.9750439367311071,1.8145024887325987,2.5514370558508097,3.05819818284703,21152629.95,1.2516054061636908,22044516.0,1.2009674424242291,62584413,0.6802644702850423,2.987697715289982,4.25,4.349999999999994,0.09999999999999432,4.349999999999994,6.392538960847291,0.8594300457454948,-3.066439522998299,58.31274552054554,61.7021276595745,50.98502758077228,9.696835140021971
2016-04-18,142.0,146.75,142.0,145.95,14899824,POWERGRID,138.75,4.918841326979571,129.77907969108475,2.601054481546572,0.972935936964714,1.0054813292223366,0.972935936964714,2.8690783557026753,4.304459968843202,5.056135438283587,21643773.75,0.6884115576194285,20497699.4,0.7269022590896226,77484237,0.8587505885896368,3.254539225762248,4.75,4.5,0.25,4.75,6.173533766067653,1.4637593533477873,2.4570024570024662,64.21766365595019,79.19621749408982,61.78092986603625,12.460344415607775
2016-04-25,145.7,149.9,142.55,143.8,12350757,POWERGRID,139.3825,4.698523704314171,129.85260998786956,-1.4731072285029012,1.013212795549374,1.0424200278164117,0.991307371349096,0.9445618266796768,2.463158746985895,3.3335492810572678,22036676.85,0.5604636798946389,18557348.6,0.6655453462786165,65133480,0.7396064869752504,5.111265646731567,7.349999999999994,3.950000000000017,3.3999999999999773,7.349999999999994,6.3303959305919655,0.9401889355041206,3.677000720980561,58.647771990409694,69.03073286052019,69.9763593380615,10.740939295277453
2016-05-02,144.45,146.25,140.5,142.85,16490925,POWERGRID,140.1175,3.9369797066442316,129.94298886103314,-0.6606397774687189,1.0112005600280014,1.023801190059503,0.9835491774588729,0.1905401501646754,1.5552911314559874,2.4664614705264114,22641202.3,0.7283590677514507,18833134.0,0.8756336040512429,48642555,0.5702758727649979,4.025201260063003,5.75,2.4499999999999886,3.3000000000000114,5.75,6.253009806513037,0.6940599656606034,2.291442892946649,56.16415551363366,64.53900709219859,70.92198581560287,9.932826120207368
2016-05-09,143.0,146.8,140.5,143.5,11542101,POWERGRID,140.32,4.004418612115225,130.00864964227478,0.4550227511375571,0.9965156794425087,1.0229965156794425,0.9790940766550522,0.42842583252507793,1.7153210838934014,2.6658967663830975,22098535.85,0.5223016166476024,16351670.6,0.7058667754718592,60184656,0.7340903414756645,4.390243902439033,6.300000000000011,3.950000000000017,2.3499999999999943,6.300000000000011,6.259275165644634,0.794122769877013,10.342176086120713,57.58229149344271,67.61229314420807,67.06067769897561,10.377271354519365
2016-05-16,143.15,145.9,139.5,144.45,15992239,POWERGRID,140.435,4.091811463476022,130.10491490995292,0.6620209059233328,0.9910003461405332,1.0100380754586362,0.9657320872274144,0.7221834866382653,2.0243202820869395,3.030528467598771,22297451.95,0.7172227138715731,14255169.2,1.1218554319228986,76176895,0.9658160423001106,4.430598823122192,6.400000000000006,2.4000000000000057,4.0,6.400000000000006,6.278038476892017,0.9812280052095109,4.1831950955643515,59.776732934334674,73.671497584541,68.60759927364923,11.0257826154957
2016-05-23,146.0,148.9,142.6,148.15,14912992,POWERGRID,140.795,4.441310261860514,130.21639184200822,2.5614399446175273,0.9854876814039825,1.005062436719541,0.9625379682753965,2.1344106407690298,3.8324848256928328,4.9979515179385166,22087821.95,0.6751680647262733,14257802.8,1.0459530272083717,91089887,1.1759336910243445,4.252446844414452,6.300000000000011,4.450000000000017,1.8499999999999943,6.300000000000011,6.2809666799730834,1.6560428266317353,6.890331890331902,67.36420371868203,91.54589371980677,77.60989481618527,13.772158715433203
2016-05-30,149.0,152.95,146.2,151.75,20126413,POWERGRID,141.21999999999997,5.053149096303807,130.394440466932,2.4299696253796688,0.9818780889621087,1.0079077429983525,0.9634266886326194,2.9707322852495546,5.240476122907377,6.647397963321532,22109879.25,0.9102904983074478,15812934.0,1.2727816988295784,111216300,1.4619781577600433,4.448105436573312,6.75,4.799999999999983,1.950000000000017,6.75,6.343504455976673,2.08384906111366,9.96376811594204,73.06770708228866,94.94736842105269,86.72158657513349,16.37766108477897
2016-06-06,152.0,152.35,148.1,149.25,10752923,POWERGRID,141.775,5.301675504771779,130.47736959580266,-1.6474464579901205,1.018425460636516,1.0207705192629815,0.9922948073701842,0.8969676126705458,3.131326642648629,4.660060887925441,21545199.35,0.4990867257860856,14665333.6,0.7332204839854445,100463377,1.3350991088923654,2.8475711892797317,4.25,0.5999999999999943,3.6500000000000057,4.25,6.064370528513116,1.4099316326078637,7.29690869877786,64.09257908190895,83.7004405286344,90.06456755649795,14.387652404667456
2016-06-13,149.4,155.15,149.25,151.8,15910290,POWERGRID,142.715,5.330525302444636,130.6152310863299,1.70854271356784,0.9841897233201581,1.022068511198946,0.9832015810276679,1.7078279147609954,4.078771888285186,5.739819369099479,20915093.65,0.7607085230526808,15538971.4,1.023895957489181,116373667,1.5183580479135161,3.8866930171278034,5.900000000000006,5.900000000000006,0.0,5.900000000000006,6.042454458044701,1.7043348421652795,9.523809523809534,68.62788921658836,82.41469816272969,87.02083570413892,16.21921787947384
2016-06-20,151.75,157.95,150.3,156.65,15643625,POWERGRID,143.21,6.125348540029757,130.77969214757698,3.194993412384717,0.968720076603894,1.008298755186722,0.9594637727417811,3.167350898864621,6.041626406319943,7.936668998043564,19992402.35,0.782478499888734,15469248.6,1.0112724544358282,132017292,1.7118810454114148,4.88349824449408,7.649999999999977,6.149999999999977,1.5,7.649999999999977,6.256793863638738,2.194160856670975,10.123022847100183,75.43654889087452,94.00921658986182,86.7081184270753,19.781594089723
2016-06-27,156.55,157.85,150.6,154.0,14756579,POWERGRID,143.7875,6.577691064259918,130.9172373470893,-1.6916693265241034,1.0165584415584417,1.025,0.9779220779220779,1.0007165294681484,3.7926944891466605,5.823090467520965,19349789.45,0.7626222000053856,15437966.0,0.9558629031829712,117260713,1.498832116694182,4.707792207792208,7.25,1.1999999999999886,6.050000000000011,7.25,6.389221348486907,1.5525964810798019,5.515587529976029,66.35713974971117,81.58508158508162,86.00299877922437,17.631568707574704
2016-07-04,154.55,167.3,153.65,165.4,28176124,POWERGRID,145.1225,8.038156947041161,131.30288497264976,7.402597402597411,0.9344014510278114,1.0114873035066505,0.9289600967351874,5.216083617646495,8.934573940206866,11.287946015709657,19431248.75,1.450041855904912,17047908.2,1.6527613634146623,145436837,1.7717329986302928,8.252720677146314,13.650000000000006,13.300000000000011,0.3499999999999943,13.650000000000006,7.357325168688654,2.5226553964543,15.020862308762162,78.93930451397699,93.61344537815124,89.73591451769823,25.968290821982038
2016-07-11,165.3,171.15,160.2,166.6,17077123,POWERGRID,146.47,9.24134588056381,131.54052928294342,0.7255139056831839,0.9921968787515008,1.027310924369748,0.9615846338535414,3.9325339350089257,8.220434898183218,10.933017697570104,19386015.85,0.8808990528087286,18312748.2,0.9325265008558355,162513960,1.8920135586018143,6.572629051620658,10.950000000000017,5.75,5.200000000000017,10.950000000000017,7.836348479530169,2.1782541482769258,16.625831291564587,79.8544011113895,85.97842835130967,87.05898510484751,26.652979814034133
2016-07-18,167.0,169.0,160.7,163.2,21509498,POWERGRID,148.1275,9.113256321945363,131.80674891106185,-2.0408163265306145,1.0232843137254903,1.0355392156862746,0.9846813725490197,1.2874189279921777,5.407166250196016,8.321000935747023,18821523.3,1.1428138762817353,19432589.8,1.1068775814945675,141004462,1.5620892726674052,5.085784313725497,8.300000000000011,2.4000000000000057,5.900000000000006,8.300000000000011,7.898168682259482,1.6539093675774652,13.728222996515683,69.92201198089604,74.88151658767768,84.8244634390462,23.81763555227442
2016-07-25,163.3,170.0,161.8,168.95,15987484,POWERGRID,149.6425,9.936181557689663,132.03745563514354,3.5232843137254832,0.966558153299793,1.0062148564664102,0.957679786919207,3.0979846859951485,7.394154815196331,10.487748288375796,17817573.85,0.8972873711422837,19501361.6,0.8198137303397317,156991946,1.6766462836146525,4.8535069547203245,8.199999999999989,6.800000000000011,1.3999999999999773,8.199999999999989,7.938412857958216,1.943150886273591,16.96088611976463,75.79649840719851,93.04897314375981,84.63630602758239,27.95611607880126
2016-08-01,169.25,179.9,167.2,177.2,41002804,POWERGRID,151.5725,11.329531450803291,132.7456107889776,4.883101509322274,0.9551354401805869,1.0152370203160272,0.9435665914221218,5.073004186226036,10.033420458049434,13.433952128730237,18736018.7,2.188448071948178,24750606.6,1.6566383467951042,197994750,1.9763058935424642,7.16704288939053,12.700000000000017,10.950000000000017,1.75,12.700000000000017,8.57329114356379,2.2620088139817067,19.608504893688817,81.71024819344437,93.31683168316827,87.08244047153526,33.488406092530205
2016-08-08,177.5,181.2,173.7,178.5,25090198,POWERGRID,153.5975,12.349456359225924,133.18044746134902,0.7336343115124322,0.9943977591036415,1.015126050420168,0.973109243697479,3.842899502518214,9.16169078111097,12.892371376900563,18887903.05,1.3283739297888868,24133421.4,1.0396452945540495,223084948,2.0449407217233153,4.201680672268908,7.5,4.0,3.5,7.5,8.430185657755285,2.0164855258098924,17.627677100494243,82.48820025653458,93.52517985611513,93.29699489434773,34.02868319075396
2016-08-15,178.5,179.65,172.45,178.05,10963550,POWERGRID,155.545,12.997093804709808,133.366010916948,-0.25210084033613356,1.0025273799494523,1.0089862398202751,0.9685481606290367,2.3999159831489263,7.656092451213425,11.61619919430135,18680480.65,0.5868987102320625,22910706.8,0.47853390537912166,212121398,1.817753299836345,4.043807919123851,7.200000000000017,1.1500000000000057,6.050000000000011,7.200000000000017,8.266160903387917,1.7315409381630222,19.2964824120603,81.11023660649795,92.44604316546767,93.09601823491703,33.50478039781695
2016-08-22,178.8,183.2,174.25,181.95,46426173,POWERGRID,157.7125,13.622146007223343,134.2022024022489,2.1903959561920594,0.9826875515251444,1.0068700192360538,0.9576806815059082,2.9946140544093165,8.258943638857845,12.384770052211644,19804318.4,2.3442449299340695,27894041.8,1.6643759743702686,258547571,2.0228080427058837,4.918933773014558,8.949999999999989,5.149999999999977,3.8000000000000114,8.949999999999989,8.35733944960286,1.7792717819312531,19.86166007905137,83.81408954335882,96.92118226600985,94.29746842919754,35.57899702318965
2016-08-29,181.45,185.0,177.6,180.25,20133280,POWERGRID,159.6125,13.99688757696194,134.54335100775967,-0.9343226161033225,1.0066574202496532,1.0263522884882108,0.9852981969486824,1.386481838926588,6.337458902747057,10.595237180304666,19487245.1,1.0331516793002207,28723201.0,0.7009413748836698,238414291,1.7452483197518123,4.105409153952847,7.400000000000006,3.0500000000000114,4.349999999999994,7.400000000000006,8.229694189655813,1.47443493323245,15.065432492818376,78.18531371734441,87.75773195876289,92.3749857967468,33.97168916181093
2016-09-05,180.9,185.0,179.7,183.8,12163093,POWERGRID,161.50500000000002,14.598277656159393,134.76282832568958,1.9694868238557595,0.9842219804134928,1.0065288356909683,0.9776931447225243,2.1940999327766364,6.982715531883212,11.295206075103868,19350408.55,0.6285703461284283,22955258.8,0.5298608526251946,250577384,1.7249992060828216,2.883569096844402,5.300000000000011,4.75,0.5500000000000114,5.300000000000011,7.839068297701706,1.527234960529275,19.350649350649363,81.22364754075193,96.74796747967483,93.80896056814919,36.38775787326109
2016-09-12,184.75,187.7,179.75,180.25,16426495,POWERGRID,163.32750000000001,14.546770983714529,135.03491608315247,-1.9314472252448422,1.0249653259361997,1.0413314840499306,0.9972260748959778,0.17855041199941482,4.414930603178745,8.752495442739244,19554195.45,0.8400496477598622,21222518.2,0.7740125297666137,234150889,1.5232973219515322,4.410540915395278,7.949999999999989,3.8999999999999773,4.050000000000011,7.949999999999989,7.853859191341478,1.1633165888804562,8.978234582829492,69.97774385712476,80.62418725617688,88.37662889820486,33.48399453146234
2016-09-19,179.95,181.05,173.15,177.4,23376673,POWERGRID,165.055,14.029263588731705,135.3925054882021,-1.5811373092926462,1.0143742953776775,1.0205749718151071,0.9760428410372041,-0.9500800008910475,2.467987958880498,6.679354725240167,19898482.85,1.1747967508990265,23705142.8,0.9861435215652866,210774216,1.302524490425844,4.453213077790307,7.900000000000006,0.8000000000000114,7.099999999999994,7.900000000000006,7.860011299162615,0.8799464007444763,6.482593037214901,62.02295367234976,72.45989304812838,83.27734926132669,31.02645479550446
2016-09-26,177.65,180.3,174.55,175.7,15939530,POWERGRID,166.66500000000002,13.251495446890353,135.62316047411053,-0.9582863585118506,1.0110984632896984,1.0261809903244168,0.993454752418896,-1.2845539448228989,1.3065504377855,5.2950544540095015,20118354.3,0.792287965621522,17607814.2,0.905253191506303,194834686,1.1559303355098116,3.2726237905520774,5.75,2.9000000000000057,2.8499999999999943,5.75,7.578676459274266,0.6818098407240638,7.659313725490202,57.522478680347135,67.65498652291105,73.57968894240543,29.55014422742333
2016-10-03,176.65,182.9,171.55,181.2,25425757,POWERGRID,168.5025,12.537674540948402,136.0354225402112,3.1303357996585124,0.9748896247240619,1.0093818984547462,0.9467439293598235,1.193170978273046,3.6876107470147224,7.488848299882349,20590030.2,1.2348576836958696,18666309.6,1.3621201804131653,220260443,1.2532139897839774,6.263796909492271,11.349999999999994,7.200000000000017,4.149999999999977,11.349999999999994,8.081519598037696,1.012747615878016,7.250665877478535,66.5761390549546,80.91042584434655,73.67510180512865,33.200600708567976
2016-10-10,181.5,183.4,176.3,178.05,15417206,POWERGRID,169.9975,11.74039893296955,136.26460714560338,-1.738410596026474,1.0193765796124683,1.0300477393990453,0.990171300196574,-0.36992387433088764,1.700301202835805,5.364491449651562,20615240.9,0.7478547582725555,19317132.2,0.7981104979961777,204843237,1.128960469277179,3.987643920247118,7.099999999999994,2.200000000000017,4.899999999999977,7.099999999999994,7.950650318299337,0.6858795894394072,0.4796839729119817,58.356544905133276,64.90909090909099,71.15816775878285,30.664890707641725
2016-10-17,177.55,178.5,172.55,176.05,13719938,POWERGRID,171.2125,10.985730876675737,136.4568067304779,-1.1232799775343971,1.0085203067310424,1.0139165009940356,0.9801192842942346,-1.0067781722034064,0.5002083620639329,3.931943921572984,20294917.15,0.6760282832689465,18775820.8,0.730723740183971,191123299,1.0306505985597674,3.3797216699801123,5.949999999999989,0.44999999999998863,5.5,5.949999999999989,7.683896942526091,0.4403439383601417,-1.3725490196078383,53.51611744963374,56.85185185185193,67.55712286842983,29.015183791985145
2016-10-24,176.75,180.75,175.0,176.1,18924796,POWERGRID,172.555,9.72930867885439,136.71922382581644,0.028401022436796985,1.0036910846110165,1.026405451448041,0.9937535491198183,-0.65206623969871,0.45296511142056517,3.6292854445022416,20703510.8,0.9140863200844177,17885445.4,1.0581115301719017,210048095,1.1001965254277062,3.2651902328222597,5.75,4.699999999999989,1.0500000000000114,5.75,7.426044016855945,0.36436298991157157,-1.095197978096052,53.627072372272515,55.21235521235519,58.9910993244327,28.804125032450155
2016-10-31,176.55,178.95,172.05,175.05,10344322,POWERGRID,173.7175,8.419764889204709,136.85741280138228,-0.5962521294718859,1.0085689802913453,1.0222793487574977,0.9828620394173093,-0.8372040933483482,-0.12355413822420233,2.7969574571766644,20425212.4,0.5064486869179388,16766403.8,0.6169672473234838,199703773,1.02367459589498,3.941730934018838,6.899999999999977,2.8499999999999943,4.049999999999983,6.899999999999977,7.3559048146084836,0.158258575807557,-3.792250618301718,50.69498836615256,38.29268292682938,50.1189633303455,27.906845830883615
2016-11-07,175.25,179.55,171.25,174.0,14656739,POWERGRID,174.58499999999998,7.400872992603143,137.04617736876648,-0.5998286203941827,1.007183908045977,1.031896551724138,0.9841954022988506,-0.9638029752514595,-0.6237839994884196,2.026188425127637,20375868.1,0.7193185059928808,14612600.2,1.0030205986200869,185047034,0.9358254546667693,4.770114942528743,8.300000000000011,4.5,3.8000000000000114,8.300000000000011,7.481784172660688,-0.07904472899138548,-3.4674063800277377,47.68658250080918,16.717325227963535,36.74078778904937,26.964504476325136
2016-11-14,174.25,190.0,166.95,183.1,24373355,POWERGRID,176.04,5.835950290182844,137.43213267487533,5.229885057471262,0.9516657564172584,1.0376843255051884,0.911796832332059,2.7027062891179363,3.7518682254303486,6.32082862083302,20856706.9,1.1686099400476304,16403830.0,1.4858331865180265,209420389,1.0349685921370038,12.58874931731295,23.05000000000001,16.0,7.050000000000011,23.05000000000001,9.557546282972599,1.2097429979614867,-0.3808487486398393,67.16935654276608,70.06507592190889,41.69169469223393,33.229395801607495
2016-11-21,182.55,196.4,182.55,185.05,31185311,POWERGRID,177.02249999999998,5.599682204329597,137.93731017293717,1.0649918077553444,0.9864901378005945,1.0613347743853012,0.9864901378005945,2.4853301685580322,4.085229808513357,6.698991680275514,21007166.25,1.4845082210933613,19896904.6,1.567344852223898,240605700,1.1617676057981405,7.4844636584706805,13.849999999999994,13.300000000000011,0.549999999999983,13.849999999999994,10.129873445242918,1.433563496477225,2.662968099861307,69.93758945980728,61.460101867572206,49.41416767248154,34.15514610803697
2016-11-28,185.9,194.8,179.6,190.5,38835752,POWERGRID,178.2175,5.804836345670075,138.6226928465245,2.9451499594704167,0.9758530183727034,1.0225721784776904,0.9427821522309711,3.516746623592871,5.853641287133382,8.587547031839382,22095097.7,1.7576637373275792,23879095.8,1.6263493528092465,279441452,1.3122428295330546,7.979002624671925,15.200000000000017,9.75,5.450000000000017,15.200000000000017,10.805890319210532,2.1159080581421943,7.384441939120623,76.36444846764694,79.96604414261459,70.49707397736523,37.42338724505318
2016-12-05,190.65,192.7,180.85,185.1,29738811,POWERGRID,179.3125,4.801805444447793,139.08218009299253,-2.834645669291347,1.0299837925445705,1.0410588870880604,0.9770394381415451,0.4680001145126593,2.6632028951095457,5.427338738168286,22506563.35,1.3213394927306836,27757993.6,1.0713602513403562,249702641,1.1434087456878692,6.401944894651537,11.849999999999994,2.1999999999999886,9.650000000000006,11.849999999999994,10.945104943315794,1.205275821137638,5.350028457598177,61.36595515526422,61.62988115449913,67.68534238822865,33.08678356654981
2016-12-12,185.4,186.6,181.55,184.75,12020251,POWERGRID,180.10250000000002,4.278418147179891,139.26394111206116,-0.1890869800107997,1.0035182679296346,1.0100135317997294,0.9826792963464142,0.1862943480245102,2.124688293298789,4.81082742660553,22308201.7,0.5388265339200335,27230696.0,0.44142283399586996,237682390,1.0686248276980623,2.73342354533152,5.049999999999983,1.5,3.549999999999983,5.049999999999983,10.159090950873685,1.086265960951799,1.9591611479028659,60.47762716008949,60.441426146010194,67.34578381437464,32.66176335720507
2016-12-19,185.5,186.55,180.5,184.1,26233638,POWERGRID,180.4475,4.310131119023059,139.65004729597717,-0.3518267929634722,1.0076045627376427,1.0133079847908746,0.9804454101032049,-0.11074459244060741,1.5249607923657273,4.101848650062951,21569743.4,1.2162239259647383,27602752.6,0.9503993453174666,211448752,0.9478112315046814,3.2862574687669808,6.050000000000011,1.8000000000000114,4.25,6.050000000000011,9.611212157423862,0.8474220155111858,3.397921932041559,58.65806538428274,58.23429541595924,60.10186757215619,31.829529287458584
2016-12-26,184.0,184.45,178.25,178.8,13741315,POWERGRID,180.4625,4.303513711279537,139.8258500814133,-2.8788701792504034,1.029082774049217,1.0315995525727069,0.9969239373601789,-2.0521554044307013,-1.194893183727082,1.1542942306312933,21002299.25,0.6542766978239299,24113953.4,0.5698491148282637,197707437,0.8912856484222211,3.4675615212527897,6.199999999999989,0.3499999999999943,5.849999999999994,6.199999999999989,9.156383869767346,-0.38631223496339073,1.5620562340244337,45.7172282061164,40.23769100169785,52.97113752122243,27.873350954701216
2017-01-02,178.7,185.2,176.55,183.65,16716115,POWERGRID,180.7425,4.320431112749419,140.06394445514732,2.712527964205824,0.9730465559488156,1.0084399673291586,0.9613395044922407,0.4286218847002037,1.2664762883571834,3.4509782615507842,21289927.5,0.7851654262326633,19690026.0,0.8489635818662707,214423552,0.9661422819093572,4.710046283691793,8.649999999999977,6.399999999999977,2.25,8.649999999999977,9.08886602046503,0.6729652490974993,4.287336740488357,55.97298388131358,56.70628183361632,51.72608941709114,31.118683480180188
2017-01-09,184.9,192.85,184.5,186.55,17587368,POWERGRID,180.9725,4.506529619401117,140.32815394942108,1.579090661584548,0.9911551862771375,1.0337711069418385,0.9890109890109889,1.3176678607171988,2.401141189371497,4.539218143067921,19847987.25,0.886103350353573,17259737.4,1.0189823629645722,232010920,1.0516741662992741,4.476011793084961,8.349999999999994,9.199999999999989,0.8499999999999943,9.199999999999989,9.103683884403026,1.2376485835105244,6.569551556698094,61.05009035313916,66.55348047538205,54.4991511035654,32.93839814014714
2017-01-16,186.6,201.05,185.05,199.4,48221449,POWERGRID,181.93,6.0982396079362955,141.23457510506702,6.888233717502001,0.9358074222668004,1.0082748244734203,0.9280341023069207,5.118057303299202,7.449202846585118,9.800109741926832,21252395.7,2.268988855689338,24499977.0,1.9682242558839953,280232369,1.25832930747769,8.02407221664995,16.0,14.5,1.5,16.0,10.023192699815956,2.864761164396428,14.59770114942529,75.49688193783277,95.16129032258063,72.80701754385966,41.18355923233574
2017-01-23,199.4,203.7,195.1,200.2,34032208,POWERGRID,182.75000000000003,7.33925996556322,141.8662868945707,0.4012036108324901,0.9960039960039961,1.0174825174825175,0.9745254745254746,3.6648039503092122,6.7020310301515815,9.313836458517443,22345851.45,1.5229765612712869,26059691.0,1.3059329061115883,314264577,1.391251206314068,4.295704295704293,8.599999999999994,4.299999999999983,4.300000000000011,8.599999999999994,9.833433673173829,2.3776239132933936,9.339158929546688,76.13280004401898,90.47619047619048,84.06365375805105,41.11879882271153
2017-01-30,201.0,206.95,200.6,205.7,19342912,POWERGRID,184.02249999999998,8.919220449179779,142.25262446235024,2.7472527472527375,0.9771511910549344,1.0060768108896452,0.9752066115702479,4.160407554211321,7.882824969385431,10.760383507108703,22491672.3,0.8600032821925828,27180010.4,0.7116594775107224,333607489,1.4450695528730795,3.0870199319397154,6.349999999999994,6.75,0.4000000000000057,6.75,9.422309183417319,2.430425408085243,11.15914617670899,80.20754253101936,96.875,94.1708269329237,44.60190156593016
2017-02-06,205.5,209.25,199.75,201.1,18849171,POWERGRID,185.2075,9.54544910856608,142.59765734734512,-2.236266407389398,1.0218796618597712,1.0405271009448036,0.9932869219293884,1.3121028804948376,4.950616308315334,7.992507774546202,22265297.2,0.8465717223841953,27606621.6,0.6827771711117306,314758318,1.3333921371614867,4.724017901541522,9.5,3.5500000000000114,5.949999999999989,9.5,9.432667958961677,1.6649295197371137,5.564304461942249,68.86208727310287,80.73286052009455,89.36135033209501,41.02615971463859
2017-02-13,201.65,205.8,198.3,203.05,30771008,POWERGRID,186.575,10.057093595018502,143.1707949271993,0.9696668324216784,0.9931051465156365,1.0135434622014283,0.976606747106624,1.5065710884593635,5.025794939749732,8.13643045558305,23006871.1,1.337470352498302,30243349.6,1.0174470885989426,345529326,1.4184695019491291,3.6936715094804238,7.5,4.700000000000017,2.799999999999983,7.5,9.174978897766787,1.638147228555221,9.69746083198273,70.87704892092476,85.34278959810878,87.65021670606778,41.823617102390614
2017-02-20,203.9,207.4,199.1,206.45,21297626,POWERGRID,187.8375,10.896654182290826,143.58332509541884,1.6744644176311052,0.9876483410026642,1.0046015984499879,0.96439815936062,2.0857649455450717,5.648497370582353,8.84521039963974,22800464.55,0.934087371478578,24858585.0,0.8567513396277383,366826952,1.4619198433557508,4.020343908936795,8.300000000000011,4.349999999999994,3.950000000000017,8.300000000000011,9.058315044731216,1.7080931163484019,11.745602165087954,74.23175407756189,91.43730886850149,85.83765299556826,43.78410575378642
2017-02-27,206.45,208.9,191.9,192.75,34862264,POWERGRID,188.5725,10.69563948286327,144.10245969703658,-6.635989343666737,1.071076523994812,1.08378728923476,0.9955901426718547,-3.2490923544910393,-0.9065824028605785,2.169057741920397,23772717.45,1.4664820743915417,25024596.2,1.3931199417315674,331964688,1.2902983846008165,8.819714656290532,17.0,2.450000000000017,14.549999999999983,17.0,10.117206372100387,0.3905797317395812,4.698533405757743,48.34179729801364,49.54128440366971,75.44046095675999,33.75899370853268
2017-03-06,191.9,196.2,188.0,193.85,30566964,POWERGRID,189.4625,10.333222799352972,144.5587858630918,0.5706874189364441,0.9899406757802425,1.012122775341759,0.9698220273407274,-1.7754709013090773,-0.2862762437144116,2.497181960840309,24615068.75,1.2417988473016148,27269406.6,1.1209251616058267,362531652,1.363680832848093,4.230074800103167,8.199999999999989,3.4499999999999886,4.75,8.199999999999989,9.861578855820335,0.4246013160845344,8.417225950782981,49.95872280766909,52.905198776758375,64.62793068297651,34.09769516436776
2017-03-13,194.55,197.6,190.05,192.55,25791371,POWERGRID,190.285,9.85735231879523,144.92737220546533,-0.6706216146504906,1.0103869124902622,1.026226954037912,0.9870163593871721,-1.6417381951658074,-0.8257357265750908,1.6856513261481112,24958397.5,1.0333744784696213,28657846.6,0.8999758900237814,336740281,1.237185711986112,3.9210594650739976,7.549999999999983,3.75,3.799999999999983,7.549999999999983,9.553368341710955,0.22977772598036184,4.846174789000823,47.913651009026495,48.929663608562706,50.45871559633026,32.85965036819925
2017-03-20,198.45,198.7,192.5,193.6,24593402,POWERGRID,191.2125,9.19914004848251,145.28123710635927,0.5453129057387596,1.025051652892562,1.0263429752066116,0.9943181818181819,-0.7269858453139882,-0.2390587993744211,2.0339591044025567,25670851.5,0.9580282913482632,27422325.4,0.8968386758330861,361333683,1.289261941085236,3.2024793388429695,6.199999999999989,6.149999999999977,0.05000000000001137,6.199999999999989,9.10625256281616,0.2595351290900099,3.779147681586692,49.82770869072804,52.14067278287459,51.32517838939855,33.2587771525286
2017-03-27,194.0,196.1,191.45,194.85,19954088,POWERGRID,192.255,8.281509206470654,145.57192018089304,0.6456611570248016,0.9956376700025661,1.0064151911726968,0.9825506800102642,-0.05386864991117313,0.34628050782407904,2.440560819748396,25935718.95,0.7693670662636479,27153617.8,0.7348592790460503,381287771,1.3144408662565237,2.386451116243267,4.650000000000006,2.5,2.1500000000000057,4.650000000000006,8.512085554440672,0.31334868262567744,-2.281845536609839,52.238595469772136,55.963302752293544,52.34454638124361,33.851363475780346
2017-04-03,194.65,199.9,194.25,196.2,24725298,POWERGRID,192.91000000000003,8.0336561775423,145.93715183544853,0.6928406466512715,0.9920998980632009,1.0188583078491336,0.9900611620795108,0.42305026695483305,0.8845467756641465,2.8525212508527535,25953316.1,0.9526835763388247,25126224.6,0.9840435001126273,406013069,1.3538026633172382,2.8797145769622867,5.650000000000006,5.050000000000011,0.5999999999999943,5.650000000000006,8.130474147181918,0.4095271103581705,-1.998001998001997,54.93698584814744,60.091743119266006,56.065239551478044,34.441434228636545
2017-04-10,196.85,197.95,193.1,195.3,16592182,POWERGRID,193.42249999999999,7.830212657595847,146.1749682171597,-0.4587155963302614,1.007936507936508,1.0135688684075779,0.9887352790578596,-0.0238864571546663,0.36668017285628474,2.204433932236914,25223659.65,0.6578023264756508,22331268.2,0.7430022268059098,389420887,1.2670422492323477,2.483358934971835,4.849999999999994,1.75,3.0999999999999943,4.849999999999994,7.693077594224328,0.23977637416765707,-5.0559066601847285,52.64889331266042,43.63636363636368,53.2304698359744,33.60700698758453
2017-04-17,195.35,203.15,194.5,202.3,19314990,POWERGRID,194.0125,8.040160298874358,146.48797971120413,3.584229390680993,0.9656450815620365,1.004201680672269,0.9614434008897677,2.2914317842072527,3.2693141914786907,5.122666591128931,24247621.55,0.7965725611549723,21035992.0,0.9181877422277019,408735877,1.3024900518383156,4.275827978250126,8.650000000000006,7.849999999999994,0.8000000000000114,8.650000000000006,7.820667248327752,1.0307630310754243,0.5967180507210346,65.53216572434599,71.28099173553723,58.336366163722296,38.100068277839114
2017-04-24,202.5,213.5,201.65,204.85,36031383,POWERGRID,195.0,8.100536044641919,147.08891193876386,1.2605042016806678,0.9885281913595314,1.0422260190383208,0.9843788137661704,2.338480676739481,3.834369096284265,5.7784028822875255,24562250.15,1.4669414560945673,23323588.2,1.544847331852652,444767260,1.374586671299439,5.784720527215033,11.849999999999994,11.199999999999989,0.6500000000000057,11.849999999999994,8.357911615217386,1.2159689118987693,0.8864811622752988,69.0694776454611,66.07843137254899,60.331928914816636,39.269505294378185
2017-05-01,206.0,210.15,204.25,208.0,17659682,POWERGRID,196.1625,8.21956707465507,147.3947610991991,1.5377105198925989,0.9903846153846154,1.0103365384615386,0.9819711538461539,2.5449928417630696,4.5349059452218325,6.604873451443346,24844221.7,0.7108164712601965,22864707.0,0.7723554909319416,462426942,1.3811969706054272,2.8365384615384643,5.900000000000006,5.300000000000011,0.5999999999999943,5.900000000000006,8.030190066521735,1.440161007567027,0.7507871155243429,73.01655023913749,78.43137254901961,71.93026521903528,41.11763433709329
2017-05-08,208.85,213.8,204.5,210.0,22940492,POWERGRID,197.4575,8.259273496151318,147.80047311064425,0.9615384615384581,0.9945238095238095,1.0180952380952382,0.9738095238095238,2.315423844719727,4.666369129004652,6.869821609881904,24679564.4,0.9295339102500529,22507745.8,1.0192265455565968,485367434,1.392742846923215,4.428571428571434,9.300000000000011,5.800000000000011,3.5,9.300000000000011,8.199498057652171,1.5185960370297198,8.94941634241244,75.32350307337563,85.27131782945733,76.59370725034198,42.083442346488866
2017-05-15,210.05,211.5,205.6,206.7,14084741,POWERGRID,198.85250000000002,7.234774848278313,148.0338944651952,-1.5714285714285792,1.0162070633768747,1.0232220609579101,0.9946782776971457,0.5039155213389322,2.6951586858427246,4.934400870354459,24696735.7,0.5703077998279749,22006257.6,0.6400334512125314,471282693,1.3012522076024264,2.8543783260764424,5.900000000000006,1.5,4.400000000000006,5.900000000000006,7.892898316631882,1.0846916683063699,6.628836729429977,64.77939221968626,72.4806201550387,78.72777017783854,39.63018452412464
2017-05-22,206.75,211.75,199.2,202.5,21818231,POWERGRID,199.795,6.320057877817646,148.36622311074998,-2.0319303338171224,1.0209876543209877,1.045679012345679,0.9837037037037036,-1.0398046477012115,0.5802721708516013,2.715780764989699,24951841.5,0.8744136580059632,22506905.8,0.9694016225011258,449464462,1.20200697014581,6.197530864197536,12.550000000000011,5.050000000000011,7.5,12.550000000000011,8.513845207747634,0.4280024095181333,5.167488963905464,53.73335148777019,56.201550387596875,71.3178294573643,36.486590919579534
2017-05-29,202.95,210.75,195.65,209.1,24794628,POWERGRID,200.9225,5.824844136158846,148.7844469935172,3.2592592592592506,0.9705882352941176,1.0078909612625537,0.9356767097082737,1.432933393401885,3.1871494757017684,5.304241054525181,25312204.5,0.9795522946253061,20259554.8,1.2238486109280151,474259090,1.228520825992301,7.221425155428022,15.099999999999994,8.25,6.849999999999994,15.099999999999994,9.39199918004795,1.4039002261428026,8.006198347107429,64.65984425004935,81.78294573643406,70.15503875968987,40.53888307902965
2017-06-05,208.9,209.7,202.05,205.3,20724258,POWERGRID,201.2175,5.8926867029365475,149.107873345421,-1.8173122907699568,1.017535314174379,1.0214320506575743,0.984169508037019,-0.2609957052757538,1.1958790148322653,3.2555142269497592,23937344.95,0.8657709551033562,20872470.0,0.9928991633477016,453534832,1.149045081903428,3.7262542620555172,7.649999999999977,0.5999999999999943,7.049999999999983,7.649999999999977,9.15973262270822,0.6928079169668985,5.363099820374662,55.89100291477631,67.05426356589149,68.34625322997412,37.685553011949395
2017-06-12,205.55,208.5,202.2,206.2,17175988,POWERGRID,201.51749999999998,5.990085558655893,149.3773811856737,0.4383828543594648,0.996847720659554,1.0111542192046556,0.9806013579049466,0.11774193891652969,1.394681841811247,3.3712931533788466,23094533.95,0.7437252484586293,19719569.2,0.87101233428568,470710820,1.16938601497845,3.0552861299709075,6.300000000000011,3.1999999999999886,3.1000000000000227,6.300000000000011,8.778434939680459,0.7817083669587358,5.096839959225274,57.46729740214694,67.9999999999999,72.27906976744181,38.039640515384775
2017-06-19,206.45,213.15,206.0,212.4,26736008,POWERGRID,201.85250000000002,6.409008359950287,149.83709433745813,3.0067895247332777,0.9719868173258003,1.0035310734463276,0.9698681732580038,2.0222171619729803,3.6625641476250257,5.675913029854806,23464188.75,1.1394388395379746,22249822.6,1.2016279176985438,497446828,1.2111576122459877,3.366290018832394,7.150000000000006,6.950000000000017,0.19999999999998863,7.150000000000006,8.561310281056398,1.6457304168786884,8.75576036866359,66.8763424247534,93.7360178970917,76.26342715432769,41.75395014110443
2017-06-26,212.25,215.0,200.0,206.0,39082471,POWERGRID,202.0975,6.472075136999365,150.42963638403177,-3.0131826741996215,1.0303398058252426,1.0436893203883495,0.970873786407767,-0.6811685268509462,0.5739055129912187,2.516667962359534,24475853.75,1.59677661907912,25702670.6,1.5205607078044254,458364357,1.096826677896059,7.281553398058252,15.0,2.5999999999999943,12.400000000000006,15.0,9.419802243582211,0.6029750763692944,1.8289668808699977,52.92999165691495,61.78343949044588,74.50648579584582,36.94110080416779
2017-07-03,206.0,212.65,201.5,211.45,21458608,POWERGRID,202.51749999999998,6.801320982374028,150.78107979228014,2.6456310679611628,0.9742255852447388,1.0056751004965714,0.9529439583825964,1.275886445869634,2.68847563696729,4.610140144520649,24010233.75,0.8937275756426153,25035466.6,0.8571283428765812,479822965,1.1300185375414034,5.2731142113974965,11.150000000000006,6.650000000000006,4.5,11.150000000000006,9.65049527777125,1.313347807455204,3.22186966072735,60.93467181277712,83.7899543378995,79.76980390847902,40.23642773436754
2017-07-10,213.0,213.0,208.2,211.35,14994802,POWERGRID,202.7625,7.034686148688114,151.02386671428368,-0.047292504138096714,1.007806955287438,1.007806955287438,0.9850958126330731,0.8194501663248427,2.264942404691202,4.184589334101338,23695092.55,0.6328231032800925,23889575.4,0.6276713482316643,464828163,1.0822158943647524,2.271114265436485,4.800000000000011,1.5500000000000114,3.25,4.800000000000011,9.003762574068418,1.22073676330272,1.6105769230769118,60.71606949516482,83.33333333333331,76.30224238722622,39.944768067583006
2017-07-17,212.5,217.45,210.9,216.7,24656454,POWERGRID,203.95999999999998,7.274949809920368,151.45391753544033,2.5313461083510846,0.9806183664051685,1.0034610059990772,0.9732348869404708,2.178713406099846,4.009607398898346,6.00428492285244,23184802.05,1.0634748550721398,25385668.6,0.9712745560697975,489484617,1.1191003265217503,3.022611905860629,6.549999999999983,6.099999999999994,0.44999999999998863,6.549999999999983,8.676594230859294,1.7512148307370194,3.190476190476188,67.83850066891372,96.73202614379085,87.95177127167455,43.07982489082333
2017-07-24,216.95,220.0,213.25,216.75,21032739,POWERGRID,205.10500000000002,7.401011666267593,151.81661578392408,0.023073373327187063,1.0009227220299883,1.0149942329873125,0.9838523644752019,1.4675192467568887,3.4557861526100595,5.523803910266585,22708090.8,0.9262222520265773,24245014.8,0.867507781434722,510517356,1.1477704473885215,3.1141868512110724,6.75,3.3000000000000114,3.4499999999999886,6.75,8.419715000078055,1.5734335419407164,4.862119013062416,67.90125814456954,86.652977412731,88.90611229661839,42.770933787967984
2017-07-31,217.5,224.2,212.05,223.3,32859799,POWERGRID,206.6425,7.836743332064045,152.43162254749404,3.0219146482122206,0.974025974025974,1.0040304523063144,0.9496193461710704,2.9051643431394396,5.389450381593874,7.603795145937137,23061512.2,1.4248761622839288,23000480.4,1.4286570727453154,543377155,1.193914557514354,5.441110613524396,12.149999999999977,7.449999999999989,4.699999999999989,12.149999999999977,8.917086333400977,2.125564063307499,10.271604938271617,75.21236945871101,96.84763572679518,93.41087976110566,46.49191307428685
2017-08-07,223.8,226.25,219.25,225.95,25402114,POWERGRID,208.26,8.326315290439599,152.9173546161005,1.186744290192565,0.9904846204912592,1.0013277273733128,0.9703474219960169,2.695945114178747,5.5706291665409315,7.963488241117264,23101947.8,1.0995658989412138,23789181.6,1.067801088205573,568779269,1.2218815821867623,3.0980305377295863,7.0,2.9499999999999886,4.050000000000011,7.0,8.661474822280846,2.124589255022798,8.058345289335245,77.59468320024932,99.01960784313721,94.17340699422112,47.75955323530685
2017-08-14,226.5,226.6,212.0,222.75,16013685,POWERGRID,209.65500000000003,8.298492253670506,153.2070060401778,-1.416242531533518,1.0168350168350169,1.017283950617284,0.9517396184062851,0.8653910918030263,3.612058336430686,6.087860773993611,22904927.65,0.69913711340625,23992958.2,0.6674327053176794,552765584,1.1660036552145145,6.5544332210998855,14.599999999999994,0.6500000000000057,13.949999999999989,14.599999999999994,9.453278179310066,1.5779974963774799,8.499756453969788,68.43102284374598,87.56058158319873,94.47594171771037,45.39152337562481
2017-08-21,223.7,224.95,218.7,220.3,11803491,POWERGRID,210.85999999999999,7.985753762664716,153.41150344463168,-1.0998877665544304,1.0154334997730368,1.0211075805719472,0.9927371765773944,-0.15806970585831145,2.1772362146680604,4.623158140973624,22258837.3,0.5302833585112732,21422365.6,0.550989149396274,540962093,1.1250918584885783,2.837040399455288,6.25,2.1999999999999886,4.050000000000011,6.25,9.026174422068726,1.1821050686704435,6.838021338506306,61.966209859860335,79.6445880452343,88.74159249052339,43.6007046756499
2017-08-28,221.95,222.35,216.65,217.1,15303334,POWERGRID,211.95,7.1991775846103305,153.66219192648902,-1.4525646845211182,1.0223399355135883,1.0241824044219254,0.9979272224781207,-1.089583160450152,0.6303025785011652,2.9492166140877396,22194394.9,0.6895134590941248,20276484.6,0.7547330960910255,525658759,1.0779917162881818,2.6255181943804646,5.699999999999989,2.049999999999983,3.6500000000000057,5.699999999999989,8.582684499126227,0.7153594892573774,2.2128060263653326,54.24330198966696,69.30533117932147,78.83683360258483,41.283940622075214
2017-09-04,217.3,220.0,212.8,217.6,25164054,POWERGRID,212.715,6.92755937884241,154.07336417219622,0.2303086135421406,0.9986213235294118,1.0110294117647058,0.9779411764705883,-0.571533407272464,0.7359717297502687,2.9078677221595304,22486848.1,1.119056520864745,18737335.6,1.3429899819908226,550822813,1.1133757642614417,3.30882352941176,7.199999999999989,2.9000000000000057,4.299999999999983,7.199999999999989,8.398326565909395,0.705154547634678,5.631067961165037,55.24883922655745,66.16541353383458,71.70511091946344,41.231419959653
2017-09-11,217.5,217.6,210.65,215.6,16053975,POWERGRID,213.2525,6.698457697584932,154.32475710445354,-0.9191176470588203,1.0088126159554731,1.0092764378478665,0.9770408163265306,-1.0029859907931034,-0.15843845059504796,1.8399320422700438,21487977.7,0.7471142805588448,16867707.8,0.9517579501821818,534768838,1.0711824691831535,3.2235621521335758,6.949999999999989,0.0,6.949999999999989,6.949999999999989,8.205216357121474,0.350453806828752,1.9626389217309193,50.161168198983184,58.64661654135337,64.70578708483647,39.70538755105429
2017-09-18,215.6,217.35,208.1,215.35,19296544,POWERGRID,213.61999999999998,6.595959688365703,154.622999019963,-0.1159554730983281,1.0011609008590667,1.0092872068725331,0.9663338750870676,-0.7468269626654201,-0.23546782957295515,1.5821464404642247,21569820.8,0.894608452194466,17524279.6,1.1011319403965683,515472294,1.0270735046185906,4.295333178546552,9.25,1.75,7.5,9.25,8.34452084283861,0.2622817727421049,1.8925952211970687,49.50367506057014,57.70676691729323,60.83959899749372,39.27423563437459
2017-09-25,216.4,216.4,207.65,210.15,19454000,POWERGRID,213.6275,6.591710803411246,154.89524295561054,-2.414673786858601,1.0297406614323104,1.0297406614323104,0.9881037354270759,-2.159819768133859,-2.32775771224039,-0.7820336285614573,21395496.2,0.9092567808733504,19054381.4,1.0209725307587263,496018294,0.9872640271256264,4.163692600523436,8.75,1.0500000000000114,7.699999999999989,8.75,8.39858473046013,-0.5275565181349229,-3.0226119058606282,37.65733062273111,38.15789473684214,51.503759398496236,35.67233956966918
2017-10-02,213.5,213.5,205.0,211.0,22427522,POWERGRID,213.84250000000003,6.421802399066062,155.21058233219554,0.4044729954794102,1.0118483412322274,1.0118483412322274,0.9715639810426541,-1.1655169803264804,-1.6418887605713683,-0.344703016376032,21812635.25,1.028189475638896,20479219.0,1.09513561039608,518445816,1.0270825413007187,4.028436018957346,8.5,3.3499999999999943,5.150000000000006,8.5,8.412106766398779,-0.4426327413022582,-2.6528258362168433,40.349631153069325,37.848605577689256,44.57108907727487,35.94433886498729
2017-10-09,212.15,212.25,199.65,200.95,43108430,POWERGRID,213.76500000000001,6.573453390243464,155.69944106926127,-4.763033175355458,1.055735257526748,1.0562328937546654,0.993530729037074,-4.150034279999635,-5.764498042073983,-4.91625433400049,22877145.2,1.884344817639222,24068094.2,1.791102762095721,475337386,0.9392741136881688,6.270216471759142,12.599999999999994,1.25,11.349999999999994,12.599999999999994,8.970492530878941,-1.9495080042737463,-10.008956560680705,25.390541852177435,4.823747680890477,26.94341599847395,29.062762602088902
2017-10-16,201.05,208.6,200.2,205.75,30839439,POWERGRID,213.5975,6.739172114547362,156.07922618417365,2.3886538940034896,0.9771567436208992,1.0138517618469016,0.9730255164034022,-1.146859096203908,-2.826075535031142,-2.26291388926342,23179385.75,1.3304683451329162,27025187.0,1.1411369327435181,506176825,0.9970690732602154,4.082624544349942,8.400000000000006,7.650000000000006,0.75,8.400000000000006,8.894426860095082,-1.1644605400506345,-8.94003098030537,38.047939482359,22.634508348794053,21.768953869124587,31.824077444627246
2017-10-23,205.25,214.25,203.95,213.55,21455264,POWERGRID,214.01,6.45087917304938,156.3810244990591,3.7910085054678078,0.9611332240693046,1.003277920861625,0.9550456567548582,1.698380522769196,0.7968757748296076,1.3495903145729204,23215936.05,0.9241610570339247,27456931.0,0.781415228089403,527632089,1.0318017974466631,4.823226410676662,10.300000000000011,8.5,1.8000000000000114,10.300000000000011,9.081836612082405,-0.07130810974134771,-4.130190796857458,52.99865807946471,51.57699443413733,26.345083487940613,36.557488790006545
2017-10-30,213.3,219.0,210.4,212.4,34304279,POWERGRID,214.32,6.199902376142974,156.84745629570065,-0.5385155701240985,1.0042372881355932,1.0310734463276836,0.9905838041431262,0.7774298827286964,0.22265061224722224,0.7475106436156337,24072350.6,1.425048993761332,30426986.8,1.1274293844962657,493327810,0.9625899743731462,4.048964218455741,8.599999999999994,5.449999999999989,3.1500000000000057,8.599999999999994,9.017591730471418,-0.30968229554518245,-3.586019064911483,50.90864504600072,47.30983302411876,40.507111935683376,35.41819868571379
2017-11-06,212.7,220.5,208.65,210.7,44661310,POWERGRID,214.23499999999999,6.239140038584782,157.42496678604437,-0.8003766478342778,1.0094921689606076,1.0465116279069768,0.9902705268153774,-0.015421271660906222,-0.4991891380786176,-0.048851499864128935,24968615.7,1.7886978812365637,34873744.4,1.2806571467559418,448666500,0.8796322496979284,5.624110109159941,11.849999999999994,8.099999999999994,3.75,11.849999999999994,9.395246166408562,-0.5665844937184383,-2.947950253339482,47.70013975224724,41.001855287569526,46.62956091527519,33.84154006928362
2017-11-13,211.6,213.35,205.0,211.0,27481650,POWERGRID,214.48499999999999,5.986873799802025,157.77618015798123,0.14238253440912452,1.0028436018957345,1.0111374407582938,0.9715639810426541,0.08452049940299589,-0.30539939631617274,0.08561488102879747,24388574.65,1.1268247691547648,31748388.4,0.8656077169573748,476148150,0.9318867887478606,3.9573459715639783,8.349999999999994,2.6500000000000057,5.699999999999989,8.349999999999994,9.25588001088742,-0.5821068084173125,-3.0330882352941124,48.36280486345868,42.11502782931354,43.475572047000604,33.733748521941514
2017-11-20,211.0,211.05,204.4,208.8,27606842,POWERGRID,214.35250000000002,6.0860815109488815,158.1099943974684,-1.0426540284360186,1.010536398467433,1.0107758620689655,0.978927203065134,-0.6454858704532872,-1.1676489023920826,-0.8865293187787938,24695986.35,1.1178675598838756,31101869.0,0.8876264638629916,448541308,0.8805519163407752,3.1848659003831443,6.650000000000006,0.05000000000001137,6.599999999999994,6.650000000000006,8.908429342769098,-0.912327577277932,-3.153988868274571,43.679810296297305,36.166007905138386,39.760963674007144,32.05996293637415
2017-11-27,208.95,211.85,205.1,210.15,30168328,POWERGRID,214.29250000000002,6.123042651803804,158.47940542902046,0.6465517241379226,0.9942897930049963,1.0080894599095884,0.9759695455626932,0.000706004439224267,-0.4437854219209458,-0.21856631746018834,25454662.65,1.1851788575952706,32844481.8,0.9185204438207942,478709636,0.93849797114507,3.2119914346895073,6.75,3.049999999999983,3.700000000000017,6.75,8.620638763733218,-0.6765427313787635,-2.414673786858601,47.293379205581296,46.25550660792953,41.51218078079381,32.603980581011015
2017-12-04,210.0,210.0,200.9,202.75,35676368,POWERGRID,213.59500000000003,6.609580367284903,158.8479472242796,-3.5212943135855324,1.0357583230579532,1.0357583230579532,0.9908754623921086,-2.4327221805741166,-3.522683838999575,-3.5533287413714905,26005658.35,1.3718694416363428,33118899.6,1.0772208144258513,443033268,0.8725282787713192,4.48828606658446,9.099999999999994,0.15000000000000568,9.25,9.25,8.704553595235456,-1.640800080694829,-3.5212943135855324,33.64147753104804,14.868105515587507,32.42987334288514,27.637784146958143
2017-12-11,202.0,205.4,196.85,204.3,32067644,POWERGRID,212.9725,6.877642554341004,159.18552490080629,0.7644882860665891,0.9887420460107684,1.005384238864415,0.9635340186000978,-1.1037181338273814,-2.3462309559771932,-2.5370416974399435,26557403.6,1.207484153307818,30600166.4,1.0479565235305388,475100912,0.938958286866973,4.1850220264317235,8.550000000000011,2.6500000000000057,5.900000000000006,8.550000000000011,8.683946449204065,-1.2609698645251795,-3.1753554502369608,37.969094466206236,31.501057082452494,30.874889735323165,28.34081498761023
2017-12-18,204.5,204.5,193.4,199.9,40917204,POWERGRID,211.8025,7.017243329640749,159.56774334059787,-2.1536955457660323,1.0230115057528764,1.0230115057528764,0.9674837418709354,-2.219408420013122,-3.9419780646300633,-4.39448632927162,26960273.85,1.5176850290042583,33287277.2,1.2292145060155295,434183708,0.8674521367162354,5.5527763881940935,11.099999999999994,0.19999999999998863,10.900000000000006,11.099999999999994,9.006086922643522,-1.696178889753472,-0.5225180393132578,31.28608330350022,23.98523985239853,23.4514674834795,25.275946012041295
2017-12-25,200.7,204.8,199.2,203.05,27850907,POWERGRID,210.65750000000003,6.431118323803108,159.8438278126204,1.5757878939469672,0.9884264959369612,1.0086185668554544,0.9810391529180004,-0.42242384687063583,-1.9966992582525827,-2.543723216545752,27082713.5,1.0283647168515813,33336090.2,0.8354581126013392,462034615,0.9330444930701333,2.757941393745394,5.600000000000023,4.900000000000006,0.700000000000017,5.600000000000023,8.55194199962439,-1.182920235170116,-1.3122721749696198,40.00851089739028,35.60885608856091,30.36505100780397,27.030241191438925
2018-01-01,202.9,204.5,198.5,200.2,26169749,POWERGRID,209.53000000000003,6.170950621984161,160.08316861525412,-1.4035951736025676,1.0134865134865136,1.0214785214785216,0.9915084915084915,-1.234675864492462,-2.9560287614736334,-3.6698855271044675,27590516.7,0.9485052159244267,32536374.4,0.8043228381340486,435864866,0.8907102344514399,2.997002997002997,6.0,1.4499999999999886,4.550000000000011,6.0,8.211683066341138,-1.5119226471788139,-6.25146335752752,35.327041864915415,25.09225092250917,28.228782287822863,25.059993334566705
2018-01-08,201.25,203.25,199.3,200.55,18841832,POWERGRID,208.54250000000002,5.932410422507195,160.2552282697577,0.17482517482518833,1.0034904013961605,1.0134629768137622,0.993767140363999,-0.7053340250025383,-2.37972842417789,-3.198214039636601,27942433.75,0.674308908399935,29169467.2,0.6459436461698553,454706698,0.9374767063625764,1.9695836449763093,3.9499999999999886,3.0500000000000114,0.8999999999999773,3.9499999999999886,7.643458657495652,-1.347260123756266,-5.5790960451977405,36.381870126112965,26.3837638376384,29.028290282902816,25.144123012582213
2018-01-15,201.1,201.9,195.15,199.3,26871044,POWERGRID,207.6525,5.9162015507835,160.49055900242303,-0.6232859636000954,1.0090316106372301,1.0130456598093327,0.979177119919719,-0.8913020194489396,-2.5901564137432858,-3.5250125782490116,28520819.25,0.9421554045997469,28130147.2,0.9552400778052097,427835654,0.8910618354668182,3.3868539889613642,6.75,1.3499999999999943,5.400000000000006,6.75,7.524330836496232,-1.4118011241340902,-5.410536307546265,34.09056411624269,21.771217712177148,24.415744157441566,24.18175949962954
2018-01-22,199.1,199.8,194.0,195.3,38664582,POWERGRID,206.5375,6.04280509540661,160.78984844997825,-2.007024586051176,1.0194572452636967,1.023041474654378,0.9933435739887352,-1.9717920890123741,-4.021146250862573,-5.174895492104164,29195845.65,1.324317934253773,27679622.8,1.396860870517354,389171072,0.8244123036337434,2.969790066564266,5.800000000000011,0.5,5.300000000000011,5.800000000000011,7.294420058296737,-1.8596495870009242,-7.440758293838856,27.658809784607826,7.01107011070113,18.388683886838887,21.46289201880669
2018-01-29,195.3,196.95,193.15,194.15,28879910,POWERGRID,205.465,6.249675781065812,161.00272348033906,-0.5888376856118871,1.00592325521504,1.014421838784445,0.9948493432912696,-1.717198025527062,-3.9748200410292407,-5.3147171369591355,29837142.4,0.9679180939257777,27885423.4,1.035663313614955,360291162,0.7776041898647109,1.957249549317529,3.799999999999983,1.6499999999999773,2.1500000000000057,3.799999999999983,6.82849738385717,-1.8104939194254253,-7.016283524904221,26.0297006132122,3.656307129798904,10.812864984225717,20.58802224156708
2018-02-05,193.8,196.95,189.0,196.5,55298354,POWERGRID,204.52249999999998,6.100053386308112,161.43120677846642,1.2104043265516395,0.9862595419847329,1.0022900763358777,0.9618320610687023,-0.33382187160673105,-2.3411616617920425,-3.7172924739384174,31637232.9,1.7478884507627088,33711144.4,1.6403582549395743,415589516,0.9067260615146124,4.045801526717552,7.949999999999989,2.799999999999983,5.150000000000006,7.949999999999989,6.978031066009546,-1.3151524244044979,-6.495360456816557,35.0498692939252,23.809523809523807,11.492300350007937,21.723676556329547
2018-02-12,190.0,199.05,190.0,198.5,49657270,POWERGRID,203.94,6.09062264555488,161.82870550413625,1.0178117048346147,0.9571788413098237,1.0027707808564232,0.9571788413098237,0.4513988320042805,-1.1228712481128698,-2.449591806220772,33147396.4,1.4980745214728237,39874232.0,1.2453473712045413,465246786,1.0184863325004183,4.559193954659955,9.050000000000011,2.5500000000000114,6.5,9.050000000000011,7.254293590541608,-0.8931763329600256,-2.0961775585696674,41.99574740535498,39.01437371663245,22.160068218651713,22.66056221708234
2018-02-19,198.45,198.45,193.6,194.15,18715680,POWERGRID,203.0975,6.226523804196864,161.95880844592153,-2.1914357682619623,1.0221478238475405,1.0221478238475405,0.9971671388101983,-1.1860153896374026,-2.904484497628811,-4.3495938316091785,32961804.3,0.567799014570328,38243159.2,0.48938634755885957,446531106,0.9852708466513278,2.498068503734223,4.849999999999994,0.05000000000001137,4.900000000000006,4.900000000000006,6.940387778469395,-1.436997638067184,-4.968184043073909,33.10968521578987,22.53829321663023,28.454063580928818,19.87615978591692
2018-02-26,194.9,197.2,189.25,196.15,35552105,POWERGRID,202.85750000000002,6.403643596875857,162.2182647035294,1.0301313417460767,0.9936273260260005,1.0053530461381595,0.9648228396635228,-0.10286307383159737,-1.5902071965972122,-3.011814965789837,32583988.05,1.0910912729726465,37620663.8,0.9450153561617911,482083211,1.0629254988957464,4.053020647463669,7.949999999999989,3.049999999999983,4.900000000000006,7.949999999999989,7.075002741340141,-1.0474505488207364,-1.8759379689844868,39.86044827898825,31.29102844638953,30.94789845988406,20.91733342018197
2018-03-05,197.25,198.5,194.25,196.95,21503088,POWERGRID,202.4175,6.4960975127192,162.37694506532605,0.4078511343359681,1.0015232292460017,1.0078700177710078,0.9862909367859863,0.20249947725456707,-1.0093314834622735,-2.3772711182772466,32117170.5,0.6695200002129702,36145299.4,0.5949068995676932,503586299,1.110653964245126,2.157908098502158,4.25,2.3499999999999943,1.9000000000000057,4.25,6.698335709161455,-0.8416591637201827,-3.0041861610440868,42.53705994469939,37.8571428571428,30.562154840054177,21.291849603873757
2018-03-12,197.1,197.5,191.25,195.0,30130838,POWERGRID,201.48999999999998,6.137323263616237,162.58446521343546,-0.9900990099009799,1.0107692307692306,1.0128205128205128,0.9807692307692307,-0.5303170186485974,-1.7309355413973493,-3.117623510338344,32550949.2,0.9256515935946962,31111796.2,0.9684698950297187,473455461,1.0504765968218783,3.205128205128205,6.25,0.5500000000000114,5.699999999999989,6.25,6.6385576146065945,-1.057464259455667,-2.597402597402587,37.80483812365278,36.58536585365852,35.244512385730275,19.93765809298601
2018-03-19,194.9,197.15,191.35,194.2,27653410,POWERGRID,200.58,5.772995209094702,162.76796922574587,-0.41025641025641546,1.0036045314109168,1.01519052523172,0.9853244078269825,-0.6296320584843134,-1.8428678707039157,-3.247211821865676,32218405.75,0.8583109361331449,26711024.2,1.0352807811839728,445802051,0.994363408585527,2.9866117404737444,5.800000000000011,2.1500000000000057,3.6500000000000057,5.800000000000011,6.526749932659051,-1.105145555975701,-3.166292695088513,35.913543595406665,32.9113924050632,35.784633705288165,19.310943623472046
2018-03-26,194.1,196.1,191.0,194.9,31062555,POWERGRID,199.79000000000002,5.383151102234975,162.9761062642859,0.3604531410916767,0.995895330938943,1.0061570035915854,0.9799897383273474,-0.17880809221021446,-1.2660775804032924,-2.6366914203307013,31538468.0,0.9849100787013497,29180399.2,1.0645006871598932,476864606,1.0603140966063986,2.616726526423804,5.099999999999994,1.9000000000000057,3.1999999999999886,5.099999999999994,6.33651660830451,-0.9083898830129041,-2.2077270446563046,38.99484564875251,37.341772151898745,35.61284347020681,19.588082245593448
2018-04-02,195.1,196.35,192.3,194.9,16020571,POWERGRID,198.98499999999999,4.789657168263059,163.08240286865146,0.0,1.0010261672652643,1.0074397126731656,0.986659825551565,-0.11920539480682421,-1.0852093546313915,-2.4169671353031417,30965414.05,0.5173698299054392,25274092.4,0.6338732464236777,476864606,1.0602296467494134,2.0779887121600735,4.049999999999983,1.4499999999999886,2.5999999999999943,4.049999999999983,6.03164772719724,-0.8528794142235824,-0.20481310803891484,38.99484564875251,38.06451612903229,36.105893561998066,19.510135104505927
2018-04-09,194.8,199.9,194.55,195.85,20920417,POWERGRID,198.33750000000003,4.236336395123932,163.22426165160007,0.4874294510005095,0.9946387541485832,1.0206790911411796,0.993362267041103,0.2442919532027824,-0.5098973845187406,-1.7601633228561027,30631092.8,0.6829797792914525,25157558.2,0.8315758164478777,497785023,1.1007171215774492,2.731682410007656,5.349999999999994,5.0,0.3499999999999943,5.349999999999994,5.940761363570941,-0.5871818873645583,0.875611640484153,43.87099229509827,48.07017543859645,41.15882123984249,19.988289742145753
2018-04-16,196.85,200.9,195.8,199.2,16850629,POWERGRID,197.79000000000002,3.2134421616602777,163.34927470429025,1.7104927240234824,0.98820281124498,1.0085341365461848,0.9829317269076306,1.2812736915487428,1.011775375395885,-0.04476566875629281,29965207.85,0.5623398003561654,22501516.4,0.7488663741791198,514635652,1.1334755327081356,2.560240963855419,5.099999999999994,5.050000000000011,0.04999999999998295,5.099999999999994,5.828659848428147,0.438781819950812,1.3740458015267132,57.645567236976625,79.06976744186034,55.06815300316302,21.94728159069576
2018-04-23,203.2,209.6,202.2,206.8,29523556,POWERGRID,197.9925,3.6415466277565818,163.61221618948727,3.81526104417671,0.9825918762088974,1.0135396518375241,0.9777562862669245,3.2728230798082123,3.985406140282651,3.3292671931903906,29657567.25,0.9954813808944495,22875545.6,1.290616473864562,544159208,1.1853006372521033,3.578336557059964,7.400000000000006,10.400000000000006,3.0,10.400000000000006,6.4381718686377285,2.41861519302472,4.181360201511342,74.211911582445,86.40776699029135,71.18256995691604,26.396429812120424
2018-04-30,208.2,210.0,203.9,207.85,17148423,POWERGRID,198.17000000000002,4.030880797049204,163.76716459952448,0.5077369439071555,1.0016839066634593,1.0103439980755353,0.9809959105123888,2.507641128712486,3.8318099858158003,3.4994856110454284,28911606.2,0.5931328367359957,20092719.2,0.8534645226117529,561307631,1.211281173377166,2.934808756314647,6.099999999999994,3.1999999999999886,2.9000000000000057,6.099999999999994,6.393082286152698,2.401460248362144,7.056399690960591,75.72548007214905,89.76190476190473,85.07981306468547,26.917993914271822
2018-05-07,207.0,210.0,203.25,209.3,22198466,POWERGRID,198.64,4.730516829449418,163.97268386710203,0.6976184748616943,0.9890109890109889,1.0033444816053512,0.9710941232680362,2.122036020394623,3.855470775585881,3.8206915618783843,27975669.3,0.793491864732616,21328298.2,1.0407987450212977,583506097,1.2392188334081395,3.2250358337314857,6.75,2.1500000000000057,4.599999999999994,6.75,6.440671314665672,2.2534535621218232,6.704053020647471,77.80150720553021,96.66666666666673,90.94544613962093,27.64321170081917
2018-05-14,209.5,214.0,204.7,209.05,40672515,POWERGRID,198.94,5.19259594341779,164.34241593009241,-0.11944577161968617,1.002152595072949,1.0236785458024396,0.9791915809614924,1.3366567458138892,3.206136741026245,3.3968660539394966,28616749.7,1.4212835289257186,25278717.8,1.6089627378173428,542833582,1.1430337068756053,4.448696484094719,9.300000000000011,4.699999999999989,4.600000000000023,9.300000000000011,6.821915139376918,1.9470030231825752,6.143691292206155,76.49994947148998,80.00000000000004,88.80952380952381,27.203922868533954
2018-05-21,209.0,216.0,208.65,212.65,71555937,POWERGRID,199.5625,6.0302935906549004,165.0295901176209,1.7220760583592343,0.9828356454267576,1.0157535857042088,0.981189748412885,2.004633882631523,4.152670259157708,4.61292551702193,30886059.1,2.3167713552681763,36219779.4,1.9756038878580249,614389519,1.2698399555001136,3.4563837291323742,7.349999999999994,6.949999999999989,0.4000000000000057,7.349999999999994,6.892326454126661,2.1702923420315066,9.051282051282051,81.61131094064112,87.47663551401871,88.04776739356181,28.85567966837874
2018-05-28,213.75,214.0,206.3,206.95,52014925,POWERGRID,199.8825,6.2512161974601606,165.45862406776342,-2.6804608511638905,1.0328581783039381,1.0340661995651124,0.9968591447209472,-0.4629607952272153,1.296649973188345,1.820216124322229,32544713.75,1.5982603319102784,40718053.2,1.2774413537040124,562374594,1.149543362781333,3.720705484416521,7.699999999999989,1.3499999999999943,6.349999999999994,7.699999999999989,7.000016260243106,1.1305799986363434,6.5653964984552005,58.403776993462714,66.16822429906539,77.88161993769471,25.076587071849342
2018-06-04,208.25,212.7,200.35,201.7,201190131,POWERGRID,200.0025,6.262471241662625,166.8386554717174,-2.536844648465808,1.0324739712444224,1.0545364402578086,0.9933068914229053,-2.051924430911498,-1.0906931994419198,-0.6740080167685776,41260668.1,4.87607545550141,77526394.8,2.5951178501079997,361184463,0.7433567378543977,6.12295488349033,12.349999999999994,5.75,6.599999999999994,12.349999999999994,7.713347425544024,0.27105912897562806,3.4889687018984095,44.849685886539426,42.799999999999955,65.48161993769467,20.895244228452984
2018-06-11,200.8,203.95,194.5,195.7,34706365,POWERGRID,200.02249999999998,6.247283093685721,167.0270029621347,-2.974714923153199,1.026060296371998,1.042156361778232,0.99386816555953,-3.453834637080061,-3.5914715745416563,-3.4472072844508745,41062757.25,0.8452029849992598,80027974.6,0.4336779129232143,326478098,0.6762903311755345,4.828819621870204,9.449999999999989,2.25,7.199999999999989,9.449999999999989,7.944901102138152,-0.6919007727325251,0.4104669061056887,34.34037288587767,18.799999999999955,42.58940809968842,17.16668354778868
2018-06-18,196.45,199.5,193.4,198.65,25492550,POWERGRID,200.2475,6.104042556071806,167.17786280964896,1.507409299948903,0.9889252454064937,1.0042788824565818,0.9735716083564058,-1.2783469703047923,-1.759811529845608,-1.7517422272159442,40893389.25,0.6233904909214636,76991981.6,0.33110655772496705,351970648,0.7297263096396768,3.070727410017616,6.099999999999994,3.8000000000000114,2.299999999999983,6.099999999999994,7.698914288519731,-0.2617118057951502,1.4296655603778463,42.04457532576771,30.600000000000023,30.733333333333302,18.825541050363626
2018-06-25,197.55,199.7,191.5,194.2,24514576,POWERGRID,200.1325,6.199284232878813,167.301262378447,-2.240120815504665,1.0172502574665294,1.0283213182286304,0.9860968074150361,-2.399394526780129,-3.507076182450339,-3.743056783299402,39354200.35,0.622921461546099,67583709.4,0.3627290691445829,327456072,0.6851609937988491,4.222451081359417,8.199999999999989,1.049999999999983,7.150000000000006,8.199999999999989,7.765725716717099,-0.9569653168241781,-2.510040160642568,34.91413345992551,12.799999999999956,20.733333333333302,16.07802430127884
2018-07-02,193.9,194.7,183.15,185.05,37711330,POWERGRID,199.46,7.056027658378994,167.42507606703631,-4.711637487126663,1.0478249121858956,1.0521480680897053,0.9897325047284518,-4.975096522023597,-7.39294026154408,-8.133350401010606,38756903.35,0.9730222680445392,64722990.4,0.5826574107119747,289744742,0.6175942678992028,6.241556336125361,11.549999999999983,0.5,11.049999999999983,11.549999999999983,8.270295621154817,-2.0422255548967696,-10.517408123791105,24.896687122790766,5.783866057838679,16.39462201927954,10.527051471015458
2018-07-09,184.05,189.25,180.55,184.5,25776476,POWERGRID,198.97750000000002,7.735469825490406,167.5061060579026,-0.29721696838692635,0.9975609756097562,1.0257452574525745,0.9785907859078592,-3.525353609396467,-6.611212986753705,-7.751057546873138,39109943.15,0.659077306789693,29640259.4,0.8696440760569053,263968266,0.5738160001002708,4.715447154471539,8.699999999999989,4.199999999999989,4.5,8.699999999999989,8.327589538334173,-1.871573456636448,-11.23406302622083,24.410918586814475,11.142454160789816,9.908773406209475,10.145238488334893
2018-07-16,185.0,185.35,180.6,181.35,22270839,POWERGRID,198.2375,8.671472815473372,167.56263635630734,-1.7073170731707332,1.0201268265784396,1.0220567962503446,0.9958643507030603,-3.54904049603401,-7.254017705570407,-8.820775338378388,38445879.85,0.5792776517767741,27153154.2,0.8201934418359397,241697427,0.5394993289916824,2.619244554728426,4.75,0.8499999999999943,3.9000000000000057,4.75,7.850577599889617,-1.9474777075776528,-13.354037267080754,21.622889389082303,2.2566995768687823,6.394339931832417,8.228184960264668
2018-07-23,180.7,183.8,174.1,177.05,15825430,POWERGRID,197.2425,9.883922018799232,167.59008552305949,-2.3711055969120376,1.0206156452979382,1.0381248234961875,0.9833380401016661,-4.042618823141362,-8.450475382604719,-10.508389195031583,38161996.95,0.4146908250303185,25219730.2,0.6275019547988662,225871997,0.5203015397579568,5.478678339452141,9.700000000000017,2.450000000000017,7.25,9.700000000000017,8.097167253237672,-2.0429643173624634,-15.307342740971064,18.326113818416502,7.040572792362807,6.813242176673793,5.644674294076241
2018-07-30,178.2,184.8,174.2,183.2,43799789,POWERGRID,196.6525,10.3652947631187,167.71408985373822,3.473595029652632,0.972707423580786,1.0087336244541485,0.9508733624454149,-0.36661449285729036,-4.122691826997046,-6.23208395959961,38845444.5,1.1275399101173884,29076772.8,1.506349734933445,269671786,0.6361259294016745,5.786026200873375,10.600000000000023,7.75,2.8500000000000227,10.600000000000023,8.430878286139318,-1.297840563865686,-13.849047731013409,34.745009827378965,21.718377088305473,10.338549819179013,9.233517684630362
2018-08-06,183.65,191.85,180.15,189.45,26299857,POWERGRID,196.415,10.478249401800662,167.81727777684418,3.4115720524017457,0.9693850620216417,1.0126682501979414,0.9509105304829771,1.9630024629490435,-0.5894226567395573,-2.500174010462354,38777766.85,0.6782199991488164,26794478.2,0.9815401816632503,295971643,0.7107240644494173,6.175771971496431,11.699999999999989,8.650000000000006,3.049999999999983,11.699999999999989,8.866761181320742,-0.6647102710499604,-8.456148828219378,47.19313450419785,36.634844868735065,21.797931583134442,12.890640647813406
2018-08-13,189.85,193.85,187.15,188.0,13090855,POWERGRID,196.07,10.643053083931724,167.864857332053,-0.7653734494589504,1.0098404255319149,1.0311170212765957,0.9954787234042554,0.8045773638499858,-1.1702102841305966,-3.01650604126906,37879181.85,0.34559497752193397,24257354.0,0.5396654144553441,282880788,0.6954871973831503,3.5638297872340368,6.699999999999989,4.400000000000006,2.299999999999983,6.699999999999989,8.577859690477975,-0.7582410739060975,-6.792265741199799,44.90028680699202,33.17422434367543,30.509148766905312,11.994852876274003
2018-08-20,187.55,190.0,185.6,187.65,7018128,POWERGRID,195.7075,10.807201241960414,167.88983112800042,-0.18617021276595702,0.9994670929922729,1.012523314681588,0.9890754063415933,0.4130403922330354,-1.164780328498584,-2.941262320518869,37429059.7,0.18750479056250507,21206811.8,0.330937439639088,275862660,0.6954155692230306,2.34479083399947,4.400000000000006,2.0,2.4000000000000057,4.400000000000006,8.02081173174758,-0.745567683954628,-4.1134389371486835,44.30083231536172,32.33890214797138,34.04932378679395,11.769723478329242
2018-08-27,187.65,198.3,185.85,197.8,19987468,POWERGRID,195.805,10.817345963046144,167.99696882492802,5.409006128430582,0.948685540950455,1.0025278058645095,0.9395854398382203,3.6821942352629913,3.451230556220882,2.1460201302245534,37382412.25,0.5346757150483247,22039219.4,0.9069045340144851,295850128,0.7652798934318423,6.294236602628926,12.450000000000017,10.650000000000006,1.8000000000000114,12.450000000000017,8.611370167514572,0.18442601418270776,-0.4278882456581923,61.500172646430414,59.39849624060154,41.63720757741611,17.740219590586868
2018-09-03,197.6,205.0,192.1,194.5,32839595,POWERGRID,195.57,10.790729451954736,168.15203267702015,-1.6683518705763456,1.0159383033419023,1.0539845758354756,0.9876606683804627,1.3653402561611607,1.5541097496312357,0.4452916021176444,38181860.55,0.8600836765666727,19847180.6,1.654622672199597,263010533,0.7032188678335478,6.632390745501287,12.900000000000006,7.199999999999989,5.700000000000017,12.900000000000006,9.183187478512629,-0.09915919074462229,0.1544799176107059,55.11557897721678,52.84974093264251,48.1957131070718,15.66913399946107
2018-09-10,194.5,201.75,190.15,192.95,22530410,POWERGRID,194.8775,10.471810216507292,168.25117580171505,-0.7969151670951247,1.0080331692148226,1.0456076703809278,0.9854884685151595,0.38199422932830485,0.6542376469252792,-0.32491086519362566,37832203.25,0.5955352335975833,19093291.2,1.1800170941718,240480123,0.670186751758328,6.011920186576831,11.599999999999994,7.25,4.349999999999994,11.599999999999994,9.505429148044279,-0.18406559707905942,4.269116455012156,52.179789459684116,61.00323624595466,57.7504911397329,14.679733488099151
2018-09-17,193.05,203.55,186.2,201.9,34381154,POWERGRID,194.57999999999998,10.163860124558935,168.4552209183523,4.638507385333002,0.9561664190193165,1.0081723625557206,0.9222387320455671,3.1986322818190507,4.335534510610197,3.7788479999049946,38693839.8,0.888543348959645,23351351.0,1.4723411078014288,274861277,0.7978482038125112,8.593363051015364,17.350000000000023,10.600000000000023,6.75,17.350000000000023,10.551371928305045,0.7201988132749589,9.430894308943083,64.70538181489547,89.9676375404531,67.94020490635008,19.853809753903615
2018-09-24,201.5,203.9,194.55,197.6,14698268,POWERGRID,193.995,9.592690473810569,168.53058048352074,-2.1297672114908406,1.0197368421052633,1.0318825910931175,0.9845647773279353,0.7280831906183085,1.9318005394398394,1.5445527677922557,38318829.9,0.38357820524159586,24887379.0,0.5905912390372646,260163009,0.7923680477226523,4.731781376518216,9.349999999999994,2.0,7.349999999999994,9.349999999999994,10.39118900453104,0.37580697613898423,8.960573476702516,56.50115856283195,76.05177993527506,75.6742179072276,17.248750602459193
2018-10-01,197.0,198.6,185.9,192.4,23134562,POWERGRID,193.1625,8.915995014875426,168.6273304203185,-2.631578947368418,1.023908523908524,1.0322245322245323,0.9662162162162162,-1.303294392009092,-0.616021146747946,-1.0233714933847555,37441932.25,0.6178784215924112,25516797.8,0.9066404876241955,237028447,0.757168563421537,6.600831600831595,12.699999999999989,1.0,11.699999999999989,12.699999999999989,10.699030470593566,-0.08552046055744035,8.669867269133015,48.007597174783356,59.223300970873815,75.08090614886733,14.097755992712477
2018-10-08,190.5,192.3,182.5,186.65,18733750,POWERGRID,191.8625,7.743433126137766,168.68629188467852,-2.9885654885654866,1.020626841682293,1.030270559871417,0.9777658719528529,-2.9493841986697102,-3.184826307302313,-3.790902504062631,34800822.9,0.5383134201691535,22695628.8,0.825434279221204,218294697,0.7444206129599857,5.250468791856422,9.800000000000011,0.09999999999999432,9.900000000000006,9.900000000000006,10.592493074514424,-0.6731510319893307,1.8831877729257762,40.28164400059082,40.614886731391614,58.62998921251349,10.649180745286802
2018-10-15,187.05,190.0,184.05,188.1,18493625,POWERGRID,190.92000000000002,6.913038786465633,168.7487882316649,0.7768550763461057,0.9944178628389155,1.0101010101010102,0.9784688995215312,-1.4371878812039838,-2.048064845103574,-2.7415787153181785,33124757.9,0.5583021936592026,21888271.8,0.8449102409263759,236788322,0.8549495250294237,3.163211057947894,5.949999999999989,3.3499999999999943,2.5999999999999943,5.949999999999989,9.973493997912499,-0.4079248051552995,-0.7125890736342066,42.952948342821955,45.30744336569578,48.38187702265373,11.467467097760139
2018-10-22,187.95,191.45,185.1,189.15,13813262,POWERGRID,190.2925,6.436169893248405,168.79772477690008,0.5582137161084688,0.993655828707375,1.0121596616441977,0.9785884218873909,-0.5827298985090226,-1.2699263503522553,-1.9903077451162217,23755914.45,0.5814662293498872,17774693.4,0.7771308167824713,250601584,0.9232552486245118,3.3571239756806737,6.349999999999994,3.3499999999999943,3.0,6.349999999999994,9.490361464857498,-0.17751240550664704,0.6117021276595747,45.00828055781341,48.705501618123,44.87594390507013,12.057197601448433
2018-10-29,188.0,192.65,185.8,189.55,17623758,POWERGRID,189.98499999999999,6.309894068676199,168.86104147267062,0.21147237642082928,0.9918227380638354,1.0163545238723293,0.9802163017673438,-0.2469827145097373,-0.9053317368314255,-1.6271580980726583,22901784.1,0.7695364659384768,18359791.4,0.9599105793761906,268225342,0.998902753694604,3.6138222104985465,6.849999999999994,3.5,3.3499999999999943,6.849999999999994,9.138313269543165,-0.0689393506872669,1.0125233146816015,45.865596267826795,49.837662337662394,47.95020244049372,12.252061426896862
2018-11-05,189.0,192.3,178.8,186.05,17571424,POWERGRID,189.355,6.021647352853337,168.91317191404548,-1.846478501714588,1.0158559527008868,1.0335931201289976,0.9610319806503628,-1.4218958112884426,-2.4030665983018324,-3.244067899483289,22505727.8,0.7807534222465803,17247163.8,1.0188007839294713,250653918,0.9514138584243049,7.256113947863477,13.5,2.75,10.75,13.5,9.719871500270743,-0.5488531304367924,-5.9403437815975675,39.62819438052849,27.67175572519085,42.07163989365875,10.145347394621728
2018-11-12,187.1,192.9,184.25,185.95,11642728,POWERGRID,188.9425,5.9544824999428485,168.94733888905887,-0.053748992206403834,1.0061844581876849,1.0373756386125303,0.9908577574616834,-0.9842922494943748,-2.1069744122339853,-3.024624522581133,21862135.4,0.5325521860961487,15828959.4,0.7355333794083773,239011190,0.9227095025068052,4.651788115084703,8.650000000000006,6.849999999999994,1.8000000000000114,8.650000000000006,9.577221966901313,-0.5025625652655338,-4.395886889460165,39.451322776141986,27.29007633587779,34.93316479957701,10.063882167511442
2018-11-19,187.0,190.5,182.85,189.7,20911942,POWERGRID,189.175,5.884871326234428,169.0218240276335,2.016671148158111,0.9857670005271482,1.0042171850289932,0.9638903531892462,0.6746471839976039,-0.07587269502933724,-0.905692422119822,21022166.0,0.9947567724467593,16312622.8,1.2819484797993368,259923132,1.0092502563694143,4.0326831839747,7.650000000000006,4.550000000000011,3.0999999999999943,7.650000000000006,9.320259037981138,0.08921180615446196,-1.6843741902047182,49.25192150704782,41.60305343511443,32.18829516539435,12.234027227741786
2018-11-26,191.1,191.1,177.8,182.45,11449024,POWERGRID,189.0725,5.98754134146979,169.04815909260412,-3.821823932525037,1.0474102493833928,1.0474102493833928,0.9745135653603728,-2.1814905606856843,-3.4736391978094936,-4.505758827641093,20305793.4,0.5638304189581679,15839775.2,0.722802177142009,248474108,0.9677060275060904,7.289668402301992,13.299999999999983,1.4000000000000057,11.899999999999977,13.299999999999983,9.85089116625032,-1.1060466429070779,-9.633481921743448,36.18593086004003,17.09558823529404,28.662906002095415,7.927824224370508
2018-12-03,181.95,188.5,178.3,183.8,30423274,POWERGRID,189.195,5.844585888713303,169.12463835060535,0.7399287476020922,0.9899347116430902,1.0255712731229596,0.970076169749728,-0.9539824185603997,-2.325969866191558,-3.426656093187456,20713415.15,1.4687715077250312,18399678.4,1.6534677040876977,278897382,1.0783806369169386,5.549510337323171,10.199999999999989,6.050000000000011,4.149999999999977,10.199999999999989,9.897439010750276,-0.9230765194876281,-6.983805668016185,39.627091387098204,22.058823529411775,26.919155066606745,8.677246433468651
2018-12-10,183.4,188.2,176.65,179.3,19962405,POWERGRID,189.30749999999998,5.615679998194842,169.159135193609,-2.4483133841131655,1.0228667038482988,1.0496374790853318,0.9852203011712214,-2.3251235119219347,-4.194948265824272,-5.520549028261014,20920263.9,0.9542138232778221,18877874.6,1.0574498148218443,258934977,0.9948352575623255,6.441717791411033,11.549999999999983,4.399999999999977,7.150000000000006,11.549999999999983,10.11778047598357,-1.7820637933815442,-6.808731808731805,32.820102013139746,9.724770642201856,16.293060802302552,5.994866783153284
2018-12-17,177.8,196.55,177.15,192.55,28780813,POWERGRID,189.775,5.467716255682249,169.27291059295817,7.389849414389293,0.9233965203843157,1.0207738249805245,0.9200207738249805,3.144136949060484,2.5500424050348576,1.5956120278545725,20169315.1,1.4269603532546327,22305491.6,1.290301667236063,287715790,1.101593498489331,10.075305115554404,19.400000000000006,17.25,2.1500000000000057,19.400000000000006,11.355409745852429,0.5075245075338585,3.160996517546222,57.57769466151634,58.34862385321104,30.04407267494155,13.751219451182628
2018-12-24,192.9,199.5,190.9,193.95,29343541,POWERGRID,190.0,5.5456716170569305,169.3946852898558,0.7270838743183461,0.994586233565352,1.02861562258314,0.9842742974993556,2.5621846508261275,2.7886892722990027,2.113769036520315,20321499.3,1.4439653574182885,23991811.4,1.2230648411982765,317059331,1.2090617924235358,4.434132508378445,8.599999999999994,6.949999999999989,1.6500000000000057,8.599999999999994,10.988021779738771,0.7122672009375558,3.1100478468899517,59.4017437327784,63.48623853211003,43.85321100917431,14.495918020171016
2018-12-31,193.6,200.0,191.35,198.65,35275739,POWERGRID,190.5325,5.8466651538353815,169.56721453505332,2.423304975509155,0.9745784042285426,1.0067958721369241,0.9632519506670022,3.245022948326961,4.361725724479047,4.060584172734414,21430743.5,1.6460343058093154,28757154.4,1.2266769691232038,352335070,1.3260208174482122,4.3543921469922005,8.650000000000006,6.050000000000011,2.5999999999999943,8.650000000000006,10.676285542440269,1.3883983067980161,5.0224689399947176,65.19818998318996,94.21841541755892,72.01775926762666,17.151184292724594
2019-01-07,197.45,200.5,191.4,198.45,15407499,POWERGRID,191.07250000000002,6.061233047215049,169.64141998926573,-0.1006795872137034,0.9949609473418998,1.0103300579491057,0.9644746787603932,2.0983415089784034,3.6560061123755996,3.6335708008107024,21850212.05,0.7051418523876523,25753999.4,0.5982565566107764,336927571,1.253628958151865,4.58553791887125,9.099999999999994,1.8499999999999943,7.25,9.099999999999994,10.466114136781567,1.217161581237947,4.695331047217088,64.7443151334165,91.40461215932909,83.03642203633267,16.982043661599366
2019-01-14,197.9,198.75,191.0,192.5,11269339,POWERGRID,190.8075,5.864282497505263,169.68429428063993,-2.998236331569659,1.028051948051948,1.0324675324675325,0.9922077922077922,-0.6184731689809092,0.5812292972212446,0.6003910734327953,21414305.6,0.5262528335263881,24015386.2,0.469254956224689,325658232,1.2050160179684826,4.025974025974026,7.75,0.30000000000001137,7.449999999999989,7.75,10.103965585210691,0.2886116077661684,3.4668099973125477,52.25674801344083,66.45702306079664,84.02668354589487,13.44597378094716
2019-01-21,199.0,199.0,190.4,191.25,18997838,POWERGRID,190.645,5.801268010214323,169.752268788512,-0.649350649350644,1.0405228758169935,1.0405228758169935,0.9955555555555556,-0.8507401656778314,-0.05877136262144298,-0.04517294205055912,20722217.75,0.9167859458479052,22058791.2,0.8612365848950055,306660394,1.1256290034025431,4.496732026143787,8.599999999999994,6.5,2.0999999999999943,8.599999999999994,9.903436840515932,0.1042875452288643,2.850228556063472,49.92267212972095,61.215932914046114,73.02585604472394,12.664179020942113
2019-01-28,191.0,191.5,182.0,187.8,15309751,POWERGRID,190.3875,5.80786388397293,169.79799521025856,-1.8039215686274424,1.0170394036208732,1.0197018104366347,0.9691160809371672,-1.802286321213651,-1.6259243409463664,-1.7261415410183032,20361184.8,0.7519086512097272,19252033.2,0.7952277476853717,291350643,1.0595407961851209,5.058572949946752,9.5,0.25,9.25,9.5,9.849645261780474,-0.44551663945505054,-1.0015814443858573,43.70584110795972,46.75052410901471,58.14116002795248,10.602012566432135
2019-02-04,186.8,191.85,183.4,184.6,38873643,POWERGRID,189.52249999999998,5.266015046855124,169.8926117963057,-1.7039403620873306,1.011917659804984,1.0392741061755146,0.9934994582881908,-2.3780042294110753,-2.9036461440786048,-3.1987464768127603,20585809.25,1.8883708931675833,19971614.0,1.9464447390180883,252477000,0.9219233021103307,4.577464788732389,8.449999999999989,4.049999999999983,4.400000000000006,8.449999999999989,9.663025893543075,-0.934767553112047,1.1784050424773929,38.56594847962861,33.33333333333329,47.09993011879803,8.656873332036279
2019-02-11,184.1,188.75,177.85,182.35,16727588,POWERGRID,188.76000000000002,5.137365698080086,169.9267828908287,-1.2188515709642522,1.0095969289827256,1.035097340279682,0.9753221826158487,-2.4274913837831598,-3.577169861084635,-4.099430854499577,20687275.25,0.8085930987939072,20235631.8,0.826640263339838,235749412,0.8646965175719051,5.977515766383332,10.900000000000006,4.150000000000006,6.75,10.900000000000006,9.827955774404,-1.247721181771339,-0.7889009793253576,35.20685392358554,23.899371069182347,34.66107617051011,7.310923503537836
2019-02-18,183.0,186.4,172.5,180.75,49515745,POWERGRID,188.1775,5.358624995474652,170.01395672324878,-0.8774335069920425,1.012448132780083,1.031258644536653,0.9543568464730291,-2.2227867361285703,-3.852030464345155,-4.602509626324563,22006334.4,2.250067825925612,27884913.0,1.7757181096458863,186233667,0.6895025564926305,7.690179806362382,13.900000000000006,4.050000000000011,9.849999999999994,13.900000000000006,10.370895004483467,-1.386083184823069,0.808700501952031,32.858561734909316,29.464285714285715,28.898996705600442,6.314801139666143
2019-02-25,180.25,183.0,178.5,181.95,40370564,POWERGRID,187.9425,5.529473064265846,170.09182652472495,0.663900414937757,0.9906567738389668,1.0057708161582852,0.9810387469084914,-1.032403416891973,-2.7146602587699307,-3.586580454584512,23088175.1,1.7485385408394618,32159458.2,1.2553247554400653,226604231,0.8376800340031709,2.4732069249793898,4.5,2.25,2.25,4.5,9.588109003885672,-1.083737985582472,-5.505063619839012,36.52254587852358,33.74999999999996,29.037885594489335,6.971630393745761
2019-03-04,179.5,184.75,178.85,183.2,58692394,POWERGRID,187.6975,5.629772244623781,170.21498607936437,0.6870019236053793,0.9798034934497817,1.0084606986899565,0.9762554585152838,-0.22869651274925193,-1.7261342829843656,-2.6398114314174843,25098113.55,2.3385181473131076,40835986.8,1.4372713530213994,285296625,1.0452743042240122,3.2205240174672523,5.900000000000006,2.8000000000000114,3.0999999999999943,5.900000000000006,9.096361136700915,-0.7988777884034197,-5.542665635473066,40.42977483373032,38.21428571428567,33.809523809523775,7.628596176943689
2019-03-11,184.0,196.0,181.7,194.3,40644119,POWERGRID,187.95499999999998,5.81445340690534,170.37068018587655,6.058951965065518,0.9469891919711785,1.008749356664951,0.9351518270715388,3.6647891537633828,3.5016786972601963,2.955160406333643,26439656.4,1.5372408167906448,41190082.0,0.9867452800895128,325940744,1.1779297453819868,7.35975295934123,14.300000000000011,12.800000000000011,1.5,14.300000000000011,9.790179651807462,1.0912461681203949,-2.1897810218978075,63.46912767356318,77.8571428571429,49.94047619047617,14.045444784288161
2019-03-18,194.65,202.0,187.1,197.05,39601921,POWERGRID,188.33,6.1546388153480525,170.53767065958516,1.4153371075656285,0.9878203501649327,1.025120527784826,0.9495052017254503,3.33948585833113,4.155766865020423,3.95037821891943,27538564.55,1.4380532045560086,45764948.6,0.8653330160191636,365542665,1.2982195325225525,7.5615326059375825,14.900000000000006,7.699999999999989,7.200000000000017,14.900000000000006,10.471489031566469,1.4168175032878632,-0.7054673721340277,67.10590415235814,83.2203389830509,66.43058918482649,15.54631843971695
2019-03-25,196.2,203.5,195.1,202.0,27757096,POWERGRID,189.1275,6.838984131242651,170.67509525813009,2.5120527784826097,0.9712871287128713,1.0074257425742574,0.9658415841584158,3.805431314799169,5.575221474196349,5.778730325255282,28047848.15,0.989633709208455,41413218.8,0.6702472496535333,393299761,1.3622913043595162,4.158415841584161,8.400000000000006,6.449999999999989,1.950000000000017,8.400000000000006,10.195290494024274,1.8822239901382918,4.935064935064926,72.74192037297571,95.16129032258065,85.41292405425816,18.35352995965459
2019-04-01,202.15,204.7,195.1,195.55,33716094,POWERGRID,189.60750000000002,6.940371501509678,170.8063757347774,-3.193069306930685,1.0337509588340577,1.0467911020199436,0.9976987982613141,0.4217067266323325,2.1091926995112544,2.448367332616222,29151516.45,1.1565811355930335,40082324.8,0.8411711188967762,359583667,1.2200310059313872,4.909230375862948,9.599999999999994,2.6999999999999886,6.900000000000006,9.599999999999994,10.115918428154371,0.8562221775458815,2.2483660130719008,57.841561949438415,71.58385093167709,83.32182674576954,14.486358696377774
2019-04-08,196.0,203.25,195.55,198.35,37433577,POWERGRID,190.04,7.210693812885012,170.96682825443142,1.431858859626689,0.9881522561129317,1.0247038064028233,0.9858835391983868,1.218266533544901,2.9923409516630297,3.5066635370238295,29977598.2,1.2487183512920659,35830561.4,1.0447387798953103,397017244,1.316422874286177,3.8820267204436543,7.699999999999989,7.699999999999989,0.0,7.699999999999989,9.793795971067121,1.1524549808439524,5.617678381256641,61.76461060192718,80.27950310559008,82.34154811994927,16.016657748845386
2019-04-15,198.95,200.85,195.05,198.05,29798893,POWERGRID,190.82,7.1901687265188485,171.09184105598266,-0.15124779430298885,1.0045443069931834,1.0141378439787931,0.9848523100227216,0.7124233507654054,2.4389115061666713,3.0804568872572107,30895091.65,0.9645186794582628,33661516.2,0.885251063052234,367218351,1.1941084022182156,2.9285533956071608,5.799999999999983,2.5,3.299999999999983,5.799999999999983,9.261289841591504,1.005539685506164,7.286023835319622,61.062149308515146,79.34782608695659,77.07039337474124,15.756542671836948
2019-04-22,199.0,199.85,193.4,194.8,13659609,POWERGRID,191.37,7.0441539778157924,171.14189899708265,-1.6409997475384963,1.0215605749486651,1.025924024640657,0.9928131416837782,-0.6293790396335143,0.6953348069652818,1.341516663130644,30056908.4,0.45445821700012234,28473053.8,0.47973810944016126,353558742,1.1359017540902527,3.3110882956878793,6.449999999999989,1.799999999999983,4.650000000000006,6.449999999999989,8.886451196045968,0.48692859508780356,6.8275294762818906,53.46175819396267,69.25465838509322,76.29399585921328,13.8236756408322
2019-04-29,193.8,195.8,190.05,190.8,22633896,POWERGRID,191.945,6.451476779125771,171.21043534922495,-2.053388090349073,1.0157232704402517,1.0262054507337526,0.9960691823899371,-1.8260064183110012,-1.1884491446683128,-0.6662290768010326,30190482.95,0.7497030119552957,27448413.8,0.8245975947797756,330924846,1.0510298675742118,3.0136268343815513,5.75,1.0,4.75,5.75,8.46825770323984,-0.17747874466582808,5.560165975103737,45.431249238596656,56.83229813664602,68.47826086956526,11.441805291142108
2019-05-06,191.7,192.95,185.4,190.45,22190241,POWERGRID,191.84,6.458197565071371,171.2759736904327,-0.18343815513628403,1.0065634024678394,1.0131268049356787,0.9734838540299292,-1.3420916237463598,-1.1780644194699006,-0.7802929843309858,29860954.35,0.7431189485743948,25143243.2,0.8825528522112056,308734605,0.9772907918920338,3.9642950905749452,7.549999999999983,2.1499999999999773,5.400000000000006,7.549999999999983,8.34582334280786,-0.21523033106291375,4.671613080516623,44.75255582247889,55.74534161490682,60.61076604554868,11.194813782943532
2019-05-13,190.5,193.8,182.05,182.65,21934894,POWERGRID,191.275,6.751520296630204,171.31414420705022,-4.095563139931735,1.042978373939228,1.0610457158499864,0.9967150287434985,-3.7799118523314004,-4.713287874645687,-4.660404593267709,29490522.0,0.7437947012263805,22043506.6,0.9950728075178383,286799711,0.9122254164278671,6.433068710648781,11.75,3.3500000000000227,8.399999999999977,11.75,8.799713563766812,-1.2774900498047648,-0.3002183406113468,32.332310723520536,31.52173913043481,48.03312629399587,6.616999340842093
2019-05-20,181.9,188.9,177.45,188.05,24796412,POWERGRID,190.745,6.555309218289293,171.37739566738946,2.956474130851361,0.9672959319329966,1.004520074448285,0.943632012762563,-0.533194717108321,-1.4625989910162138,-1.517084059453945,28966555.65,0.8560359160271788,21043010.4,1.1783680912879273,311596123,0.9975586123535674,6.088806168572197,11.450000000000017,6.25,5.200000000000017,11.450000000000017,9.153085088597905,-0.4111171434111684,-3.2166752444673152,44.61171517130472,48.29192546583857,45.18633540372672,9.728590090707682
2019-05-27,188.25,189.6,181.8,187.35,23822980,POWERGRID,190.19,6.334816077587598,171.4351828508507,-0.37224142515289715,1.0048038430744597,1.012009607686149,0.9703763010408327,-0.6058794290622646,-1.5785965470003507,-1.738352562576057,29387329.7,0.8106548040668017,23075684.6,1.0323845386584976,287773143,0.9285970423050952,4.163330664531617,7.799999999999983,1.549999999999983,6.25,7.799999999999983,8.972673743451516,-0.44831609398224587,-4.922608475006351,43.43284382762985,36.33027522935782,38.714646608543724,9.283285311974288
2019-06-03,188.25,193.9,187.8,193.05,44163330,POWERGRID,190.2175,6.346554701487065,171.5791853545832,3.04243394715773,0.975135975135975,1.0044030044030043,0.9728049728049728,1.5764084916349304,1.2176709375934553,1.1601122858564967,31032029.25,1.4231531442630359,27381571.4,1.61288515384475,331936473,1.0700210418179479,3.1598031598031566,6.099999999999994,6.550000000000011,0.45000000000001705,6.550000000000011,8.649650577657983,0.4463051424320546,-4.4306930693069235,54.68393001168632,57.24770642201843,47.28996903907159,12.513647620511502
2019-06-10,192.55,198.15,191.15,194.3,32397556,POWERGRID,190.36999999999998,6.409006820176807,171.6896887074347,0.647500647500654,0.9909933093154915,1.0198147195059186,0.9837879567678847,1.473067968125316,1.5884333850558694,1.646318598657823,31702015.15,1.0219399570250978,29423034.4,1.1010949978701041,364334029,1.1636399763584877,3.6026762738033966,7.0,5.099999999999994,1.9000000000000057,7.0,8.429697167303585,0.6131995346966439,-0.6392227051904897,56.85533233306555,61.83486238532119,51.804281345565805,13.169289002028586
2019-06-17,195.3,196.95,189.65,194.05,39926781,POWERGRID,190.6825,6.4294404070174425,171.8229138329926,-0.1286670097786935,1.0064416387528987,1.014944601906725,0.9773254315897965,0.8974219916061017,1.2528403138352673,1.3929729197420693,32932866.65,1.212368829726519,33021411.8,1.2091179275381556,324407248,1.0306776497571597,3.761917031692854,7.299999999999983,2.6499999999999773,4.650000000000006,7.299999999999983,8.279070878329772,0.5237625340339936,-2.1678850516763215,56.23351731048108,60.91743119266063,60.00000000000008,12.936043087135369
2019-06-24,194.7,202.75,194.15,199.05,49771253,POWERGRID,191.40500000000003,6.521198226998593,172.02364281481775,2.576655501159486,0.9781461944235116,1.0185882943983924,0.9753830695805074,2.2578740265298873,3.1999727113779053,3.5474212282657,33477747.15,1.486696604075403,38016380.0,1.3092054793223342,374178501,1.1662591798699566,4.320522481788492,8.599999999999994,8.699999999999989,0.09999999999999432,8.699999999999989,8.335194761219135,1.1723305647033861,0.5049229992426074,65.0535626525791,79.26605504587164,67.33944954128448,15.710838779455418
2019-07-01,199.0,210.95,199.0,207.05,44200878,POWERGRID,192.64,7.034737117747147,172.2514786474077,4.019090680733495,0.9611205022941318,1.0188360299444577,0.9611205022941318,4.022956854160085,5.948685555040973,6.667977199689757,34851411.65,1.268266503632429,42091959.6,1.0501026424058433,418379379,1.2679392987570202,5.771552765032595,11.949999999999989,11.899999999999977,0.05000000000001137,11.949999999999989,8.817168793056583,2.0484063240468013,6.288501026694049,74.529696420541,88.35820895522394,76.1805650645854,20.20216118076035
2019-07-08,207.4,212.0,200.35,201.25,33578910,POWERGRID,193.665,6.696466075084428,172.39407151644593,-2.801255735329633,1.0305590062111802,1.053416149068323,0.995527950310559,0.8379402622073335,2.7755471623974346,3.6466465719061723,34054569.9,0.9860324208646077,39975075.6,0.8399961600072621,384800469,1.1321112865032676,5.788819875776401,11.650000000000006,4.949999999999989,6.700000000000017,11.650000000000006,9.19487962064904,1.132686989667812,5.476939203354281,60.74946151087381,68.88567293777136,78.83664564628897,16.73835314041022
2019-07-15,201.95,209.85,199.6,204.95,22705009,POWERGRID,194.815,6.552100908549032,172.5019576274073,1.8385093167701871,0.9853622834837765,1.0239082703098317,0.9738960722127349,1.7520874287036623,3.883506917084218,4.937287081628576,33171292.15,0.6844776771832809,38036566.2,0.5969258339623728,407505478,1.1678335945369889,5.001219809709686,10.25,8.599999999999994,1.6500000000000057,10.25,9.335562337895835,1.5468320988121649,7.613546862693621,65.45142302319223,79.59479015918956,78.94622401739495,18.810245877138556
2019-07-22,204.8,210.55,202.6,204.1,23268910,POWERGRID,195.86,6.262389824644331,172.6089068299384,-0.41473530129300107,1.0034296913277805,1.0316021558059776,0.9926506614404703,0.8952811318399865,2.9856152137876917,4.162937637260149,31400117.95,0.741045305532045,34704992.0,0.6704773192283116,384236568,1.085756361991006,3.895149436550719,7.950000000000017,5.600000000000023,2.3499999999999943,7.950000000000017,9.150820692843059,1.315791611626152,11.743772241992879,63.43704262201588,77.13458755426916,75.20501688374334,18.244187828086964
2019-07-29,204.7,214.4,204.2,207.9,43432811,POWERGRID,196.54000000000002,6.7994310907541395,172.83046576534127,1.8618324350808457,0.9846079846079845,1.0312650312650313,0.9822029822029821,1.8044793298333754,4.079010781834958,5.421761780268073,31539552.55,1.377090272005143,33437303.6,1.2989328182551179,427669379,1.191363171579073,4.9062049062049145,10.200000000000017,10.300000000000011,0.09999999999999432,10.300000000000011,9.304044600463985,1.6707280136197429,10.555703270406802,68.44641862621187,82.4086603518268,79.71267935509518,20.291291861860756
2019-08-05,207.8,216.25,196.85,201.15,57530300,POWERGRID,196.745,6.876981054290603,173.06402250423085,-3.2467532467532423,1.033059905543127,1.0750683569475517,0.9786229182202336,-0.9937815803385196,0.7373019773878182,2.0606624473009676,32435971.5,1.773657372957058,36103188.0,1.5934963970494793,370139079,1.0304406958832384,9.644543872731795,19.400000000000006,8.349999999999994,11.050000000000011,19.400000000000006,10.650171987068788,0.6405426982020965,7.36589271417134,53.440005671732436,61.08247422680415,73.54190737763336,16.228663294291884
2019-08-12,200.6,208.85,196.25,202.0,20840992,POWERGRID,196.745,6.876981054290603,173.15021523136141,0.42257022122793586,0.9930693069306931,1.0339108910891088,0.9715346534653465,-0.3792051646372826,0.9899927556643201,2.2667181369721496,32090166.3,0.6494510438233534,33555604.4,0.6210882614887425,390980071,1.0888120948108382,6.237623762376235,12.599999999999994,7.699999999999989,4.900000000000006,12.599999999999994,10.910149055459616,0.7641434458687885,4.636104636104621,54.87742377815771,63.27319587628867,68.92144348497318,16.661708869428676
2019-08-19,200.45,214.25,196.75,207.05,20012035,POWERGRID,197.32,7.242844018319279,173.24690084328418,2.5000000000000133,0.9681236416324558,1.03477420912823,0.95025356194156,1.3793787547074527,2.918460840973652,4.26291865908079,31404963.35,0.6372252301959779,33017009.6,0.6061128867346,410992106,1.1364075502407427,8.452064718666987,17.5,12.25,5.25,17.5,11.788795848065002,1.3433949392517623,6.562017498713324,62.758982113605185,76.28865979381447,66.88144329896909,19.511517373285347
2019-08-26,207.0,210.9,199.15,202.9,19619151,POWERGRID,197.5475,7.347600306438628,173.3295829084737,-2.0043467761410305,1.020206998521439,1.0394282897979301,0.9815179891572203,-0.4251671721301964,0.7995521388027573,2.1127034631137858,30514242.05,0.6429506250836075,32287057.8,0.6076475323806061,391372955,1.0830050157821005,5.791030064070971,11.75,3.8499999999999943,7.900000000000006,11.75,11.783623068323001,0.7284691296163253,4.560680237052295,53.841539878844536,61.24818577648766,66.93668048219693,17.06022514756809
2019-09-02,203.05,211.25,194.0,200.5,33118301,POWERGRID,197.67000000000002,7.376784351493553,173.45687048361654,-1.182848693937899,1.0127182044887781,1.0536159600997506,0.9675810473815462,-1.0848426241902491,-0.3324725516362936,0.8625697669674424,30680212.45,1.0794677857584392,30224155.8,1.095756031008813,358254654,0.9925912677119815,8.603491271820449,17.25,8.349999999999994,8.900000000000006,17.25,12.512473325879935,0.383635994378364,0.7284601858829287,49.178680312322484,44.63971880492089,60.72552145840766,15.590693779372526
2019-09-09,201.4,204.85,195.3,202.9,28581783,POWERGRID,198.075,7.433060926486554,173.57543168846908,1.1970074812967635,0.9926071956628881,1.0096106456382454,0.9625431246919666,0.07389207770611343,0.7322646767454236,1.8656142685422716,31426321.15,0.9094854871359959,24434452.4,1.16973290549372,386836437,1.066862580190479,4.706752094627887,9.549999999999983,4.349999999999994,5.199999999999989,9.549999999999983,12.117476882429274,0.6491269273479088,-2.0043467761410305,53.79573323723639,49.81203007518798,51.8999782188655,16.89442337908874
2019-09-16,203.0,204.0,197.65,202.15,18277942,POWERGRID,198.6425,7.280096785795179,173.64882548765826,-0.36964021685559345,1.004204798417017,1.009151620084096,0.9777393024981449,-0.19789693275102507,0.31197414753532304,1.3763972652153902,31208523.45,0.5856714762325611,23921842.4,0.764069158820309,368558495,1.011205866818708,3.1412317585951,6.349999999999994,1.0999999999999943,5.25,6.349999999999994,11.348479964772038,0.481793045230357,0.4472049689441038,52.08939106880957,46.99248120300753,47.14807669437212,16.41311102007276
2019-09-23,202.4,208.9,186.4,188.3,53877987,POWERGRID,198.535,7.421928746344069,173.7589186789233,-6.851348008904279,1.0748805098247478,1.1093998937865108,0.9899097185342538,-5.045157957003431,-6.017454333096433,-5.387844849178522,32792910.75,1.6429766607406144,30695032.8,1.755267288719105,314680508,0.8626783431108591,11.949017525225702,22.5,6.75,15.75,22.5,12.835349302802433,-1.379021592607123,-8.123932666504018,31.08224404497328,6.365159128978244,34.38989013572458,8.368538105342463
2019-09-30,187.9,203.4,185.0,199.05,57066960,POWERGRID,199.35500000000002,6.411747031817372,173.95862228379906,5.708975039830055,0.943983923637277,1.0218538055764883,0.9294147199196181,0.41864441663317775,-0.2501309114955788,0.2784714744605692,34549514.05,1.6517442160666223,38184594.6,1.4945021833490932,371747468,1.0073940376545967,9.243908565687017,18.400000000000006,15.099999999999994,3.3000000000000114,18.400000000000006,13.577302729095443,-0.04756893846349337,-2.4742773150416397,49.36913079278933,44.960000000000036,32.77254677732859,14.423762034207451
2019-10-07,199.5,202.65,194.4,196.5,27093065,POWERGRID,199.7775,5.884311769444142,174.0428097281559,-1.2810851544838076,1.015267175572519,1.0312977099236642,0.9893129770992367,-0.5824218112609716,-1.3295029789888764,-0.9309893058078318,34664346.7,0.7815830263433177,36979547.4,0.7326499891126305,344654403,0.9298100470780527,4.198473282442748,8.25,3.5999999999999943,4.650000000000006,8.25,12.866995698549385,-0.5569895220405038,-5.48340548340549,46.02644394586352,36.8,29.37505304299275,12.903256564819218
2019-10-14,197.5,204.25,195.4,198.4,20906597,POWERGRID,200.33,5.12592482028138,174.1128051179087,0.9669211195928673,0.9954637096774194,1.0294858870967742,0.9848790322580645,0.25387807152963116,-0.3078081885281509,0.032622066320723175,34518527.55,0.6056630593444883,35444510.2,0.5898402004155779,365561000,0.9759712587449152,4.460685483870964,8.849999999999994,7.75,1.0999999999999943,8.849999999999994,12.331396272076134,-0.37651742225397333,-1.3671389510315657,48.99544596774191,42.88000000000002,41.546666666666674,13.949114693571271
2019-10-21,198.4,203.25,196.5,202.55,15962244,POWERGRID,200.805,4.848464216963621,174.17506205710737,2.091733870967749,0.9795112317946186,1.003455936805727,0.9701308318933596,1.5317021620718392,1.4977502079741083,1.9074279591616723,33108473.25,0.48211960362744904,34981370.6,0.4563069921565623,381523244,1.0118890930166844,3.3325104912367314,6.75,4.849999999999994,1.9000000000000057,6.75,11.587210102465983,0.35990778149803915,0.2722772277227836,55.20551479026515,56.16000000000003,45.28,16.291045117348233
2019-10-28,201.0,207.55,201.0,202.35,14772968,POWERGRID,201.20750000000004,4.608209921892583,174.23203369810992,-0.09874105159221047,0.9933283914010378,1.0256980479367435,0.9933283914010378,0.9562516198917694,1.200335929789914,1.6596017067828563,32227243.85,0.4583999819767398,27160366.8,0.5439163656655771,366750276,0.9723961405138108,3.236965653570552,6.550000000000011,5.0,1.5500000000000114,6.550000000000011,10.915582088803854,0.24792707349814763,-2.269983095870576,54.83426238996537,55.51999999999998,51.52,16.138229982788236
2019-11-04,202.25,203.85,194.05,194.75,29207824,POWERGRID,201.2425,4.553317905372646,174.3137349541616,-3.7558685446009377,1.0385109114249038,1.0467265725288832,0.9964056482670091,-1.9392468454083105,-2.275937757302085,-1.9965663418730666,31691296.0,0.9216355178406084,21588539.6,1.3529319046666777,337542452,0.8933992596286258,5.032092426187411,9.799999999999983,1.5,8.299999999999983,9.799999999999983,10.766837810296671,-1.4258833085955278,-4.01675702316412,42.347583519061104,31.2,47.626666666666665,11.723840953331894
2019-11-11,194.75,196.85,190.35,191.75,30761215,POWERGRID,200.8775,5.008190002913422,174.38655227019206,-1.5404364569961526,1.015645371577575,1.0265971316818774,0.9926988265971316,-2.356082827095245,-3.3223566916800134,-3.2929788117677354,30740794.1,1.0006642931842804,22322169.6,1.3780566831639878,306781237,0.8192886735227168,3.389830508474576,6.5,2.0999999999999943,4.400000000000006,6.5,10.197926102257115,-1.822514719826972,-4.364089775561098,38.36814907287528,23.076923076923077,36.598974358974345,9.956873109633628
2019-11-18,192.0,194.35,186.65,190.65,33108660,POWERGRID,200.0575,5.2796101082140305,174.4593276045395,-0.5736636245110782,1.007081038552321,1.019407290847102,0.97901914503016,-1.9644335417274827,-3.3587137040784323,-3.564872610683213,30186183.2,1.0968150488134585,24762582.2,1.3370439210495584,273672577,0.7452694202803573,4.038814581694198,7.699999999999989,2.5999999999999943,5.099999999999994,7.699999999999989,9.864869288622833,-1.7818550626236183,-6.037456875308034,36.90107813506258,19.316239316239336,24.53105413105413,9.280485381762531
2019-11-25,191.0,201.2,190.2,198.6,37492511,POWERGRID,199.925,5.281359972385302,174.58103830009816,4.169944925255709,0.9617321248741189,1.013091641490433,0.9577039274924471,1.4114828642821464,0.6675063975720535,0.5324468800376386,30381863.25,1.2340425171257394,29068635.6,1.289792596939087,311165088,0.855951594990277,5.53877139979859,11.0,10.549999999999983,0.45000000000001705,11.0,10.016220050139788,-0.2508823497977902,-1.7561216918130174,52.156535598080765,51.80952380952378,31.40089540089539,13.758058683677982
2019-12-02,199.05,199.4,190.4,191.4,43862736,POWERGRID,199.2475,5.468605975548848,174.67966072074915,-3.6253776435045237,1.0399686520376177,1.0417972831765936,0.9947753396029259,-1.5314507250211384,-2.630690682678856,-2.94183931812511,31439749.6,1.3951363022306005,34886589.2,1.2572950525068813,267302352,0.7497520171794293,4.70219435736677,9.0,0.8000000000000114,8.199999999999989,9.0,9.880724043454483,-1.4350092208302492,1.6463090812533165,41.63701094600855,24.380952380952404,31.83557183557183,9.57200123372162
2019-12-09,192.1,192.1,185.55,187.95,18663977,POWERGRID,198.44,5.890460620003225,174.71268890695862,-1.8025078369906078,1.0220803405160948,1.0220803405160948,0.9872306464485237,-2.2634376829619596,-3.8696349180925087,-4.428814622852087,31209502.95,0.5980222443754106,32777819.8,0.5694087377953063,248638375,0.710921219881834,3.4849694067571075,6.549999999999983,0.6999999999999886,5.849999999999994,6.549999999999983,9.436627504327218,-1.7808454510972125,-5.5764883195177255,37.45979193857592,12.343096234309572,29.51119080826191,7.576616887907186
2019-12-16,187.95,188.35,178.3,186.95,75790074,POWERGRID,197.39249999999998,5.981710611700034,174.83513066952406,-0.5320563979781867,1.005349023803156,1.0074886333244184,0.9537309441027014,-1.8736314968804555,-3.793059486595287,-4.571789601504642,32827366.1,2.3087467257996064,41783591.6,1.8138716921596563,172848301,0.5129028882923867,5.375768922171694,10.049999999999983,0.4000000000000057,9.649999999999977,10.049999999999983,9.518410503750253,-1.745738080270015,-4.860050890585244,36.24369287490215,28.267973856209082,21.664007490490345,6.9293106506012405
2019-12-23,187.35,189.0,184.75,185.8,34024761,POWERGRID,196.625,6.441324234562059,174.884163093366,-0.6151377373629141,1.0083423035522066,1.0172228202368137,0.9943487621097954,-1.6694488996835368,-3.8018413240919062,-4.784112273956846,31652089.15,1.074960987211803,41966811.8,0.8107540111016964,138823540,0.4265793428432524,2.28740581270183,4.25,2.0500000000000114,2.1999999999999886,4.25,8.815955769916886,-1.6805550544896568,-6.3508064516129,34.746887782605256,24.509803921568633,21.706958004029087,6.241752662764745
2019-12-30,186.45,191.5,184.05,190.3,12218826,POWERGRID,196.04,6.458747638099148,174.90887945487236,2.42195909580194,0.9797687861271676,1.0063058328954282,0.9671571203363111,0.4898104552068623,-1.154787709704728,-2.1141043376742696,31220980.85,0.3913658593464721,36912074.8,0.3310251744505026,151042366,0.48189006799982254,3.9148712559117125,7.449999999999989,5.699999999999989,1.75,7.449999999999989,8.633828333927967,-0.8887171819720301,-6.047889410022211,45.0020372221294,41.02564102564102,31.267806267806236,8.799507831218287
2020-01-06,189.5,196.7,188.0,193.1,25827390,POWERGRID,195.34250000000003,5.939547984752522,174.9703205005521,1.4713610089332585,0.9813568099430348,1.0186431900569652,0.9735888140859659,1.2884893133984658,0.26741391807288156,-0.5806381020427928,31511748.6,0.819611451203314,33305005.6,0.7754807283383252,176869756,0.5861830414130801,4.5054375970999425,8.699999999999989,6.399999999999977,2.3000000000000114,8.699999999999989,8.64265122273757,-0.37755398319144506,-4.571287373362987,50.578399647201195,50.59829059829054,38.71124518183339,10.361574150166046
2020-01-13,193.15,195.0,188.85,194.8,35432785,POWERGRID,194.9375,5.667006891233069,175.0617806456873,0.8803728638011377,0.99152977412731,1.0010266940451744,0.9694558521560575,1.4332898234676337,0.9752315675265888,0.27235908942972875,32302430.3,1.096907714711484,36658767.2,0.9665569168403458,212302541,0.7251320787253736,3.1570841889117074,6.150000000000006,1.9000000000000057,4.25,6.150000000000006,8.31029772637256,-0.024263249125866224,0.02567394094994402,53.8560171031272,56.41025641025641,49.34472934472931,11.275002048711869
2020-01-20,194.8,211.0,192.9,204.65,42579834,POWERGRID,195.145,5.950296321680911,175.2248728544307,5.056468172484596,0.9518690447104814,1.0310285853896897,0.9425849010505741,4.118266496006157,4.921189945289913,4.649650238956756,32775506.95,1.29913578651756,30016719.2,1.4185372397393783,254882375,0.8862109715942788,8.844368433911553,18.099999999999994,16.19999999999999,1.9000000000000057,18.099999999999994,9.615591362856218,1.5973994379686471,6.727509778357232,68.03061973390777,80.5810397553517,62.52986225463287,16.792779852672187
2020-01-27,203.65,207.4,192.3,193.0,182528947,POWERGRID,194.65,5.676706791795748,175.63518311461607,-5.6926459809430785,1.0551813471502591,1.0746113989637307,0.9963730569948187,-1.1129421816661254,-0.7011627432853583,-1.0137909605235338,40472865.15,4.509909202709362,59717556.4,3.056537440637809,72353428,0.2661177736935974,7.823834196891188,15.099999999999994,2.75,12.349999999999994,15.099999999999994,10.346845847808723,-0.29066148041760154,1.2326252294780904,47.9354973867269,44.95412844036695,60.64847486865835,9.886866957659613
2020-02-03,193.0,195.5,176.95,187.35,98239105,POWERGRID,193.91,5.611843678658938,175.77893895397654,-2.9274611398963812,1.030157459300774,1.0435014678409396,0.9444889244729117,-2.7748344135274947,-3.2040462516485264,-3.7217677293797204,44470923.3,2.2090637591956632,76921612.2,1.2771326833942775,-25885677,-0.10265463026967217,9.901254336802783,18.55000000000001,2.5,16.05000000000001,18.55000000000001,11.440599734767561,-1.1689562959400974,-5.664652567975836,41.13597440837255,30.543318649045524,52.02616228158805,6.582734606819455
2020-02-10,188.35,195.7,184.75,186.6,48635808,POWERGRID,193.825,5.71324638104698,175.84428226318173,-0.4003202562049668,1.0093783494105038,1.0487674169346195,0.9900857449088961,-2.1252776969431135,-3.1018744384306385,-3.7937678747285637,44208814.35,1.100138257835906,81483295.8,0.5968807167468551,-74521485,-0.3202433454045014,5.868167202572342,10.949999999999989,8.349999999999994,2.5999999999999943,10.949999999999989,11.375186436798552,-1.2646050105537334,-2.5078369905956133,40.26125406249474,28.340675477239362,34.61270752221727,6.116614995033194
2020-02-17,188.5,191.9,180.55,183.6,61270643,POWERGRID,193.0525,6.006563843875005,175.9028364956322,-1.6077170418006381,1.0266884531590414,1.04520697167756,0.9833877995642702,-2.5293275898677745,-4.102753362330343,-5.032265767823101,44418998.5,1.379379208651001,86650867.4,0.7070978610884626,-135792128,-0.6549700655166312,6.181917211328973,11.349999999999994,5.300000000000011,6.049999999999983,11.349999999999994,11.37182824522541,-1.5736950851923248,-2.314445331205106,36.66306404235493,19.530102790014695,26.138032305433185,4.375804084636767
2020-02-24,182.6,190.7,180.85,186.1,52887798,POWERGRID,192.5325,6.1410670039813615,175.9688598625332,1.3616557734204893,0.9811929070392262,1.0247178936055883,0.9717893605588394,-0.7679904907745878,-2.3179497228395776,-3.3195253200320214,45708735.15,1.1570610699779997,88712460.2,0.5961710213059789,-82904330,-0.4458474145548802,5.292853304674903,9.849999999999994,7.099999999999994,2.75,9.849999999999994,11.168917812528688,-1.047456410397363,-0.4546670232682515,41.67513487850868,26.87224669603525,24.914341654429762,5.757348286157693
2020-03-02,186.1,188.4,179.15,183.5,62406083,POWERGRID,191.7875,6.293686790830386,176.02596104224872,-1.3970983342289078,1.0141689373297003,1.0267029972752044,0.9762942779291554,-1.463843888585479,-3.229445434427933,-4.3848320992904295,47783709.45,1.3060116872111107,64687887.4,0.9647259403311416,-145310413,-0.9059015827633248,5.040871934604905,9.25,2.3000000000000114,6.949999999999989,9.25,10.913062104191532,-1.3167957471405318,-1.2378902045209972,38.06086900958487,19.23641703377389,21.879588839941267,4.245986735989131
2020-03-09,183.8,199.55,177.95,180.95,71254807,POWERGRID,190.7075,6.202255001633157,176.06822299238888,-1.3896457765667614,1.015750207239569,1.1027908261950816,0.9834208344846642,-1.9291345806592486,-4.0150155317610805,-5.36786570526744,50548337.6,1.4096370006043482,59291027.8,1.2017806006054765,-216565220,-1.6595065193392404,11.936999171041737,21.600000000000023,16.05000000000001,5.550000000000011,21.600000000000023,12.337987156965998,-1.573218127508577,-4.913294797687873,34.659311963162295,11.747430249632888,19.285364659814004,2.7726621673362017
2020-03-16,179.5,183.9,149.5,157.95,104237915,POWERGRID,188.4875,9.089697392335518,175.8435575397592,-12.710693561757392,1.1364355808800255,1.164292497625831,0.9465020576131687,-11.181077988267559,-16.42391567207799,-18.985157904953866,55021584.95,1.894491318174941,70411449.2,1.4804114413824618,-320803135,-3.337454497977052,21.77904400126623,34.400000000000006,2.950000000000017,31.44999999999999,34.400000000000006,15.279588869370533,-3.359572786850903,-18.20300362506474,17.957163134310434,13.739837398373966,14.907894893926906,-10.175839132299954
2020-03-23,156.55,170.35,122.15,153.0,208440903,POWERGRID,186.4,11.927014891017242,175.29083861830844,-3.1339031339031265,1.023202614379085,1.1133986928104576,0.7983660130718955,-9.852075242905718,-17.306204372015227,-20.9317879095654,63983238.9,3.2577422866287566,99845501.2,2.0876344000965363,-529244038,-10.02683229494061,31.503267973856204,48.19999999999999,12.400000000000006,35.79999999999998,48.19999999999999,19.668977020121126,-2.8003654145812304,-21.45790554414785,16.037936857336675,34.721440630275744,20.06956942609419,-12.716488091454798
2020-03-30,152.05,166.25,145.4,155.65,79982051,POWERGRID,184.595,13.677872064416569,175.11016419235597,1.7320261437908435,0.9768711853517508,1.0681015097976228,0.9341471249598459,-5.32120146552983,-13.122018827506762,-17.30013869354243,66444280.7,1.2037462089645286,105264351.8,0.7598208665357497,-449261987,-29.989557037056883,13.395438483777703,20.849999999999994,13.25,7.599999999999994,20.849999999999994,19.826446750771645,-2.1161917485177653,-23.943317859760572,21.237833243571515,37.70399549803039,28.72175784222669,-11.113098021528467
2020-04-06,158.4,161.95,151.75,156.2,33799215,POWERGRID,182.8725,14.982221701245917,175.0369389087039,0.35335689045934426,1.0140845070422537,1.0368117797695262,0.9715108834827145,-3.300234776396585,-10.906030165546534,-15.479850866489928,66478808.45,0.5084208906274402,99542978.2,0.3395439398255818,-415462772,21.331870251800726,6.530089628681171,10.199999999999989,6.299999999999983,3.9000000000000057,10.199999999999989,18.542920517335425,-1.7802766860526391,-19.067357512953375,22.388899054587043,38.32301631963983,36.91615081598198,-10.761693518034447
2020-04-13,161.0,166.7,155.25,159.95,43161979,POWERGRID,180.94,15.335318712045765,174.96270208791137,2.400768245838658,1.0065645514223196,1.0422006877149108,0.970615817442951,-0.5855857958659855,-7.119306453936695,-11.708075314579036,66762281.85,0.6465024532411185,93924412.6,0.45953951486304,-372300793,6.939508465242862,7.158487027195992,11.449999999999989,10.5,0.9499999999999886,11.449999999999989,17.5971977816907,-1.3687358178941882,-14.625033360021355,30.391997444545893,42.54361283061338,39.523541549427854,-8.580515680632397
2020-04-20,161.45,173.25,157.5,165.5,55752039,POWERGRID,179.645,15.498233345840623,174.90293787475616,3.4698343232260065,0.9755287009063444,1.0468277945619335,0.9516616314199395,1.8583506624420414,-3.0232183028425155,-7.29847588732934,67356747.0,0.8277127605345905,84227237.4,0.6619241081745368,-316548754,3.8211142228243458,9.516616314199396,15.75,13.300000000000011,2.4499999999999886,15.75,17.35090474413194,-0.9126846708496753,-11.307609860664524,40.81423972770879,48.79009566685424,43.218908272369134,-5.376089154939971
2020-04-27,164.0,166.0,155.75,159.6,61111933,POWERGRID,178.2275,15.98741672131785,174.79772475970054,-3.5649546827794643,1.0275689223057645,1.0401002506265664,0.9758771929824561,-1.1797951769667676,-5.855760629003423,-10.32627159193978,69479144.8,0.8795723259967356,54761443.4,1.1159664392629944,-377660687,3.30825822233122,6.4223057644110275,10.25,0.5,9.75,10.25,16.40411744491435,-1.1651350762103938,-13.0718954248366,34.48145762805541,43.92961876832843,45.08777575526534,-8.694463718331173
2020-05-04,160.05,163.45,156.0,159.05,40469516,POWERGRID,176.8325,16.398212956231408,174.72635043427482,-0.3446115288220475,1.0062873310279785,1.0276642565231058,0.9808236403646652,-1.0197854353720817,-5.332982780198195,-9.815468095362801,67713116.9,0.5976613963844869,46858936.4,0.8636456375053362,-418130203,2.909624857885426,4.684061615844066,7.449999999999989,3.8499999999999943,3.5999999999999943,7.449999999999989,15.210235118925768,-1.084416945155146,-14.535196131112293,33.91542856887564,47.674418604651166,46.79804434661128,-8.971944068717692
2020-05-11,161.45,166.65,158.1,158.8,45041002,POWERGRID,175.4825,16.729160445478044,174.64641574703555,-0.15718327569946844,1.0166876574307304,1.049433249370277,0.9955919395465994,-0.7858810810072611,-4.713265083791963,-9.155988773216817,68263928.95,0.6598067631441246,49107293.8,0.9171957669554986,-463171205,2.664880515351097,5.384130982367765,8.550000000000011,7.599999999999994,0.950000000000017,8.550000000000011,14.322203769735669,-0.9972108316116557,-13.460490463215258,33.62592588860805,47.351421188630496,46.31848618720335,-9.073427404309333
2020-05-18,158.5,171.9,153.3,154.5,71172110,POWERGRID,173.6925,16.97375121365865,174.48789436282445,-2.7078085642317395,1.0258899676375404,1.112621359223301,0.992233009708738,-2.3939500136524514,-6.537955591157664,-11.177821569069648,71211593.15,0.9994455516545341,54709320.0,1.3009138113944754,-534343315,2.5680334802858478,12.038834951456307,18.599999999999994,13.099999999999994,5.5,18.599999999999994,14.892576600437579,-1.1307164667616862,-14.617297596020995,28.75467885121151,41.795865633074925,45.60723514211886,-11.455175406760466
2020-05-25,155.0,160.65,154.0,155.85,44556083,POWERGRID,171.83,16.774639379605453,174.39653563878022,0.8737864077669855,0.9945460378569138,1.030798845043311,0.9881296118062239,-1.0046637882977407,-4.812947278063297,-9.363548153477634,72148027.8,0.61756480888865,52470128.8,0.8491704521983182,-489787232,2.0288794744853087,4.266923323708698,6.650000000000006,6.150000000000006,0.5,6.650000000000006,13.793566387045901,-0.9526285268122333,-1.3295346628679927,32.3070828698457,43.54005167958655,44.229112833763985,-10.634692696645558
2020-06-01,156.15,161.05,155.5,158.85,99069902,POWERGRID,170.0325,16.09612796688496,174.2289203016475,1.9249278152069227,0.9830028328611898,1.0138495435945862,0.9789109222536985,0.6019227724007734,-2.4286946352956478,-6.689958439258409,75329883.65,1.315147418258358,60061722.6,1.649468208892164,-390717330,1.4387948726455495,3.4938621340887703,5.550000000000011,5.200000000000017,0.3499999999999943,5.550000000000011,12.69442420210645,-0.6947322997807978,3.8235294117646923,39.98057775126475,47.41602067183461,44.25064599483202,-8.826847044119617
2020-06-08,159.85,174.9,158.6,172.35,65253227,POWERGRID,168.4175,13.912236898728255,174.21567153126637,8.498583569405094,0.9274731650710762,1.0147954743255005,0.9202204815781839,5.591781964590891,4.795234898337859,1.5280442516012942,76463553.3,0.8533899378699159,65018464.8,1.0036107004482826,-325464103,1.0828011163261972,9.457499274731658,16.30000000000001,16.05000000000001,0.25,16.30000000000001,13.175167641825592,0.2826648244007031,10.72920012849341,62.218351320083606,64.8578811369509,51.93798449612401,-1.0708976493722273
2020-06-15,174.0,178.3,162.6,163.25,42071890,POWERGRID,166.93,12.681538591695078,174.1660440172269,-5.279953582825647,1.0658499234303216,1.0921898928024503,0.9960183767228177,0.21947369718117643,-0.4386327644968912,-3.630963402553164,69440700.45,0.6058678804700911,64424642.4,0.6530403341439425,-367535993,1.139397271058913,9.617151607963258,15.700000000000017,5.950000000000017,9.75,15.700000000000017,13.511811956248849,-0.2901856090561421,4.513444302176706,48.29964273407541,66.55870445344128,59.61086875407559,-6.267607488487936
2020-06-22,165.7,179.75,158.35,178.6,65635233,POWERGRID,166.4925,12.076491680774241,174.19713025286902,9.40275650842266,0.9277715565509518,1.0064389697648377,0.8866181410974244,5.86349041084294,7.023163659554707,4.8360850456631,67810506.85,0.9679212860801675,63317267.0,1.036608750027066,-301900760,0.897522366654069,11.982082866741326,21.400000000000006,16.5,4.900000000000006,21.400000000000006,14.563570362082336,1.002567659552576,11.659893716786506,63.982090257804096,98.00347222222221,76.47335260420479,2.5275214010355165
2020-06-29,181.5,189.0,174.35,178.25,71786947,POWERGRID,166.075,11.474072603277493,174.22797138880145,-0.19596864501679745,1.0182328190743337,1.0603085553997196,0.9781206171107995,3.7857667597065907,5.863371811323432,4.261791809588476,68968063.8,1.0408722971863391,68763439.8,1.0439696909985006,-373687707,1.0636385360524638,8.218793828892009,14.650000000000006,10.400000000000006,4.25,14.650000000000006,14.57509431380469,1.0610879345945836,7.703927492447127,63.47552642247359,75.3440366972477,79.9687377909704,2.308486162777573
2020-07-06,179.0,179.95,171.9,178.0,43326751,POWERGRID,165.795,11.085658112601779,174.2452163917038,-0.14025245441795509,1.0056179775280898,1.0109550561797753,0.9657303370786517,2.433756273099994,4.912420667905624,3.783384031203464,68070869.2,0.63649475185488,57614809.6,0.7520071887905709,-417014458,1.141283653845269,4.52247191011235,8.049999999999983,1.6999999999999886,6.349999999999994,8.049999999999983,13.70508173863073,1.1009720736494486,11.528822055137855,63.06401937694396,70.46979865771812,81.27243585906267,2.154884757269573
2020-07-13,178.5,178.5,168.2,169.1,49723869,POWERGRID,164.945,10.050201621440177,174.21836121491205,-5.000000000000004,1.0555884092253105,1.0555884092253105,0.9946777054997042,-1.8008727908070188,-0.07901894625056709,-1.173927689189636,67912672.75,0.7321736428051273,54508938.0,0.9122149655529888,-466738327,1.213623662408183,6.091070372560622,10.300000000000011,0.5,9.800000000000011,10.300000000000011,13.251070840146634,0.4134245417660185,6.318767683118498,49.80185543979172,44.25770308123246,63.357179478732746,-2.937899988967383
2020-07-20,168.5,168.8,159.5,163.5,38764217,POWERGRID,163.945,9.052259095765088,174.17492466801394,-3.3116499112950892,1.0305810397553516,1.032415902140673,0.9755351681957186,-3.525087008870408,-3.0058301641466483,-4.252611057421831,66730579.45,0.5809063448796412,53847403.4,0.7198901813713082,-505502544,1.2556198549755115,5.6880733944954205,9.300000000000011,0.29999999999998295,9.599999999999994,9.599999999999994,12.764261394793749,-0.04915899945994445,2.9596977329974683,43.20532002350707,28.571428571428548,47.766310103459695,-6.12885275441392
2020-07-27,164.1,183.25,164.1,180.9,70261840,POWERGRID,163.9425,9.047321135941942,174.22396282647148,10.642201834862398,0.9071310116086235,1.0129906025428412,0.9071310116086235,4.288366589458965,5.9158813938025165,5.293753000380896,66680931.1,1.0537021430404112,54772724.8,1.2827888379947825,-435240704,1.0525116003078834,10.585959093421783,19.150000000000006,19.75,0.5999999999999943,19.75,13.695693208821249,1.8743117156119955,17.087378640776695,61.49187443138641,77.31092436974791,50.04668534080296,3.8318708088266344
2020-08-03,180.2,184.5,174.1,178.55,42795286,POWERGRID,164.97250000000003,9.490930227273152,174.24309124582857,-1.2990602542841345,1.009241108933072,1.0333239988798655,0.9750770092411088,2.019100218549891,4.009359254977188,3.7099967774936826,63608799.65,0.672788768778472,48974392.6,0.8738298471515907,-478035990,1.1344333951063887,5.824698963875668,10.400000000000006,3.5999999999999943,6.800000000000011,10.400000000000006,13.256267447645083,1.4305763160057443,14.565287135065773,58.55390926792594,70.72829131652664,58.8702147525677,2.471781649061253
2020-08-10,177.85,179.05,175.15,177.25,25067461,POWERGRID,166.185,9.429713675399695,174.25085908319156,-0.7280873704844648,1.0033850493653031,1.01015514809591,0.9881523272214386,0.8669876596975341,2.8331465402837526,2.7534645843142744,54440127.55,0.4604592628291886,45322534.6,0.5530904487411434,-503103451,1.1976360528537684,2.200282087447112,3.9000000000000057,0.5,3.4000000000000057,3.9000000000000057,12.008765121292408,1.173418449477045,11.583254642744723,56.82105670474672,67.08683473389355,71.70868347338936,1.7211627722171405
2020-08-17,178.15,182.5,173.2,178.65,48605214,POWERGRID,167.335,9.479647173093307,174.27278462339893,0.7898448519040979,0.9972012314581584,1.0215505177721802,0.9694934228939266,1.095899105070947,3.0810853988978995,3.222580265540994,52871285.7,0.919312124842086,45098803.6,1.0777495214972843,-454498237,1.0812576192789405,5.205709487825363,9.300000000000011,5.25,4.050000000000011,9.300000000000011,11.647596438453423,1.1936098246479143,3.6553524804177506,58.35258953536448,71.00840336134453,69.6078431372549,2.5117033540608036
2020-08-24,179.85,190.65,176.45,185.25,78766859,POWERGRID,168.7875,9.899958466155258,174.36073579548983,3.6943744752308882,0.9708502024291498,1.0291497975708501,0.9524966261808366,3.0797386419106583,5.600628832912008,6.114643998573048,55119667.9,1.4290154857772648,53099332.0,1.4833870038139085,-375731378,0.8981147268385621,7.665317139001358,14.200000000000017,12.0,2.200000000000017,14.200000000000017,11.987916913326304,1.66288576424638,13.476263399693721,65.08837403028365,85.26603001364255,74.45375603629354,6.245250202019301
2020-08-31,186.5,189.65,178.0,178.95,42103818,POWERGRID,169.7375,9.918879857705669,174.38030685945137,-3.4008097165991957,1.042190556021235,1.0597932383347304,0.9946912545403744,-0.22158299929609596,1.9519410432137347,2.575261156790649,55066759.85,0.764595885334263,47467727.6,0.8869988122203684,-417835196,0.9933500537722633,6.5101983794356,11.650000000000006,4.400000000000006,7.25,11.650000000000006,11.942861324882799,0.9287843115513768,0.19596864501678635,55.247044939477725,66.71408250355614,74.32950529284773,2.6205328014657905
2020-09-07,179.05,183.1,173.05,176.15,50508285,POWERGRID,170.27,9.965181488828163,174.38931415454155,-1.5646828723106965,1.0164632415554926,1.0394550099347146,0.9824013624751633,-1.2097730257319939,0.3372118714558117,0.9410884776632414,54804572.15,0.9216071400349396,49010327.4,1.0305641214712637,-468343481,1.093692886331467,5.7053647459551415,10.049999999999983,4.150000000000006,5.899999999999977,10.049999999999983,11.690479814898424,0.590054481856852,-1.1781206171108005,51.271541821862044,55.10835913312695,69.02949055010855,1.0096294340019922
2020-09-14,175.85,178.45,170.75,171.5,53258766,POWERGRID,170.865,9.644675378565893,174.37389022346957,-2.6397956287255164,1.0253644314868804,1.0405247813411078,0.9956268221574344,-2.6359631427898647,-2.0271559958836787,-1.5993682756345111,54411913.8,0.9788070714763207,54648588.4,0.9745680091528219,-521602247,1.197931224267607,4.48979591836734,7.699999999999989,2.299999999999983,5.400000000000006,7.699999999999989,11.158415839578634,0.06583943731389866,-3.6516853932584303,45.05852104332755,40.71207430340558,54.17817198002955,-1.6481195778717368
2020-09-21,171.85,173.9,167.3,170.5,38782734,POWERGRID,171.4375,9.237678493398052,174.35888957672796,-0.5830903790087438,1.0079178885630498,1.019941348973607,0.9812316715542523,-2.1586224007369097,-2.25047634668145,-2.0123207487705304,54327574.7,0.713868311150654,52684092.4,0.7361374607261907,-560384981,1.2663153561160774,3.8709677419354804,6.599999999999994,2.4000000000000057,4.199999999999989,6.599999999999994,10.550627060968148,-0.10148653697679659,0.8279124778237668,43.74319951674574,37.61609907120744,44.47884416924665,-2.21318774517076
2020-09-28,168.8,170.45,158.5,168.15,35939570,POWERGRID,171.90500000000003,8.790214355809145,174.33668945040364,-1.378299120234605,1.0038655961938745,1.0136782634552481,0.9426107641986321,-2.3909014543587936,-3.153848436901683,-3.151505384239824,53872503.1,0.667122705126356,44118634.6,0.8146120188406737,-596324551,1.3275564527666432,7.106749925661604,11.949999999999989,0.05000000000001137,12.0,12.0,10.743876786172395,-0.4271795712829774,2.8440366972477094,40.53472910197623,30.015552099533448,36.114575158048815,-3.5487019226458703
2020-10-05,169.0,169.4,160.3,162.85,29832250,POWERGRID,172.32250000000002,8.090482956764992,174.30269856534,-3.1519476657746126,1.037764814246239,1.0402210623272952,0.984341418483267,-3.8154951573040026,-5.580874326058258,-5.9662173441608735,51805510.1,0.5758509074114878,41664321.0,0.7160143087415249,-626156801,1.3798678292061248,5.587964384402822,9.099999999999994,1.25,7.849999999999994,9.099999999999994,10.524693214682742,-1.1708200920291707,-9.977888336097296,34.03784067373475,13.530326594090184,27.053992588277016,-6.570580180115103
2020-10-12,163.1,164.4,156.7,159.8,40617127,POWERGRID,172.51999999999998,7.706292712351489,174.24450253338867,-1.8728891618053356,1.020650813516896,1.0287859824780976,0.9806007509386732,-3.8646365722442844,-6.510881730727265,-7.322999290499872,51608562.3,0.787023028541138,39686089.4,1.0234600489510564,-666773928,1.4412694647411233,4.818523153942438,7.700000000000017,1.5500000000000114,6.150000000000006,7.700000000000017,10.148067452725046,-1.650599123961722,-10.501260151218151,30.763759669298167,9.131075110456615,17.558984601360073,-8.289789533314435
2020-10-19,160.0,162.4,154.6,159.75,43620070,POWERGRID,172.565,7.6244602915132775,174.18230724635268,-0.031289111389243285,1.001564945226917,1.0165884194053207,0.9677621283255086,-2.5980967104627557,-5.609330117076979,-6.743541029129201,48836070.7,0.8931936860350232,37758350.2,1.1552430063535986,-710393998,1.4842750663301862,4.882629107981227,7.800000000000011,2.5999999999999943,5.200000000000017,7.800000000000011,9.834991792361707,-1.6807747053603606,-9.873060648801124,30.707887513095045,14.285714285714295,12.315705330087022,-8.285748119032846
2020-10-26,160.0,172.95,156.9,172.05,87323368,POWERGRID,172.55,7.625200601331545,174.1641465137941,7.699530516431929,0.9299622202848009,1.0052310374891018,0.9119442022667829,3.157818659318311,1.6635173187044667,0.8136745745242355,49939577.75,1.748580423269598,47466477.0,1.839685047617922,-623070630,1.262570411778215,9.328683522231898,16.049999999999983,13.199999999999989,2.8499999999999943,16.049999999999983,10.663659553380146,-0.06557204539808276,-3.6943744752308993,54.27809310654273,48.40499306518728,23.940594153786055,-1.2138815916550532
2020-11-02,172.05,175.35,169.3,173.05,51555316,POWERGRID,173.04000000000002,7.30424534089735,174.15857221116,0.5812263876779911,0.9942213233169604,1.0132909563709909,0.9783299624386016,2.4782922097109217,1.9129474785145695,1.2712702571587424,50413749.05,1.0226439606558084,50589626.2,1.0190886921398126,-571515314,1.1346507012146068,3.4960993932389384,6.049999999999983,3.299999999999983,2.75,6.049999999999983,10.048504946262792,0.0013690668280266682,-6.585695006747628,55.69194857329533,51.17891816920947,37.956541840037005,-0.6365303740638637
2020-11-09,174.0,184.7,173.85,184.05,45672706,POWERGRID,173.3125,7.617533013420224,174.20222076225704,6.3565443513435405,0.9453952730236348,1.0035316490084214,0.9445802770986144,5.537873646257267,6.664503719440887,6.574267181931777,49415622.7,0.9242564092994825,53757717.4,0.8496027772191087,-525842608,1.0212720875131456,5.895137190980709,10.849999999999994,11.649999999999977,0.799999999999983,11.649999999999977,10.262037620094418,1.4095770876323308,2.849958088851645,68.1805528007638,81.69209431345355,60.425335182616756,5.653073304491768
2020-11-16,183.3,191.0,181.55,188.0,38547666,POWERGRID,173.8,8.236951403345374,174.25341804559645,2.146155935886984,0.9750000000000001,1.0159574468085106,0.9656914893617022,5.015055477282443,7.393321776123518,7.8257680067287145,47753658.65,0.8072191134615819,53343825.2,0.7226265805924994,-487294942,0.9360792318732939,5.026595744680845,9.449999999999989,6.949999999999989,2.5,9.449999999999989,10.15376593741516,1.7239387856814072,6.727221118365034,71.5079679738688,91.75824175824175,74.87641808030158,7.888844941226071
2020-11-23,187.0,197.2,178.4,194.75,82563694,POWERGRID,174.6375,9.448849484406454,174.4150295594596,3.590425531914887,0.9602053915275995,1.0125802310654686,0.9160462130937099,5.538144389316557,9.08833080026945,10.102134462094565,49715505.8,1.6607232023776375,61132550.0,1.3505684614824671,-404731248,0.7783951456673545,9.653401797175858,18.799999999999983,9.199999999999989,9.599999999999994,18.799999999999983,11.306597145759804,2.128566026286259,13.556851311953345,76.3785001429322,94.24882629107984,89.23305412092505,11.658955361761423
2020-11-30,195.0,199.15,188.7,192.4,60095696,POWERGRID,175.8025,10.141193677794892,174.51765841719018,-1.2066752246469803,1.0135135135135134,1.03508316008316,0.9807692307692307,2.9229162155904316,6.838219884255155,8.253767130726827,50234097.15,1.1963128514194865,55687015.6,1.0791689113251743,-464826944,0.8941379100212511,5.43139293139294,10.450000000000017,4.400000000000006,6.050000000000011,10.450000000000017,11.192384192991833,1.6366416545560905,12.844574780058648,71.47063491089756,84.84848484848484,90.2851842992688,10.246723308687484
2020-12-07,194.85,197.25,189.55,193.5,51893983,POWERGRID,177.3025,10.44001001965741,174.61073671292593,0.5717255717255787,1.0069767441860464,1.0193798449612403,0.9795865633074936,2.316517071075265,6.315275772893421,8.04404511432827,50890585.45,1.019716761776809,55754749.0,0.9307544905277935,-412932961,0.8014505648518271,3.979328165374671,7.699999999999989,4.849999999999994,2.8499999999999943,7.699999999999989,10.726732967259588,1.551483185313218,15.07582515611061,72.42754188149257,87.31762065095397,88.8049772635062,10.81792771891773
2020-12-14,194.0,197.0,191.1,194.3,46914743,POWERGRID,177.97250000000003,11.092618159460816,174.69763265551057,0.41343669250646364,0.9984559958826557,1.0138960370560988,0.9835306227483273,1.8124757359858072,5.743721176626172,7.720771155364455,49723230.6,0.9435175959785685,56003156.4,0.83771605059032,-366018218,0.7151994184134619,3.0365414307771514,5.900000000000006,3.5,2.4000000000000057,5.900000000000006,10.083168571624977,1.4719248211094669,19.312250537304276,73.18236179234592,89.11335578002246,87.09315375982042,11.220740113372745
2020-12-21,194.4,196.85,184.45,185.5,65299226,POWERGRID,178.32,11.219794537945209,174.76358466426382,-4.529078744209992,1.0479784366576819,1.0611859838274933,0.9943396226415093,-1.8969845983754186,1.0905122431349774,3.0645122148968773,50848427.6,1.284193613884729,61353468.4,1.0643118914529044,-431317444,0.8466585630042742,6.684636118598386,12.400000000000006,2.549999999999983,9.850000000000023,12.400000000000006,10.392079428741647,0.6399404174218462,16.082603254067585,54.31122533749291,69.36026936026936,81.93041526374859,6.143393863407974
2020-12-28,185.45,192.3,185.0,191.55,30147440,POWERGRID,179.035,11.59731252897661,174.8107678244243,3.2614555256064826,0.9681545288436438,1.0039154267815191,0.9658052727747324,0.8809165822721988,3.6124399646561614,5.615651776949919,51102426.55,0.5899414574864255,50870217.6,0.5926343825979624,-401170004,0.7954383780831952,3.8110154006786794,7.300000000000011,6.800000000000011,0.5,7.300000000000011,9.979802171576097,1.0791293214467148,19.90610328638498,62.070028874167086,82.94051627384962,80.47138047138047,9.575629913363349
2021-01-04,191.6,192.65,186.8,188.45,34403735,POWERGRID,179.525,11.785690476167318,174.85437754568463,-1.6183764030279435,1.0167153091005572,1.022287078800743,0.9912443618997082,-0.4997273500159688,1.7373136120830024,3.7244446257284403,50392352.6,0.6827173812083542,45731825.4,0.7522930628524617,-435573739,0.8652773831909292,3.104271690103473,5.849999999999994,1.0999999999999943,4.75,5.849999999999994,9.429161882032616,0.7572742571211979,9.532112757919187,56.40671918957803,75.98204264870928,76.09427609427608,7.7753972449235365
2021-01-11,189.5,205.0,186.2,203.55,82737047,POWERGRID,180.44,12.910273347019338,175.0733436067311,8.01273547360044,0.9309751903709161,1.007123556865635,0.9147629575042986,4.637112522359753,7.737221813652148,9.960938134325641,50590862.0,1.6354148502154402,51900438.2,1.594149295641207,-352836692,0.702515861337996,9.236059936133634,18.80000000000001,16.55000000000001,2.25,18.80000000000001,10.678606964428269,1.7900473040979834,17.624963883270727,71.18379066208308,97.12301587301589,85.34852493185826,16.265558083608827
2021-01-18,201.05,207.5,194.55,195.75,60142646,POWERGRID,181.28,13.347367175826731,175.1874005391793,-3.831982313927784,1.0270753512132822,1.0600255427841634,0.9938697318007663,0.5581413501109413,3.4807290647789384,5.842076853836456,51492803.4,1.167981582451578,54546018.8,1.1026037705981946,-412979338,0.8226606238824968,6.615581098339714,12.949999999999989,3.9499999999999886,9.0,12.949999999999989,10.981459369171166,1.0841089339481464,6.35696821515892,59.219221264092155,77.7882797731569,83.63111276496068,11.737487626127566
2021-01-25,195.55,200.6,189.6,190.2,44529828,POWERGRID,181.98250000000002,13.432622064449548,175.24846599676587,-2.8352490421456045,1.0281282860147214,1.0546792849631967,0.9968454258675079,-1.5623688423266189,0.569412863589336,2.836685938276964,51193880.55,0.869827165309507,50392139.2,0.8836661572009628,-457509166,0.9123491856662049,5.783385909568875,11.0,4.849999999999994,6.150000000000006,11.0,10.983931453281677,0.611756957098362,1.1702127659574346,52.03822466874365,65.81027667984188,80.24052410867154,8.531620472792063
2021-02-01,190.0,194.35,182.5,188.9,32539303,POWERGRID,182.85250000000002,13.280580153387401,175.28892260313935,-0.6834910620399537,1.0058231868713605,1.028851244044468,0.9661196400211752,-1.5075438638098557,-0.09845423888062545,1.987345297363286,50157907.4,0.6487372517458733,50870511.8,0.6396496093440129,-490048469,0.9803222183985613,6.273160402329271,11.849999999999994,4.150000000000006,7.699999999999989,11.849999999999994,11.099407259510787,0.45536414299321737,-3.0038510911424843,50.38687984073562,51.30890052356021,64.96915232551966,7.764938705041069
2021-02-08,191.0,213.4,189.2,212.55,92773339,POWERGRID,184.95499999999998,14.495098082492357,175.60111639117247,12.519851773425096,0.8986120912726416,1.0039990590449306,0.8901434956480827,6.524660751591993,9.462252220084485,11.818593583231864,52857437.65,1.7551614895581304,62544432.6,1.483318900553908,-397275130,0.80791379032407,11.385556339684788,24.200000000000017,24.5,0.29999999999998295,24.5,12.886152958242683,1.903747035236012,10.472972972972983,70.22232040286615,97.85082174462707,71.6566663160097,21.041371699778658
2021-02-15,210.0,219.0,207.0,212.45,65305222,POWERGRID,187.17000000000002,15.161398352395496,175.81717124496546,-0.047047753469786624,0.9884678747940693,1.030830783713815,0.974346905154154,4.320441336003368,8.07397388042479,10.79566279409871,54325720.25,1.2021050378986922,59058067.6,1.1057798646970969,-462580352,0.9536905547404826,5.64838785596611,12.0,6.449999999999989,5.550000000000011,12.0,12.767999230476992,1.667392374530265,9.793281653746755,70.08561334070716,83.86699507389159,77.67557244735961,20.835751420431016
2021-02-22,213.4,238.3,213.3,224.95,126936234,POWERGRID,190.275,16.23922719836202,176.37081148431082,5.883737349964702,0.9486552567237164,1.059346521449211,0.9482107134918872,6.4247692430433805,11.29895183398055,14.43984743523338,59180919.45,2.144884452281013,72416785.2,1.752856518684566,-335644118,0.7133520949738178,11.113580795732386,25.0,25.850000000000023,0.8500000000000227,25.850000000000023,14.51226599974673,2.135261707742934,15.774575398867707,76.6437069305222,77.71285475792985,86.47689052548282,27.543780122602975
2021-03-01,225.75,232.8,211.2,227.25,73082047,POWERGRID,193.6475,16.57754882363556,176.69876533921868,1.0224494332073952,0.9933993399339934,1.0244224422442245,0.9293729372937293,4.914563523938702,10.45431104216473,14.030319210162542,60804165.45,1.2019250072611596,78127229.0,0.9354235128446703,-262562071,0.5830745588232829,9.504950495049515,21.600000000000023,7.850000000000023,13.75,21.600000000000023,15.457297199780502,2.026988450312448,22.506738544474402,77.68245368940934,80.19713261648744,80.59232748276962,28.608708478372918
2021-03-08,229.0,230.15,217.0,220.15,52611882,POWERGRID,196.66750000000002,15.546909279915269,176.89946065023406,-3.124312431243126,1.0401998637292755,1.0454235748353395,0.985691573926868,1.2319920079190487,6.485482694261449,10.319589085322066,61253756.05,0.8589168304561464,82141744.8,0.6405011499098324,-315173953,0.7320345857311604,5.973200090847152,13.150000000000006,2.9000000000000057,10.25,13.150000000000006,15.149657573143102,1.5104288304001712,14.930827460193164,67.05951672535576,67.47311827956989,75.12770188466237,24.449220585969446
2021-03-15,220.5,226.5,213.25,224.15,40225228,POWERGRID,199.2725,15.569821306820982,177.06573512158542,1.8169429934135728,0.9837162614320767,1.0104840508587998,0.9513718492081196,1.9963507786255508,6.989371970842191,10.926623878530068,58898849.05,0.6829543980707039,71632122.6,0.5615529254189656,-274948725,0.6655113102764152,5.911220165068035,13.25,6.349999999999994,6.900000000000006,13.25,14.896369896724021,1.5978025379842615,18.944016980631485,69.74867077084586,74.6415770609319,74.10394265232974,26.59140394728733
2021-03-22,225.15,234.4,219.15,223.55,79361330,POWERGRID,201.79749999999999,15.18349584425973,177.38623689161838,-0.26767789426722643,1.0071572355177811,1.048535003354954,0.9803176023261015,1.1555417193138529,5.776915591644992,9.796924687280127,60289149.75,1.3163451521390879,74443344.2,1.0660634721995736,-354310055,0.8807574428612609,6.82174010288526,15.25,10.25,5.0,15.25,14.943520577160818,1.4326410876072242,9.825595676737908,68.77689195731884,73.5663082437276,71.89366786140978,26.02443341564731
2021-03-29,223.55,224.0,212.15,214.6,60925431,POWERGRID,203.325,14.836827402394421,177.5821777487647,-4.003578617758896,1.0417054986020504,1.043802423112768,0.9885834109972041,-1.9778771315545018,1.5833956084898293,5.532047084597775,61051786.0,0.9979303635769149,61241183.6,0.9948441133655685,-415235486,1.0465963587806328,5.521901211556381,11.849999999999994,0.44999999999998863,11.400000000000006,11.849999999999994,14.531051166872707,0.7599333532841668,9.629629629629633,55.47413339028663,57.52688172043009,68.57825567502985,20.84546023734794
2021-04-05,216.9,223.7,213.35,214.15,56102233,POWERGRID,204.6325,14.564974885700064,177.7586195498732,-0.20969245107175238,1.0128414662619658,1.044594910109736,0.9962643007237917,-1.4614442600407744,1.1799340819128912,4.889077106351284,61929514.35,0.9059046173514842,57845220.8,0.9698680759465612,-471337719,1.1903952892086043,4.83306093859444,10.349999999999994,9.099999999999994,1.25,10.349999999999994,13.973577677956346,0.6534511782333605,12.592008412197696,54.858558439033956,56.72043010752687,62.604540023894835,20.472357707479034
2021-04-12,215.2,219.0,198.5,201.15,55647954,POWERGRID,204.95250000000001,14.405860238477509,177.87003713010375,-6.070511323838435,1.0698483718617946,1.0887397464578672,0.9868257519264231,-5.345822481689397,-4.462840593835544,-1.1529727046248925,60583727.35,0.9185297180299686,58452435.2,0.9520211400875903,-526985673,1.3107032055834587,10.191399453144419,20.5,4.849999999999994,15.650000000000006,20.5,14.843767320895502,-0.263955080575034,6.484912652196928,40.046044207005956,33.42293906810036,49.223416965352435,13.088186883813394
2021-04-19,205.15,214.8,200.0,201.2,39609155,POWERGRID,205.3925,14.134115828844013,177.94886655795503,0.024857071836925648,1.0196322067594434,1.0675944333996026,0.9940357852882704,-3.546428734896714,-3.8030405514769403,-1.0338490121306771,59559400.3,0.6650361622260995,58329220.6,0.6790619622988756,-487376518,1.208798733042394,7.355864811133207,14.800000000000011,13.650000000000006,1.1500000000000057,14.800000000000011,14.837931678109436,-0.2966227283523624,-5.339920018819111,40.11779995501182,33.51254480286735,41.218637992831525,13.066187996467201
2021-04-26,205.0,216.45,201.2,215.8,46997741,POWERGRID,206.5075,14.025749581245577,178.10001265506898,7.256461232604394,0.9499536607970342,1.003012048192771,0.9323447636700648,2.306019581522342,2.759810304684931,5.318151593432361,59314588.2,0.7923470840180258,51856502.8,0.9063037124053804,-440378777,1.0885293201790833,7.06672845227062,15.25,15.25,0.0,15.25,14.892874121028179,0.6625314352129467,1.5768416097905469,57.325929907024154,59.677419354838726,42.2043010752688,21.167874601977484
2021-05-03,216.05,223.65,215.8,220.8,44348259,POWERGRID,207.83249999999998,14.063486456629827,178.26030471672217,2.3169601482854407,0.9784873188405797,1.012907608695652,0.9773550724637681,3.012195125883208,4.252977731952666,6.84036392379595,59186264.0,0.7492998544391989,48541068.4,0.9136234628078356,-396030518,0.9752916120907206,3.5552536231884027,7.849999999999994,7.849999999999994,0.0,7.849999999999994,13.95382423822442,0.9220686520366274,-1.8448544120915678,61.67757949188808,68.63799283154123,53.94265232974909,23.863807116721084
2021-05-10,221.4,221.7,213.5,219.85,52433144,POWERGRID,209.55,13.26756035956716,178.44407533672546,-0.43025362318841465,1.0070502615419605,1.0084148282920173,0.9711166704571299,1.7287322683496518,3.290779362091613,5.901325107313929,58542959.9,0.8956353435078024,47807250.6,1.0967613351937875,-448463662,1.102090216301827,3.7298157834887373,8.199999999999989,0.8999999999999773,7.300000000000011,8.199999999999989,13.18664767312783,0.7763296130454544,-3.2563256325632617,60.32887566525643,62.42362525458247,63.579679146987466,23.203866301047658
2021-05-17,220.0,235.0,218.4,228.4,61007805,POWERGRID,211.3925,13.194818311109058,178.69959818635002,3.8890152376620524,0.9632224168126094,1.0288966725043782,0.9562171628721541,3.6049672772815797,5.923734711367929,8.638525092408294,60085978.15,1.0153417965119704,48879220.8,1.2481337468456535,-387455857,0.9537720039140006,7.267950963222414,16.599999999999994,15.150000000000006,1.4499999999999886,16.599999999999994,13.641761316710786,1.2889529509990252,3.7474449239155216,67.67031421423536,75.12562814070351,68.72908207560906,27.812262768392927
2021-05-24,230.9,239.85,226.0,231.0,76165349,POWERGRID,213.51999999999998,12.722818290896825,179.03145848933156,1.138353765323985,0.9995670995670995,1.0383116883116883,0.9783549783549783,3.126622009036395,5.985087228483978,8.861266393278,62174058.85,1.2250342089416284,56190459.6,1.3554854247890864,-311290508,0.7781851441796809,5.995670995670993,13.849999999999994,11.449999999999989,2.4000000000000057,13.849999999999994,13.66952647448268,1.3739094279533142,3.0559892928842203,69.64156201170694,78.59733978234584,72.04886439254393,29.027603276641596
2021-05-31,233.0,234.45,223.25,225.65,60238953,POWERGRID,214.625,12.770952855684897,179.26424344138584,-2.316017316017316,1.0325725681364946,1.0389984489253268,0.9893640593840017,0.553215700088352,3.219480800657648,6.142062894349431,61049154.15,0.9867287080176523,58838702.0,1.0237981286534839,-371529461,0.9266095703584596,4.963438954132501,11.199999999999989,3.4499999999999886,7.75,11.199999999999989,13.340256277884988,0.8632871896549448,0.9393871617087823,60.83473087295979,65.65900846432893,73.12732546245941,25.875632344818918
2021-06-07,226.3,237.8,223.9,236.25,32749810,POWERGRID,216.65,12.831314491468452,179.41852588591868,4.697540438732539,0.9578835978835979,1.0065608465608467,0.9477248677248677,3.343444438024507,6.481545007413686,9.490483743636489,59679512.35,0.5487613539456141,56519012.2,0.5794476712386704,-338779651,0.8528212421276176,5.883597883597886,13.900000000000006,12.150000000000006,1.75,13.900000000000006,13.41488877416699,1.5275130239409256,10.088536812674743,69.61817767750546,91.2938331318017,78.51672712615881,31.675365647701838
2021-06-14,238.95,249.8,232.05,248.7,80405487,POWERGRID,219.575,13.14833889848807,179.87600050233422,5.269841269841269,0.9607961399276237,1.0044229995979093,0.9330518697225574,5.4547346159584125,9.568378452529663,12.852966971175226,61473295.3,1.307974244875075,62113480.8,1.294493336461028,-258374164,0.6671352273875268,7.1371129875351835,17.75,13.550000000000011,4.199999999999989,17.75,13.992903604278059,2.2151087087775845,16.133551249124434,76.69982677125994,97.8557504873294,84.93619736115333,38.261913376694544
2021-06-21,250.55,251.5,228.4,234.85,72558343,POWERGRID,221.8725,11.405209739875325,180.20163374543677,-5.568958584640127,1.0668511816052801,1.0708963167979562,0.9725356610602512,-0.08064012777274882,3.63024077792194,7.07077629091054,63474247.3,1.1431146659694222,64423588.4,1.1262698151722328,-330932507,0.8724057570590696,9.83606557377049,23.099999999999994,2.8000000000000114,20.299999999999983,23.099999999999994,15.207183123707651,1.1378571982440242,16.753666418095946,59.03659357153189,68.58490566037734,85.91149642650281,30.326232409059433
2021-06-28,232.05,237.0,228.1,231.85,29459782,POWERGRID,222.8375,11.391396511126493,180.32554961838756,-1.2774111134766897,1.0008626266982963,1.02221263748113,0.9838257494069441,-0.9170824067498569,2.0428061740471364,5.379300528762766,60308569.45,0.48848417842880865,55082475.0,0.5348303975084634,-360392289,0.9547091186074799,3.8386888074185923,8.900000000000006,2.1500000000000057,6.75,8.900000000000006,14.366225373879965,0.7911672630477811,15.233598409542747,55.82357767478077,62.92452830188678,76.45506148319784,28.573017240568866
2021-07-05,232.6,237.9,227.6,230.3,62353876,POWERGRID,223.72999999999996,11.23287468479156,180.57804444225172,-0.6685356911796392,1.0099869735128093,1.0330004342162398,0.9882761615284411,-1.0641932436096553,1.1858741199162395,4.347264113305166,60161002.15,1.0364500884565135,55505459.6,1.1233827527841964,-422746165,1.1258298244511238,4.472427268779857,10.300000000000011,6.050000000000011,4.25,10.300000000000011,13.824061990695972,0.5848903494753057,6.719184430027814,54.06929082755121,60.00000000000002,63.836477987421375,27.5348842719632
2021-07-12,229.4,233.15,228.2,229.0,16808636,POWERGRID,223.93249999999998,11.292373707391594,180.6439048922268,-0.5644811115935733,1.0017467248908296,1.018122270742358,0.9965065502183406,-1.0919467365452997,0.5356462001872998,3.487235872720515,54654622.25,0.30754280805590967,52317224.8,0.321283020348587,-439554801,1.1546177211886637,2.161572052401754,4.950000000000017,2.8499999999999943,2.1000000000000227,4.950000000000017,12.640853725269844,0.4487541885620572,3.7137681159420177,52.473476571533254,57.54716981132076,60.15723270440251,26.768738827154298
2021-07-19,230.4,236.5,228.3,233.15,29531015,POWERGRID,224.22750000000002,11.459430441895972,180.76907523228047,1.812227074235806,0.9882050182286082,1.0143684323396955,0.9791979412395454,0.4716397092890816,1.9766415729036133,4.771372922790396,52477070.65,0.5627413008046782,42142330.4,0.7007447077487675,-410023786,1.056582569645343,3.5170491100150065,8.199999999999989,7.5,0.6999999999999886,8.199999999999989,12.048739895233863,0.7786163583993753,6.0495792585854025,57.13363784954149,64.36893203883496,60.63870061671857,28.976706718454086
2021-07-26,234.9,236.3,228.7,232.7,24851518,POWERGRID,224.85500000000002,11.567500981084413,180.87304855482628,-0.19300879262278414,1.0094542329179201,1.0154705629565965,0.9828104856037817,0.18611315920568236,1.5317845762998676,4.20494970865005,51089052.45,0.48643528913208484,32600965.4,0.7622939288785602,-434875304,1.1036013467221515,3.2660077352814882,7.600000000000023,3.1500000000000057,4.450000000000017,7.600000000000023,11.455574575869353,0.6781931562252204,1.882661996497359,56.441211554981074,62.624254473161024,61.51345210777223,28.65377227799857
2021-08-02,233.0,234.85,167.15,171.0,68117510,POWERGRID,222.1975,16.703218055844008,180.81916252874623,-26.51482595616673,1.3625730994152048,1.373391812865497,0.9774853801169591,-23.885736716775206,-29.14062019596501,-27.829722334682483,52483666.55,1.2978801687779569,40332511.0,1.6888983182822412,-502992814,1.240569090640302,39.59064327485379,67.69999999999999,2.1500000000000057,65.54999999999998,67.69999999999999,18.95483129908677,-3.065127918993272,-25.97402597402597,19.346715473236017,4.564315352697089,43.85250062156435,-5.430377174313704
2021-08-09,172.55,177.0,171.1,176.45,54494560,POWERGRID,219.84249999999997,19.57581264697572,180.80016814037148,3.1871345029239606,0.9778974213658261,1.0031170303202042,0.9696797959761972,-13.372857196820867,-21.558738874679293,-21.89133263036637,51240328.05,1.0635091942975958,38760647.8,1.4059249030404493,-448498254,1.0934642733283557,3.343723434400683,5.900000000000006,6.0,0.09999999999999432,6.0,17.227520459208534,-2.2166385009157574,-21.803678262796378,24.410048137975252,11.02548903378777,26.07135295321528,-2.4060642117290874
2021-08-16,176.1,187.7,171.35,180.7,112048864,POWERGRID,218.14749999999998,21.433160946484673,180.7992806856817,2.4086143383394765,0.9745434421693415,1.038738240177089,0.948256779192031,-7.137578499830445,-16.028331762687152,-17.439117353306404,53796499.7,2.082828150992136,57808693.4,1.9382701356817036,-336449390,0.8282373628327665,9.048146098505807,16.349999999999994,11.25,5.099999999999994,16.349999999999994,17.11051773131406,-1.747175794251752,-23.51322751322752,28.451657327445446,16.064018968583266,10.55127445168936,-0.05491210214177702
2021-08-23,181.05,186.0,174.2,175.65,54767401,POWERGRID,216.2225,23.4455386565282,180.7770782206402,-2.794687327061418,1.0307429547395388,1.0589239965841162,0.9917449473384571,-6.811881335684072,-16.597875073893228,-19.08090595083362,53729758.1,1.0193122570562996,62855970.6,0.871315811007459,-391216791,0.9726502259277882,6.717904924565904,11.800000000000011,5.300000000000011,6.5,11.800000000000011,16.40244870047219,-1.7304998018760787,-29.37273823884198,26.508425831666628,10.07705986959099,12.38885595732066,-2.8361329163548805
2021-08-30,177.3,179.3,171.6,175.5,43282623,POWERGRID,214.94,24.965679600098177,180.7591572213207,-0.0853970964987183,1.0102564102564102,1.0216524216524216,0.9777777777777777,-4.602115694635933,-14.312169752035892,-17.58412746101766,53111491.55,0.8149389470497747,66542191.6,0.6504538242470511,-434499414,1.0928245203547002,4.387464387464397,7.700000000000017,3.6500000000000057,4.050000000000011,7.700000000000017,15.2421222070759,-1.5797687317850904,-25.271449861613792,26.446519754028174,9.899229401304083,12.013436079826098,-2.9094831499360243
2021-09-06,175.5,177.8,173.0,174.1,71135933,POWERGRID,213.58499999999998,26.442405635446548,180.72219601107912,-0.7977207977208023,1.0080413555427916,1.0212521539345205,0.993681792073521,-3.628838998309821,-13.055481044468536,-16.985524633110565,54687830.45,1.3007634864037654,67145876.2,1.0594237059043694,-505635347,1.2688275239478028,2.757036186099949,4.800000000000011,2.3000000000000114,2.5,4.800000000000011,13.849839246132447,-1.493245378063091,-24.908345913306018,25.797713178316286,8.239478363959678,9.405255878284903,-3.664295895714522
2021-09-13,174.1,174.3,170.2,173.9,37842122,POWERGRID,211.49,27.878522198997956,180.70211169151497,-0.11487650775415803,1.001150086256469,1.0023001725129386,0.978723404255319,-2.498680734543772,-11.301861085231113,-15.693395737430535,54230049.5,0.697807255366787,63815388.6,0.5929936780170293,-543477469,1.3463713200054253,2.357676825761945,4.100000000000023,0.20000000000001705,3.9000000000000057,4.100000000000023,12.549860679981458,-1.348349806050735,-24.489795918367353,25.69381089200823,8.002371072910492,8.71369294605807,-3.764267958930757
2021-09-20,173.9,181.65,173.5,177.0,55324385,POWERGRID,209.3,28.813364954479407,180.6862460235853,1.7826336975273138,0.9824858757062147,1.026271186440678,0.980225988700565,-0.46900406680664913,-8.01643410518979,-12.528199955805494,54778855.8,1.00995875492529,52470492.8,1.054390421124461,-488153084,1.195671070832099,4.604519774011303,8.150000000000006,7.75,0.4000000000000057,8.150000000000006,11.963212589317266,-1.1210075619778856,-22.707423580786024,30.68657297108085,11.677534084173082,9.30646117368107,-2.04013648227776
2021-09-27,176.05,179.5,175.1,176.0,30931213,POWERGRID,207.1075,29.62523495354348,180.67504455528777,-0.5649717514124242,1.0002840909090909,1.0198863636363635,0.9948863636363636,-0.693233787215064,-7.39728329522043,-12.07026766759151,53703759.25,0.5759599222097287,47703255.2,0.6484088532390133,-519084297,1.2605311626697238,2.500000000000003,4.400000000000006,2.5,1.9000000000000057,4.400000000000006,10.954784244074965,-1.0500338663568713,-24.51211666309243,29.937847399913522,12.508833922261475,10.729579693115005,-2.587543048236069
2021-10-04,176.85,198.0,176.1,191.65,107948010,POWERGRID,205.26999999999998,29.373701091103527,180.765839671455,8.89204545454545,0.9227758935559613,1.0331333159405165,0.9188625097834594,5.01953510200939,1.1766008275854134,-2.6754666512119107,56050769.5,1.9258970209142268,60636332.6,1.7802529501924396,-411136287,0.9955305515699264,11.427080615705716,21.900000000000006,22.0,0.09999999999999432,22.0,12.427479678198303,-0.46368007755498997,-17.640739149119035,51.365718624371674,34.62897526501767,19.605114423817398,6.021137814714959
2021-10-11,191.65,195.1,186.75,193.45,40508464,POWERGRID,203.39249999999998,28.837705010336396,180.8050957039823,0.9392121054004665,0.9906952700956321,1.0085293357456708,0.9653657275781856,3.9355351160509864,1.7966793129568024,-1.57675756903266,54267925.25,0.7464531546652412,54510838.8,0.7431267779354003,-370627823,0.891041601701113,4.316360816748511,8.349999999999994,3.4499999999999886,4.900000000000006,8.349999999999994,11.883815721105195,-0.3447743153082491,13.128654970760234,53.26270912491041,37.92357606344627,28.353795083575125,6.993665884682912
2021-10-18,193.9,209.95,191.65,203.8,74510552,POWERGRID,202.3,28.36004416892155,180.93525734177967,5.350219695011638,0.951422963689892,1.0301766437684003,0.9403827281648675,5.876117985607009,5.814808410590885,3.283340992385085,54981505.2,1.3551930186152852,61844524.8,1.2048043418711822,-296117271,0.7184202525550728,8.979391560353278,18.299999999999983,16.5,1.799999999999983,18.299999999999983,12.739306958291168,0.0528913139579585,15.500141683196379,62.87109692639606,52.84787310742611,41.80014147863,12.636974680412743
2021-10-25,204.0,204.8,190.5,192.65,52949213,POWERGRID,200.12,27.26770019059609,180.98219078813264,-5.471050049067716,1.0589151310667013,1.0630677394238257,0.9888398650402284,0.28567469665786,0.3117034774168719,-2.1214664604512197,55991475.35,0.9456656155069505,61369490.4,0.862793753946505,-349066484,0.8458266767341789,7.422787438359725,14.300000000000011,1.0,13.300000000000011,14.300000000000011,12.947399363852348,-0.27395049629364066,6.613171001660212,50.07469845429066,36.87635574837309,42.549268306415144,6.446937768327891
2021-11-01,192.6,192.95,181.3,187.75,35960219,POWERGRID,197.0725,24.85142945692774,181.00055534916643,-2.5434726187386514,1.025832223701731,1.0276964047936084,0.9656458055925433,-1.5444820938796966,-1.962870040292074,-4.387796559993432,53769211.95,0.6687882841474302,62375291.6,0.5765138419008209,-385026703,0.9188626322466046,6.205059920106513,11.649999999999977,0.29999999999998295,11.349999999999994,11.649999999999977,12.774412782005367,-0.37512932671167504,6.888699117563335,45.39015274180673,30.42836041358936,40.050863089796174,3.728963503903774
2021-11-08,188.65,191.25,183.0,189.15,28261618,POWERGRID,194.7875,23.244104374183127,181.01789777986613,0.7456724367510104,0.9973565952947396,1.0111022997620935,0.9674861221252974,-0.5285981606341136,-1.0355901215128047,-3.313902918991275,51554375.7,0.5481904807548663,46438013.2,0.6085880091011301,-356765085,0.8488001519483834,4.361617763679619,8.25,3.5,4.75,8.25,12.17115774440465,-0.24253461906931867,7.777777777777772,47.02398799563018,47.672955974842814,38.32589071226841,4.4924299308918245
2021-11-15,190.35,190.35,180.3,188.3,50626779,POWERGRID,192.61,21.56887133176747,181.04555251922415,-0.4493787998942622,1.0108868826340944,1.0108868826340944,0.9575146043547531,-0.6549277468009984,-1.2785761542408673,-3.4652469943349224,52612725.55,0.9622534942024117,48461676.2,1.0446765974636263,-407391864,0.9638602955008415,5.3372278279341385,10.049999999999983,1.1999999999999886,8.849999999999994,10.049999999999983,11.888336711817363,-0.19982501326585725,8.156232050545675,46.05863279646037,45.53459119496861,41.21196919446692,4.006973593016354
2021-11-22,189.0,197.0,186.5,194.2,58053363,POWERGRID,190.805,19.676247369006642,181.10258803491593,3.1332979288369422,0.9732234809474769,1.0144181256436664,0.9603501544799177,1.6020497949789505,1.541462896085521,-0.2950420955054758,52397699.9,1.1079372398176586,45170238.4,1.2852126766725234,-349338501,0.8337503271323267,5.406797116374872,10.5,8.699999999999989,1.8000000000000114,10.5,11.703225150241716,0.1725430635390197,11.67337550316272,53.67524442201077,60.37735849056604,51.19496855345915,7.2320401973266835
2021-11-29,193.25,207.45,193.15,200.25,63907618,POWERGRID,189.3675,17.688773387303982,181.19354586737302,3.115345005149339,0.9650436953807741,1.0359550561797752,0.9645443196004994,3.0499145074820158,3.870955995376377,2.507170651511126,54752649.0,1.1672059556424383,47361919.4,1.3493460317826562,-285430883,0.693988779873431,7.141073657927582,14.299999999999983,13.25,1.049999999999983,14.299999999999983,12.049461796876152,0.6152207256954768,13.135593220338993,60.30669310351762,75.59748427672959,60.50314465408807,10.517181526198291
2021-12-06,200.3,216.45,200.3,202.0,113075954,POWERGRID,187.81,14.75968549087341,181.366970447286,0.8739076154806513,0.9915841584158417,1.0715346534653465,0.9915841584158417,2.593219076314425,4.031791816438969,3.0724711850726547,58929895.95,1.9188215451108392,62785066.4,1.8010007870279165,-172354929,0.43152716973456934,7.995049504950484,16.149999999999977,16.19999999999999,0.05000000000001137,16.19999999999999,12.602866890625997,0.9614025995861717,14.77272727272727,62.11667387080164,68.75675675675677,68.24386650801746,11.376398636327746
2021-12-13,202.6,209.65,201.85,204.4,37804128,POWERGRID,186.395,11.143063690972886,181.43097694524425,1.1881188118811892,0.9911937377690802,1.0256849315068493,0.9875244618395302,2.4912924116618216,4.421674365057336,3.859683208264622,59577526.45,0.6345367163191449,64693568.4,0.584356821473462,-134550801,0.3500365901371475,3.8160469667319035,7.800000000000011,7.650000000000006,0.15000000000000568,7.800000000000011,11.962484638542533,1.6158033822050248,6.652752413253316,64.66624740166,73.94594594594598,72.7667289931441,12.65992359269927
2021-12-20,204.1,215.65,203.2,209.85,85806556,POWERGRID,188.3375,11.690874477670906,181.6091051541273,2.666340508806253,0.9725994758160591,1.0276387896116275,0.9683106981177031,3.349122925720506,5.917656449372881,5.826825401263664,60461978.75,1.4191820673748625,71729523.8,1.1962515775129126,-48744245,0.13477239929581708,5.9328091493924315,12.450000000000017,11.25,1.200000000000017,12.450000000000017,12.027486686736864,1.840110424681061,8.477642801757558,69.96299453129359,84.63329452852155,75.77866574374143,15.550373876852339
2021-12-27,211.45,211.75,198.0,206.1,49405043,POWERGRID,189.82,11.980448985524793,181.69717242101953,-1.7869907076483171,1.0259582726831635,1.027413876758855,0.9606986899563319,1.0603701955764089,3.604991498860044,3.7705613840397105,60207502.9,0.8205795062130039,69999859.8,0.7057877421634493,-98149288,0.2851843923753247,6.671518680252304,13.75,1.9000000000000057,11.849999999999994,13.75,12.257155128505284,1.3588806245634097,1.1285574092247286,62.52193837177543,74.96977025392988,77.84967024279912,13.430493856247505
2022-01-03,206.65,211.4,201.65,205.0,103231977,POWERGRID,191.035,12.236325342796421,181.87095670424063,-0.5337214944201807,1.0080487804878049,1.031219512195122,0.9836585365853658,0.35298308067739326,2.646642848425314,2.9830242738847246,59766658.55,1.7272502680342667,77864731.6,1.3257860764269302,-201381265,0.596849002254764,4.7560975609756095,9.75,5.300000000000011,4.449999999999989,9.75,11.922867778037913,1.1412740025109958,6.410589151310675,60.349491657010624,71.62329615861218,77.07545364702118,12.717282470434204
2022-01-10,206.3,213.0,203.45,204.0,39719318,POWERGRID,192.4525,12.000070997598035,181.9342718595624,-0.4878048780487809,1.0112745098039215,1.0441176470588236,0.9973039215686273,-0.09032179235665759,1.8595032938117102,2.2984966248407117,59014254.4,0.6730461717059328,63193404.4,0.6285358159941135,-241100583,0.7308257879806164,4.681372549019613,9.550000000000011,8.0,1.5500000000000114,9.550000000000011,11.60648540763286,0.9622859733339403,8.655126498002662,58.22723413457514,65.56016597510374,70.71774412921526,12.128406547541774
2022-01-17,204.55,211.5,203.5,206.35,45380949,POWERGRID,193.99499999999998,11.684896909665003,182.01382715813804,1.1519607843137214,0.99127695662709,1.0249575963169373,0.986188514659559,0.6996990690872739,2.55185851474646,3.1268986455627874,59119170.7,0.767618159434026,64708768.6,0.7013106566827791,-195719634,0.6155429564106352,3.8769081657378237,8.0,7.5,0.5,8.0,11.125620686615145,1.0573477965202027,9.09331218609568,61.86369445333175,72.06085753803596,69.74810655725061,13.370507736600743
2022-01-24,206.25,219.25,201.05,214.0,71047438,POWERGRID,195.98999999999998,11.514265751210482,182.17616761206398,3.7072934334867913,0.9637850467289719,1.0245327102803738,0.9394859813084113,2.8329685448789927,5.173201620232036,6.040728539965231,59114745.95,1.2018564379874492,61756945.0,1.150436408407184,-124672196,0.41708322372197676,8.504672897196256,18.19999999999999,12.900000000000006,5.299999999999983,18.19999999999999,12.068871261733126,1.5641466324595337,13.648433351035582,71.26092507738112,86.5211810012837,74.71406817147447,17.46871328180723
2022-01-31,213.5,220.2,209.25,215.4,71055989,POWERGRID,198.065,11.054066886755622,182.34395819860958,0.6542056074766434,0.9911792014856081,1.022284122562674,0.9714484679665738,2.309672759529878,4.962455816671923,6.097135168321796,60775439.3,1.169156320684958,66087134.2,1.0751864165415723,-53616207,0.19537912337851573,5.083565459610022,10.949999999999989,6.199999999999989,4.75,10.949999999999989,11.919688426835375,1.568201113453534,10.91658084449023,72.68233501918141,87.96992481203011,82.18398778378325,18.128399826324753
2022-02-07,217.0,217.8,209.1,213.65,28752260,POWERGRID,199.89749999999998,10.396488210222152,182.40780376138434,-0.8124419684308215,1.015679850222326,1.0194242920664638,0.9787034870114673,1.006329705601792,3.586291262389607,4.8839816162811704,59446833.05,0.48366344386784793,51191190.8,0.5616642150860066,-82368467,0.3241166850809353,4.072080505499657,8.700000000000017,2.4000000000000057,6.300000000000011,8.700000000000017,11.49039663659066,1.3228024427015785,6.691635455680411,67.84275204009745,83.5839598997494,86.02502190435439,17.127664274432554
2022-02-14,214.0,215.7,201.25,201.85,52701798,POWERGRID,201.19,8.744811995813878,182.48021081868532,-5.523051720102979,1.0601932127817686,1.0686153083973247,0.9970274956650979,-3.187177469732252,-1.7571274501877558,-0.6200605253475352,60535362.3,0.8705952355388811,53787686.8,0.9798115727854652,-135070265,0.5749348216066273,7.158781273222685,14.449999999999989,2.049999999999983,12.400000000000006,14.449999999999989,11.885010418378572,0.07547332067469685,-0.07425742574257432,44.69074909233731,54.01002506265663,75.18796992481204,10.614734109749985
2022-02-21,202.0,203.85,195.25,198.15,60753718,POWERGRID,201.51500000000001,8.488631716659501,182.54719706277695,-1.8330443398563268,1.0194297249558415,1.0287660862982588,0.9853646227605349,-3.4093086795035927,-3.1347514905175613,-2.2906684277295635,58175647.7,1.0443152831455282,56862240.6,1.0684369338762918,-195823983,0.8735675208502575,4.340146353772392,8.599999999999994,2.0,6.599999999999994,8.599999999999994,11.44700902926143,-0.3964125329404943,-3.057729941291587,39.77929773046706,34.56973293768549,57.38790596669716,8.547270617284441
2022-02-28,194.2,210.25,189.9,209.15,57077913,POWERGRID,202.3,8.4292879139858,182.65361243436308,5.551349987383292,0.9285202008128137,1.0052593832177863,0.9079607936887402,1.3529220978766718,1.962428846640245,2.8317573358432044,59004120.15,0.9673547009072722,54068335.6,1.0556624753953032,-138746070,0.6527023417142321,9.72985895290461,20.349999999999994,12.099999999999994,8.25,20.349999999999994,12.634074492026572,0.8126427842895881,-0.3335715987610177,56.266454526165816,63.53135313531356,50.70370371188522,14.506358353661605
2022-03-07,207.75,219.35,206.2,212.8,53053607,POWERGRID,202.75,8.74779671508466,182.76528521021334,1.7451589768109121,0.9762687969924811,1.0307800751879699,0.968984962406015,2.029961330735918,3.1234237108276304,4.123544217852307,57931272.9,0.9158025422914537,50467859.2,1.05123553566544,-85692463,0.42411409415606094,6.179511278195491,13.150000000000006,10.199999999999989,2.950000000000017,13.150000000000006,12.702864559756364,1.1488607162841176,3.2508491023774955,60.41571624794962,75.57755775577564,57.892881276258215,16.433489956936455
2022-03-14,214.0,223.4,206.6,213.4,70012135,POWERGRID,203.7875,8.717313006463424,182.91431271477273,0.28195488721804995,1.0028116213683225,1.0468603561387066,0.9681349578256794,1.5369439899425221,2.910689110981857,4.027019800511045,58784419.0,1.1909981622851458,58719834.2,1.192308117927213,-15680328,0.08458424594840766,7.872539831302723,16.80000000000001,10.599999999999994,6.200000000000017,16.80000000000001,13.249149285122185,1.102690702154764,4.09756097560976,61.11546058805442,70.1492537313433,69.75272154081082,16.6666494451777
2022-03-21,213.2,216.0,204.5,204.9,54543073,POWERGRID,204.645,7.857847234320572,182.99731998418136,-3.9831302717900696,1.0405075646656905,1.054172767203514,0.9980478282088824,-1.6984420125142812,-0.957368515860588,0.041901041044275895,59713561.7,0.9134118188096624,59088089.2,0.9230806705456976,-70223401,0.41395294486873785,5.612493899463153,11.5,2.5999999999999943,8.900000000000006,11.5,13.015929380439227,0.03245163623011615,0.4411764705882337,47.414687395412194,44.776119402985074,63.500976963368,11.968852886868483
2022-03-28,205.0,212.75,204.05,212.3,42411967,POWERGRID,205.8025,7.126220578740652,183.0830946642021,3.6115178135675885,0.9656146961846443,1.002119642016015,0.961139896373057,1.2309286595566697,2.1956874682733307,3.2322345566061115,60421079.15,0.7019399123062502,55419739.0,0.7652862998867606,-27811434,0.18154466725811558,4.097974564295803,8.699999999999989,7.849999999999994,0.8499999999999943,8.699999999999989,12.440472129713996,0.9117736292620123,2.8834504482675216,57.07997269720803,66.86567164179105,60.59701492537314,15.958275879805
2022-04-04,213.85,228.1,209.7,227.4,93439890,POWERGRID,207.7575,7.428789569890153,183.36706521233418,7.112576542628357,0.9404133685136323,1.0030782761653474,0.9221635883905013,5.192981983066194,7.448716357008759,8.853062650264686,62561734.7,1.4935629654143845,62692134.4,1.4904563530062234,65628456,-0.5066178666262291,8.09146877748461,18.400000000000006,15.799999999999983,2.6000000000000227,18.400000000000006,13.235075845752132,2.6441050476935852,6.261682242990663,70.04373410026751,98.16753926701574,69.93644343726395,24.01354612764122
2022-04-11,229.95,239.9,226.9,230.9,49046751,POWERGRID,209.59250000000003,8.375956740326073,183.52640277237168,1.5391380826736967,0.9958856647899523,1.0389779125162408,0.9826764833261152,4.420049380537746,7.587099299327312,9.38178537367262,62111404.1,0.789657740163694,61890763.2,0.7924728742075037,114675207,-1.0783659922141908,5.63014291901256,13.0,12.5,0.5,13.0,13.203732399651848,2.5438884966316677,7.195914577530171,72.28276433420272,82.0,82.34440363626892,25.812960158318983
2022-04-18,229.25,235.35,227.55,231.1,33641454,POWERGRID,211.135,9.349023309529684,183.63553590684788,0.08661758336940828,0.9919948074426655,1.018390307226309,0.984638684552142,3.0018445174272697,6.571779297328338,8.671858023435416,60598095.9,0.5551569484215427,54616627.0,0.615956272803152,148316661,-1.75202828462443,3.3751622674166954,7.799999999999983,4.449999999999989,3.3499999999999943,7.799999999999983,12.483234746364932,2.1355171913679154,8.167563772525144,72.41868861711589,82.39999999999998,87.52251308900524,25.847101901469244
2022-04-25,232.7,233.35,221.5,222.85,44295638,POWERGRID,212.1775,9.438826240030997,183.75362596105506,-3.569883167459975,1.0442001346196994,1.0471168947722684,0.9939421135292799,-0.39271178527427836,2.6683093520147807,4.849947753113155,57159080.1,0.774953654301375,52567140.0,0.8426488106448249,104021023,-1.4684879141855667,5.317478124298853,11.849999999999994,2.25,9.599999999999994,11.849999999999994,12.398803446849609,1.1307020310149218,10.403765172157552,58.714217676738954,65.89999999999998,76.76666666666665,21.276518400366726
2022-05-02,227.0,236.35,224.35,231.55,51081148,POWERGRID,213.535,10.18431585692962,183.91903381104729,3.9039712811308025,0.9803498164543295,1.0207298639602678,0.9689052040595982,2.2528875797930636,5.421720970218695,7.722925007051728,57822931.1,0.8834064103678756,54300976.2,0.9407040457589416,155102171,-2.7523411117299537,5.18246599006694,12.0,13.5,1.5,13.5,12.545629653936329,1.76889643379847,16.85591723441837,66.4415085259478,83.30000000000001,77.19999999999999,25.897790566846552
2022-05-09,233.0,246.45,231.45,245.15,83580430,POWERGRID,215.3,12.342289303981724,184.26379946268855,5.87346145540919,0.9504385070365082,1.0053028757903324,0.9441158474403426,5.117019835749764,9.14448701606878,11.77193423727347,57711624.8,1.4482425384772741,52329084.2,1.5972079633681033,238682601,-5.685426987724877,6.11870283499898,15.0,14.899999999999977,0.10000000000002274,15.0,12.872879033411486,2.4185140426395724,17.212526894573266,74.9112962586031,97.70114942528738,82.30038314176245,33.0429529375032
2022-05-16,245.8,248.35,232.15,235.2,71988143,POWERGRID,216.75499999999997,12.903160567535481,184.5096293687217,-4.058739547215994,1.0450680272108845,1.0559098639455782,0.9870323129251701,0.7353668161395898,4.543626064100795,7.3695388537923385,58840779.8,1.2234396492481563,56917362.6,1.264783533733167,166694458,-5.800229633053914,6.887755102040812,16.19999999999999,3.1999999999999886,13.0,16.19999999999999,13.316495162289954,1.4294947275482164,10.526315789473673,61.75398463837362,77.50213857998288,86.16776266842344,27.473021762988477
2022-05-23,234.9,239.3,221.65,224.6,57344155,POWERGRID,217.73499999999999,12.706184776673558,184.66316528889877,-4.506802721088432,1.045859305431879,1.0654496883348175,0.9868655387355298,-2.6329525819055193,0.03305247529514525,2.748022752497602,56546388.7,1.014108174161792,61657902.8,0.9300373901137617,109350303,-8.282414996005876,7.858414959928766,17.650000000000006,4.100000000000023,13.549999999999983,17.650000000000006,13.89429580731796,0.5402880660607902,5.248359887535137,50.78874720170943,59.36698032506415,78.19008944344479,21.626854846022763
2022-05-30,225.0,229.9,222.55,228.25,44464634,POWERGRID,218.9475,12.48158090316001,184.79221678934636,1.6251113089937652,0.9857612267250822,1.0072289156626506,0.9750273822562979,-0.6611497623833068,1.3985551655188384,3.944602049040008,56783654.5,0.7830534049195442,61691702.0,0.7207555077666685,153814937,23.50807395267277,3.2201533406352656,7.349999999999994,5.300000000000011,2.049999999999983,7.349999999999994,13.021723033008897,0.7452982176035777,11.395802830649092,54.03174028935874,65.61163387510693,67.49358426005132,23.51710692458075
2022-06-06,228.25,235.15,223.55,224.8,56610949,POWERGRID,219.87000000000003,12.179668131336625,184.94246312771884,-1.511500547645117,1.0153469750889679,1.0460409252669038,0.9944395017793595,-1.4706626134756526,-0.09829607322187231,2.264572062065242,57345154.5,0.9871967299346974,62797662.2,0.9014817911485883,97203988,4.587420039139611,5.160142348754445,11.599999999999994,6.900000000000006,4.699999999999989,11.599999999999994,12.832159961941045,0.40477293361678396,5.887894488930767,50.40879282620776,46.83972911963885,57.272781106603304,21.551317203316408
2022-06-13,223.95,227.45,221.0,222.35,36763038,POWERGRID,220.2875,12.110781136527295,185.03346946279999,-1.0898576512455627,1.007195862379132,1.0229368113334831,0.9939284911176074,-1.7258225185798064,-1.0296390783909999,1.0886866783130613,55630934.5,0.6608380450628598,53434183.8,0.6880059801718166,60440950,1.9852565257561299,2.9008320215875822,6.449999999999989,2.6499999999999773,3.8000000000000114,6.449999999999989,11.981205300348904,0.17030280514105725,-2.2207563764292004,47.783453115062756,41.30925507900675,51.253539357917504,20.167448973172014
2022-06-20,222.35,227.3,206.35,208.25,46412520,POWERGRID,219.92999999999998,12.365501671140184,185.10455835407703,-6.341353721610076,1.0677070828331332,1.0914765906362545,0.990876350540216,-5.742254140075941,-6.745766760062722,-5.140950655401352,54398761.05,0.8531907547920157,48319059.2,0.9605427085798889,14028430,0.4147093292286054,10.06002400960385,20.950000000000017,4.950000000000017,16.0,20.950000000000017,13.17704459363572,-0.944563375642082,-9.809441316587264,35.504453666981476,9.4808126410835,32.54326561324302,12.503982533833252
2022-06-27,209.05,213.35,206.15,211.55,44907209,POWERGRID,219.825,12.430379805351341,185.18267640257693,1.5846338535414173,0.9881824627747577,1.0085086268021743,0.9744741195934767,-2.7285099650856806,-4.354820249652805,-3.2091045118808115,55206508.5,0.8134404841052392,45831670.0,0.9798292098018685,58935639,1.441238951721623,3.4034507208697655,7.199999999999989,5.099999999999994,2.0999999999999943,7.199999999999989,12.380105314484291,-0.6657077361737208,-8.459541324102116,39.68968780559883,16.930022573363438,22.573363431151222,14.238547638280144
2022-07-04,209.55,215.0,205.05,210.7,76384255,POWERGRID,220.26749999999998,11.903164937374388,185.3102458983111,-0.40179626565824966,0.9945420028476508,1.0204081632653061,0.9731846226862839,-2.095289615927478,-4.093547591622702,-3.3233454573533723,56390631.35,1.3545557687748782,52215594.2,1.4628628893396753,-17448616,-0.37304549451069774,4.722354057902225,9.949999999999989,3.4499999999999886,6.5,9.949999999999989,12.05609127255305,-0.8037778229854894,-5.452097823648194,38.93871443892651,13.048498845265541,13.153111353237483,13.701214403234612
2022-07-11,211.0,221.25,208.2,217.05,60993874,POWERGRID,221.2125,10.749123281264044,185.4364482303569,3.013763644992884,0.9721262381939645,1.0193503800967518,0.9592259847961299,0.5944021436660671,-0.8984518809552943,-0.27548098230356916,56402639.15,1.0814010641911602,53092179.2,1.1488297319692615,43545258,0.7412982304782387,6.012439530062203,13.050000000000011,10.550000000000011,2.5,13.050000000000011,12.188612436212646,-0.387240883845413,-6.262146404664215,47.501184454407074,27.71362586605082,19.230715761559924,17.048186627459263
2022-07-18,215.1,219.25,208.8,210.25,50126430,POWERGRID,221.2675,10.686788141883271,185.5172677890423,-3.132918682331265,1.0230677764565992,1.0428061831153388,0.9931034482758622,-1.7470789210219166,-3.5672185388606046,-3.2254160203324957,56055065.0,0.8942355164515463,55764857.6,0.8988892316296347,-6581172,-0.10070632847399819,4.970273483947675,10.449999999999989,2.1999999999999886,8.25,10.449999999999989,11.956797444717626,-1.0309458607886712,-14.236181929430957,40.48624794366018,12.009237875288663,17.590454195535,13.331768253013559
2022-07-25,209.9,213.95,207.4,207.9,43104285,POWERGRID,221.02249999999998,10.944194267186505,185.57978212775998,-1.1177170035671757,1.0096200096200096,1.029100529100529,0.9975949975949976,-1.9314521184699656,-4.061050083675288,-4.026206870700632,55557598.9,0.775848594133538,55103210.6,0.7822463433736836,-49685457,-0.7399121236709721,3.150553150553143,6.549999999999983,3.6999999999999886,2.8499999999999943,6.549999999999983,11.235891118755275,-1.1990375608869248,-11.607142857142849,38.23468702584852,6.581986143187056,15.434949961508837,12.027289619767934
2022-08-01,207.9,220.15,207.1,218.95,46067204,POWERGRID,221.3,10.810289932331875,185.6790943212773,5.315055315055317,0.9495318565882622,1.0054807033569308,0.9458780543503084,2.1418926834744343,1.0206153561631433,1.1218191015432355,54360352.35,0.847441232599001,55335209.6,0.8325116021608058,-3618253,-0.05340312057527811,5.960264900662257,13.050000000000011,12.25,0.8000000000000114,13.050000000000011,11.47777230292124,-0.21738547390588875,-2.515583259127341,52.55136399727418,32.10161662817548,16.897613548883722,17.918498471968324
2022-08-08,219.95,226.3,217.35,221.9,46768740,POWERGRID,222.15,10.097772031494037,185.78820228655263,1.3473395752454875,0.9912122577737719,1.0198287516899505,0.9794952681388012,2.2952302930651185,2.002692585715268,2.233305248276942,53971635.7,0.8665429422958919,49412106.6,0.9465036651564254,43150487,0.587702886817866,4.033348355114924,8.950000000000017,7.350000000000023,1.5999999999999943,8.950000000000017,11.140735995865077,-0.024757936624066442,-2.782037239868562,55.713473077833065,38.91454965357968,25.86605080831406,19.437077957054512
2022-08-15,220.75,228.6,220.55,228.05,20178717,POWERGRID,222.9375,9.901407063752526,185.84305762800082,2.77151870211807,0.9679894759921069,1.0024117518088138,0.9671124753343565,3.286740048326099,3.9818241041258586,4.464033757406709,52859973.2,0.38173906981852196,41249075.2,0.48919198556965465,63329204,0.8121282549758269,3.5299276474457275,8.049999999999983,6.699999999999989,1.3499999999999943,8.049999999999983,10.728637863083064,0.5163407551151048,1.4457295373665469,61.8320807418266,53.11778290993073,41.37798306389529,22.711067559211266
2022-08-22,229.2,231.7,225.65,225.95,39678166,POWERGRID,222.865,9.87227777268629,185.9451613372434,-0.9208506906380309,1.0143837132108873,1.025448107988493,0.9986722726266873,1.5919187667500536,2.648076326415697,3.2781042568940753,50171887.0,0.7908446018783387,39159422.4,1.013246967605937,23651038,0.31168819147185567,2.6775835361805633,6.049999999999983,3.6499999999999773,2.4000000000000057,6.049999999999983,10.104819481338653,0.31249120730124447,1.6190690353046877,58.6400476599473,61.02189781021892,51.0180767912431,21.51432087560534
2022-08-29,224.95,231.2,224.2,227.05,37138801,POWERGRID,222.67249999999999,9.74405993143472,186.04287551252045,0.48683337021466766,0.9907509359171988,1.018277912354107,0.9874476987447698,1.379120738008296,2.674047299664495,3.4344726658215654,49576489.5,0.7491212341688696,37966325.6,0.9782037216685514,60789839,0.8306191634805418,3.083021360933715,7.0,5.25,1.75,7.0,9.6908435504935,0.44924805787349886,9.027611044417782,59.89149140739575,73.08970099667775,62.40979390560913,22.041760198831064
2022-09-05,228.2,230.25,221.7,223.4,33957219,POWERGRID,222.2875,9.543610083248154,186.12389684189182,-1.6075754239154416,1.0214861235452104,1.0306624888093106,0.9923903312444046,-0.15479151427997556,0.9290539943297926,1.7020170122808975,49592277.75,0.684727956460923,35544328.6,0.9553484434082122,26832620,0.3998186767641476,3.8272157564906046,8.550000000000011,3.1999999999999886,5.350000000000023,8.550000000000011,9.538731077094369,0.11657014382353868,5.601512644764828,53.67363873001441,60.963455149501655,65.0250179854661,20.02757506725395
2022-09-12,224.0,228.0,222.2,223.95,35324348,POWERGRID,222.34249999999997,9.55018978869128,186.2090460938263,0.24619516562218724,1.0002232641214557,1.0180843938379103,0.9921857557490511,0.06078611508475426,1.0048824508019254,1.781475257118064,49143713.25,0.718796884970836,33255450.2,1.0622122926484996,62156968,0.9559849922506185,2.589863808885917,5.800000000000011,4.599999999999994,1.200000000000017,5.800000000000011,9.040233600148454,0.16832126225423433,6.288561936402459,54.49503330945133,70.91932457786115,68.32416024134685,20.268056089582746
2022-09-19,224.3,238.45,223.8,233.15,77458051,POWERGRID,222.42249999999999,9.63767927678279,186.43961201638808,4.10805983478455,0.9620416041175209,1.0227321466866823,0.9598970619772679,2.6695633725733923,4.209589503472658,5.185708493154443,50462558.4,1.5349608394012777,44711317.0,1.7324036999402188,139615019,2.1731854109169952,6.283508470941444,14.649999999999977,14.5,0.14999999999997726,14.649999999999977,9.78820245346199,1.1130791647987925,7.417645703754894,66.09706374782101,84.13173652694614,72.00483875143631,25.05389679716029
2022-09-26,234.0,236.25,186.35,200.85,236704649,POWERGRID,220.20749999999998,9.221032522960597,186.65271461402108,-13.853742226034749,1.1650485436893203,1.1762509335324869,0.9278068210107046,-8.655186456508233,-9.595793053516926,-9.223497101083499,58118769.35,4.072774624227311,84116613.6,2.814005924270827,-97089630,-2.0458959490104904,24.844411252178247,49.900000000000006,3.0999999999999943,46.80000000000001,49.900000000000006,15.136442126333726,-2.0992768382281852,-4.470868014268725,32.51446068495406,27.83109404990403,60.960718384903764,7.606257115165704
2022-10-03,205.8,218.7,201.25,210.8,163803988,POWERGRID,218.9875,8.734322421225256,186.89732631940967,4.95394573064476,0.976280834914611,1.0374762808349145,0.9546963946869069,-2.3510252997775987,-3.7909258666259555,-3.729021711052652,62709561.6,2.6121054560202825,109449651.0,1.4966149869221603,66714358,1.5713469943816178,8.277988614800753,17.44999999999999,17.849999999999994,0.4000000000000057,17.849999999999994,15.498249842822561,-0.9373938360809277,1.3949013949013933,42.83758632055876,46.92898272552787,52.963937767459335,12.78920044032112
2022-10-10,212.1,212.35,204.0,208.95,53241867,POWERGRID,218.20499999999998,8.904417886350597,186.96969845231268,-0.8776091081594051,1.015075376884422,1.0162718353673128,0.9763101220387653,-2.1714800452839618,-4.037030756577812,-4.26013222604646,62504447.2,0.8518092613416474,113306580.6,0.4698920991002,13472491,0.357712476925804,3.9961713328547477,8.349999999999994,1.549999999999983,6.800000000000011,8.349999999999994,14.545149863779553,-1.0393717049361304,-4.567252797442334,41.47645910598772,43.37811900191938,39.37939859245042,11.756076909592633
2022-10-17,210.0,218.0,206.55,211.85,76813594,POWERGRID,217.385,8.683076401224243,187.0869447551467,1.3878918401531548,0.9912674061836205,1.0290299740382347,0.9749822987963183,-0.5152411469186746,-2.2396071745652977,-2.5968456120511614,64121895.2,1.1979308122508519,121604429.8,0.6316677289333419,90286085,2.6180152726190187,5.40476752419164,11.449999999999989,9.050000000000011,2.3999999999999773,11.449999999999989,14.132463215275612,-0.6374468845189024,-4.529067147363685,44.657066586142676,48.9443378119002,46.4171465131158,13.236121460672933
2022-10-24,212.95,220.25,211.55,218.85,40492771,POWERGRID,217.0875,8.515973767605793,187.16565434900272,3.304224687278734,0.9730408955905872,1.0063970756225726,0.9666438199680147,1.7998512315140536,0.8833417020203281,0.6276905140341971,63315986.3,0.6395347109992031,114211373.8,0.35454236870408784,130778856,3.6161513108717087,3.975325565455787,8.699999999999989,8.400000000000006,0.29999999999998295,8.699999999999989,13.408134786572196,0.2069640006060638,-4.034203025652272,51.93279238504575,62.38003838771594,51.56749840051183,16.928504196563935
2022-10-31,218.85,230.25,214.25,228.15,51260055,POWERGRID,217.3775,8.798676261085648,187.2938179649069,4.2494859492803405,0.9592373438527284,1.0092044707429322,0.9390751698444005,3.8685000862498446,4.220228539446421,4.2885056464899725,64040837.15,0.8004276221426628,77122455.0,0.6646579780169083,182038911,4.30911265071754,7.0129300898531675,16.0,11.400000000000006,4.599999999999994,16.0,13.753716815029236,1.224331897247327,0.9736667404293131,59.99511218145646,80.23032629558544,63.85156749840053,21.81395119124983
2022-11-07,230.65,236.55,225.0,228.0,45288488,POWERGRID,218.365,8.828603334736979,187.40597270655022,-0.06574621959237748,1.011622807017544,1.0375,0.9868421052631579,2.536837118941224,3.563327598777059,3.8734094282578826,63984635.55,0.707802546825634,53419355.0,0.847791741401595,136750423,2.8265196685868297,5.065789473684215,11.550000000000011,8.400000000000006,3.1500000000000057,11.550000000000011,13.459887906358672,1.0913390980077413,0.4184100418409997,59.808418481326434,79.94241842610367,74.18426103646836,21.66101042948827
2022-11-14,231.0,231.0,210.25,211.35,52225149,POWERGRID,218.35500000000002,8.836838265258647,187.4818075276072,-7.302631578947372,1.092973740241306,1.092973740241306,0.9947953631417081,-3.427493531681738,-3.4576145492399264,-3.3910926401424395,64350532.55,0.8115729105959046,53216011.4,0.9813803707956963,84525274,1.7020561384663055,9.817837709959782,20.75,3.0,17.75,20.75,14.431902852177515,-0.7927043349361326,-5.393912264995526,42.764538464257384,47.98464491362765,69.38579654510558,12.7309378905354
2022-11-21,210.0,220.45,209.65,219.05,33805971,POWERGRID,218.77249999999998,8.65144458579469,187.54639457834713,3.643245800804351,0.9586852316822643,1.0063912348778816,0.9570874229627938,0.13877879351461198,0.15351941181651543,0.22301539814536153,62221618.35,0.5433155211399286,44614486.8,0.7577352879020454,118331245,2.096225324451894,4.93038119150878,10.799999999999983,9.099999999999994,1.6999999999999886,10.799999999999983,13.947649138553844,0.03207556810288945,-2.1879883902656716,50.31926209731286,62.76391554702499,63.56365962891877,16.797766489982994
2022-11-28,218.5,222.2,214.25,221.3,30761320,POWERGRID,218.98499999999999,8.659100779862369,187.60911654830758,1.027162748231003,0.9873474920921825,1.0040668775417985,0.9681427925892453,0.7693914587117725,1.0017239448392157,1.1343450642420423,60709990.65,0.506692879881048,42668196.6,0.7209425860759252,149092565,2.4153524359097545,3.5924084952553046,7.949999999999989,3.1499999999999773,4.800000000000011,7.949999999999989,13.147962586746663,0.2673487766055105,-5.082564872399741,52.43602042015784,67.08253358925148,59.27703134996804,17.958020415824166
2022-12-05,221.3,224.95,217.2,221.9,49796156,POWERGRID,219.56750000000002,8.429370254933664,187.71195715068345,0.2711251694532235,0.9972960793150067,1.0137449301487156,0.9788192879675529,0.691802102487338,1.088063512494366,1.284864124186726,60693476.95,0.8204531772174242,42375416.8,1.1751189666174564,198888721,2.762322698860048,3.4925642181162684,7.75,3.6499999999999773,4.100000000000023,7.75,12.42823424184711,0.27671106256541317,10.480458053273601,53.05151112076681,68.23416506717854,66.02687140115167,18.21303414458171
2022-12-12,221.55,224.15,214.6,215.55,31878615,POWERGRID,219.95,8.036479328662743,187.76530233732493,-2.8616493916178487,1.0278357689631177,1.0398979355138018,0.995592669914173,-1.4891799689416503,-1.5650013185306728,-1.4879668906180314,60132193.45,0.5301422278318703,39693442.2,0.8031204459259519,167010106,2.0161703167081586,4.430526559962891,9.550000000000011,2.25,7.300000000000011,9.550000000000011,12.044469676267497,-0.547503430302748,2.253320683111948,45.81223454983791,56.046065259117114,63.78758797184904,14.797567663890957
2022-12-19,215.55,220.55,212.6,218.9,31951547,POWERGRID,219.9475,8.036814552913256,187.8249866654284,1.5541637671073971,0.9846962083142988,1.0075376884422111,0.9712197350388304,0.04265953310376857,-0.009147167823352464,0.05975182884121222,59426410.6,0.5376657731369022,35638721.8,0.8965402064447778,198961653,2.1401939031084085,3.631795340338061,7.950000000000017,5.0,2.950000000000017,7.950000000000017,11.4985403860985,-0.13033770943741363,4.761904761904767,49.9681169274123,62.47600767754321,62.25207933461295,16.544664203770367
2022-12-26,218.9,218.9,210.45,211.85,23946143,POWERGRID,219.445,8.220399849413296,187.85945334778447,-3.220648698035633,1.0332782629218786,1.0332782629218786,0.9933915506254425,-2.189164749283565,-2.860523881600328,-2.9939121907533814,58285280.75,0.41084374462758333,33666756.2,0.7112696827026062,175015510,1.7579328488744403,3.988671229643624,8.450000000000017,0.0,8.450000000000017,8.450000000000017,11.092068334618702,-0.9239209940064007,0.0,42.123394472914406,50.79681274900397,56.4396285618881,12.770476132389142
2023-01-02,212.95,218.4,211.8,215.05,47303103,POWERGRID,218.795,8.015591714049524,187.93629183757884,1.5105027141845806,0.9902348291095093,1.0155777726110207,0.9848872355266217,-0.44570891152669706,-1.1399421436225223,-1.339557960831643,59641500.05,0.7931239650301184,36975112.8,1.2793227503013866,222318613,2.0679448244378,3.069053708439895,6.599999999999994,6.550000000000011,0.04999999999998295,6.599999999999994,10.493125890002874,-0.46721441580361883,-1.7363490975554008,46.52062927204178,39.093484419263476,50.78876828193688,14.427074141621246
2023-01-09,215.25,216.2,204.25,209.1,73572571,POWERGRID,217.95250000000001,8.10895338499511,188.02890533434538,-2.7667984189723382,1.0294117647058825,1.0339550454328073,0.976805356288857,-2.202613427144331,-3.4439211231237,-3.871270259144463,61336220.3,1.1994963276209571,41730395.8,1.7630451278873325,148746042,1.3075220648714259,5.714968914395021,11.949999999999989,1.1499999999999773,10.800000000000011,11.949999999999989,10.687375771335823,-1.091694523288391,-8.349769888231428,40.000490805692884,15.668202764976936,35.18616664441479,11.206306087985167
2023-01-16,209.9,215.9,209.0,215.65,46886013,POWERGRID,217.3825,7.831738312790057,188.1057195005984,3.1324725011956156,0.9733364247623464,1.0011592858798979,0.9691629955947136,0.6010774631242648,-0.25884763079791684,-0.6566615360762582,61823580.9,0.7583839744876376,44731875.4,1.0481566574335939,195632055,1.6234500653907291,3.199629028518435,6.900000000000006,6.800000000000011,0.09999999999999432,6.900000000000006,10.182392335157713,-0.22121525653770016,-5.41666666666667,49.06775550745703,35.29411764705883,30.01860161043308,14.64297873160309
2023-01-23,215.65,228.3,214.9,225.1,45198760,POWERGRID,217.46750000000003,7.909326190611772,188.20463298167633,4.3821006260143625,0.958018658374056,1.0142159040426477,0.9546868058640605,3.1826517249303867,3.3858456879549172,3.2716201455637166,62385657.95,0.7245056233313317,47381318.0,0.9539363172632724,240830815,1.835547504400101,5.952909817858732,13.400000000000006,12.650000000000006,0.75,13.400000000000006,10.61140669047002,0.9650000285813987,6.505796072864922,59.30547065755549,64.55108359133122,38.50446800112233,19.603856947515112
2023-01-30,226.25,226.6,210.55,211.85,35016005,POWERGRID,216.8625,7.849922476990489,188.25351041307866,-5.886272767658818,1.0679726221383055,1.0696247344819447,0.9938635827236253,-1.9151446675105785,-2.2772695059496852,-2.546668774120715,62370240.8,0.5614216740365704,49595290.4,0.7060348818927371,205814810,1.487244191820835,7.576115175831949,16.049999999999983,1.5,14.549999999999983,16.049999999999983,11.336552465074014,-0.6385413377893273,-3.2869207943391987,44.75230148367242,23.529411764705856,41.12487100103197,12.534422086018113
2023-02-06,212.6,225.0,210.4,217.05,53871351,POWERGRID,216.05749999999998,6.854105089577415,188.3447985169257,2.454566910549927,0.9794978115641556,1.0366275051831375,0.9693618981801428,0.35099931563506287,0.14832838449821073,-0.0824040458312942,61190905.8,0.8803816563212241,50908940.0,1.0581903885643662,259686161,1.7985020127383502,6.7265607002994665,14.599999999999994,13.150000000000006,1.4499999999999886,14.599999999999994,11.771678803064145,0.14480373251196052,-1.920469950293724,50.277537361033176,39.62848297213624,42.56965944272444,15.240772088800059
2023-02-13,218.0,218.2,210.45,216.0,36061217,POWERGRID,216.815,5.84832634628534,188.4033601737761,-0.4837595024188013,1.0092592592592593,1.010185185185185,0.9743055555555555,-0.0889370325352227,-0.2889100164470851,-0.5215060878180927,51158734.2,0.704888765602023,43406669.2,0.8307759536638208,223624944,1.3939446799795463,3.587962962962963,7.75,1.1499999999999773,6.600000000000023,7.75,11.235454962655592,-0.13935610835357337,-2.65885534024336,49.13270687538513,43.925233644859816,35.69437612723397,14.647636751685223
2023-02-20,217.05,217.05,212.75,215.8,23560771,POWERGRID,217.065,5.682176658550052,188.4412116226103,-0.09259259259258856,1.0057924003707137,1.0057924003707137,0.9858665430954587,-0.12113190926046101,-0.32730529677970227,-0.5634454991719917,44146573.35,0.5336942193272176,38741620.8,0.6081514018639097,200064173,1.1973189007751464,1.9925857275254917,4.300000000000011,1.0500000000000114,3.25,4.300000000000011,10.310727634301514,-0.2226259541044932,0.1159823706796459,48.88804939368433,48.02494802494805,43.85955488064804,14.518474033260272
2023-02-27,217.55,219.95,212.4,219.2,40311314,POWERGRID,217.57750000000001,5.365128021234367,188.51374977442035,1.575532900834098,0.9924726277372263,1.0034215328467153,0.9689781021897811,0.9545612347371837,1.053314065256528,0.9133565518801326,43500045.7,0.9266958999999395,37764131.6,1.0674497808391283,240375487,1.3471045881188375,3.4443430656934235,7.549999999999983,4.149999999999977,3.4000000000000057,7.549999999999983,9.942630616394643,0.3024158964293795,0.13704888076746524,53.43618297633466,62.16216216216208,51.37078127732332,16.27799047141096
2023-03-06,220.6,228.8,215.8,227.15,116081812,POWERGRID,218.34250000000003,5.591494362918556,188.77435920433624,3.6268248175182594,0.9711644287915474,1.0072639225181599,0.950033017829628,2.9473617217826384,3.8711478624102327,4.016173350170004,45463456.6,2.5532993019276935,53977293.0,2.1505674988184382,356457299,1.85899627386521,5.72309046885318,13.0,9.600000000000023,3.3999999999999773,13.0,10.350279867542024,1.5751603110626733,7.222091102194961,62.450804727915205,93.27902240325864,67.82204419678959,20.328841775659047
2023-03-13,226.95,230.45,222.25,226.1,36261178,POWERGRID,218.70499999999998,5.854932693219361,188.85284047845923,-0.46224961479198745,1.0037593984962405,1.0192392746572312,0.9829721362229102,1.6644352501928967,2.9354820380861164,3.2728923564065564,45251876.95,0.8013187616519407,50455258.4,0.718679859144275,320196121,1.5912892840808337,3.6267138434321047,8.199999999999989,3.299999999999983,4.900000000000006,8.199999999999989,10.063575885203086,1.2630375766000201,5.138339920948609,60.66110837459435,83.39694656488551,79.61271037676875,19.7228484502404
2023-03-20,225.15,234.0,224.0,227.5,62431297,POWERGRID,218.67249999999999,5.801303732784868,188.99224198123198,0.6191950464396356,0.9896703296703296,1.0285714285714285,0.9846153846153847,1.5130514580765262,3.0281161273893966,3.545791421105765,45810439.05,1.3628181326063935,55729274.4,1.1202603599662155,382627418,1.8112757271377853,4.395604395604396,10.0,7.900000000000006,2.0999999999999943,10.0,10.055099100509342,1.5216407219144938,8.799617407938797,62.32227292086243,78.15126050420169,84.94240982411527,20.375311502253123
2023-03-27,227.25,227.7,219.55,220.1,49732000,POWERGRID,218.2775,5.386935341030622,189.08136832262505,-3.2527472527472567,1.0324852339845525,1.0345297592003635,0.9975011358473422,-1.1987908323113416,-0.19901440002173199,0.2776552443272632,46032614.65,1.08036444112783,60963520.2,0.8157665409879005,332895418,1.5059412246030675,3.7028623353021253,8.149999999999977,0.19999999999998863,7.949999999999989,8.149999999999977,9.801085887108094,0.3383185215011904,2.0635288662184115,49.55893915737103,53.27731092436972,71.60850599781898,16.404911786151548
2023-04-03,221.25,227.35,218.7,224.6,34708274,POWERGRID,218.93999999999997,5.304258467944456,189.15224823227868,2.0445252158109994,0.9850845948352627,1.0122439893143367,0.9737310774710596,0.5525263811465572,1.5501727409561639,2.0860162926835604,45156770.9,0.7686172706383663,59842912.2,0.5799897218237317,367603692,1.5628834393544375,3.8512911843276965,8.650000000000006,7.25,1.4000000000000057,8.650000000000006,9.647607768827015,1.067067156362278,-0.22212350066637132,55.896505835854974,68.4033613445378,66.61064425770307,18.740328015658335
2023-04-10,226.6,229.4,223.7,229.05,15335927,POWERGRID,219.44,5.766363444012587,189.18739695914107,1.9813000890472,0.9893036454922505,1.001528050643964,0.9766426544422614,1.6563994039307819,2.9681683885068955,3.6559382422702553,44233268.7,0.34670571383751253,39693735.2,0.38635635882409974,382939619,1.5413824915634413,2.488539620170276,5.700000000000017,4.800000000000011,0.9000000000000057,5.700000000000017,9.121260066316749,1.666561619520949,8.118952088742049,61.42647892449984,83.36134453781516,68.34733893557423,21.070432640641542
2023-04-17,228.9,239.9,227.0,236.65,35601801,POWERGRID,220.20750000000004,6.9309047598057045,189.28426653038147,3.3180528268936804,0.9672512148742869,1.0137333615043314,0.9592224804563702,3.209798671653905,5.2151482396094435,6.1875199656004,44475292.75,0.8004849164258734,39561859.8,0.8999021072310661,418541420,1.5980261036556223,5.451088104796114,12.900000000000006,10.849999999999994,2.0500000000000114,12.900000000000006,9.625092057474516,2.372345396427133,9.030177378484217,69.06912450724168,89.48220064724919,80.41563550986739,25.02359775476426
2023-04-24,236.9,237.5,228.65,231.95,29858620,POWERGRID,220.70999999999998,7.407972234802357,189.35717366791553,-1.9860553560109961,1.0213408062082345,1.0239275705971116,0.985772795861177,0.8323600076076475,2.8238776740193012,3.9293822657371016,43478415.95,0.6867458104807058,33047324.4,0.9035109662312028,388682800,1.4321336413743107,3.815477473593445,8.849999999999994,0.8499999999999943,8.0,8.849999999999994,9.521746449811248,1.517284304494952,7.3842592592592515,60.51372152154235,73.05084745762707,81.9647975475638,22.493378786262134
2023-05-01,231.3,239.5,230.65,237.25,31724751,POWERGRID,221.795,8.163089263006572,189.44397012541552,2.2849752101746112,0.9749209694415174,1.0094836670179137,0.9721812434141202,2.0317974113511625,4.281192568979473,5.5692386308096,43470722.75,0.7297958026244227,29445874.6,1.0773920432303954,420407551,1.4799378765554139,3.730242360379344,8.849999999999994,7.550000000000011,1.299999999999983,8.849999999999994,9.43218025650308,1.8932783290804949,9.939759036144569,65.9943842972901,91.01694915254235,84.51666575247286,25.234917660845042
2023-05-08,238.7,246.25,234.95,244.75,25025004,POWERGRID,223.0875,9.600505400623039,189.52292147108025,3.161222339304537,0.9752808988764045,1.0061287027579162,0.9599591419816138,3.355924918877931,6.183731283783602,7.757684888238113,43124395.6,0.5802980807457392,27509220.6,0.9096951296395507,445432555,1.502836142101344,4.616956077630239,11.300000000000011,9.0,2.3000000000000114,11.300000000000011,9.681222888969337,2.256391626902702,11.65602189781023,72.2772347760276,95.81589958158996,86.62789873058647,29.140052348415797
2023-05-15,244.05,249.6,241.15,243.25,43135987,POWERGRID,224.65749999999997,10.21395169415589,189.6548013445521,-0.6128702757916216,1.003288797533402,1.0261048304213771,0.9913669064748202,1.8399797845710824,4.804468882828485,6.589800322151093,44083887.8,0.9784977948337851,33069232.6,1.3044145148986614,402296568,1.3071818820804815,3.4737923946556997,8.449999999999989,4.849999999999994,3.5999999999999943,8.449999999999989,9.517059837106757,1.8203042815091919,7.087827426810467,69.32158828721414,83.78033205619414,90.20439359677549,28.25934185450951
2023-05-22,243.55,244.55,232.0,234.35,45086240,POWERGRID,225.62250000000003,10.170099039523063,189.76917806664352,-3.658787255909557,1.039257520802219,1.0435246426285472,0.9899722637081289,-1.2585873477080896,1.0193071013978878,2.788798169403238,43973044.65,1.0253154030806917,34966120.4,1.289426435767807,357210328,1.135792117652421,5.355237892041822,12.550000000000011,1.3000000000000114,11.25,12.550000000000011,9.921451858825858,0.8581529015679329,3.6488279522335354,54.159138872654665,59.00537634408602,79.53386932729005,23.49212995890223
2023-05-29,234.05,240.3,233.35,234.5,40717035,POWERGRID,226.8925,9.56624101229354,189.87231477391757,0.06400682739491348,0.9980810234541578,1.0247334754797441,0.9950959488272921,-0.7958775975419805,0.927960837816366,2.613398493602046,42330267.85,0.961889377697382,37137803.4,1.0963770409749114,397927363,1.2170434532398777,2.9637526652452095,6.950000000000017,5.950000000000017,1.0,6.950000000000017,9.52525827764908,0.7952444424328864,3.076923076923066,54.353298718103254,59.40860215053764,67.39810351693926,23.50405075074845
2023-06-05,235.9,238.0,230.0,235.6,75318719,POWERGRID,227.89000000000001,9.370370435862553,190.0665213777949,0.4690831556503072,1.0012733446519526,1.0101867572156198,0.9762308998302207,-0.2168457742603222,1.191875393407483,2.812415610585206,43751903.15,1.7214958339475115,45856597.0,1.6424838284445746,473246082,1.388457555766509,3.395585738539898,8.0,3.5,4.5,8.0,9.321890507295869,0.8228063183598425,7.042253521126751,55.93262957031496,58.57988165680471,58.99795338380945,23.95660124262403
2023-06-12,236.45,246.45,234.45,241.65,42434296,POWERGRID,228.71750000000003,9.830487954373195,190.1896535548828,2.5679117147707986,0.9784812745706599,1.0198634388578522,0.9702048417132215,1.5281361075502171,3.141991106453147,4.808488963512193,43613679.95,0.9729583939866555,49338455.4,0.8600653517823746,515680378,1.454318815637185,4.965859714463066,12.0,10.849999999999994,1.1500000000000057,12.0,9.678971772989753,1.3155501598724628,7.591273374888696,63.86648868397615,74.27184466019422,64.08677615584553,27.05738481734358
2023-06-19,242.0,248.3,241.45,243.1,34955553,POWERGRID,230.27999999999997,9.485853733463083,190.29348946596033,0.6000413821642736,0.995475113122172,1.0213903743315509,0.9932126696832579,1.4103224746729945,3.1883251485258257,4.928247956382807,43610657.35,0.8015369435838141,47702368.6,0.7327844303312016,550635931,1.4808945412699124,2.8177704648292976,6.850000000000023,6.650000000000006,0.20000000000001705,6.850000000000023,9.301775536591121,1.3514861561458753,6.134031870770573,65.58019458831515,78.96440129449839,70.60537587049912,27.750035317674744
2023-06-26,243.85,259.05,243.75,248.5,48696135,POWERGRID,231.85250000000002,9.779482751902622,190.45218735415614,2.221308103661057,0.9812877263581489,1.0424547283702215,0.9808853118712274,2.368475905011409,4.536068445898108,6.411344017492712,43351896.55,1.1232757705037475,48424347.6,1.0056126187232308,599332066,1.5414568099041084,6.156941649899401,15.300000000000011,15.950000000000017,0.6500000000000057,15.950000000000017,10.188205465045641,1.70228839523861,5.007394886963867,71.40732322556858,73.8537794299876,75.69667512822673,30.47894248539179
2023-07-03,248.1,259.7,246.45,250.5,44309134,POWERGRID,233.57750000000001,9.878318562974325,190.60078757841788,0.8048289738430636,0.9904191616766467,1.0367265469061875,0.9838323353293412,2.0986460742390705,4.541361877863745,6.562012266073304,43764292.4,1.0124494552549879,49142767.4,0.9016410011944098,643641200,1.5705856686629172,5.289421157684631,13.25,11.199999999999989,2.0500000000000114,13.25,10.596444736372888,1.7130951884289793,7.997413235611139,73.33639838697599,77.56097560975613,76.79305211141404,31.42652933526736
2023-07-10,252.5,263.6,248.5,250.0,44364116,POWERGRID,235.2875,9.59500795370193,190.74760134440504,-0.1996007984031989,1.01,1.0544,0.994,1.2685622442583508,3.728952515673825,5.843874933054996,44804459.65,0.990171879017405,42951846.8,1.0328802904931205,599277084,1.3944124512702796,6.040000000000009,15.100000000000023,13.100000000000023,2.0,15.100000000000023,11.196918771523173,1.5333494324331074,5.374077976817704,71.93638920293252,65.91478696741852,72.44318066905409,31.06324705421148
2023-07-17,252.0,255.4,236.7,241.0,98271275,POWERGRID,236.3775,8.88310749030062,191.0212330316597,-3.600000000000003,1.045643153526971,1.0597510373443984,0.9821576763485477,-1.612335930665041,0.11465843124525382,2.1336985013489778,47702457.7,2.060088300230283,54119242.6,1.8158287196724368,501005809,1.1314447440960933,7.759336099585069,18.700000000000017,5.400000000000006,13.300000000000011,18.700000000000017,12.197329601986752,0.5203697022744873,-1.532175689479065,51.512301290080295,38.251366120218556,60.57570956579773,26.16398511052269
2023-07-24,241.0,248.15,239.6,247.45,61077392,POWERGRID,237.39249999999998,8.932882410393596,191.21155843683115,2.676348547717833,0.9739341281066882,1.002828854314003,0.9682764194786826,0.6908521336558835,2.3299345273680863,4.294279897311289,44952236.7,1.3587175296218352,59343610.4,1.0292159777322885,562083201,1.2405741099914385,3.455243483532031,8.550000000000011,7.150000000000006,1.4000000000000057,8.550000000000011,11.71101898838852,1.1258963834895994,1.726618705035965,60.731676810934886,53.791130185979895,52.652427757872324,29.411632865148068
2023-07-31,248.95,267.0,248.15,266.05,57017367,POWERGRID,239.39000000000001,10.588133874644443,191.44645806162876,7.516670034350392,0.9357263672242059,1.003570757376433,0.9327194136440519,5.089147053744654,7.849895987748489,10.069791131518674,45990046.15,1.2397762510181782,61007856.8,0.9345905591622095,619100568,1.3227843241267327,7.085134373238111,18.849999999999994,19.55000000000001,0.700000000000017,19.55000000000001,12.756216456603386,2.517913006733234,13.526776189460211,75.94826911279716,97.43243243243246,63.15830957954364,38.96835840878056
2023-08-07,262.0,262.0,246.0,247.95,57641614,POWERGRID,240.4125,10.364550857307277,191.6251834906064,-6.803232475098675,1.0566646501310748,1.0566646501310748,0.9921355111917726,-1.2261408250352546,0.9626301185393848,3.212928425067542,45750562.0,1.259910512137534,63674352.8,0.905256378200675,561458954,1.1771370047691245,6.452913893930229,16.0,4.050000000000011,20.05000000000001,20.05000000000001,13.72872092905627,0.7272384596082966,5.735607675906174,52.92195352935669,48.51351351351349,66.57902537730861,29.39322247910838
2023-08-14,245.25,246.25,239.75,244.5,57473159,POWERGRID,241.6325,9.220675780122091,191.79141790772562,-1.3914095583786978,1.0030674846625767,1.007157464212679,0.9805725971370143,-1.769656762283553,-0.3727111730347425,1.6932861734664295,46137619.95,1.2456897226663293,66296161.4,0.8669153354631479,503985795,1.0380235163614158,2.658486707566462,6.5,1.6999999999999886,8.199999999999989,8.199999999999989,12.991558138515432,0.3109858830717978,3.7775891341256473,49.613715492002264,39.189189189189186,61.71171171171171,27.482242254256366
2023-08-21,244.6,248.8,240.1,247.2,34435787,POWERGRID,242.7625,8.368956971421147,191.89559607948172,1.104294478527601,0.9894822006472492,1.0064724919093853,0.9712783171521036,-0.438729984839085,0.620222323831486,2.5364391732530853,46123995.6,0.74659158540029,53529063.8,0.6433100927873878,538421582,1.0897780829102466,3.519417475728162,8.700000000000017,4.300000000000011,4.400000000000006,8.700000000000017,12.419350386713376,0.5302333391309647,2.2967101179391713,52.305978022648496,46.486486486486456,44.729729729729705,28.82004853181289
2023-08-28,248.0,252.65,241.4,248.5,47503161,POWERGRID,243.73500000000004,7.802565367609198,192.04202857424724,0.5258899676375384,0.9979879275653923,1.0167002012072435,0.9714285714285714,0.05780267672105607,0.9772427425736432,2.7924498322970526,47732357.3,0.9951983033530172,50814217.6,0.9348399570753205,585924743,1.1620543004471902,4.527162977867203,11.25,5.450000000000017,5.799999999999983,11.25,12.263437001818259,0.6106965818935539,2.221308103661057,53.68094496866352,50.0,45.22522522522521,29.398758097332323
2023-09-04,249.6,256.5,243.55,255.4,47390929,POWERGRID,244.67249999999999,8.029607629531816,192.20512401414328,2.776659959758554,0.9772905246671887,1.0043069694596711,0.9536021926389977,1.838590355429862,3.1307019404728123,4.967097891080659,48321813.7,0.980735725157601,48888930.0,0.96935909622076,633315672,1.22985066384994,5.070477682067341,12.949999999999989,8.0,4.949999999999989,12.949999999999989,12.354978734909157,1.3359930515839553,2.776659959758554,60.63165421766715,68.64864864864867,55.045045045045036,32.878871627380015
2023-09-11,255.3,265.0,252.15,264.5,51853254,POWERGRID,246.3,8.59409221806798,192.40817605610778,3.5630383711824587,0.9652173913043479,1.001890359168242,0.9533081285444235,3.4771921279818105,5.54009595116421,7.550272468557664,49421545.4,1.0492034107860981,47731258.0,1.086358419465919,685168926,1.2933142189836015,4.85822306238185,12.849999999999994,9.599999999999994,3.25,12.849999999999994,12.420981570254602,2.117733849973918,5.588822355289413,67.95033951698804,92.31950844854072,70.32271903239645,37.46817075115855
2023-09-18,203.0,204.25,190.65,200.1,97603767,POWERGRID,244.44249999999997,13.351210027954446,192.44862710400048,-24.347826086956527,1.0144927536231885,1.0207396301849077,0.9527736131934034,-18.391746400629057,-21.309250892769636,-20.353357593174845,52715496.2,1.8515194589024848,55757379.6,1.7505085012997992,587565159,1.0918535591228165,6.796601699150422,13.599999999999994,60.25,73.85,73.85,20.61151736088732,-3.321234547816767,-19.96,26.98559365866228,12.377210216110006,57.78178910443312,3.975800197246751
2023-09-25,198.7,205.95,196.4,198.9,86847915,POWERGRID,242.15,16.789337155030516,192.47867526460033,-0.599700149925031,0.9989944695827048,1.035444947209653,0.987430869783811,-12.73735027573612,-18.892398636686934,-19.322848750769698,55806641.75,1.5562290128307175,66239805.2,1.3111136836495407,500717244,0.9257117609337018,4.801407742584204,9.549999999999983,5.849999999999994,3.6999999999999886,9.549999999999983,19.136648379435673,-2.576039756700055,-17.468879668049787,26.640290245298715,10.805500982318271,38.50073988232299,3.3361226777835458
2023-10-02,199.1,204.45,197.3,199.75,80655960,POWERGRID,239.975,19.273232733509577,192.50999238612295,0.42735042735042583,0.9967459324155193,1.0235294117647058,0.9877346683354193,-8.171744580204972,-15.759834459518832,-17.247167618610362,57682640.4,1.3982709432281815,72870365.0,1.1068417181662258,581373204,1.0573236977767488,3.5794743429286493,7.149999999999977,5.549999999999983,1.5999999999999943,7.149999999999977,17.538428595510915,-2.0870914888119647,-19.276621539704987,27.399555906040803,11.918795022920753,11.700502073783,3.760847696339605
2023-10-09,198.75,200.0,193.75,196.25,60236956,POWERGRID,238.07,21.600861337602737,192.52198386186345,-1.7521902377972465,1.0127388535031847,1.019108280254777,0.9872611464968153,-6.733948127035057,-15.278006624009704,-17.726683248404083,58440176.2,1.0307456259859804,75439570.4,0.7984795735263094,521136248,0.9338524833242792,3.1847133757961785,6.25,0.25,6.0,6.25,16.033304782776128,-1.9360339083886353,-26.235669986844577,26.115365875197597,7.334643091028154,10.019646365422382,1.9364106183382381
2023-10-16,196.25,203.85,195.7,203.05,70787739,POWERGRID,236.4975,22.975441551223977,192.56150308741869,3.4649681528662546,0.9665107116473775,1.003939916276779,0.9638020192070917,-2.1063361074632856,-9.786367045253758,-12.63542537244205,59943711.4,1.1809035067521696,79226467.4,0.8934859943029594,591923987,1.0425791430722655,4.01378970696873,8.150000000000006,7.599999999999994,0.5500000000000114,8.150000000000006,14.982197478405979,-1.4557935665971187,-18.108489614841695,33.14025188626583,16.24099541584808,11.831477843265652,5.4468295814141925
2023-10-23,203.55,209.0,199.0,199.75,76563883,POWERGRID,234.705,24.40325636165503,192.5905704890099,-1.6252154641713923,1.019023779724656,1.04630788485607,0.9962453066332916,-2.5287994880948754,-9.94295081082257,-13.28821624556444,60005969.6,1.2759377693648666,75018490.6,1.0206001532107607,515360104,0.9043699692179494,5.006257822277847,10.0,5.949999999999989,4.050000000000011,10.0,14.317904481285183,-1.4323908039963469,-18.302658486707568,31.465052339075655,11.918795022920753,11.831477843265652,3.71743512302366
2023-10-30,199.0,202.2,196.3,200.85,45562716,POWERGRID,232.66500000000002,25.47398621504368,192.61039762694276,0.5506883604505575,0.990789146128952,1.0067214339058999,0.9773462783171522,-1.3115183727390414,-8.006420247356493,-11.61212063130298,60162390.6,0.7573288818080975,66761450.8,0.6824704294772456,560922820,0.9804328751359149,2.9375155588747712,5.899999999999977,2.4499999999999886,3.4499999999999886,5.899999999999977,13.195517217113823,-1.248921143767113,-18.75,32.77208675989995,13.359528487229849,13.839772975332885,4.2778595935491
2023-11-06,201.5,208.95,200.5,208.2,44486612,POWERGRID,230.92,25.913115963685136,192.64685186395124,3.6594473487677304,0.9678194044188281,1.0036023054755043,0.963016330451489,1.5100273289636983,-3.594440126313516,-7.032596348370647,60638943.55,0.7336310528450821,59527581.2,0.7473277278062828,605409432,1.053149366114184,4.058597502401532,8.449999999999989,8.099999999999994,0.3499999999999943,8.449999999999989,12.562781588165311,-0.8767760709225398,-16.217303822937634,41.38977690393949,23.604572965702737,16.29429882528444,8.073398545351006
2023-11-13,208.2,215.1,205.75,212.3,56370287,POWERGRID,229.10999999999999,25.88479334118421,192.70491240754205,1.9692603266090458,0.980687706076307,1.0131888836552048,0.9691474328780028,2.274729753148819,-1.3661090140574823,-4.551755439252006,61022651.15,0.9237600454532202,58754247.4,0.959424884063786,661779719,1.1449900574692162,4.404145077720204,9.349999999999994,6.900000000000006,2.4499999999999886,9.349999999999994,12.13441070974327,-0.6494160404693781,-16.87548942834769,45.85690822869122,29.119031607262958,22.027711020065173,10.168442178068238
2023-11-20,215.0,215.0,205.7,209.3,74578416,POWERGRID,227.05,25.731876606346365,192.76952204286303,-1.413094677343385,1.027233635929288,1.027233635929288,0.9827998088867653,0.5826568771890155,-2.416319474511246,-5.546151647270739,62536115.25,1.1925655391585905,59512382.8,1.2531579562295732,587201303,1.0209416457483034,4.443382704252274,9.300000000000011,2.6999999999999886,6.600000000000023,9.300000000000011,11.756489281777503,-0.6898058882974062,-20.869565217391294,43.08447283968368,25.08406186953599,25.935888814167225,8.575254937583631
2023-11-27,210.0,213.1,207.95,210.45,41320570,POWERGRID,225.0725,25.39281640543295,192.807578563657,0.5494505494505475,0.9978617248752674,1.012592064623426,0.9881206937514849,0.7506140315060068,-1.591429247592744,-4.555280326883444,62383937.95,0.6623591161096299,52463720.2,0.7876027441912135,628521873,1.0900127680649347,2.4471370871941107,5.150000000000006,3.799999999999983,1.3500000000000227,5.150000000000006,10.87562404420717,-0.5758518380368169,5.1724137931034475,44.566823401894595,26.630800268997962,26.944631248598963,9.150273846999333
2023-12-04,214.45,214.45,208.25,212.9,134679551,POWERGRID,223.66750000000002,25.242102855724443,192.94755872118196,1.1641720123544808,1.007280413339596,1.007280413339596,0.9781587599812118,1.2618341096929369,-0.36200611349081324,-3.0727439301388824,64204351.75,2.097670131838065,70287087.2,1.9161350450726886,763201424,1.2941570524436663,2.9121653358384165,6.199999999999989,4.0,2.1999999999999886,6.199999999999989,10.252207504979545,-0.42656905653001653,7.038712921065859,47.90227807928516,29.926025554808337,27.213629231114094,10.340862258666995
2023-12-11,213.7,233.4,211.55,230.95,136100920,POWERGRID,222.84250000000003,24.6874423383742,193.21323833363488,8.478158759981213,0.9253085083351374,1.0106083567871835,0.915999134011691,5.98583959573825,6.412998107584713,4.567706209860626,67955528.15,2.0027939404661956,88609948.8,1.5359552944465757,899302344,1.4825549442998114,9.460922277549251,21.849999999999994,20.5,1.3499999999999943,21.849999999999994,11.798579837648939,0.3284058303357593,15.61952440550687,65.53240092550337,54.203093476798905,36.91997310020173,19.531147033104634
2023-12-18,230.0,238.1,227.15,231.85,141599215,POWERGRID,221.1325,22.636360334880493,193.49223550850587,0.38969473912102703,0.9920207030407592,1.0269570843217597,0.9797282725900367,4.233857104840049,5.8082451570782405,4.526644109280591,72184620.55,1.9616258133811026,105655734.4,1.3401943188802443,1040901559,1.6583326132817922,4.722881173172304,10.949999999999989,7.150000000000006,3.799999999999983,10.949999999999989,11.685435859295746,0.4734639244757624,18.14012738853503,66.190644617006,86.82824025289779,56.98578642816833,19.823929570449312
2023-12-25,232.15,235.4,222.7,231.75,60502991,POWERGRID,220.3225,21.904244211424164,193.609913908461,-0.04313133491481436,1.0017259978425028,1.015749730312837,0.9609492988133764,2.79502271055638,4.94365839914411,4.11166012373383,72327689.4,0.8365121504904592,102840649.4,0.5883178621779492,980398568,1.5114992049648264,5.48004314994607,12.700000000000017,3.5500000000000114,9.150000000000006,12.700000000000017,11.820711078056314,0.5217025472186798,14.134449642945079,66.02897974711429,85.68207440811726,75.57113604593798,19.699448918494777
2024-01-01,232.0,239.95,231.05,238.25,74787088,POWERGRID,220.01,21.58339151926103,193.77899843066254,2.8047464940668787,0.9737670514165793,1.0071353620146903,0.9697796432318994,3.631329872462926,6.460295010649012,6.167068754959243,73193385.85,1.0217738547205082,109533953.0,0.6827753947673193,1055185656,1.5604948246308237,3.735571878279109,8.899999999999977,8.199999999999989,0.6999999999999886,8.899999999999977,11.43128293431547,0.8450942468296803,19.27409261576971,71.28839826379811,96.32034632034635,89.61022032712044,22.949340191398477
2024-01-08,240.0,245.25,234.6,242.35,67007914,POWERGRID,219.7675,21.287031355907597,193.94327816003863,1.720881427072407,0.9903032803796162,1.0119661646379203,0.9680214565710749,3.5077761972747057,6.893802775043617,7.108295660394555,74821992.2,0.8955644193606489,95999625.6,0.6980018263737896,1122193570,1.5909172953598452,4.3944708066845495,10.650000000000006,7.0,3.6500000000000057,10.650000000000006,11.327111876406743,1.0608571774256754,20.662185710729396,74.19599796222792,94.36893203883494,92.12378425576617,24.95921606523376
2024-01-15,242.6,244.65,237.0,241.15,68266936,POWERGRID,219.4,20.823278977347584,194.10538492979413,-0.49515164018980595,1.0060128550694587,1.0145137880986939,0.9827907941115488,2.018410564405348,5.5118501319219915,6.092214384637106,75860180.95,0.8999047345404466,82432828.8,0.8281522907048412,1053926634,1.4461613532438182,3.1722993987144954,7.650000000000006,2.3000000000000114,5.349999999999994,7.650000000000006,10.836830292885846,1.0445040871642042,15.826128722382338,71.74242737503815,91.72552976791121,94.13826937569748,24.23663572611415
2024-01-22,241.65,242.4,226.05,237.2,74044329,POWERGRID,218.49,19.524408475439508,194.26529917068217,-1.6379846568525869,1.0187605396290051,1.0219224283305228,0.9529932546374369,0.2578406621875958,3.375750395011992,4.151037270730621,77192850.95,0.959212259798004,68921851.6,1.0743229800285865,979882305,1.3133327594349304,6.8929173693085986,16.349999999999994,1.25,15.099999999999994,16.349999999999994,11.571919587167734,0.9582876748115569,11.728685821950059,63.7371813069614,83.55464759959139,89.88303646877917,22.10106540519892
2024-01-29,241.0,255.0,235.0,253.95,102634483,POWERGRID,217.9625,18.32136281847888,194.57072133447318,7.061551433389535,0.9490057097853909,1.004134672179563,0.92537901161646,4.557747076382207,8.356182579349738,9.600277760317104,79731912.4,1.28724471683436,77348150.0,1.3269158085875357,1082516788,1.4132608051337707,7.875566056310297,20.0,17.80000000000001,2.1999999999999886,20.0,12.695663642212036,1.9642370688551114,21.333014811275675,76.54356002383676,98.21124361158431,91.16380699302897,30.518095558402113
2024-02-05,254.0,289.4,251.5,282.9,141671565,POWERGRID,222.10250000000002,22.864350986910964,195.19026896452309,11.399881866509155,0.8978437610463061,1.022976316719689,0.8890067161541181,9.549758147866761,15.200886429407248,17.280221488617247,81935302.3,1.7290662391319451,90725045.4,1.561548571018957,1224188353,1.5344510448391941,13.39696005655708,37.89999999999998,35.44999999999999,2.4499999999999886,37.89999999999998,16.056241823250428,2.6590520778308724,34.42622950819671,86.23675942640659,92.68841394825647,91.48476838647737,44.93550395763767
2024-02-12,282.9,288.05,266.25,270.3,170417121,POWERGRID,225.67249999999999,24.561991791984195,195.81868589830998,-4.45387062566277,1.0466148723640398,1.0656677765445801,0.9850166481687014,3.555621112422026,9.641131348911713,12.305562107050203,86113762.6,1.9789765985675327,111406886.8,1.529682103997183,1053771232,1.2765946243443151,8.065112837587868,21.80000000000001,5.150000000000034,16.649999999999977,21.80000000000001,16.82207624681704,1.8169332673811986,26.96101456082669,71.41600012733142,77.18040621266431,89.36002125750169,38.035856363763315
2024-02-19,270.3,283.35,264.25,276.35,97613547,POWERGRID,229.5025,26.22312396079429,196.20277944323075,2.238253792082867,0.978107472408178,1.0253301972136784,0.9562149448163559,3.778021558862975,9.959413177732701,13.03996375758169,86961641.95,1.1224896955846864,117276209.0,0.8323388676385336,1151384779,1.3482960959605927,6.9115252397322315,19.100000000000023,13.050000000000011,6.050000000000011,19.100000000000023,17.125799413908105,1.786495768774188,19.657934617882677,73.90104314673212,84.40860215053767,84.75914077048614,40.84917695060433
2024-02-26,278.35,291.5,273.25,287.8,139824238,POWERGRID,234.08,28.04056460126866,196.82432060782773,4.143296544237374,0.9671646977067409,1.012856150104239,0.9494440583738707,5.07078123185493,11.607119522485153,15.124662331620534,90941006.05,1.5375268437554304,130432190.8,1.072007126019998,1291209017,1.446799136853663,6.341209173036831,18.25,15.149999999999977,3.1000000000000227,18.25,17.275692825387026,1.9157959464756822,24.131981884839337,78.06532513229028,95.57151406343507,85.72017414221234,46.22176726495159
2024-03-04,284.1,297.0,274.4,294.65,129152858,POWERGRID,238.66,30.109910940455013,197.43364490415706,2.3801250868658697,0.9641948073986086,1.007975564228746,0.9312743933480401,4.851792156859202,11.710345926851398,15.673017707292342,93859262.0,1.376026779328395,135735865.8,0.9515013385651532,1420361875,1.5209238907845812,7.670117088070601,22.600000000000023,9.199999999999989,13.400000000000034,22.600000000000023,17.98560044866876,1.8595206113603295,27.141316073354904,80.24154582920174,97.35211267605631,92.44407629667636,49.24001435674046
2024-03-11,292.05,298.9,284.4,285.55,63119345,POWERGRID,242.95,30.38535831613687,197.70106287969148,-3.088409977939921,1.0227630887760462,1.046751882332341,0.9959726842934686,1.2130521426920178,7.625745085464453,11.903519915365274,93187035.1,0.6773404147075391,120025421.8,0.5258831342011581,1357242530,1.390652840659202,5.077919803887235,14.5,4.25,10.25,14.5,17.52085372217959,1.4019910364978738,19.85309548793286,69.64931763386866,84.71665712650261,92.54676128866465,44.43523764653097
2024-03-18,284.9,288.65,257.65,264.9,139543067,POWERGRID,246.1525,29.061099315426475,198.14891863386495,-7.231658203467006,1.0755001887504718,1.0896564741411854,0.9726311815779539,-4.325186763946893,0.36412072206559193,4.616380782105848,97886052.65,1.4255663929870401,113850611.0,1.225668143318089,1217699463,1.207060526634612,11.702529256323142,31.0,3.099999999999966,27.900000000000034,31.0,19.31807322588898,0.6451063601041498,9.304724571900147,51.75953761703236,55.38057742782152,79.14978241012682,33.687330633116474
2024-03-25,262.15,278.25,258.3,275.75,76996694,POWERGRID,249.53000000000003,28.334349620576823,198.4332424252078,4.095885239713115,0.9506799637352674,1.0090661831368994,0.9367180417044425,-0.14685276221101123,3.672443194224104,7.672007241153909,99511556.75,0.7737462513367825,109727240.4,0.701709928357954,1294696157,1.2409883439577474,7.234814143245689,19.94999999999999,13.350000000000023,6.599999999999966,19.94999999999999,19.40233012910378,0.9253785723374649,14.34791623470868,58.25940322568234,69.61942257217851,69.90555237550087,38.963611454332785
2024-04-01,270.1,281.6,266.1,280.15,82163564,POWERGRID,252.92249999999999,27.69685748372393,198.75149289926412,1.5956482320942822,0.9641263608781012,1.005175798679279,0.9498482955559523,0.9506939159267264,4.444586963536764,8.361923958662059,100801220.6,0.8151048520140639,98195105.6,0.8367378750494465,1376859721,1.276013493911881,5.532750312332679,15.5,5.850000000000023,9.649999999999977,15.5,18.88201944522328,0.9830537639874936,18.10708263069141,60.73494345147454,74.26218256691831,66.42072752230611,40.954916067972455
2024-04-08,279.25,286.7,275.05,281.75,75232888,POWERGRID,256.54499999999996,26.39861888333175,199.0464173103897,0.5711226128859659,0.9911268855368234,1.0175687666370896,0.9762200532386868,1.0087829649142188,4.274765484603349,8.142124509674936,100833944.2,0.7461067658999696,87411111.6,0.8606787698144317,1452092609,1.2938809564938172,4.134871339840275,11.649999999999977,6.550000000000011,5.099999999999966,11.649999999999977,17.91775018586017,0.9547847980757294,10.947036818271316,61.68830560298381,76.45847632120798,73.4466938201016,41.549897660626414
2024-04-15,282.85,285.35,268.4,274.05,45701028,POWERGRID,259.725,24.301053150235248,199.2079663036498,-2.7329192546583836,1.0321109286626529,1.0412333515781793,0.9793833242109103,-1.1817196366488365,1.3587150685338798,5.097755697442706,101052967.1,0.45224825466802154,83927448.2,0.544530174336934,1406391581,1.2111845876593013,6.185002736726891,16.950000000000045,3.6000000000000227,13.350000000000023,16.950000000000045,17.78871682774549,0.5894806250346115,-3.1283138918345554,54.359312932923004,65.88881262868912,72.2031571722718,37.56979958435476
2024-04-22,273.0,289.9,271.25,283.65,94422470,POWERGRID,263.2625,22.183243290708646,199.5820785670222,3.503010399562112,0.9624537281861449,1.0220341970738587,0.9562841530054645,1.4951518504644996,4.026156574848406,7.6172041358851486,99040113.05,0.9533760321167162,74903328.8,1.2605911047307152,1500814051,1.252713053671228,6.575004406839407,18.649999999999977,15.849999999999966,2.8000000000000114,18.649999999999977,17.903554584046088,0.9190495606446873,4.938956714761367,61.02121387273519,79.0665751544269,73.80462136810799,42.121979105827734
2024-04-29,283.65,296.15,280.7,293.7,78196587,POWERGRID,266.4,21.806921885156036,199.92614118462598,3.5430988894764814,0.9657814096016343,1.008341845420497,0.9557371467483827,3.2438992676977723,6.265925324546185,9.880212088463875,96144896.4,0.8133202065627271,75143307.4,1.0406327550070014,1579010638,1.28162666019473,5.2604698672114365,15.449999999999989,12.5,2.9499999999999886,15.449999999999989,17.57641397283994,1.2518960788584799,6.278270309390255,66.86364345956363,91.86228482003132,78.93922420104911,46.90425086971322
2024-05-06,293.7,317.25,293.05,306.85,121278719,POWERGRID,270.15,22.000651904217786,200.52895224554632,4.477357848144381,0.9571451849437835,1.033892781489327,0.9550268861007006,4.926909380094159,8.813898650767154,12.5970890212917,95128871.6,1.2748886532571886,82966338.4,1.4617822280559991,1700289357,1.3440961551327002,7.886589538862632,24.19999999999999,23.55000000000001,0.6499999999999773,24.19999999999999,18.459558776461282,1.6681323880663836,6.619179986101464,72.97845356326083,84.18250950570345,85.03712316005388,53.020297849192524
2024-05-13,307.0,308.3,292.0,306.55,67306065,POWERGRID,273.89,21.480949944691748,200.8596350299908,-0.09776763891152784,1.0014679497634968,1.0057086935247106,0.9525362909802642,3.2225784663336894,7.47828077728052,11.468924163545086,95469025.3,0.7050042125024188,81380973.8,0.8270491474507277,1632983292,1.2584303881023828,5.31724025444463,16.30000000000001,1.4499999999999886,14.850000000000023,16.30000000000001,18.171617606266448,1.5204169314714493,4.038689971152221,72.62566722064481,82.04697986577185,86.03059139716886,52.619016734859805
2024-05-20,308.0,318.25,305.3,316.9,51775544,POWERGRID,277.82250000000005,21.8096458319668,201.1373877256226,3.376284456043055,0.9719154307352478,1.0042600189334177,0.9633953928684128,4.255562067644017,9.0000459061678,13.163665121931786,94318448.1,0.5489439769524792,82595877.0,0.626853856155556,1684758836,1.267580729034237,4.086462606500469,12.949999999999989,11.699999999999989,1.25,12.949999999999989,17.475401925430923,1.7917530757296074,10.978812817369965,77.04333375129728,97.77227722772274,88.00058886639933,57.5540000709826
2024-05-27,311.0,327.75,309.0,317.95,95885127,POWERGRID,281.6025,21.88931772036754,201.65290667529067,0.33133480593248166,0.9781412171725115,1.030822456361063,0.971850919955968,3.04783271842825,7.971912603503446,12.329564462059556,95762308.75,1.0012825322572436,82888408.4,1.1567977821130415,1780643963,1.3073397142715895,5.897153640509514,18.75,10.850000000000023,7.899999999999977,18.75,17.645348335373466,1.6605131536913733,20.02642506606267,77.46895911372782,86.01997146932952,88.61307618760804,57.67191519434699
2024-06-03,319.0,348.7,303.8,337.65,142665282,POWERGRID,286.4275,23.10503177710632,202.54008144268542,6.195942758295336,0.9447652895009626,1.0327261957648453,0.8997482600325782,5.80296838506197,11.435348384296287,15.990926311227154,99482226.05,1.4340781028391554,95782147.4,1.4894767539947638,1923309245,1.3684112462837936,13.297793573226707,44.89999999999998,30.75,14.149999999999977,44.89999999999998,21.279301890657003,2.2169413352962324,22.44786944696282,83.92211790748127,87.86381109280615,90.5520199299528,66.70774376850827
2024-06-10,334.95,334.95,279.2,315.8,218578203,POWERGRID,290.35749999999996,20.867383735087866,203.66087409107817,-6.471197986080246,1.060639645345155,1.060639645345155,0.8841038632045598,-0.47630931978853364,4.549385819119638,9.33019288548776,106708919.75,2.048359251617295,115242044.2,1.896688005817238,1704731042,1.1824059166006393,17.653578214059532,55.75,2.6999999999999886,58.44999999999999,58.44999999999999,26.235394971902736,1.2192472388006776,12.725325718365177,61.412011772289254,63.866007688083506,79.24993008340638,55.06169332199402
2024-06-17,316.2,327.95,315.15,321.5,58501153,POWERGRID,293.735,20.117687295146666,203.97215134723686,1.8049398353388257,0.9835147744945567,1.0200622083981337,0.9802488335925349,0.8700498015775634,5.350000555462285,10.026237440541047,104502253.25,0.5598075752495796,113481061.8,0.5155146777098626,1763232195,1.1947770108713687,3.9813374805598793,12.800000000000011,12.149999999999977,0.6500000000000341,12.800000000000011,24.444008975649037,1.3801288186191367,14.108251996450761,64.29474569676745,70.12630422844592,73.95204100311184,57.61955633476984
2024-06-24,322.0,334.85,322.0,332.95,82892257,POWERGRID,296.2375,21.745991009840026,204.45310149410196,3.561430793157072,0.9671121790058568,1.005706562546929,0.9671121790058568,2.8527226534658565,7.3756896451576734,12.027028259616914,101563287.85,0.8161635838574323,119704404.4,0.6924745786546848,1846124452,1.2251301247060051,3.85943835410723,12.850000000000023,13.350000000000023,0.5,13.350000000000023,22.96480777889584,1.6882422136286008,21.492428388980112,69.56471755228462,82.57743362831857,72.18991518161599,62.84908253622403
2024-07-01,335.0,337.35,324.35,329.6,87622738,POWERGRID,299.2025,22.063726333892163,204.9444610072874,-1.0061570806427333,1.016383495145631,1.0235133495145632,0.9840716019417476,1.243555840354884,5.515089807615943,10.205145036770332,97423568.7,0.8993997979053707,118051926.6,0.7422389496182945,1758501714,1.1403167934639005,3.944174757281553,13.0,4.400000000000034,8.599999999999966,13.0,21.63616674170973,1.3777137886861086,16.19954168870088,66.26303933517815,76.87651331719132,76.5267503913186,60.824058566911035
2024-07-08,330.05,341.0,328.05,339.4,53655359,POWERGRID,302.35499999999996,23.10637813518946,205.26694738305667,2.9733009708737823,0.9724513847967001,1.0047142015321155,0.9665586328815557,2.7300648300549253,7.065679604150713,11.731431409672597,95225659.3,0.5634548439403664,100249942.0,0.5352158607732661,1812157073,1.1504623774573295,3.815556865055978,12.949999999999989,11.399999999999977,1.5500000000000114,12.949999999999989,20.47801117614843,1.60323698431919,15.560095335376234,70.92154124279773,88.41843088418429,82.62412594323139,65.34566540156725
2024-07-15,340.0,348.75,335.5,343.85,49177354,POWERGRID,305.15749999999997,24.598990538767293,205.5709247108232,1.311137301119647,0.9888032572342591,1.01425039988367,0.9757161553002762,2.6592680981448122,7.087205777391517,11.80096118095868,90693315.1,0.5422379140709126,66369772.2,0.7409601143696557,1861334427,1.160677725342266,3.8534244583393917,13.25,9.350000000000023,3.8999999999999773,13.25,19.514276352661973,1.5729303988723358,12.058008799087494,72.88335645234237,93.90168014934663,86.39887478357407,67.26587209922519
2024-07-22,342.75,347.0,329.5,338.6,48887886,POWERGRID,307.35499999999996,25.55541913897068,205.86037085572414,-1.5268285589646657,1.012256349675133,1.0248080330773774,0.9731246308328411,0.7666653584309778,4.839935127557344,9.563980488973977,86680066.5,0.5640037897294414,64447118.8,0.7585736478261307,1812446541,1.1165431932509082,5.168340224453632,17.5,3.1499999999999773,14.350000000000023,17.5,19.24570617230704,1.2226369612679553,10.455064426684068,66.75275470034717,86.90322580645164,89.74111227999418,64.48041873843974
2024-07-29,339.1,345.9,321.1,342.35,88117832,POWERGRID,310.195,26.153785576853867,206.39356272515656,1.1075014766686264,0.9905067912954578,1.0103695048926535,0.937929020008763,1.23575851295404,5.041962989065289,9.675040584497475,87929990.85,1.0021362580410187,65492233.8,1.3454699418116352,1900564373,1.1515556720714444,7.244048488389061,24.799999999999955,7.2999999999999545,17.5,24.799999999999955,19.986278682666097,1.2294587299995778,8.030924581887056,68.90821610935184,90.79798705966934,90.53429767182253,65.87242134866847
2024-08-05,345.0,362.5,341.5,342.8,97920327,POWERGRID,314.09000000000003,24.81979049065585,206.98314792963387,0.13144442821673152,1.0064177362893816,1.057467911318553,0.9962077012835472,0.9102721254566487,4.4285281612931175,8.977477534308104,85848853.85,1.140613096257429,67551751.6,1.4495601473049,1998484700,1.1829053869999413,6.1260210035005835,21.0,20.149999999999977,0.8500000000000227,21.0,20.121441524977286,1.1567382090033642,7.815694291555286,69.18483272684486,76.35054021608644,84.68391769406912,65.61734780289386
2024-08-12,342.8,355.0,339.25,341.15,61446991,POWERGRID,317.36,23.78948020493732,207.3460658045496,-0.48133022170362416,1.0048365821486152,1.0405979774292833,0.9944306023743222,0.28734434433833206,3.3996761885838547,7.825802991442911,85071368.7,0.7222993110254261,69110078.0,0.889117662405185,1937037709,1.1251456713229209,4.616737505496117,15.75,12.199999999999989,3.5500000000000114,15.75,19.538582654980317,1.0000218497864672,1.0365763364430514,66.67516591101275,74.36974789915965,80.5060917249718,64.53169664746754
2024-08-19,337.0,343.3,330.6,340.3,41727145,POWERGRID,320.3675,22.610670949565538,207.58983866669575,-0.24915726220137158,0.9903026741110784,1.0088157508081106,0.9714957390537761,0.025521643786887732,2.7071899544151456,6.9626064246836785,83049547.75,0.5024367516799633,67620036.2,0.6170825593258111,1895310564,1.0845772374691065,3.7320011754334375,12.699999999999989,2.150000000000034,10.549999999999955,12.699999999999989,18.626771634316274,0.8815527873746271,7.758074730842313,65.26786341717019,73.34933973589438,74.68987595038016,63.92902571034915
2024-08-26,340.45,342.65,330.5,338.25,50370977,POWERGRID,323.1925,21.004343379156794,207.87839385205768,-0.6024096385542244,1.0065040650406503,1.0130081300813008,0.9770879526977088,-0.3869228570964847,1.81503133731383,5.865514813874955,81806452.2,0.6157335472372435,67916654.4,0.7416586910087843,1844939587,1.0440178684286132,3.592017738359195,12.149999999999977,2.349999999999966,9.800000000000011,12.149999999999977,17.763202083074102,0.716875539891525,5.209953343701401,61.64695276568974,70.88835534213686,72.86914765906361,62.71532299827408
2024-09-02,339.0,341.45,328.8,335.55,68537414,POWERGRID,326.26750000000004,17.668104439179082,208.26088755578803,-0.7982261640798183,1.0102816271792578,1.0175830725674266,0.9798837729101475,-0.79645687460961,0.8785601886363194,4.682390663022222,82948271.5,0.8262669343266544,64000570.8,1.070887542771728,1776402173,0.9948189152804336,3.769929965727903,12.649999999999977,3.1999999999999886,9.449999999999989,12.649999999999977,17.081441805330886,0.5253817709734608,0.7808980327376647,56.85365293087241,67.64705882352942,70.62825130052022,61.120027835334334
2024-09-09,336.0,337.95,323.55,328.55,73725243,POWERGRID,328.5125,14.544368371154716,208.64729674149368,-2.086127253762482,1.022675391873383,1.0286105615583625,0.9847816161923604,-1.962666472429884,-1.0571101472785198,2.4306138225405083,81913410.15,0.9000387465861106,59161554.0,1.2461681280380161,1702676930,0.9481719787747518,4.382894536600206,14.399999999999977,2.3999999999999773,12.0,14.399999999999977,16.723916231286765,0.002578317534530756,-0.3185679611650505,46.1250731992163,59.24369747899162,65.9263705482193,57.4666938566002
2024-09-16,327.0,341.5,327.0,338.25,62183263,POWERGRID,330.74,12.145841826907988,208.99749773658874,2.9523664586820875,0.9667405764966741,1.0096082779009607,0.9667405764966741,0.6408788972321358,1.577919445325657,4.792894773430039,81112743.95,0.7666275355982455,59308808.4,1.0484658970150544,1764860193,0.9777405274961579,4.286770140428677,14.5,12.949999999999989,1.5500000000000114,14.5,16.427394067115195,0.618318607061248,-0.33883323512079455,58.6125375156096,48.78563885955652,58.55879838735918,61.844042949411495
2024-09-23,336.7,342.95,333.1,341.15,66403774,POWERGRID,332.45500000000004,10.958581112537228,209.37772793421328,0.8573540280857328,0.9869558845082809,1.0052762714348527,0.9764033416385756,0.9903313048781318,2.06963317949306,5.135366463491081,78368996.7,0.8473219869612034,64244134.2,1.0336161398529673,1831263967,1.0108610879426614,2.88729297962772,9.849999999999966,4.699999999999989,5.149999999999977,9.849999999999966,15.550408191499832,0.793442135501682,-0.785226116038984,61.67678392139361,48.42995169082117,52.153096009789756,62.93519056009133
2024-09-30,344.55,366.25,342.35,352.85,135154404,POWERGRID,334.77000000000004,10.050980575365495,210.21302465099444,3.429576432654269,0.976477256624628,1.0379764772566245,0.970242312597421,2.8488999568450786,4.557311749267951,7.590863199475664,81761413.65,1.6530340898771874,81200819.6,1.6644463031996295,1966418371,1.0755682865670178,6.773416465920355,23.899999999999977,25.100000000000023,1.2000000000000455,25.100000000000023,16.823687099299857,1.7988294638946232,4.208505611340807,71.49969417452223,70.32115171650058,55.84558075562609,67.85353837414128
2024-10-07,351.1,356.0,325.0,328.95,63179909,POWERGRID,335.3725,9.25287259805561,210.5353000920409,-6.773416465920368,1.0673354613163095,1.0822313421492629,0.9879920960632316,-2.8064359329730357,-2.0375286281566174,0.803768779268595,82331631.9,0.7673831739025689,80129318.6,0.7884743075800972,1903238462,1.0348277181555918,9.423924608603132,31.0,3.1499999999999773,27.850000000000023,31.0,18.71386215272654,-0.6941087680543263,-3.9141229735650707,44.571956330139336,17.38648947951267,45.3791976289448,56.24458219414562
2024-10-14,327.3,338.1,322.35,330.7,63193315,POWERGRID,336.01,8.388143261084673,210.8606366481307,0.5319957440340417,0.9897187783489568,1.0223767765346237,0.9747505291805263,-1.5082695295867123,-1.283627911958498,1.217971257772509,80697041.3,0.7830933325680678,78022933.0,0.8099325745675313,1966431777,1.0638140155236777,4.762624735409737,15.75,9.150000000000034,6.599999999999966,15.75,18.318680532363004,-0.6330363984881876,-3.52975495915987,46.281223127393204,21.26245847176073,36.32336655592465,56.833444713461965
2024-10-21,333.45,333.85,324.6,331.15,70855441,POWERGRID,335.685,8.446972363238926,211.22469321071003,0.13607499244028265,1.0069454929790125,1.0081534048014495,0.9802204439075949,-0.913553240594548,-0.9822801505179369,1.239522382706484,77106549.25,0.9189289585540621,79757368.6,0.888387395970333,2037287218,1.0987583824344755,2.7932960893854752,9.25,3.150000000000034,6.099999999999966,9.25,17.109523128047936,-0.5368787543021053,-2.9312619082515035,46.7682727777514,22.259136212624494,20.302694721299293,56.7761775227941
2024-10-28,332.9,335.65,310.75,318.3,54679224,POWERGRID,335.81,8.150518226989014,211.47419115103938,-3.8804167295787284,1.0458686773484134,1.0545083254791077,0.9762802387684574,-3.3250039912511973,-4.336292101370723,-2.518550055669213,68911600.3,0.793469078674117,77412458.6,0.7063362279001433,1982607994,1.0613158056044958,7.822808671065025,24.899999999999977,4.5,20.399999999999977,24.899999999999977,18.14825337764154,-2.1483296536922882,-6.464883925947696,36.01064446785353,13.603603603603624,19.041732762662946,50.51482087129175
2024-11-04,316.1,325.4,311.6,315.45,50351913,POWERGRID,335.5075,8.796265281060808,211.69681552200652,-0.8953817153628751,1.002060548422888,1.0315422412426691,0.9877952131875101,-2.839010451556536,-4.524806129655057,-3.1577110239115234,68504138.3,0.73502001849135,60451960.4,0.8329244025641227,1932256081,1.0297033596310967,4.374702805515915,13.799999999999955,7.099999999999966,6.699999999999989,13.799999999999955,17.568486260622663,-2.2802290925883852,-6.740576496674056,34.00873113715069,8.468468468468448,14.777069428232183,49.01027170491755
2024-11-11,312.35,332.4,308.7,329.8,71621179,POWERGRID,335.35,8.872340224128607,212.055412677667,4.549056902837223,0.9470891449363251,1.007883565797453,0.9360218314129775,1.0904268305164546,0.019881936412485396,1.219906163477425,67940584.4,1.0541737259475206,62140214.4,1.1525737349242233,2003877260,1.063400603080923,7.186173438447541,23.69999999999999,16.94999999999999,6.75,23.69999999999999,18.386021425872975,-0.6255395825451567,-1.7136045298763225,50.11904734832744,36.663770634231135,19.578614235434397,55.52538642402383
2024-11-18,331.5,332.5,310.1,312.05,46896298,POWERGRID,334.47249999999997,10.234300878601458,212.25381933850085,-5.382049727107341,1.0623297548469797,1.0655343694920685,0.9937510014420766,-3.023825735823689,-4.857581259517462,-4.032319719098583,65904262.4,0.7115821692285567,58880811.0,0.7964614821626692,1956980962,1.033073531533369,7.178336804999192,22.399999999999977,2.6999999999999886,19.69999999999999,22.399999999999977,18.92121856908991,-2.1909166308450416,-5.022066656521074,37.16852521935586,5.821025195482227,16.984421432727267,47.017378048846766
2024-11-25,313.05,345.4,312.25,342.75,99505965,POWERGRID,334.64,10.34599592011353,212.80091533332313,9.838166960423012,0.913347921225383,1.0077315827862874,0.9110138584974471,4.135988678115661,3.8866940117976165,4.845334536398772,68196792.7,1.4591003632345307,64610915.8,1.5400797801414232,2056486927,1.078645713453872,9.671772428884019,33.14999999999998,33.349999999999966,0.19999999999998863,33.349999999999966,20.84505609321125,0.7838781362974885,1.3303769401330268,58.54542959771247,59.16594265855778,33.88357949609038,61.06603651733812
2024-12-02,342.0,344.6,326.2,327.85,72988731,POWERGRID,333.84000000000003,10.214110466978362,213.1536288549647,-4.34719183078045,1.0431599816989476,1.0510904377001677,0.9949672106146102,-0.1472012212411384,-0.41265115350582504,0.47738359408711517,69387361.55,1.0519023835112231,68272817.2,1.0690745452349664,1983498196,1.0370400058232085,5.612322708555752,18.400000000000034,1.8500000000000227,16.55000000000001,18.400000000000034,20.51904861411642,-0.5864436280932479,-3.89857833797449,49.17593823258997,33.27541268462212,32.75412684622071,53.80925099008178
2024-12-09,324.25,332.75,319.55,329.1,79018539,POWERGRID,333.365,10.201987680429566,213.53718613661067,0.38127192313557323,0.985262838043148,1.0110908538438164,0.9709814646004253,0.1554544304995238,-0.026794323940322027,0.7841112945751209,70893894.2,1.1146028849406893,74006142.4,1.0677294672773,2062516735,1.0713498823272172,4.010938924339103,13.199999999999989,4.899999999999977,8.300000000000011,13.199999999999989,19.543175465567565,-0.4180557881070097,-6.730905483916683,49.95127026824005,35.44743701129458,42.62959745149149,54.11835566169627
2024-12-16,331.85,336.25,325.05,335.0,58090250,POWERGRID,332.9975,9.99150263974631,213.8318560372527,1.792768155575808,0.9905970149253732,1.0037313432835822,0.9702985074626866,1.2759404041341116,1.4870328050948562,2.3205376361918875,69392515.1,0.8371255879151728,71299956.6,0.8147305099481646,2120606985,1.09526481665803,3.343283582089549,11.199999999999989,7.149999999999977,4.050000000000011,11.199999999999989,18.430752070158555,0.2004203043528238,1.8391852865177194,53.79046272575632,45.69939183318854,38.140747176368414,56.66515093131774
2024-12-23,332.5,335.55,311.55,315.3,62589630,POWERGRID,331.6225,10.453084095391167,214.09639373263911,-5.880597014925371,1.0545512210593087,1.0642245480494767,0.9881065651760228,-3.2615709157735067,-4.00120704171055,-3.4672848109294905,67625980.25,0.9255263993012508,74438623.0,0.8408219749040764,2058017355,1.061306477038993,7.611798287345385,24.0,0.5500000000000114,23.44999999999999,24.0,19.173318460804083,-1.5615008786925082,-4.656788630178399,41.5198833230158,11.46828844483062,30.871705763104575,47.27011254273749
2024-12-30,314.1,316.65,306.3,307.55,25079525,POWERGRID,329.9425,11.489895732661111,214.19391905259528,-2.457976530288619,1.0212973500243863,1.0295886847667044,0.9959356202243538,-3.9091168042993383,-5.675956746409654,-5.568358508033044,65807606.95,0.3811037380382968,59553335.0,0.4211271291523808,2032937830,1.0457871507778425,3.365306454235072,10.349999999999966,1.349999999999966,9.0,10.349999999999966,17.996875999363535,-1.948886266769784,-7.126679752378062,37.623982141945625,2.0850708924103425,19.750917056809833,43.58484188548844
2025-01-06,307.35,309.75,305.15,308.7,8402716,POWERGRID,328.3625,12.144685593211102,214.22695065411662,0.3739229393594501,0.9956268221574345,1.0034013605442178,0.9885001619695497,-2.348016138996365,-4.527670407769797,-4.743827678058849,64141385.5,0.1310030323557635,46636132.0,0.18017609179080288,2041340546,1.0461801855121828,1.4901198574668035,4.600000000000023,2.1999999999999886,2.400000000000034,4.600000000000023,16.210625866115066,-1.6190209165226468,-3.016022620169656,38.61024293183381,6.981317600786646,6.844892312675867,44.09951645085789
