Date,Open Price,High Price,Low Price,Close Price,Total Traded Quantity,Symbol,20_SMA,20_STD,VWAP,Weekly_Return,Normalized_Open,Normalized_High,Normalized_Low,EMA5_Diff_Pct,EMA13_Diff_Pct,EMA23_Diff_Pct,Volume_SMA20,Relative_Volume,Volume_SMA5,Volume_Spike_Ratio_5Wk,OBV,Normalized_OBV,Normalized_Weekly_Range,High-Low,High-PrevClose,Low-PrevClose,True_Range,ATR,Bollinger_Z_Score,ROC_10,RSI,Stochastic_%K,Stochastic_%D,VWAP_Diff_Pct
2014-01-06,2180.1,2244.0,2147.25,2239.6,3593442,TCS,,,2239.6,,0.9734327558492588,1.0019646365422397,0.9587649580282194,0.0,0.0,0.0,,,,,3593442,,4.319967851402036,96.75,,,96.75,96.75,,,,,,0.0
2014-01-13,2240.0,2384.0,2199.0,2368.75,7606681,TCS,,,2327.313576998217,5.766654759778533,0.9456464379947229,1.0064379947229551,0.9283377308707124,3.6348284960422124,4.673350923482842,4.99788918205804,,,,,11200123,,7.8100263852242735,185.0,144.4000000000001,40.59999999999991,185.0,108.51666666666668,,,100.0,,,1.7804400494766208
2014-01-20,2372.0,2384.8,2206.05,2338.2,11298547,TCS,,,2332.7806006910632,-1.2897097625329867,1.014455564109144,1.019929860576512,0.94348216576854,1.5838394206369364,2.938157557095194,3.443576611638581,,,,,-98424,,7.644769480797195,178.75,16.050000000000182,162.69999999999982,178.75,117.88111111111112,,,78.55839416058386,,,0.23231500241947942
2014-01-27,2334.0,2339.25,2220.1,2229.6,6095144,TCS,,,2310.7863113241906,-4.644598409032586,1.0468245425188376,1.0491792249730894,0.9957391460351632,-2.1398955467847003,-1.5339074273412394,-1.1545613874436949,,,,,-6193568,,5.344007893792613,119.15000000000009,1.050000000000182,118.09999999999991,119.15000000000009,118.05029629629632,,,41.79803748089761,,,-3.5133630022962645
2014-02-03,2232.0,2269.8,2190.0,2194.45,5156109,TCS,,,2293.0131536833433,-1.5765159669896,1.0171113490851922,1.034336621932603,0.997972157032514,-2.5172932051649086,-2.708781569088269,-2.543587640178978,,,6749984.6,0.7638697427546725,-11349677,,3.6364464900088946,79.80000000000018,40.20000000000027,39.59999999999991,79.80000000000018,112.95025679012352,,,35.580205500361416,,,-4.298412049011501
2014-02-10,2174.0,2200.0,2085.1,2093.55,6240325,TCS,,,2261.8876926832263,-4.597963043131525,1.0384275512884813,1.0508466480380214,0.9959637935563993,-4.9721204251388365,-6.564769635016023,-6.861930487564889,,,7279361.2,0.8572627224487774,-17590002,,5.488285448162216,114.90000000000009,5.550000000000182,109.34999999999991,114.90000000000009,113.2102225514404,,,23.835880983382864,,,-7.442354155237961
2014-02-17,2100.0,2186.0,2095.0,2165.4,6158970,TCS,,,2249.010663984599,3.4319696209787143,0.969797727902466,1.0095132539022813,0.9674886856931745,-0.9926981053691217,-2.596157807618961,-3.039805589985532,,,6989819.0,0.8811344041955879,-11431032,,4.202456820910686,91.0,92.44999999999982,1.449999999999818,92.44999999999982,110.44219287791499,,,40.085260420366566,,,-3.7176641855697063
2014-02-24,2165.0,2222.0,2155.85,2177.9,4178021,TCS,,,2243.107263493036,0.5772605523229002,0.9940768630331971,1.0202488635841866,0.9898755682079066,-0.2753687733952643,-1.720551297757908,-2.244377047848138,,,5565713.8,0.7506711897402989,-7253011,,3.0373295376279943,66.15000000000009,56.59999999999991,9.550000000000182,66.15000000000009,104.53656716085968,,,42.54584852032687,,,-2.90700603374148
2014-03-03,2189.0,2299.0,2160.15,2240.05,6379678,TCS,,,2242.7633132718183,2.853666375866659,0.9772103301265596,1.0263163768665877,0.9643311533224704,1.6711753006770504,0.9442944814164458,0.5430192593322759,,,5622620.6,1.1346449376292613,-873333,,6.198522354411727,138.8499999999999,121.09999999999991,17.75,138.8499999999999,109.11169153941171,,,53.50119386786898,,,-0.12098081218654673
2014-03-10,2233.2,2286.25,2135.0,2142.65,7087570,TCS,,,2231.64072025299,-4.348117229526127,1.042260751872681,1.0670198119151517,0.996429654866637,-1.865753083866041,-3.0501881102785697,-3.6465633207111257,,,6008912.8,1.1795095445552148,-7960903,,7.059015704851469,151.25,46.19999999999982,105.05000000000018,151.25,114.73013266749015,,,39.78368157144649,,,-3.9876813254644947
2014-03-17,2155.0,2202.0,2122.0,2139.55,4200586,TCS,,,2225.9515581834876,-0.1446806524630695,1.007221144633217,1.0291883807342666,0.9917973405622676,-1.3422311062748666,-2.742426700336196,-3.480342357440354,,,5600965.0,0.7499754060237834,-12161489,,3.739104017199878,80.0,59.34999999999991,20.65000000000009,80.0,110.0994483118248,,-4.467315592069998,39.412576105591654,,,-3.8815560862427905
2014-03-24,2135.5,2157.95,2011.4,2152.6,12000376,TCS,,,2214.947853730404,0.6099413428057199,0.9920561181826628,1.0024853665334943,0.9344049056954381,-0.48523353570269784,-1.8167634010848084,-2.61524944251435,,,6769246.2,1.772778777052015,-161113,,6.808046083805618,146.54999999999973,18.399999999999636,128.1500000000001,146.54999999999973,114.95952187024812,,-9.125065963060685,42.03876948606538,,,-2.8148677913747764
2014-03-31,2144.0,2172.0,2065.05,2133.15,8054612,TCS,,,2207.4651789116874,-0.9035584874105607,1.005086374610318,1.0182125026369453,0.9680753814780958,-0.9343033257400657,-2.3529648898209543,-3.2549846256131403,,,7544564.4,1.0676046452728272,-8215725,,5.0137121158849505,106.94999999999982,19.40000000000009,87.54999999999973,106.94999999999982,113.89158562088168,,-8.769566333076718,39.12249899150941,,,-3.3665391246771916
2014-04-07,2145.0,2202.0,2120.7,2153.8,6194892,TCS,,,2203.9376691943385,0.9680519419637656,0.995914198161389,1.0223790509796638,0.9846318135388614,0.02228336295463593,-1.1756869803755121,-2.076255726134948,,,7507607.2,0.8251486572179748,-2020833,,3.774723744080238,81.30000000000018,68.84999999999991,12.450000000000273,81.30000000000018,109.54604087143082,,-3.399712952996037,43.89076538091198,38.13604713444029,,-2.2749132108017553
2014-04-14,2152.0,2174.9,2100.0,2164.1,3922064,TCS,,,2202.3460359455557,0.47822453338284276,0.9944087611478213,1.0049905272399613,0.9703802966591193,0.3320838245711589,-0.5949796160724723,-1.4578899393298335,,,6874506.0,0.5705230310367029,1901231,,3.4610230580841965,74.90000000000009,21.09999999999991,53.80000000000018,74.90000000000009,104.92656875524005,,-1.3830344733304467,46.31098195124104,40.8944831280128,,-1.7366042992937425
2014-04-21,2181.0,2264.0,2142.7,2221.75,8298593,TCS,,,2203.858501804479,2.663924957257069,0.9816586024530213,1.0190165410149656,0.9644199392370878,1.9455122027694247,1.727365987374506,1.0768457374164402,,,7694107.4,1.078564746834701,10199824,,5.4596601777877884,121.30000000000018,99.90000000000009,21.40000000000009,121.30000000000018,107.10969292120808,,6.1235700126579085,58.008448256939275,56.33369041242632,45.12140689162647,0.8118260850627035
2014-04-28,2233.95,2249.9,2180.1,2191.35,4568240,TCS,,,2203.3438674089025,-1.3682907617868834,1.019440071188993,1.0267186893923839,0.9948661783831885,0.3901527175798664,0.3120484955259582,-0.2708641481219841,,,6207680.2,0.735901311410984,5631584,,3.1852511009195332,69.80000000000018,28.15000000000009,41.65000000000009,69.80000000000018,102.13506719838036,,1.1983929066223142,51.218653070523736,54.887906054598105,50.70535986501241,-0.5443484145308279
2014-05-05,2186.0,2229.0,2176.9,2213.7,3737907,TCS,,,2203.6811477774972,1.0199192278732339,0.9874870126936803,1.0069115056240683,0.9833762479107379,0.9305570335241478,1.1301599019111377,0.6797014176545254,,,5344339.2,0.6994142512511181,9369491,,2.353525771333058,52.09999999999991,37.65000000000009,14.449999999999818,52.09999999999991,95.46372490526296,,1.6437852977638778,55.624787307256,70.34075104311538,60.520782503379934,0.45464164507678423
2014-05-12,2213.7,2221.6,2123.15,2159.35,6484909,TCS,,,2201.3102805197527,-2.455165559922301,1.0251696112256004,1.0288281195730196,0.9832356959270152,-1.0419882201858919,-1.1643047445385903,-1.668472560767497,,,5402342.6,1.2003883278339291,2884582,,4.55924236460045,98.44999999999982,7.900000000000091,90.54999999999973,98.44999999999982,95.86189491789455,,-3.60259815629117,44.37772917974565,51.44297635605002,58.89054448458784,-1.906150209312862
2014-05-19,2165.8,2253.4,1999.5,2036.7,9107656,TCS,2187.81,75.33686558245894,2189.8100956069097,-5.6799499849491735,1.0633868512790299,1.1063976039672019,0.9817351598173516,-4.751155386412146,-6.219784714819953,-7.141698927391767,6518216.1,1.397262051499029,6439461.0,1.4143506731386368,-6223074,2.662169053339364,12.466244414985029,253.9000000000001,94.05000000000018,159.8499999999999,253.9000000000001,116.93364226217528,-2.005790907701151,-4.944811331762066,29.071829785816263,12.420701168614373,44.73480952259325,-6.991934867506168
2014-05-26,2028.0,2169.6,2028.0,2154.0,9390766,TCS,2183.5299999999997,74.66830758691906,2187.4038559980727,5.759316541464132,0.9415041782729805,1.0072423398328691,0.9415041782729805,0.6355065999672959,-0.37319360472495794,-1.1981770450172735,6808082.3,1.3793555345240172,6657895.6,1.4104705997492661,3167692,-1.3428780492426744,6.573816155988855,141.5999999999999,132.89999999999986,8.700000000000045,141.5999999999999,120.22248996055191,-0.3954823800663326,0.6753756631067143,48.625221729493916,51.58597662771286,38.483218050792416,-1.5271005354807292
2014-06-02,2160.15,2184.6,2116.05,2129.85,5092049,TCS,2171.585,61.4102685138846,2185.3805708924715,-1.12116991643455,1.0142263539685894,1.0257060356363124,0.9935206704697516,-0.3274467790910085,-1.2954067286740822,-2.1501751650992373,6682350.7,0.7620146305700477,6762657.4,0.7529656906765674,-1924357,0.638238409361844,3.2185365166560898,68.54999999999973,30.59999999999991,37.94999999999982,68.54999999999973,113.33282463247828,-0.679609469392957,-1.056861469850412,45.636517905062334,43.522537562604306,35.84307178631051,-2.5410023147498686
2014-06-09,2129.85,2138.0,2056.0,2113.8,7500971,TCS,2160.365,48.51151816565736,2181.8562489072724,-0.7535741953658581,1.00759296054499,1.0114485760242218,0.9726558804049578,-0.7261527493761638,-1.7696046474459721,-2.6819809635590133,6492471.9,1.1553336103002616,7515270.2,0.998097313919598,-9425328,2.7072979505778343,3.879269561926388,82.0,8.150000000000091,73.84999999999991,82.0,109.15511468148118,-0.9598751340040363,-0.9071092046972762,43.582341879717895,39.860505666957344,44.989673285758165,-3.119190319772738
2014-06-16,2115.0,2276.95,2115.0,2269.75,6625448,TCS,2162.3725,52.21664000508947,2185.5193454123905,7.3777083924685405,0.9318206850974777,1.003172155523736,0.9318206850974777,4.129693672098579,4.476670380776487,4.008668907424406,6518987.1,1.016330895945476,7543378.0,0.878313137695075,-2799880,0.8454337066792714,7.135147042625832,161.94999999999982,163.14999999999964,1.199999999999818,163.14999999999964,116.35443272395031,2.0563847078160173,5.383508218033239,62.5042650799991,97.40493782663549,60.262660352065716,3.8540338141786528
2014-06-23,2284.9,2299.9,2210.1,2268.85,4090865,TCS,2166.0924999999997,57.04877708685184,2187.6098962277615,-0.03965194404670358,1.0070740683606234,1.0136853472023273,0.9741058245366595,2.7277761016214304,3.8046672845969534,3.6397087650458855,6465724.9,0.6327001323548423,6540019.8,0.625512632240043,-6890745,2.230865721405259,3.9579522665667706,89.80000000000018,30.15000000000009,59.65000000000009,89.80000000000018,112.8138416940903,1.801221783309408,4.840349336906802,62.36498273687184,89.6637816245006,75.64307503936448,3.7136467480937077
2014-06-30,2269.0,2435.0,2255.0,2425.4,4874505,TCS,2182.685,78.90982211560103,2194.5118639692264,6.899971351125034,0.9355157912096973,1.0039581100024737,0.9297435474560897,6.00420956217911,8.583168385300027,9.03776990555916,6397433.9,0.7619469112451478,5636767.6,0.8647695533872995,-2016240,0.8727809366989029,7.42145625463841,180.0,166.1500000000001,13.849999999999909,180.0,121.77199613487826,3.0758528341938014,9.166197817036114,73.99539559812041,97.7956371986223,94.95478554991946,10.521161440119306
2014-07-07,2418.9,2498.0,2382.3,2488.55,3134165,TCS,2198.8424999999997,104.21177107344032,2199.8988247660764,2.6036942360023074,0.9720118141086175,1.0037973920556147,0.9573044544011573,5.59297847397325,9.345413399669926,10.400543771084077,6246193.65,0.5017719871685374,5245190.8,0.5975311708393907,1117925,-0.6643697029230246,4.6492937654457345,115.69999999999982,72.59999999999991,43.09999999999991,115.69999999999982,120.96239665022782,2.7799882586760494,13.56241586236795,77.26546702572833,98.10431293881649,95.18791058731313,13.121111388593846
2014-07-14,2484.95,2486.15,2335.0,2426.25,4481381,TCS,2211.26,115.74324306753037,2205.6768937862776,-2.5034658737015603,1.0241937145801132,1.024688304997424,0.9623905203503349,2.112562344195389,6.015112745682861,7.424867086273185,6261361.65,0.7157198785986112,4641272.8,0.9655500103333724,-3363456,2.2600721599715254,6.229778464708917,151.1500000000001,2.400000000000091,153.55000000000018,153.55000000000018,125.30741043019746,1.85747344123202,9.6015720287302,67.59038791058725,85.60682046138415,93.83559019960767,10.00024558606521
2014-07-21,2426.2,2485.0,2375.0,2463.75,4537838,TCS,2222.445,128.74980214598972,2212.179636452828,1.5455950540958163,0.9847590055809233,1.008625063419584,0.9639776763064434,2.4016517876148256,6.381967314359829,8.097764973745084,6169269.65,0.7355551398211293,4223750.8,1.0743621522368223,1174382,-0.8474265374417601,4.4647387113140535,110.0,58.75,51.25,110.0,123.26642237283781,1.8742164723980197,14.096834695625994,70.18347578372165,93.12938816449348,92.28017385489802,11.372058552648024
2014-07-28,2465.0,2614.35,2461.9,2589.3,4534064,TCS,2244.7774999999997,150.9956878741205,2221.4409777605774,5.095890410958903,0.9519947476151855,1.0096744293824584,0.9507975128413084,4.756000873269749,9.36113079787279,11.507761202986304,6041594.35,0.7504747484411959,4312390.6,1.0514038315545906,5708446,-8.127589194140876,5.887691654115004,152.44999999999982,150.5999999999999,1.849999999999909,152.44999999999982,127.15756605645942,2.281671118232304,27.132125497127713,77.2233711236737,95.92583556965117,91.55401473184293,16.559477650865134
2014-08-04,2584.8,2610.0,2488.0,2526.05,4258490,TCS,2264.1025,161.20704852276432,2228.308518375776,-2.442745143475067,1.0232576552324777,1.0332337047960254,0.9849369569090081,1.5807850362310898,6.0785277889868645,8.517662850161884,6044489.55,0.7045243382048696,4189187.6,1.0165431598241148,1449956,-66.56701206047222,4.829674788701728,122.0,20.699999999999818,101.30000000000018,122.0,126.46989058226482,1.6249134414430406,17.272516248839388,67.90381776418191,85.63877368463856,91.56466580626108,13.361771010113493
2014-08-11,2544.9,2545.0,2455.0,2468.4,3835280,TCS,2279.8925,165.12909086928198,2233.086524652296,-2.282219275152908,1.03099173553719,1.0310322476097877,0.994571382271917,-0.47854425517972266,3.329976082148149,5.8493175292080615,5636234.75,0.680468463454259,4329410.6,0.885866542665184,-2385324,17.93578507652126,3.6460865337870683,90.0,18.949999999999818,71.05000000000018,90.0,121.60723850462952,1.1415765629644554,15.895485597577297,60.25606564908705,76.2625030495243,85.94237076793802,10.537588792460424
2014-08-18,2489.9,2532.0,2440.2,2487.6,3352123,TCS,2297.6150000000002,167.55392227107308,2237.43777986843,0.7778317938745616,1.0009245859462936,1.0178485287023638,0.9809454896285577,0.1979850352453051,3.493802274541543,6.027999185294685,5401110.3,0.6206359088796983,4103559.0,0.8168818822880334,966799,2.964424871697578,3.690303907380615,91.80000000000018,63.59999999999991,28.200000000000273,91.80000000000018,117.6329400373456,1.1338737847785922,17.683792222537598,61.904832771185944,79.3852159063186,80.42883088016049,11.180745332112897
2014-08-25,2500.0,2528.5,2430.0,2522.05,6898057,TCS,2316.0275,171.11398668954317,2247.1104811711293,1.3848689499919686,0.9912571122697804,1.002557443349656,0.9635019131262266,1.040821969872722,4.124597916598314,6.702310901407244,5436268.55,1.2688955552057855,4575602.8,1.5075733846478108,7864856,9.586398741519874,3.905553022342935,98.5,40.90000000000009,57.59999999999991,98.5,115.08188136569953,1.204007363663336,11.115761647758582,64.91790719637632,84.25854864841821,79.96875586808703,12.23524704871566
2014-09-01,2529.0,2567.4,2500.0,2537.15,2913693,TCS,2334.6800000000003,173.9895356804983,2251.2151519855474,0.5987192958109455,0.9967877342687661,1.0119228267938434,0.9853575862680567,1.0865222918412305,4.024462377827808,6.652779539307079,5385850.0,0.5409903729216372,4251528.6,0.685328331085436,10778549,8.525416874261094,2.656524052578684,67.40000000000009,45.34999999999991,22.050000000000182,67.40000000000009,108.72429718360628,1.1636906737414423,11.825374088194462,66.26726509617791,86.17354705829679,83.27243720434454,12.701355877169767
2014-09-08,2545.8,2650.0,2514.1,2642.7,4667815,TCS,2355.7275,184.73850685353395,2259.8941495913937,4.160179729223734,0.9633329549324556,1.0027623264085974,0.9513376471033413,3.3580984177154503,6.735210652062268,9.51599676119381,5204311.1,0.8969131380328129,4333393.6,1.0771730959310968,15446364,10.118073948237374,5.142467930525602,135.9000000000001,112.84999999999991,23.050000000000182,135.9000000000001,112.34772422579212,1.553398394778193,8.959346911849586,74.2541593849548,98.77104377104374,89.73437982591958,16.93910533277943
2014-09-15,2652.0,2667.0,2554.0,2558.3,3050121,TCS,2374.075,185.77307074974277,2264.1552246334095,-3.1937034093919014,1.0366258843763436,1.0424891529531328,0.9983191963413204,0.11321233853122646,3.1357233397864595,5.986630804599289,5128405.15,0.5947503972068197,4176361.8,0.7303296855171887,12396243,6.647334933985499,4.416995661181253,113.0,24.300000000000182,88.69999999999982,113.0,112.43469432901983,0.991666872149474,2.8028369934299135,60.941328473281,80.30797101449278,88.41752061461109,12.991369680239826
2014-09-22,2566.0,2740.0,2544.0,2721.8,4631917,TCS,2399.48,197.0847128841579,2273.868531806955,6.390962748700302,0.9427584686604452,1.006686751414505,0.9346755823352193,4.075643844922334,7.675211053664821,10.664559404973128,5173105.65,0.8953841876397788,4432320.6,1.045032031302068,17028160,7.57555407508083,7.201116907928576,196.0,181.69999999999982,14.300000000000182,196.0,123.57673508515052,1.6354388693224158,12.181349819680577,72.11587426642618,96.56538969616912,91.88146816056855,19.699092622434563
2014-09-29,2724.0,2782.45,2632.75,2767.95,5336763,TCS,2429.91,204.886788123021,2285.6625481455785,1.6955691086780744,0.9841218230098088,1.0052385339330552,0.9511551870517893,3.783326388870109,7.898178212095558,11.141210874263582,5115698.35,1.043212995543414,4120061.8,1.295311395571785,22364923,6.941759523430816,5.408334688126586,149.69999999999982,60.649999999999636,89.05000000000018,149.69999999999982,127.0598370737971,1.6498867647680104,12.347031963470311,74.49260696400513,97.25092425822352,91.37476165629512,21.10055363359366
2014-10-06,2772.95,2802.0,2708.15,2775.6,2465488,TCS,2466.8550000000005,196.70738814958318,2291.0065387562545,0.27637782474394523,0.9990452514771581,1.009511456982274,0.9756989479752126,2.6990100105858152,6.987450553446328,10.437276655906123,4783589.95,0.5154053808479132,4030420.8,0.6117197489651701,24830411,5.200664626816705,3.38125090070615,93.84999999999991,34.05000000000018,59.79999999999973,93.84999999999991,122.6318587972908,1.569564838943512,7.194994786235642,74.90177708951511,94.34689507494645,96.0544030097797,21.15198944420396
2014-10-13,2739.6,2839.7,2649.25,2716.55,5829593,TCS,2494.9825,189.71285107193256,2301.705598742598,-2.127467934860916,1.0084850269643482,1.0453332351696083,0.9752259299479118,0.3893105066799225,4.256249735713835,7.782903435959336,4605531.3,1.2657807797332743,4262776.4,1.3675577729106316,19000818,3.4136527042843507,7.010730522169657,190.44999999999982,64.09999999999991,126.34999999999991,190.44999999999982,131.67427762431868,1.1679098107907797,7.541418420062951,65.53825780758653,75.59936595997628,89.06572843104875,18.023347620305056
2014-10-20,2730.0,2758.6,2417.95,2423.3,9754737,TCS,2509.6549999999997,170.34629504876597,2306.6146261036074,-10.79494211407852,1.126562951347336,1.13836503940907,0.9977922667436965,-7.776563238305527,-6.282820279470116,-3.0951557236513287,4838665.7,2.0159973027274853,5603699.6,1.7407672959485552,9246081,1.5096512501047,14.057277266537369,340.6500000000001,42.04999999999973,298.60000000000036,340.6500000000001,159.53770727440954,-0.5069379405949407,-1.8270944741532902,38.1851192928799,10.393802453195654,60.113354496039456,5.058728604938255
2014-10-27,2425.85,2519.7,2415.0,2457.15,3564101,TCS,2526.8225,143.54542236830065,2308.8028686835864,1.3968555275863492,0.9872616649370205,1.0254563213479029,0.982845980098895,-4.194546716151047,-4.130275801491259,-1.535328853765775,4641822.2,0.7678236792438969,5390136.4,0.6612264951217189,12810182,1.770236881553005,4.261034124900792,104.69999999999982,96.39999999999964,8.300000000000182,104.69999999999982,152.22601297115492,-0.4853690131701895,-1.2240713941148007,41.44033246132421,9.924652696020745,31.972607036397562,6.425283567020037
2014-11-03,2484.9,2649.0,2453.45,2590.35,7268984,TCS,2542.8525,130.64832916831634,2316.9095548691384,5.420914474085814,0.9592912154728126,1.0226417279518212,0.9471499990348794,0.7755372919771237,1.0493759467801895,3.37863396119776,4673999.0,1.5551958825836292,5776580.6,1.2583541204289612,20079166,2.395974700320086,7.549172891694179,195.55000000000018,191.8499999999999,3.700000000000273,195.55000000000018,158.00254457500094,0.3635522957113991,2.7081144307210314,52.740166059929564,41.28796797739581,20.5354743755374,11.801947320567965
2014-11-10,2638.0,2638.0,2551.0,2569.65,2989673,TCS,2557.8925000000004,113.65400781943443,2319.8675950839233,-0.7991198100642749,1.0265989531648279,1.0265989531648279,0.992742202245442,-0.015848325836089753,0.2162332225596311,2.383602478134995,4618939.4,0.6472639584749693,5881417.6,0.5083252377794089,17089493,1.7839861292999062,3.3856750919385905,87.0,47.65000000000009,39.34999999999991,87.0,148.5355386316675,0.10344993745120899,1.2809648621484815,50.97633855167486,36.41393925123621,29.208853308217584,10.767097460449705
2014-11-17,2578.0,2625.0,2555.4,2618.3,3621894,TCS,2567.5375,109.94298028738656,2324.0398688647383,1.8932539450898123,0.9846083336516059,1.002558912271321,0.9759767788259558,1.2283479992145796,1.7745353965824167,3.847606754616096,4556308.85,0.7949184568557068,5439877.8,0.665804294353818,20711387,1.9327953818485273,2.6582133445365277,69.59999999999991,55.34999999999991,14.25,69.59999999999991,138.01080014744514,0.4617166086212064,-0.9232981420516762,55.05275118232653,47.86908405933607,41.856997095989364,12.661578446974058
2014-11-24,2620.0,2665.0,2557.45,2657.7,4536259,TCS,2575.995,110.05295005490963,2329.7817541164677,1.5047931864186515,0.9858148022726418,1.002746735899462,0.9622794145313617,1.7950818543210174,2.769182600058595,4.833630470636396,4626413.55,0.9805130801590359,4396182.2,1.0318632835554449,25247646,2.1176906471067416,4.04673213681003,107.55000000000018,46.69999999999982,60.850000000000364,107.55000000000018,133.9493601277858,0.742415355147083,3.8853926435523434,58.29344497011695,57.14622086178477,47.14308139078568,14.075062838145106
2014-12-01,2660.0,2700.0,2615.0,2692.95,4787512,TCS,2589.33,107.0710160299375,2336.259937467639,1.3263348007675813,0.9877643476484896,1.0026179468612488,0.9710540485341355,2.0537054269429302,3.464492713888063,5.5727218824434726,4641720.1,1.0314090244260958,4640864.4,1.0315991994939562,30035158,2.209737319051165,3.1563898327113393,85.0,42.30000000000018,42.69999999999982,85.0,127.42277877741436,0.9677689055554242,-1.0599603203762298,61.18260795787226,65.44619731575229,56.82050074562437,15.267567483051177
2014-12-08,2693.0,2710.95,2501.65,2512.8,5704400,TCS,2591.7825000000003,104.57584917303838,2339.9340704297983,-6.689689745446426,1.0717128303088188,1.0788562559694364,0.9955627188793378,-3.3122344185806063,-2.9626464545419346,-1.0972926839054695,4700048.2,1.2136896808845492,4327947.6,1.3180381389090756,24330758,1.6495425126540308,8.329353709009858,209.29999999999973,18.0,191.29999999999973,209.29999999999973,138.3397416070924,-0.7552652034344011,-9.218013331165654,43.43816858822305,23.028019778667346,48.540145985401466,7.387641034623248
2014-12-15,2516.0,2559.0,2352.25,2358.65,6191653,TCS,2580.2500000000005,116.86039466861392,2340.347515928675,-6.134590894619551,1.0667118902762174,1.0849426578763275,0.9972865834269603,-6.709482867179503,-8.307247672902342,-7.062480925433837,4782927.65,1.2945320216165093,4968343.6,1.2462207726534857,18139105,1.1800450098789896,8.765607444936723,206.75,46.19999999999982,160.55000000000018,206.75,147.46110939281343,-1.8962797501103865,-15.021977230148432,33.7686445851123,1.3129551748897514,29.929057423103128,0.7820412971473814
2014-12-22,2350.0,2529.0,2345.0,2513.4,5327372,TCS,2579.6175,117.20292038192383,2343.575370476255,6.560956479342006,0.9349884618445133,1.0062067319169252,0.9329991246916527,-0.0929210802559382,-1.404661775292821,-0.43142512740111255,4836371.75,1.101522437765459,5309439.2,1.0033775318493148,23466477,1.424596918477256,7.320760722527253,184.0,170.3499999999999,13.650000000000091,184.0,152.33296147377163,-0.5649816556125034,-7.478235261637001,47.345622396817575,34.04083282797658,19.46060259384456,7.24639077808851
2014-12-29,2500.0,2536.95,2465.0,2522.9,2980287,TCS,2582.3424999999997,115.09561159839878,2345.4272505593754,0.37797405904351766,0.9909231440009513,1.0055689880692853,0.9770502199849379,0.18931973968706584,-0.876704327566681,-0.048812314773660284,4793622.1,0.6217192214630353,4998244.8,0.5962667134670955,26446764,1.4763209064748193,2.85187680843473,71.94999999999982,23.549999999999727,48.40000000000009,71.94999999999982,141.61523327726871,-0.5164619152241129,4.110097800519941,48.09924513617647,35.961188599151036,23.771658867339124,7.56675566885727
2015-01-05,2525.0,2599.9,2516.0,2540.25,2660973,TCS,2584.975,113.40426811330657,2347.207205035562,0.6877006619366632,0.9939966538726503,1.023481940753863,0.9904536955024111,0.5806868802300151,-0.16089665460982222,0.581647656780272,4759064.6,0.5591378188058217,4572937.0,0.5818958363082631,29107737,1.5065325841932138,3.3028245251451662,83.90000000000009,77.0,6.900000000000091,83.90000000000009,133.91986884029956,-0.3943855089767295,3.38196691288688,49.61878442261146,39.46836466545383,36.49012869752715,8.224361042787162
2015-01-12,2529.1,2529.1,2407.45,2509.7,5709586,TCS,2584.3575,113.79787630406257,2350.3313859410064,-1.2026375356756325,1.007730007570626,1.007730007570626,0.9592580786548193,-0.41968101167357186,-1.1829704381989847,-0.5761699585110931,4699641.05,1.214898316542707,4573974.2,1.2482768267472955,23398151,1.164221570434952,4.847192891580671,121.65000000000009,11.150000000000091,132.80000000000018,132.80000000000018,133.7705529949263,-0.6560535435698196,-3.1134788735113106,46.83298562988077,33.292904790782266,36.240819351795714,6.7806869708795015
2015-01-19,2520.0,2581.75,2480.1,2511.0,7347176,TCS,2583.05,114.51677882117487,2354.210520179005,0.051799019803167035,1.003584229390681,1.0281760254878534,0.9876941457586619,-0.24512768750753886,-0.9690735308919676,-0.4804245052976236,4921315.2,1.492929369774974,4805078.8,1.5290438108944229,30745327,1.4573995744519088,4.048187972919159,101.65000000000009,72.05000000000018,29.59999999999991,101.65000000000009,129.4878125956028,-0.6291654440657187,-2.2824120016344707,46.97914625313211,40.13539651837525,37.632221991537115,6.659960036584719
2015-01-26,2520.0,2532.05,2483.25,2503.6,4816320,TCS,2576.0950000000003,114.92663552297411,2356.53806961675,-0.2947033054560011,1.0065505671832562,1.0113636363636365,0.991871704745167,-0.36095106335715554,-1.0864390601201923,-0.7126339824261619,4928740.45,0.9771908358452919,4702868.4,1.0241239155235558,25929007,1.1992982176251998,1.9491931618469478,48.80000000000018,21.050000000000182,27.75,48.80000000000018,118.7294375828558,-0.6307937204470623,-4.380705037619837,46.14592989155327,43.339253996447596,38.9225184352017,6.240592175418031
2015-02-02,2512.35,2575.0,2462.05,2514.2,9297156,TCS,2573.8900000000003,115.70643160943318,2361.1413925337056,0.42339031794216275,0.9992641794606635,1.0241826425900884,0.9792578156073504,0.041450671593076874,-0.5659313945646746,-0.2640221814236363,5241092.2,1.7738966698582406,5966242.2,1.5582934263044166,35226163,1.5476105490913603,4.492482698273798,112.94999999999982,71.40000000000009,41.54999999999973,112.94999999999982,117.95884590514167,-0.515874521145756,-5.399405500997101,47.6796474287315,46.23582456619754,43.2368250270068,6.482399061330645
2015-02-09,2511.65,2594.8,2500.0,2512.9,6666744,TCS,2563.445,110.9841239239058,2364.2535587095103,-0.05170630816958566,0.9995025667555414,1.0325918261769271,0.9948664889171873,-0.006840628087251537,-0.5296776219443103,-0.28956750679454396,5342833.55,1.247791820128853,6767396.4,0.9851268650377861,28559419,1.2237194134434992,3.772533725973981,94.80000000000018,80.60000000000036,14.199999999999818,94.80000000000018,114.87099978445615,-0.4554254988277,-6.68597634564324,47.48826654186208,45.88058477934149,45.15188778066221,6.287246168791897
2015-02-16,2510.0,2595.0,2433.0,2584.8,8183637,TCS,2554.2875,100.25981626044384,2369.669135841811,2.8612360221258237,0.9710615908387495,1.0039461467038069,0.9412720519962859,1.849997468709251,1.9428880169174185,2.2917893045862945,5485177.25,1.4919548862345333,7262206.6,1.1268802239804085,36743056,1.527325930054465,6.267409470752089,162.0,82.09999999999991,79.90000000000009,162.0,121.154866479862,0.3043342900284026,2.865329512893977,58.196378026943464,65.52807760623044,52.54816231725649,9.078519060078195
2015-02-23,2585.05,2722.0,2565.25,2696.65,4347248,TCS,2550.3399999999997,92.32801593403171,2373.8793748796315,4.3272206747137165,0.958615319006916,1.0094005525374075,0.9512728756049171,3.947335510632239,5.1514636772486995,5.81576483598296,5579265.25,0.7791793014322091,6662221.0,0.6525223345187738,41090304,1.6521963144758836,5.812767693249031,156.75,137.19999999999982,19.550000000000182,156.75,125.90088428254705,1.5846760977138161,14.330231276365723,69.39763054402974,93.27586206896554,68.22817481817916,13.596757633767082
2015-03-02,2694.0,2730.0,2616.3,2669.4,6096160,TCS,2547.9825,88.37812046898601,2379.120715699574,-1.010513043961958,1.0092155540570915,1.0227017307260058,0.9801078894133514,1.9778682612188403,3.5856194089370685,4.449779747461607,5592593.6,1.090041657952761,6918189.0,0.8811785858987085,34994144,1.3632430473561297,4.2593841312654455,113.69999999999982,33.34999999999991,80.34999999999991,113.69999999999982,124.27409971154077,1.3738411651626865,6.20673191692529,64.53650806014764,84.25974025974028,81.02122664497875,12.20111625210537
2015-03-09,2682.0,2812.1,2610.0,2646.8,6171995,TCS,2559.1575000000003,85.87773174234134,2383.842534507622,-0.8466322019929584,1.0132990781320839,1.0624527731600422,0.9860964183164576,0.7605968305116961,2.367749449540111,3.331087307837592,5413456.5,1.1401209190468233,6293156.8,0.9807470552775676,28822149,1.0815641725955927,7.635635484358466,202.0999999999999,142.69999999999982,59.40000000000009,202.0999999999999,134.65088641666867,1.0205497772455543,4.911015101668714,60.48226477734158,64.61143224149009,80.7156781900653,11.03082362555006
2015-03-16,2648.9,2678.25,2552.0,2562.3,5124011,TCS,2564.415,82.45452670219639,2386.4182612877253,-3.192534381139489,1.033797759825157,1.0452523123756,0.9959801740623657,-1.6747589558864266,-0.7302727204767631,0.1311953046816625,5491452.0,0.9330885529000345,5984610.2,0.856197952541671,23698138,0.8714800739850576,4.92721383132342,126.25,31.449999999999818,94.80000000000018,126.25,133.53076822777953,-0.025650501974725945,0.8680248007086,47.585631360225925,46.52108756155004,65.13075335426014,7.370113678956182
2015-03-23,2582.5,2631.0,2551.7,2617.15,4250984,TCS,2565.755,83.11332608964231,2389.148385533423,2.14065488038091,0.9867604073132988,1.00529201612441,0.9749918804806754,0.30408781239954374,1.1835629951847473,2.038883869254851,5340552.0,0.7959821381759788,5198079.6,0.8177989425171558,27949122,1.013145816807459,3.0300135643734665,79.30000000000018,68.69999999999982,10.600000000000364,79.30000000000018,126.29999913074228,0.6183725573028762,4.281388213730741,54.80367155225304,58.26375508456436,56.46542496253483,9.543216982551346
2015-03-30,2630.0,2637.0,2501.0,2564.15,5901080,TCS,2565.48,83.1088591768845,2391.97641306046,-2.0251036432760827,1.0256810249010393,1.0284109743969736,0.9753719556188211,-1.1710590466700672,-0.7362299755649171,0.012892969815326316,5486122.35,1.0756376951746256,5508846.0,1.071200756020408,22048042,0.7921147882221307,5.30390187781526,136.0,19.84999999999991,116.15000000000009,136.0,127.59333257997665,-0.016003107408431944,2.116686579052174,47.50920052216505,38.724823921907884,47.8365555226741,7.197963407977315
2015-04-06,2569.45,2569.45,2500.1,2547.3,3035664,TCS,2561.9300000000003,82.24580520417572,2393.2569902762702,-0.6571378429499064,1.0086954814902052,1.0086954814902052,0.9814705766890433,-1.2268600883338088,-1.2022154859245238,-0.5944642499224004,5456810.85,0.5563073530393673,4896746.8,0.6199348514405524,19012378,0.685144262622337,2.722490480116198,69.34999999999991,5.299999999999727,64.05000000000018,69.34999999999991,119.82755490264643,-0.17788141247667336,1.7454864994408181,45.29748055578321,34.560731496354954,43.84977016760907,6.436542767851591
2015-04-13,2562.45,2687.45,2544.0,2655.5,4603846,TCS,2561.82,82.11233864586823,2396.495481964297,4.247634750520146,0.9649595179815477,1.01203163246093,0.9580116738843909,1.9317942125117047,2.5039986527275815,3.212293145606584,5460190.2,0.843165866273303,4583117.0,1.0045229043901782,23616224,0.8535609890748718,5.401995857653919,143.44999999999982,140.14999999999964,3.300000000000182,143.44999999999982,122.97721424896022,1.1408760430514624,5.620077957203096,59.32678599164161,61.29988879278392,44.861814737015585,10.807636400107409
2015-04-20,2654.7,2713.9,2424.85,2428.8,9345484,TCS,2548.6125,81.1485867098067,2397.285488095205,-8.53699868198079,1.0930088932806323,1.117383069828722,0.9983736824769432,-4.814481902908205,-5.653808433682215,-5.336562330858122,5688088.8,1.642991930787016,5427411.6,1.7219044157255368,14270740,0.5309122164220808,11.900938735177872,289.0500000000002,58.40000000000009,230.6500000000001,289.0500000000002,145.1202523490989,-1.4764582460130613,-3.346730868717418,36.6211721247545,1.020012911555913,32.2935444002316,1.3145915270123072
2015-04-27,2428.8,2520.0,2401.0,2500.2,8717022,TCS,2547.9825,81.48944599891169,2399.5806588874143,2.939723320158083,0.9714422846172308,1.007919366450684,0.9603231741460684,-1.2141465071550237,-2.259923179995001,-2.1343582007129576,5838719.9,1.4929680048532554,6320619.2,1.3791405120561606,22987762,0.8573520947569458,4.759619230461563,119.0,91.19999999999982,27.800000000000182,119.0,141.63755203588573,-0.5863642759411863,-3.272980501392775,44.35982728377571,24.130381902213536,28.816761202184463,4.193205206081237
2015-05-04,2510.0,2510.0,2427.1,2481.55,5368301,TCS,2554.1274999999996,70.3305456492043,2400.691199388148,-0.7459403247740082,1.0114646088130401,1.0114646088130401,0.9780580685458684,-1.3165451961311687,-2.5958176835181224,-2.6601165302481444,5797552.3,0.9259599089774491,6214063.4,0.86389543434655,17619461,0.6577732222539888,3.3406540267171763,82.90000000000009,9.800000000000182,73.09999999999991,82.90000000000009,133.80587843110098,-1.0319484845461389,-7.976563513989577,42.78532023416798,19.593772804670444,14.914722539479968,3.3681466667791407
2015-05-11,2501.0,2588.0,2453.7,2556.0,7715625,TCS,2556.2575,69.6741915425237,2403.6576549502843,3.0001410408817097,0.9784820031298904,1.0125195618153364,0.9599765258215962,1.0897045562182262,0.336468352604153,0.3026103960612299,5916964.95,1.3039835566374278,7150055.6,1.0791000002853126,25335086,0.9425269689867493,5.25430359937403,134.30000000000018,106.44999999999982,27.850000000000364,134.30000000000018,133.8717613069542,-0.0036957730588521543,-4.2481456507080235,50.824906982887924,37.70372172220872,27.14262547636424,6.337938546946141
2015-05-18,2560.0,2565.0,2480.45,2520.4,5804708,TCS,2556.1325,69.73939888311317,2405.3114555491425,-1.3928012519561772,1.0157117917790826,1.0176956038724012,0.9841493413743849,-0.20491857226530905,-0.9182171392558397,-1.013457060530808,6058186.0,0.958159422639054,7390228.0,0.7854572281125832,19530378,0.736047161944133,3.354626249801626,84.55000000000018,9.0,75.55000000000018,84.55000000000018,127.295526466027,-0.5123717808335226,-4.77557805652109,47.16805466274269,29.044028216978866,28.780507581286013,4.784766820336057
2015-05-25,2519.4,2636.9,2496.75,2601.0,4554862,TCS,2559.17,70.33169608137734,2407.462819991615,3.197905094429454,0.9686274509803922,1.0138023836985774,0.959919261822376,1.9334930745770873,1.8934669705782055,1.9403598318281308,6152880.45,0.7402812450224024,6432103.6,0.7081449994057932,24085240,0.9163804233407464,5.38831218762015,140.1500000000001,116.5,23.65000000000009,140.1500000000001,129.00945627055674,0.5947531814333112,1.5103617843343908,55.52714130368305,48.64996351252738,38.465904483905,8.03905166888762
2015-06-01,2605.0,2648.6,2582.25,2617.75,5825917,TCS,2564.5724999999998,70.48142621136785,2410.378810273437,0.6439830834294558,0.995129405023398,1.0117849298061312,0.9864387355553433,1.707322570139752,2.1610404541983,2.3538227851028095,6158697.0,0.9459658430996037,5853882.6,0.9952227261954315,29911157,1.1241134107486042,2.5346194250787857,66.34999999999991,47.59999999999991,18.75,66.34999999999991,120.65486210114916,0.7544895564474732,0.022925701621989703,57.15273860538632,52.72439795670154,43.47279656206927,8.603261397864616
2015-06-08,2616.0,2630.0,2561.65,2577.45,6875413,TCS,2567.8949999999995,69.38073238525811,2413.0688566658764,-1.5394900200554007,1.0149566431938544,1.0203883683485617,0.9938699101825449,0.11363780945852628,0.5410875030894395,0.7581432408236728,6135108.85,1.1206668321785358,6155305.0,1.1169898161017204,23035744,0.8784494860210672,2.6518458166016763,68.34999999999991,12.25,56.09999999999991,68.34999999999991,113.68088048766259,0.1377183502033847,0.5186904042275176,51.887491699969644,42.921430308927235,48.09859725938539,6.812119881288754
2015-06-15,2585.0,2613.0,2476.8,2504.8,6143116,TCS,2567.955,69.3226986825426,2414.3698095707928,-2.818677374924816,1.0320185244330884,1.043197061641648,0.9888214627914405,-1.8556649174947055,-2.0088426843872687,-1.943606966069421,6201448.65,0.9905937058754811,5840803.2,1.0517587718072747,16892628,0.6554804859156335,5.437559885020753,136.19999999999982,35.55000000000018,100.64999999999964,136.19999999999982,116.68342975597423,-0.9110291607257343,-1.668433243041656,43.54334446897272,33.1735378715245,42.93978871238443,3.745498724790771
2015-06-22,2500.0,2600.0,2494.45,2591.5,4254887,TCS,2571.82,68.31548217836253,2416.0928339216985,3.4613541999361175,0.9646922631680493,1.0032799536947714,0.9625506463438163,1.034646733464331,1.2033574082787286,1.344722682657478,5949335.2,0.7151869674446987,5530839.0,0.7693022704150311,21147515,0.8436250277843053,4.072930735095512,105.55000000000018,95.19999999999982,10.350000000000364,105.55000000000018,115.1989724551777,0.2880752557468306,-2.4100922613443765,53.77850493959808,60.88207094918503,45.65901304321226,7.259951423041479
2015-06-29,2600.0,2608.0,2543.4,2592.9,3331207,TCS,2575.82,67.01370519684416,2417.4291750453076,0.054022766737404915,1.0027382467507424,1.0058235952022831,0.9809094064560916,0.7253877922462109,1.0771725173317224,1.2814910317011838,5782558.35,0.5760784065412846,5286108.0,0.6301814113521707,24478722,0.9845283626641642,2.4914188746191486,64.59999999999991,16.5,48.09999999999991,64.59999999999991,108.45244279448733,0.25487323749417556,6.756422924901173,53.934107180321945,61.32949824224993,51.79503568765316,7.258571492643783
2015-07-06,2585.0,2645.0,2540.0,2633.3,3210674,TCS,2578.245,68.22238963395692,2418.99035789541,1.5581009680280866,0.9816579956708312,1.0044430942163824,0.9645691717616678,1.498970368362932,2.2241513213261173,2.56302481857613,5533910.2,0.5801818034560806,4763059.4,0.6740780935883353,27689396,1.134313120223243,3.987392245471461,105.0,52.09999999999991,52.90000000000009,105.0,107.99211708855569,0.8069931337115944,5.323574114070895,58.577249800760875,74.24097155640783,65.48418024928094,8.859466570633447
2015-07-13,2632.75,2646.9,2455.0,2509.55,9394385,TCS,2568.8900000000003,63.817392861021474,2420.866961425689,-4.699426575019938,1.0490924667769121,1.0547309278555916,0.9782630352055148,-2.238850611727185,-2.226287237228743,-2.054938607774235,5786267.05,1.623565749527582,5266853.8,1.78368061023452,18295011,0.7861737292881725,7.646789265007674,191.9000000000001,13.599999999999909,178.30000000000018,191.9000000000001,119.17983481008162,-0.9298405550541373,1.1283270536559753,43.190875642438,34.6915947587089,56.754021519122226,3.6632760076201825
2015-07-20,2511.0,2583.9,2490.0,2579.15,3543927,TCS,2564.3775,59.37228104577044,2422.0947026369063,2.7734055906437405,0.9735765659228816,1.0018416920303201,0.965434348525677,0.34675311564921535,0.45630344343100304,0.6408221373146686,5658655.4,0.626284293615052,4747016.0,0.7465588908906142,21838938,0.9657609785735883,3.640734350464304,93.90000000000009,74.34999999999991,19.550000000000182,93.90000000000009,115.80919016873742,0.24881139379859482,0.9057120500782556,51.464222644536896,56.93512304250561,55.28922978587411,6.484275664040284
2015-07-27,2576.0,2600.35,2481.15,2497.05,3835309,TCS,2556.8900000000003,57.8539713416374,2422.7186672594853,-3.1832192776689916,1.0316173084239402,1.0413688152019382,0.9936324863338739,-1.9531505047351385,-2.414205896858275,-2.407155758127698,5541821.1,0.6920665483048524,4663100.4,0.822480468145185,18003629,0.8156674700753589,4.773632886806424,119.19999999999982,21.199999999999818,98.0,119.19999999999982,116.26129814623908,-1.0343283030068051,-0.9264402475797406,42.95060315123892,38.79240710823918,43.47304163648457,3.0680959264905696
2015-08-03,2499.5,2525.0,2472.8,2509.6,5109090,TCS,2554.255,58.78720300236358,2423.671546411274,0.5025930598105743,0.9959754542556583,1.006136436085432,0.9853363085750718,-0.9622023344620587,-1.6303313566476159,-1.737118503086822,5541075.05,0.9220394876261422,5018677.0,1.0180153056273595,23112719,1.0485289961464672,2.0800127510360147,52.19999999999982,27.949999999999818,24.25,52.19999999999982,107.71979172674052,-0.7596040927173353,-3.514033064206079,44.568004522823706,37.24604966139955,44.32452660404812,3.5453836026568872
2015-08-10,2510.4,2589.0,2486.0,2572.1,4081370,TCS,2552.0025,57.089015154535524,2424.9606934944727,2.4904367229837465,0.9760118191361146,1.006570506589946,0.9665254072547724,0.9940663326812179,0.71931898693913,0.6737620832259862,5532594.35,0.7376955080757006,5192816.2,0.7859646563265613,27194089,1.2358004436392738,4.00450993351736,103.0,79.40000000000009,23.59999999999991,103.0,107.09048616317513,0.3520379524081382,-1.7438640053481058,52.33342375559015,60.74910210364292,45.59585295776056,6.067698618796708
2015-08-17,2578.0,2719.35,2542.1,2684.75,5077062,TCS,2558.0325000000003,64.3473617726808,2427.7375027490107,4.379689747676996,0.9602383834621473,1.012887605922339,0.9468665611323214,3.4321849990475397,4.187192859023158,4.437961883382111,5491393.45,0.9245489412163683,4329351.6,1.1727072478936569,32271151,1.4332288151376822,6.602104479001769,177.25,147.25,30.0,177.25,116.44508800808512,1.969272655616453,4.163029350714864,63.087573410820454,86.91129184792892,61.6354812043238,10.586502740101237
2015-08-24,2706.9,2752.85,2569.1,2578.65,7092359,TCS,2559.6,64.4539125430277,2429.9576996965125,-3.9519508334109332,1.0497353266243965,1.0675547282492777,0.9962965117406394,-0.3607679273539993,0.20993244912618134,0.4638408931841508,5694228.2,1.245534732872139,5039038.0,1.407482737776536,25178792,1.1031369932609598,7.125821650863824,183.75,68.09999999999991,115.65000000000009,183.75,125.41907627367378,0.2955600249602057,2.948339188757587,50.665213941359994,41.514184992445905,63.05819298133925,6.1191312228216335
2015-08-31,2587.9,2639.0,2511.95,2564.05,9421476,TCS,2555.0274999999997,60.40942213673076,2432.5280526391302,-0.5661877338917654,1.009301690684659,1.0292310992375342,0.9796805834519606,-0.6214892366559165,-0.3071004376649937,-0.09435214760168817,5935109.7,1.587413961362837,6156271.4,1.5303867207673787,15757316,0.7024551963984907,4.955051578557367,127.05000000000018,60.34999999999991,66.70000000000027,127.05000000000018,125.6365327705173,0.14935584021278922,-1.0592321049585074,49.12923366871785,36.6123887863019,55.012621875558914,5.406800847298654
2015-09-07,2556.0,2620.45,2530.0,2539.75,6602103,TCS,2560.575,52.8260265299821,2433.9492068088853,-0.9477194282482837,1.0063982675460184,1.03177478098238,0.996161039472389,-1.0561484338347387,-1.085850703143992,-0.9643718169320898,5797940.65,1.13869792716833,6454874.0,1.0228089657520814,9155213,0.41284334839623343,3.561374150999107,90.44999999999982,56.399999999999636,34.05000000000018,90.44999999999982,120.94499506778165,-0.39421855793337623,-2.049828377492391,46.426266082452265,28.453919758267592,35.526831179005136,4.346877613351208
2015-09-14,2545.0,2578.5,2523.5,2551.65,4840315,TCS,2563.1475,50.95062231683425,2435.0819420037597,0.46855005413919404,0.9973938431994983,1.0105226030215742,0.9889679227166734,-0.3899053513953052,-0.5266472360942883,-0.45238363877575116,5604105.3,0.8637087886267948,6606663.0,0.7326414257848478,13995528,0.6441719403061411,2.155468030490075,55.0,38.75,16.25,55.0,112.15232905874409,-0.2256596578644955,-3.100672160407092,48.04153831333858,32.44921940574119,32.5051759834369,4.787028148232248
2015-09-21,2551.65,2586.0,2533.2,2551.05,3350425,TCS,2566.6225000000004,47.3342189424706,2435.8493568268427,-0.023514196696250433,1.0002351972717116,1.0137002410772034,0.9930028811665783,-0.2756778554942388,-0.4716778536501715,-0.4363422848991354,5503211.5,0.6088126905535068,6261335.6,0.5350974958122353,10645103,0.49795436642053714,2.0697359910625104,52.80000000000018,34.34999999999991,18.450000000000273,52.80000000000018,104.2386851842449,-0.3289903234471205,1.6536829312028045,47.957417822601755,32.247775726036664,31.05030496334849,4.729382909098624
2015-09-28,2557.5,2619.0,2490.0,2593.7,4015332,TCS,2568.5075,47.63862120446144,2437.0913780769965,1.6718606064169528,0.986043104445387,1.009754404904191,0.960018506380846,0.9154829026079508,1.0118119877656264,1.1139350206008365,5318196.85,0.7550175582537906,5645930.2,0.7111905138324239,14660435,0.7033429560844154,4.973589852334504,129.0,67.94999999999982,61.05000000000018,129.0,107.54019382634559,0.5288251289195652,0.5641393482348711,54.492927763988526,46.56706395836826,37.08801969671538,6.426046365425017
2015-10-05,2583.35,2770.0,2569.85,2711.65,7168001,TCS,2578.07,55.94449410846105,2440.8944681070966,4.547557543277958,0.9526856342079545,1.0215182637877307,0.9477071155938266,3.483607890520341,4.557900725494306,4.963962467263379,5386361.5,1.3307686459588723,5195235.2,1.3797259843019234,21828436,1.041490749432336,7.381114819390411,200.1500000000001,176.30000000000018,23.84999999999991,200.1500000000001,119.88816798283285,2.387723798896544,8.594141086482043,67.51179453217772,81.4761904761905,53.43034338686514,11.092471855322499
2015-10-12,2725.0,2726.0,2587.0,2592.6,6554153,TCS,2577.65,55.79461868032806,2442.791853138448,-4.390315859347638,1.0510684255187843,1.051454138702461,0.997840006171411,-0.6322288214329395,0.15024018986563475,0.5499889772140553,5486326.05,1.1946342489068802,5185645.2,1.26390309155744,15274283,0.7444227961440403,5.361413253104992,139.0,14.349999999999909,124.65000000000009,139.0,122.43641225178848,0.2679469876056498,3.3072999681224013,50.63982319010941,43.682539682539655,57.241931372366146,6.132661146265144
2015-10-19,2602.8,2612.0,2455.85,2488.75,11598510,TCS,2571.2,58.314438042473896,2443.7870174439045,-4.00563141248168,1.0458262179809141,1.04952285283777,0.9867805123053741,-3.22092521478575,-3.4425155314645064,-3.2998521464732313,5774955.7,2.0084154065458892,6537284.2,1.7742092350826661,3675773,0.19138150997939316,6.2742340532395815,156.1500000000001,19.40000000000009,136.75,156.1500000000001,126.93155728488337,-1.4138865565324756,-3.240542747171571,40.46193205464366,10.472704122234628,45.210478093654935,1.8398895744656536
2015-10-26,2496.25,2549.0,2495.6,2536.55,4187400,TCS,2569.155,58.79886299472705,2444.5065778963835,1.920642893018587,0.9841122784884981,1.0049082415091364,0.9838560249157319,-0.8505194400000163,-1.2798803309103042,-1.240450524166277,5640555.05,0.7423737491933529,6704679.2,0.6245488971344072,7863173,0.42623692652155254,2.1052216593404465,53.40000000000009,60.25,6.849999999999909,60.25,118.04068298023225,-0.554517525329086,-5.5200670453487195,46.20419808555774,25.6883654305269,26.614536411767066,3.7653170147255026
2015-11-02,2530.05,2544.9,2485.0,2517.35,4376034,TCS,2569.7825000000003,58.13918706317987,2445.092328551974,-0.7569336303246632,1.0050449877847738,1.010944048304765,0.9871491846584702,-1.0798088162901647,-1.7591561829601805,-1.8449001445903421,5552200.95,0.7881620350934885,6776819.6,0.6457356486219583,3487139,0.19615333112638225,2.3794863646294755,59.90000000000009,8.349999999999909,51.55000000000018,59.90000000000009,110.2885919162013,-0.9018443952961009,-2.377212882709956,44.2272304717924,19.57663536527136,18.579234972677636,2.9552123903156766
2015-11-09,2528.0,2547.8,2468.6,2471.35,3441009,TCS,2563.775,61.865151528814735,2445.2573142685956,-1.827318410232981,1.0229226940740892,1.030934509478625,0.9988872478604811,-1.9741589883230122,-3.1313406439539357,-3.428856467410838,5511507.05,0.6243317787282882,6031421.2,0.5705137953224027,46130,0.0027585507778574996,3.2047261618144045,79.20000000000027,30.450000000000273,48.75,79.20000000000027,106.14344632737449,-1.4939751655979001,-3.6153741151693675,39.54922615975641,4.933948750596847,16.732983182131708,1.067073210624828
2015-11-16,2472.95,2477.0,2356.0,2374.6,3141922,TCS,2552.8599999999997,74.4364133443971,2444.854251817691,-3.9148643453982612,1.041417501895056,1.043123052303546,0.9921671018276763,-4.085975972315914,-6.285680126734924,-7.0060202679080446,5502042.8,0.5710464484209392,5348975.0,0.5873876770783187,-3095792,-0.20176145018251676,5.095595047586962,121.0,5.650000000000091,115.34999999999991,121.0,108.12432015039124,-2.3947956650629996,-6.502608524461073,31.47090442078307,4.492753623188383,9.667779246352202,-2.873555827119702
2015-11-23,2380.5,2423.55,2346.0,2391.05,4236247,TCS,2540.7475,80.14869154626246,2444.4435844748323,0.6927482523372497,0.9955877125112398,1.0135923548231949,0.9811589050835406,-2.2465886099862304,-4.760960138472827,-5.7473513383213275,5553321.45,0.7628312241856627,3876522.4,1.092795697504547,1140455,0.08136589628672242,3.2433449739654203,77.55000000000018,48.95000000000027,28.59999999999991,77.55000000000018,104.04774413033911,-1.8677472721259982,-6.293966649031013,34.11122946357331,10.625000000000043,6.683900791261762,-2.184283769686722
2015-11-30,2380.05,2392.45,2332.5,2364.7,4875593,TCS,2533.505,89.15474557135872,2443.7491727081087,-1.1020263064344227,1.0064913096798749,1.0117351038186662,0.9863830507041063,-2.2572858279154957,-5.0814154881968046,-6.348558964224696,5327381.85,0.9151949564118442,4014161.0,1.2145982684800136,-3735138,-0.2892122340292336,2.535205311455991,59.94999999999982,1.3999999999996362,58.55000000000018,59.94999999999982,98.16804491296054,-1.8933933232403224,-7.304835263910947,31.843623945132364,7.359999999999959,7.4925845410628,-3.2347498503910854
2015-12-07,2362.9,2378.1,2315.25,2319.8,4137172,TCS,2520.5375,100.32737055706023,2442.8400054405815,-1.8987609421913798,1.0185791878610224,1.0251314768514526,0.998038624019312,-2.8243250272356053,-6.09881019482183,-7.706368767771742,5357044.1,0.7722863435079805,3966388.6,1.0430576570334031,-7872310,-0.6887828414291675,2.709285283214066,62.84999999999991,13.400000000000091,49.44999999999982,62.84999999999991,93.45897225789912,-2.000824888416987,-10.560203570189298,28.16269096528498,1.000549752611365,6.328516584203793,-5.036760703384269
2015-12-14,2319.4,2391.95,2317.3,2378.45,6258834,TCS,2514.6074999999996,105.17652864413478,2442.133336788532,2.52823519268901,0.975172906724968,1.0056759654396772,0.974289978767685,-0.19252572002249055,-2.9850244210477053,-4.6295758772255615,5478220.35,1.1424940218039972,4529953.6,1.3816552116560312,-1613476,-0.15442250796037857,3.1385986671992114,74.64999999999964,72.14999999999964,2.5,74.64999999999964,90.9511092901792,-1.2945616455995546,-12.287721497980941,38.821398608893006,13.897746014293528,7.419431922301622,-2.6076928654631604
2015-12-21,2378.45,2450.0,2363.05,2446.4,4412860,TCS,2511.4474999999998,106.27853607507997,2442.1660983689894,2.85690260463749,0.9722244931327664,1.0014715500327012,0.9659295291039895,1.7269149774396548,-0.10676842973030098,-1.5798166761042836,5443408.85,0.8106795064640423,4784141.2,0.9223933440760486,2799384,0.2967717633145896,3.5542020928711495,86.94999999999982,71.55000000000018,15.399999999999636,86.94999999999982,90.41762805148862,-0.6120473841872189,-5.6391267453521525,48.94747253202586,28.840021990104475,14.579439252336462,0.1733666532279805
2015-12-28,2440.0,2466.4,2400.0,2462.7,3479025,TCS,2505.9775,105.8068230749295,2442.289654482242,0.666285153695223,0.990782474519836,1.0015024160474277,0.9745401388719699,1.5849067556769187,0.4764115042750062,-0.8318613270203794,5413291.6,0.6426819866862521,4632696.8,0.750971874524575,6278409,0.7485881543200631,2.696227717545787,66.40000000000009,20.0,46.40000000000009,66.40000000000009,87.21527764462348,-0.40902371645118013,-1.0467101958814728,51.18387962264126,32.424409015942786,25.054059006780268,0.8357053587112199
2016-01-04,2458.35,2465.3,2366.05,2369.6,3568525,TCS,2490.2200000000003,101.14602055287735,2441.843767961169,-3.780403622040851,1.0374535786630654,1.0403865631330182,0.9985018568534775,-1.5211709804170792,-2.9432603652534297,-4.3940212761149535,5337864.75,0.6685304268902654,4371283.2,0.8163563962179343,2709884,0.39222879855965104,4.188470627954085,99.25,2.600000000000364,96.64999999999964,99.25,88.81990729200702,-1.1925333230183026,-6.5817744574323545,39.71751671059699,11.951621770203388,24.405350925416887,-2.9585745373664625
2016-01-11,2385.0,2407.35,2341.0,2362.35,6684300,TCS,2479.4049999999997,102.7442966786909,2440.9407623873635,-0.30595881161377125,1.009587910343514,1.0190488284970474,0.9909623891464009,-1.221824808685231,-2.7935922503939525,-4.3215372042917,5317461.8,1.2570471122143276,4880708.8,1.3695346872569,-3974416,-0.7290798836665127,2.8086439350646564,66.34999999999991,37.75,28.59999999999991,66.34999999999991,85.82391965307274,-1.1392846492108692,-6.15726855621983,38.93380636692872,11.466828971393769,18.614286585846653,-3.2196915057659106
2016-01-18,2362.7,2365.0,2250.0,2277.65,8227034,TCS,2465.085,110.02642637111703,2438.689239234704,-3.5854128304442567,1.0373411191359514,1.0383509318815445,0.9878602946018923,-3.3240043719908985,-5.671049165104939,-7.517573579498735,5257739.7,1.564747300061279,5274348.8,1.5598198587093823,-12201450,-3.0102225742009705,5.049063727965227,115.0,2.650000000000091,112.34999999999991,115.0,89.7140636993297,-1.7035452861822966,-7.837821433629388,30.75362226229049,7.638121546961352,10.35219076285284,-6.603516210422955
2016-01-25,2277.0,2339.0,2243.0,2304.65,4000069,TCS,2453.3300000000004,114.112456536703,2437.7966140867993,1.1854323535222644,0.9880025166511184,1.0149046492959886,0.9732497342329638,-1.4090117972693026,-3.799770698705897,-5.736460926706093,5127638.0,0.7800997262287236,5191790.6,0.77046038798252,-8201381,-2.574590878890935,4.165491506302475,96.0,61.34999999999991,34.65000000000009,96.0,90.55218853941908,-1.3029252415767514,-2.945759285774441,35.72106794253489,20.14705882352944,13.084003113961524,-5.461760563510999
2016-02-01,2302.0,2412.95,2281.9,2402.7,4232332,TCS,2445.8825,112.20251225608884,2437.551049762136,4.254442106176626,0.9580888167478254,1.0042660340450327,0.9497232280351272,1.819542171008519,0.3738146225594054,-1.3030785304749246,5097238.85,0.8303185557019759,5342452.0,0.7922077727605227,-3969049,-1.7352705808244868,5.454280600990542,131.04999999999973,108.29999999999973,22.75,131.04999999999973,95.95189673416317,-0.3848621490884397,0.48723364212373,50.57692125614485,52.39501312335949,26.726731164616766,-1.4297567128096396
2016-02-08,2409.0,2440.0,2347.0,2362.95,3250490,TCS,2436.4775,110.79786891713105,2437.1523127038713,-1.6543888125858386,1.0194883514251254,1.03260754565268,0.9932499629700163,0.11195440001753958,-1.1160996477320593,-2.756616892616322,5092242.1,0.6383219682347782,5278845.0,0.6157578030800298,-7219539,-5.17883285899512,3.9357582682663623,93.0,37.30000000000018,55.69999999999982,93.0,95.55831050294142,-0.6636183594378833,-0.07400515921681672,45.64250417369079,39.353674540682334,37.29858216252376,-3.044631733399894
2016-02-15,2333.6,2333.6,2164.0,2269.15,5497515,TCS,2420.25,110.32491010407611,2435.647209742753,-3.969614253369713,1.028402705859022,1.028402705859022,0.9536610625123945,-2.6780827917879755,-4.53937918702414,-6.420584313894502,5166351.25,1.0641001228865343,5041488.0,1.090454841903819,-12717054,-505.1852675778263,7.474164334662754,169.5999999999999,29.34999999999991,198.94999999999982,198.94999999999982,109.3438691025492,-1.3695909641572173,-2.1833778774032253,36.06272290126049,33.59424920127799,41.78097895510661,-6.835850819312131
2016-02-22,2266.0,2343.0,2243.0,2315.9,3453458,TCS,2400.4625,88.67569220568093,2434.977067743127,2.0602428222021407,0.9784533010924478,1.011701714236366,0.9685219569066021,-0.40357861363781045,-2.0820781611231114,-3.9162945238931863,4980624.1,0.6933785667543151,4086772.8,0.8450330294847808,-9263596,6.056900140905569,4.317975732976381,100.0,73.84999999999991,26.15000000000009,100.0,108.09801988887598,-0.9536153357997985,-2.6298639870503737,42.948880866909896,50.2314814814815,41.05980174114728,-4.890274710204733
2016-02-29,2310.25,2319.9,2115.0,2176.8,4262995,TCS,2379.6725,89.99058499730204,2433.2057768696113,-6.006304244570138,1.0613055861815508,1.0657386990077178,0.9716097023153252,-4.5463211170292155,-7.375919362633895,-9.676942123251495,4866066.2,0.8760659688518007,4139358.0,1.0298686414656573,-13526591,4.555217177058988,9.412899669239254,204.9000000000001,4.0,200.9000000000001,204.9000000000001,121.0049505703592,-2.254374721600956,-11.020274689339438,31.355112313317164,17.586795674445124,33.804175452401545,-10.537776102088845
2016-03-07,2193.0,2391.0,2162.0,2357.55,3844248,TCS,2373.1125,86.32820920154727,2432.740584847973,8.303472987872107,0.9302029649424189,1.0141884583571927,0.9170537210239442,2.312730926159433,0.7340909229927657,-1.1624866122610413,4478353.1,0.8584066316700218,4061741.2,0.9464532107560176,-9682343,2.661901750905436,9.71347373332485,229.0,214.19999999999982,14.800000000000182,229.0,135.4042904943113,-0.18027131738209476,-4.269703983432804,51.13324732624077,69.02390438247016,45.614060512798936,-3.090776933483502
2016-03-14,2342.1,2398.0,2295.15,2355.0,4057436,TCS,2364.035,77.31237406915702,2432.2393181247735,-0.10816313545842782,0.9945222929936305,1.0182590233545648,0.9745859872611465,1.4713032682143392,0.537090466060612,-1.1660234762949913,4471854.9,0.9073272927527232,4223130.4,0.9607650287095089,-13739779,2.912496935761229,4.367303609341822,102.84999999999991,40.44999999999982,62.40000000000009,102.84999999999991,131.06371842840312,-0.11686356949688181,-0.6161377447670424,50.894544177009905,68.2982356289129,51.63631189527607,-3.175646308699756
2016-03-21,2349.05,2454.95,2306.9,2446.25,5651871,TCS,2360.48,71.2918084170065,2432.3640385517615,3.8747346072186772,0.9602657128257538,1.0035564639754726,0.9430352580480328,3.431080005898749,3.6405044622489946,2.39036490705428,4535646.75,1.246100349415439,4254001.6,1.328601051772054,-8087908,1.527092799887015,6.052120592743985,148.04999999999973,99.94999999999982,48.09999999999991,148.04999999999973,133.32855597128267,1.2030835225599321,3.5515482464495207,58.8300668308663,94.26579396698916,77.19597799279074,0.5708833557869182
2016-03-28,2442.0,2517.15,2436.5,2473.4,3775650,TCS,2360.5825,71.4608749688564,2432.6066255033843,1.1098620337250953,0.9873049243955688,1.0176882024743268,0.9850812646559391,2.9940647056494023,4.027048033629799,3.1733218677628896,4552378.8,0.8293795762338583,4318440.0,0.8743087781698947,-4312258,0.7820282240893298,3.260693781838768,80.65000000000009,70.90000000000009,9.75,80.65000000000009,126.30474850844499,1.5787310195847375,8.594384563036472,60.99408605659084,89.12097476066144,83.89500145218784,1.676940861253074
2016-04-04,2478.0,2550.0,2434.1,2471.25,6566508,TCS,2365.415,75.6063978426137,2432.999884192634,-0.08692488073097637,1.002731411229135,1.031866464339909,0.9849671219018715,1.939779367513936,3.3801866399756935,2.831658654020303,4723608.1,1.3901466550537926,4779142.6,1.373992899897986,-10878766,1.8428135189295443,4.689934243803746,115.90000000000009,76.59999999999991,39.30000000000018,115.90000000000009,124.91744870731901,1.399815399489231,7.228863384895745,60.702541885518976,81.89655172413794,88.42777348392951,1.5721380036176575
2016-04-11,2470.8,2517.0,2413.0,2506.65,4723017,TCS,2371.195,81.83173509354297,2433.5350575162693,1.4324734446130583,0.9856980432050746,1.0041290168152714,0.9626393792511918,2.2164189288409633,4.066880235957458,3.8535861586920372,4747946.6,0.9947493933482741,4954896.4,0.9532019680572937,-6155749,0.9820669277184425,4.148963756407955,104.0,45.75,58.25,104.0,122.12845554634313,1.6552869109418182,4.326382819328267,63.97402778858181,90.03448275862071,87.01733641447338,3.004474591722294
2016-04-18,2498.0,2553.5,2440.0,2519.75,5013300,TCS,2378.9475,88.27487047046674,2434.194946496085,0.5226098577783,0.9913681912888184,1.013394185931144,0.9683500347256673,1.8165258479291382,3.913396854040309,3.990657445895413,4754831.95,1.0543590294500313,5146069.2,0.974199880561264,-1142449,0.1861114170343794,4.504415120547673,113.5,46.84999999999991,66.65000000000009,113.5,120.97799480683071,1.5950462373899115,6.635773080259844,65.21066596387273,92.30330672748005,88.07811373674623,3.514716585336266
2016-04-25,2534.9,2534.9,2402.3,2451.25,6581264,TCS,2385.52,88.53244186825883,2434.3646086909134,-2.7185236630618115,1.034125446200918,1.034125446200918,0.9800305966343703,-0.6181360515874484,1.0527975719564704,1.1987098450533558,4877036.55,1.3494391384046527,5331947.8,1.234307657700625,-7723713,1.259761393239573,5.409484956654764,132.5999999999999,15.150000000000091,117.44999999999982,132.5999999999999,122.52759549925328,0.7424397047334342,8.025031399422677,54.02228871093506,76.68187001140251,86.33988649916778,0.6936262238123294
2016-05-02,2449.0,2542.0,2442.0,2526.7,6442326,TCS,2392.9325,93.94981201487477,2435.2550902204557,3.0780214176440612,0.9692484268017573,1.0060553290853684,0.9664780148019156,1.590953682285518,3.434972792832515,3.803271480078,4886211.15,1.318470651846472,5865283.0,1.0983828060811387,-1281387,0.20956572231470158,3.957731428345273,100.0,90.75,9.25,100.0,119.52391609935285,1.4238187084272287,9.10229284511419,62.25315743813534,93.88825541619153,87.6244773850247,3.755044395421668
2016-05-09,2525.0,2530.0,2431.0,2512.55,3735725,TCS,2396.2400000000002,97.04463378964931,2435.6849411664175,-0.5600189971108449,1.0049551252711388,1.0069451354201906,0.9675429344689658,0.6911604197676485,2.4781240762173717,2.9897244677002925,4852354.4,0.7698788447933645,5299126.4,0.7049699739187198,-5017112,0.7712330676942822,3.9402200951224846,99.0,3.300000000000182,95.69999999999982,99.0,116.78739395277248,1.1985206750546311,15.42401690554942,59.931497752212984,90.66134549600916,87.07715697453442,3.1557882357630787
2016-05-16,2515.0,2569.9,2490.0,2551.15,3501794,TCS,2400.6625,102.11566310470943,2436.2837320759104,1.536287835067962,0.9858299198400721,1.0073496266389668,0.9760304176547832,1.462497334584312,3.388861823446547,4.08607080220437,4853492.85,0.721499775156772,5054881.8,0.692754873120871,-1515318,0.2197705998117157,3.1319208984183637,79.90000000000009,57.34999999999991,22.550000000000182,79.90000000000009,111.8690747590695,1.4736965459029558,8.211914911666774,64.14085580507995,95.878214992306,93.47593863483557,4.714814880211607
2016-05-23,2564.2,2591.25,2480.2,2491.45,3530082,TCS,2406.755,103.78613752377522,2436.5706303470365,-2.3401211218470164,1.0291998635332837,1.0400569949226355,0.9954845571855747,-0.5991022429710364,0.9204604917568897,1.6388038691484907,4851570.7,0.7276163160932603,4758238.2,0.7418884577909529,-5045400,0.6927865247404937,4.457243773706082,111.05000000000018,40.09999999999991,70.95000000000027,111.05000000000018,111.75986479119359,0.8160531070982179,5.794055201698511,54.01440436292097,79.04461942257214,88.52805997029577,2.252320083376649
2016-05-30,2484.0,2641.95,2459.6,2636.4,3642612,TCS,2420.4575,115.09024751197272,2437.63726920715,5.817897208452916,0.9421939007737824,1.0021051433773327,0.932938856015779,3.2879094514615543,5.458183656995813,6.459502127196518,4699486.3,0.775108547502309,4170507.8,0.8734216969933494,-1402788,0.19607945367335172,6.91662873615536,182.3499999999999,150.5,31.84999999999991,182.3499999999999,121.17188281903444,1.8762884316287167,7.773122125702603,68.1164248914082,98.94676914318251,91.28986785268688,8.153909250718765
2016-06-06,2640.0,2658.0,2562.0,2612.5,4960127,TCS,2437.2,117.55170195100398,2438.8990677427128,-0.9065392201486944,1.0105263157894737,1.0174162679425838,0.9806698564593301,1.6021038539925314,3.9371008809198837,5.136782950224879,4536140.95,1.0934684470067007,3874068.0,1.2803407167865923,-6362915,0.9272338658077361,3.674641148325359,96.0,21.59999999999991,74.40000000000009,96.0,117.81563177649652,1.4912587150211225,5.623837632408835,64.36140182524935,90.82661290322581,89.60600048966016,7.118003961433346
2016-06-13,2614.0,2639.0,2518.0,2547.0,3064704,TCS,2449.3175,115.64453507805625,2439.3788961364808,-2.5071770334928245,1.0263054574008637,1.0361209265802906,0.9886140557518649,-0.6188990135962721,1.2571684507498637,2.472461066355438,4489372.7,0.6826575124849847,3739863.8,0.8194694149022219,-9427619,1.3616708665612398,4.75068708284256,121.0,26.5,94.5,121.0,118.240214206297,0.8446789114078536,3.0652503793626718,54.807288549569996,69.40884663083918,86.39407622574917,4.411824011184605
2016-06-20,2558.95,2668.0,2516.45,2659.3,3572655,TCS,2462.1475,124.12362097076237,2440.5109954870295,4.409108755398505,0.9622645056969878,1.0032715376226826,0.9462828563907794,2.420101583717598,4.651710077537025,6.041719678614679,4456388.85,0.801692832527395,3754036.0,0.951683734519328,-5854964,0.8342944997040694,5.698868123190319,151.55000000000018,121.0,30.550000000000182,151.55000000000018,122.68151897879076,1.5883560152216305,6.089801128996863,65.06612335861774,97.59069509831076,85.94205154412525,8.964885014554463
2016-06-27,2663.5,2677.7,2482.65,2495.85,6112784,TCS,2468.7925000000005,122.07404706613117,2440.994152771434,-6.146354303764157,1.0671715046977983,1.0728609491756316,0.9947112206262396,-2.6468534723427073,-1.3650227574822846,-0.10219642757844653,4599503.55,1.3290095188642697,4270576.4,1.431372121102903,-11967748,1.6495241801967517,7.814972854939188,195.04999999999973,18.399999999999636,176.6500000000001,195.04999999999973,132.33064978161863,0.22164825898941137,-0.9485067963091565,47.10750814258755,33.96877269426284,66.9894381411376,2.2472748312929838
2016-07-04,2495.85,2564.6,2458.4,2494.2,8116690,TCS,2480.045,112.71655753306176,2441.603901118679,-0.06610974217200472,1.0006615347606447,1.0282254831208404,0.9856467003448001,-1.809838622656991,-1.227496494471346,-0.15438271762114975,4730462.3,1.7158344122095637,5165392.0,1.571359927765405,-20084438,2.6344938374959512,4.257878277604035,106.19999999999982,68.75,37.44999999999982,106.19999999999982,128.84656314406945,0.1255804853324041,1.7521672616012118,46.95654844900926,33.369644153957786,54.976370648843805,2.1541618137660516
2016-07-11,2494.2,2497.05,2403.5,2464.15,4438268,TCS,2487.4575,106.03018224096097,2441.7443066509577,-1.204795124689273,1.0121948745003346,1.0133514599354747,0.9753870503013209,-2.034264551706426,-2.1102455230324284,-1.2611067750609326,4779702.8,0.9285656840421125,5061020.2,0.8769512518444403,-24522706,2.924035147006667,3.796440963415384,93.55000000000018,2.850000000000364,90.69999999999982,93.55000000000018,124.14035472486022,-0.2198194844844459,-2.4755610084299606,43.99395333380978,22.458242556281768,29.932219801500803,0.9176101399320368
2016-07-18,2471.7,2529.0,2426.55,2433.45,8601520,TCS,2500.29,78.37858797293022,2441.6453956902064,-1.2458657143436969,1.0157184244591013,1.0392652407076375,0.9971645195093387,-2.2143412288691473,-2.912958323924715,-2.3270500338144977,4996629.05,1.7214645942147737,6168383.4,1.3944528804743233,-33124226,3.5364649767602643,4.2100721198298645,102.44999999999982,64.84999999999991,37.59999999999991,102.44999999999982,121.24830742821217,-0.8527839264351741,-3.148196055799901,40.94847395529042,11.310820624545997,22.37956911159519,-0.33565052913385657
2016-07-25,2427.5,2563.2,2427.5,2558.95,5455654,TCS,2510.36,71.73014047546799,2442.525995287222,5.157286979391396,0.9486312745462007,1.0016608374528615,0.9486312745462007,1.8657421563814198,1.829364689192968,2.467146064054757,5077199.35,1.0745400414502142,6544983.2,0.8335627202221084,-27668572,2.695220726177377,5.302956290666087,135.69999999999982,129.75,5.949999999999818,135.69999999999982,123.17519977111719,0.677400039619575,0.30574446818101286,55.48403306663592,56.88090050835143,30.216654563059734,4.7665410700813124
2016-08-01,2558.95,2725.0,2533.0,2708.25,7571834,TCS,2528.0225,74.88359119501393,2445.2659731835074,5.834424275581784,0.944872149912305,1.0061848056863287,0.935290316625127,4.850448540834415,6.2068292191036525,7.190262396588901,5252919.25,1.4414525789635926,6836793.2,1.1075125103974184,-20096738,1.8988495894138941,7.089448906120188,192.0,166.05000000000018,25.949999999999818,192.0,132.3518398016349,2.406768921253342,8.701760019265903,66.72652848517197,94.7900466562986,54.32725592973202,10.754822980426624
2016-08-08,2702.9,2715.7,2629.05,2649.5,5107504,TCS,2538.1850000000004,76.96479218994179,2446.676696206795,-2.169297516846669,1.0201547461785243,1.0249858463861106,0.9922815625589735,1.827068569092221,3.537479923210566,4.70460808615403,5225700.9,0.9773816178419242,6234956.0,0.8191724207837232,-25204242,2.2032728935679926,3.270428382713706,86.64999999999964,7.449999999999818,79.19999999999982,86.64999999999964,126.25826116141687,1.4463106679387214,0.496889698073133,59.86223553961306,76.51632970451011,76.06242562305339,8.289746827100291
2016-08-15,2658.0,2744.8,2578.85,2738.45,4442244,TCS,2551.4375,87.34215970446881,2448.419111207751,3.3572372145687757,0.9706220672278114,1.0023188299950703,0.9417188555569757,3.343939862284577,5.71779752045751,7.149982969895261,5259030.6,0.8446887530945343,6235751.2,0.7123831367742831,-20761998,1.693206290057275,6.059997443809465,165.95000000000027,95.30000000000018,70.65000000000009,165.95000000000027,131.5504930065613,2.1411481080016324,4.821052631578948,65.97671523305816,98.1394667447992,89.81528103520264,11.84563898658604
2016-08-22,2738.0,2740.0,2536.3,2548.7,5502951,TCS,2555.31,85.29266581661109,2449.155515795236,-6.929102229363327,1.074273158865304,1.0750578726409543,0.9951347745909681,-2.568051133029074,-1.1155594325745275,0.2175481455580755,5205852.75,1.0570700448644077,5616037.4,0.9798636668623324,-26264949,2.015535414938713,7.992309804998621,203.69999999999982,1.550000000000182,202.14999999999964,203.69999999999982,141.17042727235312,-0.07749787085108088,0.06674519042009219,47.98430710472851,42.54321711104592,72.39967118678508,4.064441133393759
2016-08-29,2544.95,2604.95,2466.75,2500.55,3649492,TCS,2555.005,85.48651463365061,2449.4045974157357,-1.889198414878157,1.0177560936593948,1.0417508148207393,0.9864829737457759,-3.028718194730809,-2.6251000754014644,-1.5618525742862166,5152176.5,0.7083398637449629,5254805.0,0.6945056952636682,-29914441,2.103808240811307,5.526784107496343,138.19999999999982,56.25,81.94999999999982,138.19999999999982,140.77437030270602,-0.6370010548840934,-5.969616064377847,44.43619084974457,28.435394081453303,56.37269264576616,2.0880748994358007
2016-09-05,2510.0,2550.0,2487.05,2514.8,3881880,TCS,2554.7575,85.60104566963932,2449.739986566088,0.5698746275819344,0.998091299506919,1.0139971369492604,0.9889653252743758,-1.6299404278230538,-1.7516396624139932,-0.9041605363231466,5095605.5,0.7618093669142951,4516814.2,0.8594287540098505,-26032561,1.6834635235146873,2.503181167488461,62.94999999999982,49.44999999999982,13.5,62.94999999999982,130.39778759567852,-0.46678752213154295,0.7592603722178959,45.80463549474609,32.610606504541494,34.52973923234691,2.655792606182241
2016-09-12,2519.9,2520.15,2284.75,2359.05,8940757,TCS,2550.1475,93.57963745415697,2448.681236706446,-6.19333545411166,1.0681842267014263,1.0682902015641889,0.9685042707869692,-5.559857905481573,-7.259589395139818,-6.935581840295887,5213580.15,1.7148977751881305,5283464.8,1.6922147375714514,-34973318,2.0785071019124253,9.978593077721968,235.4000000000001,5.349999999999909,230.05000000000018,235.4000000000001,144.3980825829214,-2.0420842097578675,-5.41857108491699,34.94946110441688,16.15041843277908,25.732139672924635,-3.6603881045375473
2016-09-19,2362.0,2427.0,2310.0,2411.45,6024686,TCS,2544.385,98.51767287355032,2448.390634767579,2.2212331235030858,0.9794936656368576,1.0064484024134857,0.957929876215555,-2.17738505655004,-4.224749553506805,-4.227581874800451,5192698.15,1.1602226484125597,5599953.2,1.075845776711134,-28948632,1.5897513688467897,4.85185261979307,117.0,67.94999999999982,49.05000000000018,117.0,140.74500490519856,-1.34935180787944,-2.1386685063815247,40.429801786569826,27.54048472992061,25.433836555747074,-1.5087720988234263
2016-09-26,2411.0,2428.0,2371.1,2401.1,4637174,TCS,2538.8125,103.44206982272415,2448.1082223110843,-0.42920234713553773,1.0041231102411394,1.0112031985340053,0.9875057265420015,-1.7452154414275636,-4.006296748801072,-4.287119286711045,5237770.6,0.8853335424808411,5426797.8,0.8544954448090917,-33585806,1.7102484521445382,2.3697471992003702,56.90000000000009,16.550000000000182,40.34999999999991,56.90000000000009,129.56567091783876,-1.3313007003437534,-1.3293883169984921,39.66815153232639,25.290729268557737,22.993877477085817,-1.9201856307932048
2016-10-03,2401.1,2457.65,2401.1,2411.7,5684161,TCS,2531.8399999999997,107.19829952499914,2447.843644375294,0.44146432884928366,0.9956047601277108,1.019052950201103,0.9956047601277108,-0.8653472091365088,-3.042140679738519,-3.5096896833679025,5346888.95,1.063078184932193,5833731.6,0.9743610761934951,-27901645,1.331357788024196,2.344819007339229,56.55000000000018,56.55000000000018,0.0,56.55000000000018,119.83024812879361,-1.1207267329085073,-5.754313292561397,40.982019563452155,27.594826649277206,26.80868021591853,-1.476550369479102
2016-10-10,2420.0,2425.05,2355.05,2380.3,4121649,TCS,2526.2825000000003,112.16842044912384,2447.489597453721,-1.3019861508479336,1.0166785699281602,1.0188001512414402,0.9893920934336008,-1.4639493241116615,-3.772656751787107,-4.468887139686935,5376467.3,0.7666091450049366,5881685.4,0.7007598536297096,-32023294,1.4356242978403295,2.9408057807839345,70.0,13.350000000000364,56.649999999999636,70.0,113.18621504495447,-1.301458105726052,-12.109295670636012,38.1428584396328,20.76948157808937,24.551679165308116,-2.745245476165563
2016-10-17,2363.3,2387.0,2291.0,2362.45,7821447,TCS,2512.585,114.71156746608027,2446.652039158358,-0.7499054740999211,1.000359795974518,1.010391754322843,0.9697559736714005,-1.4870547034316268,-3.9057715022040465,-4.8200389653596,5585409.05,1.4003355761383314,5657823.4,1.3824127136948106,-39844741,1.6445552414246831,4.063578065144236,96.0,6.699999999999818,89.30000000000018,96.0,110.89471970562721,-1.3088043631205242,-10.83411964521609,36.48492671921268,16.889468536028645,21.75125892113175,-3.4415208133692587
2016-10-24,2376.0,2434.9,2354.8,2427.7,3946197,TCS,2503.3450000000003,113.67799270885523,2446.558328561939,2.7619632161527186,0.978704123244223,1.002965770070437,0.9699715780368251,0.8270949501937235,-0.9540564150837529,-1.8358635605323117,5534712.55,0.7129904153739656,5242125.6,0.7527856638917618,-35898544,1.3965555908797735,3.299419203361203,80.09999999999991,72.45000000000027,7.649999999999636,80.09999999999991,106.78875707821024,-0.6654322283270567,-11.34766017272545,46.32533177821048,31.072709488099065,22.910553200739034,-0.7708105031374426
2016-10-31,2405.0,2429.5,2365.5,2391.05,3994326,TCS,2495.5474999999997,115.85367867202507,2446.281897105009,-1.5096593483543974,1.0058342569164174,1.016080801321595,0.9893143179774575,-0.46201782742998093,-2.144125357562165,-3.113736141895352,5581193.65,0.7156759378883045,5113556.0,0.7811249158120103,-39892870,1.4651240907461516,2.676648334413751,64.0,1.800000000000182,62.19999999999982,64.0,101.0835894677822,-0.9019782642882299,-6.185506336563728,42.098241731869976,23.106184110422813,23.689454044850184,-2.2577895528054968
2016-11-07,2399.7,2399.7,2260.05,2277.05,4977483,TCS,2476.435,118.9072937207751,2445.2381602699706,-4.767779845674491,1.0538635515249992,1.0538635515249992,0.9925341999516919,-3.6610842175260387,-6.221098452395743,-7.5864271324325925,5651435.05,0.8807467405999827,4972220.4,1.001058400387883,-44870353,1.537757048231019,6.13293515733074,139.64999999999964,8.649999999999636,131.0,139.64999999999964,106.22577753874452,-1.6768105114578338,-8.938033632600828,31.71259544419071,3.5069623517276947,19.228618650083202,-6.878191376311637
2016-11-14,2280.45,2307.0,2086.2,2101.15,5502355,TCS,2456.7,145.33308928837886,2442.9081038859067,-7.724907226455291,1.085334221735716,1.097970159198534,0.9928848487732906,-8.226121193161736,-12.954437426182702,-15.21037736957389,5620913.6,0.9789075925308655,5248361.6,1.048394798102326,-50372708,1.619735642549394,10.50853104252434,220.80000000000018,29.949999999999818,190.85000000000036,220.80000000000018,121.50234053357862,-2.4464490622262596,-16.448624145061242,22.034627523165426,2.2699665958093327,9.62770435265329,-13.989805975193084
2016-11-21,2116.9,2208.9,2051.9,2132.9,8374435,TCS,2438.6349999999998,161.9333416303682,2439.7456544686383,1.511077267210803,0.9924984762529889,1.0356322377983027,0.9620235360307563,-4.4100565880606535,-9.66258529220061,-12.370760018084994,5633800.85,1.4864627314613013,5358959.2,1.5626980328568278,-41998273,1.3044955041563502,7.360870176754652,157.0,107.75,49.25,157.0,126.23536179576814,-1.8880299567823133,-9.586486085500523,26.693901955419207,11.77154483359977,5.849491260378941,-12.576952597768532
2016-11-28,2132.0,2319.45,2122.05,2282.6,5910673,TCS,2429.5575,165.47755792744272,2438.6222953345045,7.01861315579726,0.9340226058004031,1.0161438710242705,0.9296635415753965,1.6249862155218942,-2.117633339075013,-4.58437507185915,5707421.1,1.0356118632984694,5751854.4,1.0276117211868228,-36087600,1.101128873888225,8.648032944887394,197.39999999999964,186.54999999999973,10.849999999999909,197.39999999999964,135.72398022299902,-0.8880811503420708,-5.343258205643908,44.6796163883506,41.714130729590444,18.58521405299986,-6.397968870907215
2016-12-05,2275.0,2294.75,2170.0,2186.0,5129369,TCS,2417.1850000000004,174.19244507455306,2437.064791703763,-4.232016121966176,1.0407136322049406,1.0497483989021044,0.9926806953339433,-1.8148235634186383,-5.683064903844985,-8.43882433399216,5533813.55,0.9269139543019118,5978863.0,0.857917132404606,-41216969,1.2423014483367425,5.706770356816103,124.75,12.150000000000091,112.59999999999991,124.75,134.26078285993248,-1.3271815542921792,-8.958394069384855,37.77828258391277,26.922304758080696,26.802660107090308,-10.301933397849576
2016-12-12,2190.0,2219.9,2145.65,2208.2,4899586,TCS,2399.6475,176.8054666002592,2435.724862987471,1.0155535224153578,0.9917579929354225,1.0052984331129429,0.9716737614346528,-0.5274897532328479,-3.9605030133677803,-6.736254639343328,5506010.15,0.8898614180723949,5963283.6,0.8216255218852916,-36317383,1.0805415441445858,3.362467167829001,74.25,33.90000000000009,40.34999999999991,74.25,126.25934514527482,-1.082814370399787,-8.438031264253432,40.226532797917955,33.37960491190597,34.00534679985905,-9.341156156217375
2016-12-19,2218.0,2297.7,2183.0,2288.9,5817375,TCS,2378.68,162.5746908508875,2434.711274916382,3.654560275337393,0.9690244222115426,1.0038446415308662,0.9537332343046878,2.0112127009804373,-0.25299092669043655,-2.7252891651221396,5418287.2,1.0736557117164258,6026287.6,0.9653331181870577,-30500008,0.8936286615115488,5.011140722617843,114.69999999999982,89.5,25.199999999999818,114.69999999999982,124.71809912590483,-0.5522384790037547,-3.8398521194807467,48.69394825037395,58.41035120147874,39.57075362382181,-5.988852822862528
2016-12-26,2292.0,2345.0,2266.0,2293.1,4421162,TCS,2360.8599999999997,150.40462758837728,2433.9721863061004,0.1834942548822438,0.9995203000305264,1.022633116741529,0.9881819371156949,1.4604581138412644,-0.05945947112210181,-2.3257111214269144,5383970.1,0.8211713508587279,5235633.0,0.8444369572886411,-26078846,0.7631139916017958,3.445117962583402,79.0,56.09999999999991,22.90000000000009,79.0,118.62235257578419,-0.4505180531109936,-2.9355118626849253,49.126716955853546,59.44547134935301,50.41180915424591,-5.787748401508816
2017-01-02,2281.5,2378.6,2281.5,2361.35,3418753,TCS,2342.005,121.42255480670762,2433.6802755534413,2.9763202651432508,0.9661845977936351,1.0073051432443305,0.9661845977936351,2.8723615730689156,2.427904190437032,0.5791542303490059,5332795.55,0.6410808304848664,4737249.0,0.7216747525831976,-22660093,0.6612388073790574,4.112054545069554,97.09999999999991,85.5,11.599999999999909,97.09999999999991,115.75270556567963,0.15931965877999418,-2.7330395024096843,56.07393355924673,76.2661737523105,64.70733210104741,-2.9720533251637935
2017-01-09,2361.25,2389.95,2257.0,2303.7,4988134,TCS,2329.755,111.41872173306425,2432.9224155015777,-2.4414000465835306,1.0249815514172853,1.0374397708034901,0.9797282632287191,0.2944975475875771,-0.011857362346857034,-1.7497777394271206,5307054.7,0.9399062723058046,4709002.0,1.0592762542891254,-27648227,0.8051713229637857,5.771150757477095,132.94999999999982,28.59999999999991,104.34999999999991,132.94999999999982,118.04567815692234,-0.2338475939656046,-3.653206750172533,49.487354955122974,65.74412532637068,67.1519234760114,-5.311407165235766
2017-01-16,2304.0,2360.0,2228.0,2258.55,9817986,TCS,2317.6549999999997,104.84061072834868,2430.943997752554,-1.9598906107565983,1.0201235305837815,1.044918199729915,0.986473622456886,-1.1324569597374443,-1.7238553707866016,-3.468508289296987,5615479.4,1.7483789540746957,5692682.0,1.7246679157557019,-37466213,1.0792233088372216,5.844457727302915,132.0,56.30000000000018,75.69999999999982,132.0,119.90625440266604,-0.5637605465037385,-0.8124547111394098,44.73852253912778,53.95561357702352,65.3219708852349,-7.091648261413458
2017-01-23,2254.9,2313.5,2252.8,2306.7,6376999,TCS,2307.25,94.01234521396624,2430.0350879150037,2.1318987846184356,0.9775436771144926,1.0029479342784064,0.9766332856461614,0.6523863336035487,0.34245079327049194,-1.19965005436008,5740235.35,1.1109298854793472,5804606.8,1.0986099868125434,-31089214,0.8890573924176502,2.631464863224512,60.69999999999982,54.94999999999982,5.75,60.69999999999982,112.0120871489772,-0.00585029549840945,9.782738024415183,50.57469844389632,66.52741514360306,62.07571801566576,-5.075444734455532
2017-01-30,2304.0,2378.75,2290.0,2332.9,5921950,TCS,2305.9425,93.43407227473541,2429.3796530980408,1.1358217366801204,0.9876119850829439,1.0196536499635647,0.9816108705902524,1.1787502123889673,1.2528604783146815,-0.057852193418624014,5589295.0,1.0595164506435963,6104764.4,0.9700538156722313,-25167264,0.7299421977955458,3.8042779373312188,88.75,72.05000000000018,16.699999999999818,88.75,108.91047552911357,0.2885189454306734,9.376904683763886,53.64814660316776,74.41737288135594,64.96680053399417,-3.9713699328553287
2017-02-06,2320.0,2332.05,2153.0,2240.75,10051360,TCS,2297.4075,91.05518753827234,2427.24376848762,-3.9500192892965913,1.0353676224478412,1.0407452861765034,0.9608390047975008,-1.923490982786355,-2.406924386977455,-3.8249692142619454,5790628.7,1.7357977036241332,7431285.8,1.3525734671649958,-35218624,1.0122640567513728,7.990628137900265,179.05000000000018,0.849999999999909,179.9000000000001,179.9000000000001,118.3757454585651,-0.6222325331677068,-1.8334355559449733,42.83767955757337,54.298447383553786,65.08107846950428,-7.683355537207599
2017-02-13,2244.0,2429.0,2226.0,2414.25,8831198,TCS,2298.0649999999996,91.88702602995674,2427.1157718794566,7.742943210978459,0.9294812053432743,1.0061095578336958,0.9220254737496116,3.60082498507375,4.245039428351402,3.333374842586324,6000329.9,1.4717854096655585,8199898.6,1.0769886837381135,-26387426,0.7663631126900583,8.408408408408409,203.0,188.25,14.75,203.0,129.6589793974231,1.2644331307677985,10.441445562671547,60.242257529451905,96.08857067090956,74.93479697860644,-0.5300848038861317
2017-02-20,2419.65,2555.0,2375.1,2502.2,7415626,TCS,2302.59,99.67577914100691,2427.7317463353165,3.642953298125695,0.9670090320517946,1.021101430740948,0.9492046998641196,4.659444147873681,6.523488966245925,6.170190310888245,6086903.15,1.218292096531879,7719426.6,0.9606446675715525,-18971800,0.558231817680602,7.189673087682843,179.9000000000001,140.75,39.15000000000009,179.9000000000001,136.35778214443337,2.002592823654985,13.314011412009785,66.25235352928341,89.50506857483597,79.96402887643312,3.067400415103267
2017-02-27,2514.0,2525.9,2400.15,2489.85,8499926,TCS,2308.0675,106.91791277595532,2428.310422796027,-0.4935656622172435,1.0096993794806917,1.0144787838624818,0.9639737333574312,2.791027879004628,5.194142191471264,5.229383033614822,6305817.0,1.347949996011619,8144012.0,1.043702538748715,-27471726,0.8137855172288172,5.05050505050505,125.75,23.700000000000273,102.04999999999973,125.75,134.94341119184224,1.7002062169032608,8.77932631394993,64.6684413188853,84.9520729876429,90.18190407779616,2.534254954649265
2017-03-06,2489.5,2510.0,2450.0,2472.5,3722404,TCS,2313.57,112.54762781291377,2428.4899691593623,-0.696829126252585,1.0068756319514662,1.0151668351870575,0.9908998988877654,1.4059294275806231,3.8818899097274775,4.1839963872162,6100864.85,0.610143658566703,7704102.8,0.4831716419983389,-31194130,0.9360462985162264,2.4266936299292214,60.0,20.15000000000009,39.84999999999991,60.0,124.95095636626328,1.4121132811807173,7.823470411233702,62.25581453896405,79.84609747160133,84.7677463446934,1.8122385268024
2017-03-13,2482.9,2549.55,2475.05,2542.25,2666535,TCS,2319.2974999999997,121.24034467795758,2428.820116675558,2.8210313447927238,0.9766545383026847,1.0028714721211527,0.9735667223915824,2.7406589988377985,5.587729475341423,6.245099214649525,6036881.75,0.44170734336480916,6227137.8,0.4282119788645114,-28527595,0.865603996248903,2.9304749729570263,74.5,77.05000000000018,2.550000000000182,77.05000000000018,118.56416218409487,1.838929941944769,7.660871958837112,67.82409565297993,96.88530597288384,87.22782547737603,4.670164025143983
2017-03-20,2556.8,2587.15,2466.0,2480.0,7038650,TCS,2323.745,125.56534669036702,2429.209202534269,-2.4486183498869107,1.030967741935484,1.0432056451612903,0.9943548387096774,0.19958073650413202,2.7582045824954093,3.5674609631340926,6189097.95,1.1372658918736291,5868628.2,1.1993688746545572,-35566245,1.0863061694913025,4.885080645161294,121.15000000000009,44.90000000000009,76.25,121.15000000000009,118.90894055954891,1.244411807226647,7.652906194382947,58.87918627852133,75.319590003455,84.01699781598006,2.0908366975040087
2017-03-27,2482.0,2496.0,2406.0,2412.05,7582069,TCS,2330.495,126.54780030943358,2429.0698228256883,-2.7399193548387046,1.0290002280218071,1.0348044194772081,0.9974917601210588,-1.7412684296123648,0.01611457873899257,0.7799498032205907,6319327.25,1.1998221804385902,5901916.8,1.2846790723989874,-43148314,1.321361609069622,3.731265935614933,90.0,16.0,74.0,90.0,115.05441515160906,0.6444600364493315,6.796395917734821,50.49206243598544,59.66831740181968,77.29107112605286,-0.7006724411852984
2017-04-03,2410.0,2465.0,2408.2,2411.7,4460470,TCS,2346.0225,115.4956429743175,2428.987215154434,-0.01451047863851862,0.9992951030393499,1.0221005929427376,0.9985487415516026,-1.1706891447655359,0.0013751424830070371,0.7017545421431756,6267233.0,0.7117128085073589,5094025.6,0.8756277157303647,-47608784,1.4641541836235925,2.355185139113496,56.80000000000018,52.94999999999982,3.850000000000364,56.80000000000018,107.28715979806121,0.5686578152095688,4.55195734165692,50.44935206543761,59.587700103650754,64.85853583630849,-0.7117046580805158
2017-04-10,2419.9,2449.0,2392.15,2422.25,4723274,TCS,2360.4900000000002,105.0435719118423,2428.9534564090836,0.43745076087406964,0.9990298276395914,1.0110434513365671,0.9875735370007225,-0.48669653158042436,0.3744982431775431,1.0397232504955494,6084674.95,0.7762574071438277,5294199.6,0.8921601671383905,-42885510,1.3170983307983446,2.3469914335844737,56.84999999999991,37.30000000000018,19.549999999999727,56.84999999999991,100.5622051583197,0.5879464956868734,3.829996999442753,51.86546956723441,62.01773580559713,60.42458443702253,-0.2759812622755598
2017-04-17,2417.3,2443.1,2295.15,2314.85,3689838,TCS,2362.1025,104.02758803493813,2428.508546439524,-4.433894106718961,1.0442577272825455,1.0554031578720005,0.9914897293561139,-3.432591218616236,-3.6409165532341947,-3.2556765348855805,5973633.2,0.6176874067192475,5498860.2,0.6710186958380938,-46575348,1.4077487616403235,6.391342851588648,147.94999999999982,20.84999999999991,127.09999999999991,147.94999999999982,106.88057780387706,-0.4542304680190229,3.3069284837665913,38.83021591714516,37.27974202464583,52.96172597796458,-4.680178976769941
2017-04-24,2330.0,2348.7,2252.8,2328.1,5893724,TCS,2369.2074999999995,95.9022258056197,2427.8870622716736,0.5723912996522529,1.0008161161462137,1.0088484171642111,0.9676560285211118,-1.8959477062594026,-2.615195352404177,-2.445679276898857,6011850.95,0.9803509849158851,5269875.0,1.1183802272349914,-40681624,1.230605446989798,4.119238864309937,95.89999999999964,33.84999999999991,62.04999999999973,95.89999999999964,105.41650076336008,-0.42863968645856804,-3.5683959821890876,40.9430795719317,40.33168259818032,46.543053476141104,-4.110037234528819
2017-05-01,2328.0,2344.45,2268.0,2273.15,6824922,TCS,2372.455,91.14482532875304,2426.785878164666,-2.3602938018126296,1.0241295119107845,1.0313661658931437,0.99773442139762,-2.9060865186906755,-4.367797851288369,-4.511971096277198,6108117.75,1.1173527229398943,5118445.6,1.3333973892386393,-47506546,1.4131418483190041,3.363174449552375,76.44999999999982,16.34999999999991,60.09999999999991,76.44999999999982,101.55430066157872,-1.0895297636680263,-9.153944528814629,35.135669614031485,27.67476678567317,35.09539713616645,-6.3308378191510615
2017-05-08,2294.0,2350.0,2268.5,2342.45,5679783,TCS,2375.1324999999997,89.32957498557599,2426.289345848048,3.0486329542704915,0.9793165275672907,1.0032231210911653,0.9684304894448121,0.09221952230592272,-1.0972612993073365,-1.3017089682642693,6101238.15,0.9309230127330794,5362308.2,1.0592048774816785,-41826763,1.2235766772694978,3.479263164635318,81.5,76.84999999999991,4.650000000000091,81.5,98.88039390670156,-0.36586427289368745,-5.92003534349459,46.23326928221973,43.63699182310256,37.21448040231869,-3.4554553846398015
2017-05-15,2343.95,2377.95,2316.0,2365.1,4600005,TCS,2378.7325,87.27687532848346,2425.9989625705175,0.9669363273495657,0.9910574605724916,1.0054331740729778,0.9792397784448861,0.6993417107170994,-0.11063732632114025,-0.303936052732691,6110180.3,0.7528427598118504,5337654.4,0.8618027049484507,-37226758,1.071538483489654,2.6193395628091762,61.94999999999982,35.5,26.449999999999818,61.94999999999982,93.95634138580799,-0.15619830509160193,-4.343781597573315,49.49212470058942,38.51585213900038,36.609203582592045,-2.510263339354063
2017-05-22,2380.0,2572.0,2373.45,2531.35,7532901,TCS,2387.2325,93.54783644716619,2426.8113749494482,7.0293010866348205,0.9402097694905881,1.0160586248444505,0.9376222173938807,4.814035483047108,5.540803464955579,5.76002822138719,6315887.7,1.1926907756767113,6106267.0,1.2336343956135558,-29693857,0.8461452067167714,7.843640745056993,198.55000000000018,206.9000000000001,8.349999999999909,206.9000000000001,109.01549586770027,1.5405754475293965,-0.4287540564460679,66.62457868814496,83.31090174966347,55.15458190392214,4.307653496668206
2017-05-29,2533.2,2637.55,2514.0,2572.85,6244539,TCS,2400.6899999999996,100.03337548300922,2427.73900786301,1.6394414047840034,0.9845890743727772,1.0251472102920887,0.9771265328332395,4.232921654976978,6.055223757205963,6.673440018536299,6378707.95,0.97896612432303,6176430.0,1.011027243893317,-23449318,0.6722247278969087,4.802067745884921,123.55000000000018,106.20000000000027,17.34999999999991,123.55000000000018,110.95342975200693,1.721025599393493,3.743951612903218,69.59513570990197,83.18388564002592,68.33687984289661,5.977207256093073
2017-06-05,2560.0,2619.9,2525.0,2603.95,3683132,TCS,2417.96,103.94144049718565,2428.3967175975095,1.2087762597897234,0.9831217957334051,1.006125309625761,0.9696806774323624,3.5844703828177717,6.151922747165105,7.139069543981321,6071965.25,0.6065798877883894,5548072.0,0.6638580032847446,-19766186,0.5813900188620842,3.644463219339853,94.90000000000009,47.05000000000018,47.84999999999991,94.90000000000009,108.81297245173936,1.7893729306650863,7.955888144938927,71.7679088471085,91.26705653021433,85.92061463996792,7.2291846357036285
2017-06-12,2631.0,2708.95,2470.4,2487.2,9489875,TCS,2426.9849999999997,101.58196470156496,2428.9568482628215,-4.483573033276366,1.0578160180122227,1.0891564811836603,0.9932454165326473,-0.6275378864215886,1.4971393778938598,2.548467538113553,6227609.05,1.523839233292912,6310090.4,1.503920609441665,-29256061,0.8628453606303933,9.591106465101308,238.54999999999973,105.0,133.54999999999973,238.54999999999973,126.11124279150741,0.5927725475373925,3.130571795828674,54.8039388999135,51.38660528334974,75.27918248453001,2.3978668776612295
2017-06-19,2465.0,2481.1,2386.5,2431.7,4878461,TCS,2431.925,99.13870864919512,2428.970215403073,-2.231424895464784,1.0136941234527286,1.0203150059629067,0.981412180778879,-1.949476287126372,-0.6437524386710244,0.29725545464613357,6175434.6,0.7899785709009047,6365781.6,0.7663569545018636,-34134522,0.993586500710452,3.89028251840276,94.59999999999991,6.099999999999909,100.69999999999982,100.69999999999982,122.72307708597307,-0.002269547415596587,0.3901331406749753,48.51397615206162,39.219554970952494,60.62440559483886,0.11238444092958777
2017-06-26,2431.0,2449.0,2354.0,2361.7,5264707,TCS,2437.9725000000003,90.14415717264676,2428.6183107482016,-2.878644569642641,1.0293432696786213,1.036964898166575,0.9967396367023755,-3.314149832015143,-3.108685440312238,-2.4364089081419835,5936101.95,0.8868963242789318,5912142.8,0.890490500330946,-39399229,1.1398957786782031,4.022526146419952,95.0,17.300000000000182,77.69999999999982,95.0,119.02666680784334,-0.846116957463157,2.0238892368835915,41.57053338014028,23.873725748109116,38.159962000803795,-2.755406662794441
2017-07-03,2350.6,2384.7,2323.1,2373.6,4732843,TCS,2435.94,91.15973632209679,2428.3607855354653,0.5038743278147129,0.9903100775193798,1.0046764408493427,0.9787243006403775,-1.864124159720861,-2.221501662713217,-1.762608699231421,5731184.2,0.8258054242960817,5609803.6,0.8436735646146329,-34666386,0.9910958154182617,2.595214020896525,61.59999999999991,23.0,38.59999999999991,61.59999999999991,111.36977790013088,-0.6838545449466066,1.9543834027747842,43.16609047592917,26.48251671599251,29.858599145018047,-2.255051467708098
2017-07-10,2373.3,2444.9,2325.5,2434.95,2543326,TCS,2432.5775,89.81745152631885,2428.3773179034224,2.584681496461072,0.9746812049528739,1.0040863262079305,0.9550504117127663,0.468268313377155,0.30345368900525865,0.7345801729860088,5487569.2,0.4634704196532045,5381842.4,0.47257533962718784,-32123060,0.9014368216080066,4.903591449516422,119.40000000000009,71.30000000000018,48.09999999999991,119.40000000000009,112.44047418011345,0.026414688456226586,7.117876075050034,51.108138567610325,39.93203989915593,30.096094121085866,0.27066148444559013
2017-07-17,2426.0,2514.8,2375.0,2395.45,8018084,TCS,2427.8574999999996,89.12707113559244,2428.1189106834145,-1.6222099016406921,1.0127533448830075,1.0498236239537457,0.9914629819031915,-0.7819797450283716,-1.1490016871115647,-0.8270775179912262,5463477.1,1.4675789526051095,5087484.2,1.5760410617098328,-40141144,1.1067658051316682,5.8360642050554254,139.80000000000018,79.85000000000036,59.94999999999982,139.80000000000018,116.08841095609836,-0.3636100635540578,2.262588315652425,46.30140965542323,31.272607694837166,32.56238810332855,-1.3454411371566524
2017-07-24,2396.15,2540.0,2396.15,2530.7,5712950,TCS,2430.7675,91.5777858535602,2428.6893162656106,5.6461207706276495,0.946832892085194,1.003674872564903,0.946832892085194,3.0694555181759307,3.648665442743193,4.181371055268202,5563004.4,1.0269540682009886,5254382.0,1.0872734414817955,-34428194,0.9450357741018407,5.684198047970914,143.8499999999999,144.55000000000018,0.7000000000002728,144.55000000000018,119.88328949528527,1.0912307943304014,7.001818104942714,60.84898650272563,60.92294201468812,44.04252986956042,4.200236030652219
2017-07-31,2525.75,2584.8,2442.0,2491.8,5898188,TCS,2428.245,89.00404618240978,2429.04955586632,-1.537124115857258,1.013624688979854,1.0373224175294968,0.9800144473874307,1.0375019610583684,1.838147169326896,2.4617329181461867,5724587.05,1.0303254974522573,5381078.2,1.096097804339658,-40326382,1.0892983460138062,5.730797014206605,142.80000000000018,54.100000000000364,88.69999999999982,142.80000000000018,122.93885089591393,0.7140686600893086,-1.5624074110652364,55.829579989546716,50.75405374759049,47.649867819038604,2.5833332211001396
2017-08-07,2500.0,2528.3,2462.0,2503.45,4077221,TCS,2429.4175,89.87195610099671,2429.3419707490866,0.46753350991248777,0.9986219017755498,1.009926301703649,0.9834428488685615,0.9986877806134753,1.9671008693244711,2.672665286564635,5576515.6,0.731141324163067,5249953.8,0.7766203580686748,-36249161,0.9782619403981615,2.6483452835087653,66.30000000000018,36.5,29.800000000000182,66.30000000000018,115.38700410979209,0.8237552982245454,-2.6973978273121313,57.0537685364557,53.343171756158455,55.0067225061457,3.050539205398984
2017-08-14,2512.0,2535.0,2463.0,2469.4,2887158,TCS,2432.285,90.20296427034049,2429.4531472017593,-1.3601230302182854,1.0172511541265084,1.0265651575281445,0.9974082773143274,-0.24427933252968706,0.5274405597578449,1.2197538885340973,5341770.05,0.540487136843339,5318720.2,0.5428294573570537,-39136319,1.0619270047485898,2.915688021381712,72.0,31.550000000000182,40.44999999999982,72.0,109.60207022848647,0.41146097913995017,-5.167149906872237,52.17697081011272,39.03804555286936,47.71175701887278,1.6442734384176754
2017-08-21,2484.0,2549.9,2462.1,2528.8,4133952,TCS,2438.14,92.56596595201717,2429.846380058253,2.405442617639908,0.9822840873141411,1.0083438785194558,0.9736238532110091,1.4069325678190445,2.4548498615716277,3.245039240476613,5325444.15,0.7762642670846525,4541893.8,0.9101824441601871,-35002367,0.9662826130161737,3.4720025308446765,87.80000000000018,80.5,7.300000000000182,87.80000000000018,106.69512753135497,0.9794096465972727,1.6725635252492932,59.19728714008664,53.31087210055729,48.56402980319505,4.072422880469291
2017-08-28,2523.0,2539.5,2461.0,2487.3,3177151,TCS,2441.3925,93.11943134179607,2430.020627480668,-1.641094590319514,1.0143529127970088,1.0209866119889035,0.9894262855304948,-0.15871263954199943,0.7091422127064809,1.4948139061261156,5248138.0,0.6053863293991126,4034734.0,0.7874499285454754,-38179518,1.0608829119438437,3.156032645840871,78.5,10.699999999999818,67.80000000000018,78.5,102.93577719384098,0.4929959229615158,2.286466258173303,52.93320622580907,42.55539717506811,44.968104942831594,2.3571558147107967
2017-09-04,2482.0,2504.4,2436.55,2456.2,3416461,TCS,2448.46,88.24624876475512,2430.105728107697,-1.2503517870783742,1.0105040306163995,1.0196238091360639,0.9919998371468123,-0.9512705122636254,-0.46976766933889336,0.22692766997060967,5234469.15,0.6526852871030866,3538388.6,0.9655414897052291,-41595979,1.163866742092895,2.762397198925165,67.84999999999991,17.09999999999991,50.75,67.84999999999991,98.2576735679955,0.0877091106799667,4.00135495617564,48.49588712139916,34.49527018271347,43.45384648611296,1.0737916293305603
2017-09-11,2460.0,2490.0,2437.05,2454.45,2509646,TCS,2454.7775,83.57528669439928,2430.163720432038,-0.07124826968487596,1.0022611990466297,1.0144838965959788,0.9929108354213776,-0.6821652188805202,-0.464058581444268,0.14280786506143198,5065265.25,0.49546191090387615,3224873.6,0.7782153074154596,-44105625,1.2282039442665629,2.157306117460116,52.94999999999982,33.80000000000018,19.149999999999636,52.94999999999982,92.21665042559607,-0.003918622513349685,3.4062184024266973,48.2333651900042,34.04172605934947,37.03079780571036,0.9993680410817743
2017-09-18,2473.9,2531.65,2457.0,2499.05,3713811,TCS,2466.0724999999998,72.23197548795912,2430.4057037986745,1.8171077023365845,0.9899361757467837,1.0130449570836917,0.9831736059702686,0.7431249417495298,1.139058470141228,1.764525933468082,4909709.7,0.7564217085991866,3390204.2,1.0954534833034542,-40391814,1.1360396872533478,2.9871351113423135,74.65000000000009,77.20000000000027,2.550000000000182,77.20000000000027,90.21443036884996,0.4565498835830356,2.6324975872194623,55.34226073713438,67.23347344287355,45.25682322831218,2.8243966056381473
2017-09-25,2505.0,2541.0,2474.3,2510.75,4295545,TCS,2474.4875,66.66057754537225,2430.730825028379,0.468177907604872,0.9977098476550832,1.0120481927710843,0.9854824255700488,0.8037721492725605,1.3712114717479518,2.0371078985153117,4840497.8,0.887418025476636,3422522.8,1.2550814855053705,-36096269,1.023473176416419,2.6565767201035473,66.69999999999982,41.94999999999982,24.75,66.69999999999982,87.0791729863366,0.5439871860593751,4.8132918658289725,57.124477541489796,71.70424149789831,57.65981366670712,3.2919800970017614
2017-10-02,2510.0,2526.4,2421.5,2435.95,4888733,TCS,2478.0299999999997,62.280159466368325,2430.754751280119,-2.9791894852135847,1.0303988177097232,1.0371313040087031,0.9940680227426673,-1.4948114907158694,-1.4205889039391069,-0.8900923247545314,4854934.2,1.0069617421385444,3764839.2,1.2985237191537955,-40985002,1.1559293915605253,4.306328126603588,104.90000000000009,15.650000000000091,89.25,104.90000000000009,89.45528325482508,-0.6756565872751721,-3.7440233927371835,44.13225242523784,43.12189529996171,60.6865367469112,0.21372985971311867
2017-10-09,2440.0,2467.95,2424.4,2454.1,4035637,TCS,2474.1675,61.185133804565545,2430.842764251362,0.7450891849176022,0.9942545128560368,1.005643616804531,0.987897803675482,-0.4961183463888431,-0.5747176004763338,-0.1319365002561538,4680071.0,0.8623025163507135,3888674.4,1.0377924672736807,-36949365,1.0315549554901444,1.7745813129049235,43.54999999999973,32.0,11.549999999999727,43.54999999999973,83.33457882084836,-0.32797999697277286,-1.512962517055949,47.47678576612625,49.595063632857624,54.80706681023923,0.9567560720366259
2017-10-16,2455.0,2608.95,2451.25,2584.4,6520511,TCS,2474.745,62.21147698310525,2431.7724807959903,5.309482091194329,0.949930351338802,1.009499303513388,0.9484793375638446,3.0471227276807227,3.853755125258497,4.506795935289147,4693869.6,1.389154696585521,4690847.4,1.3900496954985146,-30428854,0.8413181141145073,6.101996594954334,157.69999999999982,154.8499999999999,2.849999999999909,157.69999999999982,93.2499683114019,1.7626168886776177,3.233537717949231,64.88844407009609,89.50630476597574,60.74108789959837,6.276389769574592
2017-10-23,2585.0,2629.0,2547.45,2587.9,2465035,TCS,2473.9425,60.53808343556161,2432.129020813848,0.13542795232937,0.9988794002859461,1.0158816028440047,0.984369566057421,2.118830963952249,3.4146753558764438,4.2496167280669646,4632964.75,0.5320642683499804,4441092.2,0.5550515253882817,-27963819,0.7644992768663234,3.1512036786583786,81.55000000000018,44.59999999999991,36.95000000000027,81.55000000000018,91.68997253654835,1.8824101050589,4.79873653519074,65.24552862243931,82.34915181447286,73.81684007110209,6.404716931259981
2017-10-30,2620.0,2620.9,2517.9,2616.2,3999100,TCS,2480.3925,68.38810160245606,2432.8084548617967,1.0935507554387547,1.00145248834187,1.0017964987386287,0.9624264199984711,2.1184217953805655,3.8223939913307006,4.844921847087674,4358426.0,0.9175560167822053,4381803.2,0.9126607968153384,-23964719,0.6599417288165667,3.937007874015748,103.0,33.0,70.0,103.0,93.1979761983419,1.9858352084322597,3.4561847516608513,68.25735794624757,93.83132530120473,88.56226062721778,7.538264871272871
2017-11-06,2601.3,2674.0,2578.85,2665.55,2923412,TCS,2492.085,78.82017024112854,2433.4347706810395,1.8863236755599866,0.9758961565155408,1.0031700774699406,0.9674738796871188,2.6204010682159833,4.802594102032902,6.056071289222964,4260673.55,0.6861384627789661,3988739.0,0.7329163427338815,-21041307,0.5900745642602626,3.569619778282159,95.15000000000009,57.80000000000018,37.34999999999991,95.15000000000009,93.458246038563,2.2007691618697587,7.166405339122739,72.97046101123001,96.65346534653473,90.94464748740411,9.538584395833185
2017-11-13,2670.0,2777.4,2666.05,2758.95,4052569,TCS,2511.9474999999998,93.00992232721285,2434.644572068097,3.503967286301135,0.9677594737128256,1.0066873267003753,0.9663277696225014,3.9446915353988725,6.878876190064161,8.466698353687415,4200066.65,0.9648820691928781,3992125.4,1.0151407067523481,-16988738,0.49188253756504996,4.03595570778738,111.34999999999991,111.84999999999991,0.5,111.84999999999991,95.91047990008794,2.655657523624574,12.325950655484075,79.58869667684475,94.81595953919633,95.10025006231194,13.320442402663438
2017-11-20,2756.55,2763.0,2686.95,2703.45,6160765,TCS,2528.4399999999996,96.37077330480854,2436.154784967996,-2.0116348610884627,1.0196415691061422,1.022027409421295,0.993896687565888,1.3151606802637799,4.257567858396008,6.038616448487581,4271462.75,1.4423080243413102,3920176.2,1.5715530847822605,-23149503,0.6816223925236142,2.8130721855407046,76.05000000000018,4.050000000000182,72.0,76.05000000000018,93.26241591340957,1.8160070112384155,10.14483896595979,68.14803956183573,79.2216914863725,90.23037212403453,10.972012808107156
2017-11-27,2701.0,2709.7,2662.2,2685.85,4144066,TCS,2540.9849999999997,99.82858479465504,2437.094863681196,-0.6510199929719351,1.0056406724128302,1.0088798704320792,0.9911945938902024,0.4456618056503667,3.1115837742605605,4.970992237538134,4351499.75,0.9523305154734296,4255982.4,0.9737037446395455,-27293569,0.8093966425979411,1.7685276541876873,47.5,6.25,41.25,47.5,87.1607604582883,1.451137470274511,7.474840439366948,64.7427182400523,74.27648215790948,82.7713777278261,10.207035434930221
2017-12-04,2686.0,2702.4,2602.95,2632.35,4474729,TCS,2552.8300000000004,95.61717171258597,2437.8854232081594,-1.9919206210324503,1.020381028358691,1.0266112029175452,0.9888312724371758,-1.0517900328081968,0.9792164893718563,2.786316868739257,4174332.0,1.0719628913081183,4351108.2,1.0284113366796992,-31768298,0.9539387712239814,3.7779930480369357,99.45000000000027,16.550000000000182,82.90000000000009,99.45000000000027,88.79932573051656,0.8316497818930196,4.843174350293733,55.08778902951694,59.24416971059282,70.91411445162494,7.976772613699495
2017-12-11,2631.0,2672.65,2597.0,2661.1,3147641,TCS,2559.35,98.43316594468095,2438.5193483466796,1.0921799912625652,0.9886888880538124,1.0043403103979558,0.9759122167524709,0.02663572886834277,1.7563007324998763,3.516878148875899,4046066.55,0.7779508718164807,4395954.0,0.7160313779443552,-28620657,0.8669809632753764,2.842809364548499,75.65000000000009,40.30000000000018,35.34999999999991,75.65000000000009,87.04608229978102,1.0336963057470192,9.242800550093389,58.88920995588426,67.32228153975832,66.94764446942021,9.127696764195466
2017-12-18,2661.0,2662.0,2494.35,2580.5,7623328,TCS,2563.785,97.22020866919888,2439.489248574148,-3.0288226673180207,1.031195504747142,1.0315830265452433,0.9666149970935864,-2.063972011085317,-1.124801324464667,0.4613579042081863,4132323.55,1.8448042385258048,5110105.8,1.4918141225177766,-36243985,1.1047387367702957,6.496802945165669,167.6500000000001,0.900000000000091,166.75,167.6500000000001,97.79327132647691,0.17192927508389272,5.150564361680465,46.23128331678011,44.6754706378196,57.08064062939025,5.780339122554901
2017-12-25,2576.0,2663.9,2550.65,2646.75,4169417,TCS,2570.95,97.81823772475822,2440.2607311278152,2.5673319124200678,0.9732691036176443,1.0064796448474544,0.9636913195428356,0.32717363443073394,1.2055054632130322,2.706806296712995,4136933.35,1.007852108615673,4711836.2,0.8848815669780711,-32074568,0.9839122203505313,4.278832530461887,113.25,83.40000000000009,29.84999999999991,113.25,99.85416848294665,0.7749066203102827,2.412552236495902,55.336292089755105,63.29025007024443,58.42933408260746,8.461770754174765
2018-01-01,2686.0,2708.9,2605.65,2645.6,4740730,TCS,2579.7599999999998,96.11058406033864,2441.1261308366365,-0.04344951355436111,1.01527063804052,1.0239265195040823,0.9848994557000303,0.1892316341421124,0.9964809229639684,2.4424716266025515,4229611.95,1.120842776132217,4831169.0,0.9812801001165556,-36815298,1.1333725417848046,3.9027063804052013,103.25,62.15000000000009,41.09999999999991,103.25,100.30694601855376,0.685044219049439,2.2296070172726834,55.14924535293305,62.96712559707779,56.97761543504728,8.376210740625883
2018-01-08,2660.0,2726.85,2620.2,2714.4,3243209,TCS,2589.04,99.81991231580608,2441.911768325661,2.6005442999697648,0.9799587385794282,1.0045866489832007,0.9652961980548187,1.812710288654662,3.005017661296412,4.505594615407259,4185074.8,0.7749464836327418,4584865.0,0.7073728452200883,-33572089,1.0358095747944474,3.9290450928381992,106.65000000000009,81.25,25.40000000000009,106.65000000000009,101.15268654941327,1.2558616521660666,3.753535662411145,63.63455177814033,82.15297450424929,69.47011672385717,11.158807423299143
2018-01-15,2715.0,2821.9,2676.55,2746.1,6426911,TCS,2601.98,102.67071201302505,2443.634932538126,1.1678455643972852,0.9886748479662066,1.0276027821273808,0.9746731728633335,1.9640995854785996,3.535451296588801,5.140619007097221,4347562.8,1.478279048666071,5240719.0,1.2263414619253579,-27145178,0.8520215477771222,5.292960926404716,145.3499999999999,107.5,37.84999999999991,145.3499999999999,107.04566167615818,1.4037109237317502,3.0218904166119387,66.95795769859166,79.54944017266959,74.8898467579989,12.37766997984895
2018-01-22,2756.0,3134.7,2750.55,3116.4,8472573,TCS,2634.9900000000002,149.0085043493136,2448.6218194100934,13.484578128982939,0.8843537414965986,1.0058721601848286,0.8826049287639585,9.075346312343896,12.855135817581425,15.044420710041686,4600368.4,1.8417161982070827,5410568.0,1.5659304161781167,-18672605,0.6079595825207268,12.326723142087012,384.14999999999964,388.5999999999999,4.450000000000273,388.5999999999999,144.58624011933708,3.2307551981828713,12.956015875604866,85.1948270345198,97.14218786601081,86.28153418097656,27.271593158913515
2018-01-29,3114.95,3259.05,3081.0,3198.85,7918026,TCS,2672.21,189.1120515795594,2453.7831647659273,2.6456809138749815,0.9737718242493396,1.0188192631727029,0.9631586351345015,7.612612709315,12.943958501669767,15.797962801957812,4870787.4,1.6256151931410514,6160289.8,1.28533336207657,-10754579,0.3702601047025707,5.566062803820128,178.05000000000018,142.6500000000001,35.40000000000009,178.05000000000018,149.04807477009217,2.7848040122310374,18.324733211267088,87.03345006278799,92.12763175101344,89.60641992989797,30.364004690086237
2018-02-05,3180.0,3203.8,3076.85,3103.2,6116417,TCS,2702.4175,207.36722148413662,2457.2161455530004,-2.990137080513311,1.0247486465583915,1.0324181490074762,0.9915087651456561,3.1766361960110596,8.794824232975994,12.102384807066636,4990917.7,1.2255094889663278,6435427.2,0.9504290562093531,-16870996,0.6053467607081987,4.090938386182015,126.95000000000027,4.950000000000273,122.0,126.95000000000027,146.1016648007466,1.9327186675482328,15.538842452110124,74.62773770453445,79.61945861122005,89.62975940941477,26.289256466757415
2018-02-12,3010.0,3077.15,2896.65,2967.3,5834827,TCS,2725.245,210.26631478098744,2459.775531096736,-4.379350348027833,1.0143901863647087,1.0370201867017153,0.9761904761904762,-0.8385316744826362,3.9580278058757847,7.403681401335149,5067881.8,1.1513344687715488,6953750.8,0.8390906099194697,-22705823,0.8347591677131078,6.082971051123917,180.5,26.049999999999727,206.54999999999973,206.54999999999973,154.1614428273137,1.1511829664781248,12.724371759074593,60.49206959188046,61.847783444488044,77.86495793557384,20.63295867802113
2018-02-19,2970.0,2999.6,2892.5,2923.6,4698374,TCS,2749.6274999999996,203.10608096509162,2461.641980609084,-1.472719307114223,1.0158708441647284,1.0259953482008484,0.9893624298809687,-1.563865334448939,2.1621061827028765,5.5179796040269835,5058363.85,0.9288327489530039,6608043.4,0.7110083447696485,-27404197,1.0332859277922142,3.663291831987957,107.09999999999991,32.29999999999973,74.80000000000018,107.09999999999991,147.88658378367188,0.8565597798615464,9.864341813535749,56.51990382129099,56.1331241009546,65.86678871888756,18.76625532997344
2018-02-26,2928.0,3089.95,2927.9,3031.7,6583844,TCS,2778.5075,199.9127212685534,2464.8384572321174,3.6974962375153853,0.9657947686116701,1.0192136425108025,0.9657617838176602,1.3717019731954732,4.843430692562905,8.14631001510884,5185774.2,1.2695971220652067,6230297.6,1.0567463101602081,-20820353,0.8096592657111896,5.345185869314237,162.04999999999973,166.3499999999999,4.300000000000182,166.3499999999999,150.34837261251562,1.2665151991997181,17.48498353032357,63.38278387599968,70.26938668758986,62.75009807767751,22.99791863051495
2018-03-05,3041.0,3113.65,3020.0,3105.85,4500478,TCS,2804.58,207.13797994776434,2467.286032145175,2.4458224758386438,0.9791200476520115,1.002511389796674,0.9723586135840431,2.4842558123405145,6.098766290518933,9.477648330324513,5084772.55,0.8850893438684883,5546788.0,0.81136650616537,-16319875,0.6525468286105175,3.0152776212631034,93.65000000000009,81.95000000000027,11.699999999999818,93.65000000000009,142.78858959751355,1.454441141484404,17.34580145461415,67.44919274717795,79.9659997384595,68.78950350900134,25.881229802108813
2018-03-12,3122.0,3127.0,2977.2,3052.15,4870069,TCS,2827.7925,207.59030899383575,2469.692669922861,-1.728995283094803,1.0228855069377323,1.024523696410727,0.9754435397998131,0.5123658000115288,3.8114172304979017,7.227902045392118,5205024.25,0.9356477061562202,5297518.4,0.9193113892723808,-21189944,0.8589073695361098,4.908015661091367,149.80000000000018,21.15000000000009,128.6500000000001,149.80000000000018,143.72344431784512,1.0807705864856254,15.367024493498649,61.72157823972515,72.94363802798483,74.39300815134474,23.58420289174408
2018-03-19,2924.9,2939.7,2805.0,2831.0,52386075,TCS,2838.5325000000003,201.5352837561763,2485.0071998503527,-7.245712039054442,1.0331684916990462,1.0383963263864358,0.990815966089721,-4.839557923818397,-3.1736336175816415,-0.017601156650203145,7624373.0,6.870869906286065,14607768.0,3.58617928488459,-73576019,2.70984464046956,4.758036029671488,134.69999999999982,112.45000000000027,247.1500000000001,247.1500000000001,157.51365174213245,-0.03737558932416672,4.295608605953438,43.976490329483376,44.02380018307833,65.64447931650756,13.923211175021265
2018-03-26,2820.0,2884.3,2781.55,2817.0,8438544,TCS,2846.1050000000005,197.49840632267973,2487.2585966230613,-0.494524902861182,1.0010649627263046,1.0238906638267662,0.9874156904508343,-3.5737281936646372,-3.1597616830590862,-0.4717819672004476,7900129.6,1.068152603471214,15355802.0,0.5495345668041305,-82014563,2.7157102432955735,3.647497337593184,102.75,53.30000000000018,49.44999999999982,102.75,150.2118315098481,-0.1473682777594049,2.5818433414660724,43.07195666956098,37.598814229248994,51.522084146770716,13.257222382289763
2018-04-02,2825.0,2914.0,2823.05,2909.65,5511608,TCS,2853.64,196.87201800581641,2489.1212407111047,3.288959886403986,0.9709071537813826,1.0014950251748491,0.9702369700823124,-0.18380041621347307,0.10721505693789704,2.500183074205951,7973081.55,0.6912770132145456,15141354.8,0.3640102271429502,-76502955,2.30599003108677,3.125805509253684,90.94999999999982,97.0,6.050000000000182,97.0,143.11692064186838,0.2844995473066439,-6.6342574765755336,50.79946199268665,46.525864707682885,42.716159706670076,16.894667580304628
2018-04-09,2892.1,2963.75,2892.0,2923.9,4476709,TCS,2864.6625,194.17338418279238,2490.6729519797286,0.4897496262437073,0.9891241150518143,1.0136290570812956,0.9890899141557509,0.20297208499252553,0.5091902567762223,2.7274141415146755,7888878.75,0.5674708842495519,15136601.0,0.2957539146338072,-72026246,2.0220964447741947,2.453914292554465,71.75,54.09999999999991,17.65000000000009,71.75,133.6013312229526,0.3050752823272357,-8.595276427466114,51.9568055017773,47.53854582452847,43.88774158715345,17.393975699455762
2018-04-16,2925.7,3240.8,2925.7,3187.65,12436350,TCS,2889.7525,202.10987272103768,2497.515383788041,9.020486336742017,0.9178234749737266,1.0166737251580318,0.9178234749737266,5.640198909187995,7.492439721636764,9.877876290582996,8303492.95,1.4977251230158508,16649857.2,0.7469343340674418,-59589896,1.6003987193973297,9.885025018430516,315.10000000000036,316.9000000000001,1.7999999999997272,316.9000000000001,158.04115372655895,1.4739383880132038,2.721384377416869,68.0215875744118,87.74248927038624,60.60229993419921,27.632847456787847
2018-04-23,3187.65,3557.9,3145.85,3408.65,22103657,TCS,2928.5675,223.48744182014792,2513.1408585378854,6.9330070741769,0.9351649479999413,1.043785662945741,0.9229020286623736,7.838681013083981,11.563004745156858,14.410869795335532,9184939.35,2.4065109368414066,10593373.6,2.0865550328556335,-37486239,0.9990921115489652,12.088363428336736,412.0500000000002,370.25,41.80000000000018,412.0500000000002,191.9089998963511,2.1481408355210743,14.87379098844066,75.83413978550698,81.51359385644392,72.26487631711954,35.63306602651436
2018-04-30,3410.0,3560.0,3342.5,3532.1,18302916,TCS,2972.1175,251.70645615948465,2527.4080908642136,3.6216684024467094,0.9654313298037994,1.0078989836074856,0.9463208855921407,7.37320008592596,12.560533262182084,15.95209470774174,9942703.1,1.8408390370220349,12566248.0,1.4565139889010625,-19183323,0.5177903519386164,6.157809801534498,217.5,151.3499999999999,66.15000000000009,217.5,195.3211332435043,2.2247442856419526,20.813380763442325,79.12172732697482,96.41595478193845,88.55734596958955,39.75186724959187
2018-05-07,3530.5,3532.2,3410.9,3420.95,6375633,TCS,3014.14,253.03787921136936,2531.745075125447,-3.1468531468531458,1.0320232683903594,1.032520206375422,0.9970622195588945,2.9091100471114806,8.33103407834163,12.119521645774826,9880318.35,0.6452861916134515,12739053.0,0.5004793527430964,-25558956,0.6999733372113512,3.5457986816527494,121.29999999999973,0.09999999999990905,121.19999999999982,121.29999999999973,185.45164881103702,1.6077039582685586,12.839331068377469,69.3240076830327,82.13758109062879,86.68904324300372,35.12221406535148
2018-05-14,3434.7,3511.15,3396.7,3433.55,7264159,TCS,3053.48,254.0733236478629,2536.704741546321,0.36831874186995517,1.0003349303199311,1.0226005155014488,0.9892676675743762,2.176934468342476,7.429224903913154,11.405179607967648,10035055.45,0.7238783120027503,13296543.0,0.5463193703807072,-18294797,0.5106684334436681,3.333284792707264,114.45000000000027,90.20000000000027,24.25,114.45000000000027,175.98476230289882,1.4959067506306345,10.551056876539434,69.81295141926132,83.75618215685017,87.43657267647247,35.35473576270375
2018-05-21,3450.0,3592.0,3433.7,3556.75,5945281,TCS,3099.0375,258.73342350919296,2541.275580260664,3.5881230796114716,0.9699866451114079,1.0099107331130948,0.965403809657693,3.7102435920015537,9.116335780577616,13.267795948368361,10095283.0,0.588916724771361,11998329.2,0.49550907471350264,-12349516,0.3569027521920616,4.450692345540175,158.30000000000018,158.44999999999982,0.1499999999996362,158.44999999999982,173.64679399584563,1.7690505300477242,16.53260816145996,74.4139453388662,95.65056450120304,87.18144258289401,39.959240454952024
2018-05-28,3558.0,3674.8,3481.0,3502.05,6906800,TCS,3138.42,257.0449629928544,2546.2512028355327,-1.5379208547128598,1.0159763567053581,1.0493282505960795,0.993989234876715,1.4708354432121187,6.59724462306432,10.920331558966682,10278462.55,0.6719682020926369,8958957.8,0.7709378874404341,-19256316,0.5682656108730871,5.533901571936442,193.80000000000018,118.05000000000018,75.75,193.80000000000018,176.3338881297329,1.4146552251642788,23.70363829035678,69.02433045683767,80.66050937587461,86.6890853446426,37.53749025626693
2018-06-04,3529.9,3544.0,1712.6,1744.25,11986919,TCS,3088.3275000000003,397.02710913507633,2539.107131810907,-50.19345811738839,2.023735129711911,2.0318188333094453,0.9818546653289378,-65.2158275232331,-75.0266563039199,-72.2803966128292,10556462.95,1.1355052404176724,7695758.4,1.5576007427676004,-31243235,0.9164652007429646,104.99641679805075,1831.4,41.94999999999982,1789.4500000000003,1831.4,397.00936971243516,-3.3853544734717826,-38.08129215477458,18.728360006940733,1.6129854245234985,59.308019767200385,-31.304592147870892
2018-06-11,1744.0,1763.0,1711.15,1749.7,11862358,TCS,3019.9925,496.9762281922104,2532.2091251298584,0.31245520997562615,0.9967422986797736,1.007601303080528,0.9779676515974167,-43.13414000777254,-63.841268425499386,-65.76512638886669,10725952.2,1.1059491762419005,8793103.4,1.3490524858379351,-19380877,0.5679139018775774,2.9633651483111336,51.84999999999991,18.75,33.09999999999991,51.84999999999991,350.9881204174438,-2.5560427801965244,-39.86561957623769,18.939667219344827,1.9631808112443638,28.078891870547494,-30.902231469122015
2018-06-18,1757.0,1867.95,1753.0,1829.0,27658417,TCS,2951.5,561.2659907462943,2518.167934965567,4.532205520946442,0.9606342263531985,1.0212957900492072,0.9584472389283761,-24.61884628088196,-48.63222714868217,-53.69653991564608,11712971.75,2.3613492451221867,12871955.0,2.148734749305758,8277540,-0.24951266290313662,6.284855112083108,114.95000000000005,118.25,3.2999999999999545,118.25,319.95637102845126,-1.9999430190086058,-37.44656109990082,22.330081274317692,6.001578692740555,3.192581642836144,-27.367830611940125
2018-06-25,1822.15,1839.0,1799.55,1819.25,14296063,TCS,2887.3025000000002,613.9570329289282,2511.02830840089,-0.5330781848004396,1.001594063487701,1.0108561220283083,0.9891713618249278,-16.857814977869324,-42.367542411876,-49.9768992058487,12121954.05,1.1793530103341712,14542111.4,0.9830802836512448,-6018523,0.18443506591470626,2.168476020338054,39.450000000000045,10.0,29.450000000000045,39.450000000000045,282.5555215579911,-1.7396209225013277,-42.9281759289759,22.198363419323016,5.5050543630484,4.489937955677778,-27.549602132579643
2018-07-02,1823.0,1885.15,1821.0,1851.35,19805611,TCS,2831.505,655.6014630816005,2501.822748469833,1.7644633777655683,0.984686850136387,1.0182569476328085,0.9836065573770493,-9.887768348678456,-34.19920669448414,-43.42845368166665,12820493.25,1.5448400161982847,17121873.6,1.1567432082900084,13787088,-0.44752287929481305,3.465039025575936,64.15000000000009,65.90000000000009,1.75,65.90000000000009,253.6681186835923,-1.4950469991217874,-45.686708814339994,23.903531413052775,7.139765233111797,6.215466096300255,-25.999953388691345
2018-07-09,1859.95,1924.4,1857.05,1883.0,18280946,TCS,2779.475,688.3806366546427,2493.9534405057557,1.7095632916520387,0.9877588953797133,1.0219861922464153,0.986218799787573,-5.360495638989502,-27.380184195660373,-37.59952845455341,13499621.85,1.354182080292864,18380679.0,0.994574030698213,32068034,-1.152119468152139,3.5767392458842346,67.35000000000014,73.05000000000018,5.7000000000000455,73.05000000000018,229.58570285911338,-1.3022954921519054,-46.6889385917726,25.754774954393184,8.751559595650951,7.132126397270388,-24.49738758482431
2018-07-16,1898.0,1998.0,1870.75,1989.2,41859149,TCS,2727.35,707.4813343269568,2479.671865638803,5.639936271906532,0.9541524230846571,1.0044238890006032,0.9404534486225619,0.17634784897873826,-17.63963409860182,-27.73221365704658,15263387.1,2.742454785805701,24380037.2,1.7169436066323969,73927183,-3.2007859781181596,6.397044037804142,127.25,115.0,12.25,127.25,215.94094247789826,-1.0433490810075137,-41.852409418436395,32.145853495847376,14.159855371374732,10.017060066712498,-19.779708453983265
2018-07-23,1989.0,2011.7,1970.0,2005.65,11096875,TCS,2672.3399999999997,719.1783896993326,2476.1427971140456,0.826965614317321,0.9916984518734574,1.0030164784483833,0.9822252137710966,0.6633896380021399,-14.292663290036536,-24.460861128668476,15593206.95,0.7116480295286532,21067728.8,0.5267238393537703,85024058,-4.71586272560273,2.0791264677286687,41.700000000000045,22.5,19.200000000000045,41.700000000000045,192.7088168141785,-0.9270161750532064,-41.58669598520481,33.17396591882556,14.997581035316884,12.636332000780861,-19.001036517861845
2018-07-30,2015.0,2015.0,1931.55,1944.6,10690179,TCS,2616.9625,730.938477120698,2472.3576692713727,-3.0439009797322614,1.0362028180602696,1.0362028180602696,0.9932891082999075,-1.6368310783849538,-15.326433696681718,-26.004241975635683,15884212.45,0.6730065487130903,20346552.0,0.5254049433043987,74333879,-5.608756301914907,4.291370976036205,83.45000000000005,9.349999999999909,74.10000000000014,83.45000000000005,178.14097457228803,-0.9198619597213715,-45.326491881633515,31.152681962315555,11.888574847859843,13.682003751517158,-21.346331715301858
2018-08-06,1942.0,1998.95,1928.0,1975.55,9176650,TCS,2574.1899999999996,742.6892209007104,2469.339225327998,1.5915869587575848,0.9830173875629572,1.0118448027131686,0.9759307534610615,-0.02969020105030644,-11.58828809332688,-22.02767745708083,13723741.2,0.6686697064791634,18220759.8,0.5036370656727498,83510529,-15.46818816662206,3.5914049252107034,70.95000000000005,54.350000000000136,16.59999999999991,70.95000000000005,163.84884462931632,-0.8060437436724713,-43.588755157693356,33.52203903998371,13.46472130980571,13.450292397660817,-19.99681616293156
2018-08-13,1978.2,2004.25,1960.5,2000.15,11072599,TCS,2533.3475,751.0470350179205,2465.9246548579254,1.2452228493331052,0.9890258230632702,1.0020498462615304,0.9801764867634927,0.8003884786357844,-8.756447213361247,-18.816278787578284,13855443.95,0.7991515132938054,16779090.4,0.6599046036488367,94583128,27.566993915526194,2.1873359498037646,43.75,28.700000000000045,15.049999999999955,43.75,147.83566534540748,-0.7099388921591007,14.671062061057771,35.55602599883619,14.717490387798232,13.356928848487934,-18.888438214863502
2018-08-20,1992.0,2024.6,1982.4,2009.95,8264593,TCS,2488.3625,754.2591239221013,2463.461181057637,0.4899632527560316,0.9910694295878006,1.007288738525834,0.9862931913729197,0.8560402051604429,-7.051010320997826,-16.717214366307697,13993093.2,0.5906194493151807,10060179.2,0.8215154855293234,102847721,8.29513315004003,2.0995547152914162,42.19999999999982,24.449999999999818,17.75,42.19999999999982,133.75090996601978,-0.6342813561369791,14.873978396296517,36.4497970645349,15.216560996104192,14.466257564569384,-18.40951197221347
2018-08-27,2010.15,2059.0,2004.0,2050.9,7526892,TCS,2444.7125,752.9871659413376,2461.4411495100826,2.037364113535167,0.9801306743380954,1.0039494855916915,0.9771319908332926,1.8904214443617247,-4.211605299982409,-13.187844977455484,14145602.35,0.5321012010492434,9346182.6,0.805343991460214,110374613,5.129264386902222,2.681749475839875,55.0,49.049999999999955,5.9500000000000455,55.0,123.25078863721714,-0.5230002818277523,12.132312739201744,40.432939901475265,17.301963180811246,15.745338188237895,-16.678893565738726
2018-09-03,2055.0,2092.0,2045.6,2052.9,9866135,TCS,2387.975,736.6346590549834,2458.835844580874,0.09751816275780367,1.0010229431535875,1.0190462272882264,0.9964440547518144,1.3240019290569238,-3.52292491168616,-11.987775987907256,14017091.6,0.7038646305200716,9181373.8,1.0745815620751655,120240748,3.9410097764244876,2.260217253641195,46.40000000000009,41.09999999999991,5.300000000000182,46.40000000000009,113.00401681892154,-0.4548727050528169,12.843204617287341,40.64259616078702,18.64582480835857,17.05478299509134,-16.509269843106118
2018-09-10,2059.8,2107.25,2056.95,2080.75,11182727,TCS,2321.58,698.6613373557956,2456.12261831079,1.3566174679721321,0.9899315150786977,1.0127357923825544,0.9885618166526492,1.7631602579713812,-1.831981964415524,-9.61479268618379,13471045.1,0.8301306184477105,9582589.2,1.166983866949029,131423475,3.3736715282614025,2.417397572990517,50.30000000000018,54.34999999999991,4.049999999999727,54.34999999999991,105.18348124306533,-0.3447020568097594,12.390957949604342,43.81968214865754,93.30977026003534,43.08585274973505,-15.2831383707119
2018-09-17,2089.0,2089.0,2018.15,2074.15,10663301,TCS,2248.6825,639.2432881056769,2453.5265861673665,-0.3171933197164467,1.00715955933756,1.00715955933756,0.9730009883566763,0.9670453621238948,-1.8480120141982939,-9.133290693358163,13089064.35,0.8146725170619243,9500729.6,1.122366539091903,120760174,2.627917788900665,3.4158570980883693,70.84999999999991,8.25,62.59999999999991,70.84999999999991,100.60568374398994,-0.27302985146266695,10.151354221986185,43.187591021045996,90.65631616090334,67.53730374309909,-15.46250153987479
2018-09-24,2073.0,2210.5,2050.15,2198.45,10298531,TCS,2187.5575,576.632444564993,2451.8632091573427,5.992816334402029,0.9429370692988243,1.0054811344356251,0.9325433828379086,4.37756817692745,3.3518209442694005,-2.7160030858073436,13285209.25,0.7751877148641825,9907517.2,1.039466376096728,131058705,2.4367745691587857,7.293775159771654,160.3499999999999,136.3499999999999,24.0,160.3499999999999,108.57159257812461,0.018889849335857516,10.51930424291172,56.746074091461324,97.06776980167899,93.6779520742059,-10.335536183702352
2018-10-01,2204.9,2275.95,2135.1,2255.55,14828110,TCS,2128.6575000000003,497.37923773012466,2450.037122146537,2.597284450408255,0.9775442796657134,1.0090443572521113,0.94659839063643,4.532187938955366,4.970144407577146,-0.10607046411163674,13663406.8,1.0852425179933893,11367760.8,1.3044002474084428,145886815,2.3532879048088664,6.244596661568128,140.8499999999999,77.5,63.34999999999991,140.8499999999999,112.87538023437465,0.255122229426173,12.459801061999865,61.603164803345756,95.51599076821637,94.41335891026624,-7.938129605813564
2018-10-08,2250.3,2255.0,2020.9,2077.55,14092519,TCS,2054.6974999999998,366.6418137619934,2446.7730214619446,-7.891645053312935,1.083150826694905,1.0854131067844335,0.9727323048783423,-2.431525432773946,-2.718693013332061,-7.95936397794665,14070768.7,1.0015457790873927,12213037.6,1.1538913955361934,131794296,1.90454317766197,11.268080190609126,234.0999999999999,0.5500000000001819,234.6500000000001,234.6500000000001,129.1119962031247,0.062329224715310806,6.836881620898905,43.87977250026316,52.63786106469331,81.7405405448629,-15.090203227814488
2018-10-15,2080.35,2107.65,1903.0,1949.5,21328399,TCS,1977.0699999999997,135.68827510142603,2440.2643120083862,-6.163509903492104,1.0671197743011027,1.0811233649653758,0.9761477301872274,-6.106391609082526,-8.113386144365826,-13.79630430692545,14791848.65,1.4419021925295321,14242172.0,1.4975524098431054,110465897,1.459527599892685,10.497563477814829,204.6500000000001,30.09999999999991,174.55000000000018,204.6500000000001,139.1837300427081,-0.20318631052971473,-1.3186201311027324,35.420924738305885,19.434846989141175,55.86289960735029,-20.111112947616622
2018-10-22,1958.0,1989.0,1870.05,1903.0,10801904,TCS,1985.0074999999997,125.62181891756757,2436.7262891168593,-2.3852269812772553,1.0289017341040463,1.045191802417236,0.9826852338413031,-5.7994081071663635,-9.218698125564686,-15.1955179414023,14732597.9,0.7331975034762878,14269892.6,0.7569716397164755,99663993,1.2119940090347798,6.250656857593276,118.95000000000005,39.5,79.45000000000005,118.95000000000005,136.48589937034703,-0.6528125504520249,-4.857135714821393,32.77368432246071,8.117762995811791,26.730157016548763,-21.903415722177698
2018-10-29,1888.0,1898.0,1784.35,1871.0,12891410,TCS,1991.0724999999998,116.24121752337254,2432.314860128381,-1.6815554387808684,1.009086050240513,1.014430785676109,0.9536878674505611,-5.072607742005215,-9.502870519790612,-15.735247508790948,14784050.5,0.8719809229547748,14788468.4,0.8717204277895336,86772583,0.9912437547562177,6.074291822554788,113.65000000000009,5.0,118.65000000000009,118.65000000000009,134.10777945430078,-1.0329597586661279,-6.913107291226151,30.93771006827292,17.62611879576894,15.05957626024064,-23.077393035322494
2018-11-05,1867.0,1954.6,1845.0,1890.85,11475833,TCS,1994.1650000000002,112.46383640975534,2428.5821630734404,1.060929983965786,0.9873866250628025,1.0337149959013143,0.975751646085094,-2.6463756459764305,-7.159986586166436,-13.31024534726122,13974921.3,0.8211733543000346,14118013.0,0.8128504344060316,98248416,1.0674808193638115,5.796334981622017,109.59999999999991,83.59999999999991,26.0,109.59999999999991,130.84007552706066,-0.9186508596734881,-7.80389097469405,33.60007361328171,21.663954434499598,15.802612075360114,-22.141814728348535
2018-11-12,1894.0,1961.95,1891.0,1914.85,6665727,TCS,1998.9450000000002,106.51237128541595,2426.533280838489,1.269270433931835,0.9891114186489803,1.0245972269368357,0.9875447162963157,-0.9065634001599934,-4.98590070976965,-10.899219763234607,13593404.5,0.49036479419118295,12632654.6,0.5276584543046083,104914143,1.0751132206764311,3.7052510640520167,70.95000000000005,71.10000000000014,0.15000000000009095,71.10000000000014,122.8747321234526,-0.7895326992078228,-6.724633445369976,36.988846405916576,26.545972335231898,21.94534852183348,-21.0870085681115
2018-11-19,1915.0,1939.0,1857.6,1902.45,9240230,TCS,2001.5,103.35153603116008,2423.6517625859265,-0.6475703057680637,1.0065967568135825,1.019212068648322,0.9764251360088306,-1.042842274189023,-4.860162410471802,-10.653546768637268,13065135.45,0.7072433374580896,10215020.8,0.9045728032193532,95673913,0.940944296486123,4.278693263949123,81.40000000000009,24.15000000000009,57.25,81.40000000000009,117.3447678403256,-0.9583795636103247,-8.569025591733748,35.89668323713303,24.023596419853572,24.077841063195027,-21.504812309744853
2018-11-26,1902.0,1902.0,1784.5,1846.1,12558039,TCS,1999.655,105.87681260487875,2419.3680741892167,-2.961970091198196,1.0302800498347868,1.0302800498347868,0.9666323601105032,-2.751369656584487,-6.909337512037942,-12.86185474558681,12778990.1,0.9827098152302348,10566247.8,1.1885050623173914,83115874,0.7974198491662564,6.3647689724283625,117.5,0.4500000000000455,117.95000000000005,117.95000000000005,117.42546546161553,-1.4503175551104976,-10.9948653665357,31.08412950546851,12.561025223759156,21.04353132628155,-23.694950772686024
2018-12-03,1854.0,1997.0,1835.35,1982.4,19573006,TCS,1999.3149999999998,105.92306182468472,2414.3743946952127,7.383132008016902,0.935230024213075,1.007364810330912,0.9258222356739305,2.875536883568531,0.3781874866079006,-4.676863503165592,11664682.95,1.6779715388663865,11902567.0,1.6444356918973866,102688880,0.9717967482866229,8.154257465698148,161.6500000000001,150.9000000000001,10.75,161.6500000000001,123.32207006673347,-0.1596913807872744,-9.827378380222418,49.84916150892996,40.28681855166807,25.623813398426936,-17.891773357285974
2018-12-10,1983.0,2019.4,1960.0,1975.8,11784576,TCS,1997.8225000000002,106.0393366372776,2411.3773537129873,-0.33292978208233626,1.003644093531734,1.0220670108310559,0.9920032391942505,1.700733649824963,0.03892190076416514,-4.607650753088623,11699068.0,1.0073089582862498,11964315.6,0.9849770261827597,90904304,0.8578863803634338,3.0063771636805394,59.40000000000009,37.0,22.40000000000009,59.40000000000009,114.79912739116904,-0.2076823629643338,-12.40273990822638,49.10215124449921,38.94426362896666,30.59736913479797,-18.06342557884168
2018-12-17,1970.0,2029.7,1961.0,1994.3,12612118,TCS,2000.3074999999997,105.30625671795364,2408.349217263769,0.9363295880149725,0.9878152735295592,1.0177505891791607,0.9833024118738405,1.741733789742149,0.8281753962492324,-3.3341590172607627,11795164.95,1.0692616892992244,13153593.8,0.9588343833454853,103516422,0.9636405854050987,3.444817730532019,68.70000000000005,53.90000000000009,14.799999999999955,68.70000000000005,108.65257707234652,-0.05704789237822648,-4.007123775601085,51.45497367722412,42.70748576078114,40.64618931380529,-17.19224165232102
2018-12-24,1991.9,2002.0,1886.55,1918.5,11801924,TCS,1997.455,106.77461370372241,2405.0436543120936,-3.8008323722609427,1.0382590565546,1.0435235861350014,0.9833463643471462,-1.426969091518457,-2.648662931870962,-6.798820545971432,11926428.65,0.9895606091602284,13665932.6,0.863601800582567,91714498,0.8505279727541408,6.017722178785512,115.45000000000005,7.7000000000000455,107.75,115.45000000000005,109.55890012936699,-0.7394547941806076,-1.5901513208514961,42.22666884657969,27.288445890968287,36.313398426905366,-20.230138169831186
2018-12-31,1921.8,1941.7,1870.25,1893.05,11533685,TCS,1992.1,109.28840767726372,2401.689305638578,-1.3265572061506359,1.0151871318771295,1.0256992683764297,0.9879559441113547,-1.8603629775857924,-3.4531394166456093,-7.548396740353222,11949482.95,0.9652036869093152,13461061.8,0.8568183677754158,80180813,0.7485676472988423,3.77433242650749,71.45000000000005,23.200000000000045,48.25,71.45000000000005,104.4777134454514,-0.9063175327112598,-0.5228586442459271,39.483357289923404,22.111472742066734,30.702468131272056,-21.178397407375616
2019-01-07,1896.0,1944.95,1841.0,1897.9,11944299,TCS,1986.4975000000002,111.18084423586751,2398.2942374147365,0.2562003116663547,0.9989988935138837,1.0247905579851415,0.9700194952315717,-1.0667088658407688,-2.733230972284082,-6.667431412902946,12133468.25,0.9844093011081148,11935320.4,1.0007522713843526,92125112,0.8644061815848262,5.4771062753569755,103.95000000000005,51.90000000000009,52.049999999999955,103.95000000000005,104.40735165272454,-0.7968773812514195,1.4377338321753141,40.33568155617302,24.12620843514292,24.508709022725984,-20.864589073696855
2019-01-14,1905.4,1919.0,1810.0,1813.25,19984825,TCS,1974.6150000000002,116.50741121671759,2391.7710714706277,-4.460192844723121,1.0508203501999174,1.0583206948848751,0.9982076382186681,-3.8566135416073184,-6.453636475451566,-10.676515412658379,12756364.9,1.5666551683544268,13575370.2,1.472138490926752,72140287,0.6892528934800656,6.011305666620709,109.0,21.09999999999991,87.90000000000009,109.0,105.0197047656946,-1.3850191873188413,-4.10397440304624,31.422961423331614,8.939065883080753,18.392249020096806,-24.18797845543439
2019-01-21,1810.0,1932.0,1808.0,1908.7,16790280,TCS,1967.405,115.86792038215114,2387.2878624242217,5.2640286777885015,0.9482894116414313,1.0122072614868758,0.9472415780374076,0.8913555458970372,-0.9686726219547628,-4.713334874173989,13102572.15,1.2814491542410624,14411002.6,1.1651014482503805,88930567,0.8625748351219884,6.496568344946822,124.0,118.75,5.25,124.0,107.55041079693532,-0.5066544718018701,-0.32117398229625227,46.735730195393714,50.68269818626455,27.915990834829415,-20.04734619386158
2019-01-28,1907.1,1962.0,1870.0,1955.0,12094302,TCS,1961.1174999999998,112.76390482004199,2384.417212207978,2.4257347933148266,0.9754987212276215,1.0035805626598466,0.9565217391304348,2.1590214255596334,1.2193326561088453,-2.047304561709079,13148150.9,0.919848128606434,14469478.2,0.8358492153504196,101024869,0.9945445525455586,4.705882352941177,92.0,53.299999999999955,38.700000000000045,92.0,105.47702269067729,-0.05425051579902852,2.7622276538148194,52.65298858540863,69.55369879763603,43.058487622327114,-18.009315232644894
2019-02-04,1962.0,2055.45,1936.65,2050.25,13736447,TCS,1959.9225,111.62388972159715,2381.9157070010397,4.872122762148345,0.9569564687233264,1.0025362760638945,0.94459212291184,4.469662036977299,4.978680095190951,2.469118213244166,13301808.2,1.0326751666739564,14910030.6,0.9212889878307828,114761316,1.1331195955219386,5.794415315205449,118.79999999999973,100.44999999999982,18.34999999999991,118.79999999999973,107.25341966525362,0.8092129760509806,11.058447538053207,62.533142768196676,98.08082672079726,72.77240790156596,-13.924325954364889
2019-02-11,2050.0,2097.95,2028.0,2065.9,7704365,TCS,1953.295,100.05139455615769,2380.5944445692126,0.7633215461529064,0.9923035964954741,1.0155138196427707,0.9816544847282056,3.4622277913783153,4.884431772454172,2.9406233676905327,13172099.9,0.5849002860963726,14062043.8,0.5478837293907447,122465681,1.2143417786630026,3.385933491456499,69.94999999999982,47.69999999999982,22.25,69.94999999999982,102.27963037655311,1.1254715688824921,4.212066182405172,63.95896590714371,89.77508374541402,85.8032030879491,-13.219153950691458
2019-02-18,2070.0,2083.0,1962.65,1970.3,11827818,TCS,1939.0325,70.73228116415173,2377.9776770948783,-4.627523113413046,1.0506014312541239,1.057199411257169,0.9961173425366696,-0.8145573790088018,0.23089200283338235,-1.6213532639517396,13022085.3,0.9082890894594278,12430642.4,0.9515049680779168,110637863,1.1165730947674544,6.108206872049937,120.34999999999991,17.09999999999991,103.25,120.34999999999991,104.68901299301268,0.4420541722305827,-0.27836825589634406,50.43161573441655,59.27580156324774,82.37723734315301,-17.14388158567279
2019-02-25,1970.0,1990.0,1881.3,1985.15,18945086,TCS,1934.4125,63.895842206799394,2374.0053090737365,0.7536923311171062,0.9923683348865324,1.0024431403168526,0.9476865728030627,-0.040273162854549134,0.8376163786900324,-0.7894061613986024,13264713.65,1.4282318110952963,12861603.6,1.4729956379622833,129582949,1.3092305248990672,5.475656751378991,108.70000000000005,19.700000000000045,89.0,108.70000000000005,105.223811260611,0.7940657521312242,-0.45880760166473467,52.2420125788164,64.01339926623073,71.02142819163083,-16.379715225887836
2019-03-04,1984.0,2074.95,1972.25,1995.4,23788234,TCS,1936.7075,65.27568918582644,2369.2583001730914,0.5163337783039124,0.9942868597774882,1.039866693394808,0.9883983161270923,0.3157434535295485,1.1545672851085316,-0.24903052246436583,13387705.4,1.776871636270096,15200390.0,1.5649752407668487,153371183,1.516699267604063,5.146837726771565,102.69999999999982,89.79999999999973,12.900000000000091,102.69999999999982,104.88730309252952,0.8991479175794629,4.008339848840237,53.591931948246206,64.63183307466812,62.64034463471554,-15.779550087290112
2019-03-11,2005.0,2033.0,1976.6,2014.8,12767313,TCS,1942.2975,67.00144435796156,2366.888983629756,0.9722361431291793,0.9951359936470121,1.0090331546555489,0.9810403017669247,0.8503853110888915,1.80542140760041,0.6565552184757989,13485975.85,0.9467103561512014,15006563.2,0.8507819431966941,166138496,1.5906730460011906,2.7992852888624227,56.40000000000009,37.59999999999991,18.800000000000182,56.40000000000009,98.42232934685893,1.0821035381364106,6.431420194923532,56.29009064133936,71.32264183479913,66.655958058566,-14.875601942673619
2019-03-18,2014.05,2068.95,1978.6,2022.8,13931441,TCS,1949.8874999999996,67.09766423693891,2364.39743668741,0.397061743101057,0.9956743128336959,1.022814910025707,0.9781491002570694,0.8283423389301585,1.8803764451114324,0.9619958306981866,13537977.4,1.0290636915969442,16251978.4,0.8572150821957775,180069937,1.6503481005991385,4.4665809768637486,90.34999999999991,54.149999999999864,36.200000000000045,90.34999999999991,97.34601876727773,1.0866622680415192,6.580957900837769,57.46671830847041,74.08173823072947,70.01207104673223,-14.447547243410904
2019-03-25,2030.0,2044.8,1977.2,1984.25,11042512,TCS,1954.5574999999997,66.01395840235391,2362.2280512180037,-1.9057741744117007,1.0230565704926295,1.0305153080509009,0.9964470202847424,-0.7322427841962356,-0.022192419659946786,-0.8819378930032601,13516311.35,0.8169767412171961,16094917.2,0.6860869094747503,169027425,1.500475681028777,3.4068287766158454,67.59999999999991,22.0,45.59999999999991,67.59999999999991,93.3798829316407,0.4497912368627416,9.430580449469183,49.98530273833198,60.78634247284018,68.73024084612292,-16.000912825631374
2019-04-01,1984.0,2039.95,1958.05,2031.65,13681889,TCS,1960.3974999999998,67.46674322056609,2359.9070418423776,2.3888118936626013,0.9765461570644549,1.0040853493465902,0.9637732877218024,1.0786133620320486,1.9812037469712107,1.3490743194731374,13867119.45,0.986642471014411,15042277.8,0.9095623137607524,182709314,1.5677956502266657,4.031206162478778,81.90000000000009,55.700000000000045,26.200000000000045,81.90000000000009,91.84923187408862,1.0561129320716962,6.4415570807355715,57.782852182118106,77.13398861872744,70.6673564407657,-13.909744579858852
2019-04-08,2037.1,2089.6,2007.4,2070.75,16403464,TCS,1968.8125,70.295236184705,2357.4933284016406,1.9245440897792454,0.9837498490884945,1.0091029820113484,0.9694072196064228,1.9643011266360393,3.2845708459808707,2.9441553081706924,14225281.15,1.1531205483414997,13565323.8,1.209220232546163,199112778,1.6359482309231979,3.9695762404925663,82.19999999999982,57.94999999999982,24.25,82.19999999999982,90.56266762421012,1.4501338288721732,5.920716112531976,63.23799368828798,90.61907225383693,76.17980111513486,-12.16306001578592
2019-04-15,2070.0,2119.8,2007.0,2113.3,21814146,TCS,1982.1725000000001,71.13200196780372,2354.812346276569,2.054811058795125,0.979510717834666,1.0030757582927174,0.9496995220744806,2.6254598835885514,4.484465762814369,4.4901223066743645,14688086.5,1.4851591458152156,15374690.4,1.418834814390799,220926924,1.7179189730466002,5.337623621823696,112.80000000000018,49.05000000000018,63.75,112.80000000000018,93.52764527431546,1.843438907558822,3.0752347274722647,68.36999852980685,97.91533033996151,88.5561304041753,-10.256118567513381
2019-04-22,2120.0,2176.0,2114.2,2161.45,11192815,TCS,1991.125,81.65166627364925,2353.7291840542957,2.2784271045284354,0.9808230585949248,1.006731592218187,0.9781396747553726,3.1964296720527576,5.667632441141251,6.066287684102641,14269076.95,0.7844105851570168,14826965.2,0.7548958838859351,232119739,1.7184759205344466,2.85919174628144,61.80000000000018,62.69999999999982,0.8999999999996362,62.69999999999982,89.41729257107338,2.0859953969484066,4.62510286073865,73.24654494816969,96.04619565217386,94.86019941532412,-8.169129454523533
2019-04-29,2163.0,2243.95,2134.05,2238.55,12095079,TCS,2004.2625,98.46326976807774,2353.0361668820433,3.5670498970598707,0.9662504746376002,1.0024122758035334,0.9533179960242121,4.353688150710197,7.642818842517881,8.526417869559928,14284602.1,0.8467214498050317,15037478.6,0.804328925196276,244214818,1.7109240549936635,4.909427977932127,109.89999999999964,82.5,27.399999999999636,109.89999999999964,92.14832022826354,2.3794405827863057,13.614677967822164,79.17779104653587,98.55595667870047,97.50582755694529,-4.865465669137854
2019-05-06,2238.55,2266.95,2108.5,2157.85,12618402,TCS,2012.44,104.21580166073495,2351.8185881513427,-3.605012173058464,1.0373983363069723,1.0505595847718794,0.9771300136710152,0.5177834757659425,3.5904119324797743,4.6800032416887625,14284916.3,0.8833374823484265,14824781.2,0.8511695268730173,231596416,1.5528527383006363,7.34295711008642,158.44999999999982,28.399999999999636,130.05000000000018,158.44999999999982,100.98854419782839,1.3952778530972574,8.69959448908142,62.455255727254944,71.7100998314534,88.77075072077592,-8.247599926651345
2019-05-13,2160.05,2192.0,2121.65,2128.75,10032132,TCS,2022.9525,104.84343524739079,2350.717741666889,-1.348564543411257,1.014703464474457,1.029712272460364,0.9966647093364651,-0.561425226641128,1.947851511182554,3.095564491910709,14196426.7,0.7066659950422595,13550514.8,0.7403506175278299,221564284,1.4236144126942165,3.3047563123898955,70.34999999999991,34.15000000000009,36.19999999999982,70.34999999999991,96.90340497145127,1.009099899773008,6.682870602385482,57.410315392784945,64.16439776999874,78.14348476005088,-9.442551852673402
2019-05-20,2135.0,2159.8,2050.0,2143.95,11322539,TCS,2035.4975,103.48378143330936,2349.572467420307,0.7140340575455095,0.9958254623475362,1.007392896289559,0.9561790153688287,0.10101791826229087,2.2654401872764205,3.4673737740192943,14185869.4,0.7981561567174726,11452193.4,0.9886786403729437,232886823,1.4263878200723317,5.121388092073052,109.80000000000018,31.050000000000182,78.75,109.80000000000018,98.6229509752578,1.0480144665943874,6.410065515187613,59.38749154610891,68.10579541034616,67.99343100393277,-8.75148437732881
2019-05-27,2148.05,2148.7,2032.25,2055.15,11604274,TCS,2043.36,98.32431246163236,2347.910534876981,-4.141887637304964,1.0452035131255626,1.045519791742695,0.9888572610271756,-2.810313159344901,-1.6778794083804802,-0.6450203946631621,14168868.15,0.8189979522111651,11534485.2,1.0060504477477679,221282549,1.3037464298164,5.666253071551946,116.44999999999982,4.75,111.69999999999982,116.44999999999982,100.9998908452234,0.119909305286023,1.5992683409135955,45.232519811064094,45.07973551147418,59.11664289727304,-12.468981697904429
2019-06-03,2060.0,2247.65,2045.0,2242.3,22073813,TCS,2064.8125,92.08350168675584,2346.7885921029083,9.10639126097852,0.9186995495696383,1.0023859430049502,0.9120099897426749,3.847057310372478,5.835859659609775,7.1088930151699845,14273317.55,1.5465089263708,13530232.0,1.6314437919468048,243356362,1.364954326982703,9.037595326227537,202.6500000000001,192.5,10.150000000000091,202.6500000000001,114.55323873252696,1.9274625394217366,13.004913695350906,65.32856545456454,92.02007122045981,68.40186738076007,-4.452407534897639
2019-06-10,2224.0,2235.85,2142.1,2231.5,10884164,TCS,2080.9525000000003,91.56868930940362,2346.1878355204385,-0.48164830754137133,0.9966390320412278,1.0019493614160877,0.9599372619314362,2.2544645924410025,4.6115353982559855,6.104375938721038,13978011.75,0.7786632458654215,13183384.4,0.825597105398823,232472198,1.253448488770208,4.201209948465158,93.75,6.450000000000273,100.20000000000027,100.20000000000027,112.63947356819008,1.6440936430935595,9.836832131518713,63.77048668156517,88.52379410812567,75.20786694668656,-4.888263155409214
2019-06-17,2237.0,2285.0,2219.0,2249.2,12395206,TCS,2095.6625,93.87202357044657,2345.615674171619,0.7931884382702092,0.9945758491908235,1.015916770407256,0.9865730037346613,2.0157797551817107,4.596164188362155,6.273010551152108,13993056.95,0.88581115936929,13655999.2,0.9076747749077198,244867404,1.270993785007296,2.93437666725947,66.0,53.5,12.5,66.0,106.42087709243141,1.6356044555146634,8.617650609682471,65.3339512728368,89.05031350359377,89.8647262773931,-4.110463416206047
2019-06-24,2244.0,2292.5,2212.0,2275.5,10983869,TCS,2106.925,101.35127358792617,2345.251043201919,1.1693046416503705,0.986156888595913,1.007470885519666,0.9720940452647769,2.0988476746076836,4.884713246996573,6.743272857546502,13855428.05,0.7927484420086176,13588265.2,0.8083349006170413,255851273,1.2810965269268917,3.5376840254889035,80.5,43.30000000000018,37.19999999999982,80.5,102.9647601467739,1.6632746095070472,7.675199924289022,67.72209918388555,94.91702795634625,90.83037852268858,-2.9741397367289686
2019-07-01,2270.0,2274.45,2206.6,2239.55,11104633,TCS,2115.6075,105.02334486724926,2344.698216243333,-1.579872555482309,1.0135964814360028,1.0155834877542362,0.9852872228795962,0.3515372533380306,2.878192363978991,4.809094507855669,14025441.45,0.7917492678991577,13488337.0,0.8232766574559933,244746640,1.1890904253434236,3.029626487463995,67.84999999999991,1.050000000000182,68.90000000000009,68.90000000000009,98.42279212720406,1.180142378408009,3.6133151356728233,61.084942078404595,84.16803707579615,89.37845951191207,-4.484509584853983
2019-07-08,2244.9,2258.8,2132.1,2175.4,11289299,TCS,2125.8625,99.98045318829443,2343.8028060603274,-2.8644147261726705,1.0319481474671324,1.038337776960559,0.9800956145996138,-1.7246528590257257,0.01215764933178907,1.8351906030978822,13998515.5,0.8064640139877689,11331434.2,0.9962815651349766,233457341,1.101381455882575,5.824216236094524,126.70000000000027,19.25,107.45000000000027,126.70000000000027,102.19308651024356,0.4954718489493673,-2.821022536910056,50.82834434913873,58.98423817863401,79.35643440359213,-7.185024509096554
2019-07-15,2174.0,2174.4,2071.3,2145.7,17182291,TCS,2133.8900000000003,94.37618817655608,2342.2208573770763,-1.3652661579479752,1.013189169035746,1.0133755883860747,0.9653260008388872,-2.0884590357535577,-1.1758609243644804,0.4367265545731096,13910375.75,1.2352140092261705,12591059.6,1.3646421783278668,216275050,0.9998737984109268,4.8049587547187365,103.09999999999991,1.0,104.09999999999991,104.09999999999991,102.44734164221109,0.12513749737280874,-0.5630604536923323,46.644484313362234,48.581436077057724,63.91123711049597,-8.39036407510901
2019-07-22,2126.0,2132.5,2060.0,2109.9,11483808,TCS,2139.6150000000002,88.8437304899355,2340.9875165664607,-1.6684531854406326,1.0076306933977912,1.0107114081236077,0.9763495900279634,-2.5471054087923224,-2.4793503221177176,-1.1482406018601525,13295154.45,0.8637589012739901,12408780.0,0.9254582642290379,204791242,0.9356609262471671,3.436181809564434,72.5,13.199999999999818,85.69999999999982,85.69999999999982,100.21436275658293,-0.33446366824236806,-0.8854961832061026,41.85297831185142,29.836695485110504,45.80078991360076,-9.871369024017607
2019-07-29,2127.9,2142.0,2076.5,2130.0,11863930,TCS,2145.375,83.9238603860971,2339.836666013685,0.9526517844447469,0.9990140845070423,1.0056338028169014,0.9748826291079812,-1.052938247890745,-1.2962499978415372,-0.17759786011393203,13249985.3,0.8953919367744506,12584792.2,0.9427195786355536,216655172,0.9785725838973388,3.0751173708920185,65.5,32.09999999999991,33.40000000000009,65.5,95.58578105570521,-0.18320177276481714,-0.6506681592387764,45.481083689725935,37.56003842459174,38.65938999558667,-8.96800486382572
2019-08-05,2130.0,2252.25,2120.45,2248.6,13768083,TCS,2156.665,81.72565161305701,2339.262766262911,5.568075117370896,0.9472560704438318,1.0016232322333898,0.9430089833674286,2.851327205666556,3.468439094013104,4.680648779148899,13241817.4,1.039742701783518,13117482.2,1.0495979937369384,230423255,1.0290572354864316,5.8614248865961125,131.80000000000018,122.25,9.550000000000182,131.80000000000018,100.4143435816112,1.1249222023371646,9.412938228353163,61.73585778187883,83.13160422670506,50.17611271213578,-3.8756982571799528
2019-08-12,2232.8,2281.0,2207.25,2246.25,8868677,TCS,2169.7650000000003,73.18645995710145,2338.887414536665,-0.10450947256069876,0.9940122426265999,1.0154702281580412,0.9826377295492488,1.833127614071401,2.8863847924818953,4.19918290828183,13133125.65,0.6752906532954704,12633357.8,0.7020047354314622,221554578,0.9779793442317635,3.2832498608792435,73.75,32.40000000000009,41.34999999999991,73.75,96.8590977707297,1.0450703592554098,0.1761584087766943,61.31788120667541,82.22862632084535,67.64008965738073,-3.960747061226819
2019-08-19,2245.0,2246.25,2143.25,2163.0,8322674,TCS,2176.3325,65.64508695088492,2338.2238348498513,-3.7061769616026696,1.03791030975497,1.038488210818308,0.9908691631992603,-1.2967597771280985,-0.7297238596740988,0.46931579153216385,12865164.9,0.6469154546165203,10861434.4,0.7662591968515686,213231904,0.9349433217869544,4.761904761904762,103.0,0.0,103.0,103.0,97.67788473463241,-0.20309973859849165,-3.06968406901188,48.02675008596303,50.24015369836695,71.86679474863912,-7.493886266928045
2019-08-26,2172.0,2282.0,2166.5,2276.3,10361520,TCS,2186.61,64.32220210946033,2337.9343394613115,5.238095238095242,0.9541800289944207,1.002504063612002,0.9517638272635416,2.496773595182795,3.6719766883068083,4.971387435308948,12563067.7,0.8247603409794568,10636976.8,0.9741038449947544,223593424,0.9751412532993354,5.0740236348460215,115.5,119.0,3.5,119.0,100.52083343668144,1.394386340308593,1.2048728436777623,61.225086973229615,93.7752161383286,75.41466538584699,-2.636273329879429
2019-09-02,2270.0,2274.85,2216.0,2259.6,8981004,TCS,2193.925,63.86357478414627,2337.618198228159,-0.7336467073760122,1.0046025845282351,1.0067489821207294,0.9807045494777837,1.18410507308508,2.537182511035879,3.913305504253376,11921410.6,0.7533507821633122,10060391.6,0.8927091863899215,214612420,0.937263637133247,2.6044432642945616,58.84999999999991,1.4500000000002728,60.30000000000018,60.30000000000018,95.15805564512394,1.0283639809073626,-0.6987475280158195,58.690307462810914,86.70707070707067,76.90748018125542,-3.3375081648189844
2019-09-09,2270.0,2296.2,2179.8,2182.85,10423590,TCS,2194.995,63.46888980976369,2336.8966363044383,-3.3966188705965683,1.0399248688640996,1.0519275259408571,0.9986027441189272,-1.5268711934266292,-0.7625610285622731,0.4902824400638565,11882949.35,0.8771887932014117,9391493.0,1.1098970099855263,204188830,0.8972134802170807,5.332478182192988,116.39999999999964,36.59999999999991,79.79999999999973,116.39999999999964,97.99031489244071,-0.1913535912854689,-2.5317586122212132,48.12481648824379,52.01100762066046,77.49776482201992,-6.5919319627267425
2019-09-16,2186.0,2195.0,2115.55,2150.0,9635421,TCS,2190.5675,63.35910866888449,2336.0946275829583,-1.504913301417865,1.0167441860465116,1.0209302325581395,0.9839767441860466,-2.0520715611073896,-1.973245052968957,-0.9442890206501033,11759966.45,0.8193408578984509,9544841.8,1.0094898587004344,194553409,0.8643052545755147,3.695348837209294,79.44999999999982,12.150000000000091,67.29999999999973,79.44999999999982,95.51827290678192,-0.6402788936316384,-1.1676013606693014,44.195589434391465,38.103302286198165,58.94046020464311,-7.966056913349491
2019-09-23,2154.95,2156.55,1975.0,2015.8,19169264,TCS,2183.465,74.24620865741052,2333.3833741930835,-6.241860465116278,1.0690296656414326,1.069823395178093,0.9797598968151603,-5.897395196739385,-7.51030155934544,-7.02584727892874,12087509.55,1.5858737418743134,11714159.8,1.6364181748656015,175384145,0.7889971858355113,9.006349836293293,181.55000000000018,6.550000000000182,175.0,181.55000000000018,106.98916985254435,-2.2582297875120596,-6.053968401920118,31.913392401458253,12.702366127023653,34.27222534462744,-13.610424146563926
2019-09-30,2015.0,2107.0,2013.0,2099.3,17524325,TCS,2181.9925,75.66690904880244,2331.5858322370336,4.142276019446389,0.9598437574429571,1.0036678892964321,0.9588910589244033,-1.1235393504461022,-2.7720529496206936,-2.5381370136676504,12462119.2,1.4062074610873567,13146720.8,1.332980692797553,192908470,0.8734635757816028,4.477683037202876,94.0,91.20000000000005,2.7999999999999545,94.0,105.25728053887177,-1.0928489221974953,-0.5023934783638939,43.2382939750507,38.69863013698638,29.834766183402746,-9.962568352637803
2019-10-07,2095.95,2095.95,2039.7,2047.7,10001662,TCS,2177.1800000000003,81.08091540001884,2330.3470817230486,-2.457962177868822,1.02356302192704,1.02356302192704,0.9960931777115788,-2.447834532529676,-4.595833970017408,-4.695162921030013,12396075.35,0.8068410135954845,13350852.4,0.749140332043518,182906808,0.837655586335146,2.746984421546114,56.24999999999977,3.350000000000364,59.600000000000136,59.600000000000136,99.1696431336889,-1.596923263152628,-3.8638497652582093,38.65394474254221,22.633872976338758,24.67828974678294,-12.128969282724208
2019-10-14,2060.0,2060.0,1925.0,2021.0,21052145,TCS,2175.4725000000003,84.08978358841888,2327.5316844900362,-1.3039019387605655,1.0192973775358734,1.0192973775358734,0.9524987629886195,-2.5342011453937148,-5.123724840773881,-5.5717935117649855,12868468.9,1.6359479253977138,15476563.4,1.3602596684997912,161854663,0.7514694249011715,6.679861454725383,135.0,12.299999999999955,122.70000000000005,135.0,103.94702404919704,-1.836994857259625,-10.121853597794184,36.35273750365952,25.862068965517253,29.064857359614138,-13.169817903346717
2019-10-21,2032.0,2063.9,1999.3,2057.35,12202067,TCS,2166.225,86.4892532113233,2326.1139278557157,1.7986145472538295,0.987678324057647,1.0031837071961505,0.9717840911852627,-0.4817266596481505,-2.799738041601663,-3.3976369909530515,12374881.6,0.9860350502262584,15989892.6,0.7631112544183067,174056730,0.8213351633083703,3.139961601088786,64.60000000000014,42.90000000000009,21.700000000000045,64.60000000000014,98.70075417597079,-1.2588269173047493,-8.409571508069003,41.795960163730214,35.654633620689644,28.050191854181893,-11.554203112633902
2019-10-28,2080.0,2130.0,2040.05,2115.7,14877976,TCS,2160.435,85.76249195490746,2324.7762212430625,2.836172746494281,0.9831261521009595,1.006758992295694,0.9642435127853666,1.526341055528611,0.030368445476649436,-0.5004810502713803,12574572.2,1.183179496158128,15131635.0,0.983236510793447,188934706,0.9007941653251018,4.251547951032757,89.95000000000005,72.65000000000009,17.299999999999955,89.95000000000005,97.53398695250803,-0.5216149738690088,-2.1867776236708325,49.75488759434169,51.37392241379308,37.630208333333336,-8.993391249127162
2019-11-04,2121.5,2284.95,2121.5,2193.95,21957601,TCS,2157.6725,83.61575568446412,2323.560129415498,3.6985394904759605,0.9669773695845394,1.041477700038743,0.9669773695845394,3.359019051233874,3.0822100464960225,2.826996006493215,13052691.95,1.6822277798412304,16018290.2,1.370783068969496,210892307,1.0136927470911774,7.450033045420352,163.44999999999982,169.25,5.800000000000182,169.25,107.09612202550696,0.4338596201521872,-3.6177129552343867,58.529569003614824,72.45420258620689,53.160919540229884,-5.578083724827136
2019-11-11,2197.0,2211.0,2091.0,2100.95,12922319,TCS,2148.945,79.68722888498642,2322.3489660405235,-4.2389297841792235,1.0457174135510128,1.05238106570837,0.9952640472167353,-0.612573725392636,-1.035362343629613,-1.3515644996745897,13149614.45,0.9827146681095278,16602421.6,0.7783394080294889,197969988,0.9650032575917746,5.7117018491634735,120.0,17.050000000000182,102.94999999999982,120.0,108.8166390887727,-0.6022922452137485,-7.021154186581702,47.22075690410808,47.40032327586204,57.07614942528735,-9.53340644657709
2019-11-18,2118.0,2211.5,2118.0,2152.6,11154549,TCS,2144.5975,76.80361572320467,2321.55547571397,2.4584116709107873,0.9839264145684289,1.0273622595930503,0.9839264145684289,1.201032311820212,1.1904894350292892,0.9902651138350338,13152110.25,0.848118574735944,14622902.4,0.7628136121595122,209124537,1.028303741704866,4.343584502462139,93.5,110.55000000000018,17.050000000000182,110.55000000000018,109.04775387693637,0.10419431330994304,-1.3858029640149372,53.035692023972594,61.3146551724138,60.389727011494244,-7.277684185514001
2019-11-25,2153.0,2154.65,2052.2,2081.5,14401075,TCS,2139.9024999999997,77.68653353973812,2320.115431185078,-3.3029824398401852,1.0343502282008168,1.0351429257746818,0.9859236127792457,-1.4491657764675483,-1.872558570600583,-2.1924056559991008,13307699.05,1.0821611569281768,15062704.0,0.9560750181375137,194723462,0.9666969440841142,4.921931299543612,102.45000000000027,2.050000000000182,100.40000000000009,102.45000000000027,108.16805336001156,-0.7517712187547372,-3.1860465116279046,45.13690082310655,42.16056034482761,50.29184626436782,-10.284636185674472
2019-12-02,2089.85,2097.9,2016.0,2021.05,18267661,TCS,2133.67,82.0731948676868,2317.8568987735493,-2.904155656978147,1.0340417109918112,1.0380247890947776,0.9975012988298162,-2.9890200848460604,-4.216788585016321,-4.811583751951681,13361967.55,1.3671385543815364,15740641.0,1.1605411113816775,176455801,0.8847528068048685,4.052349026496133,81.90000000000009,16.40000000000009,65.5,81.90000000000009,104.66564624534337,-1.3721897896330093,0.2604425042166847,39.382844766577534,25.87553879310345,43.11691810344829,-12.805229646860392
2019-12-09,2027.7,2128.0,2010.0,2060.45,15976004,TCS,2131.1974999999998,83.55838405601472,2316.167988382739,1.94948170505429,0.9841054138659032,1.0327841005605574,0.975515057390376,-0.6797735260026261,-1.9062440187118428,-2.5734250916345798,13586577.35,1.1758667093592927,14544321.6,1.0984358321669676,192431805,0.9678557236161373,5.7269043170181275,118.0,106.95000000000005,11.049999999999955,118.0,106.44356007929758,-0.8466834393610725,-1.8506168722907779,44.68589861317377,36.489762931034456,34.84195402298851,-11.040563105325276
2019-12-16,2060.0,2136.0,1984.0,2126.75,27885685,TCS,2131.035,83.56399548911652,2314.023245091375,3.217743696765285,0.9686140825202774,1.0043493593511226,0.9328788056894323,1.6392337724533943,1.0890981927401777,0.5722130390406772,14387665.1,1.9381661170303444,17536994.8,1.5901062478504013,220317490,1.107090038438582,7.147055366169037,152.0,75.55000000000018,76.44999999999982,152.0,112.51775206872458,-0.0512780650915374,3.8604287737461496,52.71740490448434,56.04945131268234,39.47158434560675,-8.092971645320702
2019-12-23,2126.5,2246.7,2119.0,2231.7,28357926,TCS,2130.19,82.38980455576203,2313.0861199491183,4.9347596097331525,0.9528610476318502,1.0067213335125689,0.9495003808755658,4.176559103094859,4.9204922249189185,4.810663578160798,15117157.25,1.8758768947779518,20977670.2,1.3518148454826981,248675416,1.243883684904566,5.72209526370031,127.69999999999982,119.94999999999982,7.75,127.69999999999982,114.54205179289461,1.2320699211186628,10.425531914893615,62.62844318779373,85.20627864981246,59.24849763117643,-3.5185079901352188
2019-12-30,2239.0,2243.55,2176.0,2183.2,8695354,TCS,2127.0375,78.84524795445716,2312.6343291439393,-2.1732311690639383,1.025558812751924,1.027642909490656,0.9967020886771712,1.365221372412597,2.407107194557734,2.4713546239921587,15108491.1,0.57552762499228,19836526.0,0.43835064668077467,239980062,1.1948828841517352,3.0940820813484877,67.55000000000018,11.850000000000364,55.69999999999982,67.55000000000018,108.27644488717536,0.7123130620686318,6.117092376114908,56.33219647958059,71.732185025698,70.99597166273094,-5.5968350686834185
2020-01-06,2189.0,2225.95,2149.2,2200.45,13323919,TCS,2128.91,80.17771642124849,2312.039567497218,0.7901245877610874,0.9947965188938627,1.0115885387079915,0.9767093094594288,1.4256330296836806,2.7190008902692324,2.966252189555793,15358553.35,0.8675243492252479,18847777.6,0.7069225498501213,253303981,1.2487660562434397,3.48792292485628,76.75,42.75,34.0,76.75,104.07291890221865,0.892267866848857,4.005766413007517,58.062445033385366,76.5245172940686,77.82099365652635,-4.826455786741301
2020-01-13,2200.5,2260.0,2183.8,2190.35,16120644,TCS,2124.6124999999997,73.9212060504102,2311.263967790321,-0.45899702333612735,1.0046339626087155,1.031798571004634,0.9970096103362478,0.6473955304456628,1.9460786145695963,2.3089150872230757,15646509.55,1.0303028895029178,18876705.6,0.8539966846757412,237183337,1.1653888364165155,3.478896066838625,76.19999999999982,59.55000000000018,16.649999999999636,76.19999999999982,100.35652971525613,0.8892914971540212,-0.16408760454886817,56.54870942825901,73.71857202389222,73.99175811455295,-5.231508364054186
2020-01-20,2195.0,2253.55,2156.2,2170.35,17785005,TCS,2120.15,67.78237816330686,2310.2800318463965,-0.9130960805350696,1.0113576151312,1.0383348307876612,0.9934803142350311,-0.1787660054486888,0.893572778619317,1.2912914880967712,16086709.6,1.1055713344884401,16856569.6,1.055078549315277,219398332,1.0767370836176566,4.4854516552629935,97.35000000000036,63.20000000000027,34.15000000000009,97.35000000000036,99.95565908655536,0.7406054694489158,3.3032675694328884,53.36960203489365,61.92058481475329,70.7212247109047,-6.056842889931539
2020-01-27,2169.95,2217.75,2158.05,2169.25,8615063,TCS,2119.4700000000003,67.1858525991413,2309.804628319467,-0.05068306955099411,1.0003226921747146,1.0223579578195228,0.9948369252045639,-0.15304361720274298,0.7228432526356126,1.1378010561676122,15996283.25,0.5385665448253425,12907997.0,0.6674205920562268,210783269,1.0327858769651663,2.7521032614959005,59.69999999999982,47.40000000000009,12.299999999999727,59.69999999999982,94.58823787501463,0.7409297951014762,0.7734832295828387,53.17987012873104,61.55507559395252,65.73141081086602,-6.085130603523371
2020-02-03,2174.0,2194.7,2063.6,2102.5,17483364,TCS,2117.0950000000003,66.88872318615113,2308.396100404185,-3.077100380315778,1.0340071343638526,1.0438525564803804,0.9814982164090368,-2.221796231983225,-2.0819999079545504,-1.8341290387630735,16388680.4,1.0667951032836054,14665599.0,1.1921343274147889,193299905,0.9474126619721659,6.2354340071343595,131.0999999999999,25.449999999999818,105.65000000000009,131.0999999999999,99.45647282501267,-0.21819821495743627,1.0088878212827224,42.58082055489745,39.37531151354048,54.28365730741543,-8.919444126947441
2020-02-10,2129.0,2174.2,2086.6,2161.95,13055200,TCS,2124.4024999999997,63.11694549968623,2307.6568442606904,2.8275862068965374,0.9847591294895812,1.00566618099401,0.9651472050694975,0.39275451089841074,0.6215005078849429,0.8856271982857649,16082977.2,0.8117402541613999,14611855.2,0.8934662861975254,206355105,1.0037810321304392,4.0518975924512555,87.59999999999991,71.69999999999982,15.900000000000091,87.59999999999991,97.87560978167764,0.5948877865166461,6.971623660968307,52.34203102192373,64.47463768115935,55.13500826288412,-6.314060282536116
2020-02-17,2163.0,2217.0,2147.6,2203.25,7877014,TCS,2129.6,65.18707492165849,2307.339812010784,1.9103124494091128,0.9817315329626688,1.0062407806649267,0.9747418586179507,1.5065972585458867,2.129446313927872,2.51490218747583,15600611.65,0.5049169979178348,12963129.2,0.6076475732418065,214232119,1.036720776673791,3.1498922046976103,69.40000000000009,55.05000000000018,14.349999999999909,69.40000000000009,94.0788618107873,1.1298252006016882,6.930524885340583,58.05744482156893,79.43840579710145,61.096118330600426,-4.51124760509691
2020-02-24,2199.95,2230.0,2106.7,2115.35,9656841,TCS,2132.9824999999996,62.40966793146385,2306.62775886137,-3.9895608759786705,1.0399933817098825,1.0541990687120335,0.9959108421774174,-1.7240928105226982,-1.6606359942482058,-1.4079411330623892,15583370.6,0.6196888495997137,11337496.4,0.8517613288944462,204575278,0.9848256107393863,5.828822653461611,123.30000000000018,26.75,96.55000000000018,123.30000000000018,97.97501356934903,-0.28252834191271636,-0.5360291524626803,44.84900101630861,47.590579710144894,63.8345410628019,-8.292528264542828
2020-03-02,2115.5,2176.65,1985.7,2001.3,14675562,TCS,2131.9975,64.3940019987953,2304.9164860959936,-5.391542770699886,1.057062909109079,1.0876180482686255,0.9922050667066408,-5.014094081093673,-6.3892011694254265,-6.588058221908198,15264541.45,0.961415188793634,12549596.2,1.1694051159988719,189899716,0.9080477124634148,9.541298156198472,190.95000000000005,61.30000000000018,129.64999999999986,190.95000000000005,110.37167842676917,-2.029653320855025,-10.323968275305816,33.4543573658288,6.268115942028969,44.43236714975844,-13.172559089559519
2020-03-09,2020.0,2147.75,1935.0,1972.35,17467652,TCS,2127.7475,71.942589455978,2302.7126278832147,-1.4465597361714932,1.0241589981494157,1.088929449641291,0.9810631987223364,-4.37032186122909,-6.814948795832859,-7.473170334649598,15527820.7,1.1249261784688176,12546453.8,1.3922381796838879,172432064,0.8248426486658111,10.786625091895456,212.75,146.45000000000005,66.29999999999995,212.75,124.02212130319995,-2.160020944131966,-9.657841700256498,31.137333150787043,11.492307692307664,21.783667781493843,-14.346672002528734
2020-03-16,1933.0,1987.3,1506.05,1696.4,31399869,TCS,2106.7825000000003,120.4080532310635,2295.5750283276557,-13.990924531650052,1.1394718226833294,1.171480782834237,0.887791794388116,-14.232022448713044,-20.73456273324735,-22.87598161818199,16353915.35,1.9200214950360497,16215387.6,1.9364242024038945,141032195,0.6824579584900423,28.36889884461212,481.25,14.950000000000045,466.29999999999995,481.25,171.65250512944,-3.408264555299093,-22.90667817946328,17.674178145448494,25.24703229657141,14.335818643636012,-26.101304506878144
2020-03-23,1730.0,1869.0,1546.75,1669.7,33658745,TCS,2080.5699999999997,153.0677390466132,2287.7755206250026,-1.5739212449893958,1.0361142720249146,1.1193627597772056,0.9263640174881715,-10.705796602981298,-19.427328546966084,-22.77080550338,16938972.55,1.987059421735706,21371733.8,1.574918783613148,107373450,0.5329305834441583,19.299874228903395,322.25,172.5999999999999,149.6500000000001,322.25,191.73217111218133,-2.6842364208102585,-23.77017371652932,16.860299797299618,21.70568340075603,19.4816744632117,-27.016440863750002
2020-03-30,1653.05,1905.0,1632.85,1778.5,26520725,TCS,2064.4474999999998,167.14273168935276,2282.823569992533,6.516140624064204,0.929463030643801,1.0711273545122295,0.9181051447849311,-2.622235437352789,-10.389723510921394,-13.98859307651248,17618892.85,1.5052435601820462,24744510.6,1.0717821592317125,133894175,0.6753001504802898,15.302220972729833,272.1500000000001,235.29999999999995,36.850000000000136,272.1500000000001,202.45454829722382,-1.7107982926320393,-18.054691639597298,31.657419318167584,36.1363485642284,27.696354753851946,-22.092095798458164
2020-04-06,1837.4,1855.0,1650.0,1654.2,14605020,TCS,2039.5275000000001,189.0292628940377,2279.475368469703,-6.9890357042451505,1.1107483980171684,1.121387982106154,0.9974610083424011,-6.888987919772677,-16.015401453015034,-20.67443682003142,17791416.4,0.8209026010992583,24730402.2,0.5905694489675546,119289155,0.6155849073485141,12.392697376375287,205.0,76.5,128.5,205.0,202.793941857594,-2.038454227142595,-23.743229226691255,25.641496725334136,19.649844154121638,25.830625373035357,-27.43067010587939
2020-04-13,1710.0,1806.0,1701.0,1759.25,20011708,TCS,2023.4150000000002,198.7474879682365,2275.7062786099054,6.350501753113291,0.972005115816399,1.0265738240727582,0.9668892994173653,-0.337554380896409,-7.789525772059112,-12.346226482149394,18071948.05,1.1073354098093482,25239213.4,0.7928816038300148,139300863,0.7292831269437962,5.9684524655392925,105.0,151.79999999999995,46.799999999999955,151.79999999999995,195.99474960991483,-1.3291488747883877,-16.325802615933416,37.26663549636982,33.58312885469859,29.789773857682878,-22.694329380915455
2020-04-20,1785.0,1851.95,1675.05,1818.65,24147102,TCS,2013.2949999999996,203.9589147869069,2271.7451835022657,3.3764388233622267,0.981497264454403,1.0183102851015864,0.9210403321144804,1.959753097227052,-3.659098726054255,-7.953751790519268,18365920.1,1.314777689792955,23788660.0,1.015067767583378,163447965,0.8586242964112072,9.726995298710586,176.9000000000001,92.70000000000005,84.20000000000005,176.9000000000001,193.44878299525953,-0.9543343579924496,-15.879183144846076,43.07324025801848,41.81939799331104,31.684123667377094,-19.944806609152593
2020-04-27,1765.0,1900.0,1719.15,1836.6,21248766,TCS,2002.1025000000002,207.34888313064639,2268.451749450675,0.9869958485689834,0.9610149188718284,1.034520309267124,0.9360503103560929,1.9452992741195378,-2.267988938320161,-6.323777525141863,18629558.2,1.1405941983100814,21306664.2,0.9972826248418558,184696731,0.9722235019326672,9.84699989110312,180.8499999999999,81.34999999999991,99.5,180.8499999999999,191.76894526255825,-0.7981837061341703,-16.641325314875754,44.85304014973363,45.65923060984874,40.35391915261946,-19.037290502442982
2020-05-04,1865.0,2032.0,1832.6,1930.45,16565450,TCS,1992.2875,205.77811560475098,2266.469089357549,5.109985843406295,0.9660959879820767,1.0526043150560749,0.9493123365018519,4.474858762412196,2.3175698556803614,-1.0585505896479557,18063546.45,0.9170652089750626,19315609.2,0.8576198570014556,201262181,1.0647622818225189,10.329197855422317,199.4000000000001,195.4000000000001,4.0,199.4000000000001,192.78641922755048,-0.300505716160675,-8.74087030515044,53.60395407113566,58.62283306858209,48.70048722391396,-14.825663889940651
2020-05-11,1955.1,1977.0,1883.35,1935.3,14726139,TCS,1977.4675000000002,198.16056838292099,2264.751157189316,0.2512367582687913,1.0102309719423346,1.021547046969462,0.9731566165452384,3.1428343918767467,2.196316286687836,-0.738183091495074,17381957.1,0.8472083388124343,19339833.0,0.7614408562886763,215988320,1.1526359879945647,4.839043042422368,93.65000000000009,46.549999999999955,47.100000000000136,93.65000000000009,179.56822999721044,-0.2127946056276783,-3.297856393344323,54.03884280731084,59.29276883762691,54.52494417201925,-14.546903139600712
2020-05-18,1933.4,1994.0,1865.2,1945.6,15078077,TCS,1965.5875,192.2103554873649,2263.064957236079,0.5322172273032555,0.9937294407894738,1.0248766447368423,0.9586759868421053,2.4370639386646893,2.3263617141801087,-0.18780252478560394,17701093.25,0.8518161441808121,18353106.8,0.821554473818024,231066397,1.2360409678068927,6.620065789473682,128.79999999999995,58.700000000000045,70.09999999999991,128.79999999999995,172.79913266424904,-0.10398763349310843,-1.3562501584404418,55.07081762068726,60.71551902755714,59.54370697792205,-14.028097435780392
2020-05-25,1903.0,2032.0,1903.0,2020.35,13041551,TCS,1956.5825,184.70008853259282,2261.960847181345,3.8420024671052655,0.9419160046526592,1.005766327616502,0.9419160046526592,4.031166744727735,5.091551754233025,3.2257498900994324,17686974.85,0.7373533976614435,16131996.6,0.8084275817414938,244107948,1.3090236852522266,6.385032296384289,129.0,86.40000000000009,42.59999999999991,129.0,166.95924830901583,0.34524888702880774,19.096321622258895,62.18140410359399,71.04081773603149,63.683035200405186,-10.681477863881641
2020-06-01,2015.0,2060.0,1925.0,2045.25,22519100,TCS,1949.3275,177.75357163855648,2260.271883651164,1.232459722325352,0.9852096320743186,1.0072118322943406,0.9412052316342745,3.466362786199137,5.354588123700439,4.0369385036501875,18006897.65,1.2505818846590713,16386063.4,1.3742837098994747,266627048,1.418582788362128,6.6006600660066,135.0,39.65000000000009,95.34999999999991,135.0,162.69801520114706,0.5396375392954038,22.492064442714256,64.34997113161975,80.40560691917685,70.72064789425515,-9.51309818993214
2020-06-08,2060.2,2100.0,2020.0,2071.75,16723418,TCS,1944.3974999999998,172.59330617241966,2259.1870352733454,1.295685124067969,0.9944250030167732,1.0136358151321347,0.9750211174128153,3.1340906603833387,5.627321840403373,4.825712289147507,17953818.3,0.93146860019186,16417657.0,1.0186239120478642,283350466,1.482340582896321,3.861469771931941,80.0,54.75,25.25,80.0,151.67161317432743,0.7378762411143328,16.488614000562272,66.69511666952292,88.15645940470624,79.86762801997152,-8.296658592088054
2020-06-15,2063.1,2132.0,2000.95,2029.9,15590000,TCS,1937.4299999999998,165.71402872355063,2257.9635906933663,-2.0200313744418885,1.0163554854918961,1.0502980442386325,0.9857382137051086,0.7580184001343806,3.155709580143578,2.624897933619683,18302565.15,0.8517931706419852,16590429.2,0.9396984135889626,267760466,1.380211594569229,6.455983053352379,131.04999999999995,60.25,70.79999999999995,131.04999999999995,148.92206475108378,0.558009486054205,22.711884899044854,59.556169524122396,83.68879303458743,84.08361978615683,-10.100410459822045
2020-06-22,2065.0,2090.0,2019.15,2027.95,15672467,TCS,1933.7024999999999,162.61506490951757,2256.7363600800813,-0.09606384550963076,1.018269681205158,1.0305974013166004,0.9956606425207722,0.4417273767212417,2.6250752350473983,2.3203269093584065,18212020.3,0.8605562008955151,16709307.2,0.9379483429450625,252087999,1.2800309840943447,3.4936758795828258,70.84999999999991,60.09999999999991,10.75,70.84999999999991,138.51245611760595,0.5795742236578232,15.273554071337214,59.21539913770755,82.2212729602734,84.6888417998557,-10.137930337239867
2020-06-29,2027.0,2132.0,2009.25,2101.65,19188418,TCS,1930.6875,158.6716510969821,2255.7298449175078,3.634211888853267,0.9644802892965051,1.0144410344253325,0.9560345442866319,2.622003674453191,5.176961498787426,5.266916332174219,18518681.2,1.0361654694935836,17938680.6,1.069667186114011,271276417,1.3551282684923345,5.840649013870054,122.75,104.04999999999995,18.700000000000045,122.75,136.41079530192516,1.0774609000287372,15.560993044291106,67.35994321761446,93.91966342782733,86.60990980756272,-6.8305983211895835
2020-07-06,2100.0,2269.9,2075.05,2263.2,18709633,TCS,1933.685,164.54909849582822,2255.776819490192,7.686817500535281,0.9278897136797456,1.0029604100388831,0.9168655001767411,6.381976558976825,10.239039968916286,11.026657012366458,19060312.15,0.981601605092286,17176787.2,1.0892393776642935,289986050,1.4216901926644767,8.609490986214206,194.8499999999999,168.25,26.59999999999991,194.8499999999999,144.20268926166847,2.002533000862074,23.22770336491342,78.31337005522357,98.91918051298593,91.68670563369555,0.32907424376696903
2020-07-13,2275.0,2302.7,2176.0,2220.0,24441605,TCS,1938.9175,172.11963959852636,2255.4853142752313,-1.9088016967126142,1.0247747747747749,1.0372522522522523,0.9801801801801802,3.040146951434344,7.279148748127929,8.52067686389886,19799550.35,1.2344525288676567,18720424.6,1.305611679341931,265544445,1.282692022503663,5.707207207207199,126.69999999999982,39.5,87.19999999999982,126.69999999999982,141.86899736011264,1.6330646558151782,14.999093475614501,70.96535286030203,86.8238668047479,93.22090358185373,-1.5732895288938742
2020-07-20,2210.0,2333.0,2165.0,2207.9,24590053,TCS,1949.2475,181.97803039392667,2255.0984116061513,-0.545045045045045,1.0009511300330631,1.0566601748267583,0.980569772181711,1.6725172432882758,5.803721786381618,7.351062435512263,20295274.9,1.2116146798287517,20520435.2,1.198320248100781,240954392,1.1497345337713796,7.609040264504732,168.0,113.0,55.0,168.0,145.35313104543096,1.4213391552820784,14.085671472123185,68.87674739160298,80.98639714264003,88.90981482012462,-2.09296460692086
2020-07-27,2230.0,2238.65,2125.1,2206.8,15706835,TCS,1960.97,190.878204760606,2254.8488710214992,-0.049821096969970835,1.0105129599419973,1.0144326626789921,0.9629780677904657,1.082336662877212,4.9343732355130685,6.696140651057449,20207234.05,0.7772877258280679,20527308.8,0.7651677651967704,225247557,1.0614134898499097,5.145459488852645,113.55000000000018,30.75,82.80000000000018,113.55000000000018,141.11271357270687,1.287889313021951,13.425164473684227,68.66476528402636,79.44123157123079,82.41716517287291,-2.130913146286908
2020-08-03,2215.0,2358.0,2215.0,2254.15,30017546,TCS,1988.8575,190.93375351221522,2254.8420378130645,2.1456407467826732,0.9826320342479427,1.0460705809285096,0.9826320342479427,2.1067809884398176,5.941108567168583,7.934715786301173,20138117.9,1.490583486950387,22693134.4,1.3227589221874967,255265103,1.1713365341246993,6.343854668056695,143.0,151.19999999999982,8.199999999999818,151.19999999999982,142.45768509634593,1.3894478850384493,11.572252332516664,72.819632136717,80.23410734678342,80.22057868688475,-0.030691188183435372
2020-08-10,2259.95,2328.0,2225.05,2282.8,17571822,TCS,2019.5125,186.15279086291665,2255.0011473155932,1.2709890646141586,0.9899903627124582,1.0198002453127737,0.9747021202032592,2.223585177586473,6.104214076703948,8.332655638054092,19333771.75,0.9088667347073651,22465572.2,0.782166679021868,272836925,1.2061781243271075,4.509812510951455,102.94999999999982,73.84999999999991,29.09999999999991,102.94999999999982,137.18999375016645,1.4143623567475045,11.614717027258292,75.12257000571229,84.74025974025977,81.47186621942465,1.2327644585679858
2020-08-17,2283.0,2312.0,2233.1,2253.4,13782032,TCS,2043.2575000000002,184.06866658868626,2254.9940321642257,-1.2878920623795365,1.0131357060442,1.026005147776693,0.9909913907872547,0.6319340384587414,4.182137428254343,6.541953240882245,18696837.1,0.7371317365759152,20333657.6,0.6777940433107322,259054893,1.1144179877727838,3.501375698943822,78.90000000000009,29.199999999999818,49.70000000000027,78.90000000000009,129.41799458347762,1.1416527532607024,8.767949800892971,68.27324109022922,78.77435064935067,81.24957257879795,-0.07068897484822789
2020-08-24,2262.8,2289.0,2230.0,2248.1,13374974,TCS,2072.9525,164.90875585177096,2254.964429079574,-0.23520014200764106,1.0065388550331391,1.0181931408745164,0.9919487567279036,0.26511281000634224,3.391064891938564,5.7948197649513205,18635334.8,0.7177211541163189,18090641.8,0.73933109437831,245679919,1.028909031172322,2.62443841466127,59.0,35.59999999999991,23.40000000000009,59.0,120.02892863901394,1.0620873288100738,10.749297994975105,67.0025345580024,75.84615384615383,79.78692141192143,-0.3044140737233745
2020-08-31,2245.0,2287.35,2216.45,2257.25,16820326,TCS,2097.8525,152.15282611052962,2254.9767051927593,0.40701036430763615,0.9945730424188726,1.0133348100564845,0.9819249086277549,0.44626576828005887,3.242296593604902,5.661966162714878,18475765.7,0.9103993995767115,18313340.0,0.9184739648802458,262500245,1.0717048318157347,3.140990142872969,70.90000000000009,39.25,31.65000000000009,70.90000000000009,113.47840482047877,1.0476144549836204,11.306984886215133,68.18219781022864,76.73210161662819,77.11753537071088,0.10081234107677489
2020-09-07,2269.0,2343.5,2241.3,2327.05,20201802,TCS,2123.2725,145.36942004044283,2255.438664431605,3.0922582788791786,0.9750542532390795,1.0070690359038266,0.9631507702885628,2.288257208468564,5.266756740783889,7.784004223110447,18278500.7,1.105222049202318,16350191.2,1.235569771196315,282702047,1.1267528806650204,4.391826561526388,102.19999999999982,86.25,15.949999999999818,102.19999999999982,111.97461751108158,1.401790692590696,10.724906620988284,75.79793737232824,91.33174625402609,81.3033339056027,3.17505134135146
2020-09-14,2335.95,2505.75,2320.0,2491.4,25287229,TCS,2156.0125,151.03357580265634,2257.3167301600542,7.062589974431144,0.9376053624468169,1.005759813759332,0.9312033394878382,5.822667024421796,9.87087223717284,12.711609178951624,18480423.85,1.3683251642521175,17893272.6,1.413225493474011,307989276,1.1981016055467908,7.455647427149394,185.75,178.69999999999982,7.050000000000182,185.75,121.8113351762707,2.2206155036561186,10.08306822198659,85.3346211926841,97.15729001584788,88.40704596216739,10.369978953877165
2020-09-21,2491.4,2538.0,2436.4,2465.3,24003082,TCS,2182.755,156.2536348208792,2258.8762659256836,-1.0476037569238095,1.0105869468218878,1.0294893116456414,0.9882772887681012,3.217077738921416,7.642868532381144,10.805200658230941,18852305.45,1.2732173295017348,19937482.6,1.2039173892495334,283986194,1.08723405759136,4.121202287754022,101.59999999999991,46.59999999999991,55.0,101.59999999999991,119.11649048610127,1.8082459350394922,11.049549549549553,79.58801566527923,86.2505910165485,91.57987576214082,9.138337375452679
2020-09-28,2485.0,2555.0,2302.6,2426.3,36003671,TCS,2207.305,153.88220195638988,2260.738380414258,-1.5819575710866784,1.0241932160079132,1.0530437291348966,0.9490170218027448,1.107601904068731,5.2785712965229425,8.590538165454397,19916182.05,1.8077596855467586,24463222.0,1.471746894174447,247982523,0.9436157735510785,10.402670733215187,252.4000000000001,89.69999999999982,162.70000000000027,252.4000000000001,136.88762508795446,1.4231340415967235,9.891752343856153,71.30859400432236,76.41777370590933,86.60855157943523,7.323342719355473
2020-10-05,2434.85,2728.1,2426.3,2705.8,30935458,TCS,2245.315,177.8567527534441,2264.9513530016925,11.519597741416977,0.8998632567078128,1.0082415551777661,0.8967033779288935,7.548568383926371,12.911121359435365,16.530091231775625,20709051.1,1.4938133983357642,27286248.4,1.1337380480638006,278917981,1.0517551057147536,11.153817724887269,301.7999999999997,301.7999999999997,0.0,301.7999999999997,158.87594174289384,2.58907796792148,22.611926771796263,84.57646696373914,96.58525380904989,86.4178728438359,19.46393446437868
2020-10-12,2736.0,2885.0,2650.1,2830.0,51704955,TCS,2285.7975,212.6893097770096,2273.7519593992033,4.590139699903895,0.9667844522968198,1.019434628975265,0.9364310954063604,7.737318335271598,14.34272958334988,18.510551513672652,22642221.3,2.2835637155441106,33586879.0,1.5394391065630122,330622936,1.2267163821042686,8.300353356890461,234.9000000000001,179.19999999999982,55.70000000000027,234.9000000000001,169.01248284384135,2.5586734968981726,25.546214759443696,87.53253993038793,92.76220555336229,88.58841102277385,24.46388394747222
2020-10-19,2845.0,2854.9,2706.6,2711.55,23840246,TCS,2319.1125,224.862813660029,2276.873517840215,-4.185512367491162,1.0492153934096733,1.0528664417030849,0.9981744758532941,2.4713075273843605,9.086502887135236,13.704906437911577,22708278.6,1.0498482258360173,33297482.4,0.7159774337773958,306782690,1.1298446869183594,5.469196584979078,148.30000000000018,24.90000000000009,123.40000000000009,148.30000000000018,166.25081846466256,1.74523076364831,18.78175924303487,72.28670866696791,77.174628240558,88.84069586765673,19.090936705702852
2020-10-26,2725.0,2759.9,2638.1,2688.2,19410922,TCS,2349.9350000000004,231.32788992660255,2279.24765492293,-0.8611310873854583,1.0136894576296407,1.026672122609925,0.9813629938248642,1.082775072757242,7.111558526771451,11.875726309082603,22842653.8,0.8497665012985487,32379050.4,0.5994901567588901,287371768,1.0575734042409717,4.53091287850607,121.80000000000018,48.34999999999991,73.45000000000027,121.80000000000018,160.32404266937425,1.4622750421807187,19.29528712168278,69.5320588706856,74.10185550730357,81.34622976707462,17.94242693170164
2020-11-02,2699.75,2718.15,2600.05,2604.6,16211278,TCS,2378.67,225.09145708496166,2280.808485170508,-3.1098876571683642,1.0365315211548798,1.0435959456346464,0.99825309068571,-1.394784624488468,3.5400966306864805,8.293263268346848,22873717.7,0.7087294777621567,28420571.8,0.5704064687396613,271160490,0.9972894104567736,4.534285494893647,118.09999999999991,29.950000000000273,88.14999999999964,118.09999999999991,154.69417031345768,1.0037253431378415,15.85783550553801,60.07475674786102,58.149253731343265,69.80857915973495,14.196348221901935
2020-11-09,2604.0,2744.0,2601.05,2726.6,18120712,TCS,2413.6025,221.98889165842584,2283.186249963148,4.684020578975656,0.9550355754419424,1.0063815741216167,0.953953641898335,2.0947074420052494,6.733829369162855,11.363571499183921,22996129.95,0.7879896330121409,25857622.6,0.7007880144402757,289281202,1.0567073743999946,5.242793222328167,142.94999999999982,139.4000000000001,3.549999999999727,142.94999999999982,153.12828093832997,1.4099692000877637,20.7930003322627,67.51471244478918,76.30693291451648,69.51934738438779,19.420831307301757
2020-11-16,2697.2,2713.15,2636.0,2670.35,13286878,TCS,2442.0375,216.276653285967,2284.6945379441568,-2.0630088755226317,1.010054861722246,1.0160278615162808,0.9871365176849477,0.02157752388801339,4.087894039987088,8.70510278135899,22701052.95,0.5852978727138735,18174007.2,0.7310923702066102,275994324,1.0073041123291566,2.8891343831333005,77.15000000000009,13.449999999999818,90.59999999999991,90.59999999999991,144.7911768132193,1.0556502356179835,14.752583743366054,61.42523267912634,67.89320170518285,67.4497961170142,16.87995728316787
2020-11-23,2695.0,2730.0,2607.05,2724.25,16306425,TCS,2465.09,220.73667486754064,2286.786084942446,2.0184619993633746,0.9892630999357621,1.0021106726622007,0.9569789850417547,1.333117871197422,5.130463015932411,9.635446555144279,22580892.55,0.72213376702862,16667243.0,0.9783516685992998,292300749,1.0663676875079133,4.513168762044593,122.94999999999982,59.65000000000009,63.29999999999973,122.94999999999982,141.87901990479003,1.174068605298672,9.346150758609607,64.9232009760737,75.955425921771,73.38518684715677,19.130075958484944
2020-11-30,2734.4,2743.0,2669.05,2679.65,14850672,TCS,2488.0725,217.78452561806034,2288.4812245680764,-1.6371478388547245,1.02043177280615,1.0236411471647415,0.9960442595115034,-0.20606015447054205,3.04410667848003,7.453803607945374,22101345.9,0.6719351874403269,15755193.0,0.9425890244568886,277450077,1.0099962570794077,2.7596887653238227,73.94999999999982,18.75,55.19999999999982,73.94999999999982,132.82181725081801,0.8796653456268925,8.694682188780266,59.75016319813077,69.2842719317927,71.04429985291551,17.09294230743589
2020-12-07,2679.0,2773.9,2624.45,2737.7,13649524,TCS,2514.5625,214.1021336916452,2290.255715161196,2.166327692049319,0.9785586441173248,1.013222778244512,0.9586331592212441,1.2791347742199566,4.3713880142316475,8.63146781417306,21554319.45,0.6332616546610569,15242842.2,0.8954710559163304,291099601,1.0500999589392677,5.458961902326781,149.45000000000027,94.25,55.20000000000027,149.45000000000027,135.03890828404232,1.0422011969360734,12.834356839632344,64.05183899652098,77.1166692558645,74.11878903647606,19.536870135364396
2020-12-14,2740.0,2840.0,2732.45,2797.7,14344681,TCS,2544.1075,210.130998787221,2292.353584230491,2.191620703510244,0.9793759159309433,1.015119562497766,0.9766772706151482,2.264214002307122,5.504791885138909,9.708393316637393,21486211.75,0.6676226208186745,14487636.0,0.9901326206704807,305444282,1.0861354836966417,3.844229188261793,107.55000000000018,102.30000000000018,5.25,107.55000000000018,131.3737205128367,1.2068305079384691,3.3964077167565776,68.11577076904274,85.01030219780216,77.13708112848646,22.044872102012402
2020-12-21,2786.0,2898.0,2755.0,2820.15,16576005,TCS,2572.4075,207.11705390849903,2294.8630173589595,0.8024448654251781,0.9878907150328883,1.0276049146322004,0.9768983919295072,2.0281643445099586,5.363166475051666,9.55823543078446,20814134.7,0.7963821335315948,15145461.4,1.0944536163157101,322020287,1.131647134768289,5.070652270269312,143.0,100.30000000000018,42.69999999999982,143.0,132.92389111112516,1.196147276744526,-0.3480565371024702,69.59952868352296,86.9247564662412,83.0172426399693,22.889687910242525
2020-12-28,2834.0,2949.7,2818.65,2929.4,9588863,TCS,2604.7375,209.9772631018322,2296.603463260966,3.873907416272182,0.9674336041510206,1.00692974670581,0.9621936232675633,3.787971979738681,7.6222143787465875,11.85360011581992,20414986.75,0.4696972433744048,13801949.0,0.694747024496323,331609150,1.1534330331087153,4.473612343824664,131.04999999999973,129.54999999999973,1.5,131.04999999999973,132.6740389629751,1.546179311054974,8.03415020928988,75.89751777428842,96.86292690465156,89.5993285228983,27.553582795722225
2021-01-04,2920.0,3050.75,2845.0,3039.45,16467808,TCS,2644.04,214.27500259442596,2300.086278275467,3.7567419949477543,0.9607001266676537,1.0037177778874469,0.9360246097155736,4.847693961615087,9.400248109108155,13.791373932019274,20549275.55,0.8013814384809298,14125376.2,1.16583146295247,348076958,1.1922541033960057,6.76931681718732,205.75,121.34999999999991,84.40000000000009,205.75,142.41750043457841,1.8453389112701186,13.066364109813255,80.57488695809312,98.19040755865159,93.99269697651478,32.145042936340836
2021-01-11,3039.6,3230.0,3000.25,3176.45,28632930,TCS,2690.4575,224.3073545002343,2307.1725809783416,4.507394429913303,0.9569173133529569,1.016858442601017,0.9445292700971211,5.9677361859163485,11.406691868117484,16.05041546575674,21312173.35,1.3435011779312502,17122057.4,1.6722832619402388,376709888,1.2620091110485248,7.232917250389587,229.75,190.55000000000018,39.19999999999982,229.75,154.06183370996797,2.166636493407942,21.95538662366583,84.80932191464748,91.49932534328119,95.51755326886143,37.677173618847654
2021-01-18,3176.45,3274.0,3120.4,3221.75,22408399,TCS,2738.6825,229.88005641100162,2312.9238168154047,1.4261203544837953,0.9859393186932567,1.0162178940017073,0.9685419414914255,4.859929253305192,10.844892119717125,15.794903501415735,21591577.0,1.0378305855102663,18734801.0,1.1960841751134692,399118287,1.3071657990692531,4.767595251028165,153.5999999999999,97.55000000000018,56.04999999999973,153.5999999999999,154.00025588197224,2.1013893399100514,18.15997946160053,85.97569825235875,92.24719934713256,93.97897741635512,39.293390321689486
2021-01-25,3233.0,3339.8,3232.0,3291.3,14533073,TCS,2786.895,239.90215653579529,2316.897795983461,2.158764646543032,0.9822866344605474,1.0147358186734725,0.9819828031476924,4.5802523970945614,10.910460353060316,16.109757388482453,21308140.55,0.6820432297176676,18326214.6,0.7930209984554039,413651360,1.3263221365843736,3.275301552578014,107.80000000000018,118.05000000000018,10.25,118.05000000000018,149.20688843104261,2.1025446677247315,23.253506094706687,87.65490038735965,93.4437309901994,92.39675189353773,42.05633091393794
2021-02-01,3300.0,3306.45,3044.1,3139.35,15302105,TCS,2819.2925,241.64165741585836,2320.400235941126,-4.616716798833298,1.0511730135219075,1.0532275789574275,0.9696593243824358,-0.02548622813485626,5.65574716149905,11.04521343111989,20808884.35,0.7353640273367178,19468863.0,0.7859783593936636,398349255,1.2590191575257565,8.356825457499163,262.3499999999999,15.149999999999636,247.20000000000027,262.3499999999999,164.29263664023694,1.3245129313493746,15.237221253556022,67.33167528721687,72.90300777289622,86.19797937007606,35.29347012528284
2021-02-08,3174.0,3237.85,3129.0,3214.1,12337691,TCS,2856.7325,241.91672353311745,2323.458294301633,2.3810661442655423,0.9875237235929187,1.0073893158271368,0.9735229146572913,1.5338642875050272,6.728487384102727,12.021190448203447,20225614.8,0.6100032618044322,18642839.6,0.6617924771503156,410686946,1.27253428322137,3.3866401169845344,108.84999999999991,98.5,10.349999999999909,108.84999999999991,156.90028508820535,1.4772335487218915,19.94476890638701,71.13100119223284,82.98477157360402,83.11050344556655,38.33258844725978
2021-02-15,3195.0,3245.8,3131.55,3139.85,11360873,TCS,2892.41,227.269376801138,2326.022567345725,-2.3101334743785173,1.0175645333375798,1.0337436501743715,0.9973565616191857,-0.5297507404345463,3.876717850828499,9.112308720036458,18993474.9,0.5981461033230945,15188428.2,0.7479953060580686,399326073,1.2089846391264438,3.638708855518576,114.25,31.700000000000273,82.54999999999973,114.25,151.21358040977796,1.0887520504643766,14.689337765277433,62.764788139371966,72.71238485158645,76.20005473269556,34.98794225298301
2021-02-22,3150.0,3167.65,2943.15,2958.45,20395829,TCS,2905.0425,223.33859253266633,2329.568773431148,-5.77734605156297,1.0647467423819907,1.0707127042877183,0.9948283729655732,-4.462548037509161,-1.7290002118125023,3.244494805294197,18466493.45,1.1044776343285683,14785914.2,1.3794093976279127,378930244,1.1301252700526025,7.588433132214504,224.5,27.800000000000182,196.69999999999982,224.5,160.98510302180756,0.2391324284547384,5.745791185616755,47.1363742730187,47.956328897986985,67.88449510772581,26.99560681535889
2021-03-01,2970.0,3029.9,2880.0,2924.2,20650475,TCS,2909.7524999999996,222.66500237552688,2332.9256163435352,-1.1577008230661323,1.015662403392381,1.0361466383968265,0.984884754804733,-3.790717744242072,-2.503295849405474,1.935299461503675,16913769.45,1.2209268348517073,16009394.6,1.2898973081717906,358279769,1.0641483301595687,5.12618835920936,149.9000000000001,71.45000000000027,78.44999999999982,149.9000000000001,159.50708928556656,0.06488446700588518,3.6895200609896595,44.710970054228916,41.90256517788493,54.19042630915279,25.344759366275326
2021-03-08,2960.0,3081.45,2948.0,3006.95,15939897,TCS,2924.5225,218.5856964761098,2335.8499440994883,2.8298338006976342,0.9843861720347862,1.0247759357488484,0.9803954172832937,-0.6229605475565361,0.27218722640221094,4.247832231403352,16518752.0,0.964957703826536,16136953.0,0.9877885248844686,374219666,1.10047123489546,4.438051846555474,133.44999999999982,157.25,23.800000000000182,157.25,159.20614404749102,0.377094665061987,2.647299788352564,51.646940687550334,53.47032920947785,47.776407761783254,28.730443819636392
2021-03-15,3006.95,3117.0,2992.1,3066.15,11031632,TCS,2943.4199999999996,213.35442985052055,2338.036214862781,1.9687723440695803,0.9806923992629192,1.01658431583582,0.9758491919834319,0.8798849331191403,1.883736015271858,5.588528785023626,16099787.5,0.6852035779975357,15875741.2,0.6948735092759007,385251298,1.1168387793207737,4.0735123852388195,124.90000000000009,110.05000000000018,14.849999999999909,124.90000000000009,154.63199150782555,0.5752399895609716,0.8784484034940698,56.184266566745606,54.94360747509675,50.10550062081984,31.142108942052975
2021-03-22,3060.0,3155.0,2987.05,3129.65,20987724,TCS,2969.6724999999997,201.43967196356334,2342.5192800496106,2.0710010925753863,0.9777451152684805,1.0080999472784495,0.954435799530299,1.9273420750314325,3.320996784184207,6.878776191059758,16338609.8,1.2845477220467068,17801111.4,1.1790120025876587,406239022,1.155066255553493,5.366414774815069,167.94999999999982,88.84999999999991,79.09999999999991,167.94999999999982,156.4077259734488,0.7941707730190176,-1.4733428827779393,60.74345944413053,64.06463748290014,57.49285805582491,33.601888644166
2021-03-29,3140.0,3169.0,3043.05,3066.8,12390233,TCS,2986.6825,194.0623334985263,2344.9327016899133,-2.0082117808700617,1.0238685274553279,1.0333246380592147,0.9922557714881962,-0.05501801549451503,1.1483046783866102,4.5561818227971695,16052085.85,0.7718768212294355,16199992.2,0.7648295657821367,393848789,1.103433324715521,4.1068866571018585,125.94999999999982,39.34999999999991,86.59999999999991,125.94999999999982,152.3466958436556,0.4128441545335159,-4.809497943664153,54.29179802127659,47.615849563465424,55.54136484048743,30.78413712213837
2021-04-05,3083.0,3263.0,3060.9,3238.9,17827268,TCS,3015.1099999999997,186.79126515134635,2349.1982615120514,5.611712534237645,0.9518663743863657,1.0074407978017228,0.9450430701781469,3.50762517111394,5.486418436861551,8.825318332244953,16279105.35,1.0951012120577008,15635350.8,1.1401898318776449,411676057,1.1318662959057497,6.239772762357588,202.0999999999999,196.19999999999982,5.900000000000091,202.0999999999999,158.98046973116817,1.1980752944666662,-1.592076079360738,65.77650461754394,79.607922392886,63.762803146417184,37.872569253277746
2021-04-12,3275.0,3354.35,3213.2,3246.55,14063905,TCS,3041.225,180.38754004992026,2352.5634278123584,0.23619129951526485,1.0087631485731006,1.0332044786003602,0.9897275569450646,2.4899964920137543,4.893535953590533,8.286811102282694,16166979.35,0.8699154428003893,15260152.4,0.9216097343824692,425739962,1.1494483089528003,4.347692165529565,141.1500000000001,115.44999999999982,25.700000000000273,141.1500000000001,156.60307376701243,1.138243805216141,3.414719607562078,66.21193384226328,77.27416464635823,68.16597886756988,38.00053004390011
2021-04-19,3214.0,3247.0,3073.05,3161.8,20621119,TCS,3065.3325,160.66179685010266,2356.9887426046853,-2.6104634150097783,1.016509583148839,1.0269466759440824,0.9719305458915808,-0.08246397386569113,2.0093732729446967,5.342790299441124,16455501.7,1.2531443511078122,17178049.8,1.2004342308985505,405118843,1.0752423817923764,5.501613005250168,173.94999999999982,0.4499999999998181,173.5,173.94999999999982,158.91599726474408,0.6004383238039116,-1.6272051274073496,56.949790098570844,59.40761041425113,72.09656581783179,34.14574040374609
2021-04-26,3225.0,3225.35,3088.05,3100.8,9236442,TCS,3083.4875,141.00295897883782,2358.8061882443985,-1.9292807894237485,1.0400541795665634,1.0401670536635705,0.9958881578947368,-1.3675469970262653,0.0700012202555616,3.1906061354194213,16234847.6,0.5689269297483273,14827793.4,0.6229141282748113,395882401,1.0363171464719398,4.427889576883376,137.29999999999973,63.54999999999973,73.75,137.29999999999973,156.03386429611152,0.12278111129992893,-1.243689985190366,51.02226974830818,46.547907663117996,61.07656090790912,31.45632801259731
2021-05-03,3106.0,3157.35,3004.0,3037.0,9349985,TCS,3095.4525,124.68449073666491,2360.4795345474395,-2.057533539731693,1.0227197892657227,1.0396279222917353,0.989134013829437,-2.331355444710603,-1.7393876145345255,1.0604693928162083,15985112.8,0.5849182997319856,14219743.8,0.6575354051034309,386532416,1.001215040148171,5.049390846229829,153.3499999999999,56.54999999999973,96.80000000000018,153.3499999999999,155.67601572329664,-0.4688032942561576,2.6551065591779555,45.32860338695529,33.0979234742279,46.35114718386567,28.660297856904137
2021-05-10,3062.8,3164.2,3035.0,3145.5,9771430,TCS,3111.72,106.81978847818701,2362.4985599249653,3.572604543957847,0.9737084724209188,1.005945000794786,0.9648704498489906,0.7989558659278022,1.5171278192407216,4.100490144805043,15644884.05,0.6245766966869915,12608576.2,0.7749828247855615,396303846,1.01674374305199,4.107455094579553,129.19999999999982,127.19999999999982,2.0,129.19999999999982,152.14588029352373,0.31623354138075455,7.567881813829436,55.14959936563893,55.97132918730896,45.20572010821828,33.14293830087682
2021-05-17,3125.0,3128.1,3036.0,3069.75,9328580,TCS,3118.7375,98.49789454735286,2364.230875477958,-2.4082021936099207,1.0179982083231534,1.01900806254581,0.98900561935011,-1.0993043567552452,-0.7826252332074547,1.5895433736549403,15631869.9,0.5967667374201981,11661511.2,0.7999460653092715,386975266,0.9858091691351719,3.000244319569995,92.09999999999991,17.40000000000009,109.5,109.5,146.4597629210539,-0.49734565622059507,2.088494986614342,48.17782447808474,40.002108147992,43.023786936509616,29.841380206973778
2021-05-24,3100.0,3124.0,3052.1,3081.5,9751432,TCS,3120.8399999999997,97.15602833640095,2366.062673624399,0.38276732632951393,1.006003569690086,1.0137919844231706,0.9904591919519714,-0.47586987920372903,-0.34142847211847854,1.8010576149075093,15296051.1,0.6375130375970044,9487573.8,1.0278109246433476,396726698,1.0044265562968036,2.3332792471199117,71.90000000000009,54.25,17.65000000000009,71.90000000000009,136.51846119824674,-0.40491568741144573,0.5006278231658667,49.32440093873152,42.47918203857912,46.15087312462669,30.23746303726075
2021-05-31,3092.0,3217.75,3082.1,3159.15,13141651,TCS,3119.975,96.71085567433184,2368.782905106935,2.5198766834333863,0.9787442824810471,1.0185492933225708,0.9756105281483943,1.3291775672219301,1.8213456593885482,3.863500979791845,14521487.15,0.9049796941768461,10268615.6,1.2797879979069429,409868349,1.0333608499112807,4.2938765174176625,135.6500000000001,136.25,0.599999999999909,136.25,136.48266637181385,0.40507345040891485,0.9425974150464089,56.63968664700031,58.84895119637401,47.11008046098171,33.365957394790705
2021-06-07,3168.6,3190.45,3115.0,3183.2,9295106,TCS,3118.0474999999997,94.94368063973157,2370.7538924357764,0.7612807242454389,0.9954134204574013,1.0022775823071124,0.978575018848957,1.3831095148465042,2.1969547642598504,4.207353457825553,13865822.5,0.6703609540652925,10257639.8,0.9061642035821924,419163455,1.0541320068891245,2.370256345815526,75.44999999999982,31.299999999999727,44.15000000000009,75.44999999999982,128.34497752223865,0.6862226065073724,3.7954871527324796,58.76684813853342,57.88113695090436,53.06975672861916,34.26952540946772
2021-06-14,3198.0,3309.0,3186.2,3276.35,11459620,TCS,3117.3,93.55657590322083,2373.447867057007,2.9263005780346907,0.9760861934774978,1.0099653577914447,0.9724846246585377,2.7912594213396775,4.266510791998572,6.353267172220442,13712149.85,0.8357274479464648,10595277.8,1.0815780592369177,430623075,1.0806450341764726,3.7480733132907105,122.80000000000018,125.80000000000018,3.0,125.80000000000018,128.0056471859402,1.7000408412181338,1.1562567538361712,66.18132233117363,78.76395317179416,65.16468043969085,38.041793353673285
2021-06-21,3298.0,3358.0,3251.55,3273.1,9724950,TCS,3123.9875,99.78841019481567,2375.7133235730435,-0.09919575136966285,1.0076074669273778,1.0259387125355168,0.9934160276190768,1.7964911562140333,3.575531095474666,5.738591241146248,13433292.1,0.723943909475474,10674551.8,0.911040592823766,420898125,1.0532603526676203,3.252268491644002,106.44999999999982,81.65000000000009,24.799999999999727,106.44999999999982,125.1315608944815,1.494286758441078,0.8177911937287119,65.70567494590188,77.1128184391427,71.25263618728042,37.773357059651374
2021-06-28,3304.0,3399.65,3256.4,3336.75,11409095,TCS,3130.12,108.9645710166399,2378.544088341967,1.9446396382634124,0.990185060313179,1.0188506780549937,0.9759196823256163,2.4465113665301343,4.641318004970137,6.908613993290729,13386862.3,0.8522605778950905,11006084.4,1.0366170733707984,432307220,1.0788920490392286,4.293099572937739,143.25,126.55000000000018,16.699999999999818,143.25,127.54735277521729,1.8963044416376935,5.5332405591751455,70.49721992243285,84.1021104511563,79.9929606873644,40.28539627894719
2021-07-05,3342.0,3382.0,3295.2,3321.0,7835910,TCS,3139.1775000000002,117.04520322799415,2380.446854430558,-0.47201618341200513,1.006323396567299,1.0183679614573924,0.9922312556458898,1.322572880110284,3.5906356570096984,5.9281967068965535,13210614.15,0.5931525901087649,9944936.2,0.7879296400111647,424471310,1.0560227966552675,2.6136705811502616,86.80000000000018,45.25,41.55000000000018,86.80000000000018,122.11437240518835,1.5534382869652925,7.101393188854477,67.79284304868581,80.12131934790848,80.4454160794025,39.51162126635413
2021-07-12,3313.0,3328.0,3188.35,3193.1,15543234,TCS,3150.91,109.49265488461968,2383.6883524122672,-3.8512496236073446,1.0375497165763679,1.0422473458394663,0.9985124174000188,-1.7533087939940775,-0.23233104857459866,1.980127825092591,12967984.4,1.1985851864534938,11194561.8,1.3884629231311223,408928076,1.0135713408095879,4.373492843944759,139.6500000000001,7.0,132.6500000000001,139.6500000000001,124.45245608449659,0.3853226505874636,5.139940730984516,49.86800895911013,47.79476810312141,70.67273263406207,33.95626977698728
2021-07-19,3214.0,3231.85,3175.0,3184.6,8940170,TCS,3163.93,95.73300921118991,2385.5216555755055,-0.2661989915755836,1.0092319286566602,1.0148370281982038,0.9969854926835395,-1.3499320291616972,-0.4284519978836273,1.5752948497282542,12382469.15,0.7220022026059317,10690671.8,0.8362589524074623,399987906,0.9863140278298249,1.7851535514664296,56.84999999999991,38.75,18.09999999999991,56.84999999999991,115.43879527323037,0.21591298727904215,1.2430456207280116,48.877012197733464,45.646404650574965,57.854164033868294,33.49700651666133
2021-07-26,3184.6,3241.55,3156.15,3197.55,7707083,TCS,3173.46,88.496963373406,2387.1208783852585,0.4066444765433719,0.9959500242373066,1.0137605354099233,0.9870525871370267,-0.6263115072619794,-0.018616458349181977,1.8094198100340062,11970828.45,0.6438220238633526,10287098.4,0.7491989189099231,407694989,1.0011864434787197,2.6707948272896465,85.40000000000009,56.95000000000027,28.449999999999818,85.40000000000009,111.43362257013301,0.27221273003859214,4.163205472758369,50.60266136812683,48.91949955768991,47.45355743712877,33.95006633107526
2021-08-02,3200.0,3225.45,3132.4,3219.4,10122630,TCS,3181.1225000000004,85.29308831594646,2389.2681559538937,0.6833356788791489,0.9939740324284028,1.0018792321550598,0.9729763309933528,0.03775809984353728,0.5658923872963573,2.269517442414644,11925378.35,0.848830930383018,10029805.4,1.0092548754734563,417817619,1.0219583309870213,2.8902901161707066,93.04999999999973,27.899999999999636,65.15000000000009,93.04999999999973,108.98247289411523,0.4487761054941576,4.475093298718158,53.64864979328417,54.44205737394162,49.66932052740217,34.74418900940333
2021-08-09,3229.0,3337.0,3218.95,3322.7,13071705,TCS,3190.775,89.95749361722383,2392.3676882601317,3.2086724234329234,0.9718000421344088,1.0043037288951757,0.9687753935052819,2.097001118896522,3.134757177251334,4.865554343235074,11529577.4,1.1337540437518552,11076964.4,1.18008007681238,430889324,1.0507632875718307,3.552833538989382,118.05000000000018,117.59999999999991,0.45000000000027285,118.05000000000018,110.19147650823322,1.4665259634883883,5.177025465710705,65.31556635317298,78.89757301522,60.753043315617184,38.887513667117766
2021-08-16,3315.6,3494.35,3315.6,3472.95,11727762,TCS,3211.0824999999995,105.07132949997731,2395.5773731474155,4.5219249405603845,0.9546926964108323,1.006161908463986,0.9546926964108323,4.221714607227751,6.278941370844388,8.232903621295511,11496453.85,1.0201199563811585,10313870.0,1.1370864670584369,442617086,1.07298224160773,5.146921205315366,178.75,171.6500000000001,7.099999999999909,178.75,119.33261297380213,2.492283111351102,9.102475496355877,75.61608685568493,95.33107886985925,76.22356975300697,44.97340135739738
2021-08-23,3482.1,3673.0,3463.0,3637.4,13547652,TCS,3231.0075,141.94001445661956,2399.8238168858834,4.735167508890137,0.9573046681695716,1.0097872106449661,0.9520536647055589,5.7012891525396565,9.013844135263179,11.34995896673817,11282473.05,1.2007697195430038,11235366.4,1.2058042005643892,456164738,1.099893062647794,5.773354593940726,210.0,200.05000000000018,9.949999999999818,210.0,131.42159791062852,2.8631284952010745,11.019884932928425,82.2669198694005,94.26638750201323,89.49834646236417,51.569459991444276
2021-08-30,3657.0,3740.35,3594.4,3701.3,12514779,TCS,3253.745,176.72249648292043,2403.9220012020733,1.7567493264419642,0.988031232269743,1.0105503471753168,0.9711182557479804,4.88618758516335,9.072555200514023,11.80706211785382,11205016.75,1.11689069987334,12196905.6,1.0260618070209546,468679517,1.1242484451637635,3.943209142733629,145.94999999999982,102.94999999999982,43.0,145.94999999999982,133.35871818921137,2.5325298640926275,13.0823989490086,84.19918618863348,94.06760349411321,94.5550232886619,53.96922188611683
2021-09-06,3709.4,3877.6,3703.45,3852.0,12725038,TCS,3288.2549999999997,219.93089040111983,2408.543627516194,4.0715424310377335,0.9629802699896158,1.0066458982346833,0.9614356178608514,5.738187280886997,10.82560048145584,13.985943864333159,10810212.7,1.1771311400746074,12717387.2,1.0006016015616794,481404555,1.1443028724231779,4.5210280373831795,174.1500000000001,176.29999999999973,2.149999999999636,176.29999999999973,139.08422243064982,2.5632824882935585,15.441672285906938,87.81283407231113,96.64306320482561,94.99235140031736,59.93067163048931
2021-09-13,3864.0,3869.95,3756.0,3845.35,8864835,TCS,3325.4825000000005,247.7817440893195,2411.731112553354,-0.17263759086189046,1.0048500136528535,1.006397337043442,0.9767641437060346,3.716783024688114,9.14690204040156,12.684094933264086,10791632.35,0.8214545040537821,11876013.2,0.7464487324753059,472539720,1.1130899899693583,2.9633193337407473,113.94999999999982,17.949999999999818,96.0,113.94999999999982,135.73299277322982,2.0980863699651713,15.788919000301105,86.8020631855353,95.67230273752013,95.46098981215299,59.44356234343395
2021-09-20,3849.95,3981.75,3805.0,3823.5,15878379,TCS,3364.8075000000003,261.61343784645237,2417.3187307794446,-0.5682187577203623,1.0069177455211193,1.0413887799136916,0.9951615012423173,2.111038159449793,7.395177887363815,11.169688090490784,11118052.05,1.4281619593604977,12706136.6,1.2496622301384672,456661341,1.0668757367219397,4.622727867137439,176.75,136.4000000000001,40.34999999999991,176.75,141.2019270701325,1.7533216327718535,19.742569916382212,83.17251739436632,81.36810502148701,91.22782365461092,58.171115431151435
2021-09-27,3858.0,3944.4,3802.9,3836.95,9310181,TCS,3399.38,276.37768132908167,2420.6056115088236,0.3517719367071903,1.005486128305034,1.0280040136045558,0.9911257639531399,1.636117993485493,6.6169660766275715,10.524316765354131,11094989.6,0.8391338194674829,11858642.4,0.7850966987587045,465971522,1.0798388668069967,3.687824965141584,141.5,120.90000000000009,20.59999999999991,141.5,141.24167012744817,1.5832320391999637,20.484519248885256,83.65786161825127,82.95166892329426,86.66402556076713,58.51198484202198
2021-10-04,3850.0,3850.0,3707.45,3773.3,9929882,TCS,3434.5575000000003,276.98745282004023,2423.937748964215,-1.6588696751325793,1.020327034691119,1.020327034691119,0.9825484324066466,-0.015423645950210268,4.321484715020086,8.263744585665107,11125054.7,0.892569274288602,11341663.0,0.8755225754812147,456041640,1.0484371117187288,3.7778602284472522,142.55000000000018,13.050000000000182,129.5,142.55000000000018,141.4161141104551,1.2229525075999816,18.005973323325676,72.27519496794537,75.4577029493142,79.92582563136516,55.668189152645844
2021-10-11,3754.0,3989.9,3660.0,3685.6,19983094,TCS,3464.7625,269.29193993595635,2430.161287456145,-2.3242254790236783,1.0185587149989148,1.0825645756457565,0.9930540481875407,-1.596881203108314,1.7526725499671132,5.574114162687023,11636637.8,1.7172566804476803,12793274.2,1.5619999765189119,436058546,0.9979840233254091,8.95105274582158,329.9000000000001,216.5999999999999,113.30000000000018,329.9000000000001,166.54729889572778,0.8200672476588797,14.480959184941277,59.421452029289476,64.51311953352767,74.30749713537871,51.66071564978423
2021-10-18,3706.0,3707.0,3601.45,3647.15,19330938,TCS,3489.1625,262.15742853393124,2435.9409644702837,-1.043249403082258,1.0161358869254076,1.0164100736191273,0.9874696680970072,-1.7786427506730917,0.6144876214873344,4.197078694734076,11946102.15,1.6181795331458806,14886494.8,1.2985553859193233,416727608,0.9529943073949951,2.8940405522120063,105.55000000000018,21.40000000000009,84.15000000000009,105.55000000000018,158.41432570963076,0.602643613356742,9.764649231047052,54.51672590758964,60.029154518950435,66.66665900059743,49.72242977953714
2021-10-25,3669.0,3690.1,3450.0,3492.95,16227609,TCS,3504.65,252.08685533279163,2440.1382580421064,-4.227958817158606,1.050401523067894,1.0564422622711462,0.9877038033753704,-4.181179596638461,-3.23399291338902,-0.02955641180823929,12292727.3,1.320098347906896,14956340.8,1.0849986114250618,400499999,0.9178428718442478,6.8738458895775745,240.0999999999999,42.94999999999982,197.1500000000001,240.0999999999999,169.30574894834666,-0.0464125746840491,0.5758792956996217,39.44910732644376,42.046647230320666,55.52964042759959,43.14557744783847
2021-11-01,3494.5,3529.0,3385.95,3476.4,14795737,TCS,3514.6525,246.45743118874447,2443.876545041298,-0.47381153466267145,1.0052065354964905,1.0151305948682545,0.9739817052122886,-3.1181013447010897,-3.19324807604472,-0.4636172897940562,12459533.15,1.1875033215028605,16053452.0,0.921654545078529,385704262,0.8885081082073982,4.114888965596599,143.05000000000018,36.05000000000018,107.0,143.05000000000018,165.80498242190046,-0.1552093593424868,-4.42623852202122,38.143545502242965,40.116618075801746,47.39747327502428,42.249411372834054
2021-11-08,3494.0,3548.0,3466.05,3502.75,7480126,TCS,3526.1349999999998,239.87289896503836,2445.8041951431687,0.7579680128869004,0.9975019627435586,1.0129184212404538,0.9895225180215546,-1.5615858995967786,-2.071680237746737,0.26779172058523715,12347291.95,0.6058110580271815,15563500.8,0.48061975876275853,393184388,0.9086397613683391,2.3395903218899385,81.94999999999982,71.59999999999991,10.349999999999909,81.94999999999982,154.62431809898038,-0.09748912903832518,-5.364331451111781,41.68876423728761,36.81172579285298,39.65833036632513,43.21465336250932
2021-11-15,3508.0,3569.6,3436.0,3553.3,8140111,TCS,3536.9625,235.72594584824415,2447.99391279799,1.4431518092927087,0.9872512875355303,1.0045872850589592,0.9669884332873666,-0.07783281453159334,-0.5310744425344782,1.5460530103959653,12183842.75,0.6681070305179374,13194904.2,0.6169132323067568,401324499,0.9307835847483938,3.7598851771592576,133.5999999999999,66.84999999999991,66.75,133.5999999999999,151.821075685783,0.06930717762616534,-7.754413291796469,48.25363669128346,35.251371792970524,37.393238553875086,45.151504724890245
2021-11-22,3569.0,3575.55,3440.3,3458.4,8950652,TCS,3543.8324999999995,231.05661602561221,2450.185825100871,-2.6707567613204697,1.0319801064075873,1.0338740458015268,0.9947663659495721,-1.8826747127525614,-2.8197350095810982,-1.0592689350508828,12239579.85,0.7312875204617421,11118847.0,0.8049982160920103,392373847,0.9134244250654826,3.910767985195466,135.25,22.25,113.0,135.25,149.6115989276786,-0.3697470406583354,-10.062803125853303,38.79299985663199,11.996026161106093,28.0197079156432,41.14847798768985
2021-11-29,3445.0,3529.35,3406.45,3502.0,11087822,TCS,3559.2774999999992,216.2262152876662,2453.004807027787,1.2606985889428657,0.9837235865219874,1.0078098229583095,0.9727155910908052,-0.4094883355384481,-1.3196797480138585,0.18234502820341636,12016809.25,0.922692685664458,10090889.6,1.0987952935289274,403461669,0.9398342486770555,3.5094231867504306,122.90000000000009,70.94999999999982,51.95000000000027,122.90000000000009,146.05005240398816,-0.26489618718894725,-8.408526219432455,44.55557244468261,19.215166818445255,22.15418825750729,42.76368272768452
2021-12-06,3491.0,3665.95,3491.0,3536.4,15179407,TCS,3576.8675000000003,197.65383567382506,2456.9653814169933,0.98229583095375,0.9871620857369076,1.0366332994005203,0.9871620857369076,0.37815704274486045,-0.2863731827874595,1.0572025971904642,12328771.1,1.2312181706415168,10167623.6,1.4929159061316943,418641076,0.9730794866474299,4.947121366361266,174.94999999999982,163.94999999999982,11.0,174.94999999999982,149.90337875012307,-0.20473925973681087,-7.833044475429696,48.93259666720348,24.911002566437652,18.70739851532967,43.93365192473611
2021-12-13,3562.5,3662.0,3524.3,3609.65,7875657,TCS,3597.4725,176.3631633537862,2459.1475625743624,2.071315462051815,0.9869377917526629,1.0145027911293338,0.9763550482733784,1.5998438566920896,1.4989035050229507,2.8096122872427136,12337199.8,0.6383666575619533,10246729.8,0.768601998268755,426516733,0.9892216149363029,3.8147742855955515,137.69999999999982,125.59999999999991,12.099999999999909,137.69999999999982,148.27626158343998,0.0690478655997571,-4.337052447459788,57.22864299521158,37.039490024008636,27.055219802963848,46.784603532340796
2021-12-20,3605.0,3651.35,3510.15,3556.9,12068862,TCS,3614.3475000000008,152.86515254248891,2462.3230188862963,-1.4613605197179802,1.0135230116112344,1.0265540217605218,0.9868565323736962,0.09369139368711625,0.03265693727830532,1.2542262203768868,12434511.4,0.9705939873117974,11032480.0,1.0939391687091207,414447871,0.9616060349510327,3.9697489386825553,141.19999999999982,41.69999999999982,99.5,141.19999999999982,147.3327600389813,-0.37580507424040366,-3.4919687432168445,50.422314416391295,28.30532328835172,30.085271959599336,44.453021505227966
2021-12-27,3582.65,3705.0,3566.4,3696.1,9102236,TCS,3633.0174999999995,137.38941416643493,2465.0088192128237,3.913520200174303,0.9693054841589784,1.002407943508022,0.9649089580909608,2.570863147318456,3.2550504880136617,4.5586954194025235,12236037.95,0.7438875261088905,11062796.8,0.8227789197031983,423550107,0.9835625635438323,3.7498985417061204,138.5999999999999,148.0999999999999,9.5,148.0999999999999,147.43505870045044,0.4591510953207913,1.342143865758194,63.60281572365996,51.35358887325109,38.899467395203814,49.942668407178886
2022-01-03,3710.0,3830.0,3680.0,3817.75,8432915,TCS,3650.2574999999997,137.87891548573484,2467.731560586343,3.2913070533805877,0.9717765699692227,1.0032086962215965,0.9639185384061293,3.783584096881438,5.432367705454165,6.96654520629931,12071295.6,0.698592369819856,10531815.4,0.8007085843908733,431983022,1.0043854984628542,3.9290157815467226,150.0,133.9000000000001,16.09999999999991,150.0,147.77705087372374,1.2147796449510753,9.298730299603486,71.29743552175833,71.4959847669509,50.384965642851235,54.706859569964195
2022-01-10,3831.1,3978.0,3772.0,3879.85,12429613,TCS,3662.38,147.04270987135612,2471.908480801868,1.6266125335603343,0.9874350812531413,1.0252973697436756,0.9722025336031033,3.5490681660148424,5.9537106863478,7.750982803777666,12015393.65,1.0344740557043672,9981856.6,1.2452205534589629,444412635,1.0346986890703191,5.309483614057245,206.0,160.25,45.75,206.0,155.54011075722724,1.4789580536856175,11.60539638706708,74.47576884216207,81.77829290504178,68.20928884841459,56.95767178004125
2022-01-17,3856.0,4043.0,3836.55,4019.15,18585084,TCS,3678.2725,167.25779776880245,2478.721404875046,3.590344987563965,0.9594068397546744,1.0059340905415324,0.9545675080551859,4.594645156963153,7.897086499759511,10.035893927480618,12318908.9,1.50866315766001,12123742.0,1.532949480449188,462997719,1.0786826727141368,5.136658248634657,206.44999999999982,163.1500000000001,43.29999999999973,206.44999999999982,162.32809598959693,2.0380365193567185,14.742702162586552,80.16158825988155,96.37013925880834,83.21480564360034,62.14609645502327
2022-01-24,4033.95,4041.7,3740.1,3771.35,18039128,TCS,3674.2400000000002,163.785032893717,2484.2224856764124,-6.165482751328022,1.0696302385087568,1.0716852055629946,0.9917138425232344,-1.1160339431753592,1.5817545908361885,3.7809934078639156,12584613.4,1.4334272676187256,13317795.2,1.354513095380833,444958591,1.0410754202294699,7.997136303976029,301.5999999999999,22.549999999999727,279.0500000000002,301.5999999999999,180.89768319098403,0.5929113196992553,6.13654912335011,55.009415157452516,58.65611445095502,78.93484887160172,51.81208695054236
2022-01-31,3769.5,3809.4,3625.1,3736.25,14932053,TCS,3668.785,159.5481564821045,2488.61754671186,-0.9307012077903076,1.0088992974238875,1.0195784543325528,0.9702509200401472,-1.3773087296254094,0.5632882877943055,2.6373133573374363,12887974.3,1.1586035673581379,14483758.6,1.0309515238675684,430026538,1.01116767502724,4.932753429240553,184.30000000000018,38.05000000000018,146.25,184.30000000000018,181.35132543218617,0.422850388795105,8.034061993985663,52.326043554902476,53.31405524693707,69.44676965223347,50.133555271946115
2022-02-07,3770.0,3882.5,3736.4,3779.0,10276434,TCS,3666.56,157.57509037046168,2491.7274326920488,1.144195383071267,0.997618417570786,1.0273881979359618,0.98872717650172,-0.15365083197723137,1.447000914513617,3.4271694968879003,12607877.05,0.8150804421113862,14852462.4,0.6919010278053287,440302972,1.0373268089801622,3.8661021434241842,146.0999999999999,146.25,0.15000000000009095,146.25,176.6711487078947,0.7135645598276462,7.909765848086803,55.3845274520867,58.52643154504753,56.832200414313206,51.66185315531037
2022-02-14,3791.55,3799.7,3690.0,3733.75,16500856,TCS,3661.4,153.33443067874543,2496.5153004473605,-1.1974067213548545,1.0154804151322399,1.0176632072313356,0.9882825577502511,-0.9116208448239346,0.21653063219405388,2.0687202056943015,12967410.8,1.2724865630076283,15666711.0,1.0532431472055621,423802116,1.0034363001747222,2.9380649481084653,109.69999999999982,20.699999999999818,89.0,109.69999999999982,167.7416622135087,0.4718444492847278,5.580533876258342,51.360296506090464,51.4177990731286,54.419428621704405,49.55846652856222
2022-02-21,3786.0,3854.1,3705.55,3719.4,21477766,TCS,3658.7049999999995,151.72943968926106,2502.620602278073,-0.3843321057917626,1.017906113889337,1.0362155186320374,0.9962762811206108,-0.8673019536056592,-0.1443847514680841,1.5499794937382942,13544805.0,1.5856829241912305,16245247.4,1.3220953470982535,402324350,0.9586799461479135,3.99392375114265,148.54999999999973,120.34999999999991,28.199999999999818,148.54999999999973,165.18277391837415,0.4000212491676157,3.040460986522242,50.03012615286708,49.16345927264161,53.03589663027258,48.62021021541672
2022-02-28,3650.0,3667.9,3391.1,3554.2,18712535,TCS,3652.1349999999998,153.33988572001635,2507.1749085876536,-4.441576598376084,1.0269540262224974,1.0319903213099995,0.9541106296775645,-3.7037575987547013,-4.113529581407223,-2.773832577909892,13481277.05,1.3880387540882115,16379928.8,1.1424063699226823,383611815,0.9198384611464677,7.787969163243493,276.8000000000002,51.5,328.3000000000002,328.3000000000002,186.9317373959243,-0.638679229087334,-0.07590879698614605,37.224196263522245,25.01917472004907,41.86681102193976,41.76115068103319
2022-03-07,3552.5,3578.6,3431.55,3484.9,10113767,TCS,3644.0225,157.84331544369968,2509.4582026499343,-1.9498058634854432,1.0193979741169044,1.0268874286206204,0.9846910958707568,-3.8439927032806165,-5.30049401005256,-4.416107426145189,13020418.5,0.7767620526175868,15416271.6,0.6560449415019388,373498048,0.9002531964742342,4.219633274986362,147.04999999999973,24.40000000000009,122.64999999999964,147.04999999999973,181.61417240980103,-1.0081041414563832,-5.714131111171228,33.1207329149196,14.388709924835124,29.523781305841936,38.87061343839161
2022-03-14,3460.0,3684.0,3460.0,3643.0,11415198,TCS,3651.525,153.79893359084224,2512.438159079526,4.536715544205006,0.9497666758166347,1.0112544606093878,0.9497666758166347,0.44177323237942523,-0.6262558116855582,0.10575943674838895,12779797.95,0.8932221029362988,15644024.4,0.7296842364935201,384913246,0.9295136342125008,6.148778479275323,224.0,199.0999999999999,24.90000000000009,224.0,187.26561608849423,-0.0554295130724346,-4.57730338550193,48.16295530799372,38.640895842920706,26.01626016260163,44.99859376975369
2022-03-21,3659.0,3713.95,3585.4,3626.7,12755891,TCS,3659.04,148.36763336919208,2515.7018802623506,-0.44743343398299107,1.008906168141837,1.0240576832933521,0.9886122370198804,-0.0037904273750824628,-0.9244413272917652,-0.3146088292198948,12677805.65,1.00615921652025,14895031.4,0.8563856401135214,372157355,0.9001823020836658,3.5445446273471672,128.54999999999973,70.94999999999982,57.59999999999991,128.54999999999973,179.43686727669495,-0.21797206887789727,-6.524736781061124,46.90787954586078,36.14051234851969,29.723372705425174,44.16255075588641
2022-03-28,3640.0,3779.5,3625.0,3707.7,9833975,TCS,3669.2875,144.01884825019187,2518.3874725816863,2.2334353544544605,0.9817407017827764,1.0193651050516492,0.9776950670226826,1.4539567669154718,1.097483300385134,1.72049810191742,12795498.1,0.7685496041768003,12566273.2,0.7825689322113417,381991330,0.9252214074107394,4.167003802896675,154.5,152.80000000000018,1.699999999999818,154.5,176.1119516398023,0.26671856126268345,-7.749150939875349,53.80955153514919,48.56573094032825,41.11571304392288,47.22516055875659
2022-04-04,3694.75,3780.0,3691.0,3770.35,9300636,TCS,3680.1400000000003,142.99284818330915,2521.0495150045176,1.6897267847991948,0.9799488111183312,1.0025594440834404,0.9789542084952325,2.0609643675330687,2.3493397921385664,3.0740956617040824,12853524.35,0.7235864457673044,10683893.4,0.8705287156833669,391291966,0.9489013887766876,2.360523558820799,89.0,72.30000000000018,16.699999999999818,89.0,164.49702475449533,0.630870712389442,-0.02651570392564473,58.61120674203463,58.176100628930804,47.62744797259291,49.55477778441188
2022-04-11,3772.0,3835.6,3642.5,3696.4,11449938,TCS,3692.04,133.131454229491,2524.1181566024156,-1.9613563727505334,1.0204523319987013,1.037658262092847,0.9854182447787035,0.06773383167916557,0.33921034024370744,1.0404173060086885,12978488.65,0.8822242950453248,10951127.6,1.0455487707037585,379842028,0.9225365573551417,5.224001731414347,193.0999999999999,65.25,127.84999999999991,193.0999999999999,168.31075478722926,0.0327495859279385,-1.066577450652395,51.34215301242456,46.83233624789081,51.1913892723833,46.443223758412806
2022-04-18,3683.0,3739.0,3522.5,3528.05,9925940,TCS,3693.3425,131.28901152057063,2526.38525138633,-4.554431338599718,1.0439194455860885,1.0597922365045847,0.998426893042899,-3.133861229211833,-3.7854524004534693,-3.374886414373472,12920394.55,0.7682381495075937,10653276.0,0.9317265412066673,369916088,0.9021039292888794,6.136534346168563,216.5,42.59999999999991,173.9000000000001,216.5,174.73598748226536,-1.2589972160320642,-6.640645673458579,38.7260929370873,21.007823285780066,42.00542005420056,39.64813949353197
2022-04-25,3550.0,3644.0,3439.15,3548.2,11633539,TCS,3693.9325,130.57115853351905,2529.0825553347213,0.5711370303708829,1.0005072994757906,1.0269996054337411,0.9692661067583564,-1.6987804350977713,-2.7394812681085576,-2.5555081486512927,12743101.15,0.9129284044017809,10428805.6,1.1155197868488411,381549627,0.9347016819321086,5.773349867538468,204.8499999999999,115.94999999999982,88.90000000000009,204.8499999999999,178.75118915129664,-1.116115546777422,-4.969534650150653,40.7372290394002,24.146941284967713,30.6623669395462,40.29593429109709
2022-05-02,3575.15,3623.25,3492.75,3542.4,8750053,TCS,3690.5700000000006,133.68465486870338,2531.0904487876687,-0.16346316442138464,1.0092451445347788,1.0228235094850948,0.9859840785907859,-1.2435284439577599,-2.4923120972470896,-2.4964711811081206,12786820.95,0.6843024575236584,10212021.2,0.8568385071507686,372799574,0.9193150308350192,3.683943089430894,130.5,75.05000000000018,55.44999999999982,130.5,172.3176972644571,-1.1083545837442879,-4.758832069688657,40.29794078347976,30.78958078958082,25.314781786776198,39.95548842186672
2022-05-09,3538.5,3545.45,3346.85,3445.1,8410729,TCS,3684.9799999999996,141.66733494164995,2532.828019296859,-2.746725383920512,1.0271109692026357,1.0291283271893414,0.9714812342167136,-2.7353004092529596,-4.617431724549932,-4.942006875260789,12603914.3,0.6673108686560968,10034039.8,0.838219617187486,364388845,0.9041550129059845,5.764709297262777,198.5999999999999,3.049999999999727,195.55000000000018,198.5999999999999,175.82200429586283,-1.6932626007173892,-3.069607787969164,33.33899616034229,18.342201064127693,24.42624104622541,36.017920433318544
2022-05-16,3434.0,3464.8,3350.1,3376.8,9655285,TCS,3669.0150000000003,157.45954793799626,2534.6658455115653,-1.9825259063597445,1.0169391139540394,1.0260601753139067,0.992093105899076,-3.208833499154503,-5.771528590274899,-6.475874268182158,12631566.75,0.7643774672686585,9675109.2,0.9979510102066859,354733560,0.8877770049324617,3.3967069414830684,114.70000000000027,19.700000000000273,95.0,114.70000000000027,167.67240372308117,-1.8558099767634753,-3.101954145025676,29.24813719201164,5.904386397240073,18.34538941698286,33.22466178252657
2022-05-23,3370.0,3495.0,3230.0,3321.75,13622635,TCS,3644.215,171.2564644188923,2537.0766463903346,-1.6302416488983673,1.0145254760292015,1.0521562429442313,0.9723790170843681,-3.2795141034986557,-6.449517206371078,-7.553750646415615,12891052.75,1.0567511640971292,10414448.2,1.3080515393988903,341110925,0.8635031738322303,7.977722585986302,265.0,118.19999999999982,146.80000000000018,265.0,180.6494165600037,-1.882936221381125,-8.81828163601427,26.252326838331598,14.70116968434546,12.982585715237741,30.92824786062619
2022-05-30,3315.15,3386.6,3154.05,3375.25,13270519,TCS,3618.9849999999997,171.8833777671008,2539.570132190043,1.6105968239632729,0.9821939115621066,1.0033627138730463,0.9344641137693505,-1.094975873055675,-4.08190304132303,-5.361538239316636,12933098.05,1.0260897233358561,10741844.2,1.2354041589990665,354381444,0.9074374018072721,6.889860010369595,232.54999999999973,64.84999999999991,167.69999999999982,232.54999999999973,187.56949435200318,-1.4180254261133771,-6.933300245402152,33.850152419997244,32.455432470104896,17.68699618389681,32.90635124493664
2022-06-06,3354.15,3477.3,3325.0,3430.95,11990571,TCS,3589.575,148.5473852273785,2541.959714647062,1.6502481297681504,0.9776155292265991,1.0135093778691033,0.9691193401244553,0.3641717667057753,-2.050438318472959,-3.3467856658940054,12603372.4,0.9513779819756814,11389947.8,1.05273274386736,366372015,0.9498919478443514,4.439003774464804,152.30000000000018,102.05000000000018,50.25,152.30000000000018,182.86689510506946,-1.067841078166377,-7.464196132373169,41.135402971162904,40.62798033893328,29.261527497794543,34.97263470504566
2022-06-13,3401.05,3437.0,3192.45,3219.6,10331663,TCS,3561.9875,163.49442842187804,2543.5213756733997,-6.160101429633191,1.0563579326624426,1.0675239160144117,0.9915672754379425,-4.117601539947168,-7.499587707993396,-9.286717736271308,12217999.15,0.8456100604655877,11774134.6,0.8774881000596002,356040352,0.9338696957200932,7.5956640576469185,244.55000000000018,6.050000000000182,238.5,244.55000000000018,191.09130909106023,-2.0941845132270185,-14.607397191242189,27.75328188777236,9.617782994644523,27.567065267894233,26.580418422770585
2022-06-20,3190.0,3244.85,3023.85,3112.4,12791260,TCS,3530.7949999999996,186.40366419765613,2545.139876424706,-3.3296061622561712,1.0249325279527053,1.0425555841151521,0.9715492867240714,-5.135807290839633,-9.601870651400535,-11.963294152976538,12110959.5,1.0561723041019169,12401329.6,1.031442628538798,343249092,0.9106831799219055,7.100629739108083,221.0,25.25,195.75,221.0,195.07913454558553,-2.2445642460995168,-15.799155935504816,23.3143974840865,10.908530951647698,20.38476476174183,22.28797437931603
2022-06-27,3130.0,3362.9,3125.4,3314.7,14163158,TCS,3507.5799999999995,182.74123162778284,2547.556542518221,6.499807222722009,0.9442785169095242,1.0145412857875524,0.9428907593447372,0.8538356187067105,-2.4966350452966872,-4.702540298744129,12305295.7,1.150980711499684,12509434.2,1.132198129312675,357412250,0.9588028004279224,7.165052644281535,237.5,250.5,13.0,250.5,202.46858327284082,-1.0554815587150468,-6.047249897252039,43.12270692584179,35.82999692023405,18.785436955508757,30.11291190905107
2022-07-04,3307.0,3333.0,3225.05,3235.05,10379057,TCS,3482.6449999999995,184.27345876511936,2549.135033733072,-2.402932392071666,1.022240769076212,1.0302777391384985,0.9969088576683514,-1.0581580036728604,-4.303028087791509,-6.6737148217883915,11999205.75,0.864978667442218,11931141.8,0.8699131377350656,347033193,0.9406456200550186,3.3368881470147236,107.94999999999982,18.300000000000182,89.64999999999964,107.94999999999982,189.8661055031287,-1.3436281147552105,-8.825601713544884,38.593841734995564,26.01786264243921,24.252130171440317,26.90775330416461
2022-07-11,3255.0,3319.4,3106.0,3113.8,15454208,TCS,3452.3650000000002,192.87759692285147,2551.058883272983,-3.7480100771239977,1.0453465219346136,1.066028646669664,0.9974950221594193,-3.328878765448842,-7.169607465956148,-9.925247084925495,11698027.85,1.321095162207192,12623869.2,1.2242053331794662,331578985,0.9074570460119918,6.8533624510244735,213.4000000000001,84.34999999999991,129.05000000000018,213.4000000000001,193.00395810271155,-1.7553360545829573,-12.09914182475158,32.58319831695387,11.080997844163877,24.30961913561238,22.059119074704608
2022-07-18,3114.9,3136.2,2953.0,3063.5,20140854,TCS,3427.8299999999995,209.71658531907286,2553.324212000129,-1.615389556169311,1.0167781948751429,1.023731026603558,0.963930145258691,-3.350299265514313,-7.6536334428392365,-10.752613516768692,11769443.8,1.7112834168085325,14585707.4,1.380862336508958,311438131,0.8608378311967633,5.980088134486692,183.19999999999982,22.399999999999636,160.80000000000018,183.19999999999982,191.69676368901668,-1.7372493427054916,-11.076601550027576,30.32269622980928,14.058524173027989,17.05246155321036,19.98084636499131
2022-07-25,3030.05,3197.0,3030.05,3166.75,11561355,TCS,3411.9224999999997,217.09622986070983,2554.8768831783686,3.3703280561449223,0.9568327149285546,1.009552380200521,0.9568327149285546,0.012917175884183323,-3.5517006535690268,-6.546457898340305,11841823.2,0.9763154545323731,14339726.4,0.8062465543275638,322999486,0.8990689440415052,5.271966527196647,166.94999999999982,133.5,33.44999999999982,166.94999999999982,188.39719519714777,-1.129326382854754,-6.220386164416025,40.156045530771635,30.93342981186686,18.690983943019575,23.94922122667754
2022-08-01,3164.7,3327.0,3096.5,3298.8,9872678,TCS,3394.7125,211.38153262648967,2556.4813622717325,4.169890266045639,0.959348854128774,1.0085485631138595,0.9386746695768158,2.676913921573746,0.5086659968067115,-2.0913147974329123,11764697.2,0.839178249313548,13481630.4,0.7323059383084705,332872164,0.9333093276979391,6.987389353704376,230.5,160.25,70.25,230.5,194.01090250419475,-0.453741151406433,-0.6909008805599415,50.47097298752716,51.59268929503919,32.194881093311345,29.036731841010994
2022-08-08,3290.0,3387.9,3271.65,3374.45,8491274,TCS,3382.1,204.21502599491237,2557.9958845749375,2.2932581544804043,0.974973699417683,1.0039858347286226,0.9695357762005661,3.2391656209629014,2.3478079747004497,0.18096475496033454,11551466.35,0.7350819145138228,13104073.8,0.6479873457367128,341363438,0.9612670212474831,3.445005852805642,116.25,89.09999999999991,27.15000000000009,116.25,183.64278217030213,-0.03746051478205466,-0.023701948003862494,55.53695380435692,71.13680479365347,51.22097463351984,31.917725917715174
2022-08-15,3385.0,3428.7,3335.0,3401.55,4799961,TCS,3366.7925000000005,189.46577407555748,2558.877872224699,0.8030938375142682,0.995134571004395,1.0079816554217929,0.980435389748791,2.6733699695057247,2.679256041735912,0.8948670873360505,11299765.65,0.4247841193060495,10973224.4,0.4374248466111747,346163399,0.9797257707870046,2.754626567300196,93.69999999999982,54.25,39.44999999999982,93.69999999999982,171.65041121426182,0.18345001977052958,-0.856905521794249,57.34050199191148,82.75830258302587,68.49593222390617,32.931314812718234
2022-08-22,3411.0,3421.5,3347.4,3354.55,6827869,TCS,3346.0025,163.94720786613885,2560.0595137043456,-1.381723038026783,1.016827890477113,1.0199579675366293,0.997868566573758,0.8731626437271119,1.127753577022285,-0.4525374354680515,11176127.3,0.6109333597157577,8310627.4,0.821582856668559,339335530,0.9675148730348967,2.2089400962871295,74.09999999999991,19.949999999999818,54.15000000000009,74.09999999999991,158.64368971902692,0.05213568508576901,4.191514473847691,53.03551538624752,74.0867158671587,75.99394108127935,31.03406315527586
2022-08-29,3319.95,3341.9,3081.0,3132.55,9485244,TCS,3317.81,148.24983766742844,2561.2381725635205,-6.617877211548495,1.059823466504924,1.0668305374215894,0.9835437582799955,-4.101223657719809,-5.039316003584451,-6.940529121526205,11077892.6,0.8562318071218709,7895405.2,1.2013625342496672,329850286,0.9472211933092183,8.328677914159394,260.9000000000001,12.650000000000091,273.5500000000002,273.5500000000002,173.96453108982337,-1.2496472368192193,0.6474103585657476,37.63575483939327,34.24566088117492,63.69689311045317,22.306079674919836
2022-09-05,3155.0,3226.5,3112.25,3133.4,11179272,TCS,3298.0775000000003,145.02287158545948,2562.623177101627,0.02713444318525049,1.0068934703516945,1.0297121337843875,0.9932501436139657,-2.7153226886641226,-4.294990201523259,-6.3355593363972575,11140559.2,1.0034749422632214,8156724.0,1.3705590626825181,341029558,0.9834031657612831,3.6461990170421905,114.25,93.94999999999982,20.300000000000182,114.25,166.00259361118023,-1.1355277839948068,-5.469574923824172,37.7156535818561,34.40778180431052,47.58005285088138,22.273146828552925
2022-09-12,3135.5,3269.8,3102.0,3242.95,7921213,TCS,3282.815,132.86715377635514,2563.7880641660336,3.49620220846365,0.9668665875206217,1.0082794986046657,0.9565364868406853,0.5030004342424366,-0.6615464220063397,-2.514820813131538,10954942.9,0.723072048143674,8042711.8,0.9848933042708307,348950771,1.0109968548958337,5.174301176398038,167.80000000000018,136.4000000000001,31.40000000000009,167.80000000000018,166.24224779635622,-0.3000365317307983,0.24420024420024333,47.68317189397141,59.907024793388395,42.85348915962461,26.49056469708188
2022-09-19,3263.45,3263.45,2987.8,3028.8,16595411,TCS,3257.135,129.64931048996922,2565.450219132558,-6.603555404801176,1.0774729265715794,1.0774729265715794,0.9864632857897517,-4.354594722172357,-6.667523763087339,-8.949496492433571,11347210.8,1.462510152715238,10401801.8,1.595436186834477,332355360,0.9685906598616634,9.100964078182766,275.64999999999964,20.5,255.14999999999964,275.64999999999964,180.82994809017538,-1.7611740404717846,-2.729783544222497,35.03636737443463,15.934412444818207,36.749739680839035,18.06114877661171
2022-09-26,3050.0,3079.95,2926.1,2994.4,11393959,TCS,3234.6,134.3428929818584,2566.5003320492438,-1.1357633386159582,1.018567993588031,1.0285699973283462,0.9771907560780122,-3.7022879362622776,-6.765370398163899,-9.351027048799718,11496372.3,0.9910916855050005,11315019.8,1.0069764968506727,320961401,0.9413418756372621,5.1379241250333925,153.8499999999999,51.149999999999636,102.70000000000027,153.8499999999999,177.232621678152,-1.7879620921401203,-2.255590011424835,33.394713264956394,13.589335455630758,29.810257564612453,16.672496107144326
2022-10-03,3009.4,3055.85,2950.1,2984.95,12041800,TCS,3215.0075,140.9253640416141,2567.58019175837,-0.3155890996526911,1.00819109197809,1.023752491666527,0.9883247625588368,-2.687064774137772,-6.08860884109435,-8.889117889863726,11615698.05,1.0366832839632913,11826331.0,1.0182194291703826,308919601,0.9121528576300205,3.542772910769025,105.75,61.44999999999982,44.30000000000018,105.75,167.7016054543984,-1.6324775995048433,-5.7409015552222336,32.90599464912387,11.709112614405077,13.74428683828468,16.255375765140183
2022-10-10,3029.95,3127.0,3005.0,3118.55,8940633,TCS,3204.8475,140.14743784859093,2568.6338443673217,4.475786864101594,0.9715893604399479,1.0027095925991245,0.9635888473809943,1.1413949864386699,-1.3231954301723308,-3.872240221118662,11381597.95,0.7855340734470418,11378603.2,0.7857408192246303,317860234,0.9417848435384342,3.912074521813022,122.0,142.05000000000018,20.050000000000182,142.05000000000018,164.28139139381196,-0.6157622381454569,-5.4641081605432245,45.83637841923809,38.29088738559497,21.196445151876933,21.408896283079535
2022-10-17,3100.0,3150.0,3052.35,3111.75,12213655,TCS,3191.6724999999997,135.59679051763212,2570.04900799115,-0.21805005531417843,0.9962239897163975,1.0122921185827911,0.9809110629067245,0.6169084566472828,-1.3239544423823821,-3.7576262595341756,11328754.75,1.0781109900891799,12237091.6,0.9980847900166082,305646579,0.9121829095082975,3.138105567606655,97.65000000000009,31.449999999999818,66.20000000000027,97.65000000000009,155.39720587463705,-0.5894129182180539,-7.784972365867027,45.32339831364795,36.93792280143258,28.97930760047754,21.07745767977648
2022-10-24,3150.0,3178.0,3105.0,3161.7,5858474,TCS,3178.21,123.40842609634645,2570.787551240857,1.6052060737526963,0.9962994591517222,1.005155454344182,0.982066609735269,1.4580056910253174,0.23726424678855323,-1.9418806508144395,11022149.9,0.5315182657786209,10089704.2,0.5806388258636959,311505053,0.9373414972118358,2.3088844608912926,73.0,66.25,6.75,73.0,144.41091175801876,-0.13378340946598463,-7.051197248313279,50.06046209692626,46.87624353362514,40.7016845735509,22.985658557196757
2022-10-31,3180.5,3199.0,3134.35,3193.15,7783217,TCS,3176.8875000000003,123.08282285880999,2571.8179580472665,0.9947180314388016,0.9960383946886303,1.0018320467250208,0.9815855816356889,1.619044223481458,1.0455841953837979,-0.8596809991826116,10894727.6,0.7144021664203886,9367555.8,0.8308695636486093,319288270,0.9661038234480669,2.024646508933188,64.65000000000009,37.30000000000018,27.34999999999991,64.65000000000009,133.77612352361626,0.13212647892106566,-4.811375594342016,53.01762820218719,53.133704735376085,45.649290356811264,24.159254351909862
2022-11-07,3214.5,3270.0,3166.15,3233.7,8758178,TCS,3182.9525000000003,122.72596396142748,2573.048771440249,1.2699058923006934,0.9940625289915577,1.0112255311253364,0.9791106163218605,1.9018154770510036,1.9598179458708767,0.37132401975190016,10693073.5,0.8190515103071161,8710831.4,1.005435370956669,328046448,0.9948926204430149,3.211491480347587,103.84999999999991,76.84999999999991,27.0,103.84999999999991,129.7859737204674,0.4135025577468622,3.2289987390464514,56.821427517290786,61.2017508953442,53.737233054781804,25.675814461532937
2022-11-14,3249.8,3349.0,3170.0,3335.5,7342827,TCS,3183.9925,123.98286943958072,2574.235623673291,3.148096607601203,0.974306700644581,1.0040473692100136,0.9503822515365012,3.263858633516184,4.244588720876114,3.127673395027953,10352056.95,0.7093109162232729,8391270.2,0.8750554832568734,335389275,1.0205700334841752,5.366511767351222,179.0,115.30000000000018,63.69999999999982,179.0,136.34784389107176,1.222003496812378,6.449862768877246,65.02411548260966,81.45642658177479,65.26396073749835,29.572443537255822
2022-11-21,3321.0,3367.9,3273.0,3283.5,7035663,TCS,3186.415,125.49707283228604,2575.2919234569454,-1.5589866586718681,1.011420740063956,1.0257042789706106,0.9968021927820923,1.154581081588379,2.338399968278341,1.4607355134326527,10184887.25,0.6907943924465143,7355671.8,0.9564949594406863,328353612,1.0020086732742715,2.8902086188518377,94.90000000000009,32.40000000000009,62.5,94.90000000000009,130.82146470559553,0.7736037009384608,1.250404724093812,58.47664117848201,72.14372224465079,71.60063324058991,27.500108632049407
2022-11-28,3280.0,3417.0,3255.25,3395.25,7380759,TCS,3200.4875,132.51002035098858,2576.5709769313394,3.403380539058931,0.9660555187394153,1.00640600839408,0.9587659229806347,2.9386283742278025,4.759540861710225,4.312018644722224,9781214.8,0.7545851053184109,7660128.8,0.9635293599762971,335734371,1.023882730889918,4.764008541344525,161.75,133.5,28.25,161.75,134.94526941151614,1.4697945067408391,12.098851030110925,66.77292431174595,95.56936239559992,83.05650374067517,31.77397519410453
2022-12-05,3383.0,3480.0,3375.0,3425.9,11054400,TCS,3218.6075,137.47683754669504,2578.5506510457517,0.9027317576025373,0.9874777430748124,1.015791470854374,0.9851425902682507,2.5379954634980457,4.809955534701196,4.7374216589904465,9326892.1,1.1852179570084231,8314365.4,1.3295542676053183,346788771,1.0519248197377646,3.0648880586123353,105.0,84.75,20.25,105.0,130.952566823314,1.5078358194673454,14.41023243387658,68.74892419650836,90.2328940241921,85.9819928881476,32.86145837820169
2022-12-12,3400.05,3407.95,3236.1,3286.45,6945629,TCS,3224.5924999999997,137.70577642873351,2579.5858649413944,-4.070463235938004,1.0345661732264297,1.0369699828081973,0.9846795174124056,-1.0649954290297268,0.6607459633167659,0.6373204490379429,9096105.8,0.763582697114187,7951855.6,0.8734601518669429,339843142,1.028229699628258,5.229046539579179,171.8499999999999,17.950000000000273,189.80000000000018,189.80000000000018,138.79889124687216,0.4492004736781177,10.100671703043606,52.392170000746205,65.05686947102363,83.61970863027189,27.402233229195673
2022-12-19,3277.2,3377.0,3194.5,3202.05,8831666,TCS,3219.755,136.65710440445014,2580.7411712888415,-2.5681206164706483,1.0234693399540917,1.0546368732530722,0.9976421355069408,-2.485918755741843,-1.677985244860801,-1.816551384083406,9044055.2,0.9765161539482865,8249623.4,1.0705538388576623,331011476,1.0017905924479116,5.699473774613138,182.5,90.55000000000018,91.94999999999982,182.5,144.6257057472892,-0.12955784536163037,2.677526414519571,44.92743079649872,49.819461996750356,68.36974183065537,24.074821435923866
2022-12-26,3198.9,3294.0,3163.65,3252.9,6577076,TCS,3213.6775000000002,132.04015485229996,2581.668951461277,1.5880451585702948,0.983399428202527,1.0126348796458544,0.9725629438347321,-0.5892252352922513,-0.0758863923549215,-0.20618965521654636,8948345.3,0.7350047164585837,8157906.0,0.8062211062495694,337588552,1.022279754682252,4.007193581112236,130.3499999999999,91.94999999999982,38.40000000000009,130.3499999999999,142.7222783143173,0.29704978795181,4.53603277898289,49.89064982240341,58.99981946199677,57.958716976590246,25.999888489141586
2023-01-02,3269.2,3299.0,3226.0,3261.45,4657283,TCS,3206.6724999999997,125.08148551938125,2582.3327216264624,0.26284238679330496,1.002376243695289,1.011513283968787,0.9891306014196141,-0.21701814998079236,0.15982789976639467,0.0517955300047231,8941211.4,0.5208783006741122,7613210.8,0.6117370347869522,342245835,1.0369979581534416,2.2382682549172914,73.0,46.09999999999991,26.90000000000009,73.0,133.42597453907499,0.43793451742714096,3.154948287313797,50.751727184747324,58.756369126250206,55.85855019499911,26.298597105093435
2023-01-09,3252.0,3337.3,3200.0,3319.95,9676339,TCS,3204.9425,123.15295611020692,2583.826128078712,1.7936807248309705,0.9795328242895225,1.0052259823190108,0.9638699378002681,1.032587068027158,1.6449311509492777,1.6618777854253097,9083634.9,1.0652496612341829,7337598.6,1.318733761206289,351922174,1.0642876180483272,4.135604451874281,137.30000000000018,75.85000000000036,61.44999999999982,137.30000000000018,133.94251126719834,0.9338590289061514,3.971000422780002,56.63477839927815,66.3052631578947,61.35381724871389,28.48968295202808
2023-01-16,3285.0,3379.0,3230.1,3334.05,12422002,TCS,3215.0175,125.14503614753046,2585.7710000568586,0.42470519134325535,0.9852881630449453,1.01348210134821,0.9688217033337831,0.9674194921085519,1.7664717106206966,1.9046120756774996,9230472.8,1.3457601001760169,8432873.2,1.473045035231883,364344176,1.0961371184210618,4.466039801442692,148.9000000000001,59.05000000000018,89.84999999999991,148.9000000000001,135.93684309823857,0.9511563835394615,3.10325633175621,58.02912518524547,65.87162399158196,63.644418758575625,28.938332123250188
2023-01-23,3330.0,3419.0,3321.0,3414.9,8291973,TCS,3229.0924999999997,131.16759194873472,2587.2033120936835,2.424978629594632,0.9751383642273566,1.0012006208088085,0.9725028551348502,2.208053912298951,3.507612857969886,3.8748277353177345,9086107.85,0.9125990068453789,8324934.6,0.9960406175443108,372636149,1.1157787740012983,2.869776567395824,98.0,84.94999999999982,13.050000000000182,98.0,130.87859735180677,1.4165656107540723,2.380452705741276,65.39154055814501,82.64000000000003,71.60562904982557,31.99194605376825
2023-01-30,3425.0,3458.45,3382.3,3433.65,6001650,TCS,3238.6275,138.92959640255597,2588.2603370837955,0.5490643942721585,0.9974808148762978,1.0072226348055275,0.985045068658716,1.8280417447147428,3.458164381180712,4.0330901899024365,8990129.7,0.6675821373300099,8209849.4,0.7310304620204117,378637799,1.1287326911704278,2.21775661468116,76.14999999999964,43.54999999999973,32.59999999999991,76.14999999999964,123.58145103823249,1.4037505689925986,4.572864321608039,66.94321996652255,86.5904817011428,78.3673685642416,32.66246639890595
2023-02-06,3449.0,3504.0,3351.0,3459.95,9782566,TCS,3260.185,138.10537081289215,2590.031043501841,0.7659487717152302,0.9968352143817107,1.0127313978525703,0.9685111056518159,1.7161819364903592,3.593146753344772,4.365680174476115,8649487.45,1.1309995021728139,9234906.0,1.0593032565788976,388420365,1.1482990049185038,4.4220292200754345,153.0,70.34999999999991,82.65000000000009,153.0,127.50392423313482,1.4464680035553823,1.9056034165378044,69.17967094720316,87.0574408696929,85.4293075236119,33.587201924884596
2023-02-13,3468.9,3549.0,3461.4,3482.4,7373780,TCS,3284.585,131.63334553939066,2591.3953188784085,0.6488533071287161,0.9961233631977946,1.0191247415575464,0.9939696760854583,1.5665257085457875,3.612559837854492,4.567022415490884,8448478.5,0.8727938409265052,8774394.2,0.840374826104804,395794145,1.1572968777599488,2.515506547208819,87.59999999999991,89.05000000000018,1.4500000000002728,89.05000000000018,122.37673433538355,1.5027727145383907,1.6492016696342482,71.10510421666217,82.71701050992606,85.45497769358725,34.38320176896942
2023-02-20,3505.0,3575.0,3460.15,3487.3,6985649,TCS,3309.7025000000003,118.74649631949407,2592.6910277154307,0.14070755800597023,1.005075559888739,1.0251483956069165,0.9922146072893069,1.136556290432873,3.212566016118359,4.309355553407123,8195670.95,0.8523584027003914,7687123.6,0.9087468035508106,402779794,1.1617805244324044,3.2933788317609585,114.84999999999991,92.59999999999991,22.25,114.84999999999991,121.37316975733239,1.4956020219928332,6.11145765187362,71.55267352644627,78.67995624164341,82.81813587375412,34.50503599238591
2023-02-27,3494.0,3508.9,3316.0,3331.85,5905155,TCS,3320.3675000000003,109.92587607229164,2593.593590417189,-4.457603303415258,1.0486666566622147,1.0531386466977806,0.9952428830829719,-2.317328660928821,-1.1169646717907833,-0.1422339982451434,8043897.05,0.7341161831503052,7209760.0,0.819050148687335,396874639,1.1318496863035636,5.7895763614808615,192.9000000000001,21.59999999999991,171.30000000000018,192.9000000000001,130.91008045635476,0.10445675222500177,4.053653128464574,45.66225486123341,40.88975325148896,67.42890666768615,28.464614205962
2023-03-06,3328.5,3404.95,3299.9,3371.85,9719384,TCS,3333.3725,98.76523263592892,2595.1545717789095,1.2005342377357842,0.9871435562080164,1.0098165695389771,0.9786615656093837,-0.73569731728195,0.07078130275085213,0.9586002289152912,7919183.5,1.227321478281189,7953306.8,1.2220557114683417,406594023,1.1431137602058916,3.1155003929593463,105.04999999999973,73.09999999999991,31.949999999999818,105.04999999999973,127.46206972884076,0.38958547429171525,3.656737065387805,50.93352461663493,50.613832502734866,56.72784733195575,29.928676953091326
2023-03-13,3364.0,3396.0,3272.0,3281.95,6418727,TCS,3339.3849999999998,91.12936885778696,2596.063098456953,-2.6661921497101004,1.0250003808711285,1.03475068175932,0.996968265817578,-2.3300499193624113,-2.2855757089499282,-1.6081694825599506,7947196.15,0.8076718982203553,7280539.0,0.8816279948503812,400175296,1.1112170957649885,3.7782415941741956,124.0,24.15000000000009,99.84999999999991,124.0,127.00046043166199,-0.6302578490325202,0.6285547839151251,40.69566093540473,28.758964385559683,40.087516713261174,26.42027083050193
2023-03-20,3280.0,3304.4,3095.05,3143.3,15381350,TCS,3336.8924999999995,95.89662097525246,2597.792344094837,-4.224622556711699,1.0434893265039926,1.051251869054815,0.9846498902427385,-4.5625313805769885,-5.826309528563202,-5.582568483392278,8327102.8,1.8471430423556199,8882053.0,1.7317336431115644,384793946,1.0588754077417593,6.660197881207646,209.3499999999999,22.450000000000273,186.89999999999964,209.3499999999999,137.9803990407737,-2.018762475999636,-5.320863266013031,29.974066640937735,10.053130534430673,29.808642474241736,20.99889381632762
2023-03-27,3143.3,3170.0,3097.45,3122.3,7165248,TCS,3331.3224999999998,105.00822708995959,2598.563302754143,-0.6680876785543854,1.006725811100791,1.0152771995003682,0.9920411235307305,-3.510532809908879,-5.604066253668144,-5.768305486668911,8247456.3,0.8687827785156013,8917972.8,0.803461522107356,377628698,1.0321169683369915,2.3236075969637824,72.55000000000018,26.699999999999818,45.850000000000364,72.55000000000018,129.25634583533724,-1.9905345113667323,-6.351134506081191,28.654732069067975,5.677674757787272,14.829923225925876,20.154856211921548
2023-04-03,3127.0,3224.95,3104.1,3200.0,6948557,TCS,3324.5474999999997,109.01906216103357,2599.419382001841,2.4885501072926974,0.9771875,1.007796875,0.97003125,-0.6647784567455233,-2.605600731382509,-2.933442250814835,8227742.8,0.8445277360882015,9126653.2,0.7613477632742746,384577255,1.0440901533144558,3.776562499999997,120.84999999999991,102.64999999999964,18.200000000000273,120.84999999999991,128.13549972395893,-1.1424378226261829,-6.293010044217984,39.94070786155312,21.86686113136782,12.532555474528587,23.104414091720958
2023-04-10,3185.5,3272.0,3185.5,3263.4,6561716,TCS,3323.5425000000005,109.50892330258918,2600.3106717055994,1.981250000000001,0.9761291904149046,1.002635288349574,0.9761291904149046,0.8605971151588867,-0.5247609435621137,-0.8558856619037835,8204045.45,0.7998146816702484,8495119.6,0.7724100788410325,391138971,1.052930651789503,2.6506097934669364,86.5,72.0,14.5,86.5,122.5840997607644,-0.5492018201459059,-4.958280546939841,47.72601414630487,35.07657047609125,20.87370212174878,25.500388684689984
2023-04-17,3264.0,3272.95,3070.25,3139.5,14445624,TCS,3310.755,115.46499913962451,2601.899372567683,-3.796653796653804,1.0396559961777354,1.042506768593725,0.9779423475075649,-2.0346185431630444,-3.850250457503415,-4.433138768371412,8557288.7,1.6881075894985291,10100499.0,1.4301891421404032,376693347,1.0084838342968276,6.456442108616016,202.69999999999982,9.549999999999727,193.1500000000001,202.69999999999982,133.26621979266247,-1.4831767312699866,-9.261694533157993,36.93112885744154,13.719663199603765,23.554364935687612,20.661853148524585
2023-04-24,3154.95,3180.95,3071.5,3174.8,11905195,TCS,3298.2,115.93645832273307,2603.2871730433326,1.1243828635133069,0.9937476376464658,1.0019371298979463,0.9674625173239259,-0.6000766276637698,-2.31047930434276,-2.9993026016421576,8599828.45,1.384352614615237,9405268.0,1.2658007193415435,388598542,1.0345663210911644,3.4474612574020354,109.44999999999982,41.44999999999982,68.0,109.44999999999982,130.09072382030746,-1.0643761400446636,-8.832988743395354,41.29609765708135,20.71322436849929,23.169819348064767,21.953506815329536
2023-05-01,3183.0,3227.25,3147.5,3219.25,9389877,TCS,3294.84,117.26111954903266,2604.461791048838,1.4000881945319232,0.988739613263959,1.002485050865885,0.9777122000465946,0.5259769040393372,-0.7695607083532979,-1.4457053893667977,8722040.85,1.076568794102816,9850193.8,0.953268249402362,397988419,1.0514269439836488,2.4772850819290206,79.75,52.44999999999982,27.300000000000182,79.75,123.37862731093313,-0.6446296973004103,-7.686462306082076,46.65981148750377,29.519564140663697,21.317483902922252,23.60519210011453
2023-05-08,3235.0,3254.85,3173.15,3250.6,9380959,TCS,3297.2675000000004,115.73167045390132,2605.690441370525,0.9738293080686411,0.9952008859902788,1.0013074509321356,0.9761736294837876,0.9902276807007125,0.1733987632086165,-0.42838137118043085,8749505.5,1.0721701929326177,10336674.2,0.9075413250424398,407369378,1.0654634564273193,2.5133821448347944,81.69999999999982,35.59999999999991,46.09999999999991,81.69999999999982,117.82147700280868,-0.40323880072731905,-2.438585170400831,50.351447744082186,35.73055968301138,28.654449397391456,24.750045070214448
2023-05-15,3252.6,3309.7,3246.0,3255.05,6564854,TCS,3297.375,115.68928042502874,2606.553396897953,0.13689780348244973,0.9992473233898096,1.016789296631388,0.9972197047664397,0.7503897224078836,0.26560487849058956,-0.26682798873415764,8748894.4,0.7503638402584902,10337301.8,0.6350645581422417,413934232,1.0719314864570801,1.9569591864948253,63.69999999999982,59.09999999999991,4.599999999999909,63.69999999999982,110.60528006910083,-0.365850663471177,-3.4639737829381456,50.90792335203728,36.61218424962856,33.95410269110121,24.87946741754149
2023-05-22,3256.2,3308.45,3195.0,3298.7,6430177,TCS,3299.2375,115.37991122579118,2607.4531724400977,1.3409932259105029,0.9871161366598963,1.0029557098250825,0.9685633734501471,1.3758058358188985,1.35886184420635,0.971622081122349,8837539.1,0.7275981387171458,8734212.4,0.7362057052791617,420364409,1.0776825763763043,3.439233637493553,113.44999999999982,53.399999999999636,60.05000000000018,113.44999999999982,110.98457605988736,-0.0046585232584250335,0.5103673121162666,56.434479588631255,45.26002971768198,39.20092455010731,26.510421543372225
2023-05-29,3306.0,3372.0,3267.1,3320.35,7080377,TCS,3299.2575000000006,115.38372510772311,2608.4721743835853,0.656319156031171,0.9956781664583553,1.0155555890192298,0.9839625340702034,1.3459164868393876,1.716035331598037,1.4825492129088138,8707741.0,0.8131129531758007,7769248.8,0.911333538449689,427444786,1.0853275877824973,3.1593054949026484,104.90000000000009,73.30000000000018,31.59999999999991,104.90000000000009,110.17329925190239,0.18280307712640734,5.632615404193042,59.07136929398809,57.01584406702379,46.29601934477811,27.290987905003828
2023-06-05,3315.0,3340.0,3265.15,3288.9,12229091,TCS,3297.0,115.108532309834,2610.1478784530987,-0.947189302332585,1.0079357840007297,1.0155371096719268,0.9927787406123628,0.26836000021833245,0.6653126524990689,0.49543933305715093,8698095.45,1.4059504256187487,8337091.6,1.466829391678988,415215695,1.0475113737624058,2.2758369059563957,74.84999999999991,19.65000000000009,55.19999999999982,74.84999999999991,105.4635260183154,-0.0703683718092886,5.335810139960917,53.63046283785889,65.32715864953697,55.86767747808091,26.0043550463188
2023-06-12,3280.0,3288.85,3205.35,3246.9,9449705,TCS,3288.6,112.14368368067599,2611.3573176948403,-1.2770227127611,1.0101943392158674,1.012920016015276,0.9872031784163355,-0.6811401224310356,-0.5311052433827055,-0.7257190282164332,8755982.05,1.0792284573036555,8350840.8,1.1315872528668012,405765990,1.0194113996551208,2.5716837598940527,83.5,0.0500000000001819,83.55000000000018,83.55000000000018,102.54172254920671,-0.37184439311569845,1.4656250000000037,46.96480129860769,54.228702993092895,58.85723523655122,24.33763767212758
2023-06-19,3260.0,3265.0,3156.0,3210.4,10928657,TCS,3277.4375,107.97943746135915,2612.6703246225193,-1.12414918845668,1.0154497881883877,1.0170072265138301,0.9830550710191877,-1.2172094574967505,-1.4349201562972096,-1.714991596059557,9002332.4,1.2139806124021815,9223601.4,1.1848579016001277,394837333,0.9899407407538842,3.3952155494642406,109.0,18.09999999999991,90.90000000000009,109.0,103.40282620931248,-0.6208357959263265,-1.6240730526444813,41.760218138371286,46.44573322286664,55.3338649551655,22.87811323703236
2023-06-26,3214.0,3267.65,3173.0,3189.65,7802350,TCS,3263.9224999999997,100.59673202156729,2613.5717905794895,-0.6463369050585643,1.0076340664336212,1.0244540937093412,0.9947799915351214,-1.2504463378631074,-1.795539860784516,-2.1786324314550023,8903321.6,0.8763414768708344,9498036.0,0.8214698280781416,387034983,0.9705471554875482,2.967410217421977,94.65000000000009,57.25,37.40000000000009,94.65000000000009,102.2357827147375,-0.7383192128356221,1.5973881191272632,38.93029706013222,39.56917978458993,46.74787200018316,22.041797799354907
2023-07-03,3202.0,3318.8,3182.3,3272.3,6799084,TCS,3253.4175,86.57367150977393,2614.467421692153,2.5911933911244134,0.9785166396724017,1.0142101885523944,0.9724964092534303,0.8712554550692901,0.6647634341198243,0.36862898967865193,8874586.8,0.7661296411005861,9441777.4,0.7201063647189988,393834067,0.9878396294848889,4.171377929896403,136.5,129.1500000000001,7.349999999999909,136.5,106.80434501943917,0.21810903558443148,3.071059594305159,53.433344720653174,66.95940347970179,50.99143882905279,25.16124595203716
2023-07-10,3290.0,3356.9,3265.2,3271.95,8154684,TCS,3242.65,67.17168106308041,2615.5378467147025,-0.01069584084589792,1.0055165879674202,1.0259631106832319,0.9979370100398844,0.573767778770703,0.5606893361023937,0.3281404838139275,8933038.55,0.9128678841310944,8626896.0,0.9452628152698259,385679383,0.9694646632299796,2.8026100643347327,91.70000000000027,84.59999999999991,7.100000000000364,91.70000000000027,104.79043235018065,0.43619572320192973,1.6370272579016687,53.3714126988121,66.84341342170666,57.79066556199947,25.096641369949847
2023-07-17,3295.0,3549.9,3250.1,3491.7,16259887,TCS,3250.6425,85.38467795958007,2618.372887641553,6.71617842570944,0.9436664089125641,1.0166680986339034,0.9308073431279893,4.5541024875655225,5.844770039954395,6.050902898687478,9450775.15,1.7204818379368596,9988932.4,1.6277902731627256,401939270,1.0096936921256416,8.586075550591408,299.8000000000002,277.9500000000003,21.84999999999991,299.8000000000002,130.79170803682325,2.82319387694023,7.41709222912692,74.65391079616074,87.86615240279365,73.88965643473402,33.35380978318481
2023-07-24,3476.0,3524.0,3359.05,3394.75,12171219,TCS,3251.7875,87.22922445305957,2620.248804083073,-2.7765844717472787,1.0239340157596288,1.0380734958391633,0.9894837616908462,1.2188545363345287,2.704979381652442,3.087176624808353,9573366.9,1.2713624294499775,10237444.8,1.1888922712433085,389768051,0.9811925575754223,4.85897341483172,164.94999999999982,32.30000000000018,132.64999999999964,164.94999999999982,135.3461469652468,1.6389289357597363,4.291792752799495,60.5786415300337,67.56897993311036,74.09284858587023,29.558307390887446
2023-07-31,3397.5,3426.65,3331.0,3421.45,9385061,TCS,3258.7625,94.99927683241698,2621.738772224007,0.7865085794241056,0.9930000438410616,1.001519823466659,0.9735638398924433,1.3264758971043618,2.9693497758964984,3.5231680846266378,9721683.6,0.9653740428252572,10553987.0,0.8892431836423524,399153112,1.004947578181872,2.7955983574215635,95.65000000000009,31.90000000000009,63.75,95.65000000000009,130.05332736988055,1.7125130361464551,3.721162882347584,62.806959613747765,68.07902584493036,74.50471939361147,30.503085824130455
2023-08-07,3415.0,3488.0,3368.0,3484.05,9999799,TCS,3275.8,103.3872968884119,2623.4440452050985,1.8296336348624154,0.980181111063274,1.0011337380347582,0.9666910635610855,2.066267889027187,4.039506188177821,4.818572683003125,9452606.05,1.0578880519409777,11194130.0,0.893307385209927,409152911,1.026974922504519,3.4442674473672876,120.0,66.55000000000018,53.44999999999982,120.0,128.71288372056313,2.0142706721964947,4.930203141235112,67.74006176691216,83.28255902513331,72.97685493439134,32.804433407598
2023-08-14,3484.05,3489.95,3411.0,3449.85,7395914,TCS,3292.1775000000002,103.73458855097412,2624.6509948402027,-0.9816162224996816,1.0099134744988914,1.0116236937837877,0.98873864081047,0.7302695554425259,2.647032239891387,3.5520778613173465,9464139.35,0.7814671494666866,11042376.0,0.6697755990196312,401756997,1.0053668021392417,2.2885052973317626,78.94999999999982,5.899999999999636,73.05000000000018,78.94999999999982,122.07783255782135,1.5199607209365948,4.893733467116657,62.51332414048853,74.60015232292456,75.32057906432941,31.44033270640762
2023-08-21,3450.0,3466.0,3356.5,3401.65,7074014,TCS,3302.2599999999998,104.10289267429421,2625.7348817872494,-1.3971621954577684,1.0142136904149457,1.0189172901386092,0.986727029529787,-0.45089482538505904,1.0864973106217801,2.003329117450907,9470412.2,0.7469594618067417,9205201.4,0.7684800899630506,394682983,0.9864173448840418,3.2190260608822188,109.5,16.15000000000009,93.34999999999991,109.5,120.40078821677851,0.9547285137499583,4.766084572977292,55.54399374341383,62.36354404671237,73.4154184649234,29.55039838921633
2023-08-28,3400.0,3413.05,3350.25,3375.55,5900470,TCS,3307.8675000000003,104.91682830623405,2626.6063135373765,-0.7672747049226047,1.0072432640606714,1.0111093007065515,0.9925049251233132,-0.8183923375985345,0.2757350213852761,1.1418107028520312,9437349.9,0.6252253082192067,7951051.6,0.7420993218054327,388782513,0.9719567197590293,1.860437558323834,62.80000000000018,11.400000000000091,51.40000000000009,62.80000000000018,112.72068312120807,0.6451062340775914,5.144218788935961,51.92695864310214,55.73749682660577,64.23373106541423,28.513739672466766
2023-09-04,3381.05,3432.85,3343.65,3418.5,8656651,TCS,3321.8175,99.77426136163956,2627.954250234264,1.2723852409237013,0.9890449027351178,1.004197747550095,0.9781044317683195,0.2988592940020873,1.3102883097692057,2.1852086757869853,9147901.25,0.9462991306339255,7805369.6,1.1090635605519565,397439164,0.9910283941256072,2.609331578177558,89.19999999999982,57.29999999999973,31.90000000000009,89.19999999999982,109.5845920383803,0.9690124354773889,7.174768391516317,57.21698216531576,66.64127951256663,61.58077346196159,30.08217322258424
2023-09-11,3420.0,3485.7,3398.1,3480.65,8004273,TCS,3337.1099999999997,99.49333963425123,2629.294191319416,1.8180488518356075,0.9825750937324925,1.0014508784278797,0.9762831655006966,1.3860726198738886,2.6335525803545057,3.6041279272539093,8952855.15,0.8940469677988703,7406264.4,1.0807436202250624,405443437,1.0088685355440452,2.5167712927183112,87.59999999999991,67.19999999999982,20.40000000000009,87.59999999999991,106.65331309992958,1.442709637928224,6.3670812578308755,63.85747569232571,82.41939578573242,68.26605737496827,32.37963296352784
2023-09-18,3492.0,3619.3,3483.0,3606.15,13184316,TCS,3356.4550000000004,112.1762076049506,2631.8161334371944,3.6056483702756603,0.968345742689572,1.0036465482578374,0.9658500062393411,3.2120005480201086,5.161771209614742,6.378958782680516,9142577.1,1.44207873292094,8563944.8,1.5395143602513643,418627753,1.0390071705067336,3.7796542018496226,136.30000000000018,138.6500000000001,2.349999999999909,138.6500000000001,110.91953801993898,2.2259176462743966,10.214092513638672,73.45667106031345,97.16166630692854,82.0741138684092,37.02135016895386
2023-09-25,3580.0,3633.75,3528.0,3577.15,6881330,TCS,3372.7825,119.48481215419643,2633.0882293127534,-0.8041817450743838,1.0007967236487147,1.0158226521113176,0.9862600114616384,1.6182260134916848,3.765356997502524,5.151640839676766,9017595.65,0.7631003060111705,8525408.0,0.8071555050503155,411746423,1.021373365088707,2.9562640649679213,105.75,27.59999999999991,78.15000000000009,105.75,110.23026628394712,1.710405668431414,2.447232007331679,68.59891424509377,87.71568095496475,89.09891434920856,35.85378416786477
2023-10-02,3567.6,3614.0,3505.55,3528.6,7266740,TCS,3386.46,120.94636871465124,2634.3589686004475,-1.3572257243895325,1.0110525420846794,1.0242022331802982,0.9934676642294396,0.17639426102170114,2.0925126396424596,3.526070592825936,9052689.95,0.802716103184336,8798662.0,0.8258914821367158,404479683,1.0045255237743589,3.0734568950858647,108.44999999999982,36.84999999999991,71.59999999999991,108.44999999999982,109.99289744608748,1.1752316461468204,3.9428529346785535,60.828395206631534,76.70838409569163,87.19524378586163,33.94529910533167
2023-10-09,3534.2,3679.0,3477.3,3638.35,13035819,TCS,3403.4425,131.37153147806356,2636.908201840822,3.1102987020348083,0.9713743867412425,1.0111726469416082,0.9557354295216239,2.1250337450476455,4.325031189626937,5.899835997826433,9382972.05,1.3893059608975387,9674495.6,1.3474417208893041,417515502,1.037266934481745,5.543721741998429,201.69999999999982,150.4000000000001,51.29999999999973,201.69999999999982,122.22051111994247,1.7881157154601999,6.339417498429034,69.76235434367071,90.52226626253204,84.98211043772947,37.9778786936941
2023-10-16,3640.05,3650.0,3519.1,3524.05,13077307,TCS,3413.6275,132.48202010579712,2639.1621709450465,-3.14153393708686,1.0329166725784253,1.0357401285452816,0.9985953661270413,-0.6996464245599882,1.0473283933734898,2.6104517843960315,9682818.55,1.350568218589617,10689102.4,1.223424241870861,404438195,1.0076576813120353,3.71447624182404,130.9000000000001,11.650000000000091,119.25,130.9000000000001,123.37777630395016,0.8334904609079725,1.1480891491224332,54.7554922021238,63.87269759850787,77.03444931891052,33.52911915746686
2023-10-23,3530.0,3534.15,3401.3,3410.15,7182338,TCS,3419.69,129.2077667944037,2640.236517416664,-3.232076729898836,1.0351450815946512,1.0363620368605486,0.9974048062401948,-2.7086958994903805,-1.9351881987592985,-0.5888551158842241,9430480.9,0.7616088804124507,9488706.8,0.7569353918702598,397255857,0.9919822958874036,3.8957230620353918,132.8499999999999,10.099999999999909,122.75,132.8499999999999,124.64073946342346,-0.07383457075904792,-1.15077467136252,43.89781214232574,22.744252873563244,59.04640557820105,29.1607769798085
2023-10-30,3390.5,3425.0,3330.0,3378.55,5522831,TCS,3426.2725,123.15326830181172,2641.0267746062514,-0.926645455478492,1.0035370203193676,1.0137485015761198,0.985629929999556,-2.4462287710501407,-2.475943492918321,-1.4022023009811362,9234137.2,0.598088471113468,9217007.0,0.5992000440056083,391733026,0.9799081822969794,2.811857157656391,95.0,14.849999999999909,80.15000000000009,95.0,120.68864086830034,-0.3875049412659218,-0.6790822101039207,41.27760793293058,13.91117478510034,33.50937508572382,27.92562470343397
2023-11-06,3399.0,3399.0,3311.0,3380.25,6311120,TCS,3434.7650000000003,112.91415125053415,2641.929835571022,0.05031744387384851,1.0055469270024406,1.0055469270024406,0.9795133496043192,-1.5964709147610372,-2.0780624141492186,-1.2386045515316468,9003260.35,0.7009816171760489,9025883.0,0.699224663116063,398044146,0.9952960553944628,2.603357739812144,88.0,20.449999999999818,67.55000000000018,88.0,116.33015541919363,-0.4828004231200599,0.13923656885543867,41.49437814858393,18.817934782608695,18.491120813757426,27.94624423738334
2023-11-13,3378.0,3404.15,3322.35,3331.55,6839288,TCS,3441.8599999999997,100.47458385082706,2642.841597182085,-1.4407218401005784,1.0139424592156803,1.0217916585373175,0.997238522609596,-2.0543932623195453,-3.0601896094082055,-2.4919512786456437,8955107.25,0.7637304399676509,7786576.8,0.8783433562229811,391204858,0.9776849467229881,2.4553135927721383,81.80000000000018,23.90000000000009,57.90000000000009,81.80000000000018,111.72613469663452,-1.097889593290328,-2.543513236799766,36.981919206389186,5.584239130434832,12.77111623271462,26.059390148552474
2023-11-20,3383.1,3533.9,3356.05,3519.6,9508699,TCS,3454.225,93.48311063331715,2644.4502559442517,5.644519818102678,0.961217183770883,1.0040629617001933,0.9535316513240142,2.265538911035206,2.0967866413657426,2.735451398215444,9090588.0,1.0459938345022346,7072855.2,1.3443932798171805,400713557,1.000588586747726,5.053131037617908,177.8499999999999,202.3499999999999,24.5,202.3499999999999,123.80931673708324,0.6993241833429161,1.1190438567508787,57.55000673798815,56.68478260869563,27.028985507246386,33.0938251566112
2023-11-27,3519.6,3544.0,3453.0,3457.1,8324824,TCS,3463.4825000000005,83.0702972360848,2645.7535556282382,-1.7757699738606636,1.0180787365132626,1.0251366752480402,0.99881403488473,0.33241556049472853,0.28013163707422467,0.8956119809654981,9099095.0,0.9149068121609897,7301352.4,1.1401756200673179,392388733,0.9789812978504203,2.632264036331029,91.0,24.40000000000009,66.59999999999991,91.0,119.43474117213881,-0.07683251670403476,-4.133216865632328,51.148054302873106,39.70108695652171,33.990036231884055,30.665987111528466
2023-12-04,3457.1,3547.8,3433.0,3512.45,9194418,TCS,3464.5200000000004,83.56934466906982,2647.2860133560907,1.6010529056145195,0.9842417685661006,1.0100642002021383,0.9773804609318283,1.2686669483667619,1.587034629681583,2.252545041527383,8745821.55,1.051292659864527,8035669.8,1.1442005742943793,401583151,1.0019652126705276,3.268373927030995,114.80000000000018,90.70000000000027,24.09999999999991,114.80000000000018,118.81677568252033,0.5735356689680845,-1.8087024586612377,56.13434091310761,54.74184782608691,50.37590579710142,32.68116789341925
2023-12-11,3538.0,3653.0,3502.8,3642.9,7985539,TCS,3476.9275000000002,90.77604668254979,2648.8126161115456,3.7139318709163094,0.9712042603420352,1.0027725164017678,0.9615416289220127,3.2027833544320696,4.380978996723588,5.273419302896095,8536537.55,0.9354540940313675,8370553.6,0.9540036874024677,409568690,1.019371417785653,4.123088747975509,150.19999999999982,140.55000000000018,9.649999999999636,150.19999999999982,123.0012055915176,1.8283732996262476,3.2392450263560635,65.66472266037445,90.19021739130437,61.544384057971,37.5295473089287
2023-12-18,3638.95,3929.0,3563.0,3859.2,20431072,TCS,3498.8149999999996,123.55241387233501,2653.5424505814635,5.937577204974054,0.9429285862354893,1.0180866500829189,0.9232483416252073,5.7520417844562886,8.348762523801593,9.700756870243444,9088838.1,2.247930018689628,11088910.4,1.8424778687002465,429999762,1.0661295614039321,9.483830845771145,366.0,286.0999999999999,79.90000000000009,366.0,155.40104484598191,2.9168592397747974,6.070059230145541,75.74622614437031,88.70550161812295,77.8791889451714,45.43577394642184
2023-12-25,3845.0,3898.8,3743.35,3824.0,8521138,TCS,3515.8125,143.23109030604923,2655.446930679724,-0.9121061359867233,1.0054916317991631,1.019560669456067,0.9789095188284519,3.2563249049117298,6.432952256094236,8.130421244117832,9014905.05,0.9452277037571238,10891398.2,0.7823731942883146,421478624,1.0434081572484661,4.065115062761514,155.45000000000027,39.600000000000364,115.84999999999991,155.45000000000027,155.40757219985102,2.151680192767366,8.511513741291976,71.78825872469469,83.00970873786407,87.30180924909712,44.0058905271045
2024-01-01,3819.85,3838.0,3765.4,3811.1,6662999,TCS,3533.875,156.62666599272418,2656.9154112068904,-0.33734309623431047,1.002295925061006,1.0070583296161213,0.98800871139566,1.9525747485646974,5.242493039648319,7.167835165975096,8978259.3,0.7421259263474379,10559033.2,0.6310235865154776,414815625,1.0252560913105206,1.9049618220461262,72.59999999999991,14.0,58.59999999999991,72.59999999999991,144.3665625732042,1.7699731922588322,11.757547321965301,70.23634325933781,80.92233009708737,84.21251348435813,43.44077285730474
2024-01-08,3811.1,3811.1,3651.0,3678.3,9776219,TCS,3547.7075000000004,156.55076633726773,2658.8161491277915,-3.484558264018256,1.036103634831308,1.036103634831308,0.9925780931408531,-1.0581957925753886,1.5612022378514268,3.4982352040237044,9113369.55,1.0727337398492744,10675393.4,0.9157713101233347,405039406,0.9998136349736295,4.35255416904548,160.0999999999999,0.0,160.0999999999999,160.0999999999999,146.4643542301103,0.8341862710442159,8.872149294815813,55.88569369617006,59.433656957928825,74.4552319309601,38.34352560280049
2024-01-15,3709.95,3965.0,3682.75,3903.8,14056035,TCS,3574.1200000000003,169.96376812038625,2662.13836698622,6.130549438599342,0.9503432552897176,1.0156770326348685,0.9433756852297761,3.186235363179442,6.212094484821861,8.316536538342222,9521147.8,1.4762962717583272,11889492.6,1.1822232851215198,419095441,1.0306540895646448,7.230134740509247,282.25,286.6999999999998,4.449999999999818,286.6999999999998,165.16244033276223,1.9397075249972437,15.488499371348286,68.49695611577418,90.64220183486242,76.9993962966262,46.64151376997932
2024-01-22,3899.0,3963.55,3812.55,3860.65,10588930,TCS,3596.2275,177.25583538385328,2664.5428611109764,-1.1053332650238223,1.0099335604108117,1.0266535427971974,0.9875409581288125,1.4027733863088505,4.4261475842922575,6.684151820768175,9617761.75,1.1009765343792177,9921064.2,1.0673179597003315,408506511,1.003248143991659,3.9112584668384853,151.0,59.75,91.25,151.0,163.2741149550606,1.4917562484043732,15.881496600681366,64.43017692292199,84.04434250764527,78.04006710014549,44.88976913624534
2024-01-29,3900.0,3933.9,3778.7,3801.0,9128464,TCS,3612.245,180.70263512771834,2666.5049997161136,-1.5450766062709675,1.0260457774269929,1.0349644830307814,0.9941331228624046,-0.09635761223305987,2.5082436963125136,4.78474695245407,9673971.3,0.9436108209252181,10042529.4,0.908980560216234,399378047,0.981560679994933,4.083136016837682,155.20000000000027,73.25,81.95000000000027,155.20000000000027,162.19756629438592,1.0445614136539318,7.995226730310256,58.85638843543194,74.92354740061162,83.2033639143731,42.546141875026265
2024-02-05,3807.45,4022.0,3787.0,3973.3,10752119,TCS,3630.6025,197.88340697636806,2669.1571500711407,4.533017626940294,0.9582588780107215,1.0122568142350188,0.9531120227518687,2.829511105949226,5.77364643776145,8.170896040005744,9552361.45,1.1255980059255402,10860353.4,0.9900339891333554,410130166,1.0090400878025276,5.914479148315002,235.0,221.0,14.0,235.0,171.9045574551345,1.7318152402789708,14.931590061033816,68.06428678272502,93.15049226441634,84.03946072422441,48.8597252467544
2024-02-12,3997.0,4184.75,3990.0,4120.7,12058148,TCS,3657.78,225.5478793842511,2672.4533970389957,3.7097626657941696,0.9699808285000122,1.015543475623074,0.9682820879947582,4.2035732565289,7.837869999443403,10.501040146765176,9811202.35,1.2290183781603485,11316739.2,1.0655143488682677,422188314,1.0373741439505861,4.7261387628315585,194.75,211.44999999999982,16.699999999999818,211.44999999999982,177.1772831277832,2.0524245285026743,17.31697248359407,73.84272763626528,92.57305194805193,86.88236387102664,54.191650434975635
2024-02-19,4125.45,4170.0,4049.5,4103.8,5820127,TCS,3686.54,244.11695730141525,2674.020547826421,-0.4101244934113013,1.0052755982260344,1.0161313904186364,0.9867683610312393,2.539380463339446,6.392857680346395,9.288098783658414,9738871.7,0.5976182025275064,9669557.6,0.6019020973617242,416368187,1.02158119508605,2.936302938739704,120.5,49.30000000000018,71.19999999999982,120.5,169.6203120440788,1.7092626608679313,12.652008015591964,72.11646989040153,90.23168818631594,91.98507746626142,53.46927694088873
2024-02-26,4082.1,4130.0,3971.0,4001.05,9978995,TCS,3704.675,253.63519051664878,2676.507035824377,-2.5037769871826154,1.0202571824895965,1.0322290398770322,0.9924894715137276,0.024345200293647947,3.419104488344421,6.378669300811684,9586030.5,1.0409934539640782,9547570.6,1.0451868248033693,406389192,0.998460054544729,3.9739568363304634,159.0,26.199999999999818,132.80000000000018,159.0,168.2042704382016,1.168508988820878,3.675632255389738,61.95578854650315,75.56368473561692,86.12280828999492,49.487744528482345
2024-03-04,3999.0,4154.9,3999.0,4080.7,12530012,TCS,3732.5075000000006,263.1351300212713,2679.8029561622134,1.990727434048556,0.9799789251844047,1.0181831548508833,0.9799789251844047,1.3171606772751185,4.546490555840983,7.5222004979974475,9558665.75,1.3108536617675954,10227880.2,1.2250839621684266,418919204,1.027417419111878,3.8204229666478704,155.89999999999964,153.84999999999945,2.050000000000182,155.89999999999964,166.56370104644134,1.323245968608798,6.712866108786608,66.2135627476766,86.1589624210176,83.98477844765016,52.276121295277335
2024-03-11,4062.0,4153.0,3958.45,4122.35,8808036,TCS,3768.1175000000003,265.3957532852354,2682.179202760145,1.020658220403381,0.9853602920664183,1.0074350795056217,0.9602411246012589,1.542799224674697,4.723629693441918,7.751834093295507,9639950.65,0.9137013580043586,9839063.6,0.8952108003448621,427727240,1.0451143132951133,4.719395490436284,194.55000000000018,72.30000000000018,122.25,194.55000000000018,170.29520757358253,1.3347331131530464,8.166933431292822,68.35071321181947,90.84976904465142,84.19080540042864,53.694055779637004
2024-03-18,4122.35,4254.75,4086.0,4152.5,14696716,TCS,3806.8149999999996,262.0064634096195,2686.20936754564,0.7313789464747034,0.9927393136664661,1.0246237206502107,0.9839855508729681,1.5051107178547312,4.64177274277325,7.719817499888901,10098644.9,1.4553156532912648,10366777.2,1.4176745305185108,442423956,1.0743709417017147,4.0638169777242625,168.75,132.39999999999964,36.350000000000364,168.75,170.08917989710486,1.3193758486009495,12.891825027866123,69.93895629825944,85.2186483556198,87.4091266070963,54.585865501395894
2024-03-25,4051.25,4058.0,3855.0,3910.9,20431189,TCS,3833.3475,242.69288231218306,2690.85835845542,-5.818181818181811,1.0358868802577412,1.0376128256922958,0.9857066148456877,-3.053010431376962,-1.070642567249933,1.8508519746344716,10804648.35,1.8909628835814911,13288989.6,1.5374524034543604,421992767,1.0217852104714655,5.19062108466082,203.0,94.5,297.5,297.5,187.07728924415753,0.31954995655885016,0.18187407141758705,47.77276962685935,43.047619047619065,73.03867881596342,45.3402401397633
2024-04-01,3875.0,3946.7,3829.4,3916.75,11290959,TCS,3862.6075000000005,212.39600072740302,2693.4246822698196,0.1495819376614138,0.9893406523265462,1.0076466458160465,0.9776983468436842,-1.9327279838424156,-0.7883013831637695,1.8309922525813802,11027231.9,1.0239159838472245,13551382.4,0.8331961025614626,433283726,1.0438068713527415,2.994829897236222,117.29999999999973,35.79999999999973,81.5,117.29999999999973,177.77365067826983,0.25491299183871163,1.453123178739335,48.23117216521383,44.016563146997925,57.42761018341227,45.418954009853806
2024-04-08,3890.0,4032.65,3851.0,3972.55,13449750,TCS,3885.255,197.52470658254674,2696.6064919456567,1.4246505393502362,0.9792198965400057,1.0151288215378031,0.9694025248266227,-0.3339605258947502,0.5377806390986631,2.9424200232067608,11224284.45,1.1982723762849756,13735330.0,0.9792083626676606,446733476,1.0702753454631673,4.572629671118049,181.6500000000001,115.90000000000009,65.75,181.6500000000001,178.29049725450056,0.44194471420980935,4.5132859773743705,52.79150377878762,53.25879917184268,46.77432712215322,47.31663710909945
2024-04-15,3984.0,4064.2,3918.0,3941.2,12534107,TCS,3909.46,170.04638422932848,2699.484965399966,-0.7891656492681087,1.0108596366588856,1.0312087689028722,0.9941134679792957,-0.7547066692281961,-0.21718682971437392,1.9895170949433698,11434748.6,1.0961418950653625,14480544.2,0.8655825932287822,434199369,1.035062313143403,3.709530092357653,146.19999999999982,91.64999999999964,54.55000000000018,146.19999999999982,174.0117642872338,0.1866549538459723,-0.8078926836634581,49.93966499832962,45.183566433566405,47.486309584135675,45.99822004995152
2024-04-22,3902.0,3936.0,3800.9,3864.6,11214336,TCS,3927.0675,142.82758862475785,2701.8909117056,-1.943570486146351,1.0096775862961238,1.0184753920198728,0.9835170522175646,-1.834506361117521,-1.8887876179986038,0.04295253757394026,11535744.5,0.9721380358242158,13784068.2,0.8135722950064916,422985033,1.005763481187166,3.4958339802308105,135.0999999999999,5.199999999999818,140.29999999999973,140.29999999999973,169.51686238226927,-0.43736298149034236,-6.214963477079138,43.33911523765345,18.04432307530723,38.828896226905435,43.033161822230134
2024-04-29,3877.05,3898.0,3802.55,3870.2,9131040,TCS,3938.4325000000003,127.21597081442937,2703.8519765906276,0.14490503544997146,1.0017699343703168,1.0071830913131106,0.9825202831894994,-1.1247710339129422,-1.492593655961106,0.17195360583842684,11593019.55,0.7876325887848605,11524038.4,0.792347238273694,432116073,1.0247281272855855,2.4662808123611137,95.44999999999982,33.40000000000009,62.04999999999973,95.44999999999982,159.64128073130001,-0.5363516826006983,-5.69228519908378,43.96387029551653,19.22067009767881,27.482853202184145,43.13653386011379
2024-05-06,3872.0,3939.95,3778.05,3921.05,9710187,TCS,3941.525,125.93382817552215,2706.0208203366287,1.3138855873081612,0.9874905956312722,1.0048201374631793,0.9635301768658905,0.1244413519423074,-0.1511918565473234,1.3443559611684677,11056975.3,0.8781955947753631,11207884.0,0.8663711187589023,441826260,1.0462878587183653,4.12899605972889,161.89999999999964,69.75,92.14999999999964,161.89999999999964,159.94244330045996,-0.16258538548881857,-1.9994751377763298,49.76704916234294,29.99790224459829,22.420965139194777,44.900954587342085
2024-05-13,3930.8,3988.0,3870.0,3947.8,7640098,TCS,3947.715,122.85810825156165,2707.759318734145,0.6822152229632339,0.9956938041440803,1.0101828866710572,0.9802928213182025,0.5341271531879932,0.45207873554567707,1.8451026807533233,11012923.3,0.6937393271412323,10045953.6,0.760514959973536,449466358,1.0608647754759337,2.9890065352854753,118.0,66.94999999999982,51.05000000000018,118.0,154.3501175270653,0.0006918550286155489,-3.2567941774695464,52.737969049602846,35.60939794419972,28.275990095492272,45.79582360538469
2024-05-20,3936.0,3945.8,3830.0,3851.45,7629607,TCS,3949.7324999999996,120.81087141193184,2709.3560616059026,-2.4405998277521768,1.021952771034286,1.024497267262979,0.9944306689688299,-1.302777365173211,-1.747086029079096,-0.5595282297607179,11061253.7,0.6897596969500844,9065053.6,0.8416505115866055,441836751,1.0395418354503643,3.0066598294149007,115.80000000000018,2.0,117.80000000000018,117.80000000000018,149.4767685234566,-0.8135236411372575,-6.5714944145936265,42.33268568726652,15.397524648625899,27.001608279141305,42.15370414315902
2024-05-27,3830.6,3908.35,3810.05,3847.05,8466017,TCS,3958.1699999999996,105.81869599010912,2711.115834134787,-0.11424268781886626,0.99572399630886,1.0159342873110564,0.9903822409378614,-0.9457604975407775,-1.5972493550783933,-0.6183297376264685,10995743.6,0.7699358322614944,8515389.8,0.9942019330694644,433370734,1.016236241182936,2.5552046373194974,98.29999999999973,56.90000000000009,41.399999999999636,98.29999999999973,142.65319938699568,-1.0500979903436518,-7.355809753160747,41.89711018724561,14.474512271869106,21.82714495489824,41.899138043569806
2024-06-03,3858.0,3870.0,3653.75,3702.85,19402891,TCS,3948.1225,119.86121192860747,2714.619129975511,-3.748326639892907,1.041900157986416,1.0451409049785976,0.9867399435569899,-3.2512592412266805,-4.7603559724739535,-4.158648059118762,11263086.4,1.7226975192164022,10569760.0,1.8356983507667155,413967843,0.9713212319675986,5.8400961421607684,216.25,22.949999999999818,193.30000000000018,216.25,152.46610613539627,-2.046304188431624,-5.319747372727512,30.161590005737352,8.169717138103147,12.680584686199383,36.40403396234093
2024-06-10,3700.0,3915.0,3591.5,3858.7,16810809,TCS,3948.025,119.93687978088101,2718.1099967045757,4.208920156095974,0.9588721590172856,1.014590406095317,0.9307538808406977,0.6126544723393504,-0.4535689175870312,0.04422150761511166,11574180.35,1.4524405609421838,11989884.4,1.4020826589454023,430778652,1.0081314100779375,8.383652525461944,323.5,212.1500000000001,111.34999999999991,323.5,175.27062531734344,-0.7447667486697404,-1.4820961256143517,48.241288539216946,40.286468149264955,20.976899186412403,41.96261390003607
2024-06-17,3845.0,3893.5,3827.45,3832.05,7389952,TCS,3949.5775000000003,118.12078839607506,2719.6021354773293,-0.6906471091300048,1.0033793922313121,1.016035803290667,0.9987995981263291,-0.052356691167766235,-0.9875772681820204,-0.596677738943488,11487254.75,0.6433174993355135,11939855.2,0.6189314590682808,423388700,0.9880610382026166,1.7236205164337672,66.05000000000018,34.80000000000018,31.25,66.05000000000018,160.70787527503103,-0.9949772736524113,-3.53677109161622,45.896956912616744,36.26837542404828,28.241520237138797,40.90480184622374
2024-06-24,3826.05,3877.8,3780.05,3816.8,12473970,TCS,3941.7525,121.59907967425642,2722.077359963703,-0.3979593168147555,1.002423496122406,1.015981974428841,0.9903715154055753,-0.30141016180911223,-1.1923478464840205,-0.9153935282763525,11573347.3,1.0778186877706504,12908727.8,0.9663206315342708,410914730,0.9588627881493705,2.561045902326556,97.75,45.75,52.0,97.75,152.3134919050269,-1.0275776785048596,-3.156399066274218,44.47007336611093,47.662365136450234,41.40573623658782,40.21644116869971
2024-07-01,3817.0,4001.7,3792.9,3978.2,12895503,TCS,3934.6275,114.53137638929425,2725.000055642918,4.228673234122815,0.9594791614297924,1.0059071942084359,0.9534211452415666,2.511953093426994,2.49697567590649,2.9139515734507815,11615215.05,1.1102250749976428,13794625.0,0.9348208450755277,423810233,0.9887671226562798,5.2486048966869365,208.79999999999973,184.89999999999964,23.90000000000009,208.79999999999973,159.84502631768996,0.38044159926879806,2.939502147699624,59.75078669151006,81.80664269092446,55.24579441714099,45.98898784467768
2024-07-08,3993.6,4047.35,3955.0,3993.2,10074146,TCS,3929.0975,108.44136722208286,2727.301076411683,0.37705494947464224,1.000100170289492,1.013560552939998,0.990433737353501,1.9187705426343522,2.454201134906013,3.0054238798566137,11827916.0,0.8517262043457191,11928876.0,0.8445176226159111,433884379,1.0102063741805882,2.3126815586497025,92.34999999999991,69.15000000000009,23.199999999999818,92.34999999999991,150.8456894753313,0.5911258926560843,3.1781303291819496,60.90445105982054,84.97990268669345,71.48297017135604,46.41581138719981
2024-07-15,3985.0,4240.0,3895.6,4169.2,27204900,TCS,3937.5049999999997,120.19488549848778,2734.3315372317106,4.407492737654017,0.9558188621318239,1.016981675141514,0.9343758994531325,4.039469527462894,5.63317031809597,6.508319841685814,12689211.25,2.143939403641026,14007694.2,1.9421397705840837,461089279,1.0667541767219324,8.260577568838148,344.4000000000001,246.80000000000018,97.59999999999991,344.4000000000001,176.65293087862048,1.9276610567836117,6.328661965544935,71.83425989622651,89.08249807247492,85.28968115003094,52.47602359957335
2024-07-22,4172.0,4358.75,4144.9,4287.35,13442625,TCS,3947.8375,140.34560806787624,2738.064188938575,2.8338770027823257,0.973095268639136,1.0166536438592604,0.9667743477905931,4.455954743434888,7.057469137320409,8.327684115742084,12734841.9,1.0555784756149975,15218228.8,0.8833238858913726,474531904,1.0908368817565735,4.987929606866721,213.85000000000036,189.55000000000018,24.300000000000182,213.85000000000036,181.61254009480447,2.4191173822539547,8.600992958103259,76.84781886284907,90.6940371456501,88.25214596827283,56.58325386674057
2024-07-29,4283.0,4431.0,4266.3,4381.1,12284356,TCS,3960.775,166.72623439889904,2741.6650250487514,2.1866654226970095,0.9776083631964574,1.0113898336034328,0.9737965351167515,4.333650996213366,7.753990088443012,9.431909441120096,12908657.9,0.9516369629719601,15180306.0,0.809229800769497,486816260,1.1115266888948543,3.759329848668138,164.69999999999982,143.64999999999964,21.050000000000182,164.69999999999982,179.35753474883052,2.5210489609832862,13.7519635461969,80.0922116790187,94.05598570577729,91.27750697463411,59.7970561674323
2024-08-05,4391.1,4419.3,4110.5,4155.05,11929294,TCS,3960.9024999999992,166.8814710749891,2744.6666459973258,-5.159663098308642,1.0568103873599597,1.0635973092983237,0.9892781073633289,-0.5806334653798356,2.344686787639337,4.129282900274043,12770286.8,0.9341445643961575,14987064.2,0.7959727029126893,474886966,1.0802854301588185,7.43192019349948,308.8000000000002,38.19999999999982,270.60000000000036,308.8000000000002,196.61653011565312,1.1633855978699978,8.00613457064503,57.62557980209709,67.12924359737941,83.95975548293559,51.38632613397702
2024-08-12,4170.95,4258.25,4160.0,4195.65,8121464,TCS,3975.1400000000003,174.36970599394698,2746.761481521062,0.9771242223318488,0.9941129503175908,1.0149202149845675,0.9915031044057536,0.2617693594831812,2.8197144669184397,4.635577841784943,12154800.55,0.6681692526826365,14596527.8,0.5563969809313143,483008430,1.0911875075638815,2.341711057881377,98.25,103.19999999999982,4.949999999999818,103.19999999999982,184.16099276689934,1.2646118701814755,13.308667647892825,59.953568838358365,71.96545562835016,77.71689497716895,52.748974682599425
2024-08-19,4213.0,4494.25,4183.0,4490.0,10234406,TCS,4003.8025000000002,208.11582584488758,2749.9272796366868,7.015599489947921,0.9383073496659243,1.000946547884187,0.9316258351893095,4.533525258072094,7.8776077002468385,9.980083219946843,12101972.9,0.8456807897826312,11202429.0,0.9135881155774341,493242836,1.1068122989098585,6.932071269487751,311.25,298.60000000000036,12.649999999999636,311.25,201.10619373131277,2.3361870632672184,16.360432269935465,72.5630836133737,99.52921628357797,79.54130516976919,63.27704493310118
2024-08-26,4505.0,4565.0,4455.0,4502.45,9592577,TCS,4030.2974999999997,235.81489756685832,2752.9052755970097,0.2772828507795033,1.000566358316028,1.0138924363402149,0.9894612932958723,3.1983369659842573,6.970577969284954,9.376585900142786,11909114.25,0.8054819862022904,10432419.4,0.9194968714543819,502835413,1.121279670942775,2.4431143044342525,110.0,75.0,35.0,110.0,188.9587012338044,2.002216589671292,17.494552524105877,72.97832444218943,93.57473035439135,88.35646742210649,63.55266706456416
2024-09-02,4505.0,4592.25,4457.3,4521.05,9766118,TCS,4059.29,258.8083016442751,2755.958890371123,0.41310841874979687,0.996449939726391,1.0157485539863527,0.9858992933057587,2.3977250524392586,6.302836498690799,8.936967095532337,11770714.8,0.8296962559996781,9928771.8,0.9836179334890142,512601531,1.1331518224878008,2.9849260680594067,134.94999999999982,89.80000000000018,45.149999999999636,134.94999999999982,181.75754106929713,1.7841776985758233,18.451320477887243,73.66536681465328,92.88533599800152,95.32976087865694,64.04635119180557
2024-09-09,4521.05,4555.9,4430.5,4449.55,7505678,TCS,4088.5375,268.5186800690906,2758.2037899304187,-1.5814910253149184,1.0160690406895079,1.023901293389219,0.9957186681799283,0.552900083278903,4.1118968279115355,6.850865554940405,11585281.9,0.6478632168631132,9044048.6,0.8299024399316033,505095853,1.1065174606862973,2.8182625209290744,125.39999999999964,34.849999999999454,90.55000000000018,125.39999999999964,174.24320226005747,1.3444595359515055,11.848323362324686,66.19970511326716,85.74069447914067,90.73358694384451,61.32056725628128
2024-09-16,4442.45,4549.35,4431.3,4513.25,8067632,TCS,4120.69,279.28264573818444,2760.7007679960684,1.4316054432470748,0.9843128565889325,1.0079986705810668,0.9818423530715117,1.3043308134276532,4.684509679714555,7.48510786997242,11532111.5,0.6995797777362801,9033282.2,0.8931008487701182,513163485,1.1142990289320902,2.615631750955524,118.05000000000018,99.80000000000018,18.25,118.05000000000018,166.75077529204987,1.4056011212669786,13.023389762596427,69.38879442444525,90.27333169170156,89.63312072294791,63.48204239737537
2024-09-23,4513.25,4535.8,4227.5,4268.5,14738921,TCS,4138.0625,277.007763464728,2764.609734337502,-5.422921398105574,1.057338643551599,1.0626215298114092,0.9903947522548905,-2.903163321431829,-0.669215352605298,1.9987269930046472,11783548.2,1.2508049994652715,9934185.2,1.4836567572748696,498424564,1.0756844375507113,7.222677755651873,308.3000000000002,22.550000000000182,285.75,308.3000000000002,185.6240052531099,0.4708803044670223,2.3817518948479277,48.924267829953415,60.13912829352376,78.71771815478867,54.39792267905341
2024-09-30,4251.65,4378.0,4240.0,4268.5,15205243,TCS,4154.097500000001,274.6868472868008,2768.621192398179,0.0,0.9960524774510952,1.0256530397094998,0.9933231814454726,-1.935442214287893,-0.5736131593759819,1.8321664102542725,12161805.45,1.2502455381737752,11056718.4,1.375203966486114,498424564,1.0700314569783462,3.232985826402718,138.0,109.5,28.5,138.0,179.2741378860286,0.41648335597427233,-0.43966552765695166,48.924267829953415,59.4983424032026,69.9702674628093,54.17421537189875
2024-10-07,4255.55,4298.0,4210.0,4272.85,9611566,TCS,4175.1675,266.28360093140117,2771.1532241268405,0.10190933583227313,0.9959511801256772,1.0058860011467754,0.9852908480288332,-1.2211108263708268,-0.40390594517137596,1.7710978531868748,12260903.4,0.7839198863600866,11025808.0,0.8717334820268955,508036130,1.0829703161106847,2.0595153117942355,88.0,29.5,58.5,88.0,167.1042528345581,0.3668363341126867,-2.4708406564561414,49.27823994088136,54.15201320605762,57.92982796759466,54.1903191349633
2024-10-14,4272.6,4295.0,4112.45,4136.65,12900019,TCS,4189.647500000001,255.14302102472894,2774.231177767044,-3.187568016663367,1.032864757714576,1.0382797674446715,0.9941498555594503,-3.035890296811624,-3.179763373293921,-1.3411820740235778,12482603.5,1.033439778808964,12104676.2,1.065705417217191,495136111,1.048568669847994,4.412991188522118,182.55000000000018,22.149999999999636,160.40000000000055,182.55000000000018,169.1636857899504,-0.20771683186609557,-0.4428346229287339,39.410782533857095,34.60130625134568,49.41722062020197,49.109779788775775
2024-10-21,4131.05,4169.95,4067.2,4079.85,11597734,TCS,4208.4974999999995,229.97007784479484,2776.8717093650102,-1.37309175298852,1.0125494809858206,1.0220841452504381,0.9968993958111205,-2.98024283512152,-3.956777435753677,-2.522723651841881,12092345.65,0.9590971293481013,12810696.6,0.9053164212787617,483538377,1.0165194042514465,2.5184749439317624,102.75,33.30000000000018,69.44999999999982,102.75,160.30852768462367,-0.5594097336733644,-2.76000143005255,35.94713646194097,2.4092943529187862,30.387537936774034,46.9225238688806
2024-10-28,4066.0,4134.0,3995.15,4090.85,9863479,TCS,4220.1050000000005,216.87086377064384,2779.1278895778732,0.26961775555474077,0.9939254678123128,1.0105479301367686,0.9766063287580821,-1.8022242697516906,-3.151924435108935,-2.059793502585814,11744979.15,0.839803874832762,11835608.2,0.8333732270725218,493401856,1.0304718527243564,3.3941601378686554,138.8499999999999,54.15000000000009,84.69999999999982,138.8499999999999,157.4473906600072,-0.5959998395021694,-8.889755011135858,37.18081776905788,16.027466086082708,17.67935556344906,47.19905533463473
2024-11-04,4095.85,4107.0,3913.25,3964.15,9545346,TCS,4226.71,206.17828488443757,2781.0937493769834,-3.0971558478066874,1.0332227589773344,1.0360354678808823,0.9871599207900811,-3.370647621627798,-5.527551409947088,-4.878291873217557,11852748.85,0.8053276181583819,10703628.8,0.8917859707541427,483856510,1.0041955017247761,4.88755470908013,193.75,16.15000000000009,177.5999999999999,193.75,162.28773857200625,-1.2734609764901488,-11.955713000699609,29.60316894739971,7.496318114874829,8.644359517958774,42.53924380967176
2024-11-11,3941.1,4234.3,3941.1,4198.7,11538482,TCS,4245.804999999999,182.54720939496247,2783.9308104371726,5.916779132979322,0.9386476766618239,1.0084788148712698,0.9386476766618239,1.6025987775143389,0.31498669552647784,0.8987685072885913,11805974.45,0.9773426199478181,11089012.0,1.04053291672874,495394992,1.0192075625881707,6.983113820944585,293.2000000000003,270.1500000000001,23.050000000000182,293.2000000000003,179.74270676240545,-0.2580428381026758,-7.129980867276419,50.95437936657299,42.03976435935196,21.854516186769832,50.81912180643096
2024-11-18,4216.0,4218.0,3990.2,4019.5,7825829,TCS,4247.87,179.57001595915858,2785.6056480936245,-4.267987710481814,1.0488866774474437,1.0493842517726086,0.9927105361363353,-1.856146040195815,-3.539345411439157,-3.2261422928415717,11552490.75,0.6774148683044823,10074174.0,0.7768209085926052,487569163,0.9965707150181083,5.667371563627322,227.80000000000018,19.300000000000182,208.5,227.80000000000018,186.15034586075143,-1.2717602032843855,-9.665022305626414,40.20467693495378,15.6480117820324,21.728031418753062,44.29537083796522
2024-11-25,4019.9,4328.1,4014.1,4315.1,11309300,TCS,4263.965,169.69702188558165,2788.5959083601806,7.354148525936077,0.9315890709369423,1.0030126764153786,0.9302449537670041,3.4142462502117237,3.045835941968628,3.524787598455746,11614248.45,0.9737435916484118,10016487.2,1.1290684822120074,498878463,1.0129581162690031,7.276772264837442,314.00000000000045,308.60000000000036,5.400000000000091,314.00000000000045,203.1969664126513,0.3013311573286067,-4.390406026699156,57.33599783198521,59.18262150220919,38.95679921453118,54.74095716282796
2024-12-02,4321.05,4377.4,4195.65,4276.65,9866575,TCS,4269.3375,168.23350538914588,2791.129697096146,-0.8910569859331363,1.0103819578408335,1.0235581588392784,0.9810599417768581,1.697249637650723,1.8635587614181381,2.435958842923397,10747332.2,0.9180487600448417,10017106.4,0.9849725665287932,489011888,0.9901175373525132,4.249821706242036,181.75,62.29999999999927,119.45000000000073,181.75,200.33737089096445,0.0434663712385071,0.19093358322594955,54.9722196078037,53.51988217967594,42.78350515463918,53.22290484922176
2024-12-09,4314.35,4489.0,4265.45,4452.15,12969020,TCS,4277.5775,173.1269297631191,2794.839035235418,4.103679281680761,0.9690486618824614,1.0082768999247556,0.9580652044517818,3.7148407942018973,4.913155328231882,5.758363510541198,10723651.95,1.2093846443794738,10701841.2,1.2118494152202521,501980908,1.0135597913937888,5.021169547297378,223.55000000000018,212.35000000000036,11.199999999999818,223.55000000000018,203.43238810550255,1.0083497711122014,4.302448166803319,63.00477469199046,83.85590912627401,65.51947093605305,59.298977288864904
2024-12-16,4426.15,4494.9,4394.4,4415.2,9250998,TCS,4279.2825,174.3636017025275,2797.41608866732,-0.8299360982895854,1.002480068853053,1.018051277405327,0.9952890016307302,1.9393652898933906,3.529192237450028,4.555533141911587,10571984.05,0.8750484257493748,10244344.4,0.9030346539306117,492729910,0.9942873065363274,2.2762275774596845,100.5,42.75,57.75,100.5,189.70806969143555,0.7795061507841597,3.331500052658054,60.38775329215488,78.91054865587165,72.09544665394054,57.831365090324724
2024-12-23,4410.0,4432.95,4114.9,4158.3,14128521,TCS,4279.445000000001,174.24320110573146,2800.7136071744203,-5.818535966660621,1.0605295433229924,1.0660486256402857,0.9895630425895197,-2.745884034671654,-2.083525293621487,-1.2292786072463666,10681945.4,1.32265429853255,11504882.8,1.2280456259841255,478601389,0.9654153371803337,7.648558305076598,318.0500000000002,17.75,300.3000000000002,318.0500000000002,206.82032706591085,-0.6952638566740356,0.5233703600739936,45.29465669129078,39.36230021685007,67.37625266633192,48.4728745326881
2024-12-30,4158.3,4218.0,4112.0,4158.8,4775619,TCS,4277.602499999999,175.36711679020448,2801.825008666806,0.01202414448211453,0.9998797730114456,1.0142348754448398,0.988746753871309,-1.8223541376318713,-1.7753589418237876,-1.1156824395987326,10514653.15,0.4541870218515006,10198146.6,0.4682830309578017,483377008,0.9750122772647649,2.5488121573530824,106.0,59.69999999999982,46.30000000000018,106.0,193.37761679045607,-0.6774502664722766,1.9351201637315185,45.32534474458547,42.21610934410734,53.49631940560969,48.43182522590462
2025-01-06,4135.0,4139.95,4032.05,4094.8,1555429,TCS,4257.8425,172.41531733378326,2802.169547740027,-1.5389054534961977,1.009817329295692,1.0110261795447884,0.984675686236202,-2.275863108915938,-2.885198530663999,-2.4714048188726134,10080704.3,0.154297651603569,8535917.4,0.18222165551883152,481821579,0.9729956216893441,2.635049330858641,107.89999999999964,18.850000000000364,126.75,126.75,184.49393455172861,-0.9456381400520313,0.09655695026706823,41.85741808562852,31.212928737213154,37.59711276605685,46.12963028245347
